rule_id,API_norm_MF,S_t_MF,SMI_t_MF,Pt_MF,delta_WL_t_MF,rule_output_constant
0,0,0,0,0,0,[-0.18909921  1.2094415   0.30278197  0.58029014  0.85493076  1.5199809 ]
1,0,0,0,0,1,[-0.5556668   0.6039376   0.48988432  0.7237142   0.06646232  0.9326301 ]
2,0,0,0,0,2,[-0.27707666 -0.12290763 -0.19961457  0.21305159  0.7342884  -0.11496408]
3,0,0,0,0,3,[-0.7017592   0.41450146  0.63453627  0.822241   -0.33441895  0.77211016]
4,0,0,0,0,4,[-0.12354805  0.64927554 -0.01881634  0.25979418  0.6888938   0.7644576 ]
5,0,0,0,1,0,[-0.3508448   1.0287178   0.07163557  0.31892508  0.24119484  1.2233706 ]
6,0,0,0,1,1,[-0.89634544  0.01249886  0.22482911  0.3926541  -0.67165995  0.17508622]
7,0,0,0,1,2,[-0.20428064  0.10228886 -0.38688838  0.08518089  0.3033392   0.04828719]
8,0,0,0,1,3,[-1.1550914  -0.44280553  0.3536722   0.44946772 -1.1393976  -0.28591636]
9,0,0,0,1,4,[-0.10022423  0.8328776  -0.16065332  0.13065591  0.2974533   0.895279  ]
10,0,0,0,2,0,[-0.19117342  0.6629613   0.12832825  0.30792898  0.31442586  0.8409745 ]
11,0,0,0,2,1,[-0.5005094   0.10704228  0.23622309  0.3751677  -0.25958848  0.2771914 ]
12,0,0,0,2,2,[-0.16346283 -0.05928217 -0.18340398  0.11517548  0.30788237 -0.0596575 ]
13,0,0,0,2,3,[-0.6385082  -0.11531921  0.32322115  0.42299592 -0.5518707   0.0598368 ]
14,0,0,0,2,4,[-0.07889696  0.44372922 -0.05276019  0.14102072  0.29559535  0.51210016]
15,0,0,0,3,0,[-0.11077946  1.0868787   0.27527374  0.54626626  0.7061807   1.4062587 ]
16,0,0,0,3,1,[-0.4480828   0.5003794   0.43370903  0.6656682   0.01048881  0.8305444 ]
17,0,0,0,3,2,[-0.16387329 -0.0047171  -0.15713513  0.23864138  0.6233326   0.05463419]
18,0,0,0,3,3,[-0.5896464   0.2927557   0.55567634  0.7450832  -0.3460704   0.64163214]
19,0,0,0,3,4,[-0.04942314  0.6437822  -0.00261779  0.2651258   0.57848364  0.78416175]
20,0,0,0,4,0,[-0.59884375  1.1373277   0.16229726  0.471874    0.43287662  1.3774204 ]
21,0,0,0,4,1,[-1.2896405  -0.09839907  0.37961078  0.5940884  -0.8211776   0.11446169]
22,0,0,0,4,2,[-0.49324155 -0.3336142  -0.48014668  0.09698662  0.4601889  -0.45382625]
23,0,0,0,4,3,[-1.5966657  -0.5932061   0.56065685  0.6891739  -1.4535598  -0.37130517]
24,0,0,0,4,4,[-0.28984445  0.7719373  -0.1860858   0.17801508  0.46966237  0.8207991 ]
25,0,0,1,0,0,[-0.1274243   1.3563821   0.47032833  0.7264963   1.1127801   1.8867233 ]
26,0,0,1,0,1,[-0.47968706  0.8304263   0.70700765  0.8970242   0.3163091   1.4223213 ]
27,0,0,1,0,2,[-0.27093276 -0.21155177 -0.137856    0.30528957  0.9269199  -0.07767423]
28,0,0,1,0,3,[-0.6151161   0.70295644  0.8808773   1.010035   -0.09017467  1.3451834 ]
29,0,0,1,0,4,[-0.11093162  0.64231426  0.05695257  0.34220463  0.84922695  0.8807325 ]
30,0,0,1,1,0,[-0.34241122  1.0831455   0.17226817  0.41642255  0.39980105  1.4303509 ]
31,0,0,1,1,1,[-0.89188737  0.12442814  0.37051073  0.50673    -0.53140414  0.47933573]
32,0,0,1,1,2,[-0.22432552 -0.04855926 -0.38590404  0.1476439   0.4141375  -0.04075667]
33,0,0,1,1,3,[-1.1509085  -0.28174984  0.5281838   0.57233983 -1.0089473   0.08902538]
34,0,0,1,1,4,[-0.1126771   0.7769707  -0.13107982  0.18619329  0.39105654  0.9142684 ]
35,0,0,1,2,0,[-0.16107522  0.7260991   0.22382773  0.39975402  0.45306632  1.0382812 ]
36,0,0,1,2,1,[-0.4675911   0.21330225  0.36227325  0.48097137 -0.13070078  0.54453063]
37,0,0,1,2,2,[-0.16054147 -0.13884227 -0.15490487  0.17778426  0.41046646 -0.06561602]
38,0,0,1,2,3,[-0.60281605  0.02631022  0.4676091   0.5357587  -0.4288554   0.37587085]
39,0,0,1,2,4,[-0.07321352  0.421945   -0.01231834  0.195444    0.3808516   0.564411  ]
40,0,0,1,3,0,[-0.03808808  1.2143786   0.42987308  0.69504267  0.9353938   1.743283  ]
41,0,0,1,3,1,[-0.36410293  0.69387805  0.631273    0.83743244  0.23221716  1.2715538 ]
42,0,0,1,3,2,[-0.13851453 -0.07768471 -0.09492388  0.34074256  0.7966542   0.10782021]
43,0,0,1,3,3,[-0.49804202  0.53769886  0.7781843   0.9282039  -0.1300997   1.1521449 ]
44,0,0,1,3,4,[-0.02298333  0.6408956   0.07018111  0.3537188   0.7222225   0.90190184]
45,0,0,1,4,0,[-0.59057313  1.2308637   0.32598025  0.6089522   0.67644304  1.7010161 ]
46,0,0,1,4,1,[-1.28003     0.08103281  0.6057116   0.75769985 -0.6020871   0.57874984]
47,0,0,1,4,2,[-0.5340712  -0.53422433 -0.45374948  0.17893222  0.63396776 -0.5475547 ]
48,0,0,1,4,3,[-1.5821602  -0.3409771   0.8254649   0.86764294 -1.2473792   0.19464397]
49,0,0,1,4,4,[-0.31592676  0.69945604 -0.12765017  0.25277987  0.61508894  0.8663111 ]
50,0,0,2,0,0,[-0.08668846  1.2751409   0.4512878   0.7385197   1.1442041   1.7794527 ]
51,0,0,2,0,1,[-0.36009234  0.93146574  0.7165511   0.91308933  0.4732309   1.5483463 ]
52,0,0,2,0,2,[-0.27913442 -0.3234112  -0.18986735  0.3233361   0.90444887 -0.26728025]
53,0,0,2,0,3,[-0.45433918  0.9029698   0.9114163   1.0269814   0.1360489   1.6059047 ]
54,0,0,2,0,4,[-0.12154797  0.49848807  0.02624742  0.35148376  0.8265911   0.6880489 ]
55,0,0,2,1,0,[-0.31870952  0.93745404  0.12745564  0.43158433  0.43829593  1.218428  ]
56,0,0,2,1,1,[-0.77672917  0.20568067  0.35844493  0.52652514 -0.35567534  0.5541164 ]
57,0,0,2,1,2,[-0.26312506 -0.2606216  -0.46876553  0.16626203  0.3841834  -0.38133183]
58,0,0,2,1,3,[-0.98650074 -0.07110794  0.54161805  0.5933107  -0.7563891   0.33727002]
59,0,0,2,1,4,[-0.14528728  0.5538585  -0.18388748  0.1970746   0.36960894  0.6065726 ]
60,0,0,2,2,0,[-0.13617112  0.65837145  0.20605384  0.41205198  0.48166978  0.94480324]
61,0,0,2,2,1,[-0.3860128   0.28166342  0.36448544  0.49628502 -0.01461388  0.6234484 ]
62,0,0,2,2,2,[-0.17272152 -0.23935334 -0.19573638  0.1929153   0.3981996  -0.22915226]
63,0,0,2,2,3,[-0.49128658  0.17026758  0.48477444  0.55168885 -0.26441595  0.5562302 ]
64,0,0,2,2,4,[-0.08489019  0.30600095 -0.0372138   0.20446935  0.3702273   0.40820485]
65,0,0,2,3,0,"[-1.0910433e-03  1.1355938e+00  4.1337985e-01  7.1087867e-01
  9.6787637e-01  1.6413176e+00]"
66,0,0,2,3,1,[-0.25687996  0.7799423   0.6402525   0.85677594  0.37494254  1.3801045 ]
67,0,0,2,3,2,[-0.14642935 -0.18939348 -0.14103529  0.3609988   0.7797323  -0.07394993]
68,0,0,2,3,3,[-0.354027    0.71430993  0.8059522   0.9481482   0.07354329  1.3833396 ]
69,0,0,2,3,4,[-0.03252667  0.5047841   0.04303407  0.36553463  0.70587045  0.72200644]
70,0,0,2,4,0,[-0.5417191   1.0934385   0.28436655  0.6289007   0.73814833  1.5032104 ]
71,0,0,2,4,1,[-1.1096133   0.23574097  0.60624397  0.7845103  -0.3525434   0.74986833]
72,0,0,2,4,2,[-0.56417555 -0.7426169  -0.5434958   0.20501226  0.6083003  -0.89454705]
73,0,0,2,4,3,[-1.3474413  -0.02448489  0.8575603   0.89618754 -0.89420235  0.5823197 ]
74,0,0,2,4,4,[-0.34403872  0.45702326 -0.18309532  0.26729     0.5927388   0.534473  ]
75,0,0,3,0,0,[-0.0878313  1.2613045  0.4577883  0.7148995  1.106976   1.7801642]
76,0,0,3,0,1,[-0.37619197  0.87250066  0.706054    0.8821169   0.4214987   1.4861194 ]
77,0,0,3,0,2,[-0.2574345  -0.26749942 -0.15282847  0.31244725  0.8926529  -0.16901644]
78,0,0,3,0,3,[-0.48070836  0.8129133   0.88733315  0.9914178   0.07409656  1.4985294 ]
79,0,0,3,0,4,[-0.10695922  0.53238744  0.046581    0.34105366  0.8145545   0.7473296 ]
80,0,0,3,1,0,[-0.308562    0.9558834   0.14864066  0.41649342  0.42127502  1.2650495 ]
81,0,0,3,1,1,[-0.77916545  0.17913434  0.3627739   0.5067564  -0.3864499   0.53709966]
82,0,0,3,1,2,[-0.23436886 -0.17590466 -0.41737068  0.15934625  0.39039293 -0.239396  ]
83,0,0,3,1,3,[-0.99767005 -0.12917821  0.5317817   0.5706309  -0.7972513   0.27354676]
84,0,0,3,1,4,[-0.1246733   0.6102995  -0.15309669  0.19048649  0.37128392  0.6989874 ]
85,0,0,3,2,0,[-0.13355596  0.6607087   0.21406478  0.39814997  0.46408582  0.959483  ]
86,0,0,3,2,1,[-0.39224637  0.25476956  0.36163363  0.47859234 -0.04126567  0.5971177 ]
87,0,0,3,2,2,[-0.15675332 -0.19282107 -0.16807505  0.18569633  0.39629394 -0.15183374]
88,0,0,3,2,3,[-0.5036138   0.12301563  0.47305873  0.531707   -0.29758137  0.500196  ]
89,0,0,3,2,4,[-0.07373109  0.33601233 -0.02140038  0.19785635  0.3668855   0.45698148]
90,0,0,3,3,0,[-0.00443291  1.1255866   0.41816524  0.68724954  0.9353242   1.6418407 ]
91,0,0,3,3,1,[-0.27295375  0.7308195   0.63039577  0.8271268   0.3298698   1.3259815 ]
92,0,0,3,3,2,[-0.13017778 -0.13922736 -0.10978763  0.3480348   0.76917946  0.01116009]
93,0,0,3,3,3,[-0.3787024   0.638258    0.78441995  0.9149264   0.01974948  1.2901626 ]
94,0,0,3,3,4,[-0.02188206  0.5354032   0.05990931  0.35381204  0.6950756   0.77311224]
95,0,0,3,4,0,[-0.5284671   1.1069041   0.30604315  0.60714394  0.708948    1.5485964 ]
96,0,0,3,4,1,[-1.1143707   0.18827361  0.60528547  0.75523764 -0.4004056   0.7096093 ]
97,0,0,3,4,2,[-0.5241327  -0.6374037  -0.48092964  0.19625434  0.61106586 -0.71894765]
98,0,0,3,4,3,[-1.3648995  -0.11469536  0.8379192   0.8621216  -0.95578885  0.47947532]
99,0,0,3,4,4,[-0.31527355  0.5261478  -0.14638491  0.258555    0.59124565  0.6474335 ]
100,0,0,4,0,0,[-0.12127905  1.3923231   0.4688906   0.7879649   1.2120292   1.9069746 ]
101,0,0,4,0,1,[-0.4385094   0.9730208   0.7471769   0.9764084   0.44920725  1.5934026 ]
102,0,0,4,0,2,[-0.31896764 -0.34261692 -0.21479893  0.3355813   0.9652858  -0.29490796]
103,0,0,4,0,3,[-0.55010533  0.91902256  0.9532511   1.1004105   0.06589219  1.6233722 ]
104,0,0,4,0,4,[-0.14273682  0.5643199   0.01820824  0.37072933  0.886168    0.75517666]
105,0,0,4,1,0,[-0.3658316   1.040434    0.13027105  0.45590916  0.4465675   1.3320045 ]
106,0,0,4,1,1,[-0.8863335   0.1877789   0.37011582  0.55766207 -0.45278758  0.5337578 ]
107,0,0,4,1,2,[-0.29130515 -0.2499445  -0.50310177  0.16702223  0.40525115 -0.37186435]
108,0,0,4,1,3,[-1.1253178  -0.14390898  0.56188273  0.6302683  -0.90722287  0.25495368]
109,0,0,4,1,4,[-0.16065319  0.6439993  -0.19921349  0.20435888  0.39194915  0.70255065]
110,0,0,4,2,0,[-0.16595727  0.7220679   0.21200745  0.43583786  0.5005274   1.0147538 ]
111,0,0,4,2,1,[-0.45183042  0.27827325  0.3772439   0.52639955 -0.06220557  0.6194493 ]
112,0,0,4,2,2,[-0.1970079  -0.24866231 -0.21557024  0.19733776  0.42035362 -0.24198489]
113,0,0,4,2,3,[-0.5729201   0.13935874  0.50382555  0.58675045 -0.3455058   0.521548  ]
114,0,0,4,2,4,[-0.09853313  0.35196343 -0.04523751  0.21323217  0.39316258  0.45612976]
115,0,0,4,3,0,[-0.02781578  1.2407415   0.42917895  0.7553994   1.0214509   1.7591336 ]
116,0,0,4,3,1,[-0.32377094  0.8127165   0.6667474   0.912737    0.3474894   1.4188044 ]
117,0,0,4,3,2,[-0.17501716 -0.19544858 -0.16145502  0.37462425  0.8298285  -0.08288787]
118,0,0,4,3,3,[-0.43752298  0.7201943   0.8416702   1.0123107   0.00511603  1.392537  ]
119,0,0,4,3,4,[-0.04644644  0.57028806  0.03705548  0.38432488  0.7544863   0.79192734]
120,0,0,4,4,0,[-0.61988974  1.2015309   0.28949684  0.66628164  0.7570939   1.6162757 ]
121,0,0,4,4,1,[-1.2677248   0.19544321  0.62478405  0.83329684 -0.4783961   0.69910645]
122,0,0,4,4,2,[-0.62623924 -0.78308135 -0.5915451   0.20444202  0.63828    -0.9494333 ]
123,0,0,4,4,3,[-1.5406929  -0.12566927  0.88908076  0.9546658  -1.0925314   0.46372682]
124,0,0,4,4,4,[-0.38199624  0.53767776 -0.20501918  0.27750888  0.62743956  0.6135972 ]
125,0,1,0,0,0,[-0.03095888  0.59940964  0.1955706   0.35047448  0.48075584  0.9062984 ]
126,0,1,0,0,1,[-0.20217332  0.32421637  0.32564256  0.42563927  0.12319132  0.6894968 ]
127,0,1,0,0,2,[-0.06781045 -0.02828659 -0.10530496  0.16788696  0.41321096  0.05496478]
128,0,1,0,0,3,[-0.27617034  0.23664878  0.4223537   0.47381836 -0.06167332  0.6430183 ]
129,0,1,0,0,4,[-0.01529572  0.32333606  0.00108441  0.17598732  0.37086692  0.45862746]
130,0,1,0,1,0,[-0.13588992  0.50318086  0.02237979  0.2113342   0.1656073   0.6972528 ]
131,0,1,0,1,1,[-0.3974514   0.03506357  0.14136066  0.25145274 -0.256562    0.26233202]
132,0,1,0,1,2,[-0.05601495  0.06549375 -0.2668264   0.09410711  0.18666857  0.05650048]
133,0,1,0,1,3,[-0.52752215 -0.17750154  0.23774372  0.2792137  -0.47603074  0.07596739]
134,0,1,0,1,4,[-0.02351461  0.3999587  -0.11861944  0.10422954  0.16906886  0.46518004]
135,0,1,0,2,0,[-0.04909328  0.33231834  0.0854592   0.20605443  0.19984202  0.5189103 ]
136,0,1,0,2,1,[-0.1954761   0.07744961  0.16514918  0.24214807 -0.06350187  0.29206738]
137,0,1,0,2,2,[-0.03179615 -0.00868738 -0.10648161  0.10890087  0.1902857   0.03899345]
138,0,1,0,2,3,[-0.2651382  -0.02615558  0.22648524  0.265072   -0.20007136  0.20822817]
139,0,1,0,2,4,[-0.00639973  0.22016868 -0.02701708  0.10958269  0.17069255  0.30326253]
140,0,1,0,3,0,[0.02059191 0.54596597 0.18624447 0.3510716  0.41654253 0.8587988 ]
141,0,1,0,3,1,[-0.13679315  0.27871266  0.29855126  0.4142171   0.10026296  0.6401235 ]
142,0,1,0,3,2,[-0.0018676   0.03065941 -0.07594296  0.196212    0.36722904  0.148042  ]
143,0,1,0,3,3,[-0.20883977  0.18218543  0.38132426  0.45225504 -0.06545605  0.5753051 ]
144,0,1,0,3,4,[0.03029142 0.32402715 0.01430159 0.19119743 0.32490903 0.47721332]
145,0,1,0,4,0,[-0.24324009  0.5595665   0.09428424  0.297441    0.2790926   0.83657044]
146,0,1,0,4,1,[-0.5714382  -0.00731945  0.25678253  0.36359134 -0.2973178   0.3225999 ]
147,0,1,0,4,2,[-0.18093334 -0.1344525  -0.30129865  0.11046635  0.28036594 -0.13982418]
148,0,1,0,4,3,[-0.72488064 -0.23704804  0.385936    0.41093704 -0.59175473  0.13535075]
149,0,1,0,4,4,[-0.10639247  0.37311617 -0.11794254  0.1353281   0.2624192   0.46445513]
150,0,1,1,0,0,[0.04158436 0.68273836 0.3365056  0.4657901  0.6647912  1.2064072 ]
151,0,1,1,0,1,[-0.12450595  0.44844532  0.5045548   0.5565687   0.30761057  1.0706323 ]
152,0,1,1,0,2,[-0.01925999 -0.06087144 -0.03984824  0.25290567  0.5588203   0.15951334]
153,0,1,1,0,3,[-0.19759664  0.3914107   0.62304133  0.61142343  0.11985512  1.0738237 ]
154,0,1,1,0,4,[0.02427124 0.32849553 0.07264122 0.2479931  0.48935622 0.59200436]
155,0,1,1,1,0,[-0.10469733  0.53145844  0.10000691  0.29311377  0.28194684  0.8737764 ]
156,0,1,1,1,1,[-0.37258065  0.0941631   0.25663418  0.3430343  -0.14583941  0.5090171 ]
157,0,1,1,1,2,[-0.03290985 -0.0085827  -0.26500723  0.15582941  0.27313894  0.04955839]
158,0,1,1,1,3,[-0.507863   -0.09307406  0.37778896  0.3746888  -0.36975616  0.36978912]
159,0,1,1,1,4,[-0.00679659  0.37301674 -0.0944984   0.1560944   0.24037787  0.51440835]
160,0,1,1,2,0,[-0.00491941  0.36959788  0.16646133  0.28448278  0.3041416   0.6902527 ]
161,0,1,1,2,1,[-0.15178297  0.1374174   0.27069238  0.32888275  0.03856698  0.5119229 ]
162,0,1,1,2,2,[ 0.00157095 -0.04221974 -0.07504739  0.17030245  0.27249363  0.08663407]
163,0,1,1,2,3,[-0.22328916  0.05157173  0.34668186  0.3547181  -0.10100216  0.45844954]
164,0,1,1,2,4,[0.01967876 0.21397126 0.01147473 0.16055378 0.23746008 0.37493026]
165,0,1,1,3,0,[0.10376821 0.6208269  0.31841505 0.47461215 0.58560413 1.1413988 ]
166,0,1,1,3,1,[-0.04944852  0.38784766  0.4643298   0.5513963   0.26955894  0.99261934]
167,0,1,1,3,2,[ 0.06004837  0.00624325 -0.0108838   0.29261085  0.50257707  0.25981054]
168,0,1,1,3,3,[-0.12172702  0.31681648  0.5661145   0.5943115   0.10072898  0.9695947 ]
169,0,1,1,3,4,[0.08005954 0.331692   0.08333617 0.27135402 0.43478495 0.6101395 ]
170,0,1,1,4,0,[-0.20135213  0.6111722   0.22816943  0.40810615  0.45823386  1.1170413 ]
171,0,1,1,4,1,[-0.5336606   0.08965145  0.4409549   0.48982432 -0.12517859  0.70124125]
172,0,1,1,4,2,[-0.15585946 -0.22846423 -0.26872793  0.190072    0.41705376 -0.11251292]
173,0,1,1,4,3,[-0.69103265 -0.10320884  0.60147005  0.5441598  -0.42572066  0.5785429 ]
174,0,1,1,4,4,[-0.08766995  0.34138802 -0.06346528  0.2033306   0.37393427  0.5576061 ]
175,0,1,2,0,0,[0.06176672 0.6393465  0.2881667  0.47728088 0.6714403  1.1068754 ]
176,0,1,2,0,1,[-0.06546253  0.49299952  0.4859057   0.57137793  0.3795531   1.1036912 ]
177,0,1,2,0,2,[-0.02476368 -0.12347665 -0.12644336  0.26508287  0.53077817 -0.01209243]
178,0,1,2,0,3,[-0.11821926  0.48464942  0.62892425  0.6274402   0.22970483  1.190549  ]
179,0,1,2,0,4,[0.01896282 0.2553652  0.01754501 0.2558046  0.46824333 0.44905847]
180,0,1,2,1,0,[-0.0961184   0.45183495  0.01966797  0.30525035  0.28129873  0.69548106]
181,0,1,2,1,1,[-0.3197184   0.12394907  0.21137036  0.3582899  -0.07442078  0.4929262 ]
182,0,1,2,1,2,[-0.05585923 -0.12496062 -0.39064685  0.16811442  0.22915746 -0.22893177]
183,0,1,2,1,3,"[-4.3103302e-01  4.1123910e-04  3.6292863e-01  3.9096999e-01
 -2.5534844e-01  4.6071389e-01]"
184,0,1,2,1,4,[-0.02488992  0.2578957  -0.17731564  0.16435476  0.21087934  0.29204607]
185,0,1,2,2,0,[0.00727304 0.33295262 0.12727451 0.2951329  0.3098662  0.6070512 ]
186,0,1,2,2,1,[-0.11191988  0.1663503   0.25256047  0.34173715  0.08990934  0.52609706]
187,0,1,2,2,2,[-0.00529316 -0.09764903 -0.1413884   0.18103181  0.25232798 -0.05328669]
188,0,1,2,2,3,[-0.16879125  0.11763903  0.34625334  0.36823022 -0.02302827  0.53506505]
189,0,1,2,2,4,[ 0.01391441  0.15473376 -0.03134967  0.16793482  0.22352578  0.26095396]
190,0,1,2,3,0,[0.12375104 0.5796918  0.27522007 0.48949468 0.5940845  1.0502801 ]
191,0,1,2,3,1,[0.00522121 0.42626587 0.44779146 0.56921226 0.3356115  1.0211598 ]
192,0,1,2,3,2,[ 0.05637262 -0.05473367 -0.08856246  0.30757084  0.47929367  0.10101705]
193,0,1,2,3,3,[-0.048902    0.39974415  0.5716601   0.6130304   0.20023912  1.0741187 ]
194,0,1,2,3,4,[0.07649017 0.26316857 0.03394923 0.28165197 0.41801485 0.47915778]
195,0,1,2,4,0,[-0.18101099  0.53407764  0.14124781  0.42349097  0.46819428  0.9355034 ]
196,0,1,2,4,1,[-0.45429066  0.15321822  0.39833835  0.50990975 -0.01757986  0.7274012 ]
197,0,1,2,4,2,[-0.17558314 -0.34591207 -0.41251016  0.20608398  0.37209633 -0.41392985]
198,0,1,2,4,3,[-0.58031416  0.039849    0.5962268   0.5658858  -0.26113912  0.73772573]
199,0,1,2,4,4,[-0.10402109  0.21572155 -0.15685728  0.21369429  0.34257933  0.31193128]
200,0,1,3,0,0,[0.06165068 0.6338793  0.31095475 0.4643817  0.65975726 1.1289095 ]
201,0,1,3,0,1,[-0.07339077  0.4655526   0.4936286   0.554372    0.35838455  1.0868394 ]
202,0,1,3,0,2,[-0.01336948 -0.09504744 -0.07983969  0.25899628  0.5342706   0.06825765]
203,0,1,3,0,3,[-0.13135487  0.4420481   0.6237566   0.607868    0.20145041  1.1443553 ]
204,0,1,3,0,4,[0.02659512 0.2725672  0.04673677 0.24997024 0.46887347 0.49961215]
205,0,1,3,1,0,[-0.09002833  0.46270454  0.05627726  0.29636285  0.2818385   0.74739623]
206,0,1,3,1,1,[-0.320028    0.11288588  0.23171975  0.3467739  -0.08316685  0.50442654]
207,0,1,3,1,2,[-0.04054108 -0.08170263 -0.3286176   0.16363598  0.24429643 -0.1177883 ]
208,0,1,3,1,3,[-0.43563727 -0.02608799  0.36876193  0.37784854 -0.2713743   0.44080922]
209,0,1,3,1,4,[-0.01389754  0.28661507 -0.13711786  0.16018687  0.22018267  0.36534038]
210,0,1,3,2,0,[0.00849384 0.33485547 0.14542758 0.28664652 0.30575427 0.6295381 ]
211,0,1,3,2,1,[-0.11526153  0.15400429  0.26062787  0.33113587  0.07976869  0.5229132 ]
212,0,1,3,2,2,[ 0.00260965 -0.07420348 -0.10729848  0.17614475  0.25781783  0.00735813]
213,0,1,3,2,3,[-0.17514558  0.09536321  0.3455462   0.35639402 -0.0377519   0.5123087 ]
214,0,1,3,2,4,[ 0.0193963   0.16977999 -0.00971402  0.16357468  0.22636901  0.30001745]
215,0,1,3,3,0,[0.12119988 0.57534784 0.29436794 0.47520387 0.5830939  1.0680361 ]
216,0,1,3,3,1,[-0.00394925  0.40287265  0.453782    0.5515884   0.3164156   1.0050675 ]
217,0,1,3,3,2,[ 0.0636987  -0.02978079 -0.04853794  0.29898942  0.48152298  0.16961914]
218,0,1,3,3,3,[-0.06233982  0.36324576  0.56642497  0.5934993   0.17500521  1.0326208 ]
219,0,1,3,3,4,[0.08113208 0.27826455 0.058846   0.27407324 0.41785794 0.52197015]
220,0,1,3,4,0,[-0.17266442  0.54332465  0.18323831  0.41160572  0.46475586  0.9930922 ]
221,0,1,3,4,1,[-0.45523733  0.13273197  0.4191439   0.49377233 -0.03351664  0.7311665 ]
222,0,1,3,4,2,[-0.15388244 -0.29193845 -0.33714896  0.20121269  0.38834342 -0.27675924]
223,0,1,3,4,3,[-0.5876281  -0.0015579   0.5984297   0.54703224 -0.28681725  0.7000231 ]
224,0,1,3,4,4,[-0.08841015  0.25111744 -0.10852014  0.20880319  0.35234314  0.40166494]
225,0,1,4,0,0,[0.04590917 0.69718444 0.2977307  0.50230944 0.70406157 1.1765223 ]
226,0,1,4,0,1,[-0.10187326  0.5154189   0.5025953   0.60327965  0.369204    1.1354296 ]
227,0,1,4,0,2,[-0.04234022 -0.12847793 -0.13806178  0.27239513  0.5611332  -0.01519097]
228,0,1,4,0,3,[-0.16303343  0.49462426  0.6514574   0.6642685   0.19751176  1.2087826 ]
229,0,1,4,0,4,[0.00931361 0.28844565 0.01402091 0.26600578 0.49645096 0.48699942]
230,0,1,4,1,0,[-0.11842991  0.50413144  0.02183951  0.31821424  0.2872599   0.7613594 ]
231,0,1,4,1,1,[-0.37166125  0.11940631  0.21858685  0.37471342 -0.11856326  0.49568635]
232,0,1,4,1,2,[-0.06824404 -0.11463579 -0.40712568  0.16981739  0.2426779  -0.2110662 ]
233,0,1,4,1,3,[-0.49719793 -0.03065188  0.37465045  0.410243   -0.32558706  0.43271795]
234,0,1,4,1,4,[-0.03210222  0.30325377 -0.18456686  0.16878045  0.22300196  0.34608418]
235,0,1,4,2,0,[-0.00626545  0.3652302   0.13113403  0.30797854  0.31992847  0.64785284]
236,0,1,4,2,1,[-0.14245689  0.16714881  0.260223    0.35775363  0.0686088   0.5323621 ]
237,0,1,4,2,2,[-0.015687   -0.09884034 -0.15042882  0.18462065  0.26476654 -0.05106217]
238,0,1,4,2,3,[-0.207018    0.10512656  0.35718784  0.38663563 -0.06042304  0.52616113]
239,0,1,4,2,4,[ 0.00788618  0.17811272 -0.03477988  0.17319416  0.23510319  0.28896722]
240,0,1,4,3,0,[0.11251078 0.63217175 0.28451735 0.51312554 0.6209448  1.1162452 ]
241,0,1,4,3,1,[-0.0249      0.4448122   0.46295768  0.59850025  0.32441527  1.0504942 ]
242,0,1,4,3,2,[ 0.04489148 -0.0534417  -0.09734289  0.31644765  0.50544626  0.10761693]
243,0,1,4,3,3,[-0.08712642  0.40519747  0.5915956   0.64625144  0.16948554  1.0888392 ]
244,0,1,4,3,4,[0.07095489 0.29629454 0.03193014 0.29235846 0.44188726 0.51926327]
245,0,1,4,4,0,[-0.21850066  0.58895594  0.14469299  0.44258368  0.47836223  1.0026748 ]
246,0,1,4,4,1,[-0.5294817   0.13852647  0.40937135  0.53480077 -0.07572262  0.71810174]
247,0,1,4,4,2,[-0.2042545  -0.35908595 -0.43566474  0.20705968  0.38924223 -0.42496634]
248,0,1,4,4,3,[-0.6724833  -0.00417995  0.61408     0.59557384 -0.35402134  0.6951204 ]
249,0,1,4,4,4,[-0.12234399  0.25668547 -0.16734506  0.21939781  0.3596123   0.35864118]
250,0,2,0,0,0,[-0.16960491  0.84240705  0.21575513  0.43250614  0.62348664  1.0395743 ]
251,0,2,0,0,1,[-0.45734927  0.37503016  0.36033675  0.5419963   0.01131368  0.591194  ]
252,0,2,0,0,2,[-0.24058379 -0.2122019  -0.17416729  0.14983876  0.52120024 -0.2542209 ]
253,0,2,0,0,3,[-0.5683678   0.24021031  0.47425422  0.6180045  -0.29443786  0.486248  ]
254,0,2,0,0,4,[-0.11251784  0.4264977  -0.02892443  0.18922736  0.50409913  0.48149997]
255,0,2,0,1,0,[-0.29119065  0.688445    0.04304786  0.23420374  0.14521584  0.79319453]
256,0,2,0,1,1,[-0.7155364  -0.09375935  0.16290578  0.29009306 -0.5599429  -0.00465203]
257,0,2,0,1,2,[-0.1835032  -0.05950469 -0.31557098  0.05429331  0.17957094 -0.15786685]
258,0,2,0,1,3,[-0.9123341  -0.43030173  0.26546502  0.3340153  -0.9143813  -0.33444297]
259,0,2,0,1,4,[-0.09272633  0.55597216 -0.1351304   0.09208683  0.19628124  0.56524324]
260,0,2,0,2,0,[-0.16325407  0.44725546  0.08856109  0.22623508  0.21740551  0.5556078 ]
261,0,2,0,2,1,[-0.40488952  0.01858977  0.17230862  0.2773414  -0.22716601  0.1253816 ]
262,0,2,0,2,2,[-0.144497   -0.12938261 -0.15421544  0.07797262  0.20495501 -0.16413678]
263,0,2,0,2,3,[-0.5099412  -0.14459008  0.24118622  0.31437087 -0.44949132 -0.02784206]
264,0,2,0,2,4,[-0.07240645  0.28973237 -0.04947759  0.1004185   0.20834865  0.31859294]
265,0,2,0,3,0,[-0.10847015  0.7575023   0.19575736  0.40501574  0.51137763  0.96424514]
266,0,2,0,3,1,[-0.37297827  0.30486953  0.31822902  0.4959244  -0.02834689  0.5246349 ]
267,0,2,0,3,2,[-0.15219392 -0.10849364 -0.14002411  0.16848351  0.43893048 -0.10791332]
268,0,2,0,3,3,[-0.48065504  0.15477636  0.41438672  0.55724144 -0.29998538  0.39603785]
269,0,2,0,3,4,[-0.05489483  0.4302839  -0.01543309  0.19242695  0.42062134  0.50677395]
270,0,2,0,4,0,[-0.48852497  0.74386126  0.10864095  0.3485388   0.28576827  0.8757367 ]
271,0,2,0,4,1,[-1.0278311  -0.20919152  0.2774135   0.44130468 -0.68554205 -0.0886604 ]
272,0,2,0,4,2,[-0.41295612 -0.4323368  -0.39215446  0.05984437  0.29096752 -0.590533  ]
273,0,2,0,4,3,[-1.2618691  -0.57324344  0.4206818   0.51469815 -1.1669115  -0.4329972 ]
274,0,2,0,4,4,[-0.24287987  0.48604456 -0.1580379   0.12593164  0.32457137  0.47911707]
275,0,2,1,0,0,[-0.123488    0.94409287  0.34586325  0.53944224  0.82188576  1.3139693 ]
276,0,2,1,0,1,[-0.3998489   0.5379613   0.5275793   0.66942996  0.2030268   0.9593093 ]
277,0,2,1,0,2,[-0.23893902 -0.29299018 -0.1245096   0.21584122  0.6686252  -0.23386797]
278,0,2,1,0,3,[-0.50183606  0.451872    0.6634029   0.7566712  -0.10693394  0.9191484 ]
279,0,2,1,0,4,[-0.10449404  0.41189465  0.03080342  0.24863446  0.62769663  0.56499654]
280,0,2,1,1,0,[-0.2840579   0.72093415  0.12627964  0.30493778  0.27133456  0.95192564]
281,0,2,1,1,1,[-0.71049666 -0.01652609  0.27979964  0.3733391  -0.44821241  0.22873424]
282,0,2,1,1,2,[-0.20104574 -0.18734793 -0.30831915  0.09848694  0.26759937 -0.2289146 ]
283,0,2,1,1,3,[-0.9062628  -0.31388262  0.40374348  0.424078   -0.81007195 -0.04593891]
284,0,2,1,1,4,[-0.1029041   0.5048391  -0.10750794  0.1317217   0.27145708  0.5788594 ]
285,0,2,1,2,0,[-0.14092442  0.48880348  0.16404352  0.2926862   0.32515246  0.7040857 ]
286,0,2,1,2,1,[-0.38001803  0.09342996  0.2706026   0.35434797 -0.12722847  0.32731378]
287,0,2,1,2,2,[-0.14451207 -0.19880769 -0.12971304  0.122324    0.284292   -0.17281629]
288,0,2,1,2,3,[-0.48224947 -0.04174506  0.35313097  0.39679077 -0.3540018   0.21196589]
289,0,2,1,2,4,[-0.06920667  0.26713338 -0.01649008  0.13924268  0.27487606  0.35615954]
290,0,2,1,3,0,[-0.05485069  0.845378    0.31569803  0.5132957   0.687542    1.2163333 ]
291,0,2,1,3,1,[-0.31038454  0.44354627  0.47026518  0.62155056  0.14156006  0.8559038 ]
292,0,2,1,3,2,[-0.136521   -0.17609343 -0.09024965  0.24147867  0.5714262  -0.07467893]
293,0,2,1,3,3,[-0.41141716  0.333992    0.58503956  0.6916406  -0.13443801  0.78124005]
294,0,2,1,3,4,[-0.03687694  0.4197447   0.04184808  0.25612998  0.5312872   0.59186685]
295,0,2,1,4,0,[-0.4808715   0.8026188   0.24090283  0.44855043  0.47761098  1.1221296 ]
296,0,2,1,4,1,[-1.0182866  -0.08411546  0.45628297  0.5613695  -0.51315385  0.2651343 ]
297,0,2,1,4,2,[-0.44635838 -0.6024949  -0.3644892   0.11802799  0.42754543 -0.667177  ]
298,0,2,1,4,3,"[-1.2471471e+00 -3.9049417e-01  6.2833726e-01  6.4623553e-01
 -1.0043584e+00 -1.7933972e-04]"
299,0,2,1,4,4,[-0.26321492  0.41916853 -0.10761339  0.17952931  0.44002587  0.5117095 ]
300,0,2,2,0,0,[-0.09145966  0.88515496  0.3322336   0.546378    0.8492345   1.2389113 ]
301,0,2,2,0,1,[-0.30593276  0.62016094  0.53566337  0.6794417   0.32760307  1.0638945 ]
302,0,2,2,0,2,[-0.24555826 -0.37304044 -0.16302948  0.22777231  0.6550098  -0.3689835 ]
303,0,2,2,0,3,[-0.37553257  0.60995394  0.68743694  0.76742715  0.0710233   1.1264348 ]
304,0,2,2,0,4,[-0.11294445  0.30377412  0.00815867  0.25412154  0.6126481   0.42258388]
305,0,2,2,1,0,[-0.2643572   0.6153105   0.09422345  0.31498498  0.3072731   0.80216736]
306,0,2,2,1,1,[-0.6188942   0.05375892  0.27262738  0.3869368  -0.3060961   0.29985258]
307,0,2,2,1,2,[-0.23091218 -0.34178543 -0.36920133  0.11144242  0.25145245 -0.474272  ]
308,0,2,2,1,3,[-0.77589434 -0.14433433  0.41590136  0.43863186 -0.60902494  0.157331  ]
309,0,2,2,1,4,[-0.12795305  0.3375976  -0.14610171  0.13892546  0.2598064   0.35218924]
310,0,2,2,2,0,[-0.12126587  0.43984652  0.15144317  0.30053458  0.35011926  0.63865316]
311,0,2,2,2,1,[-0.31584868  0.14990532  0.2731801   0.36450505 -0.03453708  0.39466342]
312,0,2,2,2,2,[-0.1541994  -0.27146012 -0.15974659  0.13255623  0.27816525 -0.28997102]
313,0,2,2,2,3,[-0.39450893  0.07273271  0.3670493   0.40747747 -0.22413707  0.3566485 ]
314,0,2,2,2,4,[-0.07843152  0.18008092 -0.03469572  0.14501452  0.2689473   0.24093111]
315,0,2,2,3,0,[-0.02635711  0.78785706  0.30368695  0.5228443   0.71528774  1.1441902 ]
316,0,2,2,3,1,[-0.22676957  0.5136963   0.4775955   0.63377285  0.25467852  0.94588006]
317,0,2,2,3,2,[-0.14349112 -0.25686547 -0.12461501  0.25474653  0.56162804 -0.2053262 ]
318,0,2,2,3,3,[-0.29884064  0.47360247  0.6066445   0.70441157  0.02557727  0.96474123]
319,0,2,2,3,4,[-0.04492362  0.31716898  0.02166472  0.26330933  0.5207868   0.45836627]
320,0,2,2,4,0,[-0.44099498  0.7044725   0.21213312  0.46188036  0.53234196  0.9858205 ]
321,0,2,2,4,1,[-0.88293827  0.04406226  0.45950994  0.57994795 -0.3130103   0.41300014]
322,0,2,2,4,2,[-0.46902728 -0.7520449  -0.42968294  0.13646859  0.41575968 -0.91369843]
323,0,2,2,4,3,[-1.061245   -0.13823076  0.65545803  0.66619897 -0.7245757   0.31269735]
324,0,2,2,4,4,[-0.2844526   0.23788196 -0.14753634  0.18926165  0.42831197  0.26849222]
325,0,2,3,0,0,[-0.09122314  0.87697244  0.33835763  0.5293101   0.82137525  1.2435238 ]
326,0,2,3,0,1,[-0.31743768  0.57679486  0.5285776   0.656753    0.28847593  1.0194701 ]
327,0,2,3,0,2,[-0.22725496 -0.32697025 -0.13317062  0.22041096  0.6470064  -0.28853244]
328,0,2,3,0,3,[-0.39528197  0.5421634   0.6696721   0.7411771   0.02380094  1.046483  ]
329,0,2,3,0,4,[-0.10059355  0.33220258  0.02477645  0.24691774  0.6040596   0.4718314 ]
330,0,2,3,1,0,[-0.2556314   0.63187104  0.11152678  0.30418125  0.29448652  0.841791  ]
331,0,2,3,1,1,[-0.62023264  0.0350187   0.276718    0.3725651  -0.32969502  0.28951406]
332,0,2,3,1,2,[-0.207155   -0.27331492 -0.32823667  0.10686566  0.25699657 -0.3599956 ]
333,0,2,3,1,3,[-0.7843953  -0.18798302  0.40878376  0.42199805 -0.6406924   0.10999694]
334,0,2,3,1,4,[-0.11101354  0.3834606  -0.12144861  0.13445787  0.26147482  0.4269537 ]
335,0,2,3,2,0,[-0.11849707  0.4432791   0.15831606  0.29062733  0.33698493  0.6525867 ]
336,0,2,3,2,1,[-0.32008314  0.1304782   0.27157938  0.35170388 -0.05475214  0.37653574]
337,0,2,3,2,2,[-0.1407673  -0.23354526 -0.13754682  0.12773846  0.27733117 -0.22717376]
338,0,2,3,2,3,[-0.40369028  0.03726334  0.35845745  0.39289027 -0.24953821  0.31506607]
339,0,2,3,2,4,[-0.06905871  0.20477597 -0.02188939  0.14051588  0.26674244  0.2809007 ]
340,0,2,3,3,0,[-0.02773343  0.7823927   0.30850297  0.50589174  0.6910162   1.1484262 ]
341,0,2,3,3,1,[-0.23816021  0.47770613  0.47102064  0.61222106  0.22066543  0.90750146]
342,0,2,3,3,2,[-0.12934098 -0.21547614 -0.09921621  0.2459184   0.5545518  -0.135264  ]
343,0,2,3,3,3,[-0.31716517  0.41643807  0.5908769   0.6800754  -0.01536167  0.8955875 ]
344,0,2,3,3,4,[-0.03557178  0.34285536  0.03562185  0.25520793  0.5131458   0.50112015]
345,0,2,3,4,0,[-0.42971885  0.71799356  0.22985186  0.4461607   0.5102895   1.0254133 ]
346,0,2,3,4,1,[-0.88592875  0.0099268   0.45957628  0.55849767 -0.34963107  0.3856356 ]
347,0,2,3,4,2,[-0.43629086 -0.6668955  -0.38004678  0.1306549   0.4188141  -0.7724801 ]
348,0,2,3,4,3,[-1.0745348  -0.20603174  0.64080566  0.64103854 -0.77210647  0.23593079]
349,0,2,3,4,4,[-0.26104254  0.294232   -0.11828274  0.18329692  0.42762396  0.35988614]
350,0,2,4,0,0,[-0.12109759  0.96602625  0.34322172  0.5836932   0.8970348   1.3217008 ]
351,0,2,4,0,1,[-0.36997816  0.6428575   0.5569434   0.727371    0.30419403  1.0840136 ]
352,0,2,4,0,2,[-0.27940932 -0.4006812  -0.18539058  0.23635206  0.69638103 -0.4100559 ]
353,0,2,4,0,3,[-0.45284188  0.6143429   0.7177866   0.823152    0.01248367  1.1276792 ]
354,0,2,4,0,4,"[-1.3138628e-01  3.4655869e-01 -2.5109548e-04  2.6832846e-01
  6.5510899e-01  4.6146202e-01]"
355,0,2,4,1,0,[-0.3036831   0.6829449   0.09362794  0.33307454  0.30779916  0.8705931 ]
356,0,2,4,1,1,[-0.706939    0.02852583  0.27929938  0.410203   -0.3868756   0.2666156 ]
357,0,2,4,1,2,[-0.25591323 -0.34931296 -0.39927337  0.11132251  0.26035208 -0.49163902]
358,0,2,4,1,3,[-0.886266   -0.21015356  0.42978176  0.46639258 -0.7304247   0.0795901 ]
359,0,2,4,1,4,[-0.14192927  0.39730933 -0.1603864   0.14403114  0.27229166  0.41015488]
360,0,2,4,2,0,[-0.14623746  0.48202187  0.1542567   0.31826183  0.36131388  0.6812829 ]
361,0,2,4,2,1,[-0.36900282  0.1404751   0.281457    0.3870568  -0.0747372   0.38107094]
362,0,2,4,2,2,[-0.17506503 -0.2879662  -0.17726485  0.13532725  0.29107457 -0.31433198]
363,0,2,4,2,3,[-0.45976093  0.0430795   0.3805068   0.4338511  -0.2897722   0.32122895]
364,0,2,4,2,4,[-0.090369    0.2097426  -0.04243063  0.15129913  0.2839838   0.26848173]
365,0,2,4,3,0,[-0.04961472  0.86046505  0.31350392  0.5563305   0.75248563  1.2210182 ]
366,0,2,4,3,1,[-0.28153205  0.5306321   0.49589854  0.6759988   0.22911169  0.962581  ]
367,0,2,4,3,2,[-0.16834694 -0.27298543 -0.14323974  0.26437402  0.5951669  -0.23007403]
368,0,2,4,3,3,[-0.3662994   0.47101557  0.632453    0.7529639  -0.03115112  0.960874  ]
369,0,2,4,3,4,[-0.05754544  0.3605767   0.01502877  0.27714404  0.55504954  0.5006466 ]
370,0,2,4,4,0,[-0.50524926  0.7730725   0.21260397  0.48980695  0.54006547  1.0494835 ]
371,0,2,4,4,1,[-1.0097005  -0.0015069   0.47077805  0.61655366 -0.41729778  0.3519923 ]
372,0,2,4,4,2,[-0.52114546 -0.8030373  -0.47117302  0.13506775  0.4302482  -0.9862834 ]
373,0,2,4,4,3,[-1.2149092  -0.22863132  0.6774203   0.7102809  -0.8839277   0.20325592]
374,0,2,4,4,4,[-0.3165057   0.28780207 -0.16750842  0.19644871  0.44963375  0.3099282 ]
375,0,3,0,0,0,[-0.04331063  0.6387466   0.17506963  0.3159561   0.47216478  0.8804842 ]
376,0,3,0,0,1,[-0.22302079  0.34124872  0.28281873  0.38790637  0.09917019  0.6148124 ]
377,0,3,0,0,2,[-0.08050288 -0.00569208 -0.09229451  0.13654128  0.4057483   0.0595045 ]
378,0,3,0,0,3,[-0.29918203  0.24427429  0.36428815  0.43525028 -0.09313732  0.5426935 ]
379,0,3,0,0,4,[-0.02028116  0.3583787   0.00110988  0.15111428  0.3714268   0.4683408 ]
380,0,3,0,1,0,[-0.13142571  0.5515594   0.03325776  0.18403018  0.16537063  0.71076864]
381,0,3,0,1,1,[-0.40054598  0.05195968  0.12761194  0.22153619 -0.26977122  0.22009386]
382,0,3,0,1,2,[-0.05360293  0.10337906 -0.21813637  0.06923436  0.18581311  0.10754037]
383,0,3,0,1,3,[-0.53239626 -0.17495905  0.20549905  0.24868327 -0.4951319   0.00355859]
384,0,3,0,1,4,[-0.01510718  0.4496064  -0.09273499  0.08471606  0.17459898  0.5121788 ]
385,0,3,0,2,0,[-0.05794229  0.35812047  0.07637861  0.17771272  0.19215626  0.5039808 ]
386,0,3,0,2,1,[-0.21001482  0.08505671  0.14074047  0.21170926 -0.08072355  0.24248517]
387,0,3,0,2,2,[-0.040827    0.00853709 -0.09212624  0.08294442  0.18301597  0.04675128]
388,0,3,0,2,3,[-0.28098196 -0.02653074  0.19135855  0.23436536 -0.22157733  0.14066319]
389,0,3,0,2,4,[-0.00965702  0.2461219  -0.02297316  0.08914945  0.16928741  0.31403688]
390,0,3,0,3,0,[-0.00199414  0.57506293  0.1620396   0.30675203  0.39889294  0.81918806]
391,0,3,0,3,1,[-0.16744693  0.2865251   0.25423115  0.36667082  0.06925445  0.5561586 ]
392,0,3,0,3,2,[-0.02335105  0.04741108 -0.06948951  0.1559066   0.35137224  0.13819063]
393,0,3,0,3,3,[-0.24126834  0.18089128  0.3235145   0.40429834 -0.10242188  0.46876156]
394,0,3,0,3,4,[0.01786136 0.35256356 0.01018011 0.15930285 0.31793872 0.47487777]
395,0,3,0,4,0,[-0.2365097   0.6233309   0.0940465   0.2652055   0.28107488  0.84334236]
396,0,3,0,4,1,[-0.5761618   0.01722707  0.22467348  0.32739523 -0.3153929   0.25621015]
397,0,3,0,4,2,[-0.17665842 -0.08943255 -0.25346532  0.08140157  0.28185055 -0.08770553]
398,0,3,0,4,3,[-0.73293155 -0.2299949   0.33078754  0.37341517 -0.61952543  0.02964529]
399,0,3,0,4,4,[-0.09468876  0.43507943 -0.09555731  0.112432    0.2728602   0.51569426]
400,0,3,1,0,0,[0.00822908 0.7140023  0.2878417  0.40756795 0.6272107  1.1206944 ]
401,0,3,1,0,1,[-0.16573001  0.45566306  0.42515495  0.49341366  0.25207296  0.9231278 ]
402,0,3,1,0,2,[-0.05365672 -0.0443594  -0.04042834  0.20077999  0.52641606  0.12613131]
403,0,3,1,0,3,[-0.23910382  0.38880116  0.5234908   0.5473036   0.05667204  0.89453495]
404,0,3,1,0,4,[0.00325302 0.3580878  0.05777214 0.20634376 0.4705239  0.56609195]
405,0,3,1,1,0,[-0.11257969  0.5762769   0.0993417   0.2477758   0.26334676  0.8515093 ]
406,0,3,1,1,1,[-0.38576072  0.10561837  0.22215562  0.2938774  -0.17914996  0.41773483]
407,0,3,1,1,2,[-0.04550299  0.02791057 -0.21183549  0.11502499  0.2574988   0.08824901]
408,0,3,1,1,3,[-0.52029777 -0.09661707  0.31838515  0.3248781  -0.40919068  0.24076517]
409,0,3,1,1,4,[-0.00862891  0.42083028 -0.07018055  0.12378122  0.23435894  0.5448001 ]
410,0,3,1,2,0,[-0.0282536   0.39043298  0.14136614  0.23821333  0.27838594  0.6383397 ]
411,0,3,1,2,1,[-0.1799827   0.1388281   0.22449972  0.27947548  0.00185745  0.416759  ]
412,0,3,1,2,2,[-0.02278489 -0.0285354  -0.06659544  0.1283445   0.2497546   0.07247646]
413,0,3,1,2,3,[-0.25128856  0.04468224  0.2861933   0.30509263 -0.14203674  0.3410519 ]
414,0,3,1,2,4,[0.00523565 0.23671672 0.00788155 0.12731504 0.2240258  0.36441597]
415,0,3,1,3,0,[0.05704107 0.64099103 0.26683128 0.4029187  0.5389971  1.0423836 ]
416,0,3,1,3,1,[-0.10386981  0.385069    0.38497004  0.47478023  0.20730983  0.83755344]
417,0,3,1,3,2,[ 0.01428122  0.0161178  -0.01845823  0.22799811  0.46166527  0.21079443]
418,0,3,1,3,3,[-0.17616144  0.30454436  0.4688493   0.5173111   0.0324547   0.7866037 ]
419,0,3,1,3,4,[0.04944891 0.35422507 0.06437501 0.2199594  0.4082598  0.5717728 ]
420,0,3,1,4,0,[-0.21160905  0.6690483   0.2045042   0.35283738  0.43176526  1.0659122 ]
421,0,3,1,4,1,[-0.553093    0.10577886  0.37356022  0.42875245 -0.17441009  0.55932367]
422,0,3,1,4,2,[-0.1715583  -0.18669309 -0.22376703  0.14099286  0.39484414 -0.08796521]
423,0,3,1,4,3,[-0.71080184 -0.10535357  0.5032758   0.4815163  -0.4849527   0.38787422]
424,0,3,1,4,4,[-0.08975101  0.3999398  -0.04962908  0.16423768  0.36606026  0.57867587]
425,0,3,2,0,0,[0.02563447 0.66366464 0.26104307 0.41538185 0.63523406 1.0374599 ]
426,0,3,2,0,1,[-0.10917155  0.49541575  0.41906157  0.5035902   0.32322106  0.9632683 ]
427,0,3,2,0,2,[-0.06067683 -0.10993648 -0.09263261  0.2109216   0.5052459  -0.00967099]
428,0,3,2,0,3,[-0.16198088  0.4781051   0.53387195  0.5581305   0.16369164  1.0094041 ]
429,0,3,2,0,4,[-0.0041631   0.2791177   0.02513823  0.21212937  0.45277038  0.44233906]
430,0,3,2,1,0,[-0.10531977  0.4907495   0.05110519  0.2570501   0.26986134  0.702911  ]
431,0,3,2,1,1,[-0.33319566  0.13282058  0.19827689  0.30567256 -0.10313697  0.42116752]
432,0,3,2,1,2,[-0.06925502 -0.09096939 -0.290164    0.12555452  0.226989   -0.13864306]
433,0,3,2,1,3,[-0.44314042 -0.00426418  0.31492567  0.33736905 -0.2928437   0.34053424]
434,0,3,2,1,4,[-0.02826071  0.29969445 -0.12139726  0.13036235  0.21298033  0.35222852]
435,0,3,2,2,0,[-0.01785823  0.34931505  0.11903986  0.2461262   0.28635532  0.56890804]
436,0,3,2,2,1,[-0.1414712   0.1651457   0.21683703  0.28908378  0.05395021  0.43847603]
437,0,3,2,2,2,[-0.03086191 -0.08605037 -0.10695251  0.1372595   0.23566869 -0.04021809]
438,0,3,2,2,3,[-0.19783242  0.10895096  0.29040754  0.31509423 -0.06477532  0.4189472 ]
439,0,3,2,2,4,[-0.00207561  0.1733685  -0.01781184  0.13303438  0.21339945  0.26542675]
440,0,3,2,3,0,[0.07363965 0.59314287 0.24300896 0.41344813 0.54848504 0.96522456]
441,0,3,2,3,1,[-0.05232053  0.4188174   0.3797168   0.48740488  0.2723812   0.87186974]
442,0,3,2,3,2,[ 0.00835353 -0.04820681 -0.06520749  0.24006638  0.44436234  0.08334754]
443,0,3,2,3,3,[-0.10620974  0.383693    0.47841972  0.53040314  0.12915614  0.88896406]
444,0,3,2,3,4,[0.04329481 0.27996013 0.03518574 0.22762126 0.39434353 0.45739836]
445,0,3,2,4,0,[-0.19312963  0.58393884  0.15443468  0.3646496   0.44803765  0.9165922 ]
446,0,3,2,4,1,[-0.47443667  0.16539049  0.35436985  0.44430768 -0.06351354  0.6047795 ]
447,0,3,2,4,2,[-0.19220677 -0.30722487 -0.31154984  0.1551631   0.36413103 -0.32902998]
448,0,3,2,4,3,[-0.6000819   0.03548483  0.5091585   0.49813873 -0.32014722  0.5531508 ]
449,0,3,2,4,4,[-0.10804721  0.266586   -0.10595019  0.17267412  0.34280172  0.36686468]
450,0,3,3,0,0,[0.02560279 0.65904826 0.27339146 0.40343586 0.6204621  1.0495169 ]
451,0,3,3,0,1,[-0.11682096  0.4685389   0.42014152  0.48789552  0.30024138  0.94074965]
452,0,3,3,0,2,[-0.04952459 -0.08084133 -0.06161916  0.20528413  0.5040003   0.0542883 ]
453,0,3,3,0,3,[-0.1747783   0.43585354  0.52552336  0.5401097   0.13471463  0.961362  ]
454,0,3,3,0,4,[0.0034235  0.297283   0.04387807 0.20677659 0.45008022 0.48246893]
455,0,3,3,1,0,[-0.09945844  0.50255704  0.07379787  0.24903077  0.26612455  0.74136025]
456,0,3,3,1,1,[-0.3337649   0.12227254  0.20913048  0.29525873 -0.11486266  0.42392305]
457,0,3,3,1,2,[-0.05425068 -0.04692242 -0.2480763   0.12160895  0.23601854 -0.04825579]
458,0,3,3,1,3,[-0.4481089  -0.03057267  0.31539074  0.32549217 -0.31069922  0.31619033]
459,0,3,3,1,4,[-0.01741532  0.32952833 -0.09470645  0.12669332  0.21801472  0.4121446 ]
460,0,3,3,2,0,[-0.01641065  0.3519742   0.12961079  0.23860279  0.28012028  0.58441216]
461,0,3,3,2,1,[-0.14453794  0.15332218  0.21997881  0.2796296   0.04251126  0.43122327]
462,0,3,3,2,2,[-0.02286425 -0.06196431 -0.08406668  0.13306189  0.23790875  0.00900367]
463,0,3,3,2,3,[-0.20394517  0.08700693  0.28721163  0.30450484 -0.08009778  0.39470765]
464,0,3,3,2,4,[ 0.00355201  0.18921565 -0.00370001  0.12927659  0.21398522  0.29724348]
465,0,3,3,3,0,[0.07192872 0.5900471  0.25326943 0.40083727 0.5353162  0.9752838 ]
466,0,3,3,3,1,[-0.0605079   0.39640936  0.3801817   0.47174233  0.2521151   0.8518483 ]
467,0,3,3,3,2,[ 0.01623877 -0.02220488 -0.03865798  0.23273523  0.44293088  0.13854422]
468,0,3,3,3,3,[-0.11867492  0.34795988  0.4707044   0.51297754  0.10375976  0.8468258 ]
469,0,3,3,3,4,[0.04848562 0.2962693  0.05109171 0.22111745 0.39167467 0.4918523 ]
470,0,3,3,4,0,[-0.18543603  0.594092    0.17963186  0.3535411   0.4392681   0.95759994]
471,0,3,3,4,1,[-0.47595778  0.14530948  0.36400673  0.42933747 -0.08305353  0.5981386 ]
472,0,3,3,4,2,[-0.17136738 -0.25254545 -0.26062328  0.15053493  0.37271285 -0.21777052]
473,0,3,3,4,3,[-0.6080075  -0.0058954   0.5053819   0.4807218  -0.34791505  0.51058537]
474,0,3,3,4,4,[-0.09296171  0.3031704  -0.07410037  0.16811438  0.3471698   0.4399086 ]
475,0,3,4,0,0,[0.01130999 0.7265424  0.26987034 0.4401244  0.6707682  1.1092552 ]
476,0,3,4,0,1,[-0.14487106  0.52099365  0.4346243   0.53516984  0.3147714   0.99500346]
477,0,3,4,0,2,[-0.0770569  -0.11281567 -0.10466406  0.21774729  0.5373726  -0.01268841]
478,0,3,4,0,3,[-0.20642854  0.49058157  0.55511236  0.59460557  0.13292229  1.0269957 ]
479,0,3,4,0,4,[-0.01232416  0.3161374   0.02125241  0.222022    0.4833459   0.4827261 ]
480,0,3,4,1,0,[-0.12568131  0.54788446  0.05244775  0.26967385  0.27733704  0.769764  ]
481,0,3,4,1,1,[-0.3841455   0.13024302  0.20434643  0.32168764 -0.14648755  0.42235845]
482,0,3,4,1,2,[-0.07992808 -0.078086   -0.30716163  0.12679344  0.24060315 -0.12170335]
483,0,3,4,1,3,[-0.50868964 -0.0344718   0.32543513  0.35620055 -0.36243907  0.3104339 ]
484,0,3,4,1,4,[-0.03347762  0.34968024 -0.12909432  0.13449447  0.226203    0.4083534 ]
485,0,3,4,2,0,[-0.03044582  0.38465413  0.12219128  0.2584686   0.29771104  0.6103643 ]
486,0,3,4,2,1,[-0.17167133  0.16738315  0.22356257  0.30455536  0.03334862  0.44380662]
487,0,3,4,2,2,[-0.04046373 -0.08584955 -0.11649112  0.1402585   0.2485786  -0.03860272]
488,0,3,4,2,3,[-0.23596682  0.09726804  0.30034086  0.33294368 -0.10168314  0.40871716]
489,0,3,4,2,4,[-0.00708202  0.19946441 -0.02164773  0.13788086  0.2260171   0.2946942 ]
490,0,3,4,3,0,[0.06318659 0.6495952  0.25116318 0.43616012 0.57712966 1.0318248 ]
491,0,3,4,3,1,[-0.08241148  0.43950677  0.39341173  0.5157296   0.26213548  0.8998728 ]
492,0,3,4,3,2,[-0.00254857 -0.04526787 -0.07482073  0.24791464  0.47131938  0.08894099]
493,0,3,4,3,3,[-0.14470106  0.39062732  0.4967766   0.5626556   0.09900319  0.90184516]
494,0,3,4,3,4,[0.0387053  0.31639835 0.03248487 0.2375862  0.41970164 0.49885184]
495,0,3,4,4,0,[-0.22770336  0.6456472   0.15703937  0.38365972  0.46159074  0.9865678 ]
496,0,3,4,4,1,[-0.5480388   0.15399313  0.3640769   0.46901414 -0.11957446  0.5948292 ]
497,0,3,4,4,2,[-0.21833648 -0.3171225  -0.3351408   0.15582845  0.38288257 -0.3399925 ]
498,0,3,4,4,3,[-0.6912326  -0.00659473  0.5255252   0.52757186 -0.4114439   0.50896657]
499,0,3,4,4,4,[-0.12352358  0.3136     -0.11681418  0.17823781  0.36251897  0.41732305]
500,0,4,0,0,0,[-0.02608337  0.5276694   0.16742013  0.30671376  0.41843453  0.79234487]
501,0,4,0,0,1,[-0.17594726  0.286991    0.28029877  0.37191203  0.1068757   0.6017071 ]
502,0,4,0,0,2,[-0.05702226 -0.01849316 -0.09371594  0.1482627   0.36002183  0.05324479]
503,0,4,0,0,3,[-0.24107942  0.20985019  0.36431772  0.41351232 -0.05446233  0.55963075]
504,0,4,0,0,4,[-0.01191695  0.28674483 -0.00081088  0.154651    0.32305327  0.40351096]
505,0,4,0,1,0,[-0.11832009  0.44346574  0.01518161  0.18557216  0.14278795  0.60791636]
506,0,4,0,1,1,[-0.34695196  0.03445517  0.1185898   0.2203532  -0.22508268  0.22709587]
507,0,4,0,1,2,[-0.04773608  0.0626566  -0.23612133  0.08379814  0.16128032  0.05185552]
508,0,4,0,1,3,[-0.4608658  -0.15158893  0.202583    0.2442856  -0.41649005  0.06336707]
509,0,4,0,1,4,[-0.01972229  0.3533936  -0.10629631  0.09208363  0.14629355  0.40748796]
510,0,4,0,2,0,[-0.04202986  0.29326218  0.07230105  0.18092206  0.17384374  0.45385396]
511,0,4,0,2,1,[-0.17003927  0.07051665  0.14150557  0.2122117  -0.05561451  0.2550283 ]
512,0,4,0,2,2,[-0.02626726 -0.00345394 -0.0943934   0.09658678  0.1656834   0.03726311]
513,0,4,0,2,3,[-0.23116198 -0.0203213   0.19486605  0.2319541  -0.17476721  0.18099643]
514,0,4,0,2,4,[-0.00453551  0.19531825 -0.02490465  0.09668539  0.1486418   0.26677728]
515,0,4,0,3,0,[0.01921866 0.48053184 0.15987357 0.30783987 0.3627429  0.7511438 ]
516,0,4,0,3,1,[-0.11855648  0.24679017  0.25734174  0.3625714   0.0871122   0.558987  ]
517,0,4,0,3,2,[ 0.00068538  0.03224997 -0.06771521  0.17347151  0.3201593   0.13422209]
518,0,4,0,3,3,[-0.18195468  0.1618863   0.32925048  0.39532802 -0.05754895  0.50105524]
519,0,4,0,3,4,[0.02803186 0.28688022 0.01107036 0.16834284 0.28318954 0.41968504]
520,0,4,0,4,0,[-0.211304    0.49511474  0.07689681  0.26075494  0.24211705  0.7312267 ]
521,0,4,0,4,1,"[-4.9817872e-01 -1.6399323e-04  2.1806127e-01  3.1814048e-01
 -2.6004392e-01  2.8109610e-01]"
522,0,4,0,4,2,[-0.15564075 -0.10888192 -0.26670635  0.09841735  0.2434557  -0.11644726]
523,0,4,0,4,3,[-0.632671   -0.20142694  0.33050832  0.35903853 -0.51683503  0.11607633]
524,0,4,0,4,4,[-0.09126665  0.33218068 -0.10621186  0.11938643  0.22805053  0.40893042]
525,0,4,1,0,0,[0.03638938 0.60026884 0.2885309  0.4073889  0.5771275  1.0507379 ]
526,0,4,1,0,1,[-0.10919504  0.39513382  0.43446037  0.4860803   0.26583797  0.9304949 ]
527,0,4,1,0,2,[-0.01505104 -0.04662503 -0.03818664  0.22274356  0.48545742  0.1418346 ]
528,0,4,1,0,3,[-0.17366609  0.344527    0.5375      0.5333851   0.10198741  0.93169177]
529,0,4,1,0,4,[0.02219836 0.291378   0.06036534 0.21764381 0.42515543 0.5176794 ]
530,0,4,1,1,0,[-0.09211552  0.46763068  0.0805328   0.25715345  0.2420672   0.7573832 ]
531,0,4,1,1,1,[-0.32641286  0.08547819  0.21683389  0.30040553 -0.13070683  0.4377216 ]
532,0,4,1,1,2,[-0.02825119 -0.00224572 -0.23684108  0.13802543  0.23463942  0.04171327]
533,0,4,1,1,3,[-0.4449488  -0.07844868  0.32261083  0.32765102 -0.32589623  0.31532   ]
534,0,4,1,1,4,[-0.0057383   0.3296256  -0.08700845  0.13758594  0.20689955  0.44722235]
535,0,4,1,2,0,[-0.00395201  0.32567236  0.14168349  0.24961302  0.26359853  0.60094136]
536,0,4,1,2,1,[-0.13248977  0.12266991  0.23228644  0.28808057  0.03217576  0.44432855]
537,0,4,1,2,2,[ 0.00262824 -0.03261494 -0.06814681  0.1505421   0.23629181  0.0768366 ]
538,0,4,1,2,3,[-0.19529384  0.04729507  0.29849115  0.31028852 -0.08956331  0.39682585]
539,0,4,1,2,4,[0.01798979 0.18993571 0.00776554 0.1414197  0.20602301 0.32769307]
540,0,4,1,3,0,[0.09126758 0.5457979  0.27362633 0.41596565 0.5086743  0.9948092 ]
541,0,4,1,3,1,[-0.04303513  0.34184644  0.4003582   0.48248172  0.23319812  0.8634031 ]
542,0,4,1,3,2,[ 0.05454878  0.01123578 -0.0123075   0.25811607  0.43689513  0.22951363]
543,0,4,1,3,3,[-0.10675451  0.27910668  0.48888943  0.51937497  0.08583692  0.8418958 ]
544,0,4,1,3,4,[0.07124098 0.29370812 0.07023081 0.23863873 0.3779837  0.53380764]
545,0,4,1,4,0,[-0.17605013  0.5397505   0.19080278  0.3574547   0.39563674  0.9704544 ]
546,0,4,1,4,1,[-0.4667259   0.08396316  0.37583306  0.4282966  -0.11265148  0.6057811 ]
547,0,4,1,4,2,[-0.13455632 -0.19089113 -0.24097857  0.16825272  0.3601875  -0.09728894]
548,0,4,1,4,3,[-0.6047694  -0.08518208  0.5157924   0.4751721  -0.3746804   0.4972209 ]
549,0,4,1,4,4,[-0.07566236  0.30442137 -0.06076015  0.17894743  0.3233769   0.4864711 ]
550,0,4,2,0,0,[0.05340312 0.5610665  0.24600025 0.41752875 0.5819369  0.9617915 ]
551,0,4,2,0,1,[-0.05834064  0.43266603  0.41770577  0.49904972  0.3274195   0.95702416]
552,0,4,2,0,2,[-0.02030328 -0.10244999 -0.11388989  0.23356755  0.46023425 -0.00961385]
553,0,4,2,0,3,[-0.10510027  0.42460018  0.5420532   0.5473506   0.19656958  1.0311581 ]
554,0,4,2,0,4,[0.0171747  0.22655544 0.01213604 0.22459829 0.4061232  0.3915056 ]
555,0,4,2,1,0,[-0.0853173   0.39652118  0.00996106  0.2678525   0.2403562   0.59927124]
556,0,4,2,1,1,[-0.2810125   0.10991447  0.17677318  0.31378278 -0.06971378  0.4210219 ]
557,0,4,2,1,2,[-0.04885045 -0.10535563 -0.34678864  0.1489068   0.19534217 -0.20353772]
558,0,4,2,1,3,[-0.37863633  0.00170322  0.30901784  0.34188342 -0.2274363   0.3920448 ]
559,0,4,2,1,4,[-0.02201575  0.22786587 -0.15953964  0.14490837  0.18041462  0.2513274 ]
560,0,4,2,2,0,[0.00631148 0.29273018 0.10723498 0.25904793 0.26789865 0.52683896]
561,0,4,2,2,1,[-0.09811801  0.14697039  0.21613906  0.29940152  0.07615601  0.45508724]
562,0,4,2,2,2,[-0.00365258 -0.08187688 -0.1261745   0.16008908  0.21815419 -0.04653813]
563,0,4,2,2,3,[-0.14816374  0.10406356  0.29773882  0.32214755 -0.02238164  0.46206197]
564,0,4,2,2,4,[ 0.01270459  0.1374915  -0.02973091  0.14799477  0.19342259  0.22716758]
565,0,4,2,3,0,[0.10828146 0.5087271  0.23569411 0.42918313 0.51524615 0.91355187]
566,0,4,2,3,1,[0.00418652 0.37419993 0.38557643 0.49820018 0.2898327  0.8863773 ]
567,0,4,2,3,2,[ 0.05104083 -0.04303711 -0.08015499  0.27146998  0.41595674  0.08953085]
568,0,4,2,3,3,[-0.04371985  0.3503631   0.49328926  0.53582287  0.1716024   0.9311242 ]
569,0,4,2,3,4,[0.0678543  0.23301527 0.02705067 0.24784279 0.36284193 0.41830042]
570,0,4,2,4,0,[-0.15926966  0.47035223  0.11425336  0.37096664  0.40272912  0.808572  ]
571,0,4,2,4,1,[-0.39850459  0.13735326  0.33780622  0.44584268 -0.02061936  0.62491405]
572,0,4,2,4,2,[-0.1525656  -0.29535967 -0.366909    0.18239558  0.31967506 -0.36333427]
573,0,4,2,4,3,[-0.5092052   0.03771545  0.51028377  0.49409166 -0.23299776  0.63243985]
574,0,4,2,4,4,[-0.09060749  0.1931077  -0.14265466  0.18810783  0.29498354  0.2695823 ]
575,0,4,3,0,0,[0.05342618 0.5565843  0.2658588  0.40622014 0.571971   0.98126924]
576,0,4,3,0,1,[-0.06509329  0.40904272  0.42454252  0.48418948  0.30925843  0.94278073]
577,0,4,3,0,2,[-0.01033183 -0.07748789 -0.07344614  0.2281451   0.46337637  0.06037601]
578,0,4,3,0,3,[-0.11636206  0.38776857  0.5377487   0.5302807   0.17228252  0.99147946]
579,0,4,3,0,4,[0.02388206 0.24173327 0.03748813 0.21943513 0.40677074 0.4356334 ]
580,0,4,3,1,0,[-0.07983729  0.4063613   0.04184459  0.26004037  0.24108626  0.6448826 ]
581,0,4,3,1,1,[-0.28108436  0.10063369  0.19459969  0.30369565 -0.07700127  0.4315795 ]
582,0,4,3,1,2,[-0.03539851 -0.06735614 -0.29292694  0.14490914  0.20867677 -0.10662813]
583,0,4,3,1,3,[-0.3824327  -0.02105302  0.31428936  0.3304156  -0.24102294  0.37535617]
584,0,4,3,1,4,[-0.01233412  0.25316912 -0.12461238  0.141211    0.18865754  0.31534758]
585,0,4,3,2,0,[0.0074503  0.2945933  0.12304514 0.2515771  0.2644622  0.54663247]
586,0,4,3,2,1,[-0.10093645  0.1364177   0.2232301   0.29010144  0.06751237  0.45261392]
587,0,4,3,2,2,[ 0.00326225 -0.06129631 -0.09658482  0.15573171  0.22300982  0.00631391]
588,0,4,3,2,3,[-0.15359128  0.08484958  0.29724336  0.31178778 -0.03499104  0.4426121 ]
589,0,4,3,2,4,[ 0.01751743  0.15074918 -0.01093737  0.144125    0.1959717   0.26127484]
590,0,4,3,3,0,[0.10613529 0.5051938  0.2523525  0.41661826 0.50584215 0.92923623]
591,0,4,3,3,1,[-0.00369753  0.35407102  0.39086244  0.48275477  0.2733429   0.87270737]
592,0,4,3,3,2,[ 0.05743345 -0.02112435 -0.04545228  0.26384193  0.41797256  0.14925104]
593,0,4,3,3,3,[-0.05529695  0.31881317  0.4888739   0.51874316  0.14989227  0.8954282 ]
594,0,4,3,3,4,[0.07192664 0.24634033 0.04865085 0.24113272 0.36278084 0.45564845]
595,0,4,3,4,0,[-0.15176857  0.47886652  0.15089256  0.36054415  0.4000902   0.85929394]
596,0,4,3,4,1,[-0.3990682   0.11995139  0.3561276   0.43173972 -0.03405841  0.62893987]
597,0,4,3,4,2,[-0.13352412 -0.24797302 -0.30141437  0.17804027  0.33403984 -0.24366562]
598,0,4,3,4,3,[-0.5152904   0.00205538  0.5125124   0.47764823 -0.25486612  0.6004861 ]
599,0,4,3,4,4,[-0.07687364  0.22427993 -0.10060934  0.18377247  0.3036792   0.34801507]
600,0,4,4,0,0,[0.03981182 0.6121196  0.25428033 0.43944758 0.61059445 1.0233347 ]
601,0,4,4,0,1,[-0.08989366  0.4527639   0.43214026  0.52694243  0.31863892  0.98535085]
602,0,4,4,0,2,[-0.03531447 -0.10608878 -0.12396688  0.24009107  0.48694184 -0.01120389]
603,0,4,4,0,3,[-0.14403358  0.43375897  0.5615398   0.5795109   0.16872008  1.0475204 ]
604,0,4,4,0,4,[0.00899454 0.25596508 0.00907083 0.23358722 0.4308935  0.42539254]
605,0,4,4,1,0,[-0.10459332  0.4427857   0.01176265  0.27925473  0.24573012  0.6574831 ]
606,0,4,4,1,1,[-0.3261717   0.10651323  0.18291101  0.32819188 -0.10801069  0.42398983]
607,0,4,4,1,2,[-0.05940306 -0.09559759 -0.36113673  0.1505198   0.20731369 -0.18690397]
608,0,4,4,1,3,[-0.43624574 -0.02491906  0.31904307  0.35876012 -0.28851774  0.3679898 ]
609,0,4,4,1,4,[-0.02811577  0.2680333  -0.16588515  0.14885625  0.19112603  0.29923216]
610,0,4,4,2,0,[-0.00533236  0.32131425  0.11056002  0.2703369   0.276827    0.56298465]
611,0,4,4,2,1,[-0.12461112  0.14805348  0.22274292  0.31344473  0.05775582  0.4610007 ]
612,0,4,4,2,2,[-0.01250809 -0.08241275 -0.13402459  0.1633327   0.22916408 -0.04383833]
613,0,4,4,2,3,[-0.18139625  0.09347709  0.30716768  0.3382582  -0.05483394  0.45462114]
614,0,4,4,2,4,[ 0.00760629  0.15828106 -0.03271821  0.15265952  0.20364225  0.252153  ]
615,0,4,4,3,0,[0.09869793 0.5550283  0.24375768 0.44990343 0.53885794 0.9718131 ]
616,0,4,4,3,1,[-0.02189831  0.39083976  0.39870614  0.52383417  0.28028378  0.9125363 ]
617,0,4,4,3,2,[ 0.04132094 -0.04126971 -0.08775464  0.27937445  0.4389792   0.09629542]
618,0,4,4,3,3,[-0.07692173  0.355507    0.5105388   0.5648588   0.14497294  0.9443672 ]
619,0,4,4,3,4,[0.06324492 0.26240307 0.02530545 0.25728875 0.3838178  0.4540084 ]
620,0,4,4,4,0,[-0.19165066  0.51914597  0.1171451   0.38773292  0.41191775  0.86829656]
621,0,4,4,4,1,[-0.46381336  0.12537433  0.34723687  0.46765086 -0.07095454  0.61772287]
622,0,4,4,4,2,[-0.17716919 -0.305787   -0.38706788  0.18341117  0.33495286 -0.37141532]
623,0,4,4,4,3,"[-5.8938390e-01  2.9902965e-05  5.2560622e-01  5.2005899e-01
 -3.1365228e-01  5.9595406e-01]"
624,0,4,4,4,4,[-0.1062818   0.22967808 -0.15182145  0.19319148  0.3100859   0.31144595]
625,1,0,0,0,0,[-0.20709288  0.8645024   0.22082853  0.46121386  0.6176689   1.0891942 ]
626,1,0,0,0,1,"[-4.9409837e-01  3.9126137e-01  3.6248890e-01  5.7545269e-01
  4.0981901e-04  6.2676781e-01]"
627,1,0,0,0,2,[-0.26496333 -0.14231104 -0.160452    0.1723996   0.5376325  -0.1442544 ]
628,1,0,0,0,3,[-0.60682523  0.2427007   0.47284165  0.6532638  -0.31234485  0.49900955]
629,1,0,0,0,4,[-0.14087231  0.45052007 -0.02357907  0.2062935   0.5053224   0.5295067 ]
630,1,0,0,1,0,[-0.3366407   0.72630423  0.03600173  0.25451216  0.13845474  0.8520065 ]
631,1,0,0,1,1,[-0.76451766 -0.06416176  0.1488703   0.3127253  -0.57477635  0.03199114]
632,1,0,0,1,2,[-0.2089991   0.03528387 -0.30698875  0.07190081  0.20085935 -0.0210478 ]
633,1,0,0,1,3,[-0.96593577 -0.41853312  0.24549858  0.35720903 -0.9392362  -0.3289085 ]
634,1,0,0,1,4,[-0.12365915  0.5950981  -0.13538809  0.10513279  0.20001799  0.6277126 ]
635,1,0,0,2,0,[-0.18653114  0.4680511   0.09023777  0.24856602  0.21483961  0.5952112 ]
636,1,0,0,2,1,[-0.42897075  0.03450462  0.17080401  0.30207124 -0.23401736  0.15299295]
637,1,0,0,2,2,[-0.15726519 -0.07403635 -0.1446844   0.09701105  0.21871969 -0.07923336]
638,1,0,0,2,3,[-0.53612554 -0.13915396  0.23653136  0.3397098  -0.46193543 -0.01804011]
639,1,0,0,2,4,[-0.08895314  0.31150904 -0.04608838  0.11495524  0.21106566  0.35794944]
640,1,0,0,3,0,[-0.12860027  0.7881096   0.20688877  0.44204906  0.51780903  1.0289804 ]
641,1,0,0,3,1,[-0.39128175  0.3319457   0.3269436   0.53798085 -0.02564974  0.57871675]
642,1,0,0,3,2,[-0.16338222 -0.03865537 -0.12184716  0.19816194  0.46317875  0.00646259]
643,1,0,0,3,3,[-0.4999773   0.17048788  0.4199102   0.6011374  -0.30340475  0.43048027]
644,1,0,0,3,4,[-0.07116748  0.45859444 -0.00587924  0.21565747  0.42977855  0.5634896 ]
645,1,0,0,4,0,[-0.56148183  0.7727985   0.09552498  0.3710442   0.25902805  0.9216423 ]
646,1,0,0,4,1,[-1.1052303  -0.19395952  0.25645834  0.46711522 -0.7229163  -0.07261083]
647,1,0,0,4,2,[-0.45851752 -0.32432207 -0.38610545  0.07909248  0.3022137  -0.44006994]
648,1,0,0,4,3,[-1.3448061  -0.58202845  0.392873    0.5414927  -1.2164296  -0.45640215]
649,1,0,0,4,4,[-0.29332793  0.52377236 -0.1622646   0.13969244  0.31573004  0.5379426 ]
650,1,0,1,0,0,[-0.16577153  0.9740618   0.3475111   0.5814357   0.80848414  1.3648231 ]
651,1,0,1,0,1,[-0.44273946  0.5611393   0.52634555  0.71754014  0.18393694  0.99464947]
652,1,0,1,0,2,[-0.26416728 -0.21166971 -0.11338957  0.24914977  0.6804917  -0.11740762]
653,1,0,1,0,3,[-0.54772156  0.45975056  0.6586456   0.80697644 -0.13336308  0.9298686 ]
654,1,0,1,0,4,[-0.13570331  0.4423763   0.03329514  0.27432504  0.6231439   0.6145168 ]
655,1,0,1,1,0,[-0.3398399   0.7627478   0.10805263  0.33527535  0.2479624   0.9984641 ]
656,1,0,1,1,1,[-0.77309656  0.01433182  0.25366333  0.40681434 -0.48121503  0.24878046]
657,1,0,1,1,2,[-0.22985277 -0.08182863 -0.3082602   0.12460203  0.2771504  -0.09397169]
658,1,0,1,1,3,[-0.9758843  -0.30351746  0.3714535   0.4582482  -0.8537246  -0.06017891]
659,1,0,1,1,4,[-0.13936232  0.5491129  -0.11565024  0.15151688  0.26338008  0.63514733]
660,1,0,1,2,0,[-0.16711727  0.51405823  0.1622292   0.32556194  0.3157401   0.74260294]
661,1,0,1,2,1,[-0.40845367  0.11261368  0.26537395  0.3903762  -0.14158122  0.35201782]
662,1,0,1,2,2,[-0.1567413  -0.13561332 -0.12261451  0.15041158  0.29373777 -0.08400092]
663,1,0,1,2,3,[-0.51401836 -0.03443978  0.3446805   0.43351892 -0.3742755   0.21718313]
664,1,0,1,2,4,[-0.08700866  0.29316565 -0.01567604  0.16096845  0.27261195  0.3958516 ]
665,1,0,1,3,0,[-0.07451651  0.88505507  0.32614073  0.56684506  0.68998754  1.2877374 ]
666,1,0,1,3,1,[-0.3292634   0.47890475  0.47843623  0.6815165   0.13988031  0.9155664 ]
667,1,0,1,3,2,[-0.1441975  -0.09421659 -0.07226849  0.28496316  0.5940129   0.05048721]
668,1,0,1,3,3,[-0.4324859   0.3565995   0.5900866   0.75376123 -0.14251792  0.81966966]
669,1,0,1,3,4,[-0.05228493  0.4553131   0.05054344  0.2904216   0.53724086  0.65393794]
670,1,0,1,4,0,[-0.5699417   0.83560693  0.21352485  0.48295113  0.42869908  1.1508578 ]
671,1,0,1,4,1,[-1.1154451  -0.06783237  0.42024392  0.6002782  -0.5744166   0.25926664]
672,1,0,1,4,2,[-0.49935287 -0.48214757 -0.3696433   0.14704089  0.42289165 -0.5212695 ]
673,1,0,1,4,3,[-1.3525255  -0.40137878  0.5852997   0.6864292  -1.0784161  -0.04914023]
674,1,0,1,4,4,[-0.3232164   0.46238825 -0.12212699  0.20106716  0.4152271   0.56093633]
675,1,0,2,0,0,[-0.1306463   0.9181714   0.33217075  0.59354556  0.83287704  1.2876512 ]
676,1,0,2,0,1,[-0.34640595  0.6460973   0.53317225  0.7331514   0.3058676   1.0976261 ]
677,1,0,2,0,2,[-0.26727077 -0.29234168 -0.15432689  0.2650792   0.6628625  -0.25910044]
678,1,0,2,0,3,[-0.41960907  0.6211202   0.68173254  0.8234487   0.04253184  1.1367636 ]
679,1,0,2,0,4,[-0.14148815  0.33617806  0.00893491  0.28319955  0.6050005   0.4696909 ]
680,1,0,2,1,0,[-0.319322    0.6556216   0.07167532  0.3489083   0.27523503  0.8376721 ]
681,1,0,2,1,1,[-0.682187    0.08146481  0.24240772  0.42431155 -0.3477969   0.30792704]
682,1,0,2,1,2,[-0.25712132 -0.23985769 -0.3736616   0.14033704  0.25194222 -0.35291272]
683,1,0,2,1,3,[-0.8473046  -0.1371386   0.37978888  0.4767854  -0.6607314   0.13198598]
684,1,0,2,1,4,[-0.16273437  0.38146797 -0.15770607  0.16107921  0.24456054  0.4005758 ]
685,1,0,2,2,0,[-0.14581999  0.46577564  0.14778224  0.33689106  0.33707833  0.673338  ]
686,1,0,2,2,1,[-0.3433459   0.16915552  0.26634955  0.4042568  -0.05240155  0.41543302]
687,1,0,2,2,2,[-0.16407381 -0.2094728  -0.1548058   0.16345777  0.2835081  -0.20730864]
688,1,0,2,2,3,[-0.4259041   0.08026338  0.3571908   0.44796804 -0.24751227  0.35862404]
689,1,0,2,2,4,[-0.09454741  0.20673856 -0.03549033  0.169081    0.26344663  0.2775827 ]
690,1,0,2,3,0,[-0.04232437  0.8303229   0.31310043  0.58203846  0.7152001   1.2144197 ]
691,1,0,2,3,1,[-0.24265425  0.55132407  0.48514748  0.6997368   0.25070664  1.0045807 ]
692,1,0,2,3,2,[-0.14697008 -0.17508827 -0.10830074  0.30284107  0.5807951  -0.08501218]
693,1,0,2,3,3,[-0.31755504  0.4987787   0.6113399   0.77257895  0.01570339  1.0031538 ]
694,1,0,2,3,4,[-0.05718498  0.35468912  0.02920116  0.30140615  0.52407414  0.51897085]
695,1,0,2,4,0,[-0.52912194  0.7371038   0.179003    0.500965    0.4737667   1.0022734 ]
696,1,0,2,4,1,[-0.98065853  0.0587709   0.4181981   0.6240477  -0.3836881   0.39467543]
697,1,0,2,4,2,[-0.5193648  -0.6360109  -0.44108507  0.16889976  0.40058467 -0.7847495 ]
698,1,0,2,4,3,[-1.1683121  -0.15022948  0.60759234  0.7117662  -0.8071136   0.25287902]
699,1,0,2,4,4,[-0.34270182  0.28107774 -0.16677704  0.21378219  0.39521793  0.3082313 ]
700,1,0,3,0,0,[-0.1307148   0.90791017  0.33752015  0.5739338   0.8054048   1.2890787 ]
701,1,0,3,0,1,[-0.35804915  0.6011578   0.52540594  0.7076113   0.26725936  1.05071   ]
702,1,0,3,0,2,[-0.2498247  -0.24918619 -0.12549193  0.25576675  0.6547334  -0.1829906 ]
703,1,0,3,0,3,[-0.43920934  0.55223507  0.6634893   0.7942434  -0.00401696  1.055117  ]
704,1,0,3,0,4,[-0.12945604  0.36274987  0.0249598   0.2744187   0.5967463   0.5161928 ]
705,1,0,3,1,0,[-0.31016743  0.67064387  0.08891318  0.33638462  0.2643136   0.8755997 ]
706,1,0,3,1,1,[-0.682513    0.06232925  0.24678463  0.40804356 -0.36914483  0.29749414]
707,1,0,3,1,2,[-0.23415563 -0.17470875 -0.33347422  0.13437918  0.25838146 -0.24290855]
708,1,0,3,1,3,[-0.8542336  -0.18029715  0.37333047  0.45821086 -0.689853    0.08594101]
709,1,0,3,1,4,[-0.1459309   0.42532426 -0.13334562  0.15550749  0.24745917  0.47292444]
710,1,0,3,2,0,[-0.1432059   0.46794292  0.15430109  0.32524547  0.3246142   0.6854537 ]
711,1,0,3,2,1,[-0.34748888  0.14900659  0.26453835  0.38956302 -0.07178439  0.3962409 ]
712,1,0,3,2,2,[-0.1513786  -0.1736945  -0.13327724  0.15721337  0.282859   -0.14755598]
713,1,0,3,2,3,[-0.4347095   0.04453219  0.34857917  0.43145737 -0.27193666  0.31669772]
714,1,0,3,2,4,[-0.08547331  0.23009597 -0.02303363  0.1634425   0.2617076   0.3156871 ]
715,1,0,3,3,0,[-0.04470553  0.82255745  0.31679338  0.56214744  0.69082063  1.2147994 ]
716,1,0,3,3,1,[-0.25489116  0.5135137   0.4775485   0.67497444  0.21670404  0.96301275]
717,1,0,3,3,2,[-0.13428377 -0.13675429 -0.08424775  0.29163963  0.57319635 -0.01984127]
718,1,0,3,3,3,[-0.3364452   0.44025478  0.59475356  0.74495965 -0.0250727   0.93158144]
719,1,0,3,3,4,[-0.04866952  0.37835976  0.04229612  0.29139856  0.51640326  0.55848277]
720,1,0,3,4,0,[-0.51670814  0.7490174   0.19706866  0.48311785  0.45442757  1.0405189 ]
721,1,0,3,4,1,[-0.98190475  0.02427335  0.41894588  0.6001907  -0.41720513  0.3676797 ]
722,1,0,3,4,2,[-0.48694327 -0.55456895 -0.39188161  0.16146769  0.4051726  -0.64784616]
723,1,0,3,4,3,[-1.179245   -0.2173792   0.59400856  0.684104   -0.85124767  0.17802113]
724,1,0,3,4,4,[-0.3189276   0.33527738 -0.13748531  0.20651099  0.3964299   0.39740098]
725,1,0,4,0,0,[-0.16372764  1.0006949   0.34487432  0.63216865  0.8813273   1.3772062 ]
726,1,0,4,0,1,[-0.4136455   0.66968095  0.55574465  0.7827636   0.2825606   1.1227549 ]
727,1,0,4,0,2,[-0.30352026 -0.31281894 -0.17395729  0.27460787  0.70716006 -0.286572  ]
728,1,0,4,0,3,[-0.5001658   0.6248168   0.71286845  0.8810265  -0.0167295   1.140326  ]
729,1,0,4,0,4,[-0.16261789  0.38117656  0.00209277  0.29803905  0.648647    0.5150499 ]
730,1,0,4,1,0,[-0.3620404   0.7276756   0.07268091  0.3678239   0.2778225   0.9165059 ]
731,1,0,4,1,1,[-0.7736084   0.05974922  0.24990676  0.44856194 -0.42731     0.28269285]
732,1,0,4,1,2,[-0.2841143  -0.23673971 -0.40055463  0.14095661  0.26560548 -0.35159162]
733,1,0,4,1,3,[-0.961299   -0.2013947   0.3937375   0.5055828  -0.7820276   0.05866908]
734,1,0,4,1,4,[-0.17916264  0.4456905  -0.17020464  0.16665512  0.25957277  0.46839267]
735,1,0,4,2,0,[-0.17288603  0.5099906   0.15176459  0.35560432  0.3491735   0.72169274]
736,1,0,4,2,1,[-0.39850828  0.16118672  0.27539885  0.42797077 -0.0921436   0.4061717 ]
737,1,0,4,2,2,[-0.1862466  -0.22006345 -0.17030402  0.16705006  0.29894388 -0.2209692 ]
738,1,0,4,2,3,[-0.49326512  0.05089978  0.37100103  0.4755688  -0.31334186  0.32546926]
739,1,0,4,2,4,[-0.10805693  0.23866142 -0.04206073  0.17594332  0.27970842  0.31057832]
740,1,0,4,3,0,[-0.0677965   0.9054406   0.32487074  0.617324    0.7539521   1.2989008 ]
741,1,0,4,3,1,[-0.29929537  0.57026714  0.50502825  0.7441617   0.22627395  1.0275561 ]
742,1,0,4,3,2,[-0.17336798 -0.18416089 -0.12410764  0.31379464  0.6177328  -0.09641483]
743,1,0,4,3,3,[-0.38687766  0.49690667  0.63826805  0.82351077 -0.04061475  1.0032339 ]
744,1,0,4,3,4,[-0.07165331  0.40069863  0.02427598  0.31623587  0.5600731   0.568111  ]
745,1,0,4,4,0,[-0.599055    0.8090773   0.18105261  0.52967674  0.48205253  1.0758797 ]
746,1,0,4,4,1,[-1.1131564   0.01498582  0.430124    0.6616587  -0.48849446  0.3402451 ]
747,1,0,4,4,2,[-0.5750819  -0.67487717 -0.4790103   0.16822256  0.41933927 -0.83611375]
748,1,0,4,4,3,[-1.328045   -0.24152298  0.6292999   0.7569333  -0.96840346  0.14543456]
749,1,0,4,4,4,[-0.37881893  0.33537197 -0.18486725  0.22134894  0.41823846  0.35991776]
750,1,1,0,0,0,[-0.05724933  0.42979565  0.13989119  0.28305426  0.34589392  0.6551486 ]
751,1,1,0,0,1,[-0.19209169  0.21406843  0.23832     0.34303498  0.06520604  0.48191762]
752,1,1,0,0,2,[-0.07880715 -0.04326995 -0.08769263  0.13899764  0.30166712  0.01504144]
753,1,1,0,0,3,[-0.24978973  0.14489979  0.31202093  0.3809801  -0.07938209  0.4430666 ]
754,1,1,0,0,4,[-0.03586653  0.22603308 -0.00664678  0.14306046  0.27037162  0.32339108]
755,1,1,0,1,0,"[-1.4401171e-01  3.5428423e-01  2.2868316e-04  1.7258152e-01
  9.6273221e-02  4.8404905e-01]"
756,1,1,0,1,1,[-0.35062325 -0.01073089  0.08826733  0.20437855 -0.23471029  0.14060526]
757,1,1,0,1,2,[-0.07230084  0.02955224 -0.2153523   0.0806284   0.12180747  0.01072368]
758,1,1,0,1,3,[-0.45268503 -0.17677812  0.16079035  0.22598703 -0.40613335 -0.00715973]
759,1,1,0,1,4,[-0.04483351  0.28536442 -0.10200163  0.08648896  0.11052217  0.32340223]
760,1,1,0,2,0,[-0.05867836  0.2356796   0.05876762  0.17026798  0.13752857  0.37245294]
761,1,1,0,2,1,[-0.174085    0.0364195   0.11840587  0.19909735 -0.06898314  0.19272512]
762,1,1,0,2,2,[-0.03998362 -0.01933781 -0.08544614  0.09349649  0.13568409  0.01452847]
763,1,1,0,2,3,[-0.22865494 -0.04485986  0.1647703   0.2170021  -0.17575227  0.12554252]
764,1,1,0,2,4,[-0.01935768  0.15559205 -0.02522071  0.09189347  0.12140702  0.21565612]
765,1,1,0,3,0,[-0.00516779  0.39835832  0.13893978  0.28978726  0.3060881   0.6365495 ]
766,1,1,0,3,1,[-0.12834133  0.18995602  0.22403923  0.34068963  0.05842992  0.4636829 ]
767,1,1,0,3,2,[-0.01792363  0.00907528 -0.05980361  0.16642213  0.27380878  0.10059949]
768,1,1,0,3,3,[-0.18425415  0.11443823  0.2870399   0.3707681  -0.07100978  0.41137606]
769,1,1,0,3,4,[0.00787589 0.23320657 0.00800969 0.15941373 0.24137764 0.35011983]
770,1,1,0,4,0,[-0.24612354  0.3792843   0.04777084  0.23865531  0.16798082  0.5641606 ]
771,1,1,0,4,1,[-0.50611675 -0.06533223  0.16857111  0.29083246 -0.28474954  0.15524054]
772,1,1,0,4,2,[-0.18389289 -0.13618307 -0.24779625  0.09258486  0.1825428  -0.1585452 ]
773,1,1,0,4,3,[-0.62673944 -0.2462272   0.26610902  0.32774428 -0.51503104  0.00474423]
774,1,1,0,4,4,[-0.12213645  0.2526982  -0.10699666  0.10975953  0.17243703  0.30499563]
775,1,1,1,0,0,[-0.0067633   0.4913964   0.24488822  0.37840834  0.480698    0.87956834]
776,1,1,1,0,1,[-0.13860829  0.30642587  0.37166584  0.45109788  0.19938399  0.76674366]
777,1,1,1,0,2,[-0.04468056 -0.06918805 -0.03910759  0.20981483  0.40884662  0.09295859]
778,1,1,1,0,3,[-0.19607516  0.26034904  0.46170583  0.49436697  0.05234345  0.7650741 ]
779,1,1,1,0,4,[-0.00904662  0.22827044  0.04620159  0.20277128  0.35672295  0.42196646]
780,1,1,1,1,0,[-0.12873608  0.3718656   0.05356435  0.24095851  0.1747669   0.60759056]
781,1,1,1,1,1,[-0.3421913   0.02911871  0.16890776  0.2806987  -0.1620521   0.31456646]
782,1,1,1,1,2,[-0.05962638 -0.02869751 -0.21749915  0.13282134  0.1802596  -0.00037158]
783,1,1,1,1,3,[-0.44922626 -0.11828629  0.2597337   0.30534664 -0.33730525  0.20125946]
784,1,1,1,1,4,[-0.03742556  0.26236728 -0.08733709  0.13010137  0.15780184  0.35414678]
785,1,1,1,2,0,[-0.02761224  0.26261002  0.11907218  0.23671708  0.21296512  0.50040567]
786,1,1,1,2,1,[-0.14430164  0.08008681  0.19679281  0.27232873  0.00396138  0.35623592]
787,1,1,1,2,2,[-0.01547355 -0.04537858 -0.06187788  0.14606452  0.19566587  0.05063035]
788,1,1,1,2,3,[-0.20078781  0.01204009  0.25402266  0.29249126 -0.10535015  0.31141907]
789,1,1,1,2,4,[-0.00103436  0.14985491  0.00327785  0.13531871  0.1694683   0.26882377]
790,1,1,1,3,0,[0.05755974 0.45518357 0.23991263 0.39431906 0.4324729  0.8531379 ]
791,1,1,1,3,1,[-0.06312556  0.27255827  0.3501439   0.45644295  0.18426745  0.73245555]
792,1,1,1,3,2,[ 0.02997739 -0.0091631  -0.00916037  0.24867088  0.37574294  0.1888514 ]
793,1,1,1,3,3,[-0.11966744  0.21629623  0.42736086  0.4903825   0.05220304  0.71130437]
794,1,1,1,3,4,[0.04544223 0.23862356 0.06086875 0.22751802 0.32331568 0.45237908]
795,1,1,1,4,0,[-0.2268092   0.41240305  0.14175254  0.3296793   0.2906866   0.7619935 ]
796,1,1,1,4,1,[-0.49228945  0.00089083  0.2993321   0.39441258 -0.16930057  0.42432752]
797,1,1,1,4,2,[-0.17295611 -0.21134396 -0.22828385  0.15871109  0.27640218 -0.14724891]
798,1,1,1,4,3,[-0.6169996  -0.15263635  0.4201634   0.43683997 -0.40473107  0.32139555]
799,1,1,1,4,4,[-0.11613475  0.2243475  -0.07082056  0.16593044  0.2477277   0.36566216]
800,1,1,2,0,0,[0.00929732 0.46054792 0.20571607 0.38904205 0.48459515 0.8029359 ]
801,1,1,2,0,1,[-0.09234645  0.34351736  0.35554913  0.46456575  0.25395033  0.79255617]
802,1,1,2,0,2,[-0.04857202 -0.11527997 -0.10790569  0.22045644  0.38595688 -0.03961964]
803,1,1,2,0,3,[-0.13409664  0.33501515  0.46464553  0.50889045  0.13638309  0.85552424]
804,1,1,2,0,4,[-0.01294718  0.17370248  0.00213321  0.20986934  0.33917993  0.31161386]
805,1,1,2,1,0,[-0.12266509  0.3121324  -0.01120636  0.2515962   0.17133923  0.46810278]
806,1,1,2,1,1,[-0.30211005  0.05334838  0.13112292  0.2939446  -0.10985596  0.2995402 ]
807,1,1,2,1,2,[-0.07740789 -0.11643931 -0.31694058  0.14320993  0.14383365 -0.2162306 ]
808,1,1,2,1,3,[-0.39084733 -0.04522014  0.24542089  0.31947303 -0.25182793  0.26842988]
809,1,1,2,1,4,[-0.05166204  0.17513795 -0.15330271  0.1372513   0.13271312  0.18160227]
810,1,1,2,2,0,[-0.0180594   0.2358195   0.08739964  0.24622168  0.2160921   0.4358351 ]
811,1,1,2,2,1,[-0.11336005  0.10378397  0.18140332  0.2836988   0.04240314  0.36664727]
812,1,1,2,2,2,[-0.02052934 -0.0866946  -0.11446092  0.15531741  0.17894788 -0.05754146]
813,1,1,2,2,3,[-0.15860273  0.06429694  0.25234434  0.3044345  -0.04624121  0.36992592]
814,1,1,2,2,4,[-0.00539499  0.10531873 -0.03089315  0.14182964  0.15758847  0.18067239]
815,1,1,2,3,0,[0.07384359 0.4259338  0.20519595 0.40785438 0.43810087 0.7835073 ]
816,1,1,2,3,1,[-0.01991089  0.30466238  0.33613136  0.47249696  0.23454766  0.7551897 ]
817,1,1,2,3,2,[ 0.02791088 -0.0539675  -0.07059006  0.2617665   0.35685846  0.06681025]
818,1,1,2,3,3,[-0.0624494   0.28267744  0.43049997  0.50723696  0.1284828   0.79267204]
819,1,1,2,3,4,[0.04320046 0.18757865 0.02158333 0.23676185 0.309404   0.35171473]
820,1,1,2,4,0,[-0.21192627  0.35534942  0.07089957  0.34312168  0.29478338  0.6194268 ]
821,1,1,2,4,1,[-0.4318201   0.05216664  0.26269147  0.41179657 -0.08964176  0.4416524 ]
822,1,1,2,4,2,[-0.18865508 -0.29956475 -0.34281743  0.1720871   0.23850235 -0.3817825 ]
823,1,1,2,4,3,[-0.5324413  -0.04018318  0.41245615  0.4556415  -0.28083965  0.4412002 ]
824,1,1,2,4,4,[-0.12935345  0.1293381  -0.14578283  0.17483093  0.22053933  0.17445236]
825,1,1,3,0,0,[0.00987224 0.45664576 0.22387864 0.3780983  0.47649086 0.8208756 ]
826,1,1,3,0,1,[-0.0978253   0.32273397  0.36204734  0.45031422  0.23856547  0.78057885]
827,1,1,3,0,2,[-0.03922834 -0.09327194 -0.07139574  0.21503147  0.38934886  0.02296525]
828,1,1,3,0,3,[-0.14359272  0.30257466  0.46117866  0.4926054   0.1155238   0.82097   ]
829,1,1,3,0,4,[-0.00650259  0.18723571  0.02514776  0.20478295  0.3403664   0.35135308]
830,1,1,3,1,0,[-0.11689931  0.3211454   0.01806187  0.24404404  0.173332    0.50996464]
831,1,1,3,1,1,[-0.30114558  0.04571125  0.14790106  0.2842896  -0.11491589  0.3105956 ]
832,1,1,3,1,2,[-0.06490957 -0.08299713 -0.26827917  0.13920692  0.15670757 -0.12955268]
833,1,1,3,1,3,[-0.3930956  -0.06460039  0.25102833  0.30855754 -0.26247928  0.25547707]
834,1,1,3,1,4,[-0.04247761  0.1975965  -0.12156217  0.13360316  0.14100775  0.2392439 ]
835,1,1,3,2,0,[-0.01666729  0.23754697  0.10185181  0.23894201  0.2136757   0.4539206 ]
836,1,1,3,2,1,[-0.11544855  0.09464205  0.1880823   0.27471974  0.03538587  0.36508697]
837,1,1,3,2,2,[-0.01414633 -0.06861588 -0.08779413  0.1509541   0.18374427 -0.01042007]
838,1,1,3,2,3,[-0.1629765   0.04756449  0.25226238  0.29448718 -0.05678746  0.3533677 ]
839,1,1,3,2,4,[-0.00084285  0.11707014 -0.01385929  0.13799617  0.16033396  0.21128127]
840,1,1,3,3,0,[0.07203811 0.4225922  0.2202231  0.39556155 0.43014517 0.7974207 ]
841,1,1,3,3,1,[-0.02684392  0.28669548  0.34097895  0.457509    0.22029004  0.7430741 ]
842,1,1,3,3,2,[ 0.03364974 -0.03490752 -0.03948183  0.25413507  0.3589443   0.1196651 ]
843,1,1,3,3,3,[-0.07265648  0.2546445   0.42668205  0.4907466   0.10956326  0.76103926]
844,1,1,3,3,4,[0.04695699 0.19925418 0.04102864 0.23010904 0.3097027  0.38492596]
845,1,1,3,4,0,[-0.20378514  0.36355168  0.10476238  0.3331554   0.29435617  0.6666154 ]
846,1,1,3,4,1,[-0.43072164  0.03773974  0.28024438  0.39842898 -0.09957516  0.44772235]
847,1,1,3,4,2,[-0.17066646 -0.25755924 -0.28343624  0.16775103  0.25276834 -0.27422905]
848,1,1,3,4,3,[-0.53617054 -0.07058494  0.41566485  0.44013125 -0.29828182  0.41549525]
849,1,1,3,4,4,[-0.11611452  0.15727232 -0.1074041   0.17059846  0.22967458  0.24549   ]
850,1,1,4,0,0,[-0.00593516  0.5016089   0.2126982   0.40889668  0.5079723   0.85283476]
851,1,1,4,0,1,[-0.12363771  0.3569452   0.36791393  0.48985362  0.24374138  0.81275666]
852,1,1,4,0,2,[-0.06460301 -0.12159809 -0.11695825  0.22644751  0.408228   -0.04440942]
853,1,1,4,0,3,[-0.17188568  0.33871153  0.48144713  0.5380398   0.10912477  0.8650759 ]
854,1,1,4,0,4,[-0.02257576  0.19664435 -0.00083288  0.2179784   0.35990697  0.33820578]
855,1,1,4,1,0,[-0.14301716  0.34904212 -0.01018244  0.2619308   0.17404999  0.51486063]
856,1,1,4,1,1,[-0.34560254  0.04612782  0.13584316  0.30698228 -0.14619488  0.2971773 ]
857,1,1,4,1,2,[-0.08943363 -0.1107755  -0.3298491   0.14479646  0.15302642 -0.20498624]
858,1,1,4,1,3,[-0.44537777 -0.07302132  0.25350085  0.3347207  -0.30848354  0.24210653]
859,1,1,4,1,4,[-0.05941828  0.20769931 -0.15924679  0.14084485  0.14098099  0.220538  ]
860,1,1,4,2,0,[-0.03041589  0.25848877  0.0900944   0.25657013  0.22271259  0.4648836 ]
861,1,1,4,2,1,[-0.13899894  0.1019484   0.18692689  0.29654709  0.0245485   0.36873418]
862,1,1,4,2,2,[-0.03007325 -0.08908733 -0.12146574  0.1584318   0.18782528 -0.05725935]
863,1,1,4,2,3,[-0.19020493  0.05209346  0.2603258   0.31914458 -0.07664262  0.3601396 ]
864,1,1,4,2,4,[-0.01140093  0.12178002 -0.03368345  0.14613736  0.16587819  0.20064807]
865,1,1,4,3,0,[0.06301735 0.46378267 0.212263   0.4269471  0.45771393 0.8318388 ]
866,1,1,4,3,1,[-0.04542171  0.31614846  0.34763592  0.49609742  0.22447936  0.77496994]
867,1,1,4,3,2,[ 0.01723325 -0.05480986 -0.07723331  0.2692288   0.3763846   0.07038071]
868,1,1,4,3,3,[-0.09419365  0.28399706  0.44562006  0.5339368   0.10317066  0.801028  ]
869,1,1,4,3,4,[0.0373213  0.21117474 0.01998025 0.24549372 0.32721752 0.38082734]
870,1,1,4,4,0,[-0.24559282  0.3923673   0.0725117   0.35809386  0.29950973  0.664929  ]
871,1,1,4,4,1,[-0.4950538   0.03488012  0.26989055  0.4312827  -0.13829046  0.42727345]
872,1,1,4,4,2,[-0.21448678 -0.31318247 -0.36110288  0.17302428  0.24965012 -0.39415854]
873,1,1,4,4,3,[-0.60889673 -0.08040539  0.42476544  0.47884768 -0.35658735  0.40068018]
874,1,1,4,4,4,[-0.1467767   0.157302   -0.15447761  0.17931363  0.23186037  0.20631358]
875,1,2,0,0,0,[-0.1813978   0.5904883   0.15548843  0.34184498  0.4453985   0.7289349 ]
876,1,2,0,0,1,[-0.4072004   0.22429098  0.26489437  0.42884022 -0.03464101  0.3747816 ]
877,1,2,0,0,2,[-0.22866045 -0.20641182 -0.14085379  0.11972383  0.3766152  -0.24784824]
878,1,2,0,0,3,[-0.49264026  0.11859467  0.3520089   0.4889083  -0.27318034  0.2913326 ]
879,1,2,0,0,4,[-0.12451269  0.28543687 -0.03028459  0.14888427  0.3664246   0.31838864]
880,1,2,0,1,0,[-0.27759498  0.47367054  0.01801593  0.18544376  0.07335968  0.534413  ]
881,1,2,0,1,1,[-0.6107418  -0.13538282  0.10647219  0.22941549 -0.47821504 -0.0903158 ]
882,1,2,0,1,2,[-0.18386886 -0.08510336 -0.25101715  0.04503174  0.11078118 -0.17440425]
883,1,2,0,1,3,[-0.76360196 -0.39706403  0.1837364   0.26381728 -0.7543296  -0.3480155 ]
884,1,2,0,1,4,[-0.10904782  0.38813263 -0.11359201  0.07310817  0.12727745  0.38201806]
885,1,2,0,2,0,[-0.15805729  0.3075143   0.06094505  0.18137969  0.1444651   0.38192666]
886,1,2,0,2,1,[-0.3477402  -0.0273382   0.12349002  0.2219347  -0.2036662   0.04384778]
887,1,2,0,2,2,[-0.13776013 -0.12557797 -0.12239098  0.06491915  0.14169629 -0.15796347]
888,1,2,0,2,3,[-0.42911962 -0.15467755  0.17571387  0.25109133 -0.37700993 -0.07651569]
889,1,2,0,2,4,[-0.07911029  0.19674401 -0.04291806  0.08102491  0.14630494  0.2129467 ]
890,1,2,0,3,0,[-0.12009466  0.5399374   0.1455842   0.3259632   0.37078476  0.6929062 ]
891,1,2,0,3,1,[-0.3265514   0.18712577  0.23834302  0.39885363 -0.05151766  0.34820244]
892,1,2,0,3,2,[-0.14932838 -0.11609    -0.11007619  0.13857837  0.32204562 -0.11891233]
893,1,2,0,3,3,[-0.40898365  0.070554    0.3118408   0.44763735 -0.2630964   0.24756616]
894,1,2,0,3,4,[-0.07028908  0.29845968 -0.01593027  0.15526888  0.30967405  0.35292846]
895,1,2,0,4,0,[-0.45688558  0.48496547  0.06035928  0.2719949   0.15935229  0.55685437]
896,1,2,0,4,1,[-0.8820208  -0.26185125  0.1853827   0.34466872 -0.60226995 -0.20372601]
897,1,2,0,4,2,[-0.38257024 -0.3930549  -0.31594947  0.04738771  0.18032937 -0.5356801 ]
898,1,2,0,4,3,[-1.0642694  -0.54724395  0.29371732  0.40207702 -0.9779132  -0.47549897]
899,1,2,0,4,4,[-0.24378084  0.31359732 -0.13705087  0.09733675  0.21212524  0.28830728]
900,1,2,1,0,0,[-0.15065536  0.66536945  0.2539154   0.42941862  0.59243727  0.9344648 ]
901,1,2,1,0,1,[-0.3683996   0.3455581   0.3912348   0.53295875  0.10634837  0.65069914]
902,1,2,1,0,2,[-0.23079774 -0.27033144 -0.10319962  0.17436634  0.48596194 -0.23460644]
903,1,2,1,0,3,[-0.44708246  0.27708665  0.49488655  0.6020041  -0.13556844  0.6163544 ]
904,1,2,1,0,4,[-0.12197111  0.2715117   0.01452215  0.1976913   0.45739385  0.3786232 ]
905,1,2,1,1,0,[-0.2791986   0.4941125   0.07822672  0.24378741  0.1614117   0.64678305]
906,1,2,1,1,1,[-0.61558676 -0.08217059  0.19126165  0.29779413 -0.4026144   0.07622011]
907,1,2,1,1,2,[-0.2016621  -0.18489614 -0.24705663  0.08214322  0.17197588 -0.23305242]
908,1,2,1,1,3,[-0.76836514 -0.31456015  0.28432357  0.33758405 -0.6847689  -0.14068766]
909,1,2,1,1,4,[-0.12150101  0.34613296 -0.09457217  0.10605388  0.17888023  0.3867748 ]
910,1,2,1,2,0,[-0.14373371  0.33712158  0.11794418  0.2368775   0.22316144  0.49250197]
911,1,2,1,2,1,[-0.33221337  0.02705643  0.1974012   0.28595394 -0.13172491  0.19389251]
912,1,2,1,2,2,[-0.13933799 -0.17977177 -0.10356054  0.10259432  0.19980906 -0.16541457]
913,1,2,1,2,3,[-0.41174164 -0.07912978  0.25979003  0.319394   -0.30865985  0.10184136]
914,1,2,1,2,4,[-0.07859972  0.1778078  -0.0181059   0.11371241  0.19451673  0.2396979 ]
915,1,2,1,3,0,[-0.08044915  0.6060206   0.23803364  0.41644982  0.50322104  0.8857521 ]
916,1,2,1,3,1,[-0.28051847  0.29168344  0.35493243  0.50345385  0.07539585  0.60055804]
917,1,2,1,3,2,[-0.1380081  -0.16842665 -0.07074321  0.20038167  0.42198625 -0.09204732]
918,1,2,1,3,3,[-0.35801977  0.20606561  0.44244096  0.5592569  -0.13966827  0.5407078 ]
919,1,2,1,3,4,[-0.05780251  0.2890034   0.02833255  0.20880939  0.39246663  0.41762277]
920,1,2,1,4,0,[-0.46189138  0.52257895  0.15646522  0.35330662  0.2941319   0.7313061 ]
921,1,2,1,4,1,[-0.88756025 -0.17535166  0.31579432  0.44201088 -0.48427096  0.04924007]
922,1,2,1,4,2,[-0.41560447 -0.52746964 -0.2976255   0.09538665  0.27585134 -0.6023769 ]
923,1,2,1,4,3,[-1.0665926  -0.41737303  0.44554943  0.5085084  -0.8678487  -0.16360536]
924,1,2,1,4,4,[-0.26682204  0.257297   -0.10179684  0.14111862  0.29195777  0.30389068]
925,1,2,2,0,0,[-0.12276043  0.62549686  0.24299431  0.43676612  0.614069    0.881468  ]
926,1,2,2,0,1,[-0.29239607  0.41479865  0.39718038  0.542976    0.2036029   0.7365077 ]
927,1,2,2,0,2,[-0.23323801 -0.3274878  -0.1335117   0.18494299  0.47553074 -0.33488148]
928,1,2,2,0,3,[-0.34604353  0.40492728  0.51320434  0.6127383   0.00327161  0.78142893]
929,1,2,2,0,4,[-0.1264436   0.19200858 -0.00341313  0.20311062  0.44553515  0.27209997]
930,1,2,2,1,0,[-0.26184356  0.417148    0.05228955  0.25289112  0.1877995   0.5341623 ]
931,1,2,2,1,1,[-0.5427961  -0.02401546  0.18445483  0.30986357 -0.29404044  0.13312665]
932,1,2,2,1,2,[-0.22240074 -0.29939058 -0.29508302  0.09305795  0.15830113 -0.41881266]
933,1,2,2,1,3,[-0.6658656  -0.18025872  0.29239553  0.3504992  -0.5304788   0.01758954]
934,1,2,2,1,4,[-0.13919659  0.22086863 -0.12526204  0.11240753  0.1684931   0.21461086]
935,1,2,2,2,0,[-0.12673476  0.302673    0.10773165  0.24419695  0.2421596   0.44464824]
936,1,2,2,2,1,[-0.2807533   0.07385099  0.19892329  0.2952298  -0.06016976  0.24829566]
937,1,2,2,2,2,[-0.1451053  -0.23279443 -0.12724611  0.11139856  0.19470827 -0.25329888]
938,1,2,2,2,3,[-0.34214008  0.01230265  0.27007854  0.32915637 -0.20819859  0.21574678]
939,1,2,2,2,4,[-0.08445827  0.11315671 -0.03258247  0.11893725  0.18939199  0.1528113 ]
940,1,2,2,3,0,[-0.05544921  0.56657916  0.22855079  0.42585424  0.52505016  0.8346269 ]
941,1,2,2,3,1,[-0.21274157  0.35076675  0.36047155  0.5151675   0.16357276  0.67451113]
942,1,2,2,3,2,[-0.14074287 -0.22646575 -0.09764075  0.21210772  0.41451776 -0.1889315 ]
943,1,2,2,3,3,[-0.26790708  0.31867573  0.45904872  0.57150406 -0.01498877  0.68673843]
944,1,2,2,3,4,[-0.06201099  0.21341923  0.01245393  0.21560104  0.38413933  0.3178328 ]
945,1,2,2,4,0,[-0.42805946  0.45329872  0.13268954  0.3654681   0.33515674  0.63044107]
946,1,2,2,4,1,[-0.77980894 -0.07014488  0.31672257  0.45858374 -0.33039397  0.16725193]
947,1,2,2,4,2,[-0.4302101  -0.63702124 -0.34946823  0.11081287  0.2654004  -0.78844035]
948,1,2,2,4,3,[-0.91991264 -0.21661112  0.46493536  0.52633166 -0.65202755  0.08140976]
949,1,2,2,4,4,[-0.28111297  0.12229581 -0.13387747  0.14969264  0.28129673  0.11959228]
950,1,2,3,0,0,[-0.1219027   0.6196595   0.2480067   0.4226582   0.593581    0.88588315]
951,1,2,3,0,1,[-0.30061376  0.38194683  0.3920022   0.52434105  0.17448524  0.7032994 ]
952,1,2,3,0,2,[-0.21848519 -0.29178092 -0.11022606  0.17868477  0.47016656 -0.27238473]
953,1,2,3,0,3,[-0.36066636  0.3532636   0.49978334  0.5912577  -0.03214096  0.7208681 ]
954,1,2,3,0,4,[-0.11626516  0.21437521  0.00969553  0.19708371  0.4397383   0.31083256]
955,1,2,3,1,0,[-0.25411054  0.43063447  0.06630224  0.24397644  0.17960635  0.5662817 ]
956,1,2,3,1,1,[-0.5426531  -0.03733071  0.18838127  0.29809746 -0.31042182  0.12729356]
957,1,2,3,1,2,[-0.20343931 -0.24662523 -0.26305655  0.08914316  0.16384235 -0.33016452]
958,1,2,3,1,3,[-0.6711643  -0.21256395  0.28773278  0.33693784 -0.55308527 -0.01648376]
959,1,2,3,1,4,[-0.12543015  0.2565644  -0.10578179  0.1086575   0.17100222  0.27315915]
960,1,2,3,2,0,[-0.12411731  0.30568713  0.11330341  0.23594177  0.23288411  0.45610076]
961,1,2,3,2,1,[-0.28348005  0.05942622  0.19799809  0.28464982 -0.07483241  0.23529   ]
962,1,2,3,2,2,[-0.13439989 -0.20354047 -0.10994589  0.10725401  0.19472425 -0.20464697]
963,1,2,3,2,3,[-0.3486666  -0.01440847  0.2637798   0.31715602 -0.22687978  0.18477146]
964,1,2,3,2,4,[-0.07683946  0.13242616 -0.0224907   0.11512549  0.18835104  0.18409641]
965,1,2,3,3,0,[-0.05629266  0.562467    0.23231182  0.41164258  0.5069422   0.838067  ]
966,1,2,3,3,1,[-0.22132657  0.32322937  0.3554514   0.49723947  0.13799493  0.6452663 ]
967,1,2,3,3,2,[-0.12960823 -0.19467269 -0.07802427  0.20451595  0.40954453 -0.13503748]
968,1,2,3,3,3,[-0.28187072  0.27484095  0.44694272  0.55134684 -0.0459519   0.6338288 ]
969,1,2,3,3,4,[-0.05449555  0.23337989  0.02332009  0.20871845  0.37879217  0.35103056]
970,1,2,3,4,0,[-0.4176986   0.46505928  0.14735687  0.35264334  0.32057935  0.66355693]
971,1,2,3,4,1,[-0.78026456 -0.09465552  0.31788474  0.4411826  -0.35601437  0.14940627]
972,1,2,3,4,2,[-0.4037381  -0.5709637  -0.31044653  0.10592166  0.26965803 -0.6782346 ]
973,1,2,3,4,3,[-0.92825335 -0.2668657   0.45478907  0.505983   -0.6860997   0.0257539 ]
974,1,2,3,4,4,[-0.26182842  0.16654389 -0.11057516  0.14476915  0.28257337  0.19174567]
975,1,2,4,0,0,[-0.15099145  0.68108386  0.25064     0.46575734  0.64748406  0.9375068 ]
976,1,2,4,0,1,[-0.34753042  0.4249318   0.41260377  0.58035743  0.1812849   0.7434332 ]
977,1,2,4,0,2,[-0.26401097 -0.35382745 -0.15123014  0.19146952  0.50498843 -0.37228328]
978,1,2,4,0,3,[-0.4113493   0.40078184  0.535571    0.65626496 -0.04643366  0.77360445]
979,1,2,4,0,4,[-0.14467226  0.22003658 -0.01051407  0.21394399  0.47617793  0.2963869 ]
980,1,2,4,1,0,[-0.29743367  0.46298456  0.05082931  0.26683047  0.18490377  0.57928157]
981,1,2,4,1,1,[-0.61643255 -0.05031719  0.1883224   0.32784292 -0.3603688   0.09914657]
982,1,2,4,1,2,[-0.2460668  -0.30974033 -0.31871587  0.09287023  0.16281645 -0.4376905 ]
983,1,2,4,1,3,[-0.75673896 -0.23799406  0.30169758  0.37199005 -0.62840927 -0.0509045 ]
984,1,2,4,1,4,[-0.15375736  0.26236707 -0.13688779  0.11621612  0.176146    0.2538647 ]
985,1,2,4,2,0,[-0.14941771  0.3309575   0.10933731  0.25804076  0.24861504  0.47257304]
986,1,2,4,2,1,[-0.32546568  0.06192354  0.20459044  0.3128749  -0.09387397  0.23231204]
987,1,2,4,2,2,[-0.16410527 -0.24856955 -0.14101344  0.1135681   0.20312649 -0.27561206]
988,1,2,4,2,3,[-0.39617658 -0.0153483   0.27967632  0.34980652 -0.2617102   0.1827804 ]
989,1,2,4,2,4,[-0.09616267  0.13298266 -0.03891518  0.12378056  0.19968434  0.17052275]
990,1,2,4,3,0,[-0.07750855  0.61736196  0.2356607   0.45225474  0.5513603   0.8880749 ]
991,1,2,4,3,1,[-0.2593215   0.35824046  0.3740007   0.54853755  0.14085336  0.6810815 ]
992,1,2,4,3,2,[-0.16362187 -0.24284628 -0.1122      0.21972458  0.43870175 -0.21234347]
993,1,2,4,3,3,[-0.32417232  0.3110406   0.47832233  0.6098967  -0.06195908  0.6773704 ]
994,1,2,4,3,4,[-0.07489646  0.24298196  0.00698096  0.22641176  0.40912998  0.34609237]
995,1,2,4,4,0,[-0.48558763  0.49646258  0.13141683  0.3867343   0.33563706  0.667734  ]
996,1,2,4,4,1,[-0.8863728  -0.11621656  0.32339025  0.48659685 -0.4175373   0.10690112]
997,1,2,4,4,2,[-0.47695565 -0.68312407 -0.38231644  0.10938144  0.27267182 -0.8526209 ]
998,1,2,4,4,3,[-1.0473163  -0.29767087  0.47968635  0.560174   -0.78209406 -0.01679014]
999,1,2,4,4,4,[-0.31149507  0.15400943 -0.15031815  0.15486155  0.2944422   0.14337341]
1000,1,3,0,0,0,[-0.064774    0.45960206  0.12609814  0.25234646  0.3420521   0.63636667]
1001,1,3,0,0,1,[-0.20571725  0.22692335  0.20770015  0.3096296   0.04959923  0.42626488]
1002,1,3,0,0,2,[-0.0875745  -0.02650396 -0.07633644  0.11125851  0.29807305  0.01842584]
1003,1,3,0,0,3,[-0.26484516  0.15056194  0.2698133   0.3469455  -0.10079493  0.36806834]
1004,1,3,0,0,4,[-0.03850372  0.25258183 -0.00529961  0.12101579  0.27296144  0.33124515]
1005,1,3,0,1,0,[-0.13631871  0.39261723  0.01248952  0.14829743  0.10139312  0.49955332]
1006,1,3,0,1,1,[-0.34787852  0.00381558  0.08227499  0.177923   -0.23916635  0.11460437]
1007,1,3,0,1,2,[-0.06785565  0.0592249  -0.1752004   0.05858173  0.12532978  0.05280509]
1008,1,3,0,1,3,[-0.45089927 -0.17311788  0.14083073  0.19908121 -0.41513187 -0.05574382]
1009,1,3,0,1,4,[-0.03573074  0.324127   -0.07954865  0.06915802  0.11865399  0.36250046]
1010,1,3,0,2,0,[-0.06429827  0.25550565  0.05310247  0.1449233   0.13372178  0.36183038]
1011,1,3,0,2,1,[-0.18370007  0.04243167  0.1012643   0.17198664 -0.07998689  0.15608183]
1012,1,3,0,2,2,[-0.04653549 -0.00632516 -0.07363205  0.07035598  0.13166246  0.02031459]
1013,1,3,0,2,3,[-0.23905869 -0.04493196  0.13952231  0.18972139 -0.19007821  0.07540051]
1014,1,3,0,2,4,[-0.02121991  0.17544958 -0.02127951  0.07365242  0.12191522  0.22420043]
1015,1,3,0,3,0,[-0.02255288  0.41967326  0.12090257  0.25017124  0.2938078   0.60461754]
1016,1,3,0,3,1,[-0.15161607  0.19507225  0.19079444  0.298323    0.03592867  0.39819932]
1017,1,3,0,3,2,[-0.03517251  0.02080015 -0.05472499  0.13052318  0.262458    0.0907018 ]
1018,1,3,0,3,3,[-0.20866449  0.11260945  0.24355589  0.32812345 -0.09814442  0.32890296]
1019,1,3,0,3,4,[-0.00188498  0.2543214   0.00516987  0.13097449  0.23709919  0.34692496]
1020,1,3,0,4,0,[-0.23480177  0.42993137  0.05291459  0.21011843  0.17654905  0.5764668 ]
1021,1,3,0,4,1,[-0.5026526  -0.04446498  0.14996946  0.2590244  -0.29122892  0.11277104]
1022,1,3,0,4,2,[-0.17650229 -0.1005749  -0.20708698  0.06697092  0.18934333 -0.11405271]
1023,1,3,0,4,3,[-0.62542164 -0.23874111  0.23004955  0.29491523 -0.5290682  -0.06735165]
1024,1,3,0,4,4,[-0.10917146  0.3013165  -0.08620416  0.0895355   0.18568544  0.34875143]
1025,1,3,1,0,0,[-0.02937241  0.51514626  0.21046773  0.32769153  0.45607954  0.81597817]
1026,1,3,1,0,1,[-0.16655962  0.31206772  0.31418812  0.3962412   0.1612818   0.65684783]
1027,1,3,1,0,2,[-0.06959808 -0.057231   -0.03757827  0.16453578  0.38715956  0.06758591]
1028,1,3,1,0,3,[-0.22386569  0.2585848   0.38896254  0.43878096  0.0083373   0.63136894]
1029,1,3,1,0,4,[-0.02336368  0.25064784  0.03675691  0.16657716  0.34546643  0.4031031 ]
1030,1,3,1,1,0,[-0.12843318  0.40812635  0.05884986  0.20128289  0.1684291   0.59856004]
1031,1,3,1,1,1,[-0.34458163  0.0404047   0.14931948  0.23784193 -0.17891957  0.2546882 ]
1032,1,3,1,1,2,"[-6.5473758e-02  1.1999364e-04 -1.7268112e-01  9.7155623e-02
  1.7441279e-01  3.3830058e-02]"
1033,1,3,1,1,3,[-0.45040008 -0.11822957  0.22139943  0.2620219  -0.35880625  0.11335288]
1034,1,3,1,1,4,[-0.03489619  0.3000472  -0.06488051  0.10184234  0.15890089  0.38224217]
1035,1,3,1,2,0,[-0.04384839  0.27875826  0.10167914  0.19587384  0.196306    0.46204826]
1036,1,3,1,2,1,[-0.16365904  0.08161532  0.16369836  0.22883908 -0.02079693  0.28565824]
1037,1,3,1,2,2,[-0.03370056 -0.03517772 -0.05434508  0.10907321  0.18045524  0.03958732]
1038,1,3,1,2,3,[-0.21964769  0.0073249   0.21016073  0.2488886  -0.1334062   0.22429486]
1039,1,3,1,2,4,[-0.01123351  0.16727181  0.00168919  0.10600542  0.16144185  0.26129758]
1040,1,3,1,3,0,[0.02164955 0.4694882  0.20109992 0.33109066 0.39868322 0.77538973]
1041,1,3,1,3,1,[-0.10442632  0.26953524  0.2904291   0.3890186   0.1386772   0.612573  ]
1042,1,3,1,3,2,[-0.00629647 -0.00309635 -0.01490426  0.19179477  0.3455509   0.14804447]
1043,1,3,1,3,3,[-0.16061075  0.2061246   0.35410428  0.42271498  0.00198914  0.57057035]
1044,1,3,1,3,4,[0.02162328 0.2549397  0.04674319 0.18226463 0.3045212  0.42117372]
1045,1,3,1,4,0,[-0.22556514  0.45946738  0.13147046  0.28177744  0.2808686   0.73388726]
1046,1,3,1,4,1,[-0.4965571   0.0165528   0.25668558  0.34171247 -0.19579895  0.3288677 ]
1047,1,3,1,4,2,[-0.1789965  -0.1778311  -0.18801863  0.1162513   0.2676434  -0.12152015]
1048,1,3,1,4,3,[-0.6208566  -0.15077883  0.35427022  0.3829316  -0.43892235  0.1894961 ]
1049,1,3,1,4,4,[-0.11186384  0.27085754 -0.05491134  0.13208945  0.24933372  0.38873228]
1050,1,3,2,0,0,[-0.01491647  0.47914246  0.18865038  0.3352104   0.4615505   0.7530203 ]
1051,1,3,2,0,1,[-0.12170057  0.34569377  0.30843097  0.40580255  0.21580775  0.68919796]
1052,1,3,2,0,2,[-0.0741363  -0.10550946 -0.07905947  0.1734147   0.36998588 -0.03633302]
1053,1,3,2,0,3,[-0.16312167  0.33048356  0.3959869   0.44894528  0.09079961  0.7214375 ]
1054,1,3,2,0,4,[-0.02847175  0.19170499  0.01062256  0.1719448   0.3308625   0.30840763]
1055,1,3,2,1,0,[-0.12263002  0.34417042  0.01978881  0.20951077  0.17131573  0.48351395]
1056,1,3,2,1,1,[-0.30393523  0.06301744  0.12897685  0.24818121 -0.12230164  0.25631294]
1057,1,3,2,1,2,[-0.08324922 -0.0893676  -0.23473182  0.10605004  0.14901234 -0.14093573]
1058,1,3,2,1,3,[-0.3909473  -0.04561836  0.21679774  0.27297217 -0.27090925  0.18895274]
1059,1,3,2,1,4,[-0.04978966  0.20839447 -0.10575169  0.10757398  0.14060664  0.23379537]
1060,1,3,2,2,0,[-0.035301    0.24867143  0.08354237  0.20304036  0.20156357  0.40890276]
1061,1,3,2,2,1,[-0.1333771   0.10347496  0.15688723  0.23744603  0.01867151  0.30270264]
1062,1,3,2,2,2,[-0.03935031 -0.07802632 -0.08635224  0.1167574   0.16874571 -0.04686252]
1063,1,3,2,2,3,[-0.17787853  0.0584015   0.21253695  0.25785127 -0.07437433  0.28460053]
1064,1,3,2,2,4,[-0.01650428  0.11965933 -0.01884685  0.11109065  0.15238363  0.18531518]
1065,1,3,2,3,0,[0.03567517 0.43515927 0.18190733 0.34090027 0.40545785 0.7173371 ]
1066,1,3,2,3,1,[-0.06329652  0.2981666   0.28564152  0.4006412   0.18861718  0.6405335 ]
1067,1,3,2,3,2,[-0.00974703 -0.05045817 -0.0518475   0.20239142  0.33157787  0.05095014]
1068,1,3,2,3,3,[-0.105298    0.26975262  0.36081746  0.43477663  0.07654249  0.65101534]
1069,1,3,2,3,4,[0.01767147 0.19953026 0.02352156 0.18924472 0.2930644  0.3339596 ]
1070,1,3,2,4,0,[-0.21104695  0.39671078  0.09034167  0.29225194  0.29088482  0.6182741 ]
1071,1,3,2,4,1,[-0.43553755  0.06532633  0.23937424  0.35533744 -0.11242355  0.36324167]
1072,1,3,2,4,2,[-0.19446114 -0.2681438  -0.25807825  0.12807868  0.24158038 -0.3076416 ]
1073,1,3,2,4,3,[-0.53517985 -0.03943026  0.35634375  0.3975072  -0.31363267  0.31616193]
1074,1,3,2,4,4,[-0.12580211  0.17022999 -0.10026943  0.1393866   0.22909842  0.22520201]
1075,1,3,3,0,0,[-0.01437619  0.4758835   0.19858505  0.3252249   0.45094764  0.763088  ]
1076,1,3,3,0,1,[-0.12705997  0.3253172   0.30965713  0.39279813  0.19889715  0.67268354]
1077,1,3,3,0,2,[-0.06506307 -0.08298656 -0.05477274  0.16852772  0.36963874  0.01343884]
1078,1,3,3,0,3,[-0.17245968  0.29827413  0.3899332   0.4340915   0.06924248  0.6852836 ]
1079,1,3,3,0,4,[-0.02213539  0.20597412  0.02542527  0.16738386  0.32940525  0.33996525]
1080,1,3,3,1,0,[-0.11724593  0.35379663  0.03803767  0.20279035  0.16975784  0.514573  ]
1081,1,3,3,1,1,[-0.30339447  0.05565277  0.13815714  0.23954575 -0.12993276  0.26019385]
1082,1,3,3,1,2,[-0.07114026 -0.05539421 -0.20172106  0.10259899  0.15697438 -0.07058729]
1083,1,3,3,1,3,[-0.39371905 -0.06499333  0.21799974  0.26318374 -0.28325596  0.17213848]
1084,1,3,3,1,4,[-0.04085163  0.23163821 -0.0846435   0.10442426  0.14543566  0.280828  ]
1085,1,3,3,2,0,[-0.03380468  0.2509546   0.09201733  0.19667205  0.19740732  0.42145157]
1086,1,3,3,2,1,[-0.1353292   0.09469595  0.15964964  0.2295265   0.01053761  0.29784715]
1087,1,3,3,2,2,[-0.03294011 -0.05946753 -0.06845881  0.11307491  0.17095883 -0.00867735]
1088,1,3,3,2,3,[-0.18215299  0.04187719  0.21042404  0.2490371  -0.08550381  0.26673684]
1089,1,3,3,2,4,[-0.01188654  0.13201228 -0.00772318  0.10784075  0.15331699  0.21022263]
1090,1,3,3,3,0,[0.03452248 0.43281242 0.18998651 0.33019006 0.3957774  0.7252862 ]
1091,1,3,3,3,1,[-0.0694646   0.28098     0.28615558  0.38746354  0.17347847  0.6253645 ]
1092,1,3,3,3,2,[-0.00356062 -0.03054355 -0.03124221  0.19597815  0.33081833  0.09343823]
1093,1,3,3,3,3,[-0.11475989  0.2423196   0.355026    0.42020166  0.05743458  0.6188541 ]
1094,1,3,3,3,4,[0.02185551 0.212164   0.03594766 0.18362367 0.29139474 0.36069128]
1095,1,3,3,4,0,[-0.20372763  0.40545464  0.11085601  0.28307322  0.28600696  0.65209466]
1096,1,3,3,4,1,[-0.43521407  0.05103004  0.24794182  0.34307086 -0.12551005  0.36069074]
1097,1,3,3,4,2,[-0.1773923  -0.22569697 -0.21793453  0.12408815  0.24966347 -0.22058411]
1098,1,3,3,4,3,[-0.53972906 -0.07000753  0.35458964  0.38330668 -0.33306888  0.2861122 ]
1099,1,3,3,4,4,[-0.11319041  0.19897763 -0.07491733  0.13553753  0.23383896  0.2829488 ]
1100,1,3,4,0,0,[-0.02898195  0.52397686  0.19501577  0.35461113  0.48719177  0.80433357]
1101,1,3,4,0,1,[-0.1524345   0.36144778  0.3198994   0.4306088   0.20706333  0.7091873 ]
1102,1,3,4,0,2,[-0.08931118 -0.11027789 -0.08851165  0.17881757  0.39363608 -0.04133564]
1103,1,3,4,0,3,[-0.2006016   0.3359976   0.41178152  0.47759682  0.0646252   0.73031574]
1104,1,3,4,0,4,[-0.0369865   0.2176058   0.00732557  0.179647    0.3534465   0.3366776 ]
1105,1,3,4,1,0,[-0.14138551  0.38480893  0.02020727  0.21941848  0.17531978  0.53098273]
1106,1,3,4,1,1,[-0.346541    0.05733566  0.13287164  0.26073903 -0.1579108   0.25273883]
1107,1,3,4,1,2,[-0.09393625 -0.08172102 -0.24805394  0.10712631  0.15838164 -0.13050826]
1108,1,3,4,1,3,[-0.44486186 -0.0727445   0.22401707  0.2877189  -0.3269597   0.16103962]
1109,1,3,4,1,4,[-0.05596763  0.24451815 -0.11203159  0.11082169  0.14982842  0.27425975]
1110,1,3,4,2,0,[-0.04692239  0.27365488  0.08567324  0.21283697  0.20921603  0.43833032]
1111,1,3,4,2,1,[-0.15873684  0.10271083  0.16168302  0.24970952  0.00137968  0.3039676 ]
1112,1,3,4,2,2,[-0.04831919 -0.07938188 -0.09378269  0.11926397  0.17801206 -0.04720449]
1113,1,3,4,2,3,[-0.20937963  0.04679671  0.2197522   0.27197334 -0.1043866   0.2737059 ]
1114,1,3,4,2,4,[-0.02173717  0.13818578 -0.02197609  0.11496084  0.16151008  0.20613787]
1115,1,3,4,3,0,[0.02537328 0.47594085 0.18800959 0.3590108  0.42641807 0.7658493 ]
1116,1,3,4,3,1,[-0.08884762  0.31117746  0.29594374  0.4232239   0.1792329   0.6590062 ]
1117,1,3,4,3,2,[-0.02009957 -0.05014067 -0.05924042  0.2088085   0.3516946   0.05341081]
1118,1,3,4,3,3,[-0.13729551  0.27208203  0.37466693  0.46046314  0.05163674  0.65769553]
1119,1,3,4,3,4,[0.01244354 0.22558635 0.02131931 0.19720697 0.31201774 0.36385337]
1120,1,3,4,4,0,[-0.24232143  0.4389894   0.0913583   0.30695352  0.29839537  0.66588545]
1121,1,3,4,4,1,[-0.49736643  0.05058741  0.24563555  0.37447435 -0.1593088   0.34836668]
1122,1,3,4,4,2,[-0.2182842  -0.2792062  -0.2767038   0.1285884   0.25411248 -0.3200975 ]
1123,1,3,4,4,3,[-0.6106466  -0.0781481   0.36761373  0.4203171  -0.38801762  0.2744607 ]
1124,1,3,4,4,4,[-0.14096023  0.2028596  -0.10923854  0.14361046  0.24264184  0.25986332]
1125,1,4,0,0,0,[-0.04935437  0.3785899   0.11939127  0.24764164  0.30093685  0.5726787 ]
1126,1,4,0,0,1,[-0.16737157  0.189926    0.20480922  0.29967025  0.05634418  0.42039347]
1127,1,4,0,0,2,[-0.06716223 -0.03294456 -0.07807123  0.12264895  0.26281583  0.01713874]
1128,1,4,0,0,3,[-0.21817313  0.12897712  0.26883036  0.3324305  -0.06987428  0.3852881 ]
1129,1,4,0,0,4,[-0.03023732  0.20082332 -0.00726351  0.12566689  0.23549691  0.2846982 ]
1130,1,4,0,1,0,[-0.12557602  0.31256303 -0.00330598  0.15154716  0.08265266  0.4218896 ]
1131,1,4,0,1,1,[-0.3061657  -0.00634761  0.07320249  0.17911358 -0.20578091  0.12119604]
1132,1,4,0,1,2,[-0.06226344  0.03010051 -0.19057389  0.07172811  0.10507752  0.01131559]
1133,1,4,0,1,3,[-0.39556193 -0.15169033  0.13639982  0.19773299 -0.35531792 -0.00862983]
1134,1,4,0,1,4,[-0.03855248  0.25245017 -0.0912515   0.07640159  0.09551622  0.28340438]
1135,1,4,0,2,0,[-0.05060435  0.20821601  0.04945193  0.14950892  0.11959526  0.3257953 ]
1136,1,4,0,2,1,[-0.15151894  0.03408035  0.1012397   0.17450127 -0.06035743  0.16828947]
1137,1,4,0,2,2,[-0.03373564 -0.0136255  -0.07575288  0.08287544  0.11816368  0.01522162]
1138,1,4,0,2,3,[-0.19941054 -0.03719714  0.14156945  0.18991281 -0.15353343  0.10896371]
1139,1,4,0,2,4,[-0.01607451  0.13828906 -0.02307457  0.08107235  0.1057412   0.18987653]
1140,1,4,0,3,0,[-0.00359086  0.3507827   0.1190837   0.25408056  0.26649547  0.55672854]
1141,1,4,0,3,1,[-0.11141448  0.16851296  0.19293518  0.29820237  0.05064917  0.4048444 ]
1142,1,4,0,3,2,[-0.01383736  0.01221554 -0.05337979  0.14705503  0.23873581  0.09169429]
1143,1,4,0,3,3,[-0.16063693  0.10207211  0.24765931  0.32409647 -0.06237244  0.3581056 ]
1144,1,4,0,3,4,[0.00811503 0.20672959 0.00583989 0.14033347 0.21040249 0.3080526 ]
1145,1,4,0,4,0,[-0.21417826  0.33630314  0.03731981  0.20919052  0.14546233  0.49310577]
1146,1,4,0,4,1,[-0.44141635 -0.05212456  0.14225608  0.2544543  -0.24897447  0.1350398 ]
1147,1,4,0,4,2,[-0.15880963 -0.11221328 -0.21932305  0.08238832  0.15842015 -0.13407059]
1148,1,4,0,4,3,[-0.5471546  -0.21063095  0.22717167  0.28633052 -0.44985762  0.00241707]
1149,1,4,0,4,4,[-0.10542065  0.22569545 -0.09604023  0.09680507  0.14979446  0.2689446 ]
1150,1,4,1,0,0,[-0.0060656   0.43217564  0.20948075  0.33087605  0.4169989   0.76563156]
1151,1,4,1,0,1,[-0.12161873  0.27023885  0.3195633   0.39389047  0.17180778  0.66582793]
1152,1,4,1,0,2,[-0.03777999 -0.05538583 -0.03696969  0.18466872  0.35500962  0.08295324]
1153,1,4,1,0,3,[-0.1723226   0.2293581   0.39785752  0.43119982  0.0434517   0.66310215]
1154,1,4,1,0,4,[-0.00722952  0.20282763  0.03781698  0.1778926   0.30978823  0.36889502]
1155,1,4,1,1,0,[-0.11315648  0.32744235  0.04130492  0.21140204  0.14932106  0.52599585]
1156,1,4,1,1,1,[-0.29983726  0.02793401  0.1416727   0.24583441 -0.14420965  0.26924324]
1157,1,4,1,1,2,[-0.05182151 -0.020984   -0.19429179  0.11757843  0.1543939  -0.00165099]
1158,1,4,1,1,3,[-0.39363423 -0.10113464  0.22096992  0.26703858 -0.29701707  0.16964166]
1159,1,4,1,1,4,[-0.03263545  0.23213778 -0.07986867  0.11466362  0.13546196  0.30763176]
1160,1,4,1,2,0,[-0.0239228   0.23158945  0.1010237   0.20771386  0.18439478  0.435485  ]
1161,1,4,1,2,1,[-0.12604374  0.07201087  0.16857693  0.23856884  0.00225256  0.3089141 ]
1162,1,4,1,2,2,[-0.01256393 -0.03629962 -0.0561331   0.12906599  0.1695966   0.04511909]
1163,1,4,1,2,3,[-0.17566654  0.0122564   0.21843134  0.2558897  -0.09312029  0.26912478]
1164,1,4,1,2,4,[-0.00030276  0.1332837   0.00105584  0.11918526  0.14696749  0.23496576]
1165,1,4,1,3,0,[0.05065217 0.4002696  0.20591107 0.34557047 0.37547317 0.74333036]
1166,1,4,1,3,1,[-0.05513101  0.24040231  0.3016437   0.39939198  0.15910615  0.63679785]
1167,1,4,1,3,2,[ 0.0277796  -0.00351285 -0.01028465  0.21926385  0.32657453  0.16688909]
1168,1,4,1,3,3,[-0.1049988   0.19069263  0.36879423  0.42856055  0.0438011   0.6172053 ]
1169,1,4,1,3,4,[0.04067902 0.21153352 0.05109506 0.20005563 0.28101897 0.39576793]
1170,1,4,1,4,0,[-0.19850641  0.36480024  0.11695384  0.2887196   0.2502405   0.66125166]
1171,1,4,1,4,1,[-0.43070033  0.00518395  0.25396937  0.34484035 -0.15054864  0.3651973 ]
1172,1,4,1,4,2,[-0.15001827 -0.17785907 -0.20447002  0.14038225  0.23825721 -0.12799345]
1173,1,4,1,4,3,[-0.5401054  -0.129474    0.3593213   0.3814327  -0.35585964  0.27417287]
1174,1,4,1,4,4,[-0.10086613  0.20083486 -0.06616109  0.14599636  0.2138796   0.31884646]
1175,1,4,2,0,0,[0.00742696 0.4041688  0.17499384 0.34023955 0.4195836  0.6970518 ]
1176,1,4,2,0,1,[-0.08182371  0.30151412  0.30509907  0.4056759   0.21845195  0.68646777]
1177,1,4,2,0,2,[-0.04157514 -0.09658274 -0.09714283  0.19410628  0.33441204 -0.03414109]
1178,1,4,2,0,3,[-0.11883571  0.29346648  0.39994827  0.4438613   0.11576129  0.74010533]
1179,1,4,2,0,4,[-0.01097687  0.15439202 -0.00077872  0.18419094  0.29397348  0.27141485]
1180,1,4,2,1,0,[-0.10844441  0.27400705 -0.01560039  0.22077619  0.14540337  0.40223846]
1181,1,4,2,1,1,[-0.2654755   0.0478242   0.10824551  0.25745142 -0.09972699  0.25401205]
1182,1,4,2,1,2,[-0.06782638 -0.09880719 -0.28133187  0.12677833  0.12186167 -0.1918288 ]
1183,1,4,2,1,3,[-0.3433069  -0.03851716  0.20797695  0.27939278 -0.2235241   0.2261655 ]
1184,1,4,2,1,4,[-0.04547369  0.15497583 -0.13765456  0.12099881  0.11296431  0.15557541]
1185,1,4,2,2,0,[-0.01590588  0.20743284  0.07317616  0.216129    0.18656336  0.37793675]
1186,1,4,2,2,1,[-0.09939017  0.09193111  0.15488407  0.24858318  0.03514028  0.31671467]
1187,1,4,2,2,2,[-0.01722509 -0.07307505 -0.1021386   0.13729595  0.15456866 -0.05030335]
1188,1,4,2,2,3,[-0.13921104  0.05714643  0.21666372  0.2663756  -0.04222466  0.31889144]
1189,1,4,2,2,4,[-0.0043241   0.09381624 -0.02886941  0.12498067  0.13624382  0.15718889]
1190,1,4,2,3,0,[0.06449819 0.37379456 0.17541416 0.35757667 0.37971064 0.6811638 ]
1191,1,4,2,3,1,[-0.01782903  0.26747257  0.2891304   0.41354933  0.20217842  0.65509135]
1192,1,4,2,3,2,[ 0.02571552 -0.04347324 -0.0639545   0.23094274  0.30958846  0.05924204]
1193,1,4,2,3,3,[-0.05549882  0.24772476  0.3711809   0.4433698   0.10951122  0.6866286 ]
1194,1,4,2,3,4,[0.03848945 0.16626856 0.01673571 0.20830469 0.26846552 0.3069515 ]
1195,1,4,2,4,0,[-0.18634954  0.3132994   0.05454361  0.3005155   0.2525185   0.5340407 ]
1196,1,4,2,4,1,[-0.37881526  0.04825551  0.22130972  0.36002365 -0.08253029  0.37734836]
1197,1,4,2,4,2,[-0.16440155 -0.25644007 -0.30481642  0.15218809  0.20413947 -0.335114  ]
1198,1,4,2,4,3,[-0.4672078  -0.03290474  0.35184214  0.39780882 -0.24929436  0.37577504]
1199,1,4,2,4,4,[-0.11297992  0.11659336 -0.13191354  0.15385355  0.18931308  0.14996347]
1200,1,4,3,0,0,[0.00804796 0.40100116 0.19084105 0.3306541  0.41270506 0.71293616]
1201,1,4,3,0,1,[-0.08645564  0.28364232  0.31086037  0.39322954  0.20528151  0.6764051 ]
1202,1,4,3,0,2,[-0.03337972 -0.07724695 -0.06543946  0.18929191  0.3374582   0.02040355]
1203,1,4,3,0,3,[-0.12694658  0.26543772  0.39709437  0.42966437  0.09785575  0.7104649 ]
1204,1,4,3,0,4,[-0.00530168  0.16634268  0.01922444  0.17970102  0.29509312  0.30612627]
1205,1,4,3,1,0,[-0.1032652   0.28215864  0.00990392  0.2141411   0.14735213  0.43903527]
1206,1,4,3,1,1,[-0.26446348  0.04145845  0.12295062  0.24899526 -0.10386693  0.26408204]
1207,1,4,3,1,2,[-0.05683706 -0.06942459 -0.23906204  0.12321417  0.13320114 -0.11621312]
1208,1,4,3,1,3,[-0.34507918 -0.05513736  0.21302001  0.2698525  -0.23249981  0.21540785]
1209,1,4,3,1,4,[-0.03737641  0.1747642  -0.11006109  0.1177666   0.12030534  0.2059491 ]
1210,1,4,3,2,0,[-0.01462363  0.20910545  0.08577365  0.20972253  0.1845781   0.39386716]
1211,1,4,3,2,1,[-0.10112856  0.0841286   0.16075994  0.2407065   0.02918073  0.31560192]
1212,1,4,3,2,2,[-0.01163184 -0.05719849 -0.07898166  0.13341253  0.15880908 -0.00922307]
1213,1,4,3,2,3,[-0.1429276   0.0427232   0.2166937   0.25766852 -0.05123743  0.30476978]
1214,1,4,3,2,4,[-0.00032271  0.10417164 -0.01406717  0.12158207  0.13869548  0.18392128]
1215,1,4,3,3,0,[0.06300096 0.3710924  0.18850182 0.34677556 0.37292525 0.6934739 ]
1216,1,4,3,3,1,[-0.02377415  0.2520272   0.2934163   0.4004183   0.18994783  0.64482886]
1217,1,4,3,3,2,[ 0.03073556 -0.02672114 -0.03696726  0.22417223  0.31147036  0.10527453]
1218,1,4,3,3,3,[-0.06427827  0.22350661  0.36797863  0.42895028  0.0932522   0.6594426 ]
1219,1,4,3,3,4,[0.04179391 0.1765814  0.03361657 0.20242323 0.26879036 0.33593923]
1220,1,4,3,4,0,[-0.17904979  0.32081613  0.08411385  0.29178303  0.25244057  0.57561994]
1221,1,4,3,4,1,[-0.37762904  0.03604445  0.23677404  0.34834546 -0.09082453  0.38325375]
1222,1,4,3,4,2,[-0.14860049 -0.2195477  -0.25318003  0.14832662  0.2167445  -0.24123913]
1223,1,4,3,4,3,[-0.4702071  -0.05905348  0.35489464  0.3842841  -0.26408654  0.35410252]
1224,1,4,3,4,4,[-0.10132308  0.14120461 -0.0985107   0.15011035  0.19743173  0.21208292]
1225,1,4,4,0,0,[-0.00566668  0.4404624   0.18102835  0.35762152  0.44014084  0.74119806]
1226,1,4,4,0,1,[-0.10895023  0.31365538  0.31578305  0.42777926  0.2097467   0.70459837]
1227,1,4,4,0,2,[-0.05530161 -0.10152183 -0.10499953  0.19944364  0.35402963 -0.0374437 ]
1228,1,4,4,0,3,[-0.15167046  0.2970548   0.41446587  0.46931008  0.09216621  0.74879724]
1229,1,4,4,0,4,[-0.01918588  0.17484468 -0.00336347  0.19133417  0.31219435  0.29524082]
1230,1,4,4,1,0,[-0.1260435   0.30671835 -0.01478532  0.22986712  0.14791241  0.4436219 ]
1231,1,4,4,1,1,[-0.30328918  0.04197975  0.11223706  0.26889125 -0.13125233  0.25239873]
1232,1,4,4,1,2,[-0.07811594 -0.09326467 -0.29258007  0.12826656  0.13003449 -0.18117988]
1233,1,4,4,1,3,[-0.3907846  -0.06238817  0.2148642   0.2927448  -0.27278873  0.2034982 ]
1234,1,4,4,1,4,[-0.0520834   0.1838614  -0.14285532  0.1242044   0.12029457  0.19014964]
1235,1,4,4,2,0,[-0.02654872  0.22754921  0.07549272  0.22522359  0.19246458  0.40371752]
1236,1,4,4,2,1,[-0.12163557  0.09063898  0.15963948  0.25984892  0.01971332  0.3188924 ]
1237,1,4,4,2,2,[-0.02537819 -0.07476229 -0.10821937  0.14010361  0.16244683 -0.0494542 ]
1238,1,4,4,2,3,[-0.16668391  0.04676449  0.22353928  0.2792526  -0.06860994  0.31061664]
1239,1,4,4,2,4,[-0.00943231  0.10849154 -0.03130127  0.12880121  0.14357789  0.17504731]
1240,1,4,4,3,0,[0.05523432 0.40722424 0.18153831 0.3743146  0.39697024 0.72388655]
1241,1,4,4,3,1,[-0.03992769  0.277853    0.29908407  0.4342033   0.19356894  0.6727989 ]
1242,1,4,4,3,2,[ 0.01664053 -0.04370009 -0.0697045   0.23758015  0.32679605  0.0631503 ]
1243,1,4,4,3,3,[-0.08307563  0.24917845  0.38425708  0.46670294  0.08758774  0.6942354 ]
1244,1,4,4,3,4,[0.03353881 0.1872409  0.01534924 0.21600685 0.28413236 0.33291706]
1245,1,4,4,4,0,[-0.21545722  0.3463283   0.05585307  0.31366342  0.2569049   0.57463145]
1246,1,4,4,4,1,[-0.43374252  0.03384754  0.22743405  0.3770953  -0.12464947  0.36554262]
1247,1,4,4,4,2,[-0.18660711 -0.26746893 -0.32073727  0.15313643  0.21413474 -0.34468433]
1248,1,4,4,4,3,[-0.5337147  -0.06740489  0.36237857  0.41810444 -0.31507137  0.34097207]
1249,1,4,4,4,4,[-0.12792625  0.14166562 -0.13951254  0.1578492   0.19939801  0.17864819]
1250,2,0,0,0,0,[-0.28610915  0.26436454  0.08225606  0.27300254  0.17288378  0.3330125 ]
1251,2,0,0,0,1,[-0.47547272 -0.07423692  0.15802133  0.3489454  -0.22840583 -0.01199882]
1252,2,0,0,0,2,[-0.28647268 -0.23863703 -0.12629569  0.09088227  0.17238899 -0.27799496]
1253,2,0,0,0,3,[-0.5490405  -0.18672155  0.21872221  0.40046802 -0.42696226 -0.11962327]
1254,2,0,0,0,4,[-0.19334242  0.11500766 -0.04597122  0.11599052  0.17472145  0.12266023]
1255,2,0,0,1,0,[-0.3475834   0.18485615 -0.02694981  0.15403968 -0.1349589   0.18948856]
1256,2,0,0,1,1,[-0.62982017 -0.35929084  0.02510385  0.19234492 -0.59679496 -0.39092538]
1257,2,0,0,1,2,[-0.22807685 -0.10151494 -0.20383084  0.04024999 -0.04340876 -0.17029925]
1258,2,0,0,1,3,[-0.76209545 -0.6047114   0.07329641  0.22122869 -0.8270619  -0.6510191 ]
1259,2,0,0,1,4,[-0.16705258  0.21624598 -0.1076712   0.06171432 -0.02237502  0.19551714]
1260,2,0,0,2,0,[-0.20432736  0.11595175  0.02723265  0.15939464 -0.00327919  0.15578721]
1261,2,0,0,2,1,[-0.363383   -0.18556845  0.06758676  0.195517   -0.2939156  -0.16083625]
1262,2,0,0,2,2,[-0.16268173 -0.13392627 -0.09806471  0.06296383  0.03200542 -0.1534396 ]
1263,2,0,0,2,3,[-0.43324426 -0.30839574  0.10197219  0.22040749 -0.43816194 -0.2881167 ]
1264,2,0,0,2,4,[-0.11360258  0.09068595 -0.04278268  0.07390379  0.04083722  0.09833762]
1265,2,0,0,3,0,[-0.19808218  0.2605377   0.09327216  0.2806617   0.15243053  0.36502212]
1266,2,0,0,3,1,[-0.36727223 -0.05870499  0.15782703  0.34718427 -0.19827415  0.03922351]
1267,2,0,0,3,2,[-0.19505768 -0.15024911 -0.08767004  0.12220047  0.15783627 -0.14094421]
1268,2,0,0,3,3,[-0.4357799  -0.17441249  0.20876499  0.3905065  -0.3733319  -0.07503527]
1269,2,0,0,3,4,[-0.12495345  0.14574242 -0.02200879  0.13498041  0.15489528  0.18638027]
1270,2,0,0,4,0,[-0.5614501   0.09940177 -0.02223509  0.21013197 -0.15348543  0.07942476]
1271,2,0,0,4,1,[-0.9228903  -0.5756635   0.05508548  0.27213317 -0.79177403 -0.6356974 ]
1272,2,0,0,4,2,[-0.43924114 -0.3888806  -0.2740113   0.0302925  -0.05202992 -0.5205576 ]
1273,2,0,0,4,3,[-1.0817097  -0.8523759   0.12552795  0.32003868 -1.105141   -0.92308223]
1274,2,0,0,4,4,[-0.32116428  0.10394243 -0.14468338  0.07138794 -0.01172428  0.04728082]
1275,2,0,1,0,0,[-0.28911635  0.30201203  0.1473298   0.35385153  0.25814423  0.4593936 ]
1276,2,0,1,0,1,[-0.47371113 -0.00310126  0.24295692  0.44503903 -0.15033801  0.16348243]
1277,2,0,1,0,2,[-0.3086885  -0.30157855 -0.10357337  0.14295833  0.23565726 -0.286415  ]
1278,2,0,1,0,3,[-0.5431007  -0.08812713  0.315063    0.50443506 -0.3526228   0.08999322]
1279,2,0,1,0,4,[-0.21018738  0.09037418 -0.01855171  0.16197352  0.225012    0.14832903]
1280,2,0,1,1,0,[-0.37836874  0.17953916  0.00403587  0.21186069 -0.10364321  0.23646346]
1281,2,0,1,1,1,[-0.6673345  -0.34461552  0.07124801  0.25945505 -0.5794679  -0.3128396 ]
1282,2,0,1,1,2,[-0.26194638 -0.18856654 -0.20878313  0.07947063 -0.0231922  -0.23403259]
1283,2,0,1,1,3,[-0.8021306 -0.5707041  0.1291371  0.2929172 -0.8162858 -0.5484048]
1284,2,0,1,1,4,[-0.19625597  0.17140694 -0.10240441  0.0957183  -0.0079578   0.17610972]
1285,2,0,1,2,0,[-0.20613681  0.12665667  0.06621565  0.2177783   0.03930548  0.22428598]
1286,2,0,1,2,1,[-0.36589015 -0.1582119   0.11798026  0.2619722  -0.25868633 -0.06684116]
1287,2,0,1,2,2,[-0.17215033 -0.18218666 -0.0849105   0.10524489  0.06395441 -0.1651245 ]
1288,2,0,1,2,3,[-0.4355416  -0.26622778  0.15892853  0.29049185 -0.4067236  -0.17584145]
1289,2,0,1,2,4,[-0.12177541  0.06846931 -0.02645009  0.10978446  0.06543095  0.10948492]
1290,2,0,1,3,0,[-0.18054329  0.2979694   0.16152078  0.37280455  0.23627746  0.4989108 ]
1291,2,0,1,3,1,[-0.34546068  0.00649728  0.24350873  0.45294717 -0.12054573  0.21502763]
1292,2,0,1,3,2,[-0.19524994 -0.19880171 -0.05701528  0.18809478  0.22211923 -0.12447311]
1293,2,0,1,3,3,[-0.41099557 -0.08646511  0.304043    0.5025253  -0.29927093  0.12890118]
1294,2,0,1,3,4,[-0.12451323  0.129268    0.01048617  0.19121075  0.2058256   0.22762024]
1295,2,0,1,4,0,[-0.61175996  0.09522477  0.02766606  0.28465334 -0.10184218  0.15136902]
1296,2,0,1,4,1,[-0.97846365 -0.54826224  0.12719952  0.36120597 -0.7584338  -0.5156008 ]
1297,2,0,1,4,2,[-0.49882215 -0.51210016 -0.27487296  0.07628012 -0.01795951 -0.60795975]
1298,2,0,1,4,3,[-1.1376232  -0.7950893   0.21143267  0.41692206 -1.0800687  -0.76538277]
1299,2,0,1,4,4,[-0.37051883  0.03946268 -0.13311774  0.11259712  0.01326671  0.02030069]
1300,2,0,2,0,0,[-0.2664519   0.2835342   0.1407565   0.36463624  0.28135037  0.4330621 ]
1301,2,0,2,0,1,[-0.41230404  0.06927821  0.24891272  0.45848387 -0.06620167  0.25048473]
1302,2,0,2,0,2,[-0.31069028 -0.3450353  -0.1241663   0.15526754  0.23183452 -0.3596617 ]
1303,2,0,2,0,3,[-0.46182227  0.03314017  0.32972053  0.5185754  -0.23541528  0.24083254]
1304,2,0,2,0,4,[-0.21379755  0.03342006 -0.03065372  0.16951822  0.21892363  0.07273255]
1305,2,0,2,1,0,[-0.366022    0.13129269 -0.01425545  0.22314934 -0.0778714   0.16234326]
1306,2,0,2,1,1,[-0.6110955  -0.2818825   0.06658507  0.2735288  -0.48833966 -0.2505468 ]
1307,2,0,2,1,2,[-0.27952918 -0.2784335  -0.24227448  0.09140623 -0.03015294 -0.37522334]
1308,2,0,2,1,3,[-0.7226815  -0.44549343  0.13461697  0.30775684 -0.68930644 -0.40565643]
1309,2,0,2,1,4,[-0.21134277  0.07817544 -0.12404525  0.1034583  -0.01341342  0.04882647]
1310,2,0,2,2,0,[-0.19216181  0.10827833  0.05989521  0.22769912  0.05839089  0.19749083]
1311,2,0,2,2,1,[-0.32438117 -0.10945875  0.12022781  0.2737696  -0.1975024  -0.01074314]
1312,2,0,2,2,2,[-0.17636305 -0.22288173 -0.10076712  0.11569953  0.06306603 -0.22981286]
1313,2,0,2,2,3,[-0.3797666  -0.1806084   0.16724168  0.30270514 -0.32270783 -0.07220259]
1314,2,0,2,2,4,[-0.12621394  0.02151647 -0.03611639  0.11673764  0.06368198  0.04725009]
1315,2,0,2,3,0,[-0.15829466  0.27928764  0.15713432  0.38670895  0.25997478  0.47496003]
1316,2,0,2,3,1,[-0.28890514  0.06940772  0.25029746  0.4691091  -0.04352266  0.29283038]
1317,2,0,2,3,2,[-0.19539548 -0.24183494 -0.07405243  0.20294122  0.22124699 -0.1928164 ]
1318,2,0,2,3,3,[-0.33688712  0.02072924  0.31858608  0.5191004  -0.19335702  0.26439008]
1319,2,0,2,3,4,[-0.12636758  0.07566585  0.00072275  0.20103577  0.20298827  0.15854432]
1320,2,0,2,4,0,[-0.5874962   0.05721169  0.01019304  0.29907134 -0.06318182  0.08974473]
1321,2,0,2,4,1,[-0.89513963 -0.44187328  0.1276396   0.37981886 -0.62935954 -0.39970917]
1322,2,0,2,4,2,[-0.51309097 -0.5983867  -0.31192672  0.09207299 -0.02183493 -0.7500788 ]
1323,2,0,2,4,3,[-1.023533   -0.60953104  0.22464477  0.43675637 -0.9019476  -0.5477288 ]
1324,2,0,2,4,4,[-0.38407508 -0.06008519 -0.15641773  0.12241915  0.00795148 -0.11567183]
1325,2,0,3,0,0,[-0.26130974  0.28199887  0.14428131  0.3522524   0.26892424  0.43872076]
1326,2,0,3,0,1,[-0.41420156  0.0467599   0.24513806  0.44213253 -0.08500598  0.22777127]
1327,2,0,3,0,2,[-0.29561594 -0.31480148 -0.10763609  0.14958933  0.22994086 -0.31098598]
1328,2,0,3,0,3,[-0.4685826  -0.0039599   0.3202253   0.4997998  -0.25883645  0.19784826]
1329,2,0,3,0,4,[-0.2026826   0.05309686 -0.02118437  0.1641008   0.21683864  0.10387941]
1330,2,0,3,1,0,[-0.35580045  0.14431484 -0.00417604  0.21497731 -0.08019167  0.18868954]
1331,2,0,3,1,1,[-0.6062811  -0.2889588   0.06992351  0.26287872 -0.49630427 -0.25161785]
1332,2,0,3,1,2,[-0.26201314 -0.23631951 -0.22006088  0.08746795 -0.02351426 -0.30863056]
1333,2,0,3,1,3,[-0.72165805 -0.46678913  0.13234283  0.2956124  -0.7015718  -0.426789  ]
1334,2,0,3,1,4,[-0.19792141  0.10733211 -0.11027817  0.09979844 -0.00885779  0.09389868]
1335,2,0,3,2,0,[-0.18767083  0.11231128  0.06363483  0.2198184   0.05348194  0.20712112]
1336,2,0,3,2,1,[-0.3238898  -0.11873199  0.11947598  0.26384822 -0.20626652 -0.01916292]
1337,2,0,3,2,2,[-0.16631556 -0.19910446 -0.08890827  0.1113524   0.06441997 -0.19316655]
1338,2,0,3,2,3,[-0.38204157 -0.19923452  0.16289254  0.2916006  -0.3343274  -0.0936301 ]
1339,2,0,3,2,4,[-0.11863679  0.03760815 -0.02911068  0.11284765  0.0643959   0.07142617]
1340,2,0,3,3,0,[-0.15625063  0.27804595  0.15886389  0.37324485  0.24813823  0.4777338 ]
1341,2,0,3,3,1,[-0.29289812  0.0499934   0.2457737   0.45233384 -0.06088451  0.27100548]
1342,2,0,3,3,2,[-0.18468387 -0.21560073 -0.06105819  0.19524148  0.21860306 -0.15264581]
1343,2,0,3,3,3,[-0.344943   -0.0112888   0.3092143   0.50043416 -0.21463065  0.22514074]
1344,2,0,3,3,4,[-0.1186012   0.09267091  0.00786937  0.19418216  0.20034519  0.18385403]
1345,2,0,3,4,0,[-0.5725284   0.0709623   0.02168446  0.28804898 -0.0681107   0.11989294]
1346,2,0,3,4,1,[-0.8880915  -0.45562384  0.1298785   0.364835   -0.642084   -0.40691224]
1347,2,0,3,4,2,[-0.48744214 -0.5441126  -0.28376448  0.08771934 -0.01434452 -0.6644863 ]
1348,2,0,3,4,3,[-1.0221742  -0.64280045  0.21930875  0.41929096 -0.9206792  -0.58225   ]
1349,2,0,3,4,4,[-0.36441344 -0.02269566 -0.1391252   0.1180905   0.01325785 -0.0579175 ]
1350,2,0,4,0,0,[-0.30180752  0.3062874   0.14355843  0.38581932  0.29068452  0.45318314]
1351,2,0,4,0,1,[-0.46997225  0.05058775  0.25700322  0.48684672 -0.10313451  0.22497353]
1352,2,0,4,0,2,[-0.34464067 -0.37301654 -0.1393102   0.15831916  0.24331218 -0.39669192]
1353,2,0,4,0,3,"[-5.2805322e-01 -7.9960126e-05  3.4268200e-01  5.5218756e-01
 -2.9498672e-01  1.9943753e-01]"
1354,2,0,4,0,4,[-0.23676975  0.04433471 -0.03797606  0.17651187  0.23241064  0.07943501]
1355,2,0,4,1,0,[-0.40484172  0.1482243  -0.01820535  0.233048   -0.0976442   0.17623544]
1356,2,0,4,1,1,[-0.6816095  -0.32878685  0.06549457  0.28684533 -0.56068337 -0.30780703]
1357,2,0,4,1,2,[-0.30496135 -0.28904936 -0.2609314   0.09008484 -0.03819227 -0.3915989 ]
1358,2,0,4,1,3,[-0.80779064 -0.52144307  0.13685152  0.32401666 -0.7877527  -0.49575308]
1359,2,0,4,1,4,[-0.22944474  0.10218007 -0.1342619   0.10554912 -0.01824311  0.07050078]
1360,2,0,4,2,0,[-0.21761782  0.11729147  0.05934184  0.23812091  0.05221353  0.20464247]
1361,2,0,4,2,1,[-0.3680885  -0.13629988  0.1221623   0.2874849  -0.2369502  -0.04336597]
1362,2,0,4,2,2,[-0.19657817 -0.23856115 -0.11186492  0.11668276  0.06207333 -0.25025427]
1363,2,0,4,2,3,[-0.43130714 -0.2223158   0.17175955  0.31899163 -0.3785036  -0.12145152]
1364,2,0,4,2,4,[-0.14027609  0.03058229 -0.04190272  0.12004172  0.06475899  0.05419897]
1365,2,0,4,3,0,[-0.18614367  0.30157617  0.16055238  0.40684748  0.26677316  0.49759892]
1366,2,0,4,3,1,[-0.33672917  0.05293074  0.25806212  0.49545786 -0.07720973  0.27279797]
1367,2,0,4,3,2,[-0.22145772 -0.26072013 -0.08598733  0.20753835  0.23070621 -0.2167339 ]
1368,2,0,4,3,3,[-0.3926098  -0.01031703  0.330349    0.549903   -0.24696976  0.22827308]
1369,2,0,4,3,4,[-0.14353406  0.08955039 -0.00464056  0.2086618   0.21393433  0.1709162 ]
1370,2,0,4,4,0,[-0.6497345   0.06247732  0.00438333  0.31343898 -0.08823343  0.08566859]
1371,2,0,4,4,1,[-0.99843293 -0.5164647   0.12642844  0.39979178 -0.72720444 -0.49253944]
1372,2,0,4,4,2,[-0.56115234 -0.6412308  -0.33904833  0.08856381 -0.03339284 -0.807469  ]
1373,2,0,4,4,3,[-1.1446157  -0.71741647  0.22865254  0.46156487 -1.0353235  -0.6777588 ]
1374,2,0,4,4,4,[-0.41858286 -0.04901326 -0.17167391  0.12460069  0.00240218 -0.11272987]
1375,2,1,0,0,0,[-0.12242454  0.13031435  0.06034198  0.18188034  0.10009667  0.23135827]
1376,2,1,0,0,1,[-0.21214226 -0.02582429  0.11179589  0.22246945 -0.08422716  0.09098265]
1377,2,1,0,0,2,[-0.11486815 -0.10290139 -0.06015478  0.09020757  0.10078854 -0.08062106]
1378,2,1,0,0,3,[-0.25068662 -0.07918192  0.15021548  0.24732612 -0.17729327  0.04858063]
1379,2,1,0,0,4,[-0.08043685  0.05770997 -0.01632906  0.09221364  0.09218786  0.09832185]
1380,2,1,0,1,0,[-0.17187689  0.0849959  -0.02397625  0.118131   -0.06469592  0.12177321]
1381,2,1,0,1,1,[-0.31006232 -0.16834566  0.01633289  0.13957539 -0.28192747 -0.13341856]
1382,2,1,0,1,2,[-0.1030118  -0.04594547 -0.13104275  0.06002189 -0.01769903 -0.07048349]
1383,2,1,0,1,3,[-0.37827373 -0.28449112  0.05093769  0.15330958 -0.3918543  -0.24843971]
1384,2,1,0,1,4,[-0.08177736  0.09902453 -0.0711696   0.06146216 -0.01402026  0.10120548]
1385,2,1,0,2,0,[-0.08225811  0.05999756  0.0260791   0.12331744  0.01267405  0.12702182]
1386,2,1,0,2,1,[-0.15862304 -0.07977203  0.05553163  0.14330705 -0.1224522  -0.00862104]
1387,2,1,0,2,2,[-0.0569411  -0.05550638 -0.04845643  0.07347816  0.03042954 -0.03497617]
1388,2,1,0,2,3,[-0.19493262 -0.1379761   0.07849567  0.15484874 -0.19100408 -0.06400204]
1389,2,1,0,2,4,[-0.04189692  0.04591164 -0.01779446  0.06937026  0.02755735  0.07625014]
1390,2,1,0,3,0,[-0.06020272  0.135949    0.07588908  0.20429811  0.10305205  0.26719016]
1391,2,1,0,3,1,[-0.13966133 -0.01131123  0.12086324  0.24049523 -0.05802965  0.1337721 ]
1392,2,1,0,3,2,[-0.05386439 -0.05506976 -0.0305576   0.1226395   0.10532732  0.0050033 ]
1393,2,1,0,3,3,[-0.17579675 -0.06634296  0.15348831  0.26081452 -0.14076985  0.0863424 ]
1394,2,1,0,3,4,[-0.03346557  0.07751394  0.0034468   0.11505337  0.09261554  0.14497885]
1395,2,1,0,4,0,[-0.280192    0.04154488 -0.01473182  0.15072176 -0.0734768   0.0860275 ]
1396,2,1,0,4,1,[-0.45527592 -0.27164048  0.04256037  0.18508404 -0.37133238 -0.22406678]
1397,2,1,0,4,2,[-0.20672563 -0.18297975 -0.16347721  0.05998468 -0.02097547 -0.22651045]
1398,2,1,0,4,3,[-0.5366006  -0.40208444  0.09056228  0.20854466 -0.5194824  -0.34827277]
1399,2,1,0,4,4,[-0.15956464  0.04329473 -0.08660122  0.0698277  -0.01079873  0.03807561]
1400,2,1,1,0,0,[-0.11011058  0.1512064   0.11768696  0.25059944  0.16140127  0.3448435 ]
1401,2,1,1,0,1,[-0.1989934   0.01157078  0.18359475  0.30046412 -0.02543197  0.23534206]
1402,2,1,1,0,2,[-0.10812537 -0.12975171 -0.03132987  0.14223453  0.1509669  -0.04296978]
1403,2,1,1,0,3,[-0.23807114 -0.02887182  0.2297203   0.32890356 -0.12105333  0.21130423]
1404,2,1,1,0,4,[-0.07698199  0.04818302  0.01284692  0.13579176  0.13057056  0.145332  ]
1405,2,1,1,1,0,[-0.18383265  0.07938221  0.00057987  0.17111665 -0.04234852  0.17096794]
1406,2,1,1,1,1,[-0.32895818 -0.1640839   0.05284407  0.19839245 -0.26669404 -0.06319635]
1407,2,1,1,1,2,[-0.11041444 -0.09019793 -0.13218878  0.10185261 -0.00021735 -0.08521878]
1408,2,1,1,1,3,[-0.40165743 -0.27098593  0.095281    0.21405242 -0.38057932 -0.16363394]
1409,2,1,1,1,4,[-0.09168613  0.07526608 -0.06535073  0.09600842 -0.00245325  0.10666405]
1410,2,1,1,2,0,[-0.07052554  0.06711358  0.06191573  0.177956    0.04686973  0.19602309]
1411,2,1,1,2,1,[-0.14867774 -0.06436656  0.10009379  0.20308977 -0.09151196  0.07720064]
1412,2,1,1,2,2,[-0.04625841 -0.0764518  -0.0307804   0.11813214  0.05921451 -0.01221365]
1413,2,1,1,2,3,[-0.18690288 -0.11560643  0.12783235  0.21602601 -0.16253299  0.03187511]
1414,2,1,1,2,4,[-0.03548935  0.03676129  0.00033899  0.10586459  0.04898965  0.10522229]
1415,2,1,1,3,0,[-0.02832609  0.15959814  0.13826783  0.28760773  0.16810733  0.39190534]
1416,2,1,1,3,1,[-0.10654648  0.02620846  0.1963615   0.33248982  0.00515027  0.28566542]
1417,2,1,1,3,2,[-0.02833791 -0.07260548  0.00568761  0.18977585  0.15984024  0.06205368]
1418,2,1,1,3,3,[-0.1436167  -0.01813475  0.23561692  0.35542876 -0.08015603  0.25336403]
1419,2,1,1,3,4,[-0.01496235  0.07386603  0.03778232  0.17022365  0.13453911  0.20524046]
1420,2,1,1,4,0,[-0.30209255  0.03618073  0.02762921  0.21608451 -0.03608592  0.16282234]
1421,2,1,1,4,1,[-0.48380497 -0.26138523  0.10176119  0.25941247 -0.342725   -0.11563595]
1422,2,1,1,4,2,[-0.2253781  -0.24445477 -0.1561725   0.10877253  0.00860344 -0.23993054]
1423,2,1,1,4,3,[-0.5692487  -0.37760383  0.16007674  0.28647533 -0.49588212 -0.21844703]
1424,2,1,1,4,4,[-0.17904656  0.01001953 -0.07219073  0.11085285  0.00953702  0.05022809]
1425,2,1,2,0,0,[-0.10136915  0.13932754  0.09785736  0.25979987  0.1675128   0.31098604]
1426,2,1,2,0,1,[-0.17122856  0.04311433  0.17643614  0.3118136   0.01174287  0.26411465]
1427,2,1,2,0,2,[-0.11166046 -0.15487084 -0.0670012   0.15090138  0.14111368 -0.11194372]
1428,2,1,2,0,3,[-0.20065115  0.02634488  0.23259582  0.3410027  -0.06636994  0.27811462]
1429,2,1,2,0,4,[-0.08046209  0.01856237 -0.0099749   0.14190228  0.12249435  0.08753805]
1430,2,1,2,1,0,[-0.18229651  0.05073553 -0.03332921  0.18007703 -0.04030298  0.10148652]
1431,2,1,2,1,1,[-0.3065047  -0.13979682  0.03322683  0.20926294 -0.23122263 -0.05788024]
1432,2,1,2,1,2,[-0.12305402 -0.14003214 -0.18405357  0.11024207 -0.01730886 -0.20126404]
1433,2,1,2,1,3,[-0.36819905 -0.21642694  0.08773454  0.2255293  -0.32576075 -0.11067282]
1434,2,1,2,1,4,[-0.10209156  0.0264735  -0.09992356  0.10203046 -0.01450247  0.01366466]
1435,2,1,2,2,0,[-0.06510864  0.0559208   0.04607617  0.18637918  0.05173234  0.16676797]
1436,2,1,2,2,1,[-0.12991196 -0.04352451  0.09306671  0.2129204  -0.06518262  0.09345137]
1437,2,1,2,2,2,[-0.04972667 -0.09916069 -0.05766706  0.1260189   0.05237836 -0.06849246]
1438,2,1,2,2,3,[-0.16129977 -0.07693566  0.12793693  0.2262477  -0.12405106  0.07622309]
1439,2,1,2,2,4,[-0.03861683  0.01247296 -0.01711477  0.11163696  0.04392854  0.05912789]
1440,2,1,2,3,0,[-0.01779546  0.14874941  0.12181715  0.29986095  0.17590715  0.36323443]
1441,2,1,2,3,1,[-0.07903429  0.05438487  0.19134247  0.34669778  0.04028768  0.31338003]
1442,2,1,2,3,2,[-0.02917068 -0.09631957 -0.02515946  0.201174    0.15299955  0.00051102]
1443,2,1,2,3,3,[-0.10754799  0.03147662  0.23962978  0.37018844 -0.02964857  0.31545433]
1444,2,1,2,3,4,[-0.01618181  0.04668734  0.01822944  0.17859557  0.12918088  0.15408039]
1445,2,1,2,4,0,[-0.2965587   0.01100359 -0.0099222   0.2269256  -0.02912849  0.09363241]
1446,2,1,2,4,1,[-0.44995522 -0.21774718  0.08255902  0.2731335  -0.28989613 -0.08790185]
1447,2,1,2,4,2,[-0.23818436 -0.29433128 -0.21650147  0.11898849 -0.0090271  -0.36584103]
1448,2,1,2,4,3,[-0.5207246  -0.29566157  0.15587814  0.30120218 -0.41699788 -0.13075306]
1449,2,1,2,4,4,[-0.19001229 -0.04284392 -0.11191814  0.11797874 -0.00371523 -0.05281627]
1450,2,1,3,0,0,[-0.09795048  0.13950786  0.10764504  0.25228366  0.16477379  0.32301295]
1451,2,1,3,0,1,[-0.17143506  0.03320208  0.1798645   0.3020843   0.00496548  0.25903222]
1452,2,1,3,0,2,[-0.1035406  -0.13955036 -0.0473261   0.14696337  0.14433768 -0.0749962 ]
1453,2,1,3,0,3,[-0.20320308  0.00944727  0.23074369  0.3299791  -0.07615038  0.260375  ]
1454,2,1,3,0,4,[-0.07439347  0.02858526  0.00252601  0.13828222  0.12454256  0.11168534]
1455,2,1,3,1,0,[-0.17579934  0.05837942 -0.01753765  0.17459935 -0.03685558  0.12699737]
1456,2,1,3,1,1,[-0.30263028 -0.14179443  0.04251669  0.20239702 -0.23143512 -0.04931834]
1457,2,1,3,1,2,[-0.11334229 -0.11851572 -0.1581997   0.1070436  -0.00854696 -0.15157208]
1458,2,1,3,1,3,[-0.36602947 -0.22523871  0.09131576  0.21788803 -0.32888427 -0.11509292]
1459,2,1,3,1,4,[-0.09452624  0.04141633 -0.08290151  0.09920955 -0.00821646  0.04745878]
1460,2,1,3,2,0,[-0.06261752  0.05838904  0.05359792  0.18090154  0.05152972  0.17772077]
1461,2,1,3,2,1,[-0.12943071 -0.0474507   0.09645627  0.2063054  -0.06785439  0.09339315]
1462,2,1,3,2,2,[-0.04467504 -0.08727518 -0.04369044  0.12244905  0.05580616 -0.04160433]
1463,2,1,3,2,3,[-0.16208656 -0.0853329   0.12783052  0.2190404  -0.12859859  0.0679394 ]
1464,2,1,3,2,4,[-0.03474709  0.02052879 -0.00813945  0.1085791   0.0463065   0.07700509]
1465,2,1,3,3,0,[-0.01718649  0.14844295  0.1291019   0.29067045  0.17229985  0.37115696]
1466,2,1,3,3,1,[-0.08152444  0.04533783  0.19310144  0.33567253  0.03317938  0.306438  ]
1467,2,1,3,3,2,[-0.024438   -0.08350263 -0.00921173  0.19507816  0.15464312  0.03021249]
1468,2,1,3,3,3,[-0.11192299  0.01641362  0.236856    0.35822666 -0.03928114  0.2976615 ]
1469,2,1,3,3,4,[-0.01272117  0.05497956  0.02816943  0.17338377  0.1300235   0.17312302]
1470,2,1,3,4,0,[-0.2867945   0.01966046  0.00896181  0.22017209 -0.02565354  0.12427398]
1471,2,1,3,4,1,[-0.44414735 -0.2223097   0.09282473  0.2641456  -0.2914511  -0.08015563]
1472,2,1,3,4,2,[-0.22361556 -0.26637992 -0.18424645  0.11581649  0.00166701 -0.3023975 ]
1473,2,1,3,4,3,[-0.5175894  -0.30960047  0.15870722  0.29086903 -0.4225547  -0.14044014]
1474,2,1,3,4,4,[-0.17869616 -0.02349287 -0.09080318  0.11497736  0.00409195 -0.00974679]
1475,2,1,4,0,0,[-0.1183925   0.15083495  0.09959408  0.27124038  0.17134736  0.32383472]
1476,2,1,4,0,1,[-0.19878364  0.03517883  0.18100707  0.3268014  -0.00608783  0.2557836 ]
1477,2,1,4,0,2,[-0.12737824 -0.1664897  -0.07395246  0.15371054  0.14663666 -0.1253673 ]
1478,2,1,4,0,3,[-0.23244165  0.01134394  0.23959647  0.35850075 -0.09493519  0.2619339 ]
1479,2,1,4,0,4,[-0.09143607  0.02439096 -0.01330004  0.14622726  0.12831353  0.09303223]
1480,2,1,4,1,0,[-0.20146188  0.05983947 -0.03512794  0.18606378 -0.04986359  0.11208902]
1481,2,1,4,1,1,[-0.3407896  -0.16072732  0.03302076  0.2169795  -0.26579288 -0.08096799]
1482,2,1,4,1,2,[-0.13511446 -0.14309172 -0.19296247  0.11086575 -0.02039783 -0.20390803]
1483,2,1,4,1,3,[-0.4096733  -0.2513514   0.08916257  0.23464724 -0.37300882 -0.15007567]
1484,2,1,4,1,4,[-0.11109848  0.03869442 -0.10484932  0.10395521 -0.01688136  0.0269166 ]
1485,2,1,4,2,0,[-0.07714263  0.06095853  0.04626158  0.19272551  0.0488066   0.17313968]
1486,2,1,4,2,1,[-0.15060346 -0.0553245   0.09461451  0.22091167 -0.08381639  0.08114006]
1487,2,1,4,2,2,[-0.0588407  -0.10525417 -0.06259     0.12784316  0.05241796 -0.07459806]
1488,2,1,4,2,3,[-0.18585977 -0.09591066  0.13075157  0.23544404 -0.15054598  0.05565783]
1489,2,1,4,2,4,[-0.04518175  0.01737637 -0.01961971  0.1142303   0.04441039  0.0645798 ]
1490,2,1,4,3,0,[-0.03037297  0.16041699  0.12441182  0.3116189   0.17935348  0.37837034]
1491,2,1,4,3,1,[-0.10104726  0.0478537   0.1962737   0.36151803  0.02471877  0.3086127 ]
1492,2,1,4,3,2,[-0.04037813 -0.10339224 -0.03002413  0.2054942   0.15829207 -0.00573098]
1493,2,1,4,3,3,[-0.13350688  0.01785869  0.24652214  0.3870882  -0.05474742  0.30264488]
1494,2,1,4,3,4,[-0.02375992  0.0541716   0.01627711  0.18383268  0.13444866  0.1631159 ]
1495,2,1,4,4,0,[-0.3274562   0.01443381 -0.01275157  0.23500808 -0.04202021  0.09579982]
1496,2,1,4,4,1,[-0.5003345  -0.2517836   0.08228595  0.2840583  -0.33715767 -0.12742199]
1497,2,1,4,4,2,[-0.26137164 -0.31250414 -0.22961928  0.11854688 -0.0144116  -0.38762173]
1498,2,1,4,4,3,[-0.5798053  -0.34569544  0.15820928  0.31447184 -0.48128814 -0.18858102]
1499,2,1,4,4,4,[-0.20724869 -0.0368486  -0.11940487  0.11990535 -0.00717924 -0.04854077]
1500,2,2,0,0,0,[-0.22678246  0.16305356  0.05866883  0.20101236  0.12186151  0.20221768]
1501,2,2,0,0,1,[-0.37544122 -0.10040658  0.11756373  0.25877538 -0.19062258 -0.06383125]
1502,2,2,0,0,2,[-0.23043768 -0.23592898 -0.10491461  0.06087077  0.11651772 -0.28453824]
1503,2,2,0,0,3,[-0.43089136 -0.18262908  0.1659639   0.29858798 -0.3423899  -0.13844861]
1504,2,2,0,0,4,[-0.15407878  0.05576782 -0.04013013  0.08234163  0.12613274  0.04977965]
1505,2,2,0,1,0,[-0.27183416  0.09659518 -0.02244041  0.11057297 -0.11603837  0.08650053]
1506,2,2,0,1,1,[-0.49114788 -0.3244674   0.01909645  0.13942812 -0.47360787 -0.35798064]
1507,2,2,0,1,2,[-0.18430693 -0.13804214 -0.16307683  0.02308389 -0.05253164 -0.21205135]
1508,2,2,0,1,3,[-0.59121495 -0.5077856   0.05839723  0.16181313 -0.64847165 -0.54706246]
1509,2,2,0,1,4,[-0.13231717  0.12958652 -0.08593822  0.04148807 -0.02724586  0.10044435]
1510,2,2,0,2,0,[-0.16236578  0.06049525  0.017985    0.11467206 -0.01083196  0.08120097]
1511,2,2,0,2,1,[-0.28661278 -0.17347807  0.04963234  0.14199069 -0.23654903 -0.16223115]
1512,2,2,0,2,2,[-0.13271715 -0.14022513 -0.08085412  0.04061219  0.01249875 -0.16904125]
1513,2,2,0,2,3,[-0.33945775 -0.26484874  0.07736586  0.1613212  -0.34649017 -0.25395885]
1514,2,2,0,2,4,[-0.09146161  0.04669746 -0.03612371  0.05085155  0.02499629  0.04368088]
1515,2,2,0,3,0,[-0.16099812  0.1639494   0.06595222  0.20452103  0.1056308   0.22953732]
1516,2,2,0,3,1,[-0.2938126  -0.0842998   0.11614455  0.2549925  -0.16729672 -0.02156055]
1517,2,2,0,3,2,[-0.16152225 -0.16273703 -0.07599582  0.08281694  0.10528278 -0.17456797]
1518,2,2,0,3,3,[-0.34545776 -0.16949357  0.15687193  0.28852108 -0.3009195  -0.10205378]
1519,2,2,0,3,4,[-0.10284293  0.08263794 -0.02242933  0.09522144  0.11035234  0.10127784]
1520,2,2,0,4,0,[-0.43685874  0.01774561 -0.01866543  0.15238367 -0.13149345 -0.01192704]
1521,2,2,0,4,1,[-0.71891516 -0.5060436   0.0421395   0.19916436 -0.62717295 -0.5618588 ]
1522,2,2,0,4,2,[-0.34819236 -0.37585798 -0.21781385  0.01396268 -0.06162886 -0.50007254]
1523,2,2,0,4,3,[-0.83933884 -0.71242315  0.09892584  0.23617348 -0.866251   -0.77008975]
1524,2,2,0,4,4,[-0.2511556   0.03280744 -0.11460971  0.04786894 -0.01938683 -0.02465117]
1525,2,2,1,0,0,[-0.22652788  0.1877728   0.11093138  0.2596808   0.1903978   0.29903418]
1526,2,2,1,0,1,[-0.3710392  -0.04978191  0.18494555  0.32897198 -0.12770133  0.07084458]
1527,2,2,1,0,2,[-0.24686149 -0.28980142 -0.08557532  0.0977061   0.16697776 -0.29324332]
1528,2,2,1,0,3,[-0.4225817  -0.1101556   0.24210371  0.37488273 -0.28214353  0.02326096]
1529,2,2,1,0,4,[-0.1657942   0.0330679  -0.01740936  0.11514841  0.1669461   0.06858858]
1530,2,2,1,1,0,[-0.29163384  0.08929113  0.0058892   0.15203889 -0.08663984  0.1259769 ]
1531,2,2,1,1,1,[-0.5152127  -0.3159306   0.05907833  0.18788399 -0.4548125  -0.29391634]
1532,2,2,1,1,2,[-0.2089972  -0.21004291 -0.16305219  0.05046362 -0.03321038 -0.26056424]
1533,2,2,1,1,3,[-0.61627287 -0.48344886  0.10581575  0.2138416  -0.6344535  -0.46310738]
1534,2,2,1,1,4,[-0.15277325  0.09191512 -0.07862739  0.06543914 -0.01235607  0.08705631]
1535,2,2,1,2,0,[-0.16234182  0.06600462  0.04975976  0.15642461  0.02424882  0.13400532]
1536,2,2,1,2,1,[-0.28671718 -0.15499341  0.09010126  0.189817   -0.20713137 -0.08964068]
1537,2,2,1,2,2,[-0.13998026 -0.1810451  -0.06924426  0.07020642  0.03853884 -0.17937267]
1538,2,2,1,2,3,[-0.33886266 -0.23443584  0.1228699   0.21199608 -0.31983903 -0.16672312]
1539,2,2,1,2,4,[-0.09718517  0.02713847 -0.02224914  0.07613768  0.04558241  0.05184906]
1540,2,2,1,3,0,[-0.14669478  0.18849736  0.11974627  0.27073532  0.17206073  0.33075586]
1541,2,2,1,3,1,[-0.27583277 -0.03825516  0.18316445  0.3314518  -0.10566713  0.11192619]
1542,2,2,1,3,2,[-0.16245107 -0.20542505 -0.05135243  0.12922113  0.1556928  -0.16519807]
1543,2,2,1,3,3,[-0.32455787 -0.10529954  0.23124067  0.3698447  -0.24194017  0.05374663]
1544,2,2,1,3,4,[-0.1024685   0.06627534  0.00355076  0.13507906  0.15092197  0.1311516 ]
1545,2,2,1,4,0,[-0.46962923  0.01023286  0.02551848  0.20633036 -0.08482403  0.04783826]
1546,2,2,1,4,1,[-0.7547892  -0.4889241   0.10328859  0.2640786  -0.5945653  -0.46459666]
1547,2,2,1,4,2,[-0.39127645 -0.47708234 -0.2134743   0.04624147 -0.03044336 -0.5662724 ]
1548,2,2,1,4,3,[-0.8743728  -0.671212    0.17062713  0.307136   -0.83973145 -0.64273757]
1549,2,2,1,4,4,[-0.28579223 -0.02093463 -0.10147899  0.07710427  0.00485514 -0.04320867]
1550,2,2,2,0,0,[-0.20735487  0.1756852   0.10693745  0.26665166  0.21082288  0.2833202 ]
1551,2,2,2,0,1,[-0.32128167  0.00883069  0.19055696  0.33798674 -0.05985595  0.14291911]
1552,2,2,2,0,2,[-0.24758801 -0.3206151  -0.10037741  0.10599969  0.16640423 -0.34451476]
1553,2,2,2,0,3,[-0.35708016 -0.01378584  0.25438794  0.384483   -0.18868749  0.14440435]
1554,2,2,2,0,4,[-0.16782057 -0.00949718 -0.02590988  0.1199839   0.16401242  0.01352975]
1555,2,2,2,1,0,[-0.2799768   0.05547092 -0.00641063  0.15969893 -0.06275187  0.07603001]
1556,2,2,2,1,1,[-0.46883088 -0.2633396   0.05725168  0.19769238 -0.38010734 -0.23814943]
1557,2,2,2,1,2,[-0.22154814 -0.27556643 -0.18714021  0.05872135 -0.034722   -0.36169547]
1558,2,2,2,1,3,[-0.55147886 -0.38261336  0.11175756  0.22428505 -0.5320856  -0.3455758 ]
1559,2,2,2,1,4,[-0.16344023  0.02214577 -0.09395503  0.07063437 -0.01364195 -0.00599943]
1560,2,2,2,2,0,[-0.15051764  0.05353169  0.04572894  0.16297549  0.04096998  0.11689664]
1561,2,2,2,2,1,[-0.25314078 -0.11521535  0.09264404  0.19781387 -0.1576676  -0.04252896]
1562,2,2,2,2,2,[-0.14283396 -0.21042867 -0.08064763  0.07726026  0.03975311 -0.22532259]
1563,2,2,2,2,3,[-0.29397154 -0.16617773  0.13006122  0.22035791 -0.2527215  -0.08307622]
1564,2,2,2,2,4,[-0.10020024 -0.00802357 -0.02905986  0.08068665  0.04565838  0.00634772]
1565,2,2,2,3,0,[-0.12862931  0.17578864  0.1170056   0.27967712  0.19232416  0.31573513]
1566,2,2,2,3,1,[-0.23068294  0.0125324   0.18898652  0.3421258  -0.04392165  0.1757206 ]
1567,2,2,2,3,2,[-0.16241874 -0.23647231 -0.06383311  0.13903536  0.15689847 -0.21389095]
1568,2,2,2,3,3,[-0.26547962 -0.0202946   0.24301428  0.380903   -0.15782599  0.16190301]
1569,2,2,2,3,4,[-0.10367159  0.02595557 -0.00347092  0.14134358  0.1501222   0.08028215]
1570,2,2,2,4,0,[-0.4476684  -0.01482031  0.01459964  0.21629629 -0.04999054  0.00952448]
1571,2,2,2,4,1,[-0.68616205 -0.40158728  0.10611491  0.27727747 -0.4894043  -0.36537418]
1572,2,2,2,4,2,[-0.40048185 -0.5387528  -0.23957065  0.05741664 -0.02866993 -0.6659241 ]
1573,2,2,2,4,3,[-0.7813834  -0.52273035  0.18321547  0.32132143 -0.69666916 -0.4653686 ]
1574,2,2,2,4,4,[-0.2946285  -0.0949991  -0.11751525  0.0838346   0.00434616 -0.14154601]
1575,2,2,3,0,0,[-0.20339677  0.17554422  0.10988458  0.25776505  0.20121251  0.28908142]
1576,2,2,3,0,1,[-0.32288396 -0.00769253  0.18780716  0.32606497 -0.07443629  0.12652373]
1577,2,2,3,0,2,[-0.23557718 -0.29592153 -0.08721448  0.10224281  0.16516137 -0.30504075]
1578,2,2,3,0,3,[-0.3626347  -0.04181364  0.24710742  0.3706729  -0.20695557  0.11196004]
1579,2,2,3,0,4,[-0.15905865  0.00670953 -0.01834993  0.11630291  0.16245526  0.03892934]
1580,2,2,3,1,0,[-0.2722225   0.06649642  0.00148048  0.1539321  -0.0648587   0.09750654]
1581,2,2,3,1,1,[-0.46546063 -0.26813284  0.05981411  0.19003604 -0.38668522 -0.23829697]
1582,2,2,3,1,2,[-0.20766243 -0.24161196 -0.16960384  0.0561894  -0.02958628 -0.30836478]
1583,2,2,3,1,3,[-0.55128926 -0.39870158  0.10982613  0.21545865 -0.5421499  -0.361746  ]
1584,2,2,3,1,4,[-0.15294339  0.0456899  -0.08312224  0.06821385 -0.01026519  0.03008749]
1585,2,2,3,2,0,[-0.14700566  0.05735525  0.04876744  0.15744455  0.03712363  0.1252753 ]
1586,2,2,3,2,1,[-0.25282    -0.12181572  0.09215839  0.19072461 -0.16453838 -0.04830389]
1587,2,2,3,2,2,[-0.1347478  -0.19111167 -0.07119605  0.07442492  0.04092306 -0.19567344]
1588,2,2,3,2,3,[-0.29593477 -0.18018425  0.1267092   0.21233858 -0.26189128 -0.0992026 ]
1589,2,2,3,2,4,[-0.09417831  0.00510695 -0.0234727   0.07809633  0.0462184   0.02596377]
1590,2,2,3,3,0,[-0.1268332   0.17584075  0.11869126  0.2701333   0.1832911   0.31940022]
1591,2,2,3,3,1,[-0.23366201 -0.00161712  0.18578681  0.33005416 -0.0572649   0.16015467]
1592,2,2,3,3,2,[-0.1535932  -0.21491769 -0.05329298  0.13389386  0.15517598 -0.18089242]
1593,2,2,3,3,3,[-0.27177864 -0.04440194  0.23596394  0.3673478  -0.17430612  0.13251257]
1594,2,2,3,3,4,[-0.09734253  0.04005386  0.00238298  0.13668793  0.14822212  0.10124852]
1595,2,2,3,4,0,[-0.4364559  -0.00294662  0.02343355  0.20840362 -0.05425671  0.03406532]
1596,2,2,3,4,1,[-0.68128765 -0.4112639   0.10768706  0.26636317 -0.49978513 -0.37013388]
1597,2,2,3,4,2,[-0.38040024 -0.49506    -0.21754326  0.05462354 -0.02295212 -0.59767586]
1598,2,2,3,4,3,[-0.7812069 -0.5478581  0.1787616  0.3084779 -0.7118775 -0.4918408]
1599,2,2,3,4,4,[-0.2794112  -0.06482331 -0.10405205  0.08095167  0.00820252 -0.09549546]
1600,2,2,4,0,0,[-0.23597682  0.18873146  0.10802785  0.28247398  0.21601936  0.29185727]
1601,2,2,4,0,1,[-0.3674871  -0.01030635  0.19583115  0.359286   -0.09068597  0.11636047]
1602,2,2,4,0,2,[-0.2752562  -0.347957   -0.11344361  0.10781293  0.17282858 -0.3817683 ]
1603,2,2,4,0,3,[-0.4098177  -0.04361712  0.26363555  0.4098351  -0.2368186   0.10658382]
1604,2,2,4,0,4,[-0.18651763 -0.00473029 -0.03251222  0.12497506  0.17291051  0.01299975]
1605,2,2,4,1,0,[-0.3112526   0.06314795 -0.01057393  0.16686949 -0.08049584  0.07839475]
1606,2,2,4,1,1,[-0.52487653 -0.3050391   0.05549074  0.20744303 -0.43857414 -0.29025444]
1607,2,2,4,1,2,[-0.24267817 -0.29064026 -0.20309427  0.05722626 -0.0440438  -0.38493165]
1608,2,2,4,1,3,[-0.6186664  -0.44604546  0.11285124  0.23631166 -0.6103648  -0.4216489 ]
1609,2,2,4,1,4,[-0.17836432  0.03632046 -0.10288013  0.07189228 -0.01934993  0.0038193 ]
1610,2,2,4,2,0,[-0.1710977   0.05722951  0.0445451   0.17057513  0.0347192   0.11735281]
1611,2,2,4,2,1,[-0.28804278 -0.13930988  0.09347144  0.20791179 -0.1897601  -0.07260985]
1612,2,2,4,2,2,[-0.15946348 -0.22667071 -0.09020986  0.07757229  0.03716078 -0.24743308]
1613,2,2,4,2,3,[-0.33485696 -0.20135882  0.13304707  0.2324462  -0.29726985 -0.12522614]
1614,2,2,4,2,4,[-0.11172639 -0.00365315 -0.03420627  0.08289807  0.04534334  0.00756614]
1615,2,2,4,3,0,[-0.15137677  0.1889813   0.11860578  0.2946098   0.19571054  0.3268482 ]
1616,2,2,4,3,1,[-0.26916406 -0.00436449  0.19403875  0.3617891  -0.07203186  0.15402883]
1617,2,2,4,3,2,[-0.18390578 -0.25615925 -0.07436205  0.14196673  0.16193199 -0.24024716]
1618,2,2,4,3,3,[-0.30998594 -0.04797532  0.25135055  0.4040072  -0.20114225  0.12870911]
1619,2,2,4,3,4,[-0.11783421  0.03341985 -0.00852438  0.14675935  0.15714645  0.08463396]
1620,2,2,4,4,0,[-0.49745017 -0.01764349  0.00873832  0.2268051  -0.07229014 -0.00397766]
1621,2,2,4,4,1,[-0.76813674 -0.4663124   0.10399562  0.29202464 -0.5682497  -0.44705263]
1622,2,2,4,4,2,[-0.43951938 -0.5805661  -0.2623971   0.05411233 -0.04127704 -0.7232762 ]
1623,2,2,4,4,3,[-0.87696505 -0.61233854  0.18546294  0.3398015  -0.8026103  -0.57415104]
1624,2,2,4,4,4,[-0.32250476 -0.09198451 -0.13055897  0.0850768  -0.00221902 -0.14776567]
1625,2,3,0,0,0,[-0.11959866  0.1523679   0.05229812  0.15641631  0.10551859  0.22643289]
1626,2,3,0,0,1,[-0.21289785 -0.01449206  0.09535249  0.19472793 -0.08566765  0.06536195]
1627,2,3,0,0,2,[-0.11476286 -0.08853036 -0.05646187  0.06719448  0.10433352 -0.0765807 ]
1628,2,3,0,0,3,[-0.25193626 -0.07242908  0.12846959  0.21925662 -0.1819244   0.01301636]
1629,2,3,0,0,4,[-0.07700925  0.07689992 -0.01667854  0.07389053  0.09927325  0.10623817]
1630,2,3,0,1,0,[-0.15754855  0.1126785  -0.01566645  0.09654605 -0.05118232  0.14056632]
1631,2,3,0,1,1,[-0.29785535 -0.15538196  0.01641308  0.11620949 -0.27324748 -0.13666663]
1632,2,3,0,1,2,[-0.09324594 -0.02325502 -0.11053395  0.0403612  -0.00784823 -0.0415474 ]
1633,2,3,0,1,3,[-0.36604849 -0.27828482  0.04487476  0.12975727 -0.3853829  -0.2629287 ]
1634,2,3,0,1,4,[-0.06963849  0.12605673 -0.05876037  0.04596523 -0.00172413  0.1298018 ]
1635,2,3,0,2,0,[-0.08312904  0.07387704  0.02103872  0.09978937  0.01446981  0.12194636]
1636,2,3,0,2,1,[-0.1617338  -0.07457674  0.04495081  0.11824242 -0.12470624 -0.02811834]
1637,2,3,0,2,2,[-0.05959311 -0.04548919 -0.04539648  0.05196593  0.03070933 -0.03314131]
1638,2,3,0,2,3,[-0.19818842 -0.13660534  0.06432802  0.12978789 -0.19497567 -0.09029713]
1639,2,3,0,2,4,[-0.04139711  0.05949767 -0.01760804  0.05238431  0.03076085  0.08134101]
1640,2,3,0,3,0,[-0.06952805  0.15043609  0.06167207  0.16877136  0.09904937  0.2465689 ]
1641,2,3,0,3,1,[-0.1527672  -0.00709789  0.09883989  0.2024792  -0.06816807  0.09392106]
1642,2,3,0,3,2,[-0.06425764 -0.04600832 -0.03351928  0.09045859  0.10044851 -0.00550501]
1643,2,3,0,3,3,[-0.18925966 -0.06649792  0.12680247  0.22271655 -0.15340078  0.03780891]
1644,2,3,0,3,4,[-0.03868623  0.09167385 -0.00184272  0.08951887  0.09248226  0.1408897 ]
1645,2,3,0,4,0,[-0.2580714   0.07935384 -0.00813659  0.1268485  -0.05307002  0.10963895]
1646,2,3,0,4,1,[-0.43699247 -0.25249067  0.03814543  0.1586299  -0.35905653 -0.2301667 ]
1647,2,3,0,4,2,[-0.1905373  -0.15392111 -0.14130966  0.03845261 -0.00518003 -0.19105248]
1648,2,3,0,4,3,[-0.5189762  -0.39142087  0.07834436  0.18153483 -0.5112412  -0.3695312 ]
1649,2,3,0,4,4,[-0.14116645  0.07837465 -0.07374062  0.05278423  0.00806749  0.07396625]
1650,2,3,1,0,0,[-0.1136863   0.17130144  0.09754685  0.20922923  0.1574768   0.3146656 ]
1651,2,3,1,0,1,[-0.20550619  0.02061038  0.15204069  0.25557694 -0.03684025  0.18006602]
1652,2,3,1,0,2,[-0.1160045  -0.11738184 -0.03467341  0.10521026  0.14562427 -0.05724253]
1653,2,3,1,0,3,[-0.24389298 -0.0242756   0.19130883  0.28363207 -0.13540511  0.14454885]
1654,2,3,1,0,4,[-0.07878914  0.06584568  0.00572807  0.10619383  0.13143021  0.13747975]
1655,2,3,1,1,0,[-0.16993612  0.1077503   0.00565603  0.13635199 -0.03107493  0.17824419]
1656,2,3,1,1,1,[-0.31518367 -0.1506078   0.04694699  0.16097867 -0.26001617 -0.08143244]
1657,2,3,1,1,2,[-0.10419102 -0.06710108 -0.10992557  0.07042951  0.00707796 -0.06148523]
1658,2,3,1,1,3,[-0.38618407 -0.26410794  0.08127797  0.176476   -0.3757318  -0.19483566]
1659,2,3,1,1,4,[-0.08081437  0.10275081 -0.05293896  0.07111     0.00873515  0.12976363]
1660,2,3,1,2,0,[-0.0774719   0.07949692  0.04896859  0.14035773  0.04236906  0.17354463]
1661,2,3,1,2,1,[-0.15714109 -0.06088219  0.07965417  0.16315731 -0.10024817  0.03759309]
1662,2,3,1,2,2,[-0.05621813 -0.06796607 -0.03216075  0.08395748  0.05339534 -0.02311701]
1663,2,3,1,2,3,[-0.1945223  -0.11582562  0.10272621  0.17618024 -0.17271623 -0.01545748]
1664,2,3,1,2,4,[-0.03989311  0.04922234 -0.0038046   0.07879092  0.04796009  0.09942904]
1665,2,3,1,3,0,[-0.04934406  0.17044546  0.10985305  0.23140544  0.15211685  0.34144813]
1666,2,3,1,3,1,[-0.13104917  0.02638432  0.15726152  0.27245542 -0.01765727  0.21174817]
1667,2,3,1,3,2,[-0.05124298 -0.06699911 -0.00655888  0.13916454  0.14373823  0.02863933]
1668,2,3,1,3,3,[-0.16737376 -0.02220006  0.19045714  0.29535466 -0.105165    0.16947757]
1669,2,3,1,3,4,[-0.0291169   0.0853514   0.02405065  0.12994657  0.12622692  0.18187444]
1670,2,3,1,4,0,[-0.2795246   0.07497767  0.02724175  0.17678429 -0.01993008  0.16826415]
1671,2,3,1,4,1,[-0.46293363 -0.24157968  0.08664573  0.21627785 -0.3347335  -0.14491606]
1672,2,3,1,4,2,[-0.21259305 -0.21483685 -0.13452159  0.07369157  0.01979785 -0.21436612]
1673,2,3,1,4,3,[-0.5470764  -0.3661087   0.13475564  0.24268964 -0.49150637 -0.26513293]
1674,2,3,1,4,4,[-0.16144684  0.04573233 -0.06145183  0.08290384  0.02601981  0.0766032 ]
1675,2,3,2,0,0,[-0.10510738  0.15673287  0.08682016  0.21599069  0.16471715  0.2876689 ]
1676,2,3,2,0,1,[-0.17771529  0.05082949  0.15018655  0.26390806  0.00081426  0.21225388]
1677,2,3,2,0,2,[-0.1194232  -0.1440199  -0.05591798  0.11235481  0.13882707 -0.11178829]
1678,2,3,2,0,3,[-0.20623194  0.03030797  0.19618888  0.29242018 -0.08085904  0.21147113]
1679,2,3,2,0,4,[-0.08249714  0.03364307 -0.00761994  0.11088058  0.12501158  0.08742665]
1680,2,3,2,1,0,[-0.16753104  0.07692575 -0.01458214  0.14335264 -0.02498488  0.12159654]
1681,2,3,2,1,1,[-0.2911624  -0.12648444  0.03667002  0.16952422 -0.2211714  -0.0667366 ]
1682,2,3,2,1,2,[-0.11623527 -0.11838507 -0.14204107  0.07748024 -0.00386997 -0.15661429]
1683,2,3,2,1,3,[-0.35067317 -0.20867924  0.07908779  0.18545824 -0.31834656 -0.13628006]
1684,2,3,2,1,4,[-0.09099722  0.05124754 -0.07421039  0.0759227   0.00064026  0.04897868]
1685,2,3,2,2,0,[-0.0722177   0.0665082   0.04016672  0.14679629  0.0485572   0.14991608]
1686,2,3,2,2,1,[-0.13825831 -0.04069559  0.07701372  0.17068052 -0.07300624  0.05724816]
1687,2,3,2,2,2,[-0.05981897 -0.09185971 -0.0482836   0.09040471  0.04920229 -0.06865323]
1688,2,3,2,2,3,[-0.16856495 -0.07721785  0.10486076  0.18395424 -0.13375533  0.03004079]
1689,2,3,2,2,4,[-0.04331255  0.02303302 -0.01412438  0.08330307  0.04444831  0.0592288 ]
1690,2,3,2,3,0,[-0.03984626  0.15670046  0.10127202  0.24054182  0.16047674  0.3179362 ]
1691,2,3,2,3,1,[-0.10445184  0.05293733  0.15666851  0.2829926   0.01740604  0.24151313]
1692,2,3,2,3,2,[-0.05277775 -0.09261729 -0.02470912  0.14833441  0.13925534 -0.02091638]
1693,2,3,2,3,3,[-0.13202703  0.02645653  0.19591527  0.3061959  -0.05529698  0.23068017]
1694,2,3,2,3,4,[-0.03118261  0.05544224  0.01279334  0.13636048  0.12204308  0.13690129]
1695,2,3,2,4,0,[-0.2726032   0.04707381  0.00567157  0.18533899 -0.00881843  0.11358958]
1696,2,3,2,4,1,[-0.42691135 -0.19816694  0.07792256  0.22714905 -0.27849382 -0.10711715]
1697,2,3,2,4,2,[-0.2242281  -0.26626515 -0.1711584   0.08255553  0.00893269 -0.31529558]
1698,2,3,2,4,3,[-0.49582115 -0.28312     0.1360865   0.25427312 -0.41010696 -0.17209047]
1699,2,3,2,4,4,[-0.17184836 -0.01040515 -0.08533419  0.08872145  0.01698501 -0.01216794]
1700,2,3,3,0,0,[-0.1020828   0.15705371  0.09231976  0.20936663  0.16032179  0.29540884]
1701,2,3,3,0,1,[-0.17825808  0.04082744  0.1509129   0.2552657  -0.00714156  0.20457952]
1702,2,3,3,0,2,[-0.11168332 -0.12846029 -0.04262103  0.10904151  0.13987732 -0.08153183]
1703,2,3,3,0,3,[-0.20915695  0.01314283  0.19302385  0.28257942 -0.0914361   0.19257161]
1704,2,3,3,0,4,[-0.07671347  0.044001    0.00058897  0.10781388  0.1254488   0.10725418]
1705,2,3,3,1,0,[-0.1617047   0.08470432 -0.00454786  0.1386653  -0.02384679  0.14123195]
1706,2,3,3,1,1,[-0.28805894 -0.12866531  0.04197956  0.16357113 -0.22326453 -0.06231078]
1707,2,3,3,1,2,[-0.10700139 -0.09657327 -0.12430938  0.07489624  0.00204894 -0.11540455]
1708,2,3,3,1,3,[-0.34941515 -0.21792324  0.08030627  0.17877926 -0.32297328 -0.1432849 ]
1709,2,3,3,1,4,[-0.08383977  0.06657507 -0.06272774  0.07362119  0.00482551  0.07718939]
1710,2,3,3,2,0,[-0.06984418  0.06918738  0.0446458   0.14218271  0.04725219  0.15800199]
1711,2,3,3,2,1,[-0.13790837 -0.04459008  0.0784473   0.1650286  -0.07649142  0.05542743]
1712,2,3,3,2,2,[-0.05482077 -0.07968094 -0.03879496  0.08754785  0.0511873  -0.04626114]
1713,2,3,3,2,3,[-0.16955386 -0.08572895  0.10375842  0.1777397  -0.13888414  0.02093109]
1714,2,3,3,2,4,[-0.03949558  0.03141234 -0.00817311  0.08083329  0.0457624   0.07421749]
1715,2,3,3,3,0,[-0.03892916  0.15688299  0.1051522   0.23281823  0.15586278  0.32303423]
1716,2,3,3,3,1,[-0.10659049  0.04417339  0.15642178  0.2735918   0.00970568  0.23322293]
1717,2,3,3,3,2,[-0.04773706 -0.07924797 -0.01402703  0.14346273  0.13941245  0.00380553]
1718,2,3,3,3,3,[-0.13612378  0.01150127  0.19234239  0.29590008 -0.06521308  0.21274006]
1719,2,3,3,3,4,[-0.02747952  0.06429512  0.01922964  0.13215287  0.12180532  0.15284911]
1720,2,3,3,4,0,[-0.2640636   0.05564497  0.01744973  0.17934713 -0.00838551  0.1366597 ]
1721,2,3,3,4,1,[-0.42238498 -0.20320371  0.0833763   0.2191257  -0.28249982 -0.10461805]
1722,2,3,3,4,2,[-0.21068107 -0.23818678 -0.14903635  0.07987401  0.01591631 -0.2627904 ]
1723,2,3,3,4,3,[-0.4940902  -0.2978278   0.1361597   0.24501395 -0.41760406 -0.18498749]
1724,2,3,3,4,4,[-0.16135746  0.00924241 -0.07111648  0.08617041  0.02202357  0.0236795 ]
1725,2,3,4,0,0,[-0.12098867  0.17077065  0.0883236   0.22694148  0.17041612  0.3021112 ]
1726,2,3,4,0,1,[-0.20450199  0.0444399   0.15441069  0.27838263 -0.0156853   0.20447633]
1727,2,3,4,0,2,[-0.13428123 -0.15430047 -0.06310146  0.1145947   0.14564565 -0.12463275]
1728,2,3,4,0,3,[-0.2373917   0.01646897  0.20282988  0.30940703 -0.10835453  0.19553326]
1729,2,3,4,0,4,[-0.0925054   0.04150443 -0.01109803  0.11479179  0.132343    0.09447756]
1730,2,3,4,1,0,[-0.18524435  0.08856364 -0.0165652   0.14887041 -0.03316521  0.1335754 ]
1731,2,3,4,1,1,[-0.3244196  -0.1463369   0.03622192  0.17673345 -0.2547462  -0.08966186]
1732,2,3,4,1,2,[-0.12709068 -0.11976777 -0.15117362  0.07758869 -0.00628745 -0.15881377]
1733,2,3,4,1,3,[-0.39127055 -0.24313919  0.08031639  0.19406578 -0.3647084  -0.17579646]
1734,2,3,4,1,4,[-0.09871152  0.06591535 -0.07926814  0.07747673 -0.00068911  0.06387727]
1735,2,3,4,2,0,[-0.08357752  0.07308446  0.04006991  0.15257357  0.04656586  0.15696909]
1736,2,3,4,2,1,[-0.15855594 -0.05179315  0.07822128  0.17807704 -0.09102333  0.0448477 ]
1737,2,3,4,2,2,[-0.06841051 -0.09706154 -0.05349747  0.0916338   0.04976966 -0.07468873]
1738,2,3,4,2,3,[-0.1928305  -0.09583225  0.10735283  0.19256382 -0.15975963  0.00918799]
1739,2,3,4,2,4,[-0.04925477  0.02933937 -0.0168282   0.08545361  0.04568483  0.06553822]
1740,2,3,4,3,0,[-0.05190367  0.17027423  0.10329276  0.25133628  0.16505688  0.33359495]
1741,2,3,4,3,1,[-0.12629853  0.04736026  0.16092686  0.29681668  0.00252056  0.236309  ]
1742,2,3,4,3,2,[-0.06365357 -0.09871138 -0.0301254   0.15166508  0.14520751 -0.02741609]
1743,2,3,4,3,3,[-0.15793279  0.01341673  0.20214531  0.32211885 -0.07990395  0.21718912]
1744,2,3,4,3,4,[-0.03823831  0.06457321  0.01043763  0.14085206  0.12826145  0.14672025]
1745,2,3,4,4,0,[-0.30130607  0.05409765  0.00279014  0.19305825 -0.01918376  0.11837559]
1746,2,3,4,4,1,[-0.4756917  -0.23043202  0.07748607  0.23765498 -0.3239128  -0.14567965]
1747,2,3,4,4,2,[-0.24558803 -0.28222394 -0.18438078  0.08165584  0.00517823 -0.3358091 ]
1748,2,3,4,4,3,[-0.553546   -0.3321452   0.13827205  0.26710626 -0.4728507  -0.22944228]
1749,2,3,4,4,4,[-0.18719415 -0.00117134 -0.09284476  0.09033541  0.01552644 -0.00518292]
1750,2,4,0,0,0,[-0.10634124  0.11630772  0.05100852  0.15952517  0.08683008  0.20278424]
1751,2,4,0,0,1,[-0.18487348 -0.02022214  0.09559662  0.1947393  -0.0738387   0.07957487]
1752,2,4,0,0,2,[-0.09905984 -0.08638719 -0.05338071  0.07998614  0.08778754 -0.06753248]
1753,2,4,0,0,3,[-0.21882649 -0.06719867  0.12891552  0.21618354 -0.15511505  0.04177637]
1754,2,4,0,0,4,[-0.06943428  0.05288844 -0.01512775  0.08130416  0.0802261   0.08756965]
1755,2,4,0,1,0,[-0.15003936  0.07655386 -0.02313454  0.10410193 -0.0573786   0.10599207]
1756,2,4,0,1,1,[-0.2708408  -0.14477931  0.01181886  0.12269498 -0.24675135 -0.11733594]
1757,2,4,0,1,2,[-0.08941255 -0.03713292 -0.11597752  0.05365975 -0.01620357 -0.0602155 ]
1758,2,4,0,1,3,[-0.33060768 -0.24644987  0.04193135  0.13450697 -0.34268552 -0.21829657]
1759,2,4,0,1,4,[-0.07107893  0.08874999 -0.06350853  0.0545395  -0.0128462   0.08908124]
1760,2,4,0,2,0,[-0.07128303  0.05422247  0.02170241  0.10863186  0.01086815  0.11161722]
1761,2,4,0,2,1,[-0.13807033 -0.06791819  0.04723139  0.12596501 -0.10691894 -0.00717982]
1762,2,4,0,2,2,[-0.0488025  -0.04612414 -0.04290722  0.06536531  0.02651559 -0.02863096]
1763,2,4,0,2,3,[-0.1699539  -0.11895975  0.067168    0.13587804 -0.16677319 -0.05598497]
1764,2,4,0,2,4,[-0.0359503   0.04184326 -0.01611758  0.06142377  0.02398722  0.06780426]
1765,2,4,0,3,0,[-0.05160538  0.12104844  0.06508511  0.17970307  0.08973598  0.2345407 ]
1766,2,4,0,3,1,[-0.12118314 -0.00773938  0.10405851  0.21108918 -0.05070042  0.11744624]
1767,2,4,0,3,2,[-0.04546777 -0.0449071  -0.02715831  0.10884164  0.09203083  0.00743794]
1768,2,4,0,3,3,[-0.15303373 -0.0561502   0.13233735  0.2285585  -0.1229874   0.07530849]
1769,2,4,0,3,4,[-0.02814857  0.06999785  0.00246257  0.10168126  0.08083554  0.12854546]
1770,2,4,0,4,0,[-0.24430734  0.03994747 -0.01567097  0.13254154 -0.06493556  0.07558767]
1771,2,4,0,4,1,[-0.39734998 -0.23364192  0.03400036  0.1623529  -0.32452303 -0.19579847]
1772,2,4,0,4,2,[-0.17943783 -0.15515366 -0.1446002   0.05378192 -0.01887185 -0.19493932]
1773,2,4,0,4,3,[-0.468656   -0.3479319   0.07573183  0.18259072 -0.45381048 -0.3050359 ]
1774,2,4,0,4,4,[-0.13863662  0.04129532 -0.07728789  0.06190851 -0.00990546  0.03496707]
1775,2,4,1,0,0,[-0.09617186  0.13446468  0.10008521  0.2196473   0.13926443  0.30003893]
1776,2,4,1,0,1,[-0.1740853   0.01225113  0.15721822  0.26288906 -0.02364584  0.20358624]
1777,2,4,1,0,2,[-0.09347647 -0.10964021 -0.02899565  0.12566742  0.13070664 -0.03592728]
1778,2,4,1,0,3,[-0.2085818  -0.02352833  0.1972497   0.28739187 -0.10716619  0.1817317 ]
1779,2,4,1,0,4,[-0.06672923  0.04464775  0.00969752  0.11951448  0.11300828  0.12750149]
1780,2,4,1,1,0,[-0.16120148  0.07138136 -0.00291392  0.1506062  -0.03911916  0.14662054]
1781,2,4,1,1,1,[-0.2881548  -0.1413702   0.04245789  0.17424567 -0.23473123 -0.05844504]
1782,2,4,1,1,2,[-0.09636927 -0.07585631 -0.11807796  0.09050477 -0.00205345 -0.07501995]
1783,2,4,1,1,3,[-0.35188848 -0.23499346  0.07945582  0.18768819 -0.33409572 -0.14664273]
1784,2,4,1,1,4,[-0.08017859  0.06789331 -0.05929574  0.08492908 -0.00363553  0.09226488]
1785,2,4,1,2,0,[-0.06134442  0.06039401  0.05234949  0.15660958  0.04003998  0.17068547]
1786,2,4,1,2,1,[-0.12975787 -0.05455301  0.08546489  0.17839535 -0.08061378  0.06647484]
1787,2,4,1,2,2,[-0.03961885 -0.06430712 -0.02800996  0.10469025  0.05107058 -0.00963082]
1788,2,4,1,2,3,[-0.16336133 -0.09954888  0.10957674  0.18947959 -0.14262253  0.02642434]
1789,2,4,1,2,4,[-0.03051305  0.03389957 -0.00071976  0.09352966  0.0422314   0.09235468]
1790,2,4,1,3,0,[-0.02406094  0.14170784  0.11879756  0.2528279   0.14569336  0.34206718]
1791,2,4,1,3,1,[-0.0926551   0.02495205  0.16916634  0.2917334   0.00357564  0.24853154]
1792,2,4,1,3,2,[-0.02323454 -0.05997907  0.00390664  0.16795446  0.13894843  0.05634701]
1793,2,4,1,3,3,[-0.12539674 -0.01419812  0.20322073  0.31141588 -0.07096311  0.21952403]
1794,2,4,1,3,4,[-0.01210151  0.06693956  0.03195681  0.1502029   0.11688074  0.18035251]
1795,2,4,1,4,0,[-0.26440552  0.0350147   0.01975927  0.1897842  -0.03391037  0.13972805]
1796,2,4,1,4,1,[-0.4233634  -0.22501834  0.08407911  0.22735637 -0.30120647 -0.10421687]
1797,2,4,1,4,2,[-0.19636586 -0.20878072 -0.13956133  0.09668358  0.00554916 -0.20895696]
1798,2,4,1,4,3,[-0.49834034 -0.326943    0.13484627  0.25066945 -0.43484658 -0.19478801]
1799,2,4,1,4,4,[-0.15623695  0.01220498 -0.06578089  0.0979275   0.00672107  0.04366754]
1800,2,4,2,0,0,[-0.08892284  0.12342799  0.08257514  0.22776847  0.14406066  0.26941663]
1801,2,4,2,0,1,[-0.15026863  0.03909495  0.15070733  0.27285495  0.00816127  0.22750904]
1802,2,4,2,0,2,[-0.09685016 -0.13215132 -0.06022425  0.13336696  0.12170135 -0.0969839 ]
1803,2,4,2,0,3,[-0.17635462  0.02399872  0.19945018  0.2979807  -0.06011619  0.2388128 ]
1804,2,4,2,0,4,[-0.07001607  0.01830104 -0.0103183   0.12494368  0.10562589  0.07633334]
1805,2,4,2,1,0,[-0.1602885   0.0455788  -0.03276571  0.15853336 -0.03794194  0.08471843]
1806,2,4,2,1,1,[-0.2690087  -0.12095038  0.02503684  0.18381837 -0.20446987 -0.05513911]
1807,2,4,2,1,2,[-0.10775457 -0.12009952 -0.16351889  0.09795942 -0.01745341 -0.17739685]
1808,2,4,2,1,3,[-0.32314175 -0.18809703  0.07254116  0.197768   -0.28697565 -0.10174379]
1809,2,4,2,1,4,[-0.08956087  0.02468275 -0.08962043  0.09028249 -0.01454732  0.01018289]
1810,2,4,2,2,0,[-0.05683478  0.05015854  0.03839904  0.16409062  0.04392741  0.14443319]
1811,2,4,2,2,1,[-0.11361758 -0.036826    0.07917336  0.18708675 -0.05805232  0.07987817]
1812,2,4,2,2,2,[-0.04281122 -0.08455005 -0.05154059  0.11172456  0.04483202 -0.05934465]
1813,2,4,2,2,3,[-0.14126123 -0.0662393   0.1094833   0.19849157 -0.10947531  0.06434004]
1814,2,4,2,2,4,[-0.03338847  0.01234374 -0.01601605  0.09867977  0.03758912  0.05162247]
1815,2,4,2,3,0,[-0.01510036  0.13167429  0.10433374  0.26372674  0.15208425  0.31622478]
1816,2,4,2,3,1,[-0.0689036   0.04897337  0.16462728  0.30430886  0.03374071  0.27180594]
1817,2,4,2,3,2,[-0.02411698 -0.08117413 -0.02303195  0.17814143  0.13267387  0.00199625]
1818,2,4,2,3,3,[-0.09419614  0.02855313  0.20652132  0.32443994 -0.02741901  0.2727642 ]
1819,2,4,2,3,4,[-0.0133093   0.04279578  0.01485861  0.15768681  0.11195178  0.13515212]
1820,2,4,2,4,0,[-0.26019603  0.01198418 -0.01340828  0.19932865 -0.02869902  0.07757366]
1821,2,4,2,4,1,[-0.3944775  -0.18797934  0.06686111  0.23938201 -0.25608826 -0.0818994 ]
1822,2,4,2,4,2,[-0.20805235 -0.2532822  -0.19248916  0.10572488 -0.01052487 -0.3203607 ]
1823,2,4,2,4,3,[-0.45665336 -0.25641978  0.13068184  0.26354307 -0.36702266 -0.12014051]
1824,2,4,2,4,4,[-0.16623858 -0.03474286 -0.10068761  0.10423744 -0.0054055  -0.04752836]
1825,2,4,3,0,0,[-0.08585478  0.12371609  0.09113798  0.22116725  0.14179847  0.28007135]
1826,2,4,3,0,1,[-0.15034764  0.03059466  0.15377337  0.26433855  0.00241133  0.2233265 ]
1827,2,4,3,0,2,[-0.08973001 -0.11871614 -0.04312414  0.12986036  0.12457651 -0.06476124]
1828,2,4,3,0,3,[-0.17846386  0.00941148  0.19795313  0.28835073 -0.06846106  0.22365767]
1829,2,4,3,0,4,[-0.06468114  0.02712023  0.00056166  0.12173784  0.10747284  0.09744167]
1830,2,4,3,1,0,[-0.15450518  0.05241561 -0.01897452  0.15370123 -0.03478574  0.10717892]
1831,2,4,3,1,1,[-0.26550093 -0.12252311  0.03320961  0.17778361 -0.20447087 -0.04737972]
1832,2,4,3,1,2,[-0.09920844 -0.10121004 -0.1410366   0.09510058 -0.00972519 -0.1340063 ]
1833,2,4,3,1,3,[-0.32111046 -0.19561732  0.07577876  0.19106714 -0.28949177 -0.10524796]
1834,2,4,3,1,4,[-0.0828919   0.03783141 -0.07480202  0.08777229 -0.0089858   0.03974945]
1835,2,4,3,2,0,[-0.05461626  0.05239996  0.04496661  0.15925194  0.04382975  0.15408769]
1836,2,4,3,2,1,[-0.11314323 -0.04015888  0.0821683   0.181263   -0.0602821   0.07997986]
1837,2,4,3,2,2,[-0.03838711 -0.07412866 -0.03939842  0.10853762  0.04785987 -0.03589484]
1838,2,4,3,2,3,[-0.14188386 -0.07346969  0.109457    0.19216071 -0.11332524  0.05730754]
1839,2,4,3,2,4,[-0.02999116  0.01942714 -0.00820931  0.09595923  0.03970138  0.06724288]
1840,2,4,3,3,0,[-0.01452476  0.13151418  0.11068603  0.25562495  0.14903194  0.3232389 ]
1841,2,4,3,3,1,[-0.07101776  0.04120007  0.1662029   0.29461896  0.02766506  0.26592878]
1842,2,4,3,3,2,[-0.01998474 -0.069937   -0.00919904  0.17271787  0.13414532  0.02786061]
1843,2,4,3,3,3,[-0.09794071  0.01553947  0.20418252  0.3139479  -0.03567289  0.25748104]
1844,2,4,3,3,4,[-0.01027662  0.05009209  0.02349006  0.15306413  0.11272651  0.15177076]
1845,2,4,3,4,0,[-0.25152212  0.01974362  0.00312428  0.19339132 -0.0254617   0.10460428]
1846,2,4,3,4,1,[-0.38923755 -0.19174474  0.07594411  0.2315077  -0.2571942  -0.07472777]
1847,2,4,3,4,2,[-0.19524553 -0.22875957 -0.16440743  0.10288699 -0.00107488 -0.26493543]
1848,2,4,3,4,3,[-0.45373163 -0.26836422  0.13333416  0.25451034 -0.37159172 -0.12810254]
1849,2,4,3,4,4,[-0.15627441 -0.017727   -0.08228055  0.10156976  0.00151463 -0.00982651]
1850,2,4,4,0,0,[-0.10362099  0.1337983   0.08405787  0.23781204  0.14752634  0.28103867]
1851,2,4,4,0,1,[-0.17416948  0.03247916  0.15463486  0.28598118 -0.00725197  0.2205893 ]
1852,2,4,4,0,2,[-0.11036939 -0.14189488 -0.06626052  0.13591179  0.1266547  -0.10812848]
1853,2,4,4,0,3,[-0.20397799  0.01117679  0.2054738   0.3132801  -0.08490423  0.22495794]
1854,2,4,4,0,4,[-0.07944709  0.0236867  -0.01321448  0.1287795   0.11080256  0.08153062]
1855,2,4,4,1,0,[-0.17689736  0.05386564 -0.0343871   0.16382748 -0.04618588  0.09432975]
1856,2,4,4,1,1,[-0.29882368 -0.13890117  0.02477701  0.19061585 -0.23451506 -0.07499615]
1857,2,4,4,1,2,[-0.11813518 -0.12237494 -0.17128807  0.09859344 -0.02004657 -0.17919835]
1858,2,4,4,1,3,[-0.35925138 -0.21830016  0.07368521  0.2057763  -0.32808954 -0.1359206 ]
1859,2,4,4,1,4,[-0.0973106   0.03565712 -0.09393169  0.09202491 -0.01654406  0.02211433]
1860,2,4,4,2,0,[-0.06722762  0.05478964  0.03854368  0.16969377  0.04146451  0.15028247]
1861,2,4,4,2,1,[-0.13157216 -0.04690348  0.0804885   0.19411856 -0.07420602  0.06938154]
1862,2,4,4,2,2,[-0.05063375 -0.08959413 -0.05581582  0.11339828  0.04496078 -0.06428792]
1863,2,4,4,2,3,[-0.16260877 -0.08260433  0.1118899   0.2065648  -0.13249415  0.04658398]
1864,2,4,4,2,4,[-0.03901839  0.01683561 -0.01819593  0.10100058  0.03808205  0.05665964]
1865,2,4,4,3,0,[-0.0259235   0.14214517  0.10658102  0.2740717   0.15520337  0.3298139 ]
1866,2,4,4,3,1,[-0.08797534  0.04353776  0.16888815  0.31731248  0.02028588  0.2679656 ]
1867,2,4,4,3,2,[-0.03370753 -0.08699527 -0.02723972  0.18202743  0.13741879 -0.00292654]
1868,2,4,4,3,3,[-0.11673541  0.01689561  0.212472    0.3392401  -0.04919987  0.26182753]
1869,2,4,4,3,4,[-0.01978213  0.0495941   0.0131685   0.1623364   0.11664144  0.14340907]
1870,2,4,4,4,0,[-0.28696403  0.01547463 -0.0159412   0.20646076 -0.03976848  0.08002692]
1871,2,4,4,4,1,[-0.43825808 -0.2172084   0.06652431  0.24898422 -0.29710975 -0.11589724]
1872,2,4,4,4,2,[-0.2280521  -0.26856974 -0.20392033  0.10544876 -0.01504182 -0.33861494]
1873,2,4,4,4,3,[-0.5080572  -0.2996616   0.13259119  0.2751755  -0.42291158 -0.17022681]
1874,2,4,4,4,4,[-0.18110117 -0.02906535 -0.1072327   0.10599206 -0.00828755 -0.04324507]
1875,3,0,0,0,0,[-0.16767462  0.9385988   0.29126802  0.55476487  0.63446057  1.2224033 ]
1876,3,0,0,0,1,[-0.5375159   0.2786331   0.44796306  0.6863273  -0.13860776  0.5581026 ]
1877,3,0,0,0,2,[-0.22074692 -0.13461694 -0.15002581  0.21146299  0.5736087  -0.09906133]
1878,3,0,0,0,3,[-0.6898672   0.05260102  0.5704091   0.77657646 -0.5260371   0.34509915]
1879,3,0,0,0,4,[-0.09878218  0.52094334 -0.00104226  0.2504822   0.53986406  0.6369656 ]
1880,3,0,0,1,0,[-0.33437508  0.71937126  0.0758352   0.29912695  0.01120642  0.88609916]
1881,3,0,0,1,1,[-0.8760396  -0.34136024  0.19454426  0.3644735  -0.8787242  -0.23084895]
1882,3,0,0,1,2,[-0.15654491  0.07148798 -0.31323922  0.08351025  0.13352369  0.05107385]
1883,3,0,0,1,3,[-1.1365706  -0.8247145   0.29745558  0.41543674 -1.3272892  -0.7365528 ]
1884,3,0,0,1,4,[-0.08267789  0.67356235 -0.12758988  0.12310089  0.1410992   0.73817116]
1885,3,0,0,2,0,[-0.18102683  0.47285074  0.1227759   0.28972358  0.1644806   0.6286914 ]
1886,3,0,0,2,1,[-0.4904406  -0.11567149  0.20937921  0.3500958  -0.39664608  0.01705782]
1887,3,0,0,2,2,[-0.13078478 -0.07161351 -0.14586316  0.11128357  0.19762525 -0.05597316]
1888,3,0,0,2,3,[-0.6312878  -0.3595476   0.28070575  0.39325425 -0.6780605  -0.23227271]
1889,3,0,0,2,4,[-0.06638288  0.35009724 -0.03837666  0.13315842  0.19390889  0.416365  ]
1890,3,0,0,3,0,[-0.09815516  0.84552675  0.2634498   0.5194787   0.5093804   1.1348809 ]
1891,3,0,0,3,1,[-0.43866295  0.21259317  0.39448595  0.6280591  -0.17242044  0.4924461 ]
1892,3,0,0,3,2,[-0.11915126 -0.01709789 -0.11396245  0.23338279  0.4793934   0.06123963]
1893,3,0,0,3,3,[-0.5859207  -0.02611366  0.49649963  0.7001453  -0.5167215   0.25858486]
1894,3,0,0,3,4,[-0.03191631  0.5278666   0.0122464   0.2538521   0.445455    0.6645377 ]
1895,3,0,0,4,0,[-0.56749433  0.73882717  0.15738747  0.4451474   0.12309781  0.94229996]
1896,3,0,0,4,1,[-1.2564195  -0.5646739   0.33020476  0.5542771  -1.1021732  -0.41995305]
1897,3,0,0,4,2,[-0.4169062  -0.35550722 -0.39464876  0.09816608  0.23328923 -0.4325922 ]
1898,3,0,0,4,3,[-1.5684266  -1.1044264   0.47822887  0.6400925  -1.710928   -0.97271323]
1899,3,0,0,4,4,[-0.25713736  0.57649195 -0.15085159  0.16927174  0.2596208   0.6282285 ]
1900,3,0,1,0,0,[-0.10071433  1.0674119   0.4555791   0.6931951   0.8682421   1.5678838 ]
1901,3,0,1,0,1,[-0.4587087   0.47657794  0.65455294  0.85015094  0.08447833  1.007226  ]
1902,3,0,1,0,2,[-0.20457849 -0.21670938 -0.07863907  0.29885688  0.75132596 -0.04380266]
1903,3,0,1,0,3,[-0.6022993   0.30563867  0.80097705  0.95407194 -0.30971268  0.864541  ]
1904,3,0,1,0,4,[-0.07986793  0.51056856  0.07796793  0.32834005  0.6858005   0.753998  ]
1905,3,0,1,1,0,[-0.3188493   0.7593142   0.17911519  0.38977647  0.1485089   1.0809754 ]
1906,3,0,1,1,1,[-0.86654866 -0.25537112  0.3342825   0.47052664 -0.76265067  0.03966554]
1907,3,0,1,1,2,[-0.16492635 -0.06665642 -0.29444805  0.14133938  0.23308077 -0.00560334]
1908,3,0,1,1,3,[-1.1290445  -0.6972207   0.4594909   0.52971095 -1.2224517  -0.41063622]
1909,3,0,1,1,4,[-0.08753502  0.61792016 -0.08929863  0.1744401   0.22284713  0.76694584]
1910,3,0,1,2,0,[-0.14864124  0.52459735  0.21637127  0.37466973  0.28678918  0.811954  ]
1911,3,0,1,2,1,[-0.45681807 -0.02801388  0.328313    0.4480204  -0.2859183   0.25691327]
1912,3,0,1,2,2,[-0.12233394 -0.14546393 -0.11000165  0.16889083  0.2902697  -0.04827837]
1913,3,0,1,2,3,[-0.5960545  -0.24125011  0.4141939   0.49768546 -0.57398605  0.04706828]
1914,3,0,1,2,4,[-0.05739883  0.32680273  0.00471995  0.18320955  0.26948833  0.469877  ]
1915,3,0,1,3,0,[-0.02377661  0.9568898   0.4138243   0.6584471   0.7158716   1.4504533 ]
1916,3,0,1,3,1,[-0.35543108  0.38057378  0.581147    0.78841275  0.02404882  0.8945764 ]
1917,3,0,1,3,2,[-0.08746972 -0.08425156 -0.04417851  0.32856667  0.6383752   0.12842996]
1918,3,0,1,3,3,[-0.49676389  0.18720217  0.7033596   0.87109345 -0.32706922  0.71845293]
1919,3,0,1,3,4,[-0.00196005  0.5219531   0.08707087  0.33632353  0.5755156   0.7812479 ]
1920,3,0,1,4,0,[-0.54874575  0.80994654  0.32086232  0.5739626   0.33580652  1.2435634 ]
1921,3,0,1,4,1,[-1.239213   -0.42272326  0.5452946   0.70786107 -0.9175242  -0.0059705 ]
1922,3,0,1,4,2,[-0.44120345 -0.5425604  -0.34926328  0.17509688  0.38930735 -0.49083993]
1923,3,0,1,4,3,[-1.5486736  -0.899611    0.72403324  0.80759436 -1.5408087  -0.47648692]
1924,3,0,1,4,4,[-0.2723239   0.5019652  -0.0840886   0.23924063  0.38719124  0.6814976 ]
1925,3,0,2,0,0,[-0.05681255  1.0145078   0.44937384  0.7048481   0.91841036  1.5075759 ]
1926,3,0,2,0,1,[-0.33829537  0.6035213   0.67329085  0.8662009   0.2542279   1.1717005 ]
1927,3,0,2,0,2,[-0.20993404 -0.3163179  -0.11366919  0.31544936  0.7479572  -0.19624086]
1928,3,0,2,0,3,[-0.44192508  0.5299036   0.8372492   0.97134316 -0.0749969   1.1565928 ]
1929,3,0,2,0,4,[-0.08697014  0.3867855   0.05909295  0.33702016  0.67870414  0.5989916 ]
1930,3,0,2,1,0,[-0.29006547  0.65152806  0.15223151  0.40431732  0.21036817  0.9332762 ]
1931,3,0,2,1,1,[-0.7495735  -0.14127186  0.3354263   0.489945   -0.57114416  0.16588706]
1932,3,0,2,1,2,[-0.19830658 -0.25737306 -0.3538811   0.15847994  0.22796598 -0.29031917]
1933,3,0,2,1,3,[-0.96468985 -0.4575532   0.48154378  0.55056787 -0.959861   -0.1219416 ]
1934,3,0,2,1,4,[-0.11462798  0.42335662 -0.12574442  0.184599    0.22101107  0.51227665]
1935,3,0,2,2,0,[-0.12136129  0.4781917   0.20824207  0.38630337  0.3287898   0.7539619 ]
1936,3,0,2,2,1,[-0.3747126   0.05921812  0.33745793  0.46285802 -0.16088696  0.3643455 ]
1937,3,0,2,2,2,[-0.1321452  -0.23544995 -0.1380649   0.18273884  0.29199535 -0.18240288]
1938,3,0,2,2,3,[-0.4849973  -0.08017595  0.43569887  0.51334333 -0.40389034  0.25009525]
1939,3,0,2,2,4,[-0.06636941  0.22644518 -0.01128887  0.1915533   0.27007324  0.34261516]
1940,3,0,2,3,0,[0.01562086 0.9037186  0.4087729  0.67332387 0.7647969  1.3908073 ]
1941,3,0,2,3,1,[-0.2479952   0.48975116  0.598225    0.80707693  0.17781696  1.0373743 ]
1942,3,0,2,3,2,[-0.09312983 -0.18431783 -0.07500891  0.3470034   0.63843507 -0.01918252]
1943,3,0,2,3,3,[-0.35366935  0.3851857   0.73605967  0.89065605 -0.11634305  0.9771486 ]
1944,3,0,2,3,4,[-0.00861622  0.4042255   0.07054115  0.34716988  0.57288903  0.6356309 ]
1945,3,0,2,4,0,[-0.49407274  0.7179765   0.3001184   0.593416    0.4263868   1.1218423 ]
1946,3,0,2,4,1,[-1.0668759  -0.22778869  0.5610042   0.7345955  -0.64858127  0.22652161]
1947,3,0,2,4,2,[-0.46561503 -0.72857296 -0.4116298   0.19928923  0.39368862 -0.7748953 ]
1948,3,0,2,4,3,[-1.3141603  -0.5466251   0.76584595  0.83648175 -1.175224   -0.03980934]
1949,3,0,2,4,4,[-0.29415867  0.29271814 -0.12042724  0.25295493  0.38891423  0.4115718 ]
1950,3,0,3,0,0,[-0.05991647  1.0010159   0.451113    0.6820264   0.8829966   1.5024045 ]
1951,3,0,3,0,1,[-0.35533875  0.54824615  0.6603807   0.83635587  0.205828    1.1096785 ]
1952,3,0,3,0,2,[-0.19155316 -0.26504254 -0.08503188  0.30481333  0.73544776 -0.1126826 ]
1953,3,0,3,0,3,[-0.46851164  0.44581863  0.8128017   0.9371207  -0.13256094  1.0540795 ]
1954,3,0,3,0,4,[-0.07465037  0.41811484  0.07411916  0.32691374  0.66682696  0.64911336]
1955,3,0,3,1,0,[-0.2821803   0.66839856  0.16657999  0.38992733  0.19410181  0.9699261 ]
1956,3,0,3,1,1,[-0.7531794  -0.16545418  0.3357556   0.47110817 -0.5993478   0.14613056]
1957,3,0,3,1,2,[-0.17327955 -0.17979598 -0.31368008  0.15186994  0.23201013 -0.16859902]
1958,3,0,3,1,3,[-0.97624755 -0.5105328   0.4702429   0.5289642  -0.9968442  -0.18274628]
1959,3,0,3,1,4,[-0.09657553  0.47539008 -0.1021622   0.17834136  0.22185202  0.5916473 ]
1960,3,0,3,2,0,[-0.12000703  0.48022562  0.21266891  0.3730478   0.3122182   0.76382005]
1961,3,0,3,2,1,[-0.38151035  0.03440666  0.33270684  0.44599894 -0.18544143  0.33755144]
1962,3,0,3,2,2,[-0.11838146 -0.19271657 -0.11660204  0.1758476   0.2893063  -0.11618073]
1963,3,0,3,2,3,[-0.49739462 -0.12369526  0.42356405  0.49430916 -0.43419465  0.19695081]
1964,3,0,3,2,4,[-0.05670749  0.2542297   0.00059367  0.18526675  0.26663697  0.38438544]
1965,3,0,3,3,0,[0.01084923 0.8938323  0.40939373 0.65069085 0.7339164  1.3861072 ]
1966,3,0,3,3,1,[-0.26457068  0.44375813  0.58631843  0.77871656  0.13579212  0.983524  ]
1967,3,0,3,3,2,[-0.0795742  -0.1385037  -0.05120729  0.33453676  0.62725955  0.05276299]
1968,3,0,3,3,3,[-0.37819463  0.3143278   0.7143135   0.858899   -0.16613655  0.8884385 ]
1969,3,0,3,3,4,"[2.2214584e-04 4.3238327e-01 8.2730629e-02 3.3594850e-01 5.6226403e-01
 6.7855698e-01]"
1970,3,0,3,4,0,[-0.48389262  0.7306032   0.31393027  0.57252383  0.3990168   1.1564087 ]
1971,3,0,3,4,1,[-1.0732863  -0.27107152  0.5557331   0.7065447  -0.6923393   0.18462715]
1972,3,0,3,4,2,[-0.43054295 -0.6315314  -0.36243504  0.1907995   0.39452723 -0.62330973]
1973,3,0,3,4,3,[-1.3322469  -0.62917477  0.74501985  0.803868   -1.2311012  -0.13720647]
1974,3,0,3,4,4,[-0.26882568  0.3570063  -0.09223305  0.24456784  0.38701293  0.50929594]
1975,3,0,4,0,0,[-0.08962353  1.1023284   0.46441793  0.7523571   0.96240306  1.6010531 ]
1976,3,0,4,0,1,[-0.41505295  0.6101076   0.6991795   0.9263875   0.20861536  1.1762011 ]
1977,3,0,4,0,2,[-0.24435966 -0.33666125 -0.13619249  0.3282245   0.79084724 -0.22600327]
1978,3,0,4,0,3,[-0.5365796   0.5071389   0.8728552   1.0407717  -0.16490556  1.1292076 ]
1979,3,0,4,0,4,[-0.10603105  0.43860036  0.05122272  0.35582292  0.7218527   0.6498112 ]
1980,3,0,4,1,0,[-0.3363349   0.72039115  0.15281396  0.4272883   0.19307712  1.0062824 ]
1981,3,0,4,1,1,[-0.8576852  -0.1976712   0.34252128  0.5188862  -0.69063103  0.09982707]
1982,3,0,4,1,2,[-0.2223982  -0.25058365 -0.38497916  0.15975514  0.22922796 -0.28725386]
1983,3,0,4,1,3,[-1.1020508  -0.5716249   0.49562806  0.5847068  -1.1304859  -0.25292587]
1984,3,0,4,1,4,[-0.12895474  0.49561992 -0.14048138  0.19161814  0.22552148  0.58672595]
1985,3,0,4,2,0,[-0.15027192  0.5212147   0.21254173  0.40894425  0.33142626  0.7994768 ]
1986,3,0,4,2,1,[-0.43950436  0.03185883  0.3470748   0.49114773 -0.22288601  0.33208826]
1987,3,0,4,2,2,[-0.15323548 -0.24610154 -0.1561029   0.1874707   0.30177346 -0.19781254]
1988,3,0,4,2,3,[-0.5658189  -0.13726923  0.45059153  0.54608136 -0.49793038  0.18473038]
1989,3,0,4,2,4,[-0.07893361  0.26212546 -0.01911704  0.20004517  0.2817699   0.37823394]
1990,3,0,4,3,0,[-0.00981152  0.98278624  0.42226142  0.71610564  0.79731333  1.47796   ]
1991,3,0,4,3,1,[-0.31370854  0.49168912  0.6204761   0.86023295  0.1313444   1.0398935 ]
1992,3,0,4,3,2,[-0.1171423  -0.19155386 -0.09330764  0.361066    0.6726254  -0.03060285]
1993,3,0,4,3,3,[-0.4364767   0.35700038  0.7662097   0.95124054 -0.20212017  0.9465719 ]
1994,3,0,4,3,4,[-0.02085179  0.45712218  0.06468523  0.36554435  0.6069828   0.69058293]
1995,3,0,4,4,0,[-0.57010764  0.782508    0.3019656   0.6287839   0.4113114   1.1837292 ]
1996,3,0,4,4,1,[-1.2223665  -0.31851825  0.57314545  0.780047   -0.80447525  0.1166343 ]
1997,3,0,4,4,2,[-0.52083504 -0.77160484 -0.45568648  0.19960973  0.39772078 -0.834676  ]
1998,3,0,4,4,3,[-1.5051342 -0.7028481  0.7888205  0.8906411 -1.4004415 -0.2225874]
1999,3,0,4,4,4,[-0.32971516  0.3517338  -0.14178292  0.26283583  0.40003407  0.46504167]
2000,3,1,0,0,0,[-0.01587719  0.47315598  0.20736529  0.33375493  0.37477306  0.7719557 ]
2001,3,1,0,0,1,[-0.18985312  0.17123148  0.31393787  0.40222293  0.0214544   0.5065274 ]
2002,3,1,0,0,2,[-0.0356332  -0.0318544  -0.05196363  0.16370323  0.33925587  0.08544163]
2003,3,1,0,0,3,[-0.2675661   0.06578454  0.39233765  0.44600987 -0.15900613  0.42623213]
2004,3,1,0,0,4,[0.00084532 0.2645705  0.02861742 0.1686724  0.3012797  0.41154838]
2005,3,1,0,1,0,[-0.12103886  0.35951978  0.05066577  0.19711444  0.05633511  0.55010015]
2006,3,1,0,1,1,[-0.3816496  -0.13088849  0.14232095  0.23249936 -0.35804865  0.0687158 ]
2007,3,1,0,1,2,[-0.02598572  0.0539598  -0.19011769  0.08944071  0.11019827  0.09002993]
2008,3,1,0,1,3,[-0.51321256 -0.3574604   0.21662278  0.2571686  -0.5705379  -0.14947344]
2009,3,1,0,1,4,[-0.00920104  0.32737857 -0.07557771  0.09745804  0.09713788  0.41014332]
2010,3,1,0,2,0,[-0.04236254  0.24320371  0.09513213  0.19190973  0.12661694  0.42113632]
2011,3,1,0,2,1,[-0.18955645 -0.02782522  0.1581666   0.22407925 -0.13263455  0.16307937]
2012,3,1,0,2,2,[-0.01391407 -0.01354611 -0.06712883  0.10244843  0.13854836  0.05541267]
2013,3,1,0,2,3,[-0.26100597 -0.14200976  0.20641202  0.24455377 -0.26531947  0.05781921]
2014,3,1,0,2,4,[ 0.00150216  0.17692904 -0.00644512  0.10211081  0.12238248  0.26599872]
2015,3,1,0,3,0,[0.02745758 0.4321912  0.19424313 0.33057582 0.31951922 0.73151183]
2016,3,1,0,3,1,[-0.13273063  0.14203341  0.28525     0.3875282   0.00703496  0.4701668 ]
2017,3,1,0,3,2,[ 0.02108269  0.02539735 -0.03025903  0.1872987   0.2987913   0.16755138]
2018,3,1,0,3,3,[-0.20811278  0.03032314  0.3515386   0.4217039  -0.15456258  0.37609655]
2019,3,1,0,3,4,[0.04002767 0.27003208 0.03721472 0.18060681 0.2610329  0.42912444]
2020,3,1,0,4,0,[-0.21783045  0.37502977  0.12239547  0.28026703  0.13191748  0.6449263 ]
2021,3,1,0,4,1,[-0.5463977  -0.22542137  0.25013193  0.3390772  -0.4349073   0.06622533]
2022,3,1,0,4,2,[-0.13387324 -0.1406517  -0.21114787  0.1078292   0.17775841 -0.09085378]
2023,3,1,0,4,3,[-0.70313185 -0.47730926  0.35162288  0.38144645 -0.72087693 -0.1661384 ]
2024,3,1,0,4,4,[-0.08209206  0.28454068 -0.06896645  0.12843849  0.16566661  0.39655972]
2025,3,1,1,0,0,[0.06057183 0.5498176  0.35092103 0.4423055  0.5462806  1.065746  ]
2026,3,1,1,0,1,[-0.11001033  0.28290796  0.4884361   0.5251284   0.19054754  0.86634004]
2027,3,1,1,0,2,[ 0.01949758 -0.05826718  0.02743749  0.24396461  0.47885725  0.21083204]
2028,3,1,1,0,3,[-0.18803652  0.20401609  0.5831892   0.5750097   0.00561934  0.8249343 ]
2029,3,1,1,0,4,[0.04479212 0.2701491  0.10730839 0.23646325 0.41320717 0.55213606]
2030,3,1,1,1,0,[-0.08378574  0.38428745  0.13756627  0.2726231   0.16312611  0.72975886]
2031,3,1,1,1,1,[-0.35204804 -0.08187426  0.2584865   0.3169068  -0.25989106  0.30138215]
2032,3,1,1,1,2,[ 0.00569093 -0.0091861  -0.16545646  0.1464436   0.19445492  0.11765023]
2033,3,1,1,1,3,[-0.48995546 -0.28772864  0.3507045   0.34509093 -0.47877544  0.11741181]
2034,3,1,1,1,4,[ 0.01349068  0.30387345 -0.03823992  0.14526245  0.16454382  0.475597  ]
2035,3,1,1,2,0,[0.00303202 0.27644083 0.17814775 0.26368403 0.22209464 0.58801466]
2036,3,1,1,2,1,[-0.14573458  0.02400032  0.26066324  0.3033741  -0.04130066  0.36790067]
2037,3,1,1,2,2,[ 0.02257547 -0.04208602 -0.02543909  0.15856719  0.21656598  0.11799988]
2038,3,1,1,2,3,[-0.21978958 -0.07522455  0.3196138   0.32647264 -0.17808448  0.2853525 ]
2039,3,1,1,2,4,[0.02951023 0.17149408 0.03731614 0.14864735 0.18455109 0.34283492]
2040,3,1,1,3,0,[0.11081576 0.50064045 0.32714435 0.44475812 0.47569662 1.0051423 ]
2041,3,1,1,3,1,[-0.04695254  0.23944639  0.4452938   0.51408553  0.16082647  0.8000352 ]
2042,3,1,1,3,2,[0.08598865 0.00612965 0.04597694 0.27644074 0.42731202 0.29513228]
2043,3,1,1,3,3,[-0.12367899  0.14966005  0.5256723   0.5526408  -0.00529857  0.7380734 ]
2044,3,1,1,3,4,[0.09138901 0.27775827 0.11155052 0.25461534 0.3638717  0.56619436]
2045,3,1,1,4,0,[-0.16694164  0.42000085  0.26491544  0.38390052  0.2965223   0.9243058 ]
2046,3,1,1,4,1,[-0.50150543 -0.14363943  0.43246382  0.45693806 -0.2811054   0.4218594 ]
2047,3,1,1,4,2,[-0.0965436  -0.22238578 -0.15294115  0.18261105  0.3092994  -0.02435921]
2048,3,1,1,4,3,[-0.6637387  -0.36457005  0.5569479   0.5056512  -0.5755083   0.23784098]
2049,3,1,1,4,4,"[-5.4752372e-02  2.5578091e-01 -2.1146935e-04  1.9210918e-01
  2.7040604e-01  5.0664032e-01]"
2050,3,1,2,0,0,[0.08371899 0.52215075 0.31939626 0.4533453  0.56591815 1.0035508 ]
2051,3,1,2,0,1,[-0.04955451  0.3413565   0.48191005  0.5394669   0.27130517  0.9282366 ]
2052,3,1,2,0,2,[ 0.01729998 -0.11170411 -0.03646782  0.2554199   0.46579677  0.07794897]
2053,3,1,2,0,3,[-0.10817339  0.30972847  0.5966629   0.59059393  0.1209626   0.9628652 ]
2054,3,1,2,0,4,[0.0424957  0.20869552 0.06786143 0.24389412 0.40345144 0.44133815]
2055,3,1,2,1,0,[-0.07078852  0.3258684   0.08036368  0.2841498   0.17945252  0.6025083 ]
2056,3,1,2,1,1,[-0.2967668  -0.03413216  0.23037142  0.33153036 -0.1767959   0.32469836]
2057,3,1,2,1,2,[-0.01213632 -0.11086929 -0.26040235  0.15789376  0.17042999 -0.10621072]
2058,3,1,2,1,3,[-0.41198954 -0.17892642  0.34709495  0.36078012 -0.35704416  0.23709404]
2059,3,1,2,1,4,"[-1.9703283e-04  2.0528363e-01 -9.9779546e-02  1.5302226e-01
  1.4992669e-01  2.9758221e-01]"
2060,3,1,2,2,0,[0.01735456 0.251637   0.15161265 0.27365956 0.23728354 0.532937  ]
2061,3,1,2,2,1,[-0.10492079  0.06311084  0.2517113   0.3155256   0.01638953  0.40362224]
2062,3,1,2,2,2,[ 0.01819531 -0.09000015 -0.07476072  0.16848648  0.20749031  0.00776432]
2063,3,1,2,2,3,"[-1.6506135e-01 -2.8634330e-04  3.2499138e-01  3.3930972e-01
 -9.6256264e-02  3.7759706e-01]"
2064,3,1,2,2,4,[0.02596302 0.12128656 0.00624017 0.15550305 0.17894123 0.25325668]
2065,3,1,2,3,0,[0.13299301 0.47363216 0.29903698 0.45865488 0.49555737 0.9475106 ]
2066,3,1,2,3,1,[0.00844999 0.2901775  0.43954834 0.53085977 0.23443705 0.85415787]
2067,3,1,2,3,2,[ 0.08493233 -0.04636332 -0.01122143  0.2902531   0.41734213  0.17147292]
2068,3,1,2,3,3,[-0.05098426  0.24349147  0.5378758   0.5703468   0.09873983  0.8611105 ]
2069,3,1,2,3,4,[0.09022719 0.21985614 0.07626462 0.26416415 0.35713753 0.46425653]
2070,3,1,2,4,0,[-0.14126185  0.3683592   0.20526673  0.3987999   0.32708076  0.80341274]
2071,3,1,2,4,1,[-0.41922548 -0.05814937  0.40982318  0.47653258 -0.15949367  0.49479216]
2072,3,1,2,4,2,[-0.11031188 -0.32365444 -0.26029184  0.19774288  0.28830054 -0.26205838]
2073,3,1,2,4,3,[-0.5516209  -0.2023643   0.5645608   0.52694786 -0.4022088   0.43128008]
2074,3,1,2,4,4,[-0.06584472  0.14948334 -0.06840158  0.20202607  0.25706613  0.31335568]
2075,3,1,3,0,0,[0.08203325 0.51614606 0.3350569  0.44087335 0.55342275 1.0169965 ]
2076,3,1,3,0,1,[-0.05841049  0.3151566   0.4848928   0.5231223   0.25057483  0.9074156 ]
2077,3,1,3,0,2,"[ 2.6338622e-02 -8.6428218e-02 -3.4633843e-04  2.4941164e-01
  4.6661955e-01  1.4329606e-01]"
2078,3,1,3,0,3,[-0.12177058  0.26962814  0.58898324  0.5718362   0.09413717  0.9165443 ]
2079,3,1,3,0,4,[0.04848823 0.2240283  0.0900299  0.23820436 0.40254837 0.48204902]
2080,3,1,3,1,0,[-0.06655559  0.335118    0.10733181  0.27569807  0.17817049  0.6422067 ]
2081,3,1,3,1,1,[-0.29825565 -0.04471894  0.24401326  0.32061395 -0.18586856  0.32951832]
2082,3,1,3,1,2,[ 0.00047364 -0.07218837 -0.21213326  0.1535971   0.18154944 -0.01491809]
2083,3,1,3,1,3,[-0.41727287 -0.20343758  0.34901035  0.34836128 -0.37217686  0.21521552]
2084,3,1,3,1,4,[ 0.00889759  0.2311049  -0.06887533  0.14905693  0.15676711  0.35764885]
2085,3,1,3,2,0,[0.01758213 0.25290975 0.16448942 0.26561916 0.23246753 0.5489686 ]
2086,3,1,3,2,1,[-0.10881843  0.05141321  0.25623125  0.30550304  0.00643904  0.39729834]
2087,3,1,3,2,2,[ 0.02455592 -0.06902986 -0.04837929  0.16383842  0.21094422  0.05735652]
2088,3,1,3,2,3,[-0.17165725 -0.02100881  0.32235718  0.32813177 -0.11008026  0.35446876]
2089,3,1,3,2,4,[0.03037809 0.13482304 0.02270599 0.15137738 0.18059614 0.2850402 ]
2090,3,1,3,3,0,[0.12936752 0.46878502 0.31191394 0.44506624 0.48396972 0.95781064]
2091,3,1,3,3,1,[-0.00120661  0.26788855  0.44141898  0.5141437   0.21577848  0.8347645 ]
2092,3,1,3,3,2,[ 0.09044601 -0.02426745  0.01950062  0.28205568  0.41728926  0.22683002]
2093,3,1,3,3,3,[-0.06449809  0.20923354  0.5305188   0.55184627  0.07492615  0.81975526]
2094,3,1,3,3,4,[0.09363744 0.23325798 0.09494743 0.2569579  0.35569835 0.4984131 ]
2095,3,1,3,4,0,[-0.13545154  0.37606943  0.2357889   0.3873428   0.32183877  0.8466904 ]
2096,3,1,3,4,1,[-0.42182487 -0.07748958  0.4228126   0.46107882 -0.17536002  0.49124703]
2097,3,1,3,4,2,[-0.09224332 -0.27509275 -0.20153078  0.19291537  0.29995826 -0.1488842 ]
2098,3,1,3,4,3,[-0.559927   -0.24070948  0.56238467  0.5089499  -0.42630896  0.39213416]
2099,3,1,3,4,4,[-0.05279057  0.18153718 -0.03122901  0.19726335  0.26409206  0.38720438]
2100,3,1,4,0,0,[0.06893143 0.5657364  0.32803702 0.47739854 0.58677787 1.0555844 ]
2101,3,1,4,0,1,[-0.08496344  0.34696478  0.49642277  0.56978977  0.25026447  0.93919426]
2102,3,1,4,0,2,[ 0.00244062 -0.11787498 -0.04638219  0.26295003  0.48708913  0.07236194]
2103,3,1,4,0,3,[-0.152236    0.30119202  0.6161451   0.6254102   0.07900482  0.95836705]
2104,3,1,4,0,4,[0.03402343 0.23479919 0.06477534 0.25385964 0.4235173  0.47049755]
2105,3,1,4,1,0,[-0.09248599  0.36142552  0.08180624  0.296378    0.17248937  0.64692056]
2106,3,1,4,1,1,[-0.34778365 -0.05737421  0.23550254  0.34679317 -0.2322884   0.30356008]
2107,3,1,4,1,2,[-0.02245949 -0.10330235 -0.2746993   0.15976857  0.17362402 -0.09365034]
2108,3,1,4,1,3,[-0.47721913 -0.22984615  0.35578507  0.3785831  -0.4372791   0.18399057]
2109,3,1,4,1,4,[-0.00676833  0.24163674 -0.10634257  0.1572666   0.15295044  0.3397589 ]
2110,3,1,4,2,0,[0.00432788 0.2737959  0.1548378  0.2858443  0.2391977  0.5608498 ]
2111,3,1,4,2,1,[-0.13487743  0.05230433  0.2578843   0.3305361  -0.01217259  0.39515737]
2112,3,1,4,2,2,[ 0.00936348 -0.0923553  -0.08260353  0.17212315  0.21353565  0.00744769]
2113,3,1,4,2,3,[-0.20279752 -0.02536041  0.3338419   0.35646266 -0.14016032  0.3529125 ]
2114,3,1,4,2,4,[0.02051495 0.13949184 0.00311627 0.16055822 0.18483299 0.27448112]
2115,3,1,4,3,0,[0.12243598 0.5133721  0.30739963 0.48127672 0.51188725 0.9973588 ]
2116,3,1,4,3,1,[-0.02105331  0.29381806  0.45266807  0.5586001   0.21369515  0.8646882 ]
2117,3,1,4,3,2,[ 0.07563457 -0.04627008 -0.01859088  0.29918104  0.43532875  0.17530786]
2118,3,1,4,3,3,[-0.08880864  0.23262143  0.5549941   0.60164076  0.05929461  0.8554283 ]
2119,3,1,4,3,4,[0.08554254 0.24664779 0.07455306 0.27455318 0.37370545 0.4961181 ]
2120,3,1,4,4,0,[-0.17735513  0.40199986  0.20760082  0.41690287  0.32028306  0.84381884]
2121,3,1,4,4,1,[-0.49278957 -0.09717289  0.4179512   0.49976406 -0.23266537  0.45490646]
2122,3,1,4,4,2,[-0.13547187 -0.33907855 -0.2806995   0.19913411  0.2921525  -0.2779536 ]
2123,3,1,4,4,3,[-0.6423019 -0.2727244  0.5782528  0.5544819 -0.5084928  0.3558911]
2124,3,1,4,4,4,[-0.08275229  0.17962906 -0.0780815   0.20756494  0.26225612  0.34606996]
2125,3,2,0,0,0,[-0.15492977  0.64391035  0.20636192  0.41372797  0.4567449   0.82551765]
2126,3,2,0,0,1,[-0.44544864  0.1317222   0.32741702  0.51397634 -0.14447385  0.31406912]
2127,3,2,0,0,2,[-0.1976496  -0.20408988 -0.13601555  0.14971437  0.40290326 -0.2187321 ]
2128,3,2,0,0,3,[-0.56175846 -0.03441584  0.42405367  0.5835356  -0.441056    0.16453668]
2129,3,2,0,0,4,[-0.09438884  0.33783063 -0.01547102  0.18282698  0.3925473   0.3977917 ]
2130,3,2,0,1,0,[-0.28016773  0.4636991   0.045197    0.21979369 -0.0273082   0.55346966]
2131,3,2,0,1,1,[-0.7019073  -0.35632333  0.13838637  0.2691869  -0.7160079  -0.30199948]
2132,3,2,0,1,2,[-0.14696305 -0.06135527 -0.25941938  0.0539929   0.05628343 -0.12572353]
2133,3,2,0,1,3,[-0.9005727  -0.7182792   0.22084405  0.30851224 -1.0572069  -0.6715103 ]
2134,3,2,0,1,4,[-0.08005185  0.44649172 -0.11033548  0.086969    0.08048018  0.46309558]
2135,3,2,0,2,0,[-0.15638629  0.30857074  0.08388319  0.21310215  0.10448503  0.40375277]
2136,3,2,0,2,1,[-0.39827034 -0.1473071   0.15117495  0.25890112 -0.33084887 -0.06608748]
2137,3,2,0,2,2,[-0.11938826 -0.12614127 -0.12539308  0.07595392  0.12431903 -0.1437776 ]
2138,3,2,0,2,3,[-0.50581175 -0.32931092  0.20788918  0.29226494 -0.54568183 -0.24702635]
2139,3,2,0,2,4,[-0.06321847  0.22527322 -0.03860915  0.09507988  0.13263157  0.2558467 ]
2140,3,2,0,3,0,[-0.09981709  0.5810062   0.18644705  0.38567665  0.36297062  0.76965183]
2141,3,2,0,3,1,[-0.3670149   0.09001493  0.2877448   0.46823034 -0.1668745   0.2752905 ]
2142,3,2,0,3,2,[-0.11768623 -0.10244096 -0.1065809   0.16585667  0.33336073 -0.0811822 ]
2143,3,2,0,3,3,[-0.4794537  -0.08678463  0.368397    0.5238076  -0.43014553  0.10828912]
2144,3,2,0,3,4,[-0.04186807  0.3503582  -0.00401012  0.18479083  0.32137355  0.42824534]
2145,3,2,0,4,0,[-0.4671955   0.45304725  0.10335314  0.32881907  0.0520105   0.5640606 ]
2146,3,2,0,4,1,[-1.0055004  -0.55668306  0.23771784  0.41143134 -0.89860266 -0.48271114]
2147,3,2,0,4,2,[-0.3550149  -0.4224359  -0.3271093   0.06188505  0.12472095 -0.5381489 ]
2148,3,2,0,4,3,[-1.2440083  -0.96015185  0.35536712  0.47755086 -1.3636366  -0.8851881 ]
2149,3,2,0,4,4,[-0.21922857  0.3515334  -0.13182722  0.11997009  0.16785952  0.35319063]
2150,3,2,1,0,0,[-0.10583784  0.7317184   0.33287466  0.5151814   0.63572776  1.082198  ]
2151,3,2,1,0,1,[-0.38699305  0.2726706   0.48560888  0.6346521   0.02576914  0.64977854]
2152,3,2,1,0,2,[-0.18908599 -0.2796118  -0.08017745  0.21250437  0.5380724  -0.1858145 ]
2153,3,2,1,0,3,[-0.4957764   0.14993711  0.60027623  0.7147412  -0.2758986   0.55502623]
2154,3,2,1,0,4,[-0.08223733  0.32073835  0.04583989  0.23912326  0.5043961   0.48082575]
2155,3,2,1,1,0,[-0.26886877  0.48484883  0.12867977  0.28570077  0.08108763  0.7005192 ]
2156,3,2,1,1,1,[-0.69440335 -0.29928568  0.24915569  0.34670442 -0.62417966 -0.09673357]
2157,3,2,1,1,2,[-0.15649024 -0.17936558 -0.24048263  0.09506325  0.13441616 -0.17420633]
2158,3,2,1,1,3,[-0.89341795 -0.627967    0.34821883  0.39237988 -0.97385013 -0.42266676]
2159,3,2,1,1,4,[-0.0852574   0.39549085 -0.07750086  0.12371375  0.14550225  0.4823759 ]
2160,3,2,1,2,0,[-0.1329676   0.34135717  0.15703186  0.2747228   0.19900079  0.5403543 ]
2161,3,2,1,2,1,[-0.3735887  -0.08680374  0.2432562   0.33031267 -0.24552287  0.11374502]
2162,3,2,1,2,2,[-0.11561652 -0.1910128  -0.09621741  0.11691067  0.1954044  -0.14300734]
2163,3,2,1,2,3,[-0.47925586 -0.24447659  0.31083852  0.36872044 -0.46539328 -0.03630973]
2164,3,2,1,2,4,[-0.05792264  0.2015621  -0.00431437  0.13089107  0.1912038   0.2934837 ]
2165,3,2,1,3,0,[-0.04561167  0.65658325  0.30225223  0.48710516  0.5209743   1.0042276 ]
2166,3,2,1,3,1,[-0.3057823   0.20914601  0.4306651   0.58578116 -0.01704928  0.57579684]
2167,3,2,1,3,2,[-0.09761012 -0.16523756 -0.05201143  0.23421083  0.45422557 -0.03813147]
2168,3,2,1,3,3,[-0.41294932  0.06812129  0.5264281   0.64951354 -0.28548154  0.45376602]
2169,3,2,1,3,4,[-0.02160052  0.33765617  0.05407208  0.24431066  0.42099467  0.51175314]
2170,3,2,1,4,0,[-0.4533239   0.49437442  0.23330165  0.42296565  0.21840435  0.79038346]
2171,3,2,1,4,1,[-0.99210346 -0.46069258  0.4062356   0.524271   -0.7543731  -0.17027353]
2172,3,2,1,4,2,[-0.37707797 -0.5819962  -0.2872291   0.11671943  0.2460883  -0.590301  ]
2173,3,2,1,4,3,[-1.2273476  -0.81420994  0.5468014   0.60110545 -1.2304513  -0.5084562 ]
2174,3,2,1,4,4,[-0.23242578  0.283059   -0.07677789  0.17026602  0.26827642  0.38950375]
2175,3,2,2,0,0,[-0.07183047  0.69312364  0.32870215  0.5219768   0.6765868   1.0406189 ]
2176,3,2,2,0,1,[-0.29294533  0.37369177  0.5003961   0.64480305  0.15941043  0.7818152 ]
2177,3,2,2,0,2,[-0.1939193  -0.3524885  -0.1061061   0.22344677  0.5380131  -0.29594767]
2178,3,2,2,0,3,[-0.37029353  0.32594126  0.62839997  0.7258924  -0.09207501  0.7848201 ]
2179,3,2,2,0,4,[-0.08829139  0.22666107  0.03195271  0.24425618  0.50051165  0.36504623]
2180,3,2,2,1,0,[-0.24579625  0.4063507   0.10983238  0.2953887   0.13371238  0.5965213 ]
2181,3,2,2,1,1,[-0.6019901  -0.20533471  0.2516324   0.36013746 -0.47106758  0.01096768]
2182,3,2,2,1,2,[-0.18266459 -0.32039097 -0.28401858  0.10698219  0.1357816  -0.3815106 ]
2183,3,2,2,1,3,[-0.76369    -0.4372178   0.36656687  0.40697086 -0.7660413  -0.19055296]
2184,3,2,2,1,4,[-0.10643049  0.24833158 -0.10399632  0.13044688  0.14782521  0.2932671 ]
2185,3,2,2,2,0,[-0.11178051  0.3076856   0.15153265  0.28218582  0.23357968  0.5002039 ]
2186,3,2,2,2,1,[-0.30934048 -0.01666856  0.25088915  0.34023535 -0.14656256  0.2014038 ]
2187,3,2,2,2,2,[-0.12374886 -0.25726762 -0.11680032  0.12626898  0.19916973 -0.24028488]
2188,3,2,2,2,3,[-0.3922125  -0.1174179   0.32785892  0.37932742 -0.33168077  0.12459604]
2189,3,2,2,2,4,[-0.06526894  0.12545939 -0.01594927  0.13622977  0.19329093  0.19872847]
2190,3,2,2,3,0,[-0.01559941  0.6174631   0.29870734  0.49612185  0.56057733  0.9623155 ]
2191,3,2,2,3,1,[-0.22236298  0.296088    0.4439365   0.59769404  0.10387254  0.6902616 ]
2192,3,2,2,3,2,[-0.10313211 -0.23907852 -0.07501643  0.24626572  0.456484   -0.14572921]
2193,3,2,2,3,3,[-0.30145267  0.22351395  0.5515831   0.66219777 -0.12058521  0.6570579 ]
2194,3,2,2,3,4,[-0.02764364  0.24798347  0.0417732   0.2508962   0.42035937  0.40253976]
2195,3,2,2,4,0,[-0.4097218   0.42875     0.21981421  0.4360395   0.29378593  0.7081423 ]
2196,3,2,2,4,1,[-0.85608816 -0.3034599   0.42045367  0.542926   -0.54069793  0.02116537]
2197,3,2,2,4,2,[-0.39603734 -0.71799505 -0.3322398   0.13380966  0.25547472 -0.7944247 ]
2198,3,2,2,4,3,[-1.0424258  -0.53514874  0.58079743  0.6214655  -0.9422802  -0.1606501 ]
2199,3,2,2,4,4,[-0.24934812  0.12502283 -0.10264292  0.17947586  0.27373165  0.18995672]
2200,3,2,3,0,0,[-0.07293288  0.68528295  0.33118206  0.50548047  0.65023494  1.0407841 ]
2201,3,2,3,0,1,[-0.30497974  0.33325016  0.4914922   0.6229385   0.12296677  0.73765546]
2202,3,2,3,0,2,[-0.17807105 -0.3099402  -0.08273511  0.21623242  0.5295356  -0.22679225]
2203,3,2,3,0,3,[-0.38998908  0.2628465   0.61041576  0.70063454 -0.13578928  0.70874673]
2204,3,2,3,0,4,[-0.07758956  0.25314856  0.04448182  0.23726639  0.4921191   0.40727448]
2205,3,2,3,1,0,[-0.23864919  0.42181247  0.12187907  0.28508383  0.12162723  0.6285539 ]
2206,3,2,3,1,1,[-0.604035   -0.22214259  0.2526761   0.34644106 -0.49255306 -0.00136145]
2207,3,2,3,1,2,[-0.16169284 -0.25733975 -0.25170866  0.10259988  0.13974443 -0.2827634 ]
2208,3,2,3,1,3,[-0.7722645  -0.476825    0.35837817  0.39112502 -0.7945684  -0.23549072]
2209,3,2,3,1,4,[-0.09137388  0.2908549  -0.08490594  0.12620124  0.14893505  0.35802472]
2210,3,2,3,2,0,[-0.10988341  0.31093147  0.1556529   0.272731    0.22129309  0.5104651 ]
2211,3,2,3,2,1,[-0.31389195 -0.0344362   0.24784693  0.32802832 -0.16508657  0.1829725 ]
2212,3,2,3,2,2,[-0.11195955 -0.22224118 -0.09938747  0.12165707  0.19778332 -0.18601798]
2213,3,2,3,2,3,[-0.4013143  -0.14994961  0.3189771   0.36542383 -0.35479575  0.08531355]
2214,3,2,3,2,4,[-0.05699255  0.1484629  -0.00617458  0.1319477   0.19106162  0.23332112]
2215,3,2,3,3,0,[-0.01795992  0.61214924  0.30031335  0.47986475  0.5376702   0.9625674 ]
2216,3,2,3,3,1,[-0.23400034  0.26257664  0.43579474  0.57706106  0.07229278  0.6521402 ]
2217,3,2,3,3,2,[-0.09099967 -0.2010073  -0.05538545  0.23774916  0.44898462 -0.08580771]
2218,3,2,3,3,3,[-0.3195006   0.17042916  0.5356803   0.63892055 -0.15834738  0.59141284]
2219,3,2,3,3,4,[-0.01961958  0.2718078   0.05210498  0.24312395  0.41289902  0.43898672]
2220,3,2,3,4,0,[-0.4005557   0.4417747   0.23153433  0.42095104  0.2733259   0.73958373]
2221,3,2,3,4,1,[-0.86005783 -0.3342239   0.41728336  0.52237934 -0.5739577  -0.00725854]
2222,3,2,3,4,2,[-0.36697727 -0.6390424  -0.29289126  0.12816319  0.25718936 -0.6716033 ]
2223,3,2,3,4,3,[-1.055872   -0.59690136  0.5653479   0.59738946 -0.98519856 -0.23296988]
2224,3,2,3,4,4,[-0.22843285  0.17772175 -0.07992508  0.17374848  0.27285215  0.26971203]
2225,3,2,4,0,0,[-0.10012697  0.7526044   0.33785573  0.55781406  0.70656544  1.0992979 ]
2226,3,2,4,0,1,[-0.3557645   0.37033004  0.51812524  0.6903268   0.11978974  0.7723215 ]
2227,3,2,4,0,2,[-0.22351614 -0.37895894 -0.12639096  0.23247166  0.566366   -0.33558142]
2228,3,2,4,0,3,[-0.446841    0.30093518  0.65399927  0.77853686 -0.16556534  0.75260967]
2229,3,2,4,0,4,[-0.10507806  0.25988746  0.02381181  0.25814313  0.53083336  0.39333367]
2230,3,2,4,1,0,[-0.28443035  0.44942546  0.10771183  0.31245664  0.11535397  0.6365965 ]
2231,3,2,4,1,1,[-0.68887925 -0.25895014  0.25492     0.3817304  -0.56843704 -0.05519887]
2232,3,2,4,1,2,[-0.2043583  -0.32819864 -0.3112968   0.10729965  0.13056868 -0.3996826 ]
2233,3,2,4,1,3,[-0.87298274 -0.53402907  0.37576842  0.43257126 -0.90224075 -0.3042051 ]
2234,3,2,4,1,4,[-0.11954252  0.2959271  -0.11763714  0.13537201  0.14732145  0.33732387]
2235,3,2,4,2,0,[-0.13607039  0.3348926   0.15318358  0.29905605  0.23271061  0.52565503]
2236,3,2,4,2,1,[-0.36171195 -0.04386351  0.2568291   0.36140323 -0.1975182   0.16731435]
2237,3,2,4,2,2,[-0.14206873 -0.27326018 -0.13276236  0.12931399  0.20318003 -0.264285  ]
2238,3,2,4,2,3,[-0.45687822 -0.1668142   0.3381596   0.40392882 -0.40705967  0.06641771]
2239,3,2,4,2,4,[-0.07634586  0.14813717 -0.02342294  0.14232968  0.20007885  0.21831562]
2240,3,2,4,3,0,[-0.03786644  0.67112345  0.3068855   0.5282988   0.58206064  1.0174855 ]
2241,3,2,4,3,1,[-0.27623957  0.290088    0.4590745   0.6377854   0.06405735  0.6805995 ]
2242,3,2,4,3,2,[-0.12436865 -0.25423756 -0.09179291  0.25627565  0.47852087 -0.16954957]
2243,3,2,4,3,3,[-0.36844084  0.19516984  0.5731622   0.7080148  -0.1904104   0.62358105]
2244,3,2,4,3,4,[-0.03893764  0.28281367  0.03536839  0.26444077  0.44392288  0.4351071 ]
2245,3,2,4,4,0,[-0.4723412   0.46583414  0.21796888  0.46243128  0.27619794  0.73580486]
2246,3,2,4,4,1,[-0.98087436 -0.3863966   0.4269385   0.57696944 -0.66741884 -0.08273251]
2247,3,2,4,4,2,[-0.44272694 -0.767691   -0.37030664  0.13313825  0.2512997  -0.86583173]
2248,3,2,4,4,3,[-1.1944456  -0.6670662   0.59625417  0.6622177  -1.1218728  -0.3177209 ]
2249,3,2,4,4,4,[-0.27950817  0.16027312 -0.12196046  0.18642473  0.2777367   0.21481268]
2250,3,3,0,0,0,[-0.03259799  0.50540835  0.17728068  0.30084687  0.36328584  0.7357749 ]
2251,3,3,0,0,1,[-0.21440493  0.18104029  0.26631525  0.36656973 -0.00400323  0.4274057 ]
2252,3,3,0,0,2,[-0.0523888  -0.01185996 -0.05509767  0.13358438  0.32824463  0.07478343]
2253,3,3,0,0,3,[-0.2938871   0.06593037  0.33355018  0.4097522  -0.19086759  0.32585832]
2254,3,3,0,0,4,[-0.007707    0.29510143  0.01824868  0.14480415  0.29903498  0.4098563 ]
2255,3,3,0,1,0,[-0.12183438  0.40030736  0.04756535  0.17171448  0.05299899  0.55037814]
2256,3,3,0,1,1,[-0.3894326  -0.12121587  0.12036431  0.20482227 -0.37288058  0.02041656]
2257,3,3,0,1,2,[-0.02847097  0.08868802 -0.16351618  0.06616639  0.10539431  0.12137348]
2258,3,3,0,1,3,[-0.5223787  -0.36210507  0.18126933  0.22902207 -0.5901685  -0.22256476]
2259,3,3,0,1,4,[-0.00511017  0.37179938 -0.06415135  0.07921448  0.09967337  0.442558  ]
2260,3,3,0,2,0,[-0.05330511  0.26460567  0.079375    0.16596784  0.11779121  0.40034387]
2261,3,3,0,2,1,[-0.20573792 -0.024557    0.13053383  0.19634831 -0.15003155  0.11191227]
2262,3,3,0,2,2,[-0.02491052  0.00224063 -0.0642805   0.07855575  0.12961863  0.05358573]
2263,3,3,0,2,3,[-0.27823892 -0.14682089  0.17101909  0.21666582 -0.28633672 -0.00822154]
2264,3,3,0,2,4,[-0.00357712  0.20001218 -0.00976176  0.08332236  0.11968456  0.26966748]
2265,3,3,0,3,0,[0.00288651 0.45584106 0.16248667 0.2896093  0.30074856 0.68533814]
2266,3,3,0,3,1,[-0.16464698  0.14438811  0.23776354  0.3438396  -0.02374231  0.385131  ]
2267,3,3,0,3,2,[-0.00235818  0.0404937  -0.03742538  0.14980839  0.28107214  0.14642383]
2268,3,3,0,3,3,[-0.24144274  0.02339937  0.29424328  0.37779456 -0.19040123  0.27241114]
2269,3,3,0,3,4,[0.02574679 0.29509014 0.02448016 0.1509778  0.25261563 0.4184611 ]
2270,3,3,0,4,0,[-0.21890718  0.42839742  0.105717    0.2494402   0.12925754  0.63481885]
2271,3,3,0,4,1,[-0.5581933  -0.21120346  0.20876394  0.30478    -0.45570523 -0.00823966]
2272,3,3,0,4,2,[-0.1367542  -0.09959723 -0.1897512   0.07980583  0.17373176 -0.06301344]
2273,3,3,0,4,3,[-0.717727   -0.48079583  0.2934791   0.3460859  -0.7499444  -0.27331513]
2274,3,3,0,4,4,[-0.0766381   0.33965716 -0.06381118  0.10638659  0.1717762   0.429562  ]
2275,3,3,1,0,0,[0.02189665 0.573127   0.29017907 0.38719454 0.5061759  0.9672614 ]
2276,3,3,1,0,1,[-0.1555866   0.28247774  0.40366295  0.4658206   0.13475454  0.7151132 ]
2277,3,3,1,0,2,[-0.02015799 -0.04573782  0.00541567  0.19422783  0.4421581   0.1553418 ]
2278,3,3,1,0,3,[-0.23330341  0.19383176  0.48392496  0.51507175 -0.05622758  0.64873403]
2279,3,3,1,0,4,[0.01930516 0.29433516 0.0788426  0.19680333 0.39127642 0.5109    ]
2280,3,3,1,1,0,[-0.09853619  0.42011344  0.11845834  0.23068509  0.14102167  0.68939996]
2281,3,3,1,1,1,[-0.3713289  -0.07849062  0.21363086  0.271679   -0.2943632   0.20282884]
2282,3,3,1,1,2,[-0.01360193  0.02205324 -0.14225194  0.1084607   0.17315474  0.12633845]
2283,3,3,1,1,3,[-0.5079028  -0.29886317  0.2880256   0.2994209  -0.5176243  -0.01053299]
2284,3,3,1,1,4,[ 0.00594589  0.3450681  -0.03336857  0.11523155  0.1545579   0.48518226]
2285,3,3,1,2,0,[-0.02258005  0.29233828  0.14467503  0.22154003  0.19566944  0.52891546]
2286,3,3,1,2,1,[-0.17557044  0.02086383  0.21093147  0.25857538 -0.07716136  0.27204704]
2287,3,3,1,2,2,[-0.00413324 -0.0307848  -0.03225868  0.12013587  0.19181621  0.08962264]
2288,3,3,1,2,3,[-0.2490505  -0.08651511  0.25969565  0.28161386 -0.21722323  0.172101  ]
2289,3,3,1,2,4,[0.01296386 0.19077341 0.02411045 0.11824575 0.16976374 0.3226703 ]
2290,3,3,1,3,0,[0.06224379 0.5148648  0.26631737 0.3787791  0.4289136  0.8985967 ]
2291,3,3,1,3,1,[-0.10216483  0.23113331  0.36284557  0.44397208  0.10050958  0.6458064 ]
2292,3,3,1,3,2,[0.03806458 0.01334836 0.02048331 0.21660537 0.3844075  0.22966716]
2293,3,3,1,3,3,[-0.17836271  0.13197966  0.43043667  0.48241994 -0.07025874  0.5620226 ]
2294,3,3,1,3,4,[0.05881812 0.29620394 0.08147601 0.20709686 0.33606818 0.5168164 ]
2295,3,3,1,4,0,[-0.18740264  0.46578646  0.21982333  0.33153102  0.2651359   0.8508972 ]
2296,3,3,1,4,1,[-0.53011876 -0.13886544  0.35368288  0.39953646 -0.33223128  0.27103347]
2297,3,3,1,4,2,[-0.1220094  -0.18707803 -0.14363621  0.13570176  0.27968    -0.03624738]
2298,3,3,1,4,3,[-0.6918994  -0.37775412  0.45608103  0.44706243 -0.63439155  0.0485481 ]
2299,3,3,1,4,4,[-0.06511224  0.30582547 -0.00936751  0.1548235   0.25716093  0.5022077 ]
2300,3,3,2,0,0,[0.04164996 0.53832704 0.27450565 0.39472654 0.5255245  0.91441345]
2301,3,3,2,0,1,[-0.09799816  0.33634388  0.4055865   0.4758139   0.2138065   0.779578  ]
2302,3,3,2,0,2,[-0.02484508 -0.10347325 -0.03190758  0.20364769  0.4331687   0.04755199]
2303,3,3,2,0,3,[-0.15589139  0.2961894   0.49933717  0.5258313   0.05603702  0.78256035]
2304,3,3,2,0,4,[0.01429835 0.22657055 0.05651347 0.20225862 0.38307986 0.4124128 ]
2305,3,3,2,1,0,[-0.08774842  0.3552962   0.08560919  0.23951812  0.1619461   0.582189  ]
2306,3,3,2,1,1,[-0.31701174 -0.03338204  0.20115337  0.28309807 -0.20831943  0.23897226]
2307,3,3,2,1,2,[-0.03349677 -0.08394095 -0.20030677  0.11819911  0.1586428  -0.06017714]
2308,3,3,2,1,3,[-0.43007597 -0.1908282   0.29204917  0.3116318  -0.39475417  0.11415278]
2309,3,3,2,1,4,[-0.01009246  0.23973456 -0.07048838  0.12138449  0.14545017  0.3276739 ]
2310,3,3,2,2,0,[-0.0104862   0.2628826   0.13071048  0.22896136  0.21180251  0.48235554]
2311,3,3,2,2,1,[-0.13638443  0.05745294  0.2093261   0.2677376  -0.01947295  0.31182545]
2312,3,3,2,2,2,[-0.01040731 -0.08178026 -0.06144765  0.12831843  0.18669012 -0.00136954]
2313,3,3,2,2,3,[-0.19551104 -0.0130278   0.26773697  0.29124212 -0.13637151  0.263805  ]
2314,3,3,2,2,4,[0.00744871 0.13608432 0.00615274 0.12353169 0.16608277 0.24293189]
2315,3,3,2,3,0,[0.08059732 0.4809959  0.2524462  0.38859528 0.44832128 0.84872395]
2316,3,3,2,3,1,[-0.05009727  0.2774172   0.36469823  0.45594412  0.17237145  0.7017096 ]
2317,3,3,2,3,2,[ 0.03397422 -0.04365437 -0.01285504  0.22763617  0.37791574  0.12773101]
2318,3,3,2,3,3,[-0.10858405  0.222573    0.44438335  0.4949595   0.03080427  0.68095857]
2319,3,3,2,3,4,[0.05460708 0.23215675 0.06155309 0.21414332 0.33058882 0.42531946]
2320,3,3,2,4,0,[-0.1647109   0.40563872  0.1878104   0.3430117   0.29910287  0.75080496]
2321,3,3,2,4,1,[-0.4493833  -0.05723691  0.34770852  0.41488597 -0.20908454  0.35557127]
2322,3,3,2,4,2,[-0.13831508 -0.29363674 -0.20748888  0.14895669  0.2682829  -0.23076537]
2323,3,3,2,4,3,[-0.5803506  -0.21712857  0.4704726   0.46362907 -0.4615978   0.24390103]
2324,3,3,2,4,4,[-0.07918045  0.19098355 -0.04907775  0.16284706  0.24888822  0.33167937]
2325,3,3,3,0,0,[0.04038807 0.5334235  0.2822761  0.38320488 0.5107664  0.920778  ]
2326,3,3,3,0,1,[-0.10631672  0.3108663   0.40380397  0.46073392  0.19180824  0.75507075]
2327,3,3,3,0,2,[-0.01562899 -0.07711679 -0.00796084  0.19813782  0.43043217  0.1006209 ]
2328,3,3,3,0,3,[-0.16895308  0.25652176  0.48969087  0.50854844  0.02877689  0.73552567]
2329,3,3,3,0,4,[0.02054113 0.24310648 0.07059659 0.19707426 0.37966573 0.44547442]
2330,3,3,3,1,0,[-0.08335009  0.36576384  0.10199124  0.2319029   0.15743966  0.61210024]
2331,3,3,3,1,1,[-0.3184454  -0.04328389  0.20779496  0.273222   -0.21965697  0.23763128]
2332,3,3,3,1,2,[-0.02072125 -0.0439938  -0.16755675  0.11444046  0.16513985  0.01556072]
2333,3,3,3,1,3,[-0.43547094 -0.21507192  0.29025853  0.300375   -0.4113065   0.08937819]
2334,3,3,3,1,4,[-0.00080642  0.26693454 -0.05002381  0.11791209  0.14904174  0.37786582]
2335,3,3,3,2,0,[-0.00982482  0.26506424  0.1378754   0.2218334   0.20543882  0.49346507]
2336,3,3,3,2,1,[-0.139854    0.04636252  0.21030058  0.2587862  -0.03034882  0.30283627]
2337,3,3,3,2,2,[-0.00368743 -0.05989286 -0.04376603  0.12433957  0.18772715  0.03974591]
2338,3,3,3,2,3,[-0.20175266 -0.03338295  0.2635104   0.2812193  -0.15060095  0.2399905 ]
2339,3,3,3,2,4,[0.01219365 0.15057392 0.01682613 0.11998495 0.16604885 0.2694461 ]
2340,3,3,3,3,0,[0.07802661 0.47757977 0.25868732 0.37659612 0.43523508 0.8538049 ]
2341,3,3,3,3,1,[-0.05863297  0.25621176  0.3626889   0.44106114  0.15306388  0.68004405]
2342,3,3,3,3,2,[ 0.04033928 -0.02017975  0.00742867  0.22064506  0.37520686  0.17326486]
2343,3,3,3,3,3,[-0.12103875  0.18910955  0.43559885  0.47841203  0.00702876  0.6398662 ]
2344,3,3,3,3,4,[0.05876449 0.24695134 0.07334329 0.20796508 0.327318   0.45351338]
2345,3,3,3,4,0,[-0.15900366  0.41462654  0.20557989  0.33234963  0.28982446  0.782038  ]
2346,3,3,3,4,1,[-0.45211235 -0.07593554  0.3525312   0.40056902 -0.22768131  0.34475482]
2347,3,3,3,4,2,[-0.12044816 -0.24374382 -0.16777743  0.14444727  0.27411607 -0.13709745]
2348,3,3,3,4,3,[-0.5889087  -0.25532562  0.4642947   0.4470013  -0.48730054  0.20174208]
2349,3,3,3,4,4,[-0.06618218  0.22458619 -0.02466297  0.15845688  0.25177872  0.39316174]
2350,3,3,4,0,0,[0.02810064 0.5863978  0.28227198 0.41844112 0.54914886 0.96867406]
2351,3,3,4,0,1,[-0.13298987  0.34442452  0.41894487  0.5057693   0.19449316  0.79057926]
2352,3,3,4,0,2,[-0.03868711 -0.10740587 -0.04249166  0.21065679  0.45627847  0.04256633]
2353,3,3,4,0,3,[-0.19989073  0.28935215  0.5175712   0.5602537   0.01529427  0.77737707]
2354,3,3,4,0,4,[0.00710757 0.25636578 0.05290366 0.2118798  0.40546593 0.44414982]
2355,3,3,4,1,0,[-0.10775347  0.39524326  0.08610553  0.2513933   0.1565738   0.62807333]
2356,3,3,4,1,1,[-0.36729133 -0.05520162  0.20514119  0.2979443  -0.26299623  0.21673366]
2357,3,3,4,1,2,[-0.04225099 -0.07356001 -0.21538442  0.11961031  0.16223691 -0.04757419]
2358,3,3,4,1,3,[-0.4949581  -0.24155769  0.29961252  0.32898682 -0.47439346  0.05927343]
2359,3,3,4,1,4,[-0.01485251  0.28053057 -0.07765372  0.12532741  0.14972016  0.37237486]
2360,3,3,4,2,0,[-0.02272095  0.28778997  0.13317281  0.24065368  0.21500656  0.5111608 ]
2361,3,3,4,2,1,[-0.16615987  0.04769726  0.21458043  0.28221866 -0.04736694  0.30264422]
2362,3,3,4,2,2,[-0.01853018 -0.08259699 -0.06993108  0.1313841   0.19334124 -0.00175083]
2363,3,3,4,2,3,[-0.2333193  -0.03773904  0.27565423  0.30785725 -0.17985503  0.23792998]
2364,3,3,4,2,4,[0.00291227 0.15688244 0.00253783 0.12818253 0.17306086 0.265633  ]
2365,3,3,4,3,0,[0.07064189 0.52428186 0.25960356 0.41032314 0.46639296 0.899443  ]
2366,3,3,4,3,1,[-0.07975151  0.2826711   0.3763781   0.48275346  0.15250894  0.71112984]
2367,3,3,4,3,2,[ 0.02516497 -0.04176372 -0.02122936  0.23556978  0.3968355   0.13117921]
2368,3,3,4,3,3,[-0.14686489  0.21254712  0.46001697  0.52532035 -0.00814342  0.6735575 ]
2369,3,3,4,3,4,[0.05073994 0.2620837  0.0590557  0.2238088  0.34866834 0.45876375]
2370,3,3,4,4,0,[-0.1983103   0.44540685  0.18912767  0.36095634  0.29560977  0.79438955]
2371,3,3,4,4,1,[-0.52177846 -0.09382734  0.35448784  0.4378653  -0.28030154  0.31536043]
2372,3,3,4,4,2,[-0.16118705 -0.30550978 -0.22868976  0.14998761  0.2739694  -0.24555692]
2373,3,3,4,4,3,[-0.67044973 -0.2865745   0.48276183  0.49084693 -0.56649953  0.1670894 ]
2374,3,3,4,4,4,[-0.09353803  0.22688653 -0.05935213  0.1681936   0.25681466  0.36852625]
2375,3,4,0,0,0,[-0.01289201  0.41747588  0.17817204  0.29197115  0.3262408   0.67534965]
2376,3,4,0,0,1,[-0.1651497   0.15347612  0.2705672   0.35133904  0.01833377  0.44235584]
2377,3,4,0,0,2,[-0.02897188 -0.02167759 -0.04679766  0.14443474  0.2957595   0.0798011 ]
2378,3,4,0,0,3,[-0.23350412  0.06072378  0.33860308  0.38912743 -0.13918366  0.37083963]
2379,3,4,0,0,4,[0.00216846 0.23541632 0.02352954 0.14814055 0.26255873 0.3624701 ]
2380,3,4,0,1,0,[-0.10520865  0.31821498  0.04047621  0.17300701  0.04785183  0.47997594]
2381,3,4,0,1,1,[-0.33298954 -0.11022976  0.1200494   0.20366552 -0.31329384  0.05869877]
2382,3,4,0,1,2,[-0.02144323  0.05264014 -0.16865523  0.07955685  0.09495682  0.08127453]
2383,3,4,0,1,3,[-0.44818997 -0.3085082   0.18475485  0.22491485 -0.4986402  -0.13274334]
2384,3,4,0,1,4,[-0.00714282  0.29009694 -0.0683036   0.08604944  0.08385755  0.3596652 ]
2385,3,4,0,2,0,[-0.03613983  0.21550116  0.08106793  0.16841812  0.11014581  0.3686927 ]
2386,3,4,0,2,1,[-0.16484533 -0.02133954  0.1357489   0.19629031 -0.11578177  0.14268704]
2387,3,4,0,2,2,[-0.01068238 -0.0077226  -0.05978029  0.09078524  0.12072947  0.0515634 ]
2388,3,4,0,2,3,[-0.22751492 -0.12141356  0.17768046  0.21390893 -0.23156103  0.05000118]
2389,3,4,0,2,4,[ 0.00235676  0.15756524 -0.00672547  0.09003787  0.10664409  0.23428898]
2390,3,4,0,3,0,[0.0251545  0.38120914 0.16720967 0.28971034 0.27828768 0.6401721 ]
2391,3,4,0,3,1,[-0.11504988  0.12748462  0.24610835  0.33905104  0.00592316  0.41085753]
2392,3,4,0,3,2,[ 0.02060615  0.02756518 -0.02756988  0.16542901  0.26063588  0.15110664]
2393,3,4,0,3,3,[-0.18133697  0.02933344  0.30362988  0.3684596  -0.13515718  0.32746395]
2394,3,4,0,3,4,[0.03646448 0.23969771 0.03130555 0.15890628 0.22761792 0.37767628]
2395,3,4,0,4,0,[-0.18894102  0.33417264  0.10222959  0.24561013  0.11420366  0.5645517 ]
2396,3,4,0,4,1,[-0.47611666 -0.19038697  0.21307984  0.29660228 -0.3796771   0.0580421 ]
2397,3,4,0,4,2,[-0.11446846 -0.11427292 -0.18734848  0.09593634  0.15442345 -0.07355086]
2398,3,4,0,4,3,[-0.6134618  -0.41101262  0.30136627  0.33317566 -0.6291218  -0.14626908]
2399,3,4,0,4,4,[-0.06995005  0.2549038  -0.06290937  0.11324424  0.1440329   0.3499119 ]
2400,3,4,1,0,0,[0.05310955 0.4844097  0.30185196 0.38669395 0.47426274 0.92877346]
2401,3,4,1,0,1,[-0.09637333  0.25080013  0.42113805  0.45846125  0.16417408  0.7530566 ]
2402,3,4,1,0,2,[ 0.01883804 -0.04426456  0.02119178  0.2147075   0.41620886  0.18711966]
2403,3,4,1,0,3,[-0.16513066  0.18109122  0.5034352   0.5014526   0.00275108  0.71535516]
2404,3,4,1,0,4,[0.0401894  0.24053739 0.09114954 0.20741422 0.35913587 0.48335224]
2405,3,4,1,1,0,[-0.07355017  0.33954486  0.11430369  0.23906446  0.13913852  0.63292646]
2406,3,4,1,1,1,[-0.3081511  -0.06781088  0.21942182  0.2774076  -0.2295567   0.25778323]
2407,3,4,1,1,2,[ 0.00566219 -0.00248052 -0.1490233   0.12960814  0.1667333   0.10206563]
2408,3,4,1,1,3,[-0.4289638  -0.24803254  0.2998791   0.30164528 -0.42041984  0.09631513]
2409,3,4,1,1,4,[ 0.01217362  0.26951128 -0.03717141  0.12796582  0.14132239  0.41414288]
2410,3,4,1,2,0,[0.00307983 0.2445023  0.1524131  0.23124628 0.19238774 0.51228356]
2411,3,4,1,2,1,[-0.12710482  0.02380976  0.22405899  0.2656124  -0.0371842   0.31923673]
2412,3,4,1,2,2,[ 0.02099803 -0.03240652 -0.02436681  0.14007047  0.18786754  0.10458397]
2413,3,4,1,2,3,[-0.19211924 -0.06326543  0.27536377  0.28545073 -0.15652287  0.2463627 ]
2414,3,4,1,2,4,[0.02662014 0.15294185 0.03070639 0.13085759 0.16015628 0.3000234 ]
2415,3,4,1,3,0,[0.09742779 0.44099978 0.28182974 0.38957956 0.41318887 0.876458  ]
2416,3,4,1,3,1,[-0.0408263   0.2124177   0.3843317   0.44960573  0.13868047  0.6959438 ]
2417,3,4,1,3,2,[0.07712289 0.01117691 0.0378334  0.24364562 0.3716248  0.26064232]
2418,3,4,1,3,3,[-0.10840222  0.13329184  0.4541537   0.48272488 -0.00635412  0.64047986]
2419,3,4,1,3,4,[0.08110754 0.24668033 0.09527481 0.22376558 0.31643325 0.49575976]
2420,3,4,1,4,0,[-0.14560848  0.37329173  0.2241484   0.33612543  0.25547445  0.8037565 ]
2421,3,4,1,4,1,[-0.43822303 -0.11927655  0.36968362  0.3994086  -0.24787492  0.36351722]
2422,3,4,1,4,2,[-0.08249707 -0.18528043 -0.13874811  0.16150454  0.2670944  -0.01925225]
2423,3,4,1,4,3,[-0.5804905  -0.3129769   0.47812563  0.44140327 -0.5046241   0.20142922]
2424,3,4,1,4,4,[-0.04666697  0.22995733 -0.00461941  0.16898361  0.23378257  0.44293895]
2425,3,4,2,0,0,[0.07276244 0.45909682 0.27404195 0.396424   0.49052566 0.8726535 ]
2426,3,4,2,0,1,[-0.04422845  0.30061036  0.41502294  0.47100604  0.23357788  0.80500305]
2427,3,4,2,0,2,[ 0.01650654 -0.09193018 -0.03468547  0.22487938  0.40415877  0.06968389]
2428,3,4,2,0,3,[-0.09608121  0.2721896   0.5146834   0.5150294   0.1022623   0.83357644]
2429,3,4,2,0,4,[0.03782856 0.18603267 0.05660347 0.2140194  0.350092   0.3854067 ]
2430,3,4,2,1,0,[-0.06283686  0.28713664  0.06397894  0.24921595  0.15237407  0.51964736]
2431,3,4,2,1,1,[-0.26057416 -0.02752358  0.19439755  0.29021952 -0.15822646  0.27577135]
2432,3,4,2,1,2,[-0.01042092 -0.09257102 -0.23215465  0.13974349  0.14496541 -0.09525157]
2433,3,4,2,1,3,[-0.3615924  -0.15435141  0.29618338  0.31534994 -0.3154178   0.19841792]
2434,3,4,2,1,4,"[-2.1790627e-04  1.8233891e-01 -9.1101974e-02  1.3483877e-01
  1.2791607e-01  2.5716379e-01]"
2435,3,4,2,2,0,[0.01523241 0.22201066 0.12903668 0.2400728  0.20502834 0.46289816]
2436,3,4,2,2,1,[-0.09186734  0.05710248  0.21596318  0.27630273  0.01242621  0.3489751 ]
2437,3,4,2,2,2,[ 0.01690505 -0.07499582 -0.06752308  0.14888893  0.17947438  0.00727579]
2438,3,4,2,2,3,[-0.14475161  0.00134315  0.27972525  0.29670507 -0.08588592  0.3254096 ]
2439,3,4,2,2,4,[0.02328954 0.10847168 0.00347958 0.13695855 0.15487607 0.22091858]
2440,3,4,2,3,0,[0.11638582 0.41639942 0.2570967  0.40190363 0.4297872  0.8246226 ]
2441,3,4,2,3,1,[0.00707097 0.25564954 0.37901056 0.46438453 0.20201822 0.7414462 ]
2442,3,4,2,3,2,[ 0.07591812 -0.03555481 -0.01212727  0.25596458  0.36238194  0.15149502]
2443,3,4,2,3,3,[-0.04544298  0.21418186  0.46441653  0.49826247  0.08347336  0.74606115]
2444,3,4,2,3,4,[0.07984082 0.19536726 0.06441566 0.2322895  0.31011328 0.40574348]
2445,3,4,2,4,0,[-0.12407777  0.3263653   0.17148936  0.34920123  0.28073552  0.69520277]
2446,3,4,2,4,1,[-0.36736423 -0.04651193  0.3491937   0.41651618 -0.14340538  0.42388728]
2447,3,4,2,4,2,[-0.09524032 -0.27536815 -0.23282623  0.17486253  0.24765332 -0.2293112 ]
2448,3,4,2,4,3,[-0.48360625 -0.1731505   0.48395362  0.4599415  -0.3551168   0.3669506 ]
2449,3,4,2,4,4,[-0.05695882  0.1357501  -0.06446924  0.17774215  0.22124168  0.27207884]
2450,3,4,3,0,0,[0.07140566 0.45410037 0.28769505 0.3854936  0.47982532 0.8846223 ]
2451,3,4,3,0,1,[-0.05180387  0.27802977  0.41772202  0.45672724  0.21576609  0.787259  ]
2452,3,4,3,0,2,[ 0.02442082 -0.06975038 -0.00335151  0.21953481  0.40495774  0.12659767]
2453,3,4,3,0,3,[-0.10776055  0.23749931  0.50816953  0.4986757   0.07918268  0.7937274 ]
2454,3,4,3,0,4,[0.04309963 0.1995511  0.07585132 0.20899017 0.34938955 0.42095166]
2455,3,4,3,1,0,[-0.05899137  0.29551363  0.08747374  0.24179035  0.1514894   0.55459154]
2456,3,4,3,1,1,[-0.2616928  -0.03644389  0.2063777   0.28066263 -0.16583379  0.2804645 ]
2457,3,4,3,1,2,[ 0.00066457 -0.05861353 -0.19024263  0.13591336  0.15478401 -0.0156134 ]
2458,3,4,3,1,3,[-0.36600053 -0.17542379  0.29802796  0.30450118 -0.3282659   0.17994274]
2459,3,4,3,1,4,[ 0.00780066  0.2050706  -0.06424978  0.13132295  0.13399813  0.3096651 ]
2460,3,4,3,2,0,[0.01549918 0.22329322 0.14025816 0.23299918 0.20096128 0.4770511 ]
2461,3,4,3,2,1,[-0.09517922  0.04708076  0.21996048  0.2675151   0.00392731  0.34373826]
2462,3,4,3,2,2,[ 0.02247417 -0.05659659 -0.04463027  0.1447496   0.18254793  0.05049954]
2463,3,4,3,2,3,[-0.15040012 -0.01654681  0.27754068  0.28692704 -0.09773511  0.30559915]
2464,3,4,3,2,4,[0.02716977 0.12038876 0.0177804  0.13329968 0.1563801  0.24867687]
2465,3,4,3,3,0,[0.11329968 0.41239223 0.2682993  0.389965   0.41984424 0.8337909 ]
2466,3,4,3,3,1,[-0.00124476  0.23644823  0.38070497  0.44974402  0.18597025  0.7248704 ]
2467,3,4,3,3,2,[ 0.08073346 -0.01616205  0.0144966   0.24868557  0.36239788  0.19968173]
2468,3,4,3,3,3,[-0.05709565  0.18455142  0.45814034  0.48209262  0.06297202  0.710449  ]
2469,3,4,3,3,4,[0.08283749 0.20718819 0.08061667 0.22591487 0.3089257  0.4355482 ]
2470,3,4,3,4,0,[-0.11881334  0.3334698   0.1981416   0.33915767  0.27648026  0.7334083 ]
2471,3,4,3,4,1,[-0.3693973  -0.06298916  0.36069012  0.4030149  -0.15683456  0.4214719 ]
2472,3,4,3,4,2,[-0.07937743 -0.23276238 -0.18176085  0.17055342  0.25799227 -0.13056196]
2473,3,4,3,4,3,[-0.4905878  -0.20620444  0.48233646  0.44424906 -0.37567294  0.33364853]
2474,3,4,3,4,4,[-0.04546722  0.163959   -0.03213251  0.17352346  0.2275264   0.33665165]
2475,3,4,4,0,0,[0.0600858  0.4976773  0.2815216  0.41748157 0.5089068  0.91875607]
2476,3,4,4,0,1,[-0.07492393  0.30601025  0.42757034  0.49751148  0.2154514   0.81514084]
2477,3,4,4,0,2,[ 0.00384684 -0.0966341  -0.04328067  0.23158124  0.42294192  0.06581233]
2478,3,4,4,0,3,[-0.13437158  0.26517272  0.53152055  0.5454256   0.0658746   0.8300668 ]
2479,3,4,4,0,4,[0.03065793 0.20932125 0.05392094 0.22279657 0.36774957 0.41155958]
2480,3,4,4,1,0,[-0.0815858   0.318756    0.06514685  0.2599668   0.1464587   0.5590475 ]
2481,3,4,4,1,1,[-0.30493274 -0.04726521  0.1987262   0.30360743 -0.20644228  0.25782502]
2482,3,4,4,1,2,[-0.01919044 -0.08526899 -0.2446066   0.14149712  0.14791322 -0.0833736 ]
2483,3,4,4,1,3,[-0.4183901  -0.19831458  0.30357894  0.33093524 -0.3852347   0.1524204 ]
2484,3,4,4,1,4,[-0.00576761  0.21461403 -0.09684762  0.1386207   0.1306783   0.29463568]
2485,3,4,4,2,0,[0.0040244  0.24174318 0.1318131  0.2507754  0.20683733 0.4877432 ]
2486,3,4,4,2,1,[-0.11786456  0.04803625  0.22127406  0.28945947 -0.01232349  0.34199297]
2487,3,4,4,2,2,[ 0.00939956 -0.07657868 -0.07433219  0.15216541  0.18489382  0.00767397]
2488,3,4,4,2,3,[-0.17756468 -0.02022047  0.28734484  0.31171492 -0.12402933  0.3041685 ]
2489,3,4,4,2,4,[0.01868822 0.12472341 0.00075927 0.14143766 0.1601272  0.23992808]
2490,3,4,4,3,0,[0.10738247 0.45154935 0.2643477  0.42173198 0.4441986  0.86874783]
2491,3,4,4,3,1,[-0.01849077  0.25925586  0.39036295  0.48865727  0.18412139  0.7511466 ]
2492,3,4,4,3,2,[ 0.06808296 -0.03487502 -0.01849997  0.26390022  0.3782631   0.15574245]
2493,3,4,4,3,3,[-0.07830925  0.20505813  0.4792169   0.525606    0.04924564  0.7414642 ]
2494,3,4,4,3,4,[0.07595827 0.21919717 0.06293563 0.24144782 0.32470685 0.43418932]
2495,3,4,4,4,0,[-0.15525994  0.35658306  0.17342238  0.36509365  0.2750981   0.73147047]
2496,3,4,4,4,1,[-0.43126768 -0.07975766  0.35610896  0.43686762 -0.20687582  0.38992542]
2497,3,4,4,4,2,[-0.11680287 -0.28782362 -0.2505916   0.17622994  0.25131038 -0.24181041]
2498,3,4,4,4,3,[-0.56249666 -0.23383915  0.49567035  0.48402074 -0.4474883   0.3018051 ]
2499,3,4,4,4,4,[-0.07141434  0.16283567 -0.07292365  0.18267429  0.22599593  0.30162787]
2500,4,0,0,0,0,[-0.2658728   0.75817555  0.1887548   0.43441316  0.53383714  0.9455901 ]
2501,4,0,0,0,1,[-0.54702216  0.28772777  0.32474312  0.547501   -0.07080545  0.48337284]
2502,4,0,0,0,2,[-0.31073037 -0.19538856 -0.17574953  0.15326867  0.4694178  -0.21995127]
2503,4,0,0,0,3,[-0.65689963  0.13949764  0.4311351   0.6247415  -0.37603655  0.35403222]
2504,4,0,0,0,4,[-0.17942415  0.3876955  -0.03977495  0.19048524  0.44726908  0.44473314]
2505,4,0,0,1,0,[-0.37518603  0.6367556   0.01494366  0.24216072  0.07248369  0.73320925]
2506,4,0,0,1,1,[-0.79488254 -0.14550331  0.12186284  0.3000402  -0.6262217  -0.08120391]
2507,4,0,0,1,2,[-0.24020931 -0.00566347 -0.3116979   0.06425506  0.14639856 -0.07724518]
2508,4,0,0,1,3,[-0.9922335  -0.49613106  0.21411729  0.34416398 -0.9819402  -0.44017363]
2509,4,0,0,1,4,[-0.15106809  0.539029   -0.14399134  0.09848538  0.15304014  0.55484694]
2510,4,0,0,2,0,[-0.21415846  0.40658465  0.07516292  0.24014483  0.16921958  0.5153059 ]
2511,4,0,0,2,1,[-0.4513607  -0.02256534  0.15214975  0.29353997 -0.2702063   0.07606298]
2512,4,0,0,2,2,[-0.17917967 -0.10301054 -0.14926116  0.09195684  0.18136251 -0.11771262]
2513,4,0,0,2,3,[-0.5559701  -0.19448854  0.21522065  0.33098158 -0.49259064 -0.09437717]
2514,4,0,0,2,4,[-0.10780658  0.27411896 -0.05261581  0.11062574  0.1789713   0.3102171 ]
2515,4,0,0,3,0,[-0.17417982  0.6969613   0.18301246  0.42428935  0.45054254  0.91047364]
2516,4,0,0,3,1,[-0.42981386  0.24561574  0.2986415   0.5204597  -0.08090099  0.4634527 ]
2517,4,0,0,3,2,[-0.20076337 -0.08652194 -0.13197431  0.18504034  0.40779504 -0.05704635]
2518,4,0,0,3,3,[-0.53476214  0.08622146  0.3883983   0.5838445  -0.35149977  0.315951  ]
2519,4,0,0,3,4,[-0.10209612  0.4030666  -0.01737448  0.20519383  0.3827842   0.49217236]
2520,4,0,0,4,0,[-0.62222815  0.64851993  0.0600288   0.34664786  0.1615129   0.752046  ]
2521,4,0,0,4,1,[-1.1559757  -0.3093912   0.21299432  0.44162694 -0.80061865 -0.23694357]
2522,4,0,0,4,2,[-0.50575715 -0.37895054 -0.3988067   0.06306623  0.22243154 -0.52029175]
2523,4,0,0,4,3,[-1.3908972  -0.6945222   0.34365618  0.51521003 -1.2825276  -0.62035257]
2524,4,0,0,4,4,[-0.33460304  0.44902974 -0.17864048  0.12591128  0.2469751   0.43679363]
2525,4,0,1,0,0,[-0.24052082  0.8515565   0.30443215  0.55093807  0.70647955  1.1922363 ]
2526,4,0,1,0,1,[-0.51197153  0.43926188  0.47615725  0.685794    0.09423988  0.818683  ]
2527,4,0,1,0,2,[-0.32271355 -0.27380142 -0.13582884  0.22730844  0.59776384 -0.21080525]
2528,4,0,1,0,3,[-0.61417437  0.33688563  0.60367805  0.77457726 -0.21553235  0.75017756]
2529,4,0,1,0,4,[-0.18476759  0.3708122   0.01045482  0.25634947  0.5529266   0.51304847]
2530,4,0,1,1,0,[-0.3909153   0.66165245  0.07847654  0.3223056   0.16693313  0.8576941 ]
2531,4,0,1,1,1,[-0.81628764 -0.080573    0.21645245  0.3934941  -0.54810405  0.10979063]
2532,4,0,1,1,2,[-0.27107894 -0.12771319 -0.31756127  0.11687177  0.21093217 -0.16120663]
2533,4,0,1,1,3,[-1.0150295  -0.39600566  0.3288596   0.44448256 -0.9119132  -0.19959451]
2534,4,0,1,1,4,[-0.1752147   0.4873108  -0.12910776  0.14476281  0.20629953  0.5503326 ]
2535,4,0,1,2,0,[-0.20218606  0.4442411   0.14191169  0.31790915  0.26043358  0.6483818 ]
2536,4,0,1,2,1,[-0.438378    0.04590324  0.24052756  0.3826605  -0.18760689  0.25851837]
2537,4,0,1,2,2,[-0.18444687 -0.16854288 -0.13001905  0.14641953  0.24884163 -0.12980886]
2538,4,0,1,2,3,[-0.54141647 -0.10025306  0.31659174  0.42553368 -0.41477135  0.12283674]
2539,4,0,1,2,4,[-0.11073589  0.25153214 -0.02515923  0.15746087  0.2340737   0.3403917 ]
2540,4,0,1,3,0,[-0.13113521  0.7811094   0.2945752   0.5488283   0.6089405   1.1478634 ]
2541,4,0,1,3,1,[-0.37880114  0.3780869   0.44134644  0.6638974   0.07074831  0.77621615]
2542,4,0,1,3,2,[-0.19041796 -0.14899448 -0.086995    0.27199924  0.52772707 -0.02528187]
2543,4,0,1,3,3,[-0.47820076  0.2568085   0.5491207   0.7363683  -0.20444492  0.6793484 ]
2544,4,0,1,3,4,[-0.09048484  0.39296526  0.034557    0.28011525  0.48105612  0.5706387 ]
2545,4,0,1,4,0,[-0.65044504  0.6932224   0.16410276  0.455146    0.30831718  0.94625676]
2546,4,0,1,4,1,[-1.186461   -0.20418352  0.3606499   0.5712429  -0.67545146  0.05480744]
2547,4,0,1,4,2,[-0.5623598  -0.5454881  -0.39083418  0.12868927  0.32499444 -0.6211145 ]
2548,4,0,1,4,3,[-1.4189848  -0.5366178   0.5186945   0.65647423 -1.167836   -0.25633654]
2549,4,0,1,4,4,[-0.37766522  0.378321   -0.14677474  0.18537678  0.33110276  0.44007617]
2550,4,0,2,0,0,[-0.20809227  0.7987585   0.28927284  0.56306815  0.7310551   1.1190078 ]
2551,4,0,2,0,1,[-0.41979235  0.52458787  0.48230046  0.7013483   0.21387853  0.92148113]
2552,4,0,2,0,2,[-0.3274804  -0.35273764 -0.17529528  0.24317384  0.5813573  -0.3481104 ]
2553,4,0,2,0,3,[-0.49100828  0.49705586  0.62533504  0.79093415 -0.04348044  0.95416737]
2554,4,0,2,0,4,[-0.19182108  0.26778263 -0.01315065  0.26523873  0.5357962   0.37298372]
2555,4,0,2,1,0,[-0.37262028  0.5596954   0.0435411   0.33621556  0.19516753  0.704684  ]
2556,4,0,2,1,1,[-0.72929126 -0.01170314  0.20558299  0.4111833  -0.416537    0.17157534]
2557,4,0,2,1,2,[-0.29933113 -0.2816988  -0.3800485   0.13281547  0.1880088  -0.4113997 ]
2558,4,0,2,1,3,[-0.8913011  -0.22999422  0.33663368  0.46314877 -0.7225766  -0.00838141]
2559,4,0,2,1,4,[-0.19934323  0.3248647  -0.16937327  0.15454224  0.18918951  0.32404044]
2560,4,0,2,2,0,[-0.18225777  0.39871928  0.1281128   0.32971078  0.2822262   0.5831716 ]
2561,4,0,2,2,1,[-0.37568825  0.10313263  0.24153645  0.39695454 -0.09973022  0.3229278 ]
2562,4,0,2,2,2,[-0.1923943  -0.24042031 -0.16068293  0.15987983  0.2398551  -0.24859056]
2563,4,0,2,2,3,[-0.4563069   0.01390126  0.32858884  0.44033986 -0.2904277   0.26317105]
2564,4,0,2,2,4,[-0.11874572  0.16791299 -0.04406214  0.16593221  0.2258707   0.226573  ]
2565,4,0,2,3,0,[-0.10066465  0.7296868   0.2821352   0.5646633   0.6346728   1.07921   ]
2566,4,0,2,3,1,[-0.29523772  0.45124686  0.44791132  0.6826727   0.17988668  0.86612654]
2567,4,0,2,3,2,[-0.1939447  -0.22757095 -0.12132642  0.2904658   0.5159989  -0.15556803]
2568,4,0,2,3,3,[-0.36707324  0.3982002   0.5695613   0.7556465  -0.04931585  0.86116517]
2569,4,0,2,3,4,[-0.09597696  0.2956944   0.0141967   0.2915961   0.4690623   0.44087887]
2570,4,0,2,4,0,[-0.61342645  0.5999845   0.13049306  0.473093    0.35378858  0.8050023 ]
2571,4,0,2,4,1,[-1.0577136  -0.07667674  0.35817558  0.59482664 -0.48808363  0.19100319]
2572,4,0,2,4,2,[-0.584559   -0.6958283  -0.45945248  0.15037325  0.304785   -0.87627137]
2573,4,0,2,4,3,[-1.2420175  -0.28711337  0.5394006   0.6815592  -0.90224403  0.04210604]
2574,4,0,2,4,4,[-0.3988165   0.20250912 -0.18982635  0.19804718  0.31272584  0.19585693]
2575,4,0,3,0,0,[-0.2053491   0.79138666  0.29524392  0.5445445   0.70634836  1.1237595 ]
2576,4,0,3,0,1,[-0.42828894  0.48346922  0.4756874   0.6770138   0.17843705  0.87941736]
2577,4,0,3,0,2,[-0.3081248  -0.30842662 -0.14691328  0.23462641  0.5750088  -0.27152973]
2578,4,0,3,0,3,[-0.5072468   0.43260846  0.60869557  0.7630035  -0.0865678   0.8784946 ]
2579,4,0,3,0,4,[-0.17821644  0.29544836  0.00280448  0.25707397  0.52907974  0.42033905]
2580,4,0,3,1,0,[-0.36168724  0.57611376  0.06055626  0.3241574   0.1859787   0.7435562 ]
2581,4,0,3,1,1,[-0.72752976 -0.02847008  0.21032332  0.39545724 -0.4357216   0.16373277]
2582,4,0,3,1,2,[-0.27532473 -0.21676713 -0.34118584  0.12711775  0.19528028 -0.30323696]
2583,4,0,3,1,3,[-0.8959216  -0.27010933  0.33105937  0.44517493 -0.7492078  -0.05057103]
2584,4,0,3,1,4,[-0.18163396  0.36876363 -0.14571273  0.14918795  0.19291255  0.39551556]
2585,4,0,3,2,0,[-0.17832272  0.4021867   0.1346668   0.31835982  0.27111253  0.5964536 ]
2586,4,0,3,2,1,[-0.37831074  0.08489908  0.24012075  0.38261375 -0.11749654  0.3059157 ]
2587,4,0,3,2,2,[-0.17889258 -0.20441481 -0.13981949  0.15377279  0.23995107 -0.1894906 ]
2588,4,0,3,2,3,[-0.46344793 -0.01949975  0.32069147  0.4242295  -0.31303158  0.22421066]
2589,4,0,3,2,4,[-0.10898823  0.19157341 -0.03192412  0.16041124  0.22481535  0.2645092 ]
2590,4,0,3,3,0,[-0.1009581   0.7242028   0.28609163  0.5453776   0.61240953  1.0818876 ]
2591,4,0,3,3,1,[-0.30512992  0.41651314  0.4410355   0.65859383  0.14834058  0.82815963]
2592,4,0,3,3,2,[-0.17988741 -0.1883984  -0.09793339  0.2796306   0.50968575 -0.09050745]
2593,4,0,3,3,3,[-0.38343826  0.3432707   0.55409944  0.7287751  -0.08737833  0.79417497]
2594,4,0,3,3,4,[-0.08633013  0.32018206  0.02702747  0.2818843   0.46252403  0.4807158 ]
2595,4,0,3,4,0,[-0.5980389   0.6145098   0.14881788  0.45625636  0.3373879   0.8458859 ]
2596,4,0,3,4,1,[-1.0555453  -0.10724655  0.35994807  0.57210845 -0.5180959   0.1688262 ]
2597,4,0,3,4,2,[-0.55026567 -0.61403155 -0.41147533  0.143611    0.31103766 -0.74056953]
2598,4,0,3,4,3,[-1.2492323  -0.3494572   0.5275022   0.6551188  -0.94245666 -0.02628999]
2599,4,0,3,4,4,[-0.3734583   0.25725672 -0.16106568  0.19132257  0.31545708  0.28481707]
2600,4,0,4,0,0,[-0.2459014   0.87092584  0.29947546  0.598875    0.7719862   1.1953225 ]
2601,4,0,4,0,1,[-0.49104407  0.5383003   0.50198     0.74800444  0.18458915  0.9338565 ]
2602,4,0,4,0,2,[-0.36732346 -0.3780242  -0.19608484  0.25069088  0.6194945  -0.38226786]
2603,4,0,4,0,3,[-0.5752465   0.49099627  0.6533033   0.84549373 -0.10782708  0.94507235]
2604,4,0,4,0,4,[-0.21599662  0.3067168  -0.02120589  0.2784153   0.57420456  0.41053906]
2605,4,0,4,1,0,[-0.41804263  0.6229236   0.0429062   0.3536343   0.19196679  0.77231   ]
2606,4,0,4,1,1,[-0.82242584 -0.04114467  0.21108277  0.43388817 -0.500043    0.13631025]
2607,4,0,4,1,2,[-0.32848588 -0.28233287 -0.4073398   0.1324445   0.19679041 -0.4153713 ]
2608,4,0,4,1,3,[-1.0065409  -0.301467    0.3483108   0.49036655 -0.846817   -0.09115518]
2609,4,0,4,1,4,[-0.21771353  0.38354942 -0.18252721  0.15927106  0.20001982  0.38482547]
2610,4,0,4,2,0,[-0.21154462  0.43686074  0.13084228  0.34719038  0.29019797  0.62388605]
2611,4,0,4,2,1,[-0.43245336  0.08969928  0.24910122  0.41940537 -0.1424538   0.3066684 ]
2612,4,0,4,2,2,[-0.21631955 -0.25369036 -0.17660473  0.16261834  0.25185066 -0.26591742]
2613,4,0,4,2,3,[-0.52497804 -0.02067497  0.34074068  0.46666148 -0.35858005  0.22328639]
2614,4,0,4,2,4,[-0.13376884  0.19614626 -0.05117496  0.17208494  0.23919272  0.25492853]
2615,4,0,4,3,0,[-0.13003846  0.7957599   0.29190168  0.5976891   0.6672418   1.1523362 ]
2616,4,0,4,3,1,[-0.3549755   0.46183747  0.4654863   0.724826    0.15070842  0.8784684 ]
2617,4,0,4,3,2,[-0.2235442  -0.24117994 -0.13802479  0.29968655  0.5477751  -0.17301144]
2618,4,0,4,3,3,[-0.43907204  0.38827425  0.59396094  0.804331   -0.1095343   0.85092777]
2619,4,0,4,3,4,[-0.11308195  0.3362069   0.00831389  0.30504206  0.5007036   0.48311022]
2620,4,0,4,4,0,[-0.6876401   0.659949    0.12992808  0.49924538  0.353647    0.86319333]
2621,4,0,4,4,1,[-1.1932615  -0.13123104  0.3669874   0.629751   -0.59888434  0.12247837]
2622,4,0,4,4,2,[-0.64348364 -0.7394293  -0.49822968  0.14801     0.31655428 -0.9345266 ]
2623,4,0,4,4,3,[-1.404259   -0.3887391   0.5576134   0.7239565  -1.0681456  -0.07895939]
2624,4,0,4,4,4,[-0.43781066  0.249623   -0.2090431   0.20416294  0.32973406  0.23830777]
2625,4,1,0,0,0,[-0.09276947  0.37446433  0.12153853  0.2721099   0.29818332  0.5750759 ]
2626,4,1,0,0,1,[-0.22481151  0.15965234  0.21578762  0.33176568  0.02295944  0.3999443 ]
2627,4,1,0,0,2,[-0.10689033 -0.07249989 -0.09497038  0.13166659  0.26303324 -0.02815201]
2628,4,1,0,0,3,[-0.2811454   0.09045746  0.28636807  0.36937448 -0.11833396  0.35897204]
2629,4,1,0,0,4,[-0.05951465  0.19294606 -0.01540437  0.13692905  0.23746875  0.2761487 ]
2630,4,1,0,1,0,[-0.16958427  0.3075579  -0.01113034  0.16976626  0.05710328  0.41739818]
2631,4,1,0,1,1,[-0.37248465 -0.05406322  0.07208566  0.20155877 -0.2677097   0.07400161]
2632,4,1,0,1,2,[-0.09321817  0.00666859 -0.21535705  0.07993778  0.08987762 -0.02113109]
2633,4,1,0,1,3,[-0.47260055 -0.21854134  0.14091824  0.22289723 -0.4352952  -0.07450771]
2634,4,1,0,1,4,[-0.06306181  0.2559424  -0.10565738  0.08562959  0.08286776  0.28314355]
2635,4,1,0,2,0,[-0.07461151  0.20427684  0.05138941  0.17037776  0.11192811  0.3297994 ]
2636,4,1,0,2,1,[-0.18750253  0.00681085  0.10826013  0.19933952 -0.09046587  0.15009408]
2637,4,1,0,2,2,[-0.05258032 -0.03482704 -0.0857839   0.09497759  0.11503289 -0.00550463]
2638,4,1,0,2,3,[-0.24087526 -0.07379594  0.1524387   0.21704803 -0.19481257  0.08218579]
2639,4,1,0,2,4,[-0.03027908  0.13641047 -0.02764514  0.09288313  0.10355057  0.19067152]
2640,4,1,0,3,0,[-0.03004979  0.35226882  0.1271492   0.2865325   0.26937258  0.5743288 ]
2641,4,1,0,3,1,[-0.14963411  0.14581385  0.20898265  0.33791432  0.02710169  0.40151194]
2642,4,1,0,3,2,[-0.03822477 -0.01582081 -0.06259842  0.16499458  0.24395527  0.0680673 ]
2643,4,1,0,3,3,[-0.20373444  0.07107631  0.26938254  0.3680277  -0.09917397  0.3483675 ]
2644,4,1,0,3,4,[-0.00908935  0.20504372  0.00322136  0.158241    0.21589626  0.31328264]
2645,4,1,0,4,0,[-0.28694606  0.31348157  0.02656557  0.22891545  0.10955382  0.46595845]
2646,4,1,0,4,1,[-0.54245144 -0.12760529  0.14108376  0.28073344 -0.33472893  0.05618114]
2647,4,1,0,4,2,[-0.21641146 -0.16778147 -0.25341323  0.08686186  0.13504204 -0.20733523]
2648,4,1,0,4,3,[-0.66084826 -0.3073614   0.23393255  0.31716806 -0.55988646 -0.09619416]
2649,4,1,0,4,4,[-0.15022925  0.21263562 -0.11611374  0.10467543  0.13151315  0.24652642]
2650,4,1,1,0,0,[-0.05362564  0.42643777  0.21875645  0.3666573   0.4203073   0.779929  ]
2651,4,1,1,0,1,[-0.18272126  0.24116974  0.3401467   0.43914962  0.14412756  0.6626794 ]
2652,4,1,1,0,2,[-0.0821266  -0.10411721 -0.05110334  0.20205262  0.360062    0.03770408]
2653,4,1,1,0,3,"[-2.3874602e-01  1.9433038e-01  4.2631498e-01  4.8206469e-01
  3.2274408e-04  6.5733606e-01]"
2654,4,1,1,0,4,[-0.04045695  0.18975735  0.03279959  0.19629315  0.31519976  0.36318558]
2655,4,1,1,1,0,[-0.16405278  0.3180727   0.03618914  0.23941223  0.12440832  0.52552015]
2656,4,1,1,1,1,[-0.37395307 -0.02249244  0.1451461   0.27926835 -0.20677252  0.22954278]
2657,4,1,1,1,2,[-0.08861991 -0.05493844 -0.22019453  0.13353062  0.1396191  -0.03997734]
2658,4,1,1,1,3,[-0.47895446 -0.16911374  0.23128119  0.30360028 -0.37832284  0.11362021]
2659,4,1,1,1,4,[-0.06250478  0.22920877 -0.09427319  0.1303274   0.12251591  0.30530062]
2660,4,1,1,2,0,[-0.04840832  0.22644308  0.10844031  0.2393702   0.18078879  0.44881335]
2661,4,1,1,2,1,[-0.16254768  0.04496743  0.18256204  0.27527547 -0.02431342  0.3030057 ]
2662,4,1,1,2,2,[-0.0319462  -0.06320647 -0.06352276  0.15004928  0.1699543   0.02634559]
2663,4,1,1,2,3,[-0.21778391 -0.02290128  0.23704357  0.29519394 -0.13126545  0.25636038]
2664,4,1,1,2,4,[-0.01528482  0.12817276 -0.000847    0.13827826  0.14717524  0.23902631]
2665,4,1,1,3,0,[0.02588611 0.40200567 0.22338608 0.39360905 0.38678315 0.7779505 ]
2666,4,1,1,3,1,[-0.0909675   0.22038123  0.32945368  0.45654422  0.14382485  0.6554635 ]
2667,4,1,1,3,2,[ 0.00410352 -0.03793804 -0.01429431  0.2496957   0.33884758  0.14930046]
2668,4,1,1,3,3,[-0.14553621  0.1642877   0.4034506   0.4905449   0.01490118  0.6322165 ]
2669,4,1,1,3,4,[0.02380823 0.20660801 0.05344652 0.22831869 0.29176003 0.40827417]
2670,4,1,1,4,0,[-0.28314203  0.33527002  0.11016632  0.31928286  0.21515974  0.6384895 ]
2671,4,1,1,4,1,[-0.5443986  -0.07435813  0.25947338  0.38374048 -0.23701839  0.2960473 ]
2672,4,1,1,4,2,[-0.21832393 -0.2490187  -0.23976476  0.15277965  0.21531081 -0.21070305]
2673,4,1,1,4,3,[-0.66678953 -0.22779262  0.3744058   0.4256406  -0.46743926  0.18886805]
2674,4,1,1,4,4,[-0.15500215  0.17807382 -0.08602469  0.16064495  0.19511658  0.29245234]
2675,4,1,2,0,0,[-0.03941923  0.39684534  0.18125118  0.37748528  0.42430893  0.70686066]
2676,4,1,2,0,1,[-0.13903986  0.27810693  0.32472783  0.45279586  0.19740757  0.68930537]
2677,4,1,2,0,2,[-0.08710936 -0.1492777  -0.11672252  0.21287166  0.33824697 -0.08967071]
2678,4,1,2,0,3,[-0.17978717  0.26798478  0.42903382  0.4967255   0.08211606  0.74649435]
2679,4,1,2,0,4,[-0.04528333  0.13666286 -0.00928602  0.20355493  0.2983572   0.25702903]
2680,4,1,2,1,0,[-0.15952654  0.2608424  -0.02556811  0.25046286  0.12181873  0.39255157]
2681,4,1,2,1,1,[-0.33627674  0.00246217  0.1091596   0.29290137 -0.15536974  0.21756741]
2682,4,1,2,1,2,[-0.10710519 -0.14036782 -0.31485784  0.14431056  0.10521243 -0.24719901]
2683,4,1,2,1,3,[-0.42349514 -0.09647244  0.217598    0.3180708  -0.29479384  0.1811069 ]
2684,4,1,2,1,4,[-0.07738028  0.14461683 -0.1571193   0.1378025   0.09876535  0.13957772]
2685,4,1,2,2,0,[-0.03970864  0.20097911  0.07841539  0.2494515   0.18434767  0.38780525]
2686,4,1,2,2,1,[-0.13297576  0.06892558  0.16812278  0.28721446  0.0135658   0.3149503 ]
2687,4,1,2,2,2,[-0.03734441 -0.10335069 -0.11341642  0.15984346  0.15436643 -0.07705772]
2688,4,1,2,2,3,[-0.17728698  0.02894264  0.2356444   0.30766925 -0.07341916  0.31481576]
2689,4,1,2,2,4,[-0.01996574  0.08506404 -0.03327421  0.14522699  0.13605464  0.1546775 ]
2690,4,1,2,3,0,[0.04115081 0.37431675 0.19058734 0.40792108 0.39292228 0.7125273 ]
2691,4,1,2,3,1,[-0.04939336  0.2527262   0.31652775  0.4733797   0.19339804  0.67994696]
2692,4,1,2,3,2,[ 0.00165259 -0.08139613 -0.07252289  0.26351455  0.32132444  0.03291148]
2693,4,1,2,3,3,[-0.09035829  0.23008448  0.4068636   0.5081335   0.08960465  0.7134062 ]
2694,4,1,2,3,4,[0.02119821 0.15724939 0.0162251  0.23814727 0.27877495 0.31212938]
2695,4,1,2,4,0,[-0.27097186  0.28055266  0.04228844  0.33287624  0.21957313  0.5022447 ]
2696,4,1,2,4,1,[-0.48779103 -0.02299999  0.2242817   0.40122795 -0.15919258  0.31530753]
2697,4,1,2,4,2,[-0.23557402 -0.3352552  -0.3490407   0.16629621  0.17925474 -0.43628696]
2698,4,1,2,4,3,[-0.5867595  -0.11665548  0.36671352  0.44449592 -0.34685776  0.3072694 ]
2699,4,1,2,4,4,[-0.16955058  0.08572184 -0.15765293  0.16968626  0.1691066   0.10839725]
2700,4,1,3,0,0,[-0.03725567  0.39450282  0.19894533  0.3669131   0.41752827  0.7257669 ]
2701,4,1,3,0,1,[-0.14273785  0.25937092  0.33126745  0.4389811   0.18363811  0.67935973]
2702,4,1,3,0,2,[-0.07674814 -0.1266454  -0.08159535  0.20763159  0.34229568 -0.02807416]
2703,4,1,3,0,3,[-0.18735313  0.23792012  0.42608535  0.48093748  0.06311338  0.7148499 ]
2704,4,1,3,0,4,[-0.03796505  0.15080814  0.0129183   0.19863027  0.30018464  0.29641825]
2705,4,1,3,1,0,[-0.15271445  0.2706131   0.00252239  0.24293894  0.1245183   0.4338472 ]
2706,4,1,3,1,1,[-0.3340824  -0.00389837  0.12535499  0.28332025 -0.15939693  0.22925095]
2707,4,1,3,1,2,[-0.09403642 -0.10704671 -0.2683594   0.1402156   0.11814526 -0.16306266]
2708,4,1,3,1,3,[-0.42436606 -0.11421709  0.22319624  0.3072801  -0.30413625  0.1698022 ]
2709,4,1,3,1,4,[-0.06766463  0.16712092 -0.12674761  0.13409755  0.10725959  0.19572037]
2710,4,1,3,2,0,[-0.03762563  0.2033784   0.0922391   0.24208997  0.18249008  0.4058066 ]
2711,4,1,3,2,1,[-0.1342557   0.06077975  0.17453103  0.27818832  0.00730432  0.31403506]
2712,4,1,3,2,2,[-0.03059915 -0.08518269 -0.08799212  0.15530828  0.15929793 -0.03128671]
2713,4,1,3,2,3,[-0.18075131  0.01342954  0.23563609  0.29771852 -0.08303751  0.29952297]
2714,4,1,3,2,4,[-0.01507873  0.09697043 -0.01701904  0.14127041  0.13899958  0.18452522]
2715,4,1,3,3,0,[0.04036526 0.37214127 0.20491244 0.39558962 0.38585052 0.72670203]
2716,4,1,3,3,1,[-0.05515867  0.23634163  0.32112092  0.45839965  0.18026978  0.6690126 ]
2717,4,1,3,3,2,[ 0.00795816 -0.06194775 -0.04290693  0.2557105   0.32373172  0.08436895]
2718,4,1,3,3,3,[-0.09926694  0.20391488  0.4032263   0.49171144  0.07203369  0.6837351 ]
2719,4,1,3,3,4,[0.02546163 0.16933008 0.03474432 0.23137328 0.2794384  0.3446204 ]
2720,4,1,3,4,0,[-0.26101422  0.29021382  0.07509086  0.32323658  0.22053723  0.54970646]
2721,4,1,3,4,1,[-0.4846138  -0.0352842   0.24153432  0.3882644  -0.16731487  0.32320344]
2722,4,1,3,4,2,[-0.2164872  -0.29302055 -0.29202464  0.16208461  0.19401641 -0.33115762]
2723,4,1,3,4,3,[-0.58820885 -0.14443092  0.3703389   0.42945823 -0.36213306  0.2846858 ]
2724,4,1,3,4,4,[-0.1553359   0.11401792 -0.12071358  0.16557413  0.1788232   0.17817487]
2725,4,1,4,0,0,[-0.05723651  0.43266723  0.18685587  0.39605916  0.4437318   0.74964726]
2726,4,1,4,0,1,[-0.17258537  0.28651878  0.33549166  0.4767324   0.18396454  0.70259684]
2727,4,1,4,0,2,[-0.10513023 -0.15821052 -0.126425    0.21797714  0.35724878 -0.09837583]
2728,4,1,4,0,3,[-0.21968147  0.2667334   0.4440708   0.52448237  0.05204733  0.74919266]
2729,4,1,4,0,4,[-0.05658596  0.15649077 -0.01292994  0.21092534  0.31633326  0.27934384]
2730,4,1,4,1,0,[-0.18145323  0.293246   -0.02547411  0.26020163  0.12136756  0.43311223]
2731,4,1,4,1,1,[-0.38088596 -0.00873926  0.11273615  0.3053162  -0.19401956  0.20955065]
2732,4,1,4,1,2,[-0.12040459 -0.1368284  -0.32801217  0.14554891  0.11169141 -0.23927304]
2733,4,1,4,1,3,[-0.47892353 -0.12800048  0.22437085  0.33266702 -0.35324657  0.14943811]
2734,4,1,4,1,4,[-0.08625783  0.17430918 -0.16344574  0.14108697  0.10474652  0.17455111]
2735,4,1,4,2,0,[-0.05326079  0.22058894  0.08044569  0.25935826  0.18878904  0.41275832]
2736,4,1,4,2,1,[-0.15952103  0.06431811  0.172847    0.29960346 -0.00592808  0.31323183]
2737,4,1,4,2,2,[-0.04783048 -0.10720763 -0.12063298  0.16269864  0.1614085  -0.07893778]
2738,4,1,4,2,3,[-0.20966433  0.0140913   0.24271983  0.32190138 -0.1051444   0.30136266]
2739,4,1,4,2,4,[-0.02678112  0.09964334 -0.03634904  0.14931078  0.14279582  0.17212068]
2740,4,1,4,3,0,[0.02830978 0.4076481  0.19662258 0.42613432 0.409337   0.75490534]
2741,4,1,4,3,1,[-0.07654143  0.26001385  0.32682714  0.4960944   0.18080752  0.6940977 ]
2742,4,1,4,3,2,[-0.01066531 -0.08462328 -0.0795961   0.2703537   0.33816645  0.03311718]
2743,4,1,4,3,3,[-0.12355389  0.22735566  0.42064357  0.5339417   0.06217248  0.71628916]
2744,4,1,4,3,4,[0.0139669  0.17807095 0.01414363 0.24637614 0.2943394  0.337583  ]
2745,4,1,4,4,0,[-0.30716175  0.31140834  0.04238478  0.34669626  0.2197099   0.5391809 ]
2746,4,1,4,4,1,[-0.55297923 -0.0458694   0.22966883  0.4194966  -0.21128747  0.29294717]
2747,4,1,4,4,2,[-0.2633441  -0.3516091  -0.36787474  0.1665115   0.18654248 -0.45307705]
2748,4,1,4,4,3,[-0.6649199  -0.16222839  0.3769876   0.4664306  -0.42538607  0.2590237 ]
2749,4,1,4,4,4,[-0.18867414  0.10993867 -0.16703123  0.17353897  0.17715682  0.13498858]
2750,4,2,0,0,0,[-0.22058685  0.51545256  0.13413446  0.32196736  0.38664436  0.6305178 ]
2751,4,2,0,0,1,[-0.44134858  0.1515015   0.23938848  0.4081767  -0.08330585  0.27670634]
2752,4,2,0,0,2,[-0.2588481  -0.24012095 -0.14985234  0.10554102  0.329371   -0.29419276]
2753,4,2,0,0,3,[-0.5244774   0.04566774  0.323502    0.46786448 -0.31610996  0.19149369]
2754,4,2,0,0,4,[-0.15010618  0.2422084  -0.04047685  0.13716893  0.32582155  0.2620438 ]
2755,4,2,0,1,0,[-0.3021313   0.41142827  0.00453908  0.17600606  0.02794443  0.45460954]
2756,4,2,0,1,1,[-0.6285329  -0.19142032  0.08857824  0.21979351 -0.5121834  -0.16596207]
2757,4,2,0,1,2,[-0.20350145 -0.10910627 -0.25229594  0.03909589  0.0739876  -0.20545574]
2758,4,2,0,1,3,[-0.7782019  -0.45079508  0.16249494  0.25397342 -0.7817247  -0.42301637]
2759,4,2,0,1,4,[-0.12661038  0.35021377 -0.11830105  0.06796974  0.09505055  0.33483532]
2760,4,2,0,2,0,[-0.17605233  0.26441652  0.05105817  0.17466442  0.11272355  0.327607  ]
2761,4,2,0,2,1,[-0.36138633 -0.06704557  0.11097039  0.21518776 -0.2279347  -0.00816604]
2762,4,2,0,2,2,[-0.15190627 -0.14326116 -0.12449319  0.06071715  0.11608499 -0.1802413 ]
2763,4,2,0,2,3,[-0.44073972 -0.19336276  0.16118002  0.24424647 -0.39708045 -0.12851167]
2764,4,2,0,2,4,[-0.09141658  0.17121096 -0.04677224  0.07746385  0.1240205   0.1815978 ]
2765,4,2,0,3,0,[-0.15081778  0.47526667  0.12951593  0.3120344   0.32344368  0.61106336]
2766,4,2,0,3,1,[-0.35142162  0.12621784  0.21904017  0.3851822  -0.08931071  0.26894134]
2767,4,2,0,3,2,[-0.17450954 -0.14702438 -0.11598788  0.1281048   0.28349343 -0.15839909]
2768,4,2,0,3,3,[-0.43086115  0.01087329  0.29012042  0.43421814 -0.2954317   0.16838232]
2769,4,2,0,3,4,[-0.09117677  0.25990748 -0.02322037  0.14694497  0.2766549   0.30498508]
2770,4,2,0,4,0,[-0.49571136  0.39871758  0.03732469  0.2540115   0.09209105  0.4429337 ]
2771,4,2,0,4,1,[-0.9124492  -0.3412737   0.15647802  0.3259623  -0.65381426 -0.3135568 ]
2772,4,2,0,4,2,[-0.41222593 -0.4248837  -0.32209155  0.03562331  0.12618864 -0.58054173]
2773,4,2,0,4,3,[-1.0910087  -0.6250791   0.26042062  0.38282046 -1.0206696  -0.58600175]
2774,4,2,0,4,4,[-0.27013907  0.2632854  -0.14668962  0.08720467  0.16480926  0.22292076]
2775,4,2,1,0,0,[-0.20029065  0.57928896  0.22505897  0.40682384  0.5212006   0.816332  ]
2776,4,2,1,0,1,[-0.41314453  0.26015988  0.35721603  0.50952554  0.04508139  0.5303461 ]
2777,4,2,1,0,2,[-0.26930657 -0.30981606 -0.11697717  0.15815239  0.42876405 -0.292498  ]
2778,4,2,1,0,3,[-0.48953706  0.1905579   0.4572929   0.57815117 -0.19106229  0.4926623 ]
2779,4,2,1,0,4,"[-1.5439633e-01  2.2251816e-01 -1.5554960e-04  1.8436345e-01
  4.0844899e-01  3.1116477e-01]"
2780,4,2,1,1,0,[-0.3117752   0.42413664  0.05892247  0.2337724   0.10566229  0.5521145 ]
2781,4,2,1,1,1,[-0.64155656 -0.14741027  0.16634445  0.28759906 -0.44710395 -0.01704033]
2782,4,2,1,1,2,[-0.2276505  -0.21168847 -0.25135925  0.07599786  0.12714948 -0.27094996]
2783,4,2,1,1,3,[-0.79113966 -0.3785008   0.25534245  0.32712424 -0.7226731  -0.23504247]
2784,4,2,1,1,4,[-0.14443554  0.30461013 -0.10254887  0.10073286  0.13973199  0.3317892 ]
2785,4,2,1,2,0,[-0.16650239  0.28835872  0.10445628  0.23054303  0.18475579  0.42843378]
2786,4,2,1,2,1,[-0.35064256 -0.0192546   0.18061443  0.27963564 -0.16269861  0.13052101]
2787,4,2,1,2,2,[-0.15716694 -0.19985841 -0.10755406  0.09897261  0.16901803 -0.19235522]
2788,4,2,1,2,3,[-0.42813602 -0.1250508   0.24058165  0.31294608 -0.3354069   0.03743954]
2789,4,2,1,2,4,[-0.09400292  0.14953363 -0.02396392  0.11060749  0.16780567  0.2032429 ]
2790,4,2,1,3,0,[-0.11844303  0.5325405   0.21662153  0.40204033  0.44632494  0.7891532 ]
2791,4,2,1,3,1,[-0.31254828  0.22074652  0.32952312  0.48944107  0.02806642  0.50462127]
2792,4,2,1,3,2,[-0.16901922 -0.20382473 -0.07982333  0.1897044   0.37587255 -0.13966678]
2793,4,2,1,3,3,[-0.38696054  0.1355769   0.4141591   0.54552937 -0.18146533  0.44362023]
2794,4,2,1,3,4,[-0.08346081  0.24590915  0.0179361   0.20036632  0.3530752   0.36156744]
2795,4,2,1,4,0,[-0.5134322   0.42418167  0.12395184  0.3328273   0.21124023  0.5937747 ]
2796,4,2,1,4,1,[-0.93096125 -0.26896116  0.27585247  0.42072952 -0.55163777 -0.08786801]
2797,4,2,1,4,2,[-0.455308   -0.56445867 -0.30938992  0.08188273  0.20938136 -0.65966445]
2798,4,2,1,4,3,[-1.1063484  -0.51078343  0.4003238   0.48660457 -0.9263767  -0.30370402]
2799,4,2,1,4,4,[-0.3015865   0.20106639 -0.11699142  0.12957178  0.2341619   0.22557385]
2800,4,2,2,0,0,[-0.1739733   0.5418805   0.21453486  0.41425768  0.54326123  0.76663697]
2801,4,2,2,0,1,[-0.3398253   0.32983628  0.3629222   0.51958066  0.14088689  0.61640453]
2802,4,2,2,0,2,[-0.2726371  -0.36577755 -0.14598978  0.16871461  0.4194387  -0.3894774 ]
2803,4,2,2,0,3,[-0.39177936  0.31770292  0.47481993  0.5888883  -0.05482852  0.6560112 ]
2804,4,2,2,0,4,[-0.15950942  0.1454462  -0.01735665  0.18983157  0.39753705  0.20837991]
2805,4,2,2,1,0,[-0.29573458  0.35104716  0.03426889  0.2430755   0.13291761  0.4454039 ]
2806,4,2,2,1,1,[-0.57137895 -0.08796114  0.16003843  0.29980868 -0.3397862   0.04194396]
2807,4,2,2,1,2,[-0.24883124 -0.3233995  -0.29705465  0.08704042  0.1152385  -0.45040506]
2808,4,2,2,1,3,[-0.6919633  -0.24444483  0.26321283  0.34013978 -0.5709889  -0.07730511]
2809,4,2,2,1,4,[-0.16243613  0.18320265 -0.13176416  0.10723212  0.13071531  0.1658089 ]
2810,4,2,2,2,0,[-0.15031129  0.2560039   0.09485191  0.23818481  0.20421001  0.3837026 ]
2811,4,2,2,2,1,[-0.300792    0.02807834  0.1822903   0.28919408 -0.09201944  0.18576121]
2812,4,2,2,2,2,[-0.16322097 -0.25152856 -0.13000911  0.10803919  0.16490097 -0.27698085]
2813,4,2,2,2,3,[-0.36058602 -0.03397932  0.25061965  0.32295427 -0.23665366  0.1506592 ]
2814,4,2,2,2,4,[-0.10005828  0.08697198 -0.03768051  0.11606871  0.16347079  0.1196974 ]
2815,4,2,2,3,0,[-0.09443565  0.49564785  0.20775652  0.41189426  0.4687284   0.741694  ]
2816,4,2,2,3,1,[-0.24677305  0.28045893  0.3351313   0.5015462   0.11514354  0.5794357 ]
2817,4,2,2,3,2,[-0.17208692 -0.26027778 -0.10532778  0.20181702  0.36961117 -0.23277435]
2818,4,2,2,3,3,[-0.29941753  0.2477087   0.43034554  0.5581071  -0.05893128  0.58865   ]
2819,4,2,2,3,4,[-0.08790526  0.17284745  0.00289948  0.20749345  0.34573907  0.26572573]
2820,4,2,2,4,0,[-0.4818954   0.3589366   0.10117641  0.34499884  0.25286844  0.49867997]
2821,4,2,2,4,1,[-0.8272189  -0.16299698  0.27679148  0.43722975 -0.40001255  0.03104672]
2822,4,2,2,4,2,[-0.47109202 -0.67161375 -0.35887486  0.09719893  0.20065978 -0.8396588 ]
2823,4,2,2,4,3,[-0.9645884  -0.31111747  0.4188605   0.5043147  -0.7145642  -0.0609699 ]
2824,4,2,2,4,4,[-0.3167259   0.07017238 -0.14766514  0.13813935  0.22491162  0.0477334 ]
2825,4,2,3,0,0,[-0.17131615  0.53799194  0.21981363  0.40092403  0.5246068   0.77306396]
2826,4,2,3,0,1,[-0.34601057  0.29963103  0.3584091   0.5018015   0.1138924   0.5863456 ]
2827,4,2,3,0,2,[-0.25671208 -0.3293979  -0.12322581  0.16300005  0.41520536 -0.32705814]
2828,4,2,3,0,3,[-0.404208    0.26915026  0.4624084   0.5683127  -0.08789616  0.59945613]
2829,4,2,3,0,4,[-0.14836554  0.1684699  -0.00444391  0.1842401   0.3927259   0.24739732]
2830,4,2,3,1,0,[-0.28692535  0.36539885  0.04793531  0.23450647  0.12582745  0.47781995]
2831,4,2,3,1,1,[-0.5699347  -0.09967167  0.1640651   0.288442   -0.35474887  0.03765352]
2832,4,2,3,1,2,[-0.22931091 -0.270978   -0.26619038  0.08332533  0.12123587 -0.36353248]
2833,4,2,3,1,3,[-0.69579893 -0.2746324   0.25905195  0.32701877 -0.5919273  -0.10886188]
2834,4,2,3,1,4,[-0.14817353  0.21878253 -0.11294141  0.10364695  0.13370034  0.22338402]
2835,4,2,3,2,0,[-0.14686899  0.25987262  0.10034066  0.23016146  0.19582066  0.39576286]
2836,4,2,3,2,1,[-0.30255207  0.01497234  0.18155386  0.27888682 -0.10560574  0.1741309 ]
2837,4,2,3,2,2,[-0.15205145 -0.22222048 -0.11330958  0.10401385  0.16536663 -0.22906938]
2838,4,2,3,2,3,[-0.36603907 -0.059053    0.2447542   0.31125975 -0.2541066   0.12165719]
2839,4,2,3,2,4,[-0.0920429   0.10637767 -0.02790884  0.11235559  0.16285393  0.15065439]
2840,4,2,3,3,0,[-0.09393806  0.49309197  0.21156599  0.3981465   0.45202997  0.7465005 ]
2841,4,2,3,3,1,[-0.2538364   0.25507155  0.3305047   0.48413542  0.0912185   0.5525367 ]
2842,4,2,3,3,2,[-0.1601126  -0.22800322 -0.08634247  0.19451465  0.3654543  -0.17928874]
2843,4,2,3,3,3,[-0.31172904  0.206414    0.41894034  0.53851116 -0.08804802  0.5388288 ]
2844,4,2,3,3,4,[-0.07969701  0.19329703  0.01345983  0.20084229  0.34111792  0.2989038 ]
2845,4,2,3,4,0,[-0.4697031   0.37237307  0.11578119  0.33289093  0.24018693  0.5331539 ]
2846,4,2,3,4,1,[-0.8255284  -0.1848422   0.27846706  0.42063475 -0.42332986  0.01618738]
2847,4,2,3,4,2,[-0.44355962 -0.6055724  -0.32101408  0.09278089  0.20590088 -0.7309353 ]
2848,4,2,3,4,3,[-0.9705589  -0.3580294   0.40973815  0.48483118 -0.7460106  -0.11237001]
2849,4,2,3,4,4,[-0.2965324   0.11461305 -0.12494719  0.13360144  0.22711298  0.11926051]
2850,4,2,4,0,0,[-0.20539975  0.5901026   0.22050752  0.4411569   0.57135236  0.8135575 ]
2851,4,2,4,0,1,[-0.39755625  0.33297235  0.37638324  0.5547712   0.11445534  0.61457646]
2852,4,2,4,0,2,[-0.30579957 -0.39512655 -0.16437285  0.17375638  0.44460306 -0.43088546]
2853,4,2,4,0,3,[-0.45941937  0.30660078  0.49500632  0.63017905 -0.10797367  0.6394254 ]
2854,4,2,4,0,4,[-0.1797841   0.16928624 -0.02521358  0.19943412  0.42448202  0.22748119]
2855,4,2,4,1,0,[-0.33304012  0.3907275   0.03176412  0.25589228  0.12601848  0.48300532]
2856,4,2,4,1,1,[-0.64592654 -0.11959358  0.16258651  0.3166342  -0.40872645  0.00129785]
2857,4,2,4,1,2,[-0.2738405  -0.33588052 -0.3207782   0.08611216  0.11645683 -0.47211123]
2858,4,2,4,1,3,[-0.7833879  -0.30719984  0.2709778   0.36045468 -0.6707456  -0.15215172]
2859,4,2,4,1,4,[-0.17824209  0.22095044 -0.14373401  0.11040742  0.13548386  0.20052567]
2860,4,2,4,2,0,[-0.17445597  0.28001013  0.09563582  0.2510897   0.20777574  0.40642458]
2861,4,2,4,2,1,[-0.34646225  0.01233185  0.18696152  0.3058826  -0.12772006  0.16505288]
2862,4,2,4,2,2,[-0.18335703 -0.2688999  -0.14396928  0.10955725  0.17095526 -0.3013673 ]
2863,4,2,4,2,3,[-0.41535097 -0.06529669  0.25908378  0.3426382  -0.2916685   0.1131107 ]
2864,4,2,4,2,4,[-0.11276148  0.10427362 -0.04432871  0.12037039  0.17171027  0.13436668]
2865,4,2,4,3,0,[-0.119158    0.5399889   0.2135178   0.436578    0.49065107  0.7872825 ]
2866,4,2,4,3,1,[-0.29535708  0.2820052   0.34708467  0.5331949   0.08916714  0.57869387]
2867,4,2,4,3,2,[-0.19714192 -0.2795558  -0.12039766  0.20811269  0.39019504 -0.25987396]
2868,4,2,4,3,3,[-0.3573607   0.23432654  0.44787052  0.59480023 -0.10852259  0.5721372 ]
2869,4,2,4,3,4,[-0.10259209  0.19858402 -0.00317221  0.21725133  0.3676483   0.28935078]
2870,4,2,4,4,0,[-0.54215354  0.39371926  0.09821809  0.36437574  0.24749738  0.5256198 ]
2871,4,2,4,4,1,[-0.9355028  -0.21651605  0.28139478  0.4632664  -0.49110842 -0.03869711]
2872,4,2,4,4,2,[-0.51982284 -0.7203632  -0.392075    0.09453754  0.20318426 -0.90750885]
2873,4,2,4,4,3,[-1.093289   -0.3993761   0.4312469   0.5361201  -0.84754574 -0.16832271]
2874,4,2,4,4,4,[-0.34893942  0.09704781 -0.16474046  0.14224504  0.23389253  0.06557424]
2875,4,3,0,0,0,[-0.09564447  0.40655053  0.10974628  0.24100393  0.29833344  0.56249195]
2876,4,3,0,0,1,[-0.2337034   0.17514744  0.18796119  0.2978215   0.01172066  0.3517105 ]
2877,4,3,0,0,2,[-0.11179733 -0.05340947 -0.08331921  0.10351068  0.2626168  -0.02075115]
2878,4,3,0,0,3,[-0.29139528  0.09892707  0.2476151   0.3348241  -0.13512872  0.29223958]
2879,4,3,0,0,4,[-0.05900798  0.22096266 -0.01327349  0.11454614  0.2426726   0.28746656]
2880,4,3,0,1,0,[-0.15786885  0.34726524  0.00210496  0.14425087  0.06596561  0.43757144]
2881,4,3,0,1,1,[-0.36550066 -0.03761217  0.06812526  0.17377649 -0.26794404  0.05431028]
2882,4,3,0,1,2,[-0.085446    0.03781687 -0.17616037  0.05670277  0.09634301  0.02327698]
2883,4,3,0,1,3,[-0.46649262 -0.21272443  0.12383569  0.1947073  -0.43981406 -0.11574218]
2884,4,3,0,1,4,[-0.05121236  0.29544407 -0.08326415  0.06735848  0.09350199  0.32447672]
2885,4,3,0,2,0,[-0.07847046  0.22493108  0.04604792  0.14322561  0.11001121  0.3214195 ]
2886,4,3,0,2,1,[-0.1952998   0.01394759  0.0920082   0.17030989 -0.09932526  0.1165674 ]
2887,4,3,0,2,2,[-0.05776489 -0.02091091 -0.07476345  0.07013348  0.11242807  0.00117266]
2888,4,3,0,2,3,[-0.24940035 -0.07259589  0.1285668   0.18789107 -0.20682286  0.03578403]
2889,4,3,0,2,4,[-0.03099336  0.15671754 -0.02392708  0.07329628  0.1052677   0.20013684]
2890,4,3,0,3,0,[-0.04508173  0.37489042  0.10974804  0.24481317  0.25954017  0.54562587]
2891,4,3,0,3,1,[-0.1706033   0.1525596   0.17699139  0.29322898  0.00729518  0.3402013 ]
2892,4,3,0,3,2,[-0.05359781 -0.00272712 -0.05824484  0.12714991  0.23446201  0.05972578]
2893,4,3,0,3,3,[-0.22579232  0.07105558  0.227721    0.32308668 -0.12340556  0.27080122]
2894,4,3,0,3,4,"[-1.7302308e-02  2.2691651e-01  2.8686147e-04  1.2824924e-01
  2.1317706e-01  3.1155810e-01]"
2895,4,3,0,4,0,[-0.269019    0.36670038  0.03428088  0.19987318  0.12389654  0.48659068]
2896,4,3,0,4,1,[-0.53207755 -0.10350563  0.12638356  0.24831663 -0.3347824   0.02413208]
2897,4,3,0,4,2,[-0.20353188 -0.12945859 -0.21270515  0.06069937  0.14646123 -0.15772164]
2898,4,3,0,4,3,[-0.6525002  -0.29635507  0.20281324  0.2837754  -0.56714296 -0.15656129]
2899,4,3,0,4,4,[-0.13276891  0.2628187  -0.09445287  0.08401594  0.14860722  0.2947995 ]
2900,4,3,1,0,0,[-0.06941838  0.45377383  0.18772474  0.31516936  0.4018973   0.7258449 ]
2901,4,3,1,0,1,[-0.20382783  0.25085574  0.2871409   0.38328683  0.11271003  0.5639601 ]
2902,4,3,1,0,2,[-0.10129397 -0.08882349 -0.04857008  0.15601373  0.34332907  0.01846933]
2903,4,3,1,0,3,[-0.25967357  0.19682278  0.35890812  0.425486   -0.03670697  0.5359467 ]
2904,4,3,1,0,4,[-0.05005524  0.21447673  0.02493495  0.15948717  0.3080963   0.34983775]
2905,4,3,1,1,0,[-0.15761712  0.35676733  0.04351885  0.19776362  0.12399939  0.5239748 ]
2906,4,3,1,1,1,[-0.36998233 -0.008107    0.12907475  0.23427388 -0.21704866  0.17943095]
2907,4,3,1,1,2,[-0.08930336 -0.02388008 -0.17606139  0.09598912  0.13841206 -0.00197751]
2908,4,3,1,1,3,[-0.47373387 -0.16564038  0.19758895  0.25818363 -0.39291358  0.03691758]
2909,4,3,1,1,4,[-0.05566577  0.26833373 -0.07135507  0.1005858   0.12763827  0.33727935]
2910,4,3,1,2,0,[-0.06209955  0.24402149  0.0917841   0.1956373   0.1670988   0.41395757]
2911,4,3,1,2,1,[-0.17934455  0.04828671  0.15097849  0.22870883 -0.04577046  0.23712477]
2912,4,3,1,2,2,[-0.04814498 -0.05168568 -0.05681015  0.11035929  0.15697075  0.01670212]
2913,4,3,1,2,3,[-0.23405102 -0.0256358   0.19533591  0.24856412 -0.15581395  0.17478172]
2914,4,3,1,2,4,[-0.02375179  0.14642508 -0.00250644  0.10683196  0.14110097  0.23310319]
2915,4,3,1,3,0,[-0.00666583  0.4184429   0.18583502  0.3270148   0.35681725  0.7051931 ]
2916,4,3,1,3,1,[-0.12907812  0.219891    0.27182513  0.38539946  0.10235597  0.5418157 ]
2917,4,3,1,3,2,[-0.02941006 -0.02991225 -0.02065798  0.18974754  0.3115742   0.11090483]
2918,4,3,1,3,3,[-0.18330385  0.15687436  0.33301887  0.41916412 -0.03095398  0.4986954 ]
2919,4,3,1,3,4,[0.00229836 0.22421874 0.03951231 0.1806112  0.27547812 0.3795431 ]
2920,4,3,1,4,0,[-0.27192402  0.38663754  0.10445372  0.27047297  0.21444938  0.62349415]
2921,4,3,1,4,1,[-0.5383702  -0.05357916  0.22324574  0.32994914 -0.25352788  0.21659037]
2922,4,3,1,4,2,[-0.21594122 -0.21149345 -0.19856046  0.10938727  0.21383017 -0.17688926]
2923,4,3,1,4,3,[-0.66029346 -0.22044837  0.31630555  0.37068456 -0.4912224   0.07475828]
2924,4,3,1,4,4,[-0.14377895  0.22729698 -0.06812416  0.12606551  0.20288995  0.3229873 ]
2925,4,3,2,0,0,[-0.05642594  0.4194384   0.16674353  0.3228564   0.40758958  0.6658634 ]
2926,4,3,2,0,1,[-0.16115412  0.28476572  0.2815549   0.39299366  0.1661703   0.5969343 ]
2927,4,3,2,0,2,[-0.1066916  -0.13601837 -0.08820155  0.165019    0.3270721  -0.0816865 ]
2928,4,3,2,0,3,[-0.20152591  0.2681933   0.36549285  0.4357634   0.04383525  0.6249444 ]
2929,4,3,2,0,4,"[-5.5851374e-02  1.5725425e-01 -8.5904423e-05  1.6498329e-01
  2.9416239e-01  2.5854152e-01]"
2930,4,3,2,1,0,[-0.15302256  0.29561916  0.00623703  0.2063171   0.12763923  0.41428566]
2931,4,3,2,1,1,[-0.33139598  0.01555756  0.10968077  0.24490717 -0.16116282  0.18344647]
2932,4,3,2,1,2,[-0.10758784 -0.11101416 -0.23515052  0.10517128  0.11463092 -0.17022821]
2933,4,3,2,1,3,[-0.4168299  -0.09308425  0.193155    0.26939243 -0.30676085  0.11268296]
2934,4,3,2,1,4,[-0.07098454  0.17949218 -0.11032201  0.10656719  0.11048575  0.19438682]
2935,4,3,2,2,0,[-0.05423044  0.21546732  0.07459359  0.20325555  0.17276403  0.36374125]
2936,4,3,2,2,1,[-0.1502597   0.07062928  0.14463691  0.23775096 -0.0068144   0.25534794]
2937,4,3,2,2,2,[-0.0540511  -0.09332318 -0.08717109  0.11845538  0.14617907 -0.06619117]
2938,4,3,2,2,3,[-0.19378427  0.02527339  0.19773175  0.25792986 -0.09791222  0.2349748 ]
2939,4,3,2,2,4,[-0.02923886  0.10036068 -0.02199505  0.1122568   0.13270302  0.16020209]
2940,4,3,2,3,0,[0.00655738 0.38596976 0.16772051 0.3374503  0.364096   0.6506148 ]
2941,4,3,2,3,1,[-0.08938931  0.2490806   0.26754332  0.39763048  0.15166113  0.5711263 ]
2942,4,3,2,3,2,[-0.03313495 -0.07584506 -0.05566099  0.20091821  0.29872498  0.0180214 ]
2943,4,3,2,3,3,[-0.1298196   0.22026554  0.339693    0.4317899   0.04219278  0.5789165 ]
2944,4,3,2,3,4,[-0.00189168  0.17066602  0.01751628  0.18806052  0.26484364  0.29600406]
2945,4,3,2,4,0,[-0.2595523   0.32671955  0.06493715  0.28107008  0.22487277  0.5131027 ]
2946,4,3,2,4,1,[-0.480626   -0.00418674  0.20650293  0.34364846 -0.17172953  0.2524308 ]
2947,4,3,2,4,2,[-0.23261508 -0.29967675 -0.26548028  0.12128967  0.18928285 -0.35642523]
2948,4,3,2,4,3,[-0.57852167 -0.10981866  0.31799373  0.38529685 -0.3688088   0.20018612]
2949,4,3,2,4,4,[-0.1586922   0.12962532 -0.11154222  0.1334618   0.18372461  0.16526684]
2950,4,3,3,0,0,[-0.05449721  0.41754156  0.176584    0.31327042  0.39825702  0.67708844]
2951,4,3,3,0,1,[-0.16494837  0.26622558  0.2830578   0.38044822  0.15076809  0.5824638 ]
2952,4,3,3,0,2,[-0.0967154  -0.11299577 -0.06470232  0.16036788  0.32743692 -0.03237357]
2953,4,3,3,0,3,[-0.20917395  0.23813416  0.36005268  0.42141515  0.02397675  0.59154046]
2954,4,3,3,0,4,[-0.04875387  0.17201203  0.01430113  0.16061944  0.29336295  0.2900571 ]
2955,4,3,3,1,0,[-0.14674205  0.30586958  0.02385262  0.19968812  0.1268126   0.44520092]
2956,4,3,3,1,1,[-0.32979065  0.00931781  0.11865358  0.2364037  -0.16779874  0.18816671]
2957,4,3,3,1,2,[-0.09498515 -0.07722603 -0.20351006  0.10170811  0.1227986  -0.10164128]
2958,4,3,3,1,3,[-0.41841042 -0.11098778  0.19455108  0.259775   -0.31789926  0.09751909]
2959,4,3,3,1,4,[-0.06160067  0.20270197 -0.09004769  0.10341792  0.11559184  0.24040754]
2960,4,3,3,2,0,[-0.05211873  0.21833074  0.08275987  0.19688419  0.16917795  0.37645096]
2961,4,3,3,2,1,[-0.15148816  0.06274254  0.14734876  0.22985898 -0.01421613  0.2512586 ]
2962,4,3,3,2,2,[-0.04730531 -0.07472185 -0.07004789  0.11469208  0.14861527 -0.0288868 ]
2963,4,3,3,2,3,[-0.19724984  0.00986173  0.19581033  0.2491765  -0.1081776   0.21836971]
2964,4,3,3,2,4,[-0.0243212   0.11281333 -0.01133105  0.10895088  0.13388124  0.1846417 ]
2965,4,3,3,3,0,[0.00633706 0.38464966 0.17549805 0.32681218 0.3553107  0.6591248 ]
2966,4,3,3,3,1,[-0.09448858  0.23332217  0.2680815   0.38456726  0.1376196   0.55728185]
2967,4,3,3,3,2,[-0.02640037 -0.05562601 -0.03595324  0.19445959  0.2983933   0.05970107]
2968,4,3,3,3,3,[-0.1381048   0.19453226  0.33423054  0.4173735   0.02434901  0.54870194]
2969,4,3,3,3,4,[0.00276548 0.18362209 0.02941696 0.1824127  0.2635956  0.32237816]
2970,4,3,3,4,0,[-0.2506854   0.33669376  0.08499523  0.27225354  0.22133934  0.54757315]
2971,4,3,3,4,1,[-0.47851506 -0.01658622  0.21515977  0.3318121  -0.18312052  0.25181958]
2972,4,3,3,4,2,[-0.21460643 -0.25714058 -0.22677481  0.11748636  0.19797547 -0.27092943]
2973,4,3,3,4,3,[-0.5811104  -0.13803999  0.31683326  0.37157908 -0.38627973  0.17310084]
2974,4,3,3,4,4,[-0.14525847  0.15859455 -0.08701338  0.12977606  0.18908975  0.22226061]
2975,4,3,4,0,0,[-0.0728374   0.45913714  0.17188045  0.34099406  0.4294554   0.7104806 ]
2976,4,3,4,0,1,[-0.19388986  0.29562563  0.2915887   0.41646576  0.15438506  0.6104538 ]
2977,4,3,4,0,2,[-0.12365557 -0.14323136 -0.09820484  0.16954514  0.34761825 -0.09019422]
2978,4,3,4,0,3,[-0.24084902  0.26887736  0.37970206  0.46304378  0.01505497  0.6274166 ]
2979,4,3,4,0,4,[-0.06588861  0.18011323 -0.00397126  0.17195441  0.31411225  0.28281033]
2980,4,3,4,1,0,[-0.17318517  0.33179593  0.00584482  0.21560109  0.12865472  0.4559249 ]
2981,4,3,4,1,1,[-0.37493056  0.00596531  0.11257094  0.25681502 -0.1989021   0.17462346]
2982,4,3,4,1,2,[-0.1194073  -0.10537519 -0.24864699  0.10586793  0.12146484 -0.16273141]
2983,4,3,4,1,3,[-0.4714446  -0.12385582  0.19922061  0.28346545 -0.36442938  0.0798251 ]
2984,4,3,4,1,4,[-0.07818195  0.21277343 -0.11691667  0.10948084  0.11754332  0.23113601]
2985,4,3,4,2,0,[-0.06694613  0.23742504  0.07612832  0.21256767  0.17833106  0.38928685]
2986,4,3,4,2,1,[-0.17641549  0.0671383   0.14871317  0.24951294 -0.02564419  0.25304046]
2987,4,3,4,2,2,[-0.0638812  -0.09605881 -0.09477733  0.1206587   0.15370089 -0.06847887]
2988,4,3,4,2,3,[-0.22594067  0.01107187  0.20413083  0.27153653 -0.12914078  0.2206512 ]
2989,4,3,4,2,4,[-0.0352215   0.11702333 -0.025372    0.11586767  0.14034289  0.17863314]
2990,4,3,4,3,0,[-0.00561731  0.42229292  0.17288367  0.35463262  0.38197994  0.69345677]
2991,4,3,4,3,1,[-0.11642523  0.25797284  0.27674648  0.41927695  0.1398893   0.58427846]
2992,4,3,4,3,2,[-0.04501519 -0.07779606 -0.06343142  0.20665736  0.31627235  0.01740313]
2993,4,3,4,3,3,[-0.16310155  0.21863116  0.35232177  0.4565396   0.01530734  0.5804377 ]
2994,4,3,4,3,4,[-0.00838863  0.19398879  0.01488398  0.19547686  0.28162673  0.32242283]
2995,4,3,4,4,0,[-0.2930648   0.3629238   0.06463134  0.29462788  0.22803569  0.5527003 ]
2996,4,3,4,4,1,[-0.5440983  -0.02438413  0.21117379  0.36157665 -0.22179772  0.23016943]
2997,4,3,4,4,2,[-0.2581369  -0.31328812 -0.2845299   0.12107733  0.19819304 -0.3727349 ]
2998,4,3,4,4,3,[-0.6553668  -0.15375878  0.3274669   0.40684918 -0.44570532  0.15135369]
2999,4,3,4,4,4,[-0.17537117  0.15856838 -0.12107965  0.13705598  0.19416027  0.19501682]
3000,4,4,0,0,0,[-0.0802267   0.33042958  0.10349896  0.23835124  0.25936243  0.5030095 ]
3001,4,4,0,0,1,[-0.19580144  0.14256719  0.1852716   0.29010078  0.01952411  0.3490839 ]
3002,4,4,0,0,2,[-0.091563   -0.0583771  -0.08431116  0.11648548  0.22915548 -0.02043009]
3003,4,4,0,0,3,[-0.24541071  0.08160452  0.24656898  0.32256293 -0.10382047  0.31214494]
3004,4,4,0,0,4,[-0.05080886  0.1720017  -0.01482994  0.12049829  0.2068095   0.24355873]
3005,4,4,0,1,0,[-0.14787251  0.27181464 -0.01311748  0.14932     0.0484623   0.36381117]
3006,4,4,0,1,1,[-0.32523036 -0.04413441  0.05917932  0.17688309 -0.23460905  0.06316978]
3007,4,4,0,1,2,[-0.08049736  0.01013053 -0.19047862  0.07133848  0.07721897 -0.01645084]
3008,4,4,0,1,3,[-0.41292977 -0.18810776  0.11914898  0.19525996 -0.38080046 -0.06729224]
3009,4,4,0,1,4,[-0.05446471  0.22676076 -0.09437642  0.07581659  0.07136609  0.24827883]
3010,4,4,0,2,0,[-0.06440603  0.18088157  0.04312652  0.14984488  0.09730306  0.28874758]
3011,4,4,0,2,1,[-0.16312943  0.00831298  0.09249814  0.17495285 -0.07906953  0.13126503]
3012,4,4,0,2,2,[-0.04463138 -0.02709579 -0.07593991  0.08439305  0.1001921  -0.00213086]
3013,4,4,0,2,3,[-0.20997967 -0.06237566  0.13091528  0.19018468 -0.17013408  0.07131167]
3014,4,4,0,2,4,[-0.02554315  0.12157892 -0.02511287  0.08211049  0.0901846   0.16816288]
3015,4,4,0,3,0,[-0.0250623   0.31073135  0.10899799  0.25161985  0.23458977  0.5027994 ]
3016,4,4,0,3,1,[-0.12975846  0.13015856  0.18000028  0.29616016  0.02342958  0.350973  ]
3017,4,4,0,3,2,[-0.03132794 -0.00938211 -0.05562598  0.14616342  0.2128117   0.06360789]
3018,4,4,0,3,3,[-0.17740583  0.06439976  0.23244673  0.32207194 -0.0868359   0.30350593]
3019,4,4,0,3,4,[-0.0065322   0.18224627  0.00180244  0.13958429  0.18824875  0.2761246 ]
3020,4,4,0,4,0,[-0.24982794  0.27888942  0.01890134  0.20093799  0.09441932  0.40742967]
3021,4,4,0,4,1,[-0.4731554  -0.1064519   0.1183544   0.24589124 -0.29267675  0.04862877]
3022,4,4,0,4,2,[-0.18721525 -0.13981639 -0.22414212  0.07761674  0.11692504 -0.17670472]
3023,4,4,0,4,3,[-0.5769487  -0.26395634  0.19917454  0.27734727 -0.48908868 -0.08560695]
3024,4,4,0,4,4,[-0.12998576  0.19069326 -0.10394703  0.09254162  0.11402107  0.21785505]
3025,4,4,1,0,0,[-0.04682035  0.37564695  0.18684241  0.32097378  0.3643747   0.6789954 ]
3026,4,4,1,0,1,[-0.15997629  0.21345523  0.29222232  0.3838223   0.12364495  0.57534015]
3027,4,4,1,0,2,[-0.07033158 -0.08575548 -0.04727319  0.17821439  0.31251144  0.03497625]
3028,4,4,1,0,3,[-0.20941983  0.17191175  0.36713052  0.42081648 -0.00188848  0.5694227 ]
3029,4,4,1,0,4,[-0.03456724  0.1692962   0.02623212  0.17248799  0.2735856   0.31775898]
3030,4,4,1,1,0,[-0.14396235  0.28054702  0.02629148  0.21036749  0.10537447  0.45456773]
3031,4,4,1,1,1,[-0.32755446 -0.01705594  0.12107101  0.24490178 -0.18326801  0.19523562]
3032,4,4,1,1,2,[-0.07710351 -0.04385917 -0.19648749  0.11849266  0.11895146 -0.03605647]
3033,4,4,1,1,3,[-0.419579   -0.14544563  0.19625579  0.26582038 -0.33285224  0.09334079]
3034,4,4,1,1,4,[-0.05453535  0.20320842 -0.08581762  0.11508924  0.10465463  0.26509467]
3035,4,4,1,2,0,[-0.04194018  0.20012815  0.09190504  0.21036018  0.15638746  0.39073718]
3036,4,4,1,2,1,[-0.14184289  0.04146526  0.15631133  0.24147093 -0.02236818  0.2627342 ]
3037,4,4,1,2,2,[-0.02681019 -0.05177928 -0.05740646  0.132855    0.14723802  0.02416487]
3038,4,4,1,2,3,[-0.1903795  -0.01813885  0.20375562  0.25856772 -0.11568968  0.22134514]
3039,4,4,1,2,4,[-0.01265831  0.11441225 -0.00242995  0.12200988  0.12755395  0.20912942]
3040,4,4,1,3,0,[0.02333088 0.35408947 0.1917768  0.34547725 0.3357903  0.67827374]
3041,4,4,1,3,1,[-0.0791165   0.19509532  0.2838709   0.40000716  0.12398443  0.570166  ]
3042,4,4,1,3,2,[ 0.00550499 -0.02843756 -0.01448076  0.22065237  0.29456386  0.13286234]
3043,4,4,1,3,3,[-0.12727264  0.14553057  0.34819555  0.42921004  0.01140852  0.5487374 ]
3044,4,4,1,3,4,[0.02201154 0.18372725 0.04482277 0.2011377  0.25360173 0.3576315 ]
3045,4,4,1,4,0,[-0.24772783  0.29751787  0.08951078  0.27998123  0.18425873  0.5535761 ]
3046,4,4,1,4,1,[-0.47624803 -0.06045797  0.21929634  0.33586556 -0.20975326  0.25335297]
3047,4,4,1,4,2,[-0.1896616  -0.21073821 -0.21435562  0.13551143  0.18490022 -0.18332583]
3048,4,4,1,4,3,[-0.58362573 -0.19502857  0.31948394  0.37199306 -0.4106992   0.15863998]
3049,4,4,1,4,4,[-0.13486677  0.1604242  -0.0793521   0.14162077  0.16789123  0.25494826]
3050,4,4,2,0,0,[-0.0349352   0.3487759   0.1538219   0.33053157  0.36706772  0.6135804 ]
3051,4,4,2,0,1,[-0.12242316  0.24462959  0.27837735  0.39578906  0.16918927  0.59675   ]
3052,4,4,2,0,2,[-0.0750667  -0.12610137 -0.1046671   0.18783148  0.29286796 -0.07752251]
3053,4,4,2,0,3,[-0.15855825  0.23517078  0.36903986  0.43362314  0.0684801   0.64535224]
3054,4,4,2,0,4,[-0.03911433  0.12217463 -0.01062766  0.17894796  0.25839263  0.22398624]
3055,4,4,2,1,0,[-0.14059103  0.22934341 -0.02797606  0.22012962  0.10220391  0.33655936]
3056,4,4,2,1,1,[-0.29528496  0.00350829  0.08922156  0.25688437 -0.139457    0.18272138]
3057,4,4,2,1,2,[-0.09371205 -0.11961339 -0.27934775  0.12805939  0.088197   -0.21863955]
3058,4,4,2,1,3,[-0.37179592 -0.08316504  0.1838217   0.2785018  -0.2610425   0.15019892]
3059,4,4,2,1,4,[-0.06792502  0.1283811  -0.14087534  0.12172779  0.08333737  0.11903357]
3060,4,4,2,2,0,[-0.03465363  0.17716293  0.06550767  0.21930717  0.15894832  0.33635202]
3061,4,4,2,2,1,[-0.11636978  0.06164233  0.14346145  0.25201115  0.0100477   0.27192557]
3062,4,4,2,2,2,[-0.03175463 -0.08750072 -0.10105181  0.14158456  0.13321136 -0.06704082]
3063,4,4,2,2,3,[-0.155384    0.02641955  0.20224492  0.26954523 -0.06587781  0.27111605]
3064,4,4,2,2,4,[-0.01694824  0.07621504 -0.03082596  0.12820822  0.11750451  0.13470593]
3065,4,4,2,3,0,[0.0363157  0.32902002 0.16297632 0.35820353 0.3405012  0.6198527 ]
3066,4,4,2,3,1,[-0.04321737  0.22241922  0.27232808  0.41489002  0.16646747  0.5900625 ]
3067,4,4,2,3,2,[ 0.0031349  -0.06717923 -0.06533588  0.2330037   0.27879143  0.0302253 ]
3068,4,4,2,3,3,[-0.07952657  0.20209126  0.35084343  0.44470266  0.07577453  0.6180769 ]
3069,4,4,2,3,4,[0.0195224  0.13996515 0.01227902 0.20992891 0.24187545 0.27282   ]
3070,4,4,2,4,0,[-0.23793894  0.24810518  0.02970303  0.29193485  0.18683012  0.43195271]
3071,4,4,2,4,1,[-0.42773342 -0.01726706  0.18790907  0.35116693 -0.14331399  0.26726428]
3072,4,4,2,4,2,[-0.20539759 -0.28754044 -0.31010664  0.14746372  0.15240845 -0.38255292]
3073,4,4,2,4,3,[-0.51467955 -0.09956931  0.3120283   0.38844234 -0.30700302  0.25907746]
3074,4,4,2,4,4,[-0.14813872  0.07854611 -0.14219221  0.14961945  0.14436331  0.092366  ]
3075,4,4,3,0,0,[-0.03293671  0.3469508   0.16925965  0.3212561   0.36133784  0.6302937 ]
3076,4,4,3,0,1,[-0.1255095   0.2285276   0.28417352  0.38370898  0.15741825  0.5884422 ]
3077,4,4,3,0,2,[-0.06599026 -0.10623238 -0.07416397  0.18316555  0.29648247 -0.0238434 ]
3078,4,4,3,0,3,[-0.16499496  0.20919703  0.366634    0.4198457   0.05218366  0.6182261 ]
3079,4,4,3,0,4,[-0.03268193  0.13464604  0.0086726   0.17458984  0.26006958  0.25838614]
3080,4,4,3,1,0,[-0.1345035   0.23814256 -0.00349379  0.21350461  0.10476779  0.37285882]
3081,4,4,3,1,1,[-0.29320303 -0.0017598   0.10342124  0.2484795  -0.1426996   0.19333233]
3082,4,4,3,1,2,[-0.08222689 -0.090347   -0.23895444  0.12440252  0.09958655 -0.14523466]
3083,4,4,3,1,3,[-0.37236953 -0.09836798  0.18885674  0.26905653 -0.26888087  0.14086196]
3084,4,4,3,1,4,[-0.05936659  0.1482017  -0.11447138  0.11843601  0.09085226  0.16809948]
3085,4,4,3,2,0,[-0.03277562  0.17940879  0.07755689  0.21281502  0.15744635  0.35219502]
3086,4,4,3,2,1,[-0.11741002  0.05469443  0.14909814  0.24407844  0.00474132  0.2713601 ]
3087,4,4,3,2,2,[-0.0258523  -0.07155582 -0.07897755  0.13753884  0.13756786 -0.02714712]
3088,4,4,3,2,3,[-0.15831622  0.0130481   0.20233348  0.26082084 -0.0740883   0.25808144]
3089,4,4,3,2,4,[-0.0126591   0.08669949 -0.01670066  0.12469237  0.12012732  0.16077249]
3090,4,4,3,3,0,[0.03569447 0.32731417 0.17544742 0.34734824 0.33447668 0.6323703 ]
3091,4,4,3,3,1,[-0.04815947  0.20833194  0.2763869   0.40174463  0.15521017  0.58080494]
3092,4,4,3,3,2,[ 0.00863745 -0.05010663 -0.03965137  0.22606388  0.28094703  0.07502432]
3093,4,4,3,3,3,[-0.08718865  0.17948002  0.34778944  0.4303213   0.06067719  0.59257317]
3094,4,4,3,3,4,[0.02325989 0.1506191  0.02835453 0.2039262  0.24251392 0.30116484]
3095,4,4,3,4,0,[-0.22905579  0.2568781   0.05835645  0.2834736   0.18796524  0.47376186]
3096,4,4,3,4,1,[-0.42473486 -0.02762559  0.20311426  0.33982703 -0.15002993  0.27475104]
3097,4,4,3,4,2,[-0.18863586 -0.25045857 -0.26052207  0.14369923  0.16544749 -0.2907965 ]
3098,4,4,3,4,3,[-0.51569396 -0.12344203  0.31544372  0.3753149  -0.31991175  0.24011244]
3099,4,4,3,4,4,[-0.1356312   0.10345482 -0.11003552  0.14597178  0.1529889   0.15338704]
3100,4,4,4,0,0,[-0.05027169  0.38050777  0.15866132  0.34681153  0.38418067  0.6515311 ]
3101,4,4,4,0,1,[-0.15150236  0.25240523  0.28767437  0.41673023  0.1576641   0.60885984]
3102,4,4,4,0,2,[-0.09051869 -0.13331676 -0.11308597  0.19240905  0.30963543 -0.0842469 ]
3103,4,4,4,0,3,[-0.19321714  0.23445368  0.3820271   0.45787358  0.04243877  0.6480811 ]
3104,4,4,4,0,4,[-0.04877622  0.13991114 -0.01380032  0.1854577   0.2742151   0.24407773]
3105,4,4,4,1,0,[-0.15956259  0.25811774 -0.0279679   0.22871345  0.10195449  0.37252843]
3106,4,4,4,1,1,[-0.33406755 -0.00581707  0.09222328  0.26779357 -0.1730021   0.17617339]
3107,4,4,4,1,2,[-0.10511097 -0.11593454 -0.29080436  0.12925512  0.09400084 -0.21090132]
3108,4,4,4,1,3,[-0.42005172 -0.11028341  0.18957661  0.29129848 -0.31187874  0.12287062]
3109,4,4,4,1,4,[-0.07551172  0.1547604  -0.1464097   0.12467266  0.08866914  0.15013967]
3110,4,4,4,2,0,[-0.04633163  0.19461425  0.06725031  0.22802989  0.16295078  0.35856244]
3111,4,4,4,2,1,[-0.13939878  0.05793154  0.14752398  0.26289016 -0.00680968  0.2707908 ]
3112,4,4,4,2,2,[-0.04072291 -0.09046302 -0.1073155   0.1441797   0.13948943 -0.06808581]
3113,4,4,4,2,3,[-0.18352498  0.01373166  0.20833609  0.28201836 -0.09341503  0.25965023]
3114,4,4,4,2,4,[-0.02275751  0.08924828 -0.03350195  0.13184306  0.12348814  0.1503584 ]
3115,4,4,4,3,0,[0.02530956 0.35851976 0.16820985 0.37419567 0.35497797 0.6573943 ]
3116,4,4,4,3,1,[-0.06672765  0.22914869  0.28124198  0.43479127  0.15566494  0.6028764 ]
3117,4,4,4,3,2,[-0.00735739 -0.06948402 -0.07145587  0.2391165   0.29366243  0.03120264]
3118,4,4,4,3,3,[-0.10835158  0.2000241   0.36276078  0.46727788  0.05200791  0.62092656]
3119,4,4,4,3,4,[0.01340207 0.15852389 0.01047971 0.21720691 0.25558504 0.29559505]
3120,4,4,4,4,0,[-0.26924333  0.27576026  0.02969387  0.30409214  0.18720832  0.46505415]
3121,4,4,4,4,1,[-0.48436025 -0.0365431   0.19245926  0.36719164 -0.1884485   0.24849388]
3122,4,4,4,4,2,[-0.22929266 -0.30096328 -0.32650277  0.14779522  0.15902947 -0.39601025]
3123,4,4,4,4,3,[-0.5826695  -0.13873446  0.3207967   0.40764412 -0.37520903  0.21754017]
3124,4,4,4,4,4,[-0.1645692   0.1003358  -0.1503859   0.15307617  0.1515887   0.11643558]
