rule_id,API_norm_MF,S_t_MF,SMI_t_MF,Pt_MF,delta_WL_t_MF,rule_output_constant
0,0,0,0,0,0,[ 0.06864822  0.14953668  0.18067122  0.4964482  -0.6169099  -0.00466641]
1,0,0,0,0,1,[-0.7935627  -0.14996162 -0.1111493  -0.28954282  0.11685782 -0.18818493]
2,0,0,0,0,2,[-0.7641219   0.38359857  0.13351634  0.46413195  0.4185863   0.16107914]
3,0,0,0,0,3,[-0.01093078  0.27641428  0.6499387   0.35461992 -1.1514571   0.0687726 ]
4,0,0,0,0,4,[0.25569108 1.1893634  0.24390268 0.42023095 0.4992353  1.3324591 ]
5,0,0,0,1,0,[-1.5743296  -1.7057606   0.10200863  0.19458239 -2.5388548  -1.8464099 ]
6,0,0,0,1,1,[-1.67676     0.57630455 -0.29508442 -0.3781846   1.0320395   1.217881  ]
7,0,0,0,1,2,[-3.3842716  -1.7013985  -0.13374093  0.42748502  0.3079434  -2.037525  ]
8,0,0,0,1,3,[-1.2316253  -0.16746196  1.4299507  -0.1697886  -3.4931734  -0.18807837]
9,0,0,0,1,4,[-0.6168121   1.0149013   0.26572937  0.38550383  0.31615114  1.4580276 ]
10,0,0,0,2,0,[-0.7380088  -0.7911937   0.08916353  0.2102398  -1.4427165  -0.9772237 ]
11,0,0,0,2,1,[-1.0589354   0.15945567 -0.17742327 -0.2896804   0.44447696  0.36971143]
12,0,0,0,2,2,[-1.770519   -0.57931966 -0.02210728  0.35327157  0.27900365 -0.86453646]
13,0,0,0,2,3,[-0.71221113 -0.1601606   0.8538711  -0.05199215 -2.1535828  -0.32866648]
14,0,0,0,2,4,[-0.17758758  0.8998267   0.20043615  0.3112372   0.32305753  1.1153338 ]
15,0,0,0,3,0,[-0.4049844  -0.3850723   0.16591573  0.42759928 -1.3059447  -0.63458914]
16,0,0,0,3,1,[-1.1761683  -0.03858111 -0.18938576 -0.39947823  0.28999335  0.01356272]
17,0,0,0,3,2,[-1.5376453  -0.03639888  0.07562813  0.51097757  0.43455276 -0.38438684]
18,0,0,0,3,3,"[-4.9542910e-01  1.6465674e-03  9.2850977e-01  1.5372171e-01
 -2.1287143e+00 -2.8371632e-01]"
19,0,0,0,3,4,[0.0768566  1.3548611  0.2810137  0.45526874 0.52334565 1.5580099 ]
20,0,0,0,4,0,[-0.8920255  -0.80882704  0.23629151  0.34312624 -2.18632    -1.2928377 ]
21,0,0,0,4,1,[-1.7033229  -0.09197001 -0.14524774 -0.51222795  0.12257013 -0.08602114]
22,0,0,0,4,2,[-2.0157368   0.31076977  0.19841176  0.74387187  0.47977075 -0.21913092]
23,0,0,0,4,3,[-1.4734639  -0.9375107   1.2177838  -0.29526022 -3.6899478  -1.5558841 ]
24,0,0,0,4,4,[0.06141829 1.9590616  0.44013235 0.5923005  0.6276389  2.191964  ]
25,0,0,1,0,0,[ 0.44303954  0.35291135  0.20216544  0.5675846  -0.49542108  0.354705  ]
26,0,0,1,0,1,[-0.4159322  -0.07166363 -0.3673605  -0.31312647  0.28297114 -0.09483835]
27,0,0,1,0,2,[-0.4491611   0.55217797  0.01763104  0.53805643  0.5923174   0.4410478 ]
28,0,0,1,0,3,[ 0.37814385  0.83200544  0.8584769   0.41339028 -0.81278956  0.81990004]
29,0,0,1,0,4,[0.58592165 1.4160903  0.25066236 0.4818286  0.66340196 1.7152797 ]
30,0,0,1,1,0,[-0.83174074 -1.5564699   0.05677517  0.26040643 -2.3154292  -1.2735165 ]
31,0,0,1,1,1,[-0.7171026  0.7018129 -0.9837599 -0.3775707  1.4945467  1.4455158]
32,0,0,1,1,2,[-2.7784286  -1.7279513  -0.53338224  0.51253456  0.6771634  -1.7569002 ]
33,0,0,1,1,3,[-0.3550887   0.9519606   1.880172   -0.10787569 -2.7475905   1.5103546 ]
34,0,0,1,1,4,[0.0589388  1.2600461  0.19199209 0.46070978 0.65428007 2.0981631 ]
35,0,0,1,2,0,[-0.26794866 -0.66493094  0.07861821  0.2633664  -1.3080527  -0.60630167]
36,0,0,1,2,1,[-0.4832688   0.23834202 -0.57609856 -0.2949198   0.710554    0.49923882]
37,0,0,1,2,2,[-1.3779454  -0.5337735  -0.243617    0.4205342   0.50474685 -0.6463618 ]
38,0,0,1,2,3,[-0.18123817  0.526323    1.1377194  -0.00730396 -1.7075359   0.6905067 ]
39,0,0,1,2,4,[0.25080004 1.0877062  0.1719176  0.36847287 0.532518   1.5366113 ]
40,0,0,1,3,0,[ 0.12623249 -0.17559844  0.17358424  0.501612   -1.150656   -0.18129773]
41,0,0,1,3,1,[-0.5804779   0.058004   -0.6001606  -0.42742935  0.5521395   0.14076401]
42,0,0,1,3,2,[-1.0888767   0.10831197 -0.13430922  0.5966409   0.68102217 -0.06991631]
43,0,0,1,3,3,[ 0.07756054  0.7749711   1.2368814   0.21318832 -1.6442605   0.81279266]
44,0,0,1,3,4,[0.5554758 1.6204716 0.2685358 0.5273658 0.7550534 2.0624099]
45,0,0,1,4,0,[-0.16374755 -0.520979    0.28681615  0.4721161  -1.9835846  -0.64229333]
46,0,0,1,4,1,[-0.8517509   0.09381025 -0.6367668  -0.46929613  0.5182167   0.20903164]
47,0,0,1,4,2,[-1.3675495   0.5785875  -0.04378103  0.9182976   0.8395439   0.3108228 ]
48,0,0,1,4,3,[-0.71009696  0.06669556  1.68499    -0.20028268 -3.0574923  -0.07119634]
49,0,0,1,4,4,[0.73646617 2.3579385  0.45898068 0.72900593 0.9594713  2.945913  ]
50,0,0,2,0,0,[ 0.67885536  0.6212406   0.09860641  0.5954952  -0.44754177  0.5680993 ]
51,0,0,2,0,1,[-0.1428999   0.27789882 -0.69260097 -0.31217477  0.38293415  0.01359719]
52,0,0,2,0,2,[-0.1844275   0.8693899  -0.18996027  0.5726882   0.6433801   0.6675594 ]
53,0,0,2,0,3,[ 0.6437461  1.3635327  0.8951335  0.4460794 -0.5387821  1.3605558]
54,0,0,2,0,4,[0.7835194  1.6301775  0.14825769 0.50579447 0.69412076 1.8842965 ]
55,0,0,2,1,0,[-0.29238445 -1.05167    -0.24991418  0.29072142 -2.1544907  -0.8644446 ]
56,0,0,2,1,1,[-0.01592114  1.4347655  -1.805227   -0.35673538  1.7741901   1.6452097 ]
57,0,0,2,1,2,[-2.1681867  -1.1539563  -1.1023843   0.55470484  0.8448245  -1.3657362 ]
58,0,0,2,1,3,[ 0.28456295  2.117183    1.9309769  -0.05738181 -2.0899675   2.7516925 ]
59,0,0,2,1,4,[ 0.51294667  1.6478783  -0.10636184  0.4902866   0.7705821   2.4000914 ]
60,0,0,2,2,0,[ 0.0608459  -0.3511739  -0.09238237  0.28787795 -1.227877   -0.35391128]
61,0,0,2,2,1,[-0.06397096  0.69228315 -1.0565373  -0.2819532   0.8710639   0.63017493]
62,0,0,2,2,2,[-1.0059062  -0.1694108  -0.56995463  0.45422113  0.5918599  -0.39568478]
63,0,0,2,2,3,[ 0.20429718  1.236137    1.1788324   0.02838047 -1.3187318   1.4401532 ]
64,0,0,2,2,4,[0.52818626 1.3327763  0.00476986 0.39178705 0.5895024  1.7286552 ]
65,0,0,2,3,0,[ 0.48093638  0.18933252  0.00413385  0.53372097 -1.075175    0.10897758]
66,0,0,2,3,1,[-0.14645103  0.56207067 -1.1021003  -0.42159647  0.7120084   0.28960016]
67,0,0,2,3,2,[-0.68814903  0.53777784 -0.4654977   0.63908947  0.76363236  0.22965282]
68,0,0,2,3,3,[ 0.4853152   1.551732    1.2872909   0.25523895 -1.2323768   1.6180352 ]
69,0,0,2,3,4,[0.8542581  1.9093927  0.10206877 0.55656403 0.8064738  2.2887692 ]
70,0,0,2,4,0,[ 0.32967964 -0.01244581  0.08123963  0.5380134  -1.8874782  -0.22137147]
71,0,0,2,4,1,[-0.23667243  0.8243741  -1.2814054  -0.4186763   0.7595473   0.48646683]
72,0,0,2,4,2,[-0.80508167  1.195121   -0.46663463  1.0072099   0.95700884  0.76484555]
73,0,0,2,4,3,[-0.1430743   1.131032    1.7803593  -0.12068021 -2.497106    1.0503081 ]
74,0,0,2,4,4,[1.1557676  2.7702441  0.2543276  0.79053533 1.0293988  3.2861    ]
75,0,0,3,0,0,[ 0.5934952   0.53548807  0.23592356  0.6069559  -0.43371668  0.5857232 ]
76,0,0,3,0,1,[-0.2859788   0.12850109 -0.42696244 -0.32395262  0.41883913  0.10261495]
77,0,0,3,0,2,[-0.32611373  0.7598803   0.00086862  0.57937723  0.70098394  0.6838129 ]
78,0,0,3,0,3,[ 0.54637814  1.1851695   0.9816842   0.44912806 -0.64231503  1.2438134 ]
79,0,0,3,0,4,[0.71971214 1.6052679  0.27595904 0.51535547 0.75245816 1.9595114 ]
80,0,0,3,1,0,[-0.5589142  -1.2912542   0.09686486  0.29546782 -2.1869733  -0.8546899 ]
81,0,0,3,1,1,[-0.36582327  1.1645651  -1.1345596  -0.3731972   1.881837    1.9731439 ]
82,0,0,3,1,2,[-2.5642915  -1.4526689  -0.625745    0.563794    0.93502015 -1.3623317 ]
83,0,0,3,1,3,[ 0.00466416  1.6944115   2.155746   -0.07677031 -2.3702846   2.4842377 ]
84,0,0,3,1,4,[0.31597888 1.5599682  0.2146228  0.50176966 0.85446453 2.5524192 ]
85,0,0,3,2,0,[-0.09064862 -0.48820415  0.11042886  0.29211292 -1.2356418  -0.34413224]
86,0,0,3,2,1,[-0.2740156   0.5157683  -0.66298455 -0.29492283  0.93074787  0.8043068 ]
87,0,0,3,2,2,[-1.2327176  -0.33711028 -0.28909686  0.46021578  0.6565705  -0.3841525 ]
88,0,0,3,2,3,[ 0.0377366   0.97720903  1.3081654   0.01660638 -1.4854348   1.2695551 ]
89,0,0,3,2,4,[0.41772476 1.2881985  0.19321035 0.39978883 0.65192133 1.8265953 ]
90,0,0,3,3,0,[ 0.33303806  0.05045854  0.21528699  0.5428994  -1.0700641   0.12542272]
91,0,0,3,3,1,[-0.36837754  0.35536402 -0.69232374 -0.4381353   0.7700156   0.44881132]
92,0,0,3,3,2,[-0.9173349   0.36676902 -0.17209491  0.64663476  0.84159607  0.24834149]
93,0,0,3,3,3,[ 0.31852052  1.2753346   1.420726    0.24841131 -1.4025978   1.4338958 ]
94,0,0,3,3,4,[0.7459744  1.86733    0.29856375 0.5673056  0.88387316 2.3976903 ]
95,0,0,3,4,0,[ 0.11755227 -0.21430619  0.36131093  0.53705835 -1.889529   -0.21816805]
96,0,0,3,4,1,[-0.5443049   0.5265133  -0.7338978  -0.45001316  0.8217745   0.6762288 ]
97,0,0,3,4,2,[-1.1121175   0.9680991  -0.07186393  1.0130558   1.0616064   0.7943083 ]
98,0,0,3,4,3,[-0.40064952  0.7168748   1.9517037  -0.15465055 -2.7560332   0.74965453]
99,0,0,3,4,4,[1.0076884  2.7129369  0.5171456  0.79968494 1.1353881  3.4316769 ]
100,0,0,4,0,0,[ 0.629738    0.62387     0.10154583  0.6390141  -0.5474997   0.51593184]
101,0,0,4,0,1,[-0.27809432  0.30052945 -0.6811884  -0.3356121   0.37208673  0.0117015 ]
102,0,0,4,0,2,[-0.30629668  0.9205256  -0.17154193  0.6135269   0.6521784   0.6660177 ]
103,0,0,4,0,3,[ 0.5824573   1.3255532   0.92081547  0.47648576 -0.72382736  1.2556452 ]
104,0,0,4,0,4,[0.76146215 1.7387091  0.16276476 0.5424895  0.70971096 1.9730883 ]
105,0,0,4,1,0,[-0.57342565 -1.2132875  -0.26540816  0.3003961  -2.488356   -1.1400477 ]
106,0,0,4,1,1,[-0.3264378   1.5929742  -1.773667   -0.39364293  1.8205423   1.8106761 ]
107,0,0,4,1,2,[-2.6040246  -1.2466147  -1.0915748   0.5887259   0.80609053 -1.5700289 ]
108,0,0,4,1,3,[ 0.01475927  1.971078    1.9856218  -0.08602798 -2.5964506   2.479154  ]
109,0,0,4,1,4,[ 0.34599373  1.757544   -0.09397192  0.51958406  0.729575    2.4701278 ]
110,0,0,4,2,0,[-0.09022702 -0.43067527 -0.10091574  0.30195    -1.4226818  -0.51153356]
111,0,0,4,2,1,[-0.25621966  0.7668244  -1.0388396  -0.30918822  0.88079697  0.69237685]
112,0,0,4,2,2,[-1.2448558  -0.18854678 -0.55934185  0.48307088  0.57549745 -0.48901737]
113,0,0,4,2,3,[ 0.04399094  1.1383771   1.2091299   0.0157218  -1.6308817   1.2517161 ]
114,0,0,4,2,4,[0.44441706 1.4222077  0.01455387 0.4163768  0.5757117  1.7892967 ]
115,0,0,4,3,0,"[ 3.5641846e-01  1.4203425e-01  2.6755920e-04  5.6879693e-01
 -1.2613604e+00 -2.4424454e-02]"
116,0,0,4,3,1,[-0.35323235  0.6183697  -1.0844511  -0.45559186  0.70574856  0.31854886]
117,0,0,4,3,2,[-0.9099803   0.56503546 -0.44671398  0.6831763   0.75869834  0.17547065]
118,0,0,4,3,3,[ 0.34219295  1.4593651   1.3209462   0.26334435 -1.5495188   1.4227216 ]
119,0,0,4,3,4,[0.7901906  2.0371344  0.11749952 0.5950457  0.8083441  2.3845613 ]
120,0,0,4,4,0,[ 0.12087285 -0.11175931  0.07115987  0.55448693 -2.187967   -0.45886964]
121,0,0,4,4,1,[-0.53611344  0.8856064  -1.254626   -0.47492167  0.71301013  0.49335483]
122,0,0,4,4,2,[-1.105576    1.2566282  -0.4366178   1.0629159   0.93083143  0.704591  ]
123,0,0,4,4,3,[-0.42379162  0.907873    1.8135144  -0.16784985 -3.013988    0.6547588 ]
124,0,0,4,4,4,[1.059129  2.9478593 0.276414  0.8333019 1.0169412 3.4106395]
125,0,1,0,0,0,[ 0.09458678  0.02303706 -0.07052391  0.11576764 -0.2636974   0.05742973]
126,0,1,0,0,1,[-0.14551969 -0.1131971  -0.40332457 -0.25106475  0.00917837 -0.0781171 ]
127,0,1,0,0,2,[-0.2383116   0.15001477 -0.15000847  0.10712702  0.24807924  0.21163465]
128,0,1,0,0,3,[-0.02332734  0.03369428  0.15190916  0.02458732 -0.5772764  -0.05099531]
129,0,1,0,0,4,[ 0.19190735  0.50233585 -0.01678126  0.11167032  0.2580311   0.6873374 ]
130,0,1,0,1,0,[-0.28040144 -0.58917856 -0.24651136  0.01622234 -0.89409715 -0.23035051]
131,0,1,0,1,1,[ 0.00695804  0.43566144 -0.953087   -0.24909587  0.57502085  1.0222231 ]
132,0,1,0,1,2,[-1.0081916  -0.5095948  -0.4917686   0.11480103  0.47688136 -0.0954305 ]
133,0,1,0,1,3,[-0.25617546 -0.03109228  0.41956124 -0.16151969 -1.4333005   0.22990507]
134,0,1,0,1,4,[ 0.10530532  0.60386413 -0.13809936  0.12068526  0.37204415  1.2122662 ]
135,0,1,0,2,0,[-0.1104851  -0.2970088  -0.13975845  0.03062412 -0.52797633 -0.1493743 ]
136,0,1,0,2,1,[-0.05240624  0.1261689  -0.5663954  -0.20229974  0.23859534  0.3801008 ]
137,0,1,0,2,2,[-0.5268179  -0.16322011 -0.27768782  0.09268145  0.3010164   0.01866185]
138,0,1,0,2,3,[-0.18056552 -0.08685648  0.24325673 -0.10123496 -0.9211933  -0.02840519]
139,0,1,0,2,4,[ 0.12282079  0.45329094 -0.06702534  0.09303673  0.26339594  0.7798747 ]
140,0,1,0,3,0,[-0.0073871  -0.17406474 -0.13438243  0.07933401 -0.50783545 -0.08156136]
141,0,1,0,3,1,[-0.13635649 -0.02499732 -0.6120427  -0.31039596  0.12024932  0.1233173 ]
142,0,1,0,3,2,[-0.4622286   0.01730709 -0.26790327  0.11817271  0.33671334  0.14861102]
143,0,1,0,3,3,[-0.14991829 -0.07227951  0.2405107  -0.06958608 -0.96943015 -0.11597976]
144,0,1,0,3,4,[ 0.20624171  0.61038107 -0.052405    0.12216239  0.3262509   0.9168093 ]
145,0,1,0,4,0,[-0.12370981 -0.35088187 -0.13391398  0.06752907 -0.8117367  -0.22182523]
146,0,1,0,4,1,[-0.19922611 -0.03874687 -0.7138439  -0.3182036   0.11917008  0.23331386]
147,0,1,0,4,2,[-0.5850222   0.18000548 -0.28899553  0.24111699  0.461576    0.3862207 ]
148,0,1,0,4,3,[-0.4825317  -0.4832522   0.3682792  -0.23610848 -1.5949037  -0.5552798 ]
149,0,1,0,4,4,[ 0.28077406  0.88458866 -0.01310885  0.2025914   0.45108908  1.3326783 ]
150,0,1,1,0,0,[ 0.32464254  0.06335113 -0.0459334   0.12117396 -0.1619621   0.31223643]
151,0,1,1,0,1,[ 0.15955006 -0.18911925 -0.5469469  -0.28990847  0.09938994  0.01962535]
152,0,1,1,0,2,[-0.02891309  0.15468773 -0.1991092   0.11764409  0.3851355   0.4389214 ]
153,0,1,1,0,3,[ 0.17204519  0.23029561  0.24919683  0.00710583 -0.40485728  0.32500765]
154,0,1,1,0,4,[0.40192834 0.56188846 0.00141437 0.12222669 0.37856627 0.9509114 ]
155,0,1,1,1,0,[ 0.29292008 -0.59203756 -0.20636648  0.04048332 -0.63874584  0.34175205]
156,0,1,1,1,1,[ 0.8351836   0.28534663 -1.3414624  -0.25064582  0.8490408   1.3087288 ]
157,0,1,1,1,2,[-0.49116847 -0.63419217 -0.64131594  0.14457734  0.81405336  0.36564794]
158,0,1,1,1,3,[ 0.3240885   0.39946553  0.6797901  -0.14801738 -0.9664623   1.2242365 ]
159,0,1,1,1,4,[ 0.6193622   0.6538105  -0.12180632  0.15286216  0.65893996  1.7795154 ]
160,0,1,1,2,0,[ 0.23373581 -0.2891102  -0.10963124  0.04535006 -0.37469274  0.19739725]
161,0,1,1,2,1,[ 0.43650573  0.02925698 -0.7876572  -0.21243626  0.40040648  0.5478226 ]
162,0,1,1,2,2,[-0.21595071 -0.21885614 -0.36383143  0.11309788  0.50564617  0.30303198]
163,0,1,1,2,3,[ 0.15562606  0.17156464  0.40403706 -0.09962866 -0.6466649   0.558106  ]
164,0,1,1,2,4,[ 0.43371713  0.4959699  -0.05103768  0.11387923  0.43973678  1.1306369 ]
165,0,1,1,3,0,[ 0.35215694 -0.1442748  -0.1007648   0.08790892 -0.350938    0.28978696]
166,0,1,1,3,1,[ 0.35875803 -0.13672447 -0.8417295  -0.3498101   0.27306515  0.27926412]
167,0,1,1,3,2,[-0.13548611 -0.01222403 -0.35397646  0.1337454   0.54818684  0.46449754]
168,0,1,1,3,3,[ 0.18028203  0.20929053  0.40153426 -0.08454637 -0.6934331   0.47867715]
169,0,1,1,3,4,[ 0.53309095  0.67551243 -0.03139981  0.1388944   0.5108003   1.2987959 ]
170,0,1,1,4,0,[ 0.38580433 -0.29869843 -0.04892883  0.12333448 -0.56748074  0.34732237]
171,0,1,1,4,1,[ 0.5113955  -0.15223953 -0.9619562  -0.2890192   0.39081252  0.57365173]
172,0,1,1,4,2,[-0.117952    0.17910658 -0.37326434  0.31781748  0.79253525  0.8974526 ]
173,0,1,1,4,3,[-0.00419008 -0.10669228  0.64198256 -0.21107861 -1.1902078   0.3198469 ]
174,0,1,1,4,4,[0.74636275 0.9971305  0.04651665 0.26681387 0.73640215 1.9180863 ]
175,0,1,2,0,0,[ 0.4371347   0.15093964 -0.19681871  0.11688291 -0.16824548  0.30364943]
176,0,1,2,0,1,[ 0.29705307 -0.10451312 -0.8917824  -0.31435966  0.05897536 -0.1602928 ]
177,0,1,2,0,2,[ 0.09272104  0.25267723 -0.43312722  0.11471397  0.36926946  0.40201825]
178,0,1,2,0,3,[ 0.29067662  0.4367487   0.18864375  0.00151069 -0.308756    0.47757772]
179,0,1,2,0,4,[ 0.4978669   0.6306237  -0.1374267   0.12007536  0.36977664  0.9377878 ]
180,0,1,2,1,0,[ 0.59015256 -0.4194238  -0.5884823   0.04137107 -0.62333786  0.3104279 ]
181,0,1,2,1,1,[ 1.2279685   0.4761854  -2.195331   -0.26317582  0.78164667  0.88197786]
182,0,1,2,1,2,[-0.16986713 -0.45289847 -1.2284037   0.14648475  0.803656    0.24873918]
183,0,1,2,1,3,[ 0.66034645  0.8699998   0.5314051  -0.13884579 -0.7109323   1.6153562 ]
184,0,1,2,1,4,[ 0.86973417  0.78260225 -0.4758378   0.15596798  0.6610547   1.7264969 ]
185,0,1,2,2,0,[ 0.40937483 -0.18351896 -0.33207017  0.04538821 -0.37135068  0.17972986]
186,0,1,2,2,1,[ 0.66588813  0.14556724 -1.2898651  -0.22455242  0.3582149   0.29657215]
187,0,1,2,2,2,[-0.02662054 -0.10486394 -0.70898914  0.11453949  0.49502605  0.2363293 ]
188,0,1,2,2,3,[ 0.3522784   0.45575032  0.32030842 -0.09593447 -0.4968453   0.7915579 ]
189,0,1,2,2,4,[ 0.5822857   0.5764469  -0.25710568  0.1157152   0.43705994  1.1025449 ]
190,0,1,2,3,0,[ 0.5328102  -0.02397505 -0.33288848  0.08409809 -0.35446978  0.2724688 ]
191,0,1,2,3,1,[ 0.5883472  -0.01193549 -1.3697089  -0.37555012  0.2201557   0.00859826]
192,0,1,2,3,2,[ 0.05970965  0.12055542 -0.7147759   0.13175312  0.53023404  0.39925882]
193,0,1,2,3,3,[ 0.37731004  0.51550764  0.31239843 -0.08701952 -0.54078674  0.7188245 ]
194,0,1,2,3,4,[ 0.68659097  0.76883954 -0.24586843  0.13784264  0.50247097  1.272898  ]
195,0,1,2,4,0,[ 0.63713324 -0.12413015 -0.34640142  0.13612461 -0.56259704  0.35214362]
196,0,1,2,4,1,[ 0.8327031   0.04559953 -1.650918   -0.29323024  0.3457127   0.26424646]
197,0,1,2,4,2,[ 0.15069363  0.37916732 -0.8471107   0.33579472  0.78243864  0.8421564 ]
198,0,1,2,4,3,[ 0.2768487   0.3194478   0.54349244 -0.19347925 -0.96874255  0.6804989 ]
199,0,1,2,4,4,[ 0.9598974   1.1369797  -0.2303485   0.28111848  0.7351615   1.9098197 ]
200,0,1,3,0,0,[ 0.3931833   0.13838625 -0.03420814  0.12492409 -0.11935377  0.43599933]
201,0,1,3,0,1,[ 0.23006539 -0.12088729 -0.5918544  -0.31195128  0.16289744  0.11391042]
202,0,1,3,0,2,[ 0.025668    0.23829801 -0.21648476  0.12252735  0.45281914  0.57066554]
203,0,1,3,0,3,[ 0.2382409   0.37666473  0.2996462   0.00413317 -0.3251755   0.5160657 ]
204,0,1,3,0,4,[0.46569967 0.64204055 0.01044713 0.12732884 0.43439856 1.0826504 ]
205,0,1,3,1,0,[ 0.4573336  -0.4595593  -0.18239717  0.05104394 -0.524034    0.6276285 ]
206,0,1,3,1,1,[ 1.0612372   0.47985715 -1.4439455  -0.25559962  1.0529953   1.6107947 ]
207,0,1,3,1,2,[-0.35908875 -0.49968547 -0.6927352   0.16161671  0.993997    0.6489971 ]
208,0,1,3,1,3,[ 0.5174527   0.73328567  0.81465495 -0.14299415 -0.7543994   1.7294012 ]
209,0,1,3,1,4,[ 0.77200526  0.8011087  -0.10795922  0.16813359  0.8003376   2.0722802 ]
210,0,1,3,2,0,[ 0.33428332 -0.20576733 -0.09237923  0.05217762 -0.30887496  0.36908078]
211,0,1,3,2,1,[ 0.5673174   0.14024788 -0.8468438  -0.22029777  0.5159656   0.71927315]
212,0,1,3,2,2,[-0.1336614  -0.1288205  -0.3912573   0.1245004   0.6115267   0.47853577]
213,0,1,3,2,3,[ 0.26730707  0.37031808  0.4858729  -0.09833099 -0.5242157   0.8523906 ]
214,0,1,3,2,4,[ 0.5279617   0.5902796  -0.0395263   0.12389754  0.524033    1.3107862 ]
215,0,1,3,3,0,[ 0.45844558 -0.04568208 -0.0825372   0.09304101 -0.28473836  0.4725646 ]
216,0,1,3,3,1,[ 0.48422036 -0.02696461 -0.9073487  -0.371868    0.38229492  0.4405856 ]
217,0,1,3,3,2,[-0.04861056  0.09746606 -0.3818934   0.14259435  0.65540594  0.6559399 ]
218,0,1,3,3,3,[ 0.29061326  0.42311046  0.48417747 -0.08745535 -0.5690331   0.77832264]
219,0,1,3,3,4,[ 0.63278973  0.7850935  -0.01832852  0.14733267  0.5976434   1.4933201 ]
220,0,1,3,4,0,[ 0.53756523 -0.16006267 -0.00783878  0.14552875 -0.47198966  0.617994  ]
221,0,1,3,4,1,[ 0.6969282   0.01624238 -1.0269359  -0.2881097   0.55756044  0.84012973]
222,0,1,3,4,2,[ 0.01394526  0.34935093 -0.39372903  0.3528953   0.9518547   1.1969707 ]
223,0,1,3,4,3,[ 0.15017946  0.17671955  0.7725998  -0.20278087 -1.0191782   0.7400793 ]
224,0,1,3,4,4,[0.8918663  1.1583297  0.07834441 0.29435465 0.8645279  2.2103183 ]
225,0,1,4,0,0,[ 0.41127318  0.15373276 -0.22668438  0.12880819 -0.22516981  0.25650683]
226,0,1,4,0,1,[ 0.23604906 -0.0842945  -0.941007   -0.3340686   0.03740336 -0.19461626]
227,0,1,4,0,2,[ 0.03744139  0.2826078  -0.4644641   0.12522693  0.3626031   0.38020575]
228,0,1,4,0,3,[ 0.2572544   0.4163624   0.17575826  0.00765332 -0.40615097  0.40410396]
229,0,1,4,0,4,[ 0.48576775  0.6813283  -0.15803525  0.13066886  0.36780596  0.9592905 ]
230,0,1,4,1,0,[ 0.46954224 -0.46654704 -0.6697689   0.0383376  -0.78753066  0.16103067]
231,0,1,4,1,1,[ 1.1039485   0.5919031  -2.3121436  -0.2889823   0.7786779   0.91250706]
232,0,1,4,1,2,[-0.35167477 -0.4545202  -1.3184581   0.15397128  0.7750452   0.14019276]
233,0,1,4,1,3,[ 0.5389741   0.8153083   0.49872717 -0.1589146  -0.9575356   1.4593182 ]
234,0,1,4,1,4,[ 0.8007895   0.8536827  -0.5352985   0.16322067  0.63204247  1.7386274 ]
235,0,1,4,2,0,[ 0.34283563 -0.20791437 -0.37999478  0.04590108 -0.47000045  0.08816798]
236,0,1,4,2,1,[ 0.58648676  0.20172203 -1.359502   -0.24403493  0.34538427  0.29193786]
237,0,1,4,2,2,[-0.12784517 -0.09398865 -0.7604255   0.12135454  0.47833273  0.17842916]
238,0,1,4,2,3,[ 0.2783485   0.41502345  0.29973528 -0.10723259 -0.6512286   0.6815174 ]
239,0,1,4,2,4,[ 0.5466149   0.6264199  -0.29121456  0.12213559  0.42249343  1.11381   ]
240,0,1,4,3,0,[ 0.47504148 -0.03787152 -0.381594    0.09116343 -0.45297614  0.18378884]
241,0,1,4,3,1,[ 0.4992217   0.03289121 -1.4440876  -0.401572    0.19562884 -0.0210281 ]
242,0,1,4,3,2,[-0.03684712  0.14837429 -0.7661267   0.1424292   0.5150671   0.3505179 ]
243,0,1,4,3,3,[ 0.3079632   0.47342634  0.29092517 -0.0917993  -0.7013573   0.5979512 ]
244,0,1,4,3,4,[ 0.65739465  0.83288294 -0.2798796   0.1482875   0.4921201   1.2936097 ]
245,0,1,4,4,0,[ 0.54254556 -0.15901709 -0.4126002   0.13393429 -0.7162617   0.20819584]
246,0,1,4,4,1,[ 0.70448     0.09868143 -1.747409   -0.33068743  0.29676336  0.21128382]
247,0,1,4,4,2,[ 0.02052298  0.4261016  -0.9123944   0.35014302  0.7540894   0.7824696 ]
248,0,1,4,4,3,[ 0.14681013  0.21989848  0.51044315 -0.22327061 -1.2234088   0.4608271 ]
249,0,1,4,4,4,[ 0.91669583  1.2248521  -0.27424762  0.2924808   0.71520007  1.9361905 ]
250,0,2,0,0,0,[ 0.3797674   0.6306677   0.29819924  0.76660824 -0.03048196  0.58952105]
251,0,2,0,0,1,[-0.5097364  -0.01009984  0.1580521   0.04212     0.33059996 -0.07221653]
252,0,2,0,0,2,[-0.38346234  0.71013445  0.2676026   0.7027041   0.6894133   0.52967393]
253,0,2,0,0,3,[ 0.34537768  0.78320885  0.7157995   0.6649874  -0.43933     0.75629115]
254,0,2,0,0,4,[0.44205502 1.3630353  0.3063222  0.6032587  0.7546765  1.4972287 ]
255,0,2,0,1,0,[-1.2272162  -1.4197401   0.1800494   0.52085453 -1.95765    -1.8029337 ]
256,0,2,0,1,1,[-1.5817024  -0.19751875  0.08520103 -0.02904989  0.6142339  -0.252152  ]
257,0,2,0,1,2,[-2.8231452  -1.6468825  -0.0030361   0.70162827  0.19825111 -2.380496  ]
258,0,2,0,1,3,[-0.9083765   0.0396481   1.3485203   0.19648848 -2.6796477  -0.10575302]
259,0,2,0,1,4,[-0.45853394  0.8297344   0.27339995  0.59274375  0.344702    0.8776524 ]
260,0,2,0,2,0,[-0.46817905 -0.44797173  0.17093922  0.45759273 -0.9317814  -0.67455703]
261,0,2,0,2,1,[-0.91622514 -0.10118656  0.09376273 -0.01386958  0.36490527 -0.18297872]
262,0,2,0,2,2,[-1.3851066  -0.40475237  0.08902165  0.56280345  0.35753947 -0.8254454 ]
263,0,2,0,2,3,[-0.43165484  0.1568348   0.8441923   0.22848043 -1.4893669   0.02389383]
264,0,2,0,2,4,[-0.04130902  0.90534335  0.22841866  0.47095627  0.45127648  0.959422  ]
265,0,2,0,3,0,[-0.03160479  0.1664285   0.29957217  0.7651456  -0.5848966  -0.01330801]
266,0,2,0,3,1,"[-8.9484054e-01 -7.1046822e-02  1.6078039e-01  9.9556746e-05
  4.1183570e-01 -1.8507279e-01]"
267,0,2,0,3,2,[-1.0517324   0.30635428  0.23812589  0.80457854  0.68447477 -0.07530004]
268,0,2,0,3,3,[-0.08242301  0.5570031   0.97286224  0.53798264 -1.2313541   0.43128392]
269,0,2,0,3,4,[0.28505442 1.491376   0.34400913 0.6797188  0.7873815  1.6061121 ]
270,0,2,0,4,0,[-0.3985445   0.02553358  0.41152304  0.7760822  -1.120031   -0.32077506]
271,0,2,0,4,1,[-1.349085   -0.07487133  0.30767247 -0.02983466  0.34285787 -0.265041  ]
272,0,2,0,4,2,[-1.3867579   0.8178699   0.4094331   1.101417    0.87949455  0.28081217]
273,0,2,0,4,3,[-0.91907173 -0.08222509  1.2672278   0.20252573 -2.3789115  -0.44741708]
274,0,2,0,4,4,[0.32533145 2.1886656  0.5163023  0.8684577  1.0352976  2.3276615 ]
275,0,2,1,0,0,[0.70924604 0.8817894  0.3737203  0.88077897 0.11400016 1.0129312 ]
276,0,2,1,0,1,[-0.17240167  0.18250036  0.07769019  0.08553929  0.5607265   0.23354678]
277,0,2,1,0,2,[-0.09900568  0.9382819   0.26328248  0.8202267   0.8828173   0.91108876]
278,0,2,1,0,3,[ 0.7001988   1.3457525   0.92913485  0.7718549  -0.10726856  1.5163798 ]
279,0,2,1,0,4,[0.72548836 1.610596   0.3621722  0.69548637 0.9184653  1.9057014 ]
280,0,2,1,1,0,[-0.6704254  -1.2606449   0.23697734  0.62616247 -1.774285   -1.2577982 ]
281,0,2,1,1,1,[-0.83569926  0.05371895 -0.22032903  0.03469813  1.1101865   0.24181606]
282,0,2,1,1,2,[-2.3675745  -1.625515   -0.16241845  0.827982    0.52736896 -2.0282984 ]
283,0,2,1,1,3,[-0.21807806  1.0538901   1.7741464   0.29767707 -2.0637014   1.4013716 ]
284,0,2,1,1,4,[0.046905   1.052084   0.29856747 0.6939415  0.61744213 1.451571  ]
285,0,2,1,2,0,[-0.10108604 -0.29728454  0.22465956  0.54346305 -0.8067629  -0.2895917 ]
286,0,2,1,2,1,[-0.45484787  0.07810038 -0.07002325  0.03276312  0.66893095  0.14659852]
287,0,2,1,2,2,[-1.0742875  -0.31411675  0.01540767  0.6637832   0.57179147 -0.5345263 ]
288,0,2,1,2,3,"[-1.8243883e-04  8.0077982e-01  1.1164600e+00  3.0722117e-01
 -1.1038303e+00  9.6195000e-01]"
289,0,2,1,2,4,[0.29075772 1.091865   0.26113746 0.55034846 0.6302947  1.3618983 ]
290,0,2,1,3,0,[ 0.40838864  0.4256401   0.38270453  0.8899833  -0.417544    0.49720195]
291,0,2,1,3,1,[-0.3932702   0.16622055  0.00947467  0.05241371  0.7429329   0.21214621]
292,0,2,1,3,2,[-0.67191434  0.5208485   0.192301    0.9423738   0.9397115   0.35693   ]
293,0,2,1,3,3,[ 0.4087565   1.3127905   1.2782419   0.65211475 -0.78487337  1.4909067 ]
294,0,2,1,3,4,[0.67503756 1.772407   0.4017142  0.7875869  1.0023428  2.1210246 ]
295,0,2,1,4,0,[ 0.19399618  0.38064265  0.5542048   0.957446   -0.90890104  0.3972117 ]
296,0,2,1,4,1,[-0.6388995   0.295792    0.15311521  0.09521387  0.8162226   0.37273133]
297,0,2,1,4,2,[-0.84150416  1.1765497   0.3818553   1.329096    1.2403976   0.9593304 ]
298,0,2,1,4,3,[-0.28492472  0.896976    1.7151728   0.35158032 -1.8074442   0.970055  ]
299,0,2,1,4,4,[0.8709565 2.6055226 0.6223895 1.0397742 1.3353561 3.084635 ]
300,0,2,2,0,0,[0.9126643  1.1383668  0.3170292  0.928281   0.16083604 1.2414054 ]
301,0,2,2,0,1,[ 0.07712723  0.55654174 -0.1257306   0.12113937  0.69593686  0.46184275]
302,0,2,2,0,2,[0.13072006 1.2330366  0.13671046 0.87576824 0.9362274  1.1545591 ]
303,0,2,2,0,3,[0.9403427  1.8490088  0.97880703 0.825236   0.14291587 2.0419433 ]
304,0,2,2,0,4,[0.8920786  1.8077718  0.30313432 0.7339076  0.9430341  2.0781121 ]
305,0,2,2,1,0,[-0.25224486 -0.82530516  0.02953719  0.6707158  -1.6518795  -0.88854545]
306,0,2,2,1,1,[-0.26312092  0.7833193  -0.7730339   0.08429946  1.4227399   0.6174218 ]
307,0,2,2,1,2,[-1.8907175  -1.1468323  -0.552342    0.885233    0.66547483 -1.6763843 ]
308,0,2,2,1,3,[ 0.30917302  2.1030695   1.8397933   0.36186787 -1.506478    2.5185874 ]
309,0,2,2,1,4,[0.39242226 1.3708881  0.09468684 0.73271304 0.69491065 1.707575  ]
310,0,2,2,2,0,[ 0.15952569 -0.01913674  0.11355961  0.58081114 -0.74545294 -0.05073242]
311,0,2,2,2,1,[-0.10413109  0.53862184 -0.38755497  0.07033742  0.85544103  0.39792964]
312,0,2,2,2,2,[-0.7768104  -0.00109735 -0.20276715  0.7110675   0.64489913 -0.296655  ]
313,0,2,2,2,3,[ 0.3235815   1.4480315   1.1672632   0.3557917  -0.76971614  1.6491512 ]
314,0,2,2,2,4,[0.506415   1.2993058  0.15067977 0.5824126  0.66617423 1.5330663 ]
315,0,2,2,3,0,[ 0.70080626  0.7626278   0.2804527   0.9439916  -0.35330167  0.7915509 ]
316,0,2,2,3,1,[-0.01540071  0.6922053  -0.31344715  0.09821297  0.94302535  0.5160547 ]
317,0,2,2,3,2,[-0.3389118   0.90596044 -0.0199763   1.0082847   1.0162581   0.6626265 ]
318,0,2,2,3,3,[ 0.7627221   2.0343828   1.3432631   0.71665484 -0.4207468   2.2507877 ]
319,0,2,2,3,4,[0.9162808 2.0283678 0.298148  0.8326193 1.0374879 2.3386858]
320,0,2,2,4,0,[ 0.5965846   0.8466707   0.43301937  1.0437727  -0.8350925   0.8124381 ]
321,0,2,2,4,1,[-0.10715977  1.0469407  -0.25871444  0.18526919  1.1006476   0.84033036]
322,0,2,2,4,2,[-0.37574446  1.7269871   0.11387712  1.4398184   1.3410678   1.409594  ]
323,0,2,2,4,3,[ 0.20012167  1.8815749   1.8223814   0.451176   -1.3188703   2.0170228 ]
324,0,2,2,4,4,[1.2072686  2.9680946  0.49745423 1.1149638  1.3761921  3.4023044 ]
325,0,2,3,0,0,[0.8491425  1.0681041  0.41300786 0.94317997 0.17972279 1.2425069 ]
326,0,2,3,0,1,[-0.04717559  0.39561698  0.06050856  0.11009201  0.702649    0.46006015]
327,0,2,3,0,2,[0.01781579 1.1405418  0.26939285 0.88441145 0.98395795 1.1451789 ]
328,0,2,3,0,3,[0.86275285 1.6911162  1.0396321  0.8329778  0.05924788 1.9256061 ]
329,0,2,3,0,4,[0.8453444  1.7899313  0.39236423 0.7453718  0.99806714 2.129543  ]
330,0,2,3,1,0,[-0.4664765  -1.0484693   0.27002147  0.6812789  -1.693638   -0.95083207]
331,0,2,3,1,1,[-0.5654259   0.4595737  -0.30259237  0.06939353  1.4374185   0.6867178 ]
332,0,2,3,1,2,[-2.213045   -1.4205146  -0.22158483  0.8979609   0.7120079  -1.7601259 ]
333,0,2,3,1,3,[ 0.07289598  1.706231    1.9956826   0.35020375 -1.7605622   2.2168577 ]
334,0,2,3,1,4,[0.23751016 1.2849224  0.31791398 0.74750316 0.7547412  1.779078  ]
335,0,2,3,2,0,[ 0.03971407 -0.14154875  0.2544949   0.5891187  -0.7538396  -0.07638494]
336,0,2,3,2,1,[-0.28577757  0.33576283 -0.11146372  0.05846279  0.8646543   0.4266988 ]
337,0,2,3,2,2,[-0.96011627 -0.15005615 -0.00768173  0.7195331   0.68803614 -0.33090803]
338,0,2,3,2,3,[ 0.18436651  1.2097491   1.2571273   0.34946647 -0.9157122   1.4661722 ]
339,0,2,3,2,4,[0.42115304 1.2593172  0.28196117 0.592716   0.7178797  1.5882713 ]
340,0,2,3,3,0,[ 0.5864987   0.6435286   0.42747957  0.95795715 -0.34439316  0.7770745 ]
341,0,2,3,3,1,[-0.20777893  0.46293133 -0.02614695  0.08277815  0.95232993  0.5295444 ]
342,0,2,3,3,2,[-0.5229856   0.75796026  0.1838547   1.0186204   1.075509    0.63795215]
343,0,2,3,3,3,[ 0.62566495  1.7847422   1.4363151   0.71630317 -0.5646117   2.0608437 ]
344,0,2,3,3,4,[0.83447903 1.9942589  0.43517727 0.84602827 1.1068819  2.4071488 ]
345,0,2,3,4,0,[ 0.43000004  0.6764069   0.6278129   1.0503665  -0.82691133  0.7812002 ]
346,0,2,3,4,1,[-0.37522468  0.72425663  0.12546556  0.15663393  1.1024655   0.8422753 ]
347,0,2,3,4,2,[-0.6231219   1.5348101   0.38850504  1.4499849   1.4248841   1.3859025 ]
348,0,2,3,4,3,[-0.01585858  1.5090826   1.9408536   0.42755646 -1.5369674   1.7169411 ]
349,0,2,3,4,4,[1.094687  2.9250424 0.680893  1.1283637 1.4751296 3.4983687]
350,0,2,4,0,0,[0.90465283 1.1828929  0.3273473  0.9941051  0.12497826 1.2438511 ]
351,0,2,4,0,1,[-0.02185316  0.5692983  -0.10947772  0.12221875  0.70022124  0.4354584 ]
352,0,2,4,0,2,[0.05304987 1.3024697  0.15495956 0.93498284 0.9739117  1.1708275 ]
353,0,2,4,0,3,[0.9248427  1.8653561  1.0143284  0.88178855 0.04100151 2.0146677 ]
354,0,2,4,0,4,[0.8974347  1.92865    0.31910983 0.78531194 0.98937637 2.179617  ]
355,0,2,4,1,0,[-0.46577755 -0.9645705   0.01437664  0.7097107  -1.9074028  -1.1545352 ]
356,0,2,4,1,1,[-0.53126633  0.8219791  -0.75130546  0.07458783  1.4238881   0.5754087 ]
357,0,2,4,1,2,[-2.2465515  -1.2597985  -0.55757475  0.9419486   0.6271505  -1.9432687 ]
358,0,2,4,1,3,[ 0.10803033  1.9960452   1.8979759   0.36733833 -1.893815    2.2953117 ]
359,0,2,4,1,4,[0.2690448  1.4562923  0.09862085 0.7803126  0.67400485 1.7228419 ]
360,0,2,4,2,0,[ 0.05448318 -0.06924877  0.10852343  0.61657184 -0.8775846  -0.17716004]
361,0,2,4,2,1,[-0.26377875  0.5595266  -0.37213442  0.06421269  0.8538236   0.36481285]
362,0,2,4,2,2,[-0.96361625 -0.01939306 -0.19893172  0.7568706   0.6426805  -0.4055449 ]
363,0,2,4,2,3,[ 0.21208762  1.391664    1.2034425   0.36851165 -0.99359006  1.5181713 ]
364,0,2,4,2,4,[0.45248103 1.3850738  0.15757897 0.62070584 0.67535    1.5785052 ]
365,0,2,4,3,0,[ 0.63172716  0.76315784  0.28411084  1.0075132  -0.4569591   0.71706206]
366,0,2,4,3,1,[-0.17795259  0.71238124 -0.29333618  0.09387301  0.94240457  0.47610587]
367,0,2,4,3,2,[-0.49988937  0.9477339  -0.00488694  1.0752412   1.0410807   0.6143637 ]
368,0,2,4,3,3,[ 0.680118    2.0055668   1.3875452   0.7580387  -0.62728864  2.1457078 ]
369,0,2,4,3,4,[0.88862747 2.1636853  0.31318235 0.8894902  1.075199   2.4365602 ]
370,0,2,4,4,0,[ 0.46372125  0.82212335  0.43418318  1.0990324  -1.0121942   0.67126983]
371,0,2,4,4,1,[-0.34726015  1.0672256  -0.22865796  0.1674045   1.0706973   0.76798713]
372,0,2,4,4,2,[-0.5953136   1.8138465   0.13909478  1.5251131   1.3640074   1.3684651 ]
373,0,2,4,4,3,[ 0.00410329  1.7563388   1.871386    0.4501558  -1.6734109   1.7625803 ]
374,0,2,4,4,4,[1.1596236 3.1616604 0.5192941 1.182009  1.4195619 3.5395432]
375,0,3,0,0,0,[ 0.09814978  0.18507291  0.06779854  0.21827085 -0.34663096  0.17021061]
376,0,3,0,0,1,[-0.28428382  0.01639348 -0.12956482 -0.1957137   0.02221817  0.02135226]
377,0,3,0,0,2,[-0.27324992  0.4056266   0.03777201  0.21482374  0.20607075  0.38236493]
378,0,3,0,0,3,[-0.00274788  0.18803874  0.31007296  0.12844893 -0.6081429   0.11141022]
379,0,3,0,0,4,[0.20261294 0.7177406  0.10286757 0.19096361 0.22711827 0.84499454]
380,0,3,0,1,0,[-0.55266714 -0.47780043 -0.01661817  0.10304356 -1.2710271  -0.40945178]
381,0,3,0,1,1,[-0.47722772  0.70291215 -0.35772982 -0.20033778  0.54156595  1.0516862 ]
382,0,3,0,1,2,[-1.3775625  -0.2537747  -0.16145843  0.23421     0.23519713 -0.22451185]
383,0,3,0,1,3,[-0.48099282  0.18031101  0.688173   -0.09526935 -1.723972    0.24794275]
384,0,3,0,1,4,[-0.07860153  0.8867364   0.07047404  0.20064886  0.17811058  1.2302834 ]
385,0,3,0,2,0,[-0.23529975 -0.1796038   0.01043193  0.10187083 -0.7289882  -0.18272245]
386,0,3,0,2,1,[-0.3215396   0.3055467  -0.20319892 -0.1630707   0.22753398  0.43899158]
387,0,3,0,2,2,[-0.7002759   0.06418164 -0.06041868  0.18474859  0.1808368   0.04548132]
388,0,3,0,2,3,[-0.28816304  0.06500945  0.4151282  -0.04313385 -1.0697455   0.03221136]
389,0,3,0,2,4,[0.04515767 0.66991323 0.06846205 0.155928   0.16677764 0.85606325]
390,0,3,0,3,0,[-0.07876803  0.01102898  0.04842298  0.19141544 -0.68217564 -0.01779702]
391,0,3,0,3,1,[-0.38822556  0.17526168 -0.21153043 -0.2469591   0.12339603  0.23443747]
392,0,3,0,3,2,[-0.5842823   0.33691245 -0.0102875   0.24839306  0.23986     0.29555133]
393,0,3,0,3,3,[-0.20441264  0.12177671  0.44820678  0.03332765 -1.0801511   0.02900247]
394,0,3,0,3,4,[0.16926861 0.8912167  0.10943785 0.21453764 0.24979822 1.0770556 ]
395,0,3,0,4,0,[-0.2523609  -0.08433402  0.09709506  0.18099314 -1.091033   -0.15747797]
396,0,3,0,4,1,[-0.5568768   0.26131645 -0.19425015 -0.2686629   0.08006115  0.3635708 ]
397,0,3,0,4,2,[-0.73788804  0.68412924  0.05776434  0.40264004  0.30851886  0.6336132 ]
398,0,3,0,4,3,[-0.6419049  -0.25907207  0.6178982  -0.16280462 -1.8151958  -0.45418635]
399,0,3,0,4,4,[0.22524387 1.3012549  0.19750926 0.30881423 0.32629696 1.5608449 ]
400,0,3,1,0,0,[ 0.32066756  0.2859303   0.10021529  0.25069404 -0.26778588  0.42254475]
401,0,3,1,0,1,[-0.0261128   0.04908846 -0.24305008 -0.21082568  0.1267396   0.14931226]
402,0,3,1,0,2,[-0.0710989   0.49365294  0.00487659  0.25240564  0.3201256   0.6154096 ]
403,0,3,1,0,3,[ 0.20862755  0.46540365  0.42875051  0.14738877 -0.42408708  0.53856975]
404,0,3,1,0,4,[0.40200695 0.83203024 0.12608176 0.22107342 0.3260203  1.1027377 ]
405,0,3,1,1,0,[-0.08017443 -0.39907452  0.00833735  0.1440089  -1.1088579   0.04868762]
406,0,3,1,1,1,[ 0.17441851  0.7633998  -0.68775314 -0.18816765  0.8232348   1.3401871 ]
407,0,3,1,1,2,[-0.9604907  -0.25686726 -0.30997685  0.28723875  0.48720673  0.12657924]
408,0,3,1,1,3,[ 0.03440884  0.75149506  0.9534593  -0.0607824  -1.2974635   1.240944  ]
409,0,3,1,1,4,[0.34931228 1.0149006  0.07463967 0.24602117 0.390498   1.7015654 ]
410,0,3,1,2,0,[ 0.05940127 -0.11355156  0.03590131  0.13208672 -0.62993306  0.10990833]
411,0,3,1,2,1,[ 0.07039717  0.34333003 -0.38829163 -0.16020522  0.3943581   0.6170663 ]
412,0,3,1,2,2,[-0.43585503  0.09428033 -0.13848102  0.22438224  0.33605167  0.28533113]
413,0,3,1,2,3,[ 0.02046289  0.414904    0.5830171  -0.02161887 -0.8140448   0.6307267 ]
414,0,3,1,2,4,[0.3131216  0.7676477  0.08081751 0.18865466 0.29886922 1.161162  ]
415,0,3,1,3,0,[ 0.2462955   0.11712119  0.08496914  0.22781576 -0.57336974  0.3212354 ]
416,0,3,1,3,1,[ 0.01822445  0.21806748 -0.39888307 -0.26141635  0.2888092   0.41917348]
417,0,3,1,3,2,[-0.28915414  0.41626668 -0.07943884  0.29442275  0.4064954   0.5923787 ]
418,0,3,1,3,3,[ 0.11931671  0.51227105  0.62762827  0.05482978 -0.80825585  0.6650404 ]
419,0,3,1,3,4,[0.46375674 1.0269791  0.13217877 0.25199664 0.3932492  1.4296986 ]
420,0,3,1,4,0,[ 0.200468    0.07060646  0.1772347   0.2592535  -0.9318543   0.34759024]
421,0,3,1,4,1,[ 0.02563075  0.35781655 -0.39876226 -0.2261934   0.3459293   0.714997  ]
422,0,3,1,4,2,[-0.31333265  0.8368678  -0.00622357  0.5087651   0.56230974  1.1128848 ]
423,0,3,1,4,3,[-0.19579613  0.25851238  0.9000607  -0.1095423  -1.4404796   0.4406801 ]
424,0,3,1,4,4,[0.64280576 1.5116338  0.25409725 0.39052543 0.5414857  2.0948567 ]
425,0,3,2,0,0,[ 0.44567966  0.41751766  0.01344775  0.26297227 -0.2555922   0.5001913 ]
426,0,3,2,0,1,[ 0.12627915  0.22479948 -0.47159228 -0.21328388  0.15434965  0.14838856]
427,0,3,2,0,2,[ 0.06982874  0.64871997 -0.14353615  0.26863173  0.33163586  0.690676  ]
428,0,3,2,0,3,[ 0.34636506  0.73471826  0.41978273  0.16030818 -0.29458344  0.7906208 ]
429,0,3,2,0,4,[0.5072225  0.9357253  0.04411961 0.23209397 0.33061403 1.1606197 ]
430,0,3,2,1,0,[ 0.20940484 -0.15609625 -0.23322727  0.15935855 -1.0584103   0.17348036]
431,0,3,2,1,1,[ 0.56275225  1.1316367  -1.2682966  -0.17822388  0.90447307  1.2907913 ]
432,0,3,2,1,2,[-0.6350245   0.01718917 -0.70802474  0.3084077   0.5341786   0.2167042 ]
433,0,3,2,1,3,[ 0.3753414   1.3418915   0.91327107 -0.03594827 -0.98480386  1.8168281 ]
434,0,3,2,1,4,[ 0.59222543  1.1975476  -0.15301175  0.26104617  0.42044985  1.7782371 ]
435,0,3,2,2,0,[ 0.23565283  0.03850557 -0.10098317  0.14410593 -0.60686356  0.19134632]
436,0,3,2,2,1,[ 0.30326438  0.57206976 -0.7269966  -0.15469714  0.44143447  0.5981513 ]
437,0,3,2,2,2,[-0.23740523  0.26977625 -0.3679636   0.24112548  0.35869777  0.35101157]
438,0,3,2,2,3,[ 0.22504473  0.77500176  0.5652845  -0.00488973 -0.6287727   0.9805987 ]
439,0,3,2,2,4,[ 0.46150905  0.88416296 -0.04842044  0.2002781   0.3113291   1.2153788 ]
440,0,3,2,3,0,[ 0.4357694   0.29503286 -0.05343432  0.24248165 -0.5533871   0.42082903]
441,0,3,2,3,1,[ 0.2601144   0.47168604 -0.75203234 -0.26139584  0.33428472  0.40709397]
442,0,3,2,3,2,[-0.07527653  0.62468654 -0.31400937  0.31474042  0.4262052   0.68176126]
443,0,3,2,3,3,[ 0.33372456  0.9061407   0.6120473   0.07270066 -0.61254376  1.0410192 ]
444,0,3,2,3,4,"[6.2348706e-01 1.1656402e+00 1.4515596e-03 2.6582959e-01 4.0238860e-01
 1.5005994e+00]"
445,0,3,2,4,0,[ 0.46382183  0.32283822  0.0046582   0.29381648 -0.90283644  0.5051896 ]
446,0,3,2,4,1,[ 0.3660588   0.73053896 -0.8547034  -0.19986759  0.42674237  0.74896383]
447,0,3,2,4,2,[-0.01533416  1.1407743  -0.3088611   0.5550549   0.5965571   1.2660203 ]
448,0,3,2,4,3,[ 0.10449906  0.80237496  0.8965893  -0.06943976 -1.1683241   0.975872  ]
449,0,3,2,4,4,[0.8660996  1.7131466  0.08959318 0.42287847 0.55783767 2.214442  ]
450,0,3,3,0,0,[ 0.39996865  0.38531446  0.11965033  0.26843017 -0.23422097  0.5577402 ]
451,0,3,3,0,1,[ 0.05014287  0.1618903  -0.27173948 -0.21895549  0.2005081   0.27346942]
452,0,3,3,0,2,"[-3.3473670e-03  6.1098421e-01 -4.3058323e-04  2.7236253e-01
  3.8064525e-01  7.6430279e-01]"
453,0,3,3,0,3,[ 0.29217702  0.64921427  0.49124432  0.16085865 -0.33693573  0.7642199 ]
454,0,3,3,0,4,[0.47378418 0.93440557 0.14135528 0.23688215 0.37347114 1.2432387 ]
455,0,3,3,1,0,[ 0.07256257 -0.2426275   0.03409146  0.16392744 -1.0334691   0.30662307]
456,0,3,3,1,1,[ 0.3814491   1.035896   -0.76443565 -0.1830574   1.0349997   1.6659282 ]
457,0,3,3,1,2,[-0.8357027  -0.08434409 -0.35105464  0.3165648   0.63466537  0.38671416]
458,0,3,3,1,3,[ 0.22686107  1.1475707   1.0968251  -0.04480543 -1.0963463   1.77122   ]
459,0,3,3,1,4,[0.49275407 1.1864878  0.09086258 0.26894012 0.5007591  1.9717504 ]
460,0,3,3,2,0,[ 0.15761471 -0.01093491  0.0560492   0.1473592  -0.58687913  0.2716814 ]
461,0,3,3,2,1,[ 0.19413324  0.5058254  -0.43078756 -0.15928133  0.5158026   0.8089432 ]
462,0,3,3,2,2,[-0.3523353   0.21386136 -0.1571332   0.24619307  0.42334214  0.45634183]
463,0,3,3,2,3,[ 0.13627456  0.6547744   0.67196083 -0.01054051 -0.6956764   0.94662064]
464,0,3,3,2,4,[0.40561658 0.88086826 0.09519794 0.2054509  0.36479235 1.333476  ]
465,0,3,3,3,0,[ 0.35840008  0.24409705  0.11017017  0.2475514  -0.527048    0.50634265]
466,0,3,3,3,1,[ 0.14350854  0.38923192 -0.44353688 -0.2684243   0.40845603  0.61374164]
467,0,3,3,3,2,[-0.19238526  0.5671876  -0.09374996  0.31996903  0.4977758   0.7939268 ]
468,0,3,3,3,3,[ 0.24338202  0.77590686  0.72248304  0.06879774 -0.68160707  1.0007571 ]
469,0,3,3,3,4,[0.56788504 1.1633353  0.15125678 0.2718827  0.46339217 1.6260841 ]
470,0,3,3,4,0,[ 0.35578322  0.24758469  0.22416599  0.295597   -0.8710336   0.61361766]
471,0,3,3,4,1,[ 0.20799768  0.6102378  -0.4400794  -0.21182014  0.5192423   1.0176035 ]
472,0,3,3,4,2,[-0.16879267  1.0660859  -0.01046042  0.56208664  0.6936517   1.4230173 ]
473,0,3,3,4,3,[-0.03169416  0.6067207   1.0419035  -0.08593097 -1.2753145   0.8972115 ]
474,0,3,3,4,4,[0.7923413  1.7103207  0.29161748 0.42974332 0.6414182  2.3850873 ]
475,0,3,4,0,0,[ 0.42236423  0.43058288  0.00433658  0.28202578 -0.3144051   0.47556248]
476,0,3,4,0,1,[ 0.05970284  0.24727632 -0.48424658 -0.23005234  0.1388162   0.13821316]
477,0,3,4,0,2,[ 0.01332161  0.69594574 -0.14774166  0.28699934  0.32870555  0.6994716 ]
478,0,3,4,0,3,[ 0.3137225   0.72192127  0.42556915  0.1721066  -0.39372405  0.7355517 ]
479,0,3,4,0,4,[0.4986977  1.0026426  0.04194028 0.24846044 0.33153427 1.2084718 ]
480,0,3,4,1,0,[ 0.07771272 -0.19878164 -0.26838845  0.16350447 -1.2388513   0.0482959 ]
481,0,3,4,1,1,[ 0.41880408  1.2552481  -1.2987095  -0.19990438  0.9145039   1.3697739 ]
482,0,3,4,1,2,[-0.8377728   0.03046697 -0.7376223   0.3257502   0.50557756  0.14481893]
483,0,3,4,1,3,[ 0.24305427  1.2962675   0.92256683 -0.05175751 -1.2470518   1.6860311 ]
484,0,3,4,1,4,[ 0.5187803   1.29046    -0.17125802  0.27522868  0.3902664   1.828918  ]
485,0,3,4,2,0,[ 0.1648758   0.020767   -0.12104882  0.15020773 -0.713175    0.11961275]
486,0,3,4,2,1,[ 0.2128574   0.6338126  -0.74505174 -0.17123394  0.43699244  0.6250259 ]
487,0,3,4,2,2,[-0.34811512  0.29551923 -0.38280654  0.2553401   0.34403688  0.32242045]
488,0,3,4,2,3,[ 0.14566144  0.7413434   0.57003707 -0.01276597 -0.7908432   0.8886724 ]
489,0,3,4,2,4,[ 0.42528006  0.95096964 -0.05763887  0.2119084   0.29778394  1.2546039 ]
490,0,3,4,3,0,[ 0.37726465  0.29250288 -0.07171132  0.2577049  -0.65759736  0.359593  ]
491,0,3,4,3,1,[ 0.16082324  0.5217793  -0.7713143  -0.28353453  0.3188443   0.41298434]
492,0,3,4,3,2,[-0.17791162  0.67401075 -0.32541212  0.33534107  0.41499233  0.672115  ]
493,0,3,4,3,3,[ 0.26134896  0.87329584  0.6180781   0.07360115 -0.77897125  0.94323754]
494,0,3,4,3,4,[ 0.59656185  1.251188   -0.0054281   0.28337938  0.39478263  1.556259  ]
495,0,3,4,4,0,[ 0.3662461   0.30516565 -0.0210911   0.30096394 -1.0659634   0.39885175]
496,0,3,4,4,1,[ 0.22334     0.7939511  -0.8775377  -0.2327287   0.388799    0.74576527]
497,0,3,4,4,2,[-0.15264322  1.2236197  -0.3203856   0.58309704  0.57352334  1.2649654 ]
498,0,3,4,4,3,[-0.03514871  0.7122573   0.89979213 -0.09523957 -1.4346664   0.78285366]
499,0,3,4,4,4,[0.82592434 1.8337547  0.08201475 0.4435028  0.541367   2.2908545 ]
500,0,4,0,0,0,[ 0.11597559  0.04346617 -0.04256488  0.12974328 -0.1717623   0.15554589]
501,0,4,0,0,1,[-0.05316363 -0.08702256 -0.30777144 -0.16061491  0.06428622  0.04240003]
502,0,4,0,0,2,[-0.16543524  0.15920708 -0.11840801  0.13244939  0.25882524  0.27743196]
503,0,4,0,0,3,[ 0.0040783   0.05544924  0.1529396   0.0351053  -0.4279554   0.07416456]
504,0,4,0,0,4,[ 0.19572012  0.4475116  -0.00202092  0.12410529  0.25808302  0.66699123]
505,0,4,0,1,0,[-0.14997715 -0.48823163 -0.2157026   0.0549317  -0.69088995 -0.09038198]
506,0,4,0,1,1,[ 0.14543587  0.34673962 -0.833495   -0.15162382  0.5303392   0.8759729 ]
507,0,4,0,1,2,[-0.7776737  -0.41367236 -0.4596942   0.1423447   0.44919848 -0.03457657]
508,0,4,0,1,3,[-0.12031679  0.01254262  0.3975567  -0.10542239 -1.0918458   0.39938527]
509,0,4,0,1,4,[ 0.16102836  0.5248038  -0.135331    0.13762337  0.3576394   1.0914601 ]
510,0,4,0,2,0,[-0.04134556 -0.23375891 -0.11365564  0.05683176 -0.39192185 -0.03103948]
511,0,4,0,2,1,[ 0.04232099  0.10486227 -0.4765669  -0.12549245  0.24957797  0.37760547]
512,0,4,0,2,2,[-0.40134335 -0.11412498 -0.2521341   0.11411092  0.29887488  0.0785457 ]
513,0,4,0,2,3,[-0.09827331 -0.04161005  0.23770961 -0.06458328 -0.6949724   0.12390326]
514,0,4,0,2,4,[ 0.14769371  0.4011824  -0.05980052  0.10591507  0.26155984  0.7272447 ]
515,0,4,0,3,0,[ 0.05032546 -0.11803294 -0.0971513   0.10920875 -0.35906017  0.06645738]
516,0,4,0,3,1,[-0.0150336  -0.012997   -0.49002945 -0.19740994  0.17252302  0.22020295]
517,0,4,0,3,2,[-0.33908626  0.05381712 -0.22890867  0.15213467  0.34773594  0.2363847 ]
518,0,4,0,3,3,[-0.07689919 -0.02185688  0.24116257 -0.03478424 -0.7260335   0.07500824]
519,0,4,0,3,4,[ 0.22410205  0.5442954  -0.03607568  0.1414435   0.328631    0.8789081 ]
520,0,4,0,4,0,[-0.02587894 -0.24695145 -0.08823635  0.1124572  -0.5752264   0.01710734]
521,0,4,0,4,1,[-0.03557579 -0.0126711  -0.5651259  -0.1889316   0.2108797   0.3725584 ]
522,0,4,0,4,2,[-0.4283887   0.21802533 -0.25192925  0.26951876  0.48859683  0.48967552]
523,0,4,0,4,3,[-0.3307067  -0.3472616   0.372944   -0.16434449 -1.2016071  -0.20533915]
524,0,4,0,4,4,"[3.0503801e-01 7.9478645e-01 5.0841441e-04 2.2063257e-01 4.6462807e-01
 1.2823304e+00]"
525,0,4,1,0,0,[ 0.3234474   0.08406088  0.0296259   0.1459284  -0.0452999   0.47089982]
526,0,4,1,0,1,[ 0.25228578 -0.12784632 -0.3341752  -0.1661159   0.21408595  0.30796465]
527,0,4,1,0,2,[ 0.02606454  0.17312163 -0.0984561   0.15897004  0.42790383  0.5859532 ]
528,0,4,1,0,3,[ 0.17360489  0.22772561  0.2744015   0.02168714 -0.2536818   0.47357228]
529,0,4,1,0,4,[0.38650027 0.5036952  0.05882487 0.14513512 0.39624968 0.9769521 ]
530,0,4,1,1,0,[ 0.38065255 -0.48276907 -0.068311    0.08990816 -0.3836591   0.6010662 ]
531,0,4,1,1,1,[ 0.95333505  0.26080105 -0.9733117  -0.12200512  0.9098228   1.4684179 ]
532,0,4,1,1,2,[-0.2971778  -0.50592995 -0.45384166  0.18374063  0.8473837   0.5893408 ]
533,0,4,1,1,3,[ 0.416625    0.3898068   0.71779865 -0.08496179 -0.615829    1.4376748 ]
534,0,4,1,1,4,[ 0.6339282   0.5733599  -0.02498382  0.17817852  0.67786896  1.7450376 ]
535,0,4,1,2,0,[ 0.2744322  -0.22110115 -0.01905496  0.08033434 -0.20530589  0.39208868]
536,0,4,1,2,1,[ 0.52000666  0.05001884 -0.5449748  -0.11016601  0.4811071   0.743646  ]
537,0,4,1,2,2,[-0.11617793 -0.15200171 -0.24562418  0.14488062  0.54257554  0.46348235]
538,0,4,1,2,3,[ 0.20969132  0.1856274   0.4341772  -0.05761579 -0.4135969   0.74156785]
539,0,4,1,2,4,[0.43163842 0.44216833 0.01281454 0.13403873 0.45951822 1.1331915 ]
540,0,4,1,3,0,[ 0.37825042 -0.084332    0.00736185  0.13179651 -0.16448256  0.52625823]
541,0,4,1,3,1,[ 0.47438028 -0.07483826 -0.5490137  -0.19684276  0.40861842  0.6104732 ]
542,0,4,1,3,2,[-0.03958654  0.04156357 -0.21307997  0.18632393  0.6050872   0.668528  ]
543,0,4,1,3,3,[ 0.22007859  0.22604719  0.44030654 -0.04233265 -0.4433032   0.7066512 ]
544,0,4,1,3,4,[0.5222332  0.6066516  0.04769273 0.17078064 0.53874934 1.3265251 ]
545,0,4,1,4,0,[ 0.43907824 -0.19096649  0.08678731  0.18099543 -0.27929485  0.6997    ]
546,0,4,1,4,1,[ 0.6606321  -0.06522013 -0.59234554 -0.11980666  0.5909364   1.0129107 ]
547,0,4,1,4,2,[-0.00532705  0.23388782 -0.20817658  0.3608595   0.8781276   1.1411945 ]
548,0,4,1,4,3,[ 0.10623402 -0.01406211  0.6953582  -0.13203388 -0.7833794   0.7220113 ]
549,0,4,1,4,4,[0.7281531  0.89980704 0.13916728 0.29513216 0.78280604 1.9472647 ]
550,0,4,2,0,0,[ 0.42462385  0.15998821 -0.11550309  0.14762318 -0.05117079  0.45835897]
551,0,4,2,0,1,[ 0.38473412 -0.04626663 -0.65472233 -0.17568973  0.17998756  0.15092883]
552,0,4,2,0,2,[ 0.13580714  0.25824335 -0.31981382  0.16402008  0.41335708  0.543842  ]
553,0,4,2,0,3,[ 0.27917454  0.40671074  0.21071461  0.01911576 -0.1714183   0.604125  ]
554,0,4,2,0,4,[ 0.47278062  0.56272537 -0.07438151  0.14848734  0.3876767   0.9595128 ]
555,0,4,2,1,0,[ 0.6468125  -0.33782527 -0.44301844  0.09486013 -0.37924942  0.53842866]
556,0,4,2,1,1,[ 1.3150175   0.43682805 -1.788468   -0.12369119  0.8353729   1.0465883 ]
557,0,4,2,1,2,[-0.01178318 -0.35418528 -1.0198332   0.19007923  0.82456386  0.43273205]
558,0,4,2,1,3,[ 0.7207924   0.79476964  0.5591393  -0.07416993 -0.3981342   1.7617908 ]
559,0,4,2,1,4,[ 0.8563352   0.67946947 -0.37183475  0.18457744  0.66921973  1.6622281 ]
560,0,4,2,2,0,[ 0.4313982  -0.13170974 -0.23650822  0.08412264 -0.20613252  0.35947937]
561,0,4,2,2,1,[ 0.7324573   0.15855621 -1.021498   -0.11265824  0.43835762  0.50297886]
562,0,4,2,2,2,[ 0.05164617 -0.05575061 -0.5774558   0.15067726  0.5271948   0.37699842]
563,0,4,2,2,3,[ 0.38701174  0.4308219   0.34455383 -0.05212309 -0.2850664   0.9378722 ]
564,0,4,2,2,4,[ 0.56347626  0.5091392  -0.18843909  0.13904157  0.4524499   1.0902907 ]
565,0,4,2,3,0,[ 0.54045725  0.01894198 -0.21752064  0.13498312 -0.16944245  0.49880636]
566,0,4,2,3,1,[ 0.69095427  0.04385903 -1.0446187  -0.20563033  0.3606275   0.36356607]
567,0,4,2,3,2,[ 0.13504249  0.15554233 -0.5570025   0.1931406   0.58600557  0.5895173 ]
568,0,4,2,3,3,[ 0.39717183  0.49110427  0.34594965 -0.04104618 -0.31190708  0.9112717 ]
569,0,4,2,3,4,[ 0.6594756   0.68573666 -0.15977792  0.17593011  0.5285636   1.2900482 ]
570,0,4,2,4,0,[ 0.6623607  -0.0416295  -0.20519753  0.19760686 -0.27740914  0.6844761 ]
571,0,4,2,4,1,[ 0.9583523   0.11895929 -1.2445366  -0.11154918  0.54788876  0.72207993]
572,0,4,2,4,2,[ 0.23066923  0.4045718  -0.665082    0.383115    0.8637288   1.0570656 ]
573,0,4,2,4,3,[ 0.35854462  0.35474664  0.5867059  -0.11377504 -0.5912075   1.0304254 ]
574,0,4,2,4,4,[ 0.91655344  1.017846   -0.13219398  0.31261703  0.77752775  1.9181334 ]
575,0,4,3,0,0,[ 0.3803329   0.14883934  0.04180355  0.15296318 -0.00408763  0.58712745]
576,0,4,3,0,1,[ 0.3175994  -0.06383545 -0.36325976 -0.175838    0.2797699   0.41420764]
577,0,4,3,0,2,[ 0.07060091  0.24606618 -0.11136397  0.16874006  0.49166015  0.70794123]
578,0,4,3,0,3,[ 0.22733769  0.35388845  0.31874487  0.01998033 -0.18219714  0.6472342 ]
579,0,4,3,0,4,[0.43998855 0.5724825  0.0685372  0.15338035 0.44794077 1.0978198 ]
580,0,4,3,1,0,[ 0.5212595  -0.3721809  -0.04641078  0.10320798 -0.27824718  0.8547958 ]
581,0,4,3,1,1,[ 1.1553774  0.4334679 -1.0518949 -0.1172405  1.0993531  1.7525663]
582,0,4,3,1,2,[-0.18742436 -0.39294288 -0.49913546  0.20310065  1.0082232   0.83248615]
583,0,4,3,1,3,[ 0.585739    0.6757568   0.8375462  -0.07794326 -0.42460233  1.8906043 ]
584,0,4,3,1,4,[ 0.7635571   0.6961374  -0.01287796  0.19508307  0.8034419   1.9993608 ]
585,0,4,3,2,0,[ 0.35970533 -0.15063995 -0.00282088  0.08958782 -0.14342152  0.5475824 ]
586,0,4,3,2,1,[ 0.63726413  0.15005027 -0.5880683  -0.10959607  0.59154433  0.91201127]
587,0,4,3,2,2,[-0.04858659 -0.07535313 -0.26930594  0.15875787  0.63879097  0.61738944]
588,0,4,3,2,3,[ 0.30631188  0.3565123   0.50706327 -0.05464237 -0.30231538  1.0078548 ]
589,0,4,3,2,4,[0.5112395  0.52154213 0.02346193 0.14576927 0.53551686 1.2924047 ]
590,0,4,3,3,0,"[ 4.6780124e-01  1.8143059e-04  2.5620865e-02  1.4124091e-01
 -1.0085351e-01  6.9566017e-01]"
591,0,4,3,3,1,[ 0.5885607   0.02626557 -0.59385145 -0.20456693  0.5172568   0.7799776 ]
592,0,4,3,3,2,[ 0.03178588  0.13644712 -0.23546728  0.20061752  0.7046062   0.8417381 ]
593,0,4,3,3,3,[ 0.3135049   0.410393    0.5138904  -0.04271547 -0.33026156  0.9795055 ]
594,0,4,3,3,4,[0.60636884 0.6999971  0.06096096 0.18286566 0.6183812  1.5022409 ]
595,0,4,3,4,0,[ 0.5674952  -0.07178961  0.12515667  0.20574827 -0.18672912  0.9497575 ]
596,0,4,3,4,1,[ 0.82768685  0.08838916 -0.6342232  -0.10705807  0.7545445   1.2820642 ]
597,0,4,3,4,2,[ 0.10267798  0.38099778 -0.2253147   0.39799944  1.025556    1.4089386 ]
598,0,4,3,4,3,[ 0.23918183  0.23098603  0.8119965  -0.12213876 -0.6255694   1.1069623 ]
599,0,4,3,4,4,[0.8510001  1.0372815  0.16855308 0.3240946  0.900437   2.2098799 ]
600,0,4,4,0,0,[ 0.40434623  0.1636465  -0.15245816  0.15901804 -0.10203089  0.40836418]
601,0,4,4,0,1,[ 0.33248368 -0.03235952 -0.71714765 -0.19175488  0.15274052  0.09440486]
602,0,4,4,0,2,[ 0.09013408  0.28480786 -0.3624447   0.174154    0.40184888  0.5092584 ]
603,0,4,4,0,3,[ 0.25294206  0.39173454  0.19260895  0.0255833  -0.25263667  0.5384144 ]
604,0,4,4,0,4,[ 0.4637692   0.60676086 -0.10255119  0.15843627  0.3828037   0.9677337 ]
605,0,4,4,1,0,[ 0.546352   -0.37886566 -0.54452133  0.0942275  -0.5305258   0.3753623 ]
606,0,4,4,1,1,[ 1.206923    0.52434194 -1.9439411  -0.14455435  0.80529815  0.9924029 ]
607,0,4,4,1,2,[-0.16539872 -0.35774058 -1.1403995   0.19832219  0.7802822   0.28779092]
608,0,4,4,1,3,[ 0.6211453   0.7509366   0.5105034  -0.08922382 -0.60935825  1.6113183 ]
609,0,4,4,1,4,[ 0.7991035   0.7389444  -0.45191938  0.19219719  0.6323841   1.6382251 ]
610,0,4,4,2,0,[ 0.37649214 -0.1519391  -0.29558906  0.08594739 -0.29555202  0.26299012]
611,0,4,4,2,1,[ 0.66371405  0.20077345 -1.1127747  -0.12844197  0.41250792  0.45455003]
612,0,4,4,2,2,[-0.03337954 -0.04652014 -0.6462505   0.15781157  0.50253916  0.2996256 ]
613,0,4,4,2,3,[ 0.3266332   0.3987215   0.31542698 -0.06032617 -0.4158818   0.8361769 ]
614,0,4,4,2,4,[ 0.5343246   0.55190647 -0.23422141  0.14554246  0.4338921   1.0817597 ]
615,0,4,4,3,0,[ 0.493525    0.00851304 -0.27739453  0.14272252 -0.25788936  0.40620404]
616,0,4,4,3,1,[ 0.6142352   0.07672631 -1.1404206  -0.22674547  0.32521525  0.29432014]
617,0,4,4,3,2,[ 0.05451151  0.18019222 -0.62604016  0.20389183  0.56324756  0.5212306 ]
618,0,4,4,3,3,[ 0.34117913  0.45857486  0.3161397  -0.04338648 -0.44687158  0.8019329 ]
619,0,4,4,3,4,[ 0.63625264  0.741153   -0.2056468   0.1861166   0.51416075  1.2905931 ]
620,0,4,4,4,0,[ 0.5851451  -0.06818711 -0.2857015   0.19814414 -0.4132593   0.5412647 ]
621,0,4,4,4,1,[ 0.8482942   0.15825824 -1.3695794  -0.14215796  0.48769954  0.62025213]
622,0,4,4,4,2,[ 0.12254515  0.4473667  -0.75396734  0.39771545  0.8275013   0.97295535]
623,0,4,4,4,3,[ 0.2519828   0.2754131   0.5435221  -0.13686556 -0.80459195  0.8366504 ]
624,0,4,4,4,4,[ 0.8822506   1.0948901  -0.19179839  0.32411295  0.75388116  1.9195077 ]
625,1,0,0,0,0,[ 0.12620369  0.22543654  0.13220727  0.47992754 -0.342991    0.09752384]
626,1,0,0,0,1,[-0.7244585  -0.30464947 -0.15053147 -0.213286   -0.00627368 -0.4173434 ]
627,1,0,0,0,2,[-0.58593935  0.34060508  0.07105513  0.39855036  0.34947973  0.13942875]
628,1,0,0,0,3,[ 0.03892663  0.23356804  0.47435904  0.38907662 -0.7668785   0.04642978]
629,1,0,0,0,4,[0.21472731 0.9526664  0.17338102 0.36871517 0.43814963 1.0428168 ]
630,1,0,0,1,0,[-1.2081234  -1.3385578   0.02262955  0.1920483  -1.8625184  -1.4910544 ]
631,1,0,0,1,1,[-1.5169746  -0.05615957 -0.38559428 -0.3173275   0.5004836   0.2614147 ]
632,1,0,0,1,2,[-2.6289077  -1.3217614  -0.20160227  0.33902735  0.20860337 -1.6388817 ]
633,1,0,0,1,3,[-1.0534286  -0.4168084   1.0138376  -0.1007214  -2.694883   -0.52038985]
634,1,0,0,1,4,[-0.491117    0.7297554   0.14873551  0.312647    0.27140096  1.0239613 ]
635,1,0,0,2,0,[-0.5551892  -0.5996898   0.04140714  0.20483142 -1.0343833  -0.766516  ]
636,1,0,0,2,1,[-0.9650274  -0.18072718 -0.2290223  -0.23635858  0.1670813  -0.12651463]
637,1,0,0,2,2,[-1.3800203  -0.446704   -0.07132556  0.2862846   0.20409147 -0.7030386 ]
638,1,0,0,2,3,[-0.60337263 -0.27555692  0.60789454 -0.00222443 -1.637647   -0.45603043]
639,1,0,0,2,4,[-0.1448241   0.67317146  0.12502101  0.25751346  0.27446225  0.81114054]
640,1,0,0,3,0,[-0.26011065 -0.22366725  0.10769702  0.41680866 -0.8772896  -0.43598276]
641,1,0,0,3,1,[-1.0728517  -0.34079662 -0.24269351 -0.3104268   0.05050713 -0.41959694]
642,1,0,0,3,2,[-1.1940411  -0.0018332   0.0062232   0.42872876  0.3424268  -0.31112584]
643,1,0,0,3,3,[-0.39245176 -0.08726647  0.66770875  0.21215028 -1.55515    -0.35633737]
644,1,0,0,3,4,[0.06407127 1.0528331  0.19023392 0.38997567 0.45092037 1.1794695 ]
645,1,0,0,4,0,[-0.7224266  -0.6390078   0.14794031  0.31070367 -1.608483   -1.0553088 ]
646,1,0,0,4,1,[-1.605351   -0.5549511  -0.24265021 -0.43930936 -0.20680653 -0.7193921 ]
647,1,0,0,4,2,[-1.6265316   0.21338196  0.08125176  0.58161163  0.3123613  -0.2624548 ]
648,1,0,0,4,3,[-1.3033786  -1.0200506   0.86161673 -0.20461023 -2.8616772  -1.5828544 ]
649,1,0,0,4,4,[-0.00372923  1.4615132   0.3016425   0.47117925  0.49032545  1.5914078 ]
650,1,0,1,0,0,[ 0.4142608   0.39504024  0.14706199  0.5428923  -0.23861599  0.3712629 ]
651,1,0,1,0,1,[-0.45904595 -0.26824126 -0.3593982  -0.23258059  0.10152256 -0.39939907]
652,1,0,1,0,2,[-0.35417822  0.47335738 -0.02694864  0.45961234  0.4783496   0.33111662]
653,1,0,1,0,3,[ 0.3277298   0.65763855  0.6288811   0.43879977 -0.5001626   0.6017868 ]
654,1,0,1,0,4,[0.46517378 1.132788   0.1760018  0.42017168 0.56734955 1.3282312 ]
655,1,0,1,1,0,[-0.64405036 -1.2291826  -0.0236956   0.24903408 -1.6847816  -1.0931749 ]
656,1,0,1,1,1,[-0.82274365 -0.02474293 -0.95199025 -0.3178587   0.8068439   0.29896793]
657,1,0,1,1,2,[-2.1852098  -1.3593609  -0.53895164  0.40814602  0.4729219  -1.503787  ]
658,1,0,1,1,3,[-0.40174413  0.40508324  1.3470918  -0.05226045 -2.125781    0.71242464]
659,1,0,1,1,4,[0.02011378 0.91031075 0.07969919 0.37427127 0.529472   1.4734668 ]
660,1,0,1,2,0,[-0.19640352 -0.5003461   0.02842987  0.25121513 -0.92365247 -0.50045127]
661,1,0,1,2,1,[-0.5493234  -0.15671822 -0.5551458  -0.2407892   0.3434099  -0.10552689]
662,1,0,1,2,2,[-1.0905991  -0.41738498 -0.25751474  0.34149486  0.36823928 -0.57815415]
663,1,0,1,2,3,[-0.20925085  0.23229277  0.81924254  0.03331294 -1.2944032   0.28664634]
664,1,0,1,2,4,[0.18035595 0.8166548  0.09737932 0.3047923  0.4365704  1.1139767 ]
665,1,0,1,3,0,[ 0.14755145 -0.05209072  0.11020295  0.4826716  -0.7460941  -0.09970055]
666,1,0,1,3,1,[-0.6462079  -0.3034963  -0.57731545 -0.33250332  0.22226292 -0.40310165]
667,1,0,1,3,2,[-0.86206967  0.10896236 -0.16986665  0.49996272  0.5236357  -0.10911613]
668,1,0,1,3,3,[ 0.0327771   0.49291253  0.8972752   0.26127353 -1.1783909   0.44751242]
669,1,0,1,3,4,[0.42802203 1.2608327  0.17606054 0.45036343 0.63197625 1.5497686 ]
670,1,0,1,4,0,[-0.16978616 -0.40825427  0.18425462  0.4175426  -1.4397329  -0.57455516]
671,1,0,1,4,1,[-0.9967382  -0.46107388 -0.6433035  -0.40883115  0.05730361 -0.5986901 ]
672,1,0,1,4,2,[-1.1492683   0.4198813  -0.12354939  0.72064584  0.5771374   0.0929677 ]
673,1,0,1,4,3,[-0.7452503  -0.27850005  1.2143264  -0.13235873 -2.3747008  -0.5008322 ]
674,1,0,1,4,4,[0.50680983 1.7726737  0.31145242 0.5808927  0.7486531  2.1480348 ]
675,1,0,2,0,0,[ 0.58890545  0.59763116  0.06633551  0.56504387 -0.20306721  0.5236396 ]
676,1,0,2,0,1,[-0.26638153 -0.01691373 -0.6157483  -0.23476063  0.16540058 -0.34807584]
677,1,0,2,0,2,[-0.16191417  0.70861924 -0.19150826  0.4862696   0.5101418   0.48216996]
678,1,0,2,0,3,[ 0.52053505  1.0541523   0.6550723   0.46156588 -0.2930015   0.9981561 ]
679,1,0,2,0,4,[0.6107159  1.2933538  0.09559274 0.43879184 0.5880401  1.4463996 ]
680,1,0,2,1,0,[-0.24064074 -0.8588623  -0.26445132  0.27402768 -1.5662212  -0.81470054]
681,1,0,2,1,1,[-0.31024268  0.5009353  -1.6006006  -0.30327812  0.99679965  0.38030565]
682,1,0,2,1,2,[-1.7366353  -0.9474081  -0.99085814  0.44179174  0.58528376 -1.2665087 ]
683,1,0,2,1,3,[ 0.07499119  1.2718921   1.3828344  -0.01500863 -1.6281706   1.6258147 ]
684,1,0,2,1,4,[ 0.35845566  1.1925809  -0.15573095  0.3982186   0.6119564   1.6716802 ]
685,1,0,2,2,0,[ 0.0497886  -0.26749378 -0.10513657  0.27141082 -0.86389816 -0.32520613]
686,1,0,2,2,1,[-0.24369001  0.17048621 -0.9337487  -0.23186444  0.45195603 -0.04661965]
687,1,0,2,2,2,[-0.8166927  -0.15213841 -0.5161878   0.3685015   0.4261655  -0.42028588]
688,1,0,2,2,3,[ 0.07691449  0.7611233   0.8492081   0.05939204 -0.99964184  0.8388469 ]
689,1,0,2,2,4,[ 0.38733298  0.99738604 -0.03401649  0.32368982  0.47702003  1.2435845 ]
690,1,0,2,3,0,[ 0.41257378  0.22154692 -0.02163156  0.5090053  -0.68959326  0.1055356 ]
691,1,0,2,3,1,[-0.33292672  0.06013961 -0.9723173  -0.3299951   0.32815543 -0.33346832]
692,1,0,2,3,2,[-0.5677771   0.42535475 -0.43194246  0.5338437   0.57728606  0.08643993]
693,1,0,2,3,3,[ 0.33293     1.0721326   0.9340646   0.29138628 -0.8662478   1.0399735 ]
694,1,0,2,3,4,[0.6503809  1.4762427  0.04560388 0.47388595 0.6679424  1.7061553 ]
695,1,0,2,4,0,[ 0.19902582 -0.02365139  0.02478198  0.47002462 -1.3664087  -0.27214974]
696,1,0,2,4,1,[-0.55159885  0.07333103 -1.1509247  -0.3728789   0.22184809 -0.44168353]
697,1,0,2,4,2,[-0.7352333   0.8803476  -0.45868868  0.7904743   0.6560731   0.3991498 ]
698,1,0,2,4,3,[-0.32739282  0.5165971   1.286576   -0.07422947 -1.94861     0.3278959 ]
699,1,0,2,4,4,[0.81944174 2.083817   0.15114011 0.62953854 0.7990989  2.388744  ]
700,1,0,3,0,0,[ 0.5297043   0.53950846  0.1733926   0.5776687  -0.1853745   0.54857093]
701,1,0,3,0,1,[-0.37397167 -0.13117795 -0.4104632  -0.24222058  0.19482593 -0.27598333]
702,1,0,3,0,2,[-0.26516524  0.6316246  -0.04205929  0.49325204  0.5596788   0.5080726 ]
703,1,0,3,0,3,[ 0.45195124  0.92425346  0.7215492   0.46946603 -0.365593    0.9166213 ]
704,1,0,3,0,4,[0.565725   1.2788401  0.19518872 0.44801447 0.63729155 1.512132  ]
705,1,0,3,1,0,[-0.43919972 -1.0338864   0.00430395  0.27939224 -1.5831025  -0.7908787 ]
706,1,0,3,1,1,[-0.57752216  0.28986228 -1.0825806  -0.3157801   1.0784287   0.63673824]
707,1,0,3,1,2,[-2.0317678  -1.1625346  -0.61887634  0.44956702  0.66231364 -1.234845  ]
708,1,0,3,1,3,[-0.13833736  0.94917816  1.55369    -0.0277354  -1.8392969   1.422552  ]
709,1,0,3,1,4,[0.2123367  1.1318651  0.09370392 0.40781024 0.6824364  1.8030232 ]
710,1,0,3,2,0,[-0.06222342 -0.3669601   0.05226455  0.27629957 -0.86439747 -0.3073825 ]
711,1,0,3,2,1,[-0.40408325  0.03261859 -0.6297279  -0.2415596   0.49737504  0.08961392]
712,1,0,3,2,2,[-0.98524    -0.2728412  -0.29671404  0.3738101   0.48067647 -0.39441606]
713,1,0,3,2,3,[-0.04910718  0.56429666  0.9476097   0.0525937  -1.1242647   0.71018285]
714,1,0,3,2,4,[0.30585164 0.9672211  0.11258321 0.33056146 0.5288184  1.3274479 ]
715,1,0,3,3,0,[ 0.30540368  0.12309521  0.14246859  0.51928693 -0.6780596   0.13131192]
716,1,0,3,3,1,[-0.50174624 -0.10006247 -0.6558653  -0.34179932  0.37336284 -0.20790853]
717,1,0,3,3,2,[-0.7370768   0.3031403  -0.20251822  0.5410163   0.6432331   0.11928727]
718,1,0,3,3,3,[ 0.2096152   0.86530584  1.0358857   0.2908691  -0.99074966  0.90466636]
719,1,0,3,3,4,[0.57160544 1.4491287  0.19856112 0.4836109  0.7323977  1.7998068 ]
720,1,0,3,4,0,[ 0.04151674 -0.17318715  0.24280648  0.47138527 -1.3616858  -0.25706282]
721,1,0,3,4,1,[-0.78725994 -0.16161136 -0.7271855  -0.39669442  0.2675749  -0.29451984]
722,1,0,3,4,2,[-0.96335566  0.71422124 -0.14895177  0.79593426  0.74173164  0.44379953]
723,1,0,3,4,3,[-0.5241362   0.1984111   1.4168669  -0.09768556 -2.1444182   0.09743106]
724,1,0,3,4,4,[0.71003634 2.0433943  0.35625917 0.63746744 0.8848374  2.5112026 ]
725,1,0,4,0,0,[ 0.5583632   0.6086203   0.06777646  0.607675   -0.26846704  0.49346796]
726,1,0,4,0,1,[-0.3796207  -0.01715641 -0.61258596 -0.2519881   0.14881219 -0.37219158]
727,1,0,4,0,2,[-0.25462925  0.751299   -0.17963766  0.52128845  0.519512    0.4845966 ]
728,1,0,4,0,3,[ 0.4794903   1.0268116   0.6725247   0.49672154 -0.4243977   0.9189097 ]
729,1,0,4,0,4,[0.59566635 1.3792816  0.1053518  0.47112972 0.6045246  1.5168437 ]
730,1,0,4,1,0,[-0.4568811  -0.98737    -0.28105533  0.28482527 -1.8164809  -1.0306654 ]
731,1,0,4,1,1,[-0.56814885  0.57697046 -1.5881139  -0.334752    1.0067436   0.45336482]
732,1,0,4,1,2,[-2.0727367 -1.0201541 -0.9887449  0.4682158  0.553191  -1.4224917]
733,1,0,4,1,3,[-0.14195395  1.1323543   1.4168605  -0.03418612 -2.0200973   1.3842199 ]
734,1,0,4,1,4,[ 0.22835934  1.2708931  -0.1505886   0.4217019   0.58186024  1.7192602 ]
735,1,0,4,2,0,[-0.06560305 -0.32937273 -0.11421771  0.28585467 -1.008178   -0.4469635 ]
736,1,0,4,2,1,[-0.4045487   0.19954488 -0.9274566  -0.2545396   0.44378078 -0.03266469]
737,1,0,4,2,2,[-1.0015374  -0.16773567 -0.511634    0.3915024   0.41243702 -0.49179912]
738,1,0,4,2,3,[-0.05111439  0.6712526   0.86780304  0.05338649 -1.2390797   0.676539  ]
739,1,0,4,2,4,[ 0.32188538  1.0632073  -0.02898874  0.34389275  0.4678372   1.2868967 ]
740,1,0,4,3,0,[ 0.3214152   0.19000755 -0.02669257  0.54385376 -0.82247174  0.0083697 ]
741,1,0,4,3,1,[-0.5064287   0.07420357 -0.9668524  -0.35689348  0.30797657 -0.34722131]
742,1,0,4,3,2,[-0.73876274  0.44749382 -0.4211553   0.57044655  0.5740032   0.04670399]
743,1,0,4,3,3,[ 0.2229993   0.99240005  0.9554885   0.30705428 -1.1034013   0.8789621 ]
744,1,0,4,3,4,[0.60138184 1.5738921  0.0550488  0.5067853  0.6728103  1.7787626 ]
745,1,0,4,4,0,[ 0.03421228 -0.10538616  0.01320835  0.48630244 -1.5938933  -0.461268  ]
746,1,0,4,4,1,[-0.80800647  0.07382428 -1.1415002  -0.42109913  0.15786807 -0.4931573 ]
747,1,0,4,4,2,[-0.9727396   0.922477   -0.44074705  0.8333109   0.62936187  0.34742415]
748,1,0,4,4,3,[-0.55872935  0.3152783   1.3041272  -0.10827944 -2.3509898  -0.01171509]
749,1,0,4,4,4,[0.7397931  2.2131968  0.16448905 0.66319394 0.7879813  2.4755516 ]
750,1,1,0,0,0,[ 0.08658375  0.05700859 -0.07809468  0.12482994 -0.16137719  0.0427408 ]
751,1,1,0,0,1,[-0.1770918  -0.18116046 -0.36269617 -0.19166082 -0.05556666 -0.2354221 ]
752,1,1,0,0,2,[-0.20302588  0.1238609  -0.15895662  0.09622896  0.18352303  0.10895616]
753,1,1,0,0,3,[-0.02074224  0.02685274  0.08753837  0.05722961 -0.41054153 -0.08448456]
754,1,1,0,0,4,[ 0.1419685   0.39589116 -0.0371776   0.10167296  0.20945135  0.4981884 ]
755,1,1,0,1,0,[-0.23700166 -0.4786798  -0.25660175  0.02524055 -0.6714416  -0.29617503]
756,1,1,0,1,1,[-0.12232599  0.09081838 -0.86257756 -0.20629701  0.27216256  0.35704526]
757,1,1,0,1,2,[-0.8227289  -0.42120993 -0.48871788  0.08687933  0.316979   -0.23801775]
758,1,1,0,1,3,[-0.26265022 -0.1578145   0.25746438 -0.11906029 -1.122928   -0.04975694]
759,1,1,0,1,4,[ 0.05368974  0.4292742  -0.16990551  0.09582338  0.27668363  0.8094946 ]
760,1,1,0,2,0,[-0.09482733 -0.23281907 -0.14578487  0.03788259 -0.38780838 -0.17551772]
761,1,1,0,2,1,[-0.1229014  -0.05008041 -0.51156485 -0.16341631  0.08236589  0.03417544]
762,1,1,0,2,2,[-0.43577093 -0.13972071 -0.2785184   0.07380166  0.20445637 -0.08300937]
763,1,1,0,2,3,[-0.17815952 -0.13847882  0.14759049 -0.06845694 -0.71257955 -0.15101443]
764,1,1,0,2,4,[ 0.07793679  0.3328747  -0.08841623  0.07655098  0.20069969  0.5306808 ]
765,1,1,0,3,0,[-0.00346884 -0.11258902 -0.1413872   0.09252508 -0.35383597 -0.10163084]
766,1,1,0,3,1,[-0.19710024 -0.17083414 -0.54978114 -0.24238099 -0.01075836 -0.1760267 ]
767,1,1,0,3,2,[-0.38645327  0.00943431 -0.27279693  0.10191567  0.23691756  0.02004153]
768,1,1,0,3,3,[-0.14392889 -0.10228471  0.14210518 -0.0247103  -0.7287467  -0.2008695 ]
769,1,1,0,3,4,[ 0.14491263  0.4653815  -0.07776195  0.10729261  0.25618988  0.6431103 ]
770,1,1,0,4,0,[-0.13818768 -0.2879588  -0.15800324  0.06367671 -0.6123388  -0.27666917]
771,1,1,0,4,1,[-0.31207898 -0.26058528 -0.6579561  -0.26958826 -0.07306611 -0.21734673]
772,1,1,0,4,2,[-0.52313054  0.10791591 -0.31658253  0.18079188  0.29901585  0.1356427 ]
773,1,1,0,4,3,[-0.4707825  -0.5073698   0.22321923 -0.1833351  -1.254016   -0.6533011 ]
774,1,1,0,4,4,[ 0.17050941  0.6504434  -0.0629597   0.15642288  0.33216363  0.91181916]
775,1,1,1,0,0,[ 0.25428912  0.09122942 -0.07175887  0.12964416 -0.08727941  0.21425308]
776,1,1,1,0,1,[ 0.03956237 -0.25315875 -0.4910729  -0.22279489 -0.00502864 -0.21012355]
777,1,1,1,0,2,[-0.05701766  0.12497979 -0.21696606  0.10450477  0.27647135  0.24252962]
778,1,1,1,0,3,[ 0.11199233  0.17373767  0.14848784  0.03964209 -0.28643757  0.17143062]
779,1,1,1,0,4,[ 0.2951117   0.44214964 -0.03426863  0.10993484  0.29648924  0.6776693 ]
780,1,1,1,1,0,[ 0.18756497 -0.4890684  -0.2552085   0.04379444 -0.4868582   0.07779115]
781,1,1,1,1,1,[ 0.48080942 -0.06333786 -1.2096887  -0.20931587  0.44041514  0.4520412 ]
782,1,1,1,1,2,[-0.45508087 -0.53464764 -0.6545034   0.10851207  0.54673195  0.01061882]
783,1,1,1,1,3,[ 0.16072193  0.1516625   0.4343518  -0.11275802 -0.77897304  0.64613026]
784,1,1,1,1,4,[ 0.43398112  0.4589313  -0.18479681  0.12022601  0.48384798  1.1849446 ]
785,1,1,1,2,0,[ 0.15990615 -0.22904    -0.13990922  0.04943229 -0.27592188  0.05360682]
786,1,1,1,2,1,[ 0.23267806 -0.14605166 -0.7093189  -0.17219524  0.18190403  0.09052498]
787,1,1,1,2,2,[-0.21475677 -0.1906858  -0.37467986  0.08920193  0.34498292  0.07409544]
788,1,1,1,2,3,[ 0.06446534  0.04872389  0.25663614 -0.07057592 -0.5106174   0.2581167 ]
789,1,1,1,2,4,[ 0.30792275  0.36234254 -0.09211154  0.09260398  0.3289809   0.7656062 ]
790,1,1,1,3,0,[ 0.26166528 -0.08857924 -0.13380222  0.09992098 -0.23922741  0.14600313]
791,1,1,1,3,1,[ 0.16073269 -0.27804604 -0.7542196  -0.2737535   0.07970713 -0.13155124]
792,1,1,1,3,2,[-0.154887   -0.01923471 -0.3698272   0.11431264  0.38159552  0.19978578]
793,1,1,1,3,3,[ 0.08916769  0.1044917   0.24831347 -0.04104906 -0.5275131   0.209553  ]
794,1,1,1,3,4,[ 0.38597193  0.5141274  -0.07817066  0.12053514  0.39025342  0.9013321 ]
795,1,1,1,4,0,[ 0.2353254  -0.24808288 -0.11646036  0.1059069  -0.43184844  0.10971226]
796,1,1,1,4,1,[ 0.19967331 -0.3763195  -0.8857838  -0.25002715  0.10139924 -0.05566145]
797,1,1,1,4,2,[-0.19454898  0.09940426 -0.42409787  0.2380663   0.5303927   0.4426536 ]
798,1,1,1,4,3,[-0.13166994 -0.23464726  0.41360348 -0.17068279 -0.95619154 -0.04139625]
799,1,1,1,4,4,[ 0.51237977  0.7349489  -0.03933549  0.20505033  0.5420573   1.3143383 ]
800,1,1,2,0,0,[ 0.33520633  0.15535156 -0.19219276  0.12634255 -0.09420836  0.19473678]
801,1,1,2,0,1,[ 0.13569565 -0.19813164 -0.7633724  -0.24201089 -0.04407314 -0.3719162 ]
802,1,1,2,0,2,[ 0.02758935  0.1939571  -0.4057129   0.10234112  0.25855923  0.19192803]
803,1,1,2,0,3,[ 0.19554837  0.3260289   0.09891821  0.03312163 -0.21578123  0.27477875]
804,1,1,2,0,4,[ 0.36381078  0.491769   -0.14549936  0.10832824  0.28709257  0.65532464]
805,1,1,2,1,0,[ 0.40719727 -0.36747888 -0.55962485  0.0443469  -0.47958654  0.02126158]
806,1,1,2,1,1,[ 0.76596844  0.06095446 -1.8857552  -0.21980494  0.37194964  0.0673103 ]
807,1,1,2,1,2,[-0.22510596 -0.4139368  -1.1274756   0.10936249  0.52607787 -0.13505341]
808,1,1,2,1,3,[ 0.4111401   0.49881995  0.31592408 -0.1074236  -0.5866435   0.9203734 ]
809,1,1,2,1,4,[ 0.61769253  0.547757   -0.46812826  0.12246204  0.4798153   1.1132265 ]
810,1,1,2,2,0,[ 0.28940225 -0.15349883 -0.31716508  0.04957385 -0.27562585  0.02150886]
811,1,1,2,2,1,[ 0.39872983 -0.06955587 -1.1066521  -0.18177198  0.13972066 -0.13552527]
812,1,1,2,2,2,[-0.0795719  -0.11302319 -0.65295213  0.09028064  0.3296384  -0.0095643 ]
813,1,1,2,2,3,[ 0.20974103  0.25869632  0.18952163 -0.06914162 -0.39792708  0.42147234]
814,1,1,2,2,4,[ 0.4167701   0.41896504 -0.25709045  0.09412073  0.32389802  0.72627956]
815,1,1,2,3,0,[ 0.39407608 -0.00129365 -0.3186448   0.09739088 -0.24439013  0.11372737]
816,1,1,2,3,1,[ 0.32557818 -0.19609183 -1.1711481  -0.29344812  0.028285   -0.37387174]
817,1,1,2,3,2,[-0.01623783  0.07307223 -0.66047305  0.11329745  0.36007807  0.11636582]
818,1,1,2,3,3,[ 0.23237278  0.3307079   0.17638262 -0.04508141 -0.4135696   0.37574878]
819,1,1,2,3,4,[ 0.49788797  0.5808808  -0.24970147  0.12013173  0.38055038  0.8632817 ]
820,1,1,2,4,0,[ 0.418237   -0.11963411 -0.35465738  0.11507981 -0.43067417  0.08764149]
821,1,1,2,4,1,[ 0.42795846 -0.24115305 -1.4321736  -0.25524125  0.05275425 -0.34068027]
822,1,1,2,4,2,[-0.00604126  0.24196132 -0.8084075   0.2506788   0.5126637   0.3540243 ]
823,1,1,2,4,3,[ 0.07309771  0.0812976   0.3338551  -0.16013236 -0.7892671   0.2123505 ]
824,1,1,2,4,4,[ 0.6668349   0.8370182  -0.2622153   0.21547922  0.5372223   1.2831454 ]
825,1,1,3,0,0,[ 0.30402526  0.1494444  -0.06567245  0.1336497  -0.05435643  0.30249676]
826,1,1,3,0,1,[ 0.08482384 -0.20999904 -0.53140336 -0.24031176  0.03580077 -0.15833804]
827,1,1,3,0,2,[-0.02067516  0.18684372 -0.23555243  0.10868003  0.32466653  0.330652  ]
828,1,1,3,0,3,[ 0.15657376  0.28286165  0.18331346  0.03689849 -0.22670719  0.3065162 ]
829,1,1,3,0,4,[ 0.3410342   0.5029806  -0.0300362   0.11432422  0.33821452  0.7716459 ]
830,1,1,3,1,0,[ 0.30802163 -0.39358386 -0.24431224  0.05265289 -0.40090564  0.27537698]
831,1,1,3,1,1,[ 0.6385939   0.06326696 -1.3040737  -0.21393579  0.57914317  0.6338147 ]
832,1,1,3,1,2,[-0.3643494  -0.44195363 -0.70776284  0.12179532  0.6755366   0.1930461 ]
833,1,1,3,1,3,[ 0.29989952  0.39470792  0.5312379  -0.10990132 -0.62055445  1.0070242 ]
834,1,1,3,1,4,[ 0.5456587   0.56586134 -0.18136105  0.1323364   0.5889379   1.3892114 ]
835,1,1,3,2,0,[ 0.23381285 -0.16750908 -0.13079277  0.05544089 -0.22596736  0.17359819]
836,1,1,3,2,1,[ 0.3235051  -0.07394307 -0.7635659  -0.17861162  0.26014236  0.19302696]
837,1,1,3,2,2,[-0.15782025 -0.12680008 -0.40356514  0.09837655  0.4211236   0.1890202 ]
838,1,1,3,2,3,[ 0.14395328  0.19399576  0.31541833 -0.07028732 -0.41892865  0.46803993]
839,1,1,3,2,4,[ 0.37709033  0.43195152 -0.08724798  0.10073081  0.39204934  0.89262515]
840,1,1,3,3,0,[ 0.33970988 -0.01383117 -0.12398532  0.10520615 -0.18847434  0.2751517 ]
841,1,1,3,3,1,[ 0.24598664 -0.20751111 -0.81343734 -0.2910446   0.152226   -0.03817115]
842,1,1,3,3,2,[-0.09511236  0.06053382 -0.39915577  0.12189534  0.45851645  0.3268123 ]
843,1,1,3,3,3,[ 0.16611314  0.26203957  0.3069214  -0.04400571 -0.4343108   0.422495  ]
844,1,1,3,3,4,[ 0.45891097  0.59627783 -0.07211203  0.12774059  0.45532414  1.0395383 ]
845,1,1,3,4,0,[ 0.34547037 -0.14375402 -0.09015054  0.12349085 -0.35904044  0.30182567]
846,1,1,3,4,1,[ 0.3254473  -0.26502886 -0.9475188  -0.2510147   0.21413094  0.10791878]
847,1,1,3,4,2,[-0.10393862  0.22466125 -0.4505051   0.26499414  0.64539796  0.6456747 ]
848,1,1,3,4,3,[-0.02507938 -0.02820658  0.5084699  -0.16636916 -0.82853204  0.25732753]
849,1,1,3,4,4,[ 0.618293    0.85609573 -0.02006039  0.22639419  0.63826156  1.5237064 ]
850,1,1,4,0,0,[ 0.3179206   0.16086996 -0.21594706  0.13912888 -0.13333344  0.16154191]
851,1,1,4,0,1,[ 0.08405265 -0.19099951 -0.8043624  -0.2571709  -0.06494803 -0.41023058]
852,1,1,4,0,2,[-0.01511222  0.21782403 -0.43149143  0.11164973  0.25408053  0.17502582]
853,1,1,4,0,3,[ 0.17203638  0.3107543   0.0878028   0.04257681 -0.2861269   0.21803887]
854,1,1,4,0,4,[ 0.35490277  0.53140986 -0.16236834  0.11800129  0.28723592  0.67167723]
855,1,1,4,1,0,[ 0.31405795 -0.4060659  -0.6249019   0.04326373 -0.603274   -0.09723127]
856,1,1,4,1,1,[ 0.6614806   0.12889631 -1.9820764  -0.24122806  0.35720375  0.06323414]
857,1,1,4,1,2,[-0.36596423 -0.41663125 -1.2006265   0.11497828  0.5023355  -0.22091891]
858,1,1,4,1,3,[ 0.31364232  0.44483358  0.28702584 -0.12176942 -0.7771178   0.785514  ]
859,1,1,4,1,4,[ 0.56356627  0.59932095 -0.5164958   0.12828398  0.45775375  1.1179278 ]
860,1,1,4,2,0,[ 0.2382934  -0.17291428 -0.355573    0.05135502 -0.34923664 -0.0503125 ]
861,1,1,4,2,1,[ 0.33145863 -0.03936972 -1.1642253  -0.19769818  0.12230752 -0.15630442]
862,1,1,4,2,2,[-0.15834382 -0.10556156 -0.6948494   0.09566586  0.31586996 -0.05580963]
863,1,1,4,2,3,[ 0.15072279  0.22089884  0.17147125 -0.07637182 -0.5162758   0.32869035]
864,1,1,4,2,4,[ 0.3886221   0.45577314 -0.284871    0.09947429  0.31309474  0.73232716]
865,1,1,4,3,0,[ 0.351141   -0.01042897 -0.3575695   0.10590055 -0.31595588  0.04636731]
866,1,1,4,3,1,[ 0.24997582 -0.17521717 -1.2328382  -0.31411508  0.00184904 -0.4150853 ]
867,1,1,4,3,2,[-0.09134685  0.09427818 -0.7024772   0.12233211  0.34809276  0.07753184]
868,1,1,4,3,3,[ 0.1787733   0.29424694  0.15768795 -0.04499687 -0.5341642   0.27719632]
869,1,1,4,3,4,[ 0.47511786  0.6294209  -0.2774635   0.12934557  0.3737777   0.87732   ]
870,1,1,4,4,0,[ 0.34309858 -0.14921252 -0.40796423  0.11462667 -0.5474107  -0.0275907 ]
871,1,1,4,4,1,[ 0.31699842 -0.22156864 -1.512522   -0.28658393  0.00188232 -0.4096495 ]
872,1,1,4,4,2,[-0.10984957  0.2750276  -0.8620935   0.2612976   0.48745117  0.30303535]
873,1,1,4,4,3,[-0.03381487 -0.0081979   0.30471018 -0.18233268 -0.9869339   0.02729904]
874,1,1,4,4,4,[ 0.6307475   0.9010287  -0.29829618  0.22427087  0.5209354   1.2978169 ]
875,1,2,0,0,0,[0.38485408 0.59844786 0.22775093 0.6960458  0.10292859 0.5659024 ]
876,1,2,0,0,1,[-0.4635427  -0.15973412  0.07286914  0.0572505   0.18658036 -0.26361406]
877,1,2,0,0,2,[-0.27084082  0.59276724  0.18511042  0.59195817  0.5628186   0.43686223]
878,1,2,0,0,3,[ 0.34724647  0.6505292   0.5333988   0.6416929  -0.21382685  0.6167912 ]
879,1,2,0,0,4,[0.3736177  1.0892609  0.22656053 0.51653624 0.6334406  1.1807594 ]
880,1,2,0,1,0,[-0.9339342  -1.1293633   0.09239592  0.44528612 -1.439118   -1.4573637 ]
881,1,2,0,1,1,[-1.4000856  -0.59886944 -0.05884816 -0.03902426  0.22148179 -0.7644827 ]
882,1,2,0,1,2,[-2.187237   -1.302547   -0.07752801  0.5537443   0.11918659 -1.9052166 ]
883,1,2,0,1,3,[-0.7755583  -0.22268705  0.96251875  0.18935908 -2.076016   -0.4033452 ]
884,1,2,0,1,4,[-0.3637828   0.5785685   0.16511494  0.47433695  0.27956828  0.58084804]
885,1,2,0,2,0,[-0.33974603 -0.34182402  0.10918697  0.39787212 -0.6567227  -0.53375554]
886,1,2,0,2,1,"[-8.2321787e-01 -3.4675965e-01 -7.6885731e-04 -1.5898179e-02
  1.3248394e-01 -4.8605189e-01]"
887,1,2,0,2,2,[-1.073648   -0.32464293  0.02730614  0.4512399   0.2612939  -0.673155  ]
888,1,2,0,2,3,[-0.36393318 -0.00824211  0.60721636  0.22121046 -1.1305238  -0.14961079]
889,1,2,0,2,4,[-0.03387183  0.67264724  0.15203576  0.38289094  0.36416999  0.69333005]
890,1,2,0,3,0,[ 0.0437427   0.19801876  0.21618842  0.68308765 -0.33618295  0.04783658]
891,1,2,0,3,1,[-0.81029665 -0.32123247  0.04841501  0.01144007  0.17824234 -0.4921074 ]
892,1,2,0,3,2,[-0.8007297   0.25433308  0.1455672   0.66260475  0.5352446  -0.06588661]
893,1,2,0,3,3,[-0.03827326  0.37145212  0.71092975  0.5212773  -0.8643591   0.24116267]
894,1,2,0,3,4,[0.23737936 1.1563262  0.24487095 0.5683293  0.64718986 1.2239316 ]
895,1,2,0,4,0,[-0.32392144 -0.0084528   0.2869423   0.64955187 -0.8139221  -0.31138253]
896,1,2,0,4,1,"[-1.2735710e+00 -4.9086627e-01  1.3167873e-01 -5.2054562e-02
  1.2398652e-03 -7.6159400e-01]"
897,1,2,0,4,2,[-1.1196748   0.58474326  0.2602359   0.8644618   0.61370856  0.12114687]
898,1,2,0,4,3,[-0.831824   -0.3259475   0.9073296   0.19250442 -1.8601329  -0.6781702 ]
899,1,2,0,4,4,[0.21425033 1.6296276  0.36611718 0.68890136 0.7889751  1.6967427 ]
900,1,2,1,0,0,[0.6408064  0.8034624  0.28307888 0.7928643  0.22176814 0.8906517 ]
901,1,2,1,0,1,[-0.22213991 -0.0308808   0.00036952  0.09073492  0.34663808 -0.07082017]
902,1,2,1,0,2,[-0.05838402  0.77166677  0.17379849  0.6869986   0.7063843   0.7130881 ]
903,1,2,1,0,3,[0.6155252  1.0814242  0.6913593  0.73102826 0.04632729 1.1848289 ]
904,1,2,1,0,4,[0.5900191  1.284644   0.26626217 0.5920321  0.760248   1.487964  ]
905,1,2,1,1,0,[-0.51336145 -1.0154202   0.12406681  0.53172344 -1.3000832  -1.0765551 ]
906,1,2,1,1,1,[-0.861847   -0.4619581  -0.32396957  0.00869905  0.5589806  -0.4948905 ]
907,1,2,1,1,2,[-1.8551407  -1.3024193  -0.22498856  0.6538762   0.3512931  -1.6986754 ]
908,1,2,1,1,3,[-0.26465896  0.5194562   1.2758876   0.26858065 -1.6132922   0.6897852 ]
909,1,2,1,1,4,[0.01631256 0.7397765  0.17244361 0.5552011  0.4821723  0.98480403]
910,1,2,1,2,0,[-0.06043676 -0.22630352  0.14452751  0.46893623 -0.55903643 -0.25570387]
911,1,2,1,2,1,[-0.49028704 -0.24089755 -0.14339231  0.01942001  0.34062833 -0.29642504]
912,1,2,1,2,2,[-0.8447791  -0.26094472 -0.04291162  0.531843    0.4149281  -0.48404735]
913,1,2,1,2,3,[-0.04404413  0.46729183  0.80861527  0.28376284 -0.83824563  0.53473955]
914,1,2,1,2,4,[0.21713094 0.8133588  0.17103077 0.44674993 0.49902606 0.9837918 ]
915,1,2,1,3,0,[ 0.38219762  0.4050605   0.27507722  0.78803    -0.20154397  0.42934638]
916,1,2,1,3,1,[-0.44903156 -0.17038739 -0.08453363  0.05152499  0.40621737 -0.25227737]
917,1,2,1,3,2,[-0.51824945  0.418462    0.09734593  0.7736883   0.72149014  0.23524854]
918,1,2,1,3,3,[ 0.3288352  0.9391065  0.937147   0.6145406 -0.5207657  1.0224078]
919,1,2,1,3,4,[0.53397274 1.3743665  0.28372562 0.65608263 0.8113928  1.6043528 ]
920,1,2,1,4,0,[ 0.1244482   0.26784617  0.39086777  0.79598844 -0.6492893   0.2192401 ]
921,1,2,1,4,1,[-0.7646487  -0.25030613 -0.0077704   0.04185279  0.32687986 -0.35985443]
922,1,2,1,4,2,[-0.7172083   0.8581915   0.22227046  1.0440067   0.87474084  0.59939665]
923,1,2,1,4,3,[-0.36895984  0.3951322   1.241943    0.3075552  -1.4286472   0.35494918]
924,1,2,1,4,4,[0.62569326 1.9502326  0.44113114 0.82470495 1.0155523  2.255876  ]
925,1,2,2,0,0,[0.79308486 0.9991039  0.23857778 0.8309804  0.2558921  1.059054  ]
926,1,2,2,0,1,[-0.04231214  0.24447612 -0.16060215  0.11666144  0.44025552  0.08253326]
927,1,2,2,0,2,[0.11085138 0.9935393  0.073062   0.73067874 0.7408855  0.8854569 ]
928,1,2,2,0,3,[0.79228157 1.4589998  0.72756326 0.77137065 0.23515905 1.5743401 ]
929,1,2,2,0,4,[0.7139198  1.4341697  0.21959846 0.62246305 0.77596796 1.61299   ]
930,1,2,2,1,0,[-0.20132123 -0.69461596 -0.03968942  0.56773007 -1.2135891  -0.81984013]
931,1,2,2,1,1,[-0.44197354  0.07059386 -0.76150304  0.04607289  0.7781399  -0.25818464]
932,1,2,2,1,2,[-1.5042235 -0.9555677 -0.5353069  0.6994101  0.4418738 -1.4732492]
933,1,2,2,1,3,[ 0.12770194  1.3008327   1.3225427   0.3170062  -1.1950703   1.5143701 ]
934,1,2,2,1,4,[0.2731478  0.9728073  0.0108436  0.5862949  0.53340703 1.1566057 ]
935,1,2,2,2,0,[ 0.13458087 -0.01877273  0.05717219  0.49914402 -0.5155822  -0.08608162]
936,1,2,2,2,1,[-0.23329481  0.0969498  -0.3944179   0.04781321  0.4713596  -0.13327177]
937,1,2,2,2,2,[-0.6251215  -0.03056598 -0.21633294  0.5695413   0.4623453  -0.32557657]
938,1,2,2,2,3,[ 0.19637369  0.9503221   0.84556925  0.32043657 -0.5869556   1.0428398 ]
939,1,2,2,2,4,[0.37790543 0.9672307  0.08372354 0.472489   0.52216274 1.1022445 ]
940,1,2,2,3,0,[ 0.60150975  0.65965986  0.19499148  0.8317537  -0.15535934  0.6431432 ]
941,1,2,2,3,1,[-0.17338906  0.21672028 -0.339545    0.08587777  0.54592043 -0.050372  ]
942,1,2,2,3,2,[-0.27191773  0.7058417  -0.07117603  0.82621145  0.771028    0.44685152]
943,1,2,2,3,3,[ 0.5908272   1.4790621   0.9847862   0.66337633 -0.24636556  1.5851784 ]
944,1,2,2,3,4,[0.714082   1.5668049  0.202087   0.69219595 0.83386827 1.759503  ]
945,1,2,2,4,0,[ 0.42583996  0.6215322   0.29600394  0.8646343  -0.59666985  0.5227476 ]
946,1,2,2,4,1,[-0.3762503   0.30703458 -0.33343813  0.10953622  0.52718717 -0.04079746]
947,1,2,2,4,2,[-0.37214035  1.2731946   0.0089795   1.1313865   0.94032407  0.9165089 ]
948,1,2,2,4,3,[-0.01088327  1.131579    1.322019    0.3822525  -1.0606859   1.1310602 ]
949,1,2,2,4,4,[0.8769165  2.2251518  0.34251568 0.8842789  1.0413516  2.485279  ]
950,1,2,3,0,0,[0.75005955 0.9514913  0.31344196 0.8461222  0.2769858  1.0689466 ]
951,1,2,3,0,1,[-0.13600478  0.12019383 -0.01683789  0.10968343  0.44703436  0.08267169]
952,1,2,3,0,2,[0.0286098  0.92740995 0.17689976 0.7390342  0.7821753  0.8876222 ]
953,1,2,3,0,3,[0.73879933 1.3441954  0.77438116 0.78276324 0.17761551 1.4924029 ]
954,1,2,3,0,4,[0.681452   1.4238453  0.2891567  0.6330583  0.82228154 1.6582249 ]
955,1,2,3,1,0,[-0.36082405 -0.8602208   0.14658853  0.57734144 -1.2385626  -0.8566554 ]
956,1,2,3,1,1,[-0.67356795 -0.18409355 -0.39836526  0.03458171  0.78809154 -0.20528013]
957,1,2,3,1,2,[-1.7449656  -1.1568606  -0.27725857  0.7096497   0.48391423 -1.5180913 ]
958,1,2,3,1,3,[-0.05204709  0.99694157  1.4408082   0.31012195 -1.3862613   1.2834628 ]
959,1,2,3,1,4,[0.15817083 0.91070235 0.18422861 0.5982317  0.58456296 1.2207559 ]
960,1,2,3,2,0,[ 0.04619523 -0.10890003  0.16648762  0.5070228  -0.5171532  -0.09868084]
961,1,2,3,2,1,[-0.37244803 -0.06262659 -0.181303    0.03886269  0.47784138 -0.1116157 ]
962,1,2,3,2,2,[-0.7616884  -0.14006448 -0.06396154  0.57655036  0.49942848 -0.34060565]
963,1,2,3,2,3,[ 0.09138934  0.76869875  0.9138294   0.31775656 -0.69584394  0.90388244]
964,1,2,3,2,4,[0.31504396 0.93888605 0.1857875  0.4810119  0.5652349  1.1502019 ]
965,1,2,3,3,0,[ 0.5193509   0.5743027   0.3092273   0.8455781  -0.14156145  0.6417137 ]
966,1,2,3,3,1,[-0.3201327   0.03751856 -0.11790995  0.07485844  0.55348635 -0.03987617]
967,1,2,3,3,2,[-0.40812945  0.59795815  0.08808658  0.83535707  0.8216763   0.44027945]
968,1,2,3,3,3,[ 0.49035123  1.2919645   1.0557686   0.6677395  -0.35082093  1.4444969 ]
969,1,2,3,3,4,[0.6548398  1.5439588  0.30867547 0.7038661  0.8916416  1.8188046 ]
970,1,2,3,4,0,[ 0.30202112  0.49365777  0.44745344  0.87145597 -0.5849941   0.5065268 ]
971,1,2,3,4,1,[-0.58272445  0.05102708 -0.03650454  0.08746171  0.5262015  -0.04243989]
972,1,2,3,4,2,[-0.5569274  1.1294454  0.2242186  1.1396767  1.0087458  0.9117797]
973,1,2,3,4,3,[-0.17572175  0.84451103  1.4118308   0.3665833  -1.225365    0.8997554 ]
974,1,2,3,4,4,[0.793468   2.1933084  0.48550314 0.8951801  1.1208981  2.5651217 ]
975,1,2,4,0,0,[0.7961078  1.0432233  0.2465527  0.8916439  0.24008112 1.0723466 ]
976,1,2,4,0,1,[-0.12393966  0.24031076 -0.1520058   0.11990748  0.43820858  0.0453033 ]
977,1,2,4,0,2,[0.05414788 1.0507499  0.08592814 0.7809203  0.7734162  0.90270036]
978,1,2,4,0,3,[0.78950006 1.4764627  0.75369877 0.8278106  0.16882885 1.5588557 ]
979,1,2,4,0,4,[0.7215207  1.5303341  0.23124932 0.6668817  0.8165836  1.6945374 ]
980,1,2,4,1,0,[-0.36436048 -0.80594647 -0.05474544  0.6015821  -1.404277   -1.0281416 ]
981,1,2,4,1,1,[-0.6635415   0.05961169 -0.7538436   0.03675479  0.75751096 -0.3367681 ]
982,1,2,4,1,2,[-1.7779498  -1.0456722  -0.5437298   0.7439494   0.41036767 -1.6791013 ]
983,1,2,4,1,3,[-0.03325829  1.1955658   1.360897    0.32499337 -1.4944315   1.3160734 ]
984,1,2,4,1,4,[0.17751372 1.0323899  0.01066254 0.6243113  0.51861984 1.1622826 ]
985,1,2,4,2,0,[ 0.05577997 -0.05783621  0.05159399  0.5307393  -0.6120059  -0.18341112]
986,1,2,4,2,1,[-0.3661855   0.08817589 -0.38809076  0.04241211  0.45726177 -0.18733309]
987,1,2,4,2,2,[-0.76886326 -0.04622936 -0.21585084  0.6061768   0.45981652 -0.40963268]
988,1,2,4,2,3,[ 0.10836365  0.8951973   0.86974984  0.33473617 -0.7578265   0.92846984]
989,1,2,4,2,4,[0.33631465 1.030324   0.08727871 0.5036494  0.530626   1.1342859 ]
990,1,2,4,3,0,[ 0.5549857   0.6655389   0.1967568   0.8893244  -0.22482905  0.5924833 ]
991,1,2,4,3,1,[-0.3086402   0.20747252 -0.3300211   0.08346651  0.5336646  -0.11013435]
992,1,2,4,3,2,[-0.39419156  0.73898727 -0.06183158  0.8814554   0.79145116  0.4119936 ]
993,1,2,4,3,3,[ 0.53097665  1.4519074   1.015744    0.70588404 -0.39731476  1.4984428 ]
994,1,2,4,3,4,[0.6946566  1.6708336  0.21216322 0.73998594 0.86659485 1.8348018 ]
995,1,2,4,4,0,[ 0.32190284  0.5977981   0.29425704  0.9116187  -0.72971225  0.40863964]
996,1,2,4,4,1,[-0.5816385   0.28153327 -0.31884035  0.09271817  0.48041013 -0.14477421]
997,1,2,4,4,2,[-0.5451677   1.3340129   0.02488454  1.1980429   0.9521345   0.8792088 ]
998,1,2,4,4,3,[-0.1723641   1.0103277   1.353404    0.38518777 -1.3369664   0.90605843]
999,1,2,4,4,4,[0.8368469  2.3671381  0.35675558 0.937374   1.0732231  2.5828116 ]
1000,1,3,0,0,0,[ 0.10839766  0.19103056  0.04110855  0.21549247 -0.2053102   0.16172874]
1001,1,3,0,0,1,[-0.27761075 -0.09300375 -0.1408982  -0.1447284  -0.03908629 -0.1461185 ]
1002,1,3,0,0,2,[-0.21327463  0.32480496  0.00300648  0.18638836  0.16586019  0.2743192 ]
1003,1,3,0,0,3,[ 0.014939    0.14852157  0.21827036  0.15293331 -0.41487214  0.06365426]
1004,1,3,0,0,4,[0.16272002 0.56580186 0.06562509 0.16949049 0.19866881 0.64265287]
1005,1,3,0,1,0,[-0.43105882 -0.3982168  -0.05845704  0.09916616 -0.9391425  -0.39730668]
1006,1,3,0,1,1,[-0.4917595   0.25656003 -0.3795397  -0.16701531  0.2490689   0.3957857 ]
1007,1,3,0,1,2,[-1.0856724  -0.23192587 -0.19992054  0.1845397   0.15156825 -0.2819716 ]
1008,1,3,0,1,3,[-0.430003   -0.01848273  0.47272712 -0.0611902  -1.3363594  -0.03190723]
1009,1,3,0,1,4,[-0.07532506  0.64018434  0.0103892   0.16199192  0.14457074  0.8546721 ]
1010,1,3,0,2,0,[-0.17884992 -0.14343767 -0.01630672  0.09899443 -0.52711725 -0.17562489]
1011,1,3,0,2,1,[-0.32767114  0.06433249 -0.21699776 -0.13159984  0.0757782   0.08939262]
1012,1,3,0,2,2,[-0.55464923  0.03199874 -0.0893162   0.1492623   0.12514797 -0.02666129]
1013,1,3,0,2,3,[-0.2542247  -0.03408974  0.28621107 -0.01679541 -0.81804013 -0.09849975]
1014,1,3,0,2,4,[0.0273102  0.4968954  0.02855683 0.12885076 0.13761863 0.61034566]
1015,1,3,0,3,0,[-0.03938406  0.03484096  0.01585577  0.18984345 -0.4663292  -0.01689724]
1016,1,3,0,3,1,[-0.3863081  -0.03904951 -0.22548325 -0.19023165 -0.00362583 -0.07718295]
1017,1,3,0,3,2,[-0.46127138  0.25584644 -0.04995494  0.2092875   0.17935541  0.17628624]
1018,1,3,0,3,3,[-0.16981073  0.04040916  0.311417    0.06846943 -0.79671186 -0.07198627]
1019,1,3,0,3,4,[0.12967542 0.6823008  0.06136038 0.18488157 0.2122444  0.79372996]
1020,1,3,0,4,0,[-0.2183679  -0.08523912  0.04192745  0.16137668 -0.8076151  -0.18957819]
1021,1,3,0,4,1,[-0.5830544  -0.06508865 -0.23502961 -0.2279623  -0.10389868 -0.10394228]
1022,1,3,0,4,2,[-0.61603427  0.49193949 -0.01436496  0.3142159   0.19777146  0.3813201 ]
1023,1,3,0,4,3,[-0.5857754  -0.35885048  0.42493013 -0.11732644 -1.414406   -0.57252234]
1024,1,3,0,4,4,[0.14290881 0.9674855  0.119509   0.24522886 0.25052    1.1195972 ]
1025,1,3,1,0,0,[ 0.27653444  0.2738839   0.06039191  0.2437212  -0.14327389  0.3452183 ]
1026,1,3,1,0,1,[-0.09357747 -0.08137354 -0.23945001 -0.15687922  0.02674307 -0.08520512]
1027,1,3,1,0,2,[-0.06620634  0.3924303  -0.03303047  0.21718076  0.24663132  0.4300952 ]
1028,1,3,1,0,3,[ 0.16765007  0.35829407  0.30171356  0.1676675  -0.27515742  0.3711089 ]
1029,1,3,1,0,4,[0.31217015 0.6556226  0.0782178  0.1943501  0.27303714 0.82888544]
1030,1,3,1,1,0,[-0.07704731 -0.34442472 -0.05555156  0.13286887 -0.81896645 -0.08698481]
1031,1,3,1,1,1,[-0.01911784  0.2640348  -0.66573554 -0.15850806  0.43054253  0.52040535]
1032,1,3,1,1,2,[-0.7842817  -0.248773   -0.3443591   0.22640638  0.32542995 -0.08154642]
1033,1,3,1,1,3,[-0.05107656  0.39718553  0.66171247 -0.03599863 -1.0177138   0.67736685]
1034,1,3,1,1,4,[ 0.24462983  0.73124385 -0.00184781  0.19818278  0.30043346  1.1776917 ]
1035,1,3,1,2,0,[ 0.0428507  -0.09378993 -0.00562151  0.12426946 -0.45207483  0.02729403]
1036,1,3,1,2,1,[-0.04327658  0.07159946 -0.377318   -0.1297567   0.18368995  0.17049341]
1037,1,3,1,2,2,[-0.36229068  0.04910311 -0.16644087  0.1810656   0.23368537  0.11893605]
1038,1,3,1,2,3,[-0.02824824  0.22247362  0.40632528 -0.00116217 -0.6261606   0.3298966 ]
1039,1,3,1,2,4,[0.22837524 0.5696655  0.02958022 0.15526013 0.23573878 0.8236497 ]
1040,1,3,1,3,0,[ 0.20615017  0.11948298  0.03522139  0.22133826 -0.38227218  0.22409356]
1041,1,3,1,3,1,[-0.09266843 -0.02770343 -0.38735276 -0.2017058   0.10191088  0.0074376 ]
1042,1,3,1,3,2,[-0.24562477  0.31370303 -0.12007155  0.24705724  0.29666162  0.36659858]
1043,1,3,1,3,3,[ 0.06586092  0.33072254  0.4390274   0.08437235 -0.5917637   0.38408932]
1044,1,3,1,3,4,[0.35108718 0.7868542  0.07057323 0.21572337 0.31952032 1.0447674 ]
1045,1,3,1,4,0,[ 0.1203524   0.03558794  0.09278154  0.22424512 -0.68558055  0.17104974]
1046,1,3,1,4,1,[-0.16364232 -0.01979774 -0.41504455 -0.19664916  0.07210358  0.09070692]
1047,1,3,1,4,2,[-0.3077518   0.6053898  -0.08630507  0.39753053  0.37838364  0.6989108 ]
1048,1,3,1,4,3,[-0.26398677  0.02033405  0.6304311  -0.07898419 -1.1332644   0.06927206]
1049,1,3,1,4,4,[0.45510304 1.1289959  0.15246655 0.30973738 0.41197133 1.5033104 ]
1050,1,3,2,0,0,[ 0.36876422  0.3728889  -0.00830765  0.25374967 -0.1354743   0.3967324 ]
1051,1,3,2,0,1,[ 0.01498758  0.04468862 -0.4198375  -0.15939601  0.0405539  -0.10439427]
1052,1,3,2,0,2,[ 0.03579488  0.50703937 -0.15183908  0.23020563  0.2506325   0.47313744]
1053,1,3,2,0,3,[ 0.26707697  0.5588536   0.29282534  0.176249   -0.17832203  0.55319774]
1054,1,3,2,0,4,[0.38945016 0.73310345 0.0130513  0.2032353  0.27431267 0.86548114]
1055,1,3,2,1,0,[ 0.13817002 -0.16781288 -0.24733987  0.14539947 -0.784867   -0.01531317]
1056,1,3,2,1,1,[ 0.26416674  0.5263211  -1.1255574  -0.15132159  0.4774985   0.43743294]
1057,1,3,2,1,2,[-0.5472651  -0.05449088 -0.66346204  0.24324703  0.35021532 -0.05339896]
1058,1,3,2,1,3,[ 0.2022802   0.8352724   0.62725884 -0.01798926 -0.7828186   1.0953146 ]
1059,1,3,2,1,4,[ 0.42432925  0.8626142  -0.183339    0.21030119  0.31800053  1.2138578 ]
1060,1,3,2,2,0,[ 0.17406426  0.01824725 -0.11408612  0.13419786 -0.43657237  0.07677446]
1061,1,3,2,2,1,[ 0.12652563  0.23557627 -0.64518654 -0.12567331  0.21074982  0.13013141]
1062,1,3,2,2,2,[-0.21736631  0.1756907  -0.35027662  0.19462971  0.24477533  0.14651251]
1063,1,3,2,2,3,[ 0.12310889  0.49014276  0.39063805  0.01080809 -0.48680156  0.5841272 ]
1064,1,3,2,2,4,[ 0.338397    0.65480405 -0.07329395  0.16475397  0.2424456   0.8529144 ]
1065,1,3,2,3,0,[ 0.34711263  0.25220916 -0.07418782  0.23366211 -0.36905053  0.2879747 ]
1066,1,3,2,3,1,[ 0.08277407  0.15456758 -0.6660505  -0.2018095   0.12676615 -0.02872203]
1067,1,3,2,3,2,[-0.08937518  0.46632197 -0.30766934  0.26382682  0.3051014   0.41257656]
1068,1,3,2,3,3,[ 0.22310393  0.62387884  0.4246851   0.09678747 -0.44479164  0.65688765]
1069,1,3,2,3,4,[ 0.46946737  0.8896087  -0.03323903  0.2272015   0.32354942  1.0871347 ]
1070,1,3,2,4,0,[ 0.31555623  0.22533868 -0.04412653  0.2515535  -0.6655564   0.2757611 ]
1071,1,3,2,4,1,[ 0.08232883  0.25174293 -0.77594376 -0.1775754   0.12126833  0.08132672]
1072,1,3,2,4,2,[-0.09088297  0.83104414 -0.3296011   0.43377435  0.39629334  0.7865755 ]
1073,1,3,2,4,3,[-0.04373952  0.4258307   0.6251941  -0.05009882 -0.92802787  0.4597846 ]
1074,1,3,2,4,4,[0.6200991  1.2801589  0.02120755 0.3352178  0.42107606 1.579521  ]
1075,1,3,3,0,0,[ 0.33659303  0.35175332  0.0742459   0.2595428  -0.11570019  0.44644883]
1076,1,3,3,0,1,[-0.04277353 -0.00389753 -0.2655147  -0.1634081   0.07656689 -0.00691712]
1077,1,3,3,0,2,[-0.01765459  0.4812317  -0.03984452  0.2336687   0.29077846  0.53654927]
1078,1,3,3,0,3,[ 0.22795874  0.49640113  0.34735602  0.17911345 -0.20782545  0.53614885]
1079,1,3,3,0,4,[0.36568457 0.73419255 0.08878548 0.20761295 0.30938485 0.9329274 ]
1080,1,3,3,1,0,[ 0.03609245 -0.2302413  -0.04012847  0.1497124  -0.7617167   0.09522106]
1081,1,3,3,1,1,[ 0.12537572  0.44989184 -0.7361076  -0.15510283  0.57683927  0.7277519 ]
1082,1,3,3,1,2,[-0.69647247 -0.1261709  -0.3846242   0.24991585  0.4313511   0.0925286 ]
1083,1,3,3,1,3,[ 0.08830547  0.686565    0.7668152  -0.02386753 -0.8669788   1.0602242 ]
1084,1,3,3,1,4,[0.35066244 0.8570974  0.00631257 0.21673283 0.38281482 1.3701051 ]
1085,1,3,3,2,0,[ 0.1162602  -0.0171318   0.00776822  0.13740993 -0.41853637  0.14372858]
1086,1,3,3,2,1,[ 0.04296567  0.18288572 -0.4162259  -0.12924945  0.26739666  0.29317874]
1087,1,3,3,2,2,[-0.30256376  0.13630138 -0.18539001  0.19879743  0.29685172  0.23645788]
1088,1,3,3,2,3,[ 0.05538939  0.3985338   0.47177786  0.0074271  -0.5368748   0.5584671 ]
1089,1,3,3,2,4,[0.29724416 0.6540581  0.03849879 0.16902426 0.2855019  0.9482041 ]
1090,1,3,3,3,0,[ 0.29069936  0.2168311   0.05280486  0.23887795 -0.34515423  0.36014026]
1091,1,3,3,3,1,[-0.00642068  0.08978377 -0.42780617 -0.2072128   0.18364352  0.1312327 ]
1092,1,3,3,3,2,[-0.17586082  0.4262097  -0.13540357  0.26822835  0.3630231   0.50836015]
1093,1,3,3,3,3,[ 0.15540384  0.5261637   0.5087347   0.09581754 -0.49522     0.62805045]
1094,1,3,3,3,4,[0.42894143 0.89015406 0.08335436 0.23236495 0.3728921  1.1886789 ]
1095,1,3,3,4,0,[ 0.23557585  0.17000498  0.12682779  0.25393704 -0.6379086   0.3659116 ]
1096,1,3,3,4,1,[-0.03859918  0.1554952  -0.45475978 -0.18672906  0.19104196  0.28870222]
1097,1,3,3,4,2,[-0.20402911  0.77726257 -0.09516986  0.4397278   0.47375575  0.9196671 ]
1098,1,3,3,4,3,[-0.14830464  0.27513316  0.7358143  -0.06162657 -1.0091442   0.39877334]
1099,1,3,3,4,4,[0.5660772  1.2795372  0.17905842 0.34095782 0.4876178  1.7167817 ]
1100,1,3,4,0,0,[ 0.35452816  0.38699904 -0.01578092  0.27292868 -0.17479597  0.38217828]
1101,1,3,4,0,1,[-0.04075039  0.05228859 -0.4324897  -0.171849    0.02434233 -0.12464806]
1102,1,3,4,0,2,[-0.00708166  0.5442892  -0.15633222  0.24615045  0.24972194  0.48067927]
1103,1,3,4,0,3,[ 0.24508741  0.54958373  0.29611906  0.19109865 -0.24899341  0.5111826 ]
1104,1,3,4,0,4,[0.38395667 0.785448   0.01061905 0.21788605 0.27744028 0.90285313]
1105,1,3,4,1,0,[ 0.03704629 -0.20379592 -0.27690938  0.15027404 -0.919873   -0.11512453]
1106,1,3,4,1,1,[ 0.1438405   0.5961282  -1.1552652  -0.16948533  0.471836    0.4678586 ]
1107,1,3,4,1,2,[-0.7036709  -0.04705754 -0.68965787  0.2567444   0.3270792  -0.11100647]
1108,1,3,4,1,3,[ 0.09613288  0.78598005  0.63033974 -0.02874293 -0.985172    0.9779806 ]
1109,1,3,4,1,4,[ 0.36712745  0.92998314 -0.1997591   0.22172144  0.29586673  1.2481538 ]
1110,1,3,4,2,0,[ 0.12019154  0.00363046 -0.1308831   0.14070286 -0.51522046  0.02048066]
1111,1,3,4,2,1,[ 0.05052028  0.26754755 -0.66294855 -0.13920227  0.19926888  0.13202901]
1112,1,3,4,2,2,[-0.30299297  0.1938902  -0.3636881   0.20599762  0.2329867   0.12300894]
1113,1,3,4,2,3,[ 0.05989284  0.45653743  0.39191148  0.00658491 -0.6108268   0.5043297 ]
1114,1,3,4,2,4,[ 0.31014764  0.70410824 -0.0817427   0.17437586  0.23300126  0.8805644 ]
1115,1,3,4,3,0,[ 0.30459005  0.25203374 -0.08938123  0.249279   -0.4437166   0.2427046 ]
1116,1,3,4,3,1,[-0.00071955  0.1771333  -0.685137   -0.2191333   0.10698488 -0.04400378]
1117,1,3,4,3,2,[-0.16840145  0.5036836  -0.31845504  0.28104803  0.29682577  0.40449676]
1118,1,3,4,3,3,[ 0.167702    0.5937907   0.42707416  0.10211354 -0.56913143  0.57580525]
1119,1,3,4,3,4,[ 0.44905642  0.95454055 -0.03984228  0.24237947  0.31969315  1.128584  ]
1120,1,3,4,4,0,[ 0.23873222  0.20840877 -0.06598198  0.25890052 -0.7886416   0.18973728]
1121,1,3,4,4,1,[-0.04031634  0.27553403 -0.7994068  -0.20519522  0.07779032  0.04814538]
1122,1,3,4,4,2,[-0.19950354  0.8906873  -0.341316    0.4554237   0.37551445  0.78101045]
1123,1,3,4,4,3,[-0.15843068  0.34124923  0.623654   -0.06882088 -1.1347702   0.29320943]
1124,1,3,4,4,4,[0.5868074  1.3686614  0.01341376 0.3515391  0.40808183 1.6328326 ]
1125,1,4,0,0,0,[ 0.09661981  0.06480768 -0.05965845  0.12832807 -0.10303652  0.105391  ]
1126,1,4,0,0,1,[-0.09781807 -0.148743   -0.2871072  -0.12301988 -0.00856807 -0.12750155]
1127,1,4,0,0,2,[-0.14866173  0.12684758 -0.13653357  0.1122283   0.1866984   0.1513724 ]
1128,1,4,0,0,3,[-0.00475382  0.04133889  0.08667117  0.0562727  -0.308394    0.00592618]
1129,1,4,0,0,4,[ 0.14251219  0.3505937  -0.02774673  0.10767661  0.20316026  0.47640574]
1130,1,4,0,1,0,[-0.13840671 -0.4019405  -0.23311181  0.05015671 -0.5255898  -0.19267443]
1131,1,4,0,1,1,[ 0.00192183  0.05414758 -0.7614786  -0.13139962  0.25658745  0.2874656 ]
1132,1,4,0,1,2,[-0.64540964 -0.3499081  -0.46269026  0.10508531  0.29396185 -0.19783825]
1133,1,4,0,1,3,[-0.1518735  -0.1081457   0.24419142 -0.08015099 -0.8657897   0.09878109]
1134,1,4,0,1,4,[ 0.09634513  0.36955076 -0.16765279  0.10616313  0.26052228  0.71550226]
1135,1,4,0,2,0,[-0.04422412 -0.18664601 -0.12725109  0.05377407 -0.2919335  -0.09066891]
1136,1,4,0,2,1,[-0.03936024 -0.04762346 -0.4382344  -0.10469684  0.10096861  0.05641554]
1137,1,4,0,2,2,[-0.34006846 -0.10425266 -0.25951263  0.0877334   0.20021157 -0.04333067]
1138,1,4,0,2,3,[-0.11250477 -0.09574307  0.14430258 -0.04436186 -0.54466665 -0.02640633]
1139,1,4,0,2,4,[ 0.09615009  0.2924337  -0.08386303  0.08414244  0.19476797  0.48731643]
1140,1,4,0,3,0,"[ 3.52847017e-02 -7.59626329e-02 -1.15816824e-01  1.08325981e-01
 -2.52670586e-01  1.88641192e-04]"
1141,1,4,0,3,1,[-0.09200489 -0.14206791 -0.4521675  -0.15624192  0.03872074 -0.07700968]
1142,1,4,0,3,2,[-0.29343814  0.03352872 -0.2446099   0.12423941  0.24056426  0.07823552]
1143,1,4,0,3,3,[-0.08920443 -0.05965346  0.14208445 -0.00599865 -0.55322397 -0.05280807]
1144,1,4,0,3,4,[ 0.15652195  0.41236308 -0.06718469  0.11845174  0.25120914  0.608148  ]
1145,1,4,0,4,0,[-0.06382079 -0.21047665 -0.12742627  0.09269534 -0.44303685 -0.10283076]
1146,1,4,0,4,1,[-0.1659249  -0.2110663  -0.5398994  -0.16920312  0.01321454 -0.0752997 ]
1147,1,4,0,4,2,[-0.401221    0.134851   -0.2918385   0.19946073  0.3164958   0.20469534]
1148,1,4,0,4,3,[-0.3456656  -0.38746727  0.2267256  -0.13261445 -0.9593671  -0.37110847]
1149,1,4,0,4,4,[ 0.18994418  0.5815548  -0.05589179  0.16741474  0.3362725   0.8679225 ]
1150,1,4,1,0,0,[ 0.24454786  0.09746951 -0.01970852  0.13954565 -0.01379877  0.3181177 ]
1151,1,4,1,0,1,[ 0.11955795 -0.19258077 -0.32739598 -0.12962526  0.08669598  0.02587106]
1152,1,4,1,0,2,[-0.01801909  0.13410276 -0.1444799   0.13130274  0.30164805  0.34284052]
1153,1,4,1,0,3,[ 0.10590346  0.16877499  0.16363877  0.03967414 -0.18699093  0.27579117]
1154,1,4,1,0,4,[0.27930638 0.39318293 0.00558184 0.12275419 0.30116144 0.6877119 ]
1155,1,4,1,1,0,[ 0.2515669  -0.40648156 -0.15256406  0.07488693 -0.30520624  0.26898172]
1156,1,4,1,1,1,[ 0.5923156  -0.04569105 -0.91851693 -0.1120551   0.5070542   0.6222118 ]
1157,1,4,1,1,2,[-0.30670035 -0.43781504 -0.5123792   0.1335963   0.5685369   0.17292956]
1158,1,4,1,1,3,[ 0.23786458  0.1620596   0.4653754  -0.07031891 -0.51847005  0.8281136 ]
1159,1,4,1,1,4,[ 0.44374335  0.39795777 -0.11302809  0.13546301  0.49054247  1.1542277 ]
1160,1,4,1,2,0,[ 0.18680558 -0.180205   -0.07454488  0.07045076 -0.15778264  0.19307165]
1161,1,4,1,2,1,[ 0.30865863 -0.10886987 -0.51995116 -0.09514813  0.25405172  0.2663062 ]
1162,1,4,1,2,2,[-0.14012085 -0.14182773 -0.2873231   0.10951246  0.36868572  0.1875089 ]
1163,1,4,1,2,3,[ 0.10752491  0.06800018  0.27896133 -0.04384223 -0.34057656  0.40501022]
1164,1,4,1,2,4,[ 0.30408943  0.3199928  -0.04630553  0.10459919  0.3373418   0.7615308 ]
1165,1,4,1,3,0,[ 0.2733196  -0.05079736 -0.05740012  0.12427752 -0.11372868  0.3096881 ]
1166,1,4,1,3,1,[ 0.26220143 -0.20881367 -0.52769065 -0.1583802   0.1923902   0.14740486]
1167,1,4,1,3,2,[-0.08480777  0.01722629 -0.2671108   0.14897794  0.4174563   0.34197393]
1168,1,4,1,3,3,[ 0.11634787  0.1210408   0.2747707  -0.01890014 -0.35143772  0.38235274]
1169,1,4,1,3,4,[ 0.37358195  0.45783877 -0.02232895  0.13984215  0.40176278  0.9122762 ]
1170,1,4,1,4,0,[ 0.27230528 -0.1700737  -0.02205396  0.14200266 -0.22889853  0.3622247 ]
1171,1,4,1,4,1,[ 0.33613092 -0.27743495 -0.6017938  -0.12099019  0.26977357  0.31564212]
1172,1,4,1,4,2,[-0.10898189  0.13772465 -0.30681595  0.26531848  0.58859724  0.6112228 ]
1173,1,4,1,4,3,[-0.03988471 -0.14783368  0.45066684 -0.11681745 -0.65677476  0.27662146]
1174,1,4,1,4,4,[0.496834   0.658604   0.02401515 0.22193268 0.5671033  1.3248627 ]
1175,1,4,2,0,0,[ 0.3171425   0.15290165 -0.13587192  0.14070567 -0.02087081  0.29607415]
1176,1,4,2,0,1,[ 0.21354815 -0.13827933 -0.580451   -0.13703366  0.0534413  -0.11544783]
1177,1,4,2,0,2,[ 0.05823722  0.19398093 -0.32349968  0.13528304  0.28486657  0.28962168]
1178,1,4,2,0,3,[ 0.18010502  0.3007132   0.11171943  0.03536794 -0.12729758  0.36326054]
1179,1,4,2,0,4,[ 0.34097928  0.4356722  -0.10141887  0.1253376   0.2917025   0.6626367 ]
1180,1,4,2,1,0,[ 0.4485407  -0.30463538 -0.4507483   0.07811823 -0.30634812  0.19143851]
1181,1,4,2,1,1,[ 0.85682046  0.07100566 -1.5629807  -0.11428985  0.43559685  0.2484683 ]
1182,1,4,2,1,2,[-0.10244147 -0.33708924 -0.9683221   0.13743004  0.5393289   0.00174372]
1183,1,4,2,1,3,[ 0.46552107  0.46097764  0.34014475 -0.06398166 -0.3546848   1.0549207 ]
1184,1,4,2,1,4,[ 0.60699654  0.47074547 -0.39043888  0.1398927   0.4783949   1.0622753 ]
1185,1,4,2,2,0,[ 0.30247846 -0.11646095 -0.24788508  0.07316182 -0.1609553   0.15077187]
1186,1,4,2,2,1,[ 0.46353087 -0.0362629  -0.8966498  -0.09734393  0.21270363  0.052246  ]
1187,1,4,2,2,2,[-0.02057446 -0.07647731 -0.555136    0.11365025  0.35000935  0.09100707]
1188,1,4,2,2,3,[ 0.23897514  0.24917112  0.20776625 -0.04118538 -0.24422076  0.5418617 ]
1189,1,4,2,2,4,[ 0.40052822  0.36686182 -0.20753516  0.10832296  0.32874614  0.71198416]
1190,1,4,2,3,0,[ 0.3920567   0.02392161 -0.23675211  0.12684697 -0.1204828   0.27065563]
1191,1,4,2,3,1,[ 0.4192002  -0.12931947 -0.91884273 -0.16481031  0.14610358 -0.07250401]
1192,1,4,2,3,2,[ 0.0389998   0.09632766 -0.5446773   0.1545593   0.3952961   0.25020337]
1193,1,4,2,3,3,[ 0.24528426  0.3167925   0.19912791 -0.02019398 -0.25404987  0.5231101 ]
1194,1,4,2,3,4,[ 0.4734805   0.5141686  -0.18855013  0.14403705  0.3903703   0.867106  ]
1195,1,4,2,4,0,[ 0.4342252  -0.06063477 -0.2565479   0.15353796 -0.23102657  0.32536077]
1196,1,4,2,4,1,[ 0.54900414 -0.15023915 -1.1193063  -0.11669026  0.22405632  0.0492977 ]
1197,1,4,2,4,2,[ 0.05547268  0.25890025 -0.6784884   0.28067702  0.5674661   0.5023001 ]
1198,1,4,2,4,3,[ 0.14428936  0.12544064  0.36324757 -0.10608027 -0.5128255   0.49231523]
1199,1,4,2,4,4,[ 0.63246226  0.744318   -0.19507682  0.23437949  0.5585071   1.2782643 ]
1200,1,4,3,0,0,[ 0.284848    0.14741273 -0.01385223  0.14544778  0.01684444  0.39967945]
1201,1,4,3,0,1,[ 0.16178803 -0.15138826 -0.3554831  -0.13779968  0.12959024  0.08861765]
1202,1,4,3,0,2,[ 0.01059339  0.18787387 -0.16003746  0.1388091   0.34631398  0.42333245]
1203,1,4,3,0,3,[ 0.14063251  0.26250163  0.19333276  0.03723395 -0.13477398  0.3971721 ]
1204,1,4,3,0,4,[0.31712753 0.4451766  0.00992886 0.12918697 0.3389849  0.772926  ]
1205,1,4,3,1,0,[ 0.35392064 -0.3271942  -0.14335623  0.08518539 -0.22740097  0.44279364]
1206,1,4,3,1,1,[ 0.7340401   0.06759837 -0.9932731  -0.10949795  0.6365673   0.7959178 ]
1207,1,4,3,1,2,[-0.23232642 -0.3603795  -0.56064034  0.14806005  0.6827392   0.32667118]
1208,1,4,3,1,3,[ 0.35923967  0.36998907  0.5508925  -0.06643513 -0.3766965   1.1511859 ]
1209,1,4,3,1,4,[ 0.53801733  0.48670065 -0.11095933  0.14835474  0.58292633  1.3299876 ]
1210,1,4,3,2,0,[ 0.2488088  -0.1285043  -0.0665355   0.07779054 -0.11179814  0.3005871 ]
1211,1,4,3,2,1,[ 0.3903211  -0.04327494 -0.561343   -0.09531781  0.32923856  0.36938488]
1212,1,4,3,2,2,[-0.09427945 -0.08770515 -0.3134492   0.12011189  0.43714243  0.28652808]
1213,1,4,3,2,3,[ 0.17573987  0.1926512   0.33078608 -0.04268805 -0.25819927  0.59431875]
1214,1,4,3,2,4,[ 0.36196756  0.37832564 -0.04233886  0.1136711   0.3934579   0.8726262 ]
1215,1,4,3,3,0,[ 0.33803773  0.01289414 -0.04816792  0.13213506 -0.06632914  0.42788318]
1216,1,4,3,3,1,[ 0.34008592 -0.14300945 -0.57061476 -0.16490413  0.2652116   0.24993126]
1217,1,4,3,3,2,[-0.03693139  0.08594959 -0.292575    0.16015463  0.48793116  0.45522195]
1218,1,4,3,3,3,[ 0.18029681  0.2565137   0.3260664  -0.02059195 -0.26819643  0.5749976 ]
1219,1,4,3,3,4,[ 0.43435854  0.5275178  -0.01655641  0.14936721  0.46044672  1.0357969 ]
1220,1,4,3,4,0,[ 0.36426568 -0.08094834  0.0011988   0.16072823 -0.16012245  0.5375404 ]
1221,1,4,3,4,1,[ 0.4497696  -0.17510355 -0.6455955  -0.11317832  0.38106427  0.4846658 ]
1222,1,4,3,4,2,[-0.0364833   0.24549745 -0.3314169   0.29309934  0.69372004  0.78974605]
1223,1,4,3,4,3,[ 0.05084739  0.03022646  0.5342796  -0.11190949 -0.54065883  0.5489967 ]
1224,1,4,3,4,4,[0.585269   0.7614834  0.04066729 0.24379556 0.65408605 1.5109521 ]
1225,1,4,4,0,0,[ 0.3038671   0.15858619 -0.16493852  0.15260392 -0.05598346  0.2602138 ]
1226,1,4,4,0,1,[ 0.16947015 -0.13480625 -0.63107    -0.14931221  0.02890976 -0.1689992 ]
1227,1,4,4,0,2,[ 0.02300445  0.21506941 -0.35771036  0.14416215  0.27658966  0.26282614]
1228,1,4,4,0,3,[ 0.16195841  0.2895443   0.09683125  0.04444795 -0.18585576  0.31257874]
1229,1,4,4,0,4,[ 0.33445325  0.4700801  -0.12394407  0.13432951  0.28939635  0.6687698 ]
1230,1,4,4,1,0,[ 0.37101662 -0.33839187 -0.53110695  0.07870517 -0.42046958  0.06268824]
1231,1,4,4,1,1,[ 0.76602674  0.12006885 -1.687966   -0.13164598  0.40190786  0.18317956]
1232,1,4,4,1,2,[-0.22146522 -0.3414526  -1.064349    0.14365073  0.50377744 -0.11226761]
1233,1,4,4,1,3,[ 0.38550472  0.41695863  0.29965386 -0.07461657 -0.5178753   0.92644465]
1234,1,4,4,1,4,[ 0.5620714   0.5136277  -0.4542553   0.14596666  0.45029536  1.0396568 ]
1235,1,4,4,2,0,[ 0.2603497  -0.13268659 -0.29463696  0.07576214 -0.22780712  0.07522556]
1236,1,4,4,2,1,"[ 4.0544277e-01 -1.5043007e-02 -9.7020262e-01 -1.1025168e-01
  1.8642421e-01  3.0651703e-04]"
1237,1,4,4,2,2,[-0.08675367 -0.07037553 -0.6100453   0.11927032  0.33023983  0.02975762]
1238,1,4,4,2,3,[ 0.19080038  0.21886532  0.18353091 -0.04622702 -0.3445239   0.45663482]
1239,1,4,4,2,4,[ 0.3775229   0.398264   -0.24406713  0.11368619  0.31482294  0.703062  ]
1240,1,4,4,3,0,[ 0.35732365  0.01714484 -0.28402647  0.1354605  -0.18492545  0.20005482]
1241,1,4,4,3,1,[ 0.35431257 -0.11575806 -0.9962647  -0.18154117  0.11248595 -0.14146729]
1242,1,4,4,3,2,[-0.02362846  0.1149385  -0.599917    0.16356418  0.37751287  0.19627227]
1243,1,4,4,3,3,[ 0.20215786  0.28822035  0.1744222  -0.01872711 -0.355382    0.43425307]
1244,1,4,4,3,4,[ 0.45540062  0.5561144  -0.2251883   0.15290858  0.3803171   0.865804  ]
1245,1,4,4,4,0,[ 0.3729052  -0.08354428 -0.3204984   0.15504299 -0.33431423  0.21113527]
1246,1,4,4,4,1,[ 0.453997   -0.13830596 -1.2206299  -0.14229819  0.1665383  -0.05312816]
1247,1,4,4,4,2,[-0.03078295  0.28897786 -0.74985635  0.29159895  0.5366538   0.4328848 ]
1248,1,4,4,4,3,[ 0.0566394   0.05326873  0.32694396 -0.12317916 -0.67858505  0.32946008]
1249,1,4,4,4,4,[ 0.6037171   0.80040026 -0.24291915  0.2433056   0.5395037   1.2743376 ]
1250,2,0,0,0,0,[0.10865299 0.22961412 0.16512859 0.5377843  0.10535864 0.12064888]
1251,2,0,0,0,1,[-0.88209194 -0.6479455  -0.04589896 -0.15935001  0.00272892 -0.80670273]
1252,2,0,0,0,2,[-0.6414747  -0.12605745  0.08602498  0.3212103   0.341263   -0.37062252]
1253,2,0,0,0,3,[ 0.09053624  0.29745275  0.36104694  0.55647403 -0.21300709  0.12912436]
1254,2,0,0,0,4,[0.06485841 0.5928897  0.17056338 0.33728263 0.5001558  0.614753  ]
1255,2,0,0,1,0,[-1.1144339  -1.4234333   0.20206617  0.2155748  -1.0496341  -1.588154  ]
1256,2,0,0,1,1,[-1.7339209  -1.0931915   0.0080568  -0.2934471   0.22469492 -0.94044966]
1257,2,0,0,1,2,[-2.3153613  -2.0492866   0.01851886  0.2267105   0.09658749 -2.4611049 ]
1258,2,0,0,1,3,[-1.1052536  -0.8245958   0.79747486  0.00730321 -1.8189882  -0.98100466]
1259,2,0,0,1,4,[-0.6003228   0.03012221  0.26142836  0.24332522  0.3641573   0.1679931 ]
1260,2,0,0,2,0,[-0.5327182  -0.64833593  0.13822998  0.22841986 -0.51469666 -0.7988205 ]
1261,2,0,0,2,1,[-1.1212125  -0.7717314  -0.01083183 -0.20947428  0.04306993 -0.78950465]
1262,2,0,0,2,2,[-1.2699325  -0.9557694   0.03800217  0.20330706  0.14227293 -1.2537131 ]
1263,2,0,0,2,3,[-0.6221907  -0.4583931   0.47053862  0.09428097 -1.0533491  -0.6419414 ]
1264,2,0,0,2,4,[-0.25880393  0.2164581   0.17754053  0.2094808   0.32810345  0.2696048 ]
1265,2,0,0,3,0,[-0.26480868 -0.25710562  0.18938486  0.47030076 -0.26994902 -0.43799016]
1266,2,0,0,3,1,[-1.2699903  -0.9207768  -0.03941222 -0.25191158 -0.01347901 -1.0598371 ]
1267,2,0,0,3,2,[-1.1726214  -0.6292101   0.08331481  0.32945934  0.29793587 -0.98247707]
1268,2,0,0,3,3,[-0.37404856 -0.15796727  0.51143163  0.3809117  -0.8375665  -0.4078263 ]
1269,2,0,0,3,4,[-0.10962716  0.53162265  0.22084199  0.34091058  0.52041095  0.5684618 ]
1270,2,0,0,4,0,[-0.8525599  -0.8276392   0.23496328  0.29332942 -0.8846562  -1.2001226 ]
1271,2,0,0,4,1,[-1.963436   -1.4345801  -0.00302842 -0.44415498 -0.3701511  -1.6863204 ]
1272,2,0,0,4,2,[-1.707622   -0.785891    0.15709043  0.3676152   0.15719168 -1.3251019 ]
1273,2,0,0,4,3,[-1.4116666  -1.2726911   0.62492514 -0.08074925 -1.9914678  -1.8018897 ]
1274,2,0,0,4,4,[-0.3310143   0.63547033  0.32098088  0.33800542  0.4968705   0.6372358 ]
1275,2,0,1,0,0,[0.27233583 0.3955679  0.2117705  0.58332855 0.22643761 0.3661416 ]
1276,2,0,1,0,1,[-0.78187776 -0.6107123  -0.12750354 -0.19409782  0.10603978 -0.7490099 ]
1277,2,0,1,0,2,[-0.54439604 -0.01757826  0.05668293  0.3521833   0.4611506  -0.2167412 ]
1278,2,0,1,0,3,"[ 2.3794593e-01  6.2610334e-01  4.8026919e-01  5.8863866e-01
 -1.7752414e-05  5.2765232e-01]"
1279,2,0,1,0,4,[0.20181532 0.74761105 0.20512345 0.3680243  0.62378883 0.8513315 ]
1280,2,0,1,1,0,[-0.7580476  -1.2646942   0.29499087  0.25572473 -0.81150854 -1.1508807 ]
1281,2,0,1,1,1,[-1.3312708  -0.98804903 -0.17769437 -0.30819523  0.561692   -0.67331   ]
1282,2,0,1,1,2,[-2.0727508  -2.0235748  -0.08226816  0.26803058  0.3813989  -2.2429008 ]
1283,2,0,1,1,3,[-0.71495897 -0.2159509   1.1148478   0.03138473 -1.3552018  -0.04610675]
1284,2,0,1,1,4,[-0.2763731   0.22342372  0.32268828  0.28395987  0.63896394  0.61719704]
1285,2,0,1,2,0,[-0.31107002 -0.52569914  0.20034432  0.26148966 -0.3687186  -0.5204751 ]
1286,2,0,1,2,1,[-0.8934188  -0.7110789  -0.11880869 -0.22453953  0.23289697 -0.64544874]
1287,2,0,1,2,2,[-1.1172096  -0.9038833  -0.01540477  0.23633492  0.31432065 -1.0991092 ]
1288,2,0,1,2,3,[-0.39651468 -0.08115319  0.66211957  0.112188   -0.7760977  -0.08838848]
1289,2,0,1,2,4,[-0.05775109  0.3583318   0.22079921  0.24039927  0.4969529   0.55815685]
1290,2,0,1,3,0,[-0.02097443 -0.07413618  0.25886583  0.5185045  -0.10539035 -0.11070772]
1291,2,0,1,3,1,[-1.0628707  -0.86034435 -0.15729374 -0.28678226  0.16502978 -0.9387834 ]
1292,2,0,1,3,2,[-1.0105008  -0.5216276   0.03360105  0.36997753  0.47910956 -0.7850892 ]
1293,2,0,1,3,3,[-0.14327948  0.28028062  0.70615315  0.40893927 -0.53535014  0.18019436]
1294,2,0,1,3,4,[0.10542909 0.7213749  0.27108207 0.3793946  0.7025527  0.8994161 ]
1295,2,0,1,4,0,[-0.5366481  -0.5959874   0.3541244   0.35988417 -0.6794953  -0.7521918 ]
1296,2,0,1,4,1,[-1.6696088  -1.3235619  -0.1250509  -0.45440635 -0.11144752 -1.4551733 ]
1297,2,0,1,4,2,[-1.4751081  -0.5994534   0.11361498  0.4468488   0.41110536 -1.0008895 ]
1298,2,0,1,4,3,[-1.1313614  -0.7421695   0.9241052  -0.05258195 -1.6151949  -1.033012  ]
1299,2,0,1,4,4,[-0.03402328  0.9094112   0.41065073  0.40447578  0.74811125  1.1211132 ]
1300,2,0,2,0,0,[0.369649   0.55923784 0.17862399 0.59281576 0.26761854 0.5071915 ]
1301,2,0,2,0,1,[-0.690075   -0.4205042  -0.267843   -0.21040621  0.16384631 -0.67005605]
1302,2,0,2,0,2,[-0.44307464  0.16845272 -0.0313644   0.3613937   0.49795017 -0.07437498]
1303,2,0,2,0,3,[0.34007055 0.91151345 0.5098269  0.5951816  0.15132722 0.81156385]
1304,2,0,2,0,4,[0.28160456 0.87685084 0.16971688 0.3747781  0.65036684 0.9629161 ]
1305,2,0,2,1,0,[-0.49253374 -0.942626    0.20436738  0.2704501  -0.6704978  -0.830061  ]
1306,2,0,2,1,1,[-1.002786   -0.5417444  -0.5036736  -0.30653626  0.7684422  -0.42331114]
1307,2,0,2,1,2,[-1.7846178  -1.6591235  -0.30887875  0.2871774   0.52482593 -1.9284942 ]
1308,2,0,2,1,3,[-0.40780133  0.41967574  1.195072    0.04988347 -0.971517    0.66163856]
1309,2,0,2,1,4,[-0.05428513  0.47594288  0.2258691   0.29794902  0.7457503   0.8663632 ]
1310,2,0,2,2,0,[-0.1534543  -0.32562464  0.15109682  0.27311057 -0.294154   -0.3270238 ]
1311,2,0,2,2,1,[-0.7051697  -0.43943706 -0.31126553 -0.22565347  0.34801435 -0.49878952]
1312,2,0,2,2,2,[-0.94625777 -0.6744207  -0.1455324   0.2513952   0.3903759  -0.9060905 ]
1313,2,0,2,2,3,[-0.21887262  0.30490634  0.7127789   0.12405561 -0.55114555  0.33226687]
1314,2,0,2,2,4,[0.0744043  0.51680064 0.16759324 0.2510848  0.5525317  0.7107845 ]
1315,2,0,2,3,0,[ 0.14022803  0.1544418   0.20905451  0.5321662  -0.03523151  0.09901391]
1316,2,0,2,3,1,[-0.88566494 -0.57031643 -0.36379042 -0.29798403  0.2715511  -0.7971284 ]
1317,2,0,2,3,2,[-0.83732444 -0.25910994 -0.10071057  0.38629282  0.54793066 -0.5731062 ]
1318,2,0,2,3,3,[ 0.03178742  0.7002919   0.75740796  0.42020428 -0.30153346  0.6197627 ]
1319,2,0,2,3,4,[0.23985778 0.9028516  0.21726128 0.3908915  0.7522895  1.0659642 ]
1320,2,0,2,4,0,[-0.31324774 -0.27530766  0.30031708  0.38871148 -0.58733875 -0.45063418]
1321,2,0,2,4,1,[-1.4160081  -0.89555466 -0.3866893  -0.44737452  0.04837587 -1.2169739 ]
1322,2,0,2,4,2,[-1.2299298  -0.2156326  -0.05529522  0.4852037   0.50915134 -0.68204933]
1323,2,0,2,4,3,[-0.8885328  -0.16878068  1.0114061  -0.02638741 -1.2971058  -0.41979292]
1324,2,0,2,4,4,[0.15561494 1.1718671  0.34916037 0.43130523 0.8170015  1.3686565 ]
1325,2,0,3,0,0,[0.3337172  0.51284343 0.2366243  0.6089954  0.28263354 0.4992708 ]
1326,2,0,3,0,1,[-0.77142364 -0.52468365 -0.1546984  -0.21457428  0.17082988 -0.6802287 ]
1327,2,0,3,0,2,[-0.5175627   0.09023901  0.05048686  0.36807644  0.5241339  -0.10802661]
1328,2,0,3,0,3,[0.30112112 0.82293177 0.54374677 0.6123008  0.10620017 0.7429338 ]
1329,2,0,3,0,4,[0.2512742  0.85691446 0.224048   0.38431206 0.6837334  0.9809906 ]
1330,2,0,3,1,0,[-0.6392333  -1.108496    0.34724516  0.27664733 -0.7025165  -0.91051006]
1331,2,0,3,1,1,[-1.2125422  -0.76294833 -0.21862483 -0.31763864  0.7757092  -0.4102906 ]
1332,2,0,3,1,2,[-2.0051718  -1.8865472  -0.10656887  0.29169604  0.53950644 -2.053918  ]
1333,2,0,3,1,3,[-0.5662568   0.16257003  1.279016    0.04475728 -1.1365367   0.4471795 ]
1334,2,0,3,1,4,[-0.16393374  0.39300478  0.36070728  0.30519223  0.7760152   0.8701921 ]
1335,2,0,3,2,0,[-0.23478812 -0.41836783  0.2349548   0.27919996 -0.30376035 -0.3687462 ]
1336,2,0,3,2,1,[-0.8308301  -0.57888097 -0.14393076 -0.23383035  0.3516348  -0.5007534 ]
1337,2,0,3,2,2,[-1.0721104  -0.80292976 -0.02585521  0.25473392  0.40726215 -0.97319317]
1338,2,0,3,2,3,[-0.31018317  0.15108627  0.7609816   0.12358035 -0.64606977  0.20262355]
1339,2,0,3,2,4,[0.01371828 0.47324347 0.24697934 0.25665757 0.5793209  0.71933055]
1340,2,0,3,3,0,[ 0.0663122   0.0673436   0.29677644  0.54521096 -0.03139129  0.06704804]
1341,2,0,3,3,1,[-1.0167378  -0.72462976 -0.18995136 -0.30707863  0.27681977 -0.8084047 ]
1342,2,0,3,3,2,[-0.96274203 -0.38738897  0.02430494  0.39168495  0.5753893  -0.6359108 ]
1343,2,0,3,3,3,[-0.05135009  0.54646516  0.8077763   0.42941067 -0.39022857  0.49252516]
1344,2,0,3,3,4,[0.1827497  0.8636909  0.30010355 0.39975664 0.79074365 1.0825717 ]
1345,2,0,3,4,0,[-0.42835063 -0.41428545  0.41756207  0.39319992 -0.5968032  -0.51544344]
1346,2,0,3,4,1,[-1.600538   -1.123475   -0.15129174 -0.4661925   0.04021285 -1.2499197 ]
1347,2,0,3,4,2,[-1.4007025  -0.39473733  0.1163018   0.48857784  0.53995824 -0.7677646 ]
1348,2,0,3,4,3,[-1.0332946  -0.41927007  1.0741744  -0.03782019 -1.4472992  -0.6406095 ]
1349,2,0,3,4,4,[0.07372103 1.1111957  0.46163368 0.43790752 0.86435497 1.3854451 ]
1350,2,0,4,0,0,[0.35688424 0.5669943  0.18258242 0.6446431  0.25136444 0.484242  ]
1351,2,0,4,0,1,[-0.7958568  -0.4705755  -0.26817593 -0.2200604   0.1483789  -0.74884874]
1352,2,0,4,0,2,[-0.5223724   0.15644921 -0.02418803  0.3924753   0.51006734 -0.12484922]
1353,2,0,4,0,3,[0.32769734 0.90156627 0.5240306  0.651656   0.09034418 0.7658985 ]
1354,2,0,4,0,4,[0.26806843 0.924128   0.1774243  0.4069828  0.67719316 0.9946537 ]
1355,2,0,4,1,0,[-0.6670939  -1.0998828   0.19496152  0.28687876 -0.837681   -1.0640796 ]
1356,2,0,4,1,1,[-1.2423478  -0.6190169  -0.49492642 -0.3339985   0.74112177 -0.5302821 ]
1357,2,0,4,1,2,[-2.0603893  -1.8405035  -0.3085879   0.3056818   0.48030633 -2.1959062 ]
1358,2,0,4,1,3,[-0.5890983   0.2569039   1.2159934   0.04674865 -1.2502885   0.41398552]
1359,2,0,4,1,4,[-0.16795473  0.46677446  0.23094204  0.3174556   0.72726524  0.8201413 ]
1360,2,0,4,2,0,[-0.24523737 -0.40302482  0.14637999  0.29245865 -0.3842442  -0.45451942]
1361,2,0,4,2,1,[-0.8557324  -0.4978007  -0.30788863 -0.24440196  0.32302016 -0.5845554 ]
1362,2,0,4,2,2,[-1.1005789  -0.7602328  -0.14333075  0.26871982  0.37104055 -1.047252  ]
1363,2,0,4,2,3,[-0.3220644   0.20863116  0.724318    0.13163462 -0.71524304  0.1783321 ]
1364,2,0,4,2,4,[0.01562431 0.527903   0.17196295 0.26876178 0.5511876  0.697343  ]
1365,2,0,4,3,0,[ 0.07417426  0.1107488   0.20827647  0.57582235 -0.10329352  0.00308195]
1366,2,0,4,3,1,[-1.0483903  -0.6415771  -0.36241117 -0.317471    0.24223909 -0.9060141 ]
1367,2,0,4,3,2,[-0.9821965  -0.31652084 -0.09455705  0.416611    0.54276395 -0.69039804]
1368,2,0,4,3,3,[-0.04478587  0.6279515   0.772472    0.45792976 -0.44686827  0.48634982]
1369,2,0,4,3,4,[0.19508936 0.94125515 0.22488888 0.42195785 0.76825726 1.0783868 ]
1370,2,0,4,4,0,[-0.45492592 -0.38615292  0.29313537  0.40995476 -0.7357343  -0.6496136 ]
1371,2,0,4,4,1,[-1.6647232  -1.0182744  -0.38451344 -0.4906746  -0.03367245 -1.4029099 ]
1372,2,0,4,4,2,[-1.4413328  -0.29445934 -0.04530692  0.5140531   0.47189268 -0.85083044]
1373,2,0,4,4,3,[-1.086842   -0.37386188  1.0185485  -0.03941705 -1.5842716  -0.7346622 ]
1374,2,0,4,4,4,[0.07381764 1.210386   0.35873583 0.45756975 0.8132807  1.3637949 ]
1375,2,1,0,0,0,[ 0.00737235  0.0513924  -0.01277989  0.1471342   0.01116269  0.01830179]
1376,2,1,0,0,1,[-0.34084827 -0.32716662 -0.17478554 -0.15743959 -0.03882442 -0.36350587]
1377,2,1,0,0,2,[-0.29848987 -0.08848387 -0.07571378  0.06678744  0.15351227 -0.15087348]
1378,2,1,0,0,3,[-0.07940418  0.04760804  0.05948313  0.11593112 -0.19905959 -0.09432662]
1379,2,1,0,0,4,[0.01881674 0.23177962 0.00955375 0.088021   0.21580271 0.2810843 ]
1380,2,1,0,1,0,[-0.33739454 -0.5536624  -0.01696721  0.03404476 -0.34147143 -0.4007224 ]
1381,2,1,0,1,1,[-0.43189952 -0.3858917  -0.30324578 -0.18718265  0.20597386 -0.06715173]
1382,2,1,0,1,2,[-0.8452149  -0.79248327 -0.17754278  0.04159968  0.22700061 -0.6934762 ]
1383,2,1,0,1,3,[-0.4168815  -0.35617012  0.26969272 -0.08099831 -0.7660903  -0.29886013]
1384,2,1,0,1,4,[-0.11576776  0.08679848  0.02315514  0.06540586  0.2894824   0.371632  ]
1385,2,1,0,2,0,[-0.17097066 -0.27019796 -0.0129573   0.04757605 -0.17808473 -0.22468762]
1386,2,1,0,2,1,[-0.31814224 -0.31329975 -0.1925927  -0.14296758  0.05922675 -0.19019537]
1387,2,1,0,2,2,[-0.48120424 -0.38537008 -0.10652755  0.04180144  0.1517464  -0.37413007]
1388,2,1,0,2,3,[-0.27118412 -0.2262277   0.14317967 -0.03402647 -0.4766016  -0.2644073 ]
1389,2,1,0,2,4,[-0.04476774  0.11707418  0.01609403  0.05628134  0.20577863  0.258474  ]
1390,2,1,0,3,0,[-0.1015944  -0.13950391 -0.01656954  0.11619387 -0.11261995 -0.14169613]
1391,2,1,0,3,1,[-0.4177959  -0.42142838 -0.2311616  -0.20019887 -0.00915103 -0.38196436]
1392,2,1,0,3,2,[-0.47663563 -0.28145203 -0.11216176  0.06729173  0.18663263 -0.3220089 ]
1393,2,1,0,3,3,[-0.23827991 -0.14069316  0.12213224  0.03693965 -0.44538572 -0.26922113]
1394,2,1,0,3,4,[-0.01042787  0.22523597  0.01725757  0.08860533  0.2631715   0.3388421 ]
1395,2,1,0,4,0,[-0.3253707  -0.3817987  -0.00740021  0.04696074 -0.32830542 -0.3969931 ]
1396,2,1,0,4,1,[-0.66027975 -0.6393094  -0.26153535 -0.27102396 -0.11116792 -0.5621776 ]
1397,2,1,0,4,2,[-0.69761324 -0.34769842 -0.12286549  0.083868    0.1863748  -0.40491375]
1398,2,1,0,4,3,[-0.65024704 -0.62060755  0.18202263 -0.14831693 -0.9082082  -0.80493224]
1399,2,1,0,4,4,[-0.08221044  0.27590674  0.0480097   0.09219281  0.30174184  0.43774736]
1400,2,1,1,0,0,[0.07725397 0.09350453 0.00893836 0.13785118 0.0731489  0.14998427]
1401,2,1,1,0,1,[-0.2514871  -0.36925748 -0.21276864 -0.19668365  0.0109513  -0.3036337 ]
1402,2,1,1,0,2,[-0.25293308 -0.08224323 -0.09362175  0.05871771  0.2256674  -0.05521039]
1403,2,1,1,0,3,[-0.05862083  0.15640043  0.09488537  0.07815526 -0.1268463   0.05230584]
1404,2,1,1,0,4,[0.08771147 0.27585867 0.0302053  0.08323886 0.28577274 0.41879347]
1405,2,1,1,1,0,[-0.08381544 -0.5152418   0.07144208  0.03767812 -0.14762639 -0.03500966]
1406,2,1,1,1,1,[-0.06951562 -0.43418545 -0.3742849  -0.20083445  0.4216077   0.212209  ]
1407,2,1,1,1,2,[-0.6495009  -0.8388658  -0.19864939  0.04637777  0.45178327 -0.4304396 ]
1408,2,1,1,1,3,[-0.18696181 -0.1214399   0.44899383 -0.0975915  -0.4980382   0.23081763]
1409,2,1,1,1,4,[0.11535445 0.14602497 0.09051424 0.0753174  0.4911559  0.7266163 ]
1410,2,1,1,2,0,[-0.02644765 -0.24018201  0.03815726  0.0480039  -0.06548756 -0.0108576 ]
1411,2,1,1,2,1,[-0.11391246 -0.34903044 -0.2336422  -0.15857579  0.17999725 -0.03618358]
1412,2,1,1,2,2,[-0.37087652 -0.40262124 -0.12194948  0.04463791  0.2833725  -0.22027284]
1413,2,1,1,2,3,[-0.15437445 -0.08611122  0.24410404 -0.05320164 -0.3268519   0.03177695]
1414,2,1,1,2,4,[0.08937973 0.1601216  0.05622783 0.0616411  0.32587478 0.4711751 ]
1415,2,1,1,3,0,[ 0.03440412 -0.09414274  0.0295137   0.10969951 -0.0046151   0.07310458]
1416,2,1,1,3,1,[-0.23171556 -0.4717135  -0.2799252  -0.23719385  0.09502566 -0.25160977]
1417,2,1,1,3,2,[-0.3755166  -0.28620932 -0.13246575  0.06409479  0.31340426 -0.16575998]
1418,2,1,1,3,3,[-0.15361121  0.0127654   0.20722196 -0.00147981 -0.30914652  0.00293085]
1419,2,1,1,3,4,[0.11889887 0.28088355 0.05592149 0.08863949 0.38173586 0.55824125]
1420,2,1,1,4,0,[-0.13370414 -0.31995073  0.07917783  0.05777581 -0.16253838 -0.07024135]
1421,2,1,1,4,1,[-0.3942054  -0.68648773 -0.2947494  -0.28127098  0.06928638 -0.3148474 ]
1422,2,1,1,4,2,[-0.55442446 -0.33181384 -0.13581778  0.10374904  0.38509312 -0.14965245]
1423,2,1,1,4,3,[-0.5154164  -0.42803186  0.33975235 -0.17420584 -0.7015512  -0.39049578]
1424,2,1,1,4,4,[0.10184443 0.36353916 0.11766039 0.11160599 0.48447484 0.77274966]
1425,2,1,2,0,0,[ 0.11356777  0.14702263 -0.05634985  0.12945513  0.07679949  0.15707321]
1426,2,1,2,0,1,[-0.21090975 -0.32345483 -0.3651673  -0.21811347 -0.00319225 -0.37555206]
1427,2,1,2,0,2,[-0.21721843 -0.02542203 -0.20201054  0.05118315  0.22323929 -0.06539602]
1428,2,1,2,0,3,[-0.02891594  0.26371187  0.06846578  0.06245644 -0.07883371  0.1240074 ]
1429,2,1,2,0,4,[ 0.11939855  0.31755063 -0.03009188  0.0773611   0.28679776  0.42245573]
1430,2,1,2,1,0,[ 0.05436167 -0.39824864 -0.07521628  0.03406801 -0.10010371  0.01696652]
1431,2,1,2,1,1,[ 0.10873817 -0.302543   -0.73015875 -0.21330413  0.43812206  0.1037185 ]
1432,2,1,2,1,2,[-0.51060927 -0.7166233  -0.45209584  0.04293976  0.48674613 -0.42556977]
1433,2,1,2,1,3,[-0.03376554  0.13625227  0.4146537  -0.10226402 -0.338144    0.47782308]
1434,2,1,2,1,4,[ 0.23086454  0.23624398 -0.04981478  0.07389217  0.5251717   0.7570145 ]
1435,2,1,2,2,0,[ 0.05140876 -0.16923252 -0.04888264  0.04488354 -0.04241305  0.01645795]
1436,2,1,2,2,1,[-0.01457326 -0.27162042 -0.4451045  -0.16926084  0.1849889  -0.10578101]
1437,2,1,2,2,2,[-0.29277116 -0.32721254 -0.27317154  0.0424247   0.299284   -0.22049062]
1438,2,1,2,2,3,[-0.07155205  0.06798103  0.22254321 -0.05931332 -0.23636837  0.1718751 ]
1439,2,1,2,2,4,[ 0.15512826  0.21553934 -0.02664756  0.06034412  0.3422559   0.48782378]
1440,2,1,2,3,0,[ 0.10708819 -0.01628205 -0.06465185  0.10276446  0.01139949  0.09493605]
1441,2,1,2,3,1,[-0.14227217 -0.3949182  -0.5059039  -0.25736472  0.08881594 -0.3395088 ]
1442,2,1,2,3,2,[-0.30235618 -0.20294443 -0.29353082  0.05876423  0.3214054  -0.17128305]
1443,2,1,2,3,3,[-0.08310441  0.17581     0.17787693 -0.01551611 -0.22323312  0.13466856]
1444,2,1,2,3,4,[ 0.1811573   0.34190217 -0.03259357  0.08453139  0.39220434  0.57167   ]
1445,2,1,2,4,0,[-0.03456947 -0.20658368 -0.04113988  0.05565687 -0.13437688 -0.02644525]
1446,2,1,2,4,1,[-0.2737991  -0.56328934 -0.59200406 -0.29660434  0.07585339 -0.40702325]
1447,2,1,2,4,2,[-0.45817134 -0.2045381  -0.35092786  0.10357361  0.4041345  -0.14285773]
1448,2,1,2,4,3,[-0.41115153 -0.200871    0.31418607 -0.18118182 -0.5740356  -0.18936223]
1449,2,1,2,4,4,[0.18638796 0.4556533  0.00266774 0.11223123 0.505008   0.80404437]
1450,2,1,3,0,0,[0.09054194 0.1378819  0.0116883  0.1351015  0.09769204 0.20329733]
1451,2,1,3,0,1,[-0.2542758  -0.34632838 -0.23815499 -0.22021812  0.03425249 -0.28231698]
1452,2,1,3,0,2,[-0.2555838  -0.04380836 -0.10884716  0.05329798  0.2560294  -0.01263189]
1453,2,1,3,0,3,[-0.05632262  0.23228617  0.11093643  0.06768154 -0.09099177  0.12554564]
1454,2,1,3,0,4,[0.10119387 0.3190529  0.0327671  0.08070575 0.3151866  0.47628665]
1455,2,1,3,1,0,[-0.02194195 -0.44130623  0.0953609   0.03924388 -0.07134978  0.11224142]
1456,2,1,3,1,1,[ 0.00414401 -0.3432128  -0.40861955 -0.21277736  0.53317374  0.35919288]
1457,2,1,3,1,2,[-0.6172901  -0.7768454  -0.2211227   0.0493272   0.55270845 -0.30950892]
1458,2,1,3,1,3,[-0.1200509   0.0450233   0.5248263  -0.10399465 -0.3835976   0.47365955]
1459,2,1,3,1,4,[0.17464834 0.22618778 0.10735029 0.07964691 0.5781442  0.87710816]
1460,2,1,3,2,0,[ 0.00859368 -0.19257024  0.05207456  0.04857068 -0.02226416  0.0752212 ]
1461,2,1,3,2,1,[-0.07711893 -0.29932883 -0.2554706  -0.16999318  0.2400986   0.04102432]
1462,2,1,3,2,2,[-0.35339183 -0.360124   -0.13555294  0.04610604  0.3410919  -0.14793366]
1463,2,1,3,2,3,[-0.12216441  0.01288016  0.2867179  -0.0597327  -0.26308057  0.16710056]
1464,2,1,3,2,4,[0.12380744 0.21188737 0.06658939 0.0640031  0.3767319  0.56173325]
1465,2,1,3,3,0,[ 0.06536927 -0.03669937  0.04021313  0.10786776  0.03692407  0.1595791 ]
1466,2,1,3,3,1,[-0.20977409 -0.42750368 -0.30940384 -0.2602761   0.14559521 -0.19216307]
1467,2,1,3,3,2,[-0.36468488 -0.2346312  -0.15010178  0.06151381  0.36786276 -0.09353963]
1468,2,1,3,3,3,[-0.13281699  0.12067034  0.24381281 -0.0132326  -0.24824168  0.13077074]
1469,2,1,3,3,4,[0.1498383  0.3407397  0.06434166 0.08833607 0.4315794  0.6509915 ]
1470,2,1,3,4,0,[-0.09034837 -0.2427526   0.10469545  0.06127599 -0.10406499  0.0588617 ]
1471,2,1,3,4,1,[-0.35838675 -0.61520255 -0.32042626 -0.2972073   0.1485501  -0.20641725]
1472,2,1,3,4,2,[-0.53349304 -0.24906577 -0.14918074  0.11147833  0.46695164 -0.02797468]
1473,2,1,3,4,3,[-0.48695812 -0.2931697   0.40386245 -0.18528035 -0.619007   -0.21077794]
1474,2,1,3,4,4,[0.14823453 0.45117372 0.13811138 0.11889611 0.5579665  0.9152082 ]
1475,2,1,4,0,0,[ 0.10377884  0.1493437  -0.06958398  0.14711714  0.06178008  0.13276522]
1476,2,1,4,0,1,[-0.26010203 -0.34161887 -0.3910876  -0.22845475 -0.01924431 -0.42784092]
1477,2,1,4,0,2,[-0.2546012  -0.02829019 -0.2177319   0.05988266  0.22236992 -0.09950269]
1478,2,1,4,0,3,[-0.04002451  0.25527444  0.06293403  0.08186796 -0.11548656  0.08747777]
1479,2,1,4,0,4,[ 0.11084887  0.33855218 -0.03961058  0.08772881  0.2933136   0.42632103]
1480,2,1,4,1,0,[-0.02207868 -0.45653802 -0.11326719  0.03672917 -0.1824347  -0.09925009]
1481,2,1,4,1,1,[ 0.00852311 -0.3139897  -0.7858459  -0.23102848  0.41552624  0.03937066]
1482,2,1,4,1,2,[-0.62790173 -0.7773662  -0.49513108  0.04651398  0.46182767 -0.5504144 ]
1483,2,1,4,1,3,[-0.11619952  0.06829648  0.3978962  -0.10837899 -0.4732964   0.35056058]
1484,2,1,4,1,4,[ 0.18227187  0.24280919 -0.07709081  0.07899944  0.51163334  0.7283255 ]
1485,2,1,4,2,0,[ 0.00994962 -0.19896325 -0.07131556  0.04974395 -0.08890098 -0.05086032]
1486,2,1,4,2,1,[-0.07918375 -0.28610575 -0.4792257  -0.1819937   0.16578963 -0.15787454]
1487,2,1,4,2,2,[-0.3595638  -0.35590115 -0.29804444  0.04640967  0.28604218 -0.2903275 ]
1488,2,1,4,2,3,[-0.11986389  0.02575261  0.21188837 -0.05976899 -0.3178167   0.08981255]
1489,2,1,4,2,4,[ 0.1291277   0.22502996 -0.04239117  0.06535729  0.33724812  0.47434953]
1490,2,1,4,3,0,[ 0.07460776 -0.03385473 -0.08708756  0.11631612 -0.02795927  0.03629128]
1491,2,1,4,3,1,[-0.21470357 -0.4173305  -0.54366755 -0.27281055  0.06471793 -0.4081753 ]
1492,2,1,4,3,2,[-0.3671433  -0.22148389 -0.3187941   0.06651655  0.31206003 -0.2358087 ]
1493,2,1,4,3,3,[-0.12224102  0.14125407  0.16728927 -0.00481135 -0.299297    0.05627251]
1494,2,1,4,3,4,[ 0.15962899  0.3614779  -0.04835505  0.09395448  0.3929933   0.56562364]
1495,2,1,4,4,0,[-0.10021207 -0.25243726 -0.07318346  0.05891244 -0.21098246 -0.1344767 ]
1496,2,1,4,4,1,[-0.38357753 -0.60504746 -0.6414985  -0.32338893  0.02582125 -0.5154188 ]
1497,2,1,4,4,2,[-0.5520809  -0.23041044 -0.38329437  0.10985973  0.3792036  -0.23367466]
1498,2,1,4,4,3,[-0.5035985  -0.29301652  0.29494497 -0.19283856 -0.71494156 -0.35189417]
1499,2,1,4,4,4,[ 0.14855294  0.47628984 -0.01816427  0.11904547  0.4958083   0.78730017]
1500,2,2,0,0,0,[0.38103396 0.5770858  0.23339948 0.72305065 0.45286086 0.57749784]
1501,2,2,0,0,1,[-0.56077003 -0.4006373   0.1068561   0.08264717  0.21311137 -0.49845162]
1502,2,2,0,0,2,[-0.31485477  0.18052576  0.1702187   0.4968929   0.55136895  0.02544588]
1503,2,2,0,0,3,[0.42164543 0.68360555 0.42041194 0.7761884  0.22740959 0.67845976]
1504,2,2,0,0,4,[0.2500659  0.7660341  0.20758972 0.46957803 0.66980237 0.8250903 ]
1505,2,2,0,1,0,[-0.8338161  -1.1294185   0.20533268  0.4156129  -0.7255773  -1.3705004 ]
1506,2,2,0,1,1,[-1.5050386  -1.2356541   0.15708005 -0.05966124  0.11110702 -1.3669357 ]
1507,2,2,0,1,2,[-1.8979639  -1.7966634   0.06300539  0.40516704  0.11156957 -2.3263571 ]
1508,2,2,0,1,3,[-0.7891027  -0.5415013   0.74239534  0.24412018 -1.3345236  -0.69713086]
1509,2,2,0,1,4,[-0.44064242  0.05735002  0.23281455  0.37608445  0.39882624  0.03331464]
1510,2,2,0,2,0,[-0.31437555 -0.37533718  0.16343708  0.3830686  -0.2296114  -0.51097876]
1511,2,2,0,2,1,[-0.9134588  -0.7350743   0.10917558 -0.02291662  0.07809289 -0.8488798 ]
1512,2,2,0,2,2,[-0.97517955 -0.7225431   0.08717349  0.34223258  0.23411877 -1.0315746 ]
1513,2,2,0,2,3,[-0.36234266 -0.17366293  0.46586052  0.27896568 -0.65933985 -0.2886283 ]
1514,2,2,0,2,4,[-0.12738875  0.29940072  0.17653653  0.31388086  0.41204053  0.29947883]
1515,2,2,0,3,0,[0.04722285 0.14925373 0.25221914 0.689825   0.14349915 0.0581418 ]
1516,2,2,0,3,1,[-0.9319565  -0.72039926  0.13732979  0.02597391  0.1604383  -0.86566156]
1517,2,2,0,3,2,[-0.7813486  -0.27722389  0.17095786  0.53236604  0.50288224 -0.569497  ]
1518,2,2,0,3,3,[ 0.0050166   0.2837642   0.5507416   0.64222425 -0.2958651   0.19188538]
1519,2,2,0,3,4,[0.09135959 0.704072   0.24642776 0.49383843 0.69135886 0.73985755]
1520,2,2,0,4,0,[-0.44709104 -0.25166202  0.30892846  0.5685387  -0.29418528 -0.49102676]
1521,2,2,0,4,1,[-1.5310248  -1.1578137   0.21759911 -0.11006293 -0.12351522 -1.4130783 ]
1522,2,2,0,4,2,[-1.2048165  -0.31352556  0.2647532   0.6114981   0.44980672 -0.7580913 ]
1523,2,2,0,4,3,[-0.9127225  -0.6332333   0.66112703  0.24966966 -1.2238163  -0.9452012 ]
1524,2,2,0,4,4,[-0.07717749  0.87451375  0.34513173  0.52301556  0.74147844  0.8808586 ]
1525,2,2,1,0,0,[0.5460274  0.7678568  0.29999673 0.8028966  0.58263427 0.8601991 ]
1526,2,2,1,0,1,[-0.44362354 -0.29656798  0.10359519  0.09845246  0.35299942 -0.32228017]
1527,2,2,1,0,2,[-0.20458247  0.32420367  0.19164748  0.5622987   0.6812989   0.24287714]
1528,2,2,1,0,3,[0.5879092  1.023973   0.54192674 0.8513933  0.4432563  1.1042727 ]
1529,2,2,1,0,4,[0.38172525 0.93129927 0.25988486 0.52532154 0.789945   1.0765237 ]
1530,2,2,1,1,0,[-0.56369936 -0.9886049   0.31375882  0.48251748 -0.542889   -0.989818  ]
1531,2,2,1,1,1,[-1.1856451  -1.0862353   0.11724214 -0.03228575  0.4342492  -1.0137084 ]
1532,2,2,1,1,2,[-1.7130716  -1.7622147   0.0525314   0.47466084  0.3468032  -2.0979788 ]
1533,2,2,1,1,3,[-0.47336468  0.00236103  1.0197574   0.3000394  -0.9603909   0.12031502]
1534,2,2,1,1,4,[-0.19746678  0.21886636  0.31318247  0.43488866  0.61054033  0.41128984]
1535,2,2,1,2,0,[-0.13550226 -0.25214538  0.23793447  0.4389201  -0.10750381 -0.24627091]
1536,2,2,1,2,1,[-0.7226305  -0.63128555  0.09332512 -0.00294821  0.2726458  -0.62546587]
1537,2,2,1,2,2,[-0.8484139  -0.65500313  0.09140045  0.39855877  0.38504803 -0.85099137]
1538,2,2,1,2,3,[-0.16786133  0.17840697  0.6377526   0.32489458 -0.42333934  0.21948425]
1539,2,2,1,2,4,[0.03163357 0.42998877 0.2333784  0.36058277 0.54907656 0.5595289 ]
1540,2,2,1,3,0,[0.26520184 0.35029826 0.3424393  0.7752073  0.30030054 0.40409076]
1541,2,2,1,3,1,[-0.73702604 -0.5878544   0.12709446  0.0472028   0.36745945 -0.61501575]
1542,2,2,1,3,2,[-0.6274932  -0.13583852  0.18967113  0.61044943  0.6787693  -0.3121892 ]
1543,2,2,1,3,3,[ 0.22903134  0.7161789   0.73519194  0.71647686 -0.01553743  0.77305984]
1544,2,2,1,3,4,[0.27670375 0.89488    0.31664166 0.5589473  0.85255396 1.0650848 ]
1545,2,2,1,4,0,[-0.17647375 -0.00103361  0.44819126  0.6740482  -0.1103665  -0.03229921]
1546,2,2,1,4,1,[-1.2631074  -0.9584678   0.2319942  -0.06039669  0.15902025 -1.0272352 ]
1547,2,2,1,4,2,[-0.990401   -0.0889854   0.30884427  0.7312157   0.68508846 -0.36568004]
1548,2,2,1,4,3,[-0.65879214 -0.11687859  0.93303704  0.32431018 -0.8906941  -0.20789018]
1549,2,2,1,4,4,[0.17231347 1.1440296  0.45618272 0.6166338  0.9546634  1.344626  ]
1550,2,2,2,0,0,[0.6401999  0.9266202  0.28798842 0.82908267 0.6215036  1.0114672 ]
1551,2,2,2,0,1,[-0.3424475  -0.08891107  0.02204441  0.10955467  0.43123943 -0.17580783]
1552,2,2,2,0,2,[-0.10507979  0.5010431   0.14322741  0.58924437  0.718635    0.3990193 ]
1553,2,2,2,0,3,[0.69502306 1.3002787  0.5778592  0.8776141  0.58490515 1.3910247 ]
1554,2,2,2,0,4,[0.4563744  1.0524588  0.24409087 0.54471606 0.81156707 1.191156  ]
1555,2,2,2,1,0,[-0.35378543 -0.7146829   0.25677916  0.5084539  -0.4404771  -0.71364355]
1556,2,2,2,1,1,[-0.90774745 -0.6554594  -0.09455962 -0.00939677  0.6405924  -0.7046799 ]
1557,2,2,2,1,2,[-1.4818527  -1.4585749  -0.09806184  0.5059983   0.45710352 -1.8246512 ]
1558,2,2,2,1,3,[-0.21316427  0.5730336   1.0938131   0.33157164 -0.6404515   0.7519171 ]
1559,2,2,2,1,4,[-0.02567115  0.42482674  0.25029615  0.45665967  0.6812187   0.61570203]
1560,2,2,2,2,0,[-0.00646925 -0.07644404  0.21007192  0.46057498 -0.05272565 -0.07135972]
1561,2,2,2,2,1,[-0.55684876 -0.36187503 -0.02815647  0.01396113  0.39312524 -0.43079492]
1562,2,2,2,2,2,[-0.7063275  -0.45740905  0.00843103  0.42430785  0.4445814  -0.6737516 ]
1563,2,2,2,2,3,[-0.01187647  0.5310809   0.6865106   0.34869277 -0.23199256  0.6047728 ]
1564,2,2,2,2,4,[0.13722752 0.5635872  0.2013425  0.37843072 0.58508474 0.6910533 ]
1565,2,2,2,3,0,[0.4066263  0.56141937 0.3193701  0.8062657  0.35720438 0.61011785]
1566,2,2,2,3,1,[-0.567693   -0.286884    0.00218525  0.06566877  0.49117506 -0.39857614]
1567,2,2,2,3,2,[-0.47351277  0.10190965  0.10985503  0.645245    0.73816735 -0.09979097]
1568,2,2,2,3,3,[0.39411476 1.1106122  0.78947324 0.74830174 0.19193882 1.194064  ]
1569,2,2,2,3,4,[0.39127705 1.0563278  0.2884283  0.5833581  0.8873039  1.2214167 ]
1570,2,2,2,4,0,[ 0.01540888  0.29061958  0.42633793  0.7205865  -0.04270446  0.25463548]
1571,2,2,2,4,1,[-1.024473   -0.5238974   0.07556769 -0.02157825  0.33349192 -0.7014606 ]
1572,2,2,2,4,2,[-0.77426505  0.25511697  0.21045843  0.78903824  0.7634635  -0.05530229]
1573,2,2,2,4,3,[-0.43710107  0.41612232  1.0184339   0.3706134  -0.6155743   0.36794198]
1574,2,2,2,4,4,[0.33165127 1.3743689  0.4261263  0.6563012  0.99745625 1.5700777 ]
1575,2,2,3,0,0,[0.6159055  0.89138335 0.32801905 0.8471947  0.6422938  1.0026191 ]
1576,2,2,3,0,1,[-0.41330785 -0.19363524  0.09988705  0.10607659  0.42817295 -0.22003882]
1577,2,2,3,0,2,[-0.16445883  0.43626153  0.19896236  0.5972631   0.7439827   0.36202452]
1578,2,2,3,0,3,[0.66694826 1.2247007  0.601541   0.89718103 0.55267185 1.3289858 ]
1579,2,2,3,0,4,[0.43507573 1.0390143  0.28140533 0.55542123 0.84601575 1.2035613 ]
1580,2,2,3,1,0,[-0.47198603 -0.86251014  0.35389787  0.5177346  -0.46868917 -0.8101165 ]
1581,2,2,3,1,1,[-1.0900362  -0.88848436  0.10249558 -0.01948463  0.61369985 -0.78982514]
1582,2,2,3,1,2,[-1.6631402  -1.6596886   0.03980955  0.5124682   0.4607233  -1.9676709 ]
1583,2,2,3,1,3,[-0.34667918  0.3368934   1.1501575   0.3306003  -0.7848117   0.53730667]
1584,2,2,3,1,4,[-0.112624    0.35130093  0.3424208   0.46568862  0.70658404  0.5961244 ]
1585,2,2,3,2,0,[-0.07061478 -0.15622042  0.2671942   0.46887434 -0.05764328 -0.11926133]
1586,2,2,3,2,1,[-0.6662169  -0.5058254   0.08736029  0.00658523  0.37869892 -0.48749793]
1587,2,2,3,2,2,[-0.80911154 -0.56860155  0.08997143  0.42906937  0.45700356 -0.7488706 ]
1588,2,2,3,2,3,[-0.08767018  0.39232156  0.7189595   0.3511409  -0.31203842  0.47892022]
1589,2,2,3,2,4,[0.09008753 0.5271916  0.25563622 0.38530245 0.61071056 0.68804806]
1590,2,2,3,3,0,[0.3508866  0.48986128 0.37936008 0.8220374  0.3681151  0.5744928 ]
1591,2,2,3,3,1,[-0.681846   -0.4439046   0.12188292  0.05762861  0.47945446 -0.4644388 ]
1592,2,2,3,3,2,[-0.57499254 -0.00685418  0.19490552  0.6524978   0.7628083  -0.16910753]
1593,2,2,3,3,3,[0.32768402 0.97486806 0.8237903  0.7609948  0.12114211 1.0741892 ]
1594,2,2,3,3,4,[0.34839007 1.0260186  0.34511438 0.5938658  0.926111   1.2278194 ]
1595,2,2,3,4,0,[-0.07584921  0.17517446  0.50596327  0.72873294 -0.04022045  0.18748556]
1596,2,2,3,4,1,[-1.1875887  -0.7525242   0.2376566  -0.03927856  0.30472612 -0.80529815]
1597,2,2,3,4,2,[-0.91462547  0.10411566  0.32730794  0.79429173  0.7923368  -0.1489053 ]
1598,2,2,3,4,3,[-0.5588816   0.19326103  1.0598477   0.3644601  -0.73889434  0.16091844]
1599,2,2,3,4,4,[0.26806504 1.3274016  0.50299007 0.66490066 1.0469886  1.5746254 ]
1600,2,2,4,0,0,[0.65694916 0.96703464 0.29785377 0.89545894 0.6440906  1.0325274 ]
1601,2,2,4,0,1,[-0.41664317 -0.12609299  0.02759129  0.11770133  0.43409243 -0.24169849]
1602,2,2,4,0,2,[-0.15204348  0.5129538   0.15290432  0.6336075   0.75362265  0.378318  ]
1603,2,2,4,0,3,[0.71646374 1.3309478  0.6000017  0.9510753  0.57410204 1.4031839 ]
1604,2,2,4,0,4,[0.4636946  1.1154307  0.25427222 0.5871586  0.8592136  1.2429234 ]
1605,2,2,4,1,0,[-0.48367193 -0.8400575   0.24944724  0.54248327 -0.5581141  -0.91424453]
1606,2,2,4,1,1,[-1.1101747  -0.76261455 -0.08806492 -0.01848508  0.6065877  -0.8744228 ]
1607,2,2,4,1,2,[-1.7054844  -1.6229442  -0.10351975  0.5391908   0.425919   -2.086275  ]
1608,2,2,4,1,3,[-0.34585163  0.4521409   1.1197629   0.3494046  -0.8460593   0.55981445]
1609,2,2,4,1,4,[-0.10927214  0.42025003  0.25246903  0.48770058  0.68073726  0.5653101 ]
1610,2,2,4,2,0,[-0.06733251 -0.12585878  0.20864119  0.49314392 -0.10451478 -0.16476327]
1611,2,2,4,2,1,[-0.67948467 -0.42753375 -0.02361425  0.00963253  0.37328467 -0.53737754]
1612,2,2,4,2,2,[-0.82580286 -0.52568907  0.009053    0.4528301   0.44102296 -0.7991143 ]
1613,2,2,4,2,3,[-0.0803716   0.47041154  0.7034683   0.37203568 -0.34277067  0.50021446]
1614,2,2,4,2,4,[0.09942573 0.583536   0.205389   0.40490675 0.6005848  0.6849939 ]
1615,2,2,4,3,0,[0.37896168 0.55733526 0.32474253 0.8678072  0.33909163 0.5657389 ]
1616,2,2,4,3,1,[-0.69243836 -0.35273075  0.00846071  0.0669765   0.47835627 -0.5091953 ]
1617,2,2,4,3,2,[-0.5759733   0.07168062  0.11694826  0.69130343  0.7586924  -0.18631877]
1618,2,2,4,3,3,[0.3612966  1.087963   0.8133579  0.8071375  0.11319846 1.1308455 ]
1619,2,2,4,3,4,[0.37305737 1.1111991  0.29767248 0.62667716 0.9280143  1.2528322 ]
1620,2,2,4,4,0,[-0.07439534  0.23734498  0.42759418  0.7655642  -0.11805166  0.13226464]
1621,2,2,4,4,1,[-1.2230552  -0.6368945   0.08377554 -0.03865246  0.2775968  -0.88505334]
1622,2,2,4,4,2,[-0.93008894  0.21413498  0.22129503  0.83751464  0.7647552  -0.17923068]
1623,2,2,4,4,3,[-0.5747409   0.28416684  1.0379393   0.38639426 -0.80626565  0.15715556]
1624,2,2,4,4,4,[0.2850029 1.4369574 0.43766   0.698228  1.0304705 1.5944461]
1625,2,3,0,0,0,[0.067221   0.15552324 0.07131805 0.24165113 0.02137902 0.12844087]
1626,2,3,0,0,1,[-0.39558333 -0.29338145 -0.0460621  -0.11116681 -0.02166025 -0.3434286 ]
1627,2,3,0,0,2,[-0.28038096  0.03199713  0.031371    0.14651026  0.16201967 -0.04605368]
1628,2,3,0,0,3,[ 0.01135056  0.14766103  0.1635477   0.23061384 -0.15022133  0.05977109]
1629,2,3,0,0,4,[0.05954415 0.35131094 0.07821018 0.15296377 0.23416455 0.3906122 ]
1630,2,3,0,1,0,[-0.45544514 -0.5360052   0.0824761   0.10323103 -0.5159929  -0.53213084]
1631,2,3,0,1,1,[-0.70210004 -0.35864887 -0.06125732 -0.15537722  0.14369588 -0.21375808]
1632,2,3,0,1,2,[-1.0218798  -0.7449573  -0.02337338  0.12022314  0.10030165 -0.83554757]
1633,2,3,0,1,3,[-0.5114048  -0.3042928   0.39210838 -0.01682793 -0.9070598  -0.33842885]
1634,2,3,0,1,4,[-0.19531345  0.19945617  0.11372599  0.12228853  0.20510627  0.34586504]
1635,2,3,0,2,0,[-0.21068563 -0.22498417  0.05925654  0.1061783  -0.25929064 -0.2482021 ]
1636,2,3,0,2,1,[-0.46488893 -0.28581288 -0.03958382 -0.11617546  0.03228039 -0.24912246]
1637,2,3,0,2,2,[-0.55488425 -0.31223446  0.00189695  0.10340017  0.09601219 -0.39136264]
1638,2,3,0,2,3,[-0.29849687 -0.17505786  0.22981253  0.02492342 -0.53475374 -0.24348767]
1639,2,3,0,2,4,[-0.06875869  0.21470317  0.08031828  0.10213124  0.17223604  0.2885353 ]
1640,2,3,0,3,0,[-0.08804677 -0.04100119  0.08220834  0.21283463 -0.15603082 -0.08102345]
1641,2,3,0,3,1,[-0.5445553  -0.38019747 -0.0544391  -0.15381809 -0.01543687 -0.4018994 ]
1642,2,3,0,3,2,[-0.5085237  -0.15090857  0.02462829  0.15731683  0.1587492  -0.25546035]
1643,2,3,0,3,3,[-0.2002169  -0.04637655  0.24189371  0.1455895  -0.45145515 -0.15879744]
1644,2,3,0,3,4,[0.0015471  0.36669973 0.10137395 0.15894783 0.2549363  0.4330204 ]
1645,2,3,0,4,0,[-0.3492404  -0.26516813  0.11410513  0.14127281 -0.44100994 -0.3610871 ]
1646,2,3,0,4,1,[-0.8503574  -0.58130306 -0.03190795 -0.23229836 -0.165672   -0.61536366]
1647,2,3,0,4,2,[-0.7406964  -0.14146218  0.06485287  0.19486462  0.11703473 -0.29791632]
1648,2,3,0,4,3,[-0.69346374 -0.55901474  0.31427836 -0.06851401 -1.0009257  -0.77408636]
1649,2,3,0,4,4,[-0.0800026   0.47550908  0.15743561  0.17080899  0.26126274  0.5562334 ]
1650,2,3,1,0,0,[0.15739378 0.2354969  0.10442182 0.2585974  0.08538767 0.28141272]
1651,2,3,1,0,1,[-0.31508294 -0.2794067  -0.07305045 -0.13148691  0.03983142 -0.2676556 ]
1652,2,3,1,0,2,[-0.21700628  0.08619332  0.02910615  0.16068019  0.23197566  0.07340387]
1653,2,3,1,0,3,[ 0.07601755  0.30619273  0.22383279  0.23196898 -0.04826133  0.26769915]
1654,2,3,1,0,4,[0.13941881 0.4278729  0.10578483 0.16587807 0.3013594  0.53981894]
1655,2,3,1,1,0,[-0.23560685 -0.45722297  0.15880655  0.12430662 -0.37040755 -0.22389428]
1656,2,3,1,1,1,[-0.42059675 -0.30946368 -0.12788107 -0.15732817  0.3464973   0.03083186]
1657,2,3,1,1,2,[-0.8552078  -0.7309733  -0.04367873  0.14456317  0.27840427 -0.620869  ]
1658,2,3,1,1,3,"[-2.9206753e-01  5.1716447e-04  5.7238913e-01 -9.6423067e-03
 -6.5292883e-01  1.9557211e-01]"
1659,2,3,1,1,4,[0.00513476 0.29728964 0.17067382 0.14494808 0.36631754 0.65096426]
1660,2,3,1,2,0,[-0.07654953 -0.16408724  0.10820655  0.12201286 -0.171305   -0.05531862]
1661,2,3,1,2,1,[-0.302089   -0.2575959  -0.07541707 -0.12134952  0.14834946 -0.10698435]
1662,2,3,1,2,2,[-0.4517084  -0.2848625  -0.00657183  0.12193434  0.20326479 -0.24982445]
1663,2,3,1,2,3,[-0.17568772  0.01280826  0.3373901   0.02755842 -0.38536274  0.07033887]
1664,2,3,1,2,4,[0.05425788 0.2865334  0.11805585 0.11843814 0.27061486 0.4818002 ]
1665,2,3,1,3,0,[ 0.05421299  0.04843858  0.13433228  0.2326052  -0.06223482  0.13528082]
1666,2,3,1,3,1,[-0.39032313 -0.35425782 -0.09310341 -0.17216463  0.09312654 -0.26794103]
1667,2,3,1,3,2,[-0.40047446 -0.09604365  0.01904369  0.1779984   0.2688993  -0.08972955]
1668,2,3,1,3,3,[-0.08428262  0.16858414  0.34693676  0.14574571 -0.29665744  0.1635447 ]
1669,2,3,1,3,4,[0.13085084 0.46172905 0.14310767 0.17705254 0.35808688 0.6486768 ]
1670,2,3,1,4,0,[-0.15929925 -0.14662988  0.20306708  0.17724498 -0.31195393 -0.04930459]
1671,2,3,1,4,1,[-0.6323287  -0.52571297 -0.05738196 -0.22751914  0.00346234 -0.3792221 ]
1672,2,3,1,4,2,[-0.58797246 -0.04186889  0.07236858  0.2418649   0.28011617 -0.03267679]
1673,2,3,1,4,3,[-0.541131   -0.29242355  0.4845952  -0.06064802 -0.7934924  -0.32701054]
1674,2,3,1,4,4,[0.09992395 0.61659664 0.22860654 0.20860878 0.41121867 0.8777015 ]
1675,2,3,2,0,0,[0.20772956 0.31556585 0.0717797  0.2622546  0.09968853 0.33819503]
1676,2,3,2,0,1,[-0.26098856 -0.18373941 -0.17127891 -0.13987432  0.05918524 -0.24957262]
1677,2,3,2,0,2,[-0.16333112  0.17734675 -0.03535789  0.16555297  0.24375337  0.12745565]
1678,2,3,2,0,3,[0.12550408 0.4496157  0.22485319 0.23152252 0.0215544  0.398329  ]
1679,2,3,2,0,4,[0.18143712 0.4905983  0.07418225 0.16902195 0.30929357 0.58361685]
1680,2,3,2,1,0,[-0.09555557 -0.30199394  0.07532497  0.13128528 -0.3122306  -0.09768851]
1681,2,3,2,1,1,[-0.2390357  -0.08609679 -0.36331642 -0.15616058  0.42678294  0.09599102]
1682,2,3,2,1,2,[-0.7048094  -0.55649877 -0.20792362  0.15425573  0.3349338  -0.51101494]
1683,2,3,2,1,3,[-0.13120063  0.32108653  0.5845197  -0.00221196 -0.46776584  0.5309895 ]
1684,2,3,2,1,4,[0.12181956 0.41696557 0.08798771 0.1519596  0.4078973  0.74317145]
1685,2,3,2,2,0,[ 0.00652864 -0.06705906  0.06100063  0.12747595 -0.14140926  0.02187561]
1686,2,3,2,2,1,[-0.196684   -0.1211051  -0.21367663 -0.12163295  0.19272485 -0.06702999]
1687,2,3,2,2,2,[-0.3620191  -0.17403707 -0.10166482  0.12980826  0.23247361 -0.18012814]
1688,2,3,2,2,3,[-0.0836091   0.20759392  0.34572345  0.03158078 -0.27743614  0.26932597]
1689,2,3,2,2,4,[0.12390417 0.36228123 0.07129738 0.12385814 0.29146203 0.53980887]
1690,2,3,2,3,0,[ 0.13900258  0.15983747  0.08550715  0.23865105 -0.03555514  0.21983604]
1691,2,3,2,3,1,[-0.28869647 -0.20842181 -0.2396696  -0.1776001   0.1323992  -0.2305841 ]
1692,2,3,2,3,2,[-0.3086775   0.03172883 -0.07932719  0.18678927  0.2938607  -0.010556  ]
1693,2,3,2,3,3,[ 0.00447627  0.38015828  0.3534377   0.14776173 -0.18622138  0.3693714 ]
1694,2,3,2,3,4,[0.20207131 0.5491931  0.09514096 0.18283786 0.37540975 0.713471  ]
1695,2,3,2,4,0,[-0.04341435  0.01180023  0.14420095  0.1915998  -0.27457288  0.07722729]
1696,2,3,2,4,1,[-0.49171108 -0.30828738 -0.2464524  -0.22305812  0.06753994 -0.30200016]
1697,2,3,2,4,2,[-0.46203804  0.14715041 -0.05515378  0.261786    0.3183963   0.09174529]
1698,2,3,2,4,3,[-0.4167353  -0.00118231  0.5044551  -0.0497191  -0.639353   -0.03330472]
1699,2,3,2,4,4,[0.19827612 0.7448783  0.16933446 0.22249955 0.4373141  0.9784079 ]
1700,2,3,3,0,0,[0.18615448 0.2965007  0.11598936 0.26869974 0.1118091  0.35291597]
1701,2,3,3,0,1,[-0.30707404 -0.23173955 -0.08705942 -0.14392355  0.07285162 -0.22337463]
1702,2,3,3,0,2,[-0.2038756   0.14540367  0.02535949  0.16738853  0.2639517   0.13690516]
1703,2,3,3,0,3,[0.10073173 0.40556428 0.25246197 0.23813003 0.00090154 0.37409195]
1704,2,3,3,0,4,[0.16396822 0.48538378 0.11511636 0.17258683 0.33079338 0.61064905]
1705,2,3,3,1,0,[-0.17268021 -0.36979195  0.1861152   0.13465407 -0.3121409  -0.08424174]
1706,2,3,3,1,1,[-0.35050783 -0.1798917  -0.14924312 -0.16125178  0.46138203  0.19054396]
1707,2,3,3,1,2,[-0.818309   -0.64837915 -0.0562296   0.15745346  0.364579   -0.50198954]
1708,2,3,3,1,3,[-0.21758142  0.19899625  0.6548954  -0.00528071 -0.5406246   0.45728055]
1709,2,3,3,1,4,[0.06517631 0.39092085 0.19080964 0.15602478 0.4386754  0.7953429 ]
1710,2,3,3,2,0,[-0.03675555 -0.10493132  0.12620707  0.13026819 -0.13710192  0.03227546]
1711,2,3,3,2,1,[-0.2640434  -0.1816658  -0.08789272 -0.12596568  0.21220566 -0.01693839]
1712,2,3,3,2,2,[-0.4271301  -0.22566526 -0.01181098  0.13161682  0.25370294 -0.17147554]
1713,2,3,3,2,3,[-0.1340593   0.13387677  0.38649935  0.0306129  -0.3196479   0.22356087]
1714,2,3,3,2,4,[0.09222573 0.3493021  0.131958   0.12658818 0.31377727 0.57347727]
1715,2,3,3,3,0,[ 0.09797978  0.12412018  0.15326372  0.2438279  -0.02519093  0.23477882]
1716,2,3,3,3,1,[-0.3607752  -0.27746204 -0.10947849 -0.18378294  0.1522102  -0.18531832]
1717,2,3,3,3,2,[-0.37503877 -0.02008135  0.01410515  0.18841323  0.3198522   0.000495  ]
1718,2,3,3,3,3,[-0.04352392  0.30529797  0.39558786  0.15058738 -0.22616787  0.3237361 ]
1719,2,3,3,3,4,[0.17109092 0.5380212  0.15812758 0.18633753 0.40310058 0.7511204 ]
1720,2,3,3,4,0,[-0.10344659 -0.04624524  0.23691897  0.19402644 -0.2666643   0.09000855]
1721,2,3,3,4,1,[-0.5887876  -0.4105009  -0.06802796 -0.2319535   0.08798517 -0.24560775]
1722,2,3,3,4,2,[-0.5485126   0.07528938  0.07493929  0.26461706  0.3517909   0.11071181]
1723,2,3,3,4,3,[-0.49544942 -0.12283593  0.5599621  -0.05632672 -0.70732135 -0.11682491]
1724,2,3,3,4,4,[0.15660359 0.72654647 0.25630462 0.22624959 0.47336873 1.0293285 ]
1725,2,3,4,0,0,[0.20154348 0.32433102 0.06897525 0.28615707 0.08689793 0.32696956]
1726,2,3,4,0,1,[-0.31372365 -0.20438278 -0.17969461 -0.14775127  0.04628171 -0.29365864]
1727,2,3,4,0,2,[-0.20096321  0.1813911  -0.03775078  0.17967002  0.24617234  0.10700144]
1728,2,3,4,0,3,[ 0.11755186  0.44599015  0.22875342  0.2571374  -0.01306916  0.37278304]
1729,2,3,4,0,4,[0.17582513 0.5201726  0.07381256 0.18378732 0.319396   0.6013247 ]
1730,2,3,4,1,0,[-0.1783579  -0.36209607  0.05845942  0.13887057 -0.40139425 -0.20725445]
1731,2,3,4,1,1,[-0.35351062 -0.10378279 -0.3794278  -0.17174137  0.40773967  0.04253794]
1732,2,3,4,1,2,[-0.83517724 -0.6183111  -0.22325538  0.16357443  0.3094421  -0.628226  ]
1733,2,3,4,1,3,[-0.22072823  0.2519745   0.5871073  -0.00502456 -0.6115005   0.40971133]
1734,2,3,4,1,4,[0.07020901 0.4313601  0.07969029 0.16138409 0.39517632 0.7293759 ]
1735,2,3,4,2,0,[-0.03697165 -0.09521753  0.05162171  0.1364078  -0.19033495 -0.03782771]
1736,2,3,4,2,1,[-0.26926816 -0.13896407 -0.22392395 -0.13267687  0.17615756 -0.11107924]
1737,2,3,4,2,2,[-0.43476912 -0.19988151 -0.10946403  0.13825823  0.22029778 -0.24090867]
1738,2,3,4,2,3,[-0.13503496  0.16593838  0.3469342   0.03413197 -0.3626076   0.19309875]
1739,2,3,4,2,4,[0.09750395 0.37880316 0.06722525 0.13225888 0.28821257 0.53835535]
1740,2,3,4,3,0,[ 0.10763718  0.1476588   0.07781245  0.2587511  -0.07494289  0.17462562]
1741,2,3,4,3,1,[-0.3682771  -0.23436184 -0.25151935 -0.19035508  0.11188518 -0.28878236]
1742,2,3,4,3,2,[-0.37701973  0.02005458 -0.085469    0.20093077  0.287396   -0.05996751]
1743,2,3,4,3,3,[-0.03479088  0.34885776  0.35617247  0.16418713 -0.26339948  0.30145326]
1744,2,3,4,3,4,[0.18232305 0.5789687  0.09246116 0.19725281 0.37967026 0.72414684]
1745,2,3,4,4,0,[-0.11064203 -0.02808752  0.131474    0.20132744 -0.35443234 -0.01518404]
1746,2,3,4,4,1,[-0.61266875 -0.35442325 -0.2614295  -0.24735929  0.01996897 -0.39694807]
1747,2,3,4,4,2,[-0.56101507  0.13329108 -0.06181369  0.27622274  0.2958487   0.02324351]
1748,2,3,4,4,3,[-0.51566607 -0.09459175  0.5022285  -0.05797093 -0.78705186 -0.18893784]
1749,2,3,4,4,4,[0.16184159 0.7801805  0.16592315 0.23514813 0.43139505 0.98441076]
1750,2,4,0,0,0,[ 0.0111857   0.05355011 -0.00661871  0.1355434   0.02829882  0.05998339]
1751,2,4,0,0,1,[-0.25701672 -0.27486485 -0.12271905 -0.10717373 -0.00325178 -0.24345465]
1752,2,4,0,0,2,[-0.24646047 -0.06197671 -0.06288172  0.07519818  0.15044245 -0.08674175]
1753,2,4,0,0,3,[-0.07652021  0.05015706  0.05256186  0.09357257 -0.15378986 -0.04127995]
1754,2,4,0,0,4,[0.02399558 0.20620908 0.01214145 0.08686889 0.1990668  0.27618125]
1755,2,4,0,1,0,[-0.25084767 -0.46841007 -0.01204167  0.044323   -0.2514233  -0.2807411 ]
1756,2,4,0,1,1,[-0.2931816  -0.34342197 -0.24314453 -0.13046555  0.21432982 -0.01462413]
1757,2,4,0,1,2,[-0.6902609  -0.6702439  -0.16788854  0.05336459  0.22240433 -0.5635379 ]
1758,2,4,0,1,3,[-0.31442937 -0.28782296  0.25511056 -0.06183534 -0.5905016  -0.14681609]
1759,2,4,0,1,4,[-0.06870188  0.07690823  0.01545274  0.06993794  0.2723063   0.35369173]
1760,2,4,0,2,0,[-0.1271825  -0.22318894 -0.00777298  0.0517381  -0.12330143 -0.1433942 ]
1761,2,4,0,2,1,[-0.22652553 -0.27010104 -0.14713442 -0.09917254  0.08266502 -0.11423479]
1762,2,4,0,2,2,[-0.39558002 -0.31945407 -0.0988716   0.05014993  0.15245202 -0.28967834]
1763,2,4,0,2,3,[-0.21303065 -0.17972454  0.13681051 -0.02581221 -0.36694336 -0.154295  ]
1764,2,4,0,2,4,[-0.02220654  0.10565785  0.01327732  0.05886216  0.1950787   0.25304034]
1765,2,4,0,3,0,[-0.07086722 -0.10665103 -0.00757562  0.11438156 -0.06417261 -0.05792423]
1766,2,4,0,3,1,[-0.3053766  -0.35648733 -0.1666454  -0.13645701  0.03423304 -0.24644105]
1767,2,4,0,3,2,[-0.39098692 -0.22384247 -0.09759752  0.080479    0.18831544 -0.22448085]
1768,2,4,0,3,3,[-0.19653912 -0.10434798  0.11595261  0.03159318 -0.34324646 -0.15648846]
1769,2,4,0,3,4,[0.00703606 0.20247081 0.01853789 0.09153208 0.24797656 0.33643425]
1770,2,4,0,4,0,[-0.2507032  -0.30315816  0.00306404  0.06014599 -0.22578438 -0.24165593]
1771,2,4,0,4,1,[-0.4938299  -0.536911   -0.1853465  -0.19156134 -0.02954746 -0.3672511 ]
1772,2,4,0,4,2,[-0.5746998  -0.26846236 -0.11369184  0.09812521  0.20589991 -0.27540514]
1773,2,4,0,4,3,[-0.53056675 -0.50219226  0.18012474 -0.12120694 -0.7078404  -0.5632371 ]
1774,2,4,0,4,4,[-0.04630027  0.25371864  0.04452017  0.09829496  0.29649937  0.44378254]
1775,2,4,1,0,0,[0.06491532 0.08894454 0.03086007 0.12867647 0.0919038  0.20740029]
1776,2,4,1,0,1,[-0.16301869 -0.30117056 -0.10731932 -0.12824447  0.07168291 -0.10412915]
1777,2,4,1,0,2,[-0.21121754 -0.05515324 -0.05380291  0.0743556   0.23098388  0.03862967]
1778,2,4,1,0,3,[-0.07472566  0.14108431  0.09199653  0.05276173 -0.09293852  0.10293208]
1779,2,4,1,0,4,[0.08080026 0.24378921 0.04789935 0.08610448 0.27036387 0.4266539 ]
1780,2,4,1,1,0,[-0.02336797 -0.4374103   0.11490873  0.05024656 -0.04739804  0.12128548]
1781,2,4,1,1,1,[ 0.06554411 -0.36796534 -0.2035129  -0.12862408  0.4730882   0.40211982]
1782,2,4,1,1,2,[-0.5146182  -0.7090123  -0.12718311  0.06160035  0.4648579  -0.24034676]
1783,2,4,1,1,3,[-0.10820919 -0.0873417   0.45273113 -0.07820623 -0.33235338  0.38925356]
1784,2,4,1,1,4,[0.13841191 0.12565422 0.11702188 0.08207317 0.47811085 0.7320381 ]
1785,2,4,1,2,0,[-0.00097041 -0.19853641  0.06563514  0.05409477 -0.00491998  0.0925383 ]
1786,2,4,1,2,1,[-0.02429714 -0.28965697 -0.12030767 -0.10199609  0.23216812  0.12918703]
1787,2,4,1,2,2,[-0.30024305 -0.3335897  -0.07842202  0.05645384  0.2948536  -0.10022455]
1788,2,4,1,2,3,[-0.11283659 -0.06029136  0.2475523  -0.04515036 -0.22411951  0.14611135]
1789,2,4,1,2,4,[0.09562077 0.14149408 0.07340275 0.06637907 0.3175371  0.4800595 ]
1790,2,4,1,3,0,[ 0.04367777 -0.06850976  0.06280393  0.11164287  0.04921057  0.18206887]
1791,2,4,1,3,1,[-0.11716829 -0.38590115 -0.13844618 -0.15224224  0.17352925 -0.00744207]
1792,2,4,1,3,2,[-0.3058316  -0.2261825  -0.07809965  0.08518296  0.3278491  -0.02608441]
1793,2,4,1,3,3,[-0.13370311  0.02566471  0.21015103 -0.00786236 -0.21767174  0.11854186]
1794,2,4,1,3,4,[0.11860621 0.24969505 0.07957596 0.09629574 0.36940807 0.57390577]
1795,2,4,1,4,0,[-0.08580866 -0.25069416  0.11896498  0.0736789  -0.05055821  0.11710689]
1796,2,4,1,4,1,[-0.22633891 -0.5594824  -0.12135506 -0.18112378  0.19685976  0.0164399 ]
1797,2,4,1,4,2,[-0.4552596  -0.25301257 -0.07945753  0.12289165  0.4206785   0.02632657]
1798,2,4,1,4,3,[-0.41794187 -0.33746403  0.34957224 -0.14768468 -0.50967276 -0.13898097]
1799,2,4,1,4,4,[0.11355539 0.32817176 0.140609   0.12068999 0.48297784 0.7980283 ]
1800,2,4,2,0,0,[ 0.09730364  0.13480423 -0.03178236  0.1239437   0.09414938  0.21169347]
1801,2,4,2,0,1,[-0.11916547 -0.2570196  -0.24576524 -0.13940513  0.061775   -0.16076568]
1802,2,4,2,0,2,[-0.17831996 -0.00610583 -0.15530297  0.07230099  0.22869942  0.02654741]
1803,2,4,2,0,3,[-0.0496847   0.23372371  0.06373002  0.03878124 -0.05366416  0.16351803]
1804,2,4,2,0,4,[ 0.10946061  0.27926627 -0.00962532  0.0838651   0.27052754  0.42785338]
1805,2,4,2,1,0,[ 0.10132848 -0.3396507  -0.02905697  0.04869466 -0.00901572  0.15379454]
1806,2,4,2,1,1,[ 0.23472178 -0.24920604 -0.5391165  -0.1341457   0.48495007  0.29525658]
1807,2,4,2,1,2,[-0.3902439  -0.6069953  -0.37018844  0.06073391  0.49077567 -0.25820956]
1808,2,4,2,1,3,[ 0.03233761  0.13410603  0.41308373 -0.08191528 -0.19400577  0.60212827]
1809,2,4,2,1,4,[ 0.24169765  0.19989479 -0.02063039  0.08246253  0.503749    0.7440504 ]
1810,2,4,2,2,0,[ 0.06877137 -0.1389613  -0.01964908  0.05294966  0.01373401  0.10995183]
1811,2,4,2,2,1,[ 0.0709261  -0.2189979  -0.31817582 -0.10651618  0.23653062  0.06511539]
1812,2,4,2,2,2,[-0.23078924 -0.27029186 -0.22313716  0.05681679  0.30669612 -0.11207082]
1813,2,4,2,2,3,[-0.03752009  0.0723698   0.22281222 -0.05020166 -0.14610381  0.2672383 ]
1814,2,4,2,2,4,[ 0.15408896  0.18737803 -0.00769379  0.0668868   0.32987115  0.48718834]
1815,2,4,2,3,0,[ 0.10896156 -0.00237427 -0.02828486  0.10877246  0.06209049  0.19690232]
1816,2,4,2,3,1,[-0.02790618 -0.31401187 -0.34650567 -0.16117454  0.17037678 -0.08063103]
1817,2,4,2,3,2,[-0.23975253 -0.1552397  -0.23041141  0.08552293  0.3339707  -0.03905067]
1818,2,4,2,3,3,[-0.07057022  0.16636768  0.17795303 -0.01967076 -0.14460492  0.23237002]
1819,2,4,2,3,4,[ 0.17451072  0.30097452 -0.00581436  0.09604681  0.3772237   0.5805963 ]
1820,2,4,2,4,0,[ 0.00207482 -0.15464258 -0.00016813  0.07372034 -0.02735808  0.14708406]
1821,2,4,2,4,1,[-0.109293   -0.44654116 -0.39933857 -0.18778831  0.20446189 -0.06524168]
1822,2,4,2,4,2,[-0.37118235 -0.14518067 -0.2869185   0.12562887  0.43522465  0.01573131]
1823,2,4,2,4,3,[-0.32358748 -0.14130622  0.31825957 -0.15401198 -0.39948633  0.03580472]
1824,2,4,2,4,4,[0.18794043 0.40535426 0.02706037 0.12334289 0.49882865 0.81559694]
1825,2,4,3,0,0,[0.07174604 0.12634544 0.0318916  0.12646872 0.11221123 0.25377125]
1826,2,4,3,0,1,[-0.16474281 -0.2790573  -0.12527266 -0.14459229  0.09573494 -0.07459318]
1827,2,4,3,0,2,[-0.21776263 -0.02219575 -0.06816059  0.07124545  0.2574117   0.07563637]
1828,2,4,3,0,3,[-0.07942606  0.20546798  0.10304367  0.04118872 -0.06501382  0.16459301]
1829,2,4,3,0,4,[0.08928363 0.28026214 0.04939521 0.08477357 0.29537067 0.4768674 ]
1830,2,4,3,1,0,[ 0.02714498 -0.3767986   0.13454823  0.0522413   0.01943369  0.2489121 ]
1831,2,4,3,1,1,[ 0.13268912 -0.28778115 -0.22784501 -0.13514508  0.5761034   0.5414525 ]
1832,2,4,3,1,2,[-0.49124482 -0.6581056  -0.14912716  0.06516422  0.55301255 -0.1401972 ]
1833,2,4,3,1,3,[-0.0515973   0.05425318  0.51854366 -0.08442405 -0.23204641  0.60496867]
1834,2,4,3,1,4,[0.18686435 0.19157994 0.13032162 0.08668254 0.5533449  0.86037403]
1835,2,4,3,2,0,[ 0.02635702 -0.15913339  0.07676856  0.05506098  0.03294741  0.16763285]
1836,2,4,3,2,1,[ 0.00908784 -0.24512209 -0.1353569  -0.10876753  0.28891987  0.20575415]
1837,2,4,3,2,2,[-0.28902557 -0.29821065 -0.09201165  0.05870873  0.3454757  -0.0397566 ]
1838,2,4,3,2,3,[-0.0873621   0.02404899  0.2839155  -0.0516247  -0.16872223  0.26625475]
1839,2,4,3,2,4,[0.12288257 0.18441926 0.08149093 0.06915665 0.36162323 0.5578942 ]
1840,2,4,3,3,0,[ 0.06576271 -0.02037728  0.07087217  0.1107866   0.08514622  0.2580566 ]
1841,2,4,3,3,1,[-0.09659502 -0.3450008  -0.15860428 -0.1672146   0.22317076  0.05814447]
1842,2,4,3,3,2,[-0.30152175 -0.18243249 -0.09502034  0.08494853  0.37581295  0.03583875]
1843,2,4,3,3,3,[-0.12128315  0.11758244  0.23991723 -0.01985015 -0.1665235   0.23056006]
1844,2,4,3,3,4,[0.1418726  0.2998876  0.08604947 0.09731338 0.4125406  0.6546504 ]
1845,2,4,3,4,0,[-0.05304454 -0.18567212  0.13948038  0.07751233  0.00154542  0.23160551]
1846,2,4,3,4,1,[-0.19255632 -0.49436063 -0.13738295 -0.18985933  0.27404985  0.12849194]
1847,2,4,3,4,2,[-0.4434492  -0.18256402 -0.09431078  0.131337    0.49342036  0.1301189 ]
1848,2,4,3,4,3,[-0.39742908 -0.22195354  0.40392706 -0.15885444 -0.43754435  0.02216499]
1849,2,4,3,4,4,[0.14981517 0.40195182 0.15688388 0.12827    0.5474471  0.9222427 ]
1850,2,4,4,0,0,[ 0.09032925  0.13782568 -0.04802511  0.13976492  0.08095102  0.18760125]
1851,2,4,4,0,1,[-0.160716   -0.27381316 -0.2768755  -0.14770108  0.04462124 -0.21693556]
1852,2,4,4,0,2,[-0.20906402 -0.0076504  -0.17571567  0.08041658  0.22587512 -0.00881287]
1853,2,4,4,0,3,[-0.05737087  0.2280672   0.05619258  0.05615737 -0.08327863  0.13225396]
1854,2,4,4,0,4,[ 0.10318796  0.2979483  -0.02237978  0.09327267  0.27514055  0.4273968 ]
1855,2,4,4,1,0,[ 0.03802585 -0.38913184 -0.07563903  0.05206653 -0.08318534  0.04020447]
1856,2,4,4,1,1,[ 0.14878984 -0.26390743 -0.6114927  -0.14855051  0.45400783  0.20498575]
1857,2,4,4,1,2,[-0.4889902  -0.6592963  -0.426337    0.06483239  0.4614712  -0.38694197]
1858,2,4,4,1,3,[-0.03513684  0.07804066  0.39010623 -0.0859504  -0.3082754   0.48783052]
1859,2,4,4,1,4,[ 0.20156136  0.20552462 -0.05692142  0.08764075  0.48758706  0.70532024]
1860,2,4,4,2,0,[ 0.03478587 -0.16361412 -0.04676168  0.05788491 -0.02755604  0.04534604]
1861,2,4,4,2,1,[ 0.01577218 -0.23379603 -0.3614611  -0.11685747  0.21396598  0.00125223]
1862,2,4,4,2,2,[-0.28672475 -0.2944047  -0.2554207   0.06096373  0.291315   -0.18330853]
1863,2,4,4,2,3,[-0.07678583  0.03797135  0.20893595 -0.04974831 -0.2142506   0.19510435]
1864,2,4,4,2,4,[ 0.13289595  0.19593677 -0.02851084  0.07175381  0.32339433  0.46835455]
1865,2,4,4,3,0,[ 0.08300896 -0.01613671 -0.05540717  0.12133226  0.02740179  0.14058957]
1866,2,4,4,3,1,[-0.08944384 -0.33533296 -0.39304963 -0.17365989  0.14395711 -0.15819101]
1867,2,4,4,3,2,[-0.29362234 -0.17010449 -0.26313072  0.09307321  0.32229102 -0.10494979]
1868,2,4,4,3,3,[-0.10159586  0.13897133  0.16425192 -0.00946686 -0.20748171  0.16436343]
1869,2,4,4,3,4,[ 0.15742643  0.3185518  -0.0266898   0.10483488  0.3760482   0.56876427]
1870,2,4,4,4,0,[-0.05135174 -0.1914917  -0.03794937  0.07792432 -0.09369252  0.04762007]
1871,2,4,4,4,1,[-0.20233655 -0.4844864  -0.46044943 -0.20968732  0.15436287 -0.18204659]
1872,2,4,4,4,2,[-0.44905406 -0.16517314 -0.32918546  0.132423    0.4095225  -0.07494562]
1873,2,4,4,4,3,[-0.3992487  -0.21666685  0.2957694  -0.16255248 -0.51652855 -0.10354732]
1874,2,4,4,4,4,"[ 1.5761228e-01  4.2464888e-01 -4.5461839e-04  1.3025463e-01
  4.8889661e-01  7.9329181e-01]"
1875,3,0,0,0,0,[0.18384798 0.07869511 0.49515265 0.5900236  0.22171904 0.12296963]
1876,3,0,0,0,1,[-0.83736813 -0.883502    0.3837288  -0.1270102   0.17926021 -0.7928822 ]
1877,3,0,0,0,2,[-0.52991855 -0.30555096  0.44148386  0.5021066   0.5791378  -0.44549587]
1878,3,0,0,0,3,[-0.03569928 -0.14450336  0.7030032   0.44819698 -0.40432486 -0.15131132]
1879,3,0,0,0,4,[0.26358885 0.7359786  0.4738835  0.45346972 0.82117444 0.9227191 ]
1880,3,0,0,1,0,[-1.2808216  -2.2438405   0.75181293  0.35017115 -0.87705606 -2.2327583 ]
1881,3,0,0,1,1,[-2.0323238  -2.0079098   0.7864536  -0.20442727  0.64208037 -1.4421562 ]
1882,3,0,0,1,2,[-2.7485619  -3.5601506   0.5459446   0.46332902  0.38887584 -3.9734476 ]
1883,3,0,0,1,3,[-1.3699294  -1.5918427   1.4337183  -0.01682926 -2.0991082  -1.5105379 ]
1884,3,0,0,1,4,[-0.5631494  -0.27014664  0.76192456  0.42825356  0.906463    0.07601003]
1885,3,0,0,2,0,[-0.5649271  -1.0322012   0.50318813  0.31606117 -0.35512578 -1.0513171 ]
1886,3,0,0,2,1,[-1.2420814  -1.2483729   0.48899677 -0.15951689  0.31629074 -0.9999061 ]
1887,3,0,0,2,2,[-1.4184227  -1.6602356   0.39909962  0.37525722  0.39764795 -1.9268402 ]
1888,3,0,0,2,3,[-0.7695763  -0.93299377  0.88083243  0.05835485 -1.2216446  -0.9552093 ]
1889,3,0,0,2,4,[-0.15934701  0.16848132  0.51092374  0.33861282  0.7243957   0.3728807 ]
1890,3,0,0,3,0,[-0.22805193 -0.56438315  0.62510943  0.5542987  -0.08325628 -0.5701631 ]
1891,3,0,0,3,1,[-1.3184817  -1.3521338   0.53793496 -0.21429475  0.2696467  -1.179667  ]
1892,3,0,0,3,2,[-1.1832463  -1.1411332   0.5321999   0.5458377   0.62150246 -1.4139739 ]
1893,3,0,0,3,3,[-0.54104304 -0.72342455  0.9833474   0.28645688 -1.0562983  -0.7736226 ]
1894,3,0,0,3,4,[0.08673111 0.6193031  0.6201538  0.49197567 0.98359025 0.8516743 ]
1895,3,0,0,4,0,[-0.6223625  -0.9864549   0.8809839   0.5536608  -0.42458525 -1.0525246 ]
1896,3,0,0,4,1,[-1.8702446  -1.8181006   0.85022867 -0.23638873  0.1829917  -1.5572953 ]
1897,3,0,0,4,2,[-1.5630416  -1.2220455   0.82521355  0.794621    0.7889924  -1.5767766 ]
1898,3,0,0,4,3,[-1.4526953  -1.8026859   1.3150419  -0.05333439 -2.0994608  -2.006511  ]
1899,3,0,0,4,4,[0.06891352 0.96024543 0.90844023 0.65122443 1.2911177  1.2858013 ]
1900,3,0,1,0,0,[0.51092553 0.42667243 0.6981124  0.6864801  0.5193433  0.71123046]
1901,3,0,1,0,1,[-0.54278296 -0.6194483   0.49168986 -0.11158788  0.51267993 -0.301444  ]
1902,3,0,1,0,2,[-0.26732597  0.00467578  0.55779403  0.5959424   0.89171284  0.05685281]
1903,3,0,1,0,3,[ 0.28201112  0.36698553  1.0008041   0.52671254 -0.00117015  0.6108954 ]
1904,3,0,1,0,4,[0.5448336  1.0645477  0.63795674 0.5310599  1.1062459  1.4672642 ]
1905,3,0,1,1,0,[-0.6916113  -1.8166169   1.1285965   0.4559145  -0.31533402 -1.2244031 ]
1906,3,0,1,1,1,[-1.3443068  -1.5407817   0.9632645  -0.15056534  1.4249713  -0.39576545]
1907,3,0,1,1,2,[-2.3046787 -3.295422   0.6999162  0.57899    1.021742  -3.2393725]
1908,3,0,1,1,3,[-0.71615607 -0.64484656  2.0755963   0.07015669 -1.2837996   0.08532547]
1909,3,0,1,1,4,[-0.03397564  0.17627783  1.0603195   0.52812284  1.4796351   1.0359614 ]
1910,3,0,1,2,0,[-0.18205595 -0.7212825   0.7476373   0.3952398   0.00223385 -0.39407164]
1911,3,0,1,2,1,[-0.8217147  -0.94338566  0.60939133 -0.1294834   0.7900016  -0.35455936]
1912,3,0,1,2,2,[-1.1203961 -1.4272867  0.5097031  0.4610975  0.7971884 -1.4191293]
1913,3,0,1,2,3,[-0.3649608  -0.33476508  1.2819511   0.12067247 -0.7157417   0.02702345]
1914,3,0,1,2,4,[0.18369462 0.48849085 0.70606184 0.4112653  1.0877414  1.0009147 ]
1915,3,0,1,3,0,[ 0.21838486 -0.14607827  0.9052504   0.66006994  0.32487687  0.20895164]
1916,3,0,1,3,1,[-0.873004   -0.99511635  0.6780156  -0.19649695  0.76847655 -0.47859183]
1917,3,0,1,3,2,[-0.82807535 -0.7893357   0.674007    0.654356    1.065834   -0.77807   ]
1918,3,0,1,3,3,[-0.09133211 -0.02983133  1.420748    0.36929664 -0.4905292   0.31120855]
1919,3,0,1,3,4,[0.48033914 1.0327001  0.8452429  0.58306235 1.3891553  1.5880626 ]
1920,3,0,1,4,0,[-0.00191422 -0.40217224  1.3008245   0.73168075  0.1376432   0.06011963]
1921,3,0,1,4,1,[-1.2120752  -1.2706412   1.1037678  -0.12416045  0.90879285 -0.46997032]
1922,3,0,1,4,2,[-1.0366391  -0.6701573   1.0593387   1.0046208   1.4279636  -0.60059875]
1923,3,0,1,4,3,[-0.8504875  -0.89258873  1.9544989   0.07717373 -1.3419166  -0.5190549 ]
1924,3,0,1,4,4,[0.63256866 1.5645208  1.2485924  0.816963   1.8676552  2.363443  ]
1925,3,0,2,0,0,[0.7074027  0.73894256 0.7350399  0.7268538  0.6557137  1.072779  ]
1926,3,0,2,0,1,[-0.32762352 -0.23056804  0.4307046  -0.09538911  0.7029724   0.06219248]
1927,3,0,2,0,2,[-0.05735193  0.37050092  0.5344297   0.641195    1.0340861   0.45036414]
1928,3,0,2,0,3,[0.49364346 0.81560594 1.1142302  0.5655363  0.27312747 1.1392474 ]
1929,3,0,2,0,4,[0.7074958 1.3205926 0.6596438 0.5640018 1.211194  1.765142 ]
1930,3,0,2,1,0,[-0.2737408  -1.2414521   1.1637427   0.5074274   0.00643288 -0.5071747 ]
1931,3,0,2,1,1,[-0.81820714 -0.74013495  0.78898823 -0.10717164  1.890342    0.39156017]
1932,3,0,2,1,2,[-1.8555554  -2.631545    0.58532     0.63964134  1.3679233  -2.478248  ]
1933,3,0,2,1,3,[-0.2312585   0.2936457   2.308833    0.12911606 -0.6699078   1.2476791 ]
1934,3,0,2,1,4,[0.3145954 0.6415906 1.0665712 0.5731453 1.7368968 1.6190658]
1935,3,0,2,2,0,[ 0.0780016  -0.3547796   0.77970695  0.4332669   0.19155696  0.05465773]
1936,3,0,2,2,1,[-0.503297   -0.44175044  0.5124447  -0.10234011  1.0683769   0.13272822]
1937,3,0,2,2,2,[-0.8407931  -1.0001779   0.45222834  0.5059017   1.0012939  -0.9387992 ]
1938,3,0,2,2,3,[-0.0686506   0.24700823  1.4315279   0.16177708 -0.34276244  0.73982906]
1939,3,0,2,2,4,[0.40091968 0.7874358  0.7193584  0.44415528 1.2385083  1.3686541 ]
1940,3,0,2,3,0,[0.5055471  0.28114218 0.9497714  0.7082157  0.52627695 0.7163169 ]
1941,3,0,2,3,1,[-0.53871894 -0.43573943  0.57940423 -0.17275567  1.0594074   0.05221771]
1942,3,0,2,3,2,[-0.519615   -0.28895843  0.6247857   0.7098891   1.2803558  -0.2298786 ]
1943,3,0,2,3,3,[ 0.2270054   0.61655045  1.5864698   0.41836324 -0.0863428   1.0875605 ]
1944,3,0,2,3,4,[0.71956277 1.3827084  0.8683408  0.6235796  1.547254   2.0055866 ]
1945,3,0,2,4,0,[0.4047512  0.19977188 1.3825592  0.8219294  0.41549736 0.785125  ]
1946,3,0,2,4,1,[-0.7264706  -0.46152025  1.000377   -0.04611762  1.331664    0.32644704]
1947,3,0,2,4,2,[-0.5937226   0.04866856  1.0148866   1.1139331   1.7323238   0.19648309]
1948,3,0,2,4,3,"[-4.0244371e-01  1.6265415e-03  2.2030990e+00  1.6682488e-01
 -7.8379756e-01  5.7030737e-01]"
1949,3,0,2,4,4,[0.9748286 2.0651262 1.2981812 0.8956827 2.0897846 2.968175 ]
1950,3,0,3,0,0,[0.6431358  0.6341864  0.78361833 0.73713374 0.6477035  0.98864037]
1951,3,0,3,0,1,[-0.4485317  -0.4178084   0.5343522  -0.10641567  0.673736   -0.05150829]
1952,3,0,3,0,2,[-0.16450159  0.21743529  0.60784405  0.64508474  1.0364139   0.31885812]
1953,3,0,3,0,3,[0.41616476 0.6529302  1.1360847  0.5703359  0.18300857 0.9785791 ]
1954,3,0,3,0,4,[0.65868276 1.2616028  0.70740235 0.57122415 1.2347237  1.7304078 ]
1955,3,0,3,1,0,[-0.48121786 -1.5315558   1.2805601   0.5084339  -0.07730525 -0.7643368 ]
1956,3,0,3,1,1,[-1.1152927  -1.1328465   1.0430888  -0.12731194  1.8220426   0.16902664]
1957,3,0,3,1,2,[-2.1567276  -3.037315    0.7597158   0.64089465  1.322849   -2.8524804 ]
1958,3,0,3,1,3,[-0.46094885 -0.10088571  2.364623    0.11148208 -0.921775    0.849412  ]
1959,3,0,3,1,4,[0.16135676 0.4696766  1.181405   0.57873017 1.7403786  1.4910607 ]
1960,3,0,3,2,0,[-0.039762   -0.5223197   0.8485293   0.43539697  0.15248378 -0.09156623]
1961,3,0,3,2,1,[-0.6818479  -0.68709576  0.6625608  -0.11678718  1.0260854  -0.01101533]
1962,3,0,3,2,2,[-1.0135868  -1.2333798   0.5564704   0.50710946  0.9848174  -1.150097  ]
1963,3,0,3,2,3,[-0.20516127  0.00568197  1.4627101   0.1517315  -0.4919027   0.4954383 ]
1964,3,0,3,2,4,[0.314898   0.6917144  0.7874601  0.44850072 1.2516056  1.3011229 ]
1965,3,0,3,3,0,[0.3916923  0.11132097 1.0225968  0.71543735 0.49809253 0.57260656]
1966,3,0,3,3,1,[-0.72703576 -0.7082022   0.7372146  -0.18955542  1.0137582  -0.11135597]
1967,3,0,3,3,2,[-0.69396645 -0.5285085   0.73546934  0.7126997   1.2730136  -0.44204402]
1968,3,0,3,3,3,[ 0.09158406  0.36132193  1.61884     0.4139633  -0.23698306  0.8310596 ]
1969,3,0,3,3,4,[0.6356313 1.2871698 0.9403899 0.6305774 1.5718437 1.9429083]
1970,3,0,3,4,0,[ 0.23757783 -0.04483978  1.478221    0.8183739   0.3680124   0.574031  ]
1971,3,0,3,4,1,[-0.99001986 -0.8468595   1.2112507  -0.07856433  1.25597     0.08626795]
1972,3,0,3,4,2,[-0.83022255 -0.27483103  1.165267    1.1119627   1.7203852  -0.087121  ]
1973,3,0,3,4,3,[-0.61568946 -0.38173428  2.2402954   0.13786747 -1.014205    0.17753851]
1974,3,0,3,4,4,[0.8576629  1.9332656  1.3947408  0.89900947 2.1227098  2.8815541 ]
1975,3,0,4,0,0,[0.67631394 0.7030496  0.748808   0.7762281  0.62023276 0.9964295 ]
1976,3,0,4,0,1,[-0.45813107 -0.33667618  0.44595185 -0.10875565  0.668902   -0.07859533]
1977,3,0,4,0,2,[-0.14949438  0.31229666  0.5564934   0.6824498   1.03885     0.34222692]
1978,3,0,4,0,3,[0.43912145 0.7297994  1.1351688  0.60244846 0.15822999 1.0043705 ]
1979,3,0,4,0,4,[0.69237155 1.3572577  0.67893934 0.6014817  1.2438946  1.7824479 ]
1980,3,0,4,1,0,[-0.5031484  -1.5256628   1.1669332   0.52772814 -0.19937839 -0.8976861 ]
1981,3,0,4,1,1,[-1.1317784  -0.9620861   0.82306874 -0.13522828  1.8361866   0.11918125]
1982,3,0,4,1,2,[-2.2063255  -3.0020752   0.60158837  0.67229027  1.296415   -2.9765785 ]
1983,3,0,4,1,3,[-0.48428822 -0.00237224  2.3438365   0.11284274 -1.0390753   0.83827657]
1984,3,0,4,1,4,[0.17274661 0.5635506  1.0870296  0.60313493 1.7244643  1.4858097 ]
1985,3,0,4,2,0,[-0.04301422 -0.5012213   0.7843269   0.4547093   0.08093053 -0.15846658]
1986,3,0,4,2,1,[-0.6953532  -0.58328015  0.53280574 -0.12216086  1.0268259  -0.04781798]
1987,3,0,4,2,2,[-1.0320693  -1.1837766   0.46701643  0.5338895   0.97085077 -1.200434  ]
1988,3,0,4,2,3,[-0.21724173  0.06611902  1.4520565   0.1580747  -0.5645234   0.48367786]
1989,3,0,4,2,4,[0.33042505 0.7671385  0.7349427  0.46922484 1.245434   1.3144919 ]
1990,3,0,4,3,0,[0.41091964 0.16932023 0.96129763 0.7518635  0.43464252 0.53598136]
1991,3,0,4,3,1,[-0.7422695  -0.59277374  0.6013312  -0.19546211  1.0084925  -0.15342906]
1992,3,0,4,3,2,[-0.6939868  -0.43275073  0.6485971   0.75359964  1.2651596  -0.4545653 ]
1993,3,0,4,3,3,[ 0.09606179  0.44424006  1.6115435   0.43670782 -0.30109805  0.8348362 ]
1994,3,0,4,3,4,[0.6676665 1.397326  0.8905588 0.6628415 1.5734375 1.986248 ]
1995,3,0,4,4,0,[0.23877163 0.01868647 1.3954774  0.8533508  0.25272614 0.49804887]
1996,3,0,4,4,1,[-1.0204425  -0.6845459   1.0336506  -0.08562578  1.2329903   0.02883822]
1997,3,0,4,4,2,[-0.83358914 -0.12537472  1.0521755   1.1687402   1.6972295  -0.09204588]
1998,3,0,4,4,3,[-0.6584093  -0.3187251   2.2273972   0.13978076 -1.1486453   0.1178682 ]
1999,3,0,4,4,4,[0.8935513 2.0889795 1.3302376 0.9400015 2.1138263 2.9411638]
2000,3,1,0,0,0,[0.0975534  0.01420137 0.20437743 0.17346685 0.14357306 0.15675423]
2001,3,1,0,0,1,[-0.25537255 -0.39082077  0.11009277 -0.15707086  0.14418335 -0.16348779]
2002,3,1,0,0,2,[-0.21303825 -0.14312042  0.14030555  0.13556956  0.34144586 -0.06228133]
2003,3,1,0,0,3,[-0.04752724 -0.10763423  0.29768205  0.09188162 -0.19369072 -0.05327965]
2004,3,1,0,0,4,[0.14633459 0.31547463 0.19931552 0.13674554 0.422647   0.5248077 ]
2005,3,1,0,1,0,[-0.31780863 -0.8456628   0.38057038  0.10006883 -0.11701755 -0.38322806]
2006,3,1,0,1,1,[-0.42574108 -0.68137664  0.27231818 -0.14837258  0.6146722   0.198119  ]
2007,3,1,0,1,2,[-0.9628607  -1.3813468   0.20250721  0.1404335   0.52538806 -1.0456104 ]
2008,3,1,0,1,3,[-0.41892833 -0.6282304   0.7098918  -0.06899641 -0.7524575  -0.24086492]
2009,3,1,0,1,4,[-0.0264704   0.01133865  0.37227127  0.14862806  0.655893    0.58637977]
2010,3,1,0,2,0,[-0.12835498 -0.40007332  0.24047932  0.08754355 -0.01466489 -0.15810125]
2011,3,1,0,2,1,[-0.29267827 -0.46359673  0.16299944 -0.12954439  0.31537634 -0.00283525]
2012,3,1,0,2,2,[-0.50737876 -0.6552775   0.13603814  0.10799421  0.36734354 -0.49490446]
2013,3,1,0,2,3,[-0.25841105 -0.39380437  0.42479455 -0.03418602 -0.46012816 -0.2189085 ]
2014,3,1,0,2,4,[0.04173652 0.12684272 0.23844741 0.11082096 0.459105   0.4517352 ]
2015,3,1,0,3,0,[-0.01882171 -0.23455653  0.2747392   0.1511008   0.07636291 -0.01029506]
2016,3,1,0,3,1,[-0.3567666  -0.5531467   0.16169305 -0.20638043  0.26203278 -0.15120386]
2017,3,1,0,3,2,[-0.44066828 -0.4699516   0.16991746  0.14310892  0.4423919  -0.3368893 ]
2018,3,1,0,3,3,[-0.21128452 -0.34064052  0.44578588  0.01642222 -0.43029734 -0.2172735 ]
2019,3,1,0,3,4,[0.1235299  0.29375562 0.27230936 0.14765511 0.5553188  0.6167135 ]
2020,3,1,0,4,0,[-0.12225434 -0.39330328  0.4215708   0.18249673  0.02405312 -0.05584277]
2021,3,1,0,4,1,[-0.4747836  -0.7160582   0.3263248  -0.16157675  0.34841332 -0.07027137]
2022,3,1,0,4,2,[-0.55870783 -0.48221323  0.2996669   0.28003743  0.6287266  -0.2485758 ]
2023,3,1,0,4,3,[-0.53249943 -0.7873263   0.6461529  -0.09579213 -0.80775446 -0.6017361 ]
2024,3,1,0,4,4,[0.1709993  0.46393445 0.42376724 0.24267484 0.777475   0.9508771 ]
2025,3,1,1,0,0,[0.27699023 0.15234874 0.34260815 0.19317931 0.33667123 0.52880865]
2026,3,1,1,0,1,[-0.03601206 -0.31526902  0.22114086 -0.17430744  0.3618972   0.20857652]
2027,3,1,1,0,2,[-0.0693301  -0.03645696  0.2268266   0.15548843  0.5514297   0.2629741 ]
2028,3,1,1,0,3,[0.10240185 0.10180924 0.46859777 0.09092968 0.02156669 0.3597007 ]
2029,3,1,1,0,4,[0.30623516 0.44838253 0.3144669  0.15570135 0.6067329  0.8687955 ]
2030,3,1,1,1,0,[ 0.09585537 -0.65782493  0.69209313  0.14130156  0.31532848  0.41379243]
2031,3,1,1,1,1,[ 0.14411834 -0.5308881   0.50890166 -0.12466595  1.1598959   1.0921712 ]
2032,3,1,1,1,2,[-0.6376238  -1.2970192   0.3849602   0.18066898  1.0050796  -0.38617614]
2033,3,1,1,1,3,"[-1.1246599e-03 -2.1143340e-01  1.1339880e+00 -4.1257679e-02
 -2.3481154e-01  7.6413703e-01]"
2034,3,1,1,1,4,[0.34008503 0.20780623 0.6247434  0.19005473 1.0694987  1.3155913 ]
2035,3,1,1,2,0,[ 0.12380602 -0.26811332  0.4314554   0.11328777  0.2524022   0.33232123]
2036,3,1,1,2,1,[ 0.04577603 -0.36867905  0.31080386 -0.12353916  0.6438838   0.53380793]
2037,3,1,1,2,2,[-0.30914938 -0.57813483  0.24590452  0.13396312  0.66269904 -0.08681883]
2038,3,1,1,2,3,[-0.01364451 -0.13485238  0.6829112  -0.02181994 -0.14696857  0.3843245 ]
2039,3,1,1,2,4,[0.26627135 0.26375765 0.39377242 0.13711888 0.71582043 0.9037066 ]
2040,3,1,1,3,0,[ 0.25064728 -0.06457401  0.47886547  0.17480418  0.3624608   0.52458996]
2041,3,1,1,3,1,[-0.01084458 -0.44881862  0.3197051  -0.22334287  0.5987476   0.40563133]
2042,3,1,1,3,2,[-0.2269634  -0.3519653   0.28968045  0.16675317  0.75648123  0.11676269]
2043,3,1,1,3,3,[ 0.03313874 -0.04915445  0.7128725   0.01823599 -0.10218447  0.4120335 ]
2044,3,1,1,3,4,[0.3640706  0.46442685 0.4399604  0.1722521  0.830177   1.111816  ]
2045,3,1,1,4,0,[ 0.26848608 -0.14487788  0.73372465  0.26090536  0.44606432  0.7377023 ]
2046,3,1,1,4,1,[ 0.04160414 -0.5321214   0.59772277 -0.0976591   0.86782444  0.8120921 ]
2047,3,1,1,4,2,[-0.23986635 -0.2806532   0.49129662  0.3704536   1.0994405   0.4497515 ]
2048,3,1,1,4,3,[-0.17122437 -0.39172     1.0566858  -0.04893551 -0.3318409   0.31905332]
2049,3,1,1,4,4,[0.5223204  0.72220165 0.67898494 0.31903103 1.1855288  1.689187  ]
2050,3,1,2,0,0,[0.36610445 0.2752259  0.31985995 0.19743755 0.39945495 0.6560736 ]
2051,3,1,2,0,1,[ 0.06718369 -0.17926644  0.11779571 -0.18664455  0.42448044  0.2888946 ]
2052,3,1,2,0,2,[0.01815474 0.10120203 0.15495251 0.15993518 0.6119864  0.3805298 ]
2053,3,1,2,0,3,[0.19646187 0.28688625 0.49576208 0.09243947 0.14297332 0.56982416]
2054,3,1,2,0,4,[0.38044238 0.54881555 0.287836   0.15967315 0.65616894 0.9720647 ]
2055,3,1,2,1,0,[ 0.31731254 -0.41962305  0.62956357  0.1541867   0.47636992  0.6944805 ]
2056,3,1,2,1,1,[ 0.4291829  -0.23271412  0.2601461  -0.12111138  1.3317541   1.2957242 ]
2057,3,1,2,1,2,[-0.41846514 -1.0359719   0.2061256   0.19311759  1.164689   -0.13486166]
2058,3,1,2,1,3,[ 0.25391772  0.19059362  1.2003402  -0.02459313  0.0598611   1.2701943 ]
2059,3,1,2,1,4,[0.5232154  0.3998241  0.5524874  0.20183851 1.1982865  1.5373285 ]
2060,3,1,2,2,0,[ 0.256295   -0.11830711  0.39669067  0.12101916  0.34719247  0.5035356 ]
2061,3,1,2,2,1,[ 0.21285936 -0.18478593  0.16376701 -0.12548946  0.7455238   0.65614206]
2062,3,1,2,2,2,[-0.17892815 -0.41230974  0.13998917  0.14168182  0.75646544  0.0663545 ]
2063,3,1,2,2,3,[ 0.136893    0.11227588  0.7253497  -0.01294948  0.03028611  0.68958825]
2064,3,1,2,2,4,[0.37613273 0.38552025 0.35287854 0.14431933 0.7917371  1.0403235 ]
2065,3,1,2,3,0,[0.38942683 0.10620746 0.44299874 0.18086617 0.45984867 0.70999736]
2066,3,1,2,3,1,[ 0.15767503 -0.24935448  0.16261905 -0.23563544  0.6998116   0.5292926 ]
2067,3,1,2,3,2,[-0.09056573 -0.16147646  0.17822564  0.17279172  0.85172373  0.28452572]
2068,3,1,2,3,3,[0.18586102 0.22124572 0.7566169  0.02326373 0.08403151 0.73317707]
2069,3,1,2,3,4,[0.47947064 0.60384214 0.39781982 0.17807502 0.9076751  1.26107   ]
2070,3,1,2,4,0,[0.46605924 0.1019312  0.69789815 0.28854805 0.59002995 1.0174152 ]
2071,3,1,2,4,1,[ 0.28516138 -0.23157763  0.40416148 -0.08105874  1.0298598   1.0316917 ]
2072,3,1,2,4,2,"[-4.6606176e-02  3.7598796e-04  3.5035893e-01  4.0139499e-01
  1.2437211e+00  7.0873368e-01]"
2073,3,1,2,4,3,[ 0.05035704 -0.01149649  1.1337531  -0.02139093 -0.06390363  0.7880661 ]
2074,3,1,2,4,4,[0.68685436 0.926875   0.6318945  0.34390935 1.3018358  1.9172342 ]
2075,3,1,3,0,0,[0.33167675 0.24118853 0.3824367  0.20344622 0.40817294 0.6669395 ]
2076,3,1,3,0,1,[ 0.00814979 -0.23694414  0.23886709 -0.1872282   0.44448242  0.33501303]
2077,3,1,3,0,2,[-0.0327525   0.05112191  0.24320768  0.16448355  0.63204336  0.38835555]
2078,3,1,3,0,3,[0.15237677 0.22355454 0.5309872  0.09478216 0.1093871  0.52883285]
2079,3,1,3,0,4,[0.35518506 0.5337343  0.34695578 0.16451247 0.67848104 1.0012515 ]
2080,3,1,3,1,0,[ 0.21010856 -0.51734     0.77780944  0.15901846  0.47308165  0.69588023]
2081,3,1,3,1,1,[ 0.2809709  -0.34770098  0.55266374 -0.12151966  1.3832867   1.426349  ]
2082,3,1,3,1,2,[-0.5643897  -1.1739713   0.41209292  0.20059438  1.193818   -0.14740163]
2083,3,1,3,1,3,[ 0.13089693  0.03873687  1.2873274  -0.03029617 -0.03212127  1.1701628 ]
2084,3,1,3,1,4,[0.44481543 0.3505429  0.6921642  0.20853856 1.2317309  1.586151  ]
2085,3,1,3,2,0,[ 0.19594637 -0.17429326  0.48575822  0.12481091  0.34935677  0.508407  ]
2086,3,1,3,2,1,[ 0.12532833 -0.25791016  0.3383518  -0.1260962   0.77521044  0.7305124 ]
2087,3,1,3,2,2,[-0.26120934 -0.490523    0.26481548  0.14679651  0.77796257  0.06625389]
2088,3,1,3,2,3,[ 0.06398373  0.0188127   0.7764798  -0.01608698 -0.02472132  0.6267572 ]
2089,3,1,3,2,4,[0.3327029  0.3590909  0.4370264  0.149027   0.81600386 1.0743145 ]
2090,3,1,3,3,0,[0.33018693 0.05014553 0.53756475 0.18669578 0.46704504 0.71995854]
2091,3,1,3,3,1,[ 0.06552297 -0.3319289   0.34688517 -0.23681901  0.7302969   0.6032871 ]
2092,3,1,3,3,2,[-0.17347562 -0.24074799  0.31135744  0.17855398  0.8781932   0.29037845]
2093,3,1,3,3,3,[0.11204506 0.12208014 0.8102152  0.02228842 0.02812567 0.6667966 ]
2094,3,1,3,3,4,[0.43671063 0.57843995 0.48723367 0.18387663 0.9373801  1.3011068 ]
2095,3,1,3,4,0,[0.38568947 0.01970932 0.82798064 0.2930314  0.59658235 1.0283765 ]
2096,3,1,3,4,1,[ 0.16381828 -0.35082954  0.65582806 -0.08399587  1.0657519   1.1285515 ]
2097,3,1,3,4,2,[-0.1515505  -0.10641708  0.53600454  0.41005817  1.2799275   0.7253426 ]
2098,3,1,3,4,3,[-0.05871533 -0.16201542  1.2050312  -0.03123569 -0.15028493  0.6810272 ]
2099,3,1,3,4,4,[0.63222873 0.89136654 0.75558436 0.3511905  1.3425348  1.9748155 ]
2100,3,1,4,0,0,[0.34820777 0.2587638  0.31111762 0.21330868 0.37585744 0.60854316]
2101,3,1,4,0,1,[ 0.0070643  -0.22079912  0.09881863 -0.20000377  0.40069938  0.21087298]
2102,3,1,4,0,2,[-0.02502711  0.07864813  0.14598615  0.17194554  0.60813665  0.32200262]
2103,3,1,4,0,3,[0.16708617 0.24571808 0.4933376  0.10301972 0.08220269 0.49404323]
2104,3,1,4,0,4,[0.37103665 0.5652999  0.28358752 0.17161678 0.6652348  0.9698616 ]
2105,3,1,4,1,0,[ 0.2174848  -0.53170407  0.5984245   0.15785196  0.3771738   0.5129774 ]
2106,3,1,4,1,1,[ 0.2983067  -0.30300033  0.21767782 -0.1402319   1.2999412   1.1678561 ]
2107,3,1,4,1,2,[-0.5672144  -1.176082    0.17210296  0.20192029  1.1295722  -0.35417807]
2108,3,1,4,1,3,[ 0.14024772  0.06509621  1.1905735  -0.03684811 -0.11635107  1.0726172 ]
2109,3,1,4,1,4,[0.46293813 0.3778286  0.53330207 0.21087888 1.1879517  1.4740797 ]
2110,3,1,4,2,0,[ 0.20217782 -0.17749822  0.37900224  0.12615025  0.29155344  0.40001208]
2111,3,1,4,2,1,[ 0.13067211 -0.23338911  0.1379991  -0.13980535  0.72023666  0.5668017 ]
2112,3,1,4,2,2,[-0.26145414 -0.48220852  0.12156504  0.14940962  0.739058   -0.05315467]
2113,3,1,4,2,3,[ 0.06873655  0.03338834  0.7190244  -0.01869026 -0.07738044  0.56270564]
2114,3,1,4,2,4,[0.34515357 0.38190332 0.34269556 0.15195017 0.7904993  1.0105479 ]
2115,3,1,4,3,0,[0.34436077 0.05937037 0.4264127  0.19343375 0.40989065 0.61508787]
2116,3,1,4,3,1,[ 0.06748885 -0.30730993  0.13437586 -0.2542713   0.6671067   0.42142677]
2117,3,1,4,3,2,[-0.16825886 -0.21664542  0.16133069  0.18494801  0.8384697   0.17511521]
2118,3,1,4,3,3,[ 0.12298485  0.14339805  0.75070566  0.02501304 -0.02339921  0.6022183 ]
2119,3,1,4,3,4,[0.45471048 0.6133804  0.38891485 0.19012964 0.9129452  1.2420394 ]
2120,3,1,4,4,0,[0.39003286 0.02601856 0.6755252  0.29545212 0.50681406 0.872116  ]
2121,3,1,4,4,1,[ 0.15657882 -0.31428313  0.36940596 -0.10753416  0.97404486  0.8797045 ]
2122,3,1,4,4,2,[-0.15236303 -0.06550235  0.33110338  0.41784075  1.2206125   0.5690902 ]
2123,3,1,4,4,3,[-0.06709083 -0.15367192  1.1226022  -0.03952064 -0.24019936  0.5649545 ]
2124,3,1,4,4,4,[0.64947796 0.9415856  0.6217571  0.35783035 1.3049142  1.8924423 ]
2125,3,2,0,0,0,[0.40210187 0.45660204 0.48161387 0.7618163  0.5541294  0.55796915]
2126,3,2,0,0,1,[-0.5866319  -0.6345363   0.4353998   0.10447921  0.3270379  -0.57042235]
2127,3,2,0,0,2,[-0.24996145  0.04913551  0.4462944   0.65834486  0.75638896 -0.0415556 ]
2128,3,2,0,0,3,[0.24273996 0.2748486  0.6735397  0.65685827 0.03699205 0.36864462]
2129,3,2,0,0,4,[0.39394572 0.9101388  0.43933502 0.5710894  0.9539577  1.0842166 ]
2130,3,2,0,1,0,[-1.0293721  -1.8224559   0.60434765  0.54173744 -0.56252575 -1.970978  ]
2131,3,2,0,1,1,[-1.8568684  -2.08725     0.7380043   0.02110776  0.40795812 -1.9773293 ]
2132,3,2,0,1,2,[-2.3193312  -3.0844092   0.44733885  0.62813365  0.36622378 -3.6685429 ]
2133,3,2,0,1,3,[-1.0868722 -1.2203056  1.2193887  0.2154136 -1.5887398 -1.2326742]
2134,3,2,0,1,4,[-0.4472995  -0.17833813  0.5990552   0.54844165  0.8816779  -0.07919653]
2135,3,2,0,2,0,[-0.3742319  -0.686725    0.43330282  0.46590012 -0.07680135 -0.74300754]
2136,3,2,0,2,1,[-1.0754993  -1.1767362   0.4875722   0.02544098  0.27903926 -1.1269475 ]
2137,3,2,0,2,2,[-1.1288637  -1.3055217   0.35834077  0.5060324   0.46340984 -1.6164843 ]
2138,3,2,0,2,3,[-0.5388741  -0.59143263  0.7742597   0.24002126 -0.81126875 -0.6059056 ]
2139,3,2,0,2,4,[-0.06341293  0.28355965  0.42550898  0.4353409   0.76991796  0.3819807 ]
2140,3,2,0,3,0,[ 0.03504105 -0.0921282   0.5790163   0.76652503  0.31868112 -0.07021127]
2141,3,2,0,3,1,[-1.0453217  -1.125507    0.57914984  0.06344856  0.36308172 -1.0722586 ]
2142,3,2,0,3,2,[-0.8214853  -0.6825005   0.51643807  0.73675156  0.79190236 -0.9361508 ]
2143,3,2,0,3,3,[-0.21161614 -0.22302833  0.90429115  0.5420618  -0.50179833 -0.1902878 ]
2144,3,2,0,3,4,[0.23311585 0.8132768  0.5497074  0.6344935  1.1090405  0.98305005]
2145,3,2,0,4,0,[-0.29496995 -0.3245913   0.7996826   0.8013636   0.14646307 -0.3515486 ]
2146,3,2,0,4,1,[-1.5469335  -1.5121987   0.87316775  0.06501989  0.31104976 -1.4290245 ]
2147,3,2,0,4,2,[-1.1162475  -0.6132726   0.78299433  0.9992598   1.0271626  -0.94433904]
2148,3,2,0,4,3,[-1.0268239  -1.0830228   1.1858665   0.25698918 -1.3138083  -1.175924  ]
2149,3,2,0,4,4,[0.23749702 1.2235725  0.7952167  0.8061144  1.4687849  1.4603945 ]
2150,3,2,1,0,0,[0.68183947 0.78725046 0.6617023  0.88163215 0.8078332  1.093298  ]
2151,3,2,1,0,1,[-0.33074045 -0.35459188  0.57253903  0.16108318  0.63414377 -0.06961664]
2152,3,2,1,0,2,[-0.01850193  0.35300115  0.5765452   0.77678835  1.0254822   0.4410092 ]
2153,3,2,1,0,3,[0.52378595 0.7530535  0.923482   0.76376045 0.38558766 1.0577492 ]
2154,3,2,1,0,4,[0.6295117 1.211648  0.5862343 0.6650226 1.1899971 1.566416 ]
2155,3,2,1,1,0,[-0.59962296 -1.4868836   0.91569     0.6616005  -0.1519985  -1.183384  ]
2156,3,2,1,1,1,[-1.336267   -1.6674007   0.9650288   0.10504963  1.0579882  -1.0530548 ]
2157,3,2,1,1,2,[-1.9954685  -2.8779552   0.6230046   0.76084906  0.85185724 -3.0709953 ]
2158,3,2,1,1,3,[-0.588861   -0.41935164  1.7302172   0.31820095 -0.9646286   0.06753401]
2159,3,2,1,1,4,[-0.06126822  0.16991794  0.8493989   0.6560934   1.3071945   0.66638374]
2160,3,2,1,2,0,[-0.0828381  -0.42280307  0.6390798   0.5597025   0.19485945 -0.20358063]
2161,3,2,1,2,1,[-0.7469348  -0.88653195  0.64078987  0.08403216  0.682251   -0.5313846 ]
2162,3,2,1,2,2,[-0.89835626 -1.1009376   0.48368725  0.608548    0.77903634 -1.1757632 ]
2163,3,2,1,2,3,[-0.22057225 -0.07052668  1.0971904   0.31904784 -0.41266042  0.21627055]
2164,3,2,1,2,4,[0.19648515 0.5495109  0.59212583 0.51724523 1.0470732  0.89104027]
2165,3,2,1,3,0,[0.39573056 0.28855842 0.8219389  0.89922726 0.6477833  0.6077451 ]
2166,3,2,1,3,1,[-0.6789317  -0.76332825  0.7606343   0.13055693  0.8051083  -0.3869354 ]
2167,3,2,1,3,2,[-0.5267371  -0.34983638  0.6780066   0.874852    1.158785   -0.3480798 ]
2168,3,2,1,3,3,[ 0.16253178  0.40416235  1.2637714   0.6560128  -0.03514687  0.7540332 ]
2169,3,2,1,3,4,[0.5469776  1.1778097  0.74731845 0.744228   1.4314313  1.6103756 ]
2170,3,2,1,4,0,[0.19362903 0.20051134 1.1578035  0.9964818  0.5870683  0.60183674]
2171,3,2,1,4,1,[-1.0156577  -0.97134197  1.1669213   0.21309347  0.9389376  -0.39845517]
2172,3,2,1,4,2,[-0.68588483 -0.09820796  1.0346309   1.2283113   1.5448734  -0.05584431]
2173,3,2,1,4,3,[-0.54692984 -0.2712436   1.7043332   0.40834275 -0.70596594  0.09411424]
2174,3,2,1,4,4,[0.6807531 1.753249  1.0894186 0.9809207 1.9193584 2.3706656]
2175,3,2,2,0,0,[0.8505104 1.0655593 0.7019828 0.9338577 0.9133401 1.4145982]
2176,3,2,2,0,1,[-0.13386205  0.01694106  0.5514032   0.20123826  0.81268615  0.3032152 ]
2177,3,2,2,0,2,[0.16555557 0.6767646  0.577917   0.83561105 1.1386304  0.79538226]
2178,3,2,2,0,3,[0.71257037 1.1633708  1.0212623  0.8155267  0.61931884 1.5353783 ]
2179,3,2,2,0,4,[0.7666158  1.4342682  0.61324275 0.70682037 1.2656221  1.8242512 ]
2180,3,2,2,1,0,[-0.27648547 -1.014463    0.95009845  0.7178866   0.07738584 -0.6085831 ]
2181,3,2,2,1,1,[-0.90516335 -0.94954896  0.8662706   0.16424628  1.4601706  -0.32541808]
2182,3,2,2,1,2,[-1.641299   -2.3375924   0.55547065  0.82795095  1.1075665  -2.4562616 ]
2183,3,2,2,1,3,[-0.1936609   0.40023887  1.9162427   0.38202617 -0.47065476  1.0546417 ]
2184,3,2,2,1,4,[0.20397224 0.54064137 0.8614976  0.703649   1.4817384  1.1198984 ]
2185,3,2,2,2,0,[ 0.12288275 -0.11537366  0.6709177   0.6037946   0.32988632  0.16524056]
2186,3,2,2,2,1,[-0.47946697 -0.42913732  0.59127086  0.12663919  0.92654395 -0.06870902]
2187,3,2,2,2,2,[-0.6723367 -0.7451687  0.4554319  0.6608566  0.9302206 -0.7763557]
2188,3,2,2,2,3,[ 0.02537211  0.44321743  1.2186204   0.36649224 -0.10975635  0.8303488 ]
2189,3,2,2,2,4,[0.36556247 0.79312086 0.60904264 0.5541581  1.1484529  1.1846708 ]
2190,3,2,2,3,0,[0.6320511  0.65860385 0.86894417 0.96012896 0.7965898  1.0422784 ]
2191,3,2,2,3,1,[-0.38650852 -0.24046303  0.71788067  0.18182221  1.0689635   0.13863377]
2192,3,2,2,3,2,[-0.26721415  0.08084594  0.6633559   0.94545263  1.3227817   0.12799394]
2193,3,2,2,3,3,[0.43567556 0.98502535 1.4024929  0.7185031  0.30052474 1.4390463 ]
2194,3,2,2,3,4,[0.74053603 1.4730502  0.7764712  0.7941045  1.5407625  1.9583292 ]
2195,3,2,2,4,0,[0.5231113  0.71762466 1.2364393  1.093506   0.78448004 1.2134247 ]
2196,3,2,2,4,1,[-0.5970591  -0.22273895  1.1302468   0.31179672  1.3126799   0.36875418]
2197,3,2,2,4,2,[-0.31682193  0.5178561   1.0311006   1.3464245   1.7707515   0.62838364]
2198,3,2,2,4,3,[-0.17009823  0.5266371   1.9087276   0.50515366 -0.24995682  1.0435297 ]
2199,3,2,2,4,4,[0.954507  2.1728919 1.1419811 1.063501  2.0671906 2.8682308]
2200,3,2,3,0,0,[0.80240154 0.98219836 0.7341213  0.94628865 0.918172   1.3439277 ]
2201,3,2,3,0,1,[-0.23934759 -0.15948038  0.6209538   0.1905826   0.7799661   0.17050342]
2202,3,2,3,0,2,[0.07870938 0.55045384 0.62636167 0.84062064 1.1474429  0.67892647]
2203,3,2,3,0,3,[0.6509975 1.0232238 1.0351021 0.8235419 0.5499665 1.3947476]
2204,3,2,3,0,4,[0.7302814  1.3899131  0.6450303  0.71522254 1.2955036  1.7953342 ]
2205,3,2,3,1,0,[-0.44468734 -1.2639618   1.02633     0.72304136  0.01271436 -0.8470237 ]
2206,3,2,3,1,1,[-1.1623719  -1.3287926   1.0380534   0.14578684  1.3723412  -0.6080017 ]
2207,3,2,3,1,2,[-1.8896028 -2.6851783  0.6706566  0.8318724  1.0681776 -2.8004818]
2208,3,2,3,1,3,[-0.38768432  0.04556083  1.9504164   0.3701691  -0.6856358   0.68560874]
2209,3,2,3,1,4,[0.08195253 0.3965646  0.93756    0.71170086 1.4918361  0.99702334]
2210,3,2,3,2,0,[ 0.02878592 -0.2560532   0.7158881   0.6087063   0.3050246   0.0337324 ]
2211,3,2,3,2,1,[-0.63443106 -0.6635514   0.69250584  0.1131707   0.8752269  -0.24468654]
2212,3,2,3,2,2,[-0.8141176  -0.94199413  0.5242642   0.6637353   0.9195071  -0.9677603 ]
2213,3,2,3,2,3,[-0.08890934  0.22902049  1.2375718   0.36040598 -0.23367268  0.608048  ]
2214,3,2,3,2,4,[0.29815114 0.71579087 0.65419054 0.5601192  1.1675408  1.1225634 ]
2215,3,2,3,3,0,[0.5431595  0.51940733 0.91667634 0.9704534  0.78588146 0.9168319 ]
2216,3,2,3,3,1,[-0.5504373  -0.49889532  0.8239256   0.16576841  1.0160228  -0.05632599]
2217,3,2,3,3,2,[-0.4095796  -0.1190088   0.7363154   0.9499717   1.3235614  -0.06205653]
2218,3,2,3,3,3,[0.32428837 0.7614559  1.4223477  0.7186527  0.17924239 1.2097627 ]
2219,3,2,3,3,4,[0.6760544  1.398458   0.82424694 0.802841   1.5734655  1.9031191 ]
2220,3,2,3,4,0,[0.38983092 0.5174837  1.2986548  1.0951384  0.7638786  1.031047  ]
2221,3,2,3,4,1,[-0.8277907  -0.5855258   1.2719392   0.28168747  1.2305598   0.09099887]
2222,3,2,3,4,2,[-0.51105237  0.25007433  1.1304      1.3474      1.7725371   0.37699106]
2223,3,2,3,4,3,[-0.34965298  0.18995659  1.9299283   0.48373577 -0.43710545  0.69294816]
2224,3,2,3,4,4,[0.8634652 2.0714698 1.205986  1.0698373 2.113497  2.7943497]
2225,3,2,4,0,0,[0.85131747 1.0724615  0.7200987  0.9981046  0.924537   1.3947527 ]
2226,3,2,4,0,1,[-0.2312586  -0.06825507  0.5698349   0.20594044  0.8009905   0.18337253]
2227,3,2,4,0,2,[0.10784955 0.65367734 0.60002375 0.88953185 1.1720418  0.73048246]
2228,3,2,4,0,3,[0.69590414 1.1296055  1.0492826  0.87075067 0.5651753  1.4726797 ]
2229,3,2,4,0,4,[0.77315253 1.4926902  0.6331497  0.7543215  1.3232285  1.8687758 ]
2230,3,2,4,1,0,[-0.45205778 -1.2413092   0.9528026   0.7569997  -0.06259084 -0.93421197]
2231,3,2,4,1,1,[-1.1737003  -1.1807947   0.8927633   0.15556736  1.4067672  -0.6397096 ]
2232,3,2,4,1,2,[-1.9288946  -2.6580071   0.5618604   0.87556416  1.0623381  -2.9089756 ]
2233,3,2,4,1,3,[-0.38728195  0.16978446  1.9549601   0.38904232 -0.74521023  0.7311454 ]
2234,3,2,4,1,4,[0.09776457 0.48446044 0.8758007  0.74552745 1.4959122  1.0030248 ]
2235,3,2,4,2,0,[ 0.03801101 -0.21836017  0.6772228   0.63928133  0.26800942  0.00545679]
2236,3,2,4,2,1,[-0.63912797 -0.5654084   0.609586    0.1220136   0.8952956  -0.2570876 ]
2237,3,2,4,2,2,[-0.82276356 -0.8920407   0.46602717  0.7001453   0.92371136 -0.9989375 ]
2238,3,2,4,2,3,[-0.08194168  0.3131958   1.2437763   0.3801961  -0.26426724  0.6431658 ]
2239,3,2,4,2,4,[0.31903824 0.7918525  0.62225187 0.5882385  1.1777534  1.1501225 ]
2240,3,2,4,3,0,[0.5806401 0.6024912 0.8846942 1.022515  0.7665317 0.9335941]
2241,3,2,4,3,1,[-0.54816014 -0.37904242  0.7411238   0.18080494  1.0405363  -0.0552424 ]
2242,3,2,4,3,2,[-0.39407018 -0.01675797  0.68498933  1.0047337   1.342149   -0.04286503]
2243,3,2,4,3,3,[0.35523883 0.8793425  1.4354031  0.75994825 0.16790336 1.2780976 ]
2244,3,2,4,3,4,[0.7175988 1.5143187 0.7979007 0.8457291 1.5978425 1.9702823]
2245,3,2,4,4,0,[0.4152767 0.6161522 1.2549794 1.1493549 0.7108211 1.0302162]
2246,3,2,4,4,1,[-0.83598214 -0.41827995  1.164345    0.29889074  1.2483858   0.0915215 ]
2247,3,2,4,4,2,[-0.49455142  0.4071593   1.064725    1.4200611   1.7863104   0.4154813 ]
2248,3,2,4,4,3,[-0.35634443  0.3028698   1.9439058   0.5092176  -0.49680415  0.7248855 ]
2249,3,2,4,4,4,[0.9113871 2.2345653 1.1725187 1.123209  2.136423  2.8868752]
2250,3,3,0,0,0,[0.1176993  0.0873673  0.2619499  0.26266795 0.09675328 0.17892122]
2251,3,3,0,0,1,[-0.36621457 -0.4128522   0.20468512 -0.11225858  0.08999784 -0.27807486]
2252,3,3,0,0,2,[-0.21700786 -0.04434741  0.2335627   0.228122    0.3009288  -0.02780913]
2253,3,3,0,0,3,[-0.0350617  -0.07739238  0.3636044   0.17575265 -0.22949769 -0.03935644]
2254,3,3,0,0,4,[0.16923796 0.43386188 0.25061092 0.2056959  0.4106595  0.5896463 ]
2255,3,3,0,1,0,[-0.5104253  -0.91323614  0.41536024  0.16971526 -0.38494757 -0.72628707]
2256,3,3,0,1,1,[-0.8173613  -0.7797751   0.42028818 -0.11925202  0.42692474 -0.27514935]
2257,3,3,0,1,2,[-1.2155145  -1.4542994   0.30145648  0.23582816  0.30451825 -1.4384164 ]
2258,3,3,0,1,3,[-0.61748874 -0.6785144   0.7674895  -0.0277953  -1.01488    -0.5077455 ]
2259,3,3,0,1,4,[-0.15097322  0.08823226  0.41298383  0.21372963  0.5205507   0.42004484]
2260,3,3,0,2,0,[-0.21141022 -0.39966673  0.2761888   0.14670512 -0.15368171 -0.30071223]
2261,3,3,0,2,1,[-0.5102354  -0.50914973  0.26382196 -0.10260635  0.21005498 -0.25042033]
2262,3,3,0,2,2,[-0.61845803 -0.63898283  0.21748354  0.1837568   0.2564251  -0.6410795 ]
2263,3,3,0,2,3,[-0.35623962 -0.41004315  0.4705657   0.00610289 -0.59918636 -0.3439868 ]
2264,3,3,0,2,4,[-0.00529168  0.21210477  0.27577177  0.16344675  0.39572054  0.40912217]
2265,3,3,0,3,0,[-0.05429012 -0.18045737  0.33629408  0.24716508 -0.03714518 -0.07338056]
2266,3,3,0,3,1,[-0.55905133 -0.58990973  0.28775778 -0.15719062  0.16410737 -0.36626327]
2267,3,3,0,3,2,[-0.5054075  -0.38375795  0.28439447  0.25337198  0.35171503 -0.38622555]
2268,3,3,0,3,3,[-0.26499304 -0.33144712  0.5174517   0.09552947 -0.5391996  -0.2833743 ]
2269,3,3,0,3,4,[0.11275989 0.42985287 0.33076766 0.22697406 0.5111558  0.6430878 ]
2270,3,3,0,4,0,[-0.20328443 -0.31908256  0.4934721   0.27441108 -0.17203678 -0.17093042]
2271,3,3,0,4,1,[-0.76932806 -0.75380373  0.48167074 -0.13298622  0.1728566  -0.38934475]
2272,3,3,0,4,2,[-0.64150596 -0.31785846  0.45670408  0.41102344  0.48247772 -0.28439054]
2273,3,3,0,4,3,[-0.68491423 -0.82494414  0.7171877  -0.05115577 -1.0245906  -0.78943044]
2274,3,3,0,4,4,[0.14762992 0.6704254  0.49824163 0.32982653 0.69627887 0.9891302 ]
2275,3,3,1,0,0,[0.3002735  0.2623161  0.3906557  0.30573717 0.26456463 0.53484607]
2276,3,3,1,0,1,[-0.17570242 -0.281036    0.2976053  -0.11020762  0.2882032   0.05924758]
2277,3,3,1,0,2,[-0.06346676  0.11466718  0.32049623  0.2723327   0.48344576  0.2959957 ]
2278,3,3,1,0,3,[ 0.13004519  0.17700379  0.5325392   0.20404781 -0.01497211  0.38541535]
2279,3,3,1,0,4,[0.32920268 0.6008267  0.35704142 0.24187517 0.57120526 0.9185798 ]
2280,3,3,1,1,0,[-0.1558158  -0.6919452   0.67076045  0.22614327 -0.04809446 -0.06603879]
2281,3,3,1,1,1,[-0.36473855 -0.53687954  0.5932709  -0.08523417  0.8993101   0.46460876]
2282,3,3,1,1,2,[-0.93360627 -1.3123564   0.44644636  0.29827553  0.69000584 -0.89699614]
2283,3,3,1,1,3,[-0.24481162 -0.19610804  1.1459764   0.01571857 -0.55611     0.42118436]
2284,3,3,1,1,4,[0.16695319 0.32017246 0.6197244  0.26763457 0.85604787 1.0369769 ]
2285,3,3,1,2,0,[ 0.01446262 -0.23962821  0.43879512  0.1864851   0.05853252  0.12194243]
2286,3,3,1,2,1,[-0.23496988 -0.35165173  0.37695044 -0.0860917   0.4965577   0.20490597]
2287,3,3,1,2,2,[-0.43468717 -0.51606095  0.31320417  0.22801822  0.49788412 -0.28259176]
2288,3,3,1,2,3,[-0.12958722 -0.10638313  0.70571953  0.03400823 -0.31649995  0.22509257]
2289,3,3,1,2,4,[0.19743423 0.3775236  0.40813297 0.20088919 0.606944   0.8059747 ]
2290,3,3,1,3,0,[0.20190652 0.03193773 0.5180157  0.29558185 0.19929802 0.41243356]
2291,3,3,1,3,1,[-0.2692913  -0.4090803   0.41432375 -0.15339464  0.46333578  0.12229725]
2292,3,3,1,3,2,[-0.29265913 -0.20159821  0.39766404  0.30529046  0.61572933  0.04091571]
2293,3,3,1,3,3,[-0.02168166  0.01707084  0.7697919   0.12657155 -0.23009081  0.3340078 ]
2294,3,3,1,3,4,[0.34083426 0.6414181  0.4797828  0.27046248 0.74325347 1.0974544 ]
2295,3,3,1,4,0,[ 0.160722   -0.01444501  0.76906794  0.372384    0.16631414  0.5399083 ]
2296,3,3,1,4,1,[-0.33686835 -0.46640483  0.70039827 -0.06035895  0.62251306  0.37796745]
2297,3,3,1,4,2,[-0.32388353 -0.02480781  0.638947    0.528635    0.8720525   0.37440276]
2298,3,3,1,4,3,[-0.3454024  -0.35902494  1.0947118   0.01636536 -0.595124    0.08432626]
2299,3,3,1,4,4,[0.47828972 0.9854958  0.72476363 0.42198938 1.0347185  1.6634281 ]
2300,3,3,2,0,0,[0.4020347  0.41747534 0.39693505 0.32386374 0.330508   0.7089979 ]
2301,3,3,2,0,1,[-0.05822047 -0.08485976  0.24422757 -0.10522144  0.37921482  0.22950652]
2302,3,3,2,0,2,[0.04502228 0.2963699  0.2916276  0.29326445 0.5520775  0.48172298]
2303,3,3,2,0,3,[0.23847605 0.40400797 0.5805603  0.22004452 0.12163348 0.6482135 ]
2304,3,3,2,0,4,[0.41367468 0.7273951  0.35693762 0.25702468 0.6214231  1.0608306 ]
2305,3,3,2,1,0,[ 0.06468878 -0.40833533  0.66045     0.25136977  0.10905343  0.27576506]
2306,3,3,2,1,1,[-0.07740169 -0.13172735  0.44942272 -0.06434263  1.1225598   0.8273812 ]
2307,3,3,2,1,2,[-0.6998483  -0.98632175  0.34860006  0.32781798  0.8576726  -0.54613584]
2308,3,3,2,1,3,[ 0.01196844  0.2802016   1.245505    0.04425706 -0.24615812  1.004336  ]
2309,3,3,2,1,4,[0.349836   0.5473368  0.59693795 0.28982192 0.97979414 1.3099723 ]
2310,3,3,2,2,0,[ 0.15093341 -0.05834245  0.4380567   0.20449144  0.15098923  0.33678675]
2311,3,3,2,2,1,[-0.06130748 -0.09775882  0.29512998 -0.07415878  0.63047963  0.431252  ]
2312,3,3,2,2,2,[-0.28974724 -0.305428    0.25997624  0.24934416  0.5967909  -0.05964391]
2313,3,3,2,2,3,[ 0.02617013  0.18889257  0.7700775   0.05294672 -0.1284314   0.58267194]
2314,3,3,2,2,4,[0.31095153 0.5240963  0.39926144 0.21665867 0.6794959  0.9793342 ]
2315,3,3,2,3,0,[0.35170844 0.24364036 0.52209044 0.31734815 0.29715836 0.65590495]
2316,3,3,2,3,1,[-0.0869201  -0.12667157  0.32980642 -0.14523336  0.6027631   0.36933506]
2317,3,3,2,3,2,[-0.13299188  0.04591478  0.34687448  0.3309107   0.7193241   0.2971564 ]
2318,3,3,2,3,3,[ 0.14374198  0.34459192  0.84059536  0.14750686 -0.02742377  0.72185934]
2319,3,3,2,3,4,[0.46549648 0.8136415  0.47472277 0.28915668 0.81907266 1.2953837 ]
2320,3,3,2,4,0,[0.3734861  0.28763995 0.787143   0.41835427 0.30536994 0.8955277 ]
2321,3,3,2,4,1,[-0.0724642  -0.05304949  0.60422367 -0.0202641   0.8313953   0.7615994 ]
2322,3,3,2,4,2,[-0.09531026  0.3349768   0.58237314  0.5843055   1.0231495   0.75501937]
2323,3,3,2,4,3,[-0.11018038  0.09757901  1.2056097   0.06092526 -0.31074816  0.6369013 ]
2324,3,3,2,4,4,[0.65668905 1.2350146  0.7283516  0.46236748 1.1444935  1.9564543 ]
2325,3,3,3,0,0,[0.36646107 0.36933306 0.43565324 0.3282485  0.33034554 0.6846824 ]
2326,3,3,3,0,1,[-0.12420276 -0.17485528  0.3225761  -0.11139045  0.3737053   0.20197184]
2327,3,3,3,0,2,[-0.0115878   0.22733994  0.34715167  0.29485062  0.5594799   0.44126418]
2328,3,3,3,0,3,[0.19410744 0.3220862  0.60137004 0.22117876 0.07746163 0.57620054]
2329,3,3,3,0,4,[0.38725552 0.7030375  0.39398196 0.26020616 0.637515   1.0610149 ]
2330,3,3,3,1,0,[-0.04465219 -0.5377141   0.75357425  0.25266376  0.08030774  0.19539756]
2331,3,3,3,1,1,[-0.23583186 -0.3117927   0.64131117 -0.07325231  1.1151551   0.79481816]
2332,3,3,3,1,2,[-0.8557795  -1.1664765   0.4805341   0.3301115   0.85396314 -0.6680728 ]
2333,3,3,3,1,3,[-0.11272276  0.08795145  1.297687    0.03523069 -0.36598292  0.83194786]
2334,3,3,3,1,4,[0.27023047 0.47793686 0.6859398  0.29354283 0.9950948  1.2923902 ]
2335,3,3,3,2,0,[ 0.0886786  -0.1333099   0.49341002  0.20583276  0.13895531  0.29216632]
2336,3,3,3,2,1,[-0.15663531 -0.2116747   0.40890902 -0.08086926  0.62471956  0.40555954]
2337,3,3,3,2,2,[-0.3791632  -0.40886036  0.3392031   0.25080615  0.5994794  -0.12635201]
2338,3,3,3,2,3,[-0.04823547  0.07046771  0.8002216   0.04753634 -0.19971195  0.47581673]
2339,3,3,3,2,4,[0.26619953 0.48571247 0.45237517 0.21925214 0.6938633  0.9731126 ]
2340,3,3,3,3,0,[0.290463   0.16682222 0.5805911  0.3206043  0.29008448 0.6128521 ]
2341,3,3,3,3,1,[-0.18844824 -0.25530753  0.4493734  -0.15379818  0.59512734  0.3344555 ]
2342,3,3,3,3,2,[-0.22401465 -0.06095099  0.43089998  0.3325514   0.7262993   0.23114043]
2343,3,3,3,3,3,[ 0.0686203   0.21792409  0.8720438   0.14424853 -0.10016999  0.608323  ]
2344,3,3,3,3,4,[0.4211338  0.77495456 0.53086734 0.29259753 0.8388882  1.2921417 ]
2345,3,3,3,4,0,[0.2863148  0.17683998 0.8661514  0.41728607 0.2918257  0.8312487 ]
2346,3,3,3,4,1,[-0.21137948 -0.2351224   0.766051   -0.03527858  0.8146052   0.70725745]
2347,3,3,3,4,2,[-0.21578906  0.19143762  0.6982632   0.5852433   1.0323861   0.67062813]
2348,3,3,3,4,3,[-0.2251705  -0.09234319  1.2456052   0.04583446 -0.42176878  0.46195906]
2349,3,3,3,4,4,[0.5967968  1.1817951  0.80501604 0.46496934 1.1716231  1.9530745 ]
2350,3,3,4,0,0,[0.38644674 0.40466172 0.3991257  0.34594145 0.3074737  0.6714869 ]
2351,3,3,4,0,1,[-0.12441849 -0.13420744  0.24365973 -0.11625756  0.35615757  0.15394497]
2352,3,3,4,0,2,[0.00075115 0.2782511  0.29687974 0.3118308  0.5504045  0.43384343]
2353,3,3,4,0,3,[0.2088061  0.36142454 0.5878949  0.23521201 0.05901255 0.57700413]
2354,3,3,4,0,4,[0.4071922  0.75235504 0.36246008 0.27393153 0.6341562  1.0721959 ]
2355,3,3,4,1,0,[-0.04524846 -0.5296486   0.65050566  0.2604472   0.00068082  0.09142597]
2356,3,3,4,1,1,[-0.22938505 -0.21968165  0.44706747 -0.08128378  1.0908498   0.69542164]
2357,3,3,4,1,2,[-0.86727566 -1.1390188   0.34223092  0.34384254  0.81964856 -0.7728656 ]
2358,3,3,4,1,3,[-0.11392067  0.14434989  1.2556933   0.03423702 -0.43620405  0.80244315]
2359,3,3,4,1,4,[0.28470677 0.53027254 0.5969035  0.30416876 0.97083616 1.2568061 ]
2360,3,3,4,2,0,[ 0.09282469 -0.11991278  0.43364814  0.21402965  0.09160102  0.23595567]
2361,3,3,4,2,1,[-0.15533301 -0.15653376  0.29386136 -0.08671835  0.60563624  0.3414452 ]
2362,3,3,4,2,2,[-0.3808832  -0.3781474   0.25897205  0.2627113   0.5793411  -0.17749242]
2363,3,3,4,2,3,[-0.04846863  0.1044857   0.77605325  0.04930145 -0.24330549  0.45501104]
2364,3,3,4,2,4,[0.2788998  0.52652913 0.40108925 0.22841547 0.68060344 0.9596924 ]
2365,3,3,4,3,0,[0.30584234 0.19817561 0.52076554 0.33672595 0.24539816 0.56970423]
2366,3,3,4,3,1,[-0.18814678 -0.19563337  0.32852077 -0.16114362  0.5708053   0.26326078]
2367,3,3,4,3,2,[-0.21624096 -0.00715601  0.3499763   0.35101336  0.70768595  0.19680882]
2368,3,3,4,3,3,[ 0.07649115  0.26231077  0.8485243   0.15341952 -0.14057629  0.5933109 ]
2369,3,3,4,3,4,[0.4422043  0.83291924 0.47955987 0.30709243 0.8283338  1.2920228 ]
2370,3,3,4,4,0,[0.29407528 0.21391575 0.78496695 0.43253428 0.21758203 0.76118815]
2371,3,3,4,4,1,[-0.21719894 -0.1491369   0.605513   -0.04412116  0.77483255  0.61231405]
2372,3,3,4,4,2,[-0.20826101  0.27641922  0.59019434  0.6112424   1.0016118   0.6312149 ]
2373,3,3,4,4,3,[-0.23894486 -0.05484799  1.212357    0.04471837 -0.49901906  0.4113169 ]
2374,3,3,4,4,4,[0.62083626 1.2651364  0.7366643  0.4835908  1.1523774  1.954354  ]
2375,3,4,0,0,0,[0.09881609 0.01971285 0.19306405 0.16711245 0.16007762 0.20844156]
2376,3,4,0,0,1,[-0.17279352 -0.3358708   0.14247999 -0.09649737  0.17428821 -0.03558703]
2377,3,4,0,0,2,[-0.16921134 -0.11057187  0.13125111  0.14239216  0.32779408  0.01164705]
2378,3,4,0,0,3,[-0.03088544 -0.08581553  0.27654266  0.08399237 -0.12629184  0.03301419]
2379,3,4,0,0,4,[0.1395004  0.27647397 0.18413126 0.13546595 0.38974118 0.5065565 ]
2380,3,4,0,1,0,[-0.22527862 -0.723524    0.3509062   0.1067371  -0.02938986 -0.2178775 ]
2381,3,4,0,1,1,[-0.27644083 -0.60992193  0.2898763  -0.08995658  0.5995052   0.27572086]
2382,3,4,0,1,2,[-0.7932927  -1.1805023   0.17376688  0.14218582  0.5052467  -0.8289391 ]
2383,3,4,0,1,3,[-0.2962683  -0.52577335  0.66292924 -0.04396761 -0.54350525 -0.03548697]
2384,3,4,0,1,4,[0.01159456 0.00819222 0.33021328 0.14555556 0.60817957 0.5721102 ]
2385,3,4,0,2,0,[-0.08400342 -0.33730635  0.22326337  0.09190957  0.03607747 -0.0555547 ]
2386,3,4,0,2,1,[-0.19620238 -0.40696967  0.1822161  -0.0801466   0.3248971   0.08658133]
2387,3,4,0,2,2,[-0.41873914 -0.55386704  0.11795484  0.11194205  0.35459667 -0.37095445]
2388,3,4,0,2,3,[-0.18785585 -0.3265425   0.3980234  -0.01888337 -0.3295232  -0.074995  ]
2389,3,4,0,2,4,[0.05511185 0.1117667  0.21334073 0.11013407 0.42638305 0.44065702]
2390,3,4,0,3,0,[ 0.01076792 -0.19080651  0.2589945   0.15415044  0.12136267  0.09262773]
2391,3,4,0,3,1,"[-2.4057586e-01 -4.7792211e-01  1.9840139e-01 -1.2967226e-01
  2.9395783e-01 -3.3026296e-04]"
2392,3,4,0,3,2,[-0.3580738  -0.38798168  0.15494162  0.15444699  0.42857838 -0.20941162]
2393,3,4,0,3,3,[-0.1530559  -0.27945277  0.41802254  0.02569303 -0.30143476 -0.06228826]
2394,3,4,0,3,4,[0.12779127 0.2591571  0.24870978 0.14971632 0.51565415 0.60183823]
2395,3,4,0,4,0,[-0.07095785 -0.31962574  0.38916883  0.18469304  0.10295069  0.09187784]
2396,3,4,0,4,1,[-0.3283062  -0.61877024  0.35259283 -0.08780266  0.39554045  0.1078472 ]
2397,3,4,0,4,2,[-0.46250904 -0.39060688  0.25798792  0.27312005  0.60817045 -0.11549298]
2398,3,4,0,4,3,[-0.41217905 -0.653298    0.60605013 -0.06606914 -0.58907986 -0.33364734]
2399,3,4,0,4,4,[0.17188199 0.40970105 0.37884235 0.23364314 0.72370994 0.9124591 ]
2400,3,4,1,0,0,[0.2521109  0.13521779 0.3388434  0.19005474 0.34585336 0.57667273]
2401,3,4,1,0,1,[ 0.04010146 -0.26344046  0.2994506  -0.0930883   0.40685257  0.39511648]
2402,3,4,1,0,2,[-0.0487682  -0.02058025  0.2349869   0.16946536  0.535578    0.34253624]
2403,3,4,1,0,3,[0.09328154 0.09024432 0.44462794 0.08176745 0.06944218 0.42790717]
2404,3,4,1,0,4,[0.27738047 0.3880139  0.3067697  0.15860726 0.56611425 0.843955  ]
2405,3,4,1,1,0,[ 0.14255635 -0.571466    0.68303454  0.1478586   0.3926934   0.5746105 ]
2406,3,4,1,1,1,[ 0.26851746 -0.47108275  0.6203095  -0.05190944  1.1630026   1.2607216 ]
2407,3,4,1,1,2,[-0.5107886  -1.1156484   0.39855283  0.18218474  0.9798171  -0.1542291 ]
2408,3,4,1,1,3,[ 0.08178391 -0.17399544  1.0889858  -0.01752316 -0.05606095  0.93858814]
2409,3,4,1,1,4,[0.3352192  0.16807063 0.60056317 0.18669766 1.0059675  1.285404  ]
2410,3,4,1,2,0,[ 0.13714467 -0.22937702  0.4251291   0.1190316   0.29591674  0.43080238]
2411,3,4,1,2,1,[ 0.12697229 -0.31850854  0.3874565  -0.06032873  0.66692376  0.6840366 ]
2412,3,4,1,2,2,[-0.250489   -0.49210408  0.25092682  0.14013492  0.64608854  0.04300847]
2413,3,4,1,2,3,[ 0.03015466 -0.10798118  0.65568817 -0.00674677 -0.03603569  0.5091231 ]
2414,3,4,1,2,4,[0.2511138  0.22422089 0.3782634  0.13778211 0.67274195 0.88171095]
2415,3,4,1,3,0,[ 0.24480085 -0.04968262  0.47520033  0.1824104   0.39909497  0.62429947]
2416,3,4,1,3,1,[ 0.09289838 -0.37837988  0.4224849  -0.12202135  0.65013176  0.6351541 ]
2417,3,4,1,3,2,[-0.17750172 -0.2899477   0.30046436  0.1860098   0.73971397  0.25297588]
2418,3,4,1,3,3,[ 0.05902762 -0.03348656  0.68349284  0.02796721  0.00284015  0.54556483]
2419,3,4,1,3,4,[0.3369376  0.4013015  0.4275264  0.17921093 0.7797798  1.0873082 ]
2420,3,4,1,4,0,[ 0.2672057  -0.11413266  0.7105271   0.26136282  0.5109984   0.869271  ]
2421,3,4,1,4,1,[ 0.16066562 -0.45033675  0.70180213 -0.00683054  0.93387973  1.0732869 ]
2422,3,4,1,4,2,[-0.19849987 -0.22451676  0.47353706  0.36198726  1.0684607   0.57269186]
2423,3,4,1,4,3,[-0.0940327  -0.319477    1.0102501  -0.02285624 -0.14443547  0.5547051 ]
2424,3,4,1,4,4,[0.47492436 0.62407225 0.64237124 0.30859905 1.1132138  1.6244849 ]
2425,3,4,2,0,0,[0.33153483 0.23937656 0.31535128 0.19781907 0.40131015 0.6883079 ]
2426,3,4,2,0,1,[ 0.1400674  -0.14290412  0.20718597 -0.09430805  0.4663377   0.47588947]
2427,3,4,2,0,2,[0.02929692 0.09649954 0.16689445 0.17918858 0.589649   0.44313574]
2428,3,4,2,0,3,[0.17692982 0.24880138 0.46601257 0.08463097 0.17505313 0.6136026 ]
2429,3,4,2,0,4,[0.34344155 0.47272483 0.27996927 0.1660526  0.60949224 0.93338567]
2430,3,4,2,1,0,[ 0.34035656 -0.3729593   0.61663103  0.16130705  0.532002    0.8098142 ]
2431,3,4,2,1,1,[ 0.53252774 -0.21251208  0.3854866  -0.04230324  1.3139186   1.4334161 ]
2432,3,4,2,1,2,[-0.317359   -0.89811546  0.22459838  0.19551419  1.1161536   0.04430683]
2433,3,4,2,1,3,[ 0.3136295   0.16913807  1.1421423  -0.00168481  0.20264031  1.3833715 ]
2434,3,4,2,1,4,[0.49708953 0.32653537 0.5252537  0.19900988 1.1151961  1.4656558 ]
2435,3,4,2,2,0,[ 0.25491953 -0.10408071  0.3878335   0.1281829   0.37836817  0.57574207]
2436,3,4,2,2,1,[ 0.2825154  -0.15818617  0.2501338  -0.05585014  0.7579466   0.7921831 ]
2437,3,4,2,2,2,[-0.13617252 -0.35336915  0.14780264  0.14986917  0.72692573  0.16565911]
2438,3,4,2,2,3,[0.16628328 0.10318832 0.6898365  0.0023032  0.11950781 0.7782043 ]
2439,3,4,2,2,4,[0.34786904 0.32518023 0.3354345  0.14631872 0.7376344  0.9943194 ]
2440,3,4,2,3,0,[0.36863348 0.09427651 0.43768457 0.19246352 0.48476258 0.7846883 ]
2441,3,4,2,3,1,[ 0.25297797 -0.20278881  0.27935597 -0.12168362  0.7436447   0.7525555 ]
2442,3,4,2,3,2,[-0.056584   -0.12907997  0.19362243  0.19773486  0.8235164   0.39241084]
2443,3,4,2,3,3,[0.19653554 0.19804414 0.71874213 0.03469355 0.16599153 0.8297707 ]
2444,3,4,2,3,4,[0.439305   0.518021   0.3844245  0.18883184 0.8470923  1.2138716 ]
2445,3,4,2,4,0,[0.4400961  0.09309276 0.66759425 0.28812048 0.6363586  1.1062006 ]
2446,3,4,2,4,1,[ 0.3850286  -0.18837245  0.5194393   0.0155984   1.0797278   1.268356  ]
2447,3,4,2,4,2,[-0.03256368  0.01156059  0.33236545  0.3922675   1.1930041   0.7806716 ]
2448,3,4,2,4,3,[0.10408159 0.00558282 1.072203   0.00210472 0.0902421  0.9673118 ]
2449,3,4,2,4,4,[0.617577   0.79473484 0.58958715 0.33289745 1.21297    1.813375  ]
2450,3,4,3,0,0,[0.29601714 0.20977384 0.3729925  0.20126177 0.40830636 0.6984243 ]
2451,3,4,3,0,1,[ 0.08057431 -0.19486783  0.32063386 -0.09739411  0.48429915  0.5188276 ]
2452,3,4,3,0,2,[-0.02119169  0.05350697  0.24808429  0.18090725  0.60659325  0.45143628]
2453,3,4,3,0,3,[0.1326718  0.19314843 0.49797133 0.08516368 0.14478841 0.57678765]
2454,3,4,3,0,4,[0.31711105 0.45974177 0.33466706 0.16874379 0.6286448  0.9599401 ]
2455,3,4,3,1,0,[ 0.23732565 -0.4566619   0.75590646  0.16483389  0.53023624  0.8178066 ]
2456,3,4,3,1,1,[ 0.38959202 -0.31502473  0.6646236  -0.04385635  1.363753    1.5624027 ]
2457,3,4,3,1,2,[-0.45483178 -1.0154523   0.41776463  0.2011366   1.1435018   0.04366457]
2458,3,4,3,1,3,[ 0.19574843  0.03705664  1.2231791  -0.00731075  0.12199596  1.2978923 ]
2459,3,4,3,1,4,[0.42142543 0.2850405  0.6569245  0.204263   1.1459312  1.5154717 ]
2460,3,4,3,2,0,[ 0.19629794 -0.15203528  0.47122082  0.1306678   0.3806934   0.5835824 ]
2461,3,4,3,2,1,[ 0.19742066 -0.22341242  0.4160295  -0.05768487  0.7863054   0.864998  ]
2462,3,4,3,2,2,[-0.2144176  -0.4198183   0.2643961   0.15328251  0.74646693  0.17101736]
2463,3,4,3,2,3,[ 0.09609955  0.02186029  0.73727703 -0.00116126  0.07120177  0.72411025]
2464,3,4,3,2,4,[0.30538645 0.3029799  0.41447654 0.14972134 0.7594943  1.0278417 ]
2465,3,4,3,3,0,[0.3096132  0.04596145 0.52547675 0.19570048 0.49083513 0.7957541 ]
2466,3,4,3,3,1,[ 0.16179329 -0.27679664  0.4531417  -0.12547934  0.7718931   0.8232268 ]
2467,3,4,3,3,2,[-0.13701661 -0.19670078  0.3169666   0.20041344  0.846592    0.40145403]
2468,3,4,3,3,3,[0.12429274 0.11140862 0.7679305  0.03230535 0.11638131 0.7715087 ]
2469,3,4,3,3,4,[0.39628243 0.49648327 0.46774948 0.19230574 0.87313914 1.251663  ]
2470,3,4,3,4,0,[0.36240405 0.0228991  0.78991276 0.291312   0.64288485 1.122     ]
2471,3,4,3,4,1,[ 0.26773116 -0.2942046   0.7587579   0.01187245  1.1145785   1.3650161 ]
2472,3,4,3,4,2,[-0.13210551 -0.07873952  0.506346    0.39899582  1.225831    0.8042809 ]
2473,3,4,3,4,3,"[ 1.5039369e-04 -1.2519445e-01  1.1387626e+00 -7.2670318e-03
  1.4779685e-02  8.7576187e-01]"
2474,3,4,3,4,4,[0.5641878  0.7651621  0.7061722  0.33865312 1.249502   1.8700281 ]
2475,3,4,4,0,0,[0.3177922  0.22648421 0.3030769  0.21221587 0.38120052 0.64517766]
2476,3,4,4,0,1,[ 0.08912221 -0.18002781  0.1821052  -0.10506538  0.44265392  0.39782333]
2477,3,4,4,0,2,[-0.00619635  0.07837371  0.15242228  0.1903282   0.5846123   0.38786125]
2478,3,4,4,0,3,[0.15364175 0.21505082 0.46126765 0.09442531 0.12532412 0.54937273]
2479,3,4,4,0,4,[0.33659312 0.48774534 0.27181074 0.17692584 0.6166028  0.92843837]
2480,3,4,4,1,0,[ 0.2575147  -0.46786287  0.57626045  0.16566755  0.44459647  0.64235085]
2481,3,4,4,1,1,[ 0.42032743 -0.27784342  0.32458934 -0.05783399  1.2755173   1.289208  ]
2482,3,4,4,1,2,[-0.44258627 -1.0177084   0.17647174  0.20428322  1.0790464  -0.16320847]
2483,3,4,4,1,3,[ 0.21989132  0.06420894  1.1255834  -0.01096238  0.05477046  1.2109183 ]
2484,3,4,4,1,4,[0.4473257  0.30833137 0.49607417 0.2076827  1.1026431  1.3989148 ]
2485,3,4,4,2,0,[ 0.21040045 -0.15357143  0.3649763   0.13346346  0.32997993  0.4814167 ]
2486,3,4,4,2,1,[ 0.21232289 -0.2023973   0.2141288  -0.06744799  0.73042595  0.6967658 ]
2487,3,4,4,2,2,[-0.20527261 -0.41230354  0.12125021  0.15739657  0.70855266  0.05326407]
2488,3,4,4,2,3,[ 0.11027347  0.03760224  0.6799156  -0.00175492  0.029836    0.6688972 ]
2489,3,4,4,2,4,[0.32265854 0.32290962 0.31949434 0.1535398  0.7349197  0.9625461 ]
2490,3,4,4,3,0,[0.332219   0.05581822 0.4157846  0.20435593 0.44174877 0.6986961 ]
2491,3,4,4,3,1,[ 0.17626323 -0.25486144  0.24112184 -0.13670377  0.71008414  0.6417964 ]
2492,3,4,4,3,2,[-0.12115108 -0.17482394  0.16831213  0.20933263  0.80908877  0.2896327 ]
2493,3,4,4,3,3,[0.14536975 0.13365814 0.709299   0.03724743 0.0771737  0.7179529 ]
2494,3,4,4,3,4,[0.4197242  0.5273895  0.36956304 0.20004748 0.85029817 1.1920477 ]
2495,3,4,4,4,0,[0.3780326  0.03099891 0.6382551  0.29549927 0.56532365 0.9765196 ]
2496,3,4,4,4,1,[ 0.27559003 -0.26187348  0.47094378 -0.00610907  1.0248321   1.1143196 ]
2497,3,4,4,4,2,[-0.12031603 -0.04203399  0.3015251   0.40789387  1.1695702   0.6500268 ]
2498,3,4,4,4,3,[ 0.00713028 -0.11254158  1.0568855  -0.01210352 -0.0558963   0.77755207]
2499,3,4,4,4,4,[0.5878493  0.8094875  0.57131743 0.34597057 1.2142265  1.7855378 ]
2500,4,0,0,0,0,[ 0.15297247  0.278552    0.14354232  0.5650766  -0.22960992  0.14349018]
2501,4,0,0,0,1,[-0.8116335  -0.37323317 -0.1425674  -0.1977955   0.03473501 -0.50457007]
2502,4,0,0,0,2,[-0.6563374   0.24316446  0.07074458  0.4217254   0.3931104   0.01101323]
2503,4,0,0,0,3,[ 0.11310874  0.3676346   0.48200092  0.51914257 -0.63389456  0.17159708]
2504,4,0,0,0,4,[0.19406477 0.9449222  0.17834537 0.40411976 0.50064754 1.021855  ]
2505,4,0,0,1,0,[-1.2948004  -1.459149    0.06083875  0.22016066 -1.8258564  -1.6362474 ]
2506,4,0,0,1,1,[-1.6891984  -0.24556799 -0.31404567 -0.3358585   0.5095012   0.06398893]
2507,4,0,0,1,2,[-2.7911813  -1.6323711  -0.16515377  0.33191356  0.18626511 -2.0063682 ]
2508,4,0,0,1,3,[-1.1336336  -0.47094083  1.0347036  -0.05803509 -2.6794834  -0.6030824 ]
2509,4,0,0,1,4,[-0.5790092   0.60643417  0.18210132  0.31863502  0.29767373  0.87750745]
2510,4,0,0,2,0,[-0.59903187 -0.6522763   0.06094799  0.2367926  -0.9927123  -0.83516467]
2511,4,0,0,2,1,[-1.0801862  -0.29989436 -0.19441228 -0.24482362  0.17462383 -0.25680396]
2512,4,0,0,2,2,[-1.4837737  -0.6276602  -0.05522759  0.28634816  0.20048538 -0.9210932 ]
2513,4,0,0,2,3,[-0.63702965 -0.2820995   0.61667573  0.04591341 -1.606697   -0.48320293]
2514,4,0,0,2,4,[-0.1984129   0.6070899   0.14125665  0.26736814  0.30054793  0.7290374 ]
2515,4,0,0,3,0,[-0.27333003 -0.22617982  0.12657602  0.48952028 -0.78233063 -0.4530107 ]
2516,4,0,0,3,1,[-1.2017437  -0.46231136 -0.21643025 -0.30612618  0.07783149 -0.55943966]
2517,4,0,0,3,2,[-1.3044488  -0.17746036  0.01605678  0.44343472  0.36600062 -0.5286672 ]
2518,4,0,0,3,3,[-0.37215173 -0.0132617   0.67675215  0.32176843 -1.4567327  -0.30212122]
2519,4,0,0,3,4,[0.01611457 1.0050291  0.20330338 0.41816422 0.5051374  1.1135961 ]
2520,4,0,0,4,0,[-0.8463692  -0.7560358   0.15627187  0.33246332 -1.5816753  -1.2173463 ]
2521,4,0,0,4,1,[-1.8519418  -0.7894925  -0.221339   -0.48458305 -0.24745406 -1.001615  ]
2522,4,0,0,4,2,[-1.8374913  -0.07977216  0.08309568  0.5562392   0.27484626 -0.63155115]
2523,4,0,0,4,3,[-1.4297361  -1.0982074   0.85106045 -0.16490151 -2.8684878  -1.7191066 ]
2524,4,0,0,4,4,[-0.12754698  1.3381803   0.30919263  0.4666342   0.50420815  1.4278128 ]
2525,4,0,1,0,0,[ 0.42473042  0.45393994  0.16143161  0.62817234 -0.118507    0.42133063]
2526,4,0,1,0,1,[-0.5762316  -0.34132004 -0.3416282  -0.22427768  0.1452095  -0.4847215 ]
2527,4,0,1,0,2,[-0.45001978  0.368811   -0.02235931  0.47744218  0.524381    0.19625501]
2528,4,0,1,0,3,[ 0.38317788  0.8024795   0.6323709   0.5698995  -0.36432233  0.72553056]
2529,4,0,1,0,4,[0.4280671  1.1251649  0.18446498 0.452938   0.6334165  1.3074389 ]
2530,4,0,1,1,0,[-0.75041425 -1.3379089   0.03876939  0.27339932 -1.6310569  -1.209203  ]
2531,4,0,1,1,1,[-1.0232532  -0.19604248 -0.8338907  -0.34514955  0.842372    0.16119333]
2532,4,0,1,1,2,[-2.373521   -1.667518   -0.47233486  0.39420128  0.46833038 -1.8461148 ]
2533,4,0,1,1,3,[-0.50849605  0.36136165  1.3805162  -0.01464875 -2.103715    0.642851  ]
2534,4,0,1,1,4,[-0.08457822  0.7958609   0.13536808  0.37597603  0.5709746   1.3528632 ]
2535,4,0,1,2,0,[-0.2552716  -0.54684806  0.06020726  0.28098637 -0.8729625  -0.55557287]
2536,4,0,1,2,1,[-0.6871209  -0.26962954 -0.49572325 -0.2556358   0.36326405 -0.20819813]
2537,4,0,1,2,2,[-1.2144722  -0.59989345 -0.22571556  0.3367014   0.37302396 -0.78697973]
2538,4,0,1,2,3,[-0.26284462  0.23163158  0.832358    0.07835446 -1.2611709   0.2624855 ]
2539,4,0,1,2,4,[0.11355305 0.75421447 0.12516122 0.31167388 0.4703022  1.0434308 ]
2540,4,0,1,3,0,[ 0.11476371 -0.04773104  0.13879597  0.5544404  -0.6416222  -0.10597439]
2541,4,0,1,3,1,[-0.80759084 -0.42469996 -0.52904934 -0.33596388  0.25857255 -0.52458704]
2542,4,0,1,3,2,[-1.0005776  -0.07253727 -0.14680178  0.508943    0.55372685 -0.32476383]
2543,4,0,1,3,3,[ 0.02826041  0.5764039   0.90628415  0.36952373 -1.0774558   0.5016222 ]
2544,4,0,1,3,4,[0.3616805  1.2149937  0.19872972 0.4754172  0.6930096  1.4911469 ]
2545,4,0,1,4,0,[-0.3307383  -0.52631664  0.20349571  0.4299634  -1.4090434  -0.735741  ]
2546,4,0,1,4,1,[-1.2967255  -0.7009289  -0.59596545 -0.47188926  0.02150925 -0.86786354]
2547,4,0,1,4,2,[-1.4059653   0.11424416 -0.10678099  0.6811883   0.5418567  -0.28296024]
2548,4,0,1,4,3,[-0.91784424 -0.3602725   1.202871   -0.10359745 -2.3892722  -0.65457386]
2549,4,0,1,4,4,[0.35162747 1.646873   0.33011627 0.56700957 0.76636666 1.9861894 ]
2550,4,0,2,0,0,[ 0.58833903  0.6579      0.08280735  0.6470662  -0.08272283  0.57564265]
2551,4,0,2,0,1,[-0.40003425 -0.09106577 -0.5925567  -0.23255257  0.20874308 -0.42993975]
2552,4,0,2,0,2,[-0.27136752  0.60387295 -0.1834498   0.49916625  0.5562397   0.3498983 ]
2553,4,0,2,0,3,[ 0.5634076   1.2006841   0.6572871   0.5893864  -0.15869914  1.1189928 ]
2554,4,0,2,0,4,[0.5638873  1.2858816  0.10637061 0.46823356 0.6539528  1.4270673 ]
2555,4,0,2,1,0,[-0.35568205 -0.95397544 -0.187243    0.29479587 -1.5029936  -0.9035044 ]
2556,4,0,2,1,1,[-0.52204317  0.348888   -1.4556981  -0.33619416  1.0478508   0.2887854 ]
2557,4,0,2,1,2,[-1.9344195  -1.2377578  -0.90520513  0.42331266  0.5935746  -1.5716007 ]
2558,4,0,2,1,3,[-0.04359404  1.2377968   1.424726    0.0183803  -1.6012623   1.5707892 ]
2559,4,0,2,1,4,[ 0.24663793  1.0898868  -0.08654966  0.39669397  0.6619598   1.5757768 ]
2560,4,0,2,2,0,[-0.0166762  -0.3075602  -0.06583478  0.29847476 -0.8090724  -0.36743373]
2561,4,0,2,2,1,[-0.39171493  0.06606565 -0.8601544  -0.25107673  0.47861832 -0.12686594]
2562,4,0,2,2,2,[-0.9490819  -0.3265309  -0.4743818   0.36021742  0.4367023  -0.611101  ]
2563,4,0,2,2,3,[ 0.01341687  0.7649083   0.8657673   0.10122535 -0.96513975  0.819769  ]
2564,4,0,2,2,4,"[3.1420213e-01 9.4028813e-01 8.0396846e-04 3.2808727e-01 5.1444310e-01
 1.1847898e+00]"
2565,4,0,2,3,0,[ 0.36811575  0.23047379  0.01298964  0.5771915  -0.5826338   0.10822841]
2566,4,0,2,3,1,[-0.5108657  -0.05679262 -0.91176164 -0.3396917   0.36825487 -0.4391006 ]
2567,4,0,2,3,2,[-0.7199845   0.24844968 -0.4003588   0.5378301   0.6108305  -0.11653151]
2568,4,0,2,3,3,[ 0.3140706   1.159092    0.94431514  0.39555568 -0.76580584  1.094907  ]
2569,4,0,2,3,4,[0.5740271  1.4335672  0.07415153 0.4954623  0.73101044 1.6555998 ]
2570,4,0,2,4,0,[ 0.0194632  -0.1376043   0.05131579  0.47556013 -1.3346562  -0.4247995 ]
2571,4,0,2,4,1,[-0.8769491  -0.16160025 -1.0885408  -0.4465075   0.18921667 -0.6928379 ]
2572,4,0,2,4,2,[-1.012789    0.5803631  -0.43162566  0.74245685  0.623577    0.03751734]
2573,4,0,2,4,3,[-0.5225129   0.43593884  1.2764632  -0.05300917 -1.9664564   0.17112134]
2574,4,0,2,4,4,[0.6488568  1.9614009  0.17698261 0.6095651  0.8180855  2.235486  ]
2575,4,0,3,0,0,[ 0.5318238   0.6005209   0.18594034  0.66277885 -0.06262874  0.59621686]
2576,4,0,3,0,1,[-0.50844437 -0.20898132 -0.39447764 -0.23925807  0.23682027 -0.3707728 ]
2577,4,0,3,0,2,[-0.37537786  0.5217116  -0.03994641  0.5070943   0.60490733  0.36251354]
2578,4,0,3,0,3,[ 0.49985573  1.0747325   0.7215776   0.6021662  -0.22740878  1.0387938 ]
2579,4,0,3,0,4,[0.5196163  1.2702417  0.20217489 0.4788314  0.70402694 1.4867047 ]
2580,4,0,3,1,0,[-0.55649465 -1.1400825   0.07145312  0.30149746 -1.5246768  -0.9040293 ]
2581,4,0,3,1,1,[-0.7950793   0.12152267 -0.9548127  -0.3489037   1.1194606   0.5068399 ]
2582,4,0,3,1,2,[-2.2352672  -1.4741055  -0.54711145  0.4311346   0.6610791  -1.5804712 ]
2583,4,0,3,1,3,[-0.25769448  0.9085508   1.5888221   0.00779102 -1.8157848   1.3525417 ]
2584,4,0,3,1,4,[0.0979144  1.0187924  0.15373975 0.40678725 0.7279224  1.6845512 ]
2585,4,0,3,2,0,[-0.12929411 -0.4123163   0.08560941  0.30467263 -0.81132394 -0.36275512]
2586,4,0,3,2,1,[-0.555365   -0.08088052 -0.5663539  -0.2608402   0.51872385 -0.0128873 ]
2587,4,0,3,2,2,[-1.1207923  -0.4589178  -0.26325685  0.36566028  0.48638254 -0.6084213 ]
2588,4,0,3,2,3,[-0.11196048  0.565557    0.9602695   0.09655071 -1.0906227   0.6837586 ]
2589,4,0,3,2,4,[0.23150311 0.90477157 0.14194244 0.33546394 0.5642978  1.2560511 ]
2590,4,0,3,3,0,[ 0.26205105  0.129157    0.17081179  0.5900532  -0.5707107   0.12291932]
2591,4,0,3,3,1,[-0.6825247  -0.22501208 -0.6063572  -0.35132796  0.40919298 -0.33574867]
2592,4,0,3,3,2,[-0.89198375  0.11577404 -0.18001743  0.54545957  0.6731654  -0.10665517]
2593,4,0,3,3,3,[ 0.19412817  0.95303524  1.0422608   0.39928058 -0.8884975   0.9556772 ]
2594,4,0,3,3,4,[0.4947877  1.4024161  0.22123142 0.50622106 0.7947423  1.73747   ]
2595,4,0,3,4,0,[-0.13889772 -0.29466793  0.26131624  0.47886956 -1.3320361  -0.42758098]
2596,4,0,3,4,1,[-1.1170529  -0.40961444 -0.6784902  -0.4702173   0.22761706 -0.5762273 ]
2597,4,0,3,4,2,[-1.2451714   0.39821687 -0.13317256  0.74833107  0.7029721   0.05080416]
2598,4,0,3,4,3,[-0.7188705   0.11313462  1.4014868  -0.07362364 -2.163878   -0.0703272 ]
2599,4,0,3,4,4,[0.5378587  1.9136306  0.37474248 0.61835194 0.9015083  2.340988  ]
2600,4,0,4,0,0,[ 0.56372374  0.67409277  0.0853104   0.69911784 -0.13657853  0.5506369 ]
2601,4,0,4,0,1,[-0.5174593  -0.09777987 -0.5896674  -0.24678817  0.1965384  -0.4629101 ]
2602,4,0,4,0,2,[-0.36728007  0.63758683 -0.17204048  0.53766817  0.57029057  0.3404649 ]
2603,4,0,4,0,3,[ 0.5340219  1.1866213  0.6765783  0.6388367 -0.2756617  1.0545071]
2604,4,0,4,0,4,[0.54949546 1.3711795  0.11636546 0.50494754 0.67684674 1.4958367 ]
2605,4,0,4,1,0,[-0.57774335 -1.0970889  -0.2030006   0.3093764  -1.7517247  -1.138532  ]
2606,4,0,4,1,1,[-0.79347616  0.40164146 -1.4419898  -0.36813998  1.0548496   0.33248386]
2607,4,0,4,1,2,[-2.2834122  -1.3437372  -0.9032046   0.45014814  0.55668074 -1.7693146 ]
2608,4,0,4,1,3,[-0.26443255  1.0910547   1.4594777   0.00488044 -1.9922078   1.319141  ]
2609,4,0,4,1,4,[ 0.11002581  1.1536788  -0.08086018  0.42158842  0.6324746   1.6044295 ]
2610,4,0,4,2,0,[-0.13410994 -0.37583646 -0.07439819  0.3168477  -0.95009047 -0.49798176]
2611,4,0,4,2,1,[-0.5610396   0.08129906 -0.8535227  -0.2735507   0.46954763 -0.13054879]
2612,4,0,4,2,2,[-1.1416184  -0.36096993 -0.4701388   0.38406834  0.42152834 -0.7064926 ]
2613,4,0,4,2,3,[-0.11464085  0.67364156  0.88493633  0.10113776 -1.2012954   0.6547868 ]
2614,4,0,4,2,4,[0.24526742 0.99852294 0.00604959 0.34989506 0.50698304 1.2180384 ]
2615,4,0,4,3,0,[ 0.27908492  0.197938    0.0088326   0.62026423 -0.7064163   0.00853964]
2616,4,0,4,3,1,[-0.69264215 -0.05575478 -0.9063648  -0.36473742  0.34997398 -0.46977234]
2617,4,0,4,3,2,[-0.8980447   0.25310043 -0.39014077  0.5770362   0.6094247  -0.17876144]
2618,4,0,4,3,3,[ 0.21095812  1.0862883   0.9671324   0.42366686 -0.9922242   0.940834  ]
2619,4,0,4,3,4,[0.5230634  1.5259881  0.08381969 0.53201807 0.7408712  1.7207    ]
2620,4,0,4,4,0,[-0.15235332 -0.23147562  0.03945656  0.4959194  -1.5595783  -0.63038003]
2621,4,0,4,4,1,[-1.1508207  -0.18545789 -1.0801327  -0.4965475   0.12044185 -0.7754751 ]
2622,4,0,4,4,2,[-1.2652484   0.593425   -0.4151755   0.78497624  0.5928451  -0.05126217]
2623,4,0,4,4,3,[-0.75947493  0.22706902  1.2935185  -0.08066031 -2.36791    -0.17935367]
2624,4,0,4,4,4,[0.56117374 2.0780787  0.18985341 0.6443622  0.80801046 2.3052983 ]
2625,4,1,0,0,0,[ 0.07887534  0.07117715 -0.07017104  0.15355347 -0.12370958  0.05299427]
2626,4,1,0,0,1,[-0.23011273 -0.21718073 -0.34406874 -0.1892921  -0.04219821 -0.26355836]
2627,4,1,0,0,2,[-0.24729288  0.07530331 -0.14967857  0.1022061   0.19580242  0.05429336]
2628,4,1,0,0,3,[-0.02127356  0.0710218   0.08284459  0.09772312 -0.37482402 -0.06041143]
2629,4,1,0,0,4,[ 0.12050749  0.3868108  -0.02997115  0.11239772  0.22986366  0.48642835]
2630,4,1,0,1,0,[-0.29066584 -0.5349578  -0.21707822  0.03137105 -0.65472525 -0.34129575]
2631,4,1,0,1,1,[-0.21034318  0.01055466 -0.782432   -0.21791583  0.29256782  0.32990235]
2632,4,1,0,1,2,[-0.9053178  -0.55731523 -0.43967462  0.08041514  0.31475997 -0.36527094]
2633,4,1,0,1,3,[-0.32538053 -0.19072086  0.27473518 -0.11213487 -1.1276321  -0.09195137]
2634,4,1,0,1,4,[ 0.00491561  0.3737949  -0.13319178  0.09485054  0.29165646  0.7664862 ]
2635,4,1,0,2,0,[-0.12645586 -0.26000035 -0.12547188  0.04684556 -0.37255272 -0.199291  ]
2636,4,1,0,2,1,[-0.18269274 -0.10264792 -0.4687973  -0.16957733  0.09224901  0.00860284]
2637,4,1,0,2,2,[-0.48978922 -0.22059238 -0.25292388  0.07149321  0.20464782 -0.16161962]
2638,4,1,0,2,3,[-0.21510842 -0.14981477  0.15295108 -0.05746758 -0.7108391  -0.17442943]
2639,4,1,0,2,4,[ 0.0465309   0.30166182 -0.06928155  0.07808408  0.21185769  0.5043054 ]
2640,4,1,0,3,0,[-0.02830508 -0.1219497  -0.1234596   0.11658722 -0.32146624 -0.11058939]
2641,4,1,0,3,1,[-0.26710215 -0.22797492 -0.5107516  -0.24353938  0.00276526 -0.20995972]
2642,4,1,0,3,2,[-0.44726154 -0.07210701 -0.25028828  0.10536431  0.24437617 -0.06249762]
2643,4,1,0,3,3,[-0.16922146 -0.08435803  0.14211716  0.00700352 -0.7071873  -0.20341046]
2644,4,1,0,3,4,[ 0.11201522  0.43948907 -0.06093097  0.11558679  0.27558595  0.6193543 ]
2645,4,1,0,4,0,[-0.2169339  -0.3477519  -0.14205289  0.06276099 -0.6090512  -0.34713832]
2646,4,1,0,4,1,[-0.44229034 -0.36761737 -0.6154164  -0.2972701  -0.08695795 -0.30763674]
2647,4,1,0,4,2,[-0.63517225 -0.02585394 -0.29427844  0.16252036  0.28058803 -0.0113431 ]
2648,4,1,0,4,3,[-0.56526965 -0.5563485   0.21585412 -0.18357342 -1.2786402  -0.7387891 ]
2649,4,1,0,4,4,[ 0.09954324  0.59094745 -0.04610007  0.14776716  0.3345255   0.8469524 ]
2650,4,1,1,0,0,[ 0.23055111  0.10564554 -0.06120773  0.15510568 -0.05110192  0.22402655]
2651,4,1,1,0,1,[-0.03284971 -0.2922869  -0.46021014 -0.22457613  0.00882559 -0.22904012]
2652,4,1,1,0,2,[-0.11856917  0.07190254 -0.20091248  0.10693163  0.28781286  0.18821156]
2653,4,1,1,0,3,[ 0.08712936  0.21805818  0.1372454   0.07308731 -0.25951838  0.18157125]
2654,4,1,1,0,4,[ 0.26078466  0.43175882 -0.02307072  0.11778519  0.31613755  0.6667083 ]
2655,4,1,1,1,0,[ 0.11813762 -0.5390359  -0.19448458  0.04570513 -0.4600115   0.05862256]
2656,4,1,1,1,1,[ 0.3752785  -0.13130662 -1.0855885  -0.2258176   0.48301867  0.4855246 ]
2657,4,1,1,1,2,[-0.5544297  -0.6672757  -0.57693934  0.09783563  0.5583488  -0.08519679]
2658,4,1,1,1,3,[ 0.07291945  0.12159538  0.46032518 -0.11360404 -0.7845033   0.6099931 ]
2659,4,1,1,1,4,[ 0.37323678  0.40885442 -0.12794422  0.1159526   0.5090807   1.1669838 ]
2660,4,1,1,2,0,[ 0.11600503 -0.253697   -0.1087626   0.05538194 -0.2566749   0.04149336]
2661,4,1,1,2,1,[ 0.1591338  -0.19417246 -0.6421121  -0.18175541  0.20205295  0.09600227]
2662,4,1,1,2,2,[-0.28156546 -0.27152306 -0.33351907  0.08401672  0.35120636  0.01028482]
2663,4,1,1,2,3,[ 0.0079035   0.03778349  0.26408303 -0.06567841 -0.51252854  0.23236468]
2664,4,1,1,2,4,[ 0.26713642  0.33301848 -0.06222591  0.09177593  0.3445732   0.7511178 ]
2665,4,1,1,3,0,[ 0.21965313 -0.09646466 -0.10705269  0.12065019 -0.20532228  0.14440167]
2666,4,1,1,3,1,[ 0.07111664 -0.33465892 -0.6915121  -0.27855006  0.10001618 -0.13947394]
2667,4,1,1,3,2,[-0.23356284 -0.10376397 -0.33268213  0.11467883  0.3923572   0.12755182]
2668,4,1,1,3,3,[ 0.03634164  0.12228643  0.24561022 -0.01738419 -0.5140486   0.19653611]
2669,4,1,1,3,4,[ 0.33971894  0.4884287  -0.05171701  0.1261333   0.4119749   0.88595986]
2670,4,1,1,4,0,[ 0.12875693 -0.30997056 -0.09016226  0.09621599 -0.42903373  0.04323563]
2671,4,1,1,4,1,[ 0.03621184 -0.4851826  -0.8154055  -0.2885988   0.09375985 -0.11908422]
2672,4,1,1,4,2,[-0.33609945 -0.04041595 -0.38532043  0.21054031  0.5139322   0.3030287 ]
2673,4,1,1,4,3,[-0.2659246  -0.28987873  0.4036054  -0.18428217 -0.99351794 -0.14490359]
2674,4,1,1,4,4,[ 0.41978404  0.67363966 -0.01126727  0.18936917  0.54587156  1.2563694 ]
2675,4,1,2,0,0,[ 0.30394536  0.16959698 -0.17840533  0.14951745 -0.05862322  0.20673746]
2676,4,1,2,0,1,[ 0.05411327 -0.23808578 -0.7246213  -0.24656539 -0.02954117 -0.38335738]
2677,4,1,2,0,2,[-0.04152111  0.14038062 -0.38401663  0.10253055  0.27026913  0.14276731]
2678,4,1,2,0,3,[ 0.15986733  0.3693839   0.08681789  0.06279604 -0.19235647  0.28052503]
2679,4,1,2,0,4,[ 0.3235753   0.48100755 -0.1307898   0.11435243  0.30657575  0.6471532 ]
2680,4,1,2,1,0,[ 0.33170322 -0.41079056 -0.48429146  0.04394677 -0.44570857  0.02375934]
2681,4,1,2,1,1,[ 0.6536134   0.00355951 -1.7346582  -0.23904015  0.42793787  0.14122641]
2682,4,1,2,1,2,[-0.33000955 -0.5374447  -1.0301993   0.09652147  0.5479776  -0.20040752]
2683,4,1,2,1,3,[ 0.31342506  0.47234452  0.3498419  -0.11196657 -0.589981    0.89415795]
2684,4,1,2,1,4,[ 0.55243754  0.50363547 -0.39777645  0.1164168   0.51173365  1.1154944 ]
2685,4,1,2,2,0,[ 0.24043567 -0.17524943 -0.27816764  0.05380591 -0.2534212   0.02007205]
2686,4,1,2,2,1,[ 0.31944376 -0.11303535 -1.0244119  -0.19329959  0.16618013 -0.10896542]
2687,4,1,2,2,2,[-0.15106396 -0.18981844 -0.6007781   0.08355898  0.34067482 -0.05755755]
2688,4,1,2,2,3,[ 0.14510296  0.24883634  0.20037211 -0.0671813  -0.4001093   0.398651  ]
2689,4,1,2,2,4,[ 0.37218368  0.3922349  -0.21977995  0.09199031  0.34247628  0.7220443 ]
2690,4,1,2,3,0,[ 0.34440717 -0.00761624 -0.284845    0.11586626 -0.20907037  0.12023621]
2691,4,1,2,3,1,[ 0.22708912 -0.25050014 -1.0938952  -0.30075637  0.05292683 -0.36375186]
2692,4,1,2,3,2,[-0.10217549 -0.00936396 -0.6126938   0.1116996   0.37406406  0.0574627 ]
2693,4,1,2,3,3,[ 0.16769606  0.34836352  0.17525522 -0.02553581 -0.40261632  0.36158985]
2694,4,1,2,3,4,[ 0.44578686  0.55646026 -0.21628736  0.12401479  0.40399954  0.85615313]
2695,4,1,2,4,0,[ 0.29950908 -0.18034992 -0.3197566   0.10084927 -0.4267974   0.02994121]
2696,4,1,2,4,1,[ 0.24951918 -0.3476052  -1.3441973  -0.29958066  0.0498004  -0.3832183 ]
2697,4,1,2,4,2,[-0.15973128  0.10451768 -0.7568466   0.21849355  0.49953628  0.22961803]
2698,4,1,2,4,3,[-0.07807736  0.0245074   0.32599056 -0.1799634  -0.830389    0.1061599 ]
2699,4,1,2,4,4,[ 0.5647934   0.77696294 -0.22568567  0.19619079  0.54269725  1.2345028 ]
2700,4,1,3,0,0,[ 0.2722829   0.16325818 -0.05731396  0.15692878 -0.01973818  0.30729675]
2701,4,1,3,0,1,[ 0.00059365 -0.25261346 -0.5017525  -0.24628477  0.04667208 -0.18368118]
2702,4,1,3,0,2,[-0.09225675  0.13009834 -0.22141004  0.10772695  0.33345193  0.26874343]
2703,4,1,3,0,3,[ 0.12181768  0.32736483  0.16760978  0.06768867 -0.20316146  0.30894467]
2704,4,1,3,0,4,[ 0.2996867   0.49108636 -0.02028502  0.1198933   0.35631382  0.75614804]
2705,4,1,3,1,0,[ 0.23026289 -0.44314656 -0.180679    0.0519734  -0.37270644  0.25740272]
2706,4,1,3,1,1,[ 0.52181095 -0.00355371 -1.172642   -0.23446766  0.62481755  0.6746832 ]
2707,4,1,3,1,2,[-0.47362268 -0.5766225  -0.6263493   0.1078584   0.68853897  0.09688195]
2708,4,1,3,1,3,[ 0.20114547  0.3644248   0.5571406  -0.11417383 -0.62786925  0.96744907]
2709,4,1,3,1,4,[ 0.478085    0.5159555  -0.12154686  0.12576775  0.61568034  1.3728218 ]
2710,4,1,3,2,0,[ 0.18346821 -0.19245695 -0.09894957  0.05946587 -0.20679359  0.16024514]
2711,4,1,3,2,1,[ 0.2411809  -0.12279506 -0.6932836  -0.19127136  0.28060004  0.19980219]
2712,4,1,3,2,2,[-0.23225744 -0.20983371 -0.36114767  0.090712    0.4270561   0.12263568]
2713,4,1,3,2,3,[ 0.07888637  0.1824355   0.32141057 -0.06800409 -0.42310476  0.43769184]
2714,4,1,3,2,4,[ 0.33097407  0.40210485 -0.05639184  0.09815086  0.40775457  0.87736833]
2715,4,1,3,3,0,[ 0.28865194 -0.0224345  -0.09819127  0.12342189 -0.15572363  0.26949438]
2716,4,1,3,3,1,[ 0.14359652 -0.26698387 -0.74956006 -0.3002571   0.17069668 -0.04946965]
2717,4,1,3,3,2,[-0.18473308 -0.02777545 -0.36240155  0.11873452  0.4674019   0.24816744]
2718,4,1,3,3,3,[ 0.10157698  0.27931085  0.30041328 -0.0236987  -0.42460254  0.40137792]
2719,4,1,3,3,4,[ 0.40496677  0.56919724 -0.04595764  0.13088746  0.47605577  1.0207574 ]
2720,4,1,3,4,0,[ 0.22489025 -0.20890582 -0.06499086  0.10914861 -0.35915893  0.22786017]
2721,4,1,3,4,1,[ 0.14301828 -0.37904412 -0.8756975  -0.29660228  0.20304503  0.03845032]
2722,4,1,3,4,2,[-0.26159632  0.07869767 -0.4123      0.2317635   0.62550217  0.49625748]
2723,4,1,3,4,3,[-0.17700092 -0.08773611  0.49400526 -0.18572654 -0.872557    0.14050256]
2724,4,1,3,4,4,[0.51422757 0.7917935  0.00766629 0.20665964 0.64001113 1.4600873 ]
2725,4,1,4,0,0,[ 0.2886828   0.17683429 -0.2013031   0.16605735 -0.0931092   0.17547776]
2726,4,1,4,0,1,"[ 1.2944102e-04 -2.3416008e-01 -7.6495224e-01 -2.6073745e-01
 -4.8642613e-02 -4.2527163e-01]"
2727,4,1,4,0,2,[-0.08600773  0.15998007 -0.40939316  0.11310359  0.26761326  0.12076917]
2728,4,1,4,0,3,[ 0.14066236  0.35913712  0.07666076  0.0780095  -0.25701594  0.22945707]
2729,4,1,4,0,4,[ 0.3145949   0.5200252  -0.14716925  0.12571084  0.3092856   0.6626854 ]
2730,4,1,4,1,0,[ 0.23560217 -0.45624    -0.54776     0.04430221 -0.56879693 -0.10242084]
2731,4,1,4,1,1,[ 0.54286426  0.06102487 -1.8278657  -0.2608568   0.4125121   0.12643316]
2732,4,1,4,1,2,[-0.47675633 -0.55496716 -1.1014045   0.10217244  0.52235794 -0.30317357]
2733,4,1,4,1,3,[ 0.21357654  0.41454244  0.3221415  -0.12414049 -0.7804309   0.754827  ]
2734,4,1,4,1,4,[ 0.49519634  0.54852253 -0.44457647  0.12271927  0.49000955  1.1126865 ]
2735,4,1,4,2,0,[ 0.18808983 -0.19784836 -0.31557393  0.05711547 -0.3257382  -0.0553393 ]
2736,4,1,4,2,1,[ 0.2481868  -0.08913294 -1.080385   -0.20929486  0.14860597 -0.13629948]
2737,4,1,4,2,2,[-0.23340663 -0.19084078 -0.6417102   0.08919223  0.32631528 -0.11354822]
2738,4,1,4,2,3,[ 0.08554494  0.20992112  0.18302925 -0.07209648 -0.5173806   0.30444488]
2739,4,1,4,2,4,[ 0.34229887  0.42547944 -0.24673791  0.09792647  0.33238393  0.7240371 ]
2740,4,1,4,3,0,[ 0.3018375  -0.01775305 -0.32265332  0.12762469 -0.27701032  0.05170824]
2741,4,1,4,3,1,[ 0.14739351 -0.235702   -1.1542547  -0.32091343  0.02736299 -0.41154298]
2742,4,1,4,3,2,[-0.18074283  0.00383284 -0.6538878   0.12163658  0.36277458  0.00925216]
2743,4,1,4,3,3,[ 0.11624543  0.31414682  0.157537   -0.02048999 -0.5191342   0.26543164]
2744,4,1,4,3,4,[ 0.4218003   0.60233873 -0.2432646   0.13461226  0.39922193  0.8670667 ]
2745,4,1,4,4,0,[ 0.22071849 -0.21580595 -0.3721781   0.10186861 -0.5426824  -0.09229143]
2746,4,1,4,4,1,[ 0.13033234 -0.33907592 -1.4231206  -0.33201155 -0.00294703 -0.46447793]
2747,4,1,4,4,2,[-0.27049533  0.12449972 -0.80974066  0.22874255  0.47255468  0.1632556 ]
2748,4,1,4,4,3,[-0.18829264 -0.06900743  0.2971748  -0.19978708 -1.0282308  -0.08409442]
2749,4,1,4,4,4,[ 0.5248026   0.8350137  -0.26103556  0.20527945  0.52676904  1.2420926 ]
2750,4,2,0,0,0,[0.44753292 0.6860071  0.24651858 0.7950872  0.23905882 0.66520387]
2751,4,2,0,0,1,[-0.5024264  -0.18228966  0.08738863  0.09229823  0.255943   -0.28485292]
2752,4,2,0,0,2,[-0.30033967  0.54302573  0.19198138  0.6312524   0.63342893  0.37733787]
2753,4,2,0,0,3,[ 0.46257025  0.8158109   0.5535666   0.787382   -0.05395738  0.7972118 ]
2754,4,2,0,0,4,[0.38217944 1.1112409  0.23683958 0.56357425 0.71441126 1.204388  ]
2755,4,2,0,1,0,[-0.98242664 -1.1983732   0.12637459  0.48605013 -1.3759737  -1.5315866 ]
2756,4,2,0,1,1,[-1.5231526  -0.7270598  -0.00171708 -0.04018642  0.25719225 -0.8865567 ]
2757,4,2,0,1,2,[-2.305798   -1.5361841  -0.04750806  0.5608877   0.13020006 -2.1705863 ]
2758,4,2,0,1,3,[-0.8104373  -0.2338416   0.9873148   0.24709053 -2.0289576  -0.41927317]
2759,4,2,0,1,4,[-0.42130518  0.49952295  0.19344291  0.49071726  0.32666048  0.49405387]
2760,4,2,0,2,0,[-0.3547016  -0.35955238  0.1291183   0.43987763 -0.5953378  -0.5526434 ]
2761,4,2,0,2,1,[-0.90088916 -0.42313188  0.02921748 -0.01056688  0.16163003 -0.5608356 ]
2762,4,2,0,2,2,[-1.1447455  -0.45517632  0.04262322  0.46257204  0.28175288 -0.8226492 ]
2763,4,2,0,2,3,[-0.36314544  0.01571702  0.62198377  0.28135362 -1.0756832  -0.12736048]
2764,4,2,0,2,4,[-0.06440976  0.6363928   0.16758868  0.40100178  0.40586773  0.6527944 ]
2765,4,2,0,3,0,[ 0.07128098  0.23921216  0.24013288  0.77072453 -0.2142706   0.09570076]
2766,4,2,0,3,1,[-0.8854553  -0.38666296  0.07608233  0.03641959  0.23735313 -0.55542886]
2767,4,2,0,3,2,[-0.86511374  0.14029346  0.15949824  0.6942436   0.59106016 -0.1973146 ]
2768,4,2,0,3,3,[ 0.02998012  0.4847213   0.7319131   0.6483972  -0.7335419   0.36193645]
2769,4,2,0,3,4,[0.22223024 1.1460129  0.26094797 0.6088768  0.7230227  1.2122056 ]
2770,4,2,0,4,0,[-0.3923991  -0.06770226  0.30216047  0.6914618  -0.75095135 -0.38701576]
2771,4,2,0,4,1,[-1.4467098  -0.6522453   0.15566151 -0.0692273   0.00320807 -0.9418949 ]
2772,4,2,0,4,2,[-1.2683289   0.37159815  0.26812598  0.8619463   0.6192222  -0.13410941]
2773,4,2,0,4,3,[-0.89311564 -0.35028997  0.9122211   0.255381   -1.8231424  -0.72495776]
2774,4,2,0,4,4,[0.13495994 1.5553613  0.37793517 0.70101434 0.8317851  1.604984  ]
2775,4,2,1,0,0,[0.69822496 0.90143365 0.30616763 0.8968085  0.36943746 1.0022886 ]
2776,4,2,1,0,1,[-0.27696878 -0.05229019  0.02434534  0.12453348  0.42389852 -0.0826729 ]
2777,4,2,1,0,2,[-0.10185164  0.72032535  0.18601985  0.7257596   0.78402543  0.6552858 ]
2778,4,2,1,0,3,[0.726454   1.2634792  0.7114525  0.88399976 0.21662897 1.3772395 ]
2779,4,2,1,0,4,[0.5907636  1.3104534  0.2805846  0.6401431  0.84832203 1.5177233 ]
2780,4,2,1,1,0,[-0.572373   -1.0726694   0.17660633  0.5727911  -1.2201356  -1.1245689 ]
2781,4,2,1,1,1,[-1.0015048  -0.57505    -0.23217879  0.00387409  0.6179829  -0.56964046]
2782,4,2,1,1,2,[-1.9901268  -1.5333495  -0.17248826  0.65830773  0.37877205 -1.943347  ]
2783,4,2,1,1,3,[-0.3130796   0.5211622   1.3117836   0.32661593 -1.5558913   0.6916933 ]
2784,4,2,1,1,4,[-0.05095615  0.6690848   0.21757585  0.5704486   0.5435916   0.92000324]
2785,4,2,1,2,0,[-0.08283532 -0.23653153  0.17442983  0.51202065 -0.48722953 -0.25985715]
2786,4,2,1,2,1,[-0.58102113 -0.31066024 -0.09425797  0.0224219   0.3822765  -0.347035  ]
2787,4,2,1,2,2,[-0.9281788  -0.3912431  -0.01537786  0.54157495  0.4446419  -0.62386733]
2788,4,2,1,2,3,[-0.05264533  0.5003225   0.8283435   0.34524286 -0.7769642   0.56655586]
2789,4,2,1,2,4,[0.17921305 0.78164524 0.19571525 0.46441418 0.54908454 0.9548309 ]
2790,4,2,1,3,0,[ 0.40180042  0.45704415  0.30813727  0.8796663  -0.0661265   0.49401617]
2791,4,2,1,3,1,[-0.542032   -0.23148894 -0.03862957  0.07480607  0.47788343 -0.2945612 ]
2792,4,2,1,3,2,[-0.59879476  0.3032326   0.12258885  0.80447364  0.7873745   0.11110725]
2793,4,2,1,3,3,[ 0.38802207  1.0678387   0.96114624  0.74701256 -0.3798815   1.1558963 ]
2794,4,2,1,3,4,[0.50943315 1.3690009  0.30823222 0.6973019  0.89677584 1.6037228 ]
2795,4,2,1,4,0,[ 0.03477226  0.21257071  0.41622832  0.8352677  -0.57749355  0.15237696]
2796,4,2,1,4,1,[-0.9705255  -0.41191438  0.03769275  0.01559528  0.33821034 -0.52293754]
2797,4,2,1,4,2,[-0.89484584  0.63853955  0.2429373   1.0344646   0.88699234  0.34498882]
2798,4,2,1,4,3,[-0.45598277  0.37501872  1.2494609   0.3678496  -1.3901305   0.30687082]
2799,4,2,1,4,4,[0.5274647 1.8772933 0.4626515 0.8327979 1.0655706 2.1710556]
2800,4,2,2,0,0,[0.84494746 1.1002852  0.2642956  0.9340204  0.40586933 1.1756685 ]
2801,4,2,2,0,1,[-0.10632284  0.22430804 -0.13130724  0.14749068  0.51957864  0.07688753]
2802,4,2,2,0,2,[0.05947049 0.9437566  0.08884302 0.76694846 0.82044363 0.8326134 ]
2803,4,2,2,0,3,[0.89755046 1.6456163  0.7481907  0.92400426 0.40731007 1.7697395 ]
2804,4,2,2,0,4,[0.70926446 1.4614911  0.23643787 0.66911316 0.865395   1.6462584 ]
2805,4,2,2,1,0,[-0.26449218 -0.7400867   0.02448995  0.60725063 -1.1250093  -0.8450753 ]
2806,4,2,2,1,1,[-0.5869918  -0.02694298 -0.6490723   0.03835687  0.8502658  -0.29647985]
2807,4,2,2,1,2,[-1.6441306  -1.1717825  -0.4681266   0.70142955  0.48034325 -1.6879731 ]
2808,4,2,2,1,3,[ 0.0738014   1.3126096   1.3659842   0.37344953 -1.1314499   1.5315177 ]
2809,4,2,2,1,4,[0.20224169 0.9119161  0.06649621 0.59993094 0.60218674 1.1117885 ]
2810,4,2,2,2,0,[ 0.10834292 -0.02282341  0.09332663  0.54115874 -0.43936393 -0.07842688]
2811,4,2,2,2,1,[-0.32933965  0.03475472 -0.33398813  0.04860974  0.5195305  -0.16506569]
2812,4,2,2,2,2,[-0.71324867 -0.15362883 -0.18079348  0.5774484   0.4975429  -0.45006186]
2813,4,2,2,2,3,[ 0.18302885  0.9889583   0.86891764  0.38084427 -0.52263623  1.0820949 ]
2814,4,2,2,2,4,[0.3365629  0.9403933  0.11412497 0.48895293 0.57585996 1.0835183 ]
2815,4,2,2,3,0,[ 0.6152192   0.7173146   0.233637    0.9222706  -0.01588442  0.7181718 ]
2816,4,2,2,3,1,[-0.2753476   0.16082431 -0.28318438  0.10615094  0.6227878  -0.07715394]
2817,4,2,2,3,2,[-0.36027324  0.5958862  -0.03861197  0.8544998   0.84142846  0.3353171 ]
2818,4,2,2,3,3,[ 0.6433112   1.6139205   1.0113314   0.7949621  -0.10262264  1.724869  ]
2819,4,2,2,3,4,[0.6840467  1.5653034  0.23178387 0.7318683  0.92226845 1.7673651 ]
2820,4,2,2,4,0,[ 0.32560486  0.5717994   0.32818174  0.9004758  -0.52177715  0.46645677]
2821,4,2,2,4,1,[-0.59663695  0.15164934 -0.27504858  0.07740686  0.5436577  -0.18583074]
2822,4,2,2,4,2,[-0.5621849   1.0600393   0.03862637  1.1169826   0.95684946  0.67673075]
2823,4,2,2,4,3,[-0.11018434  1.1160667   1.3325509   0.43915412 -1.0211606   1.0869956 ]
2824,4,2,2,4,4,[0.7696403  2.1564624  0.37044662 0.88904953 1.0939174  2.4098842 ]
2825,4,2,3,0,0,[0.80480653 1.0544813  0.33635378 0.95240873 0.43017676 1.1838756 ]
2826,4,2,3,0,1,[-0.20053437  0.09791597  0.00708851  0.14152493  0.526232    0.06816911]
2827,4,2,3,0,2,[-0.02309116  0.8742132   0.18828651  0.77652866  0.86207366  0.8254643 ]
2828,4,2,3,0,3,[0.8490667  1.5352952  0.7935205  0.940321   0.35413352 1.6906693 ]
2829,4,2,3,0,4,[0.6777339  1.4510422  0.30321878 0.68124676 0.9132763  1.6878272 ]
2830,4,2,3,1,0,[-0.42578796 -0.9135281   0.20336719  0.6183074  -1.1525759  -0.8993521 ]
2831,4,2,3,1,1,[-0.8236482  -0.29342505 -0.2986158   0.02681882  0.8535274  -0.27152315]
2832,4,2,3,1,2,[-1.8897284  -1.3893429  -0.22032464  0.71191686  0.51603496 -1.7631509 ]
2833,4,2,3,1,3,[-0.10662299  1.0040693   1.4792225   0.36871225 -1.3246157   1.289934  ]
2834,4,2,3,1,4,[0.08510394 0.84238654 0.23314449 0.6124857  0.6508252  1.1596669 ]
2835,4,2,3,2,0,[ 0.01963706 -0.11642268  0.19826105  0.55044967 -0.4414133  -0.10013207]
2836,4,2,3,2,1,[-0.4713274  -0.13133554 -0.12847435  0.03974928  0.5226084  -0.1595725 ]
2837,4,2,3,2,2,[-0.8524288  -0.2719396  -0.03460016  0.58477694  0.53161186 -0.4823489 ]
2838,4,2,3,2,3,[ 0.07871741  0.805891    0.9342968   0.3803073  -0.6315779   0.9382142 ]
2839,4,2,3,2,4,[0.27277702 0.9083581  0.21215218 0.49808726 0.6181246  1.1225471 ]
2840,4,2,3,3,0,"[ 5.3449857e-01  6.3090318e-01  3.4329548e-01  9.3886912e-01
 -4.2718751e-04  7.0985943e-01]"
2841,4,2,3,3,1,[-0.42443055 -0.02381204 -0.06978048  0.09561128  0.6280423  -0.08251084]
2842,4,2,3,3,2,[-0.4985132   0.4803971   0.11392614  0.8644433   0.8903574   0.3120278 ]
2843,4,2,3,3,3,[ 0.5462108   1.4285761   1.0795201   0.80362964 -0.20447753  1.5827178 ]
2844,4,2,3,3,4,[0.6246816  1.5400702  0.33404073 0.74476856 0.98049676 1.8187183 ]
2845,4,2,3,4,0,[ 0.20109698  0.43876782  0.47365883  0.90926504 -0.5105998   0.43756792]
2846,4,2,3,4,1,[-0.8073286  -0.11416614  0.01160453  0.05546459  0.53775185 -0.2101889 ]
2847,4,2,3,4,2,[-0.7507384  0.9039795  0.2454375  1.12579    1.0213467  0.6483895]
2848,4,2,3,4,3,[-0.2748059   0.82572156  1.4183617   0.42624795 -1.1864438   0.84777164]
2849,4,2,3,4,4,[0.68480295 2.1194     0.5079388  0.9008506  1.1726336  2.4774985 ]
2850,4,2,4,0,0,[0.85589516 1.1524948  0.27384457 1.0047922  0.40320528 1.1983733 ]
2851,4,2,4,0,1,[-0.18933223  0.21767615 -0.12233383  0.15483364  0.524015    0.03646927]
2852,4,2,4,0,2,[0.00203742 0.9961674  0.10185241 0.82160306 0.8597363  0.8438604 ]
2853,4,2,4,0,3,[0.90843743 1.6786566  0.7767678  0.9953522  0.35701483 1.772623  ]
2854,4,2,4,0,4,[0.7192143  1.5595696  0.24874067 0.718535   0.91377765 1.7298154 ]
2855,4,2,4,1,0,[-0.43080768 -0.86050254  0.01061073  0.6455578  -1.3113573  -1.0646338 ]
2856,4,2,4,1,1,[-0.8188112  -0.05418011 -0.64003444  0.0295712   0.8299789  -0.3948046 ]
2857,4,2,4,1,2,[-1.9276955 -1.2869968 -0.4762932  0.747222   0.4477136 -1.9242607]
2858,4,2,4,1,3,[-0.08837592  1.2042742   1.4056109   0.387812   -1.4270947   1.3294022 ]
2859,4,2,4,1,4,[0.1021453  0.9617606  0.06710313 0.6399439  0.59032357 1.1053772 ]
2860,4,2,4,2,0,[ 0.02931505 -0.06482176  0.08858719  0.57721204 -0.53067714 -0.1795458 ]
2861,4,2,4,2,1,[-0.46829548  0.01666488 -0.3270502   0.04421461  0.50673723 -0.23042928]
2862,4,2,4,2,2,[-0.862503   -0.18312149 -0.1802608   0.61560005  0.4959379  -0.55093956]
2863,4,2,4,2,3,[ 0.09689324  0.9351788   0.8941394   0.40159604 -0.6883797   0.9691367 ]
2864,4,2,4,2,4,[0.2929755  0.9989469  0.11814069 0.5221819  0.5875717  1.109796  ]
2865,4,2,4,3,0,[ 0.57324386  0.7262171   0.23684841  0.98883635 -0.07408229  0.670745  ]
2866,4,2,4,3,1,[-0.41556987  0.14392805 -0.27312532  0.10679788  0.6151699  -0.1463412 ]
2867,4,2,4,3,2,[-0.48667663  0.61731195 -0.02920305  0.9133621   0.866541    0.2860836 ]
2868,4,2,4,3,3,[ 0.59276     1.5968986   1.0443761   0.85065717 -0.2406495   1.6499854 ]
2869,4,2,4,3,4,[0.6646586  1.667574   0.24250914 0.7840068  0.9617975  1.8401873 ]
2870,4,2,4,4,0,[ 0.21795149  0.5412394   0.3268814   0.95256454 -0.64927655  0.34359494]
2871,4,2,4,4,1,[-0.8150933   0.10875233 -0.26066393  0.06031737  0.4958009  -0.31108886]
2872,4,2,4,4,2,[-0.7463232   1.0993193   0.05386364  1.184588    0.9684302   0.6129829 ]
2873,4,2,4,4,3,[-0.27375308  0.99178284  1.364413    0.44955224 -1.293379    0.857888  ]
2874,4,2,4,4,4,[0.7242168  2.290359   0.3847674  0.94417787 1.1293519  2.4970036 ]
2875,4,3,0,0,0,[ 0.11575418  0.21331419  0.04905784  0.2547408  -0.15271798  0.1829859 ]
2876,4,3,0,0,1,[-0.32457173 -0.1292479  -0.12972392 -0.13818632 -0.01883195 -0.18169336]
2877,4,3,0,0,2,[-0.25186485  0.2738731   0.00778913  0.19670537  0.18627514  0.21424153]
2878,4,3,0,0,3,[ 0.04092602  0.2078733   0.22030854  0.2114848  -0.35709924  0.11527762]
2879,4,3,0,0,4,[0.14904696 0.5599273  0.0710043  0.18555647 0.22816776 0.6337473 ]
2880,4,3,0,1,0,[-0.47921097 -0.4592155  -0.02983542  0.1110281  -0.9188321  -0.45815995]
2881,4,3,0,1,1,[-0.58155954  0.1655994  -0.3245439  -0.17709137  0.2628398   0.32780528]
2882,4,3,0,1,2,[-1.1701791  -0.38571382 -0.16809957  0.18021908  0.14605807 -0.4458579 ]
2883,4,3,0,1,3,[-0.4792802  -0.05087677  0.4871931  -0.04436087 -1.3327731  -0.07383556]
2884,4,3,0,1,4,[-0.12207533  0.57964855  0.03618934  0.16394868  0.16120273  0.7946947 ]
2885,4,3,0,2,0,[-0.20442568 -0.17119096 -0.00134529  0.11313844 -0.50645787 -0.20469166]
2886,4,3,0,2,1,[-0.38746074  0.00599568 -0.18847558 -0.13636701  0.08390049  0.04129966]
2887,4,3,0,2,2,[-0.60863346 -0.05825303 -0.07333442  0.14879155  0.12570259 -0.12481137]
2888,4,3,0,2,3,[-0.27838832 -0.04203822  0.29195127  0.00333394 -0.80700004 -0.11547835]
2889,4,3,0,2,4,[-0.00146616  0.46391115  0.04186393  0.13295415  0.15186809  0.57620364]
2890,4,3,0,3,0,[-0.05159977  0.0300349   0.03015976  0.223268   -0.42147028 -0.0228874 ]
2891,4,3,0,3,1,[-0.45345867 -0.10020512 -0.20049961 -0.18865098  0.01272081 -0.13084903]
2892,4,3,0,3,2,[-0.5192481   0.16687097 -0.03668311  0.21599361  0.19186044  0.07744879]
2893,4,3,0,3,3,[-0.17098248  0.0696375   0.31571525  0.11686824 -0.75577784 -0.05379367]
2894,4,3,0,3,4,[0.10279326 0.6572217  0.07313788 0.19772266 0.23907828 0.7664266 ]
2895,4,3,0,4,0,[-0.28723723 -0.14639655  0.05222909  0.16893321 -0.7958037  -0.2654751 ]
2896,4,3,0,4,1,[-0.71170974 -0.18155232 -0.21008292 -0.25226876 -0.11962756 -0.22399816]
2897,4,3,0,4,2,[-0.7263174   0.34526232 -0.00350889  0.29998803  0.18101229  0.20988584]
2898,4,3,0,4,3,[-0.6612634  -0.40534416  0.42016074 -0.10371695 -1.4256203  -0.648202  ]
2899,4,3,0,4,4,[0.07685845 0.90553284 0.12969266 0.24121642 0.25816634 1.0458707 ]
2900,4,3,1,0,0,[ 0.2736223   0.29831865  0.07096628  0.2822965  -0.08831444  0.368989  ]
2901,4,3,1,0,1,[-0.15637234 -0.12014551 -0.21970817 -0.15361588  0.04884824 -0.1150986 ]
2902,4,3,1,0,2,[-0.11848482  0.3376485  -0.0233964   0.22496867  0.26821962  0.36951038]
2903,4,3,1,0,3,[ 0.17956725  0.42140538  0.30060527  0.2244559  -0.21895088  0.41841754]
2904,4,3,1,0,4,[0.28913414 0.6494585  0.08675415 0.20887972 0.3039941  0.82143754]
2905,4,3,1,1,0,[-0.13670401 -0.39928952 -0.01035954  0.14223741 -0.78849494 -0.12727979]
2906,4,3,1,1,1,[-0.12395428  0.18318434 -0.5782579  -0.17288339  0.4620266   0.49604625]
2907,4,3,1,1,2,[-0.88274    -0.40065655 -0.2912067   0.2186421   0.33169854 -0.22395864]
2908,4,3,1,1,3,[-0.11755209  0.36918125  0.6841813  -0.02344588 -1.0114806   0.64316344]
2909,4,3,1,1,4,[0.1885409  0.6756314  0.03935784 0.197766   0.32652894 1.136675  ]
2910,4,3,1,2,0,[ 0.00846854 -0.11861229  0.01789576  0.13684234 -0.4264141   0.00800072]
2911,4,3,1,2,1,[-0.11487515  0.016812   -0.3309563  -0.13754413  0.20020373  0.14417267]
2912,4,3,1,2,2,[-0.42691153 -0.04168429 -0.13893645  0.17825443  0.23981403  0.03046907]
2913,4,3,1,2,3,[-0.06556197  0.21656787  0.4147204   0.01592203 -0.61519474  0.31388316]
2914,4,3,1,2,4,[0.19231614 0.53860545 0.05109223 0.15773584 0.2546137  0.7985639 ]
2915,4,3,1,3,0,[ 0.18224043  0.11758546  0.05671959  0.25370088 -0.33293846  0.22583432]
2916,4,3,1,3,1,[-0.1764855  -0.08857435 -0.3454502  -0.20340684  0.12455513 -0.02876392]
2917,4,3,1,3,2,[-0.31828564  0.22180444 -0.096185    0.25130114  0.3133539   0.27387953]
2918,4,3,1,3,3,[ 0.04743809  0.36309898  0.44298738  0.12978905 -0.5522049   0.3996945 ]
2919,4,3,1,3,4,[0.31408337 0.76261854 0.08967593 0.22693299 0.35010704 1.0241905 ]
2920,4,3,1,4,0,[ 0.03002942 -0.02657581  0.11129721  0.22602297 -0.671814    0.0985449 ]
2921,4,3,1,4,1,[-0.32105505 -0.1387442  -0.37023044 -0.23012477  0.06121805 -0.01304799]
2922,4,3,1,4,2,[-0.44293478  0.45252633 -0.06352793  0.37587065  0.36401516  0.52984303]
2923,4,3,1,4,3,[-0.36836556 -0.02962539  0.62509596 -0.07339072 -1.15091    -0.01744515]
2924,4,3,1,4,4,[0.3715357  1.0657275  0.17111406 0.30050403 0.42215914 1.4341087 ]
2925,4,3,2,0,0,[ 0.35994202  0.39787394  0.00440288  0.29065284 -0.08036851  0.42252883]
2926,4,3,2,0,1,[-0.05591533  0.00539477 -0.39505434 -0.15881674  0.06312302 -0.12970698]
2927,4,3,2,0,2,[-0.02319276  0.45219952 -0.13868947  0.23583017  0.2726863   0.41598275]
2928,4,3,2,0,3,[ 0.27137187  0.6223767   0.29121858  0.23079823 -0.12357492  0.59853435]
2929,4,3,2,0,4,[0.3614363  0.726981   0.02385212 0.21619856 0.30538926 0.8599998 ]
2930,4,3,2,1,0,[ 0.07380013 -0.21578908 -0.19162628  0.15289079 -0.7484203  -0.03821791]
2931,4,3,2,1,1,[ 0.15358454  0.45540464 -1.0189221  -0.16833311  0.5192342   0.4436044 ]
2932,4,3,2,1,2,[-0.6504552  -0.19716308 -0.5964341   0.23338786  0.3647779  -0.17178614]
2933,4,3,2,1,3,[ 0.12865177  0.8118542   0.6556866  -0.00804902 -0.77384996  1.0700661 ]
2934,4,3,2,1,4,[ 0.36452284  0.8129568  -0.13247453  0.20830344  0.34955448  1.1887422 ]
2935,4,3,2,2,0,[ 0.13564083 -0.00335454 -0.08500465  0.1453844  -0.40826505  0.06600995]
2936,4,3,2,2,1,[ 0.04989032  0.18518773 -0.5883384  -0.13542372  0.23202308  0.11933287]
2937,4,3,2,2,2,[-0.28613397  0.08911964 -0.31519443  0.19027793  0.25477794  0.07021783]
2938,4,3,2,2,3,[ 0.07988009  0.48620996  0.40158445  0.02586864 -0.4752811   0.5712638 ]
2939,4,3,2,2,4,[ 0.29911515  0.62647533 -0.04656526  0.16605243  0.26378018  0.83575606]
2940,4,3,2,3,0,[ 0.31707507  0.252528   -0.04782252  0.26425946 -0.3180663   0.2962545 ]
2941,4,3,2,3,1,[-0.00900756  0.09592712 -0.61434364 -0.20613578  0.15259507 -0.052329  ]
2942,4,3,2,3,2,[-0.16859402  0.3768782  -0.27673334  0.2660057   0.32444772  0.32964325]
2943,4,3,2,3,3,[ 0.19611776  0.6575436   0.4298785   0.13955212 -0.40597588  0.67299134]
2944,4,3,2,3,4,[ 0.42745274  0.86698675 -0.00940149  0.23684387  0.3556714   1.0727412 ]
2945,4,3,2,4,0,[ 0.21513574  0.16513003 -0.01974659  0.24967277 -0.6507072   0.20994677]
2946,4,3,2,4,1,[-0.08825722  0.13533665 -0.71927387 -0.21625201  0.1135345  -0.00806766]
2947,4,3,2,4,2,[-0.23682849  0.68111676 -0.29838267  0.40791348  0.3844398   0.62864166]
2948,4,3,2,4,3,[-0.16123985  0.37592837  0.6213499  -0.04901015 -0.9477423   0.37181386]
2949,4,3,2,4,4,[0.52839136 1.2185996  0.04558516 0.32288736 0.43255335 1.5171304 ]
2950,4,3,3,0,0,[ 0.32837728  0.3767544   0.08359326  0.297443   -0.0602148   0.4680077 ]
2951,4,3,3,0,1,[-0.1151196  -0.04544237 -0.24659373 -0.1632093   0.09726155 -0.04178162]
2952,4,3,3,0,2,[-0.07795055  0.42340663 -0.03153083  0.23910436  0.31140268  0.47013363]
2953,4,3,3,0,3,[ 0.23416388  0.56151205  0.34363973  0.23564115 -0.15183766  0.58052254]
2954,4,3,3,0,4,[0.33741137 0.7272339  0.0964523  0.22081143 0.3401885  0.9226286 ]
2955,4,3,3,1,0,[-0.0299913  -0.28420812  0.00781096  0.15749809 -0.72898936  0.05661484]
2956,4,3,3,1,1,[ 0.01101041  0.37021208 -0.6426407  -0.17274134  0.61143804  0.7089854 ]
2957,4,3,3,1,2,[-0.8033432  -0.27998984 -0.3282056   0.23961364  0.43944007 -0.05075006]
2958,4,3,3,1,3,[ 0.0138879   0.6594147   0.7899328  -0.01316879 -0.8607358   1.024812  ]
2959,4,3,3,1,4,[0.28904095 0.8019318  0.05015529 0.2146714  0.41095778 1.3306164 ]
2960,4,3,3,2,0,[ 0.07703304 -0.04170145  0.03216436  0.14891167 -0.3919633   0.1241242 ]
2961,4,3,3,2,1,[-0.03603853  0.12758431 -0.36732304 -0.13950998  0.28466323  0.26764864]
2962,4,3,3,2,2,[-0.37359065  0.04352144 -0.15676145  0.19409117  0.303339    0.14559892]
2963,4,3,3,2,3,[ 0.01210923  0.39301175  0.47957355  0.02327128 -0.52646464  0.5402153 ]
2964,4,3,3,2,4,[0.25692344 0.6228174  0.060972   0.17028837 0.30511975 0.92277694]
2965,4,3,3,3,0,[ 0.2603855   0.21527298  0.07405221  0.27016473 -0.29506198  0.36013284]
2966,4,3,3,3,1,[-0.10082425  0.02664109 -0.38486457 -0.21230045  0.20569804  0.09219164]
2967,4,3,3,3,2,[-0.25751066  0.33101454 -0.11165227  0.26989698  0.3792139   0.41037998]
2968,4,3,3,3,3,[ 0.12945949  0.5597717   0.5105822   0.14021079 -0.45639122  0.64002717]
2969,4,3,3,3,4,[0.38598567 0.8651868  0.10249335 0.24201949 0.40374053 1.1659952 ]
2970,4,3,3,4,0,[ 0.13404918  0.10558201  0.144862    0.25259104 -0.62531275  0.28803587]
2971,4,3,3,4,1,[-0.2123907   0.03196772 -0.40877044 -0.22594391  0.1777956   0.17908077]
2972,4,3,3,4,2,[-0.3530217   0.6187779  -0.07272766  0.41354182  0.4572474   0.74192834]
2973,4,3,3,4,3,[-0.2661222   0.22242309  0.72768986 -0.05949416 -1.0306299   0.30291694]
2974,4,3,3,4,4,[0.4729842  1.2139378  0.19766988 0.32869154 0.49692214 1.6431863 ]
2975,4,3,4,0,0,[ 0.34839687  0.4142585  -0.00235898  0.31430367 -0.11414187  0.41043496]
2976,4,3,4,0,1,[-0.11394694  0.00964509 -0.40748245 -0.16996205  0.04909131 -0.15405343]
2977,4,3,4,0,2,[-0.06785106  0.48482144 -0.1431348   0.25334865  0.27403626  0.41776377]
2978,4,3,4,0,3,[ 0.25483385  0.6191916   0.29551068  0.2524827  -0.18741694  0.56344163]
2979,4,3,4,0,4,[0.35612097 0.7788687  0.02172165 0.23289591 0.31163514 0.8966013 ]
2980,4,3,4,1,0,[-0.03042131 -0.2591398  -0.22017854  0.15953243 -0.8825883  -0.14694731]
2981,4,3,4,1,1,[ 0.02633537  0.513801   -1.0469629  -0.18681945  0.51259637  0.4609294 ]
2982,4,3,4,1,2,[-0.8134537  -0.20623766 -0.6218674   0.24702103  0.33954436 -0.24913844]
2983,4,3,4,1,3,[ 0.02027246  0.75855124  0.6595062  -0.01614761 -0.97594595  0.9477219 ]
2984,4,3,4,1,4,[ 0.3039641   0.87315655 -0.1480692   0.22036433  0.3279018   1.2143394 ]
2985,4,3,4,2,0,[ 0.08059432 -0.02128468 -0.10121104  0.15374084 -0.4853003   0.00560566]
2986,4,3,4,2,1,[-0.03045565  0.21035093 -0.6053323  -0.14893173  0.22032768  0.11331005]
2987,4,3,4,2,2,[-0.37570336  0.09791155 -0.3282855   0.20200431  0.24239299  0.03538755]
2988,4,3,4,2,3,[ 0.01642247  0.45156896  0.40334672  0.02443961 -0.59787184  0.49001458]
2989,4,3,4,2,4,[ 0.26904863  0.67200667 -0.05458928  0.17641342  0.2552709   0.8587565 ]
2990,4,3,4,3,0,[ 0.27536148  0.2515944  -0.0622462   0.2837717  -0.38833648  0.24983184]
2991,4,3,4,3,1,[-0.09680972  0.11201791 -0.6328763  -0.22269848  0.13388772 -0.0753395 ]
2992,4,3,4,3,2,[-0.2513157   0.40539914 -0.2873357   0.28438994  0.31714463  0.31081018]
2993,4,3,4,3,3,[ 0.14375418  0.63038516  0.43313906  0.15080626 -0.52532214  0.5950097 ]
2994,4,3,4,3,4,[ 0.40592164  0.9292297  -0.01558357  0.25372472  0.35430107  1.1107157 ]
2995,4,3,4,4,0,[ 0.13462345  0.1419537  -0.04128529  0.25889906 -0.7725512   0.11608025]
2996,4,3,4,4,1,[-0.21977346  0.14709462 -0.7424126  -0.24489835  0.06796103 -0.05564338]
2997,4,3,4,4,2,[-0.35302928  0.7262861  -0.31018296  0.4293157   0.3618054   0.60542566]
2998,4,3,4,4,3,[-0.27903345  0.28709537  0.61983365 -0.06476272 -1.1543326   0.19963378]
2999,4,3,4,4,4,[0.49099448 1.3007663  0.03797999 0.33969918 0.42017934 1.5624689 ]
3000,4,4,0,0,0,[ 0.08885171  0.07766677 -0.05099712  0.15267679 -0.07087756  0.11746131]
3001,4,4,0,0,1,[-0.14126255 -0.17799224 -0.26533344 -0.11923734  0.00553332 -0.14159712]
3002,4,4,0,0,2,[-0.1861049   0.08652165 -0.12476868  0.11830901  0.19868703  0.11129564]
3003,4,4,0,0,3,[-0.00918224  0.07939587  0.08183667  0.0887447  -0.28034723  0.02511456]
3004,4,4,0,0,4,[ 0.12402254  0.34368598 -0.01928821  0.11719966  0.22131155  0.47044146]
3005,4,4,0,1,0,[-0.18417251 -0.44829223 -0.19398133  0.05557807 -0.50788945 -0.22058636]
3006,4,4,0,1,1,[-0.07024294 -0.01179084 -0.68160427 -0.13973375  0.2814917   0.28493804]
3007,4,4,0,1,2,[-0.7148747  -0.4638636  -0.41299418  0.10049684  0.2974695  -0.29157647]
3008,4,4,0,1,3,[-0.20697412 -0.13507919  0.2615975  -0.07523875 -0.8687523   0.06861958]
3009,4,4,0,1,4,[ 0.05534943  0.32388905 -0.13108335  0.1058318   0.27691197  0.6889889 ]
3010,4,4,0,2,0,[-0.07137854 -0.20877863 -0.1066822   0.06151773 -0.27711716 -0.10473934]
3011,4,4,0,2,1,[-0.08830772 -0.0907827  -0.3944592  -0.10866331  0.1139103   0.04747063]
3012,4,4,0,2,2,[-0.3854596  -0.17186204 -0.23273861  0.08651423  0.2035109  -0.1013102 ]
3013,4,4,0,2,3,[-0.14566119 -0.10466275  0.15008727 -0.03595121 -0.5431616  -0.04364254]
3014,4,4,0,2,4,[ 0.06971459  0.26688567 -0.06429247  0.08582807  0.20633607  0.47098994]
3015,4,4,0,3,0,[ 0.01352943 -0.0827434  -0.09701885  0.12907474 -0.22373651 -0.0010519 ]
3016,4,4,0,3,1,[-0.14886884 -0.18876432 -0.41017786 -0.15490374  0.05504409 -0.09101667]
3017,4,4,0,3,2,[-0.34430075 -0.03441444 -0.21953611  0.12860714  0.25005504  0.01817495]
3018,4,4,0,3,3,[-0.1140587  -0.04359153  0.1425439   0.01934536 -0.53619266 -0.05375806]
3019,4,4,0,3,4,[ 0.12882383  0.39152217 -0.04909814  0.12622876  0.2696515   0.59469783]
3020,4,4,0,4,0,[-0.13071696 -0.25948295 -0.10932543  0.09181041 -0.4376587  -0.15396921]
3021,4,4,0,4,1,[-0.2728983  -0.29921585 -0.49321556 -0.19110785  0.0080084  -0.13339867]
3022,4,4,0,4,2,[-0.49503145  0.02337535 -0.26587707  0.18478458  0.30533698  0.0925328 ]
3023,4,4,0,4,3,[-0.42836073 -0.42773983  0.22194746 -0.13461585 -0.9805006  -0.4402314 ]
3024,4,4,0,4,4,[ 0.13045466  0.53280884 -0.03693872  0.16043217  0.34127775  0.8216413 ]
3025,4,4,1,0,0,[ 0.22160421  0.11026531 -0.0086954   0.16088155  0.01594781  0.32945454]
3026,4,4,1,0,1,[ 0.05990448 -0.22450387 -0.2930109  -0.12834743  0.10149039  0.02273824]
3027,4,4,1,0,2,[-0.07069011  0.08977596 -0.12584497  0.13491808  0.31248626  0.3043041 ]
3028,4,4,1,0,3,[ 0.07723881  0.20649852  0.1517097   0.06456434 -0.16911262  0.28001595]
3029,4,4,1,0,4,[0.24915175 0.3850209  0.01797196 0.12997888 0.31813735 0.6829344 ]
3030,4,4,1,1,0,[ 0.19120322 -0.44803685 -0.0944707   0.07661538 -0.27913392  0.26433113]
3031,4,4,1,1,1,[ 0.5058     -0.10172567 -0.79762185 -0.12375636  0.5524632   0.6767553 ]
3032,4,4,1,1,2,[-0.39099878 -0.54940027 -0.43662605  0.12579896  0.5843518   0.10840901]
3033,4,4,1,1,3,[ 0.15900499  0.13706554  0.48976707 -0.07295235 -0.52365947  0.8022482 ]
3034,4,4,1,1,4,[ 0.39198446  0.35646504 -0.05817335  0.13246103  0.5158324   1.1506593 ]
3035,4,4,1,2,0,[ 0.14829612 -0.20049821 -0.04421131  0.07554177 -0.13993496  0.18952712]
3036,4,4,1,2,1,[ 0.24844773 -0.14848325 -0.45293683 -0.10131691  0.276672    0.2874225 ]
3037,4,4,1,2,2,[-0.19675931 -0.20969243 -0.24608606  0.10619858  0.37734464  0.1437594 ]
3038,4,4,1,2,3,[ 0.05566175  0.05909212  0.2859881  -0.0414589  -0.3435547   0.38470623]
3039,4,4,1,2,4,[ 0.26925647  0.2958438  -0.01683598  0.10440139  0.35267907  0.7563368 ]
3040,4,4,1,3,0,[ 0.23561628 -0.05665642 -0.030486    0.14216338 -0.08431408  0.31519666]
3041,4,4,1,3,1,[ 0.18941806 -0.2551806  -0.46233016 -0.15877536  0.21543202  0.16027427]
3042,4,4,1,3,2,[-0.15117829 -0.05348511 -0.22786991  0.15152937  0.42983937  0.29289576]
3043,4,4,1,3,3,[ 0.06473005  0.13652971  0.2717696  -0.0017996  -0.34374547  0.3700852 ]
3044,4,4,1,3,4,[0.33397973 0.43696386 0.00492726 0.14565499 0.42196092 0.90717334]
3045,4,4,1,4,0,[ 0.18036729 -0.22110827  0.00543106  0.13322161 -0.22458236  0.31521088]
3046,4,4,1,4,1,[ 0.2016763  -0.36717212 -0.5280637  -0.15147467  0.2712637   0.28571406]
3047,4,4,1,4,2,[-0.22839782  0.02092504 -0.2652963   0.24297309  0.579372    0.5075477 ]
3048,4,4,1,4,3,[-0.1595237  -0.1937183   0.44263196 -0.13177805 -0.6909129   0.19031306]
3049,4,4,1,4,4,[0.41835412 0.6081803  0.05344814 0.20893025 0.57329744 1.2858479 ]
3050,4,4,2,0,0,[ 0.28787422  0.16569296 -0.1211257   0.16027     0.00857568  0.31054264]
3051,4,4,2,0,1,[ 0.14689459 -0.1706468  -0.5372703  -0.13745171  0.06966127 -0.10937914]
3052,4,4,2,0,2,[-0.00035679  0.14944722 -0.2984959   0.13746804  0.29656923  0.25757065]
3053,4,4,2,0,3,[ 0.14169118  0.33772835  0.09933507  0.05679739 -0.11267424  0.36396337]
3054,4,4,2,0,4,[ 0.30603915  0.42732534 -0.08505599  0.13126391  0.30883917  0.6615233 ]
3055,4,4,2,1,0,[ 0.3833522  -0.3404709  -0.37798834  0.07808072 -0.2733853   0.20808464]
3056,4,4,2,1,1,[ 0.7655443   0.02400122 -1.4149595  -0.12776844  0.49432415  0.3427012 ]
3057,4,4,2,1,2,[-0.19076732 -0.44082108 -0.87266207  0.1281894   0.565258   -0.0328856 ]
3058,4,4,2,1,3,[ 0.37818858  0.43919447  0.37269148 -0.06982857 -0.35754326  1.0393146 ]
3059,4,4,2,1,4,[ 0.5518134   0.4343807  -0.32202607  0.13562103  0.5102777   1.078558  ]
3060,4,4,2,2,0,[ 0.25987592 -0.13418993 -0.20950468  0.07695309 -0.14006682  0.15808871]
3061,4,4,2,2,1,[ 0.39918864 -0.07183236 -0.8142408  -0.10472222  0.24190097  0.09473166]
3062,4,4,2,2,2,[-0.08068676 -0.14078744 -0.50256366  0.10936333  0.3636112   0.06325207]
3063,4,4,2,2,3,[ 0.18012023  0.24132665  0.21846406 -0.04137716 -0.24723339  0.52504545]
3064,4,4,2,2,4,[ 0.3627541   0.3449886  -0.17045242  0.10721214  0.34716615  0.71719354]
3065,4,4,2,3,0,[ 0.34809768  0.01955804 -0.202301    0.14309503 -0.08937205  0.2850749 ]
3066,4,4,2,3,1,[ 0.3399698  -0.17356041 -0.83805746 -0.16652887  0.17418583 -0.04018591]
3067,4,4,2,3,2,[-0.03281211  0.02762188 -0.49408552  0.15603665  0.41134614  0.21550392]
3068,4,4,2,3,3,[ 0.18322656  0.3323543   0.19817837 -0.00675248 -0.24852176  0.5107515 ]
3069,4,4,2,3,4,[ 0.4293065   0.49454603 -0.15387608  0.14873593  0.41260847  0.87099576]
3070,4,4,2,4,0,[ 0.33237165 -0.11036813 -0.21982408  0.14106081 -0.22503904  0.28840008]
3071,4,4,2,4,1,[ 0.40310645 -0.23754264 -1.0269622  -0.15147904  0.23129459  0.04214107]
3072,4,4,2,4,2,[-0.07338114  0.14449485 -0.62334716  0.2547905   0.5623169   0.41532636]
3073,4,4,2,4,3,[ 0.01014965  0.07859162  0.35806924 -0.1265418  -0.54994273  0.40519315]
3074,4,4,2,4,4,[ 0.5464788   0.6952191  -0.15663338  0.21854341  0.56691366  1.2496364 ]
3075,4,4,3,0,0,[ 0.25443706  0.15970834 -0.0049468   0.16457358  0.04482989  0.40635857]
3076,4,4,3,0,1,[ 0.09182077 -0.186199   -0.32196456 -0.14020722  0.14173046  0.0802818 ]
3077,4,4,3,0,2,[-0.05105348  0.14047417 -0.14307594  0.13934512  0.35471967  0.37825134]
3078,4,4,3,0,3,[ 0.10240176  0.30036142  0.17697689  0.05918511 -0.12058124  0.3937655 ]
3079,4,4,3,0,4,[0.28061017 0.435759   0.02099602 0.13426882 0.35440233 0.76412153]
3080,4,4,3,1,0,[ 0.2861991  -0.3684226  -0.08263493  0.08453873 -0.2001878   0.4395065 ]
3081,4,4,3,1,1,[ 0.6381086   0.01250857 -0.8654412  -0.12462367  0.68500924  0.85797364]
3082,4,4,3,1,2,[-0.32521757 -0.4736637  -0.4812865   0.13740656  0.69989854  0.26245332]
3083,4,4,3,1,3,[ 0.27057463  0.3448548   0.5751356  -0.07235127 -0.3836384   1.1223679 ]
3084,4,4,3,1,4,[ 0.48032588  0.44535404 -0.05337797  0.14331514  0.60958916  1.3281806 ]
3085,4,4,3,2,0,[ 0.20452756 -0.14903969 -0.03558877  0.08107087 -0.09409936  0.296049  ]
3086,4,4,3,2,1,[ 0.3226621  -0.08349743 -0.4913047  -0.1041488   0.35233167  0.3923363 ]
3087,4,4,3,2,2,[-0.15758607 -0.15741707 -0.27099347  0.11459482  0.44560185  0.24089214]
3088,4,4,3,2,3,[ 0.11613055  0.1832696   0.33638334 -0.04287226 -0.26339674  0.5698327 ]
3089,4,4,3,2,4,[ 0.32244098  0.35374358 -0.0119541   0.1118891   0.40889326  0.8669631 ]
3090,4,4,3,3,0,[ 0.29206768  0.00644474 -0.02218212  0.14757492 -0.03821718  0.42975944]
3091,4,4,3,3,1,[ 0.25631118 -0.19172017 -0.50387233 -0.1691148   0.28677678  0.26060504]
3092,4,4,3,3,2,[-0.11297615  0.01204977 -0.2535623   0.15954246  0.4986012   0.40084642]
3093,4,4,3,3,3,[ 0.11770382  0.2715941   0.31933743 -0.00697263 -0.26438728  0.55504316]
3094,4,4,3,3,4,[0.38788635 0.50550365 0.0104674  0.15292656 0.47966525 1.0278472 ]
3095,4,4,3,4,0,[ 0.26009706 -0.1346199   0.02774763  0.14771558 -0.15841648  0.48434752]
3096,4,4,3,4,1,[ 0.29943648 -0.26901433 -0.5700391  -0.14965482  0.37997943  0.45080948]
3097,4,4,3,4,2,[-0.16970745  0.12364808 -0.2901471   0.26576576  0.6816719   0.67827207]
3098,4,4,3,4,3,[-0.08450847 -0.01915404  0.5221316  -0.13233805 -0.5809643   0.45101085]
3099,4,4,3,4,4,[0.4969176  0.7086446  0.06994923 0.22720282 0.65855396 1.4674883 ]
3100,4,4,4,0,0,[ 0.27644807  0.1729772  -0.14918719  0.1753871  -0.02234486  0.27684182]
3101,4,4,4,0,1,[ 0.1009543  -0.1697323  -0.5869023  -0.14888749  0.04695267 -0.16528685]
3102,4,4,4,0,2,[-0.03700343  0.16703005 -0.3320164   0.14742444  0.2901151   0.22702585]
3103,4,4,4,0,3,[ 0.12738548  0.3309768   0.0854952   0.07082997 -0.1661656   0.3185746 ]
3104,4,4,4,0,4,[ 0.2995446   0.4613239  -0.10692653  0.1417013   0.3089242   0.66739726]
3105,4,4,4,1,0,[ 0.30350244 -0.3797756  -0.45611185  0.07992671 -0.3864634   0.07400667]
3106,4,4,4,1,1,[ 0.669638    0.06455246 -1.5361996  -0.14542933  0.46077114  0.27008978]
3107,4,4,4,1,2,[-0.31461632 -0.457484   -0.96613884  0.13446872  0.5287495  -0.1597624 ]
3108,4,4,4,1,3,[ 0.2963886   0.39213145  0.33375445 -0.07856587 -0.52025735  0.9080284 ]
3109,4,4,4,1,4,[ 0.50438803  0.47184289 -0.3838976   0.14213145  0.48291084  1.0506055 ]
3110,4,4,4,2,0,[ 0.21682799 -0.15295167 -0.254988    0.08087547 -0.20548695  0.08019291]
3111,4,4,4,2,1,[ 0.33785555 -0.05572932 -0.8858151  -0.11767689  0.21592462  0.03823714]
3112,4,4,4,2,2,[-0.14978407 -0.14170247 -0.55612546  0.11520749  0.34372157 -0.00540168]
3113,4,4,4,2,3,[ 0.13164818  0.21020202  0.1951554  -0.04440955 -0.34634238  0.4392234 ]
3114,4,4,4,2,4,[ 0.33837306  0.37352306 -0.2059266   0.1130889   0.33413115  0.7054414 ]
3115,4,4,4,3,0,[ 0.3138326   0.0121116  -0.2481983   0.15450023 -0.15037124  0.21423414]
3116,4,4,4,3,1,[ 0.27174345 -0.16491354 -0.9137028  -0.18282153  0.14177877 -0.11367209]
3117,4,4,4,3,2,[-0.09824415  0.03961348 -0.548098    0.16581063  0.39457384  0.1545321 ]
3118,4,4,4,3,3,[ 0.1421368   0.30585963  0.17464635 -0.00101072 -0.34606847  0.4245563 ]
3119,4,4,4,3,4,[ 0.41031072  0.53439087 -0.18948494  0.15879558  0.4045609   0.86768633]
3120,4,4,4,4,0,[ 0.26818392 -0.13802214 -0.28243405  0.14387883 -0.32712874  0.16927384]
3121,4,4,4,4,1,[ 0.3014021  -0.2346691  -1.1261649  -0.17795625  0.17282192 -0.06926552]
3122,4,4,4,4,2,[-0.1653112   0.16372178 -0.6932781   0.26545325  0.53056294  0.33410278]
3123,4,4,4,4,3,[-0.08003115  0.00318571  0.32251576 -0.14154112 -0.71541303  0.23874211]
3124,4,4,4,4,4,[ 0.5146044   0.7464591  -0.20333348  0.22776791  0.5486211   1.2406163 ]
