rule_id,API_norm_MF,S_t_MF,SMI_t_MF,Pt_MF,delta_WL_t_MF,rule_output_constant
0,0,0,0,0,0,[-0.2268029   0.5303977   0.00944047 -0.04923564  0.03961468  0.3083121 ]
1,0,0,0,0,1,[ 0.27856377  0.30582324 -0.7439338  -0.57093865 -0.24077055 -0.4804425 ]
2,0,0,0,0,2,[-0.55962795  0.59940326 -0.09963307  0.09986821  0.8386839   0.15958576]
3,0,0,0,0,3,[ 0.02469012  0.3183085   0.20772749  0.00734159 -0.54932094  0.21436155]
4,0,0,0,0,4,[-0.127641    0.86695695  0.01520767  0.04397357  0.5206909   0.6788991 ]
5,0,0,0,1,0,[-1.4674904  -0.15756525  0.70365596  0.03916161  0.52144426  0.768414  ]
6,0,0,0,1,1,[-0.27741095 -0.07070511  0.16626549 -0.44840142  0.60889626  1.2504928 ]
7,0,0,0,1,2,[-2.786501   -1.3337544   0.72906435  0.235369    2.1255782  -0.4683619 ]
8,0,0,0,1,3,[-0.49815384  0.20340817  0.52505314  0.03462261 -1.1335613   0.4316524 ]
9,0,0,0,1,4,[-1.3387073   0.2869505   0.68890727  0.14098744  1.3966587   1.2071741 ]
10,0,0,0,2,0,[-0.73766965  0.13446578  0.30806845  0.0583167   0.22830041  0.4598054 ]
11,0,0,0,2,1,[ 0.01530752  0.07286759 -0.2180346  -0.3286827   0.16726337  0.37947738]
12,0,0,0,2,2,[-1.4595982  -0.33915007  0.27310365  0.20917027  1.275011   -0.12535602]
13,0,0,0,2,3,[-0.21142696  0.19518338  0.3047669   0.06048862 -0.7579946   0.24417587]
14,0,0,0,2,4,[-0.6432778   0.47661534  0.30640817  0.13091022  0.8198206   0.8154842 ]
15,0,0,0,3,0,[-0.6148913   0.46103567  0.17936297  0.00597756  0.15521206  0.4863445 ]
16,0,0,0,3,1,[ 0.2003171   0.24702206 -0.68173444 -0.6048856  -0.08813332 -0.139888  ]
17,0,0,0,3,2,[-1.2974225   0.22823805  0.07769665  0.20060112  1.3653176   0.02939674]
18,0,0,0,3,3,[-0.11054482  0.344615    0.32104617  0.04986363 -0.8660804   0.28504628]
19,0,0,0,3,4,[-0.48901948  0.9113776   0.1847555   0.11330232  0.8616554   0.971796  ]
20,0,0,0,4,0,[-0.8985182   0.79768497  0.28428808  0.18815927  0.2593825   0.9035728 ]
21,0,0,0,4,1,[ 0.30997932  0.46264073 -0.84255433 -0.5575279  -0.03601499  0.17413527]
22,0,0,0,4,2,[-1.9235364   0.5092053   0.15976131  0.4853176   2.0524955   0.3363554 ]
23,0,0,0,4,3,[-0.15444686  0.57730186  0.42805508  0.18436857 -1.2757684   0.45312646]
24,0,0,0,4,4,[-0.73642474  1.4424437   0.30205408  0.31151283  1.2900678   1.6096323 ]
25,0,0,1,0,0,[-0.11454882  0.45156613 -0.04049151 -0.1406082   0.06388368  0.27499607]
26,0,0,1,0,1,[ 0.36986154  0.09978913 -0.9148667  -0.7606572  -0.33473533 -0.77462804]
27,0,0,1,0,2,[-0.4630994   0.46871135 -0.16901308 -0.0489659   0.8013486   0.09389552]
28,0,0,1,0,3,[ 0.1454246   0.34139732  0.18450621 -0.00599495 -0.4622288   0.2726598 ]
29,0,0,1,0,4,[-0.0506369   0.75557154 -0.03904229 -0.05590754  0.504164    0.6021158 ]
30,0,0,1,1,0,[-1.1386814  -0.27352527  0.92653    -0.05693093  0.6694408   1.1644692 ]
31,0,0,1,1,1,[ 0.11619203 -0.45836297  0.4046182  -0.63040054  0.6294451   1.4457427 ]
32,0,0,1,1,2,[-2.3957078  -1.449142    1.0377026   0.07695407  2.2218134   0.1421378 ]
33,0,0,1,1,3,[-0.26802504  0.22167335  0.59953237  0.0170911  -0.9477768   0.6711462 ]
34,0,0,1,1,4,[-1.0631003   0.13072723  0.89616823  0.03618225  1.4736342   1.5343649 ]
35,0,0,1,2,0,[-0.5435521   0.04319296  0.38950282 -0.01100404  0.3055919   0.6215584 ]
36,0,0,1,2,1,[ 0.23582272 -0.19173433 -0.17412655 -0.4655432   0.14356902  0.35377887]
37,0,0,1,2,2,[-1.2440796  -0.45467982  0.3838649   0.09200894  1.3039943   0.11444186]
38,0,0,1,2,3,[-0.05982296  0.20771676  0.33101696  0.05186795 -0.63959694  0.37482163]
39,0,0,1,2,4,[-0.48692644  0.3547584   0.3785494   0.05401715  0.848883    0.92844945]
40,0,0,1,3,0,[-0.4180976   0.34366608  0.1919056  -0.10123172  0.21791027  0.5557688 ]
41,0,0,1,3,1,[ 0.39983356 -0.06792519 -0.7781632  -0.82132167 -0.17097922 -0.37022522]
42,0,0,1,3,2,[-1.0987506   0.05734803  0.09360008  0.02402703  1.3543543   0.12116393]
43,0,0,1,3,3,[ 0.06585599  0.36500296  0.31966478  0.03400608 -0.733546    0.4025034 ]
44,0,0,1,3,4,[-0.3398783   0.7526052   0.1886062  -0.00419093  0.8661454   0.98092794]
45,0,0,1,4,0,[-0.63201314  0.5985811   0.31486574  0.04493542  0.34788615  1.0010214 ]
46,0,0,1,4,1,[ 0.59872895 -0.01870565 -0.94252986 -0.82233816 -0.13969332 -0.1158073 ]
47,0,0,1,4,2,[-1.651558    0.22649685  0.19802538  0.25289333  2.037275    0.46669525]
48,0,0,1,4,3,[ 0.07538725  0.5823451   0.42873856  0.15352893 -1.0952288   0.6067901 ]
49,0,0,1,4,4,[-0.5330945   1.187452    0.31963903  0.15691608  1.2969162   1.6229564 ]
50,0,0,2,0,0,[ 0.17351624  0.78934723 -0.06356598 -0.04954715  0.27147385  0.56015176]
51,0,0,2,0,1,[ 0.87866133  0.14843313 -1.3195747  -0.8833055  -0.329018   -1.141077  ]
52,0,0,2,0,2,[-0.2676579   0.78908116 -0.33088174  0.07048406  1.2101991   0.22315404]
53,0,0,2,0,3,[ 0.46926093  0.735219    0.3462224   0.1312382  -0.37737152  0.74974406]
54,0,0,2,0,4,[ 0.21456999  1.1544749  -0.08787709  0.04059871  0.81750286  0.9287698 ]
55,0,0,2,1,0,[-1.1640637  -0.20472504  0.8769147   0.05244396  1.0062245   1.3797798 ]
56,0,0,2,1,1,[ 0.58014864 -0.8568358  -0.10235179 -0.7062415   0.74475664  0.99183893]
57,0,0,2,1,2,[-2.8025138  -1.8054924   0.7490491   0.23090139  2.9612343  -0.22100069]
58,0,0,2,1,3,[-0.08011047  0.67030483  0.77435666  0.14281656 -0.9971165   1.2290611 ]
59,0,0,2,1,4,[-1.1067332   0.2823633   0.81254613  0.15864648  2.0283434   1.8023201 ]
60,0,0,2,2,0,[-0.44606477  0.18061058  0.35793197  0.09801324  0.52420795  0.81374675]
61,0,0,2,2,1,[ 0.65071    -0.38851497 -0.55005366 -0.50233907  0.18975045  0.00069298]
62,0,0,2,2,2,[-1.3540846  -0.5128609   0.19194889  0.2360222   1.7870929  -0.0074812 ]
63,0,0,2,2,3,[ 0.14244035  0.53800386  0.467151    0.17508706 -0.6498051   0.7842111 ]
64,0,0,2,2,4,[-0.40537325  0.55985624  0.32322812  0.16843729  1.2122724   1.1683019 ]
65,0,0,2,3,0,[-0.16179319  0.6549738   0.15016194  0.02796879  0.48874766  0.8587016 ]
66,0,0,2,3,1,[ 1.0057257  -0.17650345 -1.3010386  -0.9336466  -0.15144391 -0.86975694]
67,0,0,2,3,2,[-1.0368841   0.23619226 -0.14479463  0.19390103  1.9306558   0.12196019]
68,0,0,2,3,3,[ 0.41254374  0.83657396  0.5109035   0.20482977 -0.6904496   0.9739853 ]
69,0,0,2,3,4,[-0.10885996  1.1510679   0.11543848  0.13203436  1.3029974   1.3464036 ]
70,0,0,2,4,0,[-0.32361123  1.0224202   0.26244685  0.28161108  0.7178139   1.4576955 ]
71,0,0,2,4,1,[ 1.4363393  -0.21818951 -1.6191092  -0.850154   -0.09563756 -0.709093  ]
72,0,0,2,4,2,[-1.6326534   0.46348765 -0.11991899  0.5668327   2.8698175   0.52726567]
73,0,0,2,4,3,[ 0.5080178   1.2301557   0.6706633   0.40349758 -1.0900232   1.3681135 ]
74,0,0,2,4,4,[-0.25382808  1.7465229   0.23069108  0.40138546  1.9206744   2.1886044 ]
75,0,0,3,0,0,[0.28080058 0.9246949  0.01845197 0.13829277 0.3435731  0.6868927 ]
76,0,0,3,0,1,[ 0.9951682   0.3091789  -1.0752672  -0.5338069  -0.15166934 -0.8424865 ]
77,0,0,3,0,2,[-0.08010416  0.9513721  -0.23569554  0.3108564   1.2556127   0.37173018]
78,0,0,3,0,3,[ 0.50691706  0.85280585  0.41698417  0.22439864 -0.28005722  0.8940233 ]
79,0,0,3,0,4,[ 0.32603076  1.2677659  -0.01339441  0.21622561  0.86602587  1.0313644 ]
80,0,0,3,1,0,[-1.1411923  -0.04664141  0.46267027  0.20962635  0.8468576   0.7729575 ]
81,0,0,3,1,1,[ 0.44518685 -0.73185384 -0.62820053 -0.41658193  0.5640969   0.06266001]
82,0,0,3,1,2,[-2.6681356  -1.589981    0.16605087  0.4384903   2.6533577  -1.0367957 ]
83,0,0,3,1,3,[-0.09396165  0.8258582   0.66527903  0.21569574 -0.933649    1.1245272 ]
84,0,0,3,1,4,[-1.0621601   0.4145984   0.4080079   0.30733386  1.8375365   1.1949203 ]
85,0,0,3,2,0,[-0.41405058  0.2959701   0.19301651  0.21270496  0.4669454   0.56372327]
86,0,0,3,2,1,[ 0.60148567 -0.28141835 -0.7112109  -0.2843939   0.15522668 -0.3465836 ]
87,0,0,3,2,2,[-1.2419798  -0.3626879  -0.04214007  0.38901493  1.6512271  -0.34343073]
88,0,0,3,2,3,[ 0.13589303  0.6473686   0.43581858  0.22512156 -0.5934998   0.7720338 ]
89,0,0,3,2,4,[-0.35929635  0.65602016  0.16175376  0.27752593  1.133372    0.91252434]
90,0,0,3,3,0,[-0.07290372  0.8179813   0.1046492   0.22250596  0.5001873   0.78577334]
91,0,0,3,3,1,[ 1.0462786  -0.0015725  -1.232158   -0.56761664 -0.0544364  -0.8877725 ]
92,0,0,3,3,2,[-0.8427001   0.4391399  -0.22291914  0.4473099   1.8743837   0.01119138]
93,0,0,3,3,3,[ 0.43060237  0.9840095   0.5396399   0.29627377 -0.5901327   1.0619239 ]
94,0,0,3,3,4,[-0.00755286  1.2871846   0.06717597  0.31527796  1.2849994   1.254061  ]
95,0,0,3,4,0,[-0.19422665  1.2413936   0.16538899  0.5326761   0.70866424  1.2890894 ]
96,0,0,3,4,1,[ 1.4761473   0.01202661 -1.5964727  -0.3933027  -0.00868561 -0.87312865]
97,0,0,3,4,2,[-1.3482338  0.7379332 -0.2687195  0.8930575  2.7560446  0.2929061]
98,0,0,3,4,3,[ 0.5370061   1.430122    0.69741267  0.52598506 -0.9569009   1.4626902 ]
99,0,0,3,4,4,[-0.10590008  1.929157    0.1321939   0.63733697  1.8707497   1.9974372 ]
100,0,0,4,0,0,[ 0.08698063  0.5564352  -0.12078704 -0.1640692   0.1614861   0.34510797]
101,0,0,4,0,1,[ 0.6650973  -0.02337771 -1.2984961  -0.9635205  -0.4290309  -1.2339134 ]
102,0,0,4,0,2,[-0.32337126  0.5293276  -0.34025702 -0.09656426  0.96034735  0.0511925 ]
103,0,0,4,0,3,[ 0.37643674  0.5400461   0.23088488  0.04795599 -0.38181034  0.5163578 ]
104,0,0,4,0,4,[ 0.1182005   0.87341267 -0.13237478 -0.08087146  0.63274306  0.6706692 ]
105,0,0,4,1,0,[-0.96484846 -0.33919823  0.9910309  -0.07201594  0.90094256  1.4486814 ]
106,0,0,4,1,1,[ 0.57739013 -0.92916137  0.19772983 -0.80166954  0.64802986  1.2223439 ]
107,0,0,4,1,2,[-2.3858097  -1.7385035   1.0259778   0.04317757  2.6245294   0.2463257 ]
108,0,0,4,1,3,[-0.03917559  0.43511957  0.70369786  0.0641563  -0.8843584   1.0524884 ]
109,0,0,4,1,4,[-0.9312352   0.08526898  0.93790567  0.02305598  1.7762144   1.8086449 ]
110,0,0,4,2,0,[-0.38556167  0.03738466  0.38822582 -0.00699765  0.44252804  0.7687538 ]
111,0,0,4,2,1,[ 0.56939137 -0.47509837 -0.40856352 -0.5842964   0.11487255  0.07507029]
112,0,0,4,2,2,[-1.1838528  -0.57948625  0.31241447  0.08206012  1.5438296   0.13688879]
113,0,0,4,2,3,[ 0.13055423  0.36618733  0.39494172  0.10466262 -0.58905834  0.6291838 ]
114,0,0,4,2,4,[-0.36019823  0.3665063   0.36226025  0.05660831  1.0323008   1.0737035 ]
115,0,0,4,3,0,[-0.18275264  0.40512058  0.13028297 -0.11582154  0.3650686   0.68431824]
116,0,0,4,3,1,[ 0.80969226 -0.34397256 -1.1974334  -1.0370556  -0.262313   -0.8806651 ]
117,0,0,4,3,2,[-0.96788865  0.01333752 -0.07600579 -0.01611757  1.6082367   0.09240671]
118,0,0,4,3,3,[ 0.3419318   0.5958734   0.38789615  0.10331308 -0.6517971   0.72049737]
119,0,0,4,3,4,[-0.14629467  0.83543515  0.10923211 -0.02061076  1.0650417   1.1093397 ]
120,0,0,4,4,0,[-0.33303252  0.6579874   0.23968968  0.05872627  0.5505994   1.2000862 ]
121,0,0,4,4,1,[ 1.1744035  -0.4529548  -1.479959   -1.0318342  -0.25016624 -0.7525302 ]
122,0,0,4,4,2,[-1.5060724   0.13236295 -0.02169756  0.24649136  2.407025    0.4602429 ]
123,0,0,4,4,3,[ 0.42522538  0.88531977  0.5129404   0.25162646 -1.011196    1.0272459 ]
124,0,0,4,4,4,[-0.28741845  1.2845783   0.22282512  0.16882516  1.582668    1.832414  ]
125,0,1,0,0,0,[-0.14060035  0.25670135 -0.09362598 -0.13526532 -0.05117634 -0.00989449]
126,0,1,0,0,1,[ 0.16080625  0.041784   -0.7194716  -0.58502847 -0.36027893 -0.8045699 ]
127,0,1,0,0,2,[-0.39691532  0.26823473 -0.19530424 -0.08699179  0.4397223  -0.1747914 ]
128,0,1,0,0,3,[ 0.05280497  0.15409814  0.0785731  -0.02387025 -0.40900618  0.01561758]
129,0,1,0,0,4,[-0.09542855  0.46583718 -0.0878091  -0.07774212  0.2563706   0.22541398]
130,0,1,0,1,0,[-0.879712   -0.14802572  0.46516535 -0.07809258  0.29622468  0.4971547 ]
131,0,1,0,1,1,[-0.05226782 -0.13837473  0.03200115 -0.4929158   0.22460753  0.6092528 ]
132,0,1,0,1,2,[-1.7579907  -0.89977336  0.50612444  0.00303233  1.349087   -0.24707398]
133,0,1,0,1,3,[-0.2778046   0.05790483  0.29151997 -0.01364984 -0.83086187  0.15221298]
134,0,1,0,1,4,[-0.8198955   0.13002476  0.45826975 -0.0137828   0.8637633   0.7767715 ]
135,0,1,0,2,0,[-0.4395712   0.02886967  0.16721587 -0.03910479  0.09865803  0.21543197]
136,0,1,0,2,1,[ 0.06933328 -0.05904495 -0.26217517 -0.3691013  -0.04604658 -0.03248874]
137,0,1,0,2,2,[-0.93247104 -0.28679928  0.1435098   0.02188315  0.77277863 -0.1648822 ]
138,0,1,0,2,3,[-0.10179472  0.06928701  0.1550543   0.01655537 -0.5572756   0.05041172]
139,0,1,0,2,4,[-0.39641866  0.24303558  0.16784067  0.00561239  0.4807762   0.44214323]
140,0,1,0,3,0,[-0.37145     0.19792858  0.02400945 -0.11706968  0.0134523   0.1105229 ]
141,0,1,0,3,1,[ 0.15201701 -0.02054673 -0.68626213 -0.6400891  -0.29958674 -0.61792475]
142,0,1,0,3,2,[-0.85770017  0.01757572 -0.0649181  -0.04739405  0.7758204  -0.2358123 ]
143,0,1,0,3,3,[-0.02557853  0.14861508  0.14119753 -0.00291903 -0.6416139   0.02693011]
144,0,1,0,3,4,[-0.31408814  0.47914612  0.0301506  -0.05068978  0.46788728  0.42000687]
145,0,1,0,4,0,[-0.5541365   0.36509705  0.06430399 -0.03385315  0.04017273  0.30424514]
146,0,1,0,4,1,[ 0.24371955  0.0457878  -0.85855114 -0.66131914 -0.3572285  -0.58286893]
147,0,1,0,4,2,[-1.274789    0.1393498  -0.04288467  0.09080285  1.1771656  -0.12114836]
148,0,1,0,4,3,[-0.05759055  0.25233322  0.17957848  0.06389022 -0.95756423  0.04990984]
149,0,1,0,4,4,[-0.47862658  0.7704568   0.08037132  0.0442799   0.70653576  0.75866354]
150,0,1,1,0,0,[-0.07602072  0.19007102 -0.14326787 -0.21135835 -0.0447779  -0.05598424]
151,0,1,1,0,1,[ 0.20927963 -0.12010831 -0.87190676 -0.7422503  -0.44768208 -1.0557662 ]
152,0,1,1,0,2,[-0.3515032   0.16345756 -0.26218438 -0.2061989   0.4067426  -0.24899848]
153,0,1,1,0,3,[ 0.13215685  0.16059369  0.05395335 -0.03873224 -0.35928077  0.04037839]
154,0,1,1,0,4,[-0.05509081  0.3796666  -0.13949169 -0.15875481  0.23794764  0.15273719]
155,0,1,1,1,0,[-0.6719497  -0.24923016  0.62563187 -0.155553    0.39534006  0.77422184]
156,0,1,1,1,1,[ 0.2085833  -0.43267527  0.19417137 -0.641077    0.22717339  0.7450677 ]
157,0,1,1,1,2,[-1.5229435  -1.0091709   0.73177373 -0.12063669  1.4248298   0.1797472 ]
158,0,1,1,1,3,[-0.12569357  0.05369109  0.33974424 -0.03020227 -0.7181901   0.30590373]
159,0,1,1,1,4,[-0.64925784  0.00543112  0.60865533 -0.09651321  0.9198881   1.0102193 ]
160,0,1,1,2,0,[-0.31829816 -0.0477575   0.22066203 -0.09530957  0.14720991  0.32099238]
161,0,1,1,2,1,[ 0.2127258  -0.26050407 -0.24583289 -0.48105046 -0.07535222 -0.06634302]
162,0,1,1,2,2,[-0.80659074 -0.3846707   0.21817361 -0.06985719  0.79485166 -0.00686313]
163,0,1,1,2,3,[-0.00102495  0.06710559  0.1686967   0.00753079 -0.48613733  0.13036412]
164,0,1,1,2,4,[-0.30150694  0.14839485  0.21547055 -0.05530454  0.4999937   0.5169186 ]
165,0,1,1,3,0,[-0.25244173  0.10006087  0.01987254 -0.2052387   0.04644698  0.13824503]
166,0,1,1,3,1,[ 0.27419522 -0.26328617 -0.7863409  -0.8185372  -0.38072783 -0.8211834 ]
167,0,1,1,3,2,[-0.74956846 -0.12157888 -0.06904826 -0.18742885  0.7643364  -0.19771852]
168,0,1,1,3,3,[ 0.09110959  0.14950815  0.13127548 -0.0196028  -0.5639279   0.09084345]
169,0,1,1,3,4,[-0.22813314  0.3566734   0.02103716 -0.14500672  0.46548826  0.41026837]
170,0,1,1,4,0,[-0.39456424  0.20581071  0.06855065 -0.14954105  0.08830091  0.34765133]
171,0,1,1,4,1,[ 0.42241067 -0.31948182 -0.9710277  -0.8781521  -0.4592905  -0.8353416 ]
172,0,1,1,4,2,[-1.1291705  -0.08326287 -0.0363262  -0.09113888  1.1635865  -0.06105495]
173,0,1,1,4,3,[ 0.09329122  0.23830457  0.16752003  0.03572071 -0.8521777   0.13353865]
174,0,1,1,4,4,[-0.36296454  0.5780707   0.0770512  -0.07811571  0.70511043  0.7495949 ]
175,0,1,2,0,0,[ 0.11484341  0.37073046 -0.19080369 -0.19196776  0.0627853   0.05176617]
176,0,1,2,0,1,[ 0.53523076 -0.15783353 -1.222263   -0.9135922  -0.52516913 -1.4924366 ]
177,0,1,2,0,2,[-0.24300459  0.31958348 -0.41698384 -0.18909296  0.6367033  -0.2756352 ]
178,0,1,2,0,3,[ 0.36241263  0.38975018  0.14622514  0.04393246 -0.32446674  0.3094376 ]
179,0,1,2,0,4,[ 0.11185195  0.59796476 -0.2053168  -0.13785775  0.4130339   0.28374597]
180,0,1,2,1,0,[-0.6765631  -0.22499743  0.5934853  -0.11896015  0.59631956  0.9112686 ]
181,0,1,2,1,1,[ 0.55279505 -0.7216625  -0.16765128 -0.7668548   0.2326526   0.37018663]
182,0,1,2,1,2,[-1.7991565  -1.25678     0.54119277 -0.07270686  1.8993851  -0.04985646]
183,0,1,2,1,3,[ 0.00622417  0.30334172  0.43798953  0.04370245 -0.7998018   0.6136946 ]
184,0,1,2,1,4,[-0.67532516  0.08237368  0.5528134  -0.05306545  1.2660357   1.1789544 ]
185,0,1,2,2,0,[-0.24529354  0.01669337  0.19033591 -0.04953053  0.27149186  0.4179745 ]
186,0,1,2,2,1,[ 0.5060268  -0.42891097 -0.5331477  -0.5641466  -0.10547737 -0.40099314]
187,0,1,2,2,2,[-0.88672894 -0.4501848   0.07623419 -0.01576187  1.0936285  -0.12143089]
188,0,1,2,2,3,[ 0.14325728  0.2513992   0.24654922  0.08452529 -0.5233293   0.35649616]
189,0,1,2,2,4,[-0.24672708  0.25565338  0.16818778 -0.00788056  0.7195323   0.642233  ]
190,0,1,2,3,0,[-0.07748204  0.2584253  -0.03641139 -0.16475621  0.19143793  0.2618515 ]
191,0,1,2,3,1,[ 0.6796007  -0.40948868 -1.214233   -0.9922155  -0.4631993  -1.352098  ]
192,0,1,2,3,2,[-0.72767335 -0.06051441 -0.26972827 -0.14381337  1.1035359  -0.29840693]
193,0,1,2,3,3,[ 0.33774304  0.4174344   0.23968796  0.08460826 -0.5698817   0.40734577]
194,0,1,2,3,4,[-0.08071969  0.5696237  -0.05764797 -0.1024454   0.7183812   0.5705079 ]
195,0,1,2,4,0,"[-1.88524604e-01  4.18907464e-01  1.18922995e-04 -4.86371927e-02
  2.84511238e-01  5.53113937e-01]"
196,0,1,2,4,1,[ 0.98823917 -0.5489233  -1.514609   -1.0106226  -0.55663884 -1.472719  ]
197,0,1,2,4,2,[-1.1457196  -0.0045064  -0.2964986   0.03379669  1.6583588  -0.14262006]
198,0,1,2,4,3,[ 0.39132008  0.59906584  0.3001449   0.18523484 -0.9049171   0.543129  ]
199,0,1,2,4,4,[-0.18890104  0.8771646  -0.01726301  0.02574125  1.0679089   1.0220782 ]
200,0,1,3,0,0,[ 0.20110932  0.5005698  -0.08511421 -0.04357699  0.14091116  0.22085525]
201,0,1,3,0,1,[ 0.63525     0.01794318 -0.9569601  -0.63332707 -0.34170258 -1.1262151 ]
202,0,1,3,0,2,[-0.08856563  0.48123124 -0.28765434  0.0037694   0.7041492  -0.06429606]
203,0,1,3,0,3,[ 0.38778996  0.48761305  0.22166608  0.11368408 -0.24104878  0.45050374]
204,0,1,3,0,4,[ 0.2035317   0.7118484  -0.10722499  0.00218354  0.47354507  0.43342635]
205,0,1,3,1,0,[-0.6436185  -0.04415378  0.35366726  0.01021822  0.52459097  0.5874465 ]
206,0,1,3,1,1,[ 0.47495636 -0.5116871  -0.4335376  -0.5269344   0.19046254 -0.08185893]
207,0,1,3,1,2,[-1.6709847  -1.0132273   0.19337635  0.10036081  1.7302618  -0.4941718 ]
208,0,1,3,1,3,"[ 1.78990202e-04  4.47356522e-01  3.98203135e-01  1.00903496e-01
 -7.25084126e-01  6.05776787e-01]"
209,0,1,3,1,4,[-0.62402064  0.24282743  0.31587026  0.07020745  1.1689754   0.84919155]
210,0,1,3,2,0,[-0.21208127  0.14327285  0.11599302  0.04354677  0.25966027  0.31936136]
211,0,1,3,2,1,[ 0.4837648  -0.27352497 -0.56409025 -0.38528746 -0.06964811 -0.49502   ]
212,0,1,3,2,2,[-0.78510004 -0.28386426 -0.03601395  0.11052413  1.0328469  -0.2575618 ]
213,0,1,3,2,3,[ 0.13920671  0.35019493  0.25068614  0.12268062 -0.4645521   0.39239255]
214,0,1,3,2,4,[-0.20114669  0.36751723  0.09372938  0.08156639  0.6906725   0.5362711 ]
215,0,1,3,3,0,[-0.00079024  0.42584613 -0.00847735 -0.00910897  0.23651016  0.3151576 ]
216,0,1,3,3,1,[ 0.72815067 -0.19246031 -1.0485084  -0.6953866  -0.3163779  -1.1614287 ]
217,0,1,3,3,2,[-0.5611938   0.15355644 -0.24773128  0.06231171  1.1106372  -0.2383779 ]
218,0,1,3,3,3,[ 0.35004374  0.54551893  0.29430592  0.15363376 -0.47680998  0.5248327 ]
219,0,1,3,3,4,[ 0.00797204  0.7170497  -0.03482789  0.0456231   0.7408794   0.6063722 ]
220,0,1,3,4,0,[-0.07081962  0.65388966  0.01961815  0.1565769   0.33431584  0.5911625 ]
221,0,1,3,4,1,[ 1.0506878  -0.24520025 -1.3309991  -0.63428414 -0.38035616 -1.2920631 ]
222,0,1,3,4,2,[-0.89570206  0.2971018  -0.2886372   0.30407912  1.648382   -0.10185207]
223,0,1,3,4,3,[ 0.4169597   0.7785877   0.37034395  0.2813041  -0.7754316   0.69583166]
224,0,1,3,4,4,[-0.05442805  1.0844245  -0.00360577  0.22017218  1.0857106   1.0379157 ]
225,0,1,4,0,0,[ 0.05114548  0.22739781 -0.228946   -0.2584781  -0.00392648 -0.07283587]
226,0,1,4,0,1,[ 0.3909203  -0.255582   -1.2033943  -0.94425744 -0.5723052  -1.5075114 ]
227,0,1,4,0,2,[-0.28165832  0.16202323 -0.4200326  -0.28354952  0.4828047  -0.36255154]
228,0,1,4,0,3,[ 0.2928372   0.27020088  0.06825147 -0.01135772 -0.32304704  0.1658205 ]
229,0,1,4,0,4,[ 0.04533154  0.42541945 -0.23353419 -0.20745473  0.29953736  0.13442995]
230,0,1,4,1,0,[-0.5568275  -0.32143632  0.6675904  -0.1935133   0.5338512   0.9572839 ]
231,0,1,4,1,1,[ 0.5326991  -0.7857525   0.02898852 -0.8123847   0.18792316  0.54092795]
232,0,1,4,1,2,[-1.5348599  -1.2308432   0.7264894  -0.18371536  1.6858734   0.25391114]
233,0,1,4,1,3,[ 0.0296609   0.1598785   0.39378875 -0.00730919 -0.70975184  0.51796216]
234,0,1,4,1,4,[-0.56800944 -0.05238114  0.63580525 -0.13374881  1.1086566   1.187011  ]
235,0,1,4,2,0,[-0.21389537 -0.07687467  0.20840955 -0.11326839  0.22297956  0.39422378]
236,0,1,4,2,1,[ 0.44117492 -0.48718426 -0.44070265 -0.60442835 -0.13950792 -0.32800043]
237,0,1,4,2,2,[-0.781086   -0.49669325  0.15638517 -0.10732308  0.9410418  -0.01965534]
238,0,1,4,2,3,[ 0.13071656  0.14746742  0.19887607  0.03782744 -0.47410294  0.26785517]
239,0,1,4,2,4,[-0.22264746  0.13127722  0.19331671 -0.07498084  0.6079922   0.5886145 ]
240,0,1,4,3,0,[-0.10112274  0.10196808 -0.05121302 -0.2497013   0.11757773  0.1630452 ]
241,0,1,4,3,1,[ 0.5408781  -0.5089905  -1.1433637  -1.0362169  -0.51329994 -1.3116672 ]
242,0,1,4,3,2,[-0.6876369  -0.19876604 -0.22207814 -0.2650569   0.90367675 -0.29489985]
243,0,1,4,3,3,[ 0.28268808  0.271381    0.15718825  0.01747875 -0.53533655  0.2563955 ]
244,0,1,4,3,4,[-0.11100484  0.37292254 -0.06156577 -0.191545    0.5719818   0.43456718]
245,0,1,4,4,0,[-0.20656735  0.19067867 -0.01980424 -0.18350936  0.18605784  0.40267295]
246,0,1,4,4,1,[ 0.8004151  -0.69133806 -1.4262797  -1.1041255  -0.6279775  -1.4466524 ]
247,0,1,4,4,2,[-1.0699003  -0.211542   -0.23289838 -0.1573582   1.370835   -0.16174886]
248,0,1,4,4,3,[ 0.33007324  0.3924224   0.19513075  0.0869977  -0.83648217  0.34542283]
249,0,1,4,4,4,[-0.21813478  0.5885954  -0.02504038 -0.11387226  0.860188    0.8117322 ]
250,0,2,0,0,0,[-0.3484924   0.5280296   0.10633279  0.16707788  0.05583158  0.31388372]
251,0,2,0,0,1,[ 0.12049359  0.26178563 -0.4113933  -0.11757926 -0.08631646 -0.21767995]
252,0,2,0,0,2,[-0.62074375  0.568491    0.04120535  0.41305637  0.82545334  0.1553277 ]
253,0,2,0,0,3,[-0.11691822  0.38135153  0.25038642  0.06673233 -0.46981314  0.28219566]
254,0,2,0,0,4,[-0.20478842  0.86827314  0.11722937  0.26236305  0.52960837  0.6961113 ]
255,0,2,0,1,0,[-1.8195975  -0.49569747  0.39485142  0.2512163   0.25054875 -0.28719077]
256,0,2,0,1,1,[-0.9390108  -0.72552127 -0.1357082  -0.03505852  0.31028783 -0.21120523]
257,0,2,0,1,2,[-3.1372108  -1.9032735   0.30096635  0.5391709   1.6382744  -2.0038738 ]
258,0,2,0,1,3,[-0.70137775  0.23771805  0.4601485   0.1072768  -1.023257    0.24276483]
259,0,2,0,1,4,[-1.6315638  -0.04888432  0.39580837  0.3524224   1.1021158   0.18354884]
260,0,2,0,2,0,[-0.95073223 -0.00467153  0.20285957  0.2146664   0.11644661 -0.00625011]
261,0,2,0,2,1,[-0.3639283  -0.22362316 -0.23647746 -0.00974663  0.09096932 -0.18040863]
262,0,2,0,2,2,[-1.6503208  -0.59063     0.13176534  0.43860033  1.0536592  -0.80878365]
263,0,2,0,2,3,[-0.35901082  0.24660099  0.2901505   0.10447915 -0.67042166  0.19467409]
264,0,2,0,2,4,[-0.8123448   0.33831075  0.21075879  0.28913376  0.69322985  0.36705527]
265,0,2,0,3,0,[-0.8282065   0.38430429  0.18767056  0.2562818   0.10478196  0.21890244]
266,0,2,0,3,1,[-0.14212474  0.04780531 -0.4528063  -0.08847405 -0.01781563 -0.27967867]
267,0,2,0,3,2,[-1.454139    0.06435793  0.09600026  0.56363386  1.2273188  -0.37583712]
268,0,2,0,3,3,[-0.29712602  0.428156    0.34549937  0.12119778 -0.749824    0.31423438]
269,0,2,0,3,4,[-0.64459044  0.8366062   0.2021166   0.36565554  0.79587984  0.7215661 ]
270,0,2,0,4,0,[-1.1864457   0.70579034  0.26310423  0.4990096   0.18819301  0.4800928 ]
271,0,2,0,4,1,[-0.21188906  0.16747037 -0.6115073   0.04837842  0.02139717 -0.189731  ]
272,0,2,0,4,2,[-2.1409767   0.28656155  0.13781975  0.9308006   1.8391421  -0.317176  ]
273,0,2,0,4,3,[-0.37900534  0.7288129   0.46399555  0.28753603 -1.0764475   0.525111  ]
274,0,2,0,4,4,[-0.95038307  1.3471638   0.29258087  0.62171006  1.1890697   1.2021966 ]
275,0,2,1,0,0,[-0.22682187  0.48882195  0.07103308  0.11430333  0.08910529  0.31641132]
276,0,2,1,0,1,[ 0.22616418  0.13264887 -0.5245488  -0.22677924 -0.13154781 -0.39358672]
277,0,2,1,0,2,[-0.49231496  0.49588653 -0.00745276  0.31758597  0.79852766  0.14534566]
278,0,2,1,0,3,[-0.00919333  0.41723856  0.23357527  0.06599454 -0.38161376  0.34783477]
279,0,2,1,0,4,[-0.1126133   0.79598117  0.0783713   0.20039657  0.5220387   0.6573245 ]
280,0,2,1,1,0,[-1.4984506  -0.5323526   0.5159377   0.18887964  0.36522058  0.01467319]
281,0,2,1,1,1,[-0.5835173  -0.97352487 -0.01777958 -0.14734946  0.3260235  -0.09467121]
282,0,2,1,1,2,[-2.722382   -1.9016409   0.47175166  0.4290716   1.6811138  -1.5099362 ]
283,0,2,1,1,3,[-0.49806133  0.28702945  0.49666     0.09933943 -0.847184    0.43999934]
284,0,2,1,1,4,[-1.3530576  -0.12739143  0.50682193  0.28131428  1.1455      0.42471045]
285,0,2,1,2,0,[-0.75893694 -0.04542466  0.24358596  0.17034045  0.18061256  0.12430512]
286,0,2,1,2,1,[-0.15996502 -0.396345   -0.22609568 -0.09298499  0.08112506 -0.20108195]
287,0,2,1,2,2,[-1.414215   -0.6317054   0.18862364  0.35776782  1.0608857  -0.6021657 ]
288,0,2,1,2,3,[-0.22632635  0.27774128  0.30079776  0.1019131  -0.5571725   0.30666503]
289,0,2,1,2,4,[-0.65099293  0.26610562  0.24526404  0.23742145  0.70926297  0.45386663]
290,0,2,1,3,0,[-0.62625533  0.32623434  0.18643536  0.1911435   0.16593805  0.2952048 ]
291,0,2,1,3,1,[ 0.05688776 -0.15577358 -0.5278496  -0.21613632 -0.05751508 -0.42254123]
292,0,2,1,3,2,[-1.2202504  -0.01941983  0.09471195  0.44638205  1.2105141  -0.2638655 ]
293,0,2,1,3,3,[-0.14158781  0.46914095  0.33943868  0.11772013 -0.61958086  0.4256912 ]
294,0,2,1,3,4,[-0.4817014   0.7362447   0.19460341  0.28989714  0.7988644   0.742232  ]
295,0,2,1,4,0,[-0.91097087  0.5900537   0.26738182  0.4061063   0.26962945  0.57395905]
296,0,2,1,4,1,[ 0.07085773 -0.15828264 -0.6984024  -0.11300309 -0.03233714 -0.3871764 ]
297,0,2,1,4,2,[-1.816652    0.12643547  0.14370166  0.7698215   1.80872    -0.1745739 ]
298,0,2,1,4,3,[-0.17603166  0.7630373   0.4556615   0.27169237 -0.9001345   0.66535   ]
299,0,2,1,4,4,[-0.7261144   1.1743327   0.28773907  0.51715934  1.1889696   1.2193956 ]
300,0,2,2,0,0,[-0.00111865  0.84790605  0.06732722  0.27633673  0.28961077  0.6116032 ]
301,0,2,2,0,1,[ 0.6539619   0.21586041 -0.81745934 -0.17066376 -0.06249147 -0.59579635]
302,0,2,2,0,2,[-0.31348848  0.8419526  -0.11085529  0.54992706  1.1929668   0.3243875 ]
303,0,2,2,0,3,[ 0.22628976  0.8383534   0.3761412   0.20469418 -0.28627834  0.8108817 ]
304,0,2,2,0,4,[0.11628935 1.2187455  0.06040111 0.37284666 0.829339   1.0111662 ]
305,0,2,2,1,0,[-1.6262561  -0.53690165  0.37575495  0.3559836   0.61447215 -0.06919504]
306,0,2,2,1,1,[-0.35682514 -1.5335103  -0.60298294 -0.08285069  0.37283254 -0.91396683]
307,0,2,2,1,2,[-3.180055   -2.387224    0.10356595  0.67579955  2.2562413  -2.2565196 ]
308,0,2,2,1,3,[-0.39444026  0.77630466  0.6249503   0.2285071  -0.8452582   0.9323386 ]
309,0,2,2,1,4,[-1.4682629  -0.04915742  0.35078755  0.46552843  1.6023467   0.41793248]
310,0,2,2,2,0,[-0.73695546  0.07174683  0.17307454  0.31950057  0.35655618  0.18082868]
311,0,2,2,2,1,[ 0.10394708 -0.6479884  -0.60611206 -0.02199296  0.11617164 -0.6701127 ]
312,0,2,2,2,2,[-1.5605332  -0.73356646 -0.02334578  0.57055295  1.46267    -0.8844744 ]
313,0,2,2,2,3,[-0.09715851  0.6416397   0.40621623  0.2204905  -0.53792864  0.68207675]
314,0,2,2,2,4,[-0.6209546   0.45114452  0.16393137  0.39652917  1.0252476   0.57534224]
315,0,2,2,3,0,[-0.45898902  0.6445014   0.13510264  0.39542085  0.4081427   0.5263951 ]
316,0,2,2,3,1,[ 0.5132177  -0.26751855 -0.97443306 -0.13665274  0.00260749 -0.8727902 ]
317,0,2,2,3,2,[-1.1912788   0.1556922  -0.11414474  0.73806185  1.7292001  -0.32185718]
318,0,2,2,3,3,[ 0.09988555  0.98394954  0.49942076  0.28777748 -0.5481957   0.9710621 ]
319,0,2,2,3,4,[-0.3069899   1.1430724   0.12770316  0.50723886  1.2044227   1.0578375 ]
320,0,2,2,4,0,[-0.7175932   1.0266664   0.18168996  0.72456     0.59680384  0.8943976 ]
321,0,2,2,4,1,[ 0.6806063  -0.376209   -1.3227361   0.06029585  0.04229052 -1.0178922 ]
322,0,2,2,4,2,[-1.8391831   0.35516286 -0.1618817   1.2167116   2.54664    -0.2549942 ]
323,0,2,2,4,3,[ 0.13339765  1.4861809   0.65522903  0.5231511  -0.8374632   1.4022382 ]
324,0,2,2,4,4,[-0.5205007   1.7453836   0.1869177   0.84979165  1.762107    1.6756175 ]
325,0,2,3,0,0,[0.07755947 0.9053355  0.07936438 0.39648882 0.32082772 0.6283501 ]
326,0,2,3,0,1,[ 0.7317916   0.25256005 -0.73584706  0.0463412   0.01007387 -0.5400099 ]
327,0,2,3,0,2,[-0.18848284  0.900257   -0.1061753   0.69864374  1.192259    0.32530057]
328,0,2,3,0,3,[ 0.2653207   0.9119581   0.40398335  0.2702931  -0.22103949  0.88663983]
329,0,2,3,0,4,[0.19291893 1.2580677  0.06842536 0.48296052 0.84122926 1.0088824 ]
330,0,2,3,1,0,[-1.6029184  -0.5116312   0.03323219  0.45021406  0.47061723 -0.5951294 ]
331,0,2,3,1,1,[-0.44614643 -1.6135767  -1.0758674   0.08815654  0.16427457 -1.7846256 ]
332,0,2,3,1,2,[-3.0892785  -2.3508751  -0.37438077  0.79556715  1.990636   -2.9606678 ]
333,0,2,3,1,3,[-0.3904677  0.8547987  0.5162722  0.2766999 -0.8122737  0.8110322]
334,0,2,3,1,4,[-1.4360224  -0.04335018  0.01739193  0.55273336  1.4333838  -0.108846  ]
335,0,2,3,2,0,[-0.70927787  0.09738739  0.0164049   0.3903331   0.29435983 -0.06896759]
336,0,2,3,2,1,[ 0.07212871 -0.6807621  -0.80027735  0.10950137  0.03536022 -1.0725082 ]
337,0,2,3,2,2,[-1.4854985  -0.7044174  -0.24306484  0.6610756   1.3321637  -1.2219464 ]
338,0,2,3,2,3,[-0.09037893  0.6997081   0.3616651   0.2554879  -0.5049823   0.641595  ]
339,0,2,3,2,4,[-0.58823365  0.46186906  0.01110143  0.462259    0.9454373   0.32046837]
340,0,2,3,3,0,[-0.39135155  0.69722944  0.04533617  0.5178606   0.38847268  0.37715048]
341,0,2,3,3,1,[ 0.54053897 -0.26630703 -1.040003    0.08759352 -0.00118975 -1.0930408 ]
342,0,2,3,3,2,[-1.0622879   0.21054266 -0.2476696   0.8916705   1.6445373  -0.53696054]
343,0,2,3,3,3,[ 0.12804686  1.0688304   0.49006283  0.35188735 -0.4844648   0.9942007 ]
344,0,2,3,3,4,[-0.23702087  1.174314    0.0378021   0.62005675  1.16073     0.8930122 ]
345,0,2,3,4,0,[-0.6279748   1.0811652   0.02824697  0.87707037  0.5454959   0.6234954 ]
346,0,2,3,4,1,[ 0.6987197  -0.40280372 -1.4702868   0.33387086 -0.00425541 -1.4412822 ]
347,0,2,3,4,2,[-1.6595742   0.40930197 -0.38222584  1.408231    2.3966422  -0.630698  ]
348,0,2,3,4,3,[ 0.1679025   1.5920948   0.6292876   0.60400045 -0.75903374  1.4030527 ]
349,0,2,3,4,4,[-0.42555326  1.7718889   0.03534679  0.9903767   1.678353    1.3876798 ]
350,0,2,4,0,0,[-0.04964705  0.6320145   0.02562452  0.1545481   0.19542028  0.4322852 ]
351,0,2,4,0,1,[ 0.4923108   0.07982816 -0.7846618  -0.28164765 -0.14983991 -0.6604412 ]
352,0,2,4,0,2,[-0.33889142  0.6095961  -0.11627161  0.36529854  0.9652312   0.18620469]
353,0,2,4,0,3,[ 0.16928206  0.63905334  0.28281632  0.13019666 -0.29171962  0.5983972 ]
354,0,2,4,0,4,[0.04874348 0.9530342  0.02515203 0.24106026 0.65947145 0.7806563 ]
355,0,2,4,1,0,[-1.3812739  -0.5806482   0.49462944  0.22757265  0.5414369   0.11461174]
356,0,2,4,1,1,[-0.26600266 -1.430255   -0.29314822 -0.19728044  0.32722142 -0.50113916]
357,0,2,4,1,2,[-2.7224565  -2.1765308   0.36236325  0.47713676  1.9795343  -1.6397682 ]
358,0,2,4,1,3,[-0.3289912   0.54268485  0.5673368   0.15559505 -0.75818104  0.77619344]
359,0,2,4,1,4,[-1.2553208  -0.15660296  0.47362196  0.3238331   1.386736    0.53061134]
360,0,2,4,2,0,[-0.6405026  -0.02656815  0.21378808  0.2127194   0.29453978  0.2017452 ]
361,0,2,4,2,1,[ 0.08744635 -0.64436275 -0.4510131  -0.11877508  0.06943591 -0.49931848]
362,0,2,4,2,2,[-1.3587484  -0.7275631   0.09382129  0.4086626   1.2545491  -0.6580655 ]
363,0,2,4,2,3,[-0.0850795   0.46636993  0.34875467  0.15707923 -0.49120766  0.5419464 ]
364,0,2,4,2,4,[-0.5468792   0.3019704   0.20773894  0.28072584  0.8669104   0.5402372 ]
365,0,2,4,3,0,[-0.43189353  0.43227687  0.13274273  0.24474777  0.3064475   0.4158064 ]
366,0,2,4,3,1,[ 0.392918   -0.3569352  -0.8534866  -0.27156064 -0.08338589 -0.80649984]
367,0,2,4,3,2,[-1.0822173  -0.00539943 -0.04412405  0.5101915   1.4428108  -0.27891558]
368,0,2,4,3,3,[ 0.0681574   0.73666656  0.4006351   0.19601575 -0.5202479   0.7392337 ]
369,0,2,4,3,4,[-0.30694467  0.8637055   0.13122705  0.3443682   0.98928034  0.87529516]
370,0,2,4,4,0,[-0.6632007   0.7140627   0.18934104  0.49808335  0.45874247  0.7359368 ]
371,0,2,4,4,1,[ 0.5305552  -0.4943161  -1.1421119  -0.14582689 -0.07079488 -0.9189577 ]
372,0,2,4,4,2,[-1.6566318   0.11300194 -0.0521842   0.88246274  2.1369376  -0.20078789]
373,0,2,4,4,3,[ 0.09482261  1.125308    0.52945805  0.38229513 -0.78292066  1.082877  ]
374,0,2,4,4,4,[-0.50294703  1.3347493   0.19923478  0.61006725  1.4564792   1.4081002 ]
375,0,3,0,0,0,[-0.11851948  0.41934603  0.03232137 -0.02787194  0.0358916   0.25854436]
376,0,3,0,0,1,[ 0.16186023  0.20187154 -0.4284052  -0.3627256  -0.19934216 -0.34883735]
377,0,3,0,0,2,[-0.30491298  0.5072315  -0.02323532  0.06095906  0.5115322   0.22442621]
378,0,3,0,0,3,[ 0.02543671  0.26137108  0.13986255  0.00995038 -0.2944298   0.17511107]
379,0,3,0,0,4,[-0.05861794  0.6178777   0.03491846  0.0267235   0.31753185  0.48123327]
380,0,3,0,1,0,[-0.83091474  0.12166294  0.4906458   0.03610911  0.33753094  0.62632114]
381,0,3,0,1,1,[-0.13829228  0.05807107  0.16562125 -0.27927288  0.2815198   0.701396  ]
382,0,3,0,1,2,[-1.5892483  -0.4836656   0.53298205  0.15767385  1.3035998   0.01416405]
383,0,3,0,1,3,[-0.2725741   0.2614698   0.35092127  0.03298343 -0.6243699   0.34492993]
384,0,3,0,1,4,[-0.75266594  0.38336876  0.48024777  0.0953794   0.85437036  0.8956777 ]
385,0,3,0,2,0,[-0.41087934  0.2265666   0.22786827  0.04308426  0.15707536  0.38951248]
386,0,3,0,2,1,[ 0.02339919  0.10755184 -0.09200676 -0.20698878  0.0459886   0.19490315]
387,0,3,0,2,2,[-0.8230639   0.00836696  0.2232594   0.13570617  0.7858679   0.12130758]
388,0,3,0,2,3,[-0.10924512  0.213371    0.20634374  0.04487803 -0.4122991   0.21047917]
389,0,3,0,2,4,[-0.35374796  0.42758778  0.22562528  0.08525378  0.5049492   0.6048956 ]
390,0,3,0,3,0,[-0.3340467   0.44275984  0.15480126  0.01211247  0.11707077  0.42066395]
391,0,3,0,3,1,[ 0.12943572  0.20673917 -0.37000543 -0.3797336  -0.12139165 -0.1379538 ]
392,0,3,0,3,2,[-0.7206417   0.37773174  0.11110525  0.13021511  0.8413143   0.23786381]
393,0,3,0,3,3,[-0.04588847  0.31904298  0.21933167  0.04071698 -0.46616197  0.24821538]
394,0,3,0,3,4,[-0.25817567  0.70751196  0.15642433  0.07451629  0.5312515   0.7127004 ]
395,0,3,0,4,0,[-0.49173543  0.74235916  0.23623446  0.11975509  0.19550477  0.74581385]
396,0,3,0,4,1,[ 0.19532326  0.39058936 -0.4547419  -0.3659344  -0.11709762  0.04358083]
397,0,3,0,4,2,[-1.0710697   0.68555915  0.18666086  0.30128604  1.2700375   0.5456624 ]
398,0,3,0,4,3,[-0.06773022  0.5225669   0.29356438  0.12010878 -0.6833022   0.39277577]
399,0,3,0,4,4,[-0.39239484  1.1203974   0.24496078  0.19239987  0.79937005  1.1702462 ]
400,0,3,1,0,0,[-0.04973982  0.37140116  0.00255014 -0.08214409  0.05196973  0.24079783]
401,0,3,1,0,1,[ 0.22055721  0.08694591 -0.5312544  -0.47457632 -0.24911658 -0.51233494]
402,0,3,1,0,2,[-0.24482358  0.42594108 -0.06291286 -0.02784374  0.49123454  0.18617147]
403,0,3,1,0,3,[ 0.09723274  0.2741945   0.12428912  0.00218864 -0.2432723   0.20973471]
404,0,3,1,0,4,[-0.01074733  0.55022687  0.00307366 -0.03267     0.30941182  0.43739653]
405,0,3,1,1,0,[-0.6327041   0.053255    0.6253788  -0.02239589  0.43084022  0.8724178 ]
406,0,3,1,1,1,[ 0.10156859 -0.15652868  0.30938366 -0.38829586  0.3077237   0.8486437 ]
407,0,3,1,1,2,[-1.3526179  -0.5554114   0.72330666  0.06134067  1.366846    0.38780034]
408,0,3,1,1,3,[-0.13700464  0.27254742  0.3920477   0.02177252 -0.51331246  0.49043283]
409,0,3,1,1,4,[-0.5857251   0.2901575   0.60674775  0.03173974  0.9052261   1.0999817 ]
410,0,3,1,2,0,[-0.2936793   0.17169668  0.27713677  0.00105646  0.20587862  0.49071062]
411,0,3,1,2,1,[ 0.15853004 -0.04019707 -0.06561807 -0.28865758  0.04035665  0.19742961]
412,0,3,1,2,2,[-0.69222355 -0.06377092  0.29267737  0.06469942  0.8062967   0.2682322 ]
413,0,3,1,2,3,[-0.01985618  0.22037202  0.21972804  0.03931949 -0.34203255  0.2892085 ]
414,0,3,1,2,4,[-0.2588047   0.35401517  0.27005658  0.03873806  0.5250189   0.67664224]
415,0,3,1,3,0,[-0.21439259  0.3717007   0.16281864 -0.05200693  0.15729289  0.46649596]
416,0,3,1,3,1,[ 0.2538064   0.03057175 -0.42791417 -0.5077845  -0.16105895 -0.25583404]
417,0,3,1,3,2,[-0.59884316  0.27127063  0.12394467  0.0242655   0.8380859   0.2956109 ]
418,0,3,1,3,3,[ 0.05862125  0.33021557  0.21595286  0.03121682 -0.3878554   0.31873262]
419,0,3,1,3,4,[-0.16671963  0.61129177  0.16002598  0.00422988  0.5368735   0.72221375]
420,0,3,1,4,0,[-0.33180773  0.6198005   0.25367394  0.03180338  0.25072423  0.80632895]
421,0,3,1,4,1,[ 0.37186006  0.11724979 -0.51731205 -0.52580214 -0.16719455 -0.10680073]
422,0,3,1,4,2,[-0.90674067  0.50726175  0.2126593   0.15910402  1.2637836   0.62281495]
423,0,3,1,4,3,[ 0.06662575  0.5228949   0.2890243   0.10007222 -0.5779074   0.48241562]
424,0,3,1,4,4,[-0.26958087  0.96391743  0.25597814  0.0978423   0.8062189   1.1803994 ]
425,0,3,2,0,0,[ 0.13100287  0.6263145   0.0053481  -0.0265238   0.19198623  0.45916873]
426,0,3,2,0,1,[ 0.52753174  0.15750334 -0.7559837  -0.55314314 -0.24426325 -0.70946765]
427,0,3,2,0,2,[-0.11431538  0.68577904 -0.1353245   0.04415125  0.7510385   0.33018905]
428,0,3,2,0,3,[ 0.2944147   0.54698396  0.22769834  0.08658336 -0.17300493  0.5253862 ]
429,0,3,2,0,4,[ 0.15686134  0.8388094  -0.00948032  0.02572175  0.50924295  0.6788264 ]
430,0,3,2,1,0,[-0.6248848   0.2174762   0.63762057  0.04764894  0.67003095  1.1177402 ]
431,0,3,2,1,1,[ 0.39752597 -0.2735589   0.05691496 -0.43573597  0.39576647  0.66730696]
432,0,3,2,1,2,[-1.5601127  -0.60943365  0.61271447  0.15853958  1.8502538   0.33526394]
433,0,3,2,1,3,[-0.01460258  0.6239732   0.51283747  0.10165703 -0.5038238   0.8916856 ]
434,0,3,2,1,4,[-0.5879181   0.4973583   0.59887207  0.10888868  1.2689986   1.3737866 ]
435,0,3,2,2,0,[-0.2206463   0.33354473  0.2844131   0.06951843  0.36174807  0.6810228 ]
436,0,3,2,2,1,[ 0.41747755 -0.08251578 -0.2598228  -0.3125615   0.07934343  0.04065813]
437,0,3,2,2,2,[-0.7352567   0.00398403  0.21628554  0.15426844  1.121825    0.30048746]
438,0,3,2,2,3,[ 0.10775642  0.47255778  0.31166708  0.11649449 -0.321279    0.57947326]
439,0,3,2,2,4,[-0.19477524  0.55189615  0.26314074  0.10986649  0.7632638   0.8929451 ]
440,0,3,2,3,0,[-0.04444493  0.6463635   0.16667932  0.02935236  0.34745178  0.73106784]
441,0,3,2,3,1,[ 0.6269755   0.04400207 -0.70821816 -0.578015   -0.13946408 -0.50134325]
442,0,3,2,3,2,[-0.5363611   0.49196747  0.02333142  0.12981442  1.2115647   0.4116151 ]
443,0,3,2,3,3,[ 0.27377912  0.67379683  0.34234464  0.13810802 -0.3304593   0.7124257 ]
444,0,3,2,3,4,[-0.01136861  0.93308246  0.14500476  0.08896063  0.8211027   1.0210037 ]
445,0,3,2,4,0,[-0.12786746  1.0090077   0.2610825   0.17371517  0.51347965  1.2028979 ]
446,0,3,2,4,1,[ 0.88173115  0.12022472 -0.8799267  -0.55465394 -0.12709256 -0.38341603]
447,0,3,2,4,2,[-0.86286587  0.8232693   0.08018982  0.34697816  1.8041337   0.83063835]
448,0,3,2,4,3,[ 0.3325921  1.004805   0.4487696  0.2516477 -0.5278697  1.0143725]
449,0,3,2,4,4,[-0.08141785  1.426236    0.24183024  0.24412876  1.2130563   1.6375653 ]
450,0,3,3,0,0,[0.18839057 0.7109951  0.05593566 0.08193087 0.23670867 0.5384403 ]
451,0,3,3,0,1,[ 0.58853686  0.26603606 -0.6018556  -0.34746307 -0.13104358 -0.5119757 ]
452,0,3,3,0,2,[-0.0105549   0.78800553 -0.07670806  0.18405166  0.780425    0.42294475]
453,0,3,3,0,3,[ 0.31254897  0.6175561   0.27017352  0.1382469  -0.11494254  0.6112885 ]
454,0,3,3,0,4,[0.21740638 0.9104364  0.03659701 0.12760639 0.5400377  0.74385047]
455,0,3,3,1,0,[-0.61360717  0.3300229   0.39653093  0.14013584  0.58519167  0.77490824]
456,0,3,3,1,1,[ 0.3131681  -0.16110967 -0.23888385 -0.2620817   0.31019622  0.1629081 ]
457,0,3,3,1,2,[-1.484729   -0.4584724   0.27021027  0.28128558  1.677597   -0.13203368]
458,0,3,3,1,3,[-0.02187636  0.72631145  0.4526155   0.14315973 -0.4587828   0.84189796]
459,0,3,3,1,4,[-0.564017    0.59328234  0.36265782  0.19668975  1.1642959   1.028509  ]
460,0,3,3,2,0,[-0.20441031  0.41249278  0.18985052  0.13665394  0.33339873  0.5428462 ]
461,0,3,3,2,1,[ 0.384094    0.0039077  -0.34396768 -0.1822936   0.07236786 -0.13515075]
462,0,3,3,2,2,[-0.67291766  0.10610501  0.08019786  0.24441713  1.0471736   0.11127612]
463,0,3,3,2,3,[ 0.10335251  0.54265565  0.29567534  0.14451925 -0.2839517   0.57868385]
464,0,3,3,2,4,[-0.17016618  0.61881185  0.17014106  0.17400889  0.7214843   0.75028086]
465,0,3,3,3,0,[0.00213012 0.7526522  0.14299995 0.14203861 0.35907692 0.69684565]
466,0,3,3,3,1,[ 0.6426189   0.17116764 -0.65388393 -0.36157307 -0.06797409 -0.47923768]
467,0,3,3,3,2,[-0.4291141   0.62455755 -0.01985966  0.27777597  1.1835436   0.35519168]
468,0,3,3,3,3,[ 0.28122437  0.765099    0.36132115  0.18878254 -0.26826775  0.76877105]
469,0,3,3,3,4,[0.04305663 1.0230197  0.11937902 0.19562533 0.8149276  0.9746571 ]
470,0,3,3,4,0,[-0.05557721  1.155638    0.21122558  0.32216388  0.51814425  1.1219403 ]
471,0,3,3,4,1,[ 0.8992549   0.29491225 -0.84271437 -0.27982944 -0.05094426 -0.42446038]
472,0,3,3,4,2,"[-7.0097989e-01  1.0067180e+00 -3.7994361e-04  5.4078192e-01
  1.7477268e+00  7.1133167e-01]"
473,0,3,3,4,3,[ 0.34888858  1.1313726   0.4697874   0.32198    -0.4424332   1.0815843 ]
474,0,3,3,4,4,[0.00192878 1.5503103  0.19026    0.38411543 1.1926198  1.5414865 ]
475,0,3,4,0,0,[ 0.07615673  0.45977104 -0.03716138 -0.09529284  0.11896539  0.30780086]
476,0,3,4,0,1,[ 0.40109     0.03813633 -0.7527829  -0.5975487  -0.30154517 -0.76956755]
477,0,3,4,0,2,[-0.1527808   0.4942849  -0.15207574 -0.05584142  0.5949629   0.19477874]
478,0,3,4,0,3,[ 0.23694119  0.4107391   0.1543499   0.03586576 -0.18617128  0.37025294]
479,0,3,4,0,4,[ 0.09596336  0.6448502  -0.04409793 -0.04700356  0.39338738  0.50260496]
480,0,3,4,1,0,[-0.51635057  0.07512834  0.6858724  -0.02974788  0.59040964  1.105829  ]
481,0,3,4,1,1,[ 0.38929227 -0.36911473  0.21145886 -0.4920696   0.3354617   0.77655417]
482,0,3,4,1,2,[-1.3268973  -0.65126216  0.7510439   0.04272038  1.6312081   0.5380033 ]
483,0,3,4,1,3,[ 0.00337609  0.44091797  0.46032658  0.05185728 -0.45658398  0.75276405]
484,0,3,4,1,4,[-0.4936365   0.32060644  0.6544389   0.02523541  1.104573    1.3258297 ]
485,0,3,4,2,0,[-0.19116476  0.20733015  0.2897927   0.0047312   0.30146965  0.6188442 ]
486,0,3,4,2,1,[ 0.36538896 -0.16694897 -0.190751   -0.36066112  0.03315582  0.06739689]
487,0,3,4,2,2,[-0.643526   -0.08935523  0.27113065  0.05988557  0.9645777   0.3365701 ]
488,0,3,4,2,3,[ 0.09642655  0.3416239   0.26176888  0.07242531 -0.2991058   0.4638664 ]
489,0,3,4,2,4,[-0.1744938   0.39779755  0.2741924   0.04130002  0.6464511   0.80234087]
490,0,3,4,3,0,[-0.06402042  0.45163745  0.14065593 -0.0586364   0.2606111   0.58741444]
491,0,3,4,3,1,[ 0.50749457 -0.08940464 -0.6630354  -0.63759714 -0.20575212 -0.52407634]
492,0,3,4,3,2,[-0.50578547  0.29891166  0.0455336   0.00206437  1.006005    0.33814973]
493,0,3,4,3,3,[ 0.22700474  0.49790305  0.26119396  0.07512947 -0.32411242  0.5345317 ]
494,0,3,4,3,4,[-0.04086562  0.7013821   0.1276955  -0.00393928  0.6687241   0.8414199 ]
495,0,3,4,4,0,[-0.14296733  0.7201863   0.22741318  0.03876989  0.3933264   0.9877766 ]
496,0,3,4,4,1,[ 0.7228455  -0.07475923 -0.82024485 -0.65847176 -0.2208252  -0.437299  ]
497,0,3,4,4,2,[-0.8022804   0.53199196  0.11187657  0.15331545  1.5072131   0.7044165 ]
498,0,3,4,4,3,[ 0.27735236  0.7488269   0.34377176  0.15884097 -0.5064209   0.76987416]
499,0,3,4,4,4,[-0.11134057  1.0828753   0.21775712  0.10365082  0.99503624  1.3660151 ]
500,0,4,0,0,0,[-0.15157244  0.26226375 -0.09033409 -0.0919086  -0.04635783 -0.00211115]
501,0,4,0,0,1,[ 0.13838951  0.07598981 -0.64270216 -0.48305288 -0.2926907  -0.6666713 ]
502,0,4,0,0,2,[-0.38812733  0.27386665 -0.19265336 -0.03198564  0.42119882 -0.16518047]
503,0,4,0,0,3,[ 0.02486607  0.15687071  0.07482757 -0.00948134 -0.39781198  0.01090999]
504,0,4,0,0,4,[-0.10256423  0.459773   -0.08464437 -0.03798366  0.24796847  0.22287257]
505,0,4,0,1,0,[-0.91782695 -0.12615718  0.31705856 -0.04284455  0.2315656   0.30652538]
506,0,4,0,1,1,[-0.16388705 -0.0863528  -0.1003311  -0.40699756  0.21680216  0.46888185]
507,0,4,0,1,2,[-1.7598844  -0.851141    0.29670936  0.04885573  1.2112443  -0.4897976 ]
508,0,4,0,1,3,[-0.32818168  0.06664509  0.22943401 -0.0038564  -0.82710475  0.06797483]
509,0,4,0,1,4,[-0.84876347  0.13578473  0.31427014  0.01837178  0.77605015  0.57903653]
510,0,4,0,2,0,[-0.46547168  0.04111084  0.09954368 -0.01560687  0.06924718  0.12847991]
511,0,4,0,2,1,[ 0.00180131 -0.02187667 -0.29704434 -0.30645835 -0.02764675 -0.0506747 ]
512,0,4,0,2,2,[-0.93445927 -0.2627917   0.0486661   0.05316005  0.70088774 -0.2743188 ]
513,0,4,0,2,3,[-0.13853303  0.07455265  0.1235172   0.02073536 -0.55250233  0.00731133]
514,0,4,0,2,4,[-0.41603905  0.24329703  0.10240694  0.02727377  0.43593067  0.34845915]
515,0,4,0,3,0,[-0.39552298  0.20970285 -0.01477982 -0.07361976 -0.00106254  0.06288531]
516,0,4,0,3,1,[ 0.09351242  0.02742135 -0.6533467  -0.5324598  -0.24055642 -0.5317882 ]
517,0,4,0,3,2,[-0.8529876   0.03659428 -0.12052672  0.00875037  0.7186328  -0.2958008 ]
518,0,4,0,3,3,[-0.06812599  0.15397613  0.11946635  0.00894343 -0.6305276  -0.00260143]
519,0,4,0,3,4,[-0.33148763  0.47528914 -0.00737393 -0.01074376  0.43447542  0.3608706 ]
520,0,4,0,4,0,[-0.584089    0.3813955  -0.00097832  0.01674802  0.01455828  0.21973109]
521,0,4,0,4,1,[ 0.15790734  0.11521716 -0.8371896  -0.5348797  -0.28521985 -0.4985176 ]
522,0,4,0,4,2,[-1.2613559   0.16585992 -0.13489845  0.15594147  1.0869756  -0.22819884]
523,0,4,0,4,3,[-0.11392804  0.2596493   0.14617002  0.07747354 -0.94096196  0.00344486]
524,0,4,0,4,4,[-0.4991526   0.7641766   0.01704679  0.09048907  0.65318966  0.6577601 ]
525,0,4,1,0,0,[-0.09169848  0.20008872 -0.1430987  -0.15393543 -0.04233592 -0.0542342 ]
526,0,4,1,0,1,[ 0.18321794 -0.07439213 -0.78860974 -0.61261994 -0.37247822 -0.90693164]
527,0,4,1,0,2,[-0.34418517  0.17521401 -0.2650493  -0.13151321  0.38596863 -0.24844658]
528,0,4,1,0,3,[ 0.09682948  0.16415356  0.04999784 -0.01925569 -0.35091016  0.0321593 ]
529,0,4,1,0,4,[-0.06464228  0.37883362 -0.13923784 -0.10506683  0.22835949  0.1457302 ]
530,0,4,1,1,0,[-0.7360422  -0.2260652   0.4204725  -0.10754596  0.30446452  0.49996194]
531,0,4,1,1,1,[ 0.05800321 -0.36955652 -0.01349706 -0.53099704  0.19489604  0.50190264]
532,0,4,1,1,2,[-1.5526742  -0.9615729   0.44188902 -0.05628838  1.2518679  -0.18226574]
533,0,4,1,1,3,[-0.194986    0.06250118  0.25637683 -0.01615058 -0.7273271   0.18755493]
534,0,4,1,1,4,[-0.6998485   0.01343807  0.40968934 -0.05154013  0.8085249   0.73335207]
535,0,4,1,2,0,[-0.35859022 -0.03302453  0.12585202 -0.06240287  0.10452307  0.19342715]
536,0,4,1,2,1,[ 0.12448423 -0.21372533 -0.31277964 -0.39997002 -0.06604616 -0.12813492]
537,0,4,1,2,2,[-0.82252663 -0.3584061   0.08499995 -0.02474284  0.70574635 -0.17370905]
538,0,4,1,2,3,[-0.04979924  0.07276145  0.12706164  0.01452549 -0.48868403  0.06976919]
539,0,4,1,2,4,[-0.33259574  0.1518865   0.12403207 -0.02411125  0.4435711   0.3854557 ]
540,0,4,1,3,0,[-0.28867644  0.11676314 -0.03753387 -0.146285    0.02215852  0.06171519]
541,0,4,1,3,1,[ 0.20020097 -0.20100409 -0.76821136 -0.68052286 -0.32188123 -0.75383466]
542,0,4,1,3,2,[-0.75442976 -0.0965011  -0.15168779 -0.10917123  0.6950837  -0.29883283]
543,0,4,1,3,3,[ 0.0359809   0.15580878  0.10328386 -0.00247884 -0.55927205  0.04822791]
544,0,4,1,3,4,[-0.2542885   0.35872453 -0.03425297 -0.089578    0.42418197  0.32509488]
545,0,4,1,4,0,[-0.44160724  0.229702   -0.0262431  -0.07963115  0.04704878  0.21761331]
546,0,4,1,4,1,[ 0.31233394 -0.22965257 -0.97766256 -0.71555954 -0.39173147 -0.78873533]
547,0,4,1,4,2,[-1.1291224  -0.0474414  -0.1703868   0.00162545  1.0538603  -0.23199536]
548,0,4,1,4,3,[ 0.01986775  0.24755096  0.12385399  0.05620226 -0.8450639   0.06691454]
549,0,4,1,4,4,[-0.3958665   0.580709   -0.0143492  -0.01265488  0.63881296  0.6074922 ]
550,0,4,2,0,0,[ 0.07701417  0.38058186 -0.1917107  -0.12577072  0.05868178  0.05002845]
551,0,4,2,0,1,[ 0.48081458 -0.09201462 -1.1086942  -0.75268865 -0.42698154 -1.280008  ]
552,0,4,2,0,2,[-0.25109586  0.33195776 -0.41596106 -0.10062951  0.6042875  -0.27137318]
553,0,4,2,0,3,[ 0.3007639  0.3878124  0.1331115  0.0609946 -0.3243549  0.2817404]
554,0,4,2,0,4,[ 0.08458741  0.5942052  -0.20414437 -0.07521884  0.39497298  0.27386937]
555,0,4,2,1,0,[-0.777949   -0.19225967  0.3535662  -0.06768265  0.48103386  0.58750856]
556,0,4,2,1,1,[ 0.334103   -0.6158015  -0.3865585  -0.63708735  0.21412982  0.14530975]
557,0,4,2,1,2,"[-1.8553498e+00 -1.1912229e+00  2.0970596e-01 -1.2731033e-03
  1.6829866e+00 -4.6630156e-01]"
558,0,4,2,1,3,[-0.09981551  0.30898     0.3320243   0.05306128 -0.81896174  0.45539978]
559,0,4,2,1,4,[-0.7563849   0.09550858  0.32254767 -0.00447755  1.1253294   0.8543265 ]
560,0,4,2,2,0,[-0.31350693  0.03613247  0.07686727 -0.016719    0.21357895  0.26296118]
561,0,4,2,2,1,[ 0.37112454 -0.35457546 -0.5983943  -0.4707218  -0.08439799 -0.43744397]
562,0,4,2,2,2,[-0.9233066  -0.41504404 -0.07690587  0.03197388  0.9783526  -0.31549188]
563,0,4,2,2,3,[ 0.06618972  0.2539136   0.18953429  0.0855169  -0.5344097   0.2680514 ]
564,0,4,2,2,4,[-0.3006894   0.2606719   0.06068979  0.02388422  0.6449717   0.48462608]
565,0,4,2,3,0,[-0.14675482  0.27827108 -0.10650353 -0.10063107  0.15304439  0.16541578]
566,0,4,2,3,1,[ 0.55605674 -0.31544083 -1.1748786  -0.8264458  -0.38140103 -1.2259054 ]
567,0,4,2,3,2,[-0.7563896  -0.02914658 -0.36244127 -0.0554594   1.0097054  -0.4143623 ]
568,0,4,2,3,3,[ 0.24669217  0.41820207  0.19567572  0.0959534  -0.5761614   0.3338881 ]
569,0,4,2,3,4,[-0.13367975  0.5708584  -0.12261652 -0.0412598   0.65975964  0.4666216 ]
570,0,4,2,4,0,[-0.27798066  0.4496814  -0.11810513  0.02521734  0.22181423  0.38752246]
571,0,4,2,4,1,[ 0.8088186  -0.41037485 -1.5053504  -0.8199985  -0.4620706  -1.3624622 ]
572,0,4,2,4,2,[-1.1745427   0.04296676 -0.45232275  0.13530706  1.5103111  -0.34520012]
573,0,4,2,4,3,[ 0.2722395   0.6025459   0.23321675  0.1985872  -0.9113123   0.43318874]
574,0,4,2,4,4,[-0.25617436  0.8805103  -0.12796754  0.09564947  0.9748748   0.84548205]
575,0,4,3,0,0,[ 0.16416624  0.50180143 -0.08474635 -0.00302778  0.1358708   0.22318354]
576,0,4,3,0,1,[ 0.57998466  0.06738222 -0.8626493  -0.52236325 -0.26111692 -0.9387058 ]
577,0,4,3,0,2,[-0.10283026  0.48347872 -0.28240162  0.05781236  0.6730566  -0.05213646]
578,0,4,3,0,3,[ 0.33291787  0.47960547  0.20654538  0.1201362  -0.24293841  0.42099562]
579,0,4,3,0,4,[ 0.17475763  0.7004685  -0.10447586  0.04013158  0.4550779   0.42806196]
580,0,4,3,1,0,[-0.7151319  -0.01302702  0.20198855  0.03983986  0.4474291   0.39704028]
581,0,4,3,1,1,[ 0.30882996 -0.4118928  -0.5415166  -0.43852454  0.20940484 -0.13637231]
582,0,4,3,1,2,[-1.7000281  -0.9472828  -0.01270426  0.14146577  1.5714797  -0.7240715 ]
583,0,4,3,1,3,[-0.08329589  0.44775465  0.323361    0.10225467 -0.73330253  0.49452272]
584,0,4,3,1,4,[-0.6804655   0.2555468   0.17157945  0.09760148  1.0662836   0.6546065 ]
585,0,4,3,2,0,[-0.2641448   0.15896225  0.04386327  0.06060409  0.22010092  0.22846371]
586,0,4,3,2,1,[ 0.37643903 -0.2076879  -0.5845705  -0.3231658  -0.03586082 -0.45950985]
587,0,4,3,2,2,[-0.8094537  -0.2522302  -0.1303383   0.13587558  0.94566095 -0.36245927]
588,0,4,3,2,3,[ 0.07673093  0.34834412  0.20812616  0.11846714 -0.4703417   0.32677633]
589,0,4,3,2,4,[-0.24258375  0.3696335   0.02638794  0.09777761  0.6344196   0.44099903]
590,0,4,3,3,0,[-0.05914754  0.4371881  -0.05238821  0.02791011  0.20890245  0.2611282 ]
591,0,4,3,3,1,[ 0.62179184 -0.1154194  -0.9952412  -0.58284295 -0.23884685 -1.0079901 ]
592,0,4,3,3,2,[-0.58641016  0.17545553 -0.30164394  0.11345839  1.035167   -0.29401085]
593,0,4,3,3,3,[ 0.27298075  0.5393112   0.25778386  0.15463354 -0.48113582  0.46431285]
594,0,4,3,3,4,[-0.03804639  0.71098644 -0.07417019  0.08045486  0.6933698   0.54406124]
595,0,4,3,4,0,[-0.14443335  0.6737275  -0.055388    0.19723324  0.29102233  0.49647853]
596,0,4,3,4,1,[ 0.90029246 -0.1281983  -1.2885231  -0.5064241  -0.2830628  -1.119661  ]
597,0,4,3,4,2,[-0.9194405   0.3324426  -0.3821383   0.3598658   1.5318727  -0.20583999]
598,0,4,3,4,3,[ 0.31719285  0.7727218   0.3167744   0.2815438  -0.7777236   0.60885954]
599,0,4,3,4,4,[-0.11148918  1.0784649  -0.07230438  0.2578344   1.0124409   0.93033814]
600,0,4,4,0,0,[ 0.02178805  0.2410936  -0.22643569 -0.18636073 -0.00397871 -0.07093392]
601,0,4,4,0,1,[ 0.34925565 -0.19092171 -1.0909055  -0.77868915 -0.47607067 -1.3082712 ]
602,0,4,4,0,2,[-0.28232053  0.17907418 -0.41846338 -0.18770094  0.4575067  -0.35872024]
603,0,4,4,0,3,[ 0.2397071   0.272195    0.06216413  0.01075486 -0.31930992  0.14871335]
604,0,4,4,0,4,[ 0.02578688  0.42724282 -0.23014536 -0.1391467   0.28704295  0.12846556]
605,0,4,4,1,0,[-0.656283   -0.29114962  0.4155684  -0.13461095  0.41737157  0.6126669 ]
606,0,4,4,1,1,[ 0.322925   -0.6918677  -0.21785666 -0.6747545   0.153823    0.25741854]
607,0,4,4,1,2,[-1.595468   -1.1730554   0.37258902 -0.10252549  1.4725019  -0.20197432]
608,0,4,4,1,3,[-0.07025297  0.16829163  0.28965408  0.00756422 -0.72990507  0.36260954]
609,0,4,4,1,4,[-0.6477654  -0.03909511  0.39244014 -0.07772494  0.97047544  0.8428191 ]
610,0,4,4,2,0,[-0.27739608 -0.05719941  0.09186529 -0.07360139  0.16650486  0.2325303 ]
611,0,4,4,2,1,[ 0.31636882 -0.41889068 -0.51703864 -0.5037061  -0.12536182 -0.39351794]
612,0,4,4,2,2,[-0.8161004  -0.46332178 -0.00532116 -0.05099026  0.83049256 -0.22989859]
613,0,4,4,2,3,[ 0.05995194  0.1525501   0.14588109  0.04391204 -0.4841484   0.18534812]
614,0,4,4,2,4,[-0.2725049   0.13846225  0.08178663 -0.03664549  0.5371608   0.42503318]
615,0,4,4,3,0,[-0.16145171  0.12465075 -0.12041074 -0.17689846  0.08299863  0.06549467]
616,0,4,4,3,1,[ 0.4327634  -0.41960198 -1.1108508  -0.8621221  -0.43691084 -1.2117878 ]
617,0,4,4,3,2,[-0.71004826 -0.1651866  -0.31917366 -0.16584289  0.81793755 -0.4204568 ]
618,0,4,4,3,3,[ 0.2014869   0.2764439   0.12070286  0.03563901 -0.5384682   0.19410092]
619,0,4,4,3,4,[-0.15591553  0.37940112 -0.12707493 -0.12205225  0.5196825   0.3302312 ]
620,0,4,4,4,0,[-0.2855238   0.22456989 -0.13612671 -0.09759988  0.12822935  0.23593754]
621,0,4,4,4,1,[ 0.6407358  -0.56125647 -1.4243286  -0.9009918  -0.5412391  -1.3715942 ]
622,0,4,4,4,2,[-1.0922192  -0.16189218 -0.39366838 -0.0403588   1.2342703  -0.37667948]
623,0,4,4,4,3,[ 0.22279745  0.40131104  0.13821249  0.10903803 -0.8397006   0.24988444]
624,0,4,4,4,4,[-0.27585167  0.5987394  -0.13566616 -0.03228208  0.7759532   0.6353684 ]
625,1,0,0,0,0,[-0.06022964  0.4535465   0.05702536  0.05137191  0.06257869  0.32860622]
626,1,0,0,0,1,[ 0.43603405  0.39347208 -0.4736274  -0.30038115 -0.04757184 -0.11817157]
627,1,0,0,0,2,[-0.29457587  0.5444837  -0.0544849   0.18464163  0.69532245  0.22003838]
628,1,0,0,0,3,[ 0.09768066  0.25672942  0.22925235  0.06948788 -0.41638786  0.24908774]
629,1,0,0,0,4,[0.00876109 0.7207882  0.04448608 0.118223   0.4363506  0.60377574]
630,1,0,0,1,0,[-1.0971205  -0.24561554  0.50896305  0.11121651  0.31191975  0.41493592]
631,1,0,0,1,1,[-0.06392301 -0.07131558  0.15427975 -0.21323267  0.51183337  0.9427983 ]
632,1,0,0,1,2,[-2.1130881  -1.1294807   0.46125242  0.27178842  1.5499651  -0.58677566]
633,1,0,0,1,3,[-0.36169893  0.04570144  0.4308202   0.08955714 -0.9723371   0.23889168]
634,1,0,0,1,4,[-1.002831    0.11910751  0.48039022  0.18169454  1.0014902   0.7588135 ]
635,1,0,0,2,0,[-0.51263934  0.058465    0.23964731  0.1179516   0.1452631   0.30227718]
636,1,0,0,2,1,[ 0.15984377  0.10156055 -0.11769556 -0.13747573  0.19978394  0.37451196]
637,1,0,0,2,2,[-1.0635508  -0.28565928  0.1708984   0.24394873  0.95794934 -0.17313838]
638,1,0,0,2,3,[-0.12317096  0.10205192  0.27149612  0.10247236 -0.6279076   0.17461264]
639,1,0,0,2,4,[-0.4460183   0.33432522  0.22411183  0.16714203  0.6085726   0.57395554]
640,1,0,0,3,0,[-0.36080906  0.35689244  0.17266828  0.11175586  0.12215432  0.40282494]
641,1,0,0,3,1,[ 0.39778772  0.32570666 -0.42604667 -0.2985922   0.07116795  0.11494421]
642,1,0,0,3,2,[-0.869738    0.21474561  0.04872589  0.27947447  1.0694271   0.0370338 ]
643,1,0,0,3,3,[-0.00543498  0.24387309  0.31709144  0.11825085 -0.68988574  0.2689204 ]
644,1,0,0,3,4,[-0.27341595  0.7162361   0.1562216   0.18627357  0.672845    0.7674364 ]
645,1,0,0,4,0,[-0.5637695   0.6025306   0.24510342  0.28403202  0.18968904  0.69547826]
646,1,0,0,4,1,[ 0.5350276   0.5262509  -0.52916414 -0.21381748  0.15335284  0.40409026]
647,1,0,0,4,2,[-1.3467485   0.41768327  0.07856896  0.52853507  1.5843121   0.21667787]
648,1,0,0,4,3,[-0.01849851  0.41518426  0.41057432  0.25195125 -1.0224069   0.39945436]
649,1,0,0,4,4,[-0.45572364  1.1109021   0.23129395  0.36445674  0.99001235  1.22194   ]
650,1,0,1,0,0,[ 0.03031811  0.40426204  0.0113966  -0.01361196  0.09463767  0.3061605 ]
651,1,0,1,0,1,[ 0.51176447  0.2469428  -0.6120036  -0.44178805 -0.104569   -0.34018663]
652,1,0,1,0,2,[-0.22578958  0.45037466 -0.1267645   0.07296876  0.67672443  0.15275985]
653,1,0,1,0,3,[ 0.20352082  0.28791723  0.21700585  0.06704239 -0.33519563  0.31511116]
654,1,0,1,0,4,[ 0.06781784  0.6427442  -0.00745213  0.04465003  0.43344176  0.5403516 ]
655,1,0,1,1,0,[-0.84806067 -0.31787494  0.65958804  0.04103591  0.44179675  0.7104891 ]
656,1,0,1,1,1,[ 0.23795708 -0.3477471   0.31637895 -0.3489389   0.548453    1.0883249 ]
657,1,0,1,1,2,[-1.8325967  -1.2090104   0.6558154   0.15106522  1.6348556  -0.16278096]
658,1,0,1,1,3,[-0.17424786  0.07767487  0.49173427  0.08216549 -0.8133885   0.44577295]
659,1,0,1,1,4,[-0.7997477   0.01097721  0.6146367   0.10315223  1.0724331   0.99096376]
660,1,0,1,2,0,"[-3.6364093e-01  1.0731290e-04  2.9023874e-01  6.8849310e-02
  2.1719399e-01  4.2392293e-01]"
661,1,0,1,2,1,[ 0.33149108 -0.08749334 -0.09551515 -0.23786753  0.1973308   0.35537735]
662,1,0,1,2,2,[-0.90913594 -0.3678061   0.22942846  0.15613616  0.98925114 -0.01556617]
663,1,0,1,2,3,[ 0.00282029  0.12449542  0.2956507   0.10170438 -0.52433264  0.29328716]
664,1,0,1,2,4,[-0.3299503   0.2489743   0.2643824   0.11071836  0.64017737  0.6505283 ]
665,1,0,1,3,0,[-0.20702165  0.281602    0.16964416  0.03547129  0.18725505  0.45628694]
666,1,0,1,3,1,[ 0.5561913   0.10055993 -0.5122907  -0.458852    0.02779241 -0.05906057]
667,1,0,1,3,2,[-0.72809166  0.09178911  0.0309177   0.14699575  1.0734516   0.07886004]
668,1,0,1,3,3,[ 0.14473334  0.2764764   0.32231265  0.11489467 -0.570574    0.38485053]
669,1,0,1,3,4,[-0.16166288  0.604479    0.14245106  0.09979326  0.6887593   0.76469284]
670,1,0,1,4,0,[-0.36246058  0.46849015  0.24737824  0.17862758  0.27868503  0.7637909 ]
671,1,0,1,4,1,[ 0.756665    0.17920859 -0.62570995 -0.41208842  0.10026061  0.180791  ]
672,1,0,1,4,2,[-1.1612169   0.21092089  0.0608826   0.35083663  1.587639    0.2685656 ]
673,1,0,1,4,3,[ 0.17274319  0.43977657  0.41799498  0.2364616  -0.86248595  0.5476618 ]
674,1,0,1,4,4,[-0.3094651   0.9282332   0.21799369  0.24802706  1.0107976   1.2128159 ]
675,1,0,2,0,0,[0.3411928  0.7330042  0.03832236 0.11731184 0.3065523  0.63843966]
676,1,0,2,0,1,[ 1.0479934   0.41229334 -0.8490972  -0.45242745  0.00456147 -0.42088282]
677,1,0,2,0,2,[ 0.02295825  0.7811691  -0.21527919  0.23315166  1.0522356   0.3672857 ]
678,1,0,2,0,3,[ 0.5206542   0.6358726   0.38796362  0.22216374 -0.23690978  0.77765566]
679,1,0,2,0,4,[ 0.35094798  1.0137557  -0.01039761  0.17314269  0.72204965  0.88839567]
680,1,0,2,1,0,[-0.82068163 -0.25353953  0.62890863  0.1794797   0.7056824   0.88459533]
681,1,0,2,1,1,[ 0.7060225  -0.5749028  -0.02643909 -0.32836542  0.71244234  0.85336274]
682,1,0,2,1,2,[-2.1001232 -1.4645038  0.4172149  0.3289731  2.213993  -0.4576854]
683,1,0,2,1,3,[ 0.00273856  0.420509    0.64802647  0.22273491 -0.8693611   0.8913241 ]
684,1,0,2,1,4,[-0.7935292   0.13949181  0.548874    0.24512799  1.5059401   1.1966864 ]
685,1,0,2,2,0,[-0.23568739  0.1336924   0.28548813  0.20103326  0.40546432  0.6147364 ]
686,1,0,2,2,1,[ 0.7539022  -0.15797988 -0.33470833 -0.19726403  0.30558288  0.20973486]
687,1,0,2,2,2,[-0.9388625  -0.37650535  0.08700491  0.3201516   1.3866109  -0.07758942]
688,1,0,2,2,3,[ 0.19718996  0.39192513  0.42671117  0.2355651  -0.53004295  0.648324  ]
689,1,0,2,2,4,[-0.22134352  0.4331293   0.23363526  0.2413279   0.9391037   0.86802924]
690,1,0,2,3,0,[0.08388511 0.58500314 0.17990328 0.20649587 0.44338587 0.7923725 ]
691,1,0,2,3,1,[ 1.1855301   0.15458567 -0.83248496 -0.44536188  0.15977181 -0.2273973 ]
692,1,0,2,3,2,[-0.5796873   0.30858412 -0.12514539  0.35720682  1.573962    0.17637025]
693,1,0,2,3,3,[ 0.48195174  0.67799795  0.51730835  0.30460942 -0.51407564  0.9140955 ]
694,1,0,2,3,4,[0.09831083 0.9706486  0.11685793 0.26801586 1.0689625  1.1314813 ]
695,1,0,2,4,0,[-0.0158294   0.873334    0.25330868  0.44923335  0.6174123   1.2329037 ]
696,1,0,2,4,1,[ 1.6020364   0.20728984 -1.042501   -0.3080346   0.28581646  0.00229777]
697,1,0,2,4,2,[-1.0328001   0.48944125 -0.16043416  0.6893402   2.2934787   0.41793144]
698,1,0,2,4,3,[ 0.5879374  0.9846     0.6589664  0.5009984 -0.8382208  1.2363182]
699,1,0,2,4,4,"[-1.1142210e-04  1.4307780e+00  1.8113267e-01  5.1376814e-01
  1.5406226e+00  1.7430326e+00]"
700,1,0,3,0,0,[0.4407394  0.85817176 0.12510476 0.26480725 0.3695172  0.78212184]
701,1,0,3,0,1,[ 1.1531849   0.56071603 -0.63538456 -0.18055311  0.14615491 -0.1400277 ]
702,1,0,3,0,2,[ 0.19693068  0.9333668  -0.09880067  0.4230875   1.0994642   0.5576069 ]
703,1,0,3,0,3,[ 0.55331343  0.73858196  0.4442005   0.29471344 -0.15875871  0.9003128 ]
704,1,0,3,0,4,[0.45521206 1.1206284  0.07348169 0.31129637 0.76713616 1.0161334 ]
705,1,0,3,1,0,[-0.7715921  -0.1004965   0.35759872  0.30352613  0.59547204  0.50418603]
706,1,0,3,1,1,[ 0.63086754 -0.44162232 -0.37962496 -0.10355541  0.5805661   0.23415077]
707,1,0,3,1,2,[-1.9411184  -1.254843    0.05404834  0.4952264   1.9993724  -0.9403257 ]
708,1,0,3,1,3,[-0.00179277  0.5542681   0.56863457  0.27859467 -0.81649643  0.82897073]
709,1,0,3,1,4,[-0.72437257  0.27214122  0.29059717  0.3631514   1.372802    0.82231265]
710,1,0,3,2,0,[-0.19186644  0.24383678  0.18786526  0.2894726   0.36830735  0.47657704]
711,1,0,3,2,1,[ 0.7324382  -0.05055989 -0.42798793 -0.03117504  0.28173873  0.00095537]
712,1,0,3,2,2,[-0.8173938  -0.2314679  -0.03892073  0.44019696  1.2952108  -0.24353094]
713,1,0,3,2,3,[ 0.19475472  0.4862064   0.4041334   0.2724815  -0.48492768  0.6490775 ]
714,1,0,3,2,4,[-0.16425826  0.5279677   0.14255325  0.32603034  0.88621414  0.7299277 ]
715,1,0,3,3,0,[0.17559676 0.73798734 0.17931738 0.3577667  0.46120688 0.8013454 ]
716,1,0,3,3,1,[ 1.2369797   0.3214934  -0.74305797 -0.16360974  0.23892684 -0.1707732 ]
717,1,0,3,3,2,[-0.388087    0.5017817  -0.12159576  0.5564422   1.5468818   0.20100053]
718,1,0,3,3,3,[ 0.49957123  0.8058486   0.5413443   0.3741646  -0.43389934  0.9953732 ]
719,1,0,3,3,4,[0.20224454 1.1017911  0.1186608  0.41107032 1.0649663  1.1303667 ]
720,1,0,3,4,0,[0.12456664 1.0804176  0.23193929 0.6494631  0.62426597 1.2019814 ]
721,1,0,3,4,1,[ 1.672164    0.4299898  -0.9693142   0.05010809  0.36014926 -0.0170932 ]
722,1,0,3,4,2,[-0.7431882   0.75371414 -0.17763317  0.9524089   2.2309592   0.4043182 ]
723,1,0,3,4,3,[ 0.6190883   1.1572413   0.6839831   0.5970889  -0.73141044  1.3300253 ]
724,1,0,3,4,4,[0.15822789 1.608838   0.1651356  0.70273167 1.5174854  1.7020857 ]
725,1,0,4,0,0,[ 0.23279385  0.52547157 -0.03192342  0.00234685  0.20415972  0.41834024]
726,1,0,4,0,1,[ 0.8154654   0.22267081 -0.87295634 -0.5526381  -0.11464285 -0.58951783]
727,1,0,4,0,2,[-0.07230207  0.54216754 -0.25182122  0.07263315  0.83583957  0.16658868]
728,1,0,4,0,3,[ 0.4234054   0.4708981   0.28003603  0.13828701 -0.24810229  0.5635892 ]
729,1,0,4,0,4,[ 0.23731     0.7693911  -0.06783924  0.05488055  0.56227094  0.6384949 ]
730,1,0,4,1,0,[-0.6935447  -0.35390958  0.7003069   0.05929616  0.632046    0.9262745 ]
731,1,0,4,1,1,[ 0.648274   -0.6584997   0.16910383 -0.43786573  0.6141388   0.970594  ]
732,1,0,4,1,2,[-1.8153436  -1.4185015   0.6115598   0.15600014  1.9562869  -0.12113593]
733,1,0,4,1,3,[ 0.02450477  0.25089532  0.5857317   0.14431635 -0.76387405  0.7612465 ]
734,1,0,4,1,4,[-0.6843112  -0.01217451  0.6304082   0.11859412  1.3156787   1.1880262 ]
735,1,0,4,2,0,[-0.21574402  0.01584625  0.29200956  0.09913836  0.34033677  0.5563876 ]
736,1,0,4,2,1,[ 0.64167714 -0.25710472 -0.25669596 -0.29101554  0.222164    0.20491917]
737,1,0,4,2,2,"[-8.4248286e-01 -4.4286069e-01  1.6063976e-01  1.7704479e-01
  1.1922174e+00 -1.8254135e-04]"
738,1,0,4,2,3,[ 0.1746415   0.26038358  0.36107957  0.16575512 -0.47667855  0.52043325]
739,1,0,4,2,4,[-0.21212955  0.27541092  0.24857852  0.13609253  0.79671484  0.7717039 ]
740,1,0,4,3,0,[0.0226255  0.36882928 0.13630341 0.06440316 0.33488044 0.60636175]
741,1,0,4,3,1,[ 0.9572034  -0.03365438 -0.79942864 -0.5701353   0.02957195 -0.3407774 ]
742,1,0,4,3,2,[-0.5838118   0.10134123 -0.10410423  0.15858977  1.3051777   0.08639453]
743,1,0,4,3,3,[ 0.40159023  0.4831355   0.40346408  0.20312685 -0.4852942   0.69036084]
744,1,0,4,3,4,[0.0267021  0.70327836 0.08687551 0.12177766 0.8716466  0.89970267]
745,1,0,4,4,0,[-0.08002492  0.5636591   0.20046617  0.23692803  0.47474808  0.9709922 ]
746,1,0,4,4,1,[ 1.300722   -0.05135492 -0.99690163 -0.5063192   0.10896114 -0.16902508]
747,1,0,4,4,2,[-1.007272    0.19123065 -0.12524882  0.3956611   1.9141364   0.28343347]
748,1,0,4,4,3,[ 0.492238    0.70794     0.5155928   0.35341877 -0.7746896   0.9415313 ]
749,1,0,4,4,4,[-0.07957894  1.0459058   0.14329664  0.2980134   1.2653023   1.4085664 ]
750,1,1,0,0,0,[-0.02817538  0.23088196 -0.04218546 -0.0403955  -0.00930715  0.05479239]
751,1,1,0,0,1,[ 0.27637494  0.13781595 -0.49032804 -0.3545321  -0.1755932  -0.45071766]
752,1,1,0,0,2,[-0.21725193  0.26031232 -0.14603737  0.00693357  0.37780645 -0.08151352]
753,1,1,0,0,3,[ 0.10244314  0.13358177  0.11097144  0.03066351 -0.3009664   0.08231851]
754,1,1,0,0,4,[-0.00142402  0.3948655  -0.05104439 -0.00109488  0.2272126   0.22402436]
755,1,1,0,1,0,[-0.6592004  -0.19275871  0.3228217  -0.00253731  0.17627978  0.25473744]
756,1,1,0,1,1,[ 0.05857173 -0.11581222  0.02983144 -0.28762922  0.21278839  0.44657856]
757,1,1,0,1,2,[-1.3456676  -0.7636914   0.2958691   0.06440812  0.98518866 -0.3743451 ]
758,1,1,0,1,3,[-0.19477326 -0.02052599  0.24303606  0.03660853 -0.697755    0.06606747]
759,1,1,0,1,4,[-0.6192859   0.0333668   0.30353785  0.04032916  0.62124026  0.4679694 ]
760,1,1,0,2,0,[-0.30174276 -0.00461067  0.12330043  0.02236341  0.0627285   0.12790926]
761,1,1,0,2,1,[ 0.15403332 -0.01368339 -0.17421162 -0.20299584  0.02134416  0.02761463]
762,1,1,0,2,2,[-0.68477446 -0.23850794  0.06820209  0.07445469  0.58378106 -0.19681628]
763,1,1,0,2,3,[-0.04653643  0.02779305  0.14612253  0.05500524 -0.45123228  0.04049516]
764,1,1,0,2,4,[-0.27498022  0.16640602  0.11234549  0.051075    0.36015987  0.29632062]
765,1,1,0,3,0,[-0.20850481  0.15776633  0.03480446 -0.01348345  0.02251947  0.10284253]
766,1,1,0,3,1,[ 0.2840123   0.07568641 -0.4677969  -0.37664473 -0.12517637 -0.32799608]
767,1,1,0,3,2,[-0.58043325  0.03768489 -0.07476359  0.04975511  0.61659324 -0.19184256]
768,1,1,0,3,3,[ 0.04307605  0.10903095  0.15960386  0.0584617  -0.49828458  0.07000378]
769,1,1,0,3,4,[-0.17430982  0.37972406  0.02319296  0.03029388  0.37397093  0.3285689 ]
770,1,1,0,4,0,[-0.3435324   0.27824596  0.05503271  0.07087141  0.03651392  0.2281741 ]
771,1,1,0,4,1,[ 0.386223    0.1507171  -0.59043497 -0.36112395 -0.13775013 -0.27137432]
772,1,1,0,4,2,[-0.9063733   0.12178556 -0.09012748  0.17467366  0.917136   -0.15353589]
773,1,1,0,4,3,[ 0.03069131  0.18524851  0.19620354  0.12916051 -0.7514786   0.09002047]
774,1,1,0,4,4,[-0.30055204  0.5947682   0.04569731  0.11951393  0.5506575   0.5586096 ]
775,1,1,1,0,0,[ 0.02356748  0.18628676 -0.08697931 -0.09513076  0.00456669  0.0186288 ]
776,1,1,1,0,1,[ 0.31710842  0.02059644 -0.61398506 -0.47206497 -0.23191452 -0.6436411 ]
777,1,1,1,0,2,[-0.1878834   0.18262485 -0.21382286 -0.08283889  0.3588262  -0.1553479 ]
778,1,1,1,0,3,[ 0.1725866   0.14724769  0.09609866  0.02493949 -0.25299293  0.11574822]
779,1,1,1,0,4,[ 0.02846874  0.33276904 -0.09977182 -0.06108397  0.21950278  0.16189177]
780,1,1,1,1,0,[-0.5045174  -0.26165596  0.4282233  -0.05951735  0.26238635  0.45464313]
781,1,1,1,1,1,[ 0.25676945 -0.32976726  0.13621202 -0.3983981   0.22897129  0.540965  ]
782,1,1,1,1,2,[-1.1830795  -0.8450738   0.43315578 -0.03020491  1.0491084  -0.08892751]
783,1,1,1,1,3,[-0.07105322 -0.01273355  0.28235424  0.02839798 -0.6007078   0.1983541 ]
784,1,1,1,1,4,[-0.49690276 -0.05677482  0.39771047 -0.02194057  0.6712979   0.6266615 ]
785,1,1,1,2,0,[-0.21009055 -0.0570504   0.15383859 -0.01777137  0.10808581  0.20298256]
786,1,1,1,2,1,[ 0.2648264  -0.16014928 -0.17185506 -0.2853451   0.00986326 -0.00193365]
787,1,1,1,2,2,[-0.5984591  -0.31138855  0.10292777  0.00547607  0.6059882  -0.10098051]
788,1,1,1,2,3,[ 0.03734557  0.03414839  0.15933664  0.05247252 -0.38819036  0.11381476]
789,1,1,1,2,4,[-0.2064818   0.09778222  0.13587254  0.0061978   0.3807029   0.34217092]
790,1,1,1,3,0,[-0.11676382  0.09098704  0.02031196 -0.07681488  0.0589816   0.11954407]
791,1,1,1,3,1,[ 0.38058633 -0.10081501 -0.55563504 -0.5091889  -0.17317021 -0.48644662]
792,1,1,1,3,2,[-0.5079054  -0.0659543  -0.10365415 -0.05566724  0.61536795 -0.19054958]
793,1,1,1,3,3,[ 0.14290075  0.12051316  0.15642577  0.05219403 -0.4267741   0.13621554]
794,1,1,1,3,4,[-0.11196274  0.2909111   0.00164722 -0.03944227  0.38012642  0.30923435]
795,1,1,1,4,0,[-0.22612727  0.16620927  0.03959652 -0.01481513  0.08700571  0.24970636]
796,1,1,1,4,1,[ 0.52129173 -0.11654315 -0.69438106 -0.52390355 -0.19744967 -0.47247112]
797,1,1,1,4,2,[-0.8158486  -0.04576474 -0.12527962  0.03506637  0.9153954  -0.15321605]
798,1,1,1,4,3,[ 0.1564424   0.1875427   0.1916328   0.11360727 -0.65632665  0.1739239 ]
799,1,1,1,4,4,[-0.22172569  0.45344874  0.01999957  0.02697012  0.5592365   0.5303579 ]
800,1,1,2,0,0,[ 0.2337902   0.37181613 -0.09319647 -0.03646445  0.1262147   0.17914064]
801,1,1,2,0,1,[ 0.67019933  0.07670423 -0.83229953 -0.54495996 -0.21604781 -0.8420145 ]
802,1,1,2,0,2,[-0.03698215  0.35761845 -0.31094468 -0.02170792  0.579623   -0.10198343]
803,1,1,2,0,3,[ 0.40019438  0.35610119  0.20100251  0.1254184  -0.20019272  0.39343244]
804,1,1,2,0,4,[ 0.21209338  0.5431675  -0.12774915 -0.00654024  0.38898933  0.32725313]
805,1,1,2,1,0,[-0.4774706  -0.23643818  0.4039684   0.0076531   0.4222574   0.55993   ]
806,1,1,2,1,1,[ 0.59800154 -0.5009746  -0.11350065 -0.4391197   0.28828892  0.3250082 ]
807,1,1,2,1,2,[-1.3694997  -1.0273366   0.2657297   0.04857684  1.4217613  -0.29135233]
808,1,1,2,1,3,[ 0.05355996  0.17976879  0.37281635  0.11764536 -0.6738648   0.44897854]
809,1,1,2,1,4,[-0.49217564  0.00831078  0.3482541   0.04544285  0.9434648   0.74815184]
810,1,1,2,2,0,[-0.11736313  0.01096885  0.1418688   0.05249162  0.21969604  0.30486202]
811,1,1,2,2,1,[ 0.56288797 -0.23643    -0.35973746 -0.29991558  0.03986802 -0.17489068]
812,1,1,2,2,2,[-0.6245556  -0.33998352 -0.00779908  0.08498951  0.8547103  -0.17556262]
813,1,1,2,2,3,[ 0.17676999  0.18666494  0.23811054  0.14079939 -0.41312453  0.31857598]
814,1,1,2,2,4,[-0.13350223  0.19697708  0.10487806  0.0732495   0.56443435  0.45730492]
815,1,1,2,3,0,[0.08378562 0.25577962 0.00462646 0.00604391 0.20683092 0.28410554]
816,1,1,2,3,1,[ 0.8076002  -0.1220706  -0.8289622  -0.57187366 -0.15176268 -0.74816906]
817,1,1,2,3,2,[-0.4232211   0.03153184 -0.24434039  0.03412544  0.9177437  -0.21011466]
818,1,1,2,3,3,[ 0.38475156  0.35535797  0.27457118  0.17576425 -0.41166326  0.44678953]
819,1,1,2,3,4,[ 0.05814597  0.49375603 -0.04025518  0.03854876  0.60743845  0.48765522]
820,1,1,2,4,0,[0.00703359 0.38268983 0.01539689 0.1254478  0.27879316 0.4847957 ]
821,1,1,2,4,1,[ 1.0961608  -0.17261705 -1.0430154  -0.5378517  -0.16271657 -0.7751242 ]
822,1,1,2,4,2,[-0.7549308   0.07558525 -0.31790477  0.19865268  1.3429688  -0.1593044 ]
823,1,1,2,4,3,[ 0.44475216  0.49922517  0.33274823  0.2809764  -0.6793266   0.5650426 ]
824,1,1,2,4,4,[-0.02474571  0.730588   -0.03536903  0.16131762  0.8752163   0.79864854]
825,1,1,3,0,0,[0.312807   0.4864078  0.00680502 0.07891467 0.19063787 0.34370366]
826,1,1,3,0,1,[ 0.75816745  0.22879462 -0.6083995  -0.3283188  -0.07318288 -0.5233402 ]
827,1,1,3,0,2,[ 0.10509258  0.501769   -0.17663743  0.12959383  0.63962585  0.11958221]
828,1,1,3,0,3,[ 0.4214142   0.43937838  0.25984576  0.17857772 -0.13468724  0.5087014 ]
829,1,1,3,0,4,[ 0.2968343   0.64481515 -0.03106185  0.10271224  0.44034395  0.4796385 ]
830,1,1,3,1,0,[-0.42639348 -0.07424748  0.25783455  0.1087051   0.37549943  0.37839407]
831,1,1,3,1,1,[ 0.5610163  -0.31322744 -0.27759558 -0.2540423   0.25877482  0.04947179]
832,1,1,3,1,2,[-1.2249888  -0.806808    0.06771056  0.18621035  1.3078215  -0.5176037 ]
833,1,1,3,1,3,[ 0.05375515  0.30032694  0.34567547  0.1606467  -0.6138274   0.4556093 ]
834,1,1,3,1,4,[-0.424063    0.15478085  0.20902519  0.1425402   0.8783985   0.5678755 ]
835,1,1,3,2,0,[-0.07646932  0.12379552  0.10823601  0.12348927  0.21486425  0.2708238 ]
836,1,1,3,2,1,[ 0.5584236  -0.09948798 -0.35955364 -0.16456412  0.06750098 -0.20391344]
837,1,1,3,2,2,[-0.5176376  -0.19001465 -0.05009854  0.18330546  0.8171252  -0.20705198]
838,1,1,3,2,3,[ 0.17534302  0.26952198  0.24224381  0.16811737 -0.36718175  0.35269377]
839,1,1,3,2,4,[-0.08093221  0.2983468   0.07444671  0.14207701  0.547395    0.4216964 ]
840,1,1,3,3,0,[0.16083977 0.40415448 0.05361906 0.12582153 0.24681829 0.37458643]
841,1,1,3,3,1,[ 0.85993856  0.06709618 -0.6732148  -0.34491372 -0.03814515 -0.54985476]
842,1,1,3,3,2,[-0.26130816  0.22348139 -0.1758607   0.19497107  0.93419445 -0.07771951]
843,1,1,3,3,3,[ 0.3961425   0.46344638  0.31754217  0.2269532  -0.33895355  0.54536283]
844,1,1,3,3,4,[0.14693397 0.62625915 0.00865814 0.1531416  0.63100815 0.56932163]
845,1,1,3,4,0,[0.13027513 0.59135944 0.07334028 0.28777057 0.32607496 0.59051466]
846,1,1,3,4,1,[ 1.1750284   0.09280687 -0.85807717 -0.24454136 -0.02478588 -0.556458  ]
847,1,1,3,4,2,[-0.50494677  0.34717244 -0.23272812  0.4151468   1.3529763   0.0040452 ]
848,1,1,3,4,3,[ 0.47089162  0.65014166  0.38980213  0.3551375  -0.57742393  0.69647205]
849,1,1,3,4,4,[0.11471193 0.9175664  0.02357493 0.31589565 0.8992511  0.8939383 ]
850,1,1,4,0,0,[ 0.15461701  0.24183106 -0.14132564 -0.10686097  0.06114997  0.0440795 ]
851,1,1,4,0,1,[ 0.51085174 -0.03702141 -0.84625894 -0.59542674 -0.28264204 -0.92137134]
852,1,1,4,0,2,[-0.10367168  0.2101392  -0.33406103 -0.1167971   0.44342798 -0.2163755 ]
853,1,1,4,0,3,[ 0.32727695  0.25284612  0.12707387  0.06814421 -0.20604548  0.2567876 ]
854,1,1,4,0,4,[ 0.13280939  0.3912842  -0.16599458 -0.07759222  0.2884349   0.17618458]
855,1,1,4,1,0,[-0.40400624 -0.3094713   0.44975728 -0.0672257   0.37771052  0.5863131 ]
856,1,1,4,1,1,[ 0.54326504 -0.5692495   0.01325059 -0.4995636   0.23598878  0.41420537]
857,1,1,4,1,2,[-1.1909782  -1.0111086   0.39581665 -0.05702367  1.2571872  -0.07316516]
858,1,1,4,1,3,[ 0.06425415  0.07544681  0.33333218  0.06524821 -0.5930557   0.3772242 ]
859,1,1,4,1,4,[-0.42777136 -0.09581775  0.4019797  -0.03242021  0.82372695  0.74445975]
860,1,1,4,2,0,[-0.11239219 -0.06688061  0.14390181 -0.01175359  0.17948267  0.26893678]
861,1,1,4,2,1,[ 0.47771472 -0.30326134 -0.3104039  -0.3526226  -0.00530087 -0.16247451]
862,1,1,4,2,2,[-0.56761247 -0.38598493  0.04063315 -0.00295233  0.73126644 -0.12070726]
863,1,1,4,2,3,[ 0.15703839  0.10594805  0.19419675  0.09331673 -0.37189355  0.24258527]
864,1,1,4,2,4,[-0.13316017  0.09491372  0.11359847  0.00793069  0.47489986  0.39906704]
865,1,1,4,3,0,[ 0.03302105  0.11841052 -0.02697436 -0.08190487  0.13895029  0.17043088]
866,1,1,4,3,1,[ 0.6458482  -0.23860148 -0.8075897  -0.63749725 -0.22284517 -0.7906307 ]
867,1,1,4,3,2,[-0.43277737 -0.09891171 -0.23014924 -0.0852661   0.7482341  -0.25424775]
868,1,1,4,3,3,[ 0.32286003  0.23484783  0.19718173  0.10678525 -0.38756484  0.30808163]
869,1,1,4,3,4,[ 0.00434673  0.32552412 -0.06118285 -0.05043192  0.4835981   0.34794608]
870,1,1,4,4,0,[-0.04736745  0.1862339  -0.02496051 -0.0071379   0.19126217  0.32300475]
871,1,1,4,4,1,[ 0.88129383 -0.33486938 -1.018525   -0.65052783 -0.25944424 -0.85170925]
872,1,1,4,4,2,[-0.74687195 -0.11309581 -0.29728836  0.0186107   1.1039742  -0.23177934]
873,1,1,4,4,3,[ 0.37437811  0.33070162  0.23624371  0.1832946  -0.626632    0.387583  ]
874,1,1,4,4,4,[-0.0850631   0.48817235 -0.06378549  0.02809556  0.703206    0.5938371 ]
875,1,2,0,0,0,[-0.17664418  0.43899202  0.13122799  0.19974332  0.05000935  0.31764796]
876,1,2,0,0,1,[ 0.27967045  0.34495327 -0.22381164  0.02807195  0.03588348  0.05980641]
877,1,2,0,0,2,[-0.35206372  0.51648     0.0719899   0.4106529   0.6652079   0.23257077]
878,1,2,0,0,3,[-0.04309542  0.2854404   0.24331507  0.09453689 -0.38097727  0.25658393]
879,1,2,0,0,4,[-0.06501967  0.7145132   0.12917803  0.2725675   0.4243545   0.6155073 ]
880,1,2,0,1,0,[-1.36909    -0.50512916  0.30065706  0.25799653  0.09093899 -0.35986853]
881,1,2,0,1,1,[-0.58960974 -0.57434714 -0.0544209   0.08327016  0.25536826 -0.15018259]
882,1,2,0,1,2,[-2.3611875  -1.5505003   0.19739832  0.49247885  1.172626   -1.6699356 ]
883,1,2,0,1,3,[-0.53700155  0.0580705   0.37267515  0.12704545 -0.90283334  0.07031181]
884,1,2,0,1,4,[-1.2210572  -0.13286315  0.29190248  0.33201206  0.76791006  0.02348091]
885,1,2,0,2,0,[-0.68557775 -0.05309961  0.17153935  0.22257994  0.04370788 -0.04579052]
886,1,2,0,2,1,[-0.153454   -0.13211825 -0.12488571  0.08773501  0.11440154 -0.05374286]
887,1,2,0,2,2,[-1.2042407  -0.47310963  0.09857481  0.40714943  0.778475   -0.64906764]
888,1,2,0,2,3,[-0.25704953  0.12812775  0.24924405  0.11945643 -0.5770892   0.10901637]
889,1,2,0,2,4,[-0.57829374  0.22800021  0.16941258  0.2767639   0.5005168   0.25141513]
890,1,2,0,3,0,[-0.5458742   0.2864739   0.18714479  0.28228772  0.05657201  0.193635  ]
891,1,2,0,3,1,[ 0.09714486  0.15912235 -0.24958831  0.07225774  0.08426183 -0.00750332]
892,1,2,0,3,2,[-0.9932645   0.08973903  0.09850714  0.54031736  0.94390225 -0.23190847]
893,1,2,0,3,3,[-0.18328568  0.28628498  0.31625897  0.1485974  -0.62829757  0.24379468]
894,1,2,0,3,4,[-0.40409145  0.6539206   0.18595791  0.3635643   0.60272044  0.5884064 ]
895,1,2,0,4,0,[-0.80157197  0.5180513   0.24705744  0.49852514  0.10260878  0.37630668]
896,1,2,0,4,1,[ 0.09529671  0.28062347 -0.34596783  0.22001286  0.14351985  0.1100888 ]
897,1,2,0,4,2,[-1.5033982   0.24965332  0.12065669  0.851168    1.3981776  -0.21263465]
898,1,2,0,4,3,[-0.22829412  0.50430465  0.41591272  0.30386323 -0.90220326  0.39858645]
899,1,2,0,4,4,[-0.6244157   1.032388    0.25329998  0.5843667   0.8891206   0.9372496 ]
900,1,2,1,0,0,[-0.07852998  0.42069224  0.10082337  0.16315804  0.08733769  0.3275072 ]
901,1,2,1,0,1,[ 0.36532977  0.25727132 -0.31382227 -0.0529      0.01294431 -0.06747563]
902,1,2,1,0,2,[-0.25518048  0.46893615  0.02459009  0.33937135  0.6539216   0.22033793]
903,1,2,1,0,3,[ 0.0498306   0.3254803   0.23440583  0.09983443 -0.30119145  0.32492295]
904,1,2,1,0,4,[0.00711355 0.6674719  0.09414425 0.22729811 0.42732248 0.5878352 ]
905,1,2,1,1,0,[-1.1214356  -0.51328826  0.38318124  0.21294665  0.19519593 -0.12190946]
906,1,2,1,1,1,"[-3.1450704e-01 -7.4149400e-01  2.5674479e-02 -2.8037312e-04
  2.8535607e-01 -5.1213279e-02]"
907,1,2,1,1,2,[-2.0517244  -1.5341816   0.30561334  0.40903267  1.2185539  -1.3064657 ]
908,1,2,1,1,3,[-0.37170285  0.11396024  0.40393606  0.12529346 -0.75261307  0.24388826]
909,1,2,1,1,4,[-1.0098597  -0.17761715  0.36397883  0.27900678  0.8137432   0.20689838]
910,1,2,1,2,0,[-0.5362306  -0.07093639  0.19688362  0.19150758  0.10481536  0.06031556]
911,1,2,1,2,1,[ 0.00601959 -0.24976806 -0.1224593   0.02676592  0.11969653 -0.06170595]
912,1,2,1,2,2,[-1.0278195  -0.49456066  0.12800725  0.34672278  0.79364544 -0.49910045]
913,1,2,1,2,3,[-0.14747562  0.16454896  0.26048177  0.12158785 -0.4789635   0.21155497]
914,1,2,1,2,4,[-0.45516372  0.18286893  0.18800607  0.23892075  0.52194357  0.31825498]
915,1,2,1,3,0,[-0.38650355  0.25822014  0.18012439  0.23671608  0.1189126   0.26108384]
916,1,2,1,3,1,[ 0.25476104  0.01992422 -0.31284928 -0.02195369  0.06987905 -0.1069691 ]
917,1,2,1,3,2,[-0.8181085   0.03730503  0.08154168  0.4526633   0.94340754 -0.15477389]
918,1,2,1,3,3,[-0.05230288  0.33387935  0.3162285   0.15231948 -0.5132191   0.3517292 ]
919,1,2,1,3,4,[-0.27870744  0.58904874  0.1715659   0.30809525  0.61669236  0.6056422 ]
920,1,2,1,4,0,[-0.58867854  0.45062968  0.23978862  0.4306289   0.18469165  0.45649818]
921,1,2,1,4,1,[ 0.31463978  0.0540065  -0.42211533  0.09926379  0.12347184 -0.0299388 ]
922,1,2,1,4,2,[-1.2654184   0.14275205  0.09993203  0.7285519   1.3906152  -0.11998193]
923,1,2,1,4,3,[-0.06064652  0.55046207  0.4147754   0.2974049  -0.7483371   0.5330876 ]
924,1,2,1,4,4,[-0.45548967  0.9161183   0.2355768   0.50587285  0.90409917  0.9491174 ]
925,1,2,2,0,0,[0.16522515 0.75658953 0.13571618 0.33575362 0.27803496 0.6492348 ]
926,1,2,2,0,1,[ 0.8107112   0.43667707 -0.47685578  0.05900628  0.1471822  -0.04951851]
927,1,2,2,0,2,[-0.03439123  0.8140176  -0.01920895  0.5745225   1.0041137   0.46727464]
928,1,2,2,0,3,[ 0.27860948  0.6823746   0.37811747  0.24257492 -0.20931952  0.74838465]
929,1,2,2,0,4,[0.2478066  1.0506072  0.11145537 0.40392214 0.69875664 0.94592124]
930,1,2,2,1,0,[-1.1793447  -0.5054644   0.2901265   0.38395908  0.38471073 -0.1683462 ]
931,1,2,2,1,1,[-0.04761612 -1.0960195  -0.37649468  0.11286674  0.3783598  -0.568496  ]
932,1,2,2,1,2,[-2.356488   -1.8813077   0.02704266  0.6474293   1.6676569  -1.861166  ]
933,1,2,2,1,3,[-0.27031723  0.48106354  0.51922494  0.25663954 -0.77467275  0.6259894 ]
934,1,2,2,1,4,[-1.0613087  -0.10281905  0.25326952  0.45899576  1.1671377   0.21782342]
935,1,2,2,2,0,[-0.47654164  0.04367694  0.16262403  0.3435238   0.25109044  0.14393221]
936,1,2,2,2,1,[ 0.29252622 -0.3687189  -0.3697615   0.1361273   0.20167941 -0.30891377]
937,1,2,2,2,2,[-1.0904176  -0.53538895 -0.02056123  0.5532158   1.1212838  -0.6711655 ]
938,1,2,2,2,3,[-0.02167951  0.45040643  0.36080807  0.24101156 -0.46974456  0.52406317]
939,1,2,2,2,4,[-0.392905    0.3505693   0.14058964  0.39495912  0.7774108   0.44775337]
940,1,2,2,3,0,[-0.18348406  0.5586216   0.17860244  0.44978198  0.33656317  0.52782446]
941,1,2,2,3,1,[ 0.73709756  0.05906822 -0.5857035   0.1200033   0.20581262 -0.26416215]
942,1,2,2,3,2,[-0.7083881   0.24849527 -0.04606724  0.7419543   1.385416   -0.09789013]
943,1,2,2,3,3,[ 0.18241878  0.75584203  0.4742222   0.3254695  -0.44959927  0.83141124]
944,1,2,2,3,4,[-0.07612831  0.95682687  0.15056224  0.5261065   0.9599156   0.9287344 ]
945,1,2,2,4,0,[-0.35017368  0.85508245  0.2179471   0.746221    0.47116908  0.80790734]
946,1,2,2,4,1,[ 0.948077    0.05094695 -0.81147224  0.33489674  0.297281   -0.27009365]
947,1,2,2,4,2,[-1.1795528   0.4123022  -0.09924444  1.1526568   2.0074413  -0.06525569]
948,1,2,2,4,3,[ 0.23643593  1.1373128   0.608695    0.545169   -0.6962464   1.1687654 ]
949,1,2,2,4,4,[-0.21614122  1.422243    0.19270237  0.8250192   1.3799003   1.3934048 ]
950,1,2,3,0,0,[0.238016   0.81764984 0.15994638 0.43180084 0.30956843 0.6947221 ]
951,1,2,3,0,1,[ 0.8824597   0.48520938 -0.39718124  0.22979425  0.2097902   0.03080032]
952,1,2,3,0,2,[0.08109016 0.87954324 0.01068761 0.6936593  1.0139686  0.51787   ]
953,1,2,3,0,3,[ 0.3131895   0.74978536  0.40168136  0.2954047  -0.15463851  0.8182828 ]
954,1,2,3,0,4,[0.31933165 1.0962218  0.13404208 0.49188158 0.71503466 0.9772646 ]
955,1,2,3,1,0,[-1.1418155  -0.46205106  0.05521027  0.45963928  0.28482807 -0.51623565]
956,1,2,3,1,1,[-0.09785017 -1.1279731  -0.70812255  0.24719515  0.22675024 -1.1726494 ]
957,1,2,3,1,2,[-2.2535927  -1.8218678  -0.29001912  0.74474823  1.4801793  -2.3121521 ]
958,1,2,3,1,3,[-0.26236618  0.5534346   0.43905765  0.29484978 -0.7446801   0.54777825]
959,1,2,3,1,4,[-1.0153618  -0.07537933  0.02840752  0.52930826  1.0482194  -0.12787817]
960,1,2,3,2,0,[-0.442799    0.08001922  0.05996147  0.39934477  0.20992684 -0.01184391]
961,1,2,3,2,1,[ 0.2793083  -0.37360024 -0.49959096  0.2377903   0.1445263  -0.5773674 ]
962,1,2,3,2,2,[-1.0112705  -0.4913792  -0.15729934  0.62542635  1.0314062  -0.8721586 ]
963,1,2,3,2,3,[-0.0136437   0.5038835   0.3281382   0.26814526 -0.441533    0.5024326 ]
964,1,2,3,2,4,[-0.35420677  0.3745765   0.04297256  0.44695336  0.7228649   0.28991488]
965,1,2,3,3,0,[-0.11554719  0.6209606   0.13086393  0.5468819   0.33044156  0.45773453]
966,1,2,3,3,1,[ 0.77280664  0.08639465 -0.6126586   0.29486114  0.21018    -0.38297677]
967,1,2,3,3,2,[-0.5827057   0.3182387  -0.11054454  0.8645426   1.3336928  -0.1926968 ]
968,1,2,3,3,3,[ 0.2086162   0.8337572   0.4692967   0.37622544 -0.39599118  0.8625821 ]
969,1,2,3,3,4,[-0.00543242  1.00112     0.10507663  0.6156795   0.9352185   0.8482598 ]
970,1,2,3,4,0,[-0.25522307  0.92677915  0.13232763  0.86969644  0.44430894  0.66529787]
971,1,2,3,4,1,[ 0.98803926  0.06702583 -0.8897027   0.55166954  0.2716367  -0.52134675]
972,1,2,3,4,2,[-0.99848354  0.4927167  -0.21091275  1.3090903   1.9115231  -0.24893688]
973,1,2,3,4,3,[ 0.27032962  1.234648    0.59255254  0.61029994 -0.63026935  1.1877269 ]
974,1,2,3,4,4,[-0.115519    1.470848    0.11198947  0.9391571   1.3282845   1.240671  ]
975,1,2,4,0,0,[0.09556349 0.5670584  0.08304439 0.2206231  0.194364   0.46830538]
976,1,2,4,0,1,[ 0.63120174  0.28059453 -0.48388803 -0.05866921  0.04689186 -0.18109818]
977,1,2,4,0,2,[-0.09676588  0.60003364 -0.04722702  0.40574372  0.811165    0.30284274]
978,1,2,4,0,3,[ 0.21706866  0.51958084  0.292096    0.17082135 -0.21564817  0.56203973]
979,1,2,4,0,4,[0.16426836 0.82173795 0.06579886 0.2821278  0.5558154  0.7264663 ]
980,1,2,4,1,0,[-1.0110338  -0.5340118   0.36772585  0.26588365  0.3390848  -0.03387808]
981,1,2,4,1,1,[-0.02285239 -1.0418435  -0.16791883 -0.0048451   0.32598686 -0.30249366]
982,1,2,4,1,2,[-2.0345612  -1.7248691   0.20918071  0.47126752  1.4589285  -1.4087539 ]
983,1,2,4,1,3,[-0.22543612  0.316157    0.4689707   0.18731548 -0.6871657   0.51720643]
984,1,2,4,1,4,[-0.9183135  -0.1845482   0.33481374  0.33204857  1.0075738   0.29366228]
985,1,2,4,2,0,[-0.42270172 -0.03691176  0.18048882  0.24479133  0.20493099  0.14271507]
986,1,2,4,2,1,[ 0.2399574  -0.39492944 -0.27566212  0.0365495   0.14639068 -0.22960375]
987,1,2,4,2,2,[-0.96354127 -0.5443968   0.05349377  0.40859026  0.95759    -0.52619725]
988,1,2,4,2,3,[-0.02097979  0.31967485  0.30922303  0.1807536  -0.42441168  0.41433173]
989,1,2,4,2,4,[-0.3562118   0.2286325   0.16191919  0.29042542  0.6548246   0.40196884]
990,1,2,4,3,0,[-0.19738849  0.37646523  0.15441708  0.30889508  0.25182676  0.40289405]
991,1,2,4,3,1,[ 0.5821278  -0.06280807 -0.5304251  -0.02131845  0.10506827 -0.30140826]
992,1,2,4,3,2,[-0.67123866  0.09236676 -0.01843345  0.5360372   1.1510112  -0.12225501]
993,1,2,4,3,3,[ 0.14049903  0.56172067  0.38407594  0.23771407 -0.4235285   0.6364285 ]
994,1,2,4,3,4,[-0.11019659  0.721001    0.13296421  0.3773361   0.7857713   0.7481891 ]
995,1,2,4,4,0,[-0.35280076  0.591946    0.19576806  0.5390522   0.35921264  0.6373102 ]
996,1,2,4,4,1,[ 0.75195575 -0.10916035 -0.7223192   0.12765078  0.16563882 -0.3093816 ]
997,1,2,4,4,2,[-1.0981548   0.18739493 -0.04823028  0.8563368   1.6770853  -0.09409882]
998,1,2,4,4,3,[ 0.18430342  0.85562974  0.49562383  0.41324797 -0.64527845  0.90484697]
999,1,2,4,4,4,[-0.24567369  1.0816966   0.1764906   0.6103389   1.1363302   1.138893  ]
1000,1,3,0,0,0,[-0.02665828  0.3406929   0.05333171  0.0305716   0.04249518  0.24353725]
1001,1,3,0,0,1,[ 0.25209543  0.23798965 -0.2719962  -0.1978204  -0.07601678 -0.13035792]
1002,1,3,0,0,2,[-0.15763332  0.4281017  -0.0055066   0.10987958  0.41853246  0.21822363]
1003,1,3,0,0,3,[ 0.06368793  0.2034419   0.14729713  0.04456574 -0.22569737  0.17880069]
1004,1,3,0,0,4,[0.01549171 0.49888426 0.04558083 0.06985157 0.26180276 0.40976518]
1005,1,3,0,1,0,[-0.6253242   0.00464453  0.35689068  0.07464752  0.20097463  0.36194244]
1006,1,3,0,1,1,[-0.02335384  0.01627665  0.14171623 -0.13808343  0.23704612  0.5110403 ]
1007,1,3,0,1,2,[-1.2104439  -0.45417038  0.34976315  0.17381403  0.9453654  -0.14447264]
1008,1,3,0,1,3,[-0.20026603  0.12918799  0.28416726  0.061581   -0.54299724  0.20308529]
1009,1,3,0,1,4,[-0.5674509   0.21992695  0.33904913  0.11579733  0.6087325   0.57357043]
1010,1,3,0,2,0,[-0.28693745  0.13753338  0.17595872  0.07569388  0.09876376  0.25882825]
1011,1,3,0,2,1,[ 0.1019422   0.09749103 -0.04192942 -0.09166729  0.0737757   0.18744144]
1012,1,3,0,2,2,[-0.60198057 -0.02185751  0.14779532  0.15282047  0.58617765  0.03401077]
1013,1,3,0,2,3,[-0.06301174  0.13123086  0.17942713  0.06692533 -0.34614822  0.14897704]
1014,1,3,0,2,4,[-0.24617216  0.30007055  0.16605312  0.10433716  0.3716719   0.42392457]
1015,1,3,0,3,0,[-0.1944852   0.32966998  0.13857438  0.07197548  0.08648419  0.3280123 ]
1016,1,3,0,3,1,[ 0.23937306  0.22450267 -0.22716704 -0.194179   -0.01596856  0.01169864]
1017,1,3,0,3,2,[-0.48297375  0.29755569  0.07816178  0.17349043  0.65249276  0.17505313]
1018,1,3,0,3,3,[ 0.00888613  0.22706147  0.20864187  0.07775163 -0.37593472  0.21354695]
1019,1,3,0,3,4,[-0.14124887  0.54159135  0.1279741   0.11538596  0.40995318  0.54829174]
1020,1,3,0,4,0,[-0.30996218  0.54679185  0.1950635   0.1718938   0.1365114   0.55467623]
1021,1,3,0,4,1,[ 0.31736502  0.3799787  -0.2816827  -0.15747537  0.00943439  0.17192376]
1022,1,3,0,4,2,[-0.7533788   0.5192726   0.11538575  0.32083368  0.97092813  0.36983246]
1023,1,3,0,4,3,[ 0.00201697  0.3767309   0.27105612  0.15517372 -0.5550588   0.32181546]
1024,1,3,0,4,4,[-0.24252822  0.8458042   0.18611027  0.21967569  0.60635555  0.87268305]
1025,1,3,1,0,0,[ 0.02901931  0.3109912   0.02635912 -0.00777555  0.06298649  0.23257498]
1026,1,3,1,0,1,[ 0.30099753  0.15721191 -0.35480425 -0.28073317 -0.10495152 -0.2524509 ]
1027,1,3,1,0,2,[-0.11419524  0.37012568 -0.04694267  0.04356622  0.40919295  0.18013178]
1028,1,3,1,0,3,[ 0.12655298  0.221277    0.13865721  0.04336029 -0.17800042  0.21806265]
1029,1,3,1,0,4,[0.05251749 0.45186976 0.01524709 0.02633837 0.26159084 0.3742994 ]
1030,1,3,1,1,0,[-0.4749148  -0.03690603  0.44822657  0.03204474  0.2825082   0.5470332 ]
1031,1,3,1,1,1,[ 0.16106082 -0.13477716  0.23992847 -0.21910718  0.2698407   0.6230632 ]
1032,1,3,1,1,2,[-1.0398438  -0.50231564  0.47091645  0.10064374  1.0008713   0.11785582]
1033,1,3,1,1,3,[-0.09005649  0.1484986   0.31774786  0.05662451 -0.4482504   0.32840976]
1034,1,3,1,1,4,[-0.44401523  0.15644918  0.42150244  0.06825812  0.65510464  0.72044945]
1035,1,3,1,2,0,[-0.19677737  0.10300404  0.20680138  0.04603651  0.143881    0.33586186]
1036,1,3,1,2,1,[ 0.20744856 -0.00683551 -0.02826211 -0.15132412  0.07903638  0.19086435]
1037,1,3,1,2,2,[-0.5076887  -0.0723678   0.18556178  0.0997976   0.6075477   0.13245824]
1038,1,3,1,2,3,[ 0.01115818  0.14428483  0.19197047  0.0661901  -0.28480938  0.22031188]
1039,1,3,1,2,4,[-0.17538063  0.24912857  0.19131255  0.0703341   0.39280975  0.47390854]
1040,1,3,1,3,0,[-0.10067466  0.28464016  0.13744056  0.02662152  0.1276983   0.36442977]
1041,1,3,1,3,1,[ 0.33856192  0.099989   -0.2784031  -0.28850555 -0.03404928 -0.07555591]
1042,1,3,1,3,2,[-0.39532253  0.22183417  0.07058565  0.09436609  0.65783435  0.20418553]
1043,1,3,1,3,3,[ 0.09776089  0.2457702   0.20972487  0.07583364 -0.30551398  0.2830246 ]
1044,1,3,1,3,4,[-0.07226751  0.47451243  0.12106117  0.06391906  0.42196605  0.5509978 ]
1045,1,3,1,4,0,[-0.18890491  0.4648268   0.1960219   0.10724801  0.19161746  0.5986092 ]
1046,1,3,1,4,1,[ 0.45334485  0.1845454  -0.3410293  -0.27692035 -0.01299191  0.05779096]
1047,1,3,1,4,2,[-0.6404554   0.39002812  0.1077877   0.21238582  0.9754816   0.40276805]
1048,1,3,1,4,3,[ 0.11356464  0.3892991   0.2714392   0.1446603  -0.4617856   0.40841028]
1049,1,3,1,4,4,[-0.15374424  0.73446864  0.17887434  0.14860404  0.6211205   0.8704667 ]
1050,1,3,2,0,0,[0.219452   0.5446046  0.05417835 0.07068904 0.1998393  0.46378288]
1051,1,3,2,0,1,[ 0.6212493   0.28288063 -0.48445642 -0.29194066 -0.04118694 -0.28929377]
1052,1,3,2,0,2,[ 0.04295322  0.6161055  -0.08207858  0.13907151  0.6432796   0.3549667 ]
1053,1,3,2,0,3,[ 0.3169692   0.45546806  0.24479905  0.13711351 -0.10600575  0.51443416]
1054,1,3,2,0,4,[0.22710298 0.70893526 0.02548252 0.10311342 0.44199088 0.6142006 ]
1055,1,3,2,1,0,[-0.44314307  0.0917592   0.4608511   0.11752245  0.46737513  0.7360953 ]
1056,1,3,2,1,1,[ 0.45235083 -0.18371904  0.07239132 -0.20946768  0.38009337  0.54571617]
1057,1,3,2,1,2,[-1.1747403  -0.5384924   0.37474534  0.2101092   1.3766613   0.06245055]
1058,1,3,2,1,3,[ 0.02134642  0.41513953  0.42227778  0.14341106 -0.45320415  0.6436596 ]
1059,1,3,2,1,4,[-0.42381236  0.3187653   0.413597    0.15545811  0.937281    0.9266263 ]
1060,1,3,2,2,0,[-0.11064815  0.24092151  0.2231479   0.12698764  0.2742155   0.5044135 ]
1061,1,3,2,2,1,[ 0.46624544  0.00434317 -0.14884157 -0.1292068   0.15054701  0.14103974]
1062,1,3,2,2,2,[-0.50977176 -0.00277153  0.12906341  0.19993357  0.8638971   0.17213319]
1063,1,3,2,2,3,[ 0.13087143  0.34440634  0.27736446  0.14827248 -0.26880816  0.4649724 ]
1064,1,3,2,2,4,[-0.10011945  0.41412753  0.19234619  0.15003018  0.58632123  0.65692466]
1065,1,3,2,3,0,[0.08385551 0.5297281  0.16457044 0.13132264 0.30026957 0.6247017 ]
1066,1,3,2,3,1,[ 0.72044593  0.18632244 -0.44628996 -0.28357676  0.04968469 -0.14155331]
1067,1,3,2,3,2,[-0.2893345   0.43358824  0.00846953  0.2224254   0.97684044  0.34580782]
1068,1,3,2,3,3,[ 0.30323255  0.5304442   0.3341463   0.19209355 -0.24930485  0.63561565]
1069,1,3,2,3,4,[0.0945515  0.75370425 0.12696543 0.16645679 0.6650714  0.827849  ]
1070,1,3,2,4,0,[0.02926473 0.805021   0.22713149 0.26731083 0.42251366 0.96639436]
1071,1,3,2,4,1,[ 0.9604284   0.28641266 -0.5607378  -0.22671396  0.10398266  0.00113143]
1072,1,3,2,4,2,[-0.54296666  0.6829034   0.0176796   0.41281763  1.4263319   0.6153505 ]
1073,1,3,2,4,3,[ 0.36361971  0.7839371   0.42466927  0.30252588 -0.4140747   0.87326974]
1074,1,3,2,4,4,[0.04406772 1.1277122  0.18509232 0.30589086 0.96091354 1.272341  ]
1075,1,3,3,0,0,[0.2725295  0.6213788  0.10621758 0.15487264 0.23797974 0.5502913 ]
1076,1,3,3,0,1,[ 0.67557704  0.37962928 -0.352136   -0.1333635   0.04763309 -0.11016902]
1077,1,3,3,0,2,[ 0.1389887   0.70999277 -0.01250385  0.2485339   0.672293    0.46919456]
1078,1,3,3,0,3,[ 0.33240315  0.5164111   0.27805647  0.17657688 -0.05974602  0.58628523]
1079,1,3,3,0,4,[0.28361318 0.7749889  0.07583116 0.1824064  0.4696248  0.6914872 ]
1080,1,3,3,1,0,[-0.41606736  0.19680426  0.30303252  0.18980536  0.40948626  0.52300555]
1081,1,3,3,1,1,[ 0.4035583  -0.07608522 -0.12583224 -0.07576466  0.31776676  0.21236978]
1082,1,3,3,1,2,[-1.0842844  -0.3965856   0.16113858  0.30758756  1.2568623  -0.21205987]
1083,1,3,3,1,3,[ 0.01962287  0.502247    0.37872905  0.1747011  -0.41567093  0.6162624 ]
1084,1,3,3,1,4,[-0.38507727  0.41071704  0.26279256  0.22452044  0.86477685  0.71546817]
1085,1,3,3,2,0,[-0.08722562  0.31401145  0.16725469  0.17813475  0.2563265   0.4294064 ]
1086,1,3,3,2,1,[ 0.44933292  0.08483186 -0.1963749  -0.03082575  0.14605449  0.03845314]
1087,1,3,3,2,2,[-0.44158512  0.09288929  0.05576386  0.26996624  0.8139306   0.08027476]
1088,1,3,3,2,3,[ 0.12897353  0.40419373  0.2658895   0.1684378  -0.23886506  0.4701696 ]
1089,1,3,3,2,4,[-0.06881079  0.47768608  0.13996062  0.19928807  0.5586106   0.58115244]
1090,1,3,3,3,0,[0.13243125 0.6270606  0.16580646 0.21786544 0.3139566  0.6351218 ]
1091,1,3,3,3,1,[ 0.7426077   0.30181876 -0.38460386 -0.11853956  0.10596452 -0.08615548]
1092,1,3,3,3,2,[-0.1831841   0.55666727  0.01170329  0.33755174  0.9640835   0.3652778 ]
1093,1,3,3,3,3,[ 0.31065676  0.6087265   0.3494989   0.22976303 -0.19982061  0.6861356 ]
1094,1,3,3,3,4,[0.1508316  0.83787435 0.12941752 0.24878451 0.66557634 0.8319541 ]
1095,1,3,3,4,0,[0.10819675 0.94002575 0.21935523 0.38461864 0.4339323  0.9609319 ]
1096,1,3,3,4,1,[ 0.9955168   0.44622555 -0.5010017  -0.01290572  0.16553032  0.02912495]
1097,1,3,3,4,2,[-0.37772503  0.85468215  0.01190895  0.56783074  1.3970585   0.6200063 ]
1098,1,3,3,4,3,[ 0.3812291   0.8921089   0.4432439   0.3569316  -0.3455241   0.93684834]
1099,1,3,3,4,4,[0.13370751 1.2448249  0.17984863 0.41702896 0.9537862  1.2596308 ]
1100,1,3,4,0,0,[0.15342467 0.40162122 0.00649299 0.00225617 0.1341615  0.31729168]
1101,1,3,4,0,1,[ 0.48475218  0.15957692 -0.5050608  -0.34842917 -0.10906175 -0.3901748 ]
1102,1,3,4,0,2,[-0.01660612  0.44794363 -0.11174654  0.04359161  0.51004183  0.21311346]
1103,1,3,4,0,3,[ 0.2582277   0.34304887  0.17751345  0.08673502 -0.11997358  0.37623134]
1104,1,3,4,0,4,[ 0.15767427  0.5448194  -0.01443777  0.03278558  0.34330872  0.45030764]
1105,1,3,4,1,0,[-0.37399378 -0.01313107  0.48888916  0.04392834  0.41159338  0.723198  ]
1106,1,3,4,1,1,[ 0.41443717 -0.27019572  0.1711491  -0.27365977  0.32074997  0.5978226 ]
1107,1,3,4,1,2,[-1.0151668  -0.57025415  0.47081432  0.1045476   1.2102684   0.2087666 ]
1108,1,3,4,1,3,[ 0.03021369  0.28226572  0.37770453  0.0948659  -0.40513003  0.5416834 ]
1109,1,3,4,1,4,[-0.36555898  0.18541956  0.44805142  0.07829365  0.8139833   0.884517  ]
1110,1,3,4,2,0,[-0.10289803  0.14120518  0.21781515  0.06493377  0.22732858  0.44465634]
1111,1,3,4,2,1,[ 0.39776284 -0.07734903 -0.11339432 -0.18404539  0.10065712  0.12746987]
1112,1,3,4,2,2,[-0.45871505 -0.08100226  0.16051005  0.11302685  0.73961383  0.18272483]
1113,1,3,4,2,3,[ 0.11482597  0.24499235  0.23341204  0.10538106 -0.24729857  0.37210318]
1114,1,3,4,2,4,[-0.09892004  0.29207706  0.19230677  0.08614761  0.4948762   0.5752379 ]
1115,1,3,4,3,0,[0.04314846 0.3681996  0.12840499 0.04537296 0.22672549 0.48628473]
1116,1,3,4,3,1,[ 0.5839582   0.05177355 -0.43840778 -0.35573933 -0.0265665  -0.21771589]
1117,1,3,4,3,2,[-0.29843152  0.26702306  0.00735466  0.10260636  0.8077644   0.2530397 ]
1118,1,3,4,3,3,[ 0.25267962  0.39073312  0.2609067   0.13016595 -0.24417855  0.48348218]
1119,1,3,4,3,4,[0.04745713 0.5632041  0.09923329 0.07824035 0.54043597 0.6630062 ]
1120,1,3,4,4,0,[-0.01419984  0.56896275  0.18138452  0.14022638  0.32356152  0.76747185]
1121,1,3,4,4,1,"[ 7.81488001e-01  9.47965160e-02 -5.49824178e-01 -3.40046763e-01
 -3.88565910e-04 -1.16638236e-01]"
1122,1,3,4,4,2,[-0.5367337   0.43753374  0.01934532  0.23683114  1.1861478   0.4745056 ]
1123,1,3,4,4,3,[ 0.30359942  0.58207935  0.33179188  0.21372032 -0.39467654  0.66846704]
1124,1,3,4,4,4,[-0.00906668  0.8493517   0.14867523  0.17676914  0.78569925  1.0315269 ]
1125,1,4,0,0,0,[-0.04045269  0.23408127 -0.03824164 -0.0108405  -0.00787792  0.06152792]
1126,1,4,0,0,1,[ 0.25105745  0.15943322 -0.43123907 -0.28170463 -0.1301089  -0.34930232]
1127,1,4,0,0,2,[-0.21242696  0.26309898 -0.1376941   0.04540483  0.36173365 -0.0676231 ]
1128,1,4,0,0,3,[ 0.07582381  0.13510337  0.10456547  0.03823782 -0.29449114  0.07375604]
1129,1,4,0,0,4,[-0.00959218  0.3890242  -0.0458024   0.02619995  0.21891947  0.22445604]
1130,1,4,0,1,0,[-0.6879412  -0.1717885   0.21664317  0.02148635  0.12864277  0.12293991]
1131,1,4,0,1,1,[-0.03152429 -0.07532772 -0.06570569 -0.22675867  0.20306124  0.34794217]
1132,1,4,0,1,2,[-1.3419837  -0.7216551   0.15195222  0.09710545  0.8830705  -0.53384006]
1133,1,4,0,1,3,[-0.23678829 -0.01086902  0.1933883   0.04088147 -0.6935774   0.00285786]
1134,1,4,0,1,4,[-0.63948256  0.04149509  0.20238848  0.06258184  0.5561289   0.33237666]
1135,1,4,0,2,0,[-0.32301167  0.00638342  0.07512644  0.03698631  0.03998675  0.06782898]
1136,1,4,0,2,1,[ 0.09673285  0.01342292 -0.1986916  -0.16028522  0.03087042  0.01537518]
1137,1,4,0,2,2,[-0.6847026  -0.21828866  0.00535903  0.09526724  0.5293699  -0.26613957]
1138,1,4,0,2,3,[-0.0784532   0.0329539   0.11948547  0.05494824 -0.44792366  0.00589787]
1139,1,4,0,2,4,[-0.29024717  0.16799319  0.0673181   0.06485154  0.32587683  0.23256119]
1140,1,4,0,3,0,[-0.23044495  0.16711715  0.00844785  0.01511354  0.00970655  0.07107328]
1141,1,4,0,3,1,[ 0.23013286  0.10846967 -0.44097644 -0.3012357  -0.08718419 -0.26384214]
1142,1,4,0,3,2,[-0.57699364  0.05246842 -0.10671938  0.08823043  0.5719315  -0.22396456]
1143,1,4,0,3,3,[ 0.00452884  0.11341348  0.13900328  0.0630889  -0.49145797  0.0429863 ]
1144,1,4,0,3,4,"[-1.8956298e-01  3.7688273e-01 -3.3261284e-04  5.6918055e-02
  3.4715793e-01  2.9005909e-01]"
1145,1,4,0,4,0,[-0.36764985  0.29216817  0.011971    0.10516236  0.0158846   0.17414106]
1146,1,4,0,4,1,[ 0.31281638  0.19966318 -0.56971383 -0.2713797  -0.09133202 -0.20505354]
1147,1,4,0,4,2,[-0.8912684   0.14400296 -0.1425646   0.22085984  0.84863895 -0.2102907 ]
1148,1,4,0,4,3,[-0.01869846  0.19154055  0.1664197   0.13473488 -0.7400875   0.05054444]
1149,1,4,0,4,4,[-0.31534165  0.59124374  0.00665405  0.1513274   0.50942075  0.49489313]
1150,1,4,1,0,0,[ 0.00795238  0.19290826 -0.0839247  -0.05489141  0.00363001  0.02238976]
1151,1,4,1,0,1,[ 0.28916764  0.05111492 -0.5481303  -0.37803224 -0.18126906 -0.53184634]
1152,1,4,1,0,2,[-0.18276383  0.19057101 -0.2065652  -0.02909148  0.3409264  -0.14426973]
1153,1,4,1,0,3,[ 0.13939162  0.14894308  0.08916882  0.03598618 -0.24958618  0.10345894]
1154,1,4,1,0,4,[ 0.01908932  0.3310999  -0.09493446 -0.02308269  0.21001959  0.1611367 ]
1155,1,4,1,1,0,[-0.5522552  -0.23968144  0.28126234 -0.02568068  0.1940523   0.26223636]
1156,1,4,1,1,1,[ 0.13745168 -0.2808223  -0.01371466 -0.3189967   0.19950724  0.36747736]
1157,1,4,1,1,2,[-1.1978925  -0.8031009   0.23340568  0.01711225  0.92022395 -0.33199045]
1158,1,4,1,1,3,[-0.12857112 -0.00363064  0.21603441  0.03556246 -0.60758626  0.10784639]
1159,1,4,1,1,4,[-0.5323026  -0.0466637   0.25790408  0.01030166  0.58783805  0.43484333]
1160,1,4,1,2,0,[-0.24190311 -0.0441431   0.08673266  0.00391516  0.07462932  0.11391674]
1161,1,4,1,2,1,[ 0.19191597 -0.12569809 -0.2188372  -0.22871579  0.01160263 -0.04524969]
1162,1,4,1,2,2,[-0.607249   -0.28892896  0.01455668  0.03701445  0.53834695 -0.20920947]
1163,1,4,1,2,3,[-0.00464754  0.03916117  0.12460218  0.0541578  -0.39140186  0.06481976]
1164,1,4,1,2,4,[-0.22965921  0.1020193   0.0731679   0.02725304  0.33728492  0.2522692 ]
1165,1,4,1,3,0,[-0.14751104  0.10412891 -0.01808125 -0.03649691  0.03797611  0.06817074]
1166,1,4,1,3,1,[ 0.3151267  -0.05698715 -0.53761584 -0.41063273 -0.13630792 -0.43383622]
1167,1,4,1,3,2,"[-5.0964284e-01 -4.5886762e-02 -1.5170465e-01 -4.0249473e-05
  5.6136692e-01 -2.4808240e-01]"
1168,1,4,1,3,3,[ 0.09356128  0.12505464  0.13056293  0.06030378 -0.42605898  0.09786168]
1169,1,4,1,3,4,[-0.13290852  0.2928408  -0.03279487 -0.00095106  0.34690684  0.2541286 ]
1170,1,4,1,4,0,[-0.26186436  0.18612613 -0.02253512  0.03441728  0.05358966  0.16504574]
1171,1,4,1,4,1,[ 0.4305887  -0.05176651 -0.69124085 -0.40629348 -0.15570563 -0.4304785 ]
1172,1,4,1,4,2,[-0.8069826  -0.01532676 -0.20278464  0.10312252  0.8320258  -0.24933231]
1173,1,4,1,4,3,[ 0.09279978  0.19465728  0.15348946  0.12401804 -0.6536919   0.11752115]
1174,1,4,1,4,4,[-0.24387145  0.45721906 -0.03634959  0.07385178  0.50773877  0.44044596]
1175,1,4,2,0,0,[ 0.19704877  0.37607113 -0.09226216  0.00770436  0.11775194  0.17674176]
1176,1,4,2,0,1,[ 0.61392546  0.11849669 -0.7455528  -0.43061545 -0.15234536 -0.68802005]
1177,1,4,2,0,2,[-0.04739298  0.36347595 -0.3005293   0.03973315  0.55035454 -0.08968747]
1178,1,4,2,0,3,[ 0.34288445  0.35199156  0.18459715  0.13205378 -0.20518859  0.36162093]
1179,1,4,2,0,4,[ 0.18576407  0.5372249  -0.12282526  0.03593903  0.37090343  0.32188296]
1180,1,4,2,1,0,[-0.55602723 -0.20765345  0.23108749  0.0416355   0.33448702  0.33106986]
1181,1,4,2,1,1,[ 0.42124304 -0.42202315 -0.2729654  -0.34802854  0.26563472  0.1629161 ]
1182,1,4,2,1,2,[-1.4054651  -0.9720804   0.03766744  0.09905916  1.259279   -0.5704955 ]
1183,1,4,2,1,3,[-0.03476096  0.18623221  0.2876342   0.118999   -0.68859905  0.32634267]
1184,1,4,2,1,4,[-0.5524039   0.02188171  0.18595381  0.07848354  0.8370043   0.52215195]
1185,1,4,2,2,0,[-0.17328857  0.02647442  0.06016752  0.07162929  0.1731938   0.19393387]
1186,1,4,2,2,1,[ 0.4490514  -0.18364282 -0.4070678  -0.2373324   0.04697353 -0.20296061]
1187,1,4,2,2,2,[-0.6510735  -0.31181854 -0.10991334  0.11603772  0.765837   -0.3028204 ]
1188,1,4,2,2,3,[ 0.11031363  0.18862689  0.18985873  0.13567942 -0.42377308  0.2457053 ]
1189,1,4,2,2,4,[-0.17625743  0.20147406  0.03018896  0.09264156  0.5059947   0.3474094 ]
1190,1,4,2,3,0,[ 0.02318895  0.26918048 -0.04455167  0.04682844  0.17243797  0.21460958]
1191,1,4,2,3,1,[ 0.69638425 -0.05848736 -0.7973358  -0.4568221  -0.10275626 -0.65757865]
1192,1,4,2,3,2,[-0.44694912  0.05403017 -0.29898974  0.09392106  0.84250873 -0.2789291 ]
1193,1,4,2,3,3,[ 0.30345753  0.35417747  0.23366931  0.1763018  -0.4212909   0.38007528]
1194,1,4,2,3,4,[ 0.01307779  0.49309555 -0.08232678  0.07847498  0.5588127   0.41660726]
1195,1,4,2,4,0,[-0.06533425  0.40554535 -0.06493814  0.17432941  0.226408    0.37130752]
1196,1,4,2,4,1,[ 0.94431806 -0.07607813 -1.0301532  -0.403479   -0.1067481  -0.6917238 ]
1197,1,4,2,4,2,[-0.77069485  0.11244398 -0.408996    0.27015316  1.2280581  -0.2765147 ]
1198,1,4,2,4,3,[ 0.3415376   0.50033545  0.27387103  0.28272852 -0.6888507   0.47070506]
1199,1,4,2,4,4,[-0.07622057  0.7327992  -0.10569549  0.20879495  0.8011821   0.6823026 ]
1200,1,4,3,0,0,[0.27627113 0.48320943 0.00653485 0.10349886 0.18195994 0.34130818]
1201,1,4,3,0,1,[ 0.7012286   0.25707132 -0.53879374 -0.25227046 -0.02200687 -0.3917263 ]
1202,1,4,3,0,2,[ 0.08778124  0.4984104  -0.16776492  0.16434632  0.6112603   0.1309988 ]
1203,1,4,3,0,3,[ 0.37049958  0.43051255  0.24257468  0.17757998 -0.14022268  0.47656682]
1204,1,4,3,0,4,[ 0.26835966  0.63211435 -0.02765324  0.12619776  0.42214993  0.473811  ]
1205,1,4,3,1,0,[-0.48346424 -0.04788772  0.14827316  0.12607211  0.31752375  0.24551134]
1206,1,4,3,1,1,[ 0.4240791  -0.24010697 -0.35647678 -0.19453184  0.26644632  0.01179988]
1207,1,4,3,1,2,[-1.2445297  -0.75348616 -0.07325546  0.21286912  1.1889222  -0.6670245 ]
1208,1,4,3,1,3,[-0.01580619  0.30280927  0.28515813  0.15641354 -0.61882895  0.3702945 ]
1209,1,4,3,1,4,[-0.467644    0.1666916   0.10736952  0.15913936  0.80113196  0.43392974]
1210,1,4,3,2,0,[-0.12067471  0.13561802  0.05556928  0.13088292  0.18304737  0.20529789]
1211,1,4,3,2,1,[ 0.46579608 -0.05403506 -0.37518144 -0.12542495  0.08574528 -0.18033428]
1212,1,4,3,2,2,[-0.5374775  -0.1660672  -0.11296121  0.19716011  0.74966407 -0.2744207 ]
1213,1,4,3,2,3,[ 0.12136578  0.2681639   0.20584558  0.15967493 -0.37264875  0.29854104]
1214,1,4,3,2,4,[-0.11534301  0.29969558  0.02722337  0.14970301  0.5032491   0.35485166]
1215,1,4,3,3,0,[0.10786158 0.4099552  0.02132921 0.14611629 0.2214433  0.33310065]
1216,1,4,3,3,1,[ 0.7619563   0.11649152 -0.63417614 -0.2702729   0.00919099 -0.44282603]
1217,1,4,3,3,2,[-0.2855558   0.23671705 -0.20775242  0.2260479   0.8728969  -0.11041185]
1218,1,4,3,3,3,[ 0.32721826  0.4568685   0.28333753  0.22033852 -0.34568673  0.4901109 ]
1219,1,4,3,3,4,[ 0.10570774  0.618808   -0.01774145  0.17294376  0.5912126   0.5244672 ]
1220,1,4,3,4,0,[0.06779025 0.60421455 0.02098938 0.31095043 0.28937608 0.5239549 ]
1221,1,4,3,4,1,[ 1.044002    0.17116399 -0.82487434 -0.15846181  0.03537036 -0.43254548]
1222,1,4,3,4,2,[-0.52297115  0.37176293 -0.28692332  0.45054838  1.261736   -0.05349428]
1223,1,4,3,4,3,[ 0.38413793  0.644013    0.34225777  0.34742692 -0.58200234  0.62146425]
1224,1,4,3,4,4,[ 0.06781252  0.9108546  -0.02081479  0.3381729   0.8405699   0.8214353 ]
1225,1,4,4,0,0,[ 0.12649849  0.2501635  -0.13629855 -0.05687533  0.0566274   0.04711103]
1226,1,4,4,0,1,[ 0.4675756   0.00599327 -0.7583019  -0.47575003 -0.21872976 -0.77322656]
1227,1,4,4,0,2,[-0.10576013  0.22116208 -0.3214611  -0.04821128  0.4206883  -0.2011279 ]
1228,1,4,4,0,3,[ 0.27780837  0.25227934  0.11695784  0.07962335 -0.20784225  0.23461948]
1229,1,4,4,0,4,[ 0.1143906   0.39075342 -0.15801786 -0.02961009  0.27542728  0.17630415]
1230,1,4,4,1,0,[-0.47950497 -0.28227887  0.26893625 -0.02626889  0.2889108   0.34277952]
1231,1,4,4,1,1,[ 0.37614277 -0.49811378 -0.16535886 -0.40084282  0.20242037  0.21056129]
1232,1,4,4,1,2,[-1.2282058  -0.9610635   0.15237623  0.00225178  1.0971751  -0.38048103]
1233,1,4,4,1,3,[-0.01878181  0.08375912  0.2499608   0.0716514  -0.60925025  0.25670388]
1234,1,4,4,1,4,[-0.48544428 -0.08171757  0.23096374  0.00734691  0.71922725  0.5049309 ]
1235,1,4,4,2,0,[-0.163152   -0.05068209  0.06104558  0.01371066  0.13434233  0.15450811]
1236,1,4,4,2,1,[ 0.37416327 -0.25371844 -0.36435318 -0.28293154 -0.00236052 -0.20956619]
1237,1,4,4,2,2,[-0.59094125 -0.358298   -0.06652246  0.03592521  0.646485   -0.2581842 ]
1238,1,4,4,2,3,[ 0.09618548  0.109924    0.14955652  0.0928902  -0.3819303   0.17476167]
1239,1,4,4,2,4,[-0.17128088  0.10163333  0.03697175  0.03332511  0.41963586  0.28622645]
1240,1,4,4,3,0,[-0.0182852   0.13507384 -0.07370103 -0.03290995  0.10821308  0.10291789]
1241,1,4,4,3,1,[ 0.550276   -0.17625989 -0.7785906  -0.5138873  -0.17609234 -0.71522856]
1242,1,4,4,3,2,[-0.4486204  -0.07309663 -0.285968   -0.01533953  0.68021506 -0.32680988]
1243,1,4,4,3,3,[ 0.25048676  0.23735291  0.16299023  0.11371161 -0.3946254   0.25128272]
1244,1,4,4,3,4,[-0.03225219  0.33003357 -0.10200986 -0.00273135  0.44055998  0.27928963]
1245,1,4,4,4,0,[-0.10886899  0.21275099 -0.10172815  0.05267454  0.14321604  0.21183017]
1246,1,4,4,4,1,[ 0.7490946  -0.24196324 -1.0080355  -0.50423676 -0.20733216 -0.78927535]
1247,1,4,4,4,2,[-0.7540422  -0.07262667 -0.38944888  0.10394346  0.9988538  -0.35420707]
1248,1,4,4,4,3,[ 0.28163728  0.3363272   0.18598716  0.19296123 -0.6338625   0.30549482]
1249,1,4,4,4,4,[-0.12652531  0.49693707 -0.13201103  0.08604992  0.6365999   0.48085314]
1250,2,0,0,0,0,[0.18002906 0.14117321 0.20304339 0.19419196 0.06222225 0.28250226]
1251,2,0,0,0,1,[0.63748306 0.36099067 0.14380914 0.19696528 0.26026294 0.5225734 ]
1252,2,0,0,0,2,[0.18441057 0.22401595 0.16839206 0.3236303  0.38069725 0.28309262]
1253,2,0,0,0,3,[ 0.09373544 -0.00167748  0.22351126  0.10004611 -0.23149335  0.14682335]
1254,2,0,0,0,4,[0.2264117  0.2957518  0.17690112 0.22958861 0.24704307 0.41424274]
1255,2,0,0,1,0,[-0.4161508  -0.44727558  0.30202743  0.20203109  0.01416697 -0.12810972]
1256,2,0,0,1,1,[ 0.24288961 -0.1292373   0.37407184  0.18758583  0.4240548   0.56634295]
1257,2,0,0,1,2,[-0.78517205 -0.9102095   0.2578621   0.31388587  0.5394924  -0.69505996]
1258,2,0,0,1,3,[-0.21621847 -0.21288617  0.2368151   0.12376002 -0.5902572  -0.08618882]
1259,2,0,0,1,4,[-0.35159382 -0.25560206  0.27455205  0.22732048  0.34024453  0.03777155]
1260,2,0,0,2,0,[-0.10829347 -0.14784728  0.21484187  0.20273916  0.033204    0.0588888 ]
1261,2,0,0,2,1,[0.36602283 0.06633484 0.23161277 0.20834583 0.2965859  0.465412  ]
1262,2,0,0,2,2,[-0.28279784 -0.3272728   0.17910531  0.29890203  0.39292663 -0.19982892]
1263,2,0,0,2,3,[-0.04431838 -0.09067591  0.19258545  0.1294495  -0.3535812   0.02697293]
1264,2,0,0,2,4,[-0.06816373 -0.00419192  0.19209525  0.21863343  0.2501785   0.18105908]
1265,2,0,0,3,0,[0.06030815 0.01121623 0.268902   0.26630718 0.0641443  0.23231243]
1266,2,0,0,3,1,[0.66721016 0.28525674 0.23601036 0.26634213 0.36045152 0.6393739 ]
1267,2,0,0,3,2,[-0.0512117  -0.04492074  0.22069252  0.41166604  0.5075156   0.06812449]
1268,2,0,0,3,3,[ 0.04621447 -0.04770122  0.27109885  0.159673   -0.37768772  0.12389374]
1269,2,0,0,3,4,[0.11380754 0.20536253 0.23705943 0.2973503  0.32614294 0.3976829 ]
1270,2,0,0,4,0,[-0.04702941  0.04207455  0.29192254  0.34026834  0.06545947  0.24883683]
1271,2,0,0,4,1,[0.7243516  0.3594015  0.24070667 0.29458562 0.45354813 0.7683009 ]
1272,2,0,0,4,2,[-0.29042763 -0.08791141  0.20830639  0.50455093  0.68135    -0.049106  ]
1273,2,0,0,4,3,[ 0.02879582  0.01360396  0.3059207   0.23277234 -0.5462202   0.1525306 ]
1274,2,0,0,4,4,[0.0118347  0.29010388 0.25802478 0.36685508 0.43121824 0.47024515]
1275,2,0,1,0,0,[0.25159708 0.15782906 0.20265186 0.19576527 0.11169434 0.33745924]
1276,2,0,1,0,1,[0.71488816 0.34169415 0.12099553 0.1730276  0.2835051  0.5202973 ]
1277,2,0,1,0,2,[0.2423114  0.22343087 0.15196271 0.30444568 0.40939927 0.31495887]
1278,2,0,1,0,3,[ 0.17065266  0.04134089  0.23785889  0.12661844 -0.16802192  0.23152433]
1279,2,0,1,0,4,[0.27686238 0.29369736 0.16920243 0.22159626 0.27532884 0.4390603 ]
1280,2,0,1,1,0,[-0.29555923 -0.42042395  0.37011397  0.19462717  0.10409537  0.06223784]
1281,2,0,1,1,1,[ 0.40221024 -0.1716239   0.4698508   0.15971582  0.49469385  0.74018735]
1282,2,0,1,1,2,[-0.656995   -0.87410825  0.3317824   0.28492227  0.6146342  -0.45409524]
1283,2,0,1,1,3,[-0.12474426 -0.16771024  0.27433684  0.1407107  -0.50350404  0.04877588]
1284,2,0,1,1,4,[-0.254681   -0.24911052  0.3312385   0.21224612  0.40111715  0.19027416]
1285,2,0,1,2,0,[-0.02445428 -0.1327143   0.24725509  0.2055292   0.09371402  0.1665523 ]
1286,2,0,1,2,1,[0.47330496 0.03671044 0.27019688 0.19734661 0.34039876 0.5479293 ]
1287,2,0,1,2,2,[-0.2002208  -0.31525862  0.20757702  0.28561243  0.43901518 -0.07911597]
1288,2,0,1,2,3,[ 0.02677799 -0.05682127  0.21669213  0.14985694 -0.29019955  0.12052701]
1289,2,0,1,2,4,[-0.0029374  -0.00485663  0.21619552  0.2141771   0.28957713  0.2600473 ]
1290,2,0,1,3,0,[0.16137972 0.02973935 0.28806263 0.2690968  0.13508925 0.33479372]
1291,2,0,1,3,1,[0.7880375  0.2509306  0.24353768 0.24393588 0.40312675 0.6870908 ]
1292,2,0,1,3,2,[ 0.03985429 -0.0406551   0.2259249   0.3905577   0.55510795  0.16212599]
1293,2,0,1,3,3,[ 0.14247902  0.00107702  0.29562128  0.18998693 -0.29548755  0.2385447 ]
1294,2,0,1,3,4,[0.1890062  0.20148021 0.24600427 0.2892833  0.3695343  0.46182328]
1295,2,0,1,4,0,[0.0626899  0.04825166 0.3064412  0.32207045 0.14838633 0.36002612]
1296,2,0,1,4,1,[0.86132544 0.2919401  0.24190162 0.24479958 0.49881485 0.8090111 ]
1297,2,0,1,4,2,[-0.1949015  -0.10109019  0.20131676  0.4548034   0.732075    0.04998193]
1298,2,0,1,4,3,[ 0.13244218  0.06191132  0.32898873  0.2510585  -0.44943115  0.27953073]
1299,2,0,1,4,4,[0.09157449 0.26897347 0.25984192 0.33871114 0.47918355 0.5340047 ]
1300,2,0,2,0,0,[0.5463941  0.37304366 0.33051762 0.37440133 0.28582835 0.69177246]
1301,2,0,2,0,1,[1.232123   0.61139035 0.22617015 0.3625958  0.53305537 0.9277351 ]
1302,2,0,2,0,2,[0.5549463  0.4712006  0.24129964 0.5240401  0.6805839  0.65742695]
1303,2,0,2,0,3,[ 0.39178458  0.21093969  0.39256933  0.27198747 -0.09756809  0.55384207]
1304,2,0,2,0,4,[0.5535033  0.53109336 0.2706093  0.39155468 0.4825707  0.7861221 ]
1305,2,0,2,1,0,[-0.21275447 -0.39780766  0.42707577  0.3564992   0.23489662  0.20032324]
1306,2,0,2,1,1,[ 0.7985961  -0.12460771  0.5188543   0.33094716  0.7488098   0.99563646]
1307,2,0,2,1,2,[-0.66716963 -0.98534924  0.30084643  0.4824169   0.9003429  -0.5232723 ]
1308,2,0,2,1,3,[-0.05102681 -0.05228521  0.37404814  0.27103436 -0.57568103  0.24618416]
1309,2,0,2,1,4,[-0.17560588 -0.19285856  0.3657545   0.3667553   0.6142648   0.33844966]
1310,2,0,2,2,0,[ 0.12592822 -0.0509444   0.32384834  0.36255226  0.21697174  0.3612414 ]
1311,2,0,2,2,1,[0.8535309  0.14337324 0.3402923  0.3712827  0.55080783 0.81995034]
1312,2,0,2,2,2,[-0.08776198 -0.28426784  0.22997214  0.47448215  0.6700679   0.0161556 ]
1313,2,0,2,2,3,[ 0.14522871  0.05324012  0.32018834  0.27633524 -0.30066514  0.32782814]
1314,2,0,2,2,4,[0.13769439 0.10151194 0.27273265 0.36175132 0.46352243 0.45721266]
1315,2,0,2,3,0,[0.45722952 0.22646804 0.42214358 0.4907213  0.3299187  0.6963414 ]
1316,2,0,2,3,1,[1.3795459  0.49548975 0.35788643 0.48210782 0.70289767 1.1293671 ]
1317,2,0,2,3,2,[0.32258877 0.14548236 0.29929745 0.6591716  0.8839713  0.45204997]
1318,2,0,2,3,3,[ 0.36888537  0.18631086  0.4648753   0.37060466 -0.25539604  0.5873187 ]
1319,2,0,2,3,4,[0.46572492 0.4288571  0.34968665 0.49834722 0.6191462  0.820327  ]
1320,2,0,2,4,0,[0.37216    0.29314998 0.43644273 0.5806104  0.37474644 0.7704557 ]
1321,2,0,2,4,1,[1.5521038  0.5730146  0.3433962  0.5115901  0.86137205 1.3136829 ]
1322,2,0,2,4,2,[0.06714252 0.1088609  0.24065383 0.76804525 1.1451633  0.33761534]
1323,2,0,2,4,3,[ 0.37601095  0.3127349   0.51026523  0.46364176 -0.44050214  0.6874263 ]
1324,2,0,2,4,4,[0.38050732 0.55585974 0.35649967 0.5824986  0.7899908  0.95100874]
1325,2,0,3,0,0,[0.57281363 0.4454987  0.35133362 0.4058761  0.30254698 0.7457682 ]
1326,2,0,3,0,1,[1.2388718  0.6907519  0.27620074 0.42875126 0.5618937  1.0042467 ]
1327,2,0,3,0,2,[0.6130142  0.55922973 0.28276628 0.56865835 0.6900703  0.745141  ]
1328,2,0,3,0,3,[ 0.39643323  0.2693515   0.3983212   0.28115028 -0.06743012  0.59251577]
1329,2,0,3,0,4,[0.5839347  0.5933643  0.2951309  0.42217615 0.49242118 0.83809555]
1330,2,0,3,1,0,[-0.17752795 -0.29501757  0.32573083  0.38404536  0.19688518  0.09386399]
1331,2,0,3,1,1,[ 0.7588172  -0.03198501  0.3523862   0.3856006   0.67089033  0.7488085 ]
1332,2,0,3,1,2,[-0.577955   -0.8463878   0.18463784  0.52520204  0.82248664 -0.6299761 ]
1333,2,0,3,1,3,[-0.0368609   0.0285421   0.33690977  0.27638415 -0.5379799   0.23846382]
1334,2,0,3,1,4,[-0.13261043 -0.10136033  0.27496773  0.39469898  0.56535023  0.2385155 ]
1335,2,0,3,2,0,[0.13799703 0.01810892 0.27728376 0.3687145  0.19670992 0.31525818]
1336,2,0,3,2,1,[0.8159102  0.20854479 0.26933032 0.39252684 0.5118228  0.7075857 ]
1337,2,0,3,2,2,[-0.03988432 -0.19331461  0.18485484  0.49021423  0.6281337  -0.01751431]
1338,2,0,3,2,3,[ 0.14251898  0.10785653  0.29830146  0.26923403 -0.27920192  0.3242546 ]
1339,2,0,3,2,4,[0.15679272 0.16236459 0.23374254 0.3699129  0.43693665 0.4161478 ]
1340,2,0,3,3,0,[0.47919497 0.31788084 0.40607935 0.5119386  0.3264949  0.7003617 ]
1341,2,0,3,3,1,[1.3542314  0.5888028  0.34539565 0.5339242  0.69484395 1.1043057 ]
1342,2,0,3,3,2,[0.38850328 0.2612684  0.29864267 0.6946526  0.861759   0.4869846 ]
1343,2,0,3,3,3,[ 0.3676873   0.25917184  0.4540082   0.3697617  -0.22283484  0.60828394]
1344,2,0,3,3,4,[0.49536806 0.50843185 0.3411771  0.5206647  0.60732967 0.8267125 ]
1345,2,0,3,4,0,[0.44641495 0.4238158  0.43275195 0.64223725 0.38140678 0.803926  ]
1346,2,0,3,4,1,[1.5731586  0.7085861  0.3425037  0.62456447 0.8622143  1.3036821 ]
1347,2,0,3,4,2,[0.21452436 0.27661043 0.2634958  0.8543389  1.1263852  0.42294556]
1348,2,0,3,4,3,[ 0.40290207  0.4142331   0.51003766  0.48692542 -0.38374674  0.73829776]
1349,2,0,3,4,4,[0.46241897 0.6708458  0.3616694  0.6422144  0.7834109  0.9858395 ]
1350,2,0,4,0,0,[0.44120905 0.26912385 0.25777516 0.28409457 0.2237499  0.53462297]
1351,2,0,4,0,1,[1.0202354  0.45715562 0.1419587  0.24866919 0.41360778 0.69946766]
1352,2,0,4,0,2,[0.43102983 0.3390233  0.1752309  0.40004864 0.5571548  0.48733145]
1353,2,0,4,0,3,[ 0.32775098  0.14740136  0.31996524  0.21485102 -0.09836403  0.43679887]
1354,2,0,4,0,4,[0.44444314 0.40561128 0.20696431 0.2998989  0.3919301  0.6151605 ]
1355,2,0,4,1,0,[-0.18460932 -0.4051277   0.429489    0.26957494  0.21692564  0.22809894]
1356,2,0,4,1,1,[ 0.69708973 -0.18734378  0.530911    0.22459091  0.6535233   0.9454878 ]
1357,2,0,4,1,2,[-0.5915034  -0.9247951   0.34783316  0.36394405  0.7966418  -0.36920097]
1358,2,0,4,1,3,[-0.03404067 -0.09109038  0.3407796   0.21597838 -0.49483103  0.21737169]
1359,2,0,4,1,4,[-0.16022614 -0.22816628  0.3729991   0.27887374  0.5391254   0.33935705]
1360,2,0,4,2,0,[ 0.10047198 -0.09033586  0.29783276  0.28553122  0.18752596  0.3169855 ]
1361,2,0,4,2,1,[0.729901   0.0634304  0.3130478  0.27602115 0.46474108 0.7145173 ]
1362,2,0,4,2,2,[-0.09713021 -0.30278328  0.22626825  0.37140635  0.5782718   0.02416107]
1363,2,0,4,2,3,[ 0.12907931  0.01332067  0.2792499   0.22604902 -0.26161882  0.27375036]
1364,2,0,4,2,4,[0.10551661 0.04105989 0.25196502 0.28496373 0.39690086 0.39497977]
1365,2,0,4,3,0,[0.3693926  0.13022275 0.35633817 0.38044152 0.2694169  0.5612931 ]
1366,2,0,4,3,1,[1.1582894  0.34179527 0.28347445 0.34570962 0.56843525 0.9095808 ]
1367,2,0,4,3,2,[0.23291785 0.04321084 0.25193688 0.51029813 0.74233145 0.34099042]
1368,2,0,4,3,3,[ 0.31416157  0.11665811  0.3901119   0.29884467 -0.23115562  0.47325268]
1369,2,0,4,3,4,[0.37143368 0.30479154 0.29323938 0.38774857 0.51570684 0.6644806 ]
1370,2,0,4,4,0,[0.27983215 0.16153572 0.36420542 0.43693334 0.30247802 0.6078086 ]
1371,2,0,4,4,1,[1.2881438  0.37635908 0.26088127 0.34052292 0.69181496 1.0451132 ]
1372,2,0,4,4,2,[-0.01397935 -0.02095273  0.19553472  0.5767584   0.95996654  0.2191536 ]
1373,2,0,4,4,3,[ 0.31565702  0.20743224  0.42551437  0.36736432 -0.39471748  0.54630834]
1374,2,0,4,4,4,[0.2799597  0.3881422  0.29386517 0.4403122  0.65600485 0.75771916]
1375,2,1,0,0,0,[0.15137519 0.08218006 0.1182863  0.12621923 0.04691957 0.1663635 ]
1376,2,1,0,0,1,[0.4566661  0.20617364 0.05400888 0.10050619 0.15227312 0.26271588]
1377,2,1,0,0,2,[0.13756147 0.12134216 0.08017468 0.19343483 0.24471341 0.13477364]
1378,2,1,0,0,3,[ 0.10174278  0.00129222  0.1461413   0.08779932 -0.14358391  0.10517506]
1379,2,1,0,0,4,[0.1684108  0.17445967 0.09726238 0.14169721 0.16004619 0.2382353 ]
1380,2,1,0,1,0,[-0.24728227 -0.29400828  0.19419992  0.12330798  0.01044459 -0.06791811]
1381,2,1,0,1,1,[ 0.22063603 -0.09462205  0.24027121  0.09107249  0.2649456   0.3683816 ]
1382,2,1,0,1,2,[-0.49839935 -0.5931291   0.1601927   0.18042478  0.3567978  -0.43425676]
1383,2,1,0,1,3,[-0.13342622 -0.15503061  0.13850947  0.0921573  -0.41459194 -0.08272887]
1384,2,1,0,1,4,[-0.21344975 -0.17541558  0.17455962  0.1344264   0.22114372  0.03141103]
1385,2,1,0,2,0,[-0.04501387 -0.10289755  0.13522746  0.13336813  0.02467283  0.03968038]
1386,2,1,0,2,1,[0.28741762 0.02638597 0.13808618 0.12067532 0.1832659  0.27800924]
1387,2,1,0,2,2,[-0.16899796 -0.22404076  0.10379708  0.18383765  0.25770032 -0.13907109]
1388,2,1,0,2,3,[-0.01019053 -0.06781088  0.11946602  0.10063683 -0.24238552  0.00818048]
1389,2,1,0,2,4,[-0.02740467 -0.01490245  0.11792108  0.1382292   0.16274565  0.1102529 ]
1390,2,1,0,3,0,[ 0.078436   -0.00505567  0.16195445  0.17394915  0.04703975  0.13771842]
1391,2,1,0,3,1,[0.49415013 0.1535986  0.11760917 0.14513773 0.21556026 0.34454507]
1392,2,1,0,3,2,[-0.01192694 -0.05459201  0.11450417  0.24947572  0.32839054  0.00201953]
1393,2,1,0,3,3,[ 0.06904664 -0.03628062  0.17282926  0.12932673 -0.24975093  0.07940831]
1394,2,1,0,3,4,[0.09907535 0.11237351 0.1369357  0.1856758  0.2108796  0.23053452]
1395,2,1,0,4,0,[-0.00932025 -0.00301573  0.15646939  0.20135382  0.02982429  0.11007848]
1396,2,1,0,4,1,[0.52167827 0.17976503 0.09342963 0.1352369  0.24957456 0.37404197]
1397,2,1,0,4,2,[-0.19170158 -0.10305741  0.07946604  0.28447995  0.42252716 -0.12081537]
1398,2,1,0,4,3,[ 0.0384353  -0.01566899  0.1775782   0.16257107 -0.3847582   0.05763552]
1399,2,1,0,4,4,[0.01580882 0.14941877 0.13115019 0.21190545 0.26306656 0.24093375]
1400,2,1,1,0,0,[0.19798358 0.08793161 0.11402059 0.12603244 0.07841845 0.19654045]
1401,2,1,1,0,1,[0.5095739  0.18623257 0.03033348 0.08017693 0.16459224 0.24964096]
1402,2,1,1,0,2,[0.17197177 0.11411659 0.06233811 0.1782395  0.26306418 0.14527836]
1403,2,1,1,0,3,[ 0.1542932   0.02645712  0.15491669  0.10644208 -0.10334986  0.15954827]
1404,2,1,1,0,4,[0.20034847 0.1685709  0.08773284 0.1349488  0.17809789 0.24832764]
1405,2,1,1,1,0,[-0.17318368 -0.2876662   0.24073024  0.11679744  0.06946153  0.05602084]
1406,2,1,1,1,1,[ 0.32708168 -0.13627526  0.30611414  0.06822794  0.31207508  0.4851647 ]
1407,2,1,1,1,2,[-0.4251178  -0.5848626   0.2097316   0.15812974  0.40925455 -0.2802015 ]
1408,2,1,1,1,3,[-0.07531734 -0.13269056  0.16302583  0.10416343 -0.36274046  0.00285674]
1409,2,1,1,1,4,[-0.1555349  -0.18127444  0.21298756  0.12258752  0.26248884  0.13034925]
1410,2,1,1,2,0,[ 0.00822819 -0.09987973  0.15611278  0.13518736  0.06446075  0.10843346]
1411,2,1,1,2,1,[ 0.3606203  -0.00185855  0.16208546  0.11156563  0.21200709  0.3303993 ]
1412,2,1,1,2,2,[-0.12045392 -0.22557555  0.12046409  0.1739842   0.2896687  -0.06496373]
1413,2,1,1,2,3,[ 0.03690287 -0.04991725  0.13530551  0.11572585 -0.20330518  0.06846243]
1414,2,1,1,2,4,[ 0.01291275 -0.02151854  0.13281591  0.1349086   0.18942478  0.15984571]
1415,2,1,1,3,0,[ 0.14349085 -0.00078125  0.17135836  0.17506342  0.09298799  0.19963007]
1416,2,1,1,3,1,[0.5768076  0.12050086 0.11549046 0.12624757 0.2415281  0.3666044 ]
1417,2,1,1,3,2,[ 0.04187027 -0.06241628  0.11155025  0.23325178  0.3603543   0.05310298]
1418,2,1,1,3,3,[ 0.1340196  -0.00903036  0.18844196  0.15121959 -0.19832206  0.15315267]
1419,2,1,1,3,4,[0.14611606 0.10282608 0.13897373 0.17920597 0.23951562 0.26682365]
1420,2,1,1,4,0,[ 0.05607934 -0.01087446  0.1591037   0.18577012  0.08163409  0.17176329]
1421,2,1,1,4,1,[0.610499   0.11959858 0.08206841 0.09395902 0.27460486 0.38434693]
1422,2,1,1,4,2,[-0.14318962 -0.12773117  0.06299448  0.24568486  0.4550491  -0.0751727 ]
1423,2,1,1,4,3,[ 0.10538882  0.00878334  0.18997386  0.17496882 -0.32653686  0.13562444]
1424,2,1,1,4,4,[0.06052938 0.12490097 0.12478357 0.1895093  0.29327905 0.2712417 ]
1425,2,1,2,0,0,[0.41085356 0.222967   0.19902508 0.24973872 0.19841455 0.42950994]
1426,2,1,2,0,1,[0.87640625 0.35047662 0.09341199 0.20014553 0.3275249  0.4975224 ]
1427,2,1,2,0,2,[0.3893181  0.26428562 0.11522247 0.32201582 0.4442753  0.35639545]
1428,2,1,2,0,3,[ 0.3197752   0.13573295  0.26197502  0.21750854 -0.05387243  0.38046116]
1429,2,1,2,0,4,[0.39528605 0.31538123 0.15268862 0.24881291 0.31707168 0.46986026]
1430,2,1,2,1,0,[-0.11660249 -0.28079665  0.27560705  0.22638142  0.1513205   0.14653319]
1431,2,1,2,1,1,[ 0.6126105  -0.1112586   0.33986908  0.1759642   0.47528437  0.6556213 ]
1432,2,1,2,1,2,[-0.43655303 -0.6659724   0.18188311  0.28543642  0.59737784 -0.32905105]
1433,2,1,2,1,3,[-0.03302108 -0.07297387  0.22000048  0.19998561 -0.43305516  0.11203003]
1434,2,1,2,1,4,[-0.10338932 -0.15319547  0.23229457  0.22428127  0.40007824  0.22512467]
1435,2,1,2,2,0,[ 0.11658603 -0.05250486  0.20711371  0.24529864  0.14618771  0.23818125]
1436,2,1,2,2,1,[0.6350764  0.06072561 0.20942527 0.22744446 0.34969527 0.50712603]
1437,2,1,2,2,2,[-0.04235723 -0.21368688  0.13132599  0.30062503  0.44363147 -0.00658713]
1438,2,1,2,2,3,[ 0.11975231  0.01353445  0.20215498  0.21095356 -0.21964587  0.19906841]
1439,2,1,2,2,4,[0.11174086 0.04070536 0.16915807 0.23568836 0.30421576 0.2876386 ]
1440,2,1,2,3,0,[0.35717615 0.1196657  0.2606087  0.32953477 0.22505178 0.43803674]
1441,2,1,2,3,1,[0.9999676  0.26703146 0.18744259 0.28095448 0.43722835 0.6419754 ]
1442,2,1,2,3,2,[0.23875205 0.0454322  0.15339403 0.41126022 0.5796507  0.23101112]
1443,2,1,2,3,3,[ 0.2996382   0.10520508  0.30261192  0.2881399  -0.17608407  0.3845603 ]
1444,2,1,2,3,4,[0.34120423 0.24073565 0.205494   0.3206576  0.40558076 0.49649948]
1445,2,1,2,4,0,[0.2668204  0.13187917 0.23712672 0.3556172  0.22490361 0.425425  ]
1446,2,1,2,4,1,[1.0920684  0.28067598 0.13653477 0.2556344  0.50042915 0.68164814]
1447,2,1,2,4,2,[ 0.02531194 -0.01433826  0.07128923  0.4426079   0.72092456  0.08135454]
1448,2,1,2,4,3,[ 0.26894096  0.15506947  0.3030487   0.3261553  -0.33940008  0.3850578 ]
1449,2,1,2,4,4,[0.25305748 0.293088   0.17881489 0.3457817  0.49166313 0.5238583 ]
1450,2,1,3,0,0,[0.4278537  0.2819073  0.22574437 0.27038637 0.21380743 0.48504794]
1451,2,1,3,0,1,[0.87769395 0.42092317 0.15072349 0.24834973 0.35723096 0.58525544]
1452,2,1,3,0,2,[0.43304786 0.3384182  0.16262943 0.35398552 0.45681208 0.4462525 ]
1453,2,1,3,0,3,[ 0.31838766  0.17930287  0.27055308  0.21966913 -0.03103083  0.41271973]
1454,2,1,3,0,4,[0.4169797  0.36758763 0.18231115 0.2699692  0.3279985  0.52516055]
1455,2,1,3,1,0,[-0.08445858 -0.18791446  0.22198743  0.24678752  0.13510488  0.10412958]
1456,2,1,3,1,1,[ 0.5872849  -0.01260924  0.250532    0.21866183  0.4385328   0.53407884]
1457,2,1,3,1,2,[-0.35911155 -0.54023564  0.12498873  0.31912628  0.55496216 -0.3582721 ]
1458,2,1,3,1,3,[-0.01974002 -0.00552921  0.20486914  0.20151934 -0.39592156  0.12597506]
1459,2,1,3,1,4,[-0.06457569 -0.06866595  0.18579517  0.24576676  0.37521598  0.18702053]
1460,2,1,3,2,0,[0.12695077 0.00863121 0.18645701 0.24798264 0.13765337 0.22650705]
1461,2,1,3,2,1,[0.60682094 0.12745827 0.17949118 0.24233337 0.33316076 0.46296355]
1462,2,1,3,2,2,[-0.00185782 -0.132139    0.11737425  0.31172806  0.42146525  0.00058668]
1463,2,1,3,2,3,[ 0.11703716  0.05789094  0.19300997  0.20233181 -0.19932008  0.2067095 ]
1464,2,1,3,2,4,[0.12839495 0.09601671 0.15390271 0.2407028  0.29095763 0.27986005]
1465,2,1,3,3,0,[0.3726166  0.19745182 0.26534036 0.34219885 0.22876754 0.46609032]
1466,2,1,3,3,1,[0.9783525  0.35595623 0.20656922 0.31812456 0.44486687 0.66967136]
1467,2,1,3,3,2,[0.2912726  0.14645295 0.17687061 0.43638483 0.57269967 0.29460973]
1468,2,1,3,3,3,[ 0.29506734  0.16199145  0.3020497   0.2822464  -0.14870557  0.40926218]
1469,2,1,3,3,4,[0.36418018 0.31044483 0.21579488 0.33544365 0.40345868 0.52730477]
1470,2,1,3,4,0,[0.32847828 0.24703583 0.26259595 0.402626   0.24346247 0.49593627]
1471,2,1,3,4,1,[1.113452   0.41441768 0.1817829  0.34463003 0.52621496 0.75248086]
1472,2,1,3,4,2,[0.14835565 0.13602242 0.12754236 0.51087976 0.72554225 0.20947738]
1473,2,1,3,4,3,[ 0.2901225   0.23761368  0.31709564  0.34089112 -0.28848293  0.44401723]
1474,2,1,3,4,4,[0.3219033  0.39700294 0.21026836 0.39233375 0.5001919  0.59543043]
1475,2,1,4,0,0,[0.33229586 0.15433347 0.1468609  0.18648115 0.15375401 0.3209269 ]
1476,2,1,4,0,1,[0.72548646 0.25044098 0.03291471 0.12440544 0.24659912 0.34691635]
1477,2,1,4,0,2,[0.2999662  0.17899887 0.06851743 0.23906273 0.36068556 0.2428738 ]
1478,2,1,4,0,3,[ 0.26925564  0.09306509  0.21049772  0.1731308  -0.0570977   0.29759794]
1479,2,1,4,0,4,[0.31657565 0.23434758 0.10759486 0.1865109  0.25531352 0.35533726]
1480,2,1,4,1,0,[-0.1021762  -0.28937802  0.2772964   0.16655919  0.14052168  0.16143437]
1481,2,1,4,1,1,[ 0.535092   -0.15945457  0.34454134  0.10527782  0.4130275   0.61768836]
1482,2,1,4,1,2,[-0.391194   -0.6327883   0.21424799  0.20657918  0.52974504 -0.23238677]
1483,2,1,4,1,3,[-0.01993263 -0.09533374  0.20093806  0.15938215 -0.37246612  0.0998437 ]
1484,2,1,4,1,4,[-0.09684139 -0.17900045  0.23731922  0.16513461  0.3518522   0.22353882]
1485,2,1,4,2,0,[ 0.0942963  -0.07996755  0.18793738  0.19132887  0.125925    0.20523591]
1486,2,1,4,2,1,[0.5438775  0.00564643 0.187163   0.16283345 0.29218033 0.4342731 ]
1487,2,1,4,2,2,[-0.053906   -0.22813073  0.12763222  0.23095554  0.38255167 -0.00480466]
1488,2,1,4,2,3,[ 0.10713146 -0.01116038  0.1750066   0.17312755 -0.1912437   0.16472943]
1489,2,1,4,2,4,[0.08606482 0.00050073 0.15391362 0.18314306 0.26013872 0.24448816]
1490,2,1,4,3,0,[0.2894959  0.05542157 0.21294227 0.25230303 0.18220198 0.34336954]
1491,2,1,4,3,1,[0.8401883  0.16557805 0.13204588 0.18943085 0.34670806 0.49498844]
1492,2,1,4,3,2,[ 0.17092183 -0.02190596  0.1190402   0.31118333  0.48450702  0.15472983]
1493,2,1,4,3,3,[ 0.25677523  0.0600145   0.2507307   0.23339438 -0.16009206  0.30656174]
1494,2,1,4,3,4,[0.27152804 0.1600716  0.16502371 0.24524559 0.3360081  0.39126182]
1495,2,1,4,4,0,[0.1985131  0.04616533 0.18611169 0.25869256 0.17727166 0.315887  ]
1496,2,1,4,4,1,[0.9045382  0.15175821 0.07525618 0.14391533 0.38978714 0.5051414 ]
1497,2,1,4,4,2,[-0.03502654 -0.09858867  0.03924001  0.31706998  0.5999299   0.00278698]
1498,2,1,4,4,3,[ 0.2270132   0.09018665  0.24705108  0.25743562 -0.3040905   0.29639977]
1499,2,1,4,4,4,[0.18097195 0.18550465 0.13489902 0.25156528 0.4045621  0.39681375]
1500,2,2,0,0,0,[ 0.04433808  0.09139107  0.18029702  0.18244219 -0.01098744  0.15607145]
1501,2,2,0,0,1,[0.43920246 0.2811735  0.15194975 0.23579206 0.18599036 0.39994058]
1502,2,2,0,0,2,[0.07229458 0.17149147 0.17387281 0.34195    0.29779044 0.17672014]
1503,2,2,0,0,3,[-0.03538294 -0.02927955  0.18084534  0.04589338 -0.26742613  0.04035619]
1504,2,2,0,0,4,[0.12251453 0.2581951  0.1689316  0.23237471 0.18445338 0.32066628]
1505,2,2,0,1,0,[-0.5576161  -0.57592744  0.20088372  0.20421109 -0.11191941 -0.49776453]
1506,2,2,0,1,1,[-0.05646572 -0.37648284  0.21448867  0.22899836  0.22265399 -0.0353422 ]
1507,2,2,0,1,2,[-0.91537744 -1.1021248   0.15348367  0.3448161   0.3458316  -1.1648456 ]
1508,2,2,0,1,3,[-0.29575124 -0.22246836  0.19547181  0.08889789 -0.5677507  -0.19903702]
1509,2,2,0,1,4,[-0.46759123 -0.37675828  0.18866903  0.24036811  0.2117367  -0.3013045 ]
1510,2,2,0,2,0,[-0.22842465 -0.21982354  0.15632932  0.1860484  -0.05197156 -0.15826072]
1511,2,2,0,2,1,[ 0.14367701 -0.07106828  0.15327606  0.21843742  0.17293455  0.13640001]
1512,2,2,0,2,2,[-0.39004427 -0.4285363   0.12976232  0.30375487  0.2725311  -0.4549114 ]
1513,2,2,0,2,3,[-0.13037437 -0.1002941   0.15529099  0.08564206 -0.3547313  -0.06295603]
1514,2,2,0,2,4,[-0.16468215 -0.06903833  0.14656505  0.2132954   0.16741112 -0.01009415]
1515,2,2,0,3,0,[-0.10700294 -0.06396566  0.21840349  0.24827914 -0.03686682  0.01531466]
1516,2,2,0,3,1,[0.39183894 0.14967594 0.19465691 0.29940277 0.23497108 0.35615212]
1517,2,2,0,3,2,[-0.19429384 -0.13964725  0.19593315  0.42751133  0.37785023 -0.15770015]
1518,2,2,0,3,3,[-0.09473664 -0.06955031  0.21964243  0.09596308 -0.4004121  -0.00085205]
1519,2,2,0,3,4,[-0.01719807  0.14253971  0.20471476  0.2961672   0.2334391   0.2188006 ]
1520,2,2,0,4,0,[-0.21292336 -0.04015428  0.2503772   0.35482928 -0.03989448  0.00255375]
1521,2,2,0,4,1,[0.40894064 0.18378313 0.20369597 0.37287977 0.30802438 0.40598437]
1522,2,2,0,4,2,[-0.4201408  -0.2014811   0.20352383  0.5627405   0.5310775  -0.31353462]
1523,2,2,0,4,3,[-0.10191885  0.01291646  0.26591313  0.18842144 -0.533049    0.05090343]
1524,2,2,0,4,4,[-0.1149765   0.21936019  0.23666334  0.39615917  0.32882267  0.26388893]
1525,2,2,1,0,0,[0.11011385 0.11884806 0.18044555 0.18632585 0.03373446 0.21380816]
1526,2,2,1,0,1,[0.5047757  0.28066435 0.13695626 0.22320147 0.20972115 0.41434106]
1527,2,2,1,0,2,[0.1330303  0.1887181  0.16407903 0.32918334 0.3220733  0.22390841]
1528,2,2,1,0,3,[ 0.02922476  0.0156409   0.19027154  0.06813316 -0.20893595  0.11521445]
1529,2,2,1,0,4,[0.17084426 0.2673306  0.16402112 0.2278934  0.20904925 0.35221818]
1530,2,2,1,1,0,[-0.43805945 -0.52110434  0.2418622   0.19979265 -0.03547557 -0.32935008]
1531,2,2,1,1,1,[ 0.08357397 -0.3775702   0.26879725  0.21153797  0.2774166   0.10478871]
1532,2,2,1,1,2,[-0.77391624 -1.0230019   0.19839388  0.3234511   0.40194735 -0.93796307]
1533,2,2,1,1,3,[-0.21273208 -0.16659862  0.21824771  0.10212132 -0.48387814 -0.08082138]
1534,2,2,1,1,4,[-0.3673954  -0.34242824  0.22216482  0.22949883  0.25942427 -0.16495149]
1535,2,2,1,2,0,[-0.14894953 -0.18816204  0.17576076  0.18797325 -0.00051686 -0.06151763]
1536,2,2,1,2,1,[ 0.2346676  -0.07526317  0.1742244   0.21139644  0.20776479  0.20618577]
1537,2,2,1,2,2,[-0.3020802  -0.39054337  0.14694417  0.2928126   0.30707124 -0.33663914]
1538,2,2,1,2,3,[-0.06907442 -0.06105839  0.16994776  0.10062219 -0.29534587  0.01754302]
1539,2,2,1,2,4,[-0.10021972 -0.0530443   0.16051431  0.20931843  0.19843934  0.06245333]
1540,2,2,1,3,0,[-0.01280623 -0.02754083  0.23013258  0.25179005  0.02515491  0.11313791]
1541,2,2,1,3,1,[0.49389985 0.144452   0.19693263 0.28672183 0.27236423 0.40766302]
1542,2,2,1,3,2,[-0.09800468 -0.10669087  0.1992009   0.4118986   0.41521782 -0.05419092]
1543,2,2,1,3,3,[-0.01320217 -0.01606932  0.23496684  0.11971635 -0.32413936  0.0988821 ]
1544,2,2,1,3,4,[0.05594623 0.15691684 0.209564   0.2905197  0.2690777  0.28384528]
1545,2,2,1,4,0,[-0.10179071 -0.00645106  0.2591636   0.34366822  0.03420324  0.11524717]
1546,2,2,1,4,1,[0.5325076  0.15992376 0.20108174 0.34252542 0.34930396 0.4583214 ]
1547,2,2,1,4,2,[-0.30398905 -0.17141475  0.19954015  0.5270225   0.57116526 -0.1914315 ]
1548,2,2,1,4,3,[-0.01063017  0.06962278  0.2800938   0.20321001 -0.44071478  0.16405123]
1549,2,2,1,4,4,[-0.02816714  0.22607549  0.23692988  0.37650925  0.36899167  0.33606696]
1550,2,2,2,0,0,[0.3228482  0.31328195 0.27846253 0.3376881  0.16075155 0.49138057]
1551,2,2,2,0,1,[0.9003018  0.51977086 0.21633959 0.40420994 0.40593985 0.7443552 ]
1552,2,2,2,0,2,[0.37703124 0.4202538  0.24028939 0.5334988  0.5417815  0.51078296]
1553,2,2,2,0,3,[ 0.17234953  0.1679974   0.30608827  0.1694569  -0.16782722  0.3596532 ]
1554,2,2,2,0,4,[0.38334617 0.49046066 0.24622314 0.38027504 0.3759896  0.6435641 ]
1555,2,2,2,1,0,[-0.40743104 -0.5278012   0.2637851   0.33991855  0.0494348  -0.30806363]
1556,2,2,2,1,1,[ 0.34536752 -0.40423396  0.25229305  0.37240675  0.4495746   0.1553153 ]
1557,2,2,2,1,2,[-0.8187533  -1.174007    0.14827728  0.50924224  0.615001   -1.1281776 ]
1558,2,2,2,1,3,[-0.16966322 -0.0449089   0.29622608  0.19854112 -0.5376943   0.07460106]
1559,2,2,2,1,4,[-0.3286957  -0.3125906   0.23123631  0.36994702  0.4240135  -0.11721824]
1560,2,2,2,2,0,[-0.05624132 -0.12557095  0.22171952  0.31705296  0.0832393   0.04754044]
1561,2,2,2,2,1,[ 0.5008777  -0.01189934  0.19786043  0.3638549   0.3574381   0.34663215]
1562,2,2,2,2,2,[-0.2351974  -0.38193962  0.15160151  0.46116498  0.48407492 -0.32214227]
1563,2,2,2,2,3,[ 0.00531034  0.04765462  0.24724199  0.1906478  -0.30775556  0.17603429]
1564,2,2,2,2,4,[-0.00512182  0.03749014  0.19503133  0.33667883  0.33403078  0.18929535]
1565,2,2,2,3,0,[0.1909138  0.14463454 0.32471022 0.43719566 0.1638715  0.3701094 ]
1566,2,2,2,3,1,[0.9301458  0.34328112 0.26431888 0.5052624  0.49843848 0.7161381 ]
1567,2,2,2,3,2,[0.10927899 0.05623855 0.25265753 0.6570041  0.67580205 0.14887565]
1568,2,2,2,3,3,[ 0.13280687  0.15782423  0.36146522  0.24757215 -0.30425277  0.36544   ]
1569,2,2,2,3,4,[0.26029515 0.36610082 0.286396   0.4747701  0.46776164 0.5614909 ]
1570,2,2,2,4,0,[0.12060297 0.21638916 0.35179964 0.5757514  0.20384617 0.4127979 ]
1571,2,2,2,4,1,[1.0503064  0.38535288 0.2500698  0.60262126 0.62790775 0.79666734]
1572,2,2,2,4,2,[-0.10454667  0.01635221  0.22855118  0.8292791   0.9079207   0.00420351]
1573,2,2,2,4,3,[ 0.16141161  0.3203407   0.4221924   0.36922827 -0.43363366  0.49996054]
1574,2,2,2,4,4,[0.19419904 0.49686262 0.310396   0.60457516 0.62539005 0.66553307]
1575,2,2,3,0,0,[0.34983584 0.36006355 0.28262475 0.36387563 0.1742744  0.519684  ]
1576,2,2,3,0,1,[0.9150228  0.5617634  0.23133652 0.45185313 0.42132488 0.7705356 ]
1577,2,2,3,0,2,[0.42193848 0.47260103 0.25201985 0.5663932  0.546247   0.5510998 ]
1578,2,2,3,0,3,[ 0.18658392  0.21221383  0.30773798  0.1829013  -0.1416328   0.39093605]
1579,2,2,3,0,4,[0.40982533 0.5279153  0.25217333 0.40400785 0.3824568  0.66682   ]
1580,2,2,3,1,0,[-0.37918788 -0.47322816  0.17618723  0.36001185  0.01919111 -0.40522993]
1581,2,2,3,1,1,[ 0.32513568 -0.37761673  0.10900113  0.4087099   0.38171196 -0.06523068]
1582,2,2,3,1,2,[-0.7583479  -1.101857    0.04090808  0.5369725   0.5518643  -1.2390854 ]
1583,2,2,3,1,3,[-0.15414004  0.0074501   0.2622357   0.20644966 -0.51213956  0.06200464]
1584,2,2,3,1,4,[-0.2979556  -0.26745537  0.15052952  0.3889727   0.3843543  -0.21257482]
1585,2,2,3,2,0,[-0.04220036 -0.08741051  0.17815985  0.32486185  0.06836388  0.00176652]
1586,2,2,3,2,1,[0.48345554 0.01040372 0.12953047 0.38110578 0.3230504  0.23710811]
1587,2,2,3,2,2,[-0.20015682 -0.3341226   0.10208545  0.47366917  0.45031893 -0.37006772]
1588,2,2,3,2,3,[ 0.01050245  0.08455757  0.2278965   0.19113097 -0.29116133  0.17205477]
1589,2,2,3,2,4,[0.01121766 0.06851906 0.15613957 0.3444696  0.31309453 0.14429837]
1590,2,2,3,3,0,[0.2155533  0.19907276 0.2992588  0.45718694 0.16209117 0.35735452]
1591,2,2,3,3,1,[0.92504114 0.38416004 0.22993131 0.54428047 0.48491696 0.65999967]
1592,2,2,3,3,2,[0.1592513  0.12044562 0.2287952  0.6841013  0.6558043  0.1429082 ]
1593,2,2,3,3,3,[ 0.14377218  0.20988569  0.34961703  0.2551644  -0.2772219   0.38165006]
1594,2,2,3,3,4,[0.28643528 0.40995196 0.26528203 0.49340352 0.45759398 0.54630435]
1595,2,2,3,4,0,[0.17517401 0.28801084 0.32342494 0.6182083  0.20311275 0.40062004]
1596,2,2,3,4,1,[1.0700731  0.43789327 0.2063966  0.6761632  0.6100358  0.71888596]
1597,2,2,3,4,2,[-0.00748748  0.10305455  0.20462616  0.8845991   0.8819048   0.00555026]
1598,2,2,3,4,3,[ 0.18809134  0.3874895   0.41171664  0.39001676 -0.39374322  0.5265279 ]
1599,2,2,3,4,4,[0.25023228 0.5552716  0.28750843 0.644029   0.6129255  0.6504231 ]
1600,2,2,4,0,0,[0.25421926 0.2271209  0.22453679 0.26270053 0.12033196 0.37791508]
1601,2,2,4,0,1,[0.7407247  0.39362293 0.15714186 0.30274028 0.31605095 0.57280415]
1602,2,2,4,0,2,[0.28858238 0.30823156 0.18964966 0.42169815 0.44281188 0.38315746]
1603,2,2,4,0,3,[ 0.13878806  0.11455543  0.25151667  0.131376   -0.15653853  0.27683488]
1604,2,2,4,0,4,[0.30440825 0.37973917 0.19735104 0.29992297 0.30425534 0.50823617]
1605,2,2,4,1,0,[-0.35466245 -0.5018278   0.27222088  0.26601076  0.04780483 -0.23032196]
1606,2,2,4,1,1,[ 0.29714912 -0.40258935  0.28174326  0.2787618   0.3891644   0.196772  ]
1607,2,2,4,1,2,[-0.71792525 -1.065082    0.19368805  0.4019751   0.53791475 -0.9152146 ]
1608,2,2,4,1,3,[-0.14314498 -0.07945254  0.26773292  0.1579046  -0.46627608  0.0593458 ]
1609,2,2,4,1,4,[-0.29164293 -0.3161483   0.24186364  0.2920761   0.36658466 -0.07103828]
1610,2,2,4,2,0,[-0.05659965 -0.14431438  0.20651154  0.2532726   0.06893066  0.0426495 ]
1611,2,2,4,2,1,[ 0.4222474  -0.05317431  0.19002227  0.2820318   0.29854342  0.30592737]
1612,2,2,4,2,2,[-0.2192147  -0.371993    0.15443574  0.36982456  0.41342944 -0.27050513]
1613,2,2,4,2,3,[ 0.00430255  0.01218281  0.21537727  0.15473051 -0.26946324  0.1398377 ]
1614,2,2,4,2,4,[-0.01578507 -0.00389923  0.18238491  0.2702138   0.28234714  0.16155663]
1615,2,2,4,3,0,[0.14353497 0.07273903 0.27867123 0.34542972 0.12720372 0.28891298]
1616,2,2,4,3,1,[0.77270657 0.23207083 0.21951538 0.38549164 0.40075707 0.57500905]
1617,2,2,4,3,2,[ 0.05956056 -0.01522427  0.22018003  0.5235838   0.56373066  0.0935996 ]
1618,2,2,4,3,3,[ 0.1079755   0.0972359   0.3046228   0.19757652 -0.2727917   0.28512508]
1619,2,2,4,3,4,[0.1999086  0.26343977 0.24529251 0.37817428 0.38625488 0.4511116 ]
1620,2,2,4,4,0,[0.07195843 0.11458696 0.3018805  0.45054096 0.1568531  0.31496084]
1621,2,2,4,4,1,[0.8629648  0.24618609 0.20554143 0.44919828 0.503033   0.6331094 ]
1622,2,2,4,4,2,[-0.14167866 -0.07318248  0.19990055  0.65361077  0.7573766  -0.04359008]
1623,2,2,4,4,3,[ 0.12841907  0.22125854  0.35520598  0.29407287 -0.38806862  0.38987753]
1624,2,2,4,4,4,[0.1309154  0.35615155 0.26527905 0.4764544  0.5160302  0.5285595 ]
1625,2,3,0,0,0,[0.10994687 0.10693774 0.13030589 0.12186133 0.03815414 0.18734899]
1626,2,3,0,0,1,[0.37718076 0.21107993 0.09382734 0.11773255 0.13811408 0.29248753]
1627,2,3,0,0,2,[0.11613695 0.16751464 0.11373718 0.19912803 0.22811967 0.2034359 ]
1628,2,3,0,0,3,[ 0.05569802  0.01636478  0.13672264  0.06613917 -0.13153778  0.09785443]
1629,2,3,0,0,4,[0.13826503 0.19878368 0.11486198 0.14169808 0.14732791 0.2669302 ]
1630,2,3,0,1,0,[-0.24898869 -0.2189984   0.19729573  0.12576261  0.00698593 -0.04109281]
1631,2,3,0,1,1,[ 0.13987048 -0.06373043  0.24111769  0.11014697  0.22422701  0.31702268]
1632,2,3,0,1,2,[-0.46037942 -0.47143626  0.18109733  0.19389515  0.32432848 -0.34265003]
1633,2,3,0,1,3,[-0.13717139 -0.09442426  0.14461736  0.07863384 -0.34798992 -0.04054634]
1634,2,3,0,1,4,[-0.20725395 -0.10455192  0.18214932  0.14018139  0.20215413  0.0628451 ]
1635,2,3,0,2,0,[-0.06408151 -0.05518552  0.13945344  0.12549599  0.02028972  0.06068997]
1636,2,3,0,2,1,[0.21486597 0.04746158 0.1493135  0.12358762 0.15822428 0.2637635 ]
1637,2,3,0,2,2,[-0.16256869 -0.14626138  0.1243726   0.183707    0.23690744 -0.07003354]
1638,2,3,0,2,3,[-0.03054837 -0.03103687  0.11765541  0.08156352 -0.20595184  0.02629032]
1639,2,3,0,2,4,[-0.0382937   0.03030777  0.12652193  0.13429815  0.14955838  0.13613796]
1640,2,3,0,3,0,[0.03964714 0.04498985 0.17485586 0.16716948 0.04061271 0.17070286]
1641,2,3,0,3,1,[0.3959808  0.17466365 0.15471572 0.16052288 0.19323018 0.3635351 ]
1642,2,3,0,3,2,[-0.02059344  0.02971168  0.15295638  0.25467768  0.30654532  0.09904356]
1643,2,3,0,3,3,[ 0.02597959 -0.00071698  0.16660485  0.1033451  -0.21658766  0.08962442]
1644,2,3,0,3,4,[0.0730324  0.16029532 0.15623622 0.1842635  0.1959056  0.27136055]
1645,2,3,0,4,0,[-0.03375311  0.08333473  0.1880408   0.20421024  0.03757957  0.18793446]
1646,2,3,0,4,1,[0.4148129  0.22459565 0.15348591 0.16380537 0.23200561 0.42206758]
1647,2,3,0,4,2,[-0.16947106  0.03487032  0.14772876  0.3033094   0.40738502  0.05040335]
1648,2,3,0,4,3,[ 0.00484155  0.04846213  0.18382996  0.1410335  -0.31741095  0.10591376]
1649,2,3,0,4,4,[0.00560754 0.23121569 0.16938026 0.21989812 0.2553079  0.32492813]
1650,2,3,1,0,0,[0.15407412 0.11702392 0.13079853 0.12404793 0.06840654 0.22212638]
1651,2,3,1,0,1,[0.4264123  0.20260072 0.08133649 0.10567142 0.15463243 0.29709336]
1652,2,3,1,0,2,[0.15278542 0.16701381 0.10545684 0.18904443 0.24634717 0.22484654]
1653,2,3,1,0,3,[ 0.10149621  0.04149773  0.14490935  0.08285251 -0.09428971  0.14832543]
1654,2,3,1,0,4,[0.16989933 0.19773805 0.11114956 0.13805221 0.16508624 0.28378487]
1655,2,3,1,1,0,[-0.17668004 -0.20253983  0.23830165  0.12161226  0.06138629  0.07538275]
1656,2,3,1,1,1,[ 0.2369959  -0.08407344  0.29925627  0.09437336  0.2700721   0.4304306 ]
1657,2,3,1,1,2,[-0.38241068 -0.4498513   0.22731271  0.17682883  0.37048548 -0.19491622]
1658,2,3,1,1,3,[-0.08469611 -0.06834044  0.16508776  0.08886435 -0.29780713  0.03873218]
1659,2,3,1,1,4,[-0.14855787 -0.10021177  0.21688496  0.13142918  0.23951568  0.15705113]
1660,2,3,1,2,0,[-0.01359031 -0.04606346  0.15908699  0.12754719  0.05685951  0.12664814]
1661,2,3,1,2,1,[0.28062183 0.03295957 0.17299452 0.11794209 0.18684527 0.31916645]
1662,2,3,1,2,2,[-0.11209072 -0.13936499  0.14273827  0.17615077  0.26525137  0.00426792]
1663,2,3,1,2,3,[ 0.0106918  -0.01152201  0.13088544  0.09397034 -0.16921426  0.08125959]
1664,2,3,1,2,4,[0.00139014 0.03003307 0.14151923 0.13198696 0.17373803 0.18517728]
1665,2,3,1,3,0,[0.10134399 0.0562195  0.18704498 0.17003065 0.0838075  0.23441017]
1666,2,3,1,3,1,[0.4714263  0.15828493 0.16049637 0.14939018 0.22216922 0.40014666]
1667,2,3,1,3,2,[0.03606898 0.03196109 0.15807748 0.24335457 0.3362958  0.15829854]
1668,2,3,1,3,3,[ 0.08270077  0.02762388  0.18030503  0.12225018 -0.16859634  0.15755793]
1669,2,3,1,3,4,[0.11953414 0.15817997 0.16263251 0.18052061 0.2228787  0.31232926]
1670,2,3,1,4,0,[0.03173089 0.08599277 0.19644083 0.19328399 0.08700096 0.2551051 ]
1671,2,3,1,4,1,[0.498455   0.18839847 0.1540966  0.13465782 0.26212746 0.4539452 ]
1672,2,3,1,4,2,[-0.11134077  0.02497278  0.14499079  0.27342904  0.43810663  0.11080533]
1673,2,3,1,4,3,[ 0.06411308  0.07538012  0.1951458   0.15179984 -0.2621732   0.17888705]
1674,2,3,1,4,4,[0.05377797 0.2176996  0.17081726 0.2030512  0.28431964 0.3642944 ]
1675,2,3,2,0,0,[0.33184254 0.25770876 0.21252829 0.23489128 0.17553557 0.44654295]
1676,2,3,2,0,1,[0.7366109  0.37095022 0.15108293 0.22250783 0.30354154 0.5467606 ]
1677,2,3,2,0,2,[0.34325266 0.3312091  0.16712572 0.32443777 0.41172007 0.4484277 ]
1678,2,3,2,0,3,[ 0.23216623  0.15096134  0.23822068  0.17334826 -0.049165    0.346635  ]
1679,2,3,2,0,4,[0.33744192 0.35132086 0.17735884 0.24303289 0.291498   0.50402117]
1680,2,3,2,1,0,[-0.12783991 -0.15932743  0.28095907  0.22083876  0.14470993  0.18408683]
1681,2,3,2,1,1,[ 0.4731196  -0.02859974  0.34071323  0.19769098  0.42298535  0.6027845 ]
1682,2,3,2,1,2,[-0.3842943  -0.47661868  0.22437133  0.29763776  0.5483145  -0.1945433 ]
1683,2,3,2,1,3,[-0.04780197  0.01949728  0.22356844  0.16882454 -0.33744803  0.16548419]
1684,2,3,2,1,4,[-0.0997151  -0.03773948  0.24738707  0.22592469  0.37193412  0.27318177]
1685,2,3,2,2,0,[0.07636923 0.02196741 0.21067218 0.22386535 0.13433309 0.2604862 ]
1686,2,3,2,2,1,[0.50760907 0.11325598 0.22282633 0.22343133 0.31330335 0.4939464 ]
1687,2,3,2,2,2,[-0.04176972 -0.09534922  0.1662271   0.29169363  0.4081595   0.08836405]
1688,2,3,2,2,3,[ 0.07743542  0.06670178  0.19242857  0.17166781 -0.17246966  0.21181527]
1689,2,3,2,2,4,[0.08683153 0.11215021 0.18182136 0.22230238 0.281223   0.32113668]
1690,2,3,2,3,0,[0.28028852 0.19507127 0.2751017  0.30765197 0.20552856 0.47186196]
1691,2,3,2,3,1,[0.82691205 0.32100436 0.2394105  0.29629096 0.40265194 0.67863417]
1692,2,3,2,3,2,[0.2106083  0.17140351 0.21465184 0.40933326 0.5390017  0.36355093]
1693,2,3,2,3,3,[ 0.21520197  0.1524433   0.28234044  0.23461992 -0.14002834  0.37540597]
1694,2,3,2,3,4,[0.28818518 0.31462494 0.23308718 0.30985674 0.37671414 0.54827446]
1695,2,3,2,4,0,[0.21182874 0.2628368  0.28038642 0.34750113 0.22603513 0.5240222 ]
1696,2,3,2,4,1,[0.9032028  0.37956247 0.22251591 0.28989267 0.47497264 0.7653203 ]
1697,2,3,2,4,2,[0.04508776 0.19147898 0.1813385  0.4602864  0.68977594 0.32171428]
1698,2,3,2,4,3,[ 0.1989516   0.24511406  0.3005598   0.27887323 -0.25319797  0.43001893]
1699,2,3,2,4,4,[0.22448921 0.4188818  0.23636265 0.34846854 0.47348726 0.6388302 ]
1700,2,3,3,0,0,[0.3421672  0.29969415 0.22300471 0.24941543 0.18401347 0.47456345]
1701,2,3,3,0,1,[0.7324481  0.4181001  0.17935868 0.25666085 0.31920648 0.589392  ]
1702,2,3,3,0,2,[0.371272   0.38254791 0.1893497  0.3465006  0.41552383 0.49557897]
1703,2,3,3,0,3,[ 0.23170528  0.18436566  0.24049878  0.17516664 -0.0320164   0.3666647 ]
1704,2,3,3,0,4,[0.3506468  0.3875238  0.19020498 0.2576733  0.29603797 0.53132504]
1705,2,3,3,1,0,[-0.1077796  -0.09317645  0.22138077  0.23507465  0.12531199  0.12453705]
1706,2,3,3,1,1,[0.44611293 0.03566654 0.24403606 0.22791566 0.38137546 0.46480983]
1707,2,3,3,1,2,[-0.33359382 -0.3880124   0.15485637  0.32076606  0.50465614 -0.25560373]
1708,2,3,3,1,3,[-0.03754912  0.07087594  0.20354366  0.17011505 -0.31097904  0.1657742 ]
1709,2,3,3,1,4,[-0.07544567  0.02125213  0.19363676  0.24072644  0.34533986  0.21659552]
1710,2,3,3,2,0,[0.08181226 0.06525604 0.1830027  0.2255656  0.12367031 0.23418598]
1711,2,3,3,2,1,[0.4815679  0.15665233 0.18172212 0.23389848 0.2923465  0.43125445]
1712,2,3,3,2,2,[-0.0160953  -0.03858102  0.13873659  0.29894808  0.38423166  0.0684318 ]
1713,2,3,3,2,3,[ 0.0760642   0.10050689  0.18029398  0.1657013  -0.15772602  0.21157698]
1714,2,3,3,2,4,[0.09634811 0.15040398 0.15845194 0.22549397 0.26645812 0.297393  ]
1715,2,3,3,3,0,[0.2884993  0.25006276 0.26420003 0.31610003 0.2033352  0.47201172]
1716,2,3,3,3,1,[0.8038256  0.37936607 0.23157544 0.3220885  0.3982001  0.66421837]
1717,2,3,3,3,2,[0.24348848 0.24122632 0.21210848 0.42597243 0.5251328  0.3808126 ]
1718,2,3,3,3,3,[ 0.21240829  0.19570373  0.27561444  0.2304978  -0.11995492  0.38698402]
1719,2,3,3,3,4,[0.30123666 0.36266047 0.22666563 0.31958106 0.3694167  0.5499363 ]
1720,2,3,3,4,0,[0.25317064 0.34399235 0.27878362 0.38122275 0.23252536 0.54612917]
1721,2,3,3,4,1,[0.9099235  0.46790695 0.22500646 0.35417557 0.4797608  0.76774734]
1722,2,3,3,4,2,[0.12810498 0.29534855 0.19453377 0.50852233 0.68061006 0.37318894]
1723,2,3,3,4,3,[ 0.21542396  0.30746728  0.3021453   0.28999537 -0.21611106  0.4635347 ]
1724,2,3,3,4,4,[0.2701953  0.49047628 0.23966594 0.3815348  0.4715554  0.661128  ]
1725,2,3,4,0,0,[0.26915386 0.18961836 0.16689663 0.17978238 0.13730162 0.34755465]
1726,2,3,4,0,1,[0.61146843 0.27688622 0.09802035 0.15417178 0.23379245 0.41080445]
1727,2,3,4,0,2,[0.2688167  0.24407318 0.12451182 0.24924971 0.3369647  0.33896115]
1728,2,3,4,0,3,[ 0.19460507  0.10853897  0.1942015   0.13803531 -0.05161133  0.2737614 ]
1729,2,3,4,0,4,[0.27219322 0.27056128 0.13711196 0.18736109 0.23655564 0.39676204]
1730,2,3,4,1,0,[-0.11062898 -0.17865247  0.2782968   0.16786988  0.13152254  0.18904305]
1731,2,3,4,1,1,[ 0.4139842  -0.07738529  0.34232578  0.13420233  0.36732492  0.56819654]
1732,2,3,4,1,2,[-0.34034753 -0.46055576  0.24599986  0.22565451  0.4833668  -0.12099992]
1733,2,3,4,1,3,[-0.03558593 -0.01401613  0.2029762   0.13500129 -0.29220903  0.14264172]
1734,2,3,4,1,4,[-0.09088659 -0.07327399  0.2473328   0.17252815  0.32490492  0.26168743]
1735,2,3,4,2,0,[ 0.06132884 -0.0112915   0.192383    0.1768813   0.11492351  0.22617306]
1736,2,3,4,2,1,[0.4348738  0.05878291 0.20290184 0.16632526 0.262755   0.4281908 ]
1737,2,3,4,2,2,[-0.04820871 -0.1194789   0.15982477  0.22904675  0.3512585   0.08093743]
1738,2,3,4,2,3,[ 0.06895784  0.03599928  0.1673584   0.14074112 -0.15151341  0.17537066]
1739,2,3,4,2,4,[0.06732951 0.06666651 0.1665299  0.17560607 0.23990962 0.2759492 ]
1740,2,3,4,3,0,[0.2276031  0.12686744 0.23230273 0.24002112 0.16710055 0.3819602 ]
1741,2,3,4,3,1,[0.69583535 0.22304788 0.19041246 0.2140009  0.32351914 0.5448707 ]
1742,2,3,4,3,2,[0.15574907 0.09591964 0.18127853 0.31856582 0.45200226 0.2832529 ]
1743,2,3,4,3,3,[ 0.18340608  0.10311644  0.23663574  0.19012915 -0.12868331  0.3020448 ]
1744,2,3,4,3,4,[0.23123947 0.23021695 0.19579282 0.24233145 0.31311506 0.44593275]
1745,2,3,4,4,0,[0.15897791 0.16800474 0.23387982 0.2618178  0.18060641 0.41522527]
1746,2,3,4,4,1,[0.7505942  0.25229302 0.16907845 0.19014423 0.37697205 0.60384417]
1747,2,3,4,4,2,[-0.00263252  0.0919339   0.14883147  0.34611765  0.5767329   0.23216592]
1748,2,3,4,4,3,[ 0.16646172  0.1707693   0.24977908  0.22129785 -0.22955707  0.3398372 ]
1749,2,3,4,4,4,[0.16568242 0.30299777 0.19523127 0.26366687 0.39169046 0.511287  ]
1750,2,4,0,0,0,[0.12502334 0.08047935 0.10370784 0.12249658 0.03384979 0.1433378 ]
1751,2,4,0,0,1,[0.41190818 0.20295885 0.05105393 0.10571634 0.14429487 0.25395986]
1752,2,4,0,0,2,[0.11590585 0.118283   0.06887046 0.19029406 0.22280283 0.11576504]
1753,2,4,0,0,3,[ 0.07444447  0.0009149   0.12826304  0.07999888 -0.15051648  0.07902979]
1754,2,4,0,0,4,[0.14617068 0.16852883 0.08629935 0.13830833 0.14430062 0.21648714]
1755,2,4,0,1,0,[-0.2745651  -0.28155532  0.1371958   0.11975517 -0.02127863 -0.13655275]
1756,2,4,0,1,1,[ 0.15640749 -0.08389167  0.1721074   0.09500359  0.23000486  0.28118688]
1757,2,4,0,1,2,[-0.5111422  -0.5683881   0.09302678  0.17858341  0.30314004 -0.50301373]
1758,2,4,0,1,3,[-0.16481808 -0.15087937  0.10280637  0.08405315 -0.42150432 -0.12943591]
1759,2,4,0,1,4,[-0.23429063 -0.16806448  0.12345737  0.13153099  0.1840828  -0.03336941]
1760,2,4,0,2,0,[-0.0709369  -0.09826558  0.10162804  0.12440233  0.00316529 -0.00421405]
1761,2,4,0,2,1,[0.23543087 0.02976695 0.10193543 0.11510954 0.1608373  0.22825359]
1762,2,4,0,2,2,[-0.18645675 -0.21416973  0.06701069  0.17523421  0.22270058 -0.18124266]
1763,2,4,0,2,3,[-0.03766729 -0.06666116  0.0946681   0.08973836 -0.24972308 -0.02633507]
1764,2,4,0,2,4,[-0.04824169 -0.01403771  0.08872031  0.13045019  0.13808174  0.06926095]
1765,2,4,0,3,0,[ 0.04370177 -0.00335365  0.13109371  0.16496448  0.02450183  0.09440441]
1766,2,4,0,3,1,[0.4300867  0.15383962 0.09301823 0.14398825 0.19593307 0.30735973]
1767,2,4,0,3,2,[-0.03798337 -0.0504186   0.08408071  0.2410477   0.29134107 -0.037183  ]
1768,2,4,0,3,3,[ 0.03271175 -0.03605007  0.14510916  0.1165811  -0.25919384  0.03963949]
1769,2,4,0,3,4,[0.07047353 0.10887495 0.11131828 0.17778915 0.18454887 0.18999448]
1770,2,4,0,4,0,[-0.0406949   0.00227447  0.12069189  0.19954883  0.00383306  0.06236252]
1771,2,4,0,4,1,[0.455203   0.18648341 0.06575587 0.14741048 0.229338   0.33700594]
1772,2,4,0,4,2,[-0.20586514 -0.0919322   0.04557287  0.28544065  0.37661707 -0.15901046]
1773,2,4,0,4,3,[-0.00141981 -0.01532302  0.14544286  0.152913   -0.39296612  0.01157244]
1774,2,4,0,4,4,[-0.00793626  0.14784487  0.10174759  0.21074447  0.2310517   0.1961079 ]
1775,2,4,1,0,0,[0.16689406 0.08608942 0.09724406 0.12398966 0.06142949 0.16785288]
1776,2,4,1,0,1,[0.4589771  0.18480426 0.02682603 0.09040514 0.15454711 0.23828234]
1777,2,4,1,0,2,[0.14748207 0.11175931 0.0495779  0.17857826 0.23757167 0.12177777]
1778,2,4,1,0,3,[ 0.12090594  0.02464879  0.13445269  0.09771796 -0.11421177  0.12693907]
1779,2,4,1,0,4,[0.17500138 0.16315927 0.07535809 0.13369624 0.15949178 0.22281452]
1780,2,4,1,1,0,[-0.21072166 -0.27695528  0.16635962  0.11511597  0.02620733 -0.04094052]
1781,2,4,1,1,1,[ 0.24692634 -0.12493508  0.21308659  0.0766623   0.26407656  0.3603966 ]
1782,2,4,1,1,2,[-0.4469992  -0.5623226   0.12098678  0.16011904  0.34186673 -0.38434336]
1783,2,4,1,1,3,[-0.11595478 -0.13055466  0.11818936  0.0953546  -0.37684414 -0.06001407]
1784,2,4,1,1,4,[-0.18429738 -0.17488247  0.14615665  0.12199875  0.21550298  0.04042614]
1785,2,4,1,2,0,[-0.02480011 -0.09608303  0.11342391  0.12659419  0.03581181  0.04885735]
1786,2,4,1,2,1,[0.2979873  0.00239536 0.11372076 0.10808256 0.18212105 0.26125643]
1787,2,4,1,2,2,[-0.14381337 -0.21639095  0.07305278  0.1671401   0.24662168 -0.12546363]
1788,2,4,1,2,3,[ 0.00243996 -0.05021949  0.10500022  0.10343461 -0.21568482  0.02355812]
1789,2,4,1,2,4,[-0.01327313 -0.0208832   0.09564947  0.12797704  0.15879138  0.10546178]
1790,2,4,1,3,0,[0.1010293  0.00041347 0.13340111 0.1673687  0.06331447 0.14274983]
1791,2,4,1,3,1,[0.501925   0.12264334 0.08298934 0.12963486 0.21581735 0.3155974 ]
1792,2,4,1,3,2,[ 0.01015876 -0.05804938  0.07365137  0.22817956  0.31583852 -0.00042611]
1793,2,4,1,3,3,[ 0.0891335  -0.01061707  0.15553047  0.13694446 -0.21358474  0.10251871]
1794,2,4,1,3,4,[0.11200829 0.09963893 0.10751169 0.17321719 0.20750444 0.21545422]
1795,2,4,1,4,0,[ 0.01706762 -0.0054148   0.11433119  0.18780091  0.04660771  0.10708932]
1796,2,4,1,4,1,[0.5324332  0.1298021  0.04367398 0.11433525 0.24649955 0.3289828 ]
1797,2,4,1,4,2,[-0.16156097 -0.11541751  0.01983309  0.25341445  0.39957058 -0.1311294 ]
1798,2,4,1,4,3,[ 0.05607013  0.00742951  0.15142366  0.16514394 -0.3417386   0.07641689]
1799,2,4,1,4,4,[0.03185992 0.12448774 0.08804439 0.19266944 0.25405142 0.21296684]
1800,2,4,2,0,0,[0.35625544 0.21487582 0.17083548 0.23913959 0.16822992 0.37810296]
1801,2,4,2,0,1,[0.7924645  0.34378064 0.08223702 0.20403957 0.30636367 0.47045302]
1802,2,4,2,0,2,[0.34244567 0.25485736 0.09336407 0.31400988 0.403128   0.31272328]
1803,2,4,2,0,3,[ 0.26439404  0.12801178  0.22832128  0.19913334 -0.07602066  0.322937  ]
1804,2,4,2,0,4,[0.35017604 0.30331713 0.13158874 0.24038698 0.28614146 0.4252253 ]
1805,2,4,2,1,0,[-0.17879161 -0.27145448  0.18077393  0.21643025  0.09017698  0.01655936]
1806,2,4,2,1,1,[ 0.49042895 -0.09737383  0.22498803  0.1769433   0.41088146  0.4995818 ]
1807,2,4,2,1,2,[-0.47896674 -0.64186823  0.07299012  0.2795053   0.5058482  -0.4637193 ]
1808,2,4,2,1,3,[-0.0966974  -0.07547299  0.15844895  0.18228363 -0.45746264  0.0197388 ]
1809,2,4,2,1,4,[-0.15224607 -0.14888944  0.14840573  0.21670961  0.33518222  0.1066055 ]
1810,2,4,2,2,0,[ 0.06146347 -0.05170615  0.14910471  0.22641566  0.10315901  0.1523263 ]
1811,2,4,2,2,1,[0.53725153 0.06409173 0.14515467 0.21283785 0.3059226  0.41300824]
1812,2,4,2,2,2,[-0.08564809 -0.2063962   0.06948173  0.28325966  0.3822332  -0.09143648]
1813,2,4,2,2,3,[ 0.06513415  0.00883151  0.15812255  0.18876751 -0.24172488  0.12956491]
1814,2,4,2,2,4,[0.06719174 0.03788499 0.11941765 0.2199345  0.25963214 0.21064214]
1815,2,4,2,3,0,[0.28453937 0.11477608 0.20504136 0.30906746 0.17722672 0.34886116]
1816,2,4,2,3,1,[0.8796471  0.26520577 0.13925366 0.2722123  0.39497018 0.5639503 ]
1817,2,4,2,3,2,[0.17898522 0.04389102 0.10000989 0.39331487 0.5127642  0.14813007]
1818,2,4,2,3,3,[ 0.2269744   0.09682445  0.2520123   0.2608224  -0.20514251  0.30135715]
1819,2,4,2,3,4,[0.28184855 0.23090038 0.15998898 0.30380273 0.35627544 0.41760138]
1820,2,4,2,4,0,[0.19673683 0.13188656 0.17241918 0.3475909  0.16908696 0.3247434 ]
1821,2,4,2,4,1,[0.9648171  0.29021358 0.08052729 0.2685914  0.45462906 0.598496  ]
1822,2,4,2,4,2,[-0.01921014 -0.0063093   0.01153179  0.44085878  0.63884383 -0.00529293]
1823,2,4,2,4,3,[ 0.18937066  0.14603812  0.24442355  0.30480805 -0.36937442  0.28865683]
1824,2,4,2,4,4,[0.1990101  0.2862272  0.12634866 0.34052467 0.4320686  0.43494043]
1825,2,4,3,0,0,[0.37880042 0.27124512 0.20075926 0.25651127 0.18764634 0.4398104 ]
1826,2,4,3,0,1,[0.8019829  0.40978155 0.13926756 0.24343157 0.33766335 0.56002396]
1827,2,4,3,0,2,[0.3885201  0.3253775  0.14269182 0.34023482 0.4201388  0.406678  ]
1828,2,4,3,0,3,[ 0.27055618  0.17032939  0.24070174  0.20192383 -0.05001663  0.36185429]
1829,2,4,3,0,4,[0.37542787 0.3530574  0.16329943 0.25788048 0.30044347 0.48493052]
1830,2,4,3,1,0,[-0.13400143 -0.1793939   0.15494835  0.23401341  0.0899578   0.01652686]
1831,2,4,3,1,1,"[ 4.8855424e-01 -7.0803777e-05  1.7462014e-01  2.1266314e-01
  3.9431518e-01  4.3851727e-01]"
1832,2,4,3,1,2,[-0.3921759  -0.5175307   0.05067375  0.30762967  0.48462734 -0.44124967]
1833,2,4,3,1,3,[-0.07173555 -0.00884821  0.15733422  0.18479706 -0.4133857   0.0551287 ]
1834,2,4,3,1,4,[-0.10385876 -0.06516153  0.12733139  0.23486969  0.32529196  0.10729476]
1835,2,4,3,2,0,[0.08145383 0.00841738 0.14338681 0.22913903 0.10458878 0.16435695]
1836,2,4,3,2,1,[0.5256999  0.12906145 0.13474368 0.22530317 0.301062   0.4006535 ]
1837,2,4,3,2,2,[-0.03817185 -0.12653498  0.07295299  0.29257044  0.3726603  -0.05720231]
1838,2,4,3,2,3,[ 0.07198131  0.05264933  0.15778479  0.18261318 -0.21617511  0.15126902]
1839,2,4,3,2,4,[0.09107733 0.09217006 0.11740614 0.22433098 0.25548306 0.22392967]
1840,2,4,3,3,0,[0.31006238 0.19011916 0.22130978 0.31984204 0.19005166 0.39610085]
1841,2,4,3,3,1,[0.87465346 0.3498972  0.17046082 0.30239668 0.41120628 0.6131225 ]
1842,2,4,3,3,2,[0.23772444 0.1412868  0.13560519 0.41378054 0.51688635 0.23148426]
1843,2,4,3,3,3,[ 0.23374589  0.15241596  0.25961578  0.2570886  -0.17225602  0.33957526]
1844,2,4,3,3,4,[0.31200626 0.29822513 0.17997573 0.31599548 0.3622687  0.4646866 ]
1845,2,4,3,4,0,[0.2668782  0.24309269 0.21218081 0.38806826 0.1990177  0.41909602]
1846,2,4,3,4,1,[1.002725   0.41760662 0.14175156 0.34372908 0.49147892 0.6979853 ]
1847,2,4,3,4,2,[0.10565709 0.13829204 0.08242227 0.49840808 0.6576169  0.14681335]
1848,2,4,3,4,3,[ 0.22238347  0.22651684  0.26824507  0.3191378  -0.31234527  0.36362672]
1849,2,4,3,4,4,[0.27281377 0.38630247 0.16971049 0.38012075 0.45084405 0.52666223]
1850,2,4,4,0,0,[0.28616983 0.14954199 0.12396733 0.18137605 0.12809375 0.27838486]
1851,2,4,4,0,1,[0.6541584  0.2479117  0.02741477 0.13509099 0.23061733 0.32848158]
1852,2,4,4,0,2,[0.26223606 0.17386025 0.05154102 0.23766167 0.3255896  0.20790209]
1853,2,4,4,0,3,[ 0.22075851  0.08759438  0.18225875  0.15899692 -0.07587763  0.24893422]
1854,2,4,4,0,4,[0.27914834 0.2261596  0.09089889 0.18317991 0.22910649 0.3189172 ]
1855,2,4,4,1,0,[-0.15898296 -0.28000498  0.1829998   0.16202757  0.08161414  0.03141671]
1856,2,4,4,1,1,[ 0.42303425 -0.14584458  0.22782612  0.11318247  0.34985834  0.45657027]
1857,2,4,4,1,2,[-0.42953375 -0.6102801   0.10331399  0.20721224  0.44221994 -0.372384  ]
1858,2,4,4,1,3,[-0.07826421 -0.09645894  0.14272651  0.14563988 -0.39581013  0.01285662]
1859,2,4,4,1,4,[-0.14104077 -0.17387387  0.15320835  0.16262585  0.29013288  0.10469721]
1860,2,4,4,2,0,[ 0.04529467 -0.07792176  0.13271658  0.17778605  0.08591407  0.12348429]
1861,2,4,4,2,1,[0.45622593 0.01040144 0.12517361 0.15520942 0.25145385 0.34244305]
1862,2,4,4,2,2,[-0.09137473 -0.2199761   0.06737251  0.21996851  0.32562265 -0.08788256]
1863,2,4,4,2,3,[ 0.05783478 -0.01437528  0.13480856  0.15488757 -0.21142742  0.1013953 ]
1864,2,4,4,2,4,[ 0.04695265 -0.0004988   0.10625082  0.17231874  0.21905915  0.17116296]
1865,2,4,4,3,0,[0.22656213 0.05359862 0.16289952 0.2390879  0.13941635 0.26302585]
1866,2,4,4,3,1,[0.7350085  0.16745628 0.08946781 0.18994781 0.31000218 0.4246326 ]
1867,2,4,4,3,2,[ 0.12113622 -0.01994694  0.07019562  0.3019223   0.42463908  0.07916383]
1868,2,4,4,3,3,[ 0.19218403  0.05414143  0.20627636  0.21153583 -0.18565148  0.23335785]
1869,2,4,4,3,4,[0.22089647 0.1540571  0.12398816 0.23509371 0.2921873  0.32048148]
1870,2,4,4,4,0,[0.13868816 0.04951047 0.12752861 0.25840136 0.12689851 0.2244514 ]
1871,2,4,4,4,1,[0.7938654  0.16458915 0.02535746 0.16648127 0.34956047 0.42861444]
1872,2,4,4,4,2,[-0.06949358 -0.08704025 -0.01577068  0.3247523   0.5259832  -0.07713164]
1873,2,4,4,4,3,[ 0.1561916   0.084291    0.19533968  0.24178118 -0.33063066  0.21125306]
1874,2,4,4,4,4,[0.13614297 0.1830405  0.08739484 0.2535314  0.3512705  0.31657305]
1875,3,0,0,0,0,[ 0.12159526 -0.03172576  0.22585525  0.22300503 -0.0009632   0.02660152]
1876,3,0,0,0,1,[0.68892825 0.33539847 0.17527315 0.1715584  0.38029912 0.42078644]
1877,3,0,0,0,2,[ 0.04568578 -0.0541479   0.10122412  0.36498797  0.38100806 -0.22018836]
1878,3,0,0,0,3,[ 0.12495172 -0.03912735  0.33597016  0.14621472 -0.33787772  0.15919358]
1879,3,0,0,0,4,[0.17369878 0.1699944  0.17314632 0.26452687 0.24633059 0.18148664]
1880,3,0,0,1,0,[-0.76746374 -1.3166499   0.35449734  0.26264164 -0.23305033 -1.0754377 ]
1881,3,0,0,1,1,[ 0.11359961 -0.7347639   0.5780702   0.23925246  0.597656    0.09965876]
1882,3,0,0,1,2,[-1.3925999  -2.2371538   0.1472579   0.39424917  0.38431484 -2.35006   ]
1883,3,0,0,1,3,[-0.31393695 -0.59153366  0.40972888  0.18225248 -0.9470579  -0.37592876]
1884,3,0,0,1,4,[-0.6935125  -1.0344657   0.27841184  0.29213822  0.22300862 -0.867181  ]
1885,3,0,0,2,0,[-0.29509166 -0.61416286  0.24322143  0.2450442  -0.1129449  -0.47696   ]
1886,3,0,0,2,1,[ 0.3274166  -0.21668547  0.3379448   0.23174697  0.41895625  0.22269884]
1887,3,0,0,2,2,[-0.616964   -1.0366895   0.09863365  0.3555303   0.31586984 -1.146542  ]
1888,3,0,0,2,3,[-0.08310517 -0.28823778  0.30837053  0.17448227 -0.5701869  -0.11661579]
1889,3,0,0,2,4,[-0.24806911 -0.40877753  0.18918812  0.2644476   0.18962051 -0.32329756]
1890,3,0,0,3,0,[-0.09650228 -0.39887393  0.29937157  0.31273407 -0.07387893 -0.2816091 ]
1891,3,0,0,3,1,[0.6799161  0.09261975 0.32137948 0.26255003 0.51805615 0.41708115]
1892,3,0,0,3,2,[-0.35607865 -0.677636    0.12014814  0.4751907   0.45731735 -0.87238693]
1893,3,0,0,3,3,[ 0.04375289 -0.19837803  0.41868326  0.22013873 -0.59029174  0.03879398]
1894,3,0,0,3,4,[-0.03514113 -0.13301028  0.22996983  0.3497822   0.28547493 -0.07974046]
1895,3,0,0,4,0,[-0.22851849 -0.5248275   0.38360038  0.49843475 -0.10082744 -0.3914659 ]
1896,3,0,0,4,1,[0.8283743  0.13963334 0.4722323  0.44398946 0.76340544 0.66847444]
1897,3,0,0,4,2,[-0.6872334  -0.9688451   0.12005938  0.6996243   0.65430266 -1.2840948 ]
1898,3,0,0,4,3,[ 0.05687147 -0.19741711  0.53967637  0.37777978 -0.84654194  0.07384771]
1899,3,0,0,4,4,[-0.16821556 -0.17571421  0.2922213   0.5213268   0.4035062  -0.12629592]
1900,3,0,1,0,0,[0.20114037 0.02086781 0.20506018 0.20605291 0.07859573 0.10364474]
1901,3,0,1,0,1,[0.766843   0.3438061  0.12168089 0.1104873  0.42301598 0.42031422]
1902,3,0,1,0,2,[ 0.09437048 -0.01839953  0.04042804  0.3164181   0.42981142 -0.19115391]
1903,3,0,1,0,3,[ 0.22628827  0.03635331  0.35638615  0.16907494 -0.23891173  0.29027185]
1904,3,0,1,0,4,[0.2231184  0.19444683 0.13953015 0.23663254 0.29417044 0.21170467]
1905,3,0,1,1,0,[-0.6085916  -1.1980588   0.4260587   0.24053381 -0.06292833 -0.7609345 ]
1906,3,0,1,1,1,[ 0.31721374 -0.6948259   0.6938264   0.1838851   0.74795824  0.4150304 ]
1907,3,0,1,1,2,[-1.2456872  -2.0903687   0.19227785  0.3393519   0.5309544  -1.9944965 ]
1908,3,0,1,1,3,[-0.17071258 -0.47932887  0.4779489   0.19796294 -0.7842474  -0.12152244]
1909,3,0,1,1,4,[-0.57429975 -0.9519791   0.3260379   0.26046178  0.34407508 -0.6227438 ]
1910,3,0,1,2,0,[-0.19187748 -0.54462975  0.26934195  0.23428492 -0.00435231 -0.30531377]
1911,3,0,1,2,1,[ 0.4544016  -0.19960701  0.37476417  0.19544199  0.50700384  0.37054414]
1912,3,0,1,2,2,[-0.5308639  -0.96206033  0.09659301  0.31973836  0.40217257 -0.9766823 ]
1913,3,0,1,2,3,[ 0.02002372 -0.21212313  0.3488137   0.19254963 -0.45871195  0.04856603]
1914,3,0,1,2,4,[-0.1740472  -0.3657488   0.19912454  0.24518615  0.26399356 -0.20139079]
1915,3,0,1,3,0,[ 0.02151003 -0.32244432  0.29992244  0.29383355  0.04761027 -0.1252317 ]
1916,3,0,1,3,1,[0.81277734 0.10537568 0.3059072  0.19830829 0.6014649  0.5053255 ]
1917,3,0,1,3,2,[-0.27009916 -0.6103853   0.07473008  0.41929364  0.5435122  -0.7516946 ]
1918,3,0,1,3,3,[ 0.17645696 -0.1013422   0.45740548  0.24600194 -0.45373353  0.22957285]
1919,3,0,1,3,4,[ 0.04422934 -0.09213091  0.21156515  0.31838274  0.3639731   0.01363398]
1920,3,0,1,4,0,[-0.09051994 -0.4361364   0.38223448  0.46060273  0.0621415  -0.18750134]
1921,3,0,1,4,1,[0.99405813 0.14148456 0.46274427 0.3578626  0.88206863 0.80114764]
1922,3,0,1,4,2,[-0.5947016  -0.8921174   0.05198444  0.61461264  0.76949453 -1.1295483 ]
1923,3,0,1,4,3,[ 0.21462998 -0.08143328  0.5902961   0.3950093  -0.668131    0.318875  ]
1924,3,0,1,4,4,[-0.07866918 -0.13278338  0.26429543  0.47076777  0.50895923 -0.00651885]
1925,3,0,2,0,0,[0.5589368  0.308012   0.36156526 0.41933954 0.31648424 0.5262658 ]
1926,3,0,2,0,1,[1.399039   0.75251925 0.25895497 0.30759504 0.80908656 0.96268874]
1927,3,0,2,0,2,[0.44047365 0.28144082 0.11039663 0.571024   0.7846215  0.13306458]
1928,3,0,2,0,3,[ 0.53368247  0.29671088  0.5850371   0.3603408  -0.12897637  0.76032287]
1929,3,0,2,0,4,[0.54984117 0.50254154 0.2516966  0.43754974 0.5713825  0.60751116]
1930,3,0,2,1,0,[-0.53459585 -1.2636863   0.5055476   0.45157704  0.10983826 -0.7088994 ]
1931,3,0,2,1,1,[ 0.8111117  -0.61920995  0.82607037  0.40094465  1.2101533   0.7926006 ]
1932,3,0,2,1,2,[-1.3559211  -2.4065647   0.08851963  0.5906247   0.8895756  -2.384817  ]
1933,3,0,2,1,3,[-0.03426472 -0.34342647  0.6740415   0.3768632  -0.8749762   0.17762917]
1934,3,0,2,1,4,[-0.5211244  -0.9772313   0.35367343  0.46038193  0.6220086  -0.5857143 ]
1935,3,0,2,2,0,[-0.02540674 -0.4812126   0.36525753  0.42714128  0.15678488 -0.13019079]
1936,3,0,2,2,1,[ 0.92159957 -0.03041027  0.49636894  0.3966235   0.8616691   0.75021034]
1937,3,0,2,2,2,[-0.45501512 -1.0089353   0.07695732  0.5473106   0.6939491  -1.0392033 ]
1938,3,0,2,2,3,[ 0.19468227 -0.06574039  0.5209922   0.35699996 -0.47030127  0.3477239 ]
1939,3,0,2,2,4,[-0.02927251 -0.27359477  0.25542778  0.4256382   0.4900603  -0.04054349]
1940,3,0,2,3,0,[ 0.3702393  -0.08904398  0.46476832  0.5609123   0.30812463  0.26869616]
1941,3,0,2,3,1,[1.5379897  0.48353747 0.4740243  0.4575297  1.0841774  1.1064187 ]
1942,3,0,2,3,2,[ 0.01210007 -0.43804765  0.10724219  0.7352837   0.966375   -0.5752826 ]
1943,3,0,2,3,3,[ 0.49654135  0.16715008  0.7193919   0.48118916 -0.3895969   0.73436594]
1944,3,0,2,3,4,[0.35753718 0.17417125 0.32166556 0.56856346 0.6929566  0.38123798]
1945,3,0,2,4,0,[ 0.31130046 -0.13747182  0.58162016  0.82559335  0.39522305  0.3129368 ]
1946,3,0,2,4,1,[1.9172422  0.6317658  0.69939405 0.7319675  1.5463704  1.6419295 ]
1947,3,0,2,4,2,[-0.3152999  -0.69794595  0.06374483  1.0456778   1.337293   -0.9494439 ]
1948,3,0,2,4,3,[ 0.59876895  0.28079787  0.9141803   0.70721465 -0.6280888   0.9616762 ]
1949,3,0,2,4,4,[0.27714637 0.21260984 0.39416736 0.81093574 0.9470788  0.4657057 ]
1950,3,0,3,0,0,[0.6441866  0.43688002 0.43830392 0.49919623 0.35857284 0.69674957]
1951,3,0,3,0,1,[1.4767878  0.8984407  0.38461134 0.4528813  0.8699005  1.1869216 ]
1952,3,0,3,0,2,[0.5930182  0.446355   0.24780115 0.676845   0.82925    0.40654486]
1953,3,0,3,0,3,[ 0.5576827   0.38637456  0.6025805   0.39713806 -0.08341835  0.8393551 ]
1954,3,0,3,0,4,[0.6410599  0.6178454  0.3365075  0.512888   0.60510474 0.7786342 ]
1955,3,0,3,1,0,[-0.43338287 -1.0741347   0.42918834  0.51644945  0.06712731 -0.7177643 ]
1956,3,0,3,1,1,[ 0.8289515  -0.43289807  0.65987515  0.51331556  1.1032853   0.60769063]
1957,3,0,3,1,2,[-1.1390423  -2.1376667   0.05432554  0.68382627  0.8157658  -2.283438  ]
1958,3,0,3,1,3,[-0.01516349 -0.2246515   0.6136502   0.40103444 -0.84035426  0.16948982]
1959,3,0,3,1,4,[-0.40249276 -0.800337    0.30288774  0.52375615  0.57092893 -0.5700069 ]
1960,3,0,3,2,0,[ 0.03932183 -0.3525589   0.3505652   0.46720192  0.1425124  -0.08988353]
1961,3,0,3,2,1,[0.93682766 0.10078239 0.4516842  0.47104004 0.8188434  0.7165081 ]
1962,3,0,3,2,2,[-0.31216294 -0.8310801   0.10545624  0.60746616  0.66560405 -0.90936875]
1963,3,0,3,2,3,[ 0.2012079   0.01689974  0.4920783   0.36818832 -0.4455502   0.3570049 ]
1964,3,0,3,2,4,[ 0.04780865 -0.15482976  0.25706398  0.46557721  0.47026634  0.0144549 ]
1965,3,0,3,3,0,[0.46535954 0.07809255 0.5071659  0.6357934  0.32521844 0.40606195]
1966,3,0,3,3,1,[1.5939045  0.6634448  0.5296712  0.59560716 1.0946208  1.2303745 ]
1967,3,0,3,3,2,[ 0.20250422 -0.21530923  0.21917254  0.8397115   0.97617304 -0.31050044]
1968,3,0,3,3,3,[ 0.51390916  0.27859983  0.71190906  0.5102581  -0.3449823   0.7900448 ]
1969,3,0,3,3,4,[0.4651752  0.326189   0.380236   0.640796   0.70124865 0.5292102 ]
1970,3,0,3,4,0,[0.47503662 0.09376346 0.6396892  0.9387168  0.41247937 0.49923632]
1971,3,0,3,4,1,[2.0278268  0.8795072  0.75468475 0.92510676 1.5421855  1.7764056 ]
1972,3,0,3,4,2,[-0.00405013 -0.38492984  0.22469151  1.2014341   1.3432844  -0.57503605]
1973,3,0,3,4,3,[ 0.63871664  0.43045112  0.9028253   0.7564439  -0.5674635   1.0336809 ]
1974,3,0,3,4,4,[0.45825273 0.4248736  0.47637448 0.9195123  0.9527935  0.67045677]
1975,3,0,4,0,0,[0.42449272 0.18570343 0.2595027  0.29785514 0.23881185 0.34116668]
1976,3,0,4,0,1,[1.126854   0.5408027  0.13549404 0.16272981 0.6306818  0.6582352 ]
1977,3,0,4,0,2,[ 0.29012755  0.13950686  0.02279114  0.40848407  0.62913746 -0.04062482]
1978,3,0,4,0,3,[ 0.44049543  0.2052302   0.47861472  0.27653962 -0.12923889  0.59493077]
1979,3,0,4,0,4,[0.41245893 0.3538313  0.16415651 0.31594843 0.4558578  0.40825725]
1980,3,0,4,1,0,[-0.48226747 -1.1793016   0.49809137  0.32943046  0.11828978 -0.5712129 ]
1981,3,0,4,1,1,[ 0.68509537 -0.654657    0.80830735  0.25194618  1.0592573   0.7598138 ]
1982,3,0,4,1,2,[-1.225286   -2.18819     0.1514294   0.42731836  0.7911886  -2.0159898 ]
1983,3,0,4,1,3,[-0.01769658 -0.35554534  0.61246496  0.29592186 -0.73985434  0.16869406]
1984,3,0,4,1,4,[-0.48311675 -0.9334865   0.35745853  0.3381197   0.54993063 -0.48257986]
1985,3,0,4,2,0,[-0.04965925 -0.48361427  0.32456055  0.3223298   0.1363571  -0.13215555]
1986,3,0,4,2,1,[ 0.7641707  -0.11875844  0.44067872  0.26947874  0.72960323  0.62397605]
1987,3,0,4,2,2,[-0.44837853 -0.9579749   0.07290181  0.4091559   0.5946499  -0.9333472 ]
1988,3,0,4,2,3,[ 0.16938144 -0.10067546  0.456069    0.28542602 -0.4024453   0.28955743]
1989,3,0,4,2,4,[-0.06090689 -0.3053998   0.2245876   0.3219013   0.41753182 -0.06523407]
1990,3,0,4,3,0,[ 0.2629618  -0.17462136  0.36978838  0.41198373  0.24338536  0.14137685]
1991,3,0,4,3,1,[1.2537327  0.28493115 0.3547414  0.2803275  0.88088304 0.8211704 ]
1992,3,0,4,3,2,[-0.08591578 -0.5037928   0.04489253  0.5381923   0.7985871  -0.6275874 ]
1993,3,0,4,3,3,[ 0.41626638  0.0820562   0.6068311   0.37792596 -0.3458024   0.5857609 ]
1994,3,0,4,3,4,[0.2440151  0.05199643 0.24254194 0.42071235 0.5692943  0.22957417]
1995,3,0,4,4,0,[ 0.1864088  -0.25411677  0.463087    0.61452425  0.31644514  0.15181667]
1996,3,0,4,4,1,[1.5514674  0.36387816 0.5398958  0.48105302 1.269571   1.2507466 ]
1997,3,0,4,4,2,[-0.41360828 -0.7769798  -0.00952041  0.7711625   1.1116035  -0.99769235]
1998,3,0,4,4,3,[ 0.5006804   0.15688664  0.77583814  0.55942786 -0.5495055   0.7727323 ]
1999,3,0,4,4,4,[0.14512126 0.0466714  0.29421374 0.6048454  0.7827807  0.26837125]
2000,3,1,0,0,0,[ 0.107285   -0.03176779  0.11109964  0.12242546  0.0116803  -0.02364997]
2001,3,1,0,0,1,[0.4746263  0.17677957 0.03935849 0.04106702 0.22656001 0.14608099]
2002,3,1,0,0,2,[ 0.02429989 -0.06943657 -0.00571943  0.18825693  0.24212848 -0.24832901]
2003,3,1,0,0,3,[ 0.13349736 -0.01671487  0.22009315  0.10955678 -0.20113513  0.12328083]
2004,3,1,0,0,4,[0.12204669 0.08639135 0.0690558  0.14175019 0.16023546 0.05376064]
2005,3,1,0,1,0,[-0.46733996 -0.8385337   0.21821028  0.14712729 -0.11678445 -0.66138005]
2006,3,1,0,1,1,[ 0.14673354 -0.47428188  0.36747926  0.0958593   0.41439024  0.0936557 ]
2007,3,1,0,1,2,[-0.90922254 -1.4404486   0.04854829  0.20857437  0.28130272 -1.5259613 ]
2008,3,1,0,1,3,[-0.16782476 -0.3794556   0.2675662   0.12575576 -0.61558497 -0.22243421]
2009,3,1,0,1,4,[-0.43889114 -0.66994864  0.15796828  0.16020234  0.16820775 -0.5547981 ]
2010,3,1,0,2,0,[-0.16462635 -0.39682987  0.14138992  0.14640397 -0.05229041 -0.306096  ]
2011,3,1,0,2,1,[ 0.26251537 -0.15516546  0.19328423  0.10917846  0.27947074  0.11770748]
2012,3,1,0,2,2,[-0.40180206 -0.6815392   0.01805054  0.19914745  0.21886179 -0.78142375]
2013,3,1,0,2,3,[-0.01787698 -0.18386531  0.20295888  0.12510101 -0.36460495 -0.05871107]
2014,3,1,0,2,4,[-0.15001708 -0.27456126  0.09814657  0.15314709  0.13479279 -0.22799912]
2015,3,1,0,3,0,[-0.02691463 -0.2674617   0.15846887  0.17910488 -0.02765632 -0.21201263]
2016,3,1,0,3,1,[0.49155656 0.02036073 0.1396537  0.09577094 0.3254478  0.16243973]
2017,3,1,0,3,2,[-0.23623537 -0.47111553 -0.00153778  0.25472063  0.30050972 -0.6661214 ]
2018,3,1,0,3,3,[ 0.08608022 -0.12245528  0.27432236  0.15958656 -0.36853683  0.04705619]
2019,3,1,0,3,4,[-0.00994739 -0.1103232   0.10294515  0.19445738  0.19176786 -0.11009376]
2020,3,1,0,4,0,[-0.12454854 -0.36053988  0.19497135  0.28284022 -0.04722145 -0.30595228]
2021,3,1,0,4,1,[0.58984506 0.03575015 0.21968125 0.19276343 0.4796996  0.2993314 ]
2022,3,1,0,4,2,[-0.47805548 -0.67676914 -0.03644179  0.37786645  0.4234702  -0.97809523]
2023,3,1,0,4,3,[ 0.08748833 -0.13392045  0.34496456  0.25137728 -0.5473328   0.05192819]
2024,3,1,0,4,4,[-0.11161948 -0.15250376  0.1223174   0.28974795  0.2644237  -0.16948828]
2025,3,1,1,0,0,[ 0.15442276 -0.00653279  0.08777429  0.10597733  0.06146671  0.01071174]
2026,3,1,1,0,1,[ 0.5219035   0.16988623 -0.01262567 -0.01088917  0.24954352  0.12007913]
2027,3,1,1,0,2,[ 0.04417603 -0.05910591 -0.06273317  0.14831246  0.2711547  -0.25742903]
2028,3,1,1,0,3,[ 0.2018048   0.02848834  0.232352    0.12392277 -0.13769615  0.20666006]
2029,3,1,1,0,4,[0.14808522 0.09382839 0.03623927 0.11803564 0.18956271 0.05631019]
2030,3,1,1,1,0,[-0.37389505 -0.77936244  0.26314548  0.12789027 -0.00417652 -0.4662428 ]
2031,3,1,1,1,1,[ 0.27699006 -0.46982732  0.4436252   0.04986141  0.51682425  0.29470727]
2032,3,1,1,1,2,[-0.8359898  -1.3715392   0.06878022  0.16482286  0.38054064 -1.3191279 ]
2033,3,1,1,1,3,[-0.07451024 -0.31508762  0.31471968  0.1358653  -0.5121955  -0.05632658]
2034,3,1,1,1,4,[-0.3734388  -0.633472    0.18494508  0.13443498  0.24954054 -0.40807763]
2035,3,1,1,2,0,[-0.10311813 -0.3629539   0.15423942  0.13654119  0.01902052 -0.2038264 ]
2036,3,1,1,2,1,[ 0.34407687 -0.15815149  0.2119516   0.0787539   0.33804217  0.20414892]
2037,3,1,1,2,2,[-0.35987732 -0.64973336  0.00611458  0.17063959  0.2763003  -0.69194245]
2038,3,1,1,2,3,[ 0.05070287 -0.13957413  0.23050131  0.13754062 -0.2932223   0.04909896]
2039,3,1,1,2,4,[-0.10918617 -0.2574105   0.09884746  0.13740245  0.18412703 -0.1600778 ]
2040,3,1,1,3,0,[ 0.04316433 -0.23106557  0.1491804   0.16136858  0.05040455 -0.12730162]
2041,3,1,1,3,1,[0.57506627 0.01121546 0.11406915 0.0414081  0.37715048 0.19566438]
2042,3,1,1,3,2,[-0.19733101 -0.4468234  -0.05023546  0.20940942  0.3554485  -0.62055004]
2043,3,1,1,3,3,[ 0.17506638 -0.06524977  0.29948157  0.17657281 -0.28104702  0.17006204]
2044,3,1,1,3,4,[ 0.0328683  -0.09639664  0.07950868  0.16824603  0.24215192 -0.0685817 ]
2045,3,1,1,4,0,[-0.04796963 -0.32183707  0.17989106  0.25041354  0.0573037  -0.19777884]
2046,3,1,1,4,1,[0.69007266 0.01266636 0.19330606 0.12089209 0.55456835 0.35491467]
2047,3,1,1,4,2,[-0.44674754 -0.6547231  -0.10879437  0.31011125  0.4969075  -0.925148  ]
2048,3,1,1,4,3,[ 0.19117112 -0.0669316   0.37714547  0.26185754 -0.4339233   0.20884116]
2049,3,1,1,4,4,[-0.0693181  -0.14271443  0.08739194  0.24870044  0.33204007 -0.11925916]
2050,3,1,2,0,0,[0.4061989  0.17072827 0.1829914  0.24163388 0.2251748  0.27525756]
2051,3,1,2,0,1,[0.9575095  0.41449124 0.05682138 0.09308819 0.49978584 0.4299668 ]
2052,3,1,2,0,2,[ 0.2728957   0.11479396 -0.04047916  0.29993668  0.50494415 -0.08838125]
2053,3,1,2,0,3,[ 0.4298831   0.19825184  0.38959518  0.2610366  -0.05725385  0.5291404 ]
2054,3,1,2,0,4,[0.3705962  0.2801545  0.09774894 0.24147515 0.37406236 0.29216096]
2055,3,1,2,1,0,[-0.32010072 -0.8293404   0.30808014  0.263428    0.11864533 -0.4296413 ]
2056,3,1,2,1,1,[ 0.63043445 -0.42835274  0.5284602   0.17529091  0.83224237  0.5496985 ]
2057,3,1,2,1,2,[-0.9231175  -1.5927508  -0.02663757  0.31760812  0.6254462  -1.6000715 ]
2058,3,1,2,1,3,[ 0.02348714 -0.23527005  0.44368148  0.26195052 -0.5811565   0.14106719]
2059,3,1,2,1,4,[-0.3409732  -0.66163343  0.19051169  0.25928003  0.4385329  -0.39340192]
2060,3,1,2,2,0,[ 0.0166725  -0.32856965  0.2130714   0.2639626   0.1328436  -0.08956183]
2061,3,1,2,2,1,[ 0.6759766  -0.05885532  0.2871637   0.20054828  0.57759285  0.4460571 ]
2062,3,1,2,2,2,[-0.31379193 -0.69483906 -0.02573266  0.31350833  0.47386456 -0.75672495]
2063,3,1,2,2,3,[ 0.17939757 -0.04872265  0.34725058  0.25567672 -0.3021047   0.2519813 ]
2064,3,1,2,2,4,[-0.01043053 -0.20794064  0.1273731   0.25340334  0.33742428 -0.06492449]
2065,3,1,2,3,0,[ 0.29039055 -0.09073662  0.24961495  0.3342053   0.2313242   0.12137654]
2066,3,1,2,3,1,[1.0816407  0.23497723 0.20743696 0.18782522 0.6957443  0.553346  ]
2067,3,1,2,3,2,[-0.01314215 -0.35911775 -0.05712277  0.40219206  0.63710356 -0.55044717]
2068,3,1,2,3,3,[ 0.41184762  0.10639142  0.4786469   0.3451205  -0.23447123  0.5144172 ]
2069,3,1,2,3,4,[0.24654675 0.06001912 0.13814433 0.32518184 0.46265593 0.14917769]
2070,3,1,2,4,0,[ 0.22642857 -0.14627014  0.29732776  0.4817891   0.28426692  0.11261128]
2071,3,1,2,4,1,[1.3271499  0.3027407  0.32928127 0.33632767 0.992508   0.8664392 ]
2072,3,1,2,4,2,[-0.27889818 -0.5631393  -0.14199983  0.5710845   0.8719327  -0.8708149 ]
2073,3,1,2,4,3,[ 0.46346316  0.15815991  0.5936794   0.47673708 -0.41122317  0.6349973 ]
2074,3,1,2,4,4,[0.16368122 0.05707918 0.15204899 0.45931575 0.62235165 0.15626006]
2075,3,1,3,0,0,[0.4703301  0.27186263 0.25806147 0.30064452 0.2598853  0.42534354]
2076,3,1,3,0,1,[1.0165474  0.53603005 0.18013471 0.20479123 0.5552069  0.6402916 ]
2077,3,1,3,0,2,[0.39353353 0.24772762 0.08931646 0.38095468 0.545463   0.15390517]
2078,3,1,3,0,3,[ 0.442634    0.2637833   0.40851158  0.28441557 -0.02375841  0.5918687 ]
2079,3,1,3,0,4,[0.4415712  0.37265193 0.1793997  0.29832524 0.40370342 0.44512707]
2080,3,1,3,1,0,[-0.23357248 -0.67105913  0.2822022   0.31369388  0.0984308  -0.3889311 ]
2081,3,1,3,1,1,[ 0.65421563 -0.25709227  0.45036796  0.2646191   0.77427286  0.48855478]
2082,3,1,3,1,2,[-0.73983526 -1.3672409  -0.00628185  0.39212948  0.5874707  -1.4537085 ]
2083,3,1,3,1,3,[ 0.03993671 -0.14120102  0.41262156  0.27796555 -0.54793364  0.15425643]
2084,3,1,3,1,4,[-0.23933834 -0.5117673   0.18396415  0.309322    0.41245988 -0.33273232]
2085,3,1,3,2,0,[ 0.0701199  -0.22250336  0.22291912  0.29379126  0.12875882 -0.0290559 ]
2086,3,1,3,2,1,[0.6919379  0.059011   0.2854662  0.2584356  0.55905783 0.47181165]
2087,3,1,3,2,2,[-0.1948986  -0.54647684  0.02678376  0.3605741   0.4632049  -0.61274195]
2088,3,1,3,2,3,[ 0.18338516  0.01535973  0.33412296  0.26123044 -0.2803069   0.26928836]
2089,3,1,3,2,4,[ 0.05407847 -0.10831105  0.14977974  0.2840358   0.3298024   0.00817643]
2090,3,1,3,3,0,[0.3651226  0.04398369 0.30686742 0.38970196 0.25066206 0.25925544]
2091,3,1,3,3,1,[1.1270374  0.39075568 0.2895573  0.29459846 0.71906424 0.7080099 ]
2092,3,1,3,3,2,[ 0.14155252 -0.17598206  0.06520861  0.48293522  0.65617543 -0.29627076]
2093,3,1,3,3,3,[ 0.42087016  0.19034791  0.48251045  0.36234477 -0.19924891  0.56541914]
2094,3,1,3,3,4,[0.33339846 0.18502836 0.2080682  0.3800713  0.47656938 0.29760385]
2095,3,1,3,4,0,[0.36092138 0.04470763 0.38029402 0.5697083  0.31037942 0.31034487]
2096,3,1,3,4,1,[1.4227945  0.52326936 0.43109503 0.48970234 1.0155382  1.0639875 ]
2097,3,1,3,4,2,[-0.02097603 -0.3008972   0.03719511  0.6952994   0.8971     -0.50134987]
2098,3,1,3,4,3,[ 0.49362212  0.2745733   0.6012448   0.51119107 -0.35939905  0.70935315]
2099,3,1,3,4,4,[0.31408334 0.23548436 0.2535484  0.54500395 0.64077324 0.3703497 ]
2100,3,1,4,0,0,[0.3066287  0.08993564 0.1119747  0.16047952 0.16841276 0.14810778]
2101,3,1,4,0,1,[ 0.7664619   0.27886662 -0.02778102  0.0024554   0.37984276  0.23304966]
2102,3,1,4,0,2,[ 0.16596037  0.02432033 -0.09920861  0.19548732  0.39980066 -0.20103766]
2103,3,1,4,0,3,[ 0.35711792  0.13604915  0.31468636  0.1999213  -0.06267629  0.41131926]
2104,3,1,4,0,4,[0.2725485  0.18472987 0.03792276 0.16219623 0.2951462  0.16050948]
2105,3,1,4,1,0,[-0.2949429  -0.78282624  0.30300337  0.18155661  0.11930916 -0.35042274]
2106,3,1,4,1,1,[ 0.531649   -0.4624227   0.51334196  0.07928209  0.7278157   0.5154998 ]
2107,3,1,4,1,2,[-0.8446654  -1.4607484   0.01907632  0.21122712  0.5569163  -1.366382  ]
2108,3,1,4,1,3,[ 0.02997437 -0.2445268   0.4032896   0.20442247 -0.49051496  0.13281557]
2109,3,1,4,1,4,[-0.32279792 -0.63890886  0.19413282  0.17883396  0.3883407  -0.3324414 ]
2110,3,1,4,2,0,[-0.00809397 -0.33429006  0.18402006  0.19294187  0.11496247 -0.09891877]
2111,3,1,4,2,1,[ 0.5595256  -0.12068382  0.24627124  0.11771853  0.48687223  0.35648116]
2112,3,1,4,2,2,[-0.3166378  -0.6656287  -0.02789547  0.22274466  0.40546322 -0.69198763]
2113,3,1,4,2,3,[ 0.15667193 -0.07268208  0.3025612   0.20410948 -0.2583304   0.20941865]
2114,3,1,4,2,4,[-0.03774993 -0.23072082  0.10601646  0.1844926   0.28719792 -0.08547628]
2115,3,1,4,3,0,[ 0.20663823 -0.14956498  0.18286864  0.23416929  0.18221179  0.02903792]
2116,3,1,4,3,1,[0.87814885 0.10485008 0.12366883 0.07500202 0.5579547  0.363996  ]
2117,3,1,4,3,2,[-0.08777714 -0.4027854  -0.09882902  0.27433982  0.5229543  -0.5867464 ]
2118,3,1,4,3,3,[ 0.3475277   0.04870442  0.39996946  0.27041626 -0.2095919   0.40809992]
2119,3,1,4,3,4,[ 0.16245356 -0.01962135  0.08370728  0.22802979  0.37784085  0.04641008]
2120,3,1,4,4,0,[ 0.13061804 -0.22562796  0.2141069   0.34211633  0.2258604  -0.00398011]
2121,3,1,4,4,1,[1.066728   0.12592988 0.21556717 0.17587425 0.8056593  0.60279024]
2122,3,1,4,4,2,[-0.35426828 -0.6160938  -0.19137737  0.39362696  0.71979946 -0.90646374]
2123,3,1,4,4,3,[ 0.38950944  0.07719386  0.4986746   0.37421244 -0.3607403   0.5048762 ]
2124,3,1,4,4,4,[ 0.06701442 -0.05080014  0.08315632  0.3249413   0.51110363  0.022298  ]
2125,3,2,0,0,0,[-0.00692875 -0.08711538  0.23931414  0.25614497 -0.09617635 -0.07413185]
2126,3,2,0,0,1,[0.50689715 0.25431666 0.24001212 0.29906476 0.28727186 0.34947935]
2127,3,2,0,0,2,[-0.02255888 -0.10025733  0.18962273  0.44855654  0.28782764 -0.23463441]
2128,3,2,0,0,3,[-0.03314987 -0.08077101  0.27908328  0.10576079 -0.39857695  0.01531063]
2129,3,2,0,0,4,[0.08987398 0.13472886 0.21196719 0.31266528 0.17071635 0.13465159]
2130,3,2,0,1,0,[-0.9299     -1.495732    0.25736412  0.29391295 -0.44190893 -1.5291742 ]
2131,3,2,0,1,1,[-0.23377301 -1.0560448   0.39117014  0.33653888  0.2714993  -0.671023  ]
2132,3,2,0,1,2,[-1.4906595  -2.477491    0.11502403  0.47264656  0.11160219 -2.8286562 ]
2133,3,2,0,1,3,[-0.45497397 -0.63838094  0.3165911   0.15216064 -0.9804251  -0.60583276]
2134,3,2,0,1,4,[-0.8065705  -1.1920394   0.21945414  0.33631387  0.02830134 -1.2474065 ]
2135,3,2,0,2,0,[-0.42208403 -0.7113414   0.1996669   0.25654584 -0.24458246 -0.7238681 ]
2136,3,2,0,2,1,[ 0.08720301 -0.38940063  0.2655426   0.29578513  0.22915779 -0.16972335]
2137,3,2,0,2,2,[-0.69290483 -1.1577127   0.11313701  0.40382197  0.15484768 -1.3719177 ]
2138,3,2,0,2,3,[-0.20759661 -0.31975698  0.24204278  0.13757774 -0.6056212  -0.27375954]
2139,3,2,0,2,4,[-0.33573174 -0.48948997  0.17313899  0.2883907   0.07125916 -0.5166281 ]
2140,3,2,0,3,0,[-0.26266497 -0.49260122  0.28410852  0.34406286 -0.2185546  -0.4976115 ]
2141,3,2,0,3,1,[ 0.40486723 -0.06438334  0.3237752   0.39153513  0.33895817  0.13176817]
2142,3,2,0,3,2,[-0.44849896 -0.7788684   0.19393075  0.5640779   0.29589158 -1.0134577 ]
2143,3,2,0,3,3,[-0.1409819  -0.24295935  0.33964667  0.17075749 -0.65108424 -0.15278414]
2144,3,2,0,3,4,[-0.14625573 -0.20314652  0.24926294  0.39886117  0.16205357 -0.22588857]
2145,3,2,0,4,0,[-0.413001   -0.64557636  0.36496943  0.5476222  -0.2908231  -0.68880206]
2146,3,2,0,4,1,[ 0.472557   -0.09117503  0.44350356  0.5927934   0.49858922  0.19974142]
2147,3,2,0,4,2,[-0.7673086  -1.1064585   0.22505401  0.81811094  0.4313934  -1.4885441 ]
2148,3,2,0,4,3,[-0.14871056 -0.23622428  0.44353458  0.3340568  -0.8990856  -0.1530253 ]
2149,3,2,0,4,4,[-0.28476912 -0.26807395  0.32007802  0.5891702   0.23660386 -0.33355686]
2150,3,2,1,0,0,[ 0.07539117 -0.01625015  0.22978456  0.2505575  -0.02118226  0.02470521]
2151,3,2,1,0,1,[0.5841427  0.29180703 0.20953637 0.26610637 0.33203912 0.39288366]
2152,3,2,1,0,2,[ 0.04686636 -0.03342579  0.15661833  0.41897005  0.3352916  -0.1529057 ]
2153,3,2,1,0,3,[ 0.05385809 -0.00314522  0.29350647  0.12768176 -0.307698    0.13444224]
2154,3,2,1,0,4,[0.14758837 0.1785334  0.19376054 0.29712006 0.21609443 0.19375989]
2155,3,2,1,1,0,[-0.7623538  -1.334693    0.30516365  0.2815811  -0.29310718 -1.2225856 ]
2156,3,2,1,1,1,[-0.04211208 -0.95788985  0.46280116  0.30338883  0.39238426 -0.38214988]
2157,3,2,1,1,2,[-1.3048849  -2.2613747   0.14927848  0.43570194  0.23438233 -2.4440734 ]
2158,3,2,1,1,3,[-0.3267174 -0.514599   0.3600147  0.1658815 -0.829539  -0.3821972]
2159,3,2,1,1,4,[-0.6704103  -1.0657432   0.25185868  0.31576118  0.13074832 -0.9976492 ]
2160,3,2,1,2,0,[-0.3153279  -0.61588997  0.21845502  0.25115523 -0.14863755 -0.5495908 ]
2161,3,2,1,2,1,[ 0.20546632 -0.33548003  0.2889773   0.27441508  0.30226013 -0.02178283]
2162,3,2,1,2,2,[-0.58259034 -1.0401517   0.11636698  0.37947553  0.22845122 -1.1705726 ]
2163,3,2,1,2,3,[-0.11787397 -0.23775567  0.2680201   0.15221404 -0.5034496  -0.12889412]
2164,3,2,1,2,4,[-0.2520591  -0.41946363  0.18143207  0.27582908  0.1351601  -0.38298178]
2165,3,2,1,3,0,[-0.14051262 -0.38713798  0.2884393   0.33610225 -0.1080353  -0.323957  ]
2166,3,2,1,3,1,[ 0.53155017 -0.00811534  0.316594    0.35554257  0.41451788  0.25100052]
2167,3,2,1,3,2,[-0.33290344 -0.66301     0.1719409   0.52813154  0.37337214 -0.83567184]
2168,3,2,1,3,3,[-0.02661519 -0.1406822   0.36538348  0.19369836 -0.5258871   0.01718642]
2169,3,2,1,3,4,[-0.05507144 -0.13180086  0.24107048  0.37993982  0.23240581 -0.10459698]
2170,3,2,1,4,0,[-0.2607048  -0.514891    0.36919776  0.5252442  -0.1434944  -0.46012217]
2171,3,2,1,4,1,[ 0.6368275  -0.02815107  0.44000196  0.5412843   0.60232174  0.36656925]
2172,3,2,1,4,2,[-0.62197506 -0.9596342   0.19136342  0.76041275  0.5335646  -1.2517196 ]
2173,3,2,1,4,3,[-0.01075083 -0.11201317  0.47659382  0.34931594 -0.7352428   0.06421798]
2174,3,2,1,4,4,[-0.17069401 -0.18112114  0.30697966  0.5558464   0.33019456 -0.17386694]
2175,3,2,2,0,0,[0.35072586 0.25349227 0.36834887 0.45539615 0.15703414 0.3839781 ]
2176,3,2,2,0,1,[1.097938   0.6774428  0.34211522 0.49555025 0.65249324 0.8860947 ]
2177,3,2,2,0,2,[0.343408   0.26509467 0.24874268 0.6867381  0.6328584  0.1690392 ]
2178,3,2,2,0,3,[ 0.26374283  0.23181373  0.4709316   0.27856952 -0.24285889  0.50063133]
2179,3,2,2,0,4,[0.4170472  0.48021328 0.30471686 0.4998848  0.4454187  0.5593785 ]
2180,3,2,2,1,0,[-0.7477472  -1.433441    0.35400844  0.47992095 -0.20198606 -1.3032522 ]
2181,3,2,2,1,1,[ 0.2969202  -0.96821517  0.5215056   0.53139     0.71508056 -0.2591566 ]
2182,3,2,2,1,2,[-1.4247072  -2.6052148   0.06918554  0.6922088   0.48996893 -2.9118361 ]
2183,3,2,2,1,3,[-0.25452456 -0.3875671   0.5067362   0.30932647 -0.9296477  -0.18260287]
2184,3,2,2,1,4,[-0.65184313 -1.1134852   0.2705835   0.5121045   0.33271176 -1.0537016 ]
2185,3,2,2,2,0,[-0.21024084 -0.5724462   0.28965273  0.4261441  -0.048264   -0.46354493]
2186,3,2,2,2,1,[ 0.54909134 -0.21338108  0.36641344  0.47643197  0.5640488   0.2102247 ]
2187,3,2,2,2,2,[-0.5341296 -1.098821   0.1111106  0.6033303  0.4496838 -1.2755518]
2188,3,2,2,2,3,[-0.00963937 -0.10251182  0.39675656  0.28068367 -0.53518796  0.08551559]
2189,3,2,2,2,4,[-0.14792393 -0.33874747  0.22946157  0.4470114   0.30723175 -0.28074524]
2190,3,2,2,3,0,[ 0.11353248 -0.17601834  0.42585093  0.5865367   0.07463156 -0.02699221]
2191,3,2,2,3,1,[1.0976315  0.3277372  0.4537549  0.63764966 0.79515654 0.72815233]
2192,3,2,2,3,2,[-0.10152537 -0.49643138  0.22922269  0.8510415   0.71391803 -0.6846301 ]
2193,3,2,2,3,3,[ 0.18569322  0.10502634  0.56543946  0.37920037 -0.503992    0.39974827]
2194,3,2,2,3,4,[0.19371216 0.12486992 0.34548366 0.6257961  0.49564615 0.20757267]
2195,3,2,2,4,0,[ 0.03843475 -0.24249208  0.533305    0.87152445  0.08966884 -0.09188987]
2196,3,2,2,4,1,[1.3580458  0.39643237 0.6175257  0.9322694  1.1186535  0.99630624]
2197,3,2,2,4,2,[-0.38387975 -0.77195984  0.2389193   1.1990223   0.98991895 -1.1117287 ]
2198,3,2,2,4,3,[ 0.25585228  0.23024093  0.72526515  0.60829437 -0.73457456  0.5614077 ]
2199,3,2,2,4,4,[0.11891995 0.15350406 0.43011144 0.8908146  0.68146664 0.21947142]
2200,3,2,3,0,0,[0.41710845 0.34377232 0.40364712 0.5130202  0.19075532 0.48919654]
2201,3,2,3,0,1,[1.1591568  0.7688598  0.398604   0.5932033  0.69092333 1.0059769 ]
2202,3,2,3,0,2,[0.4483741  0.37431338 0.31349385 0.7584476  0.66242456 0.32675493]
2203,3,2,3,0,3,[ 0.2940116   0.3024594   0.4798434   0.31116113 -0.20217828  0.5638921 ]
2204,3,2,3,0,4,[0.48292172 0.55745417 0.3440263  0.5522434  0.46977264 0.65902597]
2205,3,2,3,1,0,[-0.6760159  -1.3118622   0.27397296  0.5238079  -0.22925311 -1.3344154 ]
2206,3,2,3,1,1,[ 0.31417543 -0.87212497  0.36763945  0.6037073   0.6327264  -0.44072056]
2207,3,2,3,1,2,"[-1.2848210e+00 -2.4367239e+00 -9.2867884e-04  7.5109690e-01
  4.3338320e-01 -2.8912697e+00]"
2208,3,2,3,1,3,[-0.2316614  -0.30198753  0.45692173  0.33023635 -0.8994821  -0.18698996]
2209,3,2,3,1,4,[-0.57316613 -1.0042853   0.20605429  0.5533195   0.29561788 -1.074795  ]
2210,3,2,3,2,0,[-0.16170639 -0.48853865  0.26069105  0.455504   -0.05530513 -0.4522497 ]
2211,3,2,3,2,1,[ 0.56567365 -0.14244865  0.30721045  0.5267794   0.52976745  0.14971249]
2212,3,2,3,2,2,[-0.440008   -0.9870281   0.09831955  0.6433419   0.4271485  -1.2210392 ]
2213,3,2,3,2,3,[ 0.0043979  -0.04151421  0.3722518   0.29358873 -0.5119717   0.09547463]
2214,3,2,3,2,4,[-0.09488864 -0.2645385   0.21011616  0.4746961   0.29324257 -0.26468372]
2215,3,2,3,3,0,[ 0.18647787 -0.06346598  0.43082976  0.64096385  0.09108947  0.04799935]
2216,3,2,3,3,1,[1.1451159  0.4324838  0.45319661 0.7306848  0.7966936  0.76549935]
2217,3,2,3,3,2,[ 0.02652984 -0.3535183   0.26493582  0.92128754  0.7176283  -0.54638994]
2218,3,2,3,3,3,[ 0.21273015  0.18988292  0.55506796  0.40725717 -0.4633557   0.4457206 ]
2219,3,2,3,3,4,[0.26967174 0.22275956 0.35951775 0.67598045 0.5016685  0.28249142]
2220,3,2,3,4,0,[ 0.15174343 -0.09417779  0.53489727  0.9473291   0.10277109 -0.00352095]
2221,3,2,3,4,1,[1.4358929 0.5312454 0.5972008 1.0566368 1.1024504 1.0087488]
2222,3,2,3,4,2,[-0.18496715 -0.57921994  0.28587255  1.297901    0.98420936 -0.9304257 ]
2223,3,2,3,4,3,[ 0.29613373  0.33843723  0.70698863  0.6473606  -0.6843424   0.6114272 ]
2224,3,2,3,4,4,[0.23781134 0.2839455  0.44575852 0.96133846 0.6815155  0.31184277]
2225,3,2,4,0,0,[0.25861537 0.15201217 0.2867415  0.34617323 0.10749263 0.24876314]
2226,3,2,4,0,1,[0.88374585 0.49666762 0.24427362 0.35452154 0.5111225  0.6431122 ]
2227,3,2,4,0,2,[0.2307405  0.14438121 0.17357247 0.53092515 0.5068939  0.03634592]
2228,3,2,4,0,3,[ 0.20941207  0.15463278  0.38824448  0.2144541  -0.22514969  0.38123623]
2229,3,2,4,0,4,[0.31316695 0.3475755  0.23177783 0.3860574  0.35348722 0.39799112]
2230,3,2,4,1,0,[-0.6610824  -1.304821    0.35290772  0.3709555  -0.16480495 -1.0987527 ]
2231,3,2,4,1,1,[ 0.2386198  -0.92261076  0.52394783  0.39270252  0.6185578  -0.17114925]
2232,3,2,4,1,2,[-1.2648196  -2.327853    0.12168532  0.5387176   0.42988288 -2.4776874 ]
2233,3,2,4,1,3,[-0.21609871 -0.38750064  0.45721152  0.24485321 -0.79615194 -0.15871161]
2234,3,2,4,1,4,[-0.5862511  -1.029868    0.27510932  0.39936164  0.2881945  -0.89502466]
2235,3,2,4,2,0,[-0.20248841 -0.54789776  0.2608364   0.33387873 -0.04542789 -0.4155649 ]
2236,3,2,4,2,1,[ 0.44616652 -0.253969    0.33237335  0.35928327  0.47121403  0.16531657]
2237,3,2,4,2,2,[-0.49895784 -1.0139089   0.10892846  0.47478652  0.37891194 -1.1227843 ]
2238,3,2,4,2,3,[-0.01109348 -0.12788066  0.34633502  0.22470555 -0.46251622  0.05834121]
2239,3,2,4,2,4,[-0.15374365 -0.3471314   0.20580094  0.35243824  0.25597236 -0.2648044 ]
2240,3,2,4,3,0,[ 0.05507106 -0.2313413   0.35251063  0.4534671   0.04319119 -0.08964118]
2241,3,2,4,3,1,[0.8871938  0.17906234 0.36605832 0.46882442 0.6412593  0.53516954]
2242,3,2,4,3,2,[-0.1559736  -0.527365    0.17689326  0.66419137  0.58371705 -0.68018895]
2243,3,2,4,3,3,[ 0.14652543  0.03497867  0.47811636  0.29880252 -0.44553277  0.30106586]
2244,3,2,4,3,4,[0.11918418 0.02760436 0.2810766  0.48869404 0.4010477  0.106708  ]
2245,3,2,4,4,0,[-0.02696885 -0.31814638  0.4438657   0.6808728   0.05296458 -0.1635718 ]
2246,3,2,4,4,1,[1.0905919  0.2020919  0.5066477  0.6978575  0.91111696 0.7472249 ]
2247,3,2,4,4,2,[-0.4281365  -0.8014719   0.18033807  0.9399422   0.8145845  -1.0763547 ]
2248,3,2,4,4,3,[ 0.20295295  0.12222084  0.61707234  0.48613462 -0.6442471   0.4308701 ]
2249,3,2,4,4,4,[0.035085   0.02214717 0.35063946 0.69953924 0.555097   0.09470571]
2250,3,3,0,0,0,[ 0.07114331  0.00055673  0.14501289  0.13301194 -0.00271696  0.03151134]
2251,3,3,0,0,1,[0.3985659  0.18250738 0.11133544 0.09205414 0.20024027 0.21524952]
2252,3,3,0,0,2,[ 0.02901393 -0.00201773  0.07609387  0.21743952  0.22422183 -0.09806823]
2253,3,3,0,0,3,[ 0.07318027 -0.0040162   0.20388903  0.0888527  -0.19304182  0.10571651]
2254,3,3,0,0,4,[0.10320168 0.12091126 0.11403214 0.15741014 0.14353721 0.12573932]
2255,3,3,0,1,0,[-0.4552855  -0.73355085  0.23961124  0.15954742 -0.13462722 -0.5894004 ]
2256,3,3,0,1,1,[ 0.06102486 -0.4305167   0.37244225  0.13532197  0.32796487  0.04390306]
2257,3,3,0,1,2,[-0.82009876 -1.2603852   0.12940949  0.23991184  0.23734006 -1.308052  ]
2258,3,3,0,1,3,[-0.18727493 -0.3066925   0.25569692  0.11151295 -0.54765135 -0.19272664]
2259,3,3,0,1,4,[-0.40920174 -0.5664711   0.19473168  0.17705117  0.13622564 -0.46217197]
2260,3,3,0,2,0,[-0.17413631 -0.33105415  0.16277078  0.14860672 -0.06422979 -0.24969076]
2261,3,3,0,2,1,[ 0.18958011 -0.12660417  0.21800153  0.1328746   0.22940706  0.11910895]
2262,3,3,0,2,2,[-0.36071602 -0.56757754  0.08490568  0.21566638  0.19331278 -0.6219295 ]
2263,3,3,0,2,3,[-0.04937828 -0.14065088  0.19107762  0.10655554 -0.32740337 -0.04765175]
2264,3,3,0,2,4,[-0.14481622 -0.20936467  0.13085428  0.1599888   0.11504023 -0.15631999]
2265,3,3,0,3,0,[-0.05517126 -0.19962761  0.19819996  0.1898792  -0.04172062 -0.13099614]
2266,3,3,0,3,1,[0.39656797 0.0483504  0.20863406 0.14883645 0.28028148 0.22132276]
2267,3,3,0,3,2,[-0.2040154  -0.3480428   0.10047542  0.28765476  0.27587354 -0.45331922]
2268,3,3,0,3,3,[ 0.02684435 -0.08348696  0.25772658  0.1352697  -0.3367501   0.04745824]
2269,3,3,0,3,4,[-0.01728175 -0.04172802  0.15714847  0.21144173  0.17079702 -0.00864332]
2270,3,3,0,4,0,[-0.14146999 -0.24924432  0.25228193  0.29278392 -0.05824709 -0.17922737]
2271,3,3,0,4,1,[0.46970448 0.0845125  0.29842964 0.24110533 0.41119945 0.35885027]
2272,3,3,0,4,2,[-0.40559852 -0.48435938  0.10827237  0.41427362  0.39402318 -0.6645051 ]
2273,3,3,0,4,3,[ 0.02707331 -0.06283555  0.3295079   0.22274798 -0.48391205  0.07751114]
2274,3,3,0,4,4,[-0.10174198 -0.0418066   0.19902985  0.30743402  0.24052288 -0.01698277]
2275,3,3,1,0,0,[0.1206487  0.03254113 0.13356344 0.12404782 0.04574655 0.08042346]
2276,3,3,1,0,1,[0.44902897 0.19142336 0.08082448 0.0579061  0.22880514 0.22250487]
2277,3,3,1,0,2,[ 0.06114869  0.01985611  0.04190996  0.1897735   0.25477642 -0.07683782]
2278,3,3,1,0,3,[ 0.13352962  0.0402878   0.21551314  0.10313793 -0.13475391  0.1837192 ]
2279,3,3,1,0,4,[0.13487908 0.13618264 0.09515466 0.14183423 0.17323661 0.14684765]
2280,3,3,1,1,0,[-0.3583592  -0.6607805   0.2835821   0.1466145  -0.03130349 -0.3958023 ]
2281,3,3,1,1,1,[ 0.18677445 -0.3998877   0.44375527  0.10331427  0.42257723  0.24574937]
2282,3,3,1,1,2,[-0.7284764  -1.1705348   0.15994905  0.20741634  0.32732734 -1.0877082 ]
2283,3,3,1,1,3,[-0.10332923 -0.24036169  0.2945229   0.12084294 -0.45166278 -0.04134404]
2284,3,3,1,1,4,[-0.33545896 -0.5151956   0.2250125   0.15841186  0.2104762  -0.31009525]
2285,3,3,1,2,0,[-0.11096539 -0.28857085  0.17921032  0.14259575  0.00167219 -0.14370349]
2286,3,3,1,2,1,[ 0.26855317 -0.11206366  0.24142508  0.11232748  0.2852175   0.21605527]
2287,3,3,1,2,2,[-0.30654767 -0.5220544   0.08607665  0.19475587  0.24636418 -0.5156948 ]
2288,3,3,1,2,3,[ 0.01128143 -0.09586252  0.21403354  0.11746064 -0.26179776  0.05044422]
2289,3,3,1,2,4,[-0.09877429 -0.1826514   0.13800512  0.14888619  0.1606799  -0.07981815]
2290,3,3,1,3,0,[ 0.01779503 -0.15297301  0.19983047  0.17977375  0.03222925 -0.03326975]
2291,3,3,1,3,1,[0.48079613 0.06139217 0.2014809  0.11295554 0.33435014 0.28489056]
2292,3,3,1,3,2,[-0.14867778 -0.30694368  0.07644849  0.25561616  0.3293576  -0.37540275]
2293,3,3,1,3,3,[ 0.10550895 -0.02644894  0.27977714  0.15132502 -0.25630257  0.16098939]
2294,3,3,1,3,4,[ 0.03288678 -0.01621907  0.14784107  0.19379033  0.21929456  0.05168231]
2295,3,3,1,4,0,[-0.05745544 -0.19618668  0.25201356  0.26996163  0.03981809 -0.05403619]
2296,3,3,1,4,1,[0.57268184 0.09134826 0.29379642 0.19029091 0.48626885 0.44946697]
2297,3,3,1,4,2,[-0.34682247 -0.4389687   0.0706752   0.3632193   0.46421063 -0.5671551 ]
2298,3,3,1,4,3,[ 0.11892041  0.00433065  0.35708705  0.23254782 -0.37991098  0.22117417]
2299,3,3,1,4,4,[-0.04604818 -0.01589377  0.18363722  0.27708706  0.30467376  0.05852389]
2300,3,3,2,0,0,[0.3347633  0.21638176 0.23192947 0.25208378 0.19005148 0.34496465]
2301,3,3,2,0,1,[0.8243309  0.4391965  0.16794357 0.1739971  0.45546782 0.5466064 ]
2302,3,3,2,0,2,[0.27041754 0.21577057 0.09213596 0.34241167 0.4686096  0.13625231]
2303,3,3,2,0,3,[ 0.31494716  0.20492509  0.35211536  0.21795906 -0.06508656  0.47002456]
2304,3,3,2,0,4,[0.33126968 0.3324182  0.16759984 0.26236817 0.3403856  0.39600712]
2305,3,3,2,1,0,[-0.3099543  -0.6621528   0.34419236  0.2736468   0.08278936 -0.32514438]
2306,3,3,2,1,1,[ 0.48372838 -0.32298738  0.53840536  0.23129256  0.7024229   0.49948207]
2307,3,3,2,1,2,[-0.78485006 -1.3104638   0.11957285  0.3589104   0.5538259  -1.262634  ]
2308,3,3,2,1,3,[-0.02348606 -0.13137685  0.41371906  0.22829542 -0.4939238   0.15857378]
2309,3,3,2,1,4,[-0.2980626  -0.49414667  0.25561407  0.2788142   0.38589203 -0.24830633]
2310,3,3,2,2,0,[-0.00887908 -0.2268741   0.24475229  0.2590024   0.10473415 -0.01419003]
2311,3,3,2,2,1,[0.5484825  0.00734591 0.32371148 0.2319488  0.49857533 0.45877692]
2312,3,3,2,2,2,[-0.25520894 -0.5191291   0.08789692  0.33220914  0.42809623 -0.51641804]
2313,3,3,2,2,3,[ 0.11440081  0.00918987  0.3181063   0.21650562 -0.2609147   0.24261825]
2314,3,3,2,2,4,[-0.00871317 -0.10479701  0.18049668  0.25781864  0.3014747   0.04121934]
2315,3,3,2,3,0,[0.22933455 0.01120018 0.30767164 0.3415863  0.19471261 0.22831716]
2316,3,3,2,3,1,[0.9147621  0.30300102 0.3126314  0.26787958 0.6223369  0.65713364]
2317,3,3,2,3,2,[ 0.02690317 -0.17148371  0.11110946  0.44693282  0.589101   -0.23103341]
2318,3,3,2,3,3,[ 0.29542708  0.15229508  0.43770218  0.29353368 -0.20944732  0.47658277]
2319,3,3,2,3,4,[0.22428863 0.16675311 0.22364785 0.34527016 0.42142367 0.29774052]
2320,3,3,2,4,0,[0.18042818 0.02031721 0.38055253 0.48405713 0.24663207 0.2793961 ]
2321,3,3,2,4,1,[1.1154666  0.40941525 0.4444614  0.40358475 0.87902796 0.9647677 ]
2322,3,3,2,4,2,[-0.17680831 -0.27277732  0.09538473  0.61677504  0.8115437  -0.40615675]
2323,3,3,2,4,3,[ 0.34102288  0.2489295   0.54938984  0.41577816 -0.34495115  0.6224984 ]
2324,3,3,2,4,4,[0.16690452 0.22727887 0.27217662 0.47706842 0.57273614 0.3761574 ]
2325,3,3,3,0,0,[0.3791794  0.29167938 0.27464178 0.29493934 0.21306397 0.4406379 ]
2326,3,3,3,0,1,[0.86127096 0.52581704 0.24001679 0.25489214 0.4894198  0.67533016]
2327,3,3,3,0,2,[0.35351935 0.3127185  0.17005453 0.40042695 0.4926421  0.2918371 ]
2328,3,3,3,0,3,[ 0.32536256  0.2564271   0.36081475  0.23572314 -0.03916927  0.51281804]
2329,3,3,3,0,4,[0.37985286 0.40004686 0.21535946 0.30324796 0.35865545 0.492764  ]
2330,3,3,3,1,0,[-0.251479   -0.5433256   0.29780942  0.30956823  0.06029607 -0.32835507]
2331,3,3,3,1,1,[ 0.48964012 -0.20151123  0.4396368   0.29535586  0.6428415   0.3959274 ]
2332,3,3,3,1,2,[-0.6593992  -1.1430498   0.09645121  0.41142794  0.5119722  -1.2024059 ]
2333,3,3,3,1,3,[-0.01066847 -0.05706042  0.3791878   0.2403383  -0.46918148  0.15781137]
2334,3,3,3,1,4,[-0.2295487  -0.3832483   0.22406608  0.3142445   0.3577016  -0.23765829]
2335,3,3,3,2,0,[ 0.02715329 -0.14770737  0.23485145  0.28045765  0.09730382  0.00940191]
2336,3,3,3,2,1,[0.55278444 0.09065749 0.29667768 0.27367753 0.47469792 0.4410095 ]
2337,3,3,3,2,2,[-0.17404446 -0.410008    0.10251167  0.36543038  0.41172346 -0.44109103]
2338,3,3,3,2,3,[ 0.11815199  0.05969898  0.30126172  0.2210414  -0.24427202  0.24922873]
2339,3,3,3,2,4,[ 0.03464009 -0.03161846  0.1801649   0.27956656  0.29044363  0.07331399]
2340,3,3,3,3,0,[0.27995482 0.1113294  0.33005267 0.3813732  0.20412564 0.3056881 ]
2341,3,3,3,3,1,[0.93847716 0.41318324 0.34346414 0.34449676 0.6279462  0.72885936]
2342,3,3,3,3,2,[ 0.13240033 -0.03772915  0.1734808   0.50396025  0.5934573  -0.07980333]
2343,3,3,3,3,3,[ 0.3030047   0.21820383  0.43224272  0.3066232  -0.18249902  0.5074514 ]
2344,3,3,3,3,4,[0.2827608  0.25808862 0.25573137 0.3842041  0.42556536 0.38176557]
2345,3,3,3,4,0,[0.27333996 0.16158426 0.41347513 0.547604   0.2586487  0.38936976]
2346,3,3,3,4,1,[1.1730161  0.56505364 0.47755167 0.514826   0.8794871  1.0493176 ]
2347,3,3,3,4,2,[ 0.0014507  -0.0819278   0.1876406   0.70543057  0.8159732  -0.18687236]
2348,3,3,3,4,3,[ 0.36439064  0.33969095  0.5433277   0.44158864 -0.30580541  0.66684335]
2349,3,3,3,4,4,[0.27012217 0.3571432  0.3192113  0.53851265 0.5774193  0.49677613]
2350,3,3,4,0,0,[0.25560302 0.13740215 0.16918702 0.1800531  0.14307086 0.23016387]
2351,3,3,4,0,1,[0.6655003  0.31301764 0.09256586 0.08984749 0.35261968 0.36912864]
2352,3,3,4,0,2,[0.1813784  0.12283044 0.03698482 0.24601215 0.3756264  0.02532531]
2353,3,3,4,0,3,[ 0.2603372   0.14516601  0.28822654  0.16814388 -0.06781692  0.36826718]
2354,3,3,4,0,4,[0.25002307 0.23779944 0.11338257 0.19025119 0.2712406  0.27253965]
2355,3,3,4,1,0,[-0.27968705 -0.6300402   0.33398172  0.20042524  0.08309633 -0.25947678]
2356,3,3,4,1,1,[ 0.4099411  -0.3567807   0.5212868   0.14380157  0.6128828   0.4733638 ]
2357,3,3,4,1,2,[-0.7092437  -1.2037016   0.14873056  0.26090798  0.4901272  -1.066583  ]
2358,3,3,4,1,3,[-0.01394589 -0.1533945   0.37467462  0.17968035 -0.420335    0.14179778]
2359,3,3,4,1,4,[-0.2767184  -0.48533928  0.25202572  0.20551059  0.33905566 -0.20301574]
2360,3,3,4,2,0,[-0.0238041  -0.23994078  0.21686295  0.19610134  0.0895614  -0.02585404]
2361,3,3,4,2,1,[ 0.4559282  -0.05247308  0.28647348  0.1569979   0.42061388  0.38028032]
2362,3,3,4,2,2,[-0.25258222 -0.50384617  0.08024456  0.2492713   0.3658315  -0.4685503 ]
2363,3,3,4,2,3,[ 0.09921808 -0.02115277  0.2779558   0.17347375 -0.22510986  0.20052835]
2364,3,3,4,2,4,[-0.02831129 -0.1348458   0.1584307   0.19557154  0.25585684  0.01615326]
2365,3,3,4,3,0,[ 0.16521244 -0.05194858  0.24712016  0.25234884  0.15329     0.14170806]
2366,3,3,4,3,1,[0.7476951  0.17931548 0.2372921  0.16363132 0.50341165 0.48642394]
2367,3,3,4,3,2,[-0.03259049 -0.2266633   0.06825969  0.32888892  0.48641607 -0.2780697 ]
2368,3,3,4,3,3,[ 0.24773167  0.09150258  0.36910644  0.23149845 -0.18843809  0.38035354]
2369,3,3,4,3,4,[0.15610176 0.08225956 0.17246746 0.25672182 0.34560722 0.19667122]
2370,3,3,4,4,0,[ 0.10777625 -0.0688429   0.3053691   0.35987183  0.19572708  0.16765183]
2371,3,3,4,4,1,[0.9037365  0.23940845 0.34502858 0.2591703  0.7177378  0.7306761 ]
2372,3,3,4,4,2,[-0.23494156 -0.3457808   0.04472595  0.4546654   0.6732154  -0.45861182]
2373,3,3,4,4,3,[ 0.28447244  0.15908471  0.46564054  0.32891414 -0.30548403  0.49886551]
2374,3,3,4,4,4,[0.08912864 0.10947335 0.20779514 0.3555296  0.47183853 0.24272594]
2375,3,4,0,0,0,[ 0.09120576 -0.02472903  0.10499205  0.12845309  0.00198745 -0.02572054]
2376,3,4,0,0,1,[0.4385162  0.17885254 0.04854024 0.06572424 0.21794651 0.1595863 ]
2377,3,4,0,0,2,[ 0.02095059 -0.05967592  0.00099342  0.19810861  0.22317013 -0.22877894]
2378,3,4,0,0,3,[ 0.10837215 -0.01340198  0.20072167  0.10533071 -0.20443572  0.09948744]
2379,3,4,0,0,4,[0.11018889 0.08749188 0.06806919 0.14746208 0.14617518 0.05328946]
2380,3,4,0,1,0,[-0.47807977 -0.7979359   0.15642843  0.15004519 -0.14881201 -0.7084689 ]
2381,3,4,0,1,1,[ 0.08696064 -0.4440507   0.28111395  0.11198598  0.35993028 -0.00045871]
2382,3,4,0,1,2,[-0.8911189  -1.3741437  -0.01249285  0.21639852  0.22368208 -1.543956  ]
2383,3,4,0,1,3,[-0.19400927 -0.36091045  0.22119296  0.11903365 -0.6150693  -0.26904535]
2384,3,4,0,1,4,[-0.4427151  -0.63767105  0.105776    0.1635627   0.12766592 -0.5961255 ]
2385,3,4,0,2,0,[-0.17842014 -0.37575486  0.10904616  0.14393382 -0.07249072 -0.3318034 ]
2386,3,4,0,2,1,[ 0.21642697 -0.1407729   0.15314049  0.11590016  0.24766581  0.07270639]
2387,3,4,0,2,2,[-0.39724457 -0.6475902  -0.00862078  0.19966358  0.18330643 -0.78512096]
2388,3,4,0,2,3,[-0.04177384 -0.17440943  0.17281012  0.11623821 -0.36691684 -0.0919527 ]
2389,3,4,0,2,4,[-0.15847383 -0.25942954  0.07247877  0.15152663  0.10929976 -0.24982116]
2390,3,4,0,3,0,[-0.04684449 -0.24936543  0.13445993  0.18085639 -0.04699091 -0.22926602]
2391,3,4,0,3,1,[0.43724528 0.03121713 0.12112    0.1156024  0.29950744 0.14368077]
2392,3,4,0,3,2,[-0.23561762 -0.4429577  -0.01281348  0.26091036  0.26522112 -0.6542328 ]
2393,3,4,0,3,3,[ 0.05348403 -0.11441576  0.24228957  0.15055086 -0.37228197  0.00977571]
2394,3,4,0,3,4,[-0.02348171 -0.09998004  0.08665518  0.19666433  0.1661364  -0.12371968]
2395,3,4,0,4,0,[-0.13966702 -0.3331324   0.1618371   0.28699487 -0.07392    -0.32828474]
2396,3,4,0,4,1,[0.527744   0.05444956 0.1863648  0.21839492 0.44018114 0.26479033]
2397,3,4,0,4,2,[-0.45883736 -0.63273317 -0.05075194  0.38874575  0.3737422  -0.9561794 ]
2398,3,4,0,4,3,[ 0.04917766 -0.12315509  0.30204856  0.24119408 -0.55035853  0.00185003]
2399,3,4,0,4,4,[-0.11788158 -0.1354323   0.09991352  0.29461208  0.22860037 -0.18632053]
2400,3,4,1,0,0,[0.1357122  0.00037776 0.08262426 0.11695188 0.04738831 0.00626059]
2401,3,4,1,0,1,[0.48290285 0.17443348 0.00048572 0.02462184 0.2390993  0.13644294]
2402,3,4,1,0,2,[ 0.04237448 -0.04813938 -0.05158497  0.1661639   0.24889481 -0.23531866]
2403,3,4,1,0,3,[ 0.17029555  0.02986069  0.21050507  0.12013672 -0.14597972  0.17563972]
2404,3,4,1,0,4,[0.13569948 0.09573418 0.03743434 0.12908038 0.17258182 0.05623009]
2405,3,4,1,1,0,[-0.3944326  -0.7423434   0.18311128  0.13531657 -0.05212431 -0.5461614 ]
2406,3,4,1,1,1,[ 0.20053601 -0.44058585  0.32879195  0.0748814   0.44329822  0.15462205]
2407,3,4,1,1,2,[-0.82366526 -1.3093021  -0.01174906  0.18043046  0.30502772 -1.3736815 ]
2408,3,4,1,1,3,[-0.11186363 -0.30017388  0.25623706  0.12931363 -0.5223654  -0.12526806]
2409,3,4,1,1,4,[-0.38376132 -0.6034905   0.11730263  0.1427721   0.19559446 -0.47699216]
2410,3,4,1,2,0,[-0.12287142 -0.34349412  0.11364602  0.13683476 -0.01053382 -0.24594502]
2411,3,4,1,2,1,[ 0.28822023 -0.14331147  0.15958337  0.09159078  0.29601583  0.13789575]
2412,3,4,1,2,2,[-0.35780346 -0.617045   -0.02787007  0.17635876  0.23087975 -0.7116286 ]
2413,3,4,1,2,3,[ 0.01888565 -0.1324851   0.19351108  0.12820333 -0.30259016  0.00234841]
2414,3,4,1,2,4,[-0.12122495 -0.24295796  0.06676386  0.13900504  0.15102887 -0.19473986]
2415,3,4,1,3,0,[ 0.01774733 -0.21390381  0.12086652  0.1681839   0.0222479  -0.1561823 ]
2416,3,4,1,3,1,[0.51258534 0.02425484 0.0908136  0.07234591 0.34357944 0.16582115]
2417,3,4,1,3,2,[-0.19710015 -0.41840726 -0.06270228  0.2242563   0.31177884 -0.61644715]
2418,3,4,1,3,3,[ 0.13315196 -0.0599251   0.2615216   0.16754428 -0.29259264  0.11947062]
2419,3,4,1,3,4,[ 0.01678122 -0.0857736   0.06091366  0.17606449  0.20979127 -0.08968816]
2420,3,4,1,4,0,[-0.06841314 -0.29517692  0.14016928  0.26189223  0.01788658 -0.23686075]
2421,3,4,1,4,1,[0.61826104 0.03457778 0.15063593 0.16056998 0.50264126 0.30080283]
2422,3,4,1,4,2,[-0.42505342 -0.60972667 -0.12503478  0.3330513   0.43483597 -0.914369  ]
2423,3,4,1,4,3,[ 0.1416012  -0.05933366  0.32562858  0.25258708 -0.44755474  0.14037088]
2424,3,4,1,4,4,[-0.07703615 -0.12479072  0.06133871  0.261442    0.28635237 -0.14700784]
2425,3,4,2,0,0,[0.36563188 0.1708783  0.16886503 0.24750999 0.1970671  0.2514663 ]
2426,3,4,2,0,1,[0.8857362  0.41160086 0.06609993 0.13019074 0.47567803 0.43432596]
2427,3,4,2,0,2,[ 0.25315255  0.11882586 -0.03213141  0.31439266  0.46608934 -0.07666232]
2428,3,4,2,0,3,[ 0.37592208  0.19263756  0.35340747  0.24837007 -0.07702419  0.47082227]
2429,3,4,2,0,4,[0.34035435 0.27465048 0.09333006 0.24869484 0.34363487 0.27705175]
2430,3,4,2,1,0,[-0.3618239  -0.78977233  0.20603308  0.26422414  0.04981405 -0.54173374]
2431,3,4,2,1,1,[ 0.50935346 -0.3967076   0.38478357  0.1968511   0.7311192   0.36646324]
2432,3,4,2,1,2,[-0.92315745 -1.5223128  -0.12401005  0.32825768  0.5212051  -1.6745868 ]
2433,3,4,2,1,3,[-0.03557359 -0.22308047  0.3648115   0.24623446 -0.60020363  0.03895114]
2434,3,4,2,1,4,[-0.3676747  -0.6305618   0.1056481   0.2623394   0.36284348 -0.488713  ]
2435,3,4,2,2,0,[-0.02257096 -0.31029314  0.15741074  0.2560432   0.08732624 -0.1561001 ]
2436,3,4,2,2,1,[ 0.5843219  -0.04562622  0.2169036   0.20686892  0.5155161   0.35052416]
2437,3,4,2,2,2,[-0.32571822 -0.6607346  -0.07013562  0.311905    0.40772834 -0.79192144]
2438,3,4,2,2,3,[ 0.12814097 -0.04534115  0.29446965  0.23674375 -0.32044587  0.1782492 ]
2439,3,4,2,2,4,[-0.03804808 -0.19559975  0.08386256  0.24822849  0.2882702  -0.11946853]
2440,3,4,2,3,0,[ 0.23759873 -0.07881657  0.20551819  0.33187726  0.18344821  0.0636896 ]
2441,3,4,2,3,1,[0.9737256  0.24214777 0.1697884  0.21484189 0.6399437  0.4961557 ]
2442,3,4,2,3,2,[-0.03412084 -0.33438104 -0.07819772  0.4095034   0.5689287  -0.563374  ]
2443,3,4,2,3,3,[ 0.34230134  0.10467438  0.4208971   0.32376066 -0.25947583  0.42813465]
2444,3,4,2,3,4,[0.20830487 0.06436071 0.1083614  0.32566765 0.41090468 0.10507234]
2445,3,4,2,4,0,[ 0.17629576 -0.12432001  0.2364685   0.48372617  0.21920338  0.03622188]
2446,3,4,2,4,1,[1.2010279  0.3199144  0.26341343 0.37192053 0.9096103  0.77159965]
2447,3,4,2,4,2,[-0.27636024 -0.5197888  -0.16934624  0.58658344  0.7769915  -0.8802877 ]
2448,3,4,2,4,3,[ 0.38213947  0.15766363  0.51680887  0.45422858 -0.44047695  0.5212638 ]
2449,3,4,2,4,4,[0.13272406 0.06861923 0.11091082 0.46444362 0.5508706  0.09864911]
2450,3,4,3,0,0,[0.43055955 0.26647365 0.24164812 0.297069   0.23480894 0.3986948 ]
2451,3,4,3,0,1,[0.94704854 0.52472156 0.18118368 0.22229055 0.53081703 0.63364494]
2452,3,4,3,0,2,[0.36744818 0.24381138 0.08951268 0.3814619  0.5089862  0.15351993]
2453,3,4,3,0,3,[ 0.3956129   0.255612    0.3756651   0.26942694 -0.04034877  0.53889066]
2454,3,4,3,0,4,[0.40962854 0.3617737  0.17093287 0.29600334 0.37545386 0.4245545 ]
2455,3,4,3,1,0,[-0.26557034 -0.63518095  0.2094761   0.30691397  0.05010216 -0.45766497]
2456,3,4,3,1,1,[ 0.5562291  -0.22964385  0.35173854  0.27139682  0.7014994   0.3737552 ]
2457,3,4,3,1,2,[-0.73901117 -1.3029797  -0.07255749  0.3903776   0.5087083  -1.4837183 ]
2458,3,4,3,1,3,[-0.00577957 -0.13078609  0.35255975  0.26136646 -0.55705893  0.0797622 ]
2459,3,4,3,1,4,[-0.26069346 -0.48448145  0.12418581  0.3043791   0.35547525 -0.3908904 ]
2460,3,4,3,2,0,[ 0.03717701 -0.20766868  0.18078336  0.28152078  0.09498136 -0.07484968]
2461,3,4,3,2,1,[0.6144577  0.06773113 0.23467863 0.2550382  0.51192904 0.4072538 ]
2462,3,4,3,2,2,[-0.20732462 -0.51790446 -0.0057638   0.3511133   0.41091546 -0.6304683 ]
2463,3,4,3,2,3,[ 0.14215824  0.0173011   0.29221404  0.24281658 -0.291983    0.2120554 ]
2464,3,4,3,2,4,[ 0.02957533 -0.09946293  0.11697221  0.27399874  0.29108763 -0.02983042]
2465,3,4,3,3,0,[0.31700572 0.0498521  0.26954105 0.37848774 0.212337   0.21257843]
2466,3,4,3,3,1,[1.0300219  0.38917142 0.2583934  0.30266118 0.6726455  0.66288584]
2467,3,4,3,3,2,[ 0.11601358 -0.16033366  0.04564267  0.47614676  0.59840447 -0.3068224 ]
2468,3,4,3,3,3,[ 0.36254376  0.18596525  0.43389827  0.33989125 -0.21780631  0.49328405]
2469,3,4,3,3,4,[0.29607207 0.18338914 0.18204993 0.37126264 0.4329465  0.26002395]
2470,3,4,3,4,0,[0.31355658 0.05843719 0.33011758 0.5589091  0.25990793 0.25151935]
2471,3,4,3,4,1,[1.3088799  0.5292492  0.3793945  0.50110227 0.9494489  0.99459356]
2472,3,4,3,4,2,[-0.03008452 -0.27017683  0.01271027  0.69105107  0.8183581  -0.50592273]
2473,3,4,3,4,3,[ 0.42559725  0.27056333  0.53778535  0.48598996 -0.37951833  0.6162936 ]
2474,3,4,3,4,4,[0.28080806 0.23881727 0.21863255 0.537033   0.5818819  0.32367316]
2475,3,4,4,0,0,[0.27511907 0.09380507 0.10409664 0.17243937 0.14505212 0.13392974]
2476,3,4,4,0,1,[ 0.70899105  0.2818494  -0.0115261   0.04655137  0.36251268  0.248267  ]
2477,3,4,4,0,2,[ 0.15604451  0.03309136 -0.08513892  0.21724467  0.36777797 -0.1804967 ]
2478,3,4,4,0,3,[ 0.31010863  0.13299543  0.28460675  0.19210766 -0.07957713  0.36269733]
2479,3,4,4,0,4,[0.25075006 0.18380496 0.03880183 0.17509183 0.2700618  0.15455125]
2480,3,4,4,1,0,[-0.33274242 -0.74610996  0.2015649   0.18877308  0.05137604 -0.4657814 ]
2481,3,4,4,1,1,[ 0.42134804 -0.4317889   0.36885667  0.10884523  0.6295493   0.32769257]
2482,3,4,4,1,2,[-0.8425173  -1.3960551  -0.08075917  0.22965883  0.4562581  -1.4520067 ]
2483,3,4,4,1,3,[-0.02566708 -0.23281203  0.32758096  0.19342521 -0.51139957  0.03390142]
2484,3,4,4,1,4,[-0.34579113 -0.6092248   0.10919902  0.18793684  0.31548217 -0.43063626]
2485,3,4,4,2,0,[-0.04177428 -0.31600705  0.13153873  0.19099252  0.07185914 -0.16261198]
2486,3,4,4,2,1,[ 0.47886583 -0.10581986  0.1793126   0.13156481  0.42914855  0.26434985]
2487,3,4,4,2,2,[-0.32346505 -0.63245064 -0.07058173  0.22829516  0.34383217 -0.7280475 ]
2488,3,4,4,2,3,[ 0.10977592 -0.06864361  0.2537522   0.18963446 -0.27638707  0.14107881]
2489,3,4,4,2,4,[-0.06017077 -0.21736497  0.06500094  0.18487288  0.24156454 -0.13720387]
2490,3,4,4,3,0,[ 0.16362274 -0.13505712  0.14525716  0.239931    0.13915808 -0.02002365]
2491,3,4,4,3,1,[0.7870916  0.11708086 0.09327577 0.11182917 0.5096679  0.3168687 ]
2492,3,4,4,3,2,[-0.09873069 -0.375342   -0.11462688  0.29135036  0.46237776 -0.5938197 ]
2493,3,4,4,3,3,[ 0.28549397  0.04917447  0.3489504   0.25527215 -0.23246288  0.33191434]
2494,3,4,4,3,4,[ 0.13332835 -0.01147333  0.05933232  0.23604505  0.3320193   0.01060852]
2495,3,4,4,4,0,[ 0.09147089 -0.20104146  0.16145104  0.35392857  0.16630441 -0.07020931]
2496,3,4,4,4,1,[0.9607742  0.14849225 0.15952739 0.22350739 0.73201114 0.5204018 ]
2497,3,4,4,4,2,[-0.34089032 -0.57036316 -0.21201561  0.42113703  0.63433546 -0.9098207 ]
2498,3,4,4,4,3,[ 0.31645527  0.07925608  0.42985392  0.35901886 -0.38841784  0.40302607]
2499,3,4,4,4,4,[ 0.0463893  -0.03487655  0.04899643  0.33932254  0.44693387 -0.02524011]
2500,4,0,0,0,0,[-0.0005689   0.39116904  0.13086341  0.09325179  0.05472624  0.36227143]
2501,4,0,0,0,1,[ 0.57841426  0.419956   -0.3143801  -0.17605579  0.03353158  0.09808497]
2502,4,0,0,0,2,[-0.16875762  0.508586    0.04552279  0.26027033  0.6935691   0.31001645]
2503,4,0,0,0,3,[ 0.0711439   0.16148202  0.25644612  0.05862538 -0.4535553   0.2022095 ]
2504,4,0,0,0,4,[0.08466572 0.67646325 0.11580002 0.16968319 0.4340857  0.6503944 ]
2505,4,0,0,1,0,[-1.0252224  -0.323592    0.5486309   0.15131693  0.27944592  0.36671114]
2506,4,0,0,1,1,[ 0.050299   -0.07950424  0.28742856 -0.11206617  0.5714336   1.0412704 ]
2507,4,0,0,1,2,[-1.9614838  -1.1946121   0.5217261   0.32964924  1.4822146  -0.60502505]
2508,4,0,0,1,3,[-0.3844864  -0.02773203  0.42909735  0.0964383  -0.9944961   0.1732005 ]
2509,4,0,0,1,4,[-0.91918194  0.04240603  0.52067024  0.22324346  0.9574307   0.7114255 ]
2510,4,0,0,2,0,[-0.44966924  0.00620222  0.28941935  0.1593361   0.13722593  0.30574188]
2511,4,0,0,2,1,[ 0.26950926  0.11018049  0.0074338  -0.03913593  0.26533636  0.51026165]
2512,4,0,0,2,2,[-0.9433532  -0.32795548  0.23994017  0.30339417  0.933286   -0.14064823]
2513,4,0,0,2,3,[-0.13170698  0.04537815  0.28456703  0.11154097 -0.63994825  0.1450158 ]
2514,4,0,0,2,4,[-0.37508628  0.28523698  0.272367    0.21002875  0.5938876   0.5772492 ]
2515,4,0,0,3,0,[-0.27589145  0.28491414  0.2572835   0.17055358  0.11692797  0.43558997]
2516,4,0,0,3,1,[ 0.5677352   0.3512044  -0.23428603 -0.14759469  0.17284347  0.35599038]
2517,4,0,0,3,2,[-0.7051745   0.16420141  0.16370532  0.37171355  1.0566697   0.12417647]
2518,4,0,0,3,3,[-0.02306288  0.14945236  0.34591407  0.12134548 -0.7168894   0.22746843]
2519,4,0,0,3,4,[-0.17410447  0.6564239   0.23773311  0.25124142  0.6655398   0.80622154]
2520,4,0,0,4,0,[-0.47416267  0.5113742   0.32592878  0.3273419   0.18228592  0.69860363]
2521,4,0,0,4,1,[ 0.69162613  0.54045373 -0.3236298  -0.08911888  0.26603162  0.63098925]
2522,4,0,0,4,2,[-1.1721859   0.32729414  0.19214313  0.5944956   1.5450708   0.2534235 ]
2523,4,0,0,4,3,[-0.03549257  0.32705817  0.42967996  0.2520947  -1.0349566   0.3561889 ]
2524,4,0,0,4,4,[-0.35496005  1.019162    0.3095831   0.41110918  0.96782404  1.218535  ]
2525,4,0,1,0,0,[0.1055416  0.35832623 0.10074841 0.04614266 0.09994877 0.37417385]
2526,4,0,1,0,1,[ 0.67670554  0.29485995 -0.42514688 -0.29238075 -0.0020671  -0.06923188]
2527,4,0,1,0,2,[-0.08206444  0.43365288 -0.00747288  0.16872513  0.6911614   0.28346226]
2528,4,0,1,0,3,[ 0.18739693  0.20334382  0.25281456  0.06961201 -0.36458364  0.28902394]
2529,4,0,1,0,4,[0.15738793 0.61325663 0.0783316  0.11152065 0.44320747 0.61832327]
2530,4,0,1,1,0,[-0.7738572  -0.3748721   0.70401424  0.0950724   0.4144825   0.68359596]
2531,4,0,1,1,1,[ 0.3604231  -0.32208264  0.46453267 -0.22761248  0.6243949   1.233151  ]
2532,4,0,1,1,2,[-1.6763344  -1.2467752   0.7223627   0.22570841  1.5772722  -0.15448341]
2533,4,0,1,1,3,[-0.20026085  0.01170792  0.49123558  0.09837869 -0.8387747   0.385864  ]
2534,4,0,1,1,4,[-0.7128079  -0.0445804   0.65986896  0.15719275  1.0351167   0.9654283 ]
2535,4,0,1,2,0,[-0.29351017 -0.03658929  0.3486836   0.12367633  0.21634598  0.4506021 ]
2536,4,0,1,2,1,[ 0.4541961  -0.05515166  0.04786218 -0.12012687  0.27867967  0.53421736]
2537,4,0,1,2,2,[-0.77938926 -0.3901314   0.3094146   0.23140498  0.9755177   0.04573173]
2538,4,0,1,2,3,[-0.00353937  0.07454266  0.31281856  0.12012289 -0.53537077  0.2737939 ]
2539,4,0,1,2,4,[-0.25194937  0.2151615   0.3210008   0.16552867  0.6331676   0.67642987]
2540,4,0,1,3,0,[-0.10666973  0.23065616  0.2708883   0.11523937  0.19559366  0.5278019 ]
2541,4,0,1,3,1,[ 0.7505065   0.15590723 -0.28918695 -0.27782062  0.15438221  0.24792533]
2542,4,0,1,3,2,[-0.54466504  0.06719     0.16677769  0.26346663  1.0788931   0.21317263]
2543,4,0,1,3,3,[ 0.13546698  0.19328913  0.3598154   0.13302976 -0.5918459   0.36388177]
2544,4,0,1,3,4,[-0.04817183  0.5645727   0.23968491  0.18314528  0.69464594  0.8399442 ]
2545,4,0,1,4,0,[-0.26312828  0.40314364  0.34367323  0.23945893  0.28192863  0.8057209 ]
2546,4,0,1,4,1,[ 0.9313551   0.23227824 -0.38828632 -0.2623883   0.23740897  0.47911245]
2547,4,0,1,4,2,[-0.9722433   0.15498072  0.19496106  0.43797323  1.5657015   0.35608014]
2548,4,0,1,4,3,[ 0.15703763  0.3620001   0.44354755  0.24838366 -0.87470937  0.51925063]
2549,4,0,1,4,4,[-0.19854756  0.8622767   0.31148297  0.31037495  1.00045     1.2480339 ]
2550,4,0,2,0,0,[0.45633903 0.68575215 0.1715611  0.21051693 0.3243404  0.7630776 ]
2551,4,0,2,0,1,[ 1.2940748   0.5053501  -0.57442325 -0.23249863  0.16357899  0.00558401]
2552,4,0,2,0,2,[ 0.23236337  0.7787732  -0.03732014  0.37614477  1.0867945   0.5861707 ]
2553,4,0,2,0,3,[ 0.5077061   0.5258314   0.44180658  0.23557004 -0.27352268  0.756183  ]
2554,4,0,2,0,4,[0.48372233 0.9880828  0.11730482 0.27406436 0.74540424 1.0243973 ]
2555,4,0,2,1,0,[-0.71825695 -0.3113851   0.70833087  0.260538    0.6773171   0.892845  ]
2556,4,0,2,1,1,[ 0.88516384 -0.49604833  0.21132459 -0.15230504  0.8414017   1.1450388 ]
2557,4,0,2,1,2,[-1.8846974  -1.4864348   0.5373811   0.43874937  2.1545746  -0.38151613]
2558,4,0,2,1,3,[-0.03676848  0.32967702  0.6500909   0.25097373 -0.91111284  0.8148064 ]
2559,4,0,2,1,4,[-0.6731346   0.084536    0.62983966  0.32495406  1.4660915   1.2075951 ]
2560,4,0,2,2,0,[-0.13500236  0.09838628  0.37784767  0.2839007   0.41206244  0.6831987 ]
2561,4,0,2,2,1,[ 0.93466735 -0.08335844 -0.11569107 -0.02510865  0.43517324  0.5176974 ]
2562,4,0,2,2,2,[-0.755972   -0.38566896  0.21490858  0.4315605   1.3819958   0.0505437 ]
2563,4,0,2,2,3,[ 0.18972492  0.32510895  0.4531913   0.26733288 -0.54735637  0.628977  ]
2564,4,0,2,2,4,[-0.11028631  0.40199366  0.32345977  0.3228728   0.93817735  0.93506145]
2565,4,0,2,3,0,[0.23229422 0.5353723  0.33350185 0.32837358 0.46669194 0.93162   ]
2566,4,0,2,3,1,[ 1.4732767   0.26842016 -0.5001857  -0.18004571  0.3571849   0.27032146]
2567,4,0,2,3,2,[-0.3168192   0.3025599   0.08209971  0.5300656   1.6003007   0.4151407 ]
2568,4,0,2,3,3,[ 0.47602847  0.5689054   0.5736893   0.34022722 -0.54232794  0.89942825]
2569,4,0,2,3,4,[0.26313266 0.935667   0.26450709 0.39263165 1.089168   1.2741703 ]
2570,4,0,2,4,0,[0.12423518 0.8078704  0.39931256 0.54007    0.6310289  1.3341793 ]
2571,4,0,2,4,1,[ 1.856993    0.32901627 -0.68929297 -0.09275223  0.4980203   0.5011952 ]
2572,4,0,2,4,2,[-0.7694992   0.44827354  0.04543001  0.8165439   2.2825792   0.6004708 ]
2573,4,0,2,4,3,[ 0.566119    0.8800748   0.6956109   0.52414423 -0.86060584  1.2045074 ]
2574,4,0,2,4,4,[0.15547715 1.3650411  0.3235604  0.60519445 1.537411   1.8352251 ]
2575,4,0,3,0,0,[0.53456485 0.80806917 0.23565206 0.3336151  0.37698877 0.87629116]
2576,4,0,3,0,1,"[ 1.3637753e+00  6.4665169e-01 -4.0265182e-01 -8.7110320e-04
  2.8107595e-01  2.2797640e-01]"
2577,4,0,3,0,2,[0.37591088 0.92599463 0.05043875 0.53590685 1.1211716  0.7368742 ]
2578,4,0,3,0,3,[ 0.53285426  0.62869394  0.48621142  0.29368612 -0.1993152   0.86389565]
2579,4,0,3,0,4,[0.5668533  1.0917246  0.17988822 0.38964015 0.7807458  1.1232277 ]
2580,4,0,3,1,0,[-0.6776445  -0.15765858  0.43564093  0.3653563   0.5728207   0.51879793]
2581,4,0,3,1,1,[ 0.7931602  -0.36445358 -0.15657379  0.04119794  0.7027856   0.5171871 ]
2582,4,0,3,1,2,[-1.7452109  -1.2780867   0.17181288  0.5810555   1.9468012  -0.85908943]
2583,4,0,3,1,3,[-0.03407623  0.4662953   0.57302696  0.2955865  -0.8497269   0.76156884]
2584,4,0,3,1,4,[-0.6149909   0.21721688  0.36958227  0.42518446  1.3378127   0.8379781 ]
2585,4,0,3,2,0,[-0.10479239  0.20734999  0.26965082  0.3527322   0.37262648  0.5341584 ]
2586,4,0,3,2,1,[ 0.8898983   0.02014438 -0.23339707  0.10942418  0.3978601   0.2799577 ]
2587,4,0,3,2,2,[-0.6567651  -0.24345937  0.07532328  0.52762437  1.28779    -0.1306528 ]
2588,4,0,3,2,3,[ 0.18643355  0.4203249   0.426357    0.29225114 -0.5006101   0.6266472 ]
2589,4,0,3,2,4,[-0.06766354  0.49530202  0.2221649   0.38957724  0.8829892   0.786226  ]
2590,4,0,3,3,0,[0.29998568 0.68542737 0.30980855 0.44991535 0.47552678 0.91154146]
2591,4,0,3,3,1,[ 1.4844457   0.42770165 -0.45634133  0.05322633  0.41061977  0.2665985 ]
2592,4,0,3,3,2,[-0.16115005  0.49034876  0.05616299  0.692713    1.5620741   0.40129048]
2593,4,0,3,3,3,[ 0.48750746  0.6972485   0.5865445   0.3919461  -0.46409762  0.9678491 ]
2594,4,0,3,3,4,[0.34271064 1.0634519  0.24442486 0.50827867 1.076615   1.245206  ]
2595,4,0,3,4,0,[0.24831916 1.0138555  0.36027646 0.7170464  0.63588524 1.2871544 ]
2596,4,0,3,4,1,[ 1.898711    0.5464775  -0.6566009   0.22723867  0.5530068   0.43697762]
2597,4,0,3,4,2,[-0.50990635  0.708971    0.00402211  1.0504603   2.2171764   0.5621742 ]
2598,4,0,3,4,3,[ 0.60030556  1.054866    0.71485984  0.60682786 -0.7495921   1.2960778 ]
2599,4,0,3,4,4,[0.29540372 1.541422   0.2901051  0.77257943 1.5120013  1.7777139 ]
2600,4,0,4,0,0,[0.33885363 0.48921126 0.09152958 0.09121111 0.22497775 0.53898925]
2601,4,0,4,0,1,[ 1.0371988   0.3070694  -0.620306   -0.35007137  0.03180839 -0.20087636]
2602,4,0,4,0,2,[ 0.11713573  0.54478467 -0.08807568  0.20614834  0.8717572   0.37059072]
2603,4,0,4,0,3,[ 0.41570958  0.38016623  0.33151558  0.15527423 -0.27581385  0.554152  ]
2604,4,0,4,0,4,[0.35818958 0.75119126 0.05024154 0.14957051 0.58734155 0.7678014 ]
2605,4,0,4,1,0,[-0.60287255 -0.39807203  0.768271    0.13652608  0.60856026  0.9334617 ]
2606,4,0,4,1,1,[ 0.8058749  -0.5845515   0.37763795 -0.2748139   0.72969157  1.2244624 ]
2607,4,0,4,1,2,[-1.6250046  -1.4309872   0.71253216  0.25990972  1.905429   -0.05815113]
2608,4,0,4,1,3,[-0.01033682  0.1773023   0.58875406  0.17290229 -0.798993    0.69814724]
2609,4,0,4,1,4,[-0.5775938  -0.05410959  0.69947284  0.19424583  1.2823352   1.19734   ]
2610,4,0,4,2,0,[-0.12489683 -0.0102899   0.3752352   0.17739475  0.34870204  0.62114304]
2611,4,0,4,2,1,[ 0.8032375  -0.18834065 -0.05941303 -0.132175    0.33977953  0.4806187 ]
2612,4,0,4,2,2,[-0.6787424  -0.44590995  0.2744187   0.2815154   1.1910185   0.11596999]
2613,4,0,4,2,3,[ 0.16929361  0.2062973   0.386672    0.19726352 -0.48978108  0.508654  ]
2614,4,0,4,2,4,[-0.11220811  0.25259587  0.3292663   0.2126614   0.7984449   0.83478403]
2615,4,0,4,3,0,[0.15810035 0.33183068 0.27736178 0.17984578 0.36056453 0.73968667]
2616,4,0,4,3,1,[ 1.2160543   0.07026275 -0.49593627 -0.32548636  0.21022391  0.11022808]
2617,4,0,4,3,2,[-0.34675232  0.10254035  0.08455002  0.32030427  1.3340921   0.3072485 ]
2618,4,0,4,3,3,[ 0.39960685  0.39403582  0.4574852   0.24021097 -0.5058733   0.687179  ]
2619,4,0,4,3,4,[0.17617866 0.6784283  0.22216251 0.23867846 0.89420474 1.034932  ]
2620,4,0,4,4,0,[0.04687954 0.5144932  0.335091   0.3248444  0.4913247  1.0708705 ]
2621,4,0,4,4,1,[ 1.5289192   0.0610201  -0.67411613 -0.30608875  0.30247438  0.28259593]
2622,4,0,4,4,2,[-0.7702975   0.16436248  0.06231911  0.5174855   1.9102746   0.45539415]
2623,4,0,4,4,3,[ 0.47433612  0.62338144  0.5525783   0.37890142 -0.7911519   0.9226543 ]
2624,4,0,4,4,4,[0.06120345 0.9962619  0.27431437 0.3857781  1.2672712  1.500115  ]
2625,4,1,0,0,0,[ 0.02678038  0.2014021   0.02113539  0.00537849 -0.00077021  0.10972393]
2626,4,1,0,0,1,[ 0.39362076  0.17013037 -0.35900712 -0.24673928 -0.09862702 -0.2542943 ]
2627,4,1,0,0,2,[-0.11611933  0.24902816 -0.06229582  0.07678489  0.39243454  0.01546607]
2628,4,1,0,0,3,[ 0.09508777  0.08029313  0.13718995  0.03763006 -0.31649625  0.07335911]
2629,4,1,0,0,4,[0.06247253 0.37572253 0.00950222 0.04843606 0.2379425  0.284118  ]
2630,4,1,0,1,0,[-0.6089272  -0.23694393  0.35568592  0.03772018  0.16001858  0.24091804]
2631,4,1,0,1,1,[ 0.14393926 -0.10948896  0.13695276 -0.20053186  0.27056435  0.5546189 ]
2632,4,1,0,1,2,[-1.238847   -0.7978582   0.34482986  0.11848861  0.94856954 -0.36397165]
2633,4,1,0,1,3,[-0.21450728 -0.06533597  0.2428499   0.05102982 -0.7137468   0.02938902]
2634,4,1,0,1,4,[-0.55990714 -0.00978969  0.33704352  0.07993172  0.5981356   0.45471302]
2635,4,1,0,2,0,[-0.25305554 -0.03158445  0.16500296  0.06308843  0.06480438  0.1509888 ]
2636,4,1,0,2,1,[ 0.24008268  0.00305784 -0.07243485 -0.11846481  0.08203042  0.1580279 ]
2637,4,1,0,2,2,[-0.59528077 -0.2576111   0.12503581  0.12893341  0.57722783 -0.15017983]
2638,4,1,0,2,3,[-0.050896   -0.00492535  0.15836604  0.07082597 -0.45684314  0.03185731]
2639,4,1,0,2,4,[-0.22093563  0.14120375  0.15275101  0.09114634  0.35780892  0.31824407]
2640,4,1,0,3,0,[-0.13703974  0.12310375  0.10661094  0.04653146  0.03322605  0.16057004]
2641,4,1,0,3,1,[ 0.42135495  0.11002257 -0.31049824 -0.24629019 -0.0306581  -0.10513069]
2642,4,1,0,3,2,[-0.45254448  0.01868838  0.02090995  0.13440523  0.62537426 -0.09173189]
2643,4,1,0,3,3,[ 0.03914433  0.05607852  0.18672591  0.07645039 -0.50859     0.06460853]
2644,4,1,0,3,4,[-0.09443839  0.3519052   0.09200135  0.09161313  0.38231683  0.38737622]
2645,4,1,0,4,0,[-0.2755402   0.23100443  0.12235294  0.11672688  0.0426625   0.2640022 ]
2646,4,1,0,4,1,[ 0.50773346  0.17902407 -0.4239696  -0.2536336  -0.03608953 -0.05488585]
2647,4,1,0,4,2,[-0.7771378   0.07810047  0.0033337   0.23812513  0.90644956 -0.08678256]
2648,4,1,0,4,3,[ 0.01905038  0.13453238  0.21367307  0.14171413 -0.7571363   0.07757105]
2649,4,1,0,4,4,[-0.22449856  0.5469153   0.11113096  0.16553622  0.5472994   0.5890158 ]
2650,4,1,1,0,0,[ 0.09109362  0.16838132 -0.01085469 -0.03514285  0.0229947   0.09995341]
2651,4,1,1,0,1,[ 0.4531765   0.06883053 -0.45971292 -0.34371084 -0.13791415 -0.4038113 ]
2652,4,1,1,0,2,[-0.07160132  0.1850816  -0.11405312  0.00329546  0.38571054 -0.02658569]
2653,4,1,1,0,3,[ 0.17279945  0.10108986  0.12922207  0.04217806 -0.26308802  0.12209123]
2654,4,1,1,0,4,[ 0.10370072  0.32416806 -0.02723608  0.00086234  0.23934819  0.24627584]
2655,4,1,1,1,0,[-0.45166185 -0.29140523  0.46524552 -0.00815728  0.24943739  0.45596924]
2656,4,1,1,1,1,[ 0.34987733 -0.29929277  0.2563169  -0.29485327  0.29941472  0.68395716]
2657,4,1,1,1,2,[-1.0708098  -0.8602147   0.48759493  0.03734301  1.0192379  -0.05924406]
2658,4,1,1,1,3,[-0.0938464  -0.0527643   0.2829665   0.05004816 -0.61976105  0.16496119]
2659,4,1,1,1,4,[-0.4339635  -0.08536731  0.43557066  0.02768127  0.6526807   0.629066  ]
2660,4,1,1,2,0,[-0.15521455 -0.07318605  0.20280084  0.03372009  0.11539322  0.24345341]
2661,4,1,1,2,1,[ 0.36213443 -0.12622696 -0.05469062 -0.18492588  0.08301257  0.16185445]
2662,4,1,1,2,2,[-0.50020695 -0.31643552  0.16904937  0.07273345  0.60732687 -0.03249684]
2663,4,1,1,2,3,[ 0.03434349  0.00587936  0.17479229  0.07558604 -0.39340082  0.11231411]
2664,4,1,1,2,4,[-0.14618073  0.08325313  0.18331325  0.05588827  0.3839312   0.38106146]
2665,4,1,1,3,0,"[-3.25264558e-02  7.10927844e-02  1.05916865e-01 -2.93876947e-05
  7.98305050e-02  2.06859678e-01]"
2666,4,1,1,3,1,[ 0.5385117  -0.04457067 -0.3721477  -0.35419652 -0.05883527 -0.21169312]
2667,4,1,1,3,2,[-0.36363035 -0.06650036  0.00948536  0.04859664  0.6377275  -0.05394424]
2668,4,1,1,3,3,[ 0.14496407  0.07507173  0.1904774   0.08183519 -0.4332127   0.14580925]
2669,4,1,1,3,4,[-0.02006646  0.27713642  0.08355259  0.03672255  0.39835623  0.39599675]
2670,4,1,1,4,0,[-0.14977671  0.13682236  0.11976814  0.04491937  0.10081448  0.31440252]
2671,4,1,1,4,1,[ 0.6583481  -0.06017478 -0.5012046  -0.3960538  -0.07654006 -0.20082265]
2672,4,1,1,4,2,[-0.67354095 -0.0654038  -0.01461081  0.11543534  0.9171155  -0.04819649]
2673,4,1,1,4,3,[ 0.14514461  0.14357837  0.21409336  0.13520078 -0.66236013  0.17174593]
2674,4,1,1,4,4,[-0.13675615  0.42348886  0.09810468  0.08552084  0.56440806  0.5896069 ]
2675,4,1,2,0,0,[0.33589792 0.35776824 0.01878264 0.05520455 0.15909024 0.3128656 ]
2676,4,1,2,0,1,[ 0.8729091   0.16157848 -0.6074221  -0.35598624 -0.0731565  -0.47346354]
2677,4,1,2,0,2,[ 0.1325983   0.37458906 -0.16401424  0.1062643   0.6270672   0.10244033]
2678,4,1,2,0,3,[ 0.40724894  0.29679754  0.24976152  0.15712611 -0.21152888  0.41237998]
2679,4,1,2,0,4,[ 0.32331863  0.541231   -0.02115935  0.0862165   0.4234363   0.4635115 ]
2680,4,1,2,1,0,[-0.40467378 -0.26526052  0.4662772   0.08378262  0.4095678   0.59029734]
2681,4,1,2,1,1,[ 0.73435444 -0.4317606   0.07398361 -0.28896257  0.40167353  0.5830778 ]
2682,4,1,2,1,2,[-1.2141676  -1.0301642   0.3592025   0.1472273   1.3929061  -0.20884426]
2683,4,1,2,1,3,[ 0.01816382  0.12367586  0.37400672  0.15222472 -0.70635116  0.40475667]
2684,4,1,2,1,4,[-0.40488806 -0.01815186  0.412287    0.11820277  0.9247613   0.7808881 ]
2685,4,1,2,2,0,[-0.03862539 -0.00187006  0.21689397  0.12949397  0.23463547  0.38126567]
2686,4,1,2,2,1,[ 0.7062563  -0.17037162 -0.18395613 -0.15309319  0.15293379  0.09251186]
2687,4,1,2,2,2,[-0.48555586 -0.3336022   0.09492691  0.18402323  0.86585146 -0.05250687]
2688,4,1,2,2,3,[ 0.17299885  0.14859965  0.2606147   0.17785399 -0.42252004  0.320666  ]
2689,4,1,2,2,4,[-0.04747973  0.18653305  0.17790234  0.14674404  0.574515    0.5314465 ]
2690,4,1,2,3,0,[0.20785478 0.24157088 0.13198502 0.12181999 0.24359532 0.4319754 ]
2691,4,1,2,3,1,[ 1.0413542  -0.01964961 -0.5589818  -0.34462366  0.02254092 -0.317498  ]
2692,4,1,2,3,2,[-0.21589524  0.04861281 -0.07494106  0.18817906  0.96141183  0.01440672]
2693,4,1,2,3,3,[ 0.39226323  0.2961502   0.3242805   0.22527613 -0.42033926  0.46935245]
2694,4,1,2,3,4,[0.19166972 0.48763403 0.08176151 0.15174289 0.6408641  0.6336158 ]
2695,4,1,2,4,0,[0.11418927 0.3570458  0.13324627 0.21341756 0.30285507 0.6006733 ]
2696,4,1,2,4,1,[ 1.2956898  -0.06406157 -0.7608231  -0.35406697  0.01950184 -0.34328735]
2697,4,1,2,4,2,[-0.5565637   0.07037069 -0.15285662  0.31507486  1.3571352   0.02404542]
2698,4,1,2,4,3,[ 0.4277249   0.43951738  0.36300948  0.31610492 -0.6930418   0.5646628 ]
2699,4,1,2,4,4,[0.09425688 0.7045901  0.08007613 0.2464843  0.88888687 0.9073534 ]
2700,4,1,3,0,0,[0.39626506 0.46781114 0.0983288  0.14982799 0.21349685 0.44808444]
2701,4,1,3,0,1,[ 0.9300592   0.30443174 -0.42098957 -0.1731667   0.04748469 -0.20961939]
2702,4,1,3,0,2,[ 0.24842425  0.51198876 -0.05567581  0.23210463  0.6745395   0.28604057]
2703,4,1,3,0,3,[ 0.42153168  0.37891942  0.29806337  0.19771658 -0.15004161  0.513138  ]
2704,4,1,3,0,4,[0.38972494 0.638219   0.05630917 0.17636883 0.46536413 0.58813137]
2705,4,1,3,1,0,[-0.36146185 -0.10587487  0.31534645  0.16849701  0.3651392   0.4061909 ]
2706,4,1,3,1,1,[ 0.68154645 -0.25129867 -0.10851792 -0.13028926  0.36226273  0.28700474]
2707,4,1,3,1,2,[-1.086958   -0.81518245  0.15424465  0.26458454  1.2811314  -0.44131935]
2708,4,1,3,1,3,[ 0.02427211  0.24524754  0.34736094  0.18556622 -0.6398616   0.4158965 ]
2709,4,1,3,1,4,[-0.346742   0.1250442  0.2678652  0.2002233  0.8612907  0.5968952]
2710,4,1,3,2,0,[-0.009659    0.10766932  0.17224544  0.18392193  0.22633868  0.33321553]
2711,4,1,3,2,1,[ 0.6812086  -0.0405653  -0.20785594 -0.04422078  0.16664578  0.03107456]
2712,4,1,3,2,2,[-0.39789867 -0.18896958  0.03825814  0.2621439   0.8236842  -0.10326566]
2713,4,1,3,2,3,[ 0.17068595  0.23122261  0.2603282   0.19492598 -0.37569332  0.3501653 ]
2714,4,1,3,2,4,[-0.00750948  0.28443152  0.13683124  0.20039994  0.5540083   0.48211592]
2715,4,1,3,3,0,[0.26395938 0.38459048 0.15929535 0.21641444 0.27417293 0.49245393]
2716,4,1,3,3,1,[ 1.0585788   0.15847056 -0.44526875 -0.15835051  0.11159178 -0.1788694 ]
2717,4,1,3,3,2,[-0.08494927  0.23237714 -0.03430089  0.3182096   0.9659275   0.10725535]
2718,4,1,3,3,3,[ 0.39800975  0.40316036  0.35692877  0.26110393 -0.3500154   0.5545733 ]
2719,4,1,3,3,4,[0.25934386 0.6146231  0.11010408 0.24321295 0.6554453  0.6866158 ]
2720,4,1,3,4,0,[0.22282845 0.56095564 0.1728902  0.35587287 0.34597522 0.68478936]
2721,4,1,3,4,1,[ 1.3488266   0.19051133 -0.61572814 -0.0930651   0.1369191  -0.17572516]
2722,4,1,3,4,2,[-0.33289734  0.33390433 -0.09271751  0.506759    1.3610927   0.15593188]
2723,4,1,3,4,3,[ 0.45615605  0.5905778   0.41389975  0.37867442 -0.58832866  0.69105285]
2724,4,1,3,4,4,[0.217385   0.88645357 0.12099755 0.38268134 0.908517   0.9809857 ]
2725,4,1,4,0,0,[ 0.24826367  0.23326685 -0.0372334  -0.02110828  0.09390625  0.17061798]
2726,4,1,4,0,1,[ 0.6937679   0.04003165 -0.6385231  -0.42206615 -0.1515785  -0.5851467 ]
2727,4,1,4,0,2,[ 0.050101    0.22873853 -0.19815283  0.00174386  0.4894014  -0.02666851]
2728,4,1,4,0,3,[ 0.33596754  0.20458187  0.1733902   0.09959628 -0.21297275  0.28021738]
2729,4,1,4,0,4,[ 0.23408717  0.39280263 -0.06704318  0.00849997  0.3221458   0.30406305]
2730,4,1,4,1,0,[-0.33886766 -0.32947266  0.5045784   0.00428784  0.36794588  0.61444426]
2731,4,1,4,1,1,[ 0.6641485  -0.5036418   0.18032537 -0.3609692   0.33827206  0.6424337 ]
2732,4,1,4,1,2,[-1.0525596  -1.0077959   0.47639495  0.03551621  1.2332191  -0.00127928]
2733,4,1,4,1,3,[ 0.03316689  0.03051604  0.33594432  0.09834927 -0.6203719   0.3417662 ]
2734,4,1,4,1,4,[-0.34967408 -0.11400197  0.45804554  0.03580156  0.808774    0.77447534]
2735,4,1,4,2,0,[-0.04095211 -0.07437874  0.21243276  0.0600775   0.19473097  0.34058243]
2736,4,1,4,2,1,[ 0.6064569  -0.24200408 -0.15044218 -0.21760382  0.09752502  0.07866486]
2737,4,1,4,2,2,[-0.44236496 -0.3762249   0.13333413  0.08922169  0.74345404 -0.00826125]
2738,4,1,4,2,3,[ 0.15466677  0.07566874  0.21618327  0.1284619  -0.37857723  0.24848294]
2739,4,1,4,2,4,[-0.05531252  0.08928943  0.18009248  0.07632389  0.48582852  0.4683931 ]
2740,4,1,4,3,0,[0.14634693 0.11085769 0.09082285 0.02614531 0.17529796 0.30978507]
2741,4,1,4,3,1,[ 0.8566789  -0.14483783 -0.5593783  -0.42873654 -0.06353226 -0.3990849 ]
2742,4,1,4,3,2,[-0.24503289 -0.07870682 -0.0746173   0.05774622  0.79119545 -0.04667848]
2743,4,1,4,3,3,[ 0.3317483   0.18731116  0.24476697  0.1543703  -0.39219144  0.33513555]
2744,4,1,4,3,4,[0.12575743 0.32462326 0.05146791 0.05472653 0.51671773 0.48484388]
2745,4,1,4,4,0,[0.05049273 0.1701734  0.08523799 0.07636183 0.21627223 0.4349167 ]
2746,4,1,4,4,1,[ 1.0609865  -0.2341013  -0.75793463 -0.48022723 -0.09285527 -0.45826063]
2747,4,1,4,4,2,[-0.56694037 -0.11011329 -0.14470358  0.12878363  1.121209   -0.0590931 ]
2748,4,1,4,4,3,[ 0.36047196  0.2832311   0.26725566  0.21783864 -0.63623357  0.3943908 ]
2749,4,1,4,4,4,[0.02343173 0.47162336 0.04386768 0.10869101 0.71913993 0.69916767]
2750,4,2,0,0,0,[-0.15319327  0.3592342   0.17234422  0.2023566   0.01631853  0.29103467]
2751,4,2,0,0,1,[ 0.36673492  0.34893996 -0.12390144  0.09281431  0.07090093  0.17392072]
2752,4,2,0,0,2,[-0.2705898   0.46269128  0.13213979  0.44104996  0.63504946  0.25351778]
2753,4,2,0,0,3,[-0.09139223  0.17505838  0.25172687  0.0559874  -0.43634117  0.16819915]
2754,4,2,0,0,4,[-0.02218807  0.6553812   0.17027374  0.28931728  0.39956006  0.60830826]
2755,4,2,0,1,0,[-1.3075116  -0.5845796   0.32867277  0.2668464   0.05496739 -0.41819656]
2756,4,2,0,1,1,[-0.49810144 -0.5823648   0.04213759  0.13652755  0.2900564  -0.09294403]
2757,4,2,0,1,2,[-2.229487   -1.6139992   0.24291976  0.5134841   1.1024503  -1.69652   ]
2758,4,2,0,1,3,[-0.5543977  -0.02002647  0.36839703  0.11281935 -0.9246682  -0.00213434]
2759,4,2,0,1,4,[-1.1500038  -0.21063076  0.32032332  0.34560055  0.72052383 -0.03353386]
2760,4,2,0,2,0,[-0.64175546 -0.11288799  0.20249835  0.23365502  0.02372597 -0.07163391]
2761,4,2,0,2,1,[-0.07639498 -0.13264588 -0.04052682  0.13985221  0.15005843  0.02142667]
2762,4,2,0,2,2,[-1.1110361  -0.5221216   0.14425881  0.43124297  0.7410857  -0.6492192 ]
2763,4,2,0,2,3,[-0.2715432   0.06377437  0.25345248  0.10763528 -0.5960013   0.05990941]
2764,4,2,0,2,4,[-0.5264125   0.17239368  0.19977194  0.29264677  0.47516623  0.22806121]
2765,4,2,0,3,0,[-0.498527    0.19737226  0.23654042  0.29427803  0.02561483  0.1649656 ]
2766,4,2,0,3,1,[ 0.20729735  0.16253723 -0.12577547  0.15183456  0.13451697  0.12244603]
2767,4,2,0,3,2,[-0.8771522   0.02197081  0.17017764  0.57819813  0.9029161  -0.2149836 ]
2768,4,2,0,3,3,[-0.21972021  0.17656662  0.32621995  0.11923282 -0.67222345  0.16100849]
2769,4,2,0,3,4,[-0.34017384  0.5793609   0.23457338  0.38694024  0.5727237   0.5718485 ]
2770,4,2,0,4,0,[-0.7384973   0.41095388  0.297126    0.5025973   0.07572491  0.32830632]
2771,4,2,0,4,1,[ 0.20629564  0.27492505 -0.20731837  0.28469047  0.2075746   0.23301966]
2772,4,2,0,4,2,[-1.3683786   0.14300102  0.19463484  0.8707728   1.3375909  -0.23567468]
2773,4,2,0,4,3,[-0.25110543  0.40196759  0.42199448  0.27750593 -0.9255225   0.32381266]
2774,4,2,0,4,4,[-0.55079556  0.9264617   0.30190122  0.59592414  0.8494031   0.88663965]
2775,4,2,1,0,0,[-0.04541155  0.35479465  0.1517648   0.17760548  0.06357406  0.3256795 ]
2776,4,2,1,0,1,[ 0.4652967   0.27752453 -0.1968442   0.02704296  0.06212966  0.0831124 ]
2777,4,2,1,0,2,[-0.1640598   0.430732    0.09671048  0.38246438  0.63581926  0.2695831 ]
2778,4,2,1,0,3,[ 0.00972497  0.22495724  0.2486284   0.07111111 -0.34992585  0.25291806]
2779,4,2,1,0,4,[0.05782291 0.620612   0.14430903 0.2538947  0.41144118 0.602846  ]
2780,4,2,1,1,0,[-1.0604347  -0.57498693  0.41512492  0.23092711  0.164264   -0.16193093]
2781,4,2,1,1,1,[-0.22031799 -0.7227062   0.13271418  0.06530145  0.33172613  0.04134772]
2782,4,2,1,1,2,[-1.9212615  -1.5751691   0.35585147  0.44080764  1.1580074  -1.31117   ]
2783,4,2,1,1,3,[-0.3907915   0.04276831  0.40141115  0.11764793 -0.77587664  0.17789489]
2784,4,2,1,1,4,[-0.9390458  -0.23757982  0.3963076   0.30062893  0.7726809   0.1683297 ]
2785,4,2,1,2,0,[-0.48907375 -0.11767107  0.2336926   0.21125723  0.09056333  0.05226788]
2786,4,2,1,2,1,[ 0.08954508 -0.23181194 -0.02631124  0.09059756  0.16604696  0.04409828]
2787,4,2,1,2,2,[-0.9312116  -0.5272204   0.18087696  0.38078454  0.765165   -0.47781882]
2788,4,2,1,2,3,[-0.16013753  0.1063109   0.26779482  0.11624825 -0.4966029   0.17094122]
2789,4,2,1,2,4,[-0.40027383  0.14000726  0.2239246   0.26234302  0.50274336  0.31208324]
2790,4,2,1,3,0,[-0.3303734   0.18675166  0.24023406  0.2623554   0.09825933  0.26083407]
2791,4,2,1,3,1,[ 0.37820762  0.04626576 -0.16938682  0.07575242  0.13666795  0.06800303]
2792,4,2,1,3,2,[-0.6929271  -0.0093198   0.16638428  0.5057681   0.9163511  -0.10429845]
2793,4,2,1,3,3,[-0.08222093  0.23440734  0.33221367  0.1336203  -0.5520928   0.28522182]
2794,4,2,1,3,4,[-0.2073297   0.53097856  0.23021117  0.34311485  0.59667295  0.6155352 ]
2795,4,2,1,4,0,[-0.52112305  0.36545688  0.30028474  0.44637004  0.1664322   0.4385167 ]
2796,4,2,1,4,1,[ 0.43469155  0.07895386 -0.26278874  0.17932282  0.20413359  0.14412887]
2797,4,2,1,4,2,[-1.1250459   0.06489269  0.18734685  0.76193804  1.3443527  -0.10475094]
2798,4,2,1,4,3,[-0.08186856  0.45771813  0.42582753  0.27955428 -0.77050424  0.4711592 ]
2799,4,2,1,4,4,[-0.3774867   0.8320378   0.29429168  0.5276783   0.8740313   0.9281595 ]
2800,4,2,2,0,0,[0.21809314 0.68006694 0.21445638 0.36294565 0.25337029 0.67195696]
2801,4,2,2,0,1,[ 0.96001226  0.4877941  -0.3012063   0.1778155   0.22784364  0.20024271]
2802,4,2,2,0,2,[0.09741932 0.780047   0.0916165  0.6411621  0.9908802  0.5670851 ]
2803,4,2,2,0,3,[ 0.23013814  0.54932564  0.40162373  0.2098965  -0.2735      0.6605816 ]
2804,4,2,2,0,4,[0.32314754 0.9993826  0.18859147 0.44627595 0.6845155  0.9899534 ]
2805,4,2,2,1,0,[-1.0970573  -0.57016546  0.3507489   0.41337627  0.35034642 -0.18356493]
2806,4,2,2,1,1,[ 0.08721239 -1.0291413  -0.19920671  0.20906116  0.46175745 -0.36230186]
2807,4,2,2,1,2,[-2.1804075  -1.9081167   0.12094261  0.69625795  1.6019839  -1.8115541 ]
2808,4,2,2,1,3,[-0.29896015  0.3832564   0.520154    0.25019723 -0.8116549   0.541561  ]
2809,4,2,2,1,4,[-0.965492   -0.16424668  0.3143699   0.49253345  1.1207461   0.20506084]
2810,4,2,2,2,0,[-0.41000643 -0.00625409  0.22396311  0.37560564  0.23789072  0.1601129 ]
2811,4,2,2,2,1,[ 0.41411555 -0.31643343 -0.21844561  0.23026478  0.27905402 -0.11161163]
2812,4,2,2,2,2,[-0.9568049  -0.5596576   0.06760596  0.6053405   1.0943018  -0.60438704]
2813,4,2,2,2,3,[-0.03815275  0.37189758  0.3742885   0.23794511 -0.49563897  0.47473308]
2814,4,2,2,2,4,[-0.31622028  0.30620688  0.20049788  0.4311795   0.75824016  0.4662158 ]
2815,4,2,2,3,0,[-0.10046713  0.4789637   0.27378753  0.49304026  0.31746545  0.5616342 ]
2816,4,2,2,3,1,[ 0.9190025   0.12869275 -0.3665022   0.2643998   0.31499606  0.03804693]
2817,4,2,2,3,2,[-0.5315111   0.21018796  0.08809629  0.8233007   1.3637182   0.01690314]
2818,4,2,2,3,3,[ 0.14615373  0.623394    0.50096333  0.30695024 -0.50238425  0.75138885]
2819,4,2,2,3,4,[0.02645673 0.8952066  0.24323988 0.58068603 0.9419982  0.9751091 ]
2820,4,2,2,4,0,[-0.25625515  0.76139045  0.31515074  0.772998    0.4542975   0.82306963]
2821,4,2,2,4,1,[ 1.121752    0.13021038 -0.5663742   0.45120004  0.42716065  0.04670569]
2822,4,2,2,4,2,[-0.986942    0.34004614  0.04168006  1.2041048   1.9612912   0.01228097]
2823,4,2,2,4,3,[ 0.20746171  1.0118996   0.62761426  0.5253139  -0.7306994   1.0913223 ]
2824,4,2,2,4,4,[-0.10841098  1.3306197   0.28728694  0.85904557  1.348336    1.404445  ]
2825,4,2,3,0,0,[0.28006145 0.7431019  0.22756554 0.4457856  0.28105024 0.7055092 ]
2826,4,2,3,0,1,[ 1.0130844   0.53722745 -0.24270195  0.32605532  0.27928546  0.2548967 ]
2827,4,2,3,0,2,[0.196747   0.8470602  0.10755479 0.74363136 0.99592566 0.60181797]
2828,4,2,3,0,3,[ 0.26175243  0.61908865  0.41931453  0.25540146 -0.21973921  0.72512865]
2829,4,2,3,0,4,[0.3836275  1.0463656  0.2007529  0.52181935 0.6970378  1.0097653 ]
2830,4,2,3,1,0,[-1.063202   -0.52049863  0.11925621  0.47867754  0.2569972  -0.5174376 ]
2831,4,2,3,1,1,[ 0.02957547 -1.0525944  -0.53249437  0.3260581   0.31143814 -0.954723  ]
2832,4,2,3,1,2,[-2.0874262 -1.8417584 -0.1917589  0.780544   1.423195  -2.2458549]
2833,4,2,3,1,3,[-0.28616726  0.4598064   0.44314286  0.28255105 -0.7756169   0.47301775]
2834,4,2,3,1,4,[-0.92480266 -0.13116941  0.09242395  0.553162    1.0078804  -0.12793775]
2835,4,2,3,2,0,[-0.38308313  0.03336933  0.11786584  0.42073315  0.19760254  0.00484311]
2836,4,2,3,2,1,[ 0.38916215 -0.31736723 -0.35808745  0.31432387  0.21748766 -0.38603833]
2837,4,2,3,2,2,[-0.8893904  -0.5121366  -0.07338951  0.6643531   1.0059115  -0.8052417 ]
2838,4,2,3,2,3,[-0.0299155   0.42778218  0.34033665  0.2587425  -0.46556246  0.4544161 ]
2839,4,2,3,2,4,[-0.28496733  0.33310965  0.09954639  0.47327933  0.7045053   0.30863655]
2840,4,2,3,3,0,[-0.04477696  0.5445372   0.21574079  0.5739409   0.30892977  0.4828659 ]
2841,4,2,3,3,1,[ 0.9337488   0.15895316 -0.41498798  0.4121097   0.30849302 -0.10332365]
2842,4,2,3,3,2,[-0.42492908  0.28302285  0.01065551  0.9256693   1.3092623  -0.08968524]
2843,4,2,3,3,3,[ 0.17010969  0.7042389   0.4909696   0.34842023 -0.44845805  0.7792359 ]
2844,4,2,3,3,4,[0.08442301 0.94214284 0.18800923 0.6551502  0.9149642  0.8861802 ]
2845,4,2,3,4,0,[-0.16899845  0.83908606  0.22362822  0.88401353  0.42976713  0.6822814 ]
2846,4,2,3,4,1,[ 1.1481941   0.15367953 -0.66108114  0.6469164   0.39574364 -0.2128359 ]
2847,4,2,3,4,2,[-0.8212139   0.42722324 -0.07806704  1.3447737   1.8687285  -0.17081793]
2848,4,2,3,4,3,[ 0.2441337  1.1135266  0.6099932  0.5835501 -0.6609222  1.1139252]
2849,4,2,3,4,4,[-0.01688554  1.3846442   0.20064247  0.9615119   1.2988554   1.2528751 ]
2850,4,2,4,0,0,[0.14522694 0.5043524  0.15540402 0.24945806 0.17685655 0.4956239 ]
2851,4,2,4,0,1,[ 0.7651417   0.32657966 -0.32427046  0.05146412  0.12194735  0.04494224]
2852,4,2,4,0,2,[0.02175078 0.5735706  0.05345448 0.4693932  0.8036441  0.39695144]
2853,4,2,4,0,3,[ 0.17796762  0.40875313  0.31528923  0.14649099 -0.26780427  0.49294809]
2854,4,2,4,0,4,[0.2328985  0.7802505  0.13641243 0.32337928 0.5468103  0.7712192 ]
2855,4,2,4,1,0,[-0.93908983 -0.58624035  0.4181468   0.29579526  0.31017712 -0.04858177]
2856,4,2,4,1,1,[ 0.09440009 -0.9822488  -0.01573729  0.0847385   0.3997653  -0.12767103]
2857,4,2,4,1,2,[-1.8808908  -1.7448072   0.28628904  0.51894313  1.4023993  -1.3706346 ]
2858,4,2,4,1,3,[-0.25037602  0.23603837  0.47007218  0.18462217 -0.7178301   0.44681618]
2859,4,2,4,1,4,[-0.8344316  -0.23429118  0.38553888  0.36513597  0.9682911   0.28088954]
2860,4,2,4,2,0,[-0.3631613  -0.07718061  0.23454507  0.2766605   0.19531739  0.15918526]
2861,4,2,4,2,1,[ 0.34758517 -0.34816667 -0.14192863  0.12385461  0.21619925 -0.05612836]
2862,4,2,4,2,2,[-0.84532547 -0.5627298   0.13015915  0.4585849   0.9359597  -0.46708128]
2863,4,2,4,2,3,[-0.03430797  0.25513226  0.32222483  0.18086927 -0.44510728  0.3753418 ]
2864,4,2,4,2,4,[-0.28790447  0.19289483  0.21455055  0.3254672   0.63993526  0.42004058]
2865,4,2,4,3,0,[-0.12147075  0.31174996  0.2405717   0.352664    0.23909445  0.4392619 ]
2866,4,2,4,3,1,"[ 7.4465674e-01 -3.3895933e-04 -3.3328757e-01  1.1259506e-01
  2.0511194e-01 -3.0752044e-02]"
2867,4,2,4,3,2,[-0.51319045  0.06299444  0.10156161  0.6138103   1.1361198  -0.01624239]
2868,4,2,4,3,3,[ 0.11162206  0.45205066  0.4101148   0.22612093 -0.46589392  0.5742117 ]
2869,4,2,4,3,4,[-0.01765735  0.67132235  0.21658319  0.43018273  0.77368426  0.794563  ]
2870,4,2,4,4,0,[-0.26850942  0.51600164  0.28324762  0.56818306  0.34783936  0.65658504]
2871,4,2,4,4,1,[ 0.9057642  -0.0378553  -0.50294006  0.23664467  0.2833035  -0.02765299]
2872,4,2,4,4,2,[-0.92705774  0.1300231   0.07698614  0.908114    1.6406261  -0.02130059]
2873,4,2,4,4,3,[ 0.16021958  0.75255954  0.5147469   0.3999579  -0.6724578   0.8441752 ]
2874,4,2,4,4,4,[-0.14927547  1.0072285   0.26143754  0.64521736  1.1122129   1.1542482 ]
2875,4,3,0,0,0,[0.01047577 0.3012054  0.09801125 0.05988817 0.03893485 0.26540056]
2876,4,3,0,0,1,[ 0.34087297  0.255261   -0.1744896  -0.11717694 -0.02240553  0.00850634]
2877,4,3,0,0,2,[-0.08126336  0.40267512  0.05479924  0.15944196  0.41906047  0.2724596 ]
2878,4,3,0,0,3,[ 0.04844446  0.14499517  0.16348565  0.04168715 -0.24887587  0.15130009]
2879,4,3,0,0,4,[0.06196812 0.46992767 0.08867189 0.10416202 0.26162007 0.43877232]
2880,4,3,0,1,0,[-0.5869611  -0.05014621  0.37674776  0.10022711  0.17893705  0.32723275]
2881,4,3,0,1,1,[ 0.04245785  0.00917927  0.21894449 -0.07442161  0.2764152   0.57646304]
2882,4,3,0,1,2,[-1.1250144  -0.50439286  0.38162985  0.20991655  0.90299743 -0.1639965 ]
2883,4,3,0,1,3,[-0.21957801  0.07848627  0.2789975   0.06693452 -0.56243056  0.15653336]
2884,4,3,0,1,4,[-0.52135885  0.16630058  0.35981452  0.14194518  0.58070254  0.5398415 ]
2885,4,3,0,2,0,[-0.2514691   0.10113238  0.20378706  0.10237718  0.09264088  0.25783005]
2886,4,3,0,2,1,[ 0.16703701  0.10156516  0.03221744 -0.02950782  0.11603214  0.27401564]
2887,4,3,0,2,2,[-0.532696   -0.05444153  0.18692122  0.1902824   0.5706443   0.0485803 ]
2888,4,3,0,2,3,[-0.0710709   0.09311786  0.18499058  0.07389682 -0.35708824  0.12720181]
2889,4,3,0,2,4,[-0.20564805  0.2657432   0.19325136  0.13158283  0.36212862  0.4230024 ]
2890,4,3,0,3,0,[-0.14402144  0.28174192  0.18838292  0.1113888   0.08327784  0.34682706]
2891,4,3,0,3,1,[ 0.34334937  0.2399699  -0.11123438 -0.09724718  0.05030398  0.1659207 ]
2892,4,3,0,3,2,[-0.38533044  0.25988021  0.14598219  0.23296116  0.6454487   0.22438142]
2893,4,3,0,3,3,[-0.00308204  0.16677278  0.2244438   0.08310786 -0.39518148  0.18647124]
2894,4,3,0,3,4,[-0.08223876  0.5009206   0.1760429   0.15777244  0.40589336  0.5704197 ]
2895,4,3,0,4,0,[-0.26208302  0.48127797  0.23919162  0.1994318   0.12806116  0.54770356]
2896,4,3,0,4,1,[ 0.4076043   0.38409945 -0.16107188 -0.07935949  0.07992878  0.31237957]
2897,4,3,0,4,2,[-0.65560323  0.45028526  0.17867261  0.36171922  0.94428205  0.37955505]
2898,4,3,0,4,3,[-0.01475187  0.3150418   0.27785417  0.1565718  -0.57055134  0.28602877]
2899,4,3,0,4,4,[-0.18722785  0.78057534  0.22932316  0.24886608  0.5903073   0.8625979 ]
2900,4,3,1,0,0,[0.07569238 0.2813605  0.08052383 0.03267023 0.06728331 0.27512622]
2901,4,3,1,0,1,[ 0.40376392  0.18710044 -0.24033068 -0.18445131 -0.03850403 -0.08072478]
2902,4,3,1,0,2,[-0.02680521  0.3563222   0.02508151  0.10566977  0.41944382  0.25899133]
2903,4,3,1,0,3,[ 0.11760491  0.16914865  0.16013716  0.04883951 -0.19663188  0.20300938]
2904,4,3,1,0,4,[0.10739774 0.4318509  0.06716769 0.07025858 0.26860917 0.42222327]
2905,4,3,1,1,0,[-0.43547258 -0.07956271  0.47071847  0.06621905  0.26291606  0.52411616]
2906,4,3,1,1,1,[ 0.23170884 -0.12268532  0.32613254 -0.14301464  0.31819478  0.71457946]
2907,4,3,1,1,2,[-0.9518583  -0.5364248   0.50609636  0.14709331  0.9639942   0.11331013]
2908,4,3,1,1,3,[-0.11177209  0.10179233  0.3131146   0.06773623 -0.47026974  0.28438127]
2909,4,3,1,1,4,[-0.3961699   0.11514442  0.44503477  0.10211267  0.6305889   0.6989701 ]
2910,4,3,1,2,0,[-0.15713055  0.07572744  0.23975496  0.08100644  0.1417338   0.34832087]
2911,4,3,1,2,1,[ 0.28040117  0.01083596  0.05691258 -0.07720589  0.13034597  0.3024548 ]
2912,4,3,1,2,2,[-0.4327483  -0.09305947  0.23111406  0.1470121   0.59824973  0.16387664]
2913,4,3,1,2,3,[ 0.00416534  0.10996003  0.19990817  0.0789273  -0.29551572  0.2041121 ]
2914,4,3,1,2,4,[-0.1306929   0.22382696  0.22345085  0.10493279  0.38759387  0.48614347]
2915,4,3,1,3,0,[-0.04086217  0.24922311  0.19730732  0.0790564   0.13240078  0.40628305]
2916,4,3,1,3,1,[ 0.45752442  0.13285111 -0.14332633 -0.17291938  0.04693131  0.1177715 ]
2917,4,3,1,3,2,[-0.28619662  0.19978668  0.15095472  0.16887867  0.6615245   0.2817195 ]
2918,4,3,1,3,3,[ 0.09070665  0.19201905  0.2307714   0.0905373  -0.3216212   0.2679456 ]
2919,4,3,1,3,4,[-0.00464198  0.44571844  0.17861728  0.11772843  0.425649    0.5948592 ]
2920,4,3,1,4,0,[-0.1354911   0.41448113  0.24925502  0.14560057  0.18897264  0.6140891 ]
2921,4,3,1,4,1,[ 0.5543527   0.21097359 -0.20118506 -0.18337712  0.07143587  0.23967141]
2922,4,3,1,4,2,[-0.5342746   0.34161738  0.18308406  0.26633647  0.9586804   0.44224256]
2923,4,3,1,4,3,[ 0.09709669  0.33343133  0.2819216   0.15333548 -0.4777163   0.38069278]
2924,4,3,1,4,4,[-0.09257405  0.68450373  0.23103456  0.18748605  0.61169815  0.8828698 ]
2925,4,3,2,0,0,[0.2910713  0.51270473 0.13502733 0.13386719 0.2116423  0.54064065]
2926,4,3,2,0,1,[ 0.77507603  0.33904007 -0.31607208 -0.14951485  0.06067575 -0.02141307]
2927,4,3,2,0,2,[0.17079824 0.6088618  0.02544305 0.23231672 0.6659119  0.48679447]
2928,4,3,2,0,3,[ 0.31022242  0.38687813  0.2771469   0.15128241 -0.12991446  0.5018128 ]
2929,4,3,2,0,4,[0.30875456 0.6897488  0.10284735 0.16971615 0.45730546 0.6971393 ]
2930,4,3,2,1,0,[-0.38939574  0.04304405  0.50177056  0.16906562  0.4439515   0.7284787 ]
2931,4,3,2,1,1,[ 0.5557099  -0.14487457  0.2102106  -0.09857595  0.4588623   0.72221875]
2932,4,3,2,1,2,[-1.0538889  -0.5697318   0.43911335  0.27885783  1.3358722   0.09190784]
2933,4,3,2,1,3,[-0.01201622  0.3487685   0.4166289   0.16259459 -0.48969722  0.5835132 ]
2934,4,3,2,1,4,[-0.35801607  0.27282307  0.45633063  0.20576404  0.90880305  0.9219973 ]
2935,4,3,2,2,0,[-0.05384075  0.21112472  0.27518842  0.1800969   0.2747934   0.53887326]
2936,4,3,2,2,1,[ 0.57392186  0.04444257 -0.01908493 -0.02035912  0.230419    0.32914546]
2937,4,3,2,2,2,[-0.4041032  -0.01962046  0.2018791   0.27022624  0.85862154  0.24006777]
2938,4,3,2,2,3,[ 0.12138054  0.29709247  0.28953418  0.170033   -0.28605583  0.44542706]
2939,4,3,2,2,4,[-0.03653355  0.38738358  0.24330413  0.20179081  0.5834552   0.69117606]
2940,4,3,2,3,0,[0.17252778 0.4919641  0.2553479  0.2117777  0.31288677 0.7055565 ]
2941,4,3,2,3,1,[ 0.89717495  0.2518898  -0.24525793 -0.11331178  0.17401896  0.16771676]
2942,4,3,2,3,2,[-0.13245665  0.41874593  0.13101451  0.33368963  0.99241173  0.48389047]
2943,4,3,2,3,3,[ 0.29727426  0.45850366  0.36573827  0.21949123 -0.27200425  0.6219327 ]
2944,4,3,2,3,4,[0.19305278 0.724952   0.21433255 0.24736932 0.6766521  0.91069484]
2945,4,3,2,4,0,[0.10398802 0.7480276  0.307499   0.3248977  0.42227277 1.0106066 ]
2946,4,3,2,4,1,[ 1.107831    0.3479528  -0.35349786 -0.09167974  0.23173949  0.299571  ]
2947,4,3,2,4,2,[-0.39541966  0.6355111   0.13295895  0.49207252  1.4127992   0.7039409 ]
2948,4,3,2,4,3,[ 0.33947632  0.70639306  0.43903637  0.31887534 -0.44157067  0.8362413 ]
2949,4,3,2,4,4,[0.12946565 1.0719243  0.26427197 0.36325002 0.95284605 1.3129475 ]
2950,4,3,3,0,0,[0.3308035  0.5870449  0.17298223 0.20271984 0.2431278  0.6076477 ]
2951,4,3,3,0,1,[ 0.80702865  0.43007624 -0.2099843  -0.01612417  0.13393402  0.12003863]
2952,4,3,3,0,2,[0.24792936 0.69889873 0.07723471 0.32291582 0.6865965  0.5757977 ]
2953,4,3,3,0,3,[ 0.32089648  0.44757533  0.30311906  0.18156698 -0.08608719  0.56416416]
2954,4,3,3,0,4,[0.35208175 0.7531946  0.13998644 0.23485944 0.47863612 0.75594777]
2955,4,3,3,1,0,[-0.36708155  0.14776374  0.34299073  0.22951703  0.3893784   0.5184567 ]
2956,4,3,3,1,1,[ 0.49668643 -0.04010174  0.00222796  0.01581702  0.3914783   0.38092566]
2957,4,3,3,1,2,[-0.97487086 -0.42964628  0.22384909  0.36163926  1.2198316  -0.18055747]
2958,4,3,3,1,3,[-0.00876519  0.43747905  0.37472105  0.18695544 -0.4465623   0.56182855]
2959,4,3,3,1,4,[-0.32565978  0.3640587   0.30416688  0.26389188  0.83900696  0.7128986 ]
2960,4,3,3,2,0,[-0.03847474  0.28297368  0.21282     0.21922006  0.25541246  0.45676342]
2961,4,3,3,2,1,[ 0.5428018   0.12129578 -0.08196323  0.0586471   0.21710947  0.20722514]
2962,4,3,3,2,2,[-0.34920487  0.07363562  0.12019997  0.32558304  0.8066972   0.13827269]
2963,4,3,3,2,3,[ 0.11930414  0.3573195   0.27563268  0.18282713 -0.2548394   0.44885913]
2964,4,3,3,2,4,[-0.01383735  0.4495011   0.18464507  0.24002093  0.55418634  0.6083654 ]
2965,4,3,3,3,0,[0.20637822 0.5866998  0.24232563 0.27984512 0.3207929  0.69734734]
2966,4,3,3,3,1,[ 0.8942864   0.3610114  -0.21209307  0.02164858  0.21364701  0.18390775]
2967,4,3,3,3,2,[-0.04826001  0.5375237   0.11605832  0.42616302  0.9723676   0.4787892 ]
2968,4,3,3,3,3,[ 0.30105063  0.53677297  0.37433416  0.2459923  -0.22354306  0.6644302 ]
2969,4,3,3,3,4,[0.23441124 0.8063243  0.20326316 0.31269535 0.6716003  0.89695203]
2970,4,3,3,4,0,[0.17343532 0.88159025 0.28895482 0.42780074 0.43238193 0.99464256]
2971,4,3,3,4,1,[ 1.1256062   0.50262713 -0.31923556  0.09843078  0.28051633  0.29748562]
2972,4,3,3,4,2,[-0.24794136  0.8041242   0.11237957  0.6290797   1.3814186   0.69267976]
2973,4,3,3,4,3,[ 0.35959005  0.8157579   0.45443988  0.3649631  -0.3698978   0.89886403]
2974,4,3,3,4,4,[0.20825665 1.187254   0.24834555 0.4610384  0.94414324 1.2894592 ]
2975,4,3,4,0,0,[0.21924993 0.37709114 0.08141601 0.06178284 0.14777747 0.39170375]
2976,4,3,4,0,1,[ 0.62311465  0.21087947 -0.35022128 -0.21792057 -0.01543339 -0.14625104]
2977,4,3,4,0,2,[ 0.09893325  0.4448414  -0.0127886   0.13007213  0.53337026  0.33613834]
2978,4,3,4,0,3,[ 0.25452572  0.28661188  0.20849885  0.10216846 -0.1381352   0.37101224]
2979,4,3,4,0,4,[0.2319153  0.530897   0.05711224 0.09477682 0.35959455 0.5292473 ]
2980,4,3,4,1,0,[-0.3261806  -0.05109398  0.52406526  0.0927568   0.39232498  0.71723163]
2981,4,3,4,1,1,[ 0.5054561  -0.23229732  0.29250488 -0.17131908  0.3917282   0.7522589 ]
2982,4,3,4,1,2,[-0.90820307 -0.59267163  0.52493834  0.16935323  1.1756524   0.2331112 ]
2983,4,3,4,1,3,[ 0.0011202   0.22835284  0.373762    0.11393774 -0.43571606  0.4920858 ]
2984,4,3,4,1,4,[-0.30704886  0.14961086  0.48462793  0.12574726  0.7903179   0.8809424 ]
2985,4,3,4,2,0,[-0.05148394  0.11847964  0.2649481   0.11476887  0.2296394   0.47813675]
2986,4,3,4,2,1,[ 0.49400717 -0.0395948   0.00378863 -0.08400938  0.17333128  0.29625073]
2987,4,3,4,2,2,[-0.3639983  -0.09219367  0.2254966   0.17863248  0.7369315   0.24499403]
2988,4,3,4,2,3,[ 0.10736328  0.20661493  0.24566169  0.1265855  -0.26085624  0.35851753]
2989,4,3,4,2,4,[-0.04159252  0.27178442  0.23827775  0.13449614  0.49409056  0.6082184 ]
2990,4,3,4,3,0,[0.12411534 0.3395518  0.21196964 0.12089194 0.24119093 0.5643329 ]
2991,4,3,4,3,1,[ 0.7427617   0.11235293 -0.2546472  -0.19949088  0.08720878  0.06262068]
2992,4,3,4,3,2,[-0.15696274  0.25852987  0.11909068  0.20606512  0.8251247   0.38140172]
2993,4,3,4,3,3,[ 0.24948351  0.33202314  0.29149193  0.15756425 -0.2612484   0.47771508]
2994,4,3,4,3,4,[0.13679762 0.54199684 0.17944737 0.1536203  0.5536965  0.7420641 ]
2995,4,3,4,4,0,[0.05400218 0.5248809  0.25615588 0.19565591 0.32667127 0.8137919 ]
2996,4,3,4,4,1,[ 0.9136853   0.15323396 -0.35972533 -0.21481164  0.11662117  0.15457556]
2997,4,3,4,4,2,[-0.4035142   0.40262288  0.12500145  0.31247482  1.1781946   0.5602441 ]
2998,4,3,4,4,3,[ 0.28349936  0.5191042   0.3476116   0.2311477  -0.41628268  0.6423098 ]
2999,4,3,4,4,4,[0.06859553 0.8060857  0.22207525 0.23160544 0.78192484 1.0743678 ]
3000,4,4,0,0,0,[ 0.00573413  0.20385447  0.01601958  0.02687669 -0.00444254  0.10304514]
3001,4,4,0,0,1,[ 0.35386354  0.18685083 -0.31663558 -0.18837206 -0.06519529 -0.18123214]
3002,4,4,0,0,2,[-0.12353162  0.24992636 -0.06486385  0.10481235  0.3704729   0.01244138]
3003,4,4,0,0,3,[ 0.06459631  0.08278078  0.12532978  0.04112249 -0.31262562  0.05778255]
3004,4,4,0,0,4,[0.04574678 0.36887735 0.0064829  0.06802069 0.22503969 0.27207643]
3005,4,4,0,1,0,[-0.6438529  -0.21657895  0.24561647  0.05505654  0.10969564  0.10342307]
3006,4,4,0,1,1,[ 0.04507991 -0.07358752  0.0304881  -0.15131041  0.25013775  0.43620297]
3007,4,4,0,1,2,[-1.2447413  -0.75678724  0.19707243  0.1427277   0.84503186 -0.52917045]
3008,4,4,0,1,3,[-0.25843075 -0.05593733  0.19051059  0.05165769 -0.7115566  -0.03792784]
3009,4,4,0,1,4,[-0.58620304 -0.00184107  0.23257637  0.09592617  0.5313192   0.31469637]
3010,4,4,0,2,0,[-0.28114864 -0.02148518  0.11113866  0.07093245  0.0383793   0.08223445]
3011,4,4,0,2,1,[ 0.1725475   0.02598068 -0.1088774  -0.08733885  0.08153627  0.12485   ]
3012,4,4,0,2,2,[-0.6048614  -0.23874758  0.0557258   0.14129712  0.5194467  -0.22952032]
3013,4,4,0,2,3,"[-8.5799217e-02  3.2599091e-05  1.2811354e-01  6.6901058e-02
 -4.5593247e-01 -8.1590908e-03]"
3014,4,4,0,2,4,[-0.2427623   0.14212722  0.10264988  0.0986136   0.32059923  0.24694012]
3015,4,4,0,3,0,[-0.1695366   0.13123192  0.07022735  0.06512216  0.01439263  0.11371478]
3016,4,4,0,3,1,[ 0.35082248  0.13670763 -0.3030517  -0.188375   -0.00748063 -0.07418592]
3017,4,4,0,3,2,[-0.46383247  0.03124313 -0.02292067  0.16017947  0.5743499  -0.14222038]
3018,4,4,0,3,3,[-0.00413161  0.06078868  0.16000958  0.07567247 -0.50523454  0.02904902]
3019,4,4,0,3,4,[-0.11988843  0.3478729   0.05939268  0.10880464  0.35033602  0.3352089 ]
3020,4,4,0,4,0,[-0.30892393  0.24361467  0.070137    0.14303175  0.01639995  0.19631232]
3021,4,4,0,4,1,[ 0.42066902  0.22119267 -0.4226139  -0.17814316 -0.00536878 -0.02211319]
3022,4,4,0,4,2,[-0.77570033  0.09857433 -0.05997046  0.27410364  0.8329111  -0.15953955]
3023,4,4,0,4,3,[-0.03388939  0.14046623  0.17853558  0.14310841 -0.7493679   0.03001969]
3024,4,4,0,4,4,[-0.24830428  0.54258317  0.06379952  0.18983114  0.5016808   0.5134514 ]
3025,4,4,1,0,0,[ 0.0647909   0.17333767 -0.01850606 -0.00497025  0.01574758  0.08730041]
3026,4,4,1,0,1,[ 0.40798017  0.09314175 -0.4135031  -0.26725048 -0.10146338 -0.32541505]
3027,4,4,1,0,2,[-0.08112445  0.1900803  -0.11969105  0.04418875  0.36053836 -0.03595073]
3028,4,4,1,0,3,[ 0.13459137  0.10314126  0.11581974  0.04784018 -0.26309726  0.10084829]
3029,4,4,1,0,4,[ 0.08400479  0.3206864  -0.03216931  0.02934346  0.22418141  0.23033422]
3030,4,4,1,1,0,[-0.5064144  -0.27094716  0.31466022  0.01736432  0.17825745  0.2575572 ]
3031,4,4,1,1,1,[ 0.22054726 -0.25644237  0.09519567 -0.22961977  0.2582523   0.48911208]
3032,4,4,1,1,2,[-1.0964533  -0.8202978   0.28457835  0.0741877   0.88884145 -0.30803972]
3033,4,4,1,1,3,[-0.15346947 -0.04440809  0.21391566  0.05257031 -0.62865025  0.06995597]
3034,4,4,1,1,4,[-0.47630924 -0.07630791  0.2927405   0.05217334  0.5673776   0.43255115]
3035,4,4,1,2,0,[-0.19506204 -0.06194669  0.12938648  0.04702756  0.07767082  0.14427571]
3036,4,4,1,2,1,[ 0.27719682 -0.09719421 -0.11503417 -0.14234781  0.07337648  0.09476879]
3037,4,4,1,2,2,[-0.5202758  -0.29628137  0.0735667   0.0938817   0.5356715  -0.15230416]
3038,4,4,1,2,3,[-0.01121011  0.01024752  0.13597606  0.07238433 -0.39934763  0.05691515]
3039,4,4,1,2,4,[-0.17706755  0.08610268  0.1149893   0.06918014  0.3370629   0.28231293]
3040,4,4,1,3,0,[-0.07595817  0.08189649  0.05590361  0.02785461  0.05158474  0.13732113]
3041,4,4,1,3,1,[ 0.45324695 -0.00852395 -0.37651375 -0.27690175 -0.03916144 -0.19772914]
3042,4,4,1,3,2,[-0.3828469  -0.04998654 -0.05230906  0.08858755  0.575975   -0.13340837]
3043,4,4,1,3,3,[ 0.08973674  0.07924742  0.15747553  0.08299035 -0.43674383  0.09693503]
3044,4,4,1,3,4,[-0.0531918   0.27685037  0.03856868  0.06358197  0.35888177  0.32444167]
3045,4,4,1,4,0,[-0.19647217  0.1541432   0.04726476  0.08414727  0.06089764  0.21362674]
3046,4,4,1,4,1,[ 0.55155104 -0.00421148 -0.5200035  -0.29581836 -0.05258343 -0.19724321]
3047,4,4,1,4,2,[-0.68076134 -0.03834054 -0.10442138  0.1707678   0.8276896  -0.16328451]
3048,4,4,1,4,3,[ 0.07728738  0.14965856  0.16984923  0.14020747 -0.6637946   0.10581543]
3049,4,4,1,4,4,[-0.16957279  0.42521894  0.03234408  0.12303203  0.5077241   0.48551077]
3050,4,4,2,0,0,[0.28348154 0.35897526 0.00426433 0.08488178 0.14098027 0.28575423]
3051,4,4,2,0,1,[ 0.7915901   0.1936194  -0.5486812  -0.26660177 -0.03033957 -0.36869007]
3052,4,4,2,0,2,[ 0.10123192  0.37555242 -0.1721723   0.14943808  0.5866857   0.08421387]
3053,4,4,2,0,3,[ 0.34195393  0.2926575   0.22387868  0.15566197 -0.2219503   0.36669913]
3054,4,4,2,0,4,[ 0.28207713  0.53212804 -0.03028995  0.11509941  0.39670858  0.43541425]
3055,4,4,2,1,0,[-0.49354878 -0.23968774  0.28647536  0.10607896  0.31644365  0.3490497 ]
3056,4,4,2,1,1,[ 0.5427541  -0.36325517 -0.10385107 -0.21761842  0.36055908  0.38463944]
3057,4,4,2,1,2,[-1.2654798  -0.9790545   0.12401588  0.18315421  1.2264174  -0.5011184 ]
3058,4,4,2,1,3,[-0.07384858  0.12855698  0.28420654  0.14681435 -0.7245158   0.27395603]
3059,4,4,2,1,4,[-0.47510937 -0.00706508  0.24401823  0.1404247   0.81441957  0.54460806]
3060,4,4,2,2,0,[-0.1062934   0.01053824  0.12539352  0.13667507  0.18125913  0.25380847]
3061,4,4,2,2,1,[ 0.57483774 -0.12642238 -0.25133535 -0.11037659  0.14280216  0.02742823]
3062,4,4,2,2,2,[-0.5281217  -0.30949992 -0.01844028  0.20040058  0.7701769  -0.19892903]
3063,4,4,2,2,3,[ 0.10086404  0.14922862  0.2061476   0.16553134 -0.4374914   0.23753335]
3064,4,4,2,2,4,[-0.10134026  0.18840133  0.09445812  0.15512767  0.51042485  0.4070015 ]
3065,4,4,2,3,0,[0.1287637  0.25074762 0.06568088 0.14482233 0.19799349 0.3345027 ]
3066,4,4,2,3,1,[ 0.90140694  0.0315364  -0.5597786  -0.2596475   0.04603557 -0.28487697]
3067,4,4,2,3,2,[-0.2645035   0.06507278 -0.14990899  0.22586681  0.87399364 -0.08813403]
3068,4,4,2,3,3,[ 0.3016807   0.2938577   0.27282637  0.21549621 -0.4366129   0.38627404]
3069,4,4,2,3,4,[0.12908332 0.48305485 0.02419341 0.17514803 0.58253175 0.53729403]
3070,4,4,2,4,0,[0.0261832  0.37519538 0.03769873 0.2483881  0.24037555 0.4620121 ]
3071,4,4,2,4,1,[ 1.1208241   0.01830476 -0.7795137  -0.24364467  0.04918006 -0.31785092]
3072,4,4,2,4,2,[-0.59465045  0.10126512 -0.26211482  0.3690973   1.2324029  -0.12295149]
3073,4,4,2,4,3,[ 0.3177976   0.43857872  0.2952252   0.31002638 -0.7087788   0.4555585 ]
3074,4,4,2,4,4,[ 0.02780934  0.70299846 -0.00403966  0.28103012  0.8066908   0.7688453 ]
3075,4,4,3,0,0,[0.3474167  0.4624484  0.08570939 0.16349514 0.19709487 0.42582443]
3076,4,4,3,0,1,[ 0.8533031   0.32448193 -0.3737632  -0.1163102   0.08152216 -0.11847317]
3077,4,4,3,0,2,[ 0.2145504   0.5048203  -0.06160798  0.25296387  0.6372962   0.2728045 ]
3078,4,4,3,0,3,[ 0.364396    0.3705216   0.27316678  0.19080012 -0.15986416  0.47008288]
3079,4,4,3,0,4,[0.34949857 0.6231748  0.04850909 0.18953271 0.44025016 0.56402117]
3080,4,4,3,1,0,[-0.4271868  -0.08217572  0.19876845  0.1770816   0.3018222   0.26077902]
3081,4,4,3,1,1,[ 0.53239566 -0.18747617 -0.20446125 -0.08590618  0.35310063  0.21497512]
3082,4,4,3,1,2,[-1.1192061  -0.765391    0.00567667  0.2802917   1.1580334  -0.60449815]
3083,4,4,3,1,3,[-0.04876235  0.24648207  0.2823329   0.17631358 -0.64849323  0.32257366]
3084,4,4,3,1,4,[-0.3986139   0.13495593  0.16007513  0.20867716  0.78012407  0.45242754]
3085,4,4,3,2,0,[-0.06330135  0.11705407  0.11114909  0.18230043  0.1885532   0.2533167 ]
3086,4,4,3,2,1,[ 0.57455224 -0.00274745 -0.24047816 -0.02030418  0.17004451  0.02236902]
3087,4,4,3,2,2,[-0.43060198 -0.1683115  -0.03433136  0.26490963  0.75037616 -0.18738705]
3088,4,4,3,2,3,[ 0.11199553  0.22892916  0.2186173   0.18112075 -0.38502347  0.28721514]
3089,4,4,3,2,4,[-0.05080832  0.28374767  0.08207282  0.19970497  0.5049879   0.40262288]
3090,4,4,3,3,0,[0.19635567 0.38720676 0.11299992 0.22332117 0.23953588 0.42786995]
3091,4,4,3,3,1,[ 0.9378639   0.19730742 -0.43264666 -0.10674772  0.13758177 -0.12049133]
3092,4,4,3,3,2,[-0.12891096  0.24087352 -0.08278514  0.3325485   0.89466894  0.04664119]
3093,4,4,3,3,3,[ 0.321663    0.3960729   0.3140706   0.24687134 -0.3623014   0.4859624 ]
3094,4,4,3,3,4,[0.2042693  0.6041969  0.07106134 0.25051755 0.60768855 0.620898  ]
3095,4,4,3,4,0,[0.14770946 0.5701442  0.10767932 0.3686364  0.30039603 0.5964843 ]
3096,4,4,3,4,1,[ 1.1993158   0.25656667 -0.60894734 -0.02534582  0.17426656 -0.10224386]
3097,4,4,3,4,2,[-0.3687929   0.35384038 -0.16224575  0.5290523   1.2613491   0.07275765]
3098,4,4,3,4,3,[ 0.3636497   0.58298004  0.35876518  0.36519513 -0.59859276  0.6032387 ]
3099,4,4,3,4,4,[0.15849367 0.8768753  0.06498667 0.39525715 0.8427501  0.8894068 ]
3100,4,4,4,0,0,[ 0.20559008  0.2386175  -0.04666868  0.0151546   0.08046463  0.15074062]
3101,4,4,4,0,1,[ 0.6272825   0.07414458 -0.5768679  -0.32591793 -0.10689366 -0.48232505]
3102,4,4,4,0,2,[ 0.02849517  0.23510167 -0.20295751  0.05303365  0.45638314 -0.0396957 ]
3103,4,4,4,0,3,[ 0.27919406  0.20376486  0.15446807  0.103407   -0.21979327  0.24516316]
3104,4,4,4,0,4,[ 0.20179552  0.38922587 -0.07224431  0.0436186   0.3011341   0.28310364]
3105,4,4,4,1,0,[-0.42365098 -0.3052981   0.318218    0.03407462  0.27474207  0.36099833]
3106,4,4,4,1,1,[ 0.48362017 -0.44187024 -0.0141318  -0.28103593  0.28855047  0.40789983]
3107,4,4,4,1,2,[-1.1038058  -0.9616408   0.22758162  0.08083192  1.070134   -0.3186919 ]
3108,4,4,4,1,3,[-0.05292129  0.03732083  0.2486403   0.0983348  -0.63939923  0.21438926]
3109,4,4,4,1,4,[-0.4164459  -0.10228636  0.2823237   0.06521273  0.70113623  0.5268265 ]
3110,4,4,4,2,0,[-0.10248563 -0.06110987  0.12078813  0.07421722  0.14348595  0.2114922 ]
3111,4,4,4,2,1,[ 0.48675588 -0.20047623 -0.22263497 -0.16667044  0.08496835 -0.00147269]
3112,4,4,4,2,2,[-0.4805404  -0.35237867  0.0161843   0.11416738  0.65266156 -0.16262518]
3113,4,4,4,2,3,[ 0.08876496  0.07833861  0.16591181  0.12125774 -0.39244398  0.17147198]
3114,4,4,4,2,4,[-0.10367763  0.09349225  0.09561387  0.09128233  0.42552856  0.34263808]
3115,4,4,4,3,0,[0.0779167  0.12346516 0.02825923 0.05828241 0.1343348  0.21667807]
3116,4,4,4,3,1,[ 0.7345126  -0.09379447 -0.56053126 -0.33353773 -0.04008232 -0.37654194]
3117,4,4,4,3,2,[-0.2840315  -0.05861862 -0.14919272  0.10668258  0.71205795 -0.15004042]
3118,4,4,4,3,3,[ 0.25096288  0.18860283  0.20083742  0.15155107 -0.40529802  0.26331705]
3119,4,4,4,3,4,[ 0.07287768  0.32534695 -0.00371089  0.08676157  0.46479994  0.39303404]
3120,4,4,4,4,0,[-0.02550486  0.19215721 -0.00563096  0.12277655  0.15913135  0.30085653]
3121,4,4,4,4,1,[ 0.9074279  -0.15409558 -0.776877   -0.35684994 -0.06462962 -0.44830734]
3122,4,4,4,4,2,[-0.59502304 -0.07543057 -0.25368226  0.19722538  1.007203   -0.20855191]
3123,4,4,4,4,3,[ 0.26179108  0.2868486   0.20873787  0.22001633 -0.64900064  0.29888263]
3124,4,4,4,4,4,[-0.03203079  0.47662094 -0.03717004  0.15417282  0.64512295  0.5659415 ]
