timestamp,water_level_cm,precip_klaipedos-ams,temp_klaipedos-ams,precip_vezaiciu-ams,temp_vezaiciu-ams,Pt,API_t,SMI_t,S_t,delta_WL_t,Pt_class
2016-01-01,249.0,0.0,0.0,0.0,0.0,0.0,0.0,0.0,0.9998518392091162,0.0,Low
2016-01-02,262.0,0.0,0.0,0.0,0.0,0.0,0.0,0.0,0.9994074007397048,13.0,Low
2016-01-03,251.0,0.0,0.0,0.0,0.0,0.0,0.0,0.0,0.998666816288476,-11.0,Low
2016-01-04,248.0,0.0,0.0,0.0,0.0,0.0,0.0,0.0,0.9976303053065856,-3.0,Low
2016-01-05,240.0,0.0,0.0,0.0,0.0,0.0,0.0,0.0,0.9962981749346078,-8.0,Low
2016-01-06,228.0,0.0,0.0,0.0,0.0,0.0,0.0,0.0,0.9946708199115212,-12.0,Low
2016-01-07,213.0,0.0,0.0,0.0,0.0,0.0,0.0,0.0,0.9927487224577402,-15.0,Low
2016-01-08,195.0,0.0,0.0,0.0,0.0,0.0,0.0,0.0,0.9905324521322229,-18.0,Low
2016-01-09,189.0,0.0,0.0,0.0,0.0,0.0,0.0,0.0,0.9880226656636976,-6.0,Low
2016-01-10,186.0,0.0,0.0,0.0,0.0,0.0,0.0,0.0,0.9852201067560606,-3.0,Low
2016-01-11,184.0,0.0,0.0,0.0,0.0,0.0,0.0,0.0,0.9821256058680006,-2.0,Low
2016-01-12,181.0,0.0,0.0,0.0,0.0,0.0,0.0,0.0,0.9787400799669153,-3.0,Low
2016-01-13,181.0,0.0,0.0,0.0,0.0,0.0,0.0,0.0,0.9750645322571948,0.0,Low
2016-01-14,179.0,0.0,0.0,0.0,0.0,0.0,0.0,0.0,0.9711000518829505,-2.0,Low
2016-01-15,173.0,0.0,0.0,0.0,0.0,0.0,0.0,0.0,0.9668478136052776,-6.0,Low
2016-01-16,167.0,0.0,0.0,0.0,0.0,0.0,0.0,0.0,0.9623090774541486,-6.0,Low
2016-01-17,169.0,0.0,0.0,0.0,0.0,0.0,0.0,0.0,0.9574851883550392,2.0,Low
2016-01-18,169.0,0.0,0.0,0.0,0.0,0.0,0.0,0.0,0.9523775757303974,0.0,Low
2016-01-19,167.0,0.0,0.0,0.0,0.0,0.0,0.0,0.0,0.9469877530760752,-2.0,Low
2016-01-20,167.0,0.0,0.0,0.0,0.0,0.0,0.0,0.0,0.9413173175128472,0.0,Low
2016-01-21,168.0,0.0,0.0,0.0,0.0,0.0,0.0,0.0,0.9353679493131484,1.0,Low
2016-01-22,166.0,0.0,0.0,0.0,0.0,0.0,0.0,0.0,0.9291414114031744,-2.0,Low
2016-01-23,165.0,0.0,0.0,0.0,0.0,0.0,0.0,0.0,0.9226395488404876,-1.0,Low
2016-01-24,164.0,0.0,0.0,0.0,0.0,0.0,0.0,0.0,0.9158642882672872,-1.0,Low
2016-01-25,166.0,0.0,0.0,0.0,0.0,0.0,0.0,0.0,0.9088176373395028,2.0,Low
2016-01-26,172.0,0.0,0.0,0.0,0.0,0.0,0.0,0.0,0.901501684131884,6.0,Low
2016-01-27,204.0,2.8,4.26,11.0,4.67,6.9,6.9,11.1625,0.893918596519257,32.0,High
2016-01-28,336.0,2.1,4.68,5.9,5.24,4.0,9.865,12.4,0.886070621534138,132.0,High
2016-01-29,437.0,2.2,3.75,4.1,3.42,3.15,11.53525,8.9625,0.8779600847008882,101.0,Medium
2016-01-30,512.0,12.7,4.88,18.1,5.15,15.4,25.2049625,12.5375,0.869589389346611,75.0,High
2016-01-31,516.0,10.9,3.12,16.8,2.26,13.85,35.274218125000004,6.725,0.8609610158889943,4.0,High
2016-02-01,532.0,6.9,2.93,7.2,1.9,7.050000000000001,37.03308540625,6.0375,0.8520775211013093,16.0,High
2016-02-02,543.0,0.0,5.28,0.7,5.3,0.35,31.828122595312504,13.225,0.8429415373547828,11.0,Low
2016-02-03,545.0,6.8,3.99,13.8,3.35,10.3,37.35390420601563,9.175,0.8335557718385699,2.0,High
2016-02-04,534.0,0.6,2.89,0.8,0.73,0.7,32.45081857511328,4.525,0.8239230057575542,-11.0,Low
2016-02-05,522.0,0.0,2.73,0.0,1.16,0.0,27.58319578884629,4.8625,0.8140460935082178,-12.0,Low
2016-02-06,513.0,1.2,1.93,1.0,0.8,1.1,24.545716420519348,3.4125,0.8039279618328213,-9.0,Medium
2016-02-07,485.0,0.0,4.03,0.0,3.4,0.0,20.863858957441444,9.2875,0.7935716089521474,-28.0,Low
2016-02-08,421.0,0.9,4.58,2.2,4.16,1.55,19.28428011382523,10.925,0.7829801036770629,-64.0,Medium
2016-02-09,369.0,1.5,4.6,4.8,4.74,3.15,19.54163809675144,11.675,0.7721565844991642,-52.0,Medium
2016-02-10,350.0,2.1,4.89,4.0,4.51,3.05,19.66039238223873,11.749999999999998,0.7611042586607747,-19.0,Medium
2016-02-11,363.0,2.7,2.81,3.9,2.23,3.3,20.01133352490292,6.3,0.7498264012045686,13.0,Medium
2016-02-12,376.0,2.4,2.82,8.0,1.41,5.2,22.20963349616748,5.2875,0.7383263540031065,13.0,High
2016-02-13,389.0,1.7,1.55,2.0,0.88,1.85,20.72818847174236,3.0375,0.7266075247685656,13.0,Medium
2016-02-14,400.0,1.0,1.9,1.5,1.26,1.25,18.868960200981004,3.95,0.7146733860429609,11.0,Medium
2016-02-15,395.0,6.1,2.38,3.3,1.9,4.699999999999999,20.73861617083385,5.35,0.702527474169157,-5.0,High
2016-02-16,371.0,0.4,0.19,2.1,-0.36,1.25,18.87782374520877,0.0,0.6901733882429719,-24.0,Medium
2016-02-17,347.0,0.0,-0.25,0.0,-1.42,0.0,16.046150183427457,0.0,0.6776147890466889,-24.0,Low
2016-02-18,323.0,0.8,2.34,0.0,1.47,0.4,14.039227655913338,4.762499999999999,0.6648553979642865,-24.0,Low
2016-02-19,297.0,6.0,0.82,7.2,0.24,6.6,18.533343507526336,1.3250000000000002,0.6518989958787126,-26.0,High
2016-02-20,286.0,5.3,0.98,6.6,0.13,5.949999999999999,21.703341981397383,1.3874999999999995,0.6387494220515272,-11.0,High
2016-02-21,290.0,10.7,3.02,14.0,1.52,12.35,30.797840684187776,5.675,0.6254105729852463,4.0,High
2016-02-22,337.0,4.4,3.32,7.8,2.35,6.1,32.27816458155961,7.0875,0.6118864012687243,47.0,High
2016-02-23,406.0,0.7,3.54,5.0,2.91,2.85,30.286439894325667,8.0625,0.5981809144059164,69.0,Medium
2016-02-24,444.0,0.4,2.94,3.6,1.95,2.0,27.743473910176817,6.1125,0.5842981736283683,38.0,Medium
2016-02-25,468.0,17.1,1.58,14.6,0.33,15.85,39.43195282365029,2.3875,0.5702422926917871,24.0,High
2016-02-26,476.0,0.0,2.55,2.3,1.04,1.15,34.667159900102746,4.4875,0.5560174366570446,8.0,Medium
2016-02-27,459.0,0.0,2.89,0.0,1.59,0.0,29.46708591508733,5.6000000000000005,0.5416278206559814,-17.0,Low
2016-02-28,419.0,0.0,0.27,0.0,-0.86,0.0,25.047023027824235,0.0,0.5270777086423722,-40.0,Low
2016-02-29,378.0,0.0,-0.38,0.0,-1.84,0.0,21.2899695736506,0.0,0.5123714121284237,-41.0,Low
2016-03-01,335.0,0.0,-0.13,0.0,-1.17,0.0,18.096474137603007,0.0,0.4975132889071806,-43.0,Low
2016-03-02,303.0,0.0,0.2,0.0,-0.68,0.0,15.382003016962557,0.0,0.4825077417612184,-32.0,Low
2016-03-03,281.0,0.0,3.28,0.0,2.11,0.0,13.074702564418171,6.7375,0.4673592171580022,-22.0,Low
2016-03-04,267.0,0.0,1.44,0.0,0.45,0.0,11.113497179755443,2.3625,0.4520722039323043,-14.0,Low
2016-03-05,263.0,0.0,0.85,0.0,0.12,0.0,9.446472602792127,1.2125,0.436651231956064,-4.0,Low
2016-03-06,256.0,2.2,2.39,2.3,1.7,2.25,10.279501712373309,5.1125,0.4211008707960896,-7.0,Medium
2016-03-07,253.0,0.0,4.83,0.2,4.76,0.1,8.837576455517311,11.9875,0.4054257283599973,-3.0,Low
2016-03-08,270.0,0.0,2.56,0.0,2.74,0.0,7.511939987189715,6.625000000000001,0.3896304495307879,17.0,Low
2016-03-09,285.0,0.0,1.39,0.0,2.69,0.0,6.385148989111258,5.1,0.373719714790469,15.0,Low
2016-03-10,275.0,0.0,2.2,0.0,1.45,0.0,5.427376640744569,4.5625,0.3576982388331254,-10.0,Low
2016-03-11,259.0,0.0,2.47,0.0,2.05,0.0,4.613270144632883,5.65,0.3415707691678556,-16.0,Low
2016-03-12,246.0,0.0,0.33,0.0,0.14,0.0,3.921279622937951,0.5875,0.3253420847119801,-13.0,Low
2016-03-13,235.0,0.0,1.09,0.0,1.1,0.0,3.333087679497258,2.7375000000000007,0.3090169943749474,-11.0,Low
2016-03-14,227.0,3.8,2.24,3.9,1.55,3.85,6.683124527572669,4.7375,0.2926003356333483,-8.0,Medium
2016-03-15,222.0,0.0,2.67,0.0,1.82,0.0,5.680655848436769,5.612500000000001,0.2760969730974688,-5.0,Low
2016-03-16,219.0,0.0,3.14,0.0,2.36,0.0,4.828557471171253,6.875,0.2595117970697999,-3.0,Low
2016-03-17,214.0,0.0,3.48,0.0,3.75,0.0,4.104273850495565,9.0375,0.2428497220959356,-5.0,Low
2016-03-18,208.0,0.0,1.95,0.3,1.33,0.15,3.63863277292123,4.1000000000000005,0.2261156855082882,-6.0,Low
2016-03-19,207.0,0.0,1.64,0.0,0.13,0.0,3.0928378569830453,2.2125,0.2093146459630484,-1.0,Low
2016-03-20,203.0,0.0,2.06,1.4,0.72,0.7,3.328912178435588,3.4750000000000005,0.1924515819708299,-4.0,Low
2016-03-21,199.0,1.7,3.96,2.0,3.45,1.85,4.67957535167025,9.2625,0.1755314904214282,-4.0,Medium
2016-03-22,194.0,0.0,2.2,0.0,1.39,0.0,3.9776390489197126,4.4875,0.1585593851031347,-5.0,Low
2016-03-23,191.0,0.0,2.08,0.0,0.92,0.0,3.3809931915817555,3.75,0.141540295217043,-3.0,Low
2016-03-24,187.0,0.0,1.34,0.0,0.87,0.0,2.873844212844492,2.7625,0.1244792638867891,-4.0,Low
2016-03-25,182.0,0.6,3.26,0.4,3.55,0.5,2.942767580917818,8.5125,0.107381346664163,-5.0,Low
2016-03-26,177.0,0.4,4.16,0.8,4.18,0.6000000000000001,3.1013524437801454,10.425,0.0902516100310411,-5.0,Low
2016-03-27,174.0,0.0,6.14,0.0,6.24,0.0,2.636149577213124,15.474999999999998,0.0730951298980777,-3.0,Low
2016-03-28,170.0,0.0,8.56,0.0,7.38,0.0,2.240727140631155,19.925,0.0559169901006034,-4.0,Low
2016-03-29,166.0,2.4,7.19,2.2,6.92,2.3,4.204618069536481,17.6375,0.0387222808921744,-4.0,Medium
2016-03-30,165.0,6.1,5.36,4.9,5.38,5.5,9.07392535910601,13.425,0.0215160974362222,-1.0,High
2016-03-31,165.0,0.4,4.45,1.1,3.9,0.75,8.46283655524011,10.4375,0.0043035382962442,0.0,Medium
2016-04-01,164.0,1.1,4.08,4.1,3.35,2.6,9.793411071954091,9.2875,-0.0129102960750088,-1.0,Medium
2016-04-02,166.0,0.0,4.73,0.0,3.74,0.0,8.324399411160979,10.5875,-0.0301203048469081,2.0,Low
2016-04-03,165.0,0.0,8.33,0.0,8.07,0.0,7.075739499486832,20.5,-0.0473213883224318,-1.0,Low
2016-04-04,162.0,0.0,10.94,0.3,9.97,0.15,6.164378574563807,26.1375,-0.0645084494493162,-3.0,Low
2016-04-05,159.0,0.0,13.77,0.0,12.07,0.0,5.239721788379236,32.3,-0.0816763953304224,-3.0,Low
2016-04-06,156.0,4.6,8.26,5.7,7.76,5.15,9.603763520122351,20.025,-0.0988201387328714,-3.0,High
2016-04-07,154.0,1.9,7.63,1.3,7.87,1.6,9.763198992103998,19.375,-0.1159345995955004,-2.0,Medium
2016-04-08,151.0,0.2,6.0,0.3,5.92,0.25,8.548719143288398,14.9,-0.1330147065341959,-3.0,Low
2016-04-09,148.0,0.0,5.38,0.0,5.33,0.0,7.266411271795138,13.3875,-0.1500553983446526,-3.0,Low
2016-04-10,146.0,0.0,7.37,0.0,6.53,0.0,6.176449581025867,17.375,-0.1670516255021192,-2.0,Low
2016-04-11,145.0,0.0,9.24,0.0,8.22,0.0,5.249982143871987,21.825000000000003,-0.18399835165768,-1.0,Low
2016-04-12,143.0,0.1,10.07,0.0,10.42,0.05,4.512484822291189,25.612500000000004,-0.200890555130635,-2.0,Low
2016-04-13,140.0,6.1,7.53,1.6,9.05,3.85,7.6856120989475105,20.725,-0.2177232303965317,-3.0,Medium
2016-04-14,138.0,0.0,6.05,0.0,7.78,0.0,6.532770284105384,17.2875,-0.2344913895704098,-2.0,Low
2016-04-15,137.0,0.0,5.23,0.0,6.06,0.0,5.552854741489576,14.1125,-0.2511900638848193,-1.0,Low
2016-04-16,136.0,0.4,10.14,0.0,9.97,0.2,4.91992653026614,25.1375,-0.2678143051621742,-1.0,Low
2016-04-17,138.0,4.1,7.07,4.2,7.96,4.15,8.33193755072622,18.7875,-0.2843591872810034,2.0,High
2016-04-18,140.0,0.0,6.94,0.0,6.18,0.0,7.082146918117287,16.400000000000002,-0.3008198076356673,2.0,Low
2016-04-19,140.0,0.5,6.88,0.4,6.25,0.45,6.469824880399694,16.412499999999998,-0.3171912885891061,0.0,Low
2016-04-20,134.0,0.0,6.02,0.2,5.03,0.1,5.599351148339739,13.8125,-0.3334687789181868,-6.0,Low
2016-04-21,137.0,0.0,6.62,0.0,5.78,0.0,4.759448476088778,15.5,-0.3496474552512284,3.0,Low
2016-04-22,138.0,1.0,5.57,2.4,4.67,1.7,5.745531204675461,12.8,-0.3657225234972689,1.0,Medium
2016-04-23,137.0,0.0,6.31,0.0,5.16,0.0,4.883701523974142,14.3375,-0.3816892202666588,-1.0,Low
2016-04-24,136.0,8.1,4.3,11.1,2.24,9.6,13.75114629537802,8.175,-0.3975428142825559,-1.0,High
2016-04-25,142.0,0.0,4.36,0.4,3.5,0.2,11.888474351071316,9.825,-0.4132786077829042,6.0,Low
2016-04-26,148.0,0.0,4.75,0.0,3.86,0.0,10.10520319841062,10.7625,-0.4288919379124835,6.0,Low
2016-04-27,154.0,8.8,6.27,15.0,5.6,11.9,20.489422718649024,14.8375,-0.4443781781046132,6.0,High
2016-04-28,167.0,19.4,5.44,18.0,4.95,18.7,36.11600931085167,12.9875,-0.4597327394521039,13.0,High
2016-04-29,227.0,0.0,7.72,0.0,6.48,0.0,30.69860791422392,17.75,-0.4749510720670499,60.0,Low
2016-04-30,243.0,0.0,8.52,0.0,9.08,0.0,26.093816727090328,22.0,-0.4900286664290592,16.0,Low
2016-05-01,226.0,0.0,10.55,0.0,10.48,0.0,22.179744218026777,26.2875,-0.5049610547215204,-17.0,Low
2016-05-02,203.0,0.0,11.54,0.0,12.77,0.0,18.85278258532276,30.3875,-0.5197438121555155,-23.0,Low
2016-05-03,184.0,0.0,12.47,7.6,13.59,3.8,19.824865197524343,32.575,-0.5343725582809787,-19.0,Medium
2016-05-04,171.0,0.0,12.47,0.0,14.14,0.0,16.851135417895694,33.2625,-0.548842958284719,-13.0,Low
2016-05-05,162.0,0.0,12.27,0.0,14.15,0.0,14.32346510521134,33.025000000000006,-0.5631507242749186,-9.0,Low
2016-05-06,153.0,0.0,11.41,0.0,13.94,0.0,12.174945339429636,31.6875,-0.5772916165517272,-9.0,Low
2016-05-07,146.0,0.0,15.0,0.0,15.95,0.0,10.348703538515192,38.6875,-0.5912614448635781,-7.0,Low
2016-05-08,139.0,0.0,17.1,0.0,17.68,0.0,8.796398007737913,43.475,-0.6050560696488488,-7.0,Low
2016-05-09,134.0,0.0,18.9,0.0,18.37,0.0,7.476938306577226,46.58749999999999,-0.6186714032625031,-5.0,Low
2016-05-10,129.0,0.0,15.68,0.0,17.29,0.0,6.355397560590642,41.2125,-0.6321034111873487,-5.0,Low
2016-05-11,125.0,0.0,14.13,0.0,16.9,0.0,5.402087926502046,38.7875,-0.6453481132295501,-4.0,Low
2016-05-12,122.0,0.0,14.79,0.0,14.88,0.0,4.591774737526738,37.087500000000006,-0.6584015846980488,-3.0,Low
2016-05-13,122.0,2.6,13.89,16.0,13.66,9.3,13.203008526897728,34.4375,-0.6712599575675313,0.0,High
2016-05-14,125.0,4.8,12.03,7.4,12.56,6.1,17.322557247863067,30.7375,-0.6839194216246106,3.0,High
2016-05-15,161.0,1.5,10.42,3.6,9.47,2.55,17.274173660683605,24.8625,-0.6963762255968722,36.0,Medium
2016-05-16,271.0,8.0,8.17,10.7,7.12,9.35,24.03304761158106,19.1125,-0.7086266782644596,110.0,High
2016-05-17,325.0,6.2,8.45,11.8,7.35,9.0,29.4280904698439,19.75,-0.7206671495538609,54.0,High
2016-05-18,360.0,0.0,8.65,0.0,8.39,0.0,25.013876899367315,21.3,-0.7324940716135789,35.0,Low
2016-05-19,357.0,0.0,11.22,0.0,11.03,0.0,21.261795364462216,27.8125,-0.7441039398713607,-3.0,Low
2016-05-20,300.0,0.0,10.7,0.0,11.76,0.0,18.07252605979288,28.075000000000003,-0.7554933140726803,-57.0,Low
2016-05-21,241.0,0.0,11.11,0.0,11.7,0.0,15.361647150823948,28.5125,-0.766658819300159,-59.0,Low
2016-05-22,207.0,0.0,14.72,0.0,15.1,0.0,13.057400078200356,37.275,-0.777597146973627,-34.0,Low
2016-05-23,185.0,0.0,19.55,0.0,17.92,0.0,11.098790066470302,46.8375,-0.7883050558305255,-22.0,Low
2016-05-24,169.0,0.0,19.87,0.0,18.46,0.0,9.433971556499756,47.9125,-0.7987793728863649,-16.0,Low
2016-05-25,158.0,0.0,14.55,3.7,16.72,1.85,9.868875823024792,39.0875,-0.8090169943749473,-11.0,Medium
2016-05-26,153.0,0.0,10.15,0.0,10.53,0.0,8.388544449571073,25.85,-0.8190148866680801,-5.0,Low
2016-05-27,147.0,10.7,13.36,2.6,14.28,6.65,13.780262782135411,34.55,-0.8287700871745037,-6.0,High
2016-05-28,142.0,1.1,17.52,7.2,17.35,4.15,15.8632233648151,43.587500000000006,-0.8382797052177743,-5.0,High
2016-05-29,142.0,0.0,22.09,0.0,20.58,0.0,13.483739860092834,53.337500000000006,-0.8475409228928311,0.0,Low
2016-05-30,155.0,0.0,23.31,0.0,22.0,0.0,11.461178881078908,56.6375,-0.8565509959010036,13.0,Low
2016-05-31,156.0,0.0,23.49,0.0,22.34,0.0,9.74200204891707,57.2875,-0.865307254363206,1.0,Low
2016-06-01,158.0,0.0,24.22,0.0,22.83,0.0,8.28070174157951,58.8125,-0.8738071036110808,2.0,Low
2016-06-02,156.0,0.5,20.65,9.9,19.23,5.2,12.238596480342585,49.85,-0.8820480249558537,-2.0,High
2016-06-03,154.0,0.0,20.03,12.8,19.7,6.4,16.802807008291197,49.66250000000001,-0.8900275764346767,-2.0,High
2016-06-04,153.0,0.0,14.49,0.0,16.55,0.0,14.282385957047516,38.8,-0.8977433935342337,-1.0,Low
2016-06-05,146.0,0.0,11.38,0.0,12.52,0.0,12.140028063490387,29.875,-0.9051931898913974,-7.0,Low
2016-06-06,144.0,0.0,10.27,0.0,11.07,0.0,10.319023853966833,26.675,-0.9123747579707272,-2.0,Low
2016-06-07,148.0,0.0,10.9,0.0,11.96,0.0,8.771170275871807,28.575,-0.9192859697186104,4.0,Low
2016-06-08,147.0,2.7,11.89,2.5,13.8,2.6,10.055494734491036,32.112500000000004,-0.9259247771938498,-1.0,Medium
2016-06-09,138.0,0.0,10.58,0.0,10.36,0.0,8.54717052431738,26.175,-0.9322892131745132,-9.0,Low
2016-06-10,138.0,3.0,11.21,3.2,10.36,3.1,10.365094945669773,26.9625,-0.938377391740864,0.0,Medium
2016-06-11,135.0,1.7,9.77,1.3,9.63,1.5,10.310330703819307,24.25,-0.9441875088341992,-3.0,Medium
2016-06-12,144.0,0.0,10.67,0.0,10.38,0.0,8.763781098246412,26.3125,-0.9497178427914316,9.0,Low
2016-06-13,142.0,0.0,11.52,0.0,12.37,0.0,7.44921393350945,29.8625,-0.9549667548552552,-2.0,Low
2016-06-14,133.0,0.0,18.12,0.0,16.74,0.0,6.331831843483032,43.575,-0.9599326896597448,-9.0,Low
2016-06-15,128.0,9.2,14.78,11.0,14.46,10.1,15.482057066960577,36.55,-0.9646141756912436,-5.0,High
2016-06-16,132.0,0.0,14.16,0.0,15.77,0.0,13.15974850691649,37.4125,-0.9690098257244062,4.0,Low
2016-06-17,137.0,11.7,16.61,15.0,16.82,13.35,24.535786230879012,41.7875,-0.973118337233262,5.0,High
2016-06-18,158.0,4.8,14.26,3.9,14.73,4.35,25.20541829624716,36.2375,-0.9769384927771816,21.0,High
2016-06-19,140.0,0.0,15.24,0.0,16.68,0.0,21.424605551810085,39.900000000000006,-0.980469160361632,-18.0,Low
2016-06-20,139.0,2.5,14.38,3.3,16.33,2.9,21.11091471903857,38.3875,-0.9837092937736096,-1.0,Medium
2016-06-21,149.0,6.2,14.38,15.1,15.71,10.65,28.59427751118279,37.6125,-0.986657932891657,10.0,High
2016-06-22,150.0,0.0,15.33,0.0,16.12,0.0,24.30513588450537,39.3125,-0.9893142039703664,1.0,Low
2016-06-23,145.0,0.0,18.76,0.0,19.52,0.0,20.65936550182956,47.85,-0.99167731989929,-5.0,Low
2016-06-24,137.0,0.0,23.02,0.0,23.29,0.0,17.560460676555127,57.8875,-0.993746580436178,-8.0,Low
2016-06-25,131.0,1.4,26.2,0.0,25.67,0.7,15.626391575071857,64.8375,-0.9955213724144752,-6.0,Low
2016-06-26,132.0,0.0,21.09,0.0,22.32,0.0,13.282432838811078,54.2625,-0.9970011699250152,1.0,Low
2016-06-27,134.0,0.2,18.33,1.1,17.47,0.65,11.940067912989416,44.75,-0.9981855344718586,2.0,Low
2016-06-28,136.0,0.0,17.92,0.0,16.71,0.0,10.149057726041004,43.2875,-0.99907411510223,2.0,Low
2016-06-29,141.0,2.3,19.24,2.8,18.37,2.55,11.176699067134852,47.0125,-0.9996666485105112,5.0,Medium
2016-06-30,136.0,2.7,19.9,12.0,19.52,7.35,16.850194207064625,49.275000000000006,-0.9999629591162656,-5.0,High
2016-07-01,135.0,0.0,20.58,0.1,20.65,0.05,14.372665076004932,51.5375,-0.9999629591162656,-1.0,Low
2016-07-02,135.0,0.0,19.5,5.9,22.83,2.95,15.166765314604191,52.9125,-0.9996666485105112,0.0,Medium
2016-07-03,139.0,0.0,0.0,4.6,15.94,2.3,15.191750517413563,19.925,-0.99907411510223,4.0,Medium
2016-07-04,148.0,1.0,16.83,2.5,14.17,1.75,14.662987939801528,38.75,-0.9981855344718586,9.0,Medium
2016-07-05,147.0,0.9,17.51,0.0,15.95,0.45,12.913539748831298,41.825,-0.9970011699250152,-1.0,Low
2016-07-06,148.0,9.9,16.8,9.7,15.25,9.8,20.776508786506604,40.0625,-0.9955213724144752,1.0,High
2016-07-07,152.0,0.4,17.33,0.6,15.93,0.5,18.160032468530613,41.575,-0.993746580436178,4.0,Low
2016-07-08,162.0,0.0,17.38,1.4,15.95,0.7,16.13602759825102,41.6625,-0.99167731989929,10.0,Low
2016-07-09,164.0,0.0,17.57,2.0,16.2,1.0,14.715623458513363,42.21249999999999,-0.9893142039703664,2.0,Medium
2016-07-10,167.0,0.2,17.63,0.6,16.49,0.4,12.90827993973636,42.65,-0.9866579328916572,3.0,Low
2016-07-11,166.0,12.8,19.22,19.4,19.16,16.1,27.072037948775908,47.975,-0.9837092937736098,-1.0,High
2016-07-12,165.0,0.0,19.06,0.0,18.45,0.0,23.01123225645952,46.8875,-0.980469160361632,-1.0,Low
2016-07-13,158.0,0.0,18.41,0.0,16.89,0.0,19.559547417990597,44.125,-0.9769384927771816,-7.0,Low
2016-07-14,159.0,16.8,17.25,14.1,15.74,15.45,32.075615305292004,41.2375,-0.973118337233262,1.0,High
2016-07-15,174.0,6.3,16.66,19.3,15.6,12.8,40.06427300949821,40.325,-0.9690098257244064,15.0,High
2016-07-16,190.0,0.0,17.27,0.0,16.05,0.0,34.05463205807347,41.65,-0.9646141756912436,16.0,Low
2016-07-17,181.0,0.3,17.35,0.0,15.45,0.15,29.09643724936245,41.0,-0.9599326896597444,-9.0,Low
2016-07-18,175.0,0.0,17.61,0.0,15.65,0.0,24.73197166195808,41.575,-0.9549667548552552,-6.0,Low
2016-07-19,173.0,0.0,17.37,0.2,16.48,0.1,21.12217591266437,42.3125,-0.9497178427914316,-2.0,Low
2016-07-20,171.0,0.0,17.6,0.0,16.27,0.0,17.953849525764713,42.337500000000006,-0.9441875088341994,-2.0,Low
2016-07-21,169.0,0.0,18.1,0.0,17.31,0.0,15.260772096900006,44.2625,-0.9383773917408642,-2.0,Low
2016-07-22,169.0,0.0,18.05,0.0,17.87,0.0,12.971656282365004,44.900000000000006,-0.9322892131745134,0.0,Low
2016-07-23,164.0,0.0,18.39,0.0,18.31,0.0,11.025907840010252,45.875,-0.92592477719385,-5.0,Low
2016-07-24,159.0,0.0,19.51,0.0,19.76,0.0,9.372021664008717,49.087500000000006,-0.9192859697186104,-5.0,Low
2016-07-25,154.0,0.0,20.24,0.0,20.95,0.0,7.966218414407407,51.4875,-0.9123747579707274,-5.0,Low
2016-07-26,149.0,0.0,20.47,0.0,20.45,0.0,6.771285652246296,51.150000000000006,-0.9051931898913976,-5.0,Low
2016-07-27,146.0,0.0,21.09,0.0,20.52,0.0,5.755592804409352,52.0125,-0.8977433935342336,-3.0,Low
2016-07-28,149.0,6.9,19.84,4.1,18.95,5.5,10.392253883747948,48.4875,-0.8900275764346766,3.0,High
2016-07-29,148.0,0.0,20.44,0.0,18.88,0.0,8.833415801185755,49.15,-0.8820480249558535,-1.0,Low
2016-07-30,146.0,0.0,21.22,0.0,19.79,0.0,7.508403431007891,51.2625,-0.8738071036110807,-2.0,Low
2016-07-31,146.0,4.5,19.3,4.1,18.14,4.3,10.682142916356709,46.8,-0.8653072543632061,0.0,High
2016-08-01,148.0,14.1,16.8,28.7,15.16,21.4,30.4798214789032,39.95,-0.8565509959010037,2.0,High
2016-08-02,160.0,4.8,18.02,10.1,15.96,7.449999999999999,33.357848257067715,42.47500000000001,-0.8475409228928312,12.0,High
2016-08-03,168.0,6.0,17.71,1.4,16.52,3.7,32.05417101850756,42.78750000000001,-0.8382797052177745,8.0,Medium
2016-08-04,175.0,10.7,19.63,4.5,18.7,7.6,34.84604536573143,47.9125,-0.828770087174504,7.0,High
2016-08-05,170.0,37.9,17.71,25.8,18.09,31.85,61.46913856087171,44.75,-0.8190148866680802,-5.0,High
2016-08-06,192.0,1.0,18.71,2.6,17.1,1.8,54.04876777674095,44.7625,-0.8090169943749472,22.0,Medium
2016-08-07,246.0,5.2,17.49,15.0,15.6,10.1,56.04145261022981,41.3625,-0.7987793728863648,54.0,High
2016-08-08,306.0,0.0,20.06,0.2,19.35,0.1,47.73523471869534,49.2625,-0.7883050558305253,60.0,Low
2016-08-09,299.0,0.3,17.7,0.5,16.23,0.4,40.97494951089104,42.4125,-0.7775971469736268,-7.0,Low
2016-08-10,262.0,7.6,16.47,1.0,14.17,4.3,39.12870708425738,38.3,-0.7666588193001592,-37.0,High
2016-08-11,235.0,13.6,15.08,1.5,12.79,7.55,40.80940102161877,34.8375,-0.7554933140726804,-27.0,High
2016-08-12,224.0,0.6,16.73,0.8,13.88,0.7,35.38799086837596,38.2625,-0.7441039398713608,-11.0,Low
2016-08-13,219.0,3.0,17.65,9.9,15.62,6.45,36.52979223811956,41.58749999999999,-0.7324940716135792,-5.0,High
2016-08-14,222.0,1.2,17.36,5.1,15.9,3.15,34.20032340240163,41.575,-0.7206671495538615,3.0,Medium
2016-08-15,227.0,0.9,15.95,5.7,14.1,3.3000000000000003,32.37027489204138,37.5625,-0.7086266782644601,5.0,Medium
2016-08-16,233.0,16.1,15.83,5.5,14.14,10.8,38.31473365823517,37.4625,-0.6963762255968726,6.0,High
2016-08-17,254.0,22.8,15.01,25.3,13.96,24.05,56.6175236094999,36.2125,-0.6839194216246105,21.0,High
2016-08-18,306.0,23.2,14.62,20.4,13.66,21.8,69.9248950680749,35.35,-0.6712599575675315,52.0,High
2016-08-19,392.0,0.0,16.45,0.0,15.88,0.0,59.43616080786367,40.4125,-0.6584015846980489,86.0,Low
2016-08-20,413.0,0.0,18.92,0.0,18.1,0.0,50.52073668668412,46.275000000000006,-0.64534811322955,21.0,Low
2016-08-21,364.0,9.7,19.77,4.9,20.3,7.3,50.24262618368149,50.0875,-0.6321034111873488,-49.0,High
2016-08-22,309.0,1.8,18.05,1.5,17.39,1.65,44.35623225612927,44.3,-0.6186714032625032,-55.0,Medium
2016-08-23,301.0,7.5,16.62,8.0,14.81,7.75,45.452797417709874,39.2875,-0.6050560696488494,-8.0,High
2016-08-24,302.0,0.0,16.4,0.0,16.15,0.0,38.63487780505339,40.6875,-0.5912614448635782,1.0,Low
2016-08-25,289.0,0.0,17.16,0.0,15.96,0.0,32.839646134295386,41.400000000000006,-0.5772916165517278,-13.0,Low
2016-08-26,261.0,0.0,20.95,0.0,20.34,0.0,27.91369921415108,51.6125,-0.5631507242749187,-28.0,Low
2016-08-27,237.0,0.0,19.0,0.0,17.65,0.0,23.72664433202841,45.8125,-0.5488429582847199,-24.0,Low
2016-08-28,217.0,0.0,18.01,0.0,16.6,0.0,20.16764768222415,43.2625,-0.5343725582809785,-20.0,Low
2016-08-29,207.0,0.0,19.12,0.0,18.07,0.0,17.142500529890526,46.4875,-0.5197438121555157,-10.0,Low
2016-08-30,200.0,0.0,16.46,1.2,13.74,0.6,15.171125450406947,37.75,-0.5049610547215202,-7.0,Low
2016-08-31,193.0,0.0,17.7,0.0,14.52,0.0,12.895456632845905,40.275,-0.4900286664290594,-7.0,Low
2016-09-01,174.0,0.0,19.28,0.0,17.38,0.0,10.961138137919018,45.825,-0.4749510720670502,-19.0,Low
2016-09-02,165.0,0.0,17.83,0.0,15.11,0.0,9.316967417231163,41.175,-0.4597327394521046,-9.0,Low
2016-09-03,163.0,0.5,17.9,4.0,15.64,2.25,10.16942230464649,41.925,-0.4443781781046134,-2.0,Medium
2016-09-04,158.0,1.9,16.21,3.5,14.3,2.7,11.344008958949516,38.1375,-0.4288919379124841,-5.0,Medium
2016-09-05,160.0,0.0,15.14,0.0,14.21,0.0,9.642407615107087,36.6875,-0.4132786077829044,2.0,Low
2016-09-06,165.0,0.0,15.87,0.0,14.22,0.0,8.196046472841024,37.6125,-0.3975428142825566,5.0,Low
2016-09-07,160.0,0.0,18.35,0.0,16.6,0.0,6.96663950191487,43.6875,-0.3816892202666586,-5.0,Low
2016-09-08,150.0,0.0,18.2,0.0,18.27,0.0,5.921643576627639,45.5875,-0.3657225234972692,-10.0,Low
2016-09-09,151.0,0.0,17.75,0.0,18.01,0.0,5.033397040133494,44.7,-0.3496474552512282,1.0,Low
2016-09-10,150.0,0.0,18.01,0.0,18.4,0.0,4.27838748411347,45.5125,-0.333468778918187,-1.0,Low
2016-09-11,145.0,0.0,17.52,0.0,17.77,0.0,3.636629361496449,44.1125,-0.3171912885891059,-5.0,Low
2016-09-12,140.0,0.0,17.44,0.0,16.97,0.0,3.091134957271982,43.0125,-0.300819807635668,-5.0,Low
2016-09-13,138.0,0.0,15.59,0.0,14.66,0.0,2.6274647136811846,37.8125,-0.2843591872810036,-2.0,Low
2016-09-14,140.0,0.0,16.22,0.0,13.62,0.0,2.233345006629007,37.3,-0.2678143051621748,2.0,Low
2016-09-15,142.0,0.0,14.71,0.0,12.84,0.0,1.898343255634656,34.4375,-0.2511900638848195,2.0,Low
2016-09-16,135.0,0.0,14.73,0.0,13.52,0.0,1.6135917672894575,35.3125,-0.2344913895704105,-7.0,Low
2016-09-17,130.0,0.0,12.98,0.0,11.62,0.0,1.371553002196039,30.75,-0.2177232303965322,-5.0,Low
2016-09-18,128.0,0.0,13.05,0.0,11.79,0.0,1.165820051866633,31.05,-0.2008905551306352,-2.0,Low
2016-09-19,128.0,0.0,12.23,0.0,10.77,0.0,0.990947044086638,28.75,-0.1839983516576798,0.0,Low
2016-09-20,126.0,0.7,11.91,0.5,10.63,0.6,1.4423049874736424,28.175,-0.1670516255021195,-2.0,Low
2016-09-21,124.0,0.0,12.23,0.0,10.86,0.0,1.225959239352596,28.8625,-0.1500553983446526,-2.0,Low
2016-09-22,126.0,1.4,11.53,0.0,9.53,0.7,1.7420653534497066,26.325,-0.1330147065341963,2.0,Low
2016-09-23,129.0,0.0,12.77,0.0,9.63,0.0,1.4807555504322505,28.0,-0.1159345995955006,3.0,Low
2016-09-24,132.0,8.7,14.58,3.4,12.18,6.05,7.308642217867413,33.45,-0.0988201387328721,3.0,High
2016-09-25,127.0,0.0,12.85,0.0,12.33,0.0,6.2123458851873,31.475,-0.0816763953304228,-5.0,Low
2016-09-26,120.0,0.0,10.87,0.0,9.38,0.0,5.280494002409205,25.3125,-0.0645084494493162,-7.0,Low
2016-09-27,118.0,0.0,10.24,0.0,8.85,0.0,4.488419902047824,23.8625,-0.0473213883224323,-2.0,Low
2016-09-28,125.0,8.3,14.23,11.4,10.68,9.85,13.665156916740653,31.1375,-0.0301203048469083,7.0,High
2016-09-29,126.0,1.6,16.58,3.6,15.54,2.6,14.215383379229554,40.15,-0.0129102960750088,1.0,Medium
2016-09-30,134.0,4.2,15.73,6.7,14.2,5.45,17.53307587234512,37.4125,0.0043035382962438,8.0,High
2016-10-01,128.0,5.4,14.39,8.3,12.65,6.8500000000000005,21.753114491493356,33.8,0.0215160974362222,-6.0,High
2016-10-02,130.0,12.9,13.37,12.8,12.25,12.85,31.34014731776935,32.025,0.0387222808921739,2.0,High
2016-10-03,145.0,0.0,12.11,0.0,11.13,0.0,26.639125220103946,29.050000000000004,0.055916990100603,15.0,Low
2016-10-04,160.0,0.0,8.35,0.0,7.23,0.0,22.643256437088358,19.475,0.0730951298980777,15.0,Low
2016-10-05,157.0,0.0,8.5,0.0,7.91,0.0,19.2467679715251,20.5125,0.0902516100310407,-3.0,Low
2016-10-06,155.0,0.5,8.78,0.2,8.14,0.35,16.709752775796336,21.15,0.107381346664163,-2.0,Low
2016-10-07,152.0,5.2,6.9,3.5,6.4,4.35,18.553289859426883,16.625,0.1244792638867886,-3.0,High
2016-10-08,151.0,7.5,6.57,4.7,5.87,6.1,21.870296380512848,15.55,0.141540295217043,-1.0,High
2016-10-09,148.0,5.8,7.49,5.3,7.15,5.55,24.13975192343592,18.3,0.1585593851031347,-3.0,High
2016-10-10,141.0,0.0,6.78,0.0,6.09,0.0,20.51878913492053,16.087500000000002,0.1755314904214277,-7.0,Low
2016-10-11,145.0,0.0,4.86,0.0,4.03,0.0,17.44097076468245,11.1125,0.1924515819708299,4.0,Low
2016-10-12,146.0,0.0,5.2,0.0,4.51,0.0,14.824825149980082,12.1375,0.2093146459630488,1.0,Low
2016-10-13,140.0,0.0,4.2,0.0,3.42,0.0,12.60110137748307,9.525,0.226115685508288,-6.0,Low
2016-10-14,132.0,0.0,1.31,0.0,0.51,0.0,10.71093617086061,2.275,0.2428497220959358,-8.0,Low
2016-10-15,134.0,0.0,1.4,0.0,1.08,0.0,9.104295745231518,3.1,0.2595117970697994,2.0,Low
2016-10-16,128.0,0.0,3.32,0.0,2.65,0.0,7.73865138344679,7.462499999999999,0.2760969730974688,-6.0,Low
2016-10-17,119.0,0.0,4.66,0.0,3.67,0.0,6.577853675929771,10.4125,0.2926003356333479,-9.0,Low
2016-10-18,117.0,0.0,5.43,0.0,4.83,0.0,5.5911756245403055,12.825,0.3090169943749472,-2.0,Low
2016-10-19,121.0,1.4,6.27,1.1,6.01,1.25,6.00249928085926,15.35,0.3253420847119795,4.0,Medium
2016-10-20,118.0,0.3,5.86,0.0,5.33,0.15,5.252124388730371,13.9875,0.341570769167856,-3.0,Low
2016-10-21,111.0,5.0,3.32,1.3,2.83,3.15,7.614305730420815,7.6875,0.3576982388331254,-7.0,Medium
2016-10-22,113.0,10.3,2.82,8.3,2.54,9.3,15.772159870857694,6.699999999999999,0.3737197147904692,2.0,High
2016-10-23,123.0,2.3,5.73,2.7,5.48,2.5,15.90633589022904,14.0125,0.3896304495307877,10.0,Medium
2016-10-24,122.0,2.7,4.36,2.8,3.75,2.75,16.270385506694684,10.1375,0.4054257283599973,-1.0,Medium
2016-10-25,119.0,0.2,5.01,0.4,4.24,0.3,14.12982768069048,11.5625,0.4211008707960891,-3.0,Low
2016-10-26,129.0,0.9,6.13,0.8,3.27,0.8500000000000001,12.860353528586908,11.75,0.4366512319560638,10.0,Medium
2016-10-27,134.0,0.8,8.06,0.6,5.52,0.7,11.63130049929887,16.975,0.4520722039323037,5.0,Low
2016-10-28,133.0,7.0,9.35,12.7,8.54,9.85,19.73660542440404,22.3625,0.467359217158002,-1.0,High
2016-10-29,159.0,0.0,8.57,0.0,7.26,0.0,16.776114610743434,19.7875,0.4825077417612176,26.0,Low
2016-10-30,196.0,0.8,7.46,0.7,5.99,0.75,15.00969741913192,16.8125,0.4975132889071803,37.0,Medium
2016-10-31,199.0,1.3,4.65,0.6,2.5,0.95,13.708242806262133,8.9375,0.5123714121284235,3.0,Medium
2016-11-01,194.0,10.8,3.07,10.9,1.19,10.85,22.50200638532281,5.324999999999999,0.5270777086423724,-5.0,High
2016-11-02,201.0,13.0,5.15,9.9,3.95,11.45,30.57670542752439,11.375000000000002,0.5416278206559811,7.0,High
2016-11-03,265.0,1.3,2.23,0.0,1.42,0.65,26.64019961339573,4.5625,0.5560174366570446,64.0,Low
2016-11-04,309.0,1.0,1.3,0.0,-0.05,0.5,23.14416967138637,1.5625,0.5702422926917867,44.0,Low
2016-11-05,291.0,4.5,1.52,2.6,0.73,3.55,23.22254422067841,2.8125,0.5842981736283683,-18.0,Medium
2016-11-06,265.0,10.9,0.21,8.6,-0.05,9.75,29.48916258757665,0.1999999999999999,0.5981809144059159,-26.0,High
2016-11-07,251.0,0.0,-1.25,0.3,-1.77,0.15,25.21578819944015,0.0,0.6118864012687242,-14.0,Low
2016-11-08,240.0,0.1,1.38,0.3,-0.31,0.2,21.633419969524127,1.3375,0.6254105729852457,-11.0,Low
2016-11-09,226.0,1.8,0.59,1.0,-0.21,1.4,19.788406974095505,0.475,0.6387494220515268,-14.0,Medium
2016-11-10,215.0,0.0,-0.71,0.2,-1.23,0.1,16.92014592798118,0.0,0.6518989958787125,-11.0,Low
2016-11-11,208.0,0.0,-0.19,0.0,-1.07,0.0,14.382124038784005,0.0,0.6648553979642867,-7.0,Low
2016-11-12,203.0,0.2,2.6,2.1,-0.3,1.15,13.374805432966404,2.8750000000000004,0.6776147890466887,-5.0,Medium
2016-11-13,197.0,0.5,3.38,0.1,1.21,0.3,11.668584618021445,5.7375,0.690173388242972,-6.0,Low
2016-11-14,194.0,0.0,5.3,0.0,2.48,0.0,9.918296925318227,9.725,0.7025274741691566,-3.0,Low
2016-11-15,198.0,10.5,3.95,6.9,1.65,8.7,17.130552386520492,7.0,0.7146733860429608,4.0,High
2016-11-16,207.0,5.0,5.53,4.3,3.36,4.65,19.210969528542417,11.1125,0.726607524768565,9.0,High
2016-11-17,248.0,11.6,6.31,11.0,6.25,11.3,27.62932409926105,15.7,0.7383263540031063,41.0,High
2016-11-18,314.0,0.2,7.49,6.2,7.31,3.2,26.68492548437189,18.5,0.749826401204568,66.0,Medium
2016-11-19,387.0,5.9,6.86,8.7,6.85,7.3,29.98218666171611,17.137500000000003,0.7611042586607742,73.0,High
2016-11-20,416.0,4.0,5.92,4.6,5.44,4.3,29.78485866245869,14.2,0.7721565844991641,29.0,High
2016-11-21,430.0,0.0,7.96,0.0,7.23,0.0,25.31712986308989,18.9875,0.7829801036770625,14.0,Low
2016-11-22,422.0,0.0,4.7,0.0,3.87,0.0,21.51956038362641,10.7125,0.7935716089521472,-8.0,Low
2016-11-23,369.0,0.0,3.91,0.0,3.17,0.0,18.291626326082444,8.85,0.8039279618328208,-53.0,Low
2016-11-24,309.0,0.0,5.97,0.2,4.33,0.1,15.647882377170076,12.875,0.8140460935082175,-60.0,Low
2016-11-25,274.0,0.0,5.8,0.4,3.43,0.2,13.500700020594564,11.5375,0.8239230057575536,-35.0,Low
2016-11-26,256.0,1.0,7.15,4.1,6.62,2.55,14.025595017505378,17.2125,0.8335557718385695,-18.0,Medium
2016-11-27,244.0,9.7,2.62,2.8,1.6,6.25,18.17175576487957,5.275,0.8429415373547832,-12.0,High
2016-11-28,251.0,0.3,0.11,1.3,-1.18,0.8,16.245992400147635,0.0,0.8520775211013093,7.0,Medium
2016-11-29,261.0,1.8,1.77,2.4,-0.09,2.1,15.90909354012549,2.1,0.8609610158889945,10.0,Medium
2016-11-30,260.0,3.0,5.48,4.7,3.75,3.85,17.372729509106666,11.5375,0.8695893893466109,-1.0,Medium
2016-12-01,274.0,0.0,3.37,0.0,1.1,0.0,14.766820082740663,5.5875,0.8779600847008883,14.0,Low
2016-12-02,288.0,5.5,1.18,1.0,0.01,3.25,15.801797070329563,1.4874999999999998,0.8860706215341377,14.0,Medium
2016-12-03,279.0,4.7,-0.78,4.0,-2.88,4.35,17.78152750978013,0.0,0.893918596519257,-9.0,High
2016-12-04,260.0,0.5,-0.89,3.5,-5.89,2.0,17.11429838331311,0.0,0.9015016841318838,-19.0,Medium
2016-12-05,247.0,0.3,5.52,1.0,4.96,0.65,15.197153625816142,13.1,0.9088176373395028,-13.0,Low
2016-12-06,244.0,0.2,0.32,0.3,-1.09,0.25,13.16758058194372,0.0,0.9158642882672868,-3.0,Low
2016-12-07,251.0,4.1,2.12,3.5,-1.31,3.8,14.99244349465216,1.0125000000000002,0.9226395488404876,7.0,Medium
2016-12-08,261.0,8.0,6.97,11.9,6.72,9.95,22.693576970454338,17.1125,0.9291414114031744,10.0,High
2016-12-09,329.0,0.0,6.35,0.0,6.18,0.0,19.289540424886187,15.6625,0.935367949313148,68.0,Low
2016-12-10,356.0,6.6,3.7,5.0,3.12,5.8,22.19610936115326,8.525,0.941317317512847,27.0,High
2016-12-11,347.0,9.0,-0.62,9.7,-1.09,9.35,28.216692956980268,0.0,0.946987753076075,-9.0,High
2016-12-12,355.0,0.0,-2.27,0.0,-4.19,0.0,23.984189013433227,0.0,0.9523775757303972,8.0,Low
2016-12-13,338.0,6.1,3.35,11.1,1.79,8.6,28.986560661418245,6.425000000000001,0.9574851883550388,-17.0,High
2016-12-14,332.0,1.4,2.7,2.6,2.13,2.0,26.638576562205508,6.0375,0.9623090774541488,-6.0,Medium
2016-12-15,395.0,0.0,0.81,0.0,0.06,0.0,22.64279007787468,1.0875,0.9668478136052772,63.0,Low
2016-12-16,402.0,0.0,3.83,0.0,3.0,0.0,19.24637156619348,8.5375,0.9711000518829505,7.0,Low
2016-12-17,361.0,0.2,2.77,1.0,1.87,0.6,16.95941583126446,5.800000000000001,0.9750645322571944,-41.0,Low
2016-12-18,319.0,0.8,3.9,0.9,3.7,0.8500000000000001,15.265503456574791,9.5,0.9787400799669153,-42.0,Medium
2016-12-19,298.0,0.0,4.69,0.0,4.48,0.0,12.975677938088571,11.462500000000002,0.9821256058680006,-21.0,Low
2016-12-20,283.0,0.4,4.27,0.0,3.9,0.2,11.229326247375283,10.2125,0.9852201067560606,-15.0,Low
2016-12-21,269.0,0.0,3.04,0.0,2.03,0.0,9.544927310268992,6.3375,0.9880226656636976,-14.0,Low
2016-12-22,251.0,1.4,3.1,1.6,1.33,1.5,9.613188213728645,5.5375,0.9905324521322229,-18.0,Medium
2016-12-23,241.0,4.5,4.94,9.0,4.43,6.75,14.921209981669346,11.712500000000002,0.9927487224577402,-10.0,High
2016-12-24,248.0,2.4,4.81,6.3,3.65,4.35,17.033028484418942,10.575,0.9946708199115212,7.0,High
2016-12-25,286.0,9.1,4.77,15.2,3.54,12.15,26.6280742117561,10.3875,0.9962981749346076,38.0,High
2016-12-26,377.0,1.7,6.22,8.1,6.07,4.9,27.533863079992685,15.3625,0.9976303053065856,91.0,High
2016-12-27,434.0,10.5,4.23,11.9,3.11,11.2,34.603783617993784,9.175,0.998666816288476,57.0,High
2016-12-28,479.0,0.7,2.82,0.0,1.32,0.35,29.76321607529472,5.175,0.9994074007397048,45.0,Low
2016-12-29,506.0,0.0,3.6,0.3,1.24,0.15,25.448733664000507,6.05,0.9998518392091162,27.0,Low
2016-12-30,509.0,0.0,4.95,0.0,4.38,0.0,21.63142361440043,11.6625,1.0,3.0,Low
2016-12-31,451.0,1.3,5.23,7.3,4.98,4.3,22.686710072240366,12.7625,0.9998518392091162,-58.0,High
2017-01-01,379.0,6.5,5.38,15.2,5.18,10.85,30.13370356140431,13.2,0.9998518392091162,-72.0,High
2017-01-02,409.0,3.3,2.2,1.8,1.05,2.55,28.163648027193663,4.0625,0.9994074007397048,30.0,Medium
2017-01-03,466.0,7.5,1.03,8.1,-1.33,7.8,31.73910082311461,0.0,0.998666816288476,57.0,High
2017-01-04,486.0,8.6,-0.51,9.0,-1.53,8.8,35.778235699647425,0.0,0.9976303053065856,20.0,High
2017-01-05,438.0,0.0,-9.8,0.0,-10.93,0.0,30.41150034470031,0.0,0.9962981749346078,-48.0,Low
2017-01-06,357.0,0.0,-13.65,0.0,-17.06,0.0,25.849775292995265,0.0,0.9946708199115212,-81.0,Low
2017-01-07,341.0,0.7,-6.95,0.8,-11.27,0.75,22.72230899904597,0.0,0.9927487224577402,-16.0,Medium
2017-01-08,348.0,0.0,-3.59,0.0,-8.23,0.0,19.31396264918908,0.0,0.9905324521322229,7.0,Low
2017-01-09,354.0,7.5,0.31,1.4,-3.95,4.45,20.866868251810715,0.0,0.9880226656636976,6.0,High
2017-01-10,344.0,0.0,-5.53,0.0,-7.7,0.0,17.736838014039108,0.0,0.9852201067560606,-10.0,Low
2017-01-11,324.0,0.0,-5.91,0.0,-8.04,0.0,15.076312311933242,0.0,0.9821256058680006,-20.0,Low
2017-01-12,323.0,6.8,-0.12,8.5,-1.95,7.65,20.46486546514325,0.0,0.9787400799669153,-1.0,High
2017-01-13,335.0,5.6,0.73,4.4,-0.13,5.0,22.395135645371766,0.75,0.9750645322571948,12.0,High
2017-01-14,326.0,0.5,-1.21,0.0,-2.2,0.25,19.285865298566,0.0,0.9711000518829505,-9.0,Low
2017-01-15,314.0,7.1,-1.39,0.8,-2.85,3.95,20.3429855037811,0.0,0.9668478136052776,-12.0,Medium
2017-01-16,296.0,0.0,-2.81,0.0,-2.88,0.0,17.291537678213935,0.0,0.9623090774541486,-18.0,Low
2017-01-17,271.0,0.0,-4.5,0.0,-6.23,0.0,14.697807026481843,0.0,0.9574851883550392,-25.0,Low
2017-01-18,260.0,4.6,0.89,13.2,-1.42,8.899999999999999,21.393135972509565,0.0,0.9523775757303974,-11.0,High
2017-01-19,265.0,6.3,3.07,11.7,2.1,9.0,27.18416557663313,6.4625,0.9469877530760752,5.0,High
2017-01-20,348.0,0.0,3.16,0.6,2.66,0.3,23.40654074013816,7.275,0.9413173175128472,83.0,Low
2017-01-21,448.0,0.0,2.44,0.0,1.23,0.0,19.89555962911744,4.5875,0.9353679493131484,100.0,Low
2017-01-22,477.0,0.3,1.5,1.2,0.94,0.75,17.66122568474982,3.05,0.9291414114031744,29.0,Medium
2017-01-23,470.0,0.0,1.99,0.4,1.3,0.2,15.212041832037343,4.1125,0.9226395488404876,-7.0,Low
2017-01-24,455.0,0.0,2.45,0.0,2.13,0.0,12.930235557231743,5.725,0.9158642882672872,-15.0,Low
2017-01-25,435.0,0.0,-0.04,0.2,-1.11,0.1,11.090700223646982,0.0,0.9088176373395028,-20.0,Low
2017-01-26,402.0,0.2,1.56,0.0,0.1,0.1,9.527095190099931,2.075,0.901501684131884,-33.0,Low
2017-01-27,350.0,0.0,2.03,0.0,1.37,0.0,8.098030911584942,4.25,0.893918596519257,-52.0,Low
2017-01-28,312.0,0.0,0.74,0.0,0.01,0.0,6.8833262748472,0.9375,0.886070621534138,-38.0,Low
2017-01-29,290.0,0.0,-0.37,0.0,-1.11,0.0,5.85082733362012,0.0,0.8779600847008882,-22.0,Low
2017-01-30,275.0,0.5,-1.08,0.6,-1.43,0.55,5.523203233577101,0.0,0.869589389346611,-15.0,Low
2017-01-31,260.0,0.0,-2.89,0.0,-3.28,0.0,4.694722748540536,0.0,0.8609610158889943,-15.0,Low
2017-02-01,244.0,0.0,-3.78,0.0,-4.37,0.0,3.990514336259456,0.0,0.8520775211013093,-16.0,Low
2017-02-02,230.0,0.0,-1.05,0.0,-1.68,0.0,3.391937185820537,0.0,0.8429415373547828,-14.0,Low
2017-02-03,220.0,0.0,-0.67,0.0,-1.25,0.0,2.8831466079474564,0.0,0.8335557718385699,-10.0,Low
2017-02-04,213.0,0.0,-1.12,0.0,-1.67,0.0,2.4506746167553377,0.0,0.8239230057575542,-7.0,Low
2017-02-05,204.0,0.0,-0.95,0.0,-1.44,0.0,2.083073424242037,0.0,0.8140460935082178,-9.0,Low
2017-02-06,196.0,0.0,-3.92,0.2,-4.77,0.1,1.8706124106057316,0.0,0.8039279618328213,-8.0,Low
2017-02-07,184.0,0.0,-8.06,0.0,-8.98,0.0,1.5900205490148716,0.0,0.7935716089521474,-12.0,Low
2017-02-08,185.0,0.0,-7.96,0.0,-8.86,0.0,1.3515174666626408,0.0,0.7829801036770629,1.0,Low
2017-02-09,206.0,0.2,-4.88,0.0,-5.3,0.1,1.2487898466632448,0.0,0.7721565844991642,21.0,Low
2017-02-10,207.0,0.0,-2.78,0.0,-4.04,0.0,1.061471369663758,0.0,0.7611042586607747,1.0,Low
2017-02-11,196.0,0.0,-3.55,0.0,-4.2,0.0,0.9022506642141944,0.0,0.7498264012045686,-11.0,Low
2017-02-12,186.0,0.0,-5.7,0.0,-5.5,0.0,0.7669130645820651,0.0,0.7383263540031065,-10.0,Low
2017-02-13,179.0,0.0,-2.51,0.0,-3.82,0.0,0.6518761048947553,0.0,0.7266075247685656,-7.0,Low
2017-02-14,169.0,0.0,1.67,0.2,0.87,0.1,0.654094689160542,3.175,0.7146733860429609,-10.0,Low
2017-02-15,164.0,0.0,0.13,0.0,-0.87,0.0,0.5559804857864608,0.0,0.702527474169157,-5.0,Low
2017-02-16,164.0,0.2,1.25,0.0,0.73,0.1,0.5725834129184917,2.475,0.6901733882429719,0.0,Low
2017-02-17,156.0,0.5,2.67,2.5,2.47,1.5,1.986695900980718,6.425000000000001,0.6776147890466889,-8.0,Medium
2017-02-18,154.0,0.0,1.65,0.2,1.19,0.1,1.7886915158336103,3.55,0.6648553979642865,-2.0,Low
2017-02-19,160.0,1.9,2.93,7.1,2.36,4.5,6.020387788458569,6.6125,0.6518989958787126,6.0,High
2017-02-20,181.0,12.7,3.67,21.4,3.63,17.049999999999997,22.167329620189783,9.125,0.6387494220515272,21.0,High
2017-02-21,320.0,4.8,2.91,10.0,2.99,7.4,26.24223017716132,7.375,0.6254105729852463,139.0,High
2017-02-22,467.0,7.1,0.9,9.5,0.26,8.3,30.60589565058712,1.4500000000000002,0.6118864012687243,147.0,High
2017-02-23,512.0,5.8,2.59,6.2,2.29,6.0,32.01501130299905,6.1,0.5981809144059164,45.0,High
2017-02-24,536.0,7.7,0.13,4.5,-0.69,6.1,33.31275960754919,0.0,0.5842981736283683,24.0,High
2017-02-25,542.0,0.0,1.37,0.2,-0.37,0.1,28.41584566641681,1.25,0.5702422926917871,6.0,Low
2017-02-26,529.0,5.1,2.69,10.3,1.92,7.7,31.85346881645429,5.762499999999999,0.5560174366570446,-13.0,High
2017-02-27,481.0,0.8,4.07,2.2,4.58,1.5,28.575448493986144,10.8125,0.5416278206559814,-48.0,Medium
2017-02-28,481.0,4.6,5.13,3.8,5.31,4.199999999999999,28.489131219888225,13.05,0.5270777086423722,0.0,High
2017-03-01,497.0,2.8,3.26,5.0,3.06,3.9,28.115761536904987,7.9,0.5123714121284237,16.0,Medium
2017-03-02,504.0,1.2,2.89,1.2,2.36,1.2,25.09839730636924,6.5625,0.4975132889071806,7.0,Medium
2017-03-03,498.0,1.5,3.24,2.8,2.96,2.15,23.48363771041385,7.75,0.4825077417612184,-6.0,Medium
2017-03-04,465.0,0.0,4.68,0.0,3.96,0.0,19.96109205385177,10.8,0.4673592171580022,-33.0,Low
2017-03-05,409.0,2.2,3.82,3.0,2.98,2.6,19.566928245774008,8.5,0.4520722039323043,-56.0,Medium
2017-03-06,363.0,8.3,-0.8,3.6,-1.36,5.95,22.581889008907904,0.0,0.436651231956064,-46.0,High
2017-03-07,339.0,2.5,0.08,1.6,-0.41,2.05,21.24460565757172,0.0,0.4211008707960896,-24.0,Medium
2017-03-08,315.0,0.0,1.68,1.0,0.82,0.5,18.55791480893596,3.125,0.4054257283599973,-24.0,Low
2017-03-09,294.0,0.0,2.66,0.0,1.64,0.0,15.774227587595565,5.375,0.3896304495307879,-21.0,Low
2017-03-10,284.0,0.0,2.48,0.3,1.7,0.15,13.55809344945623,5.225,0.373719714790469,-10.0,Low
2017-03-11,287.0,0.0,2.46,0.3,2.61,0.15,11.674379432037796,6.3375,0.3576982388331254,3.0,Low
2017-03-12,297.0,0.0,0.81,0.0,0.81,0.0,9.923222517232126,2.0250000000000004,0.3415707691678556,10.0,Low
2017-03-13,300.0,0.0,-0.66,0.0,-0.24,0.0,8.434739139647307,0.0,0.3253420847119801,3.0,Low
2017-03-14,286.0,0.0,1.58,0.0,2.13,0.0,7.169528268700211,4.6375,0.3090169943749474,-14.0,Low
2017-03-15,272.0,0.2,4.58,1.1,4.79,0.65,6.74409902839518,11.712500000000002,0.2926003356333483,-14.0,Low
2017-03-16,262.0,0.0,3.87,0.0,3.84,0.0,5.732484174135903,9.6375,0.2760969730974688,-10.0,Low
2017-03-17,257.0,1.9,3.97,3.7,3.69,2.8,7.672611548015517,9.575,0.2595117970697999,-5.0,Medium
2017-03-18,252.0,7.2,3.56,7.3,3.29,7.25,13.771719815813189,8.5625,0.2428497220959356,-5.0,High
2017-03-19,263.0,3.8,3.2,1.6,3.38,2.7,14.405961843441212,8.225,0.2261156855082882,11.0,Medium
2017-03-20,294.0,0.0,3.22,0.0,2.75,0.0,12.24506756692503,7.4625,0.2093146459630484,31.0,Low
2017-03-21,302.0,3.5,5.26,5.0,5.43,4.25,14.658307431886277,13.3625,0.1924515819708299,8.0,High
2017-03-22,295.0,0.5,4.91,0.4,4.29,0.45,12.909561317103332,11.5,0.1755314904214282,-7.0,Low
2017-03-23,282.0,0.0,4.46,0.0,4.5,0.0,10.973127119537832,11.2,0.1585593851031347,-13.0,Low
2017-03-24,264.0,0.0,3.85,0.0,3.23,0.0,9.327158051607157,8.85,0.141540295217043,-18.0,Low
2017-03-25,248.0,0.0,4.19,0.0,3.07,0.0,7.928084343866083,9.075,0.1244792638867891,-16.0,Low
2017-03-26,237.0,0.0,3.74,0.0,3.62,0.0,6.73887169228617,9.2,0.107381346664163,-11.0,Low
2017-03-27,226.0,0.0,5.29,0.0,5.52,0.0,5.728040938443245,13.5125,0.0902516100310411,-11.0,Low
2017-03-28,215.0,0.0,4.69,0.0,4.81,0.0,4.868834797676758,11.875,0.0730951298980777,-11.0,Low
2017-03-29,207.0,0.0,3.07,0.0,2.21,0.0,4.1385095780252446,6.6,0.0559169901006034,-8.0,Low
2017-03-30,201.0,4.0,3.66,3.4,3.38,3.7,7.217733141321458,8.8,0.0387222808921744,-6.0,Medium
2017-03-31,199.0,3.3,6.02,5.5,6.92,4.4,10.53507317012324,16.175,0.0215160974362222,-2.0,High
2017-04-01,198.0,0.2,9.52,1.7,10.75,0.95,9.904812194604752,25.3375,0.0043035382962442,-1.0,Medium
2017-04-02,197.0,1.5,7.62,0.3,10.73,0.9,9.31909036541404,22.9375,-0.0129102960750088,-1.0,Medium
2017-04-03,194.0,0.3,6.57,0.0,9.18,0.15,8.071226810601935,19.6875,-0.0301203048469081,-3.0,Low
2017-04-04,189.0,0.0,4.63,0.0,6.77,0.0,6.860542789011645,14.249999999999998,-0.0473213883224318,-5.0,Low
2017-04-05,184.0,0.9,4.77,0.9,4.41,0.9,6.731461370659899,11.475,-0.0645084494493162,-5.0,Medium
2017-04-06,181.0,1.4,5.15,0.8,5.13,1.1,6.821742165060915,12.85,-0.0816763953304224,-3.0,Medium
2017-04-07,180.0,0.0,3.72,0.0,3.83,0.0,5.798480840301777,9.4375,-0.0988201387328714,-1.0,Low
2017-04-08,179.0,0.0,5.32,0.0,5.25,0.0,4.92870871425651,13.2125,-0.1159345995955004,-1.0,Low
2017-04-09,179.0,0.0,6.72,0.0,6.35,0.0,4.189402407118034,16.3375,-0.1330147065341959,0.0,Low
2017-04-10,175.0,0.0,8.19,0.0,9.2,0.0,3.5609920460503286,21.7375,-0.1500553983446526,-4.0,Low
2017-04-11,175.0,0.0,5.76,1.0,4.62,0.5,3.5268432391427798,12.974999999999998,-0.1670516255021192,0.0,Low
2017-04-12,175.0,6.6,5.4,10.2,4.21,8.399999999999999,11.39781675327136,12.0125,-0.18399835165768,0.0,High
2017-04-13,177.0,0.3,4.13,0.2,3.83,0.25,9.938144240280655,9.95,-0.200890555130635,2.0,Low
2017-04-14,194.0,0.0,2.82,0.0,2.1,0.0,8.447422604238557,6.15,-0.2177232303965317,17.0,Low
2017-04-15,202.0,0.5,3.13,0.3,2.82,0.4,7.580309213602774,7.437499999999999,-0.2344913895704098,8.0,Low
2017-04-16,195.0,1.7,0.95,1.0,0.32,1.35,7.793262831562359,1.5875,-0.2511900638848193,-7.0,Medium
2017-04-17,194.0,0.0,1.05,0.0,0.4,0.0,6.624273406828005,1.8125,-0.2678143051621742,-1.0,Low
2017-04-18,185.0,0.0,2.14,0.0,1.48,0.0,5.630632395803804,4.525,-0.2843591872810034,-9.0,Low
2017-04-19,177.0,0.0,1.88,0.0,1.22,0.0,4.786037536433233,3.875,-0.3008198076356673,-8.0,Low
2017-04-20,174.0,0.0,3.15,0.0,2.31,0.0,4.068131905968248,6.825,-0.3171912885891061,-3.0,Low
2017-04-21,179.0,0.9,6.1,2.8,5.68,1.85,5.307912120073011,14.725,-0.3334687789181868,5.0,Medium
2017-04-22,175.0,0.3,5.35,1.0,4.34,0.65,5.16172530206206,12.1125,-0.3496474552512284,-4.0,Low
2017-04-23,170.0,0.0,5.57,0.0,4.34,0.0,4.387466506752751,12.3875,-0.3657225234972689,-5.0,Low
2017-04-24,171.0,4.6,5.94,12.2,4.78,8.399999999999999,12.129346530739836,13.4,-0.3816892202666588,1.0,High
2017-04-25,173.0,8.6,4.02,14.5,3.24,11.55,21.859944551128866,9.075,-0.3975428142825559,2.0,High
2017-04-26,200.0,0.0,5.47,0.0,4.11,0.0,18.580952868459534,11.975,-0.4132786077829042,27.0,Low
2017-04-27,229.0,0.0,5.6,0.0,4.13,0.0,15.793809938190604,12.1625,-0.4288919379124835,29.0,Low
2017-04-28,227.0,0.0,6.29,0.0,5.34,0.0,13.424738447462014,14.537499999999998,-0.4443781781046132,-2.0,Low
2017-04-29,214.0,4.9,4.37,6.8,3.62,5.85,17.26102768034271,9.9875,-0.4597327394521039,-13.0,High
2017-04-30,215.0,0.0,4.89,0.0,4.22,0.0,14.671873528291304,11.3875,-0.4749510720670499,1.0,Low
2017-05-01,227.0,0.0,7.3,0.0,6.4,0.0,12.471092499047607,17.125,-0.4900286664290592,12.0,Low
2017-05-02,222.0,0.0,10.47,0.0,9.04,0.0,10.600428624190464,24.3875,-0.5049610547215204,-5.0,Low
2017-05-03,205.0,0.0,9.88,0.0,10.29,0.0,9.010364330561895,25.2125,-0.5197438121555155,-17.0,Low
2017-05-04,190.0,0.0,12.7,0.0,12.05,0.0,7.658809680977611,30.9375,-0.5343725582809787,-15.0,Low
2017-05-05,178.0,0.0,13.78,0.0,14.29,0.0,6.509988228830969,35.0875,-0.548842958284719,-12.0,Low
2017-05-06,169.0,0.0,11.33,0.0,13.97,0.0,5.533489994506324,31.625,-0.5631507242749186,-9.0,Low
2017-05-07,162.0,0.0,9.28,0.0,11.99,0.0,4.703466495330376,26.5875,-0.5772916165517272,-7.0,Low
2017-05-08,157.0,0.0,6.03,2.4,5.52,1.2,5.197946521030819,14.4375,-0.5912614448635781,-5.0,Medium
2017-05-09,158.0,1.5,2.82,1.7,2.07,1.6,6.018254542876196,6.1125,-0.6050560696488488,1.0,Medium
2017-05-10,160.0,0.0,3.19,0.0,2.24,0.0,5.115516361444767,6.7875,-0.6186714032625031,2.0,Low
2017-05-11,157.0,0.0,3.9,0.0,3.78,0.0,4.348188907228052,9.6,-0.6321034111873487,-3.0,Low
2017-05-12,153.0,0.0,8.67,0.0,8.53,0.0,3.695960571143844,21.5,-0.6453481132295501,-4.0,Low
2017-05-13,148.0,0.0,12.84,0.0,12.2,0.0,3.141566485472268,31.3,-0.6584015846980488,-5.0,Low
2017-05-14,144.0,0.0,14.65,0.0,15.14,0.0,2.670331512651427,37.2375,-0.6712599575675313,-4.0,Low
2017-05-15,141.0,2.1,10.4,1.1,11.53,1.6,3.869781785753713,27.4125,-0.6839194216246106,-3.0,Medium
2017-05-16,138.0,0.0,9.54,0.0,11.83,0.0,3.289314517890656,26.7125,-0.6963762255968722,-3.0,Low
2017-05-17,137.0,0.0,13.68,0.0,13.67,0.0,2.7959173402070574,34.1875,-0.7086266782644596,-1.0,Low
2017-05-18,133.0,0.0,16.56,0.0,17.74,0.0,2.3765297391759987,42.875,-0.7206671495538609,-4.0,Low
2017-05-19,131.0,0.0,19.38,0.0,19.91,0.0,2.020050278299599,49.1125,-0.7324940716135789,-2.0,Low
2017-05-20,129.0,0.0,17.85,0.0,19.88,0.0,1.717042736554659,47.16250000000001,-0.7441039398713607,-2.0,Low
2017-05-21,127.0,0.0,11.82,0.0,15.18,0.0,1.45948632607146,33.75,-0.7554933140726803,-2.0,Low
2017-05-22,123.0,0.0,11.1,0.0,12.74,0.0,1.2405633771607412,29.8,-0.766658819300159,-4.0,Low
2017-05-23,126.0,0.0,11.54,0.0,11.43,0.0,1.05447887058663,28.7125,-0.777597146973627,3.0,Low
2017-05-24,125.0,0.0,12.18,0.0,12.72,0.0,0.8963070399986354,31.125,-0.7883050558305255,-1.0,Low
2017-05-25,123.0,0.0,11.82,0.0,11.57,0.0,0.7618609839988401,29.2375,-0.7987793728863649,-2.0,Low
2017-05-26,120.0,0.5,12.6,0.3,13.56,0.4,1.047581836399014,32.7,-0.8090169943749473,-3.0,Low
2017-05-27,126.0,0.0,12.9,0.0,13.72,0.0,0.890444560939162,33.275,-0.8190148866680801,6.0,Low
2017-05-28,125.0,0.0,16.95,0.0,18.76,0.0,0.7568778767982877,44.6375,-0.8287700871745037,-1.0,Low
2017-05-29,122.0,0.0,13.9,0.0,14.94,0.0,0.6433461952785445,36.05,-0.8382797052177743,-3.0,Low
2017-05-30,116.0,0.0,12.72,0.0,13.95,0.0,0.5468442659867628,33.337500000000006,-0.8475409228928311,-6.0,Low
2017-05-31,129.0,0.5,13.84,1.9,13.28,1.2,1.6648176260887484,33.9,-0.8565509959010036,13.0,Medium
2017-06-01,129.0,3.2,11.83,4.6,11.46,3.9,5.315094982175436,29.1125,-0.865307254363206,0.0,Medium
2017-06-02,122.0,0.0,10.63,0.0,9.46,0.0,4.517830734849121,25.112500000000004,-0.8738071036110808,-7.0,Low
2017-06-03,127.0,0.0,9.83,0.0,9.74,0.0,3.840156124621753,24.4625,-0.8820480249558537,5.0,Low
2017-06-04,123.0,7.8,14.7,10.0,14.35,8.9,12.164132705928491,36.3125,-0.8900275764346767,-4.0,High
2017-06-05,131.0,0.1,13.12,0.8,12.28,0.45,10.789512800039216,31.75,-0.8977433935342337,8.0,Low
2017-06-06,125.0,0.0,18.33,0.0,16.72,0.0,9.171085880033337,43.8125,-0.9051931898913974,-6.0,Low
2017-06-07,120.0,7.1,15.22,8.5,15.33,7.8,15.595422998028331,38.1875,-0.9123747579707272,-5.0,High
2017-06-08,125.0,0.0,14.8,0.0,13.42,0.0,13.256109548324083,35.275,-0.9192859697186104,5.0,Low
2017-06-09,125.0,0.0,15.92,0.0,15.58,0.0,11.26769311607547,39.375,-0.9259247771938498,0.0,Low
2017-06-10,120.0,0.0,16.8,0.0,17.3,0.0,9.57753914866415,42.625,-0.9322892131745132,-5.0,Low
2017-06-11,118.0,0.0,15.65,0.2,15.83,0.1,8.240908276364527,39.35,-0.938377391740864,-2.0,Low
2017-06-12,121.0,3.2,15.93,3.8,15.4,3.5,10.504772034909848,39.1625,-0.9441875088341992,3.0,Medium
2017-06-13,134.0,1.1,13.78,2.5,12.87,1.8,10.729056229673372,33.3125,-0.9497178427914316,13.0,Medium
2017-06-14,128.0,0.0,14.51,0.0,14.44,0.0,9.119697795222368,36.1875,-0.9549667548552552,-6.0,Low
2017-06-15,128.0,0.0,15.15,0.0,14.75,0.0,7.7517431259390115,37.375,-0.9599326896597448,0.0,Low
2017-06-16,124.0,15.2,15.87,9.4,14.89,12.3,18.88898165704816,38.45,-0.9646141756912436,-4.0,High
2017-06-17,130.0,0.0,15.46,0.0,16.09,0.0,16.055634408490935,39.4375,-0.9690098257244062,6.0,Low
2017-06-18,134.0,0.0,14.23,0.0,14.53,0.0,13.647289247217294,35.95,-0.973118337233262,4.0,Low
2017-06-19,132.0,0.0,17.12,0.0,17.63,0.0,11.6001958601347,43.4375,-0.9769384927771816,-2.0,Low
2017-06-20,132.0,0.0,17.02,0.0,16.14,0.0,9.860166481114495,41.45,-0.980469160361632,0.0,Low
2017-06-21,133.0,0.0,16.04,0.0,13.64,0.0,8.381141508947321,37.1,-0.9837092937736096,1.0,Low
2017-06-22,133.0,0.0,14.91,0.0,13.93,0.0,7.123970282605223,36.05,-0.986657932891657,0.0,Low
2017-06-23,125.0,0.0,16.73,0.0,16.36,0.0,6.05537474021444,41.3625,-0.9893142039703664,-8.0,Low
2017-06-24,132.0,0.2,15.34,0.3,14.22,0.25,5.397068529182273,36.95,-0.99167731989929,7.0,Low
2017-06-25,133.0,1.6,15.68,1.7,15.19,1.65,6.237508249804932,38.5875,-0.993746580436178,1.0,Medium
2017-06-26,136.0,0.4,15.38,0.0,14.33,0.2,5.5018820123341925,37.1375,-0.9955213724144752,3.0,Low
2017-06-27,132.0,0.0,14.13,0.0,12.93,0.0,4.676599710484063,33.825,-0.9970011699250152,-4.0,Low
2017-06-28,130.0,0.0,17.38,0.0,15.88,0.0,3.9751097539114535,41.575,-0.9981855344718586,-2.0,Low
2017-06-29,126.0,1.6,18.55,4.1,18.01,2.85,6.228843290824734,45.7,-0.99907411510223,-4.0,Medium
2017-06-30,135.0,3.1,17.96,9.8,17.26,6.45,11.744516797201024,44.025,-0.9996666485105112,9.0,High
2017-07-01,154.0,12.0,15.18,26.6,14.61,19.3,29.282839277620877,37.2375,-0.9999629591162656,19.0,High
2017-07-02,146.0,1.5,14.89,3.1,14.23,2.3,27.19041338597774,36.4,-0.9999629591162656,-8.0,Medium
2017-07-03,152.0,0.0,15.02,0.0,14.13,0.0,23.11185137808108,36.4375,-0.9996666485105112,6.0,Low
2017-07-04,152.0,3.3,14.72,2.5,13.62,2.9,22.54507367136892,35.425,-0.99907411510223,0.0,Medium
2017-07-05,149.0,0.0,15.61,0.0,13.9,0.0,19.16331262066358,36.8875,-0.9981855344718586,-3.0,Low
2017-07-06,147.0,0.0,15.65,0.0,13.53,0.0,16.288815727564042,36.475,-0.9970011699250152,-2.0,Low
2017-07-07,148.0,0.0,15.78,0.0,15.05,0.0,13.845493368429436,38.5375,-0.9955213724144752,1.0,Low
2017-07-08,141.0,2.0,15.9,0.0,15.57,1.0,12.76866936316502,39.3375,-0.993746580436178,-7.0,Medium
2017-07-09,143.0,0.0,16.07,0.0,15.56,0.0,10.853368958690268,39.5375,-0.99167731989929,2.0,Low
2017-07-10,141.0,8.0,18.36,0.6,17.54,4.3,13.525363614886729,44.875,-0.9893142039703664,-2.0,High
2017-07-11,139.0,0.7,17.07,1.2,16.94,0.95,12.446559072653718,42.5125,-0.9866579328916572,-2.0,Medium
2017-07-12,140.0,4.6,17.41,0.0,16.91,2.3,12.87957521175566,42.9,-0.9837092937736098,1.0,Medium
2017-07-13,145.0,17.7,15.41,36.8,14.39,27.25,38.19763892999231,37.25,-0.980469160361632,5.0,High
2017-07-14,152.0,0.0,15.68,0.0,13.68,0.0,32.46799309049346,36.7,-0.9769384927771816,7.0,Low
2017-07-15,154.0,0.0,15.07,0.0,14.09,0.0,27.59779412691944,36.45,-0.973118337233262,2.0,Low
2017-07-16,150.0,0.0,16.55,0.0,15.59,0.0,23.458125007881524,40.175,-0.9690098257244064,-4.0,Low
2017-07-17,153.0,1.4,16.88,3.5,15.4,2.45,22.389406256699296,40.35,-0.9646141756912436,3.0,Medium
2017-07-18,154.0,0.0,16.88,0.2,15.33,0.1,19.1309953181944,40.2625,-0.9599326896597444,1.0,Low
2017-07-19,145.0,0.0,16.92,0.0,15.82,0.0,16.26134602046524,40.925,-0.9549667548552552,-9.0,Low
2017-07-20,142.0,0.0,17.42,0.0,16.15,0.0,13.822144117395451,41.9625,-0.9497178427914316,-3.0,Low
2017-07-21,140.0,0.0,16.62,0.0,15.95,0.0,11.748822499786137,40.7125,-0.9441875088341994,-2.0,Low
2017-07-22,137.0,0.0,17.54,0.0,17.17,0.0,9.986499124818216,43.3875,-0.9383773917408642,-3.0,Low
2017-07-23,135.0,0.0,18.87,0.0,17.6,0.0,8.488524256095483,45.5875,-0.9322892131745134,-2.0,Low
2017-07-24,133.0,0.0,18.7,0.8,17.6,0.4,7.61524561768116,45.375,-0.92592477719385,-2.0,Low
2017-07-25,131.0,0.0,20.25,0.0,19.24,0.0,6.472958775028986,49.3625,-0.9192859697186104,-2.0,Low
2017-07-26,131.0,0.5,19.62,5.7,18.53,3.1,8.602014958774639,47.68750000000001,-0.9123747579707274,0.0,Medium
2017-07-27,140.0,5.8,17.73,6.3,17.82,6.05,13.361712714958443,44.4375,-0.9051931898913976,9.0,High
2017-07-28,135.0,0.3,18.12,2.3,17.19,1.2999999999999998,12.657455807714676,44.1375,-0.8977433935342336,-5.0,Medium
2017-07-29,129.0,0.0,18.35,0.0,16.4,0.0,10.758837436557474,43.4375,-0.8900275764346766,-6.0,Low
2017-07-30,127.0,0.0,21.53,0.0,20.41,0.0,9.145011821073853,52.425,-0.8820480249558535,-2.0,Low
2017-07-31,126.0,11.5,18.88,14.4,18.27,12.95,20.72326004791277,46.4375,-0.8738071036110807,-1.0,High
2017-08-01,126.0,5.8,19.59,6.5,17.89,6.15,23.76477104072585,46.85000000000001,-0.8653072543632061,0.0,High
2017-08-02,131.0,18.1,19.21,9.5,18.43,13.8,34.00005538461698,47.05,-0.8565509959010037,5.0,High
2017-08-03,132.0,3.6,19.03,3.8,17.04,3.7,32.60004707692443,45.0875,-0.8475409228928312,1.0,Medium
2017-08-04,139.0,0.3,19.33,0.2,18.45,0.25,27.96004001538577,47.225,-0.8382797052177745,7.0,Low
2017-08-05,143.0,2.3,18.55,2.0,17.37,2.15,25.9160340130779,44.900000000000006,-0.828770087174504,4.0,Medium
2017-08-06,141.0,2.0,18.01,0.7,16.77,1.35,23.378628911116216,43.475,-0.8190148866680802,-2.0,Medium
2017-08-07,143.0,0.0,17.72,0.0,15.79,0.0,19.871834574448783,41.8875,-0.8090169943749472,2.0,Low
2017-08-08,140.0,0.0,18.15,0.0,15.93,0.0,16.891059388281466,42.6,-0.7987793728863648,-3.0,Low
2017-08-09,135.0,0.0,20.61,0.0,19.35,0.0,14.357400480039246,49.95,-0.7883050558305253,-5.0,Low
2017-08-10,129.0,0.0,19.6,0.0,19.49,0.0,12.203790408033358,48.8625,-0.7775971469736268,-6.0,Low
2017-08-11,127.0,0.0,20.54,0.0,20.19,0.0,10.373221846828354,50.91250000000001,-0.7666588193001592,-2.0,Low
2017-08-12,131.0,0.5,20.15,1.7,19.87,1.1,9.9172385698041,50.02499999999999,-0.7554933140726804,4.0,Medium
2017-08-13,133.0,0.4,18.0,1.0,16.31,0.7,9.129652784333484,42.8875,-0.7441039398713608,2.0,Low
2017-08-14,130.0,0.0,16.62,0.0,15.23,0.0,7.760204866683461,39.8125,-0.7324940716135792,-3.0,Low
2017-08-15,129.0,0.0,17.07,0.0,15.49,0.0,6.596174136680942,40.7,-0.7206671495538615,-1.0,Low
2017-08-16,127.0,0.0,21.1,0.0,19.49,0.0,5.6067480161788,50.7375,-0.7086266782644601,-2.0,Low
2017-08-17,129.0,1.0,17.68,1.6,16.75,1.3,6.06573581375198,43.0375,-0.6963762255968726,2.0,Medium
2017-08-18,125.0,0.0,18.72,0.0,18.47,0.0,5.155875441689183,46.4875,-0.6839194216246105,-4.0,Low
2017-08-19,126.0,0.3,19.6,1.3,18.4,0.8,5.182494125435805,47.5,-0.6712599575675315,1.0,Medium
2017-08-20,123.0,0.0,17.74,0.0,15.71,0.0,4.405120006620434,41.8125,-0.6584015846980489,-3.0,Low
2017-08-21,124.0,0.0,16.6,0.4,14.27,0.2,3.944352005627369,38.5875,-0.64534811322955,1.0,Low
2017-08-22,126.0,0.5,15.5,2.9,13.05,1.7,5.052699204783264,35.6875,-0.6321034111873488,2.0,Medium
2017-08-23,133.0,0.8,15.7,0.8,13.99,0.8,5.094794324065774,37.1125,-0.6186714032625032,7.0,Medium
2017-08-24,140.0,0.0,17.15,0.0,14.0,0.0,4.330575175455907,38.9375,-0.6050560696488494,7.0,Low
2017-08-25,148.0,2.1,17.68,3.0,15.06,2.55,6.230988899137521,40.925,-0.5912614448635782,8.0,Medium
2017-08-26,142.0,0.5,17.26,0.0,15.37,0.25,5.546340564266893,40.7875,-0.5772916165517278,-6.0,Low
2017-08-27,134.0,5.9,15.33,10.6,14.12,8.25,12.96438947962686,36.8125,-0.5631507242749187,-8.0,High
2017-08-28,134.0,0.0,14.79,0.0,13.61,0.0,11.019731057682831,35.5,-0.5488429582847199,0.0,Low
2017-08-29,135.0,0.0,15.03,0.0,13.35,0.0,9.366771399030409,35.475,-0.5343725582809785,1.0,Low
2017-08-30,133.0,0.0,18.26,0.0,17.46,0.0,7.961755689175845,44.65,-0.5197438121555157,-2.0,Low
2017-08-31,132.0,0.6,19.74,0.0,19.25,0.3,7.067492335799468,48.7375,-0.5049610547215202,-1.0,Low
2017-09-01,128.0,1.2,16.15,1.8,15.61,1.5,7.507368485429548,39.7,-0.4900286664290594,-4.0,Medium
2017-09-02,134.0,27.6,13.17,30.6,12.98,29.1,35.48126321261512,32.6875,-0.4749510720670502,6.0,High
2017-09-03,148.0,0.8,14.93,1.2,14.79,1.0,31.15907373072285,37.15,-0.4597327394521046,14.0,Medium
2017-09-04,153.0,13.3,16.43,17.1,16.2,15.2,41.68521267111442,40.7875,-0.4443781781046134,5.0,High
2017-09-05,160.0,0.0,14.65,0.0,13.54,0.0,35.432430770447255,35.2375,-0.4288919379124841,7.0,Low
2017-09-06,158.0,0.0,13.04,0.0,11.52,0.0,30.11756615488017,30.7,-0.4132786077829044,-2.0,Low
2017-09-07,153.0,0.6,11.67,0.0,10.87,0.3,25.89993123164814,28.175,-0.3975428142825566,-5.0,Low
2017-09-08,154.0,7.6,14.95,1.1,11.96,4.35,26.36494154690092,33.6375,-0.3816892202666586,1.0,High
2017-09-09,145.0,2.9,16.95,1.9,15.84,2.4,24.810200314865774,40.9875,-0.3657225234972692,-9.0,Medium
2017-09-10,138.0,2.7,15.57,5.9,14.52,4.300000000000001,25.388670267635916,37.6125,-0.3496474552512282,-7.0,High
2017-09-11,138.0,30.7,16.63,10.9,15.6,20.8,42.380369727490525,40.2875,-0.333468778918187,0.0,High
2017-09-12,140.0,2.2,16.47,1.8,15.28,2.0,38.02331426836695,39.6875,-0.3171912885891059,2.0,Medium
2017-09-13,153.0,8.2,15.6,13.6,13.8,10.9,43.2198171281119,36.75,-0.300819807635668,13.0,High
2017-09-14,176.0,6.0,15.15,8.6,13.98,7.3,44.03684455889511,36.4125,-0.2843591872810036,23.0,High
2017-09-15,202.0,18.8,14.59,40.5,12.98,29.65,67.08131787506085,34.4625,-0.2678143051621748,26.0,High
2017-09-16,291.0,0.9,14.83,6.5,13.33,3.7,60.71912019380172,35.2,-0.2511900638848195,89.0,Medium
2017-09-17,330.0,0.3,12.55,0.4,11.86,0.35,51.96125216473146,30.5125,-0.2344913895704105,39.0,Low
2017-09-18,332.0,40.7,12.13,43.1,11.03,41.900000000000006,86.06706434002174,28.95,-0.2177232303965322,2.0,High
2017-09-19,405.0,0.3,14.6,0.3,12.16,0.3,73.45700468901848,33.45,-0.2008905551306352,73.0,Low
2017-09-20,447.0,2.4,13.41,0.9,11.97,1.65,64.08845398566571,31.725,-0.1839983516576798,42.0,Medium
2017-09-21,460.0,6.8,11.68,3.6,10.97,5.2,59.67518588781585,28.3125,-0.1670516255021195,13.0,High
2017-09-22,433.0,0.0,14.56,0.0,14.13,0.0,50.72390800464347,35.862500000000004,-0.1500553983446526,-27.0,Low
2017-09-23,359.0,0.0,16.21,0.0,14.96,0.0,43.11532180394695,38.962500000000006,-0.1330147065341963,-74.0,Low
2017-09-24,303.0,0.0,15.51,0.0,14.46,0.0,36.6480235333549,37.4625,-0.1159345995955006,-56.0,Low
2017-09-25,264.0,0.0,14.97,0.0,14.09,0.0,31.150820003351665,36.325,-0.0988201387328721,-39.0,Low
2017-09-26,234.0,0.0,15.22,0.0,13.98,0.0,26.47819700284892,36.5,-0.0816763953304228,-30.0,Low
2017-09-27,211.0,0.0,13.44,0.0,12.18,0.0,22.506467452421575,32.025,-0.0645084494493162,-23.0,Low
2017-09-28,193.0,0.0,12.46,0.0,11.4,0.0,19.130497334558346,29.825,-0.0473213883224323,-18.0,Low
2017-09-29,180.0,0.0,10.95,0.0,9.86,0.0,16.26092273437459,26.0125,-0.0301203048469083,-13.0,Low
2017-09-30,169.0,0.0,9.25,0.0,8.1,0.0,13.8217843242184,21.6875,-0.0129102960750088,-11.0,Low
2017-10-01,161.0,0.0,8.47,0.0,7.15,0.0,11.74851667558564,19.525,0.0043035382962438,-8.0,Low
2017-10-02,154.0,4.3,9.81,1.4,8.82,2.85,12.836239174247792,23.2875,0.0215160974362222,-7.0,Medium
2017-10-03,152.0,18.8,12.85,26.2,11.02,22.5,33.41080329811062,29.8375,0.0387222808921739,-2.0,High
2017-10-04,174.0,11.0,12.09,24.9,10.75,17.95,46.34918280339403,28.55,0.055916990100603,22.0,High
2017-10-05,280.0,4.7,11.36,5.8,8.17,5.25,44.64680538288492,24.4125,0.0730951298980777,106.0,High
2017-10-06,393.0,2.1,12.15,5.7,9.1,3.9,41.84978457545218,26.5625,0.0902516100310407,113.0,Medium
2017-10-07,433.0,15.1,12.25,15.5,9.08,15.3,50.87231688913435,26.6625,0.107381346664163,40.0,High
2017-10-08,451.0,13.8,10.3,10.5,8.27,12.15,55.3914693557642,23.2125,0.1244792638867886,18.0,High
2017-10-09,484.0,11.6,9.26,20.4,7.58,16.0,63.08274895239957,21.05,0.141540295217043,33.0,High
2017-10-10,518.0,7.8,10.45,13.3,8.1,10.55,64.17033660953963,23.1875,0.1585593851031347,34.0,High
2017-10-11,541.0,19.1,11.07,24.1,9.07,21.6,76.14478611810868,25.175,0.1755314904214277,23.0,High
2017-10-12,553.0,6.5,12.8,12.9,11.92,9.7,74.42306820039238,30.9,0.1924515819708299,12.0,High
2017-10-13,556.0,3.6,11.0,5.5,9.67,4.55,67.80960797033352,25.8375,0.2093146459630488,3.0,High
2017-10-14,553.0,4.2,12.51,10.8,11.35,7.5,65.13816677478349,29.825,0.226115685508288,-3.0,High
2017-10-15,549.0,0.0,12.72,0.0,11.68,0.0,55.36744175856596,30.5,0.2428497220959358,-4.0,Low
2017-10-16,542.0,0.0,13.04,0.0,12.37,0.0,47.06232549478106,31.7625,0.2595117970697994,-7.0,Low
2017-10-17,522.0,0.0,13.06,0.0,13.22,0.0,40.0029766705639,32.85,0.2760969730974688,-20.0,Low
2017-10-18,469.0,0.0,12.04,0.4,11.31,0.2,34.20253016997932,29.1875,0.2926003356333479,-53.0,Low
2017-10-19,390.0,0.0,7.62,0.0,6.47,0.0,29.07215064448242,17.6125,0.3090169943749472,-79.0,Low
2017-10-20,330.0,0.4,7.13,0.0,6.28,0.2,24.911328047810056,16.7625,0.3253420847119795,-60.0,Low
2017-10-21,295.0,2.2,6.48,2.1,5.69,2.1500000000000004,23.324628840638542,15.212500000000002,0.341570769167856,-35.0,Medium
2017-10-22,277.0,1.6,4.05,0.7,2.96,1.15,20.97593451454276,8.7625,0.3576982388331254,-18.0,Medium
2017-10-23,269.0,6.5,2.66,3.2,2.09,4.85,22.67954433736135,5.9375,0.3737197147904692,-8.0,High
2017-10-24,260.0,0.0,2.87,0.0,2.15,0.0,19.277612686757145,6.275,0.3896304495307877,-9.0,Low
2017-10-25,252.0,18.9,5.67,19.0,4.48,18.95,35.335970783743576,12.6875,0.4054257283599973,-8.0,High
2017-10-26,286.0,0.2,11.21,11.1,10.1,5.65,35.68557516618204,26.637500000000003,0.4211008707960891,34.0,High
2017-10-27,360.0,3.4,6.49,7.5,5.67,5.45,35.78273889125474,15.2,0.4366512319560638,74.0,High
2017-10-28,403.0,17.7,8.91,26.7,6.45,22.2,52.61532805756653,19.2,0.4520722039323037,43.0,High
2017-10-29,453.0,6.1,6.22,2.5,4.43,4.3,49.023028848931546,13.312499999999998,0.467359217158002,50.0,High
2017-10-30,487.0,22.2,4.48,5.7,3.09,13.95,55.619574521591815,9.4625,0.4825077417612176,34.0,High
2017-10-31,499.0,2.4,6.04,5.2,2.73,3.8,51.07663834335304,10.9625,0.4975132889071803,12.0,Medium
2017-11-01,489.0,6.4,9.24,5.0,7.21,5.7,49.11514259185009,20.5625,0.5123714121284235,-10.0,High
2017-11-02,469.0,16.2,9.67,20.4,9.63,18.3,60.04787120307257,24.125,0.5270777086423724,-20.0,High
2017-11-03,478.0,1.8,8.42,0.5,7.37,1.15,52.19069052261168,19.7375,0.5416278206559811,9.0,Medium
2017-11-04,488.0,0.0,8.97,0.2,7.41,0.1,44.46208694421993,20.475,0.5560174366570446,10.0,Low
2017-11-05,468.0,0.0,7.26,0.0,6.33,0.0,37.79277390258694,16.9875,0.5702422926917867,-20.0,Low
2017-11-06,411.0,0.6,6.58,0.7,4.9,0.6499999999999999,32.773857817198895,14.35,0.5842981736283683,-57.0,Low
2017-11-07,353.0,0.0,5.07,0.0,3.58,0.0,27.85777914461906,10.8125,0.5981809144059159,-58.0,Low
2017-11-08,315.0,0.0,6.22,0.0,5.5,0.0,23.6791122729262,14.65,0.6118864012687242,-38.0,Low
2017-11-09,292.0,1.0,5.37,1.5,3.77,1.25,21.37724543198727,11.425,0.6254105729852457,-23.0,Medium
2017-11-10,283.0,6.2,7.91,18.6,6.0,12.4,30.57065861718918,17.3875,0.6387494220515268,-9.0,High
2017-11-11,328.0,12.0,6.7,23.1,4.97,17.55,43.535059824610805,14.5875,0.6518989958787125,45.0,High
2017-11-12,427.0,5.0,7.09,7.8,5.23,6.4,43.40480085091918,15.4,0.6648553979642867,99.0,High
2017-11-13,491.0,28.8,3.64,22.5,2.79,25.65,62.5440807232813,8.0375,0.6776147890466887,64.0,High
2017-11-14,534.0,8.2,5.02,14.4,2.68,11.3,64.4624686147891,9.625,0.690173388242972,43.0,High
2017-11-15,557.0,1.2,8.0,6.3,6.57,3.75,58.543098322570735,18.2125,0.7025274741691566,23.0,Medium
2017-11-16,567.0,0.0,7.64,0.0,4.85,0.0,49.761633574185126,15.612499999999995,0.7146733860429608,10.0,Low
2017-11-17,561.0,3.6,7.67,6.0,5.51,4.8,47.09738853805735,16.475,0.726607524768565,-6.0,High
2017-11-18,541.0,7.6,6.49,8.0,4.09,7.8,47.832780257348745,13.225,0.7383263540031063,-20.0,High
2017-11-19,519.0,23.1,4.96,27.8,2.68,25.450000000000003,66.10786321874644,9.55,0.749826401204568,-22.0,High
2017-11-20,521.0,5.3,2.06,4.6,1.68,4.949999999999999,61.14168373593448,4.675000000000001,0.7611042586607742,2.0,High
2017-11-21,537.0,2.8,2.35,1.3,0.3,2.05,54.0204311755443,3.3125,0.7721565844991641,16.0,Medium
2017-11-22,548.0,0.6,0.23,0.0,-0.57,0.3,46.21736649921265,0.0,0.7829801036770625,11.0,Low
2017-11-23,539.0,0.7,4.84,2.9,4.11,1.7999999999999998,41.08476152433075,11.1875,0.7935716089521472,-9.0,Medium
2017-11-24,497.0,1.7,7.26,2.0,6.56,1.85,36.77204729568114,17.275,0.8039279618328208,-42.0,Medium
2017-11-25,427.0,16.6,6.43,13.0,5.84,14.8,46.05624020132897,15.3375,0.8140460935082175,-70.0,High
2017-11-26,402.0,0.5,5.67,1.9,4.03,1.2,40.34780417112962,12.125,0.8239230057575536,-25.0,Medium
2017-11-27,432.0,6.7,4.9,2.7,2.87,4.7,38.99563354546018,9.7125,0.8335557718385695,30.0,High
2017-11-28,444.0,7.9,1.72,7.7,1.0,7.800000000000001,40.94628851364115,3.3999999999999995,0.8429415373547832,12.0,High
2017-11-29,433.0,1.0,2.77,2.9,1.5,1.95,36.75434523659498,5.3375,0.8520775211013093,-11.0,Medium
2017-11-30,413.0,5.0,1.4,4.0,0.73,4.5,35.74119345110573,2.6625,0.8609610158889945,-20.0,High
2017-12-01,396.0,7.5,1.49,6.9,0.54,7.2,37.58001443343987,2.5375000000000005,0.8695893893466109,-17.0,High
2017-12-02,387.0,0.4,4.42,1.5,1.87,0.95,32.89301226842389,7.8625,0.8779600847008883,-9.0,Medium
2017-12-03,382.0,3.5,3.95,5.0,0.74,4.25,32.2090604281603,5.862500000000001,0.8860706215341377,-5.0,High
2017-12-04,374.0,5.9,3.25,10.9,0.29,8.4,35.77770136393625,4.425,0.893918596519257,-8.0,High
2017-12-05,358.0,1.4,5.51,3.3,0.38,2.35,32.76104615934581,7.3625,0.9015016841318838,-16.0,Medium
2017-12-06,352.0,0.6,4.29,1.1,1.97,0.8500000000000001,28.69688923544394,7.824999999999999,0.9088176373395028,-6.0,Medium
2017-12-07,381.0,6.7,6.43,9.1,5.26,7.9,32.29235585012735,14.6125,0.9158642882672868,29.0,High
2017-12-08,426.0,8.7,5.39,16.6,3.37,12.65,40.098502472608246,10.95,0.9226395488404876,45.0,High
2017-12-09,473.0,1.5,3.4,15.7,0.65,8.6,42.68372710171701,5.0625,0.9291414114031744,47.0,High
2017-12-10,508.0,9.3,2.05,5.4,0.2,7.35,43.63116803645946,2.8125,0.935367949313148,35.0,High
2017-12-11,518.0,0.3,0.89,0.8,0.25,0.55,37.63649283099053,1.4250000000000005,0.941317317512847,10.0,Low
2017-12-12,510.0,7.9,5.32,11.0,4.34,9.45,41.44101890634195,12.075,0.946987753076075,-8.0,High
2017-12-13,488.0,2.7,3.0,5.6,1.33,4.15,39.37486607039066,5.4125,0.9523775757303972,-22.0,High
2017-12-14,497.0,4.5,1.22,1.4,0.09,2.95,36.41863615983206,1.6375000000000002,0.9574851883550388,9.0,Medium
2017-12-15,509.0,6.7,3.17,2.9,0.85,4.8,35.75584073585725,5.025,0.9623090774541488,12.0,High
2017-12-16,510.0,6.8,1.88,4.2,-0.45,5.5,35.89246462547866,1.7875,0.9668478136052772,1.0,High
2017-12-17,482.0,6.9,2.31,1.7,0.17,4.3,34.808594931656856,3.1,0.9711000518829505,-28.0,High
2017-12-18,425.0,1.4,0.2,2.3,-0.97,1.85,31.43730569190833,0.0,0.9750645322571944,-57.0,Medium
2017-12-19,367.0,2.2,2.69,0.9,0.23,1.55,28.27170983812208,3.65,0.9787400799669153,-58.0,Medium
2017-12-20,326.0,0.2,1.82,0.3,0.53,0.25,24.280953362403764,2.9375,0.9821256058680006,-41.0,Low
2017-12-21,306.0,5.4,3.65,2.8,0.53,4.1,24.7388103580432,5.225,0.9852201067560606,-20.0,High
2017-12-22,301.0,0.0,4.58,0.0,2.3,0.0,21.027988804336715,8.6,0.9880226656636976,-5.0,Low
2017-12-23,311.0,4.5,5.67,13.7,3.59,9.1,26.97379048368621,11.575,0.9905324521322229,10.0,High
2017-12-24,366.0,3.1,5.65,3.0,5.02,3.05,25.97772191113328,13.3375,0.9927487224577402,55.0,Medium
2017-12-25,423.0,6.2,5.97,11.7,5.56,8.95,31.03106362446328,14.4125,0.9946708199115212,57.0,High
2017-12-26,458.0,0.0,6.01,0.0,4.83,0.0,26.37640408079379,13.55,0.9962981749346076,35.0,Low
2017-12-27,481.0,0.0,3.95,0.0,2.43,0.0,22.41994346867472,7.975000000000001,0.9976303053065856,23.0,Low
2017-12-28,481.0,0.3,4.9,0.8,4.15,0.55,19.606951948373517,11.3125,0.998666816288476,0.0,Low
2017-12-29,442.0,3.2,4.61,6.5,3.54,4.85,21.515909156117488,10.1875,0.9994074007397048,-39.0,High
2017-12-30,383.0,2.4,2.42,2.0,1.19,2.2,20.488522782699864,4.5125,0.9998518392091162,-59.0,Medium
2017-12-31,373.0,2.3,0.74,1.7,0.1,2.0,19.415244365294885,1.05,1.0,-10.0,Medium
2018-01-01,381.0,16.5,5.76,19.4,5.28,17.95,34.452957710500655,13.8,0.9998518392091162,8.0,High
2018-01-02,436.0,0.7,3.82,0.2,1.88,0.4499999999999999,29.73501405392556,7.124999999999999,0.9994074007397048,55.0,Low
2018-01-03,469.0,2.3,2.03,3.7,1.36,3.0,28.274761945836723,4.2375,0.998666816288476,33.0,Medium
2018-01-04,474.0,5.2,4.07,10.1,3.13,7.65,31.683547653961213,9.0,0.9976303053065856,5.0,High
2018-01-05,457.0,10.5,4.52,12.0,4.01,11.25,38.18101550586703,10.6625,0.9962981749346078,-17.0,High
2018-01-06,465.0,2.1,3.82,5.0,2.74,3.55,36.00386317998697,8.200000000000001,0.9946708199115212,8.0,Medium
2018-01-07,484.0,0.0,1.88,0.5,-0.11,0.25,30.853283702988925,2.2125,0.9927487224577402,19.0,Low
2018-01-08,484.0,0.0,3.58,0.4,1.12,0.2,26.425291147540584,5.875,0.9905324521322229,0.0,Low
2018-01-09,445.0,0.0,1.87,0.0,1.03,0.0,22.46149747540949,3.625,0.9880226656636976,-39.0,Low
2018-01-10,374.0,0.0,-0.64,0.0,-1.56,0.0,19.09227285409807,0.0,0.9852201067560606,-71.0,Low
2018-01-11,320.0,0.0,-3.62,0.0,-4.25,0.0,16.228431925983358,0.0,0.9821256058680006,-54.0,Low
2018-01-12,283.0,0.0,-1.62,0.0,-2.18,0.0,13.794167137085854,0.0,0.9787400799669153,-37.0,Low
2018-01-13,259.0,0.0,-2.44,0.0,-3.41,0.0,11.725042066522976,0.0,0.9750645322571948,-24.0,Low
2018-01-14,236.0,0.0,-6.67,0.0,-7.22,0.0,9.96628575654453,0.0,0.9711000518829505,-23.0,Low
2018-01-15,217.0,0.0,-7.2,0.0,-8.04,0.0,8.47134289306285,0.0,0.9668478136052776,-19.0,Low
2018-01-16,235.0,3.2,-6.14,0.9,-6.75,2.0500000000000003,9.250641459103424,0.0,0.9623090774541486,18.0,Medium
2018-01-17,267.0,2.3,-5.33,2.5,-6.09,2.4,10.26304524023791,0.0,0.9574851883550392,32.0,Medium
2018-01-18,270.0,3.4,-1.19,0.3,-1.78,1.85,10.573588454202223,0.0,0.9523775757303974,3.0,Medium
2018-01-19,248.0,0.0,-1.89,0.0,-2.44,0.0,8.98755018607189,0.0,0.9469877530760752,-22.0,Low
2018-01-20,229.0,0.0,-4.34,0.0,-3.17,0.0,7.639417658161106,0.0,0.9413173175128472,-19.0,Low
2018-01-21,212.0,0.0,-3.16,0.0,-4.17,0.0,6.49350500943694,0.0,0.9353679493131484,-17.0,Low
2018-01-22,187.0,0.0,-6.15,0.0,-6.8,0.0,5.519479258021399,0.0,0.9291414114031744,-25.0,Low
2018-01-23,174.0,0.0,-5.58,0.0,-6.41,0.0,4.691557369318189,0.0,0.9226395488404876,-13.0,Low
2018-01-24,177.0,4.5,0.06,7.5,-0.91,6.0,9.98782376392046,0.0,0.9158642882672872,3.0,High
2018-01-25,172.0,0.9,3.82,1.4,3.75,1.15,9.63965019933239,9.4625,0.9088176373395028,-5.0,Medium
2018-01-26,192.0,6.8,2.69,6.9,1.95,6.85,15.04370266943253,5.8,0.901501684131884,20.0,High
2018-01-27,227.0,0.7,2.78,1.1,1.97,0.9,13.68714726901765,5.9375,0.893918596519257,35.0,Medium
2018-01-28,249.0,7.2,3.93,12.9,3.33,10.05,21.684075178665005,9.075,0.886070621534138,22.0,High
2018-01-29,319.0,10.0,3.88,16.3,3.48,13.15,31.581463901865256,9.2,0.8779600847008882,70.0,High
2018-01-30,426.0,1.6,2.48,3.1,1.31,2.35,29.19424431658547,4.7375,0.869589389346611,107.0,Medium
2018-01-31,476.0,4.2,2.18,5.5,0.53,4.85,29.665107669097644,3.3875,0.8609610158889943,50.0,High
2018-02-01,498.0,5.0,2.73,8.5,1.96,6.75,31.965341518733,5.862499999999999,0.8520775211013093,22.0,High
2018-02-02,502.0,0.0,0.15,0.0,-0.64,0.0,27.170540290923046,0.0,0.8429415373547828,4.0,Low
2018-02-03,490.0,0.0,0.15,0.0,-0.32,0.0,23.09495924728459,0.0,0.8335557718385699,-12.0,Low
2018-02-04,452.0,0.0,-1.34,0.0,-1.8,0.0,19.6307153601919,0.0,0.8239230057575542,-38.0,Low
2018-02-05,373.0,0.0,-4.07,0.0,-4.8,0.0,16.686108056163114,0.0,0.8140460935082178,-79.0,Low
2018-02-06,300.0,0.9,-2.17,4.5,-3.5,2.7,16.883191847738647,0.0,0.8039279618328213,-73.0,Medium
2018-02-07,275.0,2.6,-2.38,3.0,-5.39,2.8,17.15071307057785,0.0,0.7935716089521474,-25.0,Medium
2018-02-08,277.0,0.0,-8.2,0.0,-10.74,0.0,14.578106109991174,0.0,0.7829801036770629,2.0,Low
2018-02-09,275.0,0.0,-4.88,0.0,-5.59,0.0,12.391390193492498,0.0,0.7721565844991642,-2.0,Low
2018-02-10,263.0,0.0,-7.6,0.0,-8.28,0.0,10.532681664468624,0.0,0.7611042586607747,-12.0,Low
2018-02-11,250.0,0.0,-4.59,0.0,-5.66,0.0,8.952779414798329,0.0,0.7498264012045686,-13.0,Low
2018-02-12,234.0,1.0,-0.68,1.4,-1.23,1.2,8.809862502578579,0.0,0.7383263540031065,-16.0,Medium
2018-02-13,224.0,0.0,-0.39,0.0,-1.4,0.0,7.488383127191792,0.0,0.7266075247685656,-10.0,Low
2018-02-14,218.0,0.0,-1.5,0.0,-3.25,0.0,6.365125658113023,0.0,0.7146733860429609,-6.0,Low
2018-02-15,206.0,0.0,-2.73,0.0,-4.32,0.0,5.410356809396069,0.0,0.702527474169157,-12.0,Low
2018-02-16,198.0,1.4,-2.13,0.9,-3.0,1.15,5.748803287986659,0.0,0.6901733882429719,-8.0,Medium
2018-02-17,191.0,4.4,-1.45,1.8,-1.99,3.1,7.98648279478866,0.0,0.6776147890466889,-7.0,Medium
2018-02-18,183.0,0.0,-1.62,0.4,-3.52,0.2,6.988510375570361,0.0,0.6648553979642865,-8.0,Low
2018-02-19,178.0,2.8,0.43,1.5,-1.4,2.15,8.090233819234808,0.0,0.6518989958787126,-5.0,Medium
2018-02-20,173.0,1.9,-2.53,2.7,-3.28,2.3,9.176698746349588,0.0,0.6387494220515272,-5.0,Medium
2018-02-21,167.0,0.0,-7.62,0.0,-10.15,0.0,7.800193934397148,0.0,0.6254105729852463,-6.0,Low
2018-02-22,153.0,0.0,-10.76,0.0,-13.23,0.0,6.630164844237576,0.0,0.6118864012687243,-14.0,Low
2018-02-23,153.0,4.9,-9.32,3.1,-12.3,4.0,9.63564011760194,0.0,0.5981809144059164,0.0,High
2018-02-24,155.0,0.0,-10.25,0.2,-11.23,0.1,8.290294099961647,0.0,0.5842981736283683,2.0,Low
2018-02-25,151.0,0.0,-13.25,0.0,-16.35,0.0,7.0467499849674,0.0,0.5702422926917871,-4.0,Low
2018-02-26,149.0,0.0,-11.87,0.0,-14.6,0.0,5.98973748722229,0.0,0.5560174366570446,-2.0,Low
2018-02-27,148.0,0.0,-14.05,0.0,-15.75,0.0,5.091276864138947,0.0,0.5416278206559814,-1.0,Low
2018-02-28,145.0,0.0,-14.04,0.0,-14.93,0.0,4.327585334518105,0.0,0.5270777086423722,-3.0,Low
2018-03-01,143.0,2.0,-11.49,1.0,-12.14,1.5,5.178447534340389,0.0,0.5123714121284237,-2.0,Medium
2018-03-02,144.0,0.0,-7.65,0.0,-8.77,0.0,4.401680404189331,0.0,0.4975132889071806,1.0,Low
2018-03-03,143.0,0.0,-9.28,0.0,-10.27,0.0,3.741428343560931,0.0,0.4825077417612184,-1.0,Low
2018-03-04,142.0,0.0,-6.52,0.0,-9.47,0.0,3.180214092026791,0.0,0.4673592171580022,-1.0,Low
2018-03-05,140.0,0.0,-5.71,0.0,-7.44,0.0,2.7031819782227724,0.0,0.4520722039323043,-2.0,Low
2018-03-06,139.0,0.0,-0.47,0.0,-1.7,0.0,2.2977046814893565,0.0,0.436651231956064,-1.0,Low
2018-03-07,140.0,0.0,-1.1,0.0,-1.93,0.0,1.953048979265953,0.0,0.4211008707960896,1.0,Low
2018-03-08,139.0,0.4,0.61,0.9,0.24,0.65,2.31009163237606,1.0625,0.4054257283599973,-1.0,Low
2018-03-09,142.0,0.3,2.27,1.6,1.97,0.95,2.9135778875196507,5.300000000000001,0.3896304495307879,3.0,Medium
2018-03-10,147.0,0.4,1.12,0.0,0.6,0.2,2.6765412043917034,2.1500000000000004,0.373719714790469,5.0,Low
2018-03-11,164.0,0.3,2.37,0.5,1.7,0.4,2.675060023732948,5.0875,0.3576982388331254,17.0,Low
2018-03-12,203.0,2.4,5.55,2.2,4.69,2.3,4.573801020173006,12.8,0.3415707691678556,39.0,Medium
2018-03-13,269.0,8.0,4.29,8.7,4.24,8.35,12.237730867147054,10.6625,0.3253420847119801,66.0,High
2018-03-14,317.0,0.6,0.67,1.4,0.05,1.0,11.402071237074995,0.9000000000000001,0.3090169943749474,48.0,Medium
2018-03-15,312.0,0.0,-1.6,0.1,-2.3,0.05,9.741760551513746,0.0,0.2926003356333483,-5.0,Low
2018-03-16,257.0,0.0,-4.88,0.0,-5.5,0.0,8.280496468786684,0.0,0.2760969730974688,-55.0,Low
2018-03-17,212.0,0.0,-5.2,0.0,-6.04,0.0,7.038421998468681,0.0,0.2595117970697999,-45.0,Low
2018-03-18,202.0,0.0,-3.06,0.0,-4.3,0.0,5.982658698698378,0.0,0.2428497220959356,-10.0,Low
2018-03-19,187.0,0.0,0.98,0.0,-1.67,0.0,5.085259893893621,0.0,0.2261156855082882,-15.0,Low
2018-03-20,179.0,0.3,0.23,2.1,-0.99,1.2,5.522470909809578,0.0,0.2093146459630484,-8.0,Medium
2018-03-21,172.0,0.0,-0.35,0.0,-1.43,0.0,4.694100273338141,0.0,0.1924515819708299,-7.0,Low
2018-03-22,166.0,0.3,1.91,2.5,0.85,1.4,5.38998523233742,3.45,0.1755314904214282,-6.0,Medium
2018-03-23,160.0,0.0,1.45,0.0,1.03,0.0,4.581487447486807,3.1,0.1585593851031347,-6.0,Low
2018-03-24,156.0,0.0,1.05,0.0,1.08,0.0,3.894264330363786,2.6625,0.141540295217043,-4.0,Low
2018-03-25,155.0,0.0,3.38,0.0,3.33,0.0,3.310124680809218,8.3875,0.1244792638867891,-1.0,Low
2018-03-26,157.0,0.6,2.15,1.2,2.26,0.8999999999999999,3.713605978687835,5.5125,0.107381346664163,2.0,Medium
2018-03-27,156.0,0.0,-0.99,0.0,-1.21,0.0,3.15656508188466,0.0,0.0902516100310411,-1.0,Low
2018-03-28,150.0,0.0,-1.34,0.0,-1.95,0.0,2.6830803196019604,0.0,0.0730951298980777,-6.0,Low
2018-03-29,145.0,0.2,0.72,0.2,-0.25,0.2,2.4806182716616663,0.5874999999999999,0.0559169901006034,-5.0,Low
2018-03-30,142.0,3.2,0.85,3.1,0.4,3.1500000000000004,5.258525530912417,1.5625,0.0387222808921744,-3.0,Medium
2018-03-31,138.0,0.0,1.8,0.0,1.18,0.0,4.469746701275554,3.725,0.0215160974362222,-4.0,Low
2018-04-01,137.0,11.2,2.64,9.2,2.28,10.2,13.99928469608422,6.15,0.0043035382962442,-1.0,High
2018-04-02,156.0,2.0,1.65,6.9,0.89,4.45,16.349391991671588,3.175,-0.0129102960750088,19.0,High
2018-04-03,197.0,2.9,3.23,4.0,2.75,3.45,17.34698319292085,7.475,-0.0301203048469081,41.0,Medium
2018-04-04,240.0,0.4,9.51,0.5,10.25,0.45,15.19493571398272,24.7,-0.0473213883224318,43.0,Low
2018-04-05,285.0,0.5,7.24,0.0,9.22,0.25,13.165695356885312,20.575000000000003,-0.0645084494493162,45.0,Low
2018-04-06,311.0,0.0,4.02,0.0,3.67,0.0,11.190841053352514,9.6125,-0.0816763953304224,26.0,Low
2018-04-07,300.0,0.0,6.55,0.0,6.13,0.0,9.512214895349636,15.85,-0.0988201387328714,-11.0,Low
2018-04-08,276.0,0.0,12.9,0.0,13.2,0.0,8.085382661047191,32.625,-0.1159345995955004,-24.0,Low
2018-04-09,256.0,2.7,12.98,5.2,13.21,3.95,10.822575261890112,32.737500000000004,-0.1330147065341959,-20.0,Medium
2018-04-10,245.0,0.0,7.81,0.0,7.62,0.0,9.199188972606596,19.2875,-0.1500553983446526,-11.0,Low
2018-04-11,244.0,0.0,7.84,0.0,6.7,0.0,7.819310626715606,18.175,-0.1670516255021192,-1.0,Low
2018-04-12,241.0,0.0,10.45,0.0,9.09,0.0,6.6464140327082655,24.425,-0.18399835165768,-3.0,Low
2018-04-13,228.0,0.0,13.42,0.0,11.87,0.0,5.649451927802025,31.6125,-0.200890555130635,-13.0,Low
2018-04-14,217.0,1.5,13.48,1.4,13.45,1.45,6.252034138631721,33.6625,-0.2177232303965317,-11.0,Medium
2018-04-15,207.0,0.0,12.4,0.0,13.18,0.0,5.314229017836963,31.975,-0.2344913895704098,-10.0,Low
2018-04-16,200.0,0.0,13.88,0.9,14.25,0.45,4.967094665161419,35.1625,-0.2511900638848193,-7.0,Low
2018-04-17,199.0,5.3,6.69,6.4,9.63,5.85,10.072030465387204,20.4,-0.2678143051621742,-1.0,High
2018-04-18,204.0,0.0,6.88,0.0,7.65,0.0,8.561225895579124,18.1625,-0.2843591872810034,5.0,Low
2018-04-19,215.0,0.0,7.02,0.0,9.13,0.0,7.277042011242255,20.1875,-0.3008198076356673,11.0,Low
2018-04-20,213.0,0.0,8.4,0.0,10.63,0.0,6.185485709555916,23.7875,-0.3171912885891061,-2.0,Low
2018-04-21,202.0,0.0,7.9,0.0,9.93,0.0,5.257662853122529,22.2875,-0.3334687789181868,-11.0,Low
2018-04-22,193.0,0.0,6.95,0.0,8.19,0.0,4.46901342515415,18.925,-0.3496474552512284,-9.0,Low
2018-04-23,186.0,2.4,9.6,0.6,9.57,1.5,5.298661411381027,23.9625,-0.3657225234972689,-7.0,Medium
2018-04-24,182.0,2.7,7.5,4.7,7.62,3.7,8.203862199673873,18.9,-0.3816892202666588,-4.0,Medium
2018-04-25,180.0,7.4,7.0,8.1,7.07,7.75,14.72328286972279,17.5875,-0.3975428142825559,-2.0,High
2018-04-26,181.0,0.0,6.92,0.0,6.28,0.0,12.514790439264372,16.5,-0.4132786077829042,1.0,Low
2018-04-27,182.0,0.0,7.53,0.0,6.97,0.0,10.637571873374716,18.125,-0.4288919379124835,1.0,Low
2018-04-28,180.0,0.0,10.87,0.0,10.11,0.0,9.041936092368507,26.224999999999994,-0.4443781781046132,-2.0,Low
2018-04-29,179.0,0.0,9.82,0.0,11.47,0.0,7.685645678513232,26.6125,-0.4597327394521039,-1.0,Low
2018-04-30,176.0,5.3,16.55,14.2,16.1,9.75,16.282798826736247,40.81250000000001,-0.4749510720670499,-3.0,High
2018-05-01,179.0,6.0,12.83,2.1,13.76,4.05,17.89037900272581,33.2375,-0.4900286664290592,3.0,High
2018-05-02,190.0,0.0,9.45,0.0,9.15,0.0,15.206822152316937,23.25,-0.5049610547215204,11.0,Low
2018-05-03,198.0,7.4,11.98,0.0,13.22,3.7,16.625798829469396,31.500000000000004,-0.5197438121555155,8.0,Medium
2018-05-04,191.0,0.0,8.45,0.0,9.27,0.0,14.131929005048988,22.15,-0.5343725582809787,-7.0,Low
2018-05-05,181.0,0.0,7.92,0.0,9.35,0.0,12.01213965429164,21.5875,-0.548842958284719,-10.0,Low
2018-05-06,174.0,0.0,9.0,0.0,10.76,0.0,10.210318706147891,24.7,-0.5631507242749186,-7.0,Low
2018-05-07,169.0,0.0,10.83,0.0,13.3,0.0,8.67877090022571,30.1625,-0.5772916165517272,-5.0,Low
2018-05-08,163.0,0.0,14.93,0.0,17.0,0.0,7.376955265191852,39.9125,-0.5912614448635781,-6.0,Low
2018-05-09,155.0,0.0,19.35,0.0,18.18,0.0,6.270411975413074,46.9125,-0.6050560696488488,-8.0,Low
2018-05-10,151.0,0.0,21.72,0.0,20.43,0.0,5.329850179101113,52.6875,-0.6186714032625031,-4.0,Low
2018-05-11,152.0,0.0,21.13,0.0,19.55,0.0,4.530372652235946,50.85,-0.6321034111873487,1.0,Low
2018-05-12,149.0,0.0,18.23,0.0,17.48,0.0,3.850816754400554,44.6375,-0.6453481132295501,-3.0,Low
2018-05-13,142.0,0.0,21.4,0.0,20.0,0.0,3.273194241240471,51.75,-0.6584015846980488,-7.0,Low
2018-05-14,138.0,0.0,18.58,0.0,18.53,0.0,2.7822151050544,46.3875,-0.6712599575675313,-4.0,Low
2018-05-15,142.0,0.0,15.9,0.0,15.92,0.0,2.36488283929624,39.775,-0.6839194216246106,4.0,Low
2018-05-16,139.0,0.0,16.37,0.0,17.2,0.0,2.010150413401804,41.9625,-0.6963762255968722,-3.0,Low
2018-05-17,137.0,0.0,16.98,0.6,16.07,0.3,2.008627851391533,41.3125,-0.7086266782644596,-2.0,Low
2018-05-18,137.0,0.3,11.01,4.1,15.65,2.2,3.9073336736828033,33.325,-0.7206671495538609,0.0,Medium
2018-05-19,142.0,0.0,8.99,0.0,13.35,0.0,3.3212336226303827,27.925,-0.7324940716135789,5.0,Low
2018-05-20,145.0,0.0,11.57,0.0,13.97,0.0,2.823048579235825,31.925,-0.7441039398713607,3.0,Low
2018-05-21,139.0,0.0,16.45,0.0,16.76,0.0,2.3995912923504514,41.5125,-0.7554933140726803,-6.0,Low
2018-05-22,134.0,1.6,15.27,7.9,15.55,4.75,6.789652598497884,38.525,-0.766658819300159,-5.0,High
2018-05-23,137.0,0.0,12.82,0.3,14.96,0.15,5.921204708723201,34.725,-0.777597146973627,3.0,Low
2018-05-24,136.0,0.0,12.25,0.0,17.51,0.0,5.033024002414721,37.2,-0.7883050558305255,-1.0,Low
2018-05-25,132.0,0.0,20.79,0.0,19.96,0.0,4.278070402052513,50.9375,-0.7987793728863649,-4.0,Low
2018-05-26,133.0,3.4,17.15,9.6,18.18,6.5,10.136359841744635,44.1625,-0.8090169943749473,1.0,High
2018-05-27,134.0,0.0,16.82,0.0,19.95,0.0,8.61590586548294,45.96249999999999,-0.8190148866680801,1.0,Low
2018-05-28,126.0,0.0,20.44,0.0,21.7,0.0,7.323519985660499,52.675,-0.8287700871745037,-8.0,Low
2018-05-29,123.0,0.0,22.68,0.0,22.79,0.0,6.224991987811424,56.8375,-0.8382797052177743,-3.0,Low
2018-05-30,121.0,0.0,21.41,0.0,22.83,0.0,5.29124318963971,55.3,-0.8475409228928311,-2.0,Low
2018-05-31,119.0,0.0,20.69,0.0,19.53,0.0,4.497556711193753,50.275,-0.8565509959010036,-2.0,Low
2018-06-01,117.0,0.0,20.68,0.0,19.61,0.0,3.82292320451469,50.3625,-0.865307254363206,-2.0,Low
2018-06-02,116.0,0.0,17.14,0.0,19.82,0.0,3.249484723837486,46.2,-0.8738071036110808,-1.0,Low
2018-06-03,114.0,0.0,17.11,0.0,18.54,0.0,2.762062015261863,44.5625,-0.8820480249558537,-2.0,Low
2018-06-04,116.0,0.0,16.13,0.0,17.37,0.0,2.3477527129725835,41.875,-0.8900275764346767,2.0,Low
2018-06-05,111.0,0.0,10.02,0.0,10.13,0.0,1.995589806026696,25.1875,-0.8977433935342337,-5.0,Low
2018-06-06,114.0,0.0,9.84,0.0,10.43,0.0,1.6962513351226916,25.3375,-0.9051931898913974,3.0,Low
2018-06-07,115.0,0.0,12.63,0.0,14.35,0.0,1.4418136348542878,33.725,-0.9123747579707272,1.0,Low
2018-06-08,110.0,0.0,15.06,0.0,17.54,0.0,1.2255415896261446,40.75,-0.9192859697186104,-5.0,Low
2018-06-09,109.0,0.0,17.48,0.0,17.94,0.0,1.0417103511822228,44.275000000000006,-0.9259247771938498,-1.0,Low
2018-06-10,108.0,0.0,20.59,0.0,20.5,0.0,0.8854537985048894,51.3625,-0.9322892131745132,-1.0,Low
2018-06-11,109.0,2.7,16.78,1.7,17.34,2.2,2.952635728729156,42.650000000000006,-0.938377391740864,1.0,Medium
2018-06-12,112.0,0.3,15.6,0.0,15.37,0.15,2.6597403694197825,38.7125,-0.9441875088341992,3.0,Low
2018-06-13,111.0,0.0,15.28,0.0,15.81,0.0,2.260779314006815,38.8625,-0.9497178427914316,-1.0,Low
2018-06-14,113.0,0.0,16.25,0.0,16.8,0.0,1.9216624169057928,41.3125,-0.9549667548552552,2.0,Low
2018-06-15,113.0,0.0,15.72,0.0,15.85,0.0,1.633413054369924,39.4625,-0.9599326896597448,0.0,Low
2018-06-16,112.0,0.0,16.4,0.0,17.16,0.0,1.3884010962144353,41.95,-0.9646141756912436,-1.0,Low
2018-06-17,113.0,0.0,18.42,0.0,18.31,0.0,1.18014093178227,45.91250000000001,-0.9690098257244062,1.0,Low
2018-06-18,113.0,0.0,18.42,0.0,17.31,0.0,1.0031197920149295,44.66250000000001,-0.973118337233262,0.0,Low
2018-06-19,118.0,0.0,18.36,0.4,17.05,0.2,1.05265182321269,44.2625,-0.9769384927771816,5.0,Low
2018-06-20,116.0,0.0,17.28,0.0,16.38,0.0,0.8947540497307865,42.075,-0.980469160361632,-2.0,Low
2018-06-21,113.0,3.4,17.93,5.3,18.62,4.35,5.110540942271168,45.6875,-0.9837092937736096,-3.0,High
2018-06-22,129.0,0.4,15.61,5.0,13.78,2.7,7.043959800930493,36.7375,-0.986657932891657,16.0,Medium
2018-06-23,121.0,2.0,14.28,12.5,12.42,7.25,13.237365830790916,33.375,-0.9893142039703664,-8.0,High
2018-06-24,123.0,7.1,13.35,5.4,12.32,6.25,17.50176095617228,32.087500000000006,-0.99167731989929,2.0,High
2018-06-25,133.0,2.1,13.5,5.2,12.14,3.65,18.52649681274644,32.05,-0.993746580436178,10.0,Medium
2018-06-26,132.0,0.0,15.62,0.0,14.95,0.0,15.747522290834471,38.2125,-0.9955213724144752,-1.0,Low
2018-06-27,129.0,0.0,19.96,0.0,19.67,0.0,13.3853939472093,49.5375,-0.9970011699250152,-3.0,Low
2018-06-28,126.0,0.0,20.21,0.0,21.15,0.0,11.377584855127903,51.7,-0.9981855344718586,-3.0,Low
2018-06-29,123.0,0.0,15.65,0.0,15.69,0.0,9.67094712685872,39.175,-0.99907411510223,-3.0,Low
2018-06-30,124.0,0.6,13.54,0.0,14.01,0.3,8.520305057829912,34.4375,-0.9996666485105112,1.0,Low
2018-07-01,129.0,0.0,12.59,0.0,13.16,0.0,7.242259299155425,32.1875,-0.9999629591162656,5.0,Low
2018-07-02,133.0,4.4,10.27,3.3,11.99,3.85,10.005920404282111,27.825,-0.9999629591162656,4.0,Medium
2018-07-03,136.0,1.2,10.8,0.7,13.11,0.95,9.455032343639791,29.8875,-0.9996666485105112,3.0,Medium
2018-07-04,131.0,0.0,14.34,0.0,17.22,0.0,8.036777492093824,39.45,-0.99907411510223,-5.0,Low
2018-07-05,126.0,0.0,14.47,0.0,15.75,0.0,6.831260868279751,37.775,-0.9981855344718586,-5.0,Low
2018-07-06,125.0,0.0,15.23,0.0,15.3,0.0,5.806571738037788,38.1625,-0.9970011699250152,-1.0,Low
2018-07-07,123.0,0.0,15.94,0.0,17.67,0.0,4.93558597733212,42.0125,-0.9955213724144752,-2.0,Low
2018-07-08,126.0,0.0,16.21,0.0,17.15,0.0,4.195248080732302,41.7,-0.993746580436178,3.0,Low
2018-07-09,129.0,0.0,16.98,0.0,17.35,0.0,3.5659608686224566,42.9125,-0.99167731989929,3.0,Low
2018-07-10,125.0,0.0,17.85,0.0,19.29,0.0,3.031066738329088,46.425,-0.9893142039703664,-4.0,Low
2018-07-11,124.0,0.4,20.73,0.0,20.8,0.2,2.776406727579725,51.9125,-0.9866579328916572,-1.0,Low
2018-07-12,124.0,3.5,19.24,18.2,19.24,10.85,13.209945718442766,48.1,-0.9837092937736098,0.0,High
2018-07-13,124.0,6.7,17.62,2.7,17.79,4.7,15.928453860676353,44.2625,-0.980469160361632,0.0,High
2018-07-14,134.0,17.9,17.8,1.4,19.18,9.65,23.1891857815749,46.22500000000001,-0.9769384927771816,10.0,High
2018-07-15,137.0,0.0,18.6,0.0,22.37,0.0,19.710807914338663,51.2125,-0.973118337233262,3.0,Low
2018-07-16,134.0,2.1,22.03,1.0,21.93,1.55,18.304186727187865,54.95,-0.9690098257244064,-3.0,Medium
2018-07-17,131.0,11.9,23.02,0.0,23.55,5.95,21.508558718109686,58.2125,-0.9646141756912436,-3.0,High
2018-07-18,131.0,0.0,24.77,0.0,25.06,0.0,18.282274910393237,62.2875,-0.9599326896597444,0.0,Low
2018-07-19,130.0,0.0,21.8,0.0,23.7,0.0,15.539933673834248,56.875,-0.9549667548552552,-1.0,Low
2018-07-20,130.0,0.0,20.09,0.0,22.31,0.0,13.208943622759111,53.0,-0.9497178427914316,0.0,Low
2018-07-21,129.0,0.0,21.3,0.0,21.58,0.0,11.227602079345244,53.6,-0.9441875088341994,-1.0,Low
2018-07-22,125.0,0.0,21.25,0.0,21.78,0.0,9.543461767443455,53.7875,-0.9383773917408642,-4.0,Low
2018-07-23,123.0,0.0,20.79,0.0,21.28,0.0,8.111942502326938,52.5875,-0.9322892131745134,-2.0,Low
2018-07-24,124.0,0.0,20.84,0.0,21.78,0.0,6.895151126977897,53.275000000000006,-0.92592477719385,1.0,Low
2018-07-25,125.0,0.0,22.25,0.0,23.47,0.0,5.8608784579312125,57.15,-0.9192859697186104,1.0,Low
2018-07-26,125.0,0.0,23.38,0.0,23.57,0.0,4.981746689241531,58.6875,-0.9123747579707274,0.0,Low
2018-07-27,123.0,0.0,24.2,0.0,24.29,0.0,4.234484685855301,60.6125,-0.9051931898913976,-2.0,Low
2018-07-28,123.0,1.8,23.97,10.6,23.16,6.2,9.799311982977006,58.9125,-0.8977433935342336,0.0,High
2018-07-29,123.0,8.4,24.06,23.0,23.2,15.7,24.029415185530453,59.075,-0.8900275764346766,0.0,High
2018-07-30,123.0,0.0,22.4,0.3,22.41,0.15,20.575002907700885,56.0125,-0.8820480249558535,0.0,Low
2018-07-31,130.0,0.0,24.77,0.0,24.34,0.0,17.48875247154575,61.3875,-0.8738071036110807,7.0,Low
2018-08-01,131.0,9.1,24.31,0.0,24.6,4.55,19.415439600813887,61.1375,-0.8653072543632061,1.0,High
2018-08-02,124.0,0.0,25.25,0.0,24.54,0.0,16.503123660691802,62.2375,-0.8565509959010037,-7.0,Low
2018-08-03,123.0,0.0,24.75,0.0,22.86,0.0,14.02765511158803,59.5125,-0.8475409228928312,-1.0,Low
2018-08-04,121.0,0.0,24.41,0.0,21.92,0.0,11.923506844849824,57.9125,-0.8382797052177745,-2.0,Low
2018-08-05,123.0,0.0,23.25,0.8,20.87,0.4,10.534980818122351,55.150000000000006,-0.828770087174504,2.0,Low
2018-08-06,126.0,0.0,21.5,0.0,18.87,0.0,8.954733695403998,50.462500000000006,-0.8190148866680802,3.0,Low
2018-08-07,124.0,0.0,21.84,0.0,19.9,0.0,7.611523641093399,52.175,-0.8090169943749472,-2.0,Low
2018-08-08,120.0,0.0,24.33,0.0,23.3,0.0,6.469795094929389,59.5375,-0.7987793728863648,-4.0,Low
2018-08-09,116.0,0.0,26.67,0.0,25.71,0.0,5.499325830689981,65.47500000000001,-0.7883050558305253,-4.0,Low
2018-08-10,115.0,13.8,23.45,9.3,22.83,11.55,16.224426956086482,57.85,-0.7775971469736268,-1.0,High
2018-08-11,115.0,4.4,19.63,2.2,16.97,3.3000000000000003,17.090762912673508,45.74999999999999,-0.7666588193001592,0.0,Medium
2018-08-12,133.0,5.1,18.35,18.7,16.25,11.9,26.42714847577248,43.25,-0.7554933140726804,18.0,High
2018-08-13,119.0,0.9,17.31,2.4,16.11,1.65,24.113076204406607,41.775000000000006,-0.7441039398713608,-14.0,Medium
2018-08-14,120.0,3.4,17.43,6.5,16.44,4.95,25.446114773745613,42.337500000000006,-0.7324940716135792,1.0,High
2018-08-15,128.0,0.0,19.47,3.9,18.4,1.95,23.57919755768377,47.3375,-0.7206671495538615,8.0,Medium
2018-08-16,127.0,0.0,19.25,0.0,17.8,0.0,20.0423179240312,46.3125,-0.7086266782644601,-1.0,Low
2018-08-17,122.0,0.0,20.45,0.0,19.5,0.0,17.03597023542652,49.9375,-0.6963762255968726,-5.0,Low
2018-08-18,120.0,0.0,20.05,0.0,18.38,0.0,14.480574700112545,48.0375,-0.6839194216246105,-2.0,Low
2018-08-19,123.0,0.0,20.07,0.0,18.0,0.0,12.30848849509566,47.5875,-0.6712599575675315,3.0,Low
2018-08-20,123.0,0.8,20.52,0.0,19.27,0.4,10.862215220831311,49.7375,-0.6584015846980489,0.0,Low
2018-08-21,123.0,0.0,17.93,0.0,15.7,0.0,9.232882937706616,42.0375,-0.64534811322955,0.0,Low
2018-08-22,126.0,0.0,16.59,0.0,14.38,0.0,7.847950497050622,38.7125,-0.6321034111873488,3.0,Low
2018-08-23,121.0,0.0,20.0,0.0,18.88,0.0,6.670757922493029,48.6,-0.6186714032625032,-5.0,Low
2018-08-24,118.0,1.3,20.69,8.9,20.04,5.1000000000000005,10.770144234119076,50.91250000000001,-0.6050560696488494,-3.0,High
2018-08-25,121.0,0.2,17.62,0.2,15.56,0.2,9.354622599001212,41.475,-0.5912614448635782,3.0,Low
2018-08-26,124.0,0.0,17.45,1.6,13.95,0.8,8.75142920915103,39.25,-0.5772916165517278,3.0,Medium
2018-08-27,124.0,0.0,17.92,0.0,14.49,0.0,7.438714827778376,40.5125,-0.5631507242749187,0.0,Low
2018-08-28,123.0,1.4,16.83,2.5,14.87,1.95,8.27290760361162,39.62499999999999,-0.5488429582847199,-1.0,Medium
2018-08-29,125.0,0.0,16.21,0.0,14.68,0.0,7.031971463069876,38.6125,-0.5343725582809785,2.0,Low
2018-08-30,125.0,0.0,17.37,0.0,16.39,0.0,5.977175743609394,42.2,-0.5197438121555157,0.0,Low
2018-08-31,127.0,12.4,17.48,11.5,16.08,11.95,17.030599382067983,41.95,-0.5049610547215202,2.0,High
2018-09-01,129.0,0.0,18.82,0.0,16.26,0.0,14.476009474757785,43.85,-0.4900286664290594,2.0,Low
2018-09-02,126.0,0.0,18.15,0.0,16.35,0.0,12.304608053544117,43.125,-0.4749510720670502,-3.0,Low
2018-09-03,124.0,0.0,17.87,0.0,17.18,0.0,10.4589168455125,43.8125,-0.4597327394521046,-2.0,Low
2018-09-04,123.0,0.0,18.62,0.0,18.04,0.0,8.890079318685624,45.825,-0.4443781781046134,-1.0,Low
2018-09-05,124.0,0.0,17.3,0.0,16.6,0.0,7.5565674208827796,42.37500000000001,-0.4288919379124841,1.0,Low
2018-09-06,123.0,0.0,18.79,0.0,18.35,0.0,6.423082307750362,46.425,-0.4132786077829044,-1.0,Low
2018-09-07,121.0,0.0,20.36,0.0,19.25,0.0,5.459619961587808,49.5125,-0.3975428142825566,-2.0,Low
2018-09-08,118.0,0.0,18.42,0.0,17.58,0.0,4.640676967349636,45.0,-0.3816892202666586,-3.0,Low
2018-09-09,116.0,0.0,15.15,0.0,14.57,0.0,3.9445754222471914,37.15,-0.3657225234972692,-2.0,Low
2018-09-10,112.0,0.0,15.34,0.0,14.09,0.0,3.352889108910112,36.7875,-0.3496474552512282,-4.0,Low
2018-09-11,113.0,2.3,17.5,7.6,16.54,4.949999999999999,7.799955742573594,42.55,-0.333468778918187,1.0,High
2018-09-12,116.0,1.1,17.57,2.7,16.17,1.9,8.529962381187556,42.175,-0.3171912885891059,3.0,Medium
2018-09-13,111.0,0.0,16.34,0.0,13.23,0.0,7.250468024009422,36.9625,-0.300819807635668,-5.0,Low
2018-09-14,114.0,0.0,16.26,0.0,11.53,0.0,6.162897820408008,34.7375,-0.2843591872810036,3.0,Low
2018-09-15,115.0,10.1,15.0,6.6,12.71,8.35,13.588463147346808,34.6375,-0.2678143051621748,1.0,High
2018-09-16,118.0,0.7,15.66,1.6,11.54,1.15,12.700193675244789,34.0,-0.2511900638848195,3.0,Medium
2018-09-17,124.0,0.0,17.76,0.0,15.54,0.0,10.795164623958067,41.625,-0.2344913895704105,6.0,Low
2018-09-18,118.0,0.0,18.37,0.0,17.04,0.0,9.175889930364358,44.2625,-0.2177232303965322,-6.0,Low
2018-09-19,118.0,0.0,17.72,0.0,16.8,0.0,7.799506440809703,43.14999999999999,-0.2008905551306352,0.0,Low
2018-09-20,117.0,0.0,17.92,0.0,17.0,0.0,6.629580474688248,43.650000000000006,-0.1839983516576798,-1.0,Low
2018-09-21,118.0,0.0,20.54,0.0,20.3,0.0,5.63514340348501,51.05,-0.1670516255021195,1.0,Low
2018-09-22,131.0,16.4,14.34,17.5,12.52,16.95,21.739871892962256,33.575,-0.1500553983446526,13.0,High
2018-09-23,133.0,8.9,13.2,20.5,11.0,14.7,33.17889110901791,30.25,-0.1330147065341963,2.0,High
2018-09-24,126.0,14.6,9.69,5.6,8.55,10.1,38.30205744266522,22.800000000000004,-0.1159345995955006,-7.0,High
2018-09-25,138.0,7.6,10.71,1.2,6.89,4.4,36.95674882626544,22.0,-0.0988201387328721,12.0,High
2018-09-26,169.0,14.2,13.01,23.6,10.65,18.9,50.31323650232562,29.575,-0.0816763953304228,31.0,High
2018-09-27,156.0,0.0,15.05,0.5,14.07,0.25,43.016251026976775,36.4,-0.0645084494493162,-13.0,Low
2018-09-28,160.0,5.3,11.96,2.3,10.45,3.8,40.36381337293025,28.0125,-0.0473213883224323,4.0,Medium
2018-09-29,164.0,4.6,9.98,1.7,8.08,3.15,37.45924136699071,22.575000000000003,-0.0301203048469083,4.0,Medium
2018-09-30,166.0,0.0,13.37,0.0,10.87,0.0,31.840355161942103,30.3,-0.0129102960750088,2.0,Low
2018-10-01,146.0,0.0,11.17,0.0,8.86,0.0,27.064301887650785,25.0375,0.0043035382962438,-20.0,Low
2018-10-02,157.0,13.0,11.17,14.8,8.37,13.9,36.90465660450317,24.425,0.0215160974362222,11.0,High
2018-10-03,165.0,12.1,10.2,27.6,7.99,19.85,51.218958113827696,22.7375,0.0387222808921739,8.0,High
2018-10-04,181.0,4.0,10.59,8.6,7.25,6.3,49.83611439675354,22.3,0.055916990100603,16.0,High
2018-10-05,200.0,7.5,13.63,11.0,12.29,9.25,51.61069723724051,32.400000000000006,0.0730951298980777,19.0,High
2018-10-06,190.0,0.0,13.01,0.0,12.33,0.0,43.869092651654434,31.675,0.0902516100310407,-10.0,Low
2018-10-07,185.0,5.3,9.5,4.3,8.62,4.8,42.08872875390627,22.65,0.107381346664163,-5.0,High
2018-10-08,179.0,0.0,9.2,0.0,6.81,0.0,35.77541944082033,20.0125,0.1244792638867886,-6.0,Low
2018-10-09,177.0,0.0,13.32,0.0,10.45,0.0,30.40910652469728,29.7125,0.141540295217043,-2.0,Low
2018-10-10,165.0,0.0,13.05,0.0,11.5,0.0,25.84774054599269,30.6875,0.1585593851031347,-12.0,Low
2018-10-11,159.0,0.0,13.24,0.0,12.36,0.0,21.97057946409378,32.0,0.1755314904214277,-6.0,Low
2018-10-12,151.0,0.0,15.16,0.0,14.17,0.0,18.674992544479714,36.6625,0.1924515819708299,-8.0,Low
2018-10-13,144.0,0.0,13.83,0.0,13.38,0.0,15.873743662807756,34.0125,0.2093146459630488,-7.0,Low
2018-10-14,140.0,0.0,14.76,0.0,13.65,0.0,13.492682113386593,35.5125,0.226115685508288,-4.0,Low
2018-10-15,134.0,0.0,14.47,0.0,12.91,0.0,11.468779796378604,34.225,0.2428497220959358,-6.0,Low
2018-10-16,130.0,0.0,12.02,0.0,11.38,0.0,9.748462826921813,29.25,0.2595117970697994,-4.0,Low
2018-10-17,132.0,0.0,11.36,0.0,10.6,0.0,8.28619340288354,27.450000000000003,0.2760969730974688,2.0,Low
2018-10-18,131.0,0.0,11.84,0.0,11.02,0.0,7.043264392451009,28.575,0.2926003356333479,-1.0,Low
2018-10-19,132.0,0.0,8.54,0.0,8.45,0.0,5.986774733583358,21.2375,0.3090169943749472,1.0,Low
2018-10-20,133.0,0.3,7.7,0.0,5.27,0.15,5.238758523545855,16.2125,0.3253420847119795,1.0,Low
2018-10-21,133.0,0.0,9.72,0.0,7.2,0.0,4.452944745013976,21.15,0.341570769167856,0.0,Low
2018-10-22,138.0,3.3,11.4,10.9,8.32,7.1,10.88500303326188,24.65,0.3576982388331254,5.0,High
2018-10-23,154.0,20.3,9.67,29.3,7.53,24.8,34.0522525782726,21.5,0.3737197147904692,16.0,High
2018-10-24,170.0,19.8,7.58,14.3,5.29,17.05,45.99441469153171,16.087500000000002,0.3896304495307877,16.0,High
2018-10-25,256.0,6.9,7.49,5.1,4.33,6.0,45.09525248780195,14.775,0.4054257283599973,86.0,High
2018-10-26,279.0,12.4,7.15,4.1,5.02,8.25,46.58096461463165,15.2125,0.4211008707960891,23.0,High
2018-10-27,271.0,15.8,8.57,11.4,7.0,13.6,53.19381992243691,19.4625,0.4366512319560638,-8.0,High
2018-10-28,292.0,0.0,3.66,0.0,2.6,0.0,45.21474693407137,7.824999999999999,0.4520722039323037,21.0,Low
2018-10-29,294.0,1.0,2.01,0.9,1.26,0.95,39.38253489396067,4.0875,0.467359217158002,2.0,Medium
2018-10-30,270.0,0.0,10.38,0.0,9.31,0.0,33.47515465986657,24.6125,0.4825077417612176,-24.0,Low
2018-10-31,240.0,0.0,10.42,0.0,9.18,0.0,28.45388146088658,24.5,0.4975132889071803,-30.0,Low
2018-11-01,215.0,0.0,9.5,0.0,8.64,0.0,24.185799241753596,22.675,0.5123714121284235,-25.0,Low
2018-11-02,199.0,0.0,11.5,0.0,10.95,0.0,20.557929355490558,28.0625,0.5270777086423724,-16.0,Low
2018-11-03,186.0,0.0,9.88,0.6,6.71,0.3,17.774239952166973,20.7375,0.5416278206559811,-13.0,Low
2018-11-04,174.0,0.0,6.97,0.0,4.76,0.0,15.108103959341928,14.6625,0.5560174366570446,-12.0,Low
2018-11-05,166.0,0.2,8.6,0.2,7.97,0.2,13.041888365440636,20.7125,0.5702422926917867,-8.0,Low
2018-11-06,165.0,0.0,10.05,0.0,9.18,0.0,11.08560511062454,24.0375,0.5842981736283683,-1.0,Low
2018-11-07,158.0,0.0,8.74,0.0,8.28,0.0,9.422764344030858,21.275,0.5981809144059159,-7.0,Low
2018-11-08,152.0,0.0,5.99,0.0,5.57,0.0,8.009349692426229,14.45,0.6118864012687242,-6.0,Low
2018-11-09,149.0,0.0,5.18,0.0,4.47,0.0,6.807947238562294,12.062499999999998,0.6254105729852457,-3.0,Low
2018-11-10,149.0,0.0,7.99,0.0,7.32,0.0,5.78675515277795,19.1375,0.6387494220515268,0.0,Low
2018-11-11,147.0,0.0,5.37,0.0,4.54,0.0,4.918741879861257,12.3875,0.6518989958787125,-2.0,Low
2018-11-12,140.0,1.4,7.69,0.5,6.73,0.95,5.1309305978820685,18.025,0.6648553979642867,-7.0,Medium
2018-11-13,140.0,13.1,9.08,14.8,8.0,13.95,18.31129100819976,21.35,0.6776147890466887,0.0,High
2018-11-14,145.0,1.6,9.49,6.1,8.07,3.85,19.414597356969796,21.950000000000003,0.690173388242972,5.0,Medium
2018-11-15,177.0,0.0,8.2,0.0,6.78,0.0,16.502407753424322,18.725,0.7025274741691566,32.0,Low
2018-11-16,184.0,0.0,4.86,0.0,3.82,0.0,14.027046590410674,10.85,0.7146733860429608,7.0,Low
2018-11-17,174.0,0.0,5.49,0.0,3.28,0.0,11.922989601849071,10.9625,0.726607524768565,-10.0,Low
2018-11-18,166.0,0.2,5.96,0.8,4.69,0.5,10.634541161571711,13.3125,0.7383263540031063,-8.0,Low
2018-11-19,167.0,0.0,3.1,0.0,2.42,0.0,9.039359987335954,6.9,0.749826401204568,1.0,Low
2018-11-20,160.0,0.0,0.0,0.0,-0.68,0.0,7.683455989235561,0.0,0.7611042586607742,-7.0,Low
2018-11-21,150.0,0.0,-1.7,0.0,-2.34,0.0,6.530937590850227,0.0,0.7721565844991641,-10.0,Low
2018-11-22,144.0,0.0,-1.71,0.0,-2.9,0.0,5.551296952222693,0.0,0.7829801036770625,-6.0,Low
2018-11-23,143.0,0.0,-1.27,0.0,-2.84,0.0,4.718602409389289,0.0,0.7935716089521472,-1.0,Low
2018-11-24,136.0,1.8,0.54,2.6,-0.83,2.2,6.210812047980896,0.0,0.8039279618328208,-7.0,Medium
2018-11-25,140.0,0.7,0.55,0.0,-0.33,0.35,5.629190240783761,0.275,0.8140460935082175,4.0,Low
2018-11-26,134.0,1.3,1.0,0.0,-1.41,0.65,5.434811704666197,0.0,0.8239230057575536,-6.0,Low
2018-11-27,131.0,1.1,0.51,0.8,-1.36,0.95,5.569589948966268,0.0,0.8335557718385695,-3.0,Medium
2018-11-28,135.0,0.0,-3.48,0.0,-5.14,0.0,4.734151456621327,0.0,0.8429415373547832,4.0,Low
2018-11-29,126.0,0.0,-3.84,0.0,-4.85,0.0,4.024028738128128,0.0,0.8520775211013093,-9.0,Low
2018-11-30,127.0,0.0,-3.54,0.0,-4.26,0.0,3.4204244274089084,0.0,0.8609610158889945,1.0,Low
2018-12-01,125.0,0.0,-6.81,0.0,-7.86,0.0,2.907360763297572,0.0,0.8695893893466109,-2.0,Low
2018-12-02,133.0,0.0,-2.6,0.0,-3.7,0.0,2.471256648802936,0.0,0.8779600847008883,8.0,Low
2018-12-03,132.0,9.2,1.95,8.4,1.11,8.8,10.900568151482496,3.825,0.8860706215341377,-1.0,High
2018-12-04,137.0,0.9,6.38,4.0,5.12,2.45,11.71548292876012,14.375,0.893918596519257,5.0,Medium
2018-12-05,146.0,2.0,4.51,0.5,1.89,1.25,11.208160489446104,7.999999999999999,0.9015016841318838,9.0,Medium
2018-12-06,147.0,0.5,2.44,4.2,-0.31,2.35,11.876936416029189,2.6625,0.9088176373395028,1.0,Medium
2018-12-07,152.0,6.5,1.69,9.4,0.56,7.95,18.04539595362481,2.8125,0.9158642882672868,5.0,High
2018-12-08,164.0,9.3,5.58,10.7,4.45,10.0,25.338586560581085,12.5375,0.9226395488404876,12.0,High
2018-12-09,229.0,5.7,4.75,6.4,4.0,6.050000000000001,27.587798576493924,10.9375,0.9291414114031744,65.0,High
2018-12-10,282.0,3.2,4.88,4.4,2.64,3.8,27.249628790019838,9.4,0.935367949313148,53.0,Medium
2018-12-11,300.0,3.6,0.89,0.2,0.04,1.9,25.062184471516854,1.1625,0.941317317512847,18.0,Medium
2018-12-12,280.0,0.0,0.87,0.0,0.25,0.0,21.30285680078933,1.4,0.946987753076075,-20.0,Low
2018-12-13,250.0,0.0,-0.13,0.0,-0.83,0.0,18.107428280670927,0.0,0.9523775757303972,-30.0,Low
2018-12-14,226.0,0.0,0.09,0.0,-0.46,0.0,15.391314038570288,0.0,0.9574851883550388,-24.0,Low
2018-12-15,208.0,0.2,-0.31,0.0,-0.85,0.1,13.182616932784743,0.0,0.9623090774541488,-18.0,Low
2018-12-16,195.0,5.2,-0.74,5.3,-1.34,5.25,16.45522439286703,0.0,0.9668478136052772,-13.0,High
2018-12-17,182.0,0.0,-1.52,0.0,-2.12,0.0,13.986940733936976,0.0,0.9711000518829505,-13.0,Low
2018-12-18,178.0,0.0,-1.03,0.0,-1.9,0.0,11.888899623846427,0.0,0.9750645322571944,-4.0,Low
2018-12-19,169.0,0.0,-1.75,0.0,-2.82,0.0,10.105564680269463,0.0,0.9787400799669153,-9.0,Low
2018-12-20,157.0,0.0,-3.38,1.4,-4.46,0.7,9.289729978229044,0.0,0.9821256058680006,-12.0,Low
2018-12-21,167.0,3.2,-3.8,3.5,-4.58,3.35,11.246270481494689,0.0,0.9852201067560606,10.0,Medium
2018-12-22,170.0,3.1,-0.69,2.4,-1.25,2.75,12.309329909270485,0.0,0.9880226656636976,3.0,Medium
2018-12-23,153.0,3.2,0.87,1.0,-0.84,2.1,12.56293042287991,0.0375,0.9905324521322229,-17.0,Medium
2018-12-24,156.0,0.7,-1.05,0.0,-2.47,0.35,11.028490859447922,0.0,0.9927487224577402,3.0,Low
2018-12-25,152.0,1.5,3.05,0.7,0.02,1.1,10.474217230530734,3.8375,0.9946708199115212,-4.0,Medium
2018-12-26,153.0,0.0,4.62,0.0,2.71,0.0,8.903084645951123,9.1625,0.9962981749346076,1.0,Low
2018-12-27,155.0,2.5,4.73,2.9,2.66,2.7,10.267621949058457,9.2375,0.9976303053065856,2.0,Medium
2018-12-28,172.0,2.3,4.27,1.9,3.1,2.1,10.827478656699686,9.2125,0.998666816288476,17.0,Medium
2018-12-29,209.0,0.9,4.14,2.1,2.93,1.5,10.703356858194732,8.8375,0.9994074007397048,37.0,Medium
2018-12-30,235.0,8.7,3.76,9.1,3.12,8.899999999999999,17.99785332946552,8.6,0.9998518392091162,26.0,High
2018-12-31,261.0,0.0,1.25,0.4,0.0,0.2,15.498175330045692,1.5625,1.0,26.0,Low
2019-01-01,289.0,3.1,5.33,11.9,4.48,7.5,20.67344903053884,12.2625,0.9998518392091162,28.0,High
2019-01-02,341.0,1.5,0.89,0.7,-0.06,1.1,18.672431675958013,1.0375,0.9994074007397048,52.0,Medium
2019-01-03,376.0,0.0,-2.46,0.0,-3.3,0.0,15.871566924564313,0.0,0.998666816288476,35.0,Low
2019-01-04,349.0,6.0,1.35,7.3,-1.18,6.65,20.140831885879663,0.2125000000000002,0.9976303053065856,-27.0,High
2019-01-05,288.0,1.2,0.31,1.7,-0.4,1.45,18.56970710299771,0.0,0.9962981749346078,-61.0,Medium
2019-01-06,262.0,0.0,-3.1,0.0,-4.8,0.0,15.784251037548056,0.0,0.9946708199115212,-26.0,Low
2019-01-07,235.0,1.3,0.25,3.0,-2.78,2.15,15.566613381915849,0.0,0.9927487224577402,-27.0,Medium
2019-01-08,221.0,7.0,-1.17,4.9,-2.31,5.95,19.18162137462847,0.0,0.9905324521322229,-14.0,High
2019-01-09,211.0,2.3,-2.97,2.3,-4.0,2.3,18.6043781684342,0.0,0.9880226656636976,-10.0,Medium
2019-01-10,204.0,0.9,-5.51,1.2,-6.86,1.05,16.86372144316907,0.0,0.9852201067560606,-7.0,Medium
2019-01-11,217.0,5.3,0.11,13.6,-3.73,9.45,23.784163226693707,0.0,0.9821256058680006,13.0,High
2019-01-12,229.0,0.8,2.47,0.5,-0.38,0.65,20.86653874268965,2.6125000000000003,0.9787400799669153,12.0,Low
2019-01-13,224.0,9.9,2.75,11.9,0.98,10.9,28.6365579312862,4.6625,0.9750645322571948,-5.0,High
2019-01-14,223.0,4.8,1.21,5.0,-0.57,4.9,29.241074241593267,0.8,0.9711000518829505,-1.0,High
2019-01-15,241.0,3.5,0.8,3.2,-1.61,3.35,28.20491310535428,0.0,0.9668478136052776,18.0,Medium
2019-01-16,243.0,6.8,1.3,4.8,-0.22,5.8,29.774176139551138,1.35,0.9623090774541486,2.0,High
2019-01-17,260.0,13.2,3.04,24.0,2.14,18.6,43.90804971861847,6.475,0.9574851883550392,17.0,High
2019-01-18,395.0,4.0,0.02,2.2,-2.14,3.1,40.4218422608257,0.0,0.9523775757303974,135.0,Medium
2019-01-19,450.0,0.0,2.06,8.6,-0.18,4.3,38.65856592170184,2.35,0.9469877530760752,55.0,High
2019-01-20,460.0,6.2,0.69,7.2,-4.12,6.7,39.55978103344657,0.0,0.9413173175128472,10.0,High
2019-01-21,412.0,0.1,-0.05,0.0,-5.45,0.05,33.67581387842958,0.0,0.9353679493131484,-48.0,Low
2019-01-22,336.0,0.0,-3.22,0.0,-4.8,0.0,28.624441796665145,0.0,0.9291414114031744,-76.0,Low
2019-01-23,319.0,0.0,-6.9,0.0,-9.39,0.0,24.33077552716537,0.0,0.9226395488404876,-17.0,Low
2019-01-24,317.0,0.0,-7.09,0.0,-9.18,0.0,20.68115919809056,0.0,0.9158642882672872,-2.0,Low
2019-01-25,303.0,1.6,-6.35,1.8,-7.78,1.7000000000000002,19.27898531837697,0.0,0.9088176373395028,-14.0,Medium
2019-01-26,292.0,3.5,-4.3,1.1,-6.42,2.3,18.68713752062043,0.0,0.901501684131884,-11.0,Medium
2019-01-27,287.0,3.9,-6.51,2.1,-7.4,3.0,18.884066892527365,0.0,0.893918596519257,-5.0,Medium
2019-01-28,277.0,2.8,-3.07,3.4,-3.98,3.1,19.15145685864826,0.0,0.886070621534138,-10.0,Medium
2019-01-29,268.0,4.5,-0.43,9.8,-1.85,7.15,23.428738329851026,0.0,0.8779600847008882,-9.0,High
2019-01-30,264.0,0.0,-2.34,0.2,-4.09,0.1,20.01442758037337,0.0,0.869589389346611,-4.0,Low
2019-01-31,252.0,0.0,-4.0,0.0,-4.98,0.0,17.012263443317362,0.0,0.8609610158889943,-12.0,Low
2019-02-01,247.0,2.5,0.43,3.0,-0.03,2.75,17.210423926819757,0.5,0.8520775211013093,-5.0,Medium
2019-02-02,239.0,2.9,1.9,2.2,1.38,2.55,17.17886033779679,4.1,0.8429415373547828,-8.0,Medium
2019-02-03,236.0,2.2,2.45,1.5,1.68,1.85,16.452031287127273,5.1625,0.8335557718385699,-3.0,Medium
2019-02-04,250.0,2.4,0.21,3.9,-1.08,3.15,17.13422659405818,0.0,0.8239230057575542,14.0,Medium
2019-02-05,264.0,2.3,0.22,2.5,-1.64,2.4,16.964092604949453,0.0,0.8140460935082178,14.0,Medium
2019-02-06,265.0,1.4,1.5,6.4,0.79,3.9,18.31947871420704,2.8625,0.8039279618328213,1.0,Medium
2019-02-07,262.0,0.7,1.5,0.7,0.72,0.7,16.271556907075983,2.7749999999999995,0.7935716089521474,-3.0,Low
2019-02-08,256.0,0.0,2.38,0.1,1.0,0.05,13.880823371014586,4.225,0.7829801036770629,-6.0,Low
2019-02-09,242.0,2.3,2.51,4.5,1.51,3.4,15.198699865362398,5.025,0.7721565844991642,-14.0,Medium
2019-02-10,255.0,6.5,3.77,7.3,3.15,6.9,19.81889488555804,8.65,0.7611042586607747,13.0,High
2019-02-11,357.0,10.0,2.84,10.5,2.08,10.25,27.096060652724333,6.15,0.7498264012045686,102.0,High
2019-02-12,457.0,0.0,2.0,0.0,0.7,0.0,23.03165155481568,3.375,0.7383263540031065,100.0,Low
2019-02-13,496.0,1.9,3.24,3.7,2.09,2.8,22.37690382159333,6.6625,0.7266075247685656,39.0,Medium
2019-02-14,511.0,0.2,3.06,0.2,2.35,0.2,19.22036824835433,6.7625,0.7146733860429609,15.0,Low
2019-02-15,506.0,0.0,3.24,0.2,3.16,0.1,16.437313011101182,8.0,0.702527474169157,-5.0,Low
2019-02-16,491.0,0.0,3.69,0.0,3.95,0.0,13.971716059436003,9.55,0.6901733882429719,-15.0,Low
2019-02-17,486.0,0.2,3.54,0.0,4.34,0.1,11.975958650520605,9.85,0.6776147890466889,-5.0,Low
2019-02-18,489.0,0.0,2.71,0.0,2.51,0.0,10.179564852942512,6.525,0.6648553979642865,3.0,Low
2019-02-19,483.0,0.9,3.05,2.0,3.54,1.45,10.102630125001134,8.2375,0.6518989958787126,-6.0,Medium
2019-02-20,462.0,0.0,2.8,0.3,2.26,0.15,8.737235606250964,6.324999999999999,0.6387494220515272,-21.0,Low
2019-02-21,440.0,0.0,-0.55,0.0,-1.42,0.0,7.426650265313319,0.0,0.6254105729852463,-22.0,Low
2019-02-22,418.0,0.0,-3.36,0.0,-4.01,0.0,6.312652725516322,0.0,0.6118864012687243,-22.0,Low
2019-02-23,355.0,0.0,0.44,0.0,-0.79,0.0,5.365754816688873,0.0,0.5981809144059164,-63.0,Low
2019-02-24,302.0,0.0,2.76,0.0,2.27,0.0,4.5608915941855415,6.2875,0.5842981736283683,-53.0,Low
2019-02-25,280.0,0.0,2.63,0.0,2.27,0.0,3.87675785505771,6.125,0.5702422926917871,-22.0,Low
2019-02-26,264.0,0.0,3.4,0.0,3.67,0.0,3.295244176799053,8.8375,0.5560174366570446,-16.0,Low
2019-02-27,256.0,0.0,2.27,0.0,1.18,0.0,2.8009575502791955,4.3125,0.5416278206559814,-8.0,Low
2019-02-28,250.0,0.0,3.41,0.0,2.96,0.0,2.380813917737316,7.9625,0.5270777086423722,-6.0,Low
2019-03-01,247.0,0.0,-1.31,0.0,-2.24,0.0,2.023691830076719,0.0,0.5123714121284237,-3.0,Low
2019-03-02,244.0,0.0,0.13,0.0,-1.83,0.0,1.720138055565211,0.0,0.4975132889071806,-3.0,Low
2019-03-03,236.0,2.8,3.18,6.0,3.03,4.4,5.86211734723043,7.7625,0.4825077417612184,-8.0,High
2019-03-04,229.0,4.1,4.3,5.9,4.82,5.0,9.982799745145863,11.400000000000002,0.4673592171580022,-7.0,High
2019-03-05,246.0,5.7,2.25,6.5,1.96,6.1,14.585379783373984,5.2625,0.4520722039323043,17.0,High
2019-03-06,298.0,0.0,0.23,0.0,-0.72,0.0,12.397572815867886,0.0,0.436651231956064,52.0,Low
2019-03-07,330.0,3.2,5.16,3.4,5.01,3.3,13.8379368934877,12.7125,0.4211008707960896,32.0,Medium
2019-03-08,314.0,4.4,4.58,6.6,4.88,5.5,17.262246359464545,11.825,0.4054257283599973,-16.0,High
2019-03-09,314.0,7.5,3.78,9.3,3.57,8.4,23.072909405544863,9.1875,0.3896304495307879,0.0,High
2019-03-10,358.0,1.4,3.02,3.9,2.45,2.65,22.26197299471313,6.8375,0.373719714790469,44.0,Medium
2019-03-11,409.0,0.5,0.57,2.4,-1.34,1.45,20.37267704550616,0.0,0.3576982388331254,51.0,Medium
2019-03-12,432.0,0.1,0.55,0.1,-1.38,0.1,17.416775488680237,0.0,0.3415707691678556,23.0,Low
2019-03-13,415.0,2.3,2.12,3.0,0.9,2.65,17.4542591653782,3.775,0.3253420847119801,-17.0,Medium
2019-03-14,355.0,2.9,3.82,5.9,3.03,4.4,19.23612029057147,8.5625,0.3090169943749474,-60.0,High
2019-03-15,329.0,4.5,4.0,3.8,3.35,4.15,20.500702246985757,9.1875,0.2926003356333483,-26.0,High
2019-03-16,346.0,5.9,3.35,5.9,2.76,5.9,23.325596909937893,7.637499999999999,0.2760969730974688,17.0,High
2019-03-17,372.0,5.9,4.75,6.7,4.75,6.300000000000001,26.12675737344721,11.875,0.2595117970697999,26.0,High
2019-03-18,380.0,0.0,4.36,1.8,4.14,0.9,23.10774376743013,10.625,0.2428497220959356,8.0,Medium
2019-03-19,376.0,0.7,2.97,3.4,1.95,2.05,21.691582202315608,6.15,0.2261156855082882,-4.0,Medium
2019-03-20,361.0,2.0,4.2,3.4,2.93,2.7,21.137844871968262,8.912500000000001,0.2093146459630484,-15.0,Medium
2019-03-21,344.0,0.0,4.36,0.3,4.43,0.15,18.117168141173025,10.9875,0.1924515819708299,-17.0,Low
2019-03-22,330.0,0.0,3.55,0.0,4.65,0.0,15.39959291999707,10.25,0.1755314904214282,-14.0,Low
2019-03-23,313.0,0.0,4.0,0.0,3.89,0.0,13.08965398199751,9.8625,0.1585593851031347,-17.0,Low
2019-03-24,292.0,0.0,4.28,0.0,3.62,0.0,11.126205884697882,9.875,0.141540295217043,-21.0,Low
2019-03-25,275.0,0.0,3.66,0.4,2.89,0.2,9.6572750019932,8.1875,0.1244792638867891,-17.0,Low
2019-03-26,262.0,2.4,2.49,3.5,0.81,2.95,11.15868375169422,4.125,0.107381346664163,-13.0,Medium
2019-03-27,254.0,1.5,3.44,3.7,1.65,2.6,12.084881188940086,6.3625,0.0902516100310411,-8.0,Medium
2019-03-28,250.0,0.0,2.58,0.0,4.04,0.0,10.272149010599072,8.275,0.0730951298980777,-4.0,Low
2019-03-29,249.0,0.0,5.74,0.0,6.05,0.0,8.731326659009211,14.7375,0.0559169901006034,-1.0,Low
2019-03-30,245.0,0.0,6.07,0.0,6.17,0.0,7.421627660157829,15.3,0.0387222808921744,-4.0,Low
2019-03-31,237.0,0.0,4.83,0.0,4.7,0.0,6.308383511134155,11.9125,0.0215160974362222,-8.0,Low
2019-04-01,228.0,0.0,3.12,0.0,2.4,0.0,5.362125984464031,6.9,0.0043035382962442,-9.0,Low
2019-04-02,218.0,0.0,6.32,0.0,5.22,0.0,4.557807086794426,14.425,-0.0129102960750088,-10.0,Low
2019-04-03,210.0,0.0,9.3,0.0,8.09,0.0,3.8741360237752622,21.7375,-0.0301203048469081,-8.0,Low
2019-04-04,201.0,0.0,10.03,0.0,8.8,0.0,3.2930156202089726,23.5375,-0.0473213883224318,-9.0,Low
2019-04-05,192.0,0.0,10.66,0.0,9.0,0.0,2.7990632771776265,24.575,-0.0645084494493162,-9.0,Low
2019-04-06,186.0,0.0,11.08,0.0,9.49,0.0,2.3792037856009824,25.7125,-0.0816763953304224,-6.0,Low
2019-04-07,182.0,0.0,7.94,0.0,9.11,0.0,2.0223232177608352,21.3125,-0.0988201387328714,-4.0,Low
2019-04-08,178.0,2.1,3.75,1.0,3.52,1.55,3.2689747350967098,9.0875,-0.1159345995955004,-4.0,Medium
2019-04-09,177.0,0.0,2.4,0.4,1.38,0.2,2.9786285248322035,4.725,-0.1330147065341959,-1.0,Low
2019-04-10,176.0,0.7,2.38,0.0,1.87,0.35,2.881834246107373,5.3125,-0.1500553983446526,-1.0,Low
2019-04-11,171.0,0.0,1.62,0.0,1.05,0.0,2.449559109191267,3.3375,-0.1670516255021192,-5.0,Low
2019-04-12,167.0,0.0,2.27,0.0,1.22,0.0,2.0821252428125767,4.362500000000001,-0.18399835165768,-4.0,Low
2019-04-13,164.0,0.0,4.2,0.0,3.3,0.0,1.76980645639069,9.375,-0.200890555130635,-3.0,Low
2019-04-14,160.0,0.0,5.47,0.0,4.4,0.0,1.5043354879320865,12.337500000000002,-0.2177232303965317,-4.0,Low
2019-04-15,158.0,0.0,6.37,0.0,5.44,0.0,1.2786851647422737,14.7625,-0.2344913895704098,-2.0,Low
2019-04-16,156.0,0.0,6.43,0.0,7.02,0.0,1.0868823900309323,16.8125,-0.2511900638848193,-2.0,Low
2019-04-17,153.0,0.0,12.09,0.0,10.79,0.0,0.9238500315262924,28.6,-0.2678143051621742,-3.0,Low
2019-04-18,150.0,0.0,9.34,0.0,11.86,0.0,0.7852725267973485,26.5,-0.2843591872810034,-3.0,Low
2019-04-19,148.0,0.0,7.32,0.0,11.64,0.0,0.6674816477777462,23.700000000000003,-0.3008198076356673,-2.0,Low
2019-04-20,145.0,0.0,6.77,0.0,10.5,0.0,0.5673594006110843,21.5875,-0.3171912885891061,-3.0,Low
2019-04-21,144.0,0.0,9.57,0.0,8.46,0.0,0.4822554905194216,22.5375,-0.3334687789181868,-1.0,Low
2019-04-22,143.0,0.0,12.64,0.0,11.38,0.0,0.4099171669415083,30.02500000000001,-0.3496474552512284,-1.0,Low
2019-04-23,137.0,0.0,15.04,0.0,13.31,0.0,0.3484295919002821,35.4375,-0.3657225234972689,-6.0,Low
2019-04-24,133.0,0.0,16.78,0.0,15.46,0.0,0.2961651531152398,40.3,-0.3816892202666588,-4.0,Low
2019-04-25,136.0,0.0,18.5,0.0,16.86,0.0,0.2517403801479538,44.2,-0.3975428142825559,3.0,Low
2019-04-26,134.0,0.0,20.14,0.0,18.54,0.0,0.2139793231257607,48.35,-0.4132786077829042,-2.0,Low
2019-04-27,131.0,0.0,18.56,0.0,18.42,0.0,0.1818824246568966,46.22500000000001,-0.4288919379124835,-3.0,Low
2019-04-28,128.0,0.0,10.93,0.0,15.05,0.0,0.1546000609583621,32.475,-0.4443781781046132,-3.0,Low
2019-04-29,128.0,0.0,13.4,0.0,12.14,0.0,0.1314100518146078,31.925,-0.4597327394521039,0.0,Low
2019-04-30,128.0,0.0,11.42,0.0,11.59,0.0,0.1116985440424166,28.7625,-0.4749510720670499,0.0,Low
2019-05-01,133.0,0.6,9.32,0.6,10.58,0.6,0.6949437624360542,24.875,-0.4900286664290592,5.0,Low
2019-05-02,143.0,0.8,7.78,4.3,7.01,2.55,3.1407021980706458,18.4875,-0.5049610547215204,10.0,Medium
2019-05-03,129.0,0.0,6.01,0.0,4.75,0.0,2.6695968683600486,13.45,-0.5197438121555155,-14.0,Low
2019-05-04,132.0,3.2,6.58,3.4,5.29,3.3,5.5691573381060415,14.837500000000002,-0.5343725582809787,3.0,Medium
2019-05-05,135.0,0.0,6.59,0.0,5.12,0.0,4.733783737390136,14.6375,-0.548842958284719,3.0,Low
2019-05-06,136.0,0.0,6.78,0.0,5.97,0.0,4.023716176781615,15.9375,-0.5631507242749186,1.0,Low
2019-05-07,133.0,0.0,7.83,0.0,5.27,0.0,3.420158750264373,16.375,-0.5772916165517272,-3.0,Low
2019-05-08,131.0,0.0,9.29,0.0,6.82,0.0,2.907134937724717,20.1375,-0.5912614448635781,-2.0,Low
2019-05-09,128.0,0.0,12.75,0.0,11.27,0.0,2.471064697066009,30.025,-0.6050560696488488,-3.0,Low
2019-05-10,128.0,0.0,11.59,0.0,11.76,0.0,2.100404992506108,29.1875,-0.6186714032625031,0.0,Low
2019-05-11,134.0,0.0,9.15,0.0,10.94,0.0,1.7853442436301918,25.1125,-0.6321034111873487,6.0,Low
2019-05-12,131.0,1.7,9.09,4.7,9.38,3.2,4.717542607085663,23.0875,-0.6453481132295501,-3.0,Medium
2019-05-13,132.0,7.6,8.15,8.4,7.61,8.0,12.009911216022816,19.700000000000003,-0.6584015846980488,1.0,High
2019-05-14,134.0,0.0,8.0,0.0,8.42,0.0,10.208424533619391,20.525,-0.6712599575675313,2.0,Low
2019-05-15,135.0,0.0,12.81,0.0,12.0,0.0,8.677160853576483,31.012500000000003,-0.6839194216246106,1.0,Low
2019-05-16,134.0,0.0,16.07,0.0,14.96,0.0,7.37558672554001,38.7875,-0.6963762255968722,-1.0,Low
2019-05-17,137.0,1.1,16.12,0.2,15.32,0.65,6.919248716709009,39.3,-0.7086266782644596,3.0,Low
2019-05-18,133.0,23.2,17.22,21.2,16.97,22.2,28.081361409202657,42.7375,-0.7206671495538609,-4.0,High
2019-05-19,136.0,12.7,20.25,0.0,19.65,6.35,30.219157197822256,49.875,-0.7324940716135789,3.0,High
2019-05-20,134.0,0.0,22.43,0.0,21.23,0.0,25.68628361814892,54.575,-0.7441039398713607,-2.0,Low
2019-05-21,131.0,0.0,21.61,2.1,20.28,1.05,22.88334107542658,52.3625,-0.7554933140726803,-3.0,Medium
2019-05-22,128.0,2.5,17.24,1.0,18.31,1.75,21.200839914112592,44.4375,-0.766658819300159,-3.0,Medium
2019-05-23,131.0,0.0,13.28,0.0,14.86,0.0,18.020713926995704,35.175,-0.777597146973627,3.0,Low
2019-05-24,130.0,0.0,13.31,0.3,13.86,0.15,15.467606837946349,33.962500000000006,-0.7883050558305255,-1.0,Low
2019-05-25,131.0,0.0,12.65,0.0,11.83,0.0,13.147465812254396,30.6,-0.7987793728863649,1.0,Low
2019-05-26,134.0,2.8,11.47,1.2,10.87,2.0,13.175345940416236,27.925,-0.8090169943749473,3.0,Medium
2019-05-27,130.0,12.4,12.08,14.2,12.03,13.3,24.4990440493538,30.1375,-0.8190148866680801,-4.0,High
2019-05-28,128.0,7.6,12.18,4.5,12.18,6.05,26.874187441950728,30.45,-0.8287700871745037,-2.0,High
2019-05-29,134.0,0.3,10.3,0.0,9.81,0.15,22.99305932565812,25.1375,-0.8382797052177743,6.0,Low
2019-05-30,137.0,0.0,10.29,0.0,10.36,0.0,19.5441004268094,25.8125,-0.8475409228928311,3.0,Low
2019-05-31,137.0,9.3,12.35,11.9,11.97,10.6,27.212485362787987,30.4,-0.8565509959010036,0.0,High
2019-06-01,135.0,0.2,12.6,0.0,13.8,0.1,23.23061255836979,33.0,-0.865307254363206,-2.0,Low
2019-06-02,136.0,0.0,12.23,0.0,12.77,0.0,19.74602067461432,31.25,-0.8738071036110808,1.0,Low
2019-06-03,134.0,0.0,18.56,0.0,16.93,0.0,16.784117573422172,44.3625,-0.8820480249558537,-2.0,Low
2019-06-04,130.0,0.0,21.97,0.0,21.32,0.0,14.266499937408843,54.1125,-0.8900275764346767,-4.0,Low
2019-06-05,128.0,0.0,24.1,0.0,22.89,0.0,12.126524946797518,58.7375,-0.8977433935342337,-2.0,Low
2019-06-06,127.0,1.2,23.79,0.0,22.29,0.6,10.90754620477789,57.6,-0.9051931898913974,-1.0,Low
2019-06-07,126.0,0.0,23.26,0.0,22.35,0.0,9.271414274061208,57.0125,-0.9123747579707272,-1.0,Low
2019-06-08,125.0,0.2,19.41,5.4,20.16,2.8000000000000003,10.680702132952026,49.4625,-0.9192859697186104,-1.0,Medium
2019-06-09,127.0,0.0,16.8,0.0,16.55,0.0,9.078596813009222,41.6875,-0.9259247771938498,2.0,Low
2019-06-10,125.0,0.0,19.15,0.3,17.7,0.15,7.866807291057839,46.06249999999999,-0.9322892131745132,-2.0,Low
2019-06-11,130.0,2.0,24.55,1.1,23.71,1.55,8.236786197399162,60.325,-0.938377391740864,5.0,Medium
2019-06-12,131.0,0.0,27.3,0.0,25.75,0.0,7.001268267789288,66.3125,-0.9441875088341992,1.0,Low
2019-06-13,129.0,8.6,21.62,22.3,21.82,15.45,21.40107802762089,54.3,-0.9497178427914316,-2.0,High
2019-06-14,127.0,0.0,17.93,2.1,18.59,1.05,19.24091632347776,45.64999999999999,-0.9549667548552552,-2.0,Medium
2019-06-15,121.0,0.0,21.35,0.0,20.09,0.0,16.354778874956093,51.8,-0.9599326896597448,-6.0,Low
2019-06-16,124.0,8.1,17.61,6.5,17.22,7.3,21.20156204371268,43.5375,-0.9646141756912436,3.0,High
2019-06-17,122.0,1.6,17.59,0.2,17.35,0.9,18.92132773715577,43.675,-0.9690098257244062,-2.0,Medium
2019-06-18,120.0,0.0,17.94,0.0,17.9,0.0,16.083128576582407,44.8,-0.973118337233262,-2.0,Low
2019-06-19,116.0,0.0,21.61,0.0,21.27,0.0,13.670659290095044,53.6,-0.9769384927771816,-4.0,Low
2019-06-20,115.0,0.5,22.96,0.0,23.2,0.25,11.870060396580788,57.7,-0.980469160361632,-1.0,Low
2019-06-21,115.0,0.0,19.43,0.0,18.98,0.0,10.08955133709367,48.0125,-0.9837092937736096,0.0,Low
2019-06-22,116.0,0.0,16.6,0.0,15.54,0.0,8.57611863652962,40.175,-0.986657932891657,1.0,Low
2019-06-23,114.0,0.0,15.97,0.0,15.6,0.0,7.289700841050176,39.4625,-0.9893142039703664,-2.0,Low
2019-06-24,115.0,0.0,18.93,0.0,18.63,0.0,6.196245714892649,46.95,-0.99167731989929,1.0,Low
2019-06-25,115.0,0.0,21.4,0.0,20.81,0.0,5.266808857658752,52.76249999999999,-0.993746580436178,0.0,Low
2019-06-26,112.0,0.0,22.35,0.0,22.53,0.0,4.476787529009939,56.1,-0.9955213724144752,-3.0,Low
2019-06-27,112.0,2.3,17.06,0.0,16.91,1.15,4.955269399658448,42.4625,-0.9970011699250152,0.0,Medium
2019-06-28,116.0,0.0,14.73,0.0,15.08,0.0,4.211978989709681,37.2625,-0.9981855344718586,4.0,Low
2019-06-29,122.0,0.0,15.49,0.0,16.1,0.0,3.5801821412532284,39.4875,-0.99907411510223,6.0,Low
2019-06-30,118.0,0.0,19.78,0.0,21.41,0.0,3.043154820065244,51.4875,-0.9996666485105112,-4.0,Low
2019-07-01,120.0,0.0,18.6,0.0,18.9,0.0,2.586681597055457,46.875,-0.9999629591162656,2.0,Low
2019-07-02,130.0,2.8,16.08,6.5,15.19,4.65,6.848679357497139,39.08749999999999,-0.9999629591162656,10.0,High
2019-07-03,128.0,2.2,15.08,5.1,13.61,3.65,9.471377453872568,35.8625,-0.9996666485105112,-2.0,Medium
2019-07-04,136.0,12.2,15.17,14.2,13.36,13.2,21.25067083579168,35.6625,-0.99907411510223,8.0,High
2019-07-05,142.0,8.0,14.9,13.5,13.47,10.75,28.81307021042293,35.4625,-0.9981855344718586,6.0,High
2019-07-06,142.0,6.7,16.07,10.7,14.79,8.7,33.19110967885949,38.575,-0.9970011699250152,0.0,High
2019-07-07,146.0,10.1,14.34,10.4,13.03,10.25,38.46244322703056,34.2125,-0.9955213724144752,4.0,High
2019-07-08,151.0,36.3,14.55,11.8,12.93,24.05,56.74307674297597,34.35,-0.993746580436178,5.0,High
2019-07-09,157.0,8.8,14.76,12.3,13.78,10.55,58.78161523152957,35.675,-0.99167731989929,6.0,High
2019-07-10,159.0,10.3,13.94,8.7,12.71,9.5,59.46437294680013,33.3125,-0.9893142039703664,2.0,High
2019-07-11,161.0,0.0,15.47,0.0,14.44,0.0,50.54471700478011,37.3875,-0.9866579328916572,2.0,Low
2019-07-12,155.0,0.0,15.47,0.0,14.85,0.0,42.96300945406309,37.9,-0.9837092937736098,-6.0,Low
2019-07-13,149.0,0.0,15.67,0.9,15.46,0.45,36.96855803595363,38.9125,-0.980469160361632,-6.0,Low
2019-07-14,147.0,0.0,15.49,0.0,14.77,0.0,31.42327433056058,37.825,-0.9769384927771816,-2.0,Low
2019-07-15,145.0,0.0,16.84,0.0,15.67,0.0,26.70978318097649,40.6375,-0.973118337233262,-2.0,Low
2019-07-16,142.0,2.2,15.69,4.5,14.63,3.35,26.05331570383002,37.9,-0.9690098257244064,-3.0,Medium
2019-07-17,141.0,0.0,15.45,0.0,15.12,0.0,22.145318348255515,38.2125,-0.9646141756912436,-1.0,Low
2019-07-18,143.0,0.0,16.28,0.0,16.13,0.0,18.823520596017183,40.5125,-0.9599326896597444,2.0,Low
2019-07-19,140.0,0.0,16.43,0.0,16.41,0.0,15.999992506614609,41.05,-0.9549667548552552,-3.0,Low
2019-07-20,134.0,0.0,18.35,0.0,18.64,0.0,13.599993630622416,46.2375,-0.9497178427914316,-6.0,Low
2019-07-21,133.0,0.0,19.9,0.8,19.6,0.4,11.959994586029053,49.375,-0.9441875088341994,-1.0,Low
2019-07-22,135.0,0.0,17.95,0.0,16.88,0.0,10.165995398124696,43.5375,-0.9383773917408642,2.0,Low
2019-07-23,132.0,0.0,18.31,0.0,17.94,0.0,8.641096088405991,45.3125,-0.9322892131745134,-3.0,Low
2019-07-24,130.0,0.0,18.29,0.0,18.57,0.0,7.344931675145093,46.075,-0.92592477719385,-2.0,Low
2019-07-25,129.0,0.0,18.58,0.0,19.37,0.0,6.243191923873328,47.4375,-0.9192859697186104,-1.0,Low
2019-07-26,128.0,0.0,21.61,0.0,20.16,0.0,5.306713135292329,52.21249999999999,-0.9123747579707274,-1.0,Low
2019-07-27,124.0,0.0,21.45,0.0,20.68,0.0,4.51070616499848,52.6625,-0.9051931898913976,-4.0,Low
2019-07-28,122.0,0.0,24.41,0.0,22.68,0.0,3.834100240248707,58.8625,-0.8977433935342336,-2.0,Low
2019-07-29,121.0,0.0,23.52,0.0,24.3,0.0,3.258985204211401,59.775,-0.8900275764346766,-1.0,Low
2019-07-30,120.0,0.0,18.6,0.0,18.02,0.0,2.770137423579691,45.775000000000006,-0.8820480249558535,-1.0,Low
2019-07-31,123.0,0.0,15.07,0.0,14.57,0.0,2.3546168100427374,37.05,-0.8738071036110807,3.0,Low
2019-08-01,122.0,0.2,15.09,0.0,14.52,0.1,2.101424288536327,37.0125,-0.8653072543632061,-1.0,Low
2019-08-02,117.0,0.0,15.84,0.0,15.14,0.0,1.786210645255878,38.725,-0.8565509959010037,-5.0,Low
2019-08-03,114.0,0.0,15.57,0.0,14.24,0.0,1.5182790484674962,37.2625,-0.8475409228928312,-3.0,Low
2019-08-04,114.0,0.0,14.75,0.0,13.73,0.0,1.2905371911973718,35.6,-0.8382797052177745,0.0,Low
2019-08-05,114.0,0.0,14.51,0.0,13.72,0.0,1.096956612517766,35.2875,-0.828770087174504,0.0,Low
2019-08-06,112.0,4.2,16.91,3.5,16.21,3.85,4.782413120640101,41.400000000000006,-0.8190148866680802,-2.0,Medium
2019-08-07,109.0,0.0,19.66,0.0,19.38,0.0,4.065051152544085,48.8,-0.8090169943749472,-3.0,Low
2019-08-08,112.0,9.5,18.07,6.4,16.84,7.95,11.405293479662472,43.6375,-0.7987793728863648,3.0,High
2019-08-09,119.0,32.1,17.67,7.3,15.93,19.7,29.394499457713103,42.0,-0.7883050558305253,7.0,High
2019-08-10,117.0,4.7,17.05,3.0,16.16,3.85,28.83532453905614,41.5125,-0.7775971469736268,-2.0,Medium
2019-08-11,118.0,0.0,19.63,0.0,18.54,0.0,24.51002585819772,47.712500000000006,-0.7666588193001592,1.0,Low
2019-08-12,117.0,0.0,19.5,0.0,18.8,0.0,20.83352197946806,47.875,-0.7554933140726804,-1.0,Low
2019-08-13,118.0,0.0,18.91,0.0,17.81,0.0,17.70849368254785,45.9,-0.7441039398713608,1.0,Low
2019-08-14,121.0,2.4,17.5,5.9,15.25,4.15,19.202219630165672,40.9375,-0.7324940716135792,3.0,High
2019-08-15,121.0,0.0,17.62,1.5,14.72,0.75,17.07188668564082,40.425,-0.7206671495538615,0.0,Medium
2019-08-16,117.0,0.0,18.15,0.0,17.9,0.0,14.511103682794696,45.0625,-0.7086266782644601,-4.0,Low
2019-08-17,117.0,0.0,18.69,0.0,18.42,0.0,12.33443813037549,46.3875,-0.6963762255968726,0.0,Low
2019-08-18,117.0,0.0,22.13,0.0,21.69,0.0,10.484272410819166,54.775,-0.6839194216246105,0.0,Low
2019-08-19,117.0,0.0,19.7,0.0,18.21,0.0,8.91163154919629,47.3875,-0.6712599575675315,0.0,Low
2019-08-20,117.0,0.0,18.55,0.0,17.13,0.0,7.574886816816846,44.6,-0.6584015846980489,0.0,Low
2019-08-21,118.0,2.6,17.16,0.4,15.46,1.5,7.93865379429432,40.775000000000006,-0.64534811322955,1.0,Medium
2019-08-22,122.0,0.0,17.1,0.0,14.42,0.0,6.747855725150171,39.400000000000006,-0.6321034111873488,4.0,Low
2019-08-23,120.0,0.0,18.87,0.0,17.92,0.0,5.7356773663776455,45.98750000000001,-0.6186714032625032,-2.0,Low
2019-08-24,116.0,0.0,19.57,0.0,18.34,0.0,4.875325761420998,47.3875,-0.6050560696488494,-4.0,Low
2019-08-25,118.0,0.0,19.04,0.0,19.19,0.0,4.144026897207849,47.78750000000001,-0.5912614448635782,2.0,Low
2019-08-26,116.0,0.0,21.1,0.0,20.85,0.0,3.522422862626671,52.4375,-0.5772916165517278,-2.0,Low
2019-08-27,115.0,0.0,23.09,0.0,21.64,0.0,2.99405943323267,55.91250000000001,-0.5631507242749187,-1.0,Low
2019-08-28,113.0,0.0,24.01,0.0,22.78,0.0,2.5449505182477696,58.48750000000001,-0.5488429582847199,-2.0,Low
2019-08-29,113.0,1.0,21.04,1.8,19.97,1.4,3.563207940510604,51.2625,-0.5343725582809785,0.0,Medium
2019-08-30,113.0,0.0,20.19,0.0,19.31,0.0,3.0287267494340133,49.375,-0.5197438121555157,0.0,Low
2019-08-31,113.0,0.0,18.32,0.0,17.23,0.0,2.574417737018911,44.4375,-0.5049610547215202,0.0,Low
2019-09-01,110.0,0.0,22.36,0.0,20.51,0.0,2.188255076466074,53.587500000000006,-0.4900286664290594,-3.0,Low
2019-09-02,111.0,1.3,19.05,0.5,17.45,0.9,2.7600168149961632,45.625,-0.4749510720670502,1.0,Medium
2019-09-03,116.0,0.0,18.23,1.1,14.9,0.55,2.896014292746739,41.4125,-0.4597327394521046,5.0,Low
2019-09-04,121.0,0.6,17.92,2.1,15.69,1.35,3.811612148834728,42.0125,-0.4443781781046134,5.0,Medium
2019-09-05,118.0,0.0,17.95,1.7,16.9,0.85,4.089870326509518,43.56249999999999,-0.4288919379124841,-3.0,Medium
2019-09-06,123.0,0.2,17.15,0.9,14.57,0.55,4.02638977753309,39.65,-0.4132786077829044,5.0,Low
2019-09-07,117.0,0.0,15.78,0.4,14.73,0.2,3.622431310903127,38.1375,-0.3975428142825566,-6.0,Low
2019-09-08,119.0,15.2,16.17,10.6,15.66,12.9,15.979066614267657,39.7875,-0.3816892202666586,2.0,High
2019-09-09,122.0,0.0,19.86,0.0,19.02,0.0,13.582206622127508,48.6,-0.3657225234972692,3.0,Low
2019-09-10,128.0,3.1,17.75,0.5,16.85,1.8,13.34487562880838,43.25,-0.3496474552512282,6.0,Medium
2019-09-11,124.0,0.7,17.34,0.0,15.08,0.35,11.693144284487124,40.525000000000006,-0.333468778918187,-4.0,Low
2019-09-12,116.0,0.0,17.52,1.2,14.99,0.6,10.539172641814057,40.6375,-0.3171912885891059,-8.0,Low
2019-09-13,123.0,7.6,16.58,8.2,14.47,7.899999999999999,16.858296745541946,38.8125,-0.300819807635668,7.0,High
2019-09-14,125.0,0.0,15.56,0.0,12.48,0.0,14.329552233710654,35.05,-0.2843591872810036,2.0,Low
2019-09-15,149.0,4.5,15.48,8.6,13.94,6.55,18.73011939865405,36.775000000000006,-0.2678143051621748,24.0,High
2019-09-16,145.0,0.0,14.64,2.9,12.77,1.45,17.370601488855947,34.2625,-0.2511900638848195,-4.0,Medium
2019-09-17,150.0,3.7,12.52,7.8,9.74,5.75,20.515011265527555,27.825,-0.2344913895704105,5.0,High
2019-09-18,154.0,26.8,9.45,12.2,7.88,19.5,36.93775957569842,21.6625,-0.2177232303965322,4.0,High
2019-09-19,162.0,11.4,9.71,5.8,7.88,8.6,39.997095639343655,21.9875,-0.2008905551306352,8.0,High
2019-09-20,166.0,2.8,10.31,0.0,8.51,1.4,35.39753129344211,23.525,-0.1839983516576798,4.0,Medium
2019-09-21,163.0,0.0,14.31,0.0,12.3,0.0,30.08790159942579,33.2625,-0.1670516255021195,-3.0,Low
2019-09-22,155.0,0.0,12.46,0.0,11.04,0.0,25.57471635951192,29.375,-0.1500553983446526,-8.0,Low
2019-09-23,146.0,0.0,7.21,0.0,5.95,0.0,21.73850890558513,16.45,-0.1330147065341963,-9.0,Low
2019-09-24,140.0,0.0,8.23,0.0,6.81,0.0,18.47773256974736,18.8,-0.1159345995955006,-6.0,Low
2019-09-25,132.0,0.0,8.5,0.0,7.73,0.0,15.706072684285257,20.2875,-0.0988201387328721,-8.0,Low
2019-09-26,129.0,0.0,10.74,0.0,9.9,0.0,13.350161781642466,25.8,-0.0816763953304228,-3.0,Low
2019-09-27,128.0,0.0,12.64,0.0,11.67,0.0,11.347637514396096,30.387500000000003,-0.0645084494493162,-1.0,Low
2019-09-28,128.0,8.6,13.65,6.5,12.84,7.55,17.19549188723668,33.112500000000004,-0.0473213883224323,0.0,High
2019-09-29,132.0,1.6,14.2,12.9,12.52,7.25,21.86616810415118,33.4,-0.0301203048469083,4.0,High
2019-09-30,132.0,35.6,13.61,20.1,12.8,27.85,46.4362428885285,33.0125,-0.0129102960750088,0.0,High
2019-10-01,151.0,4.7,11.55,10.0,10.27,7.35,46.820806455249226,27.275,0.0043035382962438,19.0,High
2019-10-02,162.0,3.9,10.21,4.1,8.72,4.0,43.79768548696184,23.6625,0.0215160974362222,11.0,High
2019-10-03,172.0,4.7,8.7,5.5,7.44,5.1,42.32803266391756,20.175,0.0387222808921739,10.0,High
2019-10-04,177.0,5.8,8.24,0.5,7.1,3.15,39.12882776432993,19.175,0.055916990100603,5.0,Medium
2019-10-05,171.0,0.0,4.14,0.0,3.29,0.0,33.25950359968044,9.2875,0.0730951298980777,-6.0,Low
2019-10-06,161.0,0.0,4.15,0.0,2.73,0.0,28.27057805972837,8.600000000000001,0.0902516100310407,-10.0,Low
2019-10-07,152.0,9.1,4.22,4.0,1.79,6.55,30.579991350769117,7.512499999999999,0.107381346664163,-9.0,High
2019-10-08,153.0,7.4,7.53,3.9,5.04,5.65,31.642992648153744,15.7125,0.1244792638867886,1.0,High
2019-10-09,148.0,3.8,12.01,8.0,10.6,5.9,32.79654375093068,28.2625,0.141540295217043,-5.0,High
2019-10-10,154.0,9.9,10.89,12.7,9.47,11.3,39.17706218829108,25.45,0.1585593851031347,6.0,High
2019-10-11,190.0,13.5,12.06,23.1,10.62,18.3,51.60050286004741,28.35,0.1755314904214277,36.0,High
2019-10-12,250.0,6.5,12.97,16.4,12.11,11.45,55.310427431040296,31.35,0.1924515819708299,60.0,High
2019-10-13,346.0,0.5,12.85,0.3,12.29,0.4,47.41386331638425,31.425,0.2093146459630488,96.0,Low
2019-10-14,386.0,0.0,14.23,0.1,13.85,0.05,40.35178381892661,35.099999999999994,0.226115685508288,40.0,Low
2019-10-15,367.0,0.0,12.72,0.0,11.92,0.0,34.29901624608762,30.8,0.2428497220959358,-19.0,Low
2019-10-16,302.0,0.2,15.06,1.5,14.98,0.85,30.004163809174475,37.55,0.2595117970697994,-65.0,Medium
2019-10-17,257.0,9.3,12.49,8.4,11.56,8.850000000000001,34.3535392377983,30.0625,0.2760969730974688,-45.0,High
2019-10-18,233.0,3.4,13.11,3.6,12.4,3.5,32.70050835212855,31.8875,0.2926003356333479,-24.0,Medium
2019-10-19,222.0,2.8,12.36,3.8,11.51,3.3,31.095432099309267,29.8375,0.3090169943749472,-11.0,Medium
2019-10-20,212.0,0.0,13.04,0.0,13.09,0.0,26.43111728441288,32.6625,0.3253420847119795,-10.0,Low
2019-10-21,203.0,0.0,12.97,0.0,12.11,0.0,22.466449691750945,31.35,0.341570769167856,-9.0,Low
2019-10-22,194.0,0.0,13.0,0.0,12.31,0.0,19.096482237988305,31.637500000000003,0.3576982388331254,-9.0,Low
2019-10-23,185.0,0.0,12.24,0.0,11.13,0.0,16.23200990229006,29.2125,0.3737197147904692,-9.0,Low
2019-10-24,177.0,0.0,12.3,0.0,11.3,0.0,13.79720841694655,29.5,0.3896304495307877,-8.0,Low
2019-10-25,172.0,0.2,13.01,0.4,12.17,0.3,12.027627154404568,31.475,0.4054257283599973,-5.0,Low
2019-10-26,170.0,0.0,13.65,0.0,12.94,0.0,10.223483081243884,33.2375,0.4211008707960891,-2.0,Low
2019-10-27,167.0,5.5,12.12,8.6,10.93,7.05,15.7399606190573,28.8125,0.4366512319560638,-3.0,High
2019-10-28,167.0,3.0,8.65,10.1,5.55,6.55,19.928966526198703,17.75,0.4520722039323037,0.0,High
2019-10-29,184.0,9.9,5.33,5.8,3.3,7.85,24.789621547268894,10.787499999999998,0.467359217158002,17.0,High
2019-10-30,206.0,2.4,3.54,0.6,1.71,1.5,22.57117831517856,6.5625,0.4825077417612176,22.0,Medium
2019-10-31,210.0,6.2,7.86,9.1,4.42,7.65,26.83550156790178,15.35,0.4975132889071803,4.0,High
2019-11-01,214.0,1.1,8.31,0.6,4.14,0.8500000000000001,23.660176332716517,15.5625,0.5123714121284235,4.0,Medium
2019-11-02,217.0,7.6,4.65,6.0,3.62,6.8,26.91114988280904,10.3375,0.5270777086423724,3.0,High
2019-11-03,214.0,7.2,10.16,5.2,9.16,6.2,29.07447740038768,24.15,0.5416278206559811,-3.0,High
2019-11-04,228.0,16.5,9.75,14.3,9.5,15.4,40.11330579032953,24.0625,0.5560174366570446,14.0,High
2019-11-05,291.0,0.0,9.4,5.5,8.52,2.75,36.8463099217801,22.4,0.5702422926917867,63.0,Medium
2019-11-06,362.0,3.6,7.79,8.1,6.58,5.85,37.16936343351309,17.962500000000002,0.5842981736283683,71.0,High
2019-11-07,392.0,0.1,7.83,1.3,6.82,0.7000000000000001,32.29395891848612,18.3125,0.5981809144059159,30.0,Medium
2019-11-08,399.0,0.0,6.73,0.0,6.09,0.0,27.4498650807132,16.025,0.6118864012687242,7.0,Low
2019-11-09,379.0,0.4,8.38,0.5,8.03,0.45,23.782385318606217,20.5125,0.6254105729852457,-20.0,Low
2019-11-10,331.0,0.6,9.1,4.0,6.76,2.3,22.515027520815284,19.825,0.6387494220515268,-48.0,Medium
2019-11-11,291.0,3.0,5.81,1.5,4.62,2.25,21.387773392692992,13.0375,0.6518989958787125,-40.0,Medium
2019-11-12,266.0,0.0,5.33,0.0,4.84,0.0,18.179607383789044,12.7125,0.6648553979642867,-25.0,Low
2019-11-13,249.0,14.0,9.53,17.5,9.33,15.75,31.20266627622069,23.575,0.6776147890466887,-17.0,High
2019-11-14,283.0,1.9,7.87,0.9,7.9,1.4,27.92226633478758,19.7125,0.690173388242972,34.0,Medium
2019-11-15,329.0,0.0,5.97,0.0,5.6,0.0,23.733926384569443,14.4625,0.7025274741691566,46.0,Low
2019-11-16,326.0,0.2,8.13,0.7,7.48,0.4499999999999999,20.623837426884027,19.512500000000003,0.7146733860429608,-3.0,Low
2019-11-17,293.0,0.0,8.44,0.0,7.51,0.0,17.53026181285142,19.9375,0.726607524768565,-33.0,Low
2019-11-18,264.0,0.0,9.16,0.0,8.62,0.0,14.900722540923708,22.225,0.7383263540031063,-29.0,Low
2019-11-19,244.0,1.9,8.53,1.2,7.69,1.5499999999999998,14.21561415978515,20.275,0.749826401204568,-20.0,Medium
2019-11-20,227.0,0.0,5.84,0.0,5.22,0.0,12.083272035817378,13.825,0.7611042586607742,-17.0,Low
2019-11-21,214.0,0.0,5.38,0.0,4.55,0.0,10.270781230444772,12.4125,0.7721565844991641,-13.0,Low
2019-11-22,204.0,0.0,1.31,0.0,0.5,0.0,8.730164045878055,2.2625,0.7829801036770625,-10.0,Low
2019-11-23,194.0,0.0,-1.12,0.0,-1.95,0.0,7.420639438996347,0.0,0.7935716089521472,-10.0,Low
2019-11-24,185.0,0.0,-0.27,0.0,-1.14,0.0,6.307543523146895,0.0,0.8039279618328208,-9.0,Low
2019-11-25,178.0,0.0,-2.11,0.0,-2.71,0.0,5.36141199467486,0.0,0.8140460935082175,-7.0,Low
2019-11-26,173.0,0.0,-0.38,0.0,-0.98,0.0,4.557200195473631,0.0,0.8239230057575536,-5.0,Low
2019-11-27,169.0,0.0,2.12,0.0,1.21,0.0,3.873620166152586,4.1625,0.8335557718385695,-4.0,Low
2019-11-28,165.0,1.5,5.5,1.3,4.91,1.4,4.692577141229698,13.0125,0.8429415373547832,-4.0,Medium
2019-11-29,166.0,11.1,6.44,14.3,5.44,12.7,16.688690570045242,14.85,0.8520775211013093,1.0,High
2019-11-30,175.0,1.3,4.15,0.9,0.95,1.1,15.285386984538455,6.375000000000001,0.8609610158889945,9.0,Medium
2019-12-01,199.0,2.9,4.02,3.7,-0.09,3.3,16.292578936857687,4.9125,0.8695893893466109,24.0,Medium
2019-12-02,213.0,2.9,2.69,5.8,-0.43,4.35,18.198692096329037,2.825,0.8779600847008883,14.0,High
2019-12-03,219.0,0.3,4.48,2.2,-0.61,1.25,16.71888828187968,4.8375,0.8860706215341377,6.0,Medium
2019-12-04,229.0,2.3,7.23,8.9,5.28,5.6,19.81105503959773,15.637500000000005,0.893918596519257,10.0,High
2019-12-05,268.0,0.0,6.53,0.0,4.85,0.0,16.839396783658067,14.224999999999998,0.9015016841318838,39.0,Low
2019-12-06,291.0,0.9,5.75,7.9,2.56,4.4,18.71348726610936,10.3875,0.9088176373395028,23.0,High
2019-12-07,301.0,14.4,6.31,15.4,4.1,14.9,30.806464176192957,13.0125,0.9158642882672868,10.0,High
2019-12-08,365.0,7.2,6.83,12.8,4.98,10.0,36.18549454976401,14.7625,0.9226395488404876,64.0,High
2019-12-09,417.0,0.8,7.33,1.3,6.03,1.05,31.80767036729941,16.7,0.9291414114031744,52.0,Medium
2019-12-10,447.0,1.5,3.91,1.7,1.75,1.6,28.636519812204497,7.075,0.935367949313148,30.0,Medium
2019-12-11,458.0,0.0,1.17,0.0,-1.41,0.0,24.341041840373823,0.0,0.941317317512847,11.0,Low
2019-12-12,441.0,0.2,-0.08,0.2,-1.0,0.2,20.889885564317748,0.0,0.946987753076075,-17.0,Low
2019-12-13,370.0,1.9,1.85,0.8,1.15,1.35,19.106402729670087,3.75,0.9523775757303972,-71.0,Medium
2019-12-14,304.0,2.7,3.62,2.1,2.88,2.4000000000000004,18.640442320219577,8.125,0.9574851883550388,-66.0,Medium
2019-12-15,284.0,10.6,5.15,11.9,3.46,11.25,27.09437597218664,10.7625,0.9623090774541488,-20.0,High
2019-12-16,325.0,0.0,6.49,0.4,5.24,0.2,23.230219576358643,14.6625,0.9668478136052772,41.0,Low
2019-12-17,369.0,0.2,5.84,0.0,4.85,0.1,19.845686639904848,13.3625,0.9711000518829505,44.0,Low
2019-12-18,386.0,0.3,7.0,0.1,6.2,0.2,17.06883364391912,16.5,0.9750645322571944,17.0,Low
2019-12-19,362.0,0.0,4.8,0.0,4.09,0.0,14.508508597331252,11.1125,0.9787400799669153,-24.0,Low
2019-12-20,313.0,0.0,3.51,0.0,3.12,0.0,12.332232307731564,8.2875,0.9821256058680006,-49.0,Low
2019-12-21,282.0,0.7,4.8,2.4,4.19,1.5499999999999998,12.03239746157183,11.2375,0.9852201067560606,-31.0,Medium
2019-12-22,264.0,1.5,5.62,0.6,5.46,1.05,11.277537842336056,13.85,0.9880226656636976,-18.0,Medium
2019-12-23,251.0,1.4,6.04,0.7,5.82,1.0499999999999998,10.635907165985646,14.825,0.9905324521322229,-13.0,Medium
2019-12-24,241.0,1.8,5.72,2.5,5.32,2.15,11.1905210910878,13.8,0.9927487224577402,-10.0,Medium
2019-12-25,234.0,0.8,4.3,0.5,3.65,0.65,10.16194292742463,9.9375,0.9946708199115212,-7.0,Low
2019-12-26,230.0,0.7,2.89,0.1,1.61,0.3999999999999999,9.037651488310935,5.625,0.9962981749346076,-4.0,Low
2019-12-27,225.0,0.0,0.78,0.0,0.1,0.0,7.6820037650642945,1.1,0.9976303053065856,-5.0,Low
2019-12-28,219.0,0.0,-0.65,0.0,-0.94,0.0,6.52970320030465,0.0,0.998666816288476,-6.0,Low
2019-12-29,216.0,0.2,1.79,0.0,-0.3,0.1,5.650247720258951,1.8625,0.9994074007397048,-3.0,Low
2019-12-30,211.0,0.6,6.19,1.4,4.44,1.0,5.802710562220109,13.2875,0.9998518392091162,-5.0,Medium
2019-12-31,207.0,3.0,5.81,5.1,4.93,4.05,8.982303977887092,13.424999999999995,1.0,-4.0,High
2020-01-01,222.0,0.0,5.28,0.0,3.73,0.0,7.6349583812040285,11.2625,0.9998518392091162,15.0,Low
2020-01-02,241.0,0.0,5.45,0.0,4.75,0.0,6.489714624023424,12.75,0.9994074007397048,19.0,Low
2020-01-03,238.0,7.6,4.77,10.8,3.4,9.2,14.71625743041991,10.2125,0.998666816288476,-3.0,High
2020-01-04,244.0,2.2,4.6,2.5,3.34,2.35,14.858818815856925,9.925,0.9976303053065856,6.0,Medium
2020-01-05,275.0,0.4,2.93,0.0,0.4,0.2,12.829995993478382,4.1625,0.9962981749346078,31.0,Low
2020-01-06,282.0,5.3,4.9,9.8,3.73,7.550000000000001,18.455496594456623,10.7875,0.9946708199115212,7.0,High
2020-01-07,296.0,5.7,4.59,2.3,2.37,4.0,19.68717210528813,8.7,0.9927487224577402,14.0,High
2020-01-08,319.0,3.1,5.18,5.0,3.59,4.05,20.784096289494915,10.9625,0.9905324521322229,23.0,High
2020-01-09,330.0,4.6,5.0,5.4,4.15,5.0,22.66648184607068,11.4375,0.9880226656636976,11.0,High
2020-01-10,338.0,15.4,6.23,14.8,6.22,15.1,34.36650956916007,15.5625,0.9852201067560606,8.0,High
2020-01-11,385.0,1.6,3.68,0.9,2.54,1.25,30.461533133786062,7.775,0.9821256058680006,47.0,Medium
2020-01-12,437.0,9.7,4.97,20.7,4.05,15.2,41.09230316371816,11.275,0.9787400799669153,52.0,High
2020-01-13,475.0,10.6,5.04,11.1,4.1,10.85,45.77845768916043,11.425,0.9750645322571948,38.0,High
2020-01-14,511.0,2.5,4.67,4.2,3.28,3.35,42.26168903578637,9.9375,0.9711000518829505,36.0,Medium
2020-01-15,526.0,0.0,6.16,0.0,5.49,0.0,35.92243568041841,14.5625,0.9668478136052776,15.0,Low
2020-01-16,524.0,0.5,6.23,0.5,5.97,0.5,31.034070328355646,15.25,0.9623090774541486,-2.0,Low
2020-01-17,498.0,0.0,3.77,0.0,3.12,0.0,26.3789597791023,8.6125,0.9574851883550392,-26.0,Low
2020-01-18,435.0,0.0,4.46,0.5,2.81,0.25,22.672115812236957,9.0875,0.9523775757303974,-63.0,Low
2020-01-19,360.0,0.0,5.37,0.4,4.16,0.2,19.47129844040141,11.9125,0.9469877530760752,-75.0,Low
2020-01-20,314.0,0.0,5.2,0.0,4.5,0.0,16.550603674341197,12.125,0.9413173175128472,-46.0,Low
2020-01-21,293.0,0.0,5.84,0.0,5.5,0.0,14.068013123190015,14.175,0.9353679493131484,-21.0,Low
2020-01-22,277.0,0.0,5.06,1.0,4.0,0.5,12.457811154711514,11.325,0.9291414114031744,-16.0,Low
2020-01-23,268.0,1.2,4.58,1.8,3.1,1.5,12.089139481504787,9.6,0.9226395488404876,-9.0,Medium
2020-01-24,264.0,2.6,5.52,6.0,5.23,4.3,14.57576855927907,13.4375,0.9158642882672872,-4.0,High
2020-01-25,270.0,0.0,5.2,0.3,4.48,0.15,12.539403275387208,12.1,0.9088176373395028,6.0,Low
2020-01-26,284.0,1.4,4.52,3.3,3.88,2.35,13.008492784079126,10.499999999999998,0.901501684131884,14.0,Medium
2020-01-27,282.0,1.0,2.98,3.8,1.62,2.4,13.457218866467256,5.75,0.893918596519257,-2.0,Medium
2020-01-28,281.0,6.3,1.97,6.6,1.27,6.449999999999999,17.888636036497168,4.050000000000001,0.886070621534138,-1.0,High
2020-01-29,288.0,2.1,3.74,2.2,2.69,2.1500000000000004,17.355340631022592,8.0375,0.8779600847008882,7.0,Medium
2020-01-30,299.0,5.1,4.42,5.8,3.1,5.449999999999999,20.2020395363692,9.4,0.869589389346611,11.0,High
2020-01-31,317.0,11.3,3.86,9.4,3.4,10.35,27.521733605913823,9.075,0.8609610158889943,18.0,High
2020-02-01,358.0,9.8,5.96,12.8,6.04,11.3,34.69347356502675,15.0,0.8520775211013093,41.0,High
2020-02-02,410.0,2.8,5.35,6.9,4.65,4.85,34.33945253027274,12.5,0.8429415373547828,52.0,High
2020-02-03,449.0,0.0,3.82,0.0,2.54,0.0,29.188534650731825,7.949999999999999,0.8335557718385699,39.0,Low
2020-02-04,468.0,0.0,0.85,0.0,0.11,0.0,24.81025445312205,1.2,0.8239230057575542,19.0,Low
2020-02-05,459.0,0.3,1.38,0.2,-0.0,0.25,21.33871628515374,1.725,0.8140460935082178,-9.0,Low
2020-02-06,398.0,0.3,2.77,0.0,2.02,0.15,18.28790884238068,5.9875,0.8039279618328213,-61.0,Low
2020-02-07,329.0,0.0,0.42,0.0,-0.59,0.0,15.544722516023574,0.0,0.7935716089521474,-69.0,Low
2020-02-08,295.0,0.0,3.71,0.0,2.62,0.0,13.213014138620036,7.9125,0.7829801036770629,-34.0,Low
2020-02-09,276.0,0.0,4.2,0.0,2.34,0.0,11.231062017827032,8.175,0.7721565844991642,-19.0,Low
2020-02-10,277.0,14.6,5.53,15.3,5.3,14.95,24.49640271515297,13.5375,0.7611042586607747,1.0,High
2020-02-11,334.0,7.6,3.99,13.5,2.84,10.55,31.37194230788003,8.5375,0.7498264012045686,57.0,High
2020-02-12,400.0,6.6,4.6,8.9,3.59,7.75,34.41615096169802,10.2375,0.7383263540031065,66.0,High
2020-02-13,454.0,2.6,4.35,4.0,3.35,3.3,32.55372831744332,9.625,0.7266075247685656,54.0,Medium
2020-02-14,488.0,0.0,1.37,0.0,0.7,0.0,27.67066906982682,2.5875000000000004,0.7146733860429609,34.0,Low
2020-02-15,503.0,0.0,2.09,0.0,0.88,0.0,23.520068709352795,3.7125,0.702527474169157,15.0,Low
2020-02-16,498.0,2.5,5.44,3.2,5.34,2.85,22.84205840294988,13.475,0.6901733882429719,-5.0,Medium
2020-02-17,439.0,0.0,7.13,0.0,7.65,0.0,19.4157496425074,18.475,0.6776147890466889,-59.0,Low
2020-02-18,364.0,1.9,5.55,0.9,5.25,1.4,17.903387196131284,13.5,0.6648553979642865,-75.0,Medium
2020-02-19,321.0,0.2,4.93,1.9,4.12,1.05,16.26787911671159,11.3125,0.6518989958787126,-43.0,Medium
2020-02-20,304.0,0.0,4.53,0.0,3.48,0.0,13.827697249204853,10.0125,0.6387494220515272,-17.0,Low
2020-02-21,307.0,1.8,4.31,3.4,3.17,2.6,14.353542661824124,9.35,0.6254105729852463,3.0,Medium
2020-02-22,307.0,6.4,4.9,11.9,3.98,9.15,21.350511262550505,11.1,0.6118864012687243,0.0,High
2020-02-23,332.0,0.2,5.16,1.3,4.4,0.75,18.89793457316793,11.95,0.5981809144059164,25.0,Medium
2020-02-24,379.0,0.0,4.12,0.0,2.88,0.0,16.06324438719274,8.75,0.5842981736283683,47.0,Low
2020-02-25,383.0,1.8,2.97,2.6,1.64,2.2,15.853757729113829,5.7625,0.5702422926917871,4.0,Medium
2020-02-26,350.0,2.2,4.08,0.9,2.93,1.55,15.025694069746754,8.7625,0.5560174366570446,-33.0,Medium
2020-02-27,327.0,3.3,2.31,8.6,1.14,5.949999999999999,18.72183995928474,4.3125,0.5416278206559814,-23.0,High
2020-02-28,355.0,0.9,2.18,3.2,1.04,2.0500000000000003,17.963563965392026,4.025,0.5270777086423722,28.0,Medium
2020-02-29,399.0,0.8,3.39,1.4,1.99,1.1,16.369029370583224,6.725,0.5123714121284237,44.0,Medium
2020-03-01,414.0,3.5,5.69,4.4,5.57,3.95,17.86367496499574,14.075000000000005,0.4975132889071806,15.0,Medium
2020-03-02,411.0,7.8,5.65,6.9,4.98,7.35,22.534123720246377,13.2875,0.4825077417612184,-3.0,High
2020-03-03,418.0,6.1,5.98,4.8,5.58,5.449999999999999,24.60400516220942,14.45,0.4673592171580022,7.0,High
2020-03-04,430.0,0.7,5.3,2.2,4.95,1.4500000000000002,22.363404387878003,12.8125,0.4520722039323043,12.0,Medium
2020-03-05,438.0,0.0,4.3,0.0,3.27,0.0,19.0088937296963,9.4625,0.436651231956064,8.0,Low
2020-03-06,433.0,0.0,5.16,0.0,4.5,0.0,16.157559670241856,12.075,0.4211008707960896,-5.0,Low
2020-03-07,398.0,2.0,4.27,1.7,3.68,1.85,15.583925719705576,9.9375,0.4054257283599973,-35.0,Medium
2020-03-08,346.0,0.0,4.03,0.0,3.5,0.0,13.24633686174974,9.4125,0.3896304495307879,-52.0,Low
2020-03-09,311.0,0.0,5.4,0.0,4.44,0.0,11.259386332487278,12.3,0.373719714790469,-35.0,Low
2020-03-10,289.0,2.3,6.01,1.3,5.47,1.7999999999999998,11.370478382614184,14.35,0.3576982388331254,-22.0,Medium
2020-03-11,283.0,6.8,6.12,9.7,5.83,8.25,17.914906625222056,14.9375,0.3415707691678556,-6.0,High
2020-03-12,301.0,0.4,5.88,1.9,5.42,1.15,16.377670631438747,14.125,0.3253420847119801,18.0,Medium
2020-03-13,315.0,2.2,5.0,1.9,4.29,2.05,15.971020036722932,11.6125,0.3090169943749474,14.0,Medium
2020-03-14,317.0,3.5,0.19,4.4,-2.0,3.95,17.525367031214493,0.0,0.2926003356333483,2.0,Medium
2020-03-15,335.0,0.0,3.13,0.0,-0.03,0.0,14.896561976532318,3.875,0.2760969730974688,18.0,Low
2020-03-16,338.0,2.5,4.51,3.7,3.37,3.1,15.76207768005247,9.85,0.2595117970697999,3.0,Medium
2020-03-17,319.0,0.0,3.39,0.0,2.81,0.0,13.397766028044598,7.75,0.2428497220959356,-19.0,Low
2020-03-18,311.0,3.4,6.29,9.7,7.0,6.55,17.938101123837907,16.612499999999997,0.2261156855082882,-8.0,High
2020-03-19,316.0,0.0,5.39,0.0,4.18,0.0,15.24738595526222,11.9625,0.2093146459630484,5.0,Low
2020-03-20,335.0,0.0,4.59,0.0,2.61,0.0,12.960278061972888,9.0,0.1924515819708299,19.0,Low
2020-03-21,324.0,0.8,0.58,0.3,0.05,0.55,11.566236352676954,0.7875,0.1755314904214282,-11.0,Low
2020-03-22,296.0,0.0,-0.44,0.0,-1.3,0.0,9.83130089977541,0.0,0.1585593851031347,-28.0,Low
2020-03-23,274.0,0.0,-0.58,0.0,-0.91,0.0,8.356605764809098,0.0,0.141540295217043,-22.0,Low
2020-03-24,257.0,0.0,1.77,0.0,-0.03,0.0,7.103114900087733,2.175,0.1244792638867891,-17.0,Low
2020-03-25,243.0,0.0,3.43,0.0,1.66,0.0,6.037647665074573,6.3625,0.107381346664163,-14.0,Low
2020-03-26,231.0,0.0,4.19,0.0,4.02,0.0,5.132000515313387,10.2625,0.0902516100310411,-12.0,Low
2020-03-27,222.0,0.0,7.77,0.0,6.38,0.0,4.362200438016379,17.6875,0.0730951298980777,-9.0,Low
2020-03-28,215.0,0.0,6.05,0.0,7.11,0.0,3.707870372313922,16.45,0.0559169901006034,-7.0,Low
2020-03-29,207.0,0.2,2.05,0.0,1.34,0.1,3.251689816466834,4.2375,0.0387222808921744,-8.0,Low
2020-03-30,206.0,1.4,0.33,0.7,-0.74,1.0499999999999998,3.813936343996809,0.0,0.0215160974362222,-1.0,Medium
2020-03-31,203.0,0.5,1.6,0.1,0.56,0.3,3.541845892397287,2.7,0.0043035382962442,-3.0,Low
2020-04-01,204.0,1.7,5.03,2.3,4.27,2.0,5.0105690085376935,11.625,-0.0129102960750088,1.0,Medium
2020-04-02,200.0,0.0,5.82,0.6,5.38,0.3,4.55898365725704,14.0,-0.0301203048469081,-4.0,Low
2020-04-03,199.0,0.7,5.4,0.6,4.67,0.6499999999999999,4.525136108668484,12.5875,-0.0473213883224318,-1.0,Low
2020-04-04,196.0,0.0,5.1,0.0,3.6,0.0,3.8463656923682112,10.875,-0.0645084494493162,-3.0,Low
2020-04-05,196.0,0.0,5.36,0.0,5.0,0.0,3.26941083851298,12.95,-0.0816763953304224,0.0,Low
2020-04-06,191.0,0.0,9.17,0.0,8.99,0.0,2.778999212736033,22.7,-0.0988201387328714,-5.0,Low
2020-04-07,187.0,0.0,8.81,0.0,9.49,0.0,2.362149330825628,22.875,-0.1159345995955004,-4.0,Low
2020-04-08,182.0,0.0,7.4,0.0,7.69,0.0,2.007826931201784,18.8625,-0.1330147065341959,-5.0,Low
2020-04-09,178.0,0.0,7.26,0.0,7.27,0.0,1.7066528915215162,18.1625,-0.1500553983446526,-4.0,Low
2020-04-10,176.0,0.0,5.21,0.0,3.84,0.0,1.4506549577932888,11.3125,-0.1670516255021192,-2.0,Low
2020-04-11,174.0,0.0,4.83,0.0,4.28,0.0,1.2330567141242954,11.3875,-0.18399835165768,-2.0,Low
2020-04-12,172.0,0.9,8.29,0.7,9.38,0.8,1.848098207005651,22.0875,-0.200890555130635,-2.0,Medium
2020-04-13,168.0,0.0,6.21,0.0,5.33,0.0,1.5708834759548034,14.425,-0.2177232303965317,-4.0,Low
2020-04-14,169.0,0.2,4.93,0.0,3.37,0.1,1.435250954561583,10.375,-0.2344913895704098,1.0,Low
2020-04-15,175.0,1.4,6.43,2.7,5.97,2.05,3.2699633113773454,15.499999999999998,-0.2511900638848193,6.0,Medium
2020-04-16,177.0,0.0,7.19,0.0,6.7,0.0,2.779468814670744,17.3625,-0.2678143051621742,2.0,Low
2020-04-17,170.0,0.0,6.19,0.0,4.29,0.0,2.362548492470132,13.1,-0.2843591872810034,-7.0,Low
2020-04-18,171.0,0.0,5.83,0.0,4.62,0.0,2.008166218599612,13.0625,-0.3008198076356673,1.0,Low
2020-04-19,167.0,0.0,5.81,0.0,5.16,0.0,1.70694128580967,13.7125,-0.3171912885891061,-4.0,Low
2020-04-20,167.0,0.0,5.38,0.0,6.1,0.0,1.4509000929382194,14.35,-0.3334687789181868,0.0,Low
2020-04-21,163.0,0.0,6.63,0.0,8.08,0.0,1.2332650789974864,18.387500000000003,-0.3496474552512284,-4.0,Low
2020-04-22,159.0,0.0,7.46,0.0,8.52,0.0,1.0482753171478634,19.975,-0.3657225234972689,-4.0,Low
2020-04-23,154.0,0.0,7.75,0.0,6.95,0.0,0.8910340195756838,18.375,-0.3816892202666588,-5.0,Low
2020-04-24,150.0,0.0,8.18,0.0,8.18,0.0,0.7573789166393312,20.45,-0.3975428142825559,-4.0,Low
2020-04-25,147.0,0.0,6.16,0.0,6.08,0.0,0.6437720791434315,15.3,-0.4132786077829042,-3.0,Low
2020-04-26,153.0,0.0,6.3,0.0,5.74,0.0,0.5472062672719168,15.05,-0.4288919379124835,6.0,Low
2020-04-27,149.0,0.0,9.5,0.0,8.84,0.0,0.4651253271811292,22.925,-0.4443781781046132,-4.0,Low
2020-04-28,152.0,0.0,8.3,0.0,8.11,0.0,0.3953565281039599,20.5125,-0.4597327394521039,3.0,Low
2020-04-29,150.0,0.0,5.65,0.0,5.55,0.0,0.3360530488883659,14.0,-0.4749510720670499,-2.0,Low
2020-04-30,148.0,0.0,9.31,0.0,8.8,0.0,0.285645091555111,22.6375,-0.4900286664290592,-2.0,Low
2020-05-01,146.0,0.0,11.51,3.2,11.35,1.6,1.8427983278218445,28.575,-0.5049610547215204,-2.0,Medium
2020-05-02,139.0,6.6,9.03,5.0,10.68,5.8,7.366378578648567,24.637500000000003,-0.5197438121555155,-7.0,High
2020-05-03,140.0,0.0,7.76,0.0,8.02,0.0,6.261421791851282,19.725,-0.5343725582809787,1.0,Low
2020-05-04,145.0,0.0,9.48,0.0,9.87,0.0,5.32220852307359,24.1875,-0.548842958284719,5.0,Low
2020-05-05,144.0,0.0,11.8,0.0,11.78,0.0,4.523877244612551,29.475,-0.5631507242749186,-1.0,Low
2020-05-06,141.0,0.0,8.96,0.0,10.13,0.0,3.845295657920668,23.862500000000004,-0.5772916165517272,-3.0,Low
2020-05-07,142.0,0.0,7.8,0.0,7.43,0.0,3.268501309232568,19.0375,-0.5912614448635781,1.0,Low
2020-05-08,142.0,0.0,7.98,0.0,7.17,0.0,2.778226112847683,18.9375,-0.6050560696488488,0.0,Low
2020-05-09,140.0,0.0,9.25,0.0,10.06,0.0,2.36149219592053,24.137500000000003,-0.6186714032625031,-2.0,Low
2020-05-10,138.0,0.0,12.02,0.0,11.73,0.0,2.0072683665324504,29.6875,-0.6321034111873487,-2.0,Low
2020-05-11,134.0,2.7,7.87,3.7,7.65,3.2,4.906178111552583,19.4,-0.6453481132295501,-4.0,Medium
2020-05-12,143.0,0.3,7.56,0.0,6.39,0.15,4.320251394819696,17.4375,-0.6584015846980488,9.0,Low
2020-05-13,150.0,0.5,7.51,1.2,6.1,0.85,4.522213685596741,17.0125,-0.6712599575675313,7.0,Medium
2020-05-14,141.0,0.0,7.94,0.0,6.35,0.0,3.84388163275723,17.862499999999997,-0.6839194216246106,-9.0,Low
2020-05-15,146.0,0.0,9.24,0.0,8.16,0.0,3.267299387843645,21.75,-0.6963762255968722,5.0,Low
2020-05-16,154.0,0.0,9.55,1.0,8.83,0.5,3.2772044796670983,22.975,-0.7086266782644596,8.0,Low
2020-05-17,151.0,3.6,9.3,2.2,8.44,2.9000000000000004,5.685623807717034,22.175000000000004,-0.7206671495538609,-3.0,Medium
2020-05-18,148.0,0.2,9.18,0.2,8.68,0.2,5.032780236559479,22.325,-0.7324940716135789,-3.0,Low
2020-05-19,147.0,0.0,9.22,0.0,9.08,0.0,4.277863201075557,22.875,-0.7441039398713607,-1.0,Low
2020-05-20,150.0,0.0,8.05,0.0,8.04,0.0,3.636183720914224,20.1125,-0.7554933140726803,3.0,Low
2020-05-21,150.0,0.0,9.01,0.0,8.27,0.0,3.09075616277709,21.6,-0.766658819300159,0.0,Low
2020-05-22,153.0,0.0,9.58,0.0,9.85,0.0,2.627142738360526,24.2875,-0.777597146973627,3.0,Low
2020-05-23,151.0,0.6,11.35,0.7,11.96,0.6499999999999999,2.883071327606447,29.137500000000003,-0.7883050558305255,-2.0,Low
2020-05-24,146.0,1.1,10.4,3.1,11.0,2.1,4.55061062846548,26.75,-0.7987793728863649,-5.0,Medium
2020-05-25,142.0,0.0,11.25,6.6,12.03,3.3,7.168019034195657,29.1,-0.8090169943749473,-4.0,Medium
2020-05-26,144.0,0.0,11.42,0.0,14.55,0.0,6.0928161790663085,32.4625,-0.8190148866680801,2.0,Low
2020-05-27,145.0,0.0,11.44,0.0,12.85,0.0,5.178893752206362,30.3625,-0.8287700871745037,1.0,Low
2020-05-28,141.0,0.6,11.96,0.0,12.86,0.3,4.702059689375407,31.025,-0.8382797052177743,-4.0,Low
2020-05-29,141.0,0.0,11.26,0.0,11.85,0.0,3.996750735969096,28.8875,-0.8475409228928311,0.0,Low
2020-05-30,144.0,0.0,13.95,0.0,14.31,0.0,3.397238125573731,35.325,-0.8565509959010036,3.0,Low
2020-05-31,145.0,0.0,16.96,0.0,15.87,0.0,2.887652406737671,41.0375,-0.865307254363206,1.0,Low
2020-06-01,146.0,0.0,13.36,0.0,14.55,0.0,2.4545045457270205,34.8875,-0.8738071036110808,1.0,Low
2020-06-02,142.0,0.0,13.14,0.0,13.16,0.0,2.086328863867968,32.875,-0.8820480249558537,-4.0,Low
2020-06-03,138.0,0.0,13.5,0.0,12.09,0.0,1.7733795342877725,31.9875,-0.8900275764346767,-4.0,Low
2020-06-04,134.0,1.4,12.82,2.2,13.49,1.8,3.3073726041446063,32.8875,-0.8977433935342337,-4.0,Medium
2020-06-05,132.0,11.9,15.35,6.5,14.7,9.2,12.011266713522916,37.5625,-0.9051931898913974,-2.0,High
2020-06-06,135.0,0.5,13.43,3.8,13.28,2.15,12.359576706494478,33.3875,-0.9123747579707272,3.0,Medium
2020-06-07,124.0,0.0,15.18,1.4,15.38,0.7,11.205640200520303,38.2,-0.9192859697186104,-11.0,Low
2020-06-08,127.0,13.4,13.25,18.9,15.99,16.15,25.674794170442254,36.55,-0.9259247771938498,3.0,High
2020-06-09,132.0,0.0,13.5,0.0,14.17,0.0,21.82357504487592,34.587500000000006,-0.9322892131745132,5.0,Low
2020-06-10,139.0,0.0,17.75,0.0,17.0,0.0,18.55003878814453,43.4375,-0.938377391740864,7.0,Low
2020-06-11,137.0,0.0,20.68,0.0,20.32,0.0,15.76753296992285,51.25,-0.9441875088341992,-2.0,Low
2020-06-12,133.0,0.0,22.8,0.0,22.08,0.0,13.402403024434422,56.1,-0.9497178427914316,-4.0,Low
2020-06-13,130.0,0.0,20.22,0.0,18.88,0.0,11.392042570769258,48.87499999999999,-0.9549667548552552,-3.0,Low
2020-06-14,126.0,0.0,16.67,0.0,15.3,0.0,9.683236185153868,39.962500000000006,-0.9599326896597448,-4.0,Low
2020-06-15,128.0,0.0,15.04,0.2,14.44,0.1,8.330750757380788,36.85,-0.9646141756912436,2.0,Low
2020-06-16,125.0,0.0,16.56,0.1,15.89,0.05,7.131138143773669,40.5625,-0.9690098257244062,-3.0,Low
2020-06-17,119.0,0.0,17.27,0.0,20.06,0.0,6.061467422207619,46.6625,-0.973118337233262,-6.0,Low
2020-06-18,121.0,2.7,22.13,0.0,22.34,1.35,6.502247308876475,55.5875,-0.9769384927771816,2.0,Medium
2020-06-19,120.0,0.0,22.2,14.1,20.7,7.05,12.576910212545004,53.625,-0.980469160361632,-1.0,High
2020-06-20,121.0,2.5,20.44,6.9,20.6,4.7,15.390373680663252,51.30000000000001,-0.9837092937736096,1.0,High
2020-06-21,122.0,0.0,21.49,0.0,20.05,0.0,13.081817628563764,51.925,-0.986657932891657,1.0,Low
2020-06-22,126.0,16.3,19.28,0.0,20.15,8.15,19.2695449842792,49.2875,-0.9893142039703664,4.0,High
2020-06-23,136.0,44.8,15.53,19.7,17.52,32.25,48.62911323663732,41.3125,-0.99167731989929,10.0,High
2020-06-24,135.0,0.0,19.79,0.0,21.86,0.0,41.33474625114172,52.0625,-0.993746580436178,-1.0,Low
2020-06-25,130.0,0.0,22.55,0.0,22.04,0.0,35.13453431347046,55.7375,-0.9955213724144752,-5.0,Low
2020-06-26,126.0,0.0,24.36,0.0,23.31,0.0,29.86435416644989,59.587500000000006,-0.9970011699250152,-4.0,Low
2020-06-27,122.0,5.7,22.04,2.7,20.79,4.2,29.584701041482404,53.5375,-0.9981855344718586,-4.0,High
2020-06-28,122.0,0.0,19.79,0.0,20.1,0.0,25.146995885260043,49.8625,-0.99907411510223,0.0,Low
2020-06-29,121.0,5.3,18.86,10.2,18.15,7.75,29.12494650247104,46.2625,-0.9996666485105112,-1.0,High
2020-06-30,127.0,7.9,17.49,4.1,16.73,6.0,30.75620452710038,42.775,-0.9999629591162656,6.0,High
2020-07-01,130.0,5.0,16.96,5.3,15.35,5.15,31.292773848035324,40.3875,-0.9999629591162656,3.0,High
2020-07-02,123.0,0.0,17.4,0.0,15.82,0.0,26.598857770830023,41.525,-0.9996666485105112,-7.0,Low
2020-07-03,125.0,4.7,16.59,4.5,15.22,4.6,27.209029105205524,39.7625,-0.99907411510223,2.0,High
2020-07-04,132.0,0.4,18.03,0.0,17.68,0.2,23.32767473942469,44.6375,-0.9981855344718586,7.0,Low
2020-07-05,132.0,8.5,18.01,8.3,17.72,8.4,28.22852352851099,44.66250000000001,-0.9970011699250152,0.0,High
2020-07-06,131.0,0.0,17.88,0.0,16.76,0.0,23.99424499923434,43.3,-0.9955213724144752,-1.0,Low
2020-07-07,134.0,0.0,15.83,0.0,14.51,0.0,20.39510824934919,37.925,-0.993746580436178,3.0,Low
2020-07-08,138.0,9.5,14.62,9.7,12.12,9.6,26.93584201194681,33.425,-0.99167731989929,4.0,High
2020-07-09,140.0,1.8,15.81,2.2,14.28,2.0,24.895465710154788,37.6125,-0.9893142039703664,2.0,Medium
2020-07-10,142.0,19.9,15.8,13.2,15.27,16.549999999999997,37.71114585363157,38.8375,-0.9866579328916572,2.0,High
2020-07-11,153.0,0.0,15.71,0.0,14.74,0.0,32.05447397558683,38.0625,-0.9837092937736098,11.0,Low
2020-07-12,148.0,0.0,15.72,0.0,13.77,0.0,27.246302879248805,36.8625,-0.980469160361632,-5.0,Low
2020-07-13,150.0,0.0,16.19,0.0,13.9,0.0,23.159357447361483,37.6125,-0.9769384927771816,2.0,Low
2020-07-14,149.0,0.0,15.75,0.0,14.53,0.0,19.68545383025726,37.85,-0.973118337233262,-1.0,Low
2020-07-15,144.0,0.0,17.64,0.0,16.95,0.0,16.73263575571867,43.2375,-0.9690098257244064,-5.0,Low
2020-07-16,143.0,0.8,18.59,0.0,18.14,0.4,14.622740392360868,45.91250000000001,-0.9646141756912436,-1.0,Low
2020-07-17,141.0,0.0,19.25,0.0,19.18,0.0,12.429329333506738,48.0375,-0.9599326896597444,-2.0,Low
2020-07-18,140.0,0.0,20.04,0.0,20.54,0.0,10.564929933480729,50.725,-0.9549667548552552,-1.0,Low
2020-07-19,136.0,0.0,21.42,0.0,21.61,0.0,8.980190443458618,53.7875,-0.9497178427914316,-4.0,Low
2020-07-20,136.0,6.7,21.31,1.5,21.01,4.1,11.733161876939825,52.9,-0.9441875088341994,0.0,High
2020-07-21,141.0,0.0,17.52,1.5,16.39,0.75,10.723187595398851,42.3875,-0.9383773917408642,5.0,Medium
2020-07-22,144.0,3.9,16.41,6.7,14.05,5.3,14.414709456089025,38.075,-0.9322892131745134,3.0,High
2020-07-23,141.0,2.7,16.4,1.3,14.45,2.0,14.252503037675671,38.5625,-0.92592477719385,-3.0,Medium
2020-07-24,138.0,9.6,16.12,8.0,15.03,8.8,20.914627582024323,38.9375,-0.9192859697186104,-3.0,High
2020-07-25,136.0,0.0,17.28,0.0,16.42,0.0,17.777433444720675,42.125,-0.9123747579707274,-2.0,Low
2020-07-26,131.0,0.0,20.35,0.0,18.93,0.0,15.110818428012571,49.1,-0.9051931898913976,-5.0,Low
2020-07-27,130.0,0.0,17.88,0.5,17.49,0.25,13.094195663810687,44.2125,-0.8977433935342336,-1.0,Low
2020-07-28,130.0,4.2,19.69,2.6,19.19,3.4000000000000004,14.530066314239084,48.6,-0.8900275764346766,0.0,Medium
2020-07-29,135.0,0.0,17.83,0.0,16.92,0.0,12.350556367103222,43.4375,-0.8820480249558535,5.0,Low
2020-07-30,143.0,5.7,16.11,10.8,14.87,8.25,18.74797291203774,38.725,-0.8738071036110807,8.0,High
2020-07-31,137.0,3.1,16.88,4.6,16.27,3.85,19.785776975232075,41.4375,-0.8653072543632061,-6.0,Medium
2020-08-01,139.0,0.0,17.58,0.0,17.68,0.0,16.817910428947265,44.075,-0.8565509959010037,2.0,Low
2020-08-02,140.0,0.0,16.69,0.0,16.3,0.0,14.295223864605177,41.2375,-0.8475409228928312,1.0,Low
2020-08-03,136.0,10.5,17.46,8.5,17.24,9.5,21.6509402849144,43.375,-0.8382797052177745,-4.0,High
2020-08-04,137.0,2.5,17.21,4.1,16.18,3.3,21.70329924217724,41.7375,-0.828770087174504,1.0,Medium
2020-08-05,142.0,0.0,17.55,0.0,15.7,0.0,18.44780435585065,41.5625,-0.8190148866680802,5.0,Low
2020-08-06,142.0,0.0,18.88,0.0,18.19,0.0,15.680633702473052,46.3375,-0.8090169943749472,0.0,Low
2020-08-07,139.0,0.0,22.35,0.0,21.43,0.0,13.328538647102096,54.725,-0.7987793728863648,-3.0,Low
2020-08-08,137.0,0.0,22.66,0.0,22.86,0.0,11.32925785003678,56.89999999999999,-0.7883050558305253,-2.0,Low
2020-08-09,136.0,0.0,22.96,0.0,23.72,0.0,9.629869172531263,58.35,-0.7775971469736268,-1.0,Low
2020-08-10,134.0,0.0,20.41,0.0,21.52,0.0,8.185388796651573,52.4125,-0.7666588193001592,-2.0,Low
2020-08-11,134.0,0.0,17.97,0.0,17.99,0.0,6.9575804771538365,44.94999999999999,-0.7554933140726804,0.0,Low
2020-08-12,133.0,0.0,16.95,0.0,16.11,0.0,5.913943405580761,41.325,-0.7441039398713608,-1.0,Low
2020-08-13,128.0,0.0,16.81,0.0,16.57,0.0,5.026851894743647,41.725,-0.7324940716135792,-5.0,Low
2020-08-14,124.0,0.0,18.77,0.0,18.33,0.0,4.2728241105321,46.37499999999999,-0.7206671495538615,-4.0,Low
2020-08-15,120.0,0.0,19.03,0.0,19.97,0.0,3.6319004939522848,48.75,-0.7086266782644601,-4.0,Low
2020-08-16,118.0,0.0,18.86,0.0,20.03,0.0,3.087115419859442,48.6125,-0.6963762255968726,-2.0,Low
2020-08-17,116.0,0.0,20.49,0.0,20.85,0.0,2.624048106880526,51.675,-0.6839194216246105,-2.0,Low
2020-08-18,114.0,0.0,19.67,0.0,19.45,0.0,2.2304408908484468,48.900000000000006,-0.6712599575675315,-2.0,Low
2020-08-19,114.0,0.0,20.56,1.6,19.66,0.8,2.69587475722118,50.275,-0.6584015846980489,0.0,Medium
2020-08-20,115.0,0.0,20.04,15.5,19.23,7.75,10.041493543638005,49.08749999999999,-0.64534811322955,1.0,High
2020-08-21,115.0,0.0,21.62,0.0,21.04,0.0,8.535269512092302,53.325,-0.6321034111873488,0.0,Low
2020-08-22,113.0,0.9,22.19,4.2,21.67,2.5500000000000003,9.804979085278458,54.825,-0.6186714032625032,-2.0,Medium
2020-08-23,113.0,8.6,20.51,2.6,18.93,5.6,13.934232222486688,49.3,-0.6050560696488494,0.0,High
2020-08-24,116.0,11.5,18.9,4.0,17.09,7.75,19.594097389113685,44.9875,-0.5912614448635782,3.0,High
2020-08-25,118.0,33.9,15.9,11.6,14.45,22.75,39.40498278074664,37.9375,-0.5772916165517278,2.0,High
2020-08-26,122.0,2.7,16.8,4.1,14.7,3.4,36.89423536363464,39.375,-0.5631507242749187,4.0,Medium
2020-08-27,123.0,10.4,16.22,3.6,15.45,7.0,38.36010005908944,39.5875,-0.5488429582847199,1.0,High
2020-08-28,127.0,0.0,15.05,0.0,14.33,0.0,32.60608505022602,36.725,-0.5343725582809785,4.0,Low
2020-08-29,128.0,14.2,15.68,8.5,14.39,11.35,39.06517229269212,37.5875,-0.5197438121555157,1.0,High
2020-08-30,127.0,0.0,18.28,0.0,17.1,0.0,33.2053964487883,44.225,-0.5049610547215202,-1.0,Low
2020-08-31,126.0,2.0,14.77,6.1,14.12,4.05,32.27458698147005,36.1125,-0.4900286664290594,-1.0,High
2020-09-01,130.0,0.0,14.87,0.0,13.41,0.0,27.433398934249546,35.35,-0.4749510720670502,4.0,Low
2020-09-02,128.0,1.1,15.2,0.6,14.84,0.8500000000000001,24.16838909411211,37.55,-0.4597327394521046,-2.0,Medium
2020-09-03,133.0,5.4,16.5,1.9,15.79,3.65,24.193130729995296,40.3625,-0.4443781781046134,5.0,Medium
2020-09-04,129.0,0.9,17.09,0.6,14.54,0.75,21.314161120496003,39.5375,-0.4288919379124841,-4.0,Medium
2020-09-05,124.0,6.2,16.9,3.0,15.2,4.6,22.7170369524216,40.12499999999999,-0.4132786077829044,-5.0,High
2020-09-06,125.0,2.2,16.04,0.1,14.01,1.15,20.45948140955836,37.5625,-0.3975428142825566,1.0,Medium
2020-09-07,130.0,14.7,14.97,17.2,12.76,15.95,33.34055919812461,34.6625,-0.3816892202666586,5.0,High
2020-09-08,143.0,3.2,16.47,6.9,13.55,5.050000000000001,33.389475318405914,37.525,-0.3657225234972692,13.0,High
2020-09-09,142.0,7.7,17.09,15.3,16.02,11.5,39.881054020645024,41.3875,-0.3496474552512282,-1.0,High
2020-09-10,147.0,0.0,15.42,0.3,12.91,0.15,34.048895917548265,35.412499999999994,-0.333468778918187,5.0,Low
2020-09-11,157.0,0.3,15.21,0.0,11.42,0.15,29.091561529916024,33.2875,-0.3171912885891059,10.0,Low
2020-09-12,160.0,0.0,17.23,0.0,15.2,0.0,24.72782730042862,40.5375,-0.300819807635668,3.0,Low
2020-09-13,157.0,0.0,16.41,0.0,15.7,0.0,21.018653205364323,40.1375,-0.2843591872810036,-3.0,Low
2020-09-14,153.0,0.0,16.92,0.0,16.3,0.0,17.865855224559674,41.525,-0.2678143051621748,-4.0,Low
2020-09-15,145.0,0.0,17.85,0.0,17.12,0.0,15.185976940875722,43.7125,-0.2511900638848195,-8.0,Low
2020-09-16,145.0,0.0,18.25,0.0,18.15,0.0,12.908080399744364,45.5,-0.2344913895704105,0.0,Low
2020-09-17,139.0,4.0,12.76,1.7,11.05,2.85,13.821868339782707,29.762500000000003,-0.2177232303965322,-6.0,Medium
2020-09-18,151.0,0.0,14.62,0.0,11.84,0.0,11.748588088815302,33.075,-0.2008905551306352,12.0,Low
2020-09-19,149.0,0.0,14.53,0.0,12.22,0.0,9.986299875493009,33.4375,-0.1839983516576798,-2.0,Low
2020-09-20,142.0,0.0,13.16,0.0,11.92,0.0,8.488354894169056,31.35,-0.1670516255021195,-7.0,Low
2020-09-21,136.0,0.0,14.71,0.0,13.03,0.0,7.215101660043698,34.675000000000004,-0.1500553983446526,-6.0,Low
2020-09-22,131.0,0.0,15.61,0.0,14.62,0.0,6.132836411037143,37.7875,-0.1330147065341963,-5.0,Low
2020-09-23,127.0,0.0,17.68,0.0,17.78,0.0,5.212910949381572,44.325,-0.1159345995955006,-4.0,Low
2020-09-24,125.0,0.0,18.36,0.7,17.85,0.35,4.780974306974335,45.2625,-0.0988201387328721,-2.0,Low
2020-09-25,124.0,0.0,18.79,0.0,18.36,0.0,4.0638281609281846,46.4375,-0.0816763953304228,-1.0,Low
2020-09-26,123.0,0.0,20.4,0.0,20.13,0.0,3.4542539367889566,50.6625,-0.0645084494493162,-1.0,Low
2020-09-27,123.0,0.0,19.57,0.0,18.87,0.0,2.936115846270613,48.05,-0.0473213883224323,0.0,Low
2020-09-28,132.0,0.3,12.77,0.3,11.8,0.3,2.795698469330021,30.7125,-0.0301203048469083,9.0,Low
2020-09-29,123.0,0.0,13.03,0.0,11.91,0.0,2.376343698930518,31.175,-0.0129102960750088,-9.0,Low
2020-09-30,121.0,0.0,13.48,0.0,12.7,0.0,2.01989214409094,32.725,0.0043035382962438,-2.0,Low
2020-10-01,122.0,0.0,14.13,0.0,13.56,0.0,1.716908322477299,34.612500000000004,0.0215160974362222,1.0,Low
2020-10-02,118.0,0.0,14.25,0.0,13.5,0.0,1.459372074105704,34.6875,0.0387222808921739,-4.0,Low
2020-10-03,114.0,0.2,14.58,0.4,13.96,0.3,1.5404662629898485,35.675,0.055916990100603,-4.0,Low
2020-10-04,113.0,2.7,18.02,0.3,17.4,1.5,2.809396323541371,44.275000000000006,0.0730951298980777,-1.0,Medium
2020-10-05,110.0,4.7,16.01,0.8,15.55,2.75,5.137986875010165,39.45,0.0902516100310407,-3.0,Medium
2020-10-06,119.0,6.7,14.83,6.3,14.23,6.5,10.86728884375864,36.325,0.107381346664163,9.0,High
2020-10-07,107.0,0.0,14.43,0.0,13.39,0.0,9.237195517194843,34.775,0.1244792638867886,-12.0,Low
2020-10-08,110.0,0.0,13.53,0.0,11.05,0.0,7.851616189615616,30.725,0.141540295217043,3.0,Low
2020-10-09,111.0,3.7,13.0,4.4,9.83,4.050000000000001,10.723873761173277,28.5375,0.1585593851031347,1.0,High
2020-10-10,108.0,4.4,11.44,9.2,9.96,6.8,15.915292696997284,26.75,0.1755314904214277,-3.0,High
2020-10-11,112.0,2.7,10.68,0.0,9.23,1.35,14.877998792447691,24.8875,0.1924515819708299,4.0,Medium
2020-10-12,116.0,23.2,8.7,8.4,7.44,15.8,28.44629897358054,20.175,0.2093146459630488,4.0,High
2020-10-13,116.0,1.0,8.62,0.0,7.25,0.5,24.67935412754346,19.8375,0.226115685508288,0.0,Low
2020-10-14,115.0,5.6,8.62,6.2,8.17,5.9,26.87745100841194,20.9875,0.2428497220959358,-1.0,High
2020-10-15,128.0,1.2,7.94,1.0,7.54,1.1,23.94583335715015,19.35,0.2595117970697994,13.0,Medium
2020-10-16,129.0,0.0,6.13,0.0,5.56,0.0,20.353958353577628,14.6125,0.2760969730974688,1.0,Low
2020-10-17,125.0,0.0,4.67,0.0,3.9,0.0,17.300864600540983,10.7125,0.2926003356333479,-4.0,Low
2020-10-18,132.0,6.7,9.06,14.1,6.09,10.4,25.10573491045984,18.9375,0.3090169943749472,7.0,High
2020-10-19,134.0,0.2,9.71,0.9,6.28,0.55,21.889874673890866,19.987500000000004,0.3253420847119795,2.0,Low
2020-10-20,136.0,0.0,9.25,0.0,4.93,0.0,18.606393472807238,17.725,0.341570769167856,2.0,Low
2020-10-21,133.0,4.7,10.4,4.2,9.28,4.45,20.265434451886147,24.6,0.3576982388331254,-3.0,High
2020-10-22,139.0,0.6,12.75,0.3,12.2,0.4499999999999999,17.675619284103224,31.1875,0.3737197147904692,6.0,Low
2020-10-23,131.0,3.3,12.54,4.1,12.08,3.7,18.72427639148774,30.775,0.3896304495307877,-8.0,Medium
2020-10-24,133.0,4.8,12.07,4.4,11.14,4.6,20.515634932764577,29.012500000000003,0.4054257283599973,2.0,High
2020-10-25,139.0,0.0,12.04,0.0,10.28,0.0,17.43828969284989,27.9,0.4211008707960891,6.0,Low
2020-10-26,141.0,0.0,11.65,0.0,11.18,0.0,14.822546238922405,28.5375,0.4366512319560638,2.0,Low
2020-10-27,146.0,9.2,11.73,5.7,11.4,7.449999999999999,20.04916430308404,28.9125,0.4520722039323037,5.0,High
2020-10-28,148.0,1.1,10.73,1.4,9.16,1.25,18.291789657621432,24.8625,0.467359217158002,2.0,Medium
2020-10-29,144.0,4.7,10.66,0.6,9.59,2.65,18.19802120897821,25.3125,0.4825077417612176,-4.0,Medium
2020-10-30,158.0,4.8,8.95,2.6,8.08,3.7,19.16831802763148,21.2875,0.4975132889071803,14.0,Medium
2020-10-31,155.0,0.0,7.49,0.0,8.02,0.0,16.29307032348676,19.3875,0.5123714121284235,-3.0,Low
2020-11-01,156.0,0.0,8.91,0.0,8.02,0.0,13.849109774963743,21.1625,0.5270777086423724,1.0,Low
2020-11-02,149.0,4.7,8.97,5.9,8.38,5.300000000000001,17.071743308719185,21.6875,0.5416278206559811,-7.0,High
2020-11-03,144.0,1.0,12.06,3.0,11.37,2.0,16.51098181241131,29.2875,0.5560174366570446,-5.0,Medium
2020-11-04,147.0,0.7,11.0,0.7,8.93,0.7,14.734334540549613,24.9125,0.5702422926917867,3.0,Low
2020-11-05,156.0,2.4,10.79,3.8,9.71,3.1,15.624184359467169,25.625,0.5842981736283683,9.0,Medium
2020-11-06,157.0,0.0,11.55,0.4,10.25,0.2,13.480556705547093,27.25,0.5981809144059159,1.0,Low
2020-11-07,164.0,2.2,10.24,3.1,9.74,2.6500000000000004,14.108473199715029,24.975,0.6118864012687242,7.0,Medium
2020-11-08,165.0,0.0,9.41,0.2,8.16,0.1,12.092202219757771,21.9625,0.6254105729852457,1.0,Low
2020-11-09,165.0,0.0,5.4,1.2,4.17,0.6,10.878371886794106,11.9625,0.6387494220515268,0.0,Low
2020-11-10,162.0,0.2,7.51,0.0,6.47,0.1,9.34661610377499,17.475,0.6518989958787125,-3.0,Low
2020-11-11,157.0,0.0,5.95,0.0,5.03,0.0,7.944623688208741,13.725,0.6648553979642867,-5.0,Low
2020-11-12,152.0,0.0,5.3,0.0,4.66,0.0,6.752930134977429,12.45,0.6776147890466887,-5.0,Low
2020-11-13,149.0,0.0,4.92,0.3,4.32,0.15,5.889990614730815,11.55,0.690173388242972,-3.0,Low
2020-11-14,144.0,0.2,5.97,0.0,5.28,0.1,5.106492022521192,14.0625,0.7025274741691566,-5.0,Low
2020-11-15,142.0,0.0,7.92,0.2,7.08,0.1,4.440518219143013,18.75,0.7146733860429608,-2.0,Low
2020-11-16,140.0,5.0,8.93,3.5,8.23,4.25,8.024440486271562,21.45,0.726607524768565,-2.0,High
2020-11-17,140.0,8.9,9.53,5.9,8.01,7.4,14.220774413330828,21.925,0.7383263540031063,0.0,High
2020-11-18,146.0,5.4,10.75,10.3,10.11,7.85,19.937658251331204,26.075,0.749826401204568,6.0,High
2020-11-19,171.0,3.2,9.42,7.4,8.31,5.300000000000001,22.247009513631525,22.1625,0.7611042586607742,25.0,High
2020-11-20,212.0,1.1,6.52,2.7,3.87,1.9,20.809958086586796,12.9875,0.7721565844991641,41.0,Medium
2020-11-21,243.0,4.1,6.49,9.0,1.88,6.55,24.238464373598774,10.462500000000002,0.7829801036770625,31.0,High
2020-11-22,255.0,6.3,9.1,18.4,8.02,12.35,32.95269471755896,21.4,0.7935716089521472,12.0,High
2020-11-23,306.0,0.6,8.76,0.4,7.48,0.5,28.50979050992511,20.300000000000004,0.8039279618328208,51.0,Low
2020-11-24,335.0,2.6,8.77,8.7,7.4,5.65,29.883321933436346,20.2125,0.8140460935082175,29.0,High
2020-11-25,332.0,0.3,8.9,0.4,7.95,0.35,25.75082364342089,21.0625,0.8239230057575536,-3.0,Low
2020-11-26,321.0,4.0,7.36,13.7,3.99,8.85,30.738200096907757,14.187500000000002,0.8335557718385695,-11.0,High
2020-11-27,319.0,1.9,5.02,0.8,3.87,1.35,27.477470082371592,11.1125,0.8429415373547832,-2.0,Medium
2020-11-28,330.0,0.0,1.89,0.0,1.74,0.0,23.35584957001585,4.5375,0.8520775211013093,11.0,Low
2020-11-29,313.0,0.0,0.53,0.0,0.27,0.0,19.852472134513476,1.0,0.8609610158889945,-17.0,Low
2020-11-30,283.0,2.5,1.93,3.8,0.79,3.15,20.02460131433645,3.3999999999999995,0.8695893893466109,-30.0,Medium
2020-12-01,260.0,1.3,1.31,1.5,-0.14,1.4,18.42091111718598,1.4625,0.8779600847008883,-23.0,Medium
2020-12-02,244.0,0.0,-2.78,0.0,-3.06,0.0,15.657774449608082,0.0,0.8860706215341377,-16.0,Low
2020-12-03,229.0,0.2,-0.64,0.0,-1.02,0.1,13.40910828216687,0.0,0.893918596519257,-15.0,Low
2020-12-04,214.0,0.8,2.34,0.0,1.8,0.4,11.79774203984184,5.175,0.9015016841318838,-15.0,Low
2020-12-05,201.0,0.0,6.47,0.0,5.76,0.0,10.028080733865565,15.2875,0.9088176373395028,-13.0,Low
2020-12-06,193.0,0.0,4.12,0.0,3.35,0.0,8.523868623785729,9.3375,0.9158642882672868,-8.0,Low
2020-12-07,186.0,0.0,0.17,0.0,-0.33,0.0,7.245288330217869,0.0,0.9226395488404876,-7.0,Low
2020-12-08,179.0,0.0,-2.37,0.0,-3.03,0.0,6.158495080685189,0.0,0.9291414114031744,-7.0,Low
2020-12-09,172.0,0.0,-3.31,0.2,-3.87,0.1,5.33472081858241,0.0,0.935367949313148,-7.0,Low
2020-12-10,163.0,0.5,-1.88,0.0,-2.25,0.25,4.784512695795049,0.0,0.941317317512847,-9.0,Low
2020-12-11,154.0,0.0,0.1,0.3,-0.28,0.15,4.216835791425791,0.0,0.946987753076075,-9.0,Low
2020-12-12,160.0,0.0,0.84,0.0,0.22,0.0,3.5843104227119222,1.3250000000000002,0.9523775757303972,6.0,Low
2020-12-13,154.0,0.0,-1.0,0.0,-1.79,0.0,3.046663859305134,0.0,0.9574851883550388,-6.0,Low
2020-12-14,154.0,0.4,0.74,0.4,0.13,0.4,2.989664280409364,1.0875,0.9623090774541488,0.0,Low
2020-12-15,148.0,0.0,1.36,0.0,0.69,0.0,2.541214638347959,2.5625,0.9668478136052772,-6.0,Low
2020-12-16,149.0,1.8,4.79,2.3,3.76,2.05,4.2100324425957645,10.6875,0.9711000518829505,1.0,Medium
2020-12-17,145.0,0.0,5.28,0.0,4.6,0.0,3.5785275762064,12.349999999999998,0.9750645322571944,-4.0,Low
2020-12-18,150.0,9.7,6.37,11.4,5.88,10.55,13.59174843977544,15.3125,0.9787400799669153,5.0,High
2020-12-19,161.0,0.0,3.99,0.0,3.48,0.0,11.552986173809124,9.3375,0.9821256058680006,11.0,Low
2020-12-20,181.0,0.0,1.64,0.0,1.23,0.0,9.820038247737756,3.5875000000000004,0.9852201067560606,20.0,Low
2020-12-21,183.0,2.6,2.16,2.6,1.68,2.6,10.947032510577092,4.8,0.9880226656636976,2.0,Medium
2020-12-22,180.0,4.4,2.37,5.1,2.07,4.75,14.054977633990529,5.549999999999999,0.9905324521322229,-3.0,High
2020-12-23,182.0,0.4,5.73,0.7,4.65,0.55,12.496730988891947,12.975,0.9927487224577402,2.0,Low
2020-12-24,193.0,14.7,1.45,10.8,1.12,12.75,23.37222134055816,3.2125000000000004,0.9946708199115212,11.0,High
2020-12-25,212.0,8.6,1.32,1.7,0.16,5.15,25.01638813947443,1.85,0.9962981749346076,19.0,High
2020-12-26,231.0,1.6,1.72,1.8,-0.85,1.7000000000000002,22.963929918553266,1.0875,0.9976303053065856,19.0,Medium
2020-12-27,231.0,0.0,0.39,0.0,-1.07,0.0,19.51934043077027,0.0,0.998666816288476,0.0,Low
2020-12-28,216.0,0.5,1.43,0.5,0.92,0.5,17.09143936615473,2.9375,0.9994074007397048,-15.0,Low
2020-12-29,206.0,7.5,4.42,9.2,3.68,8.35,22.87772346123152,10.125,0.9998518392091162,-10.0,High
2020-12-30,239.0,0.0,2.31,0.0,1.63,0.0,19.44606494204679,4.925,1.0,33.0,Low
2020-12-31,292.0,0.0,0.48,0.0,-0.1,0.0,16.52915520073977,0.475,0.9998518392091162,53.0,Low
2021-01-01,299.0,0.0,-2.33,0.0,-2.55,0.0,14.049781920628805,0.0,0.9998518392091162,7.0,Low
2021-01-02,269.0,5.1,-0.23,0.5,-1.25,2.8,14.74231463253448,0.0,0.9994074007397048,-30.0,Medium
2021-01-03,239.0,0.0,-0.67,0.0,-1.33,0.0,12.530967437654308,0.0,0.998666816288476,-30.0,Low
2021-01-04,218.0,0.0,-0.6,0.1,-0.97,0.05,10.701322322006162,0.0,0.9976303053065856,-21.0,Low
2021-01-05,203.0,2.8,0.38,1.5,0.16,2.15,11.246123973705238,0.675,0.9962981749346078,-15.0,Medium
2021-01-06,195.0,0.8,0.71,0.4,0.43,0.6000000000000001,10.159205377649451,1.4249999999999998,0.9946708199115212,-8.0,Low
2021-01-07,189.0,0.5,0.7,0.4,0.35,0.45,9.085324571002031,1.3124999999999998,0.9927487224577402,-6.0,Low
2021-01-08,186.0,1.6,0.25,2.6,-0.31,2.1,9.822525885351729,0.0,0.9905324521322229,-3.0,Medium
2021-01-09,183.0,2.7,-2.09,2.3,-2.52,2.5,10.84914700254897,0.0,0.9880226656636976,-3.0,Medium
2021-01-10,179.0,0.4,-1.64,0.3,-2.76,0.35,9.571774952166624,0.0,0.9852201067560606,-4.0,Low
2021-01-11,178.0,5.9,1.72,2.6,-0.27,4.25,12.386008709341631,1.8125,0.9821256058680006,-1.0,High
2021-01-12,177.0,9.4,0.28,13.4,-0.64,11.4,21.928107402940384,0.0,0.9787400799669153,-1.0,High
2021-01-13,172.0,1.3,-1.27,1.7,-1.72,1.5,20.138891292499327,0.0,0.9750645322571948,-5.0,Medium
2021-01-14,170.0,0.1,-3.34,0.0,-4.1,0.05,17.16805759862443,0.0,0.9711000518829505,-2.0,Low
2021-01-15,168.0,0.1,-7.73,0.0,-8.94,0.05,14.642848958830765,0.0,0.9668478136052776,-2.0,Low
2021-01-16,176.0,9.7,-10.08,2.5,-12.13,6.1,18.54642161500615,0.0,0.9623090774541486,8.0,High
2021-01-17,179.0,0.0,-15.7,0.0,-19.95,0.0,15.764458372755229,0.0,0.9574851883550392,3.0,Low
2021-01-18,177.0,10.7,-8.26,1.7,-11.25,6.199999999999999,19.599789616841942,0.0,0.9523775757303974,-2.0,High
2021-01-19,183.0,0.7,-8.63,0.0,-9.34,0.35,17.00982117431565,0.0,0.9469877530760752,6.0,Low
2021-01-20,183.0,8.8,-4.14,8.0,-5.05,8.4,22.858347998168306,0.0,0.9413173175128472,0.0,High
2021-01-21,186.0,0.9,2.4,1.1,2.45,1.0,20.429595798443057,6.0625,0.9353679493131484,3.0,Medium
2021-01-22,193.0,0.0,3.42,0.3,3.09,0.15,17.515156428676597,8.1375,0.9291414114031744,7.0,Low
2021-01-23,206.0,7.7,2.51,7.4,2.1,7.550000000000001,22.437882964375103,5.762499999999999,0.9226395488404876,13.0,High
2021-01-24,244.0,1.4,1.97,2.8,1.09,2.1,21.17220051971884,3.825,0.9158642882672872,38.0,Medium
2021-01-25,316.0,0.7,1.87,0.3,0.42,0.5,18.496370441761016,2.8625,0.9088176373395028,72.0,Low
2021-01-26,358.0,0.7,1.81,0.5,0.55,0.6,16.321914875496862,2.95,0.901501684131884,42.0,Low
2021-01-27,361.0,2.3,1.58,2.4,0.46,2.35,16.223627644172332,2.55,0.893918596519257,3.0,Medium
2021-01-28,330.0,4.0,-0.1,3.6,-1.1,3.8,17.59008349754648,0.0,0.886070621534138,-31.0,Medium
2021-01-29,279.0,0.3,-1.8,1.9,-3.77,1.1,16.051570972914508,0.0,0.8779600847008882,-51.0,Medium
2021-01-30,253.0,4.5,0.03,0.3,-1.67,2.4,16.04383532697733,0.0,0.869589389346611,-26.0,Medium
2021-01-31,237.0,5.5,0.47,7.9,-0.82,6.7,20.33726002793073,0.0,0.8609610158889943,-16.0,High
2021-02-01,223.0,0.0,-0.65,1.6,-4.08,0.8,18.08667102374112,0.0,0.8520775211013093,-14.0,Medium
2021-02-02,212.0,0.7,-2.83,1.3,-4.04,1.0,16.37367037017995,0.0,0.8429415373547828,-11.0,Medium
2021-02-03,210.0,0.0,0.02,0.0,-2.54,0.0,13.91761981465296,0.0,0.8335557718385699,-2.0,Low
2021-02-04,200.0,0.0,-5.75,0.0,-7.46,0.0,11.829976842455014,0.0,0.8239230057575542,-10.0,Low
2021-02-05,196.0,4.2,-5.81,0.6,-11.22,2.4,12.455480316086762,0.0,0.8140460935082178,-4.0,Medium
2021-02-06,198.0,0.0,-12.3,0.0,-16.5,0.0,10.587158268673749,0.0,0.8039279618328213,2.0,Low
2021-02-07,193.0,0.4,-13.38,0.3,-15.89,0.35,9.349084528372684,0.0,0.7935716089521474,-5.0,Low
2021-02-08,189.0,0.0,-11.78,0.0,-12.51,0.0,7.946721849116781,0.0,0.7829801036770629,-4.0,Low
2021-02-09,190.0,1.4,-8.44,1.0,-9.04,1.2,7.954713571749264,0.0,0.7721565844991642,1.0,Medium
2021-02-10,188.0,1.5,-11.28,0.6,-11.9,1.05,7.811506535986874,0.0,0.7611042586607747,-2.0,Medium
2021-02-11,184.0,0.0,-11.01,0.0,-11.96,0.0,6.6397805555888425,0.0,0.7498264012045686,-4.0,Low
2021-02-12,178.0,0.0,-8.45,0.0,-10.97,0.0,5.643813472250516,0.0,0.7383263540031065,-6.0,Low
2021-02-13,175.0,0.0,-0.82,0.0,-2.08,0.0,4.797241451412939,0.0,0.7266075247685656,-3.0,Low
2021-02-14,174.0,0.0,0.24,0.9,-0.8,0.45,4.527655233700998,0.0,0.7146733860429609,-1.0,Low
2021-02-15,173.0,0.0,-2.12,0.0,-4.48,0.0,3.848506948645849,0.0,0.702527474169157,-1.0,Low
2021-02-16,169.0,0.0,-3.51,0.0,-5.71,0.0,3.271230906348971,0.0,0.6901733882429719,-4.0,Low
2021-02-17,163.0,0.0,-5.95,0.0,-7.88,0.0,2.7805462703966253,0.0,0.6776147890466889,-6.0,Low
2021-02-18,161.0,0.0,-10.85,0.0,-12.64,0.0,2.3634643298371314,0.0,0.6648553979642865,-2.0,Low
2021-02-19,155.0,0.0,-6.77,0.0,-7.77,0.0,2.008944680361562,0.0,0.6518989958787126,-6.0,Low
2021-02-20,155.0,0.0,0.57,0.4,-0.03,0.2,1.9076029783073276,0.6749999999999999,0.6387494220515272,0.0,Low
2021-02-21,152.0,0.0,2.44,0.0,2.7,0.0,1.6214625315612283,6.425000000000001,0.6254105729852463,-3.0,Low
2021-02-22,158.0,0.0,2.12,0.0,1.52,0.0,1.378243151827044,4.55,0.6118864012687243,6.0,Low
2021-02-23,157.0,0.0,2.19,0.0,1.83,0.0,1.171506679052987,5.025,0.5981809144059164,-1.0,Low
2021-02-24,158.0,0.0,3.77,0.0,4.3,0.0,0.9957806771950392,10.0875,0.5842981736283683,1.0,Low
2021-02-25,185.0,0.0,5.11,0.2,7.52,0.1,0.9464135756157832,15.787499999999998,0.5702422926917871,27.0,Low
2021-02-26,262.0,0.0,3.58,0.0,3.77,0.0,0.8044515392734157,9.1875,0.5560174366570446,77.0,Low
2021-02-27,342.0,0.0,2.74,0.0,2.8,0.0,0.6837838083824034,6.925,0.5416278206559814,80.0,Low
2021-02-28,347.0,0.0,2.89,0.0,2.72,0.0,0.5812162371250429,7.0125,0.5270777086423722,5.0,Low
2021-03-01,316.0,0.0,1.71,0.0,0.76,0.0,0.4940338015562864,3.0874999999999995,0.5123714121284237,-31.0,Low
2021-03-02,284.0,0.0,2.6,0.0,3.23,0.0,0.4199287313228435,7.2875,0.4975132889071806,-32.0,Low
2021-03-03,263.0,0.0,0.9,0.0,0.15,0.0,0.3569394216244169,1.3125,0.4825077417612184,-21.0,Low
2021-03-04,248.0,0.0,0.94,0.0,0.51,0.0,0.3033985083807544,1.8125,0.4673592171580022,-15.0,Low
2021-03-05,235.0,0.0,-0.8,0.0,-1.71,0.0,0.2578887321236412,0.0,0.4520722039323043,-13.0,Low
2021-03-06,222.0,0.0,1.16,0.0,-0.38,0.0,0.219205422305095,0.975,0.436651231956064,-13.0,Low
2021-03-07,213.0,0.8,1.54,0.2,0.85,0.5,0.6863246089593308,2.9875000000000003,0.4211008707960896,-9.0,Low
2021-03-08,205.0,0.4,-1.2,0.0,-2.34,0.2,0.7833759176154311,0.0,0.4054257283599973,-8.0,Low
2021-03-09,196.0,0.0,-1.45,0.0,-3.07,0.0,0.6658695299731164,0.0,0.3896304495307879,-9.0,Low
2021-03-10,188.0,2.3,0.21,1.9,-1.06,2.1,2.6659891004771485,0.0,0.373719714790469,-8.0,Medium
2021-03-11,185.0,5.5,-0.7,5.6,-1.29,5.55,7.816090735405575,0.0,0.3576982388331254,-3.0,High
2021-03-12,187.0,7.7,3.15,15.0,3.03,11.35,17.993677125094738,7.725,0.3415707691678556,2.0,High
2021-03-13,238.0,4.9,3.52,9.2,3.04,7.05,22.344625556330527,8.200000000000001,0.3253420847119801,51.0,High
2021-03-14,324.0,3.7,2.98,6.7,3.06,5.2,24.192931722880942,7.55,0.3090169943749474,86.0,High
2021-03-15,385.0,0.2,2.74,4.2,2.46,2.2,22.7639919644488,6.5,0.2926003356333483,61.0,Medium
2021-03-16,410.0,0.2,2.18,7.1,1.23,3.65,22.99939316978148,4.2625,0.2760969730974688,25.0,Medium
2021-03-17,400.0,0.0,0.91,0.0,0.86,0.0,19.549484194314257,2.2125,0.2595117970697999,-10.0,Low
2021-03-18,359.0,0.0,0.63,0.0,-0.2,0.0,16.617061565167116,0.5375,0.2428497220959356,-41.0,Low
2021-03-19,312.0,2.1,-2.03,0.9,-2.7,1.5,15.624502330392048,0.0,0.2261156855082882,-47.0,Medium
2021-03-20,277.0,0.6,-1.26,3.6,-2.52,2.1,15.38082698083324,0.0,0.2093146459630484,-35.0,Medium
2021-03-21,258.0,2.9,2.58,5.4,1.73,4.15,17.223702933708253,5.387500000000001,0.1924515819708299,-19.0,High
2021-03-22,257.0,0.0,3.12,0.0,2.35,0.0,14.640147493652014,6.8375,0.1755314904214282,-1.0,Low
2021-03-23,261.0,0.0,3.59,0.0,4.14,0.0,12.444125369604212,9.6625,0.1585593851031347,4.0,Low
2021-03-24,252.0,0.0,3.46,0.0,3.48,0.0,10.57750656416358,8.674999999999999,0.141540295217043,-9.0,Low
2021-03-25,238.0,0.0,3.84,0.0,4.75,0.0,8.990880579539043,10.7375,0.1244792638867891,-14.0,Low
2021-03-26,229.0,0.0,2.97,0.0,4.43,0.0,7.642248492608187,9.25,0.107381346664163,-9.0,Low
2021-03-27,220.0,3.8,8.54,3.3,8.13,3.55,10.04591121871696,20.8375,0.0902516100310411,-9.0,Medium
2021-03-28,214.0,0.0,4.71,0.0,4.6,0.0,8.539024535909416,11.6375,0.0730951298980777,-6.0,Low
2021-03-29,210.0,13.2,5.07,26.9,6.02,20.05,27.308170855523,13.8625,0.0559169901006034,-4.0,High
2021-03-30,274.0,0.3,5.31,1.8,6.44,1.05,24.261945227194552,14.6875,0.0387222808921744,64.0,Medium
2021-03-31,317.0,0.0,4.29,0.0,4.49,0.0,20.622653443115368,10.975,0.0215160974362222,43.0,Low
2021-04-01,295.0,7.2,2.89,6.8,3.07,7.0,24.529255426648064,7.45,0.0043035382962442,-22.0,High
2021-04-02,295.0,0.0,3.44,0.0,2.2,0.0,20.84986711265085,7.050000000000001,-0.0129102960750088,0.0,Low
2021-04-03,293.0,0.0,3.23,0.0,2.62,0.0,17.722387045753223,7.3125,-0.0301203048469081,-2.0,Low
2021-04-04,273.0,0.0,4.32,0.0,2.94,0.0,15.06402898889024,9.075,-0.0473213883224318,-20.0,Low
2021-04-05,255.0,3.0,3.08,7.5,2.31,5.25,18.054424640556704,6.737500000000001,-0.0645084494493162,-18.0,High
2021-04-06,248.0,0.2,3.76,0.5,2.08,0.35,15.696260944473195,7.3,-0.0816763953304224,-7.0,Low
2021-04-07,252.0,2.0,3.82,3.3,2.54,2.65,15.991821802802216,7.949999999999999,-0.0988201387328714,4.0,Medium
2021-04-08,250.0,0.0,4.53,0.0,3.88,0.0,13.593048532381884,10.5125,-0.1159345995955004,-2.0,Low
2021-04-09,250.0,0.0,5.29,0.0,5.71,0.0,11.554091252524602,13.75,-0.1330147065341959,0.0,Low
2021-04-10,237.0,0.0,4.11,0.2,3.99,0.1,9.920977564645913,10.125000000000002,-0.1500553983446526,-13.0,Low
2021-04-11,225.0,0.0,8.47,0.0,7.75,0.0,8.432830929949024,20.275,-0.1670516255021192,-12.0,Low
2021-04-12,214.0,0.0,8.31,0.0,8.65,0.0,7.16790629045667,21.200000000000003,-0.18399835165768,-11.0,Low
2021-04-13,207.0,0.0,4.6,0.0,4.05,0.0,6.092720346888169,10.812499999999998,-0.200890555130635,-7.0,Low
2021-04-14,198.0,0.0,4.89,0.0,5.45,0.0,5.178812294854943,12.925,-0.2177232303965317,-9.0,Low
2021-04-15,193.0,0.0,7.13,0.4,6.91,0.2,4.601990450626701,17.549999999999997,-0.2344913895704098,-5.0,Low
2021-04-16,192.0,0.6,8.36,0.5,8.2,0.55,4.461691883032696,20.7,-0.2511900638848193,-1.0,Low
2021-04-17,188.0,0.0,11.94,0.0,12.0,0.0,3.792438100577792,29.925,-0.2678143051621742,-4.0,Low
2021-04-18,181.0,0.0,14.55,0.0,13.43,0.0,3.223572385491123,34.975,-0.2843591872810034,-7.0,Low
2021-04-19,176.0,0.0,13.58,0.0,12.37,0.0,2.7400365276674545,32.4375,-0.3008198076356673,-5.0,Low
2021-04-20,171.0,0.0,9.26,0.0,10.47,0.0,2.3290310485173364,24.6625,-0.3171912885891061,-5.0,Low
2021-04-21,168.0,0.0,7.4,0.0,7.19,0.0,1.979676391239736,18.2375,-0.3334687789181868,-3.0,Low
2021-04-22,171.0,0.5,5.07,4.9,4.12,2.7,4.382724932553776,11.4875,-0.3496474552512284,3.0,Medium
2021-04-23,165.0,0.2,4.49,4.0,2.74,2.1,5.8253161926707095,9.0375,-0.3657225234972689,-6.0,Medium
2021-04-24,166.0,0.0,4.73,0.4,3.07,0.2,5.151518763770103,9.75,-0.3816892202666588,1.0,Low
2021-04-25,166.0,1.0,3.81,1.2,2.5,1.1,5.478790949204589,7.887500000000001,-0.3975428142825559,0.0,Medium
2021-04-26,169.0,0.9,3.24,3.7,1.76,2.3000000000000003,6.9569723068239,6.25,-0.4132786077829042,3.0,Medium
2021-04-27,170.0,0.6,3.3,1.4,2.78,1.0,6.913426460800315,7.6,-0.4288919379124835,1.0,Medium
2021-04-28,165.0,0.0,4.7,0.0,4.87,0.0,5.876412491680267,11.9625,-0.4443781781046132,-5.0,Low
2021-04-29,159.0,3.8,10.73,5.1,9.93,4.449999999999999,9.444950617928226,25.825,-0.4597327394521039,-6.0,High
2021-04-30,159.0,1.1,5.97,2.1,6.2,1.6,9.628208025238992,15.2125,-0.4749510720670499,0.0,Medium
2021-05-01,159.0,0.0,5.64,0.0,6.19,0.0,8.183976821453143,14.7875,-0.4900286664290592,0.0,Low
2021-05-02,158.0,0.2,6.75,5.5,5.57,2.85,9.806380298235172,15.4,-0.5049610547215204,-1.0,Medium
2021-05-03,165.0,0.5,5.46,5.7,4.55,3.1,11.435423253499897,12.5125,-0.5197438121555155,7.0,Medium
2021-05-04,175.0,3.1,7.55,1.5,7.22,2.3,12.020109765474912,18.4625,-0.5343725582809787,10.0,Medium
2021-05-05,194.0,0.3,8.36,1.0,9.02,0.65,10.867093300653677,21.725,-0.548842958284719,19.0,Low
2021-05-06,203.0,4.0,6.18,10.6,5.53,7.3,16.537029305555624,14.6375,-0.5631507242749186,9.0,High
2021-05-07,203.0,0.0,6.44,0.0,5.96,0.0,14.05647490972228,15.5,-0.5772916165517272,0.0,Low
2021-05-08,229.0,0.0,6.2,0.0,5.19,0.0,11.948003673263935,14.2375,-0.5912614448635781,26.0,Low
2021-05-09,229.0,0.0,10.72,0.0,9.97,0.0,10.155803122274346,25.8625,-0.6050560696488488,0.0,Low
2021-05-10,211.0,0.0,18.72,0.0,17.62,0.0,8.632432653933193,45.425,-0.6186714032625031,-18.0,Low
2021-05-11,196.0,0.0,21.52,0.0,20.1,0.0,7.337567755843215,52.025000000000006,-0.6321034111873487,-15.0,Low
2021-05-12,183.0,0.0,21.2,0.0,19.72,0.0,6.236932592466732,51.150000000000006,-0.6453481132295501,-13.0,Low
2021-05-13,172.0,0.0,16.35,0.0,14.7,0.0,5.301392703596722,38.8125,-0.6584015846980488,-11.0,Low
2021-05-14,166.0,2.4,10.7,7.5,10.76,4.95,9.456183798057214,26.825000000000003,-0.6712599575675313,-6.0,High
2021-05-15,162.0,0.0,9.3,0.0,10.18,0.0,8.037756228348632,24.35,-0.6839194216246106,-4.0,Low
2021-05-16,162.0,9.5,12.42,2.5,12.51,6.0,12.832092794096337,31.1625,-0.6963762255968722,0.0,High
2021-05-17,160.0,0.7,13.95,0.7,14.6,0.7,11.607278874981883,35.6875,-0.7086266782644596,-2.0,Low
2021-05-18,157.0,0.0,12.75,0.0,13.24,0.0,9.866187043734602,32.487500000000004,-0.7206671495538609,-3.0,Low
2021-05-19,156.0,0.0,10.95,0.0,12.07,0.0,8.386258987174411,28.775,-0.7324940716135789,-1.0,Low
2021-05-20,150.0,0.0,10.85,0.0,11.19,0.0,7.12832013909825,27.55,-0.7441039398713607,-6.0,Low
2021-05-21,152.0,4.4,11.0,5.1,10.97,4.75,10.809072118233512,27.4625,-0.7554933140726803,2.0,High
2021-05-22,151.0,2.7,12.76,2.2,12.62,2.45,11.637711300498484,31.725,-0.766658819300159,-1.0,Medium
2021-05-23,148.0,3.2,11.07,1.4,10.5,2.3,12.19205460542371,26.9625,-0.777597146973627,-3.0,Medium
2021-05-24,147.0,0.0,12.6,0.0,12.43,0.0,10.363246414610153,31.2875,-0.7883050558305255,-1.0,Low
2021-05-25,141.0,11.9,12.64,6.4,12.5,9.15,17.95875945241863,31.425,-0.7987793728863649,-6.0,High
2021-05-26,147.0,5.2,11.21,11.3,10.49,8.25,23.514945534555835,27.125000000000004,-0.8090169943749473,6.0,High
2021-05-27,154.0,1.2,11.82,1.2,11.16,1.2,21.18770370437246,28.725,-0.8190148866680801,7.0,Medium
2021-05-28,165.0,0.0,11.41,1.5,9.99,0.75,18.75954814871659,26.75,-0.8287700871745037,11.0,Medium
2021-05-29,169.0,0.0,10.63,0.0,10.3,0.0,15.9456159264091,26.1625,-0.8382797052177743,4.0,Low
2021-05-30,166.0,0.0,12.41,0.0,12.23,0.0,13.553773537447736,30.8,-0.8475409228928311,-3.0,Low
2021-05-31,165.0,0.2,11.17,0.3,11.98,0.25,11.770707506830576,28.9375,-0.8565509959010036,-1.0,Low
2021-06-01,159.0,0.0,14.61,0.0,14.13,0.0,10.00510138080599,35.925000000000004,-0.865307254363206,-6.0,Low
2021-06-02,149.0,0.0,17.56,0.0,16.15,0.0,8.50433617368509,42.13749999999999,-0.8738071036110808,-10.0,Low
2021-06-03,144.0,0.0,16.8,0.0,17.47,0.0,7.228685747632326,42.83749999999999,-0.8820480249558537,-5.0,Low
2021-06-04,141.0,0.0,16.98,0.0,16.47,0.0,6.144382885487477,41.8125,-0.8900275764346767,-3.0,Low
2021-06-05,133.0,0.0,16.77,0.0,18.15,0.0,5.222725452664355,43.650000000000006,-0.8977433935342337,-8.0,Low
2021-06-06,134.0,0.0,16.78,0.0,16.89,0.0,4.439316634764702,42.087500000000006,-0.9051931898913974,1.0,Low
2021-06-07,131.0,0.0,16.02,0.0,18.53,0.0,3.773419139549997,43.1875,-0.9123747579707272,-3.0,Low
2021-06-08,125.0,0.0,16.05,0.0,18.14,0.0,3.207406268617497,42.7375,-0.9192859697186104,-6.0,Low
2021-06-09,128.0,0.0,16.36,0.0,17.37,0.0,2.726295328324872,42.16250000000001,-0.9259247771938498,3.0,Low
2021-06-10,124.0,0.0,17.05,0.0,17.1,0.0,2.317351029076141,42.68750000000001,-0.9322892131745132,-4.0,Low
2021-06-11,120.0,0.0,18.38,0.0,18.06,0.0,1.96974837471472,45.55,-0.938377391740864,-4.0,Low
2021-06-12,128.0,12.6,16.3,10.7,14.92,11.65,13.32428611850751,39.025,-0.9441875088341992,8.0,High
2021-06-13,132.0,7.6,14.55,0.2,14.92,3.9,15.225643200731383,36.8375,-0.9497178427914316,4.0,Medium
2021-06-14,144.0,0.0,15.44,0.0,15.31,0.0,12.941796720621676,38.4375,-0.9549667548552552,12.0,Low
2021-06-15,138.0,0.0,16.02,0.2,14.61,0.1,11.100527212528425,38.2875,-0.9599326896597448,-6.0,Low
2021-06-16,131.0,0.0,15.23,0.0,14.83,0.0,9.43544813064916,37.575,-0.9646141756912436,-7.0,Low
2021-06-17,131.0,0.0,18.94,0.0,18.81,0.0,8.020130911051785,47.1875,-0.9690098257244062,0.0,Low
2021-06-18,128.0,0.0,23.33,0.0,22.35,0.0,6.817111274394017,57.1,-0.973118337233262,-3.0,Low
2021-06-19,123.0,0.0,24.9,0.0,23.99,0.0,5.794544583234915,61.1125,-0.9769384927771816,-5.0,Low
2021-06-20,122.0,0.0,26.73,0.0,25.58,0.0,4.925362895749678,65.3875,-0.980469160361632,-1.0,Low
2021-06-21,120.0,0.0,28.5,0.0,26.65,0.0,4.186558461387226,68.9375,-0.9837092937736096,-2.0,Low
2021-06-22,121.0,0.6,26.77,0.0,25.83,0.3,3.858574692179142,65.75,-0.986657932891657,1.0,Low
2021-06-23,126.0,18.5,20.82,5.2,20.92,11.85,15.12978848835227,52.175,-0.9893142039703664,5.0,High
2021-06-24,123.0,0.0,19.9,0.0,20.37,0.0,12.86032021509943,50.33749999999999,-0.99167731989929,-3.0,Low
2021-06-25,123.0,0.0,20.16,0.0,19.41,0.0,10.931272182834515,49.4625,-0.993746580436178,0.0,Low
2021-06-26,125.0,0.0,20.24,0.0,18.12,0.0,9.291581355409338,47.95,-0.9955213724144752,2.0,Low
2021-06-27,124.0,0.0,20.48,0.0,18.63,0.0,7.897844152097937,48.8875,-0.9970011699250152,-1.0,Low
2021-06-28,125.0,0.0,20.2,0.0,18.42,0.0,6.713167529283246,48.275000000000006,-0.9981855344718586,1.0,Low
2021-06-29,122.0,0.0,20.59,0.0,19.02,0.0,5.706192399890759,49.5125,-0.99907411510223,-3.0,Low
2021-06-30,121.0,0.0,21.99,0.0,21.75,0.0,4.850263539907146,54.675,-0.9996666485105112,-1.0,Low
2021-07-01,124.0,0.0,22.63,0.0,21.27,0.0,4.1227240089210735,54.875,-0.9999629591162656,3.0,Low
2021-07-02,127.0,1.6,22.22,0.4,21.8,1.0,4.504315407582912,55.02499999999999,-0.9999629591162656,3.0,Medium
2021-07-03,126.0,0.0,22.87,0.0,21.55,0.0,3.828668096445476,55.525000000000006,-0.9996666485105112,-1.0,Low
2021-07-04,126.0,2.3,21.89,0.0,21.25,1.15,4.404367881978654,53.925,-0.99907411510223,0.0,Medium
2021-07-05,126.0,11.3,20.6,6.5,20.15,8.9,12.643712699681856,50.9375,-0.9981855344718586,0.0,High
2021-07-06,122.0,0.0,21.97,0.0,21.68,0.0,10.747155794729576,54.5625,-0.9970011699250152,-4.0,Low
2021-07-07,119.0,0.0,25.7,0.0,24.32,0.0,9.13508242552014,62.52499999999999,-0.9955213724144752,-3.0,Low
2021-07-08,117.0,0.5,22.0,1.5,21.33,1.0,8.76482006169212,54.1625,-0.993746580436178,-2.0,Medium
2021-07-09,119.0,23.2,23.78,4.8,23.93,14.0,21.450097052438306,59.6375,-0.99167731989929,2.0,High
2021-07-10,125.0,0.0,21.55,1.1,21.07,0.55,18.78258249457256,53.275000000000006,-0.9893142039703664,6.0,Low
2021-07-11,115.0,0.0,21.06,0.0,20.48,0.0,15.965195120386674,51.925,-0.9866579328916572,-10.0,Low
2021-07-12,115.0,0.0,24.9,0.0,24.88,0.0,13.570415852328672,62.225,-0.9837092937736098,0.0,Low
2021-07-13,117.0,8.4,25.89,0.0,25.43,4.2,15.734853474479372,64.15,-0.980469160361632,2.0,High
2021-07-14,116.0,0.0,24.3,0.0,21.01,0.0,13.374625453307466,56.6375,-0.9769384927771816,-1.0,Low
2021-07-15,116.0,0.0,24.34,0.0,26.74,0.0,11.368431635311346,63.85,-0.973118337233262,0.0,Low
2021-07-16,113.0,0.0,24.28,0.0,25.27,0.0,9.663166890014644,61.9375,-0.9690098257244064,-3.0,Low
2021-07-17,116.0,0.0,22.75,0.5,23.65,0.25,8.463691856512447,58.0,-0.9646141756912436,3.0,Low
2021-07-18,119.0,0.0,21.3,0.1,20.61,0.05,7.24413807803558,52.3875,-0.9599326896597444,3.0,Low
2021-07-19,119.0,0.0,20.2,0.0,19.64,0.0,6.157517366330243,49.8,-0.9549667548552552,0.0,Low
2021-07-20,119.0,0.0,20.06,0.0,19.01,0.0,5.2338897613807065,48.8375,-0.9497178427914316,0.0,Low
2021-07-21,118.0,1.8,20.0,0.1,19.19,0.95,5.398806297173601,48.9875,-0.9441875088341994,-1.0,Medium
2021-07-22,121.0,0.0,19.5,0.0,17.75,0.0,4.588985352597561,46.5625,-0.9383773917408642,3.0,Low
2021-07-23,120.0,0.0,20.72,0.0,18.88,0.0,3.900637549707927,49.49999999999999,-0.9322892131745134,-1.0,Low
2021-07-24,118.0,0.0,18.39,0.0,18.31,0.0,3.3155419172517377,45.875,-0.92592477719385,-2.0,Low
2021-07-25,118.0,0.0,22.25,0.0,22.05,0.0,2.818210629663977,55.375,-0.9192859697186104,0.0,Low
2021-07-26,114.0,0.0,25.74,0.0,24.54,0.0,2.3954790352143807,62.85,-0.9123747579707274,-4.0,Low
2021-07-27,113.0,0.2,23.2,0.3,22.33,0.25,2.286157179932224,56.9125,-0.9051931898913976,-1.0,Low
2021-07-28,113.0,0.0,22.84,0.0,22.23,0.0,1.94323360294239,56.3375,-0.8977433935342336,0.0,Low
2021-07-29,112.0,0.2,22.27,2.1,20.87,1.15,2.8017485625010314,53.925,-0.8900275764346766,-1.0,Medium
2021-07-30,123.0,3.2,20.6,1.7,19.0,2.45,4.831486278125877,49.5,-0.8820480249558535,11.0,Medium
2021-07-31,113.0,1.6,21.41,1.4,20.4,1.5,5.606763336406996,52.2625,-0.8738071036110807,-10.0,Medium
2021-08-01,114.0,5.7,19.0,0.0,18.2,2.85,7.615748835945945,46.5,-0.8653072543632061,1.0,Medium
2021-08-02,118.0,25.7,18.01,21.9,16.58,23.8,30.27338651055405,43.2375,-0.8565509959010037,4.0,High
2021-08-03,123.0,4.0,16.8,0.9,15.38,2.45,28.18237853397094,40.225,-0.8475409228928312,5.0,Medium
2021-08-04,123.0,0.0,16.76,0.1,15.14,0.05,24.0050217538753,39.875,-0.8382797052177745,0.0,Low
2021-08-05,123.0,0.0,18.39,0.0,17.7,0.0,20.404268490794006,45.1125,-0.828770087174504,0.0,Low
2021-08-06,117.0,2.1,16.77,1.9,15.82,2.0,19.343628217174903,40.7375,-0.8190148866680802,-6.0,Medium
2021-08-07,133.0,12.1,16.9,16.7,15.57,14.4,30.84208398459867,40.5875,-0.8090169943749472,16.0,High
2021-08-08,127.0,12.3,17.6,11.2,16.23,11.75,37.96577138690887,42.2875,-0.7987793728863648,-6.0,High
2021-08-09,125.0,10.9,17.97,0.0,16.67,5.45,37.72090567887254,43.3,-0.7883050558305253,-2.0,High
2021-08-10,123.0,2.3,18.29,5.0,17.93,3.65,35.712769827041654,45.275,-0.7775971469736268,-2.0,Medium
2021-08-11,123.0,0.8,17.76,0.5,16.32,0.65,31.00585435298541,42.6,-0.7666588193001592,0.0,Low
2021-08-12,125.0,0.0,19.39,0.0,16.22,0.0,26.354976200037594,44.5125,-0.7554933140726804,2.0,Low
2021-08-13,125.0,0.0,20.74,0.0,18.62,0.0,22.40172977003196,49.2,-0.7441039398713608,0.0,Low
2021-08-14,124.0,3.2,20.1,1.1,18.34,2.1500000000000004,21.191470304527165,48.05,-0.7324940716135792,-1.0,Medium
2021-08-15,129.0,0.0,19.23,0.2,17.62,0.1,18.112749758848093,46.0625,-0.7206671495538615,5.0,Low
2021-08-16,118.0,1.6,20.6,0.2,19.27,0.9,16.295837295020878,49.837500000000006,-0.7086266782644601,-11.0,Medium
2021-08-17,131.0,5.8,17.17,29.4,15.54,17.599999999999998,31.451461700767744,40.8875,-0.6963762255968726,13.0,High
2021-08-18,154.0,20.7,16.77,65.2,15.05,42.95,69.68374244565258,39.775,-0.6839194216246105,23.0,High
2021-08-19,171.0,7.2,17.2,7.5,16.19,7.35,66.58118107880469,41.7375,-0.6712599575675315,17.0,High
2021-08-20,222.0,0.0,17.55,0.0,16.23,0.0,56.59400391698399,42.225,-0.6584015846980489,51.0,Low
2021-08-21,223.0,0.0,17.22,0.0,14.76,0.0,48.10490332943639,39.975,-0.64534811322955,1.0,Low
2021-08-22,201.0,0.0,16.63,0.0,13.63,0.0,40.88916783002093,37.825,-0.6321034111873488,-22.0,Low
2021-08-23,178.0,0.0,15.45,0.0,14.01,0.0,34.75579265551779,36.825,-0.6186714032625032,-23.0,Low
2021-08-24,167.0,0.0,13.94,0.0,12.77,0.0,29.54242375719012,33.3875,-0.6050560696488494,-11.0,Low
2021-08-25,166.0,21.1,14.8,19.9,12.77,20.5,45.6110601936116,34.4625,-0.5912614448635782,-1.0,High
2021-08-26,160.0,13.0,15.42,5.7,13.89,9.35,48.11940116456986,36.6375,-0.5772916165517278,-6.0,High
2021-08-27,172.0,4.4,15.34,1.9,15.17,3.1500000000000004,44.05149098988438,38.1375,-0.5631507242749187,12.0,Medium
2021-08-28,191.0,1.5,16.7,3.2,15.94,2.35,39.793767341401725,40.8,-0.5488429582847199,19.0,Medium
2021-08-29,188.0,0.0,17.07,0.0,16.38,0.0,33.82470224019146,41.8125,-0.5343725582809785,-3.0,Low
2021-08-30,177.0,0.0,16.97,0.0,16.3,0.0,28.750996904162744,41.58749999999999,-0.5197438121555157,-11.0,Low
2021-08-31,170.0,0.0,16.23,0.0,15.62,0.0,24.43834736853833,39.8125,-0.5049610547215202,-7.0,Low
2021-09-01,165.0,0.2,15.22,1.2,13.8,0.7,21.47259526325758,36.275000000000006,-0.4900286664290594,-5.0,Low
2021-09-02,160.0,4.4,13.94,4.7,12.1,4.550000000000001,22.801705973768943,32.55,-0.4749510720670502,-5.0,High
2021-09-03,157.0,0.0,14.43,0.0,13.64,0.0,19.3814500777036,35.0875,-0.4597327394521046,-3.0,Low
2021-09-04,151.0,1.1,11.28,0.3,9.47,0.7000000000000001,17.174232566048058,25.9375,-0.4443781781046134,-6.0,Medium
2021-09-05,145.0,0.0,10.2,0.0,8.74,0.0,14.59809768114085,23.675,-0.4288919379124841,-6.0,Low
2021-09-06,140.0,0.0,12.65,0.0,10.28,0.0,12.40838302896972,28.6625,-0.4132786077829044,-5.0,Low
2021-09-07,132.0,0.0,16.4,0.0,13.97,0.0,10.547125574624262,37.9625,-0.3975428142825566,-8.0,Low
2021-09-08,128.0,0.0,17.65,0.0,15.15,0.0,8.965056738430622,41.0,-0.3816892202666586,-4.0,Low
2021-09-09,121.0,0.0,16.59,0.0,15.73,0.0,7.620298227666028,40.4,-0.3657225234972692,-7.0,Low
2021-09-10,120.0,0.0,16.58,0.0,16.43,0.0,6.477253493516124,41.2625,-0.3496474552512282,-1.0,Low
2021-09-11,118.0,0.0,18.13,0.0,18.21,0.0,5.505665469488705,45.425,-0.333468778918187,-2.0,Low
2021-09-12,120.0,7.0,17.88,7.1,17.18,7.05,11.7298156490654,43.825,-0.3171912885891059,2.0,High
2021-09-13,121.0,0.7,15.83,2.5,14.94,1.6,11.570343301705588,38.4625,-0.300819807635668,1.0,Medium
2021-09-14,121.0,0.0,13.07,0.1,11.08,0.05,9.88479180644975,30.1875,-0.2843591872810036,0.0,Low
2021-09-15,118.0,0.0,13.79,0.0,12.65,0.0,8.402073035482287,33.05,-0.2678143051621748,-3.0,Low
2021-09-16,116.0,1.2,12.37,0.3,11.9,0.75,7.891762080159943,30.3375,-0.2511900638848195,-2.0,Medium
2021-09-17,115.0,4.2,10.98,3.6,10.68,3.9,10.607997768135952,27.075,-0.2344913895704105,-1.0,Medium
2021-09-18,117.0,0.0,9.77,0.0,8.74,0.0,9.016798102915558,23.1375,-0.2177232303965322,2.0,Low
2021-09-19,118.0,0.0,8.92,0.0,8.47,0.0,7.664278387478224,21.7375,-0.2008905551306352,1.0,Low
2021-09-20,122.0,0.0,8.32,0.0,7.83,0.0,6.51463662935649,20.1875,-0.1839983516576798,4.0,Low
2021-09-21,118.0,0.0,8.67,0.0,7.56,0.0,5.537441134953016,20.2875,-0.1670516255021195,-4.0,Low
2021-09-22,117.0,0.0,8.53,0.0,6.92,0.0,4.706824964710064,19.3125,-0.1500553983446526,-1.0,Low
2021-09-23,124.0,33.6,11.67,36.5,10.01,35.05,39.05080122000355,27.1,-0.1330147065341963,7.0,High
2021-09-24,148.0,9.5,12.66,12.6,11.03,11.05,44.24318103700301,29.6125,-0.1159345995955006,24.0,High
2021-09-25,242.0,0.5,14.62,1.5,13.06,1.0,38.60670388145256,34.6,-0.0988201387328721,94.0,Medium
2021-09-26,268.0,0.0,12.03,0.0,11.13,0.0,32.81569829923468,28.95,-0.0816763953304228,26.0,Low
2021-09-27,246.0,0.0,11.08,0.0,10.26,0.0,27.893343554349475,26.675,-0.0645084494493162,-22.0,Low
2021-09-28,211.0,0.0,10.9,0.0,10.41,0.0,23.70934202119705,26.637500000000003,-0.0473213883224323,-35.0,Low
2021-09-29,184.0,0.0,11.69,0.0,10.9,0.0,20.152940718017494,28.2375,-0.0301203048469083,-27.0,Low
2021-09-30,164.0,0.0,9.73,0.0,8.89,0.0,17.12999961031487,23.275,-0.0129102960750088,-20.0,Low
2021-10-01,154.0,0.0,10.53,0.0,10.28,0.0,14.56049966876764,26.0125,0.0043035382962438,-10.0,Low
2021-10-02,145.0,0.0,11.08,0.0,10.54,0.0,12.376424718452492,27.025,0.0215160974362222,-9.0,Low
2021-10-03,139.0,0.0,13.26,0.0,12.54,0.0,10.519961010684618,32.25,0.0387222808921739,-6.0,Low
2021-10-04,133.0,0.0,13.25,0.0,12.63,0.0,8.941966859081925,32.35,0.055916990100603,-6.0,Low
2021-10-05,127.0,0.0,14.41,0.0,13.63,0.0,7.600671830219635,35.05,0.0730951298980777,-6.0,Low
2021-10-06,124.0,0.0,13.71,0.0,12.94,0.0,6.46057105568669,33.3125,0.0902516100310407,-3.0,Low
2021-10-07,120.0,0.0,11.16,0.0,10.07,0.0,5.491485397333686,26.5375,0.107381346664163,-4.0,Low
2021-10-08,118.0,0.0,7.46,0.0,6.46,0.0,4.667762587733633,17.4,0.1244792638867886,-2.0,Low
2021-10-09,118.0,0.0,8.0,0.0,6.89,0.0,3.967598199573588,18.6125,0.141540295217043,0.0,Low
2021-10-10,118.0,0.0,8.62,0.0,7.63,0.0,3.3724584696375497,20.3125,0.1585593851031347,0.0,Low
2021-10-11,119.0,2.6,9.24,9.2,7.11,5.9,8.766589699191917,20.4375,0.1755314904214277,1.0,High
2021-10-12,121.0,16.9,7.98,14.5,6.61,15.7,23.151601244313127,18.2375,0.1924515819708299,2.0,High
2021-10-13,127.0,4.8,7.45,0.8,5.22,2.8,22.47886105766616,15.8375,0.2093146459630488,6.0,Medium
2021-10-14,138.0,5.1,8.89,5.0,6.61,5.05,24.15703189901624,19.375,0.226115685508288,11.0,High
2021-10-15,144.0,7.4,11.64,17.1,10.01,12.25,32.7834771141638,27.0625,0.2428497220959358,6.0,High
2021-10-16,167.0,0.3,11.38,3.4,9.07,1.85,29.715955547039236,25.562500000000004,0.2595117970697994,23.0,Medium
2021-10-17,211.0,0.2,10.89,1.5,9.08,0.85,26.108562214983348,24.9625,0.2760969730974688,44.0,Medium
2021-10-18,228.0,0.5,7.75,0.0,4.07,0.25,22.442277882735844,14.775,0.2926003356333479,17.0,Low
2021-10-19,226.0,0.0,6.31,0.0,5.05,0.0,19.07593620032547,14.2,0.3090169943749472,-2.0,Low
2021-10-20,213.0,8.0,13.08,13.7,12.89,10.85,27.064545770276645,32.4625,0.3253420847119795,-13.0,High
2021-10-21,232.0,3.7,12.66,11.9,12.6,7.800000000000001,30.80486390473515,31.575,0.341570769167856,19.0,High
2021-10-22,269.0,16.1,9.03,19.4,7.17,17.75,43.93413431902488,20.25,0.3576982388331254,37.0,High
2021-10-23,344.0,0.2,8.42,2.0,6.03,1.1,38.44401417117115,18.0625,0.3737197147904692,75.0,Medium
2021-10-24,417.0,0.2,8.53,0.2,5.61,0.2,32.877412045495475,17.675,0.3896304495307877,73.0,Low
2021-10-25,439.0,0.0,9.0,0.0,6.19,0.0,27.945800238671158,18.9875,0.4054257283599973,22.0,Low
2021-10-26,415.0,8.1,10.41,10.8,7.1,9.45,33.20393020287048,21.8875,0.4211008707960891,-24.0,High
2021-10-27,346.0,2.2,11.4,6.4,10.2,4.300000000000001,32.52334067243991,27.0,0.4366512319560638,-69.0,High
2021-10-28,348.0,0.2,11.82,2.0,11.38,1.1,28.744839571573923,29.000000000000004,0.4520722039323037,2.0,Medium
2021-10-29,374.0,0.0,10.27,0.0,9.52,0.0,24.433113635837834,24.7375,0.467359217158002,26.0,Low
2021-10-30,371.0,0.0,9.69,0.0,9.22,0.0,20.76814659046216,23.6375,0.4825077417612176,-3.0,Low
2021-10-31,330.0,0.0,10.48,0.0,10.18,0.0,17.652924601892835,25.825,0.4975132889071803,-41.0,Low
2021-11-01,286.0,0.0,9.0,0.0,8.3,0.0,15.004985911608909,21.625,0.5123714121284235,-44.0,Low
2021-11-02,255.0,0.0,6.89,0.0,6.46,0.0,12.754238024867572,16.6875,0.5270777086423724,-31.0,Low
2021-11-03,235.0,3.8,8.39,7.1,7.22,5.449999999999999,16.291102321137437,19.5125,0.5416278206559811,-20.0,High
2021-11-04,223.0,9.2,8.15,5.0,7.69,7.1,20.94743697296682,19.8,0.5560174366570446,-12.0,High
2021-11-05,228.0,3.7,8.96,5.4,7.89,4.550000000000001,22.3553214270218,21.0625,0.5702422926917867,5.0,High
2021-11-06,260.0,5.1,10.27,13.5,9.38,9.3,28.30202321296853,24.5625,0.5842981736283683,32.0,High
2021-11-07,322.0,10.7,9.4,22.3,7.92,16.5,40.55671973102325,21.65,0.5981809144059159,62.0,High
2021-11-08,431.0,4.4,4.97,3.2,4.21,3.8,38.27321177136976,11.475,0.6118864012687242,109.0,Medium
2021-11-09,481.0,0.0,2.36,0.0,0.51,0.0,32.532230005664296,3.5875000000000004,0.6254105729852457,50.0,Low
2021-11-10,513.0,1.4,8.7,0.7,5.75,1.0499999999999998,28.70239550481465,18.0625,0.6387494220515268,32.0,Medium
2021-11-11,524.0,6.2,9.42,10.0,8.18,8.1,32.497036179092454,22.0,0.6518989958787125,11.0,High
2021-11-12,498.0,0.0,7.27,0.0,5.8,0.0,27.622480752228583,16.3375,0.6648553979642867,-26.0,Low
2021-11-13,437.0,0.0,4.41,0.0,4.12,0.0,23.479108639394298,10.6625,0.6776147890466887,-61.0,Low
2021-11-14,371.0,0.0,4.65,0.0,4.03,0.0,19.957242343485152,10.85,0.690173388242972,-66.0,Low
2021-11-15,318.0,0.0,2.0,0.0,1.24,0.0,16.96365599196238,4.050000000000001,0.7025274741691566,-53.0,Low
2021-11-16,284.0,0.0,4.51,0.0,3.55,0.0,14.419107593168022,10.075,0.7146733860429608,-34.0,Low
2021-11-17,262.0,2.7,5.55,3.1,4.25,2.9000000000000004,15.156241454192818,12.25,0.726607524768565,-22.0,Medium
2021-11-18,253.0,10.9,8.0,15.8,6.41,13.35,26.232805236063896,18.0125,0.7383263540031063,-9.0,High
2021-11-19,277.0,0.1,10.01,1.2,9.55,0.65,22.94788445065431,24.450000000000003,0.749826401204568,24.0,Low
2021-11-20,309.0,14.8,8.68,10.8,7.53,12.8,32.305701783056165,20.262500000000003,0.7611042586607742,32.0,High
2021-11-21,345.0,5.8,6.51,12.2,5.38,9.0,36.45984651559774,14.8625,0.7721565844991641,36.0,High
2021-11-22,404.0,0.4,1.6,0.5,-0.05,0.45,31.44086953825808,1.9375,0.7829801036770625,59.0,Low
2021-11-23,426.0,3.1,6.11,4.5,3.19,3.8,30.52473910751937,11.625,0.7935716089521472,22.0,Medium
2021-11-24,414.0,0.2,7.59,0.4,6.22,0.3,26.24602824139146,17.2625,0.8039279618328208,-12.0,Low
2021-11-25,365.0,2.8,6.47,7.1,4.68,4.949999999999999,27.25912400518274,13.937499999999998,0.8140460935082175,-49.0,High
2021-11-26,357.0,9.8,5.4,23.6,3.25,16.700000000000003,39.87025540440533,10.8125,0.8239230057575536,-8.0,High
2021-11-27,422.0,1.2,1.11,1.2,0.64,1.2,35.08971709374453,2.1875,0.8335557718385695,65.0,Medium
2021-11-28,459.0,3.3,1.2,0.4,0.65,1.85,31.67625952968285,2.3125,0.8429415373547832,37.0,Medium
2021-11-29,476.0,4.7,0.17,3.4,-0.19,4.05,30.974820600230423,0.0,0.8520775211013093,17.0,High
2021-11-30,470.0,0.4,0.72,0.0,-1.66,0.2,26.52859751019586,0.0,0.8609610158889945,-6.0,Low
2021-12-01,423.0,5.3,1.14,2.6,-1.28,3.95,26.49930788366648,0.0,0.8695893893466109,-47.0,Medium
2021-12-02,361.0,14.6,3.07,9.7,1.43,12.15,34.674411701116505,5.625,0.8779600847008883,-62.0,High
2021-12-03,363.0,1.3,1.67,2.8,-0.88,2.05,31.52324994594903,0.9875,0.8860706215341377,2.0,Medium
2021-12-04,380.0,8.0,0.49,5.6,-0.62,6.8,33.59476245405667,0.0,0.893918596519257,17.0,High
2021-12-05,364.0,5.7,-2.91,2.5,-3.56,4.1,32.65554808594817,0.0,0.9015016841318838,-16.0,High
2021-12-06,335.0,0.0,-9.81,0.0,-11.11,0.0,27.757215873055944,0.0,0.9088176373395028,-29.0,Low
2021-12-07,301.0,0.0,-11.94,0.0,-13.46,0.0,23.593633492097556,0.0,0.9158642882672868,-34.0,Low
2021-12-08,290.0,0.0,-11.88,0.0,-13.12,0.0,20.05458846828292,0.0,0.9226395488404876,-11.0,Low
2021-12-09,325.0,0.1,-6.46,0.0,-6.96,0.05,17.09640019804048,0.0,0.9291414114031744,35.0,Low
2021-12-10,339.0,2.0,-0.14,2.3,-0.4,2.15,16.681940168334407,0.0,0.935367949313148,14.0,Medium
2021-12-11,332.0,0.4,0.65,0.4,0.22,0.4,14.579649143084248,1.0875,0.941317317512847,-7.0,Low
2021-12-12,295.0,0.5,-0.87,0.0,-1.65,0.25,12.64270177162161,0.0,0.946987753076075,-37.0,Low
2021-12-13,245.0,0.0,-0.73,0.5,-1.52,0.25,10.996296505878368,0.0,0.9523775757303972,-50.0,Low
2021-12-14,228.0,4.7,2.75,6.3,0.5,5.5,14.846852029996612,4.0625,0.9574851883550388,-17.0,High
2021-12-15,248.0,0.1,5.93,1.3,4.24,0.7000000000000001,13.319824225497118,12.7125,0.9623090774541488,20.0,Medium
2021-12-16,351.0,0.0,6.29,0.6,5.56,0.3,11.621850591672551,14.8125,0.9668478136052772,103.0,Low
2021-12-17,428.0,0.0,5.2,0.0,3.2,0.0,9.878573002921668,10.5,0.9711000518829505,77.0,Low
2021-12-18,454.0,0.0,5.9,0.0,4.29,0.0,8.396787052483417,12.7375,0.9750645322571944,26.0,Low
2021-12-19,451.0,5.8,4.0,2.2,2.55,4.0,11.137268994610904,8.1875,0.9787400799669153,-3.0,High
2021-12-20,401.0,0.0,-2.54,0.2,-2.95,0.1,9.566678645419266,0.0,0.9821256058680006,-50.0,Low
2021-12-21,348.0,1.1,-5.31,0.9,-7.0,1.0,9.131676848606377,0.0,0.9852201067560606,-53.0,Medium
2021-12-22,296.0,0.0,-7.6,0.0,-9.28,0.0,7.761925321315418,0.0,0.9880226656636976,-52.0,Low
2021-12-23,273.0,9.2,-0.31,9.8,-3.16,9.5,16.097636523118105,0.0,0.9905324521322229,-23.0,High
2021-12-24,267.0,5.7,-1.17,5.5,-3.93,5.6,19.282991044650387,0.0,0.9927487224577402,-6.0,High
2021-12-25,270.0,1.4,-0.0,2.7,-2.49,2.05,18.440542387952828,0.0,0.9946708199115212,3.0,Medium
2021-12-26,264.0,1.6,0.43,0.7,-3.97,1.15,16.824461029759902,0.0,0.9962981749346076,-6.0,Medium
2021-12-27,248.0,0.0,-3.98,0.0,-5.2,0.0,14.300791875295916,0.0,0.9976303053065856,-16.0,Low
2021-12-28,236.0,0.0,-6.77,0.0,-7.7,0.0,12.155673094001529,0.0,0.998666816288476,-12.0,Low
2021-12-29,253.0,1.1,-5.15,0.5,-6.07,0.8,11.1323221299013,0.0,0.9994074007397048,17.0,Medium
2021-12-30,249.0,0.7,-0.49,1.3,-1.78,1.0,10.462473810416103,0.0,0.9998518392091162,-4.0,Medium
2021-12-31,225.0,2.8,4.5,6.0,4.05,4.4,13.293102738853689,10.6875,1.0,-24.0,High
2022-01-01,252.0,0.1,2.22,0.2,2.07,0.15,11.449137328025635,5.3625,0.9998518392091162,27.0,Low
2022-01-02,332.0,15.7,2.97,17.4,2.13,16.549999999999997,26.281766728821783,6.375,0.9994074007397048,80.0,High
2022-01-03,416.0,4.5,4.47,6.2,4.77,5.35,27.68950171949852,11.549999999999995,0.998666816288476,84.0,High
2022-01-04,481.0,2.4,4.46,4.1,4.45,3.25,26.78607646157374,11.1375,0.9976303053065856,65.0,Medium
2022-01-05,514.0,3.0,3.22,7.4,2.02,5.2,27.96816499233768,6.550000000000001,0.9962981749346078,33.0,High
2022-01-06,536.0,2.0,0.67,2.8,-0.62,2.4,26.172940243487023,0.0625,0.9946708199115212,22.0,Medium
2022-01-07,545.0,0.1,1.25,1.0,-1.28,0.55,22.79699920696397,0.0,0.9927487224577402,9.0,Low
2022-01-08,533.0,5.9,-0.27,4.9,-1.83,5.4,24.777449325919378,0.0,0.9905324521322229,-12.0,High
2022-01-09,491.0,0.0,-0.89,0.0,-2.77,0.0,21.06083192703147,0.0,0.9880226656636976,-42.0,Low
2022-01-10,404.0,0.2,-2.0,0.0,-4.56,0.1,18.001707137976748,0.0,0.9852201067560606,-87.0,Low
2022-01-11,327.0,0.0,-2.83,0.0,-4.7,0.0,15.301451067280237,0.0,0.9821256058680006,-77.0,Low
2022-01-12,287.0,0.2,0.49,0.7,-2.07,0.4499999999999999,13.4562334071882,0.0,0.9787400799669153,-40.0,Low
2022-01-13,276.0,0.3,4.62,1.4,4.73,0.85,12.287798396109968,11.687500000000002,0.9750645322571948,-11.0,Medium
2022-01-14,322.0,1.4,4.85,1.1,4.54,1.25,11.694628636693473,11.7375,0.9711000518829505,46.0,Medium
2022-01-15,364.0,0.0,3.1,0.0,1.65,0.0,9.940434341189452,5.9375,0.9668478136052776,42.0,Low
2022-01-16,361.0,1.6,2.85,3.5,1.68,2.55,10.999369190011034,5.6625000000000005,0.9623090774541486,-3.0,Medium
2022-01-17,339.0,2.0,2.82,3.4,1.89,2.7,12.04946381150938,5.8875,0.9574851883550392,-22.0,Medium
2022-01-18,356.0,0.2,2.52,0.1,0.68,0.15,10.392044239782972,4.0,0.9523775757303974,17.0,Low
2022-01-19,363.0,0.0,3.48,0.0,2.79,0.0,8.833237603815526,7.837499999999999,0.9469877530760752,7.0,Low
2022-01-20,334.0,1.7,0.97,4.5,-0.18,3.1,10.608251963243196,0.9875,0.9413173175128472,-29.0,Medium
2022-01-21,324.0,4.7,1.01,1.5,0.02,3.1,12.117014168756716,1.2875,0.9353679493131484,-10.0,Medium
2022-01-22,320.0,0.0,-0.61,0.0,-2.05,0.0,10.299462043443208,0.0,0.9291414114031744,-4.0,Low
2022-01-23,302.0,0.0,-0.01,0.0,-1.99,0.0,8.754542736926727,0.0,0.9226395488404876,-18.0,Low
2022-01-24,283.0,0.4,2.52,2.8,0.87,1.6,9.041361326387715,4.2375,0.9158642882672872,-19.0,Medium
2022-01-25,287.0,0.2,2.19,0.2,2.35,0.2,7.88515712742956,5.675,0.9088176373395028,4.0,Low
2022-01-26,339.0,2.6,0.95,4.7,0.3,3.65,10.352383558315124,1.5625,0.901501684131884,52.0,Medium
2022-01-27,376.0,6.7,3.55,11.3,3.44,9.0,17.799526024567854,8.7375,0.893918596519257,37.0,High
2022-01-28,432.0,1.0,2.7,3.9,2.02,2.45,17.579597120882674,5.9,0.886070621534138,56.0,Medium
2022-01-29,482.0,10.0,2.43,12.1,0.46,11.05,25.992657552750277,3.6125,0.8779600847008882,50.0,High
2022-01-30,511.0,6.3,2.2,5.7,1.28,6.0,28.09375891983773,4.3500000000000005,0.869589389346611,29.0,High
2022-01-31,531.0,4.3,0.25,0.6,-1.2,2.45,26.32969508186207,0.0,0.8609610158889943,20.0,Medium
2022-02-01,534.0,3.4,-0.07,2.5,-1.29,2.95,25.33024081958276,0.0,0.8520775211013093,3.0,Medium
2022-02-02,521.0,1.4,-1.78,0.8,-2.49,1.1,22.630704696645346,0.0,0.8429415373547828,-13.0,Medium
2022-02-03,471.0,0.9,-0.14,1.4,-2.05,1.15,20.386098992148543,0.0,0.8335557718385699,-50.0,Medium
2022-02-04,388.0,1.0,1.1,1.0,0.4,1.0,18.32818414332626,1.875,0.8239230057575542,-83.0,Medium
2022-02-05,341.0,3.8,3.21,3.6,2.78,3.7,19.27895652182732,7.487500000000001,0.8140460935082178,-47.0,Medium
2022-02-06,399.0,14.6,3.05,22.1,2.2,18.35,34.73711304355322,6.5625,0.8039279618328213,58.0,High
2022-02-07,467.0,1.1,2.7,2.9,1.91,2.0,31.52654608702024,5.7625,0.7935716089521474,68.0,Medium
2022-02-08,515.0,2.9,2.97,6.2,2.25,4.55,31.347564173967204,6.525,0.7829801036770629,48.0,High
2022-02-09,539.0,0.3,3.62,0.7,3.5,0.5,27.145429547872123,8.9,0.7721565844991642,24.0,Low
2022-02-10,547.0,0.0,3.36,0.0,3.28,0.0,23.073615115691304,8.299999999999999,0.7611042586607747,8.0,Low
2022-02-11,533.0,0.1,2.62,0.6,1.95,0.35,19.962572848337608,5.7125,0.7498264012045686,-14.0,Low
2022-02-12,504.0,0.0,2.41,0.0,1.0,0.0,16.968186921086968,4.2625,0.7383263540031065,-29.0,Low
2022-02-13,455.0,0.0,2.35,0.0,0.82,0.0,14.422958882923922,3.9625,0.7266075247685656,-49.0,Low
2022-02-14,390.0,0.0,3.37,0.0,2.55,0.0,12.259515050485334,7.4,0.7146733860429609,-65.0,Low
2022-02-15,340.0,0.0,2.86,0.0,2.26,0.0,10.420587792912531,6.399999999999999,0.702527474169157,-50.0,Low
2022-02-16,312.0,10.9,3.81,13.9,3.71,12.4,21.25749962397565,9.4,0.6901733882429719,-28.0,High
2022-02-17,353.0,12.0,4.11,18.6,4.18,15.3,33.36887468037931,10.3625,0.6776147890466889,41.0,High
2022-02-18,459.0,5.2,3.68,4.4,3.38,4.800000000000001,33.16354347832241,8.825000000000001,0.6648553979642865,106.0,High
2022-02-19,513.0,8.2,3.61,8.5,2.94,8.35,36.53901195657405,8.1875,0.6518989958787126,54.0,High
2022-02-20,552.0,1.1,2.99,1.9,2.27,1.5,32.55816016308794,6.574999999999999,0.6387494220515272,39.0,Medium
2022-02-21,567.0,14.2,3.9,23.9,3.61,19.05,46.724436138624746,9.3875,0.6254105729852463,15.0,High
2022-02-22,575.0,1.0,1.1,3.7,0.0,2.35,42.06577071783104,1.375,0.6118864012687243,8.0,Medium
2022-02-23,584.0,0.8,0.7,0.7,-0.55,0.75,36.50590511015638,0.1874999999999999,0.5981809144059164,9.0,Medium
2022-02-24,584.0,0.0,4.56,0.0,3.63,0.0,31.03001934363292,10.2375,0.5842981736283683,0.0,Low
2022-02-25,565.0,2.5,4.02,2.0,3.75,2.25,28.62551644208798,9.7125,0.5702422926917871,-19.0,Medium
2022-02-26,533.0,0.0,2.38,0.0,2.73,0.0,24.331688975774785,6.387499999999999,0.5560174366570446,-32.0,Low
2022-02-27,500.0,0.0,-0.16,0.0,0.17,0.0,20.681935629408567,0.0125,0.5416278206559814,-33.0,Low
2022-02-28,471.0,0.0,-0.13,0.0,0.03,0.0,17.57964528499728,0.0,0.5270777086423722,-29.0,Low
2022-03-01,425.0,0.0,-0.17,0.0,-0.85,0.0,14.942698492247688,0.0,0.5123714121284237,-46.0,Low
2022-03-02,374.0,0.0,0.73,0.0,-0.19,0.0,12.701293718410534,0.675,0.4975132889071806,-51.0,Low
2022-03-03,339.0,0.0,1.79,0.0,1.78,0.0,10.796099660648954,4.4625,0.4825077417612184,-35.0,Low
2022-03-04,317.0,0.0,0.97,0.0,0.53,0.0,9.17668471155161,1.875,0.4673592171580022,-22.0,Low
2022-03-05,301.0,0.0,-1.36,0.0,-2.15,0.0,7.800182004818868,0.0,0.4520722039323043,-16.0,Low
2022-03-06,286.0,0.0,1.6,0.0,-0.36,0.0,6.630154704096038,1.5500000000000005,0.436651231956064,-15.0,Low
2022-03-07,272.0,0.0,2.03,0.0,0.72,0.0,5.635631498481632,3.4375,0.4211008707960896,-14.0,Low
2022-03-08,261.0,0.0,1.3,0.0,0.78,0.0,4.790286773709387,2.6,0.4054257283599973,-11.0,Low
2022-03-09,252.0,0.0,0.93,0.0,-0.06,0.0,4.071743757652979,1.0875,0.3896304495307879,-9.0,Low
2022-03-10,244.0,0.0,-1.15,0.0,-1.93,0.0,3.460982194005032,0.0,0.373719714790469,-8.0,Low
2022-03-11,235.0,0.0,-1.02,0.0,-1.68,0.0,2.941834864904277,0.0,0.3576982388331254,-9.0,Low
2022-03-12,226.0,0.0,0.44,0.0,-0.29,0.0,2.5005596351686354,0.1875,0.3415707691678556,-9.0,Low
2022-03-13,219.0,0.0,0.35,0.0,2.26,0.0,2.12547568989334,3.2625,0.3253420847119801,-7.0,Low
2022-03-14,215.0,0.0,2.9,0.0,2.68,0.0,1.806654336409339,6.975,0.3090169943749474,-4.0,Low
2022-03-15,209.0,0.0,4.08,0.0,4.08,0.0,1.535656185947938,10.2,0.2926003356333483,-6.0,Low
2022-03-16,205.0,0.0,4.77,0.0,5.09,0.0,1.3053077580557473,12.325,0.2760969730974688,-4.0,Low
2022-03-17,201.0,0.0,4.75,0.0,3.5,0.0,1.1095115943473852,10.3125,0.2595117970697999,-4.0,Low
2022-03-18,197.0,0.0,3.32,0.0,3.31,0.0,0.9430848551952774,8.2875,0.2428497220959356,-4.0,Low
2022-03-19,190.0,0.0,3.19,0.0,4.28,0.0,0.8016221269159858,9.3375,0.2261156855082882,-7.0,Low
2022-03-20,189.0,0.0,2.61,0.0,3.88,0.0,0.6813788078785878,8.1125,0.2093146459630484,-1.0,Low
2022-03-21,187.0,0.0,3.91,0.0,5.0,0.0,0.5791719866967997,11.1375,0.1924515819708299,-2.0,Low
2022-03-22,184.0,0.0,5.04,0.0,5.06,0.0,0.4922961886922797,12.625,0.1755314904214282,-3.0,Low
2022-03-23,180.0,0.0,3.18,0.0,3.1,0.0,0.4184517603884378,7.85,0.1585593851031347,-4.0,Low
2022-03-24,180.0,0.0,3.87,0.0,2.84,0.0,0.3556839963301721,8.3875,0.141540295217043,0.0,Low
2022-03-25,180.0,0.0,5.33,0.0,4.61,0.0,0.3023313968806463,12.425,0.1244792638867891,0.0,Low
2022-03-26,177.0,0.0,5.15,0.0,5.1,0.0,0.2569816873485493,12.8125,0.107381346664163,-3.0,Low
2022-03-27,176.0,0.0,3.32,0.0,2.4,0.0,0.2184344342462669,7.15,0.0902516100310411,-1.0,Low
2022-03-28,180.0,0.0,5.26,0.0,4.98,0.0,0.1856692691093269,12.8,0.0730951298980777,4.0,Low
2022-03-29,175.0,0.0,2.33,0.0,1.25,0.0,0.1578188787429278,4.475,0.0559169901006034,-5.0,Low
2022-03-30,173.0,0.0,-0.8,0.0,-1.53,0.0,0.1341460469314886,0.0,0.0387222808921744,-2.0,Low
2022-03-31,170.0,0.0,-0.37,0.0,-0.95,0.0,0.1140241398917653,0.0,0.0215160974362222,-3.0,Low
2022-04-01,166.0,0.0,1.07,0.0,0.43,0.0,0.0969205189080005,1.875,0.0043035382962442,-4.0,Low
2022-04-02,164.0,0.0,1.52,0.0,0.83,0.0,0.0823824410718004,2.9375,-0.0129102960750088,-2.0,Low
2022-04-03,166.0,0.0,1.78,0.0,0.19,0.0,0.0700250749110304,2.4625,-0.0301203048469081,2.0,Low
2022-04-04,173.0,8.7,3.57,11.4,2.32,10.05,10.109521313674376,7.3625,-0.0473213883224318,7.0,High
2022-04-05,176.0,1.9,3.21,1.4,2.24,1.65,10.24309311662322,6.8125,-0.0645084494493162,3.0,Medium
2022-04-06,183.0,6.1,4.08,9.3,3.65,7.7,16.406629149129735,9.6625,-0.0816763953304224,7.0,High
2022-04-07,209.0,10.9,7.42,12.9,9.36,11.9,25.845634776760274,20.975,-0.0988201387328714,26.0,High
2022-04-08,293.0,2.8,4.8,2.0,4.74,2.4,24.36878956024623,11.925,-0.1159345995955004,84.0,Medium
2022-04-09,370.0,1.7,4.38,2.0,3.51,1.85,22.563471126209297,9.8625,-0.1330147065341959,77.0,Medium
2022-04-10,386.0,0.0,4.93,0.2,4.4,0.1,19.278950457277904,11.6625,-0.1500553983446526,16.0,Low
2022-04-11,352.0,0.0,4.35,0.0,3.05,0.0,16.38710788868622,9.25,-0.1670516255021192,-34.0,Low
2022-04-12,305.0,0.0,3.8,0.0,3.6,0.0,13.929041705383286,9.25,-0.18399835165768,-47.0,Low
2022-04-13,273.0,0.0,5.23,0.0,6.06,0.0,11.839685449575793,14.1125,-0.200890555130635,-32.0,Low
2022-04-14,250.0,3.3,7.38,4.2,8.04,3.75,13.813732632139423,19.275,-0.2177232303965317,-23.0,Medium
2022-04-15,236.0,0.0,5.35,0.0,5.0,0.0,11.74167273731851,12.9375,-0.2344913895704098,-14.0,Low
2022-04-16,229.0,0.0,4.17,0.0,4.59,0.0,9.980421826720733,10.95,-0.2511900638848193,-7.0,Low
2022-04-17,223.0,0.0,4.32,0.0,4.67,0.0,8.483358552712623,11.2375,-0.2678143051621742,-6.0,Low
2022-04-18,213.0,0.0,5.38,0.0,6.71,0.0,7.21085476980573,15.1125,-0.2843591872810034,-10.0,Low
2022-04-19,205.0,0.0,10.05,0.0,9.53,0.0,6.129226554334871,24.475,-0.3008198076356673,-8.0,Low
2022-04-20,197.0,0.0,13.12,0.0,12.38,0.0,5.20984257118464,31.875,-0.3171912885891061,-8.0,Low
2022-04-21,191.0,0.0,13.65,0.0,12.95,0.0,4.428366185506944,33.25,-0.3334687789181868,-6.0,Low
2022-04-22,185.0,0.0,11.76,0.0,11.04,0.0,3.764111257680902,28.5,-0.3496474552512284,-6.0,Low
2022-04-23,179.0,0.0,10.37,0.0,10.29,0.0,3.199494569028767,25.825,-0.3657225234972689,-6.0,Low
2022-04-24,176.0,0.0,8.45,0.0,8.15,0.0,2.719570383674452,20.75,-0.3816892202666588,-3.0,Low
2022-04-25,174.0,0.0,7.19,0.1,8.3,0.05,2.361634826123284,19.362500000000004,-0.3975428142825559,-2.0,Low
2022-04-26,170.0,0.0,6.57,0.0,7.61,0.0,2.0073896022047912,17.725,-0.4132786077829042,-4.0,Low
2022-04-27,166.0,0.0,5.71,0.0,5.69,0.0,1.7062811618740723,14.25,-0.4288919379124835,-4.0,Low
2022-04-28,163.0,0.0,5.56,0.0,4.93,0.0,1.4503389875929615,13.112499999999995,-0.4443781781046132,-3.0,Low
2022-04-29,160.0,0.0,7.77,0.0,8.03,0.0,1.2327881394540172,19.75,-0.4597327394521039,-3.0,Low
2022-04-30,156.0,0.0,8.71,0.0,8.46,0.0,1.0478699185359146,21.4625,-0.4749510720670499,-4.0,Low
2022-05-01,155.0,0.0,8.31,0.0,8.06,0.0,0.8906894307555274,20.4625,-0.4900286664290592,-1.0,Low
2022-05-02,152.0,0.0,7.88,0.0,7.59,0.0,0.7570860161421983,19.3375,-0.5049610547215204,-3.0,Low
2022-05-03,150.0,0.0,7.39,0.0,8.2,0.0,0.6435231137208686,19.4875,-0.5197438121555155,-2.0,Low
2022-05-04,147.0,0.0,5.83,0.0,5.99,0.0,0.5469946466627382,14.775,-0.5343725582809787,-3.0,Low
2022-05-05,146.0,0.0,9.41,0.0,9.85,0.0,0.4649454496633274,24.075,-0.548842958284719,-1.0,Low
2022-05-06,143.0,0.0,8.74,0.0,10.29,0.0,0.3952036322138283,23.7875,-0.5631507242749186,-3.0,Low
2022-05-07,144.0,0.0,9.57,0.0,9.97,0.0,0.3359230873817541,24.425,-0.5772916165517272,1.0,Low
2022-05-08,138.0,0.0,9.52,0.0,9.8,0.0,0.2855346242744909,24.15,-0.5912614448635781,-6.0,Low
2022-05-09,136.0,0.0,6.0,0.0,6.98,0.0,0.2427044306333173,16.225,-0.6050560696488488,-2.0,Low
2022-05-10,137.0,0.0,12.32,0.0,12.83,0.0,0.2062987660383196,31.4375,-0.6186714032625031,1.0,Low
2022-05-11,139.0,0.7,11.98,1.2,13.58,0.95,1.1253539511325716,31.950000000000003,-0.6321034111873487,2.0,Medium
2022-05-12,142.0,4.3,10.32,4.3,10.72,4.3,5.256550858462686,26.3,-0.6453481132295501,3.0,High
2022-05-13,143.0,0.0,9.82,0.0,9.68,0.0,4.468068229693283,24.375,-0.6584015846980488,1.0,Low
2022-05-14,144.0,0.4,9.54,0.6,9.44,0.5,4.297857995239291,23.724999999999994,-0.6712599575675313,1.0,Low
2022-05-15,143.0,0.0,9.55,0.0,9.87,0.0,3.653179295953397,24.275,-0.6839194216246106,-1.0,Low
2022-05-16,144.0,0.0,8.85,0.0,9.21,0.0,3.1052024015603874,22.575000000000003,-0.6963762255968722,1.0,Low
2022-05-17,142.0,0.0,8.23,0.0,7.52,0.0,2.639422041326329,19.6875,-0.7086266782644596,-2.0,Low
2022-05-18,143.0,0.0,7.55,0.0,7.09,0.0,2.24350873512738,18.3,-0.7206671495538609,1.0,Low
2022-05-19,142.0,0.1,12.63,0.5,13.43,0.3,2.206982424858273,32.575,-0.7324940716135789,-1.0,Low
2022-05-20,140.0,0.0,12.62,0.3,13.86,0.15,2.025935061129532,33.099999999999994,-0.7441039398713607,-2.0,Low
2022-05-21,143.0,4.3,9.43,4.4,9.48,4.35,6.072044801960102,23.6375,-0.7554933140726803,3.0,High
2022-05-22,143.0,1.6,10.14,1.4,10.99,1.5,6.661238081666086,26.4125,-0.766658819300159,0.0,Medium
2022-05-23,142.0,0.0,10.43,0.0,12.27,0.0,5.662052369416173,28.375,-0.777597146973627,-1.0,Low
2022-05-24,141.0,0.0,16.46,0.0,15.73,0.0,4.812744514003748,40.2375,-0.7883050558305255,-1.0,Low
2022-05-25,142.0,4.9,12.54,3.8,13.26,4.35,8.440832836903185,32.25,-0.7987793728863649,1.0,High
2022-05-26,146.0,2.4,11.48,4.3,10.6,3.35,10.524707911367706,27.6,-0.8090169943749473,4.0,Medium
2022-05-27,149.0,3.2,10.73,2.4,10.2,2.8,11.746001724662548,26.1625,-0.8190148866680801,3.0,Medium
2022-05-28,144.0,3.7,10.55,1.8,9.84,2.75,12.734101465963166,25.4875,-0.8287700871745037,-5.0,Medium
2022-05-29,140.0,1.9,10.08,3.0,10.35,2.45,13.273986246068691,25.5375,-0.8382797052177743,-4.0,Medium
2022-05-30,143.0,12.2,10.43,11.6,10.08,11.9,23.182888309158383,25.6375,-0.8475409228928311,3.0,High
2022-05-31,153.0,0.2,11.1,0.5,11.13,0.35,20.055455062784628,27.7875,-0.8565509959010036,10.0,Low
2022-06-01,153.0,9.0,11.65,10.8,11.87,9.9,26.94713680336693,29.4,-0.865307254363206,0.0,High
2022-06-02,162.0,0.1,12.06,0.1,11.9,0.1,23.005066282861893,29.950000000000003,-0.8738071036110808,9.0,Low
2022-06-03,176.0,0.0,11.85,0.0,11.45,0.0,19.55430634043261,29.125,-0.8820480249558537,14.0,Low
2022-06-04,186.0,0.0,12.05,0.0,11.6,0.0,16.62116038936772,29.5625,-0.8900275764346767,10.0,Low
2022-06-05,179.0,0.0,12.97,0.0,14.52,0.0,14.127986330962562,34.362500000000004,-0.8977433935342337,-7.0,Low
2022-06-06,168.0,0.0,18.8,0.0,18.45,0.0,12.008788381318178,46.5625,-0.9051931898913974,-11.0,Low
2022-06-07,159.0,0.1,16.89,0.1,17.48,0.1,10.307470124120451,42.962500000000006,-0.9123747579707272,-9.0,Low
2022-06-08,157.0,2.0,15.93,2.8,15.73,2.4,11.161349605502384,39.575,-0.9192859697186104,-2.0,Medium
2022-06-09,154.0,0.0,18.25,0.0,19.56,0.0,9.487147164677026,47.2625,-0.9259247771938498,-3.0,Low
2022-06-10,151.0,1.5,16.85,1.9,16.87,1.7,9.76407508997547,42.15,-0.9322892131745132,-3.0,Medium
2022-06-11,149.0,0.0,16.05,0.0,16.37,0.0,8.29946382647915,40.525000000000006,-0.938377391740864,-2.0,Low
2022-06-12,143.0,0.0,16.47,0.0,15.79,0.0,7.054544252507276,40.325,-0.9441875088341992,-6.0,Low
2022-06-13,141.0,0.0,15.93,0.0,15.01,0.0,5.996362614631185,38.675,-0.9497178427914316,-2.0,Low
2022-06-14,146.0,0.0,14.89,0.0,14.12,0.0,5.0969082224365065,36.2625,-0.9549667548552552,5.0,Low
2022-06-15,150.0,0.0,15.6,0.0,15.25,0.0,4.332371989071031,38.5625,-0.9599326896597448,4.0,Low
2022-06-16,148.0,0.0,15.21,0.0,14.26,0.0,3.682516190710376,36.8375,-0.9646141756912436,-2.0,Low
2022-06-17,145.0,0.0,16.65,0.0,16.2,0.0,3.13013876210382,41.06249999999999,-0.9690098257244062,-3.0,Low
2022-06-18,147.0,0.2,16.78,0.1,15.92,0.15,2.8106179477882467,40.875,-0.973118337233262,2.0,Low
2022-06-19,141.0,6.0,13.25,12.5,12.47,9.25,11.639025255620007,32.15,-0.9769384927771816,-6.0,High
2022-06-20,146.0,0.3,13.45,0.0,13.22,0.15,10.043171467277007,33.337500000000006,-0.980469160361632,5.0,Low
2022-06-21,146.0,1.1,14.75,1.5,14.03,1.3,9.836695747185455,35.975,-0.9837092937736096,0.0,Medium
2022-06-22,155.0,0.0,16.02,0.0,15.92,0.0,8.361191385107638,39.925,-0.986657932891657,9.0,Low
2022-06-23,154.0,0.0,15.73,0.0,15.82,0.0,7.107012677341492,39.4375,-0.9893142039703664,-1.0,Low
2022-06-24,150.0,0.0,20.84,0.0,20.31,0.0,6.040960775740269,51.4375,-0.99167731989929,-4.0,Low
2022-06-25,145.0,0.0,23.8,0.0,23.15,0.0,5.134816659379228,58.6875,-0.993746580436178,-5.0,Low
2022-06-26,144.0,0.0,25.34,0.0,24.65,0.0,4.364594160472344,62.4875,-0.9955213724144752,-1.0,Low
2022-06-27,143.0,0.0,26.58,0.0,25.37,0.0,3.709905036401493,64.9375,-0.9970011699250152,-1.0,Low
2022-06-28,142.0,5.6,25.14,6.1,24.97,5.85,9.003419280941268,62.6375,-0.9981855344718586,-1.0,High
2022-06-29,146.0,11.2,21.14,17.1,21.12,14.15,21.80290638880008,52.825,-0.99907411510223,4.0,High
2022-06-30,145.0,0.0,22.57,0.0,23.25,0.0,18.532470430480068,57.275,-0.9996666485105112,-1.0,Low
2022-07-01,159.0,6.7,24.09,5.4,23.39,6.050000000000001,21.802599865908057,59.35000000000001,-0.9999629591162656,14.0,High
2022-07-02,158.0,12.5,19.51,4.3,18.69,8.4,26.93220988602185,47.75,-0.9999629591162656,-1.0,High
2022-07-03,152.0,0.0,19.28,0.0,18.33,0.0,22.89237840311857,47.0125,-0.9996666485105112,-6.0,Low
2022-07-04,148.0,0.0,20.27,0.0,19.85,0.0,19.458521642650787,50.150000000000006,-0.99907411510223,-4.0,Low
2022-07-05,146.0,0.0,19.55,0.0,17.76,0.0,16.53974339625317,46.6375,-0.9981855344718586,-2.0,Low
2022-07-06,139.0,0.4,18.43,3.6,15.96,2.0,16.058781886815193,42.9875,-0.9970011699250152,-7.0,Medium
2022-07-07,140.0,0.8,18.74,2.2,15.98,1.5,15.149964603792911,43.4,-0.9955213724144752,1.0,Medium
2022-07-08,138.0,0.3,18.72,4.3,16.52,2.3,15.177469913223977,44.05,-0.993746580436178,-2.0,Medium
2022-07-09,146.0,2.6,18.07,0.3,15.61,1.45,14.35084942624038,42.1,-0.99167731989929,8.0,Medium
2022-07-10,149.0,8.1,16.54,6.9,13.42,7.5,19.69822201230432,37.45,-0.9893142039703664,3.0,High
2022-07-11,153.0,0.0,16.81,4.4,14.73,2.2,18.94348871045867,39.425,-0.9866579328916572,4.0,Medium
2022-07-12,154.0,0.9,18.44,2.4,16.6,1.65,17.75196540388987,43.80000000000001,-0.9837092937736098,1.0,Medium
2022-07-13,173.0,0.0,18.62,2.3,18.5,1.15,16.239170593306387,46.400000000000006,-0.980469160361632,19.0,Medium
2022-07-14,185.0,0.0,17.8,0.2,16.9,0.1,13.903295004310428,43.375,-0.9769384927771816,12.0,Low
2022-07-15,224.0,0.5,17.1,2.0,14.59,1.25,13.067800753663864,39.6125,-0.973118337233262,39.0,Medium
2022-07-16,218.0,0.0,16.6,10.9,13.7,5.45,16.557630640614285,37.875,-0.9690098257244064,-6.0,High
2022-07-17,196.0,0.2,17.22,0.2,14.73,0.2,14.27398604452214,39.9375,-0.9646141756912436,-22.0,Low
2022-07-18,196.0,0.0,17.98,0.0,17.05,0.0,12.13288813784382,43.7875,-0.9599326896597444,0.0,Low
2022-07-19,190.0,0.0,19.2,0.0,18.95,0.0,10.312954917167248,47.6875,-0.9549667548552552,-6.0,Low
2022-07-20,180.0,0.0,18.8,0.0,19.43,0.0,8.76601167959216,47.78750000000001,-0.9497178427914316,-10.0,Low
2022-07-21,171.0,0.0,22.24,0.0,21.21,0.0,7.451109927653335,54.3125,-0.9441875088341994,-9.0,Low
2022-07-22,164.0,0.0,21.96,0.0,22.18,0.0,6.333443438505335,55.175,-0.9383773917408642,-7.0,Low
2022-07-23,160.0,0.4,19.58,0.1,18.79,0.25,5.633426922729535,47.9625,-0.9322892131745134,-4.0,Low
2022-07-24,158.0,0.8,18.69,1.3,17.6,1.05,5.838412884320104,45.36250000000001,-0.92592477719385,-2.0,Medium
2022-07-25,152.0,0.0,20.68,0.0,19.34,0.0,4.962650951672089,50.02499999999999,-0.9192859697186104,-6.0,Low
2022-07-26,151.0,2.8,19.32,2.6,18.47,2.7,6.918253308921275,47.2375,-0.9123747579707274,-1.0,Medium
2022-07-27,153.0,1.2,17.05,2.4,14.99,1.7999999999999998,7.680515312583084,40.05,-0.9051931898913976,2.0,Medium
2022-07-28,156.0,17.9,17.25,35.1,15.3,26.5,33.02843801569562,40.6875,-0.8977433935342336,3.0,High
2022-07-29,154.0,0.0,16.28,0.0,15.49,0.0,28.074172313341275,39.712500000000006,-0.8900275764346766,-2.0,Low
2022-07-30,151.0,0.0,17.63,0.0,17.0,0.0,23.863046466340084,43.2875,-0.8820480249558535,-3.0,Low
2022-07-31,147.0,0.2,17.39,0.3,16.38,0.25,20.53358949638907,42.21249999999999,-0.8738071036110807,-4.0,Low
2022-08-01,149.0,0.9,18.25,0.0,17.16,0.45,17.903551071930707,44.2625,-0.8653072543632061,2.0,Low
2022-08-02,146.0,0.0,18.46,0.0,15.69,0.0,15.2180184111411,42.6875,-0.8565509959010037,-3.0,Low
2022-08-03,142.0,0.0,20.36,0.0,19.17,0.0,12.935315649469937,49.4125,-0.8475409228928312,-4.0,Low
2022-08-04,139.0,0.0,23.85,0.0,22.98,0.0,10.995018302049443,58.5375,-0.8382797052177745,-3.0,Low
2022-08-05,136.0,0.0,25.14,0.0,24.02,0.0,9.345765556742029,61.45,-0.828770087174504,-3.0,Low
2022-08-06,135.0,4.3,18.61,0.8,16.87,2.55,10.493900723230723,44.35000000000001,-0.8190148866680802,-1.0,Medium
2022-08-07,140.0,0.4,18.07,0.1,15.06,0.25,9.169815614746115,41.4125,-0.8090169943749472,5.0,Low
2022-08-08,141.0,1.6,17.87,3.1,15.86,2.35,10.144343272534195,42.16250000000001,-0.7987793728863648,1.0,Medium
2022-08-09,136.0,0.2,17.79,0.3,16.82,0.25,8.872691781654067,43.2625,-0.7883050558305253,-5.0,Low
2022-08-10,137.0,0.0,17.58,0.0,16.75,0.0,7.541788014405957,42.9125,-0.7775971469736268,1.0,Low
2022-08-11,135.0,0.0,17.5,0.0,17.26,0.0,6.410519812245063,43.45,-0.7666588193001592,-2.0,Low
2022-08-12,129.0,0.0,19.92,0.0,20.01,0.0,5.448941840408303,49.91250000000001,-0.7554933140726804,-6.0,Low
2022-08-13,128.0,0.0,22.15,0.0,21.5,0.0,4.631600564347058,54.5625,-0.7441039398713608,-1.0,Low
2022-08-14,129.0,0.0,24.6,0.0,23.09,0.0,3.936860479694999,59.6125,-0.7324940716135792,1.0,Low
2022-08-15,127.0,0.0,26.08,0.0,24.75,0.0,3.3463314077407493,63.5375,-0.7206671495538615,-2.0,Low
2022-08-16,123.0,0.0,25.74,0.0,24.19,0.0,2.844381696579637,62.4125,-0.7086266782644601,-4.0,Low
2022-08-17,122.0,0.1,24.0,0.1,23.35,0.1,2.517724442092691,59.1875,-0.6963762255968726,-1.0,Low
2022-08-18,123.0,0.0,24.44,0.0,24.27,0.0,2.1400657757787878,60.8875,-0.6839194216246105,1.0,Low
2022-08-19,120.0,0.0,26.48,0.0,24.97,0.0,1.8190559094119687,64.3125,-0.6712599575675315,-3.0,Low
2022-08-20,118.0,3.1,23.65,2.1,22.66,2.6,4.146197523000174,57.8875,-0.6584015846980489,-2.0,Medium
2022-08-21,118.0,7.2,20.94,5.9,20.6,6.550000000000001,10.074267894550148,51.92500000000001,-0.64534811322955,0.0,High
2022-08-22,122.0,0.3,19.21,61.3,18.48,30.8,39.36312771036762,47.1125,-0.6321034111873488,4.0,High
2022-08-23,130.0,0.0,22.85,0.0,22.37,0.0,33.45865855381248,56.525,-0.6186714032625032,8.0,Low
2022-08-24,139.0,0.0,22.76,0.0,23.53,0.0,28.439859770740604,57.86250000000001,-0.6050560696488494,9.0,Low
2022-08-25,136.0,0.0,22.97,1.8,21.69,0.9,25.073880805129512,55.825,-0.5912614448635782,-3.0,Medium
2022-08-26,129.0,0.0,23.04,0.0,22.65,0.0,21.31279868436009,57.1125,-0.5772916165517278,-7.0,Low
2022-08-27,124.0,0.0,23.79,0.0,22.93,0.0,18.115878881706077,58.4,-0.5631507242749187,-5.0,Low
2022-08-28,121.0,0.0,22.99,0.0,22.55,0.0,15.398497049450162,56.925,-0.5488429582847199,-3.0,Low
2022-08-29,128.0,4.5,19.83,17.5,18.32,11.0,24.08872249203264,47.6875,-0.5343725582809785,7.0,High
2022-08-30,128.0,0.4,17.52,0.0,15.82,0.2,20.675414118227746,41.675,-0.5197438121555157,0.0,Low
2022-08-31,132.0,2.4,15.19,0.0,13.76,1.2,18.77410200049358,36.1875,-0.5049610547215202,4.0,Medium
2022-09-01,134.0,0.0,12.45,0.0,11.53,0.0,15.957986700419545,29.974999999999994,-0.4900286664290594,2.0,Low
2022-09-02,129.0,2.5,11.94,0.6,11.07,1.55,15.114288695356612,28.7625,-0.4749510720670502,-5.0,Medium
2022-09-03,122.0,0.0,11.72,0.0,10.73,0.0,12.84714539105312,28.062500000000004,-0.4597327394521046,-7.0,Low
2022-09-04,117.0,0.0,12.64,0.0,12.03,0.0,10.920073582395151,30.8375,-0.4443781781046134,-5.0,Low
2022-09-05,114.0,0.0,12.0,0.0,10.56,0.0,9.282062545035878,28.200000000000003,-0.4288919379124841,-3.0,Low
2022-09-06,111.0,0.0,11.09,0.0,9.64,0.0,7.889753163280496,25.9125,-0.4132786077829044,-3.0,Low
2022-09-07,108.0,0.0,12.87,0.0,11.31,0.0,6.706290188788421,30.225,-0.3975428142825566,-3.0,Low
2022-09-08,103.0,0.0,12.95,0.0,11.98,0.0,5.700346660470158,31.1625,-0.3816892202666586,-5.0,Low
2022-09-09,98.0,1.5,12.24,0.4,11.62,0.95,5.795294661399635,29.825,-0.3657225234972692,-5.0,Medium
2022-09-10,96.0,0.0,13.05,0.0,12.54,0.0,4.926000462189689,31.9875,-0.3496474552512282,-2.0,Low
2022-09-11,93.0,0.0,13.77,0.0,12.27,0.0,4.187100392861236,32.55,-0.333468778918187,-3.0,Low
2022-09-12,97.0,0.0,12.88,0.0,11.83,0.0,3.55903533393205,30.887500000000003,-0.3171912885891059,4.0,Low
2022-09-13,98.0,0.3,12.19,0.8,10.72,0.55,3.5751800338422437,28.6375,-0.300819807635668,1.0,Low
2022-09-14,103.0,2.0,15.95,8.9,14.54,5.45,8.488903028765908,38.1125,-0.2843591872810036,5.0,High
2022-09-15,106.0,5.4,14.61,14.5,12.93,9.95,17.16556757445102,34.425,-0.2678143051621748,3.0,High
2022-09-16,123.0,40.7,12.81,54.2,11.14,47.45,62.04073243828337,29.937500000000004,-0.2511900638848195,17.0,High
2022-09-17,162.0,11.3,13.83,9.3,11.66,10.3,63.03462257254087,31.862500000000004,-0.2344913895704105,39.0,High
2022-09-18,196.0,0.0,12.62,0.1,10.77,0.05,53.629429186659735,29.2375,-0.2177232303965322,34.0,Low
2022-09-19,194.0,10.2,11.42,2.3,10.03,6.25,51.83501480866077,26.8125,-0.2008905551306352,-2.0,High
2022-09-20,180.0,2.4,12.44,1.6,11.09,2.0,46.05976258736165,29.4125,-0.1839983516576798,-14.0,Medium
2022-09-21,169.0,0.6,11.31,1.1,10.57,0.8500000000000001,40.0007981992574,27.35,-0.1670516255021195,-11.0,Medium
2022-09-22,160.0,0.0,10.75,0.0,10.03,0.0,34.00067846936879,25.975,-0.1500553983446526,-9.0,Low
2022-09-23,150.0,0.0,9.6,0.0,8.99,0.0,28.900576698963476,23.2375,-0.1330147065341963,-10.0,Low
2022-09-24,143.0,0.0,10.93,0.0,9.33,0.0,24.56549019411895,25.325,-0.1159345995955006,-7.0,Low
2022-09-25,136.0,0.0,10.91,0.0,10.35,0.0,20.880666665001108,26.575,-0.0988201387328721,-7.0,Low
2022-09-26,130.0,0.5,10.96,0.2,11.02,0.35,18.098566665250942,27.475,-0.0816763953304228,-6.0,Low
2022-09-27,125.0,0.0,12.19,0.0,11.3,0.0,15.3837816654633,29.362500000000004,-0.0645084494493162,-5.0,Low
2022-09-28,127.0,5.9,10.93,4.8,10.56,5.35,18.426214415643805,26.862500000000004,-0.0473213883224323,2.0,High
2022-09-29,130.0,1.0,11.0,4.0,9.93,2.5,18.162282253297235,26.1625,-0.0301203048469083,3.0,Medium
2022-09-30,128.0,0.2,10.22,0.2,9.7,0.2,15.637939915302647,24.9,-0.0129102960750088,-2.0,Low
2022-10-01,129.0,0.0,10.99,0.0,10.6,0.0,13.292248928007252,26.9875,0.0043035382962438,1.0,Low
2022-10-02,129.0,15.3,11.89,19.0,10.47,17.15,28.448411588806163,27.95,0.0215160974362222,0.0,High
2022-10-03,127.0,3.8,11.57,0.5,10.13,2.15,26.33114985048524,27.125000000000004,0.0387222808921739,-2.0,Medium
2022-10-04,144.0,0.2,13.0,0.0,10.5,0.1,22.48147737291245,29.375,0.055916990100603,17.0,Low
2022-10-05,159.0,0.0,13.75,0.0,12.21,0.0,19.109255766975583,32.45,0.0730951298980777,15.0,Low
2022-10-06,154.0,0.0,14.25,0.2,13.25,0.1,16.342867401929247,34.375,0.0902516100310407,-5.0,Low
2022-10-07,142.0,0.0,13.51,0.0,12.15,0.0,13.89143729163986,32.075,0.107381346664163,-12.0,Low
2022-10-08,136.0,0.0,12.9,0.0,11.32,0.0,11.80772169789388,30.275,0.1244792638867886,-6.0,Low
2022-10-09,137.0,0.0,12.43,0.5,9.21,0.25,10.2865634432098,27.05,0.141540295217043,1.0,Low
2022-10-10,139.0,0.0,12.13,0.0,9.43,0.0,8.743578926728329,26.950000000000003,0.1585593851031347,2.0,Low
2022-10-11,137.0,0.0,12.38,2.4,10.0,1.2,8.632042087719078,27.975,0.1755314904214277,-2.0,Medium
2022-10-12,138.0,0.0,11.9,1.5,7.71,0.75,8.087235774561217,24.5125,0.1924515819708299,1.0,Medium
2022-10-13,138.0,0.4,11.68,1.0,9.94,0.7,7.574150408377034,27.025,0.2093146459630488,0.0,Low
2022-10-14,136.0,0.0,10.46,0.0,10.12,0.0,6.438027847120479,25.725,0.226115685508288,-2.0,Low
2022-10-15,132.0,0.4,11.93,1.5,11.2,0.95,6.422323670052407,28.9125,0.2428497220959358,-4.0,Medium
2022-10-16,135.0,0.6,13.52,0.3,13.53,0.4499999999999999,5.908975119544546,33.8125,0.2595117970697994,3.0,Low
2022-10-17,130.0,0.2,13.67,0.0,13.05,0.1,5.122628851612864,33.4,0.2760969730974688,-5.0,Low
2022-10-18,134.0,0.2,13.45,1.5,13.26,0.85,5.204234523870934,33.3875,0.2926003356333479,4.0,Medium
2022-10-19,137.0,1.2,8.36,0.1,6.77,0.65,5.073599345290294,18.9125,0.3090169943749472,3.0,Low
2022-10-20,143.0,0.1,9.19,0.1,6.62,0.1,4.412559443496749,19.7625,0.3253420847119795,6.0,Low
2022-10-21,141.0,0.0,8.09,0.0,6.9,0.0,3.7506755269722367,18.7375,0.341570769167856,-2.0,Low
2022-10-22,133.0,0.7,8.36,0.7,7.37,0.7,3.888074197926401,19.6625,0.3576982388331254,-8.0,Low
2022-10-23,133.0,0.4,11.33,0.5,10.67,0.45,3.754863068237441,27.5,0.3737197147904692,0.0,Low
2022-10-24,131.0,0.4,11.21,0.3,10.8,0.35,3.541633608001825,27.512500000000003,0.3896304495307877,-2.0,Low
2022-10-25,130.0,1.0,12.65,4.9,12.4,2.95,5.960388566801552,31.3125,0.4054257283599973,-1.0,Medium
2022-10-26,133.0,0.1,12.47,1.3,12.17,0.7000000000000001,5.766330281781319,30.8,0.4211008707960891,3.0,Medium
2022-10-27,131.0,0.0,12.09,0.6,11.58,0.3,5.201380739514121,29.5875,0.4366512319560638,-2.0,Low
2022-10-28,132.0,0.4,12.6,0.2,12.32,0.3,4.721173628587003,31.15,0.4520722039323037,1.0,Low
2022-10-29,133.0,0.5,12.75,0.8,12.35,0.65,4.662997584298953,31.375,0.467359217158002,1.0,Low
2022-10-30,136.0,0.0,10.71,0.0,9.43,0.0,3.96354794665411,25.175,0.4825077417612176,3.0,Low
2022-10-31,135.0,0.0,8.17,0.0,6.93,0.0,3.3690157546559933,18.875,0.4975132889071803,-1.0,Low
2022-11-01,134.0,0.7,10.25,0.7,9.66,0.7,3.5636633914575944,24.8875,0.5123714121284235,-1.0,Low
2022-11-02,133.0,1.0,11.6,4.6,10.88,2.8,5.829113882738955,28.1,0.5270777086423724,-1.0,Medium
2022-11-03,135.0,1.0,9.4,1.0,7.83,1.0,5.954746800328111,21.5375,0.5416278206559811,2.0,Medium
2022-11-04,131.0,0.0,6.68,0.0,5.84,0.0,5.061534780278895,15.65,0.5560174366570446,-4.0,Low
2022-11-05,131.0,5.3,7.53,3.3,6.57,4.3,8.60230456323706,17.625,0.5702422926917867,0.0,High
2022-11-06,133.0,0.0,10.28,0.9,6.97,0.45,7.761958878751502,21.5625,0.5842981736283683,2.0,Low
2022-11-07,129.0,0.0,8.23,0.2,6.1,0.1,6.697665046938776,17.9125,0.5981809144059159,-4.0,Low
2022-11-08,129.0,2.1,11.5,5.0,10.44,3.55,9.24301528989796,27.425,0.6118864012687242,0.0,Medium
2022-11-09,134.0,1.5,10.77,2.6,9.24,2.05,9.906562996413264,25.0125,0.6254105729852457,5.0,Medium
2022-11-10,139.0,0.6,11.39,2.0,10.1,1.3,9.720578546951277,26.862500000000004,0.6387494220515268,5.0,Medium
2022-11-11,150.0,0.7,11.84,2.5,11.44,1.6,9.862491764908585,29.1,0.6518989958787125,11.0,Medium
2022-11-12,156.0,0.0,11.66,0.0,11.62,0.0,8.383118000172296,29.1,0.6648553979642867,6.0,Low
2022-11-13,160.0,0.0,8.37,0.0,8.18,0.0,7.125650300146451,20.6875,0.6776147890466887,4.0,Low
2022-11-14,161.0,0.0,5.31,0.0,4.18,0.0,6.056802755124483,11.862499999999995,0.690173388242972,1.0,Low
2022-11-15,157.0,0.0,6.99,0.1,6.25,0.05,5.19828234185581,16.55,0.7025274741691566,-4.0,Low
2022-11-16,148.0,0.0,1.93,0.0,1.3,0.0,4.418539990577439,4.0375,0.7146733860429608,-9.0,Low
2022-11-17,149.0,0.0,-0.6,0.0,-1.0,0.0,3.755758991990823,0.0,0.726607524768565,1.0,Low
2022-11-18,142.0,0.0,-1.45,0.0,-1.85,0.0,3.1923951431921997,0.0,0.7383263540031063,-7.0,Low
2022-11-19,141.0,0.0,-4.85,0.0,-5.05,0.0,2.7135358717133693,0.0,0.749826401204568,-1.0,Low
2022-11-20,137.0,0.4,-3.81,1.0,-4.31,0.7,3.006505490956364,0.0,0.7611042586607742,-4.0,Low
2022-11-21,133.0,0.2,-1.59,0.6,-1.97,0.4,2.955529667312909,0.0,0.7721565844991641,-4.0,Low
2022-11-22,127.0,0.0,-1.72,0.0,-2.37,0.0,2.5122002172159728,0.0,0.7829801036770625,-6.0,Low
2022-11-23,124.0,0.0,-4.41,0.0,-4.92,0.0,2.135370184633577,0.0,0.7935716089521472,-3.0,Low
2022-11-24,122.0,0.0,-2.8,0.0,-3.08,0.0,1.81506465693854,0.0,0.8039279618328208,-2.0,Low
2022-11-25,121.0,0.0,-0.6,0.1,-0.97,0.05,1.5928049583977593,0.0,0.8140460935082175,-1.0,Low
2022-11-26,121.0,0.0,0.15,0.0,-0.36,0.0,1.3538842146380954,0.0,0.8239230057575536,0.0,Low
2022-11-27,120.0,1.4,0.95,2.4,-0.07,1.9,3.050801582442381,1.1,0.8335557718385695,-1.0,Medium
2022-11-28,118.0,0.7,0.36,0.7,-0.27,0.7,3.2931813450760234,0.1124999999999999,0.8429415373547832,-2.0,Low
2022-11-29,117.0,0.1,0.33,0.0,-0.14,0.05,2.84920414331462,0.2375,0.8520775211013093,-1.0,Low
2022-11-30,116.0,0.0,1.05,0.0,0.55,0.0,2.4218235218174264,2.0,0.8609610158889945,-1.0,Low
2022-12-01,116.0,0.0,0.11,0.0,-0.7,0.0,2.0585499935448124,0.0,0.8695893893466109,0.0,Low
2022-12-02,116.0,0.0,-3.45,0.0,-3.99,0.0,1.7497674945130903,0.0,0.8779600847008883,0.0,Low
2022-12-03,115.0,2.4,-4.11,2.0,-4.6,2.2,3.687302370336127,0.0,0.8860706215341377,-1.0,Medium
2022-12-04,114.0,2.0,-0.5,0.8,-0.74,1.4,4.534207014785707,0.0,0.893918596519257,-1.0,Medium
2022-12-05,114.0,0.4,-1.62,0.2,-2.19,0.3,4.154075962567851,0.0,0.9015016841318838,0.0,Low
2022-12-06,114.0,0.8,-0.15,0.7,-0.61,0.75,4.280964568182673,0.0,0.9088176373395028,0.0,Medium
2022-12-07,118.0,8.9,1.71,13.4,0.19,11.15,14.788819882955272,2.375,0.9158642882672868,4.0,High
2022-12-08,126.0,17.8,1.03,20.8,-0.39,19.3,31.87049690051198,0.8,0.9226395488404876,8.0,High
2022-12-09,122.0,0.4,-6.41,0.4,-10.71,0.4,27.48992236543518,0.0,0.9291414114031744,-4.0,Low
2022-12-10,120.0,0.0,-5.91,0.0,-9.48,0.0,23.3664340106199,0.0,0.935367949313148,-2.0,Low
2022-12-11,120.0,0.0,-6.53,0.0,-6.62,0.0,19.861468909026915,0.0,0.941317317512847,0.0,Low
2022-12-12,126.0,12.3,-2.73,6.5,-3.5,9.4,26.28224857267288,0.0,0.946987753076075,6.0,High
2022-12-13,142.0,1.9,-0.0,4.4,-2.89,3.1500000000000004,25.489911286771942,0.0,0.9523775757303972,16.0,Medium
2022-12-14,150.0,1.0,-1.17,1.0,-5.24,1.0,22.66642459375615,0.0,0.9574851883550388,8.0,Medium
2022-12-15,140.0,0.0,-7.74,0.0,-10.85,0.0,19.266460904692728,0.0,0.9623090774541488,-10.0,Low
2022-12-16,141.0,5.0,-4.65,1.0,-6.2,3.0,19.376491768988817,0.0,0.9668478136052772,1.0,Medium
2022-12-17,140.0,0.0,-8.2,0.0,-9.69,0.0,16.470018003640494,0.0,0.9711000518829505,-1.0,Low
2022-12-18,140.0,0.0,-2.09,0.0,-7.53,0.0,13.99951530309442,0.0,0.9750645322571944,0.0,Low
2022-12-19,140.0,0.0,-4.87,0.0,-7.57,0.0,11.899588007630255,0.0,0.9787400799669153,0.0,Low
2022-12-20,140.0,11.6,2.39,3.2,-0.0,7.4,17.514649806485718,2.9875000000000003,0.9821256058680006,0.0,High
2022-12-21,152.0,14.0,4.48,7.1,1.68,10.55,25.43745233551286,7.7,0.9852201067560606,12.0,High
2022-12-22,195.0,1.1,3.85,1.7,1.85,1.4,23.021834485185927,7.125,0.9880226656636976,43.0,Medium
2022-12-23,272.0,3.1,4.73,3.6,2.84,3.35,22.91855931240804,9.4625,0.9905324521322229,77.0,Medium
2022-12-24,352.0,0.0,-1.32,0.0,-2.81,0.0,19.480775415546837,0.0,0.9927487224577402,80.0,Low
2022-12-25,386.0,0.0,-1.07,0.0,-1.57,0.0,16.558659103214808,0.0,0.9946708199115212,34.0,Low
2022-12-26,385.0,4.4,1.23,2.5,0.53,3.45,17.524860237732586,2.2,0.9962981749346076,-1.0,Medium
2022-12-27,341.0,0.1,4.8,0.6,3.75,0.35,15.246131202072696,10.6875,0.9976303053065856,-44.0,Low
2022-12-28,316.0,6.0,3.35,5.4,1.83,5.7,18.65921152176179,6.475,0.998666816288476,-25.0,High
2022-12-29,332.0,5.5,4.56,7.9,4.58,6.7,22.560329793497523,11.425,0.9994074007397048,16.0,High
2022-12-30,385.0,4.0,4.71,5.1,5.06,4.55,23.726280324472896,12.2125,0.9998518392091162,53.0,High
2022-12-31,427.0,4.8,5.47,8.0,6.17,6.4,26.56733827580196,14.55,1.0,42.0,High
