timestamp,water_level_cm,precip_kretingos-ams,temp_kretingos-ams,Pt,API_t,API_norm,S_t,SMI_t,delta_WL_t
2021-01-01,188.0,0.0,0.0,0.0,0.0,0.0,0.9998518392091162,0.0,0.0
2021-01-02,175.0,0.0,0.0,0.0,0.0,0.0,0.9994074007397048,0.0,-13.0
2021-01-03,153.0,0.0,0.0,0.0,0.0,0.0,0.998666816288476,0.0,-22.0
2021-01-04,138.0,0.0,0.0,0.0,0.0,0.0,0.9976303053065857,0.0,-15.0
2021-01-05,133.0,0.0,0.0,0.0,0.0,0.0,0.9962981749346078,0.0,-5.0
2021-01-06,130.0,0.0,0.0,0.0,0.0,0.0,0.9946708199115211,0.0,-3.0
2021-01-07,129.0,0.0,0.0,0.0,0.0,0.0,0.9927487224577402,0.0,-1.0
2021-01-08,128.0,0.0,0.0,0.0,0.0,0.0,0.9905324521322229,0.0,-1.0
2021-01-09,128.0,0.0,0.0,0.0,0.0,0.0,0.9880226656636976,0.0,0.0
2021-01-10,126.0,0.0,0.0,0.0,0.0,0.0,0.9852201067560606,0.0,-2.0
2021-01-11,127.0,0.0,0.0,0.0,0.0,0.0,0.9821256058680006,0.0,1.0
2021-01-12,127.0,0.0,0.0,0.0,0.0,0.0,0.9787400799669153,0.0,0.0
2021-01-13,127.0,0.0,0.0,0.0,0.0,0.0,0.9750645322571948,0.0,0.0
2021-01-14,125.0,0.0,0.0,0.0,0.0,0.0,0.9711000518829505,0.0,-2.0
2021-01-15,122.0,0.0,0.0,0.0,0.0,0.0,0.9668478136052775,0.0,-3.0
2021-01-16,122.0,0.0,0.0,0.0,0.0,0.0,0.9623090774541486,0.0,0.0
2021-01-17,121.0,0.0,0.0,0.0,0.0,0.0,0.9574851883550393,0.0,-1.0
2021-01-18,119.0,0.0,0.0,0.0,0.0,0.0,0.9523775757303974,0.0,-2.0
2021-01-19,118.0,0.0,0.0,0.0,0.0,0.0,0.9469877530760753,0.0,-1.0
2021-01-20,118.0,0.0,0.0,0.0,0.0,0.0,0.9413173175128471,0.0,0.0
2021-01-21,122.0,0.0,0.0,0.0,0.0,0.0,0.9353679493131483,0.0,4.0
2021-01-22,132.0,0.0,0.0,0.0,0.0,0.0,0.9291414114031743,0.0,10.0
2021-01-23,168.0,0.0,0.0,0.0,0.0,0.0,0.9226395488404876,0.0,36.0
2021-01-24,221.0,0.0,0.0,0.0,0.0,0.0,0.9158642882672872,0.0,53.0
2021-01-25,275.0,0.0,0.0,0.0,0.0,0.0,0.9088176373395029,0.0,54.0
2021-01-26,276.0,0.0,0.0,0.0,0.0,0.0,0.901501684131884,0.0,1.0
2021-01-27,251.0,0.0,0.0,0.0,0.0,0.0,0.893918596519257,0.0,-25.0
2021-01-28,228.0,0.0,0.0,0.0,0.0,0.0,0.886070621534138,0.0,-23.0
2021-01-29,203.0,0.0,0.0,0.0,0.0,0.0,0.8779600847008882,0.0,-25.0
2021-01-30,180.0,0.0,0.0,0.0,0.0,0.0,0.869589389346611,0.0,-23.0
2021-01-31,174.0,0.0,0.0,0.0,0.0,0.0,0.8609610158889943,0.0,-6.0
2021-02-01,152.0,0.0,0.0,0.0,0.0,0.0,0.8520775211013093,0.0,-22.0
2021-02-02,140.0,0.0,0.0,0.0,0.0,0.0,0.8429415373547828,0.0,-12.0
2021-02-03,137.0,0.0,0.0,0.0,0.0,0.0,0.8335557718385699,0.0,-3.0
2021-02-04,132.0,0.0,0.0,0.0,0.0,0.0,0.8239230057575542,0.0,-5.0
2021-02-05,125.0,0.0,0.0,0.0,0.0,0.0,0.8140460935082178,0.0,-7.0
2021-02-06,122.0,0.0,0.0,0.0,0.0,0.0,0.8039279618328213,0.0,-3.0
2021-02-07,122.0,0.0,0.0,0.0,0.0,0.0,0.7935716089521474,0.0,0.0
2021-02-08,120.0,0.0,0.0,0.0,0.0,0.0,0.7829801036770629,0.0,-2.0
2021-02-09,119.0,0.0,0.0,0.0,0.0,0.0,0.7721565844991642,0.0,-1.0
2021-02-10,118.0,0.0,0.0,0.0,0.0,0.0,0.7611042586607747,0.0,-1.0
2021-02-11,116.0,0.0,0.0,0.0,0.0,0.0,0.7498264012045686,0.0,-2.0
2021-02-12,115.0,0.0,0.0,0.0,0.0,0.0,0.7383263540031065,0.0,-1.0
2021-02-13,115.0,0.0,0.0,0.0,0.0,0.0,0.7266075247685656,0.0,0.0
2021-02-14,115.0,0.0,0.0,0.0,0.0,0.0,0.7146733860429609,0.0,0.0
2021-02-15,114.0,0.0,0.0,0.0,0.0,0.0,0.702527474169157,0.0,-1.0
2021-02-16,108.0,0.0,0.0,0.0,0.0,0.0,0.6901733882429719,0.0,-6.0
2021-02-17,110.0,0.0,0.0,0.0,0.0,0.0,0.6776147890466889,0.0,2.0
2021-02-18,114.0,0.0,0.0,0.0,0.0,0.0,0.6648553979642865,0.0,4.0
2021-02-19,114.0,0.0,0.0,0.0,0.0,0.0,0.6518989958787126,0.0,0.0
2021-02-20,108.0,0.0,0.0,0.0,0.0,0.0,0.6387494220515272,0.0,-6.0
2021-02-21,113.0,0.0,0.0,0.0,0.0,0.0,0.6254105729852463,0.0,5.0
2021-02-22,114.0,0.0,0.0,0.0,0.0,0.0,0.6118864012687243,0.0,1.0
2021-02-23,113.0,0.0,0.0,0.0,0.0,0.0,0.5981809144059164,0.0,-1.0
2021-02-24,112.0,0.0,0.0,0.0,0.0,0.0,0.5842981736283683,0.0,-1.0
2021-02-25,164.0,0.0,0.0,0.0,0.0,0.0,0.5702422926917871,0.0,52.0
2021-02-26,221.0,0.0,0.0,0.0,0.0,0.0,0.5560174366570446,0.0,57.0
2021-02-27,227.0,0.0,0.0,0.0,0.0,0.0,0.5416278206559814,0.0,6.0
2021-02-28,190.0,0.0,0.0,0.0,0.0,0.0,0.5270777086423722,0.0,-37.0
2021-03-01,171.0,0.0,0.0,0.0,0.0,0.0,0.5123714121284237,0.0,-19.0
2021-03-02,166.0,0.0,0.0,0.0,0.0,0.0,0.49751328890718066,0.0,-5.0
2021-03-03,142.0,0.0,0.0,0.0,0.0,0.0,0.48250774176121847,0.0,-24.0
2021-03-04,138.0,0.0,0.0,0.0,0.0,0.0,0.46735921715800227,0.0,-4.0
2021-03-05,133.0,0.0,0.0,0.0,0.0,0.0,0.45207220393230435,0.0,-5.0
2021-03-06,129.0,0.0,0.0,0.0,0.0,0.0,0.43665123195606403,0.0,-4.0
2021-03-07,127.0,0.0,0.0,0.0,0.0,0.0,0.4211008707960896,0.0,-2.0
2021-03-08,124.0,0.0,0.0,0.0,0.0,0.0,0.40542572835999735,0.0,-3.0
2021-03-09,121.0,0.0,0.0,0.0,0.0,0.0,0.38963044953078796,0.0,-3.0
2021-03-10,120.0,0.0,0.0,0.0,0.0,0.0,0.37371971479046906,0.0,-1.0
2021-03-11,118.0,0.0,0.0,0.0,0.0,0.0,0.35769823883312546,0.0,-2.0
2021-03-12,132.0,0.0,0.0,0.0,0.0,0.0,0.3415707691678556,0.0,14.0
2021-03-13,184.0,0.0,0.0,0.0,0.0,0.0,0.3253420847119801,0.0,52.0
2021-03-14,233.0,0.0,0.0,0.0,0.0,0.0,0.30901699437494745,0.0,49.0
2021-03-15,277.0,0.0,0.0,0.0,0.0,0.0,0.29260033563334836,0.0,44.0
2021-03-16,253.0,0.0,0.0,0.0,0.0,0.0,0.27609697309746883,0.0,-24.0
2021-03-17,220.0,0.0,0.0,0.0,0.0,0.0,0.2595117970697999,0.0,-33.0
2021-03-18,188.0,0.0,0.0,0.0,0.0,0.0,0.2428497220959356,0.0,-32.0
2021-03-19,172.0,0.0,0.0,0.0,0.0,0.0,0.22611568550828828,0.0,-16.0
2021-03-20,155.0,0.0,0.0,0.0,0.0,0.0,0.20931464596304847,0.0,-17.0
2021-03-21,151.0,0.0,0.0,0.0,0.0,0.0,0.19245158197082998,0.0,-4.0
2021-03-22,175.0,0.0,0.0,0.0,0.0,0.0,0.1755314904214282,0.0,24.0
2021-03-23,171.0,0.0,0.0,0.0,0.0,0.0,0.15855938510313478,0.0,-4.0
2021-03-24,161.0,0.0,0.0,0.0,0.0,0.0,0.141540295217043,0.0,-10.0
2021-03-25,145.0,0.0,0.0,0.0,0.0,0.0,0.12447926388678915,0.0,-16.0
2021-03-26,137.0,0.0,0.0,0.0,0.0,0.0,0.10738134666416309,0.0,-8.0
2021-03-27,133.0,0.0,0.0,0.0,0.0,0.0,0.09025161003104117,0.0,-4.0
2021-03-28,131.0,0.0,0.0,0.0,0.0,0.0,0.07309512989807777,0.0,-2.0
2021-03-29,139.0,0.0,0.0,0.0,0.0,0.0,0.055916990100603484,0.0,8.0
2021-03-30,248.0,0.0,0.0,0.0,0.0,0.0,0.03872228089217446,0.0,109.0
2021-03-31,273.0,0.0,0.0,0.0,0.0,0.0,0.021516097436222254,0.0,25.0
2021-04-01,234.0,0.0,0.0,0.0,0.0,0.0,0.004303538296244289,0.0,-39.0
2021-04-02,236.0,0.0,0.0,0.0,0.0,0.0,-0.01291029607500882,0.0,2.0
2021-04-03,207.0,0.0,0.0,0.0,0.0,0.0,-0.030120304846908114,0.0,-29.0
2021-04-04,177.0,0.0,0.0,0.0,0.0,0.0,-0.04732138832243185,0.0,-30.0
2021-04-05,171.0,0.0,0.0,0.0,0.0,0.0,-0.06450844944931623,0.0,-6.0
2021-04-06,166.0,0.0,0.0,0.0,0.0,0.0,-0.08167639533042241,0.0,-5.0
2021-04-07,164.0,0.0,0.0,0.0,0.0,0.0,-0.09882013873287143,0.0,-2.0
2021-04-08,162.0,0.0,0.0,0.0,0.0,0.0,-0.11593459959550041,0.0,-2.0
2021-04-09,154.0,0.0,0.0,0.0,0.0,0.0,-0.1330147065341959,0.0,-8.0
2021-04-10,147.0,0.0,0.0,0.0,0.0,0.0,-0.1500553983446526,0.0,-7.0
2021-04-11,139.0,0.0,0.0,0.0,0.0,0.0,-0.16705162550211924,0.0,-8.0
2021-04-12,133.0,0.0,0.0,0.0,0.0,0.0,-0.18399835165768005,0.0,-6.0
2021-04-13,129.0,0.0,0.0,0.0,0.0,0.0,-0.20089055513063506,0.0,-4.0
2021-04-14,126.0,0.0,0.0,0.0,0.0,0.0,-0.21772323039653177,0.0,-3.0
2021-04-15,123.0,0.0,0.0,0.0,0.0,0.0,-0.23449138957040985,0.0,-3.0
2021-04-16,121.0,0.0,0.0,0.0,0.0,0.0,-0.25119006388481935,0.0,-2.0
2021-04-17,119.0,0.0,0.0,0.0,0.0,0.0,-0.2678143051621742,0.0,-2.0
2021-04-18,117.0,0.0,0.0,0.0,0.0,0.0,-0.2843591872810034,0.0,-2.0
2021-04-19,116.0,0.0,0.0,0.0,0.0,0.0,-0.30081980763566735,0.0,-1.0
2021-04-20,115.0,0.0,0.0,0.0,0.0,0.0,-0.3171912885891061,0.0,-1.0
2021-04-21,114.0,0.0,0.0,0.0,0.0,0.0,-0.3334687789181868,0.0,-1.0
2021-04-22,114.0,0.0,0.0,0.0,0.0,0.0,-0.3496474552512284,0.0,0.0
2021-04-23,115.0,0.0,0.0,0.0,0.0,0.0,-0.36572252349726897,0.0,1.0
2021-04-24,114.0,0.0,0.0,0.0,0.0,0.0,-0.3816892202666588,0.0,-1.0
2021-04-25,114.0,0.0,0.0,0.0,0.0,0.0,-0.39754281428255595,0.0,0.0
2021-04-26,115.0,0.0,0.0,0.0,0.0,0.0,-0.4132786077829042,0.0,1.0
2021-04-27,116.0,0.0,0.0,0.0,0.0,0.0,-0.4288919379124835,0.0,1.0
2021-04-28,113.0,0.0,0.0,0.0,0.0,0.0,-0.4443781781046132,0.0,-3.0
2021-04-29,108.0,0.0,0.0,0.0,0.0,0.0,-0.45973273945210397,0.0,-5.0
2021-04-30,109.0,0.0,0.0,0.0,0.0,0.0,-0.47495107206704995,0.0,1.0
2021-05-01,112.0,0.0,0.0,0.0,0.0,0.0,-0.49002866642905923,0.0,3.0
2021-05-02,115.0,0.0,0.0,0.0,0.0,0.0,-0.5049610547215204,0.0,3.0
2021-05-03,115.0,0.0,0.0,0.0,0.0,0.0,-0.5197438121555155,0.0,0.0
2021-05-04,115.0,0.0,0.0,0.0,0.0,0.0,-0.5343725582809787,0.0,0.0
2021-05-05,116.0,0.0,0.0,0.0,0.0,0.0,-0.548842958284719,0.0,1.0
2021-05-06,117.0,0.0,0.0,0.0,0.0,0.0,-0.5631507242749186,0.0,1.0
2021-05-07,114.0,0.0,0.0,0.0,0.0,0.0,-0.5772916165517272,0.0,-3.0
2021-05-08,118.0,0.0,0.0,0.0,0.0,0.0,-0.5912614448635781,0.0,4.0
2021-05-09,116.0,0.0,0.0,0.0,0.0,0.0,-0.6050560696488488,0.0,-2.0
2021-05-10,115.0,0.0,0.0,0.0,0.0,0.0,-0.6186714032625031,0.0,-1.0
2021-05-11,114.0,0.0,0.0,0.0,0.0,0.0,-0.6321034111873487,0.0,-1.0
2021-05-12,112.0,0.0,0.0,0.0,0.0,0.0,-0.6453481132295501,0.0,-2.0
2021-05-13,106.0,0.0,0.0,0.0,0.0,0.0,-0.6584015846980488,0.0,-6.0
2021-05-14,107.0,0.0,0.0,0.0,0.0,0.0,-0.6712599575675313,0.0,1.0
2021-05-15,104.0,0.0,0.0,0.0,0.0,0.0,-0.6839194216246106,0.0,-3.0
2021-05-16,104.0,0.0,0.0,0.0,0.0,0.0,-0.6963762255968722,0.0,0.0
2021-05-17,111.0,0.0,0.0,0.0,0.0,0.0,-0.7086266782644596,0.0,7.0
2021-05-18,119.0,0.0,0.0,0.0,0.0,0.0,-0.7206671495538609,0.0,8.0
2021-05-19,108.0,0.0,0.0,0.0,0.0,0.0,-0.7324940716135789,0.0,-11.0
2021-05-20,106.0,0.0,0.0,0.0,0.0,0.0,-0.7441039398713607,0.0,-2.0
2021-05-21,102.0,0.0,0.0,0.0,0.0,0.0,-0.7554933140726803,0.0,-4.0
2021-05-22,102.0,0.0,0.0,0.0,0.0,0.0,-0.766658819300159,0.0,0.0
2021-05-23,102.0,0.0,0.0,0.0,0.0,0.0,-0.777597146973627,0.0,0.0
2021-05-24,103.0,0.0,0.0,0.0,0.0,0.0,-0.7883050558305255,0.0,1.0
2021-05-25,109.0,0.0,0.0,0.0,0.0,0.0,-0.7987793728863649,0.0,6.0
2021-05-26,108.0,0.0,0.0,0.0,0.0,0.0,-0.8090169943749473,0.0,-1.0
2021-05-27,112.0,0.0,0.0,0.0,0.0,0.0,-0.8190148866680801,0.0,4.0
2021-05-28,106.0,0.0,0.0,0.0,0.0,0.0,-0.8287700871745037,0.0,-6.0
2021-05-29,109.0,0.0,0.0,0.0,0.0,0.0,-0.8382797052177743,0.0,3.0
2021-05-30,105.0,0.0,0.0,0.0,0.0,0.0,-0.8475409228928311,0.0,-4.0
2021-05-31,102.0,0.0,0.0,0.0,0.0,0.0,-0.8565509959010036,0.0,-3.0
2021-06-01,101.0,0.0,0.0,0.0,0.0,0.0,-0.865307254363206,0.0,-1.0
2021-06-02,101.0,0.0,0.0,0.0,0.0,0.0,-0.8738071036110808,0.0,0.0
2021-06-03,101.0,0.0,0.0,0.0,0.0,0.0,-0.8820480249558537,0.0,0.0
2021-06-04,100.0,0.0,0.0,0.0,0.0,0.0,-0.8900275764346767,0.0,-1.0
2021-06-05,100.0,0.0,0.0,0.0,0.0,0.0,-0.8977433935342337,0.0,0.0
2021-06-06,100.0,0.0,0.0,0.0,0.0,0.0,-0.9051931898913974,0.0,0.0
2021-06-07,100.0,0.0,0.0,0.0,0.0,0.0,-0.9123747579707273,0.0,0.0
2021-06-08,99.0,0.0,0.0,0.0,0.0,0.0,-0.9192859697186104,0.0,-1.0
2021-06-09,99.0,0.0,0.0,0.0,0.0,0.0,-0.9259247771938498,0.0,0.0
2021-06-10,99.0,0.0,0.0,0.0,0.0,0.0,-0.9322892131745133,0.0,0.0
2021-06-11,99.0,0.0,0.0,0.0,0.0,0.0,-0.9383773917408641,0.0,0.0
2021-06-12,101.0,0.0,0.0,0.0,0.0,0.0,-0.9441875088341993,0.0,2.0
2021-06-13,101.0,0.0,0.0,0.0,0.0,0.0,-0.9497178427914316,0.0,0.0
2021-06-14,99.0,0.0,0.0,0.0,0.0,0.0,-0.9549667548552551,0.0,-2.0
2021-06-15,99.0,0.0,0.0,0.0,0.0,0.0,-0.9599326896597447,0.0,0.0
2021-06-16,99.0,0.0,0.0,0.0,0.0,0.0,-0.9646141756912435,0.0,0.0
2021-06-17,99.0,0.0,0.0,0.0,0.0,0.0,-0.9690098257244062,0.0,0.0
2021-06-18,99.0,0.0,0.0,0.0,0.0,0.0,-0.9731183372332619,0.0,0.0
2021-06-19,99.0,0.0,0.0,0.0,0.0,0.0,-0.9769384927771817,0.0,0.0
2021-06-20,99.0,0.0,0.0,0.0,0.0,0.0,-0.980469160361632,0.0,0.0
2021-06-21,99.0,0.0,0.0,0.0,0.0,0.0,-0.9837092937736097,0.0,0.0
2021-06-22,98.0,0.0,0.0,0.0,0.0,0.0,-0.986657932891657,0.0,-1.0
2021-06-23,99.0,0.0,0.0,0.0,0.0,0.0,-0.9893142039703663,0.0,1.0
2021-06-24,99.0,0.0,0.0,0.0,0.0,0.0,-0.99167731989929,0.0,0.0
2021-06-25,98.0,0.0,0.0,0.0,0.0,0.0,-0.993746580436178,0.0,-1.0
2021-06-26,98.0,0.0,0.0,0.0,0.0,0.0,-0.9955213724144752,0.0,0.0
2021-06-27,98.0,0.0,0.0,0.0,0.0,0.0,-0.9970011699250151,0.0,0.0
2021-06-28,98.0,0.0,0.0,0.0,0.0,0.0,-0.9981855344718586,0.0,0.0
2021-06-29,98.0,0.0,0.0,0.0,0.0,0.0,-0.99907411510223,0.0,0.0
2021-06-30,98.0,0.0,0.0,0.0,0.0,0.0,-0.9996666485105112,0.0,0.0
2021-07-01,98.0,0.0,0.0,0.0,0.0,0.0,-0.9999629591162655,0.0,0.0
2021-07-02,98.0,0.0,0.0,0.0,0.0,0.0,-0.9999629591162655,0.0,0.0
2021-07-03,98.0,0.0,0.0,0.0,0.0,0.0,-0.9996666485105112,0.0,0.0
2021-07-04,98.0,0.0,0.0,0.0,0.0,0.0,-0.99907411510223,0.0,0.0
2021-07-05,120.0,0.0,0.0,0.0,0.0,0.0,-0.9981855344718586,0.0,22.0
2021-07-06,108.0,0.0,0.0,0.0,0.0,0.0,-0.9970011699250151,0.0,-12.0
2021-07-07,101.0,0.0,0.0,0.0,0.0,0.0,-0.9955213724144752,0.0,-7.0
2021-07-08,100.0,0.0,0.0,0.0,0.0,0.0,-0.9937465804361781,0.0,-1.0
2021-07-09,100.0,0.0,0.0,0.0,0.0,0.0,-0.99167731989929,0.0,0.0
2021-07-10,103.0,0.0,0.0,0.0,0.0,0.0,-0.9893142039703664,0.0,3.0
2021-07-11,100.0,0.0,0.0,0.0,0.0,0.0,-0.9866579328916572,0.0,-3.0
2021-07-12,100.0,0.0,0.0,0.0,0.0,0.0,-0.9837092937736098,0.0,0.0
2021-07-13,100.0,0.0,0.0,0.0,0.0,0.0,-0.9804691603616321,0.0,0.0
2021-07-14,100.0,0.0,0.0,0.0,0.0,0.0,-0.9769384927771817,0.0,0.0
2021-07-15,100.0,0.0,0.0,0.0,0.0,0.0,-0.973118337233262,0.0,0.0
2021-07-16,100.0,0.0,24.27,0.0,0.0,0.0,-0.9690098257244063,60.675,0.0
2021-07-17,100.0,0.0,23.26,0.0,0.0,0.0,-0.9646141756912435,58.150000000000006,0.0
2021-07-18,100.0,0.0,20.17,0.0,0.0,0.0,-0.9599326896597445,50.425000000000004,0.0
2021-07-19,100.0,0.2,19.15,0.2,0.2,0.0023145617278571,-0.9549667548552553,47.875,0.0
2021-07-20,99.0,0.0,18.9,0.0,0.17,0.001967377468678535,-0.9497178427914317,47.25,-1.0
2021-07-21,99.0,0.0,18.85,0.0,0.14450000000000002,0.0016722708483767547,-0.9441875088341994,47.125,0.0
2021-07-22,100.0,0.0,18.05,0.0,0.12282500000000002,0.0014214302211202415,-0.9383773917408642,45.125,1.0
2021-07-23,100.0,0.0,19.52,0.0,0.10440125000000001,0.0012082156879522053,-0.9322892131745134,48.8,0.0
2021-07-24,100.0,0.0,17.28,0.0,0.08874106250000001,0.0010269833347593745,-0.9259247771938499,43.2,0.0
2021-07-25,100.0,0.0,21.89,0.0,0.075429903125,0.0008729358345454682,-0.9192859697186105,54.725,0.0
2021-07-26,100.0,0.0,24.52,0.0,0.06411541765625,0.000741995459363648,-0.9123747579707274,61.3,0.0
2021-07-27,100.0,0.3,22.28,0.3,0.3544981050078125,0.00410253873224475,-0.9051931898913975,55.7,0.0
2021-07-28,101.0,0.0,22.2,0.0,0.3013233892566406,0.0034871579224080374,-0.8977433935342336,55.5,1.0
2021-07-29,101.0,0.2,20.95,0.2,0.4561248808681445,0.005278645961903932,-0.8900275764346766,52.375,0.0
2021-07-30,101.0,3.3,19.4,3.3,3.687706148737923,0.04267711757726048,-0.8820480249558535,48.5,0.0
2021-07-31,101.0,0.9,20.68,0.9,4.034550226427235,0.04669107771602836,-0.8738071036110807,51.7,0.0
2021-08-01,103.0,8.8,17.98,8.8,12.22936769246315,0.14152813208433648,-0.8653072543632061,44.95,2.0
2021-08-02,110.0,34.1,16.65,34.1,44.49496253859368,0.5149316868713215,-0.8565509959010037,41.625,7.0
2021-08-03,104.0,1.2,15.57,1.2,39.02071815780463,0.45157930420776593,-0.8475409228928312,38.925,-6.0
2021-08-04,102.0,0.0,15.09,0.0,33.167610434133934,0.383842408576601,-0.8382797052177745,37.725,-2.0
2021-08-05,101.0,0.0,17.41,0.0,28.192468869013844,0.3262660472901109,-0.828770087174504,43.525,-1.0
2021-08-06,102.0,1.7,15.97,1.7,25.663598538661766,0.29699991488337957,-0.8190148866680802,39.925000000000004,1.0
2021-08-07,107.0,15.9,15.83,15.9,37.7140587578625,0.4364575850155121,-0.8090169943749472,39.575,5.0
2021-08-08,107.0,17.1,16.38,17.1,49.156949944183125,0.5688839749949672,-0.7987793728863648,40.949999999999996,0.0
2021-08-09,109.0,3.9,16.93,3.9,45.683407452555656,0.5286853324389356,-0.7883050558305253,42.325,2.0
2021-08-10,106.0,0.7,17.9,0.7,39.530896334672306,0.45748349862059506,-0.7775971469736268,44.75,-3.0
2021-08-11,104.0,1.0,16.37,1.0,34.60126188447146,0.40043378246679134,-0.7666588193001592,40.925000000000004,-2.0
2021-08-12,103.0,0.2,16.34,0.2,29.611072601800743,0.34268327682462973,-0.7554933140726804,40.85,-1.0
2021-08-13,102.0,0.2,18.82,0.2,25.36941171153063,0.29359534702879236,-0.7441039398713608,47.05,-1.0
2021-08-14,103.0,1.7,18.82,1.7,23.263999954801037,0.26922981966125886,-0.7324940716135792,47.05,1.0
2021-08-15,103.0,0.2,18.16,0.2,19.97439996158088,0.23115990843992712,-0.7206671495538615,45.4,0.0
2021-08-16,102.0,2.0,19.27,2.0,18.978239967343747,0.21963153945250904,-0.7086266782644601,48.175,-1.0
2021-08-17,104.0,11.3,16.11,11.3,27.431503972242187,0.3174595461585588,-0.6963762255968726,40.275,2.0
2021-08-18,116.0,43.9,15.74,43.9,67.21677837640586,0.7778869134994083,-0.6839194216246105,39.35,12.0
2021-08-19,120.0,2.5,16.5,2.5,59.63426161994497,0.6901358980727108,-0.6712599575675315,41.25,4.0
2021-08-20,112.0,0.0,16.74,0.0,50.68912237695322,0.5866155133618041,-0.6584015846980489,41.849999999999994,-8.0
2021-08-21,108.0,0.0,15.32,0.0,43.085754020410235,0.49862318635753344,-0.64534811322955,38.3,-4.0
2021-08-22,106.0,0.3,13.53,0.3,36.922890917348695,0.427301550995689,-0.6321034111873488,33.824999999999996,-2.0
2021-08-23,104.0,0.0,13.3,0.0,31.38445727974639,0.36320631834633565,-0.6186714032625032,33.25,-2.0
2021-08-24,104.0,0.0,12.55,0.0,26.67678868778443,0.3087253705943853,-0.6050560696488494,31.375,0.0
2021-08-25,107.0,27.1,13.34,27.1,49.77527038461677,0.5760396791298645,-0.5912614448635782,33.35,3.0
2021-08-26,131.0,4.3,14.11,4.3,46.60897982692425,0.5393968044093124,-0.5772916165517278,35.275,24.0
2021-08-27,197.0,1.6,15.45,1.6,41.217632852885615,0.4770037775707724,-0.5631507242749187,38.625,66.0
2021-08-28,199.0,2.3,16.21,2.3,37.33498792495277,0.43207067080551315,-0.5488429582847199,40.525000000000006,2.0
2021-08-29,198.0,0.0,16.44,0.0,31.734739736209853,0.36726007018468615,-0.5343725582809785,41.1,-1.0
2021-08-30,163.0,0.0,16.33,0.0,26.974528775778374,0.3121710596569832,-0.5197438121555157,40.824999999999996,-35.0
2021-08-31,146.0,0.0,15.58,0.0,22.928349459411617,0.26534540070843576,-0.5049610547215202,38.95,-17.0
2021-09-01,129.0,2.7,13.89,2.7,22.189097040499874,0.2567901739282412,-0.4900286664290594,34.725,-17.0
2021-09-02,111.0,0.2,13.0,0.2,19.060732484424893,0.22058620956686212,-0.4749510720670502,32.5,-18.0
2021-09-03,123.0,0.0,13.59,0.0,16.20162261176116,0.1874982781318328,-0.4597327394521046,33.975,12.0
2021-09-04,115.0,0.5,10.04,0.5,14.271379219996986,0.16515994073170065,-0.44437817810461344,25.099999999999998,-8.0
2021-09-05,114.0,0.2,8.43,0.2,12.330672336997436,0.14270051134980263,-0.4288919379124841,21.075,-1.0
2021-09-06,110.0,0.2,10.91,0.2,10.68107148644782,0.12360999637518932,-0.41327860778290443,27.275,-4.0
2021-09-07,106.0,0.0,13.95,0.0,9.078910763480646,0.10506849691891092,-0.3975428142825566,34.875,-4.0
2021-09-08,104.0,0.0,15.29,0.0,7.717074148958549,0.08930822238107428,-0.3816892202666586,38.224999999999994,-2.0
2021-09-09,104.0,0.0,15.4,0.0,6.559513026614766,0.07591198902391313,-0.3657225234972692,38.5,0.0
2021-09-10,104.0,0.0,16.45,0.0,5.575586072622551,0.06452519067032615,-0.34964745525122826,41.125,0.0
2021-09-11,103.0,0.0,18.43,0.0,4.739248161729169,0.05484641206977724,-0.33346877891818705,46.075,-1.0
2021-09-12,106.0,1.4,17.6,1.4,5.428360937469794,0.06282138235431035,-0.31719128858910595,44.0,3.0
2021-09-13,107.0,1.5,14.85,1.5,6.114106796849325,0.07075738796009205,-0.300819807635668,37.125,1.0
2021-09-14,105.0,0.0,10.77,0.0,5.1969907773219255,0.06014377976607824,-0.2843591872810036,26.924999999999997,-2.0
2021-09-15,104.0,0.0,12.27,0.0,4.4174421607236365,0.051122212801166494,-0.26781430516217486,30.674999999999997,-1.0
2021-09-16,104.0,2.6,11.63,2.6,6.354825836615091,0.07354318334313381,-0.25119006388481957,29.075000000000003,0.0
2021-09-17,107.0,10.3,10.45,10.3,15.701601961122828,0.18171163482630437,-0.23449138957041052,26.125,3.0
2021-09-18,105.0,0.0,8.92,0.0,13.346361666954403,0.1544548896023587,-0.21772323039653224,22.3,-2.0
2021-09-19,104.0,0.0,8.19,0.0,11.344407416911242,0.1312866561620049,-0.20089055513063528,20.474999999999998,-1.0
2021-09-20,103.0,0.0,7.63,0.0,9.642746304374555,0.11159365773770416,-0.18399835165767986,19.075,-1.0
2021-09-21,103.0,0.0,7.84,0.0,8.19633435871837,0.09485460907704853,-0.1670516255021195,19.6,0.0
2021-09-22,103.0,0.0,6.5,0.0,6.966884204910615,0.08062641771549124,-0.15005539834465262,16.25,0.0
2021-09-23,107.0,38.8,10.74,38.8,44.72185157417402,0.5175574302624448,-0.13301470653419636,26.85,4.0
2021-09-24,165.0,11.5,11.45,11.5,49.51357383804791,0.5730111150748612,-0.11593459959550066,28.625,58.0
2021-09-25,212.0,0.7,13.13,0.7,42.78653776234073,0.49516041386113196,-0.09882013873287211,32.825,47.0
2021-09-26,192.0,0.0,10.68,0.0,36.368557097989616,0.42088635178196215,-0.08167639533042288,26.7,-20.0
2021-09-27,142.0,0.0,10.63,0.0,30.91327353329117,0.3577533990146678,-0.06450844944931625,26.575000000000003,-50.0
2021-09-28,168.0,0.0,10.45,0.0,26.276282503297494,0.3040903891624676,-0.04732138832243232,26.125,26.0
2021-09-29,130.0,0.0,11.24,0.0,22.33484012780287,0.25847683078809747,-0.03012030484690836,28.1,-38.0
2021-09-30,121.0,0.1,9.14,0.1,19.08461410863244,0.2208625870338114,-0.012910296075008843,22.85,-9.0
2021-10-01,118.0,0.0,10.23,0.0,16.221921992337574,0.1877331989787397,0.004303538296243821,25.575000000000003,-3.0
2021-10-02,117.0,0.0,10.55,0.0,13.788633693486938,0.15957321913192873,0.021516097436222233,26.375,-1.0
2021-10-03,115.0,0.0,12.69,0.0,11.720338639463897,0.13563723626213942,0.03872228089217399,31.724999999999998,-2.0
2021-10-04,113.0,0.0,12.95,0.0,9.962287843544312,0.1152916508228185,0.05591699010060302,32.375,-2.0
2021-10-05,107.0,0.0,13.91,0.0,8.467944667012665,0.09799790319939572,0.07309512989807776,34.775,-6.0
2021-10-06,105.0,0.0,13.3,0.0,7.197752966960765,0.08329821771948637,0.0902516100310407,33.25,-2.0
2021-10-07,108.0,0.0,10.08,0.0,6.11809002191665,0.0708034850615634,0.10738134666416306,25.2,3.0
2021-10-08,112.0,0.0,6.24,0.0,5.200376518629152,0.0601829623023289,0.12447926388678869,15.600000000000001,4.0
2021-10-09,106.0,0.0,7.48,0.0,4.420320040834779,0.05115551795697956,0.141540295217043,18.700000000000003,-6.0
2021-10-10,105.0,0.0,8.04,0.0,3.7572720347095623,0.04348219026343262,0.15855938510313475,20.099999999999998,-1.0
2021-10-11,104.0,3.6,7.42,3.6,6.793681229503128,0.07862197282534553,0.17553149042142777,18.55,-1.0
2021-10-12,108.0,3.9,6.55,3.9,9.674629045077658,0.11196263059475713,0.19245158197082995,16.375,4.0
2021-10-13,109.0,3.7,5.12,3.7,11.92343468831601,0.13798762797089992,0.20931464596304888,12.8,1.0
2021-10-14,116.0,6.1,6.06,6.1,16.23491948506861,0.18788361647490645,0.22611568550828803,15.149999999999999,7.0
2021-10-15,115.0,14.0,10.58,14.0,27.799681562308315,0.32172039495366744,0.2428497220959358,26.45,-1.0
2021-10-16,133.0,8.9,9.82,8.9,32.529729327962066,0.37646033260025824,0.25951179706979943,24.55,18.0
2021-10-17,182.0,4.2,9.6,4.2,31.850269928767755,0.3685970789952186,0.27609697309746883,24.0,49.0
2021-10-18,172.0,0.0,4.18,0.0,27.07272943945259,0.3133075171459358,0.2926003356333479,10.45,-10.0
2021-10-19,148.0,0.1,4.83,0.1,23.1118200235347,0.26746867043797395,0.30901699437494723,12.075,-24.0
2021-10-20,148.0,14.1,13.02,14.1,33.74504702000449,0.3905249716862033,0.3253420847119795,32.55,0.0
2021-10-21,186.0,5.5,12.67,5.5,34.183289967003816,0.395596673449343,0.341570769167856,31.675,38.0
2021-10-22,214.0,28.3,7.74,28.3,57.35579647195324,0.6637676569237212,0.35769823883312546,19.35,28.0
2021-10-23,312.0,3.0,6.65,3.0,51.75242700116026,0.5989209343030195,0.3737197147904692,16.625,98.0
2021-10-24,315.0,0.3,5.95,0.3,44.289562950986216,0.5125546367493522,0.38963044953078774,14.875,3.0
2021-10-25,278.0,0.0,6.47,0.0,37.646128508338286,0.4356714412369494,0.4054257283599973,16.175,-37.0
2021-10-26,240.0,14.5,7.96,14.5,46.49920923208754,0.5381264503210467,0.42110087079608916,19.9,-38.0
2021-10-27,251.0,5.3,10.72,5.3,44.824327847274404,0.5187433685611027,0.4366512319560638,26.8,11.0
2021-10-28,284.0,1.3,11.56,1.3,39.40067867018324,0.4559765145080084,0.45207220393230374,28.900000000000002,33.0
2021-10-29,282.0,0.0,9.32,0.0,33.490576869655754,0.3875800373318072,0.46735921715800205,23.3,-2.0
2021-10-30,247.0,0.0,9.03,0.0,28.466990339207392,0.3294430317320361,0.48250774176121763,22.575,-35.0
2021-10-31,207.0,0.0,9.74,0.0,24.19694178832628,0.28002657697223066,0.4975132889071803,24.35,-40.0
2021-11-01,188.0,0.0,8.47,0.0,20.56740052007734,0.23802259042639606,0.5123714121284235,21.175,-19.0
2021-11-02,166.0,0.0,6.66,0.0,17.482290442065736,0.20231920186243663,0.5270777086423724,16.65,-22.0
2021-11-03,147.0,3.5,7.61,3.5,18.359946875755874,0.21247615182057036,0.5416278206559811,19.025000000000002,-19.0
2021-11-04,144.0,10.0,7.68,10.0,25.605954844392492,0.2963328154403398,0.5560174366570446,19.2,-3.0
2021-11-05,173.0,6.8,8.1,6.8,28.56506161773362,0.3305779918714302,0.5702422926917867,20.25,29.0
2021-11-06,210.0,7.8,9.56,7.8,32.08030237507357,0.3712592004771425,0.5842981736283683,23.900000000000002,37.0
2021-11-07,299.0,19.1,8.78,19.1,46.368257018812535,0.5366109654159241,0.5981809144059159,21.95,89.0
2021-11-08,381.0,3.0,4.22,3.0,42.41301846599065,0.490837746521392,0.6118864012687242,10.549999999999999,82.0
2021-11-09,348.0,0.4,0.44,0.4,36.45106569609205,0.42184120799889735,0.6254105729852457,1.1,-33.0
2021-11-10,300.0,4.3,7.53,4.3,35.28340584167824,0.4083281039479903,0.6387494220515268,18.825,-48.0
2021-11-11,275.0,8.2,9.27,8.2,38.1908949654265,0.44197591919793283,0.6518989958787125,23.174999999999997,-25.0
2021-11-12,273.0,0.0,6.23,0.0,32.46226072061253,0.37567953131824294,0.6648553979642867,15.575000000000001,-2.0
2021-11-13,251.0,0.0,4.36,0.0,27.592921612520648,0.3193276016205065,0.6776147890466887,10.9,-22.0
2021-11-14,216.0,0.0,4.08,0.0,23.45398337064255,0.2714284613774305,0.690173388242972,10.2,-35.0
2021-11-15,190.0,0.0,1.23,0.0,19.935885865046167,0.23071419217081593,0.7025274741691566,3.075,-26.0
2021-11-16,180.0,0.0,3.68,0.0,16.94550298528924,0.19610706334519354,0.7146733860429608,9.200000000000001,-10.0
2021-11-17,160.0,4.8,4.53,4.8,19.203677537495853,0.22224048531198487,0.726607524768565,11.325000000000001,-20.0
2021-11-18,160.0,7.9,7.18,7.9,24.223125906871473,0.28032960076554253,0.7383263540031063,17.95,0.0
2021-11-19,186.0,0.4,9.68,0.4,20.98965702084075,0.24290928410642532,0.749826401204568,24.2,26.0
2021-11-20,191.0,11.0,7.83,11.0,28.841208467714637,0.333773786522602,0.7611042586607742,19.575,5.0
2021-11-21,239.0,7.9,5.3,7.9,32.41502719755744,0.3751329067945672,0.7721565844991641,13.25,48.0
2021-11-22,299.0,0.2,0.22,0.2,27.752773117923823,0.32117753250323916,0.7829801036770625,0.55,60.0
2021-11-23,274.0,3.7,4.44,3.7,27.28985715023525,0.3158202945931096,0.7935716089521472,11.100000000000001,-25.0
2021-11-24,243.0,0.5,6.94,0.5,23.69637857769996,0.2742336547237859,0.8039279618328208,17.35,-31.0
2021-11-25,218.0,3.7,5.52,3.7,23.841921791044964,0.27591799848057436,0.8140460935082175,13.799999999999999,-25.0
2021-11-26,247.0,13.5,4.24,13.5,33.765633522388214,0.39076321533884234,0.8239230057575536,10.600000000000001,29.0
2021-11-27,303.0,1.4,0.83,1.4,30.10078849402998,0.34835066513301566,0.8335557718385695,2.0749999999999997,56.0
2021-11-28,286.0,0.8,0.78,0.8,26.385670219925483,0.3053563122744917,0.8429415373547832,1.9500000000000002,-17.0
2021-11-29,263.0,2.6,-0.14,2.6,25.027819686936663,0.28964216789546027,0.8520775211013093,0.0,-23.0
2021-11-30,236.0,0.0,-0.76,0.0,21.273646733896165,0.24619584271114126,0.8609610158889945,0.0,-27.0
2021-12-01,207.0,3.3,-0.34,3.3,21.38259972381174,0.2474567348141122,0.8695893893466109,0.0,-29.0
2021-12-02,200.0,15.1,1.16,15.1,33.27520976523998,0.3850876350452064,0.8779600847008883,2.9,-7.0
2021-12-03,262.0,6.6,0.05,6.6,34.88392830045398,0.4037050268077097,0.8860706215341377,0.125,62.0
2021-12-04,268.0,4.5,-0.45,4.5,34.15133905538588,0.39522691166333795,0.893918596519257,0.0,6.0
2021-12-05,241.0,0.2,-3.54,0.2,29.228638197078,0.33825743664169433,0.9015016841318838,0.0,-27.0
2021-12-06,211.0,0.0,-10.54,0.0,24.8443424675163,0.2875188211454402,0.9088176373395028,0.0,-30.0
2021-12-07,188.0,0.3,-14.3,0.3,21.417691097388854,0.24786284056540983,0.9158642882672868,0.0,-23.0
2021-12-08,175.0,0.0,-12.37,0.0,18.205037432780525,0.21068341448059835,0.9226395488404875,0.0,-13.0
2021-12-09,151.0,0.0,-7.02,0.0,15.474281817863446,0.1790809023085086,0.9291414114031743,0.0,-24.0
2021-12-10,142.0,2.7,-0.28,2.7,15.853139545183929,0.18346535028830313,0.935367949313148,0.0,-9.0
2021-12-11,140.0,0.5,0.43,0.5,13.975168613406339,0.16173195206470042,0.941317317512847,1.075,-2.0
2021-12-12,136.0,0.0,-1.43,0.0,11.878893321395388,0.13747215925499534,0.946987753076075,0.0,-4.0
2021-12-13,136.0,0.5,-1.11,0.5,10.59705932318608,0.1226377396863888,0.9523775757303973,0.0,0.0
2021-12-14,140.0,8.6,1.12,8.6,17.607500424708167,0.20376823303128574,0.9574851883550389,2.8000000000000003,4.0
2021-12-15,181.0,1.8,5.29,1.8,16.76637536100194,0.19403405362730677,0.9623090774541487,13.225,41.0
2021-12-16,326.0,0.5,5.86,0.5,14.751419056851649,0.1707153499028535,0.9668478136052773,14.65,145.0
2021-12-17,322.0,0.0,3.72,0.0,12.5387061983239,0.14510804741742547,0.9711000518829505,9.3,-4.0
2021-12-18,276.0,0.0,5.01,0.0,10.657900268575315,0.12334184030481163,0.9750645322571945,12.524999999999999,-46.0
2021-12-19,237.0,6.3,2.78,6.3,15.359215228289017,0.1777492586865885,0.9787400799669153,6.949999999999999,-39.0
2021-12-20,219.0,0.0,-2.85,0.0,13.055332944045665,0.15108686988360023,0.9821256058680006,0.0,-18.0
2021-12-21,199.0,0.6,-6.63,0.6,11.697033002438815,0.1353675245846315,0.9852201067560606,0.0,-20.0
2021-12-22,176.0,0.2,-8.8,0.2,10.142478052072992,0.11737695762479387,0.9880226656636976,0.0,-23.0
2021-12-23,151.0,11.8,-1.98,11.8,20.421106344262043,0.23632955592464366,0.9905324521322227,0.0,-25.0
2021-12-24,146.0,10.0,-3.07,10.0,27.357940392622737,0.3166082089288021,0.9927487224577402,0.0,-5.0
2021-12-25,140.0,2.3,-1.76,2.3,25.554249333729327,0.29573443745983846,0.9946708199115211,0.0,-6.0
2021-12-26,134.0,0.9,-4.2,0.9,22.621111933669926,0.2617897996162196,0.9962981749346077,0.0,-6.0
2021-12-27,130.0,0.2,-5.16,0.2,19.427945143619436,0.22483589140164373,0.9976303053065857,0.0,-4.0
2021-12-28,128.0,0.0,-7.49,0.0,16.51375337207652,0.19111050769139715,0.9986668162884759,0.0,-2.0
2021-12-29,127.0,0.2,-5.72,0.2,14.236690366265039,0.16475849326554468,0.9994074007397048,0.0,-1.0
2021-12-30,126.0,0.9,-1.48,0.9,13.001186811325283,0.15046024705106992,0.9998518392091162,0.0,-1.0
2021-12-31,140.0,6.6,4.65,6.6,17.651008789626488,0.20427174701269368,1.0,11.625,14.0
2022-01-01,220.0,0.1,2.11,0.1,15.103357471182514,0.17478826582471818,0.9998518392091162,5.2749999999999995,80.0
2022-01-02,283.0,20.6,2.37,20.6,33.437853850505135,0.3869698839202917,0.9994074007397048,5.925000000000001,63.0
2022-01-03,370.0,4.0,5.04,4.0,32.422175772929364,0.3752156358893899,0.998666816288476,12.6,87.0
2022-01-04,378.0,4.5,4.7,4.5,32.058849406989964,0.3710109293827662,0.9976303053065857,11.75,8.0
2022-01-05,363.0,6.3,2.84,6.3,33.55002199594147,0.38826798440284993,0.9962981749346078,7.1,-15.0
2022-01-06,344.0,1.1,-0.29,1.1,29.61751869655025,0.3427578762456365,0.9946708199115211,0.0,-19.0
2022-01-07,312.0,0.5,-0.32,0.5,25.67489089206771,0.29713059912843376,0.9927487224577402,0.0,-32.0
2022-01-08,265.0,6.2,-1.32,6.2,28.023657258257554,0.32431242282273876,0.9905324521322229,0.0,-47.0
2022-01-09,223.0,0.1,-2.37,0.1,23.92010866951892,0.2768228402632565,0.9880226656636976,0.0,-42.0
2022-01-10,191.0,0.5,-4.67,0.5,20.832092369091082,0.24108581854341077,0.9852201067560606,0.0,-32.0
2022-01-11,176.0,0.0,-4.2,0.0,17.70727851372742,0.20492294576189915,0.9821256058680006,0.0,-15.0
2022-01-12,152.0,0.7,-1.06,0.7,15.751186736668306,0.1822854699451141,0.9787400799669153,0.0,-24.0
2022-01-13,163.0,1.1,4.8,1.1,14.488508726168059,0.16767273895656104,0.9750645322571948,12.0,11.0
2022-01-14,217.0,1.0,4.78,1.0,13.31523241724285,0.15409463675236237,0.9711000518829505,11.950000000000001,54.0
2022-01-15,228.0,0.0,2.26,0.0,11.317947554656422,0.13098044123950803,0.9668478136052775,5.6499999999999995,11.0
2022-01-16,196.0,3.4,2.6,3.4,13.020255421457959,0.1506809244271525,0.9623090774541486,6.5,-32.0
2022-01-17,201.0,3.8,2.29,3.8,14.867217108239263,0.1720554585923645,0.9574851883550393,5.725,5.0
2022-01-18,224.0,0.2,1.35,0.2,12.837134542003373,0.1485617015313669,0.9523775757303974,3.375,23.0
2022-01-19,192.0,0.0,3.39,0.0,10.911564360702867,0.12627744630166188,0.9469877530760753,8.475,-32.0
2022-01-20,181.0,3.0,0.27,3.0,12.274829706597437,0.1420542552742691,0.9413173175128471,0.675,-11.0
2022-01-21,184.0,0.8,0.3,0.8,11.233605250607821,0.13000436389455713,0.9353679493131483,0.75,3.0
2022-01-22,176.0,0.0,-1.46,0.0,9.548564463016648,0.11050370931037355,0.9291414114031743,0.0,-8.0
2022-01-23,169.0,0.1,-1.1,0.1,8.21627979356415,0.09508543377774606,0.9226395488404876,0.0,-7.0
2022-01-24,156.0,3.3,1.78,3.3,10.283837824529527,0.1190128872207263,0.9158642882672872,4.45,-13.0
2022-01-25,191.0,0.1,2.38,0.1,8.841262150850097,0.10231823500154588,0.9088176373395029,5.949999999999999,35.0
2022-01-26,258.0,3.8,0.27,3.8,11.315072828222583,0.1309471725805989,0.901501684131884,0.675,67.0
2022-01-27,263.0,13.8,3.6,13.8,23.417811903989197,0.27100985591564897,0.893918596519257,9.0,5.0
2022-01-28,341.0,2.2,2.18,2.2,22.105140118390818,0.2558185565347297,0.886070621534138,5.45,78.0
2022-01-29,328.0,15.9,1.07,15.9,34.68936910063219,0.40145343041915965,0.8779600847008882,2.6750000000000003,-13.0
2022-01-30,345.0,6.8,1.42,6.8,36.28596373553736,0.419930514603427,0.869589389346611,3.55,17.0
2022-01-31,345.0,1.2,-0.91,1.2,32.04306917520675,0.37082830778005554,0.8609610158889943,0.0,0.0
2022-02-01,296.0,4.9,-1.11,4.9,32.13660879892574,0.3719108239455462,0.8520775211013093,0.0,-49.0
2022-02-02,251.0,0.3,-2.6,0.3,27.61611747908688,0.3195960429454999,0.8429415373547828,0.0,-45.0
2022-02-03,217.0,1.3,-1.55,1.3,24.77369985722385,0.28670128773474607,0.8335557718385699,0.0,-34.0
2022-02-04,195.0,0.4,0.53,0.4,21.45764487864027,0.24832521803024835,0.8239230057575542,1.3250000000000002,-22.0
2022-02-05,228.0,5.9,2.9,5.9,24.13899814684423,0.2793560062974955,0.8140460935082178,7.25,33.0
2022-02-06,325.0,20.2,2.71,20.2,40.7181484248176,0.4712233398664383,0.8039279618328213,6.775,97.0
2022-02-07,383.0,1.4,2.25,1.4,36.010426161094955,0.4167417709814722,0.7935716089521474,5.625,58.0
2022-02-08,350.0,7.3,2.69,7.3,37.90886223693071,0.43871200840103547,0.7829801036770629,6.725,-33.0
2022-02-09,326.0,0.3,3.7,0.3,32.5225329013911,0.3763770497326658,0.7721565844991642,9.25,-24.0
2022-02-10,293.0,0.0,3.32,0.0,27.644152966182435,0.3199204922727659,0.7611042586607747,8.299999999999999,-33.0
2022-02-11,255.0,0.1,2.02,0.1,23.59753002125507,0.2730896992957796,0.7498264012045686,5.05,-38.0
2022-02-12,217.0,0.0,1.55,0.0,20.05790051806681,0.23212624440141263,0.7383263540031065,3.875,-38.0
2022-02-13,191.0,0.0,1.4,0.0,17.049215440356786,0.19730730774120073,0.7266075247685656,3.5,-26.0
2022-02-14,181.0,0.0,2.51,0.0,14.491833124303268,0.1677112115800206,0.7146733860429609,6.2749999999999995,-10.0
2022-02-15,160.0,0.1,2.62,0.1,12.418058155657777,0.14371181070694605,0.702527474169157,6.550000000000001,-21.0
2022-02-16,154.0,17.3,3.78,17.3,27.85534943230911,0.32236462856054326,0.6901733882429719,9.45,-6.0
2022-02-17,275.0,17.9,4.19,17.9,41.577047017462746,0.48116320891967224,0.6776147890466889,10.475000000000001,121.0
2022-02-18,360.0,5.0,3.55,5.0,40.340489964843336,0.4668527707781489,0.6648553979642865,8.875,85.0
2022-02-19,332.0,6.1,3.09,6.1,40.389416470116835,0.46741898786106806,0.6518989958787126,7.725,-28.0
2022-02-20,335.0,3.7,2.4,3.7,38.031003999599314,0.44012553164726426,0.6387494220515272,6.0,3.0
2022-02-21,337.0,21.4,3.55,21.4,53.726353399659416,0.6217648067808843,0.6254105729852463,8.875,2.0
2022-02-22,381.0,2.2,0.34,2.2,47.867400389710504,0.5539602647701797,0.6118864012687243,0.8500000000000001,44.0
2022-02-23,349.0,0.7,-0.38,0.7,41.38729033125393,0.47896719110215263,0.5981809144059164,0.0,-32.0
2022-02-24,294.0,0.0,4.09,0.0,35.17919678156584,0.4071221124368298,0.5842981736283683,10.225,-55.0
2022-02-25,258.0,2.1,3.86,2.1,32.00231726433096,0.3703566937138048,0.5702422926917871,9.65,-36.0
2022-02-26,226.0,0.7,2.51,0.7,27.901969674681315,0.32290415570423386,0.5560174366570446,6.2749999999999995,-32.0
2022-02-27,197.0,0.3,-0.46,0.3,24.016674223479118,0.2779403749403845,0.5416278206559814,0.0,-29.0
2022-02-28,184.0,0.0,-0.3,0.0,20.41417308995725,0.23624931869932678,0.5270777086423722,0.0,-13.0
2022-03-01,166.0,0.0,-1.13,0.0,17.35204712646366,0.20081192089442773,0.5123714121284237,0.0,-18.0
2022-03-02,151.0,0.0,-0.25,0.0,14.749240057494111,0.1706901327602636,0.49751328890718066,0.0,-15.0
2022-03-03,145.0,0.3,1.54,0.3,12.836854048869995,0.1485584554380097,0.48250774176121847,3.85,-6.0
2022-03-04,140.0,0.1,0.45,0.1,11.011325941539495,0.1274319679862368,0.46735921715800227,1.125,-5.0
2022-03-05,136.0,0.0,-2.37,0.0,9.35962705030857,0.10831717278830125,0.45207220393230435,0.0,-4.0
2022-03-06,133.0,0.0,0.27,0.0,7.955682992762283,0.09206959687005606,0.43665123195606403,0.675,-3.0
2022-03-07,130.0,0.0,1.19,0.0,6.76233054384794,0.07825915733954765,0.4211008707960896,2.9749999999999996,-3.0
2022-03-08,128.0,0.0,1.07,0.0,5.747980962270749,0.0665202837386155,0.40542572835999735,2.6750000000000003,-2.0
2022-03-09,126.0,0.0,-0.04,0.0,4.885783817930137,0.05654224117782317,0.38963044953078796,0.0,-2.0
2022-03-10,125.0,0.0,-1.58,0.0,4.1529162452406165,0.0480609050011497,0.37371971479046906,0.0,-1.0
2022-03-11,122.0,0.0,-2.02,0.0,3.529978808454524,0.04085176925097724,0.35769823883312546,0.0,-3.0
2022-03-12,122.0,0.0,-0.55,0.0,3.0004819871863453,0.03472400386333065,0.3415707691678556,0.0,0.0
2022-03-13,121.0,0.0,0.95,0.0,2.5504096891083936,0.02951540328383106,0.3253420847119801,2.375,-1.0
2022-03-14,121.0,0.0,2.43,0.0,2.1678482357421345,0.0250880927912564,0.30901699437494745,6.075,0.0
2022-03-15,120.0,0.0,4.23,0.0,1.8426710003808142,0.021324878872567937,0.29260033563334836,10.575000000000001,-1.0
2022-03-16,119.0,0.0,5.2,0.0,1.566270350323692,0.018126147041682746,0.27609697309746883,13.0,-1.0
2022-03-17,118.0,0.0,4.04,0.0,1.3313297977751382,0.015407224985430333,0.2595117970697999,10.1,-1.0
2022-03-18,118.0,0.0,3.27,0.0,1.1316303281088673,0.013096141237615782,0.2428497220959356,8.175,0.0
2022-03-19,118.0,0.0,3.36,0.0,0.9618857788925372,0.011131720051973415,0.22611568550828828,8.4,0.0
2022-03-20,117.0,0.0,2.69,0.0,0.8176029120586567,0.009461962044177402,0.20931464596304847,6.725,-1.0
2022-03-21,118.0,0.0,3.85,0.0,0.6949624752498581,0.008042667737550791,0.19245158197082998,9.625,1.0
2022-03-22,117.0,0.0,4.09,0.0,0.5907181039623793,0.006836267576918172,0.1755314904214282,10.225,-1.0
2022-03-23,117.0,0.0,2.33,0.0,0.5021103883680225,0.005810827440380447,0.15855938510313478,5.825,0.0
2022-03-24,115.0,0.0,3.07,0.0,0.4267938301128191,0.004939203324323379,0.141540295217043,7.675,-2.0
2022-03-25,111.0,0.0,4.84,0.0,0.3627747555958962,0.004198322825674873,0.12447926388678915,12.1,-4.0
2022-03-26,111.0,0.0,5.12,0.0,0.30835854225651177,0.0035685744018236418,0.10738134666416309,12.8,0.0
2022-03-27,115.0,0.0,2.64,0.0,0.262104760918035,0.003033288241550095,0.09025161003104117,6.6000000000000005,4.0
2022-03-28,114.0,0.0,5.32,0.0,0.2227890467803297,0.0025782950053175806,0.07309512989807777,13.3,-1.0
2022-03-29,110.0,0.0,1.35,0.0,0.18937068976328025,0.0021915507545199435,0.055916990100603484,3.375,-4.0
2022-03-30,110.0,0.0,-2.17,0.0,0.16096508629878822,0.001862818141341952,0.03872228089217446,0.0,0.0
2022-03-31,115.0,0.0,-1.87,0.0,0.13682032335396999,0.0015833954201406593,0.021516097436222254,0.0,5.0
2022-04-01,113.0,0.0,0.12,0.0,0.11629727485087449,0.0013458861071195603,0.004303538296244289,0.3,-2.0
2022-04-02,108.0,0.0,0.73,0.0,0.09885268362324331,0.0011440031910516263,-0.01291029607500882,1.825,-5.0
2022-04-03,106.0,0.0,0.57,0.0,0.08402478107975682,0.0009724027123938823,-0.030120304846908114,1.4249999999999998,-2.0
2022-04-04,107.0,13.9,3.03,13.9,13.971421063917793,0.16168858239160322,-0.04732138832243185,7.574999999999999,1.0
2022-04-05,118.0,2.0,2.63,2.0,13.875707904330124,0.16058091231143373,-0.06450844944931623,6.574999999999999,11.0
2022-04-06,123.0,9.4,3.53,9.4,21.194351718680608,0.24527817667400237,-0.08167639533042241,8.825,5.0
2022-04-07,145.0,14.2,8.7,14.2,32.21519896087851,0.372820332850756,-0.09882013873287143,21.75,22.0
2022-04-08,219.0,4.0,4.41,4.0,31.382919116746734,0.36318851748028463,-0.11593459959550041,11.025,74.0
2022-04-09,245.0,2.8,3.52,2.8,29.475481249234726,0.34111410404824133,-0.1330147065341959,8.8,26.0
2022-04-10,206.0,0.1,4.5,0.1,25.15415906184952,0.2911042693049337,-0.1500553983446526,11.25,-39.0
2022-04-11,173.0,0.0,3.74,0.0,21.38103520257209,0.24743862890919363,-0.16705162550211924,9.350000000000001,-33.0
2022-04-12,162.0,0.0,3.56,0.0,18.173879922186277,0.2103228345728146,-0.18399835165768005,8.9,-11.0
2022-04-13,144.0,0.0,5.48,0.0,15.447797933858334,0.1787744093868924,-0.20089055513063506,13.700000000000001,-18.0
2022-04-14,133.0,2.6,7.45,2.6,15.730628243779583,0.18204755044100082,-0.21772323039653177,18.625,-11.0
2022-04-15,130.0,0.0,5.08,0.0,13.371034007212645,0.15474041787485068,-0.23449138957040985,12.7,-3.0
2022-04-16,126.0,0.0,4.5,0.0,11.365378906130747,0.13152935519362308,-0.25119006388481935,11.25,-4.0
2022-04-17,122.0,0.0,4.23,0.0,9.660572070211135,0.11179995191457962,-0.2678143051621742,10.575000000000001,-4.0
2022-04-18,121.0,0.0,6.55,0.0,8.211486259679464,0.09502995912739266,-0.2843591872810034,16.375,-1.0
2022-04-19,119.0,0.0,8.92,0.0,6.979763320727544,0.08077546525828376,-0.30081980763566735,22.3,-2.0
2022-04-20,118.0,0.0,11.88,0.0,5.9327988226184125,0.06865914546954119,-0.3171912885891061,29.700000000000003,-1.0
2022-04-21,115.0,0.0,12.59,0.0,5.042878999225651,0.05836027364911001,-0.3334687789181868,31.475,-3.0
2022-04-22,111.0,0.0,10.92,0.0,4.286447149341803,0.04960623260174351,-0.3496474552512284,27.3,-4.0
2022-04-23,110.0,0.0,10.17,0.0,3.6434800769405324,0.04216529771148198,-0.36572252349726897,25.425,-1.0
2022-04-24,110.0,0.0,8.25,0.0,3.0969580653994524,0.035840503054759686,-0.3816892202666588,20.625,0.0
2022-04-25,110.0,0.1,7.94,0.1,2.7324143555895346,0.03162170846047428,-0.39754281428255595,19.85,0.0
2022-04-26,109.0,0.0,6.9,0.0,2.3225522022511043,0.026878452191403137,-0.4132786077829042,17.25,-1.0
2022-04-27,109.0,0.0,5.19,0.0,1.9741693719134386,0.022846684362692667,-0.4288919379124835,12.975000000000001,0.0
2022-04-28,108.0,0.0,5.09,0.0,1.6780439661264228,0.019419681708288766,-0.4443781781046132,12.725,-1.0
2022-04-29,108.0,0.1,8.37,0.1,1.5263373712074595,0.017664010315974005,-0.45973273945210397,20.924999999999997,0.0
2022-04-30,108.0,0.0,8.88,0.0,1.2973867655263405,0.015014408768577901,-0.47495107206704995,22.200000000000003,0.0
2022-05-01,108.0,0.0,8.54,0.0,1.1027787506973894,0.012762247453291216,-0.49002866642905923,21.349999999999998,0.0
2022-05-02,108.0,0.0,7.49,0.0,0.937361938092781,0.010847910335297533,-0.5049610547215204,18.725,0.0
2022-05-03,108.0,0.0,7.96,0.0,0.7967576473788638,0.009220723785002903,-0.5197438121555155,19.9,0.0
2022-05-04,108.0,0.0,6.0,0.0,0.6772440002720342,0.007837615217252469,-0.5343725582809787,15.0,0.0
2022-05-05,107.0,0.4,9.44,0.4,0.9756574002312292,0.011291096390378797,-0.548842958284719,23.599999999999998,-1.0
2022-05-06,108.0,0.0,9.12,0.0,0.8293087901965448,0.009597431931821977,-0.5631507242749186,22.799999999999997,1.0
2022-05-07,107.0,0.0,9.81,0.0,0.7049124716670631,0.008157817142048681,-0.5772916165517272,24.525000000000002,-1.0
2022-05-08,108.0,0.1,9.46,0.1,0.6991756009170036,0.008091425434669928,-0.5912614448635781,23.650000000000002,1.0
2022-05-09,107.0,0.0,6.2,0.0,0.594299260779453,0.006877711619469439,-0.6050560696488488,15.5,-1.0
2022-05-10,107.0,0.0,12.6,0.0,0.5051543716625351,0.005846054876549023,-0.6186714032625031,31.5,0.0
2022-05-11,107.0,0.4,13.39,0.4,0.8293812159131548,0.009598270100780869,-0.6321034111873487,33.475,0.0
2022-05-12,108.0,5.5,10.51,5.5,6.204974033526182,0.07180897710173398,-0.6453481132295501,26.275,1.0
2022-05-13,107.0,0.0,9.8,0.0,5.274227928497254,0.061037630536473875,-0.6584015846980488,24.5,-1.0
2022-05-14,107.0,0.3,9.55,0.3,4.783093739222665,0.05535382854778844,-0.6712599575675313,23.875,0.0
2022-05-15,107.0,0.0,9.84,0.0,4.065629678339265,0.047050754265620165,-0.6839194216246106,24.6,0.0
2022-05-16,106.0,0.0,9.1,0.0,3.4557852265883753,0.03999314112577714,-0.6963762255968722,22.75,-1.0
2022-05-17,106.0,0.0,7.6,0.0,2.9374174426001187,0.03399416995691057,-0.7086266782644596,19.0,0.0
2022-05-18,105.0,0.0,6.91,0.0,2.496804826210101,0.02889504446337398,-0.7206671495538609,17.275,-1.0
2022-05-19,105.0,0.9,13.67,0.9,3.0222841022785856,0.03497631556922483,-0.7324940716135789,34.175,0.0
2022-05-20,106.0,0.2,13.64,0.2,2.768941486936798,0.032044429961698206,-0.7441039398713607,34.1,1.0
2022-05-21,106.0,0.4,9.3,0.4,2.753600263896278,0.03186688892315768,-0.7554933140726803,23.25,0.0
2022-05-22,106.0,1.4,11.03,1.4,3.7405602243118365,0.04328878767968372,-0.766658819300159,27.575,0.0
2022-05-23,105.0,0.0,11.87,0.0,3.179476190665061,0.03679546952773116,-0.777597146973627,29.674999999999997,-1.0
2022-05-24,105.0,0.0,16.31,0.0,2.7025547620653017,0.03127614909857149,-0.7883050558305255,40.775,0.0
2022-05-25,105.0,4.1,12.7,4.1,6.397171547755506,0.0740332421548563,-0.7987793728863649,31.75,0.0
2022-05-26,106.0,5.3,10.9,5.3,10.73759581559218,0.12426414161984098,-0.8090169943749473,27.25,1.0
2022-05-27,106.0,0.5,10.4,0.5,9.626956443253352,0.11141092469650758,-0.8190148866680801,26.0,0.0
2022-05-28,105.0,0.5,9.97,0.5,8.68291297676535,0.10048569031167419,-0.8287700871745037,24.925,-1.0
2022-05-29,105.0,2.3,10.16,2.3,9.680476030250546,0.11203029663527969,-0.8382797052177743,25.4,0.0
2022-05-30,106.0,12.7,10.04,12.7,20.928404625712965,0.24220042185891358,-0.8475409228928311,25.099999999999998,1.0
2022-05-31,108.0,1.3,10.85,1.3,19.08914393185602,0.2209150098111477,-0.8565509959010036,27.125,2.0
2022-06-01,107.0,7.2,11.72,7.2,23.425772342077618,0.27110198054233114,-0.865307254363206,29.3,-1.0
2022-06-02,106.0,1.5,12.04,1.5,21.411906490765976,0.2477958964199097,-0.8738071036110808,30.099999999999998,-1.0
2022-06-03,105.0,0.0,11.58,0.0,18.200120517151078,0.21062651195692322,-0.8820480249558537,28.95,-1.0
2022-06-04,104.0,0.0,11.58,0.0,15.470102439578415,0.17903253516338474,-0.8900275764346767,28.95,-1.0
2022-06-05,104.0,0.0,14.16,0.0,13.149587073641653,0.15217765488887702,-0.8977433935342337,35.4,0.0
2022-06-06,103.0,0.0,18.05,0.0,11.177149012595406,0.12935100665554547,-0.9051931898913974,45.125,-1.0
2022-06-07,102.0,0.3,17.07,0.3,9.800576660706096,0.11342019824899932,-0.9123747579707273,42.675,-1.0
2022-06-08,102.0,1.7,15.74,1.7,10.03049016160018,0.11608094319843476,-0.9192859697186104,39.35,0.0
2022-06-09,101.0,0.1,19.23,0.1,8.625916637360152,0.09982608258259808,-0.9259247771938498,48.075,-1.0
2022-06-10,102.0,0.9,16.69,0.9,8.23202914175613,0.09526769797056532,-0.9322892131745133,41.725,1.0
2022-06-11,102.0,0.0,16.45,0.0,6.99722477049271,0.08097754327498051,-0.9383773917408641,41.125,0.0
2022-06-12,101.0,0.0,16.0,0.0,5.947641054918803,0.06883091178373343,-0.9441875088341993,40.0,-1.0
2022-06-13,101.0,0.0,15.23,0.0,5.055494896680982,0.05850627501617342,-0.9497178427914316,38.075,0.0
2022-06-14,101.0,0.0,14.38,0.0,4.297170662178835,0.0497303337637474,-0.9549667548552551,35.95,0.0
2022-06-15,101.0,0.0,14.94,0.0,3.6525950628520096,0.04227078369918529,-0.9599326896597447,37.35,0.0
2022-06-16,101.0,0.0,14.14,0.0,3.104705803424208,0.035930166144307496,-0.9646141756912435,35.35,0.0
2022-06-17,101.0,0.0,16.45,0.0,2.638999932910577,0.030540641222661372,-0.9690098257244062,41.125,0.0
2022-06-18,101.0,0.6,16.3,0.6,2.8431499429739904,0.032903230222833466,-0.9731183372332619,40.75,0.0
2022-06-19,104.0,11.7,12.52,11.7,14.116677451527892,0.16336960676904877,-0.9769384927771817,31.299999999999997,3.0
2022-06-20,104.0,0.0,13.24,0.0,11.999175833798708,0.13886416575369145,-0.980469160361632,33.1,0.0
2022-06-21,103.0,1.3,14.25,1.3,11.499299458728903,0.1330791921217089,-0.9837092937736097,35.625,-1.0
2022-06-22,102.0,0.0,15.34,0.0,9.774404539919567,0.11311731330345257,-0.986657932891657,38.35,-1.0
2022-06-23,102.0,0.0,15.36,0.0,8.308243858931633,0.09614971630793467,-0.9893142039703663,38.4,0.0
2022-06-24,102.0,0.0,20.92,0.0,7.062007280091888,0.08172725886174448,-0.99167731989929,52.300000000000004,0.0
2022-06-25,102.0,0.0,23.98,0.0,6.002706188078104,0.0694681700324828,-0.993746580436178,59.95,0.0
2022-06-26,101.0,0.0,24.76,0.0,5.1023002598663885,0.059047944527610384,-0.9955213724144752,61.900000000000006,-1.0
2022-06-27,101.0,0.0,26.13,0.0,4.33695522088643,0.05019075284846882,-0.9970011699250151,65.325,0.0
2022-06-28,102.0,7.9,25.37,7.9,11.586411937753466,0.13408732817155394,-0.9981855344718586,63.425000000000004,1.0
2022-06-29,108.0,9.4,21.56,9.4,19.248450147090445,0.2227586301551045,-0.99907411510223,53.9,6.0
2022-06-30,104.0,0.0,23.12,0.0,16.361182625026878,0.18934483563183882,-0.9996666485105112,57.800000000000004,-4.0
2022-07-01,103.0,3.7,23.55,3.7,17.607005231272847,0.20376250225241935,-0.9999629591162655,58.875,-1.0
2022-07-02,105.0,10.9,18.66,10.9,25.86595444658192,0.2993417410827684,-0.9999629591162655,46.65,2.0
2022-07-03,104.0,0.0,18.07,0.0,21.986061279594633,0.2544404799203531,-0.9996666485105112,45.175,-1.0
2022-07-04,102.0,0.0,19.78,0.0,18.68815208765544,0.21627440793230018,-0.99907411510223,49.45,-2.0
2022-07-05,102.0,0.0,18.4,0.0,15.884929274507122,0.18383324674245513,-0.9981855344718586,46.0,0.0
2022-07-06,101.0,0.0,16.48,0.0,13.502189883331054,0.15625825973108687,-0.9970011699250151,41.2,-1.0
2022-07-07,101.0,1.7,16.66,1.7,13.176861400831395,0.15249329545820917,-0.9955213724144752,41.65,0.0
2022-07-08,103.0,6.9,16.55,6.9,18.100332190706688,0.20947168075054776,-0.9937465804361781,41.375,2.0
2022-07-09,103.0,4.0,16.33,4.0,19.385282362100682,0.22434216319510755,-0.99167731989929,40.824999999999996,0.0
2022-07-10,118.0,32.2,13.62,32.2,48.67749000778558,0.5633352769008344,-0.9893142039703664,34.05,15.0
2022-07-11,105.0,1.8,15.44,1.8,43.17586650661774,0.49966604091642314,-0.9866579328916572,38.6,-13.0
2022-07-12,104.0,1.4,17.28,1.4,38.09948653062507,0.4409180668739593,-0.9837092937736098,43.2,-1.0
2022-07-13,103.0,0.0,18.96,0.0,32.38456355103131,0.3747803568428654,-0.9804691603616321,47.400000000000006,-1.0
2022-07-14,102.0,0.0,17.3,0.0,27.526879018376615,0.3185633033164356,-0.9769384927771817,43.25,-1.0
2022-07-15,102.0,0.9,15.51,0.9,24.29784716562012,0.28119433559432716,-0.973118337233262,38.775,0.0
2022-07-16,102.0,2.1,14.74,2.1,22.753170090777104,0.26331808339767765,-0.9690098257244063,36.85,0.0
2022-07-17,102.0,0.1,15.15,0.1,19.44019457716054,0.22497765175195458,-0.9646141756912435,37.875,0.0
2022-07-18,101.0,0.0,17.57,0.0,16.524165390586457,0.19123100398916137,-0.9599326896597445,43.925,-1.0
2022-07-19,102.0,0.0,19.09,0.0,14.045540581998488,0.16254635339078716,-0.9549667548552553,47.725,1.0
2022-07-20,102.0,0.0,19.22,0.0,11.938709494698713,0.13816440038216907,-0.9497178427914317,48.05,0.0
2022-07-21,101.0,0.0,21.32,0.0,10.147903070493905,0.1174397403248437,-0.9441875088341994,53.3,-1.0
2022-07-22,102.0,0.4,21.62,0.4,9.02571760991982,0.10445290273183135,-0.9383773917408642,54.050000000000004,1.0
2022-07-23,102.0,0.0,18.87,0.0,7.671859968431846,0.08878496732205664,-0.9322892131745134,47.175000000000004,0.0
2022-07-24,102.0,0.8,18.34,0.8,7.321080973167069,0.08472546913517653,-0.9259247771938499,45.85,0.0
2022-07-25,102.0,0.0,19.71,0.0,6.222918827192008,0.07201664876490005,-0.9192859697186105,49.275000000000006,0.0
2022-07-26,102.0,2.8,18.8,2.8,8.089481003113207,0.09361801564016443,-0.9123747579707274,47.0,0.0
2022-07-27,102.0,1.0,16.18,1.0,7.876058852646225,0.09114812193342527,-0.9051931898913975,40.45,0.0
2022-07-28,104.0,6.0,15.97,6.0,12.69465002474929,0.14691275547912444,-0.8977433935342336,39.925000000000004,2.0
2022-07-29,102.0,0.0,14.92,0.0,10.790452521036896,0.12487584215725576,-0.8900275764346766,37.3,-2.0
2022-07-30,101.0,0.0,16.81,0.0,9.171884642881361,0.10614446583366739,-0.8820480249558535,42.025,-1.0
2022-07-31,101.0,0.3,16.4,0.3,8.096101946449156,0.09369463855040293,-0.8738071036110807,41.0,0.0
2022-08-01,101.0,0.0,17.37,0.0,6.881686654481783,0.07964044276784249,-0.8653072543632061,43.425000000000004,0.0
2022-08-02,101.0,0.0,16.09,0.0,5.8494336563095155,0.06769437635266612,-0.8565509959010037,40.225,0.0
2022-08-03,101.0,0.0,19.4,0.0,4.972018607863088,0.0575402198997662,-0.8475409228928312,48.5,0.0
2022-08-04,101.0,0.0,23.76,0.0,4.226215816683625,0.04890918691480126,-0.8382797052177745,59.400000000000006,0.0
2022-08-05,101.0,0.0,25.0,0.0,3.592283444181081,0.04157280887758108,-0.828770087174504,62.5,0.0
2022-08-06,101.0,2.8,17.97,2.8,5.853440927553919,0.06774075173594331,-0.8190148866680802,44.925,0.0
2022-08-07,101.0,0.0,15.9,0.0,4.975424788420831,0.057579638975551815,-0.8090169943749472,39.75,0.0
2022-08-08,101.0,3.0,16.62,3.0,7.229111070157706,0.08366111904707553,-0.7987793728863648,41.550000000000004,0.0
2022-08-09,101.0,0.0,16.68,0.0,6.1447444096340496,0.07111195119001419,-0.7883050558305253,41.7,0.0
2022-08-10,101.0,0.0,16.28,0.0,5.223032748188942,0.06044515851151206,-0.7775971469736268,40.7,0.0
2022-08-11,101.0,0.0,16.67,0.0,4.4395778359606,0.051378384734785246,-0.7666588193001592,41.675000000000004,0.0
2022-08-12,101.0,0.0,19.07,0.0,3.77364116056651,0.04367162702456746,-0.7554933140726804,47.675,0.0
2022-08-13,101.0,0.0,21.14,0.0,3.207594986481533,0.037120882970882334,-0.7441039398713608,52.85,0.0
2022-08-14,101.0,0.0,22.85,0.0,2.726455738509303,0.03155275052524999,-0.7324940716135792,57.125,0.0
2022-08-15,101.0,0.0,25.43,0.0,2.3174873777329075,0.026819837946462484,-0.7206671495538615,63.575,0.0
2022-08-16,101.0,0.0,24.82,0.0,1.9698642710729712,0.02279686225449311,-0.7086266782644601,62.05,0.0
2022-08-17,101.0,0.1,23.62,0.1,1.7743846304120257,0.020534613780247696,-0.6963762255968726,59.050000000000004,0.0
2022-08-18,101.0,0.0,24.91,0.0,1.5082269358502218,0.01745442171321054,-0.6839194216246105,62.275,0.0
2022-08-19,101.0,0.0,25.95,0.0,1.2819928954726885,0.014836258456228959,-0.6712599575675315,64.875,0.0
2022-08-20,100.0,0.4,23.28,0.4,1.4896939611517852,0.017239943143508813,-0.6584015846980489,58.2,-1.0
2022-08-21,102.0,9.8,20.89,9.8,11.066239866979018,0.12806747633698037,-0.64534811322955,52.225,2.0
2022-08-22,106.0,1.4,18.55,1.4,10.806303886932165,0.125059286981433,-0.6321034111873488,46.375,4.0
2022-08-23,102.0,0.0,22.36,0.0,9.18535830389234,0.10630039393421806,-0.6186714032625032,55.9,-4.0
2022-08-24,101.0,0.0,23.13,0.0,7.807554558308489,0.09035533484408535,-0.6050560696488494,57.824999999999996,-1.0
2022-08-25,101.0,0.0,21.92,0.0,6.636421374562215,0.07680203461747255,-0.5912614448635782,54.800000000000004,0.0
2022-08-26,102.0,3.1,22.6,3.1,8.740958168377883,0.10115743620663671,-0.5772916165517278,56.5,1.0
2022-08-27,104.0,0.0,22.74,0.0,7.4298144431212005,0.0859838207756412,-0.5631507242749187,56.849999999999994,2.0
2022-08-28,102.0,0.0,22.35,0.0,6.315342276653021,0.07308624765929503,-0.5488429582847199,55.875,-2.0
2022-08-29,101.0,3.6,17.9,3.6,8.968040935155068,0.10378542161182856,-0.5343725582809785,44.75,-1.0
2022-08-30,102.0,0.0,16.29,0.0,7.622834794881808,0.08821760837005428,-0.5197438121555157,40.724999999999994,1.0
2022-08-31,100.0,0.0,14.0,0.0,6.4794095756495365,0.07498496711454614,-0.5049610547215202,35.0,-2.0
2022-09-01,100.0,0.0,11.73,0.0,5.507498139302106,0.06373722204736422,-0.4900286664290594,29.325000000000003,0.0
2022-09-02,100.0,1.0,10.87,1.0,5.68137341840679,0.06574944737954508,-0.4749510720670502,27.174999999999997,0.0
2022-09-03,100.0,0.0,9.9,0.0,4.829167405645771,0.05588703027261332,-0.4597327394521046,24.75,0.0
2022-09-04,100.0,0.0,11.61,0.0,4.104792294798905,0.04750397573172131,-0.44437817810461344,29.025,0.0
2022-09-05,100.0,0.3,9.93,0.3,3.789073450579069,0.04385022196374876,-0.4288919379124841,24.825,0.0
2022-09-06,100.0,0.0,8.62,0.0,3.2207124329922086,0.03727268866918645,-0.41327860778290443,21.549999999999997,0.0
2022-09-07,101.0,0.0,11.1,0.0,2.737605568043377,0.031681785368808474,-0.3975428142825566,27.75,1.0
2022-09-08,101.0,0.0,11.8,0.0,2.3269647328368706,0.026929517563487205,-0.3816892202666586,29.5,0.0
2022-09-09,101.0,1.9,12.0,1.9,3.87792002291134,0.04487842634360657,-0.3657225234972692,30.0,0.0
2022-09-10,101.0,0.0,12.93,0.0,3.296232019474639,0.038146662392065586,-0.34964745525122826,32.325,0.0
2022-09-11,102.0,0.0,12.63,0.0,2.8017972165534433,0.03242466303325575,-0.33346877891818705,31.575000000000003,1.0
2022-09-12,101.0,0.0,11.92,0.0,2.3815276340704266,0.027560963578267383,-0.31719128858910595,29.8,-1.0
2022-09-13,101.0,10.1,10.49,10.1,12.124298488959862,0.1403121862983108,-0.300819807635668,26.225,0.0
2022-09-14,107.0,17.0,15.12,17.0,27.305653715615883,0.3160031052214176,-0.2843591872810036,37.8,6.0
2022-09-15,106.0,16.3,13.62,16.3,39.5098056582735,0.4572394202585586,-0.26781430516217486,34.05,-1.0
2022-09-16,108.0,12.0,12.21,12.0,45.583334809532474,0.5275272108912008,-0.25119006388481957,30.525000000000002,2.0
2022-09-17,107.0,5.5,12.36,5.5,44.2458345881026,0.512048576773591,-0.23449138957041052,30.9,-1.0
2022-09-18,104.0,11.7,10.67,11.7,49.308959399887215,0.5706431513371926,-0.21772323039653224,26.675,-3.0
2022-09-19,104.0,3.8,10.18,3.8,45.71261548990413,0.5290233514658986,-0.20089055513063528,25.45,0.0
2022-09-20,105.0,6.7,11.28,6.7,45.55572316641852,0.5272076666292267,-0.18399835165767986,28.2,1.0
2022-09-21,103.0,1.4,10.67,1.4,40.122364691455736,0.46432844872984236,-0.1670516255021195,26.675,-2.0
2022-09-22,102.0,0.0,9.46,0.0,34.10400998773738,0.394679181420366,-0.15005539834465262,23.650000000000002,-1.0
2022-09-23,102.0,0.0,8.25,0.0,28.98840848957677,0.3354773042073111,-0.13301470653419636,20.625,0.0
2022-09-24,102.0,0.2,8.8,0.2,24.840147216140252,0.2874702703040715,-0.11593459959550066,22.0,0.0
2022-09-25,102.0,0.0,10.0,0.0,21.114125133719213,0.24434972975846078,-0.09882013873287211,25.0,0.0
2022-09-26,102.0,0.3,10.78,0.3,18.24700636366133,0.2111691128864773,-0.08167639533042288,26.95,0.0
2022-09-27,102.0,0.0,11.82,0.0,15.50995540911213,0.1794937459535057,-0.06450844944931625,29.55,0.0
2022-09-28,102.0,3.5,10.82,3.5,16.683462097745313,0.19307451429797912,-0.04732138832243232,27.05,0.0
2022-09-29,103.0,0.1,10.32,0.1,14.280942783083516,0.1652706180172108,-0.03012030484690836,25.8,1.0
2022-09-30,102.0,0.0,8.65,0.0,12.138801365620989,0.14048002531462916,-0.012910296075008843,21.625,-1.0
2022-10-01,102.0,0.0,10.45,0.0,10.31798116077784,0.1194080215174348,0.004303538296243821,26.125,0.0
2022-10-02,104.0,17.5,10.85,17.5,26.270283986661163,0.3040209694773158,0.021516097436222233,27.125,2.0
2022-10-03,105.0,0.1,10.47,0.1,22.429741388661988,0.25957510491964697,0.03872228089217399,26.175,1.0
2022-10-04,102.0,0.0,11.72,0.0,19.065280180362688,0.22063883918169988,0.05591699010060302,29.3,-3.0
2022-10-05,101.0,0.0,13.24,0.0,16.205488153308284,0.1875430133044449,0.07309512989807776,33.1,-1.0
2022-10-06,105.0,0.1,14.0,0.1,13.87466493031204,0.1605688421727067,0.0902516100310407,35.0,4.0
2022-10-07,109.0,0.0,12.38,0.0,11.793465190765234,0.13648351584680068,0.10738134666416306,30.950000000000003,4.0
2022-10-08,104.0,0.0,11.69,0.0,10.024445412150449,0.11601098846978058,0.12447926388678869,29.224999999999998,-5.0
2022-10-09,103.0,0.3,10.35,0.3,8.820778600327882,0.10208118279109916,0.141540295217043,25.875,-1.0
2022-10-10,103.0,0.0,9.86,0.0,7.4976618102787,0.08676900537243429,0.15855938510313475,24.65,0.0
2022-10-11,103.0,0.9,11.02,0.9,7.273012538736896,0.0841691823419261,0.17553149042142777,27.549999999999997,0.0
2022-10-12,104.0,0.6,9.59,0.6,6.782060657926361,0.07848749017420847,0.19245158197082995,23.975,1.0
2022-10-13,106.0,2.8,9.97,2.8,8.564751559237408,0.09911823083807661,0.20931464596304888,24.925,2.0
2022-10-14,104.0,0.0,10.18,0.0,7.280038825351796,0.08425049621236512,0.22611568550828803,25.45,-2.0
2022-10-15,104.0,0.7,11.53,0.7,6.888033001549027,0.0797138878280102,0.2428497220959358,28.825,0.0
2022-10-16,104.0,1.0,13.47,1.0,6.854828051316672,0.07932961329309415,0.25951179706979943,33.675000000000004,0.0
2022-10-17,104.0,0.1,13.37,0.1,5.926603843619171,0.06858745216305857,0.27609697309746883,33.425,0.0
2022-10-18,104.0,0.5,13.22,0.5,5.537613267076296,0.06408573865824255,0.2926003356333479,33.050000000000004,0.0
2022-10-19,105.0,0.3,7.17,0.3,5.006971277014851,0.05794472045129181,0.30901699437494723,17.925,1.0
2022-10-20,104.0,0.0,7.02,0.0,4.255925585462624,0.04925301238359804,0.3253420847119795,17.549999999999997,-1.0
2022-10-21,104.0,0.0,6.97,0.0,3.61753674764323,0.04186506052605833,0.341570769167856,17.425,0.0
2022-10-22,104.0,1.3,7.51,1.3,4.374906235496745,0.05062995267822072,0.35769823883312546,18.775,0.0
2022-10-23,104.0,0.4,10.81,0.4,4.118670300172234,0.04766458323220182,0.3737197147904692,27.025000000000002,0.0
2022-10-24,104.0,0.8,10.94,0.8,4.300869755146398,0.049773142658799945,0.38963044953078774,27.349999999999998,0.0
2022-10-25,104.0,3.0,12.57,3.0,6.655739291874438,0.07702559717783644,0.4054257283599973,31.425,0.0
2022-10-26,106.0,0.2,12.34,0.2,5.857378398093273,0.06778631932901807,0.42110087079608916,30.85,2.0
2022-10-27,104.0,0.1,11.85,0.1,5.078771638379282,0.05877565229359391,0.4366512319560638,29.625,-2.0
2022-10-28,104.0,0.4,12.38,0.4,4.71695589262239,0.05458842790526903,0.45207220393230374,30.950000000000003,0.0
2022-10-29,104.0,0.9,12.51,0.9,4.909412508729032,0.05681569149483563,0.46735921715800205,31.275,0.0
2022-10-30,104.0,0.0,9.07,0.0,4.173000632419677,0.04829333777061028,0.48250774176121763,22.675,0.0
2022-10-31,104.0,0.0,6.87,0.0,3.547050537556725,0.041049337105018735,0.4975132889071803,17.175,0.0
2022-11-01,104.0,0.4,10.03,0.4,3.414992956923216,0.03952105999498012,0.5123714121284235,25.075,0.0
2022-11-02,104.0,1.4,11.03,1.4,4.302744013384734,0.04979483309073281,0.5270777086423724,27.575,0.0
2022-11-03,104.0,0.7,7.78,0.7,4.3573324113770235,0.05042657417462273,0.5416278206559811,19.45,0.0
2022-11-04,103.0,0.0,6.13,0.0,3.70373254967047,0.04286258804842932,0.5560174366570446,15.325,-1.0
2022-11-05,104.0,2.9,6.57,2.9,6.0481726672199,0.06999434489509287,0.5702422926917867,16.425,1.0
2022-11-06,104.0,0.0,7.33,0.0,5.1409467671369145,0.059495193160828935,0.5842981736283683,18.325,0.0
2022-11-07,103.0,0.0,6.85,0.0,4.369804752066377,0.0505709141867046,0.5981809144059159,17.125,-1.0
2022-11-08,103.0,2.4,11.14,2.4,6.114334039256421,0.0707600177929841,0.6118864012687242,27.85,0.0
2022-11-09,103.0,1.3,9.66,1.3,6.497183933367957,0.07519066635510763,0.6254105729852457,24.15,0.0
2022-11-10,103.0,1.1,10.94,1.1,6.622606343362763,0.07664215590505553,0.6387494220515268,27.349999999999998,0.0
2022-11-11,103.0,1.6,11.76,1.6,7.229215391858348,0.083662326342154,0.6518989958787125,29.4,0.0
2022-11-12,103.0,0.0,11.08,0.0,6.144833083079596,0.07111297739083089,0.6648553979642867,27.7,0.0
2022-11-13,102.0,0.0,7.17,0.0,5.223108120617656,0.06044603078220625,0.6776147890466887,17.925,-1.0
2022-11-14,102.0,0.0,3.84,0.0,4.439641902525008,0.05137912616487531,0.690173388242972,9.6,0.0
2022-11-15,102.0,0.3,6.54,0.3,4.073695617146257,0.047144099831929666,0.7025274741691566,16.35,0.0
2022-11-16,104.0,0.0,1.64,0.0,3.462641274574318,0.04007248485714022,0.7146733860429608,4.1,2.0
2022-11-17,107.0,0.0,-0.71,0.0,2.9432450833881703,0.03406161212856918,0.726607524768565,0.0,3.0
2022-11-18,105.0,0.0,-1.77,0.0,2.5017583208799445,0.0289523703092838,0.7383263540031063,0.0,-2.0
2022-11-19,102.0,0.2,-5.83,0.2,2.326494572747953,0.026924076490748333,0.749826401204568,0.0,-3.0
2022-11-20,102.0,0.6,-4.2,0.6,2.5775203868357597,0.029829150200707377,0.7611042586607742,0.0,0.0
2022-11-21,102.0,0.1,-1.91,0.1,2.2908923288103957,0.02651205853452982,0.7721565844991641,0.0,0.0
2022-11-22,102.0,0.0,-2.01,0.0,1.9472584794888363,0.022535249754350346,0.7829801036770625,0.0,0.0
2022-11-23,102.0,0.0,-4.52,0.0,1.655169707565511,0.019154962291197796,0.7935716089521472,0.0,0.0
2022-11-24,102.0,0.0,-2.97,0.0,1.4068942514306844,0.016281717947518128,0.8039279618328208,0.0,0.0
2022-11-25,102.0,0.0,-0.69,0.0,1.1958601137160816,0.013839460255390406,0.8140460935082175,0.0,0.0
2022-11-26,101.0,0.0,-0.21,0.0,1.0164810966586693,0.011763541217081844,0.8239230057575536,0.0,-1.0
2022-11-27,102.0,2.9,0.31,2.9,3.764008932159869,0.04356015508844751,0.8335557718385695,0.775,1.0
2022-11-28,102.0,0.7,-0.0,0.7,3.899407592335889,0.04512709787268024,0.8429415373547832,0.0,0.0
2022-11-29,104.0,0.0,-0.08,0.0,3.3144964534855053,0.0383580331917782,0.8520775211013093,0.0,2.0
2022-11-30,105.0,0.0,0.67,0.0,2.817321985462679,0.032604328213011464,0.8609610158889945,1.675,1.0
2022-12-01,100.0,0.0,-0.44,0.0,2.3947236876432774,0.027713678981059746,0.8695893893466109,0.0,-5.0
2022-12-02,99.0,0.0,-4.08,0.0,2.035515134496786,0.023556627133900786,0.8779600847008883,0.0,-1.0
2022-12-03,98.0,1.6,-4.45,1.6,3.330187864322268,0.038539626886672465,0.8860706215341377,0.0,-1.0
2022-12-04,98.0,2.5,-0.75,2.5,5.330659684673927,0.061690704451885334,0.893918596519257,0.0,0.0
2022-12-05,99.0,0.4,-2.0,0.4,4.931060731972838,0.057066222239816736,0.9015016841318838,0.0,1.0
2022-12-06,98.0,0.9,-0.59,0.9,5.091401622176913,0.058921816679201176,0.9088176373395028,0.0,-1.0
2022-12-07,100.0,17.9,0.38,17.9,22.227691378850373,0.2572368188205314,0.9158642882672868,0.95,2.0
2022-12-08,109.0,17.8,-0.25,17.8,36.69353767202281,0.4246472897767335,0.9226395488404875,0.0,9.0
2022-12-09,104.0,0.7,-10.63,0.7,31.88950702121939,0.3690511623577233,0.9291414114031743,0.0,-5.0
2022-12-10,98.0,0.0,-9.03,0.0,27.10608096803648,0.31369348800406477,0.935367949313148,0.0,-6.0
2022-12-11,96.0,0.0,-6.74,0.0,23.040168822831006,0.2666394648034551,0.941317317512847,0.0,-2.0
2022-12-12,100.0,13.4,-3.08,13.4,32.98414349940636,0.3817191808493625,0.946987753076075,0.0,4.0
2022-12-13,103.0,5.9,-1.66,5.9,33.936521974495406,0.3927408746937426,0.9523775757303973,0.0,3.0
2022-12-14,98.0,1.4,-2.73,1.4,30.246043678321094,0.35003167558468085,0.9574851883550389,0.0,-5.0
2022-12-15,99.0,0.0,-9.82,0.0,25.70913712657293,0.29752692424697874,0.9623090774541487,0.0,1.0
2022-12-16,100.0,13.1,-5.73,13.1,34.95276655758699,0.40450167878457194,0.9668478136052773,0.0,1.0
2022-12-17,98.0,0.0,-10.3,0.0,29.709851573948942,0.34382642696688615,0.9711000518829505,0.0,-2.0
2022-12-18,94.0,0.0,-5.0,0.0,25.2533738378566,0.29225246292185325,0.9750645322571945,0.0,-4.0
2022-12-19,96.0,0.0,-6.35,0.0,21.465367762178108,0.24841459348357522,0.9787400799669153,0.0,2.0
2022-12-20,107.0,9.4,0.66,9.4,27.645562597851395,0.3199368056703227,0.9821256058680006,1.6500000000000001,11.0
2022-12-21,136.0,10.3,2.23,10.3,33.798728208173685,0.3911462138044149,0.9852201067560606,5.575,29.0
2022-12-22,196.0,1.4,1.92,1.4,30.12891897694763,0.3486762138287523,0.9880226656636976,4.8,60.0
2022-12-23,264.0,3.8,3.39,3.8,29.409581130405485,0.34035145458372434,0.9905324521322227,8.475,68.0
2022-12-24,303.0,0.2,-3.6,0.2,25.19814396084466,0.29161329812402276,0.9927487224577402,0.0,39.0
2022-12-25,281.0,0.0,-1.5,0.0,21.418422366717962,0.24787130340541938,0.9946708199115211,0.0,-22.0
2022-12-26,231.0,1.6,0.68,1.6,19.80565901171027,0.22920710171746328,0.9962981749346077,1.7000000000000002,-50.0
2022-12-27,196.0,0.5,4.28,0.5,17.33481015995373,0.20061244077948653,0.9976303053065857,10.700000000000001,-35.0
2022-12-28,224.0,9.0,2.23,9.0,23.73458863596067,0.274675852416133,0.9986668162884759,5.575,28.0
2022-12-29,275.0,8.6,5.03,8.6,28.774400340566565,0.33300062885156834,0.9994074007397048,12.575000000000001,51.0
2022-12-30,321.0,5.1,5.27,5.1,29.55824028948158,0.34207185858418915,0.9998518392091162,13.174999999999999,46.0
2022-12-31,326.0,8.3,6.17,8.3,33.42450424605934,0.3868153915026304,1.0,15.425,5.0
2023-01-01,334.0,8.0,8.56,8.0,36.41082860915044,0.4213755518915198,0.9998518392091162,21.400000000000002,8.0
2023-01-02,348.0,8.5,6.82,8.5,39.44920431777788,0.45653809254171857,0.9994074007397048,17.05,14.0
2023-01-03,328.0,1.3,3.67,1.3,34.83182367011119,0.4031020298915319,0.998666816288476,9.175,-20.0
2023-01-04,307.0,10.3,1.13,10.3,39.907050119594516,0.46183665439244276,0.9976303053065857,2.8249999999999997,-21.0
2023-01-05,305.0,4.0,-0.46,4.0,37.920992601655335,0.4388523907907183,0.9962981749346078,0.0,-2.0
2023-01-06,297.0,0.0,-8.85,0.0,32.232843711407035,0.37302453217211057,0.9946708199115211,0.0,-8.0
2023-01-07,244.0,0.0,-6.56,0.0,27.39791715469598,0.31707085234629395,0.9927487224577402,0.0,-53.0
2023-01-08,192.0,0.6,-0.04,0.6,23.888229581491583,0.27645390967792116,0.9905324521322229,0.0,-52.0
2023-01-09,170.0,3.4,0.28,3.4,23.704995144267844,0.27433337259980367,0.9880226656636976,0.7000000000000001,-22.0
2023-01-10,164.0,0.3,2.3,0.3,20.449245872627667,0.2366552093016188,0.9852201067560606,5.75,-6.0
2023-01-11,157.0,1.3,2.55,1.3,18.681858991733517,0.21620157913744711,0.9821256058680006,6.375,-7.0
2023-01-12,154.0,6.8,4.64,6.8,22.67958014297349,0.26246644101397143,0.9787400799669153,11.6,-3.0
2023-01-13,244.0,10.0,6.35,10.0,29.277643121527465,0.33882456125473065,0.9750645322571948,15.875,90.0
2023-01-14,308.0,4.5,5.41,4.5,29.385996653298346,0.34007851594330585,0.9711000518829505,13.525,64.0
2023-01-15,326.0,14.4,4.25,14.4,39.37809715530359,0.4557151829575211,0.9668478136052775,10.625,18.0
2023-01-16,349.0,0.0,3.12,0.0,33.471382582008054,0.38735790551389293,0.9623090774541486,7.800000000000001,23.0
2023-01-17,311.0,1.0,2.34,1.0,29.450675194706847,0.3408270283260945,0.9574851883550393,5.85,-38.0
2023-01-18,270.0,2.7,0.32,2.7,27.733073915500817,0.32094955740325115,0.9523775757303974,0.8,-41.0
2023-01-19,234.0,0.0,0.85,0.0,23.573112828175695,0.2728071237927635,0.9469877530760753,2.125,-36.0
2023-01-20,205.0,0.0,-3.03,0.0,20.03714590394934,0.23188605522384895,0.9413173175128471,0.0,-29.0
2023-01-21,183.0,0.0,-1.45,0.0,17.031574018356938,0.1971031469402716,0.9353679493131483,0.0,-22.0
2023-01-22,168.0,0.0,-2.17,0.0,14.476837915603397,0.16753767489923085,0.9291414114031743,0.0,-15.0
2023-01-23,153.0,0.0,-3.67,0.0,12.305312228262887,0.1424070236643462,0.9226395488404876,0.0,-15.0
2023-01-24,138.0,0.0,-0.09,0.0,10.459515394023454,0.12104597011469428,0.9158642882672872,0.0,-15.0
2023-01-25,136.0,0.0,2.36,0.0,8.890588084919935,0.10288907459749014,0.9088176373395029,5.8999999999999995,-2.0
2023-01-26,137.0,1.5,0.07,1.5,9.056999872181944,0.10481492636679485,0.901501684131884,0.17500000000000002,1.0
2023-01-27,139.0,0.1,-0.51,0.1,7.798449891354652,0.09024996827570417,0.893918596519257,0.0,2.0
2023-01-28,135.0,1.3,-0.49,1.3,7.928682407651454,0.0917571242654197,0.886070621534138,0.0,-4.0
2023-01-29,135.0,3.2,3.32,3.2,9.939380046503736,0.11502654327132032,0.8779600847008882,8.299999999999999,0.0
2023-01-30,178.0,16.6,3.83,16.6,25.048473039528176,0.28988118519276157,0.869589389346611,9.575,43.0
2023-01-31,294.0,3.2,2.63,3.2,24.49120208359895,0.2834319950595609,0.8609610158889943,6.574999999999999,116.0
2023-02-01,283.0,3.6,2.24,3.6,24.417521771059107,0.2825793069020546,0.8520775211013093,5.6000000000000005,-11.0
2023-02-02,280.0,0.4,1.07,0.4,21.15489350540024,0.24482153432246054,0.8429415373547828,2.6750000000000003,-3.0
2023-02-03,245.0,0.0,-0.25,0.0,17.981659479590203,0.20809830417409148,0.8335557718385699,0.0,-35.0
2023-02-04,200.0,0.0,-2.17,0.0,15.284410557651672,0.17688355854797774,0.8239230057575542,0.0,-45.0
2023-02-05,168.0,0.0,-1.88,0.0,12.99174897400392,0.15035102476578108,0.8140460935082178,0.0,-32.0
2023-02-06,155.0,0.6,0.89,0.6,11.642986627903332,0.1347420562344852,0.8039279618328213,2.225,-13.0
2023-02-07,141.0,0.0,0.92,0.0,9.896538633717832,0.11453074779931242,0.7935716089521474,2.3000000000000003,-14.0
2023-02-08,139.0,0.0,1.49,0.0,8.412057838660157,0.09735113562941557,0.7829801036770629,3.725,-2.0
2023-02-09,133.0,0.0,0.78,0.0,7.150249162861133,0.08274846528500322,0.7721565844991642,1.9500000000000002,-6.0
2023-02-10,130.0,0.6,3.09,0.6,6.677711788431963,0.07727988067582403,0.7611042586607747,7.725,-3.0
2023-02-11,133.0,5.2,2.5,5.2,10.876055020167168,0.12586650349873502,0.7498264012045686,6.25,3.0
2023-02-12,164.0,0.5,1.07,0.5,9.744646767142093,0.11277293229356751,0.7383263540031065,2.6750000000000003,31.0
2023-02-13,172.0,0.0,3.74,0.0,8.28294975207078,0.09585699244953239,0.7266075247685656,9.350000000000001,8.0
2023-02-14,163.0,0.0,2.85,0.0,7.040507289260162,0.08147844358210253,0.7146733860429609,7.125,-9.0
2023-02-15,156.0,0.0,2.3,0.0,5.984431195871138,0.06925667704478715,0.702527474169157,5.75,-7.0
2023-02-16,150.0,0.0,2.44,0.0,5.086766516490467,0.05886817548806907,0.6901733882429719,6.1,-6.0
2023-02-17,151.0,10.4,4.0,10.4,14.723751539016897,0.1703951590134279,0.6776147890466889,10.0,1.0
2023-02-18,182.0,2.5,3.99,2.5,15.015188808164362,0.17376790675962744,0.6648553979642865,9.975000000000001,31.0
2023-02-19,246.0,0.0,2.1,0.0,12.762910486939708,0.14770272074568333,0.6518989958787126,5.25,64.0
2023-02-20,224.0,12.8,2.54,12.8,23.64847391389875,0.2736792632166852,0.6387494220515272,6.35,-22.0
2023-02-21,263.0,0.0,2.12,0.0,20.10120282681394,0.23262737373418244,0.6254105729852463,5.300000000000001,39.0
2023-02-22,253.0,0.3,-1.65,0.3,17.38602240279185,0.2012051102658407,0.6118864012687243,0.0,-10.0
2023-02-23,202.0,0.2,-1.31,0.2,14.97811904237307,0.1733389054538217,0.5981809144059164,0.0,-51.0
2023-02-24,175.0,8.7,1.93,8.7,21.43140118601711,0.24802150479753227,0.5842981736283683,4.825,-27.0
2023-02-25,181.0,8.9,-0.26,8.9,27.116691008114543,0.31381627596754336,0.5702422926917871,0.0,6.0
2023-02-26,187.0,0.0,-1.89,0.0,23.04918735689736,0.26674383457241185,0.5560174366570446,0.0,6.0
2023-02-27,156.0,0.0,-4.64,0.0,19.591809253362754,0.22673225938655003,0.5416278206559814,0.0,-31.0
2023-02-28,159.0,0.0,1.25,0.0,16.65303786535834,0.19272242047856752,0.5270777086423722,3.125,3.0
2023-03-01,169.0,0.0,1.61,0.0,14.155082185554587,0.16381405740678237,0.5123714121284237,4.025,10.0
2023-03-02,172.0,0.0,2.76,0.0,12.031819857721398,0.139241948795765,0.49751328890718066,6.8999999999999995,3.0
2023-03-03,169.0,0.0,3.48,0.0,10.227046879063188,0.11835565647640026,0.48250774176121847,8.7,-3.0
2023-03-04,165.0,1.3,0.5,1.3,9.99298984720371,0.11564695923601136,0.46735921715800227,1.25,-4.0
2023-03-05,161.0,0.3,0.03,0.3,8.794041370123153,0.1017717579423953,0.45207220393230435,0.075,-4.0
2023-03-06,152.0,2.1,-1.41,2.1,9.57493516460468,0.11080889239353556,0.43665123195606403,0.0,-9.0
2023-03-07,142.0,3.8,-1.01,3.8,11.938694889913979,0.1381642313637901,0.4211008707960896,0.0,-10.0
2023-03-08,138.0,3.9,-0.32,3.9,14.047890656426882,0.16257355035243504,0.40542572835999735,0.0,-4.0
2023-03-09,131.0,0.3,-1.83,0.3,12.24070705796285,0.14165936039135543,0.38963044953078796,0.0,-7.0
2023-03-10,128.0,0.0,-3.39,0.0,10.404600999268421,0.12041045633265211,0.37371971479046906,0.0,-3.0
2023-03-11,127.0,0.2,-1.62,0.2,9.043910849378157,0.10466344961061139,0.35769823883312546,0.0,-1.0
2023-03-12,124.0,3.4,-1.74,3.4,11.087324221971434,0.12831148154259037,0.3415707691678556,0.0,-3.0
2023-03-13,129.0,10.0,0.69,10.0,19.424225588675718,0.22479284570405678,0.3253420847119801,1.7249999999999999,5.0
2023-03-14,188.0,9.7,7.31,9.7,26.21059175037436,0.30333016264951757,0.30901699437494745,18.275,59.0
2023-03-15,327.0,0.5,2.49,0.5,22.779002987818206,0.2636170425717327,0.29260033563334836,6.2250000000000005,139.0
2023-03-16,311.0,2.7,0.25,2.7,22.062152539645474,0.25532106951204364,0.27609697309746883,0.625,-16.0
2023-03-17,258.0,0.0,1.82,0.0,18.75282965869865,0.21702290908523705,0.2595117970697999,4.55,-53.0
2023-03-18,209.0,0.0,6.5,0.0,15.939905209893853,0.1844694727224515,0.2428497220959356,16.25,-49.0
2023-03-19,178.0,0.0,7.3,0.0,13.548919428409775,0.15679905181408377,0.22611568550828828,18.25,-31.0
2023-03-20,165.0,5.3,5.84,5.3,16.816581514148307,0.19461507983018433,0.20931464596304847,14.6,-13.0
2023-03-21,156.0,0.9,2.67,0.9,15.194094287026061,0.17583834563101364,0.19245158197082998,6.675,-9.0
2023-03-22,152.0,6.3,5.67,6.3,19.214980143972152,0.22237128821386024,0.1755314904214282,14.175,-4.0
2023-03-23,164.0,12.6,7.42,12.6,28.932733122376327,0.33483298383677845,0.15855938510313478,18.55,12.0
2023-03-24,265.0,6.2,7.15,6.2,30.792823154019878,0.35635944982483175,0.141540295217043,17.875,101.0
2023-03-25,282.0,0.7,6.73,0.7,26.873899680916896,0.31100649839860683,0.12447926388678915,16.825000000000003,17.0
2023-03-26,254.0,2.1,5.22,2.1,24.94281472877936,0.28865842178131534,0.10738134666416309,13.049999999999999,-28.0
2023-03-27,216.0,0.2,0.6,0.2,21.401392519462455,0.24767422024197513,0.09025161003104117,1.5,-38.0
2023-03-28,187.0,2.0,-0.54,2.0,20.191183641543088,0.23366870448424987,0.07309512989807777,0.0,-29.0
2023-03-29,166.0,0.6,1.36,0.6,17.762506095311625,0.2055620839951837,0.055916990100603484,3.4000000000000004,-21.0
2023-03-30,158.0,2.2,5.72,2.2,17.29813018101488,0.20018795040233422,0.03872228089217446,14.299999999999999,-8.0
2023-03-31,159.0,3.2,5.95,3.2,17.903410653862647,0.20719274548769767,0.021516097436222254,14.875,1.0
2023-04-01,158.0,0.0,2.27,0.0,15.21789905578325,0.176113833664543,0.004303538296244289,5.675,-1.0
2023-04-02,142.0,0.0,2.36,0.0,12.935214197415762,0.14969675861486156,-0.01291029607500882,5.8999999999999995,-16.0
2023-04-03,145.0,0.0,0.52,0.0,10.994932067803397,0.12724224482263233,-0.030120304846908114,1.3,3.0
2023-04-04,137.0,0.0,0.25,0.0,9.345692257632887,0.10815590809923746,-0.04732138832243185,0.625,-8.0
2023-04-05,135.0,0.7,-0.11,0.7,8.643838418987954,0.1000334879318517,-0.06450844944931623,0.0,-2.0
2023-04-06,132.0,0.0,1.08,0.0,7.347262656139761,0.08502846474207394,-0.08167639533042241,2.7,-3.0
2023-04-07,124.0,0.0,9.77,0.0,6.245173257718797,0.07227419503076285,-0.09882013873287143,24.424999999999997,-8.0
2023-04-08,124.0,3.5,8.84,3.5,8.808397269060977,0.10193789601364767,-0.11593459959550041,22.1,0.0
2023-04-09,123.0,0.0,9.25,0.0,7.4871376787018304,0.08664721161160051,-0.1330147065341959,23.125,-1.0
2023-04-10,128.0,0.0,8.55,0.0,6.364067026896556,0.07365012986986043,-0.1500553983446526,21.375,5.0
2023-04-11,119.0,0.0,10.98,0.0,5.409456972862072,0.06260261038938136,-0.16705162550211924,27.450000000000003,-9.0
2023-04-12,113.0,0.0,12.76,0.0,4.598038426932761,0.053212218830974156,-0.18399835165768005,31.9,-6.0
2023-04-13,115.0,1.2,10.68,1.2,5.108332662892846,0.05911775637347062,-0.20089055513063506,26.7,2.0
2023-04-14,120.0,0.0,10.83,0.0,4.34208276345892,0.050250092917450036,-0.21772323039653177,27.075,5.0
2023-04-15,118.0,0.0,10.45,0.0,3.6907703489400814,0.04271257897983253,-0.23449138957040985,26.125,-2.0
2023-04-16,111.0,0.4,5.9,0.4,3.537154796599069,0.04093481558857184,-0.25119006388481935,14.75,-7.0
2023-04-17,119.0,0.0,7.51,0.0,3.0065815771092086,0.03479459325028607,-0.2678143051621742,18.775,8.0
2023-04-18,111.0,0.9,9.32,0.9,3.4555943405428273,0.039990932038100106,-0.2843591872810034,23.3,-8.0
2023-04-19,108.0,0.0,10.26,0.0,2.937255189461403,0.033992292232385084,-0.30081980763566735,25.65,-3.0
2023-04-20,111.0,0.0,12.15,0.0,2.4966669110421926,0.028893448397527326,-0.3171912885891061,30.375,3.0
2023-04-21,119.0,0.0,9.61,0.0,2.1221668743858637,0.024559431137898227,-0.3334687789181868,24.025,8.0
2023-04-22,113.0,0.0,9.85,0.0,1.8038418432279841,0.02087551646721349,-0.3496474552512284,24.625,-6.0
2023-04-23,108.0,0.0,14.61,0.0,1.5332655667437864,0.017744188997131465,-0.36572252349726897,36.525,-5.0
2023-04-24,110.0,0.1,13.17,0.1,1.4032757317322184,0.016239841511490296,-0.3816892202666588,32.925,2.0
2023-04-25,106.0,0.8,8.19,0.8,1.9927843719723857,0.02306211219619515,-0.39754281428255595,20.474999999999998,-4.0
2023-04-26,106.0,0.0,6.3,0.0,1.6938667161765277,0.019602795366765877,-0.4132786077829042,15.75,0.0
2023-04-27,108.0,0.1,6.11,0.1,1.5397867087500485,0.017819656925679543,-0.4288919379124835,15.275,2.0
2023-04-28,107.0,0.0,5.25,0.0,1.3088187024375413,0.015146708386827613,-0.4443781781046132,13.125,-1.0
2023-04-29,116.0,2.0,8.94,2.0,3.11249589707191,0.03602031940737447,-0.45973273945210397,22.349999999999998,9.0
2023-04-30,107.0,0.0,6.58,0.0,2.6456215125111235,0.030617271496268295,-0.47495107206704995,16.45,-9.0
2023-05-01,104.0,0.0,6.55,0.0,2.248778285634455,0.02602468077182805,-0.49002866642905923,16.375,-3.0
2023-05-02,104.0,0.2,7.15,0.2,2.1114615427892867,0.024435540383910943,-0.5049610547215204,17.875,0.0
2023-05-03,104.0,0.0,5.88,0.0,1.7947423113708936,0.0207702093263243,-0.5197438121555155,14.7,0.0
2023-05-04,104.0,0.4,5.98,0.4,1.9255309646652594,0.022283801383089854,-0.5343725582809787,14.950000000000001,0.0
2023-05-05,104.0,0.0,4.22,0.0,1.6367013199654705,0.018941231175626374,-0.548842958284719,10.549999999999999,0.0
2023-05-06,103.0,0.0,5.82,0.0,1.39119612197065,0.016100046499282417,-0.5631507242749186,14.55,-1.0
2023-05-07,103.0,0.0,8.21,0.0,1.1825167036750523,0.013685039524390055,-0.5772916165517272,20.525000000000002,0.0
2023-05-08,103.0,0.0,9.7,0.0,1.0051391981237945,0.011632283595731546,-0.5912614448635781,24.25,0.0
2023-05-09,103.0,0.0,11.86,0.0,0.8543683184052253,0.009887441056371814,-0.6050560696488488,29.65,0.0
2023-05-10,102.0,0.0,13.23,0.0,0.7262130706444415,0.008404324897916043,-0.6186714032625031,33.075,-1.0
2023-05-11,102.0,0.0,13.68,0.0,0.6172811100477753,0.007143676163228636,-0.6321034111873487,34.2,0.0
2023-05-12,102.0,0.0,14.35,0.0,0.524688943540609,0.006072124738744341,-0.6453481132295501,35.875,0.0
2023-05-13,102.0,0.0,17.23,0.0,0.44598560200951765,0.005161306027932689,-0.6584015846980488,43.075,0.0
2023-05-14,102.0,1.5,17.98,1.5,1.87908776170809,0.021746323082671035,-0.6712599575675313,44.95,0.0
2023-05-15,102.0,6.7,16.35,6.7,8.297224597451876,0.0960221925034832,-0.6839194216246106,40.875,0.0
2023-05-16,104.0,1.3,11.6,1.3,8.352640907834095,0.09666351485903188,-0.6963762255968722,29.0,2.0
2023-05-17,102.0,0.0,9.13,0.0,7.0997447716589805,0.0821639876301771,-0.7086266782644596,22.825000000000003,-2.0
2023-05-18,102.0,0.0,9.58,0.0,6.034783055910133,0.06983938948565054,-0.7206671495538609,23.95,0.0
2023-05-19,102.0,0.0,10.89,0.0,5.129565597523613,0.059363481062802946,-0.7324940716135789,27.225,0.0
2023-05-20,101.0,0.0,15.81,0.0,4.360130757895071,0.050458958903382506,-0.7441039398713607,39.525,-1.0
2023-05-21,101.0,0.0,17.01,0.0,3.7061111442108103,0.04289011506787513,-0.7554933140726803,42.525000000000006,0.0
2023-05-22,101.0,0.0,15.64,0.0,3.1501944725791886,0.03645659780769386,-0.766658819300159,39.1,0.0
2023-05-23,101.0,0.0,18.15,0.0,2.6776653016923104,0.03098810813653978,-0.777597146973627,45.375,0.0
2023-05-24,101.0,0.0,18.66,0.0,2.2760155064384637,0.02633989191605881,-0.7883050558305255,46.65,0.0
2023-05-25,101.0,0.0,15.17,0.0,1.934613180472694,0.02238890812864999,-0.7987793728863649,37.925,0.0
2023-05-26,102.0,0.0,12.21,0.0,1.64442120340179,0.01903057190935249,-0.8090169943749473,30.525000000000002,1.0
2023-05-27,101.0,0.0,10.2,0.0,1.3977580228915214,0.016175986122949616,-0.8190148866680801,25.5,-1.0
2023-05-28,101.0,0.0,12.47,0.0,1.188094319457793,0.013749588204507172,-0.8287700871745037,31.175,0.0
2023-05-29,101.0,0.0,13.21,0.0,1.0098801715391241,0.011687149973831096,-0.8382797052177743,33.025000000000006,0.0
2023-05-30,101.0,0.0,12.56,0.0,0.8583981458082555,0.009934077477756431,-0.8475409228928311,31.400000000000002,0.0
2023-05-31,101.0,0.0,11.39,0.0,0.7296384239370172,0.008443965856092967,-0.8565509959010036,28.475,0.0
2023-06-01,102.0,0.0,13.4,0.0,0.6201926603464646,0.007177370977679022,-0.865307254363206,33.5,1.0
2023-06-02,101.0,0.0,8.06,0.0,0.5271637612944949,0.0061007653310271685,-0.8738071036110808,20.150000000000002,-1.0
2023-06-03,101.0,0.0,9.62,0.0,0.4480891971003207,0.005185650531373094,-0.8820480249558537,24.049999999999997,0.0
2023-06-04,101.0,0.0,12.25,0.0,0.38087581753527255,0.004407802951667129,-0.8900275764346767,30.625,0.0
2023-06-05,102.0,0.0,12.11,0.0,0.32374444490498167,0.0037466325089170597,-0.8977433935342337,30.275,1.0
2023-06-06,102.0,0.0,16.16,0.0,0.2751827781692344,0.0031846376325795006,-0.9051931898913974,40.4,0.0
2023-06-07,101.0,0.0,17.54,0.0,0.23390536144384924,0.0027069419876925753,-0.9123747579707273,43.849999999999994,-1.0
2023-06-08,101.0,0.0,19.33,0.0,0.19881955722727185,0.002300900689538689,-0.9192859697186104,48.324999999999996,0.0
2023-06-09,101.0,0.0,16.75,0.0,0.16899662364318108,0.0019557655861078857,-0.9259247771938498,41.875,0.0
2023-06-10,101.0,0.0,15.31,0.0,0.1436471300967039,0.001662400748191703,-0.9322892131745133,38.275,0.0
2023-06-11,101.0,0.0,15.47,0.0,0.12210006058219831,0.0014130406359629474,-0.9383773917408641,38.675000000000004,0.0
2023-06-12,101.0,0.0,17.24,0.0,0.10378505149486857,0.0012010845405685052,-0.9441875088341993,43.099999999999994,0.0
2023-06-13,101.0,0.0,17.74,0.0,0.08821729377063828,0.0010209218594832293,-0.9497178427914316,44.349999999999994,0.0
2023-06-14,101.0,0.0,18.96,0.0,0.07498469970504254,0.000867783580560745,-0.9549667548552551,47.400000000000006,0.0
2023-06-15,101.0,3.8,18.75,3.8,3.863736994749286,0.04471428887276152,-0.9599326896597447,46.875,0.0
2023-06-16,102.0,0.0,18.95,0.0,3.284176445536893,0.038007145541847295,-0.9646141756912435,47.375,1.0
2023-06-17,105.0,12.3,16.47,12.3,15.09154997870636,0.1746516199737818,-0.9690098257244062,41.175,3.0
2023-06-18,105.0,5.3,17.28,5.3,18.127817481900404,0.20978976276592767,-0.9731183372332619,43.2,0.0
2023-06-19,105.0,8.5,16.49,8.5,23.908644859615343,0.27669017178496524,-0.9769384927771817,41.224999999999994,0.0
2023-06-20,103.0,0.0,16.94,0.0,20.322348130673042,0.23518664601722047,-0.980469160361632,42.35,-2.0
2023-06-21,102.0,0.0,22.61,0.0,17.273995911072085,0.19990864911463738,-0.9837092937736097,56.525,-1.0
2023-06-22,102.0,0.2,18.43,0.2,14.88289652441127,0.17223691347529885,-0.986657932891657,46.075,0.0
2023-06-23,102.0,0.0,18.07,0.0,12.65046204574958,0.14640137645400403,-0.9893142039703663,45.175,0.0
2023-06-24,102.0,0.0,18.72,0.0,10.752892738887143,0.12444116998590342,-0.99167731989929,46.8,0.0
2023-06-25,102.0,0.0,19.24,0.0,9.139958828054072,0.10577499448801791,-0.993746580436178,48.099999999999994,0.0
2023-06-26,102.0,0.0,17.51,0.0,7.768965003845961,0.08990874531481523,-0.9955213724144752,43.775000000000006,0.0
2023-06-27,101.0,0.1,16.81,0.1,6.703620253269066,0.07757971438152149,-0.9970011699250151,42.025,-1.0
2023-06-28,102.0,0.2,18.53,0.2,5.898077215278706,0.06825731895215036,-0.9981855344718586,46.325,1.0
2023-06-29,101.0,0.0,20.33,0.0,5.0133656329869,0.0580187211093278,-0.99907411510223,50.824999999999996,-1.0
2023-06-30,101.0,10.7,18.9,10.7,14.961360788038863,0.17314496538328344,-0.9996666485105112,47.25,0.0
2023-07-01,103.0,0.0,17.98,0.0,12.717156669833034,0.14717322057579094,-0.9999629591162655,44.95,2.0
2023-07-02,105.0,18.9,17.1,18.9,29.709583169358076,0.3438233207719182,-0.9999629591162655,42.75,2.0
2023-07-03,103.0,0.7,16.58,0.7,25.953145693954365,0.3003507887036303,-0.9996666485105112,41.449999999999996,-2.0
2023-07-04,102.0,1.0,16.29,1.0,23.06017383986121,0.2668709790373712,-0.99907411510223,40.724999999999994,-1.0
2023-07-05,102.0,0.0,18.55,0.0,19.60114776388203,0.22684033218176555,-0.9981855344718586,46.375,0.0
2023-07-06,102.0,0.6,16.87,0.6,17.260975599299726,0.19975796753807204,-0.9970011699250151,42.175000000000004,0.0
2023-07-07,101.0,0.0,16.49,0.0,14.671829259404767,0.16979427240736122,-0.9955213724144752,41.224999999999994,-1.0
2023-07-08,101.0,0.0,17.28,0.0,12.47105487049405,0.14432513154625703,-0.9937465804361781,43.2,0.0
2023-07-09,101.0,0.0,17.5,0.0,10.600396639919943,0.12267636181431847,-0.99167731989929,43.75,0.0
2023-07-10,101.0,0.0,17.21,0.0,9.01033714393195,0.1042749075421707,-0.9893142039703664,43.025000000000006,0.0
2023-07-11,101.0,0.0,17.72,0.0,7.658786572342158,0.08863367141084509,-0.9866579328916572,44.3,0.0
2023-07-12,101.0,0.0,20.28,0.0,6.509968586490834,0.07533862069921833,-0.9837092937736098,50.7,0.0
2023-07-13,101.0,0.0,18.58,0.0,5.533473298517209,0.06403782759433557,-0.9804691603616321,46.449999999999996,0.0
2023-07-14,102.0,0.0,16.87,0.0,4.703452303739628,0.05443215345518524,-0.9769384927771817,42.175000000000004,1.0
2023-07-15,101.0,0.0,19.11,0.0,3.9979344581786833,0.04626733043690745,-0.973118337233262,47.775,-1.0
2023-07-16,101.0,0.0,21.63,0.0,3.3982442894518807,0.039327230871371334,-0.9690098257244063,54.074999999999996,0.0
2023-07-17,101.0,0.1,20.18,0.1,2.9885076460340985,0.03458542710459418,-0.9646141756912435,50.45,0.0
2023-07-18,102.0,4.6,17.44,4.6,7.1402314991289835,0.08263253277961834,-0.9599326896597445,43.6,1.0
2023-07-19,101.0,0.0,16.88,0.0,6.069196774259636,0.0702376528626756,-0.9549667548552553,42.199999999999996,-1.0
2023-07-20,101.0,0.1,16.79,0.1,5.25881725812069,0.060859285797202796,-0.9497178427914317,41.974999999999994,0.0
2023-07-21,101.0,0.2,16.44,0.2,4.669994669402587,0.054044954655479475,-0.9441875088341994,41.1,0.0
2023-07-22,102.0,1.4,15.37,1.4,5.3694954689921985,0.06214014355215725,-0.9383773917408642,38.425,1.0
2023-07-23,104.0,8.4,15.37,8.4,12.96407114864337,0.15003071458933187,-0.9322892131745134,38.425,2.0
2023-07-24,105.0,2.6,18.41,2.6,13.619460476346864,0.15761540986307437,-0.9259247771938499,46.025,1.0
2023-07-25,104.0,1.3,17.98,1.3,12.876541404894835,0.14901774961468436,-0.9192859697186105,44.95,-1.0
2023-07-26,103.0,0.0,15.9,0.0,10.94506019416061,0.1266650871724817,-0.9123747579707274,39.75,-1.0
2023-07-27,103.0,0.0,15.62,0.0,9.303301165036517,0.10766532409660945,-0.9051931898913975,39.05,0.0
2023-07-28,103.0,1.1,14.88,1.1,9.007805990281039,0.10424561498533207,-0.8977433935342336,37.2,0.0
2023-07-29,103.0,0.0,17.29,0.0,7.656635091738883,0.08860877273753226,-0.8900275764346766,43.224999999999994,0.0
2023-07-30,105.0,10.0,17.34,10.0,16.50813982797805,0.19104554321975736,-0.8820480249558535,43.35,2.0
2023-07-31,105.0,9.5,17.05,9.5,23.53191885378134,0.272330393810006,-0.8738071036110807,42.625,0.0
2023-08-01,105.0,12.1,17.57,12.1,32.10213102571414,0.37151181927385957,-0.8653072543632061,43.925,0.0
2023-08-02,106.0,3.5,18.48,3.5,30.786811371857016,0.3562898766202799,-0.8565509959010037,46.2,1.0
2023-08-03,107.0,12.9,17.94,12.9,39.068789666078466,0.45213562657402084,-0.8475409228928312,44.85,1.0
2023-08-04,105.0,1.5,18.59,1.5,34.70847121616669,0.4016744955468459,-0.8382797052177745,46.475,-2.0
2023-08-05,104.0,0.0,18.5,0.0,29.50220053374169,0.34142332121481905,-0.828770087174504,46.25,-1.0
2023-08-06,108.0,9.6,23.75,9.6,34.676870453680436,0.40130878596973696,-0.8190148866680802,59.375,4.0
2023-08-07,105.0,4.9,17.68,4.9,34.37533988562837,0.39781923040677536,-0.8090169943749472,44.2,-3.0
2023-08-08,125.0,35.9,14.91,35.9,65.11903890278411,0.7536101759961084,-0.7987793728863648,37.275,20.0
2023-08-09,124.0,17.0,13.9,17.0,72.35118306736649,0.8373063964645455,-0.7883050558305253,34.75,-1.0
2023-08-10,117.0,7.8,14.13,7.8,69.29850560726152,0.8019783443812906,-0.7775971469736268,35.325,-7.0
2023-08-11,109.0,0.0,15.22,0.0,58.90372976617229,0.681681592724097,-0.7666588193001592,38.050000000000004,-8.0
2023-08-12,106.0,0.0,16.84,0.0,50.06817030124645,0.5794293538154824,-0.7554933140726804,42.1,-3.0
2023-08-13,105.0,0.1,17.56,0.1,42.65794475605948,0.4936722316070886,-0.7441039398713608,43.9,-1.0
2023-08-14,104.0,0.0,18.0,0.0,36.259253042650556,0.41962139686602534,-0.7324940716135792,45.0,-1.0
2023-08-15,104.0,0.0,24.1,0.0,30.820365086252973,0.35667818733612155,-0.7206671495538615,60.25,0.0
2023-08-16,104.0,0.0,22.21,0.0,26.197310323315026,0.3031764592357033,-0.7086266782644601,55.525000000000006,0.0
2023-08-17,108.0,2.8,18.66,2.8,25.067713774817772,0.2901038545403472,-0.6963762255968726,46.65,4.0
2023-08-18,110.0,2.8,20.07,2.8,24.107556708595105,0.2789921405492945,-0.6839194216246105,50.175,2.0
2023-08-19,106.0,0.0,23.38,0.0,20.49142320230584,0.23714331946690032,-0.6712599575675315,58.449999999999996,-4.0
2023-08-20,105.0,0.0,22.2,0.0,17.417709721959962,0.20157182154686526,-0.6584015846980489,55.5,-1.0
2023-08-21,105.0,0.0,18.2,0.0,14.805053263665968,0.17133604831483548,-0.64534811322955,45.5,0.0
2023-08-22,105.0,0.0,17.82,0.0,12.584295274116073,0.14563564106761015,-0.6321034111873488,44.55,0.0
2023-08-23,104.0,0.0,18.34,0.0,10.696650982998662,0.12379029490746862,-0.6186714032625032,45.85,-1.0
2023-08-24,104.0,0.0,17.85,0.0,9.092153335548863,0.10522175067134834,-0.6050560696488494,44.625,0.0
2023-08-25,106.0,0.0,18.34,0.0,7.728330335216533,0.08943848807064608,-0.5912614448635782,45.85,2.0
2023-08-26,107.0,7.5,19.41,7.5,14.069080784934053,0.1628187796546904,-0.5772916165517278,48.525,1.0
2023-08-27,105.0,3.7,18.86,3.7,15.658718667193945,0.1812153546718432,-0.5631507242749187,47.15,-2.0
2023-08-28,113.0,16.2,16.39,16.2,29.509910867114854,0.34151255142749176,-0.5488429582847199,40.975,8.0
2023-08-29,107.0,3.3,15.48,3.3,28.383424237047628,0.32847593722301016,-0.5343725582809785,38.7,-6.0
2023-08-30,116.0,21.9,17.66,21.9,46.02591060149048,0.5326490558399111,-0.5197438121555157,44.15,9.0
2023-08-31,123.0,10.2,16.87,10.2,49.322024011266905,0.5707943455846364,-0.5049610547215202,42.175000000000004,7.0
2023-09-01,188.0,26.2,14.1,26.2,68.12372040957686,0.7883827800962209,-0.4900286664290594,35.25,65.0
2023-09-02,244.0,11.8,16.14,11.8,69.70516234814033,0.8066845050253566,-0.4749510720670502,40.35,56.0
2023-09-03,249.0,0.0,15.23,0.0,59.249387995919285,0.6856818292715532,-0.4597327394521046,38.075,5.0
2023-09-04,228.0,0.0,15.84,0.0,50.361979796531394,0.5828295548808202,-0.44437817810461344,39.6,-21.0
2023-09-05,200.0,0.0,18.47,0.0,42.807682827051686,0.4954051216486972,-0.4288919379124841,46.175,-28.0
2023-09-06,148.0,0.0,16.58,0.0,36.386530402993934,0.4210943534013926,-0.41327860778290443,41.449999999999996,-52.0
2023-09-07,130.0,0.0,14.7,0.0,30.928550842544844,0.35793020039118373,-0.3975428142825566,36.75,-18.0
2023-09-08,118.0,0.0,15.05,0.0,26.289268216163116,0.3042406703325062,-0.3816892202666586,37.625,-12.0
2023-09-09,130.0,0.0,17.0,0.0,22.34587798373865,0.25860456978263024,-0.3657225234972692,42.5,12.0
2023-09-10,111.0,0.0,18.36,0.0,18.99399628617785,0.21981388431523569,-0.34964745525122826,45.9,-19.0
2023-09-11,109.0,0.0,18.2,0.0,16.14489684325117,0.1868418016679503,-0.33346877891818705,45.5,-2.0
2023-09-12,116.0,0.0,18.58,0.0,13.723162316763496,0.15881553141775778,-0.31719128858910595,46.449999999999996,7.0
2023-09-13,109.0,5.1,20.13,5.1,16.76468796924897,0.19401452576545014,-0.300819807635668,50.324999999999996,-7.0
2023-09-14,108.0,0.0,14.79,0.0,14.249984773861625,0.1649123469006326,-0.2843591872810036,36.974999999999994,-1.0
2023-09-15,110.0,0.0,12.3,0.0,12.112487057782381,0.14017549486553774,-0.26781430516217486,30.75,2.0
2023-09-16,108.0,0.0,14.64,0.0,10.295613999115023,0.11914917063570706,-0.25119006388481957,36.6,-2.0
2023-09-17,106.0,0.0,15.89,0.0,8.751271899247769,0.10127679504035099,-0.23449138957041052,39.725,-2.0
2023-09-18,106.0,0.0,17.55,0.0,7.438581114360603,0.08608527578429834,-0.21772323039653224,43.875,0.0
2023-09-19,107.0,4.0,17.48,4.0,10.322793947206513,0.11946371897379558,-0.20089055513063528,43.7,1.0
2023-09-20,106.0,0.5,16.81,0.5,9.274374855125536,0.10733056544736899,-0.18399835165767986,42.025,-1.0
2023-09-21,108.0,0.0,18.64,0.0,7.8832186268567055,0.09123098063026364,-0.1670516255021195,46.6,2.0
2023-09-22,107.0,1.5,19.81,1.5,8.2007358328282,0.09490554649465234,-0.15005539834465262,49.525,-1.0
2023-09-23,108.0,4.3,15.55,4.3,11.270625457903968,0.1304327916693821,-0.13301470653419636,38.875,1.0
2023-09-24,106.0,1.6,14.47,1.6,11.180031639218372,0.12938436674183157,-0.11593459959550066,36.175000000000004,-2.0
2023-09-25,105.0,0.0,12.88,0.0,9.503026893335615,0.10997671173055684,-0.09882013873287211,32.2,-1.0
2023-09-26,105.0,0.0,15.56,0.0,8.077572859335273,0.09348020497097331,-0.08167639533042288,38.9,0.0
2023-09-27,105.0,0.0,18.09,0.0,6.865936930434982,0.07945817422532732,-0.06450844944931625,45.225,0.0
2023-09-28,105.0,0.0,18.65,0.0,5.836046390869734,0.06753944809152822,-0.04732138832243232,46.625,0.0
2023-09-29,105.0,0.0,18.03,0.0,4.960639432239274,0.05740853087779898,-0.03012030484690836,45.075,0.0
2023-09-30,107.0,4.4,16.23,4.4,8.616543517403382,0.09971760925898532,-0.012910296075008843,40.575,2.0
2023-10-01,106.0,0.0,13.81,0.0,7.324061989792875,0.08475996787013751,0.004303538296243821,34.525,-1.0
2023-10-02,105.0,2.3,13.62,2.3,8.525452691323943,0.09866343255997354,0.021516097436222233,34.05,-1.0
2023-10-03,106.0,3.2,18.32,3.2,10.446634787625353,0.1208969053216911,0.03872228089217399,45.8,1.0
2023-10-04,110.0,2.2,14.14,2.2,11.07963956948155,0.12822254852986553,0.05591699010060302,35.35,4.0
2023-10-05,135.0,35.6,12.1,35.6,45.01769363405932,0.5209811538089495,0.07309512989807776,30.25,25.0
2023-10-06,203.0,15.2,10.93,15.2,53.46503958895042,0.6187406720547466,0.0902516100310407,27.325,68.0
2023-10-07,263.0,0.7,11.04,0.7,46.14528365060786,0.5340305372940345,0.10738134666416306,27.599999999999998,60.0
2023-10-08,274.0,5.2,7.02,5.2,44.42349110301668,0.5141045616242139,0.12447926388678869,17.549999999999997,11.0
2023-10-09,248.0,0.8,5.45,0.8,38.559967437564175,0.4462471242920102,0.141540295217043,13.625,-26.0
2023-10-10,217.0,0.2,8.05,0.2,32.975972321929554,0.3816246173760658,0.15855938510313475,20.125,-31.0
2023-10-11,185.0,8.3,12.65,8.3,36.32957647364012,0.4204352364757255,0.17553149042142777,31.625,-32.0
2023-10-12,180.0,0.0,12.45,0.0,30.8801400025941,0.3573699510043667,0.19245158197082995,31.125,-5.0
2023-10-13,180.0,7.5,11.87,7.5,33.74811900220499,0.39056052314835293,0.20931464596304888,29.674999999999997,0.0
2023-10-14,178.0,7.3,14.13,7.3,35.98590115187424,0.41645794774288414,0.22611568550828803,35.325,-2.0
2023-10-15,206.0,6.1,9.09,6.1,36.6880159790931,0.42458338828109304,0.2428497220959358,22.725,28.0
2023-10-16,229.0,0.3,7.62,0.3,31.484813582229137,0.36436772263071476,0.25951179706979943,19.05,23.0
2023-10-17,200.0,0.3,9.52,0.3,27.062091544894766,0.31318440682789317,0.27609697309746883,23.799999999999997,-29.0
2023-10-18,179.0,6.9,7.6,6.9,29.902777813160554,0.3460591254147792,0.2926003356333479,19.0,-21.0
2023-10-19,173.0,0.0,1.89,0.0,25.417361141186472,0.2941502566025623,0.30901699437494723,4.725,-6.0
2023-10-20,167.0,0.0,2.8,0.0,21.604756970008502,0.25002771811217794,0.3253420847119795,7.0,-6.0
2023-10-21,144.0,16.9,5.03,16.9,35.26404342450722,0.4081040263992761,0.341570769167856,12.575000000000001,-23.0
2023-10-22,200.0,0.1,8.18,0.1,30.07443691083114,0.34804570330331325,0.35769823883312546,20.45,56.0
2023-10-23,216.0,1.6,9.83,1.6,27.16327137420647,0.3143553416306731,0.3737197147904692,24.575,16.0
2023-10-24,194.0,0.1,8.49,0.1,23.188780668075502,0.2683593212500007,0.38963044953078774,21.225,-22.0
2023-10-25,176.0,4.5,5.54,4.5,24.210463567864178,0.2801830619392853,0.4054257283599973,13.85,-18.0
2023-10-26,174.0,2.9,2.39,2.9,23.47889403268455,0.2717167477023205,0.42110087079608916,5.9750000000000005,-2.0
2023-10-27,173.0,0.0,1.18,0.0,19.957059927781867,0.2309592355469724,0.4366512319560638,2.9499999999999997,-1.0
2023-10-28,168.0,0.0,1.34,0.0,16.963500938614587,0.19631535021492655,0.45207220393230374,3.35,-5.0
2023-10-29,139.0,3.3,2.32,3.3,17.7189757978224,0.2050583161923297,0.46735921715800205,5.8,-29.0
2023-10-30,166.0,5.7,10.08,5.7,20.76112942814904,0.2402645780074076,0.48250774176121763,25.2,27.0
2023-10-31,179.0,4.7,10.59,4.7,22.346960013926683,0.2586170919109383,0.4975132889071803,26.475,13.0
2023-11-01,227.0,2.6,7.5,2.6,21.594916011837682,0.24991383058643987,0.5123714121284235,18.75,48.0
2023-11-02,228.0,0.0,7.74,0.0,18.35567861006203,0.21242675599847385,0.5270777086423724,19.35,1.0
2023-11-03,203.0,9.7,9.82,9.7,25.30232681855272,0.2928189863997721,0.5416278206559811,24.55,-25.0
2023-11-04,209.0,11.3,9.17,11.3,32.80697779576981,0.37966887606373234,0.5560174366570446,22.925,6.0
2023-11-05,291.0,0.0,6.87,0.0,27.885931126404337,0.3227185446541725,0.5702422926917867,17.175,82.0
2023-11-06,287.0,16.4,9.43,16.4,40.10304145744368,0.4641048246403287,0.5842981736283683,23.575,-4.0
2023-11-07,316.0,47.1,9.11,47.1,81.18758523882713,0.9395683878546263,0.5981809144059159,22.775,29.0
2023-11-08,410.0,17.4,7.64,17.4,86.40944745300305,1.0,0.6118864012687242,19.099999999999998,94.0
2023-11-09,403.0,4.0,7.88,4.0,77.4480303350526,0.896291234557142,0.6254105729852457,19.7,-7.0
2023-11-10,361.0,0.5,7.09,0.5,66.3308257847947,0.7676339536932133,0.6387494220515268,17.725,-42.0
2023-11-11,316.0,0.5,6.47,0.5,56.881201917075494,0.6582752649588741,0.6518989958787125,16.175,-45.0
2023-11-12,280.0,3.4,6.4,3.4,51.74902162951417,0.5988815245886137,0.6648553979642867,16.0,-36.0
2023-11-13,266.0,4.6,5.31,4.6,48.586668385087044,0.5622842156410349,0.6776147890466887,13.274999999999999,-14.0
2023-11-14,265.0,0.0,3.25,0.0,41.298668127323985,0.4779415832948796,0.690173388242972,8.125,-1.0
2023-11-15,237.0,0.0,1.77,0.0,35.10386790822539,0.4062503458006477,0.7025274741691566,4.425,-28.0
2023-11-16,201.0,0.0,0.28,0.0,29.83828772199158,0.3453127939305506,0.7146733860429608,0.7000000000000001,-36.0
2023-11-17,177.0,0.0,-0.04,0.0,25.362544563692843,0.29351587484096797,0.726607524768565,0.0,-24.0
2023-11-18,168.0,0.0,-0.71,0.0,21.558162879138916,0.24948849361482275,0.7383263540031063,0.0,-9.0
2023-11-19,152.0,0.0,-0.17,0.0,18.32443844726808,0.21206521957259936,0.749826401204568,0.0,-16.0
2023-11-20,141.0,0.0,0.05,0.0,15.575772680177867,0.18025543663670945,0.7611042586607742,0.125,-11.0
2023-11-21,139.0,0.0,-1.8,0.0,13.239406778151187,0.15321712114120303,0.7721565844991641,0.0,-2.0
2023-11-22,131.0,5.0,-2.68,5.0,16.25349576142851,0.18809859616645008,0.7829801036770625,0.0,-8.0
2023-11-23,196.0,33.3,6.13,33.3,47.11547139721423,0.5452583344296896,0.7935716089521472,15.325,65.0
2023-11-24,358.0,3.6,3.06,3.6,43.648150687632096,0.505131695366664,0.8039279618328208,7.65,162.0
2023-11-25,332.0,0.9,-1.35,0.9,38.00092808448728,0.4397774688370213,0.8140460935082175,0.0,-26.0
2023-11-26,282.0,0.3,-6.27,0.3,32.60078887181418,0.3772826911032537,0.8239230057575536,0.0,-50.0
2023-11-27,230.0,0.1,-7.8,0.1,27.810670541042054,0.3218475683016942,0.8335557718385695,0.0,-52.0
2023-11-28,188.0,10.4,-3.63,10.4,34.039069959885744,0.3939276429050092,0.8429415373547832,0.0,-42.0
2023-11-29,170.0,0.0,-5.4,0.0,28.93320946590288,0.3348384964692578,0.8520775211013093,0.0,-18.0
2023-11-30,149.0,1.6,-6.18,1.6,26.19322804601745,0.3031292158217259,0.8609610158889945,0.0,-21.0
2023-12-01,145.0,3.5,-1.52,3.5,25.76424383911483,0.2981646636859663,0.8695893893466109,0.0,-4.0
2023-12-02,136.0,0.1,-3.08,0.1,21.999607263247604,0.25459724499699987,0.8779600847008883,0.0,-9.0
2023-12-03,133.0,4.0,-3.86,4.0,22.699666173760463,0.26269889280459185,0.8860706215341377,0.0,-3.0
2023-12-04,128.0,6.9,-2.62,6.9,26.19471624769639,0.30314643849497297,0.893918596519257,0.0,-5.0
2023-12-05,129.0,0.0,-2.74,0.0,22.26550881054193,0.257674472720727,0.9015016841318838,0.0,1.0
2023-12-06,133.0,0.0,-5.94,0.0,18.92568248896064,0.21902330181261795,0.9088176373395028,0.0,4.0
2023-12-07,129.0,0.5,-3.06,0.5,16.586830115616543,0.19195621086036802,0.9158642882672868,0.0,-4.0
2023-12-08,127.0,1.0,-4.88,1.0,15.098805598274062,0.1747355878705983,0.9226395488404875,0.0,-2.0
2023-12-09,121.0,0.0,-4.35,0.0,12.833984758532953,0.14852524969000855,0.9291414114031743,0.0,-6.0
2023-12-10,120.0,0.6,-1.94,0.6,11.50888704475301,0.13319014742007856,0.935367949313148,0.0,-1.0
2023-12-11,133.0,2.3,-0.81,2.3,12.082553988040058,0.13982908517742343,0.941317317512847,0.0,13.0
2023-12-12,137.0,0.0,-0.48,0.0,10.270170889834048,0.11885472240080991,0.946987753076075,0.0,4.0
2023-12-13,133.0,0.0,-0.62,0.0,8.72964525635894,0.10102651404068841,0.9523775757303973,0.0,-4.0
2023-12-14,130.0,0.0,-1.03,0.0,7.4201984679051,0.08587253693458516,0.9574851883550389,0.0,-3.0
2023-12-15,139.0,2.9,-0.24,2.9,9.207168697719334,0.10655280144832531,0.9623090774541487,0.0,9.0
2023-12-16,150.0,2.3,5.12,2.3,10.126093393061433,0.11718734110143315,0.9668478136052773,12.8,11.0
2023-12-17,277.0,4.4,7.17,4.4,13.00717938410222,0.1505295979490744,0.9711000518829505,17.925,127.0
2023-12-18,360.0,4.0,6.77,4.0,15.056102476486886,0.17424139281385523,0.9750645322571945,16.924999999999997,83.0
2023-12-19,358.0,8.1,6.81,8.1,20.89768710501385,0.24184493386998945,0.9787400799669153,17.025,-2.0
2023-12-20,344.0,14.1,4.24,14.1,31.86303403926177,0.3687447956034165,0.9821256058680006,10.600000000000001,-14.0
2023-12-21,346.0,15.0,3.17,15.0,42.08357893337251,0.4870252058521865,0.9852201067560606,7.925,2.0
2023-12-22,381.0,15.2,2.43,15.2,50.971042093366634,0.5898781162914981,0.9880226656636976,6.075,35.0
2023-12-23,400.0,12.0,1.7,12.0,55.32538577936164,0.6402701025191994,0.9905324521322227,4.25,19.0
2023-12-24,391.0,2.6,0.65,2.6,49.62657791245739,0.5743188896034618,0.9927487224577402,1.625,-9.0
2023-12-25,361.0,8.6,5.39,8.6,50.78259122558878,0.5876972104607978,0.9946708199115211,13.475,-30.0
2023-12-26,361.0,4.8,3.36,4.8,47.96520254175046,0.5550921103602484,0.9962981749346077,8.4,0.0
2023-12-27,348.0,0.0,2.4,0.0,40.77042216048789,0.47182829380621116,0.9976303053065857,6.0,-13.0
2023-12-28,309.0,1.3,2.74,1.3,35.9548588364147,0.4160987009663506,0.9986668162884759,6.8500000000000005,-39.0
2023-12-29,287.0,11.6,6.27,11.6,42.16163001095249,0.4879284760371097,0.9994074007397048,15.674999999999999,-22.0
2023-12-30,328.0,3.6,5.03,3.6,39.43738550930962,0.4564013157329711,0.9998518392091162,12.575000000000001,41.0
2023-12-31,318.0,0.2,1.74,0.2,33.72177768291318,0.3902556801008825,1.0,4.35,-10.0
2024-01-01,281.0,0.0,-1.42,0.0,28.6635110304762,0.33171732808575016,0.9998518392091162,0.0,-37.0
2024-01-02,241.0,0.0,-7.35,0.0,24.36398437590477,0.2819597288728876,0.9994074007397048,0.0,-40.0
2024-01-03,198.0,0.0,-9.86,0.0,20.709386719519056,0.23966576954195448,0.998666816288476,0.0,-43.0
2024-01-04,173.0,1.7,-11.7,1.7,19.302978711591198,0.22338967879744667,0.9976303053065857,0.0,-25.0
2024-01-05,177.0,0.9,-8.63,0.9,17.307531904852517,0.2002967547531866,0.9962981749346078,0.0,4.0
2024-01-06,149.0,0.0,-8.16,0.0,14.711402119124639,0.1702522415402086,0.9946708199115211,0.0,-28.0
2024-01-07,146.0,0.0,-17.16,0.0,12.504691801255943,0.1447144053091773,0.9927487224577402,0.0,-3.0
2024-01-08,141.0,0.0,-15.44,0.0,10.628988031067552,0.12300724451280072,0.9905324521322229,0.0,-5.0
2024-01-09,142.0,1.4,0.76,1.4,10.43463982640742,0.12075808993088032,0.9880226656636976,1.9,1.0
2024-01-10,144.0,0.8,2.3,0.8,9.669443852446307,0.11190262335267666,0.9852201067560606,5.75,2.0
2024-01-11,147.0,0.0,0.51,0.0,8.21902727457936,0.09511722984977516,0.9821256058680006,1.275,3.0
2024-01-12,147.0,2.3,-1.21,2.3,9.286173183392457,0.10746710524266553,0.9787400799669153,0.0,0.0
2024-01-13,146.0,1.4,-4.6,1.4,9.293247205883588,0.1075489715512654,0.9750645322571948,0.0,-1.0
2024-01-14,145.0,3.8,0.33,3.8,11.69926012500105,0.13539329864786048,0.9711000518829505,0.8250000000000001,-1.0
2024-01-15,146.0,10.9,0.19,10.9,20.844371106250893,0.24122791801889334,0.9668478136052775,0.475,1.0
2024-01-16,149.0,1.8,-7.64,1.8,19.51771544031326,0.22587478586677326,0.9623090774541486,0.0,3.0
2024-01-17,144.0,0.0,-7.63,0.0,16.59005812426627,0.19199356798675726,0.9574851883550393,0.0,-5.0
2024-01-18,142.0,0.1,-2.31,0.1,14.201549405626329,0.1643518136526722,0.9523775757303974,0.0,-2.0
2024-01-19,142.0,6.1,-0.36,6.1,18.17131699478238,0.2102931743044129,0.9469877530760753,0.0,0.0
2024-01-20,142.0,2.2,-1.89,2.2,17.64561944556502,0.20420937716517906,0.9413173175128471,0.0,0.0
2024-01-21,141.0,0.0,-2.11,0.0,14.998776528730268,0.1735779705904022,0.9353679493131483,0.0,-1.0
2024-01-22,143.0,7.0,1.92,7.0,19.748960049420727,0.22855093547684036,0.9291414114031743,4.8,2.0
2024-01-23,211.0,0.0,3.98,0.0,16.78661604200762,0.1942682951553143,0.9226395488404876,9.95,68.0
2024-01-24,324.0,19.8,3.51,19.8,34.06862363570647,0.39426966193986995,0.9158642882672872,8.774999999999999,113.0
2024-01-25,393.0,1.7,1.96,1.7,30.6583300903505,0.3548029873356748,0.9088176373395029,4.9,69.0
2024-01-26,343.0,0.5,0.11,0.5,26.559580576797924,0.3073689435549663,0.901501684131884,0.275,-50.0
2024-01-27,279.0,1.1,0.8,1.1,23.675643490278237,0.2739936915249354,0.893918596519257,2.0,-64.0
2024-01-28,233.0,0.0,2.72,0.0,20.1242969667365,0.23289463779619513,0.886070621534138,6.800000000000001,-46.0
2024-01-29,210.0,0.0,2.24,0.0,17.105652421726028,0.19796044212676586,0.8779600847008882,5.6000000000000005,-23.0
2024-01-30,199.0,0.0,2.03,0.0,14.539804558467123,0.168266375807751,0.869589389346611,5.074999999999999,-11.0
2024-01-31,187.0,2.2,3.59,2.2,14.558833874697054,0.16848659844301642,0.8609610158889943,8.975,-12.0
2024-02-01,216.0,3.1,3.35,3.1,15.475008793492496,0.179089315458349,0.8520775211013093,8.375,29.0
2024-02-02,235.0,9.9,2.74,9.9,23.053757474468622,0.2667967236685231,0.8429415373547828,6.8500000000000005,19.0
2024-02-03,272.0,0.3,5.18,0.3,19.89569385329833,0.2302490577100303,0.8335557718385699,12.95,37.0
2024-02-04,284.0,1.7,3.92,1.7,18.61133977530358,0.21538547374031108,0.8239230057575542,9.8,12.0
2024-02-05,268.0,0.0,2.41,0.0,15.819638809008042,0.1830776526792644,0.8140460935082178,6.025,-16.0
2024-02-06,246.0,4.3,-0.12,4.3,17.746692987656836,0.2053790819263024,0.8039279618328213,0.0,-22.0
2024-02-07,210.0,0.0,-0.68,0.0,15.08468903950831,0.17457221963735703,0.7935716089521474,0.0,-36.0
2024-02-08,191.0,8.5,-1.19,8.5,21.321985683582064,0.24675526012568022,0.7829801036770629,0.0,-19.0
2024-02-09,173.0,0.2,-1.55,0.2,18.323687831044754,0.21205653283468529,0.7721565844991642,0.0,-18.0
2024-02-10,141.0,3.3,-1.57,3.3,18.87513465638804,0.21843832141912464,0.7611042586607747,0.0,-32.0
2024-02-11,165.0,1.4,0.91,1.4,17.443864457929834,0.2018745053012556,0.7498264012045686,2.275,24.0
2024-02-12,182.0,2.1,2.01,2.1,16.92728478924036,0.19589622764856685,0.7383263540031065,5.0249999999999995,17.0
2024-02-13,282.0,2.5,2.73,2.5,16.888192070854306,0.19544381509949554,0.7266075247685656,6.825,100.0
2024-02-14,298.0,0.8,3.61,0.8,15.15496326022616,0.1753854897459996,0.7146733860429609,9.025,16.0
2024-02-15,269.0,1.8,4.31,1.8,14.681718771192235,0.16990872183481356,0.702527474169157,10.774999999999999,-29.0
2024-02-16,240.0,2.5,7.91,2.5,14.9794609555134,0.17335443515780527,0.6901733882429719,19.775,-29.0
2024-02-17,239.0,6.6,4.05,6.6,19.33254181218639,0.22373180690341876,0.6776147890466889,10.125,-1.0
2024-02-18,244.0,0.0,0.82,0.0,16.43266054035843,0.19017203586790593,0.6648553979642865,2.05,5.0
2024-02-19,214.0,2.5,0.69,2.5,16.467761459304665,0.1905782520859338,0.6518989958787126,1.7249999999999999,-30.0
2024-02-20,186.0,0.1,0.86,0.1,14.097597240408964,0.16314879513697225,0.6387494220515272,2.15,-28.0
2024-02-21,178.0,7.7,3.4,7.7,19.682957654347618,0.22778710238892472,0.6254105729852463,8.5,-8.0
2024-02-22,213.0,0.8,5.45,0.8,17.530514006195475,0.2028772839420144,0.6118864012687243,13.625,35.0
2024-02-23,219.0,6.2,5.7,6.2,21.100936905266153,0.24419710491428231,0.5981809144059164,14.25,6.0
2024-02-24,230.0,9.3,5.05,9.3,27.23579636947623,0.3151946595224951,0.5842981736283683,12.625,11.0
2024-02-25,257.0,0.0,5.16,0.0,23.150426914054794,0.2679154605941208,0.5702422926917871,12.9,27.0
2024-02-26,227.0,0.7,4.74,0.7,20.377862876946573,0.23582910755250253,0.5560174366570446,11.850000000000001,-30.0
2024-02-27,191.0,0.3,5.74,0.3,17.621183445404586,0.20392658401141278,0.5416278206559814,14.350000000000001,-36.0
2024-02-28,170.0,0.6,3.97,0.6,15.578005928593898,0.18028128159327217,0.5270777086423722,9.925,-21.0
2024-02-29,162.0,0.0,2.48,0.0,13.241305039304812,0.15323908935428132,0.5123714121284237,6.2,-8.0
2024-03-01,150.0,0.0,7.58,0.0,11.255109283409091,0.13025322595113914,0.49751328890718066,18.95,-12.0
2024-03-02,136.0,0.0,6.52,0.0,9.566842890897727,0.11071524205846826,0.48250774176121847,16.299999999999997,-14.0
2024-03-03,135.0,0.0,5.79,0.0,8.131816457263067,0.09410795574969802,0.46735921715800227,14.475,-1.0
2024-03-04,130.0,0.0,2.58,0.0,6.912043988673607,0.0799917623872433,0.45207220393230435,6.45,-5.0
2024-03-05,126.0,0.0,3.2,0.0,5.875237390372566,0.06799299802915681,0.43665123195606403,8.0,-4.0
2024-03-06,132.0,0.0,1.16,0.0,4.993951781816681,0.05779404832478329,0.4211008707960896,2.9,6.0
2024-03-07,117.0,0.0,-0.61,0.0,4.244859014544178,0.04912494107606579,0.40542572835999735,0.0,-15.0
2024-03-08,113.0,0.4,-1.25,0.4,4.008130162362551,0.04638532337037012,0.38963044953078796,0.0,-4.0
2024-03-09,119.0,0.0,-1.58,0.0,3.4069106380081684,0.0394275248648146,0.37371971479046906,0.0,6.0
2024-03-10,119.0,0.0,0.9,0.0,2.895874042306943,0.0335133961350924,0.35769823883312546,2.25,0.0
2024-03-11,116.0,0.0,3.05,0.0,2.4614929359609015,0.028486386714828546,0.3415707691678556,7.625,-3.0
2024-03-12,121.0,3.4,2.04,3.4,5.492268995566766,0.06356097808117496,0.3253420847119801,5.1,5.0
2024-03-13,121.0,0.8,3.43,0.8,5.468428646231751,0.0632850782804271,0.30901699437494745,8.575000000000001,0.0
2024-03-14,117.0,0.0,6.51,0.0,4.648164349296988,0.05379231653836304,0.29260033563334836,16.275,-4.0
2024-03-15,114.0,0.0,8.52,0.0,3.9509396969024397,0.04572346905760858,0.27609697309746883,21.299999999999997,-3.0
2024-03-16,115.0,4.8,6.97,4.8,8.158298742367073,0.09441443016753767,0.2595117970697999,17.425,1.0
2024-03-17,116.0,0.6,2.18,0.6,7.534553931012011,0.08719595082597831,0.2428497220959356,5.45,1.0
2024-03-18,118.0,0.1,0.89,0.1,6.504370841360209,0.07527383906601011,0.22611568550828828,2.225,2.0
2024-03-19,125.0,0.0,0.92,0.0,5.528715215156177,0.06398276320610859,0.20931464596304847,2.3000000000000003,7.0
2024-03-20,126.0,0.0,1.91,0.0,4.6994079328827505,0.054385348725192295,0.19245158197082998,4.7749999999999995,1.0
2024-03-21,119.0,4.7,4.77,4.7,8.694496742950339,0.1006197470210553,0.1755314904214282,11.924999999999999,-7.0
2024-03-22,120.0,11.4,4.34,11.4,18.790322231507787,0.21745680345575166,0.15855938510313478,10.85,1.0
2024-03-23,136.0,0.0,4.66,0.0,15.971773896781619,0.1848382829373889,0.141540295217043,11.65,16.0
2024-03-24,169.0,1.3,3.64,1.3,14.876007812264376,0.17215719172785174,0.12447926388678915,9.1,33.0
2024-03-25,161.0,0.3,4.2,0.3,12.94460664042472,0.14980545556045963,0.10738134666416309,10.5,-8.0
2024-03-26,155.0,0.1,5.1,0.1,11.102915644361012,0.12849191809031923,0.09025161003104117,12.75,-6.0
2024-03-27,135.0,0.0,9.62,0.0,9.43747829770686,0.10921813037677135,0.07309512989807777,24.049999999999997,-20.0
2024-03-28,134.0,4.9,11.47,4.9,12.921856553050832,0.1495421731527546,0.055916990100603484,28.675,-1.0
2024-03-29,134.0,1.9,7.54,1.9,12.883578070093208,0.14909918359448385,0.03872228089217446,18.85,0.0
2024-03-30,134.0,0.4,10.77,0.4,11.351041359579227,0.13136342951102548,0.021516097436222254,26.924999999999997,0.0
2024-03-31,132.0,0.1,15.04,0.1,9.748385155642342,0.1128161959483002,0.004303538296244289,37.599999999999994,-2.0
2024-04-01,129.0,0.3,13.62,0.3,8.586127382295992,0.09936560914784083,-0.01291029607500882,34.05,-3.0
2024-04-02,128.0,2.1,8.22,2.1,9.398208274951593,0.10876366591816425,-0.030120304846908114,20.55,-1.0
2024-04-03,133.0,2.7,2.06,2.7,10.688477033708853,0.12369569935651045,-0.04732138832243185,5.15,5.0
2024-04-04,127.0,0.5,3.72,0.5,9.585205478652526,0.11092774877267664,-0.06450844944931623,9.3,-6.0
2024-04-05,126.0,2.3,6.81,2.3,10.447424656854647,0.12090604632713178,-0.08167639533042241,17.025,-1.0
2024-04-06,129.0,8.3,6.59,8.3,17.18031095832645,0.19882445108413166,-0.09882013873287143,16.475,3.0
2024-04-07,129.0,0.0,10.26,0.0,14.603264314577483,0.16900078342151192,-0.11593459959550041,25.65,0.0
2024-04-08,144.0,0.1,11.18,0.1,12.512774667390861,0.14480794677221367,-0.1330147065341959,27.95,15.0
2024-04-09,134.0,0.0,17.66,0.0,10.635858467282231,0.12308675475638162,-0.1500553983446526,44.15,-10.0
2024-04-10,131.0,0.0,9.19,0.0,9.040479697189896,0.10462374154292438,-0.16705162550211924,22.974999999999998,-3.0
2024-04-11,122.0,0.3,8.75,0.3,7.9844077426114115,0.09240202290327136,-0.18399835165768005,21.875,-9.0
2024-04-12,121.0,8.3,7.34,8.3,15.0867465812197,0.17459603117385028,-0.20089055513063506,18.35,-1.0
2024-04-13,134.0,3.3,7.63,3.3,16.123734594036744,0.1865968950074149,-0.21772323039653177,19.075,13.0
2024-04-14,143.0,4.4,8.17,4.4,18.105174404931233,0.20952771876915885,-0.23449138957040985,20.425,9.0
2024-04-15,165.0,0.0,5.25,0.0,15.389398244191549,0.17809856095378504,-0.25119006388481935,13.125,22.0
2024-04-16,155.0,0.0,6.08,0.0,13.080988507562816,0.15138377681071727,-0.2678143051621742,15.2,-10.0
2024-04-17,140.0,0.1,4.96,0.1,11.218840231428393,0.12983349115303822,-0.2843591872810034,12.4,-15.0
2024-04-18,135.0,0.1,4.82,0.1,9.636014196714134,0.11151574834401104,-0.30081980763566735,12.05,-5.0
2024-04-19,128.0,0.4,4.09,0.4,8.590612067207013,0.09941750954812358,-0.3171912885891061,10.225,-7.0
2024-04-20,124.0,0.0,2.71,0.0,7.302020257125961,0.08450488311590504,-0.3334687789181868,6.775,-4.0
2024-04-21,124.0,0.0,2.8,0.0,6.206717218557067,0.07182915064851927,-0.3496474552512284,7.0,0.0
2024-04-22,123.0,8.0,1.11,8.0,13.275709635773506,0.15363724716552535,-0.36572252349726897,2.7750000000000004,-1.0
2024-04-23,132.0,1.0,2.3,1.0,12.28435319040748,0.14216446872998204,-0.3816892202666588,5.75,9.0
2024-04-24,156.0,1.2,5.4,1.2,11.641700211846356,0.1347271687876273,-0.39754281428255595,13.5,24.0
2024-04-25,158.0,0.0,4.11,0.0,9.895445180069402,0.1145180934694832,-0.4132786077829042,10.275,2.0
2024-04-26,149.0,0.0,6.51,0.0,8.41112840305899,0.09734037944906071,-0.4288919379124835,16.275,-9.0
2024-04-27,136.0,0.0,11.37,0.0,7.149459142600142,0.0827393225317016,-0.4443781781046132,28.424999999999997,-13.0
2024-04-28,125.0,0.0,15.31,0.0,6.07704027121012,0.07032842415194637,-0.45973273945210397,38.275,-11.0
2024-04-29,128.0,0.0,16.08,0.0,5.165484230528602,0.059779160529154406,-0.47495107206704995,40.199999999999996,3.0
2024-04-30,116.0,0.0,17.61,0.0,4.390661595949311,0.05081228644978124,-0.49002866642905923,44.025,-12.0
2024-05-01,111.0,0.0,18.17,0.0,3.732062356556914,0.04319044348231405,-0.5049610547215204,45.425000000000004,-5.0
2024-05-02,120.0,0.0,17.45,0.0,3.172253003073377,0.036711876959966944,-0.5197438121555155,43.625,9.0
2024-05-03,120.0,0.0,15.68,0.0,2.6964150526123705,0.0312050954159719,-0.5343725582809787,39.2,0.0
2024-05-04,119.0,0.0,14.75,0.0,2.291952794720515,0.026524331103576118,-0.548842958284719,36.875,-1.0
2024-05-05,115.0,0.3,15.76,0.3,2.2481598755124375,0.026017524029825347,-0.5631507242749186,39.4,-4.0
2024-05-06,112.0,20.8,10.76,20.8,22.71093589418557,0.2628293151224899,-0.5772916165517272,26.9,-3.0
2024-05-07,120.0,0.0,7.49,0.0,19.304295510057734,0.2234049178541164,-0.5912614448635781,18.725,8.0
2024-05-08,118.0,0.0,7.88,0.0,16.408651183549075,0.18989418017599896,-0.6050560696488488,19.7,-2.0
2024-05-09,112.0,3.9,8.62,3.9,17.847353506016713,0.20654400684281254,-0.6186714032625031,21.549999999999997,-6.0
2024-05-10,114.0,3.6,8.9,3.6,18.770250480114207,0.21722451691781847,-0.6321034111873487,22.25,2.0
2024-05-11,108.0,0.0,8.41,0.0,15.954712908097076,0.1846408393801457,-0.6453481132295501,21.025,-6.0
2024-05-12,107.0,0.0,8.53,0.0,13.561505971882514,0.15694471347312383,-0.6584015846980488,21.325,-1.0
2024-05-13,112.0,0.0,12.02,0.0,11.527280076100137,0.13340300645215525,-0.6712599575675313,30.049999999999997,5.0
2024-05-14,115.0,0.0,15.22,0.0,9.798188064685116,0.11339255548433196,-0.6839194216246106,38.050000000000004,3.0
2024-05-15,108.0,0.0,14.73,0.0,8.328459854982349,0.09638367216168217,-0.6963762255968722,36.825,-7.0
2024-05-16,105.0,0.0,15.09,0.0,7.079190876734996,0.08192612133742984,-0.7086266782644596,37.725,-3.0
2024-05-17,104.0,0.0,16.37,0.0,6.017312245224747,0.06963720313681536,-0.7206671495538609,40.925000000000004,-1.0
2024-05-18,104.0,2.9,17.32,2.9,8.014715408441035,0.09275276772022101,-0.7324940716135789,43.3,0.0
2024-05-19,104.0,0.0,19.15,0.0,6.812508097174879,0.07883985256218785,-0.7441039398713607,47.875,0.0
2024-05-20,106.0,11.0,17.57,11.0,16.790631882598646,0.19431476971000014,-0.7554933140726803,43.925,2.0
2024-05-21,107.0,0.0,18.41,0.0,14.272037100208848,0.1651675542535001,-0.766658819300159,46.025,1.0
2024-05-22,105.0,0.0,19.79,0.0,12.131231535177522,0.1403924211154751,-0.777597146973627,49.474999999999994,-2.0
2024-05-23,103.0,0.3,20.66,0.3,10.611546804900893,0.12280540053993948,-0.7883050558305255,51.65,-2.0
2024-05-24,103.0,0.1,22.91,0.1,9.119814784165758,0.1055418713228771,-0.7987793728863649,57.275,0.0
2024-05-25,104.0,6.2,21.14,6.2,13.951842566540893,0.1614620041880156,-0.8090169943749473,52.85,1.0
2024-05-26,104.0,0.0,20.3,0.0,11.85906618155976,0.13724270355981327,-0.8190148866680801,50.75,0.0
2024-05-27,103.0,0.0,22.23,0.0,10.080206254325795,0.11665629802584127,-0.8287700871745037,55.575,-1.0
2024-05-28,103.0,0.0,22.27,0.0,8.568175316176925,0.09915785332196507,-0.8382797052177743,55.675,0.0
2024-05-29,103.0,0.3,18.26,0.3,7.582949018750385,0.08775601791545595,-0.8475409228928311,45.650000000000006,0.0
2024-05-30,103.0,0.4,19.53,0.4,6.845506665937828,0.07922173868385175,-0.8565509959010036,48.825,0.0
2024-05-31,108.0,0.2,19.74,0.2,6.018680666047154,0.0696530396091311,-0.865307254363206,49.349999999999994,5.0
2024-06-01,105.0,0.0,18.77,0.0,5.115878566140081,0.059205083667761435,-0.8738071036110808,46.925,-3.0
2024-06-02,109.0,18.9,17.81,18.9,23.248496781219067,0.2690504044000931,-0.8820480249558537,44.525,4.0
2024-06-03,124.0,0.0,17.75,0.0,19.761222264036206,0.22869284374007914,-0.8900275764346767,44.375,15.0
2024-06-04,125.0,0.0,16.07,0.0,16.797038924430776,0.19438891717906728,-0.8977433935342337,40.175,1.0
2024-06-05,116.0,0.1,17.25,0.1,14.377483085766158,0.1663878604661357,-0.9051931898913974,43.125,-9.0
2024-06-06,108.0,1.3,15.34,1.3,13.520860622901235,0.15647433262728652,-0.9123747579707273,38.35,-8.0
2024-06-07,105.0,0.0,14.35,0.0,11.49273152946605,0.13300318273319353,-0.9192859697186104,35.875,-3.0
2024-06-08,106.0,5.7,15.01,5.7,15.468821800046143,0.17901771456714186,-0.9259247771938498,37.525,1.0
2024-06-09,109.0,14.3,13.99,14.3,27.448498530039224,0.3176562209238532,-0.9322892131745133,34.975,3.0
2024-06-10,112.0,16.9,13.52,16.9,40.23122375053334,0.4655882537892001,-0.9383773917408641,33.8,3.0
2024-06-11,110.0,2.8,13.4,2.8,36.996540187953336,0.4281538799108195,-0.9441875088341993,33.5,-2.0
2024-06-12,107.0,1.0,13.72,1.0,32.447059159760336,0.3755036065634821,-0.9497178427914316,34.300000000000004,-3.0
2024-06-13,111.0,2.0,13.23,2.0,29.580000285796284,0.34232368285753073,-0.9549667548552551,33.075,4.0
2024-06-14,114.0,0.0,12.92,0.0,25.143000242926842,0.2909751304289011,-0.9599326896597447,32.3,3.0
2024-06-15,107.0,0.0,17.78,0.0,21.371550206487814,0.24732886086456596,-0.9646141756912435,44.45,-7.0
2024-06-16,104.0,0.4,18.61,0.4,18.56581767551464,0.21485865519059524,-0.9690098257244062,46.525,-3.0
2024-06-17,104.0,0.0,17.63,0.0,15.780945024187444,0.18262985691200595,-0.9731183372332619,44.074999999999996,0.0
2024-06-18,103.0,0.0,17.93,0.0,13.413803270559328,0.15523537837520504,-0.9769384927771817,44.825,-1.0
2024-06-19,103.0,3.8,14.5,3.8,15.201732779975426,0.17592674444820916,-0.980469160361632,36.25,0.0
2024-06-20,103.0,0.0,15.24,0.0,12.921472862979112,0.1495377327809778,-0.9837092937736097,38.1,0.0
2024-06-21,102.0,0.0,15.99,0.0,10.983251933532244,0.1271070728638311,-0.986657932891657,39.975,-1.0
2024-06-22,102.0,3.0,16.6,3.0,12.335764143502407,0.14275943785211292,-0.9893142039703663,41.5,0.0
2024-06-23,104.0,7.9,15.03,7.9,18.385399521977046,0.21277071042465143,-0.99167731989929,37.574999999999996,2.0
2024-06-24,103.0,0.0,16.88,0.0,15.627589593680488,0.1808551038609537,-0.993746580436178,42.199999999999996,-1.0
2024-06-25,102.0,0.0,19.09,0.0,13.283451154628414,0.15372683828181063,-0.9955213724144752,47.725,-1.0
2024-06-26,102.0,0.0,21.69,0.0,11.290933481434152,0.13066781253953905,-0.9970011699250151,54.225,0.0
2024-06-27,101.0,0.0,24.27,0.0,9.59729345921903,0.11106764065860819,-0.9981855344718586,60.675,-1.0
2024-06-28,101.0,4.2,25.13,4.2,12.357699440336177,0.14301329084481607,-0.99907411510223,62.824999999999996,0.0
2024-06-29,102.0,0.0,18.12,0.0,10.50404452428575,0.12156129721809365,-0.9996666485105112,45.300000000000004,1.0
2024-06-30,103.0,20.1,21.33,20.1,29.028437845642888,0.3359405562850181,-0.9999629591162655,53.324999999999996,1.0
2024-07-01,109.0,0.7,16.45,0.7,25.374172168796452,0.2936504388897652,-0.9999629591162655,41.125,6.0
2024-07-02,107.0,18.9,14.01,18.9,40.468046343476985,0.46832895633879634,-0.9996666485105112,35.025,-2.0
2024-07-03,110.0,2.3,15.32,2.3,36.69783939195543,0.4246970727583335,-0.99907411510223,38.3,3.0
2024-07-04,111.0,2.0,16.36,2.0,33.19316348316212,0.3841381291231544,-0.9981855344718586,40.9,1.0
2024-07-05,114.0,8.3,15.37,8.3,36.514188960687804,0.42257172146075095,-0.9970011699250151,38.425,3.0
2024-07-06,106.0,0.0,19.84,0.0,31.037060616584633,0.3591859632416383,-0.9955213724144752,49.6,-8.0
2024-07-07,105.0,1.5,17.78,1.5,27.881501524096937,0.3226672817143208,-0.9937465804361781,44.45,-1.0
2024-07-08,104.0,0.0,17.6,0.0,23.699276295482395,0.27426718945717266,-0.99167731989929,44.0,-1.0
2024-07-09,108.0,0.0,20.14,0.0,20.144384851160037,0.2331271110385968,-0.9893142039703664,50.35,4.0
2024-07-10,104.0,0.2,24.15,0.2,17.32272712348603,0.20047260611066434,-0.9866579328916572,60.375,-4.0
2024-07-11,104.0,6.9,20.63,6.9,21.624318054963126,0.25025409480513466,-0.9837092937736098,51.574999999999996,0.0
2024-07-12,110.0,0.0,18.83,0.0,18.380670346718656,0.21271598058436442,-0.9804691603616321,47.074999999999996,6.0
2024-07-13,109.0,16.3,19.55,16.3,31.923569794710858,0.3694453643170634,-0.9769384927771817,48.875,-1.0
2024-07-14,106.0,0.0,18.33,0.0,27.13503432550423,0.3140285596695039,-0.973118337233262,45.824999999999996,-3.0
2024-07-15,105.0,1.9,19.39,1.9,24.964779176678594,0.2889126121337207,-0.9690098257244063,48.475,-1.0
2024-07-16,105.0,9.5,24.13,9.5,30.720062300176803,0.35551740238687485,-0.9646141756912435,60.324999999999996,0.0
2024-07-17,106.0,0.0,19.81,0.0,26.112052955150283,0.3021897920288436,-0.9599326896597445,49.525,1.0
2024-07-18,103.0,0.0,18.51,0.0,22.19524501187774,0.2568613232245171,-0.9549667548552553,46.275000000000006,-3.0
2024-07-19,102.0,0.0,16.93,0.0,18.86595826009608,0.2183321247408395,-0.9497178427914317,42.325,-1.0
2024-07-20,112.0,0.0,18.17,0.0,16.036064521081666,0.18558230602971357,-0.9441875088341994,45.425000000000004,10.0
2024-07-21,104.0,0.0,18.48,0.0,13.630654842919416,0.15774496012525652,-0.9383773917408642,46.2,-8.0
2024-07-22,102.0,0.0,21.49,0.0,11.586056616481503,0.13408321610646803,-0.9322892131745134,53.724999999999994,-2.0
2024-07-23,101.0,3.1,18.91,3.1,12.948148124009277,0.14984644047228288,-0.9259247771938499,47.275,-1.0
2024-07-24,100.0,0.0,18.0,0.0,11.005925905407885,0.12736947440144045,-0.9192859697186105,45.0,-1.0
2024-07-25,99.0,0.2,18.42,0.2,9.555037019596702,0.11057861496908146,-0.9123747579707274,46.050000000000004,-1.0
2024-07-26,99.0,0.0,18.05,0.0,8.121781466657197,0.09399182272371925,-0.9051931898913975,45.125,0.0
2024-07-27,98.0,0.0,19.57,0.0,6.9035142466586175,0.07989304931516136,-0.8977433935342336,48.925,-1.0
2024-07-28,118.0,76.1,15.84,76.1,81.96798710965982,0.9485998293675134,-0.8900275764346766,39.6,20.0
2024-07-29,206.0,0.0,17.31,0.0,69.67278904321084,0.8063098549623864,-0.8820480249558535,43.275,88.0
2024-07-30,203.0,0.0,17.99,0.0,59.22187068672921,0.6853633767180284,-0.8738071036110807,44.974999999999994,-3.0
2024-07-31,160.0,0.0,18.09,0.0,50.33859008371983,0.5825588702103242,-0.8653072543632061,45.225,-43.0
2024-08-01,145.0,0.0,17.3,0.0,42.78780157116185,0.49517503967877546,-0.8565509959010037,43.25,-15.0
2024-08-02,123.0,0.0,16.75,0.0,36.36963133548757,0.4208987837269591,-0.8475409228928312,41.875,-22.0
2024-08-03,113.0,0.0,16.98,0.0,30.914186635164434,0.3577639661679152,-0.8382797052177745,42.45,-10.0
2024-08-04,105.0,0.0,17.97,0.0,26.27705863988977,0.30409937124272796,-0.828770087174504,44.925,-8.0
2024-08-05,106.0,15.7,17.76,15.7,38.03549984390631,0.44017756119310114,-0.8190148866680802,44.400000000000006,1.0
2024-08-06,105.0,0.0,18.09,0.0,32.33017486732036,0.37415092701413594,-0.8090169943749472,45.225,-1.0
2024-08-07,104.0,0.0,18.83,0.0,27.480648637222306,0.31802828796201554,-0.7987793728863648,47.074999999999996,-1.0
2024-08-08,104.0,0.0,20.55,0.0,23.358551341638957,0.27032404476771316,-0.7883050558305253,51.375,0.0
2024-08-09,110.0,4.3,19.78,4.3,24.154768640393115,0.2795385152014839,-0.7775971469736268,49.45,6.0
2024-08-10,108.0,4.5,19.04,4.5,25.031553344334146,0.289685376798046,-0.7666588193001592,47.599999999999994,-2.0
2024-08-11,104.0,0.0,18.23,0.0,21.276820342684022,0.24623257027833909,-0.7554933140726804,45.575,-4.0
2024-08-12,103.0,0.0,16.43,0.0,18.085297291281417,0.2092976847365882,-0.7441039398713608,41.075,-1.0
2024-08-13,102.0,0.0,17.64,0.0,15.372502697589205,0.17790303202609997,-0.7324940716135792,44.1,-1.0
2024-08-14,102.0,0.0,18.4,0.0,13.066627292950823,0.15121757722218496,-0.7206671495538615,46.0,0.0
2024-08-15,102.0,0.0,21.59,0.0,11.106633199008199,0.1285349406388572,-0.7086266782644601,53.975,0.0
2024-08-16,102.0,0.0,20.63,0.0,9.440638219156968,0.10925469954302862,-0.6963762255968726,51.574999999999996,0.0
2024-08-17,106.0,0.5,19.19,0.5,8.524542486283423,0.09865289893121708,-0.6839194216246105,47.975,4.0
2024-08-18,103.0,0.0,18.88,0.0,7.245861113340909,0.0838549640915345,-0.6712599575675315,47.199999999999996,-3.0
2024-08-19,102.0,0.0,18.02,0.0,6.158981946339773,0.07127671947780433,-0.6584015846980489,45.05,-1.0
2024-08-20,101.0,0.0,17.35,0.0,5.235134654388807,0.06058521155613368,-0.64534811322955,43.375,-1.0
2024-08-21,101.0,2.6,19.35,2.6,7.049864456230486,0.08158673228485593,-0.6321034111873488,48.375,0.0
2024-08-22,101.0,9.7,16.82,9.7,15.692384787795913,0.18160496624319686,-0.6186714032625032,42.05,0.0
2024-08-23,103.0,2.6,18.0,2.6,15.938527069626526,0.18445352376885962,-0.6050560696488494,45.0,2.0
2024-08-24,101.0,0.0,19.65,0.0,13.547748009182547,0.1567854952035307,-0.5912614448635782,49.125,-2.0
2024-08-25,100.0,0.0,21.16,0.0,11.515585807805165,0.13326767092300107,-0.5772916165517278,52.9,-1.0
2024-08-26,101.0,0.0,16.18,0.0,9.78824793663439,0.11327752028455092,-0.5631507242749187,40.45,1.0
2024-08-27,100.0,0.0,15.39,0.0,8.32001074613923,0.09628589224186826,-0.5488429582847199,38.475,-1.0
2024-08-28,100.0,0.0,17.67,0.0,7.072009134218345,0.08184300840558802,-0.5343725582809785,44.175000000000004,0.0
2024-08-29,105.0,0.0,21.3,0.0,6.011207764085594,0.06956655714474982,-0.5197438121555157,53.25,5.0
2024-08-30,111.0,0.7,24.25,0.7,5.809526599472755,0.0672325396205372,-0.5049610547215202,60.625,6.0
2024-08-31,120.0,13.9,16.28,13.9,18.83809760955184,0.21800969876352502,-0.4900286664290594,40.7,9.0
2024-09-01,110.0,0.0,14.81,0.0,16.012382968119066,0.18530824394899628,-0.4749510720670502,37.025,-10.0
2024-09-02,118.0,0.0,15.74,0.0,13.610525522901206,0.15751200735664683,-0.4597327394521046,39.35,8.0
2024-09-03,116.0,0.0,18.52,0.0,11.568946694466025,0.1338852062531498,-0.44437817810461344,46.3,-2.0
2024-09-04,108.0,0.0,21.35,0.0,9.83360469029612,0.11380242531517733,-0.4288919379124841,53.375,-8.0
2024-09-05,105.0,0.0,20.65,0.0,8.358563986751701,0.09673206151790072,-0.41327860778290443,51.625,-3.0
2024-09-06,104.0,0.0,20.05,0.0,7.104779388738946,0.08222225229021561,-0.3975428142825566,50.125,-1.0
2024-09-07,103.0,0.0,21.04,0.0,6.039062480428104,0.06988891444668327,-0.3816892202666586,52.599999999999994,-1.0
2024-09-08,103.0,0.0,20.3,0.0,5.1332031083638885,0.05940557727968078,-0.3657225234972692,50.75,0.0
2024-09-09,102.0,0.0,20.55,0.0,4.363222642109305,0.050494740687728655,-0.34964745525122826,51.375,-1.0
2024-09-10,106.0,13.6,16.07,13.6,17.308739245792907,0.2003107270788521,-0.33346877891818705,40.175,4.0
2024-09-11,105.0,0.0,16.65,0.0,14.71242835892397,0.1702641180170243,-0.31719128858910595,41.625,-1.0
2024-09-12,107.0,3.5,14.96,3.5,16.005564105085377,0.1852293305519699,-0.300819807635668,37.400000000000006,2.0
2024-09-13,107.0,0.1,16.68,0.1,13.704729489322569,0.15860221183310294,-0.2843591872810036,41.7,0.0
2024-09-14,122.0,32.1,16.35,32.1,43.749020065924185,0.506299037379202,-0.26781430516217486,40.875,15.0
2024-09-15,119.0,0.4,16.68,0.4,37.58666705603555,0.43498330522803585,-0.25119006388481957,41.7,-3.0
2024-09-16,114.0,0.0,18.87,0.0,31.94866699763022,0.3697358094438305,-0.23449138957041052,47.175000000000004,-5.0
2024-09-17,110.0,0.0,18.56,0.0,27.156366947985685,0.3142754380272559,-0.21772323039653224,46.4,-4.0
2024-09-18,107.0,0.0,17.81,0.0,23.08291190578783,0.26713412232316747,-0.20089055513063528,44.525,-3.0
2024-09-19,106.0,0.0,17.2,0.0,19.620475119919657,0.22706400397469237,-0.18399835165767986,43.0,-1.0
2024-09-20,105.0,0.0,16.22,0.0,16.677403851931707,0.1930044033784885,-0.1670516255021195,40.55,-1.0
2024-09-21,104.0,0.0,13.9,0.0,14.17579327414195,0.16405374287171523,-0.15005539834465262,34.75,-1.0
2024-09-22,104.0,0.0,12.71,0.0,12.049424283020658,0.13944568144095792,-0.13301470653419636,31.775000000000002,0.0
2024-09-23,108.0,0.0,15.47,0.0,10.242010640567559,0.11852882922481424,-0.11593459959550066,38.675000000000004,4.0
2024-09-24,112.0,0.0,17.3,0.0,8.705709044482425,0.10074950484109212,-0.09882013873287211,43.25,4.0
2024-09-25,113.0,0.0,16.54,0.0,7.3998526878100614,0.0856370791149283,-0.08167639533042288,41.349999999999994,1.0
2024-09-26,115.0,3.5,16.57,3.5,9.789874784638553,0.1132963474851883,-0.06450844944931625,41.425,2.0
2024-09-27,128.0,23.1,16.39,23.1,31.42139356694277,0.36363377492990506,-0.04732138832243232,40.975,13.0
2024-09-28,134.0,12.8,12.84,12.8,39.50818453190135,0.4572206592732736,-0.03012030484690836,32.1,6.0
2024-09-29,134.0,0.9,9.6,0.9,34.48195685211614,0.39905308815763946,-0.012910296075008843,24.0,0.0
2024-09-30,129.0,0.0,6.96,0.0,29.309663324298718,0.3391951249339935,0.004303538296243821,17.4,-5.0
2024-10-01,125.0,3.8,5.88,3.8,28.71321382565391,0.33229252902317935,0.021516097436222233,14.7,-4.0
2024-10-02,125.0,0.3,7.95,0.3,24.706231751805824,0.28592049226148814,0.03872228089217399,19.875,0.0
2024-10-03,124.0,1.6,9.08,1.6,22.600296989034952,0.2615489122451217,0.05591699010060302,22.7,-1.0
2024-10-04,127.0,0.0,8.34,0.0,19.21025244067971,0.22231657540835348,0.07309512989807776,20.85,3.0
2024-10-05,125.0,0.0,6.57,0.0,16.328714574577752,0.18896908909710045,0.0902516100310407,16.425,-2.0
2024-10-06,126.0,0.0,6.6,0.0,13.879407388391089,0.16062372573253536,0.10738134666416306,16.5,1.0
2024-10-07,112.0,0.0,7.53,0.0,11.797496280132425,0.13653016687265504,0.12447926388678869,18.825,-14.0
2024-10-08,109.0,0.0,11.15,0.0,10.02787183811256,0.11605064184175679,0.141540295217043,27.875,-3.0
2024-10-09,104.0,4.6,12.64,4.6,13.123691062395675,0.15187796530620654,0.15855938510313475,31.6,-5.0
2024-10-10,103.0,0.1,15.73,0.1,11.255137403036324,0.1302535513742041,0.17553149042142777,39.325,-1.0
2024-10-11,102.0,0.0,11.82,0.0,9.566866792580875,0.11071551866807348,0.19245158197082995,29.55,-1.0
2024-10-12,114.0,0.4,9.14,0.4,8.531836773693744,0.09873731432357667,0.20931464596304888,22.85,12.0
2024-10-13,130.0,3.3,7.93,3.3,10.552061257639682,0.12211698568468231,0.22611568550828803,19.825,16.0
2024-10-14,126.0,1.2,7.28,1.2,10.169252068993728,0.11768680819912254,0.2428497220959358,18.2,-4.0
2024-10-15,133.0,2.5,5.84,2.5,11.143864258644669,0.1289658085674679,0.25951179706979943,14.6,7.0
2024-10-16,129.0,0.0,4.81,0.0,9.472284619847969,0.10962093728234772,0.27609697309746883,12.024999999999999,-4.0
2024-10-17,129.0,0.0,7.69,0.0,8.051441926870773,0.09317779668999555,0.2926003356333479,19.225,0.0
2024-10-18,130.0,0.0,9.31,0.0,6.843725637840157,0.07920112718649622,0.30901699437494723,23.275000000000002,1.0
2024-10-19,130.0,0.0,8.95,0.0,5.817166792164133,0.06732095810852179,0.3253420847119795,22.375,0.0
2024-10-20,131.0,0.0,8.4,0.0,4.944591773339512,0.05722281439224351,0.341570769167856,21.0,1.0
2024-10-21,133.0,1.8,10.09,1.8,6.002903007338586,0.06947044778412088,0.35769823883312546,25.225,2.0
2024-10-22,143.0,2.1,12.4,2.1,7.2024675562377976,0.0833527787590023,0.3737197147904692,31.0,10.0
2024-10-23,140.0,0.0,11.53,0.0,6.122097422802128,0.07084986194515194,0.38963044953078774,28.825,-3.0
2024-10-24,142.0,0.0,11.65,0.0,5.203782809381808,0.06022238265337915,0.4054257283599973,29.125,2.0
2024-10-25,149.0,0.0,9.0,0.0,4.423215387974537,0.05118902525537228,0.42110087079608916,22.5,7.0
2024-10-26,145.0,0.7,7.84,0.7,4.459733079778356,0.05161163751456628,0.4366512319560638,19.6,-4.0
2024-10-27,145.0,1.0,10.6,1.0,4.790773117811603,0.05544270052666684,0.45207220393230374,26.5,0.0
2024-10-28,146.0,1.7,10.28,1.7,5.772157150139862,0.06680007013445216,0.46735921715800205,25.7,1.0
2024-10-29,147.0,1.1,9.44,1.1,6.006333577618882,0.06951014911749837,0.48250774176121763,23.599999999999998,1.0
2024-10-30,148.0,1.2,11.65,1.2,6.30538354097605,0.07297099711701621,0.4975132889071803,29.125,1.0
2024-10-31,148.0,4.7,10.48,4.7,10.059576009829641,0.1164175481541056,0.5123714121284235,26.200000000000003,0.0
2024-11-01,150.0,1.0,11.65,1.0,9.550639608355194,0.11052772457027525,0.5270777086423724,29.125,2.0
2024-11-02,150.0,0.0,6.15,0.0,8.118043667101915,0.09394856588473396,0.5416278206559811,15.375,0.0
2024-11-03,148.0,2.4,8.7,2.4,9.300337117036628,0.10763102173630908,0.5560174366570446,21.75,-2.0
2024-11-04,149.0,0.0,4.72,0.0,7.905286549481134,0.09148636847586271,0.5702422926917867,11.799999999999999,1.0
2024-11-05,152.0,0.5,8.95,0.5,7.219493567058963,0.08354981752412605,0.5842981736283683,22.375,3.0
2024-11-06,153.0,0.0,9.08,0.0,6.136569532000118,0.07101734489550714,0.5981809144059159,22.7,1.0
2024-11-07,156.0,0.4,8.13,0.4,5.616084102200101,0.06499386661689527,0.6118864012687242,20.325000000000003,3.0
2024-11-08,132.0,0.0,5.59,0.0,4.773671486870086,0.05524478662436098,0.6254105729852457,13.975,-24.0
2024-11-09,123.0,0.2,4.01,0.2,4.257620763839573,0.04927263035856393,0.6387494220515268,10.024999999999999,-9.0
2024-11-10,124.0,0.0,2.36,0.0,3.618977649263637,0.041881735804779344,0.6518989958787125,5.8999999999999995,1.0
2024-11-11,128.0,0.0,1.62,0.0,3.0761310018740917,0.035599475434062444,0.6648553979642867,4.050000000000001,4.0
2024-11-12,132.0,0.0,2.08,0.0,2.614711351592978,0.030259554118953078,0.6776147890466887,5.2,4.0
2024-11-13,127.0,0.3,1.92,0.3,2.522504648854031,0.029192463592895762,0.690173388242972,4.8,-5.0
2024-11-14,129.0,5.2,4.68,5.2,7.344128951525926,0.08499219897824598,0.7025274741691566,11.7,2.0
2024-11-15,130.0,0.2,7.15,0.2,6.442509608797037,0.07455793085936618,0.7146733860429608,17.875,1.0
2024-11-16,129.0,7.5,8.71,7.5,12.976133167477482,0.15017030602510248,0.726607524768565,21.775000000000002,-1.0
2024-11-17,145.0,17.4,7.23,17.4,28.429713192355855,0.3290116304449047,0.7383263540031063,18.075000000000003,16.0
2024-11-18,187.0,22.9,5.34,22.9,47.06525621350248,0.5446772037178069,0.749826401204568,13.35,42.0
2024-11-19,248.0,7.7,3.08,7.7,47.70546778147711,0.5520862496826343,0.7611042586607742,7.7,61.0
2024-11-20,305.0,11.4,3.92,11.4,51.94964761425554,0.6012033307180937,0.7721565844991641,9.8,57.0
2024-11-21,307.0,3.2,2.15,3.2,47.35720047211721,0.5480558187560933,0.7829801036770625,5.375,2.0
2024-11-22,275.0,13.6,0.82,13.6,53.85362040129963,0.6232376434369621,0.7935716089521472,2.05,-32.0
2024-11-23,235.0,3.6,2.46,3.6,49.37557734110469,0.5714141080228456,0.8039279618328208,6.15,-40.0
2024-11-24,187.0,0.0,1.2,0.0,41.96924073993898,0.48570199181941875,0.8140460935082175,3.0,-48.0
2024-11-25,184.0,0.1,5.77,0.1,35.773854628948136,0.4140039739104345,0.8239230057575536,14.424999999999999,-3.0
2024-11-26,233.0,5.5,7.16,5.5,35.907776434605914,0.4155538253399395,0.8335557718385695,17.9,49.0
2024-11-27,238.0,13.9,6.0,13.9,44.42160996941502,0.514082791625017,0.8429415373547832,15.0,5.0
2024-11-28,273.0,6.6,3.78,6.6,44.35836847400277,0.5133509099005488,0.8520775211013093,9.45,35.0
2024-11-29,274.0,0.1,4.07,0.1,37.80461320290236,0.437505554279395,0.8609610158889945,10.175,1.0
2024-11-30,243.0,0.0,5.73,0.0,32.133921222467,0.37187972113748574,0.8695893893466109,14.325000000000001,-31.0
2024-12-01,204.0,0.0,4.15,0.0,27.313833039096952,0.31609776296686287,0.8779600847008883,10.375,-39.0
2024-12-02,178.0,0.0,2.6,0.0,23.21675808323241,0.2686830985218335,0.8860706215341377,6.5,-26.0
2024-12-03,165.0,5.3,4.45,5.3,25.034244370747547,0.2897165195317716,0.893918596519257,11.125,-13.0
2024-12-04,162.0,2.3,0.05,2.3,23.579107715135414,0.2728765014723625,0.9015016841318838,0.125,-3.0
2024-12-05,158.0,3.2,2.11,3.2,23.2422415578651,0.26897801389722165,0.9088176373395028,5.2749999999999995,-4.0
2024-12-06,180.0,0.0,0.63,0.0,19.755905324185335,0.2286313118126384,0.9158642882672868,1.575,22.0
2024-12-07,175.0,0.0,-0.1,0.0,16.792519525557534,0.19433661504074265,0.9226395488404875,0.0,-5.0
2024-12-08,159.0,0.0,1.3,0.0,14.273641596723904,0.16518612278463124,0.9291414114031743,3.25,-16.0
2024-12-09,166.0,0.0,1.06,0.0,12.132595357215317,0.14040820436693655,0.935367949313148,2.6500000000000004,7.0
2024-12-10,143.0,0.0,-2.69,0.0,10.312706053633018,0.11934697371189605,0.941317317512847,0.0,-23.0
2024-12-11,145.0,0.0,1.26,0.0,8.765800145588065,0.10144492765511164,0.946987753076075,3.15,2.0
2024-12-12,138.0,0.0,0.67,0.0,7.450930123749854,0.08622818850684488,0.9523775757303973,1.675,-7.0
2024-12-13,128.0,0.3,-0.97,0.3,6.633290605187376,0.0767658028226038,0.9574851883550389,0.0,-10.0
2024-12-14,127.0,9.4,2.83,9.4,15.03829701440927,0.1740353336084969,0.9623090774541487,7.075,-1.0
2024-12-15,135.0,3.4,2.86,3.4,16.18255246224788,0.18727758294079308,0.9668478136052773,7.1499999999999995,8.0
2024-12-16,168.0,1.7,7.67,1.7,15.455169592910696,0.17885972018645943,0.9711000518829505,19.175,33.0
2024-12-17,173.0,0.0,5.71,0.0,13.136894153974092,0.1520307621584905,0.9750645322571945,14.275,5.0
2024-12-18,167.0,8.9,2.84,8.9,20.06636003087798,0.2322241447243579,0.9787400799669153,7.1,-6.0
2024-12-19,182.0,10.0,8.55,10.0,27.056406026246282,0.3131186094085592,0.9821256058680006,21.375,15.0
2024-12-20,252.0,2.7,4.75,2.7,25.69794512230934,0.29739740132334613,0.9852201067560606,11.875,70.0
2024-12-21,260.0,5.8,4.1,5.8,27.643253353962937,0.3199100812327001,0.9880226656636976,10.25,8.0
2024-12-22,265.0,13.2,4.1,13.2,36.696765350868496,0.42468464308636367,0.9905324521322227,10.25,5.0
2024-12-23,319.0,6.2,3.74,6.2,37.39225054823822,0.4327333601869792,0.9927487224577402,9.350000000000001,54.0
2024-12-24,315.0,0.7,1.87,0.7,32.48341296600249,0.3759243222064322,0.9946708199115211,4.675000000000001,-4.0
2024-12-25,270.0,2.4,4.96,2.4,30.010901021102114,0.34731041460975254,0.9962981749346077,12.4,-45.0
2024-12-26,237.0,3.8,5.81,3.8,29.309265867936798,0.33919052524757454,0.9976303053065857,14.524999999999999,-33.0
2024-12-27,225.0,1.2,4.83,1.2,26.11287598774628,0.30219931682758094,0.9986668162884759,12.075,-12.0
2024-12-28,207.0,2.4,4.6,2.4,24.595944589584334,0.28464416003772897,0.9994074007397048,11.5,-18.0
2024-12-29,194.0,1.7,5.29,1.7,22.60655290114668,0.26162131071885497,0.9998518392091162,13.225,-13.0
2024-12-30,191.0,12.5,5.98,12.5,31.71556996597468,0.36703822210209547,1.0,14.950000000000001,-3.0
2024-12-31,253.0,3.4,4.26,3.4,30.358234471078475,0.3513300381603518,0.9998518392091162,10.649999999999999,62.0
