timestamp,water_level_cm,precip_klaipedos-ams,temp_klaipedos-ams,Pt,API_t,SMI_t,S_t,delta_WL_t
2016-04-01,79.0,0.0,0.0,0.0,0.0,0.0,-0.01291029607500882,0.0
2016-04-02,70.0,0.0,0.0,0.0,0.0,0.0,-0.030120304846908114,-9.0
2016-04-03,73.0,0.0,0.0,0.0,0.0,0.0,-0.04732138832243185,3.0
2016-04-04,74.0,0.0,0.0,0.0,0.0,0.0,-0.06450844944931623,1.0
2016-04-05,71.0,0.0,13.77,0.0,0.0,34.425,-0.08167639533042241,-3.0
2016-04-06,73.0,4.6,8.26,4.6,4.6,20.65,-0.09882013873287143,2.0
2016-04-07,67.0,1.9,7.63,1.9,5.81,19.075,-0.11593459959550041,-6.0
2016-04-08,70.0,0.2,6.0,0.2,5.1385,15.0,-0.1330147065341959,3.0
2016-04-09,71.0,0.0,5.38,0.0,4.367724999999999,13.45,-0.1500553983446526,1.0
2016-04-10,71.0,0.0,7.37,0.0,3.712566249999999,18.425,-0.16705162550211924,0.0
2016-04-11,70.0,0.0,9.24,0.0,3.155681312499999,23.1,-0.18399835165768005,-1.0
2016-04-12,70.0,0.1,10.07,0.1,2.782329115624999,25.175,-0.20089055513063506,0.0
2016-04-13,72.0,6.1,7.53,6.1,8.464979748281248,18.825,-0.21772323039653177,2.0
2016-04-14,71.0,0.0,6.05,0.0,7.19523278603906,15.125,-0.23449138957040985,-1.0
2016-04-15,58.0,0.0,5.23,0.0,6.115947868133201,13.075000000000001,-0.25119006388481935,-13.0
2016-04-16,64.0,0.4,10.14,0.4,5.598555687913221,25.35,-0.2678143051621742,6.0
2016-04-17,68.0,4.1,7.07,4.1,8.858772334726236,17.675,-0.2843591872810034,4.0
2016-04-18,72.0,0.0,6.94,0.0,7.5299564845173,17.35,-0.30081980763566735,4.0
2016-04-19,80.0,0.5,6.88,0.5,6.9004630118397055,17.2,-0.3171912885891061,8.0
2016-04-20,81.0,0.0,6.02,0.0,5.865393560063749,15.049999999999999,-0.3334687789181868,1.0
2016-04-21,82.0,0.0,6.62,0.0,4.985584526054187,16.55,-0.3496474552512284,1.0
2016-04-22,87.0,1.0,5.57,1.0,5.237746847146059,13.925,-0.36572252349726897,5.0
2016-04-23,85.0,0.0,6.31,0.0,4.45208482007415,15.774999999999999,-0.3816892202666588,-2.0
2016-04-24,87.0,8.1,4.3,8.1,11.884272097063027,10.75,-0.39754281428255595,2.0
2016-04-25,85.0,0.0,4.36,0.0,10.101631282503574,10.9,-0.4132786077829042,-2.0
2016-04-26,80.0,0.0,4.75,0.0,8.586386590128038,11.875,-0.4288919379124835,-5.0
2016-04-27,84.0,8.8,6.27,8.8,16.098428601608834,15.674999999999999,-0.4443781781046132,4.0
2016-04-28,87.0,19.4,5.44,19.4,33.08366431136751,13.600000000000001,-0.45973273945210397,3.0
2016-04-29,98.0,0.0,7.72,0.0,28.12111466466238,19.3,-0.47495107206704995,11.0
2016-04-30,98.0,0.0,8.52,0.0,23.90294746496302,21.299999999999997,-0.49002866642905923,0.0
2016-05-01,90.0,0.0,10.55,0.0,20.317505345218567,26.375,-0.5049610547215204,-8.0
2016-05-02,81.0,0.0,11.54,0.0,17.26987954343578,28.849999999999998,-0.5197438121555155,-9.0
2016-05-03,76.0,0.0,12.47,0.0,14.679397611920413,31.175,-0.5343725582809787,-5.0
2016-05-04,79.0,0.0,12.47,0.0,12.477487970132351,31.175,-0.548842958284719,3.0
2016-05-05,73.0,0.0,12.27,0.0,10.605864774612499,30.674999999999997,-0.5631507242749186,-6.0
2016-05-06,70.0,0.0,11.41,0.0,9.014985058420624,28.525,-0.5772916165517272,-3.0
2016-05-07,71.0,0.0,15.0,0.0,7.662737299657531,37.5,-0.5912614448635781,1.0
2016-05-08,69.0,0.0,17.1,0.0,6.513326704708901,42.75,-0.6050560696488488,-2.0
2016-05-09,67.0,0.0,18.9,0.0,5.536327699002566,47.25,-0.6186714032625031,-2.0
2016-05-10,66.0,0.0,15.68,0.0,4.705878544152181,39.2,-0.6321034111873487,-1.0
2016-05-11,66.0,0.0,14.13,0.0,3.999996762529354,35.325,-0.6453481132295501,0.0
2016-05-12,62.0,0.0,14.79,0.0,3.399997248149951,36.974999999999994,-0.6584015846980488,-4.0
2016-05-13,59.0,2.6,13.89,2.6,5.489997660927458,34.725,-0.6712599575675313,-3.0
2016-05-14,65.0,4.8,12.03,4.8,9.466498011788339,30.075,-0.6839194216246106,6.0
2016-05-15,73.0,1.5,10.42,1.5,9.546523310020088,26.05,-0.6963762255968722,8.0
2016-05-16,88.0,8.0,8.17,8.0,16.114544813517075,20.425,-0.7086266782644596,15.0
2016-05-17,81.0,6.2,8.45,6.2,19.897363091489513,21.125,-0.7206671495538609,-7.0
2016-05-18,77.0,0.0,8.65,0.0,16.912758627766085,21.625,-0.7324940716135789,-4.0
2016-05-19,76.0,0.0,11.22,0.0,14.375844833601171,28.05,-0.7441039398713607,-1.0
2016-05-20,74.0,0.0,10.7,0.0,12.219468108560996,26.75,-0.7554933140726803,-2.0
2016-05-21,72.0,0.0,11.11,0.0,10.386547892276846,27.775,-0.766658819300159,-2.0
2016-05-22,69.0,0.0,14.72,0.0,8.828565708435319,36.800000000000004,-0.777597146973627,-3.0
2016-05-23,68.0,0.0,19.55,0.0,7.50428085217002,48.875,-0.7883050558305255,-1.0
2016-05-24,70.0,0.0,19.87,0.0,6.378638724344517,49.675000000000004,-0.7987793728863649,2.0
2016-05-25,74.0,0.0,14.55,0.0,5.42184291569284,36.375,-0.8090169943749473,4.0
2016-05-26,73.0,0.0,10.15,0.0,4.608566478338914,25.375,-0.8190148866680801,-1.0
2016-05-27,72.0,10.7,13.36,10.7,14.617281506588077,33.4,-0.8287700871745037,-1.0
2016-05-28,71.0,1.1,17.52,1.1,13.524689280599864,43.8,-0.8382797052177743,-1.0
2016-05-29,71.0,0.0,22.09,0.0,11.495985888509884,55.225,-0.8475409228928311,0.0
2016-05-30,68.0,0.0,23.31,0.0,9.7715880052334,58.275,-0.8565509959010036,-3.0
2016-05-31,66.0,0.0,23.49,0.0,8.30584980444839,58.724999999999994,-0.865307254363206,-2.0
2016-06-01,63.0,0.0,24.22,0.0,7.059972333781132,60.55,-0.8738071036110808,-3.0
2016-06-02,61.0,0.5,20.65,0.5,6.500976483713962,51.625,-0.8820480249558537,-2.0
2016-06-03,59.0,0.0,20.03,0.0,5.5258300111568674,50.075,-0.8900275764346767,-2.0
2016-06-04,54.0,0.0,14.49,0.0,4.696955509483337,36.225,-0.8977433935342337,-5.0
2016-06-05,51.0,0.0,11.38,0.0,3.9924121830608366,28.450000000000003,-0.9051931898913974,-3.0
2016-06-06,50.0,0.0,10.27,0.0,3.393550355601711,25.674999999999997,-0.9123747579707273,-1.0
2016-06-07,44.0,0.0,10.9,0.0,2.8845178022614544,27.25,-0.9192859697186104,-6.0
2016-06-08,52.0,2.7,11.89,2.7,5.151840131922237,29.725,-0.9259247771938498,8.0
2016-06-09,53.0,0.0,10.58,0.0,4.379064112133901,26.45,-0.9322892131745133,1.0
2016-06-10,59.0,3.0,11.21,3.0,6.722204495313816,28.025000000000002,-0.9383773917408641,6.0
2016-06-11,61.0,1.7,9.77,1.7,7.413873821016744,24.424999999999997,-0.9441875088341993,2.0
2016-06-12,54.0,0.0,10.67,0.0,6.301792747864233,26.675,-0.9497178427914316,-7.0
2016-06-13,49.0,0.0,11.52,0.0,5.356523835684597,28.799999999999997,-0.9549667548552551,-5.0
2016-06-14,50.0,0.0,18.12,0.0,4.553045260331907,45.300000000000004,-0.9599326896597447,1.0
2016-06-15,54.0,9.2,14.78,9.2,13.07008847128212,36.949999999999996,-0.9646141756912435,4.0
2016-06-16,57.0,0.0,14.16,0.0,11.1095752005898,35.4,-0.9690098257244062,3.0
2016-06-17,57.0,11.7,16.61,11.7,21.14313892050133,41.525,-0.9731183372332619,0.0
2016-06-18,76.0,4.8,14.26,4.8,22.771668082426128,35.65,-0.9769384927771817,19.0
2016-06-19,59.0,0.0,15.24,0.0,19.355917870062207,38.1,-0.980469160361632,-17.0
2016-06-20,60.0,2.5,14.38,2.5,18.952530189552874,35.95,-0.9837092937736097,1.0
2016-06-21,60.0,6.2,14.38,6.2,22.309650661119942,35.95,-0.986657932891657,0.0
2016-06-22,62.0,0.0,15.33,0.0,18.96320306195195,38.325,-0.9893142039703663,2.0
2016-06-23,60.0,0.0,18.76,0.0,16.118722602659158,46.900000000000006,-0.99167731989929,-2.0
2016-06-24,61.0,0.0,23.02,0.0,13.700914212260283,57.55,-0.993746580436178,1.0
2016-06-25,61.0,1.4,26.2,1.4,13.04577708042124,65.5,-0.9955213724144752,0.0
2016-06-26,68.0,0.0,21.09,0.0,11.088910518358054,52.725,-0.9970011699250151,7.0
2016-06-27,63.0,0.2,18.33,0.2,9.625573940604344,45.824999999999996,-0.9981855344718586,-5.0
2016-06-28,61.0,0.0,17.92,0.0,8.181737849513691,44.800000000000004,-0.99907411510223,-2.0
2016-06-29,63.0,2.3,19.24,2.3,9.254477172086638,48.099999999999994,-0.9996666485105112,2.0
2016-06-30,63.0,2.7,19.9,2.7,10.566305596273642,49.75,-0.9999629591162655,0.0
2016-07-01,62.0,0.0,20.58,0.0,8.981359756832596,51.449999999999996,-0.9999629591162655,-1.0
2016-07-02,62.0,0.0,19.5,0.0,7.634155793307706,48.75,-0.9996666485105112,0.0
2016-07-03,67.0,0.0,0.0,0.0,6.48903242431155,0.0,-0.99907411510223,5.0
2016-07-04,71.0,1.0,16.83,1.0,6.515677560664818,42.074999999999996,-0.9981855344718586,4.0
2016-07-05,68.0,0.9,17.51,0.9,6.438325926565096,43.775000000000006,-0.9970011699250151,-3.0
2016-07-06,81.0,9.9,16.8,9.9,15.372577037580331,42.0,-0.9955213724144752,13.0
2016-07-07,88.0,0.4,17.33,0.4,13.466690481943282,43.324999999999996,-0.9937465804361781,7.0
2016-07-08,84.0,0.0,17.38,0.0,11.446686909651788,43.449999999999996,-0.99167731989929,-4.0
2016-07-09,86.0,0.0,17.57,0.0,9.729683873204019,43.925,-0.9893142039703664,2.0
2016-07-10,86.0,0.2,17.63,0.2,8.470231292223415,44.074999999999996,-0.9866579328916572,0.0
2016-07-11,85.0,12.8,19.22,12.8,19.999696598389903,48.05,-0.9837092937736098,-1.0
2016-07-12,82.0,0.0,19.06,0.0,16.999742108631416,47.65,-0.9804691603616321,-3.0
2016-07-13,82.0,0.0,18.41,0.0,14.449780792336703,46.025,-0.9769384927771817,0.0
2016-07-14,83.0,16.8,17.25,16.8,29.082313673486198,43.125,-0.973118337233262,1.0
2016-07-15,102.0,6.3,16.66,6.3,31.01996662246327,41.65,-0.9690098257244063,19.0
2016-07-16,96.0,0.0,17.27,0.0,26.36697162909378,43.175,-0.9646141756912435,-6.0
2016-07-17,92.0,0.3,17.35,0.3,22.711925884729713,43.375,-0.9599326896597445,-4.0
2016-07-18,94.0,0.0,17.61,0.0,19.305137002020256,44.025,-0.9549667548552553,2.0
2016-07-19,94.0,0.0,17.37,0.0,16.40936645171722,43.425000000000004,-0.9497178427914317,0.0
2016-07-20,92.0,0.0,17.6,0.0,13.947961483959636,44.0,-0.9441875088341994,-2.0
2016-07-21,89.0,0.0,18.1,0.0,11.85576726136569,45.25,-0.9383773917408642,-3.0
2016-07-22,88.0,0.0,18.05,0.0,10.077402172160836,45.125,-0.9322892131745134,-1.0
2016-07-23,84.0,0.0,18.39,0.0,8.56579184633671,45.975,-0.9259247771938499,-4.0
2016-07-24,81.0,0.0,19.51,0.0,7.280923069386203,48.775000000000006,-0.9192859697186105,-3.0
2016-07-25,79.0,0.0,20.24,0.0,6.188784608978272,50.599999999999994,-0.9123747579707274,-2.0
2016-07-26,77.0,0.0,20.47,0.0,5.260466917631532,51.175,-0.9051931898913975,-2.0
2016-07-27,74.0,0.0,21.09,0.0,4.471396879986802,52.725,-0.8977433935342336,-3.0
2016-07-28,74.0,6.9,19.84,6.9,10.700687347988783,49.6,-0.8900275764346766,0.0
2016-07-29,74.0,0.0,20.44,0.0,9.095584245790466,51.1,-0.8820480249558535,0.0
2016-07-30,75.0,0.0,21.22,0.0,7.731246608921896,53.05,-0.8738071036110807,1.0
2016-07-31,74.0,4.5,19.3,4.5,11.071559617583612,48.25,-0.8653072543632061,-1.0
2016-08-01,76.0,14.1,16.8,14.1,23.51082567494607,42.0,-0.8565509959010037,2.0
2016-08-02,77.0,4.8,18.02,4.8,24.78420182370416,45.05,-0.8475409228928312,1.0
2016-08-03,78.0,6.0,17.71,6.0,27.066571550148534,44.275000000000006,-0.8382797052177745,1.0
2016-08-17,141.0,22.8,15.01,22.8,45.80658581762626,37.525,-0.6839194216246105,63.0
2016-08-18,154.0,23.2,14.62,23.2,62.13559794498232,36.55,-0.6712599575675315,13.0
2016-08-19,168.0,0.0,16.45,0.0,52.81525825323497,41.125,-0.6584015846980489,14.0
2016-08-20,163.0,0.0,18.92,0.0,44.892969515249725,47.300000000000004,-0.64534811322955,-5.0
2016-08-21,147.0,9.7,19.77,9.7,47.85902408796227,49.425,-0.6321034111873488,-16.0
2016-08-22,133.0,1.8,18.05,1.8,42.480170474767924,45.125,-0.6186714032625032,-14.0
2016-08-23,123.0,7.5,16.62,7.5,43.608144903552734,41.550000000000004,-0.6050560696488494,-10.0
2016-08-24,113.0,0.0,16.4,0.0,37.06692316801983,41.0,-0.5912614448635782,-10.0
2016-08-25,104.0,0.0,17.16,0.0,31.50688469281685,42.9,-0.5772916165517278,-9.0
2016-08-26,98.0,0.0,20.95,0.0,26.780851988894323,52.375,-0.5631507242749187,-6.0
2016-08-27,94.0,0.0,19.0,0.0,22.763724190560175,47.5,-0.5488429582847199,-4.0
2016-08-28,92.0,0.0,18.01,0.0,19.34916556197615,45.025000000000006,-0.5343725582809785,-2.0
2016-08-29,102.0,0.0,19.12,0.0,16.446790727679726,47.800000000000004,-0.5197438121555157,10.0
2016-08-30,99.0,0.0,16.46,0.0,13.979772118527768,41.150000000000006,-0.5049610547215202,-3.0
2016-08-31,95.0,0.0,17.7,0.0,11.882806300748602,44.25,-0.4900286664290594,-4.0
2016-09-01,92.0,0.0,19.28,0.0,10.10038535563631,48.2,-0.4749510720670502,-3.0
2016-09-02,96.0,0.0,17.83,0.0,8.585327552290863,44.574999999999996,-0.4597327394521046,4.0
2016-09-03,99.0,0.5,17.9,0.5,7.797528419447233,44.75,-0.44437817810461344,3.0
2016-09-04,99.0,1.9,16.21,1.9,8.527899156530149,40.525000000000006,-0.4288919379124841,0.0
2016-09-05,101.0,0.0,15.14,0.0,7.248714283050626,37.85,-0.41327860778290443,2.0
2016-09-06,95.0,0.0,15.87,0.0,6.161407140593032,39.675,-0.3975428142825566,-6.0
2016-09-07,91.0,0.0,18.35,0.0,5.237196069504077,45.875,-0.3816892202666586,-4.0
2016-09-08,94.0,0.0,18.2,0.0,4.451616659078465,45.5,-0.3657225234972692,3.0
2016-09-09,92.0,0.0,17.75,0.0,3.7838741602166954,44.375,-0.34964745525122826,-2.0
2016-09-10,90.0,0.0,18.01,0.0,3.216293036184191,45.025000000000006,-0.33346877891818705,-2.0
2016-09-11,87.0,0.0,17.52,0.0,2.7338490807565625,43.8,-0.31719128858910595,-3.0
2016-09-12,88.0,0.0,17.44,0.0,2.323771718643078,43.6,-0.300819807635668,1.0
2016-09-13,86.0,0.0,15.59,0.0,1.9752059608466164,38.975,-0.2843591872810036,-2.0
2016-09-14,85.0,0.0,16.22,0.0,1.6789250667196238,40.55,-0.26781430516217486,-1.0
2016-09-15,83.0,0.0,14.71,0.0,1.4270863067116801,36.775000000000006,-0.25119006388481957,-2.0
2016-09-16,84.0,0.0,14.73,0.0,1.213023360704928,36.825,-0.23449138957041052,1.0
2016-09-17,78.0,0.0,12.98,0.0,1.031069856599189,32.45,-0.21772323039653224,-6.0
2016-09-18,74.0,0.0,13.05,0.0,0.8764093781093105,32.625,-0.20089055513063528,-4.0
2016-09-19,74.0,0.0,12.23,0.0,0.7449479713929139,30.575000000000003,-0.18399835165767986,0.0
2016-09-20,75.0,0.7,11.91,0.7,1.3332057756839768,29.775,-0.1670516255021195,1.0
2016-09-21,74.0,0.0,12.23,0.0,1.1332249093313802,30.575000000000003,-0.15005539834465262,-1.0
2016-09-22,73.0,1.4,11.53,1.4,2.363241172931673,28.825,-0.13301470653419636,-1.0
2016-09-23,75.0,0.0,12.77,0.0,2.008754996991922,31.924999999999997,-0.11593459959550066,2.0
2016-09-24,78.0,8.7,14.58,8.7,10.407441747443134,36.45,-0.09882013873287211,3.0
2016-09-25,72.0,0.0,12.85,0.0,8.846325485326663,32.125,-0.08167639533042288,-6.0
2016-09-26,73.0,0.0,10.87,0.0,7.519376662527663,27.174999999999997,-0.06450844944931625,1.0
2016-09-27,74.0,0.0,10.24,0.0,6.391470163148513,25.6,-0.04732138832243232,1.0
2016-09-28,79.0,8.3,14.23,8.3,13.732749638676237,35.575,-0.03012030484690836,5.0
2016-09-29,78.0,1.6,16.58,1.6,13.272837192874801,41.449999999999996,-0.012910296075008843,-1.0
2016-09-30,81.0,4.2,15.73,4.2,15.48191161394358,39.325,0.004303538296243821,3.0
2016-10-01,81.0,5.4,14.39,5.4,18.559624871852044,35.975,0.021516097436222233,0.0
2016-10-02,91.0,12.9,13.37,12.9,28.675681141074236,33.425,0.03872228089217399,10.0
2016-10-03,89.0,0.0,12.11,0.0,24.3743289699131,30.275,0.05591699010060302,-2.0
2016-10-04,86.0,0.0,8.35,0.0,20.718179624426135,20.875,0.07309512989807776,-3.0
2016-10-05,75.0,0.0,8.5,0.0,17.610452680762215,21.25,0.0902516100310407,-11.0
2016-10-06,78.0,0.5,8.78,0.5,15.468884778647883,21.95,0.10738134666416306,3.0
2016-10-07,79.0,5.2,6.9,5.2,18.3485520618507,17.25,0.12447926388678869,1.0
2016-10-08,81.0,7.5,6.57,7.5,23.096269252573094,16.425,0.141540295217043,2.0
2016-10-09,76.0,5.8,7.49,5.8,25.43182886468713,18.725,0.15855938510313475,-5.0
2016-10-10,73.0,0.0,6.78,0.0,21.61705453498406,16.95,0.17553149042142777,-3.0
2016-10-11,62.0,0.0,4.86,0.0,18.37449635473645,12.15,0.19245158197082995,-11.0
2016-10-12,53.0,0.0,5.2,0.0,15.618321901525983,13.0,0.20931464596304888,-9.0
2016-10-13,42.0,0.0,4.2,0.0,13.275573616297084,10.5,0.22611568550828803,-11.0
2016-10-14,37.0,0.0,1.31,0.0,11.284237573852522,3.2750000000000004,0.2428497220959358,-5.0
2016-10-15,27.0,0.0,1.4,0.0,9.591601937774643,3.5,0.25951179706979943,-10.0
2016-10-16,23.0,0.0,3.32,0.0,8.152861647108447,8.299999999999999,0.27609697309746883,-4.0
2016-10-17,21.0,0.0,4.66,0.0,6.929932400042179,11.65,0.2926003356333479,-2.0
2016-10-18,23.0,0.0,5.43,0.0,5.890442540035852,13.575,0.30901699437494723,2.0
2016-10-19,23.0,1.4,6.27,1.4,6.406876159030475,15.674999999999999,0.3253420847119795,0.0
2016-10-20,26.0,0.3,5.86,0.3,5.745844735175903,14.65,0.341570769167856,3.0
2016-10-21,29.0,5.0,3.32,5.0,9.883968024899517,8.299999999999999,0.35769823883312546,3.0
2016-10-22,29.0,10.3,2.82,10.3,18.70137282116459,7.05,0.3737197147904692,0.0
2016-10-23,31.0,2.3,5.73,2.3,18.1961668979899,14.325000000000001,0.38963044953078774,2.0
2016-10-24,27.0,2.7,4.36,2.7,18.166741863291417,10.9,0.4054257283599973,-4.0
2016-10-25,37.0,0.2,5.01,0.2,15.641730583797703,12.524999999999999,0.42110087079608916,10.0
2016-10-26,38.0,0.9,6.13,0.9,14.195470996228048,15.325,0.4366512319560638,1.0
2016-10-27,33.0,0.8,8.06,0.8,12.866150346793841,20.150000000000002,0.45207220393230374,-5.0
2016-10-28,50.0,7.0,9.35,7.0,17.936227794774766,23.375,0.46735921715800205,17.0
2016-10-29,61.0,0.0,8.57,0.0,15.24579362555855,21.425,0.48250774176121763,11.0
2016-10-30,67.0,0.8,7.46,0.8,13.758924581724768,18.65,0.4975132889071803,6.0
2016-10-31,62.0,1.3,4.65,1.3,12.995085894466053,11.625,0.5123714121284235,-5.0
2016-11-01,62.0,10.8,3.07,10.8,21.845823010296144,7.675,0.5270777086423724,0.0
2016-11-02,82.0,13.0,5.15,13.0,31.568949558751722,12.875,0.5416278206559811,20.0
2016-11-03,95.0,1.3,2.23,1.3,28.133607124938965,5.575,0.5560174366570446,13.0
2016-11-04,84.0,1.0,1.3,1.0,24.91356605619812,3.25,0.5702422926917867,-11.0
2016-11-05,73.0,4.5,1.52,4.5,25.6765311477684,3.8,0.5842981736283683,-11.0
2016-11-06,82.0,10.9,0.21,10.9,32.72505147560314,0.525,0.5981809144059159,9.0
2016-11-07,86.0,0.0,-1.25,0.0,27.816293754262666,0.0,0.6118864012687242,4.0
2016-11-08,78.0,0.1,1.38,0.1,23.743849691123266,3.4499999999999997,0.6254105729852457,-8.0
2016-11-09,68.0,1.8,0.59,1.8,21.982272237454776,1.4749999999999999,0.6387494220515268,-10.0
2016-11-10,65.0,0.0,-0.71,0.0,18.684931401836558,0.0,0.6518989958787125,-3.0
2016-11-11,64.0,0.0,-0.19,0.0,15.882191691561074,0.0,0.6648553979642867,-1.0
2016-11-12,61.0,0.2,2.6,0.2,13.699862937826913,6.5,0.6776147890466887,-3.0
2016-11-13,58.0,0.5,3.38,0.5,12.144883497152875,8.45,0.690173388242972,-3.0
2016-11-14,62.0,0.0,5.3,0.0,10.323150972579944,13.25,0.7025274741691566,4.0
2016-11-15,59.0,10.5,3.95,10.5,19.27467832669295,9.875,0.7146733860429608,-3.0
2016-11-16,71.0,5.0,5.53,5.0,21.383476577689006,13.825000000000001,0.726607524768565,12.0
2016-11-17,83.0,11.6,6.31,11.6,29.775955091035655,15.774999999999999,0.7383263540031063,12.0
2016-11-18,100.0,0.2,7.49,0.2,25.509561827380306,18.725,0.749826401204568,17.0
2016-11-19,104.0,5.9,6.86,5.9,27.583127553273258,17.150000000000002,0.7611042586607742,4.0
2016-11-20,101.0,4.0,5.92,4.0,27.445658420282268,14.8,0.7721565844991641,-3.0
2016-11-21,100.0,0.0,7.96,0.0,23.328809657239926,19.9,0.7829801036770625,-1.0
2016-11-22,91.0,0.0,4.7,0.0,19.829488208653938,11.75,0.7935716089521472,-9.0
2016-11-23,80.0,0.0,3.91,0.0,16.85506497735585,9.775,0.8039279618328208,-11.0
2016-11-24,78.0,0.0,5.97,0.0,14.32680523075247,14.924999999999999,0.8140460935082175,-2.0
2016-11-25,78.0,0.0,5.8,0.0,12.177784446139599,14.5,0.8239230057575536,0.0
2016-11-26,86.0,1.0,7.15,1.0,11.351116779218659,17.875,0.8335557718385695,8.0
2016-11-27,94.0,9.7,2.62,9.7,19.34844926233586,6.550000000000001,0.8429415373547832,8.0
2016-11-28,100.0,0.3,0.11,0.3,16.74618187298548,0.275,0.8520775211013093,6.0
2016-11-29,84.0,1.8,1.77,1.8,16.03425459203766,4.425,0.8609610158889945,-16.0
2016-11-30,91.0,3.0,5.48,3.0,16.62911640323201,13.700000000000001,0.8695893893466109,7.0
2016-12-01,94.0,0.0,3.37,0.0,14.134748942747208,8.425,0.8779600847008883,3.0
2016-12-02,105.0,5.5,1.18,5.5,17.514536601335127,2.9499999999999997,0.8860706215341377,11.0
2016-12-03,101.0,4.7,-0.78,4.7,19.58735611113486,0.0,0.893918596519257,-4.0
2016-12-04,92.0,0.5,-0.89,0.5,17.14925269446463,0.0,0.9015016841318838,-9.0
2016-12-05,100.0,0.3,5.52,0.3,14.876864790294935,13.799999999999999,0.9088176373395028,8.0
2016-12-06,99.0,0.2,0.32,0.2,12.845335071750693,0.8,0.9158642882672868,-1.0
2016-12-07,91.0,4.1,2.12,4.1,15.018534810988088,5.300000000000001,0.9226395488404875,-8.0
2016-12-08,112.0,8.0,6.97,8.0,20.765754589339874,17.425,0.9291414114031743,21.0
2016-12-09,121.0,0.0,6.35,0.0,17.650891400938892,15.875,0.935367949313148,9.0
2016-12-10,125.0,6.6,3.7,6.6,21.60325769079806,9.25,0.941317317512847,4.0
2016-12-11,123.0,9.0,-0.62,9.0,27.36276903717835,0.0,0.946987753076075,-2.0
2016-12-12,122.0,0.0,-2.27,0.0,23.258353681601598,0.0,0.9523775757303973,-1.0
2016-12-13,120.0,6.1,3.35,6.1,25.869600629361358,8.375,0.9574851883550389,-2.0
2016-12-14,123.0,1.4,2.7,1.4,23.389160534957153,6.75,0.9623090774541487,3.0
2016-12-15,124.0,0.0,0.81,0.0,19.88078645471358,2.0250000000000004,0.9668478136052773,1.0
2016-12-16,120.0,0.0,3.83,0.0,16.89866848650654,9.575,0.9711000518829505,-4.0
2016-12-17,106.0,0.2,2.77,0.2,14.563868213530558,6.925,0.9750645322571945,-14.0
2016-12-18,99.0,0.8,3.9,0.8,13.179287981500975,9.75,0.9787400799669153,-7.0
2016-12-19,98.0,0.0,4.69,0.0,11.202394784275828,11.725000000000001,0.9821256058680006,-1.0
2016-12-20,89.0,0.4,4.27,0.4,9.922035566634454,10.674999999999999,0.9852201067560606,-9.0
2016-12-21,81.0,0.0,3.04,0.0,8.433730231639286,7.6,0.9880226656636976,-8.0
2016-12-22,85.0,1.4,3.1,1.4,8.568670696893394,7.75,0.9905324521322227,4.0
2016-12-23,101.0,4.5,4.94,4.5,11.783370092359384,12.350000000000001,0.9927487224577402,16.0
2016-12-24,102.0,2.4,4.81,2.4,12.415864578505476,12.024999999999999,0.9946708199115211,1.0
2016-12-25,116.0,9.1,4.77,9.1,19.653484891729654,11.924999999999999,0.9962981749346077,14.0
2016-12-26,137.0,1.7,6.22,1.7,18.405462157970206,15.549999999999999,0.9976303053065857,21.0
2016-12-27,156.0,10.5,4.23,10.5,26.144642834274677,10.575000000000001,0.9986668162884759,19.0
2016-12-28,161.0,0.7,2.82,0.7,22.922946409133473,7.05,0.9994074007397048,5.0
2016-12-29,150.0,0.0,3.6,0.0,19.484504447763452,9.0,0.9998518392091162,-11.0
2016-12-30,138.0,0.0,4.95,0.0,16.561828780598933,12.375,1.0,-12.0
2016-12-31,134.0,1.3,5.23,1.3,15.377554463509094,13.075000000000001,0.9998518392091162,-4.0
2017-01-01,138.0,6.5,5.38,6.5,19.570921293982728,13.45,0.9998518392091162,4.0
2017-01-02,146.0,3.3,2.2,3.3,19.935283099885318,5.5,0.9994074007397048,8.0
2017-01-03,147.0,7.5,1.03,7.5,24.44499063490252,2.575,0.998666816288476,1.0
2017-01-04,156.0,8.6,-0.51,8.6,29.378242039667143,0.0,0.9976303053065857,9.0
2017-01-05,142.0,0.0,-9.8,0.0,24.97150573371707,0.0,0.9962981749346078,-14.0
2017-01-06,129.0,0.0,-13.65,0.0,21.22577987365951,0.0,0.9946708199115211,-13.0
2017-01-07,113.0,0.7,-6.95,0.7,18.741912892610582,0.0,0.9927487224577402,-16.0
2017-01-08,119.0,0.0,-3.59,0.0,15.930625958718995,0.0,0.9905324521322229,6.0
2017-01-09,114.0,7.5,0.31,7.5,21.041032064911146,0.775,0.9880226656636976,-5.0
2017-01-10,100.0,0.0,-5.53,0.0,17.884877255174473,0.0,0.9852201067560606,-14.0
2017-01-11,83.0,0.0,-5.91,0.0,15.202145666898302,0.0,0.9821256058680006,-17.0
2017-01-12,100.0,6.8,-0.12,6.8,19.721823816863555,0.0,0.9787400799669153,17.0
2017-01-13,107.0,5.6,0.73,5.6,22.36355024433402,1.825,0.9750645322571948,7.0
2017-01-14,113.0,0.5,-1.21,0.5,19.509017707683917,0.0,0.9711000518829505,6.0
2017-01-15,118.0,7.1,-1.39,7.1,23.68266505153133,0.0,0.9668478136052775,5.0
2017-01-16,114.0,0.0,-2.81,0.0,20.13026529380163,0.0,0.9623090774541486,-4.0
2017-01-17,107.0,0.0,-4.5,0.0,17.110725499731387,0.0,0.9574851883550393,-7.0
2017-01-18,108.0,4.6,0.89,4.6,19.14411667477168,2.225,0.9523775757303974,1.0
2017-01-19,121.0,6.3,3.07,6.3,22.57249917355593,7.675,0.9469877530760753,13.0
2017-01-20,161.0,0.0,3.16,0.0,19.18662429752254,7.9,0.9413173175128471,40.0
2017-01-21,187.0,0.0,2.44,0.0,16.308630652894156,6.1,0.9353679493131483,26.0
2017-01-22,181.0,0.3,1.5,0.3,14.162336054960033,3.75,0.9291414114031743,-6.0
2017-01-23,157.0,0.0,1.99,0.0,12.037985646716027,4.975,0.9226395488404876,-24.0
2017-01-24,146.0,0.0,2.45,0.0,10.232287799708622,6.125,0.9158642882672872,-11.0
2017-01-25,129.0,0.0,-0.04,0.0,8.69744462975233,0.0,0.9088176373395029,-17.0
2017-01-26,118.0,0.2,1.56,0.2,7.59282793528948,3.9000000000000004,0.901501684131884,-11.0
2017-01-27,110.0,0.0,2.03,0.0,6.453903744996058,5.074999999999999,0.893918596519257,-8.0
2017-01-28,101.0,0.0,0.74,0.0,5.485818183246649,1.85,0.886070621534138,-9.0
2017-01-29,93.0,0.0,-0.37,0.0,4.662945455759652,0.0,0.8779600847008882,-8.0
2017-01-30,88.0,0.5,-1.08,0.5,4.4635036373957035,0.0,0.869589389346611,-5.0
2017-01-31,89.0,0.0,-2.89,0.0,3.793978091786348,0.0,0.8609610158889943,1.0
2017-02-01,85.0,0.0,-3.78,0.0,3.2248813780183956,0.0,0.8520775211013093,-4.0
2017-02-02,80.0,0.0,-1.05,0.0,2.741149171315636,0.0,0.8429415373547828,-5.0
2017-02-03,76.0,0.0,-0.67,0.0,2.3299767956182906,0.0,0.8335557718385699,-4.0
2017-02-04,74.0,0.0,-1.12,0.0,1.980480276275547,0.0,0.8239230057575542,-2.0
2017-02-05,75.0,0.0,-0.95,0.0,1.6834082348342148,0.0,0.8140460935082178,1.0
2017-02-06,75.0,0.0,-3.92,0.0,1.4308969996090826,0.0,0.8039279618328213,0.0
2017-02-07,60.0,0.0,-8.06,0.0,1.2162624496677201,0.0,0.7935716089521474,-15.0
2017-02-08,57.0,0.0,-7.96,0.0,1.033823082217562,0.0,0.7829801036770629,-3.0
2017-02-09,63.0,0.2,-4.88,0.2,1.0787496198849278,0.0,0.7721565844991642,6.0
2017-02-10,54.0,0.0,-2.78,0.0,0.9169371769021886,0.0,0.7611042586607747,-9.0
2017-02-11,49.0,0.0,-3.55,0.0,0.7793966003668603,0.0,0.7498264012045686,-5.0
2017-02-12,50.0,0.0,-5.7,0.0,0.6624871103118313,0.0,0.7383263540031065,1.0
2017-02-13,50.0,0.0,-2.51,0.0,0.5631140437650566,0.0,0.7266075247685656,0.0
2017-02-14,54.0,0.0,1.67,0.0,0.4786469372002981,4.175,0.7146733860429609,4.0
2017-02-15,50.0,0.0,0.13,0.0,0.4068498966202534,0.325,0.702527474169157,-4.0
2017-02-16,51.0,0.2,1.25,0.2,0.5458224121272154,3.125,0.6901733882429719,1.0
2017-02-17,54.0,0.5,2.67,0.5,0.963949050308133,6.675,0.6776147890466889,3.0
2017-02-18,58.0,0.0,1.65,0.0,0.819356692761913,4.125,0.6648553979642865,4.0
2017-02-19,58.0,1.9,2.93,1.9,2.596453188847626,7.325,0.6518989958787126,0.0
2017-02-20,75.0,12.7,3.67,12.7,14.906985210520482,9.175,0.6387494220515272,17.0
2017-02-21,99.0,4.8,2.91,4.8,17.47093742894241,7.275,0.6254105729852463,24.0
2017-02-22,127.0,7.1,0.9,7.1,21.950296814601046,2.25,0.6118864012687243,28.0
2017-02-23,136.0,5.8,2.59,5.8,24.457752292410888,6.475,0.5981809144059164,9.0
2017-02-24,149.0,7.7,0.13,7.7,28.489089448549255,0.325,0.5842981736283683,13.0
2017-02-25,143.0,0.0,1.37,0.0,24.215726031266865,3.4250000000000003,0.5702422926917871,-6.0
2017-02-26,125.0,5.1,2.69,5.1,25.683367126576833,6.725,0.5560174366570446,-18.0
2017-02-27,133.0,0.8,4.07,0.8,22.63086205759031,10.175,0.5416278206559814,8.0
2017-02-28,146.0,4.6,5.13,4.6,23.836232748951765,12.825,0.5270777086423722,13.0
2017-03-01,143.0,2.8,3.26,2.8,23.060797836609,8.149999999999999,0.5123714121284237,-3.0
2017-03-02,140.0,1.2,2.89,1.2,20.80167816111765,7.2250000000000005,0.49751328890718066,-3.0
2017-03-03,134.0,1.5,3.24,1.5,19.18142643695,8.100000000000001,0.48250774176121847,-6.0
2017-03-04,119.0,0.0,4.68,0.0,16.3042124714075,11.7,0.46735921715800227,-15.0
2017-03-05,115.0,2.2,3.82,2.2,16.058580600696374,9.549999999999999,0.45207220393230435,-4.0
2017-03-06,106.0,8.3,-0.8,8.3,21.949793510591917,0.0,0.43665123195606403,-9.0
2017-03-07,115.0,2.5,0.08,2.5,21.15732448400313,0.2,0.4211008707960896,9.0
2017-03-08,96.0,0.0,1.68,0.0,17.98372581140266,4.2,0.40542572835999735,-19.0
2017-03-09,88.0,0.0,2.66,0.0,15.286166939692261,6.65,0.38963044953078796,-8.0
2017-03-10,94.0,0.0,2.48,0.0,12.993241898738422,6.2,0.37371971479046906,6.0
2017-03-11,98.0,0.0,2.46,0.0,11.044255613927659,6.15,0.35769823883312546,4.0
2017-03-12,94.0,0.0,0.81,0.0,9.38761727183851,2.0250000000000004,0.3415707691678556,-4.0
2017-03-13,87.0,0.0,-0.66,0.0,7.979474681062733,0.0,0.3253420847119801,-7.0
2017-03-14,83.0,0.0,1.58,0.0,6.782553478903323,3.95,0.30901699437494745,-4.0
2017-03-15,91.0,0.2,4.58,0.2,5.965170457067825,11.45,0.29260033563334836,8.0
2017-03-16,90.0,0.0,3.87,0.0,5.070394888507651,9.675,0.27609697309746883,-1.0
2017-03-17,85.0,1.9,3.97,1.9,6.209835655231503,9.925,0.2595117970697999,-5.0
2017-03-18,95.0,7.2,3.56,7.2,12.478360306946778,8.9,0.2428497220959356,10.0
2017-03-19,102.0,3.8,3.2,3.8,14.40660626090476,8.0,0.22611568550828828,7.0
2017-03-20,100.0,0.0,3.22,0.0,12.245615321769044,8.05,0.20931464596304847,-2.0
2017-03-21,107.0,3.5,5.26,3.5,13.908773023503688,13.149999999999999,0.19245158197082998,7.0
2017-03-22,102.0,0.5,4.91,0.5,12.322457069978135,12.275,0.1755314904214282,-5.0
2017-03-23,100.0,0.0,4.46,0.0,10.474088509481415,11.15,0.15855938510313478,-2.0
2017-03-24,99.0,0.0,3.85,0.0,8.902975233059204,9.625,0.141540295217043,-1.0
2017-03-25,97.0,0.0,4.19,0.0,7.567528948100323,10.475000000000001,0.12447926388678915,-2.0
2017-03-26,90.0,0.0,3.74,0.0,6.432399605885275,9.350000000000001,0.10738134666416309,-7.0
2017-03-27,94.0,0.0,5.29,0.0,5.467539665002484,13.225,0.09025161003104117,4.0
2017-03-28,91.0,0.0,4.69,0.0,4.647408715252111,11.725000000000001,0.07309512989807777,-3.0
2017-03-29,91.0,0.0,3.07,0.0,3.9502974079642943,7.675,0.055916990100603484,0.0
2017-03-30,85.0,4.0,3.66,4.0,7.35775279676965,9.15,0.03872228089217446,-6.0
2017-03-31,87.0,3.3,6.02,3.3,9.554089877254203,15.049999999999999,0.021516097436222254,2.0
2017-04-01,83.0,0.2,9.52,0.2,8.320976395666072,23.799999999999997,0.004303538296244289,-4.0
2017-04-02,82.0,1.5,7.62,1.5,8.572829936316161,19.05,-0.01291029607500882,-1.0
2017-04-03,85.0,0.3,6.57,0.3,7.586905445868736,16.425,-0.030120304846908114,3.0
2017-04-04,76.0,0.0,4.63,0.0,6.448869628988426,11.575,-0.04732138832243185,-9.0
2017-04-05,78.0,0.9,4.77,0.9,6.381539184640162,11.924999999999999,-0.06450844944931623,2.0
2017-04-06,86.0,1.4,5.15,1.4,6.824308306944138,12.875,-0.08167639533042241,8.0
2017-04-07,86.0,0.0,3.72,0.0,5.800662060902517,9.3,-0.09882013873287143,0.0
2017-04-08,87.0,0.0,5.32,0.0,4.930562751767139,13.3,-0.11593459959550041,1.0
2017-04-09,89.0,0.0,6.72,0.0,4.1909783390020685,16.8,-0.1330147065341959,2.0
2017-04-10,87.0,0.0,8.19,0.0,3.5623315881517583,20.474999999999998,-0.1500553983446526,-2.0
2017-04-11,100.0,0.0,5.76,0.0,3.0279818499289943,14.399999999999999,-0.16705162550211924,13.0
2017-04-12,101.0,6.6,5.4,6.6,9.173784572439645,13.5,-0.18399835165768005,1.0
2017-04-13,104.0,0.3,4.13,0.3,8.097716886573698,10.325,-0.20089055513063506,3.0
2017-04-14,106.0,0.0,2.82,0.0,6.883059353587643,7.05,-0.21772323039653177,2.0
2017-04-15,102.0,0.5,3.13,0.5,6.350600450549496,7.824999999999999,-0.23449138957040985,-4.0
2017-04-16,100.0,1.7,0.95,1.7,7.098010382967072,2.375,-0.25119006388481935,-2.0
2017-04-17,95.0,0.0,1.05,0.0,6.033308825522011,2.625,-0.2678143051621742,-5.0
2017-04-18,96.0,0.0,2.14,0.0,5.128312501693709,5.3500000000000005,-0.2843591872810034,1.0
2017-04-19,88.0,0.0,1.88,0.0,4.359065626439652,4.699999999999999,-0.30081980763566735,-8.0
2017-04-20,83.0,0.0,3.15,0.0,3.7052057824737044,7.875,-0.3171912885891061,-5.0
2017-04-21,96.0,0.9,6.1,0.9,4.049424915102649,15.25,-0.3334687789181868,13.0
2017-04-22,102.0,0.3,5.35,0.3,3.7420111778372513,13.375,-0.3496474552512284,6.0
2017-04-23,99.0,0.0,5.57,0.0,3.1807095011616635,13.925,-0.36572252349726897,-3.0
2017-04-24,99.0,4.6,5.94,4.6,7.3036030759874135,14.850000000000001,-0.3816892202666588,0.0
2017-04-25,97.0,8.6,4.02,8.6,14.8080626145893,10.049999999999999,-0.39754281428255595,-2.0
2017-04-26,102.0,0.0,5.47,0.0,12.586853222400904,13.674999999999999,-0.4132786077829042,5.0
2017-04-27,99.0,0.0,5.6,0.0,10.698825239040769,14.0,-0.4288919379124835,-3.0
2017-04-28,96.0,0.0,6.29,0.0,9.094001453184653,15.725,-0.4443781781046132,-3.0
2017-04-29,105.0,4.9,4.37,4.9,12.629901235206955,10.925,-0.45973273945210397,9.0
2017-04-30,92.0,0.0,4.89,0.0,10.735416049925911,12.225,-0.47495107206704995,-13.0
2017-05-01,85.0,0.0,7.3,0.0,9.125103642437024,18.25,-0.49002866642905923,-7.0
2017-05-02,83.0,0.0,10.47,0.0,7.75633809607147,26.175,-0.5049610547215204,-2.0
2017-05-03,83.0,0.0,9.88,0.0,6.592887381660749,24.700000000000003,-0.5197438121555155,0.0
2017-05-04,78.0,0.0,12.7,0.0,5.603954274411636,31.75,-0.5343725582809787,-5.0
2017-05-05,76.0,0.0,13.78,0.0,4.763361133249891,34.449999999999996,-0.548842958284719,-2.0
2017-05-06,75.0,0.0,11.33,0.0,4.048856963262407,28.325,-0.5631507242749186,-1.0
2017-05-07,76.0,0.0,9.28,0.0,3.4415284187730464,23.2,-0.5772916165517272,1.0
2017-05-08,77.0,0.0,6.03,0.0,2.9252991559570893,15.075000000000001,-0.5912614448635781,1.0
2017-05-09,76.0,1.5,2.82,1.5,3.986504282563526,7.05,-0.6050560696488488,-1.0
2017-05-10,71.0,0.0,3.19,0.0,3.388528640178997,7.975,-0.6186714032625031,-5.0
2017-05-11,70.0,0.0,3.9,0.0,2.8802493441521473,9.75,-0.6321034111873487,-1.0
2017-05-12,68.0,0.0,8.67,0.0,2.448211942529325,21.675,-0.6453481132295501,-2.0
2017-05-13,68.0,0.0,12.84,0.0,2.080980151149926,32.1,-0.6584015846980488,0.0
2017-05-14,67.0,0.0,14.65,0.0,1.7688331284774372,36.625,-0.6712599575675313,-1.0
2017-05-15,72.0,2.1,10.4,2.1,3.6035081592058216,26.0,-0.6839194216246106,5.0
2017-05-16,65.0,0.0,9.54,0.0,3.0629819353249483,23.849999999999998,-0.6963762255968722,-7.0
2017-05-17,60.0,0.0,13.68,0.0,2.603534645026206,34.2,-0.7086266782644596,-5.0
2017-05-18,62.0,0.0,16.56,0.0,2.213004448272275,41.4,-0.7206671495538609,2.0
2017-05-19,63.0,0.0,19.38,0.0,1.8810537810314338,48.449999999999996,-0.7324940716135789,1.0
2017-05-20,70.0,0.0,17.85,0.0,1.5988957138767188,44.625,-0.7441039398713607,7.0
2017-05-21,69.0,0.0,11.82,0.0,1.359061356795211,29.55,-0.7554933140726803,-1.0
2017-05-22,65.0,0.0,11.1,0.0,1.1552021532759293,27.75,-0.766658819300159,-4.0
2017-05-23,72.0,0.0,11.54,0.0,0.9819218302845399,28.849999999999998,-0.777597146973627,7.0
2017-05-24,73.0,0.0,12.18,0.0,0.8346335557418589,30.45,-0.7883050558305255,1.0
2017-05-25,75.0,0.0,11.82,0.0,0.70943852238058,29.55,-0.7987793728863649,2.0
2017-05-26,76.0,0.5,12.6,0.5,1.103022744023493,31.5,-0.8090169943749473,1.0
2017-05-27,73.0,0.0,12.9,0.0,0.937569332419969,32.25,-0.8190148866680801,-3.0
2017-05-28,74.0,0.0,16.95,0.0,0.7969339325569736,42.375,-0.8287700871745037,1.0
2017-05-29,80.0,0.0,13.9,0.0,0.6773938426734276,34.75,-0.8382797052177743,6.0
2017-05-30,75.0,0.0,12.72,0.0,0.5757847662724135,31.8,-0.8475409228928311,-5.0
2017-05-31,90.0,0.5,13.84,0.5,0.9894170513315514,34.6,-0.8565509959010036,15.0
2017-06-01,89.0,3.2,11.83,3.2,4.041004493631819,29.575,-0.865307254363206,-1.0
2017-06-02,87.0,0.0,10.63,0.0,3.434853819587046,26.575000000000003,-0.8738071036110808,-2.0
2017-06-03,81.0,0.0,9.83,0.0,2.919625746648989,24.575,-0.8820480249558537,-6.0
2017-06-04,82.0,7.8,14.7,7.8,10.28168188465164,36.75,-0.8900275764346767,1.0
2017-06-05,86.0,0.1,13.12,0.1,8.839429601953894,32.8,-0.8977433935342337,4.0
2017-06-06,78.0,0.0,18.33,0.0,7.513515161660809,45.824999999999996,-0.9051931898913974,-8.0
2017-06-07,85.0,7.1,15.22,7.1,13.486487887411688,38.050000000000004,-0.9123747579707273,7.0
2017-06-08,80.0,0.0,14.8,0.0,11.463514704299934,37.0,-0.9192859697186104,-5.0
2017-06-09,79.0,0.0,15.92,0.0,9.743987498654944,39.8,-0.9259247771938498,-1.0
2017-06-10,82.0,0.0,16.8,0.0,8.282389373856702,42.0,-0.9322892131745133,3.0
2017-06-11,77.0,0.0,15.65,0.0,7.040030967778197,39.125,-0.9383773917408641,-5.0
2017-06-12,85.0,3.2,15.93,3.2,9.184026322611468,39.825,-0.9441875088341993,8.0
2017-06-13,96.0,1.1,13.78,1.1,8.906422374219748,34.449999999999996,-0.9497178427914316,11.0
2017-06-14,87.0,0.0,14.51,0.0,7.570459018086785,36.275,-0.9549667548552551,-9.0
2017-06-15,85.0,0.0,15.15,0.0,6.434890165373767,37.875,-0.9599326896597447,-2.0
2017-06-16,85.0,15.2,15.87,15.2,20.669656640567702,39.675,-0.9646141756912435,0.0
2017-06-17,90.0,0.0,15.46,0.0,17.569208144482545,38.650000000000006,-0.9690098257244062,5.0
2017-06-18,87.0,0.0,14.23,0.0,14.933826922810162,35.575,-0.9731183372332619,-3.0
2017-06-19,88.0,0.0,17.12,0.0,12.693752884388637,42.800000000000004,-0.9769384927771817,1.0
2017-06-20,90.0,0.0,17.02,0.0,10.789689951730342,42.55,-0.980469160361632,2.0
2017-06-21,95.0,0.0,16.04,0.0,9.17123645897079,40.099999999999994,-0.9837092937736097,5.0
2017-06-22,92.0,0.0,14.91,0.0,7.795550990125172,37.275,-0.986657932891657,-3.0
2017-06-23,91.0,0.0,16.73,0.0,6.626218341606395,41.825,-0.9893142039703663,-1.0
2017-06-24,92.0,0.2,15.34,0.2,5.832285590365436,38.35,-0.99167731989929,1.0
2017-06-25,93.0,1.6,15.68,1.6,6.557442751810621,39.2,-0.993746580436178,1.0
2017-06-26,101.0,0.4,15.38,0.4,5.973826339039028,38.45,-0.9955213724144752,8.0
2017-06-27,100.0,0.0,14.13,0.0,5.077752388183174,35.325,-0.9970011699250151,-1.0
2017-06-28,93.0,0.0,17.38,0.0,4.316089529955698,43.449999999999996,-0.9981855344718586,-7.0
2017-06-29,96.0,1.6,18.55,1.6,5.2686761004623435,46.375,-0.99907411510223,3.0
2017-06-30,106.0,3.1,17.96,3.1,7.578374685392992,44.900000000000006,-0.9996666485105112,10.0
2017-07-01,110.0,12.0,15.18,12.0,18.441618482584044,37.95,-0.9999629591162655,4.0
2017-07-02,100.0,1.5,14.89,1.5,17.175375710196437,37.225,-0.9999629591162655,-10.0
2017-07-03,100.0,0.0,15.02,0.0,14.599069353666971,37.55,-0.9996666485105112,0.0
2017-07-04,103.0,3.3,14.72,3.3,15.709208950616926,36.800000000000004,-0.99907411510223,3.0
2017-07-05,102.0,0.0,15.61,0.0,13.352827608024386,39.025,-0.9981855344718586,-1.0
2017-07-06,99.0,0.0,15.65,0.0,11.349903466820727,39.125,-0.9970011699250151,-3.0
2017-07-07,92.0,0.0,15.78,0.0,9.647417946797617,39.449999999999996,-0.9955213724144752,-7.0
2017-07-08,93.0,2.0,15.9,2.0,10.200305254777975,39.75,-0.9937465804361781,1.0
2017-07-09,94.0,0.0,16.07,0.0,8.670259466561278,40.175,-0.99167731989929,1.0
2017-07-10,88.0,8.0,18.36,8.0,15.369720546577085,45.9,-0.9893142039703664,-6.0
2017-07-11,95.0,0.7,17.07,0.7,13.764262464590521,42.675,-0.9866579328916572,7.0
2017-07-12,89.0,4.6,17.41,4.6,16.299623094901943,43.525,-0.9837092937736098,-6.0
2017-07-13,96.0,17.7,15.41,17.7,31.554679630666648,38.525,-0.9804691603616321,7.0
2017-07-14,95.0,0.0,15.68,0.0,26.82147768606665,39.2,-0.9769384927771817,-1.0
2017-07-15,93.0,0.0,15.07,0.0,22.79825603315665,37.675,-0.973118337233262,-2.0
2017-07-16,91.0,0.0,16.55,0.0,19.378517628183154,41.375,-0.9690098257244063,-2.0
2017-07-17,95.0,1.4,16.88,1.4,17.871739983955678,42.199999999999996,-0.9646141756912435,4.0
2017-07-18,95.0,0.0,16.88,0.0,15.190978986362326,42.199999999999996,-0.9599326896597445,0.0
2017-07-19,93.0,0.0,16.92,0.0,12.912332138407978,42.300000000000004,-0.9549667548552553,-2.0
2017-07-20,88.0,0.0,17.42,0.0,10.975482317646781,43.550000000000004,-0.9497178427914317,-5.0
2017-07-21,88.0,0.0,16.62,0.0,9.329159969999765,41.550000000000004,-0.9441875088341994,0.0
2017-07-22,82.0,0.0,17.54,0.0,7.9297859744998,43.849999999999994,-0.9383773917408642,-6.0
2017-07-23,80.0,0.0,18.87,0.0,6.7403180783248295,47.175000000000004,-0.9322892131745134,-2.0
2017-07-24,81.0,0.0,18.7,0.0,5.729270366576105,46.75,-0.9259247771938499,1.0
2017-07-25,77.0,0.0,20.25,0.0,4.869879811589689,50.625,-0.9192859697186105,-4.0
2017-07-26,78.0,0.5,19.62,0.5,4.639397839851235,49.050000000000004,-0.9123747579707274,1.0
2017-07-27,82.0,5.8,17.73,5.8,9.74348816387355,44.325,-0.9051931898913975,4.0
2017-07-28,78.0,0.3,18.12,0.3,8.581964939292519,45.300000000000004,-0.8977433935342336,-4.0
2017-07-29,73.0,0.0,18.35,0.0,7.294670198398641,45.875,-0.8900275764346766,-5.0
2017-07-30,70.0,0.0,21.53,0.0,6.200469668638845,53.825,-0.8820480249558535,-3.0
2017-07-31,73.0,11.5,18.88,11.5,16.770399218343016,47.199999999999996,-0.8738071036110807,3.0
2017-08-01,70.0,5.8,19.59,5.8,20.054839335591563,48.975,-0.8653072543632061,-3.0
2017-08-02,77.0,18.1,19.21,18.1,35.14661343525283,48.025000000000006,-0.8565509959010037,7.0
2017-08-03,72.0,3.6,19.03,3.6,33.474621419964905,47.575,-0.8475409228928312,-5.0
2017-08-04,80.0,0.3,19.33,0.3,28.75342820697017,48.324999999999996,-0.8382797052177745,8.0
2017-08-05,83.0,2.3,18.55,2.3,26.740413975924646,46.375,-0.828770087174504,3.0
2017-08-06,88.0,2.0,18.01,2.0,24.729351879535947,45.025000000000006,-0.8190148866680802,5.0
2017-08-07,84.0,0.0,17.72,0.0,21.019949097605554,44.3,-0.8090169943749472,-4.0
2017-08-08,78.0,0.0,18.15,0.0,17.86695673296472,45.375,-0.7987793728863648,-6.0
2017-08-09,82.0,0.0,20.61,0.0,15.186913223020012,51.525,-0.7883050558305253,4.0
2017-08-10,77.0,0.0,19.6,0.0,12.90887623956701,49.0,-0.7775971469736268,-5.0
2017-08-11,76.0,0.0,20.54,0.0,10.972544803631957,51.349999999999994,-0.7666588193001592,-1.0
2017-08-12,81.0,0.5,20.15,0.5,9.826663083087164,50.375,-0.7554933140726804,5.0
2017-08-13,84.0,0.4,18.0,0.4,8.752663620624089,45.0,-0.7441039398713608,3.0
2017-08-14,82.0,0.0,16.62,0.0,7.439764077530476,41.550000000000004,-0.7324940716135792,-2.0
2017-08-15,76.0,0.0,17.07,0.0,6.323799465900904,42.675,-0.7206671495538615,-6.0
2017-08-16,78.0,0.0,21.1,0.0,5.375229546015768,52.75,-0.7086266782644601,2.0
2017-08-17,78.0,1.0,17.68,1.0,5.5689451141134025,44.2,-0.6963762255968726,0.0
2017-08-18,75.0,0.0,18.72,0.0,4.733603346996392,46.8,-0.6839194216246105,-3.0
2017-08-19,78.0,0.3,19.6,0.3,4.323562844946933,49.0,-0.6712599575675315,3.0
2017-08-20,73.0,0.0,17.74,0.0,3.6750284182048927,44.349999999999994,-0.6584015846980489,-5.0
2017-08-21,80.0,0.0,16.6,0.0,3.1237741554741585,41.5,-0.64534811322955,7.0
2017-08-22,86.0,0.5,15.5,0.5,3.1552080321530345,38.75,-0.6321034111873488,6.0
2017-08-23,88.0,0.8,15.7,0.8,3.4819268273300796,39.25,-0.6186714032625032,2.0
2017-08-24,81.0,0.0,17.15,0.0,2.9596378032305677,42.875,-0.6050560696488494,-7.0
2017-08-25,89.0,2.1,17.68,2.1,4.615692132745982,44.2,-0.5912614448635782,8.0
2017-08-26,84.0,0.5,17.26,0.5,4.423338312834085,43.150000000000006,-0.5772916165517278,-5.0
2017-08-27,86.0,5.9,15.33,5.9,9.659837565908973,38.325,-0.5631507242749187,2.0
2017-08-28,83.0,0.0,14.79,0.0,8.210861931022626,36.974999999999994,-0.5488429582847199,-3.0
2017-08-29,73.0,0.0,15.03,0.0,6.979232641369231,37.574999999999996,-0.5343725582809785,-10.0
2017-08-30,74.0,0.0,18.26,0.0,5.932347745163846,45.650000000000006,-0.5197438121555157,1.0
2017-08-31,83.0,0.6,19.74,0.6,5.642495583389269,49.349999999999994,-0.5049610547215202,9.0
2017-09-01,82.0,1.2,16.15,1.2,5.996121245880879,40.375,-0.4900286664290594,-1.0
2017-09-02,87.0,27.6,13.17,27.6,32.69670305899875,32.925,-0.4749510720670502,5.0
2017-09-03,97.0,0.8,14.93,0.8,28.59219760014894,37.325,-0.4597327394521046,10.0
2017-09-04,95.0,13.3,16.43,13.3,37.6033679601266,41.075,-0.44437817810461344,-2.0
2017-09-05,88.0,0.0,14.65,0.0,31.962862766107605,36.625,-0.4288919379124841,-7.0
2017-09-06,82.0,0.0,13.04,0.0,27.168433351191464,32.599999999999994,-0.41327860778290443,-6.0
2017-09-07,86.0,0.6,11.67,0.6,23.693168348512746,29.175,-0.3975428142825566,4.0
2017-09-08,86.0,7.6,14.95,7.6,27.73919309623583,37.375,-0.3816892202666586,0.0
2017-09-09,81.0,2.9,16.95,2.9,26.478314131800452,42.375,-0.3657225234972692,-5.0
2017-09-10,81.0,2.7,15.57,2.7,25.206567012030384,38.925,-0.34964745525122826,0.0
2017-09-11,76.0,30.7,16.63,30.7,52.12558196022583,41.574999999999996,-0.33346877891818705,-5.0
2017-09-12,81.0,2.2,16.47,2.2,46.506744666191956,41.175,-0.31719128858910595,5.0
2017-09-13,86.0,8.2,15.6,8.2,47.73073296626316,39.0,-0.300819807635668,5.0
2017-09-14,112.0,6.0,15.15,6.0,46.571123021323686,37.875,-0.2843591872810036,26.0
2017-09-15,114.0,18.8,14.59,18.8,58.38545456812513,36.475,-0.26781430516217486,2.0
2017-09-16,122.0,0.9,14.83,0.9,50.52763638290636,37.075,-0.25119006388481957,8.0
2017-09-17,125.0,0.3,12.55,0.3,43.2484909254704,31.375,-0.23449138957041052,3.0
2017-09-18,122.0,40.7,12.13,40.7,77.46121728664984,30.325000000000003,-0.21772323039653224,-3.0
2017-09-19,145.0,0.3,14.6,0.3,66.14203469365236,36.5,-0.20089055513063528,23.0
2017-09-20,165.0,2.4,13.41,2.4,58.62072948960451,33.525,-0.18399835165767986,20.0
2017-09-21,162.0,6.8,11.68,6.8,56.62762006616383,29.2,-0.1670516255021195,-3.0
2017-09-22,145.0,0.0,14.56,0.0,48.13347705623925,36.4,-0.15005539834465262,-17.0
2017-09-23,125.0,0.0,16.21,0.0,40.91345549780336,40.525000000000006,-0.13301470653419636,-20.0
2017-09-24,108.0,0.0,15.51,0.0,34.776437173132855,38.775,-0.11593459959550066,-17.0
2017-09-25,96.0,0.0,14.97,0.0,29.559971597162924,37.425000000000004,-0.09882013873287211,-12.0
2017-09-26,88.0,0.0,15.22,0.0,25.125975857588486,38.050000000000004,-0.08167639533042288,-8.0
2017-09-27,85.0,0.0,13.44,0.0,21.35707947895021,33.6,-0.06450844944931625,-3.0
2017-09-28,80.0,0.0,12.46,0.0,18.15351755710768,31.150000000000002,-0.04732138832243232,-5.0
2017-09-29,75.0,0.0,10.95,0.0,15.430489923541527,27.375,-0.03012030484690836,-5.0
2017-09-30,68.0,0.0,9.25,0.0,13.115916435010298,23.125,-0.012910296075008843,-7.0
2017-10-01,63.0,0.0,8.47,0.0,11.148528969758754,21.175,0.004303538296243821,-5.0
2017-10-02,57.0,4.3,9.81,4.3,13.776249624294941,24.525000000000002,0.021516097436222233,-6.0
2017-10-03,67.0,18.8,12.85,18.8,30.509812180650698,32.125,0.03872228089217399,10.0
2017-10-04,89.0,11.0,12.09,11.0,36.93334035355309,30.225,0.05591699010060302,22.0
2017-10-05,106.0,4.7,11.36,4.7,36.09333930052013,28.4,0.07309512989807776,17.0
2017-10-06,133.0,2.1,12.15,2.1,32.77933840544211,30.375,0.0902516100310407,27.0
2017-10-07,147.0,15.1,12.25,15.1,42.962437644625794,30.625,0.10738134666416306,14.0
2017-10-08,169.0,13.8,10.3,13.8,50.31807199793192,25.75,0.12447926388678869,22.0
2017-10-09,212.0,11.6,9.26,11.6,54.370361198242136,23.15,0.141540295217043,43.0
2017-10-10,242.0,7.8,10.45,7.8,54.01480701850581,26.125,0.15855938510313475,30.0
2017-10-11,248.0,19.1,11.07,19.1,65.01258596572994,27.675,0.17553149042142777,6.0
2017-10-12,233.0,6.5,12.8,6.5,61.76069807087045,32.0,0.19245158197082995,-15.0
2017-10-13,222.0,3.6,11.0,3.6,56.09659336023988,27.5,0.20931464596304888,-11.0
2017-10-14,213.0,4.2,12.51,4.2,51.8821043562039,31.275,0.22611568550828803,-9.0
2017-10-15,197.0,0.0,12.72,0.0,44.09978870277331,31.8,0.2428497220959358,-16.0
2017-10-16,180.0,0.0,13.04,0.0,37.48482039735731,32.599999999999994,0.25951179706979943,-17.0
2017-10-17,159.0,0.0,13.06,0.0,31.862097337753713,32.65,0.27609697309746883,-21.0
2017-10-18,140.0,0.0,12.04,0.0,27.082782737090657,30.099999999999998,0.2926003356333479,-19.0
2017-10-19,129.0,0.0,7.62,0.0,23.020365326527056,19.05,0.30901699437494723,-11.0
2017-10-20,116.0,0.4,7.13,0.4,19.967310527547994,17.825,0.3253420847119795,-13.0
2017-10-21,110.0,2.2,6.48,2.2,19.172213948415795,16.200000000000003,0.341570769167856,-6.0
2017-10-22,101.0,1.6,4.05,1.6,17.896381856153425,10.125,0.35769823883312546,-9.0
2017-10-23,102.0,6.5,2.66,6.5,21.71192457773041,6.65,0.3737197147904692,1.0
2017-10-24,96.0,0.0,2.87,0.0,18.45513589107085,7.175000000000001,0.38963044953078774,-6.0
2017-10-25,91.0,18.9,5.67,18.9,34.586865507410224,14.175,0.4054257283599973,-5.0
2017-10-26,115.0,0.2,11.21,0.2,29.598835681298688,28.025000000000002,0.42110087079608916,24.0
2017-10-27,135.0,3.4,6.49,3.4,28.559010329103884,16.225,0.4366512319560638,20.0
2017-10-28,151.0,17.7,8.91,17.7,41.9751587797383,22.275,0.45207220393230374,16.0
2017-10-29,172.0,6.1,6.22,6.1,41.77888496277755,15.549999999999999,0.46735921715800205,21.0
2017-10-30,191.0,22.2,4.48,22.2,57.712052218360924,11.200000000000001,0.48250774176121763,19.0
2017-10-31,184.0,2.4,6.04,2.4,51.45524438560678,15.1,0.4975132889071803,-7.0
2017-11-01,178.0,6.4,9.24,6.4,50.13695772776576,23.1,0.5123714121284235,-6.0
2017-11-02,180.0,16.2,9.67,16.2,58.81641406860089,24.175,0.5270777086423724,2.0
2017-11-03,187.0,1.8,8.42,1.8,51.79395195831076,21.05,0.5416278206559811,7.0
2017-11-04,172.0,0.0,8.97,0.0,44.02485916456414,22.425,0.5560174366570446,-15.0
2017-11-05,148.0,0.0,7.26,0.0,37.42113028987952,18.15,0.5702422926917867,-24.0
2017-11-06,134.0,0.6,6.58,0.6,32.40796074639759,16.45,0.5842981736283683,-14.0
2017-11-07,121.0,0.0,5.07,0.0,27.54676663443795,12.675,0.5981809144059159,-13.0
2017-11-08,111.0,0.0,6.22,0.0,23.414751639272257,15.549999999999999,0.6118864012687242,-10.0
2017-11-09,105.0,1.0,5.37,1.0,20.90253889338142,13.425,0.6254105729852457,-6.0
2017-11-10,108.0,6.2,7.91,6.2,23.967158059374203,19.775,0.6387494220515268,3.0
2017-11-11,145.0,12.0,6.7,12.0,32.37208435046807,16.75,0.6518989958787125,37.0
2017-11-12,158.0,5.0,7.09,5.0,32.516271697897864,17.725,0.6648553979642867,13.0
2017-11-13,184.0,28.8,3.64,28.8,56.43883094321318,9.1,0.6776147890466887,26.0
2017-11-14,206.0,8.2,5.02,8.2,56.173006301731206,12.549999999999999,0.690173388242972,22.0
2017-11-15,191.0,1.2,8.0,1.2,48.94705535647153,20.0,0.7025274741691566,-15.0
2017-11-16,181.0,0.0,7.64,0.0,41.6049970530008,19.099999999999998,0.7146733860429608,-10.0
2017-11-17,162.0,3.6,7.67,3.6,38.96424749505068,19.175,0.726607524768565,-19.0
2017-11-18,156.0,7.6,6.49,7.6,40.71961037079308,16.225,0.7383263540031063,-6.0
2017-11-19,174.0,23.1,4.96,23.1,57.711668815174114,12.4,0.749826401204568,18.0
2017-11-20,258.0,5.3,2.06,5.3,54.354918492897994,5.15,0.7611042586607742,84.0
2017-11-21,297.0,2.8,2.35,2.8,49.00168071896329,5.875,0.7721565844991641,39.0
2017-11-22,233.0,0.6,0.23,0.6,42.2514286111188,0.5750000000000001,0.7829801036770625,-64.0
2017-11-23,174.0,0.7,4.84,0.7,36.61371431945098,12.1,0.7935716089521472,-59.0
2017-11-24,147.0,1.7,7.26,1.7,32.82165717153333,18.15,0.8039279618328208,-27.0
2017-11-25,138.0,16.6,6.43,16.6,44.49840859580333,16.075,0.8140460935082175,-9.0
2017-11-26,160.0,0.5,5.67,0.5,38.32364730643283,14.175,0.8239230057575536,22.0
2017-11-27,184.0,6.7,4.9,6.7,39.27510021046791,12.25,0.8335557718385695,24.0
2017-11-28,186.0,7.9,1.72,7.9,41.283835178897725,4.3,0.8429415373547832,2.0
2017-11-29,178.0,1.0,2.77,1.0,36.091259902063065,6.925,0.8520775211013093,-8.0
2017-11-30,163.0,5.0,1.4,5.0,35.67757091675361,3.5,0.8609610158889945,-15.0
2017-12-01,157.0,7.5,1.49,7.5,37.82593527924057,3.725,0.8695893893466109,-6.0
2017-12-02,147.0,0.4,4.42,0.4,32.55204498735448,11.05,0.8779600847008883,-10.0
2017-12-03,143.0,3.5,3.95,3.5,31.169238239251307,9.875,0.8860706215341377,-4.0
2017-12-04,149.0,5.9,3.25,5.9,32.39385250336361,8.125,0.893918596519257,6.0
2017-12-05,158.0,1.4,5.51,1.4,28.934774627859067,13.774999999999999,0.9015016841318838,9.0
2017-12-06,155.0,0.6,4.29,0.6,25.194558433680207,10.725,0.9088176373395028,-3.0
2017-12-07,163.0,6.7,6.43,6.7,28.115374668628174,16.075,0.9158642882672868,8.0
2017-12-08,169.0,8.7,5.39,8.7,32.59806846833395,13.475,0.9226395488404875,6.0
2017-12-09,188.0,1.5,3.4,1.5,29.208358198083857,8.5,0.9291414114031743,19.0
2017-12-10,196.0,9.3,2.05,9.3,34.12710446837128,5.125,0.935367949313148,8.0
2017-12-11,179.0,0.3,0.89,0.3,29.308038798115586,2.225,0.941317317512847,-17.0
2017-12-12,168.0,7.9,5.32,7.9,32.81183297839825,13.3,0.946987753076075,-11.0
2017-12-13,173.0,2.7,3.0,2.7,30.59005803163851,7.5,0.9523775757303973,5.0
2017-12-14,183.0,4.5,1.22,4.5,30.501549326892732,3.05,0.9574851883550389,10.0
2017-12-15,180.0,6.7,3.17,6.7,32.626316927858824,7.925,0.9623090774541487,-3.0
2017-12-16,183.0,6.8,1.88,6.8,34.532369388679996,4.699999999999999,0.9668478136052773,3.0
2017-12-17,179.0,6.9,2.31,6.9,36.252513980378,5.775,0.9711000518829505,-4.0
2017-12-18,167.0,1.4,0.2,1.4,32.2146368833213,0.5,0.9750645322571945,-12.0
2017-12-19,154.0,2.2,2.69,2.2,29.5824413508231,6.725,0.9787400799669153,-13.0
2017-12-20,137.0,0.2,1.82,0.2,25.345075148199633,4.55,0.9821256058680006,-17.0
2017-12-21,137.0,5.4,3.65,5.4,26.943313875969686,9.125,0.9852201067560606,0.0
2017-12-22,144.0,0.0,4.58,0.0,22.901816794574234,11.45,0.9880226656636976,7.0
2017-12-23,152.0,4.5,5.67,4.5,23.9665442753881,14.175,0.9905324521322227,8.0
2017-12-24,163.0,3.1,5.65,3.1,23.471562634079884,14.125,0.9927487224577402,11.0
2017-12-25,172.0,6.2,5.97,6.2,26.1508282389679,14.924999999999999,0.9946708199115211,9.0
2017-12-26,173.0,0.0,6.01,0.0,22.228204003122716,15.024999999999999,0.9962981749346077,1.0
2017-12-27,168.0,0.0,3.95,0.0,18.893973402654307,9.875,0.9976303053065857,-5.0
2017-12-28,155.0,0.3,4.9,0.3,16.359877392256163,12.25,0.9986668162884759,-13.0
2017-12-29,142.0,3.2,4.61,3.2,17.105895783417736,11.525,0.9994074007397048,-13.0
2017-12-30,130.0,2.4,2.42,2.4,16.940011415905076,6.05,0.9998518392091162,-12.0
2017-12-31,128.0,2.3,0.74,2.3,16.699009703519312,1.85,1.0,-2.0
2018-01-01,139.0,16.5,5.76,16.5,30.694158247991417,14.399999999999999,0.9998518392091162,11.0
2018-01-02,160.0,0.7,3.82,0.7,26.790034510792704,9.549999999999999,0.9994074007397048,21.0
2018-01-03,156.0,2.3,2.03,2.3,25.0715293341738,5.074999999999999,0.998666816288476,-4.0
2018-01-04,152.0,5.2,4.07,5.2,26.51079993404773,10.175,0.9976303053065857,-4.0
2018-01-05,154.0,10.5,4.52,10.5,33.03417994394057,11.299999999999999,0.9962981749346078,2.0
2018-01-06,175.0,2.1,3.82,2.1,30.179052952349487,9.549999999999999,0.9946708199115211,21.0
2018-01-07,174.0,0.0,1.88,0.0,25.652195009497063,4.699999999999999,0.9927487224577402,-1.0
2018-01-08,155.0,0.0,3.58,0.0,21.804365758072503,8.95,0.9905324521322229,-19.0
2018-01-09,127.0,0.0,1.87,0.0,18.533710894361626,4.675000000000001,0.9880226656636976,-28.0
2018-01-10,113.0,0.0,-0.64,0.0,15.753654260207382,0.0,0.9852201067560606,-14.0
2018-01-11,108.0,0.0,-3.62,0.0,13.390606121176274,0.0,0.9821256058680006,-5.0
2018-01-12,97.0,0.0,-1.62,0.0,11.382015202999833,0.0,0.9787400799669153,-11.0
2018-01-13,90.0,0.0,-2.44,0.0,9.674712922549858,0.0,0.9750645322571948,-7.0
2018-01-14,83.0,0.0,-6.67,0.0,8.22350598416738,0.0,0.9711000518829505,-7.0
2018-01-15,67.0,0.0,-7.2,0.0,6.989980086542273,0.0,0.9668478136052775,-16.0
2018-01-16,55.0,3.2,-6.14,3.2,9.141483073560932,0.0,0.9623090774541486,-12.0
2018-01-17,80.0,2.3,-5.33,2.3,10.070260612526791,0.0,0.9574851883550393,25.0
2018-01-18,82.0,3.4,-1.19,3.4,11.959721520647772,0.0,0.9523775757303974,2.0
2018-01-19,88.0,0.0,-1.89,0.0,10.165763292550606,0.0,0.9469877530760753,6.0
2018-01-20,82.0,0.0,-4.34,0.0,8.640898798668015,0.0,0.9413173175128471,-6.0
2018-01-21,82.0,0.0,-3.16,0.0,7.344763978867813,0.0,0.9353679493131483,0.0
2018-01-22,79.0,0.0,-6.15,0.0,6.243049382037641,0.0,0.9291414114031743,-3.0
2018-01-23,75.0,0.0,-5.58,0.0,5.306591974731995,0.0,0.9226395488404876,-4.0
2018-01-24,63.0,4.5,0.06,4.5,9.010603178522196,0.15,0.9158642882672872,-12.0
2018-01-25,67.0,0.9,3.82,0.9,8.559012701743866,9.549999999999999,0.9088176373395029,4.0
2018-01-26,83.0,6.8,2.69,6.8,14.075160796482287,6.725,0.901501684131884,16.0
2018-01-27,91.0,0.7,2.78,0.7,12.663886677009943,6.949999999999999,0.893918596519257,8.0
2018-01-28,99.0,7.2,3.93,7.2,17.964303675458453,9.825000000000001,0.886070621534138,8.0
2018-01-29,124.0,10.0,3.88,10.0,25.269658124139685,9.7,0.8779600847008882,25.0
2018-01-30,159.0,1.6,2.48,1.6,23.079209405518732,6.2,0.869589389346611,35.0
2018-01-31,166.0,4.2,2.18,4.2,23.81732799469092,5.45,0.8609610158889943,7.0
2018-02-01,159.0,5.0,2.73,5.0,25.244728795487283,6.825,0.8520775211013093,-7.0
2018-02-02,169.0,0.0,0.15,0.0,21.45801947616419,0.375,0.8429415373547828,10.0
2018-02-03,155.0,0.0,0.15,0.0,18.23931655473956,0.375,0.8335557718385699,-14.0
2018-02-04,134.0,0.0,-1.34,0.0,15.503419071528626,0.0,0.8239230057575542,-21.0
2018-02-05,116.0,0.0,-4.07,0.0,13.177906210799332,0.0,0.8140460935082178,-18.0
2018-02-06,111.0,0.9,-2.17,0.9,12.101220279179433,0.0,0.8039279618328213,-5.0
2018-02-07,96.0,2.6,-2.38,2.6,12.886037237302517,0.0,0.7935716089521474,-15.0
2018-02-08,87.0,0.0,-8.2,0.0,10.953131651707139,0.0,0.7829801036770629,-9.0
2018-02-09,83.0,0.0,-4.88,0.0,9.310161903951068,0.0,0.7721565844991642,-4.0
2018-02-10,80.0,0.0,-7.6,0.0,7.913637618358408,0.0,0.7611042586607747,-3.0
2018-02-11,75.0,0.0,-4.59,0.0,6.726591975604646,0.0,0.7498264012045686,-5.0
2018-02-12,75.0,1.0,-0.68,1.0,6.717603179263949,0.0,0.7383263540031065,0.0
2018-02-13,73.0,0.0,-0.39,0.0,5.709962702374357,0.0,0.7266075247685656,-2.0
2018-02-14,77.0,0.0,-1.5,0.0,4.853468297018203,0.0,0.7146733860429609,4.0
2018-02-15,70.0,0.0,-2.73,0.0,4.125448052465472,0.0,0.702527474169157,-7.0
2018-02-16,71.0,1.4,-2.13,1.4,4.906630844595652,0.0,0.6901733882429719,1.0
2018-02-17,82.0,4.4,-1.45,4.4,8.570636217906305,0.0,0.6776147890466889,11.0
2018-02-18,77.0,0.0,-1.62,0.0,7.285040785220359,0.0,0.6648553979642865,-5.0
2018-02-19,76.0,2.8,0.43,2.8,8.992284667437305,1.075,0.6518989958787126,-1.0
2018-02-20,75.0,1.9,-2.53,1.9,9.543441967321709,0.0,0.6387494220515272,-1.0
2018-02-21,71.0,0.0,-7.62,0.0,8.111925672223451,0.0,0.6254105729852463,-4.0
2018-02-22,65.0,0.0,-10.76,0.0,6.895136821389934,0.0,0.6118864012687243,-6.0
2018-02-23,70.0,4.9,-9.32,4.9,10.760866298181444,0.0,0.5981809144059164,5.0
2018-02-24,65.0,0.0,-10.25,0.0,9.146736353454227,0.0,0.5842981736283683,-5.0
2018-02-25,64.0,0.0,-13.25,0.0,7.774725900436092,0.0,0.5702422926917871,-1.0
2018-02-26,65.0,0.0,-11.87,0.0,6.608517015370678,0.0,0.5560174366570446,1.0
2018-02-27,60.0,0.0,-14.05,0.0,5.617239463065077,0.0,0.5416278206559814,-5.0
2018-02-28,56.0,0.0,-14.04,0.0,4.774653543605315,0.0,0.5270777086423722,-4.0
2018-03-01,56.0,2.0,-11.49,2.0,6.058455512064518,0.0,0.5123714121284237,0.0
2018-03-02,54.0,0.0,-7.65,0.0,5.14968718525484,0.0,0.49751328890718066,-2.0
2018-03-03,51.0,0.0,-9.28,0.0,4.377234107466614,0.0,0.48250774176121847,-3.0
2018-03-04,48.0,0.0,-6.52,0.0,3.720648991346622,0.0,0.46735921715800227,-3.0
2018-03-05,43.0,0.0,-5.71,0.0,3.1625516426446283,0.0,0.45207220393230435,-5.0
2018-03-06,46.0,0.0,-0.47,0.0,2.6881688962479338,0.0,0.43665123195606403,3.0
2018-03-07,46.0,0.0,-1.1,0.0,2.2849435618107434,0.0,0.4211008707960896,0.0
2018-03-08,49.0,0.4,0.61,0.4,2.3422020275391318,1.525,0.40542572835999735,3.0
2018-03-09,49.0,0.3,2.27,0.3,2.290871723408262,5.675,0.38963044953078796,0.0
2018-03-10,52.0,0.4,1.12,0.4,2.3472409648970225,2.8000000000000003,0.37371971479046906,3.0
2018-03-11,55.0,0.3,2.37,0.3,2.295154820162469,5.925000000000001,0.35769823883312546,3.0
2018-03-12,66.0,2.4,5.55,2.4,4.350881597138098,13.875,0.3415707691678556,11.0
2018-03-13,88.0,8.0,4.29,8.0,11.698249357567384,10.725,0.3253420847119801,22.0
2018-03-14,104.0,0.6,0.67,0.6,10.543511953932276,1.675,0.30901699437494745,16.0
2018-03-15,95.0,0.0,-1.6,0.0,8.961985160842435,0.0,0.29260033563334836,-9.0
2018-03-16,72.0,0.0,-4.88,0.0,7.617687386716069,0.0,0.27609697309746883,-23.0
2018-03-17,59.0,0.0,-5.2,0.0,6.475034278708659,0.0,0.2595117970697999,-13.0
2018-03-18,49.0,0.0,-3.06,0.0,5.503779136902359,0.0,0.2428497220959356,-10.0
2018-03-19,48.0,0.0,0.98,0.0,4.678212266367005,2.45,0.22611568550828828,-1.0
2018-03-20,58.0,0.3,0.23,0.3,4.276480426411954,0.5750000000000001,0.20931464596304847,10.0
2018-03-21,52.0,0.0,-0.35,0.0,3.635008362450161,0.0,0.19245158197082998,-6.0
2018-03-22,57.0,0.3,1.91,0.3,3.3897571080826365,4.7749999999999995,0.1755314904214282,5.0
2018-03-23,62.0,0.0,1.45,0.0,2.881293541870241,3.625,0.15855938510313478,5.0
2018-03-24,56.0,0.0,1.05,0.0,2.4490995105897047,2.625,0.141540295217043,-6.0
2018-03-25,59.0,0.0,3.38,0.0,2.081734584001249,8.45,0.12447926388678915,3.0
2018-03-26,69.0,0.6,2.15,0.6,2.3694743964010616,5.375,0.10738134666416309,10.0
2018-03-27,61.0,0.0,-0.99,0.0,2.014053236940902,0.0,0.09025161003104117,-8.0
2018-03-28,55.0,0.0,-1.34,0.0,1.7119452513997668,0.0,0.07309512989807777,-6.0
2018-03-29,50.0,0.2,0.72,0.2,1.6551534636898018,1.7999999999999998,0.055916990100603484,-5.0
2018-03-30,64.0,3.2,0.85,3.2,4.606880444136332,2.125,0.03872228089217446,14.0
2018-03-31,53.0,0.0,1.8,0.0,3.9158483775158817,4.5,0.021516097436222254,-11.0
2018-04-01,60.0,11.2,2.64,11.2,14.528471120888499,6.6000000000000005,0.004303538296244289,7.0
2018-04-02,76.0,2.0,1.65,2.0,14.349200452755223,4.125,-0.01291029607500882,16.0
2018-04-03,74.0,2.9,3.23,2.9,15.09682038484194,8.075,-0.030120304846908114,-2.0
2018-04-04,76.0,0.4,9.51,0.4,13.23229732711565,23.775,-0.04732138832243185,2.0
2018-04-05,82.0,0.5,7.24,0.5,11.747452728048302,18.1,-0.06450844944931623,6.0
2018-04-06,93.0,0.0,4.02,0.0,9.985334818841055,10.049999999999999,-0.08167639533042241,11.0
2018-04-07,78.0,0.0,6.55,0.0,8.487534596014896,16.375,-0.09882013873287143,-15.0
2018-04-08,72.0,0.0,12.9,0.0,7.214404406612662,32.25,-0.11593459959550041,-6.0
2018-04-09,73.0,2.7,12.98,2.7,8.832243745620762,32.45,-0.1330147065341959,1.0
2018-04-10,72.0,0.0,7.81,0.0,7.507407183777647,19.525,-0.1500553983446526,-1.0
2018-04-11,67.0,0.0,7.84,0.0,6.381296106211,19.6,-0.16705162550211924,-5.0
2018-04-12,63.0,0.0,10.45,0.0,5.4241016902793495,26.125,-0.18399835165768005,-4.0
2018-04-13,59.0,0.0,13.42,0.0,4.610486436737447,33.55,-0.20089055513063506,-4.0
2018-04-14,59.0,1.5,13.48,1.5,5.41891347122683,33.7,-0.21772323039653177,0.0
2018-04-15,55.0,0.0,12.4,0.0,4.606076450542806,31.0,-0.23449138957040985,-4.0
2018-04-16,59.0,0.0,13.88,0.0,3.9151649829613846,34.7,-0.25119006388481935,4.0
2018-04-17,58.0,5.3,6.69,5.3,8.627890235517176,16.725,-0.2678143051621742,-1.0
2018-04-18,60.0,0.0,6.88,0.0,7.3337067001896,17.2,-0.2843591872810034,2.0
2018-04-19,59.0,0.0,7.02,0.0,6.23365069516116,17.549999999999997,-0.30081980763566735,-1.0
2018-04-20,56.0,0.0,8.4,0.0,5.298603090886986,21.0,-0.3171912885891061,-3.0
2018-04-21,63.0,0.0,7.9,0.0,4.503812627253938,19.75,-0.3334687789181868,7.0
2018-04-22,64.0,0.0,6.95,0.0,3.828240733165847,17.375,-0.3496474552512284,1.0
2018-04-23,64.0,2.4,9.6,2.4,5.6540046231909695,24.0,-0.36572252349726897,0.0
2018-04-24,68.0,2.7,7.5,2.7,7.505903929712324,18.75,-0.3816892202666588,4.0
2018-04-25,69.0,7.4,7.0,7.4,13.780018340255475,17.5,-0.39754281428255595,1.0
2018-04-26,71.0,0.0,6.92,0.0,11.713015589217154,17.3,-0.4132786077829042,2.0
2018-04-27,71.0,0.0,7.53,0.0,9.95606325083458,18.825,-0.4288919379124835,0.0
2018-04-28,69.0,0.0,10.87,0.0,8.462653763209392,27.174999999999997,-0.4443781781046132,-2.0
2018-04-29,72.0,0.0,9.82,0.0,7.193255698727983,24.55,-0.45973273945210397,3.0
2018-04-30,72.0,5.3,16.55,5.3,11.414267343918784,41.375,-0.47495107206704995,0.0
2018-05-01,75.0,6.0,12.83,6.0,15.702127242330967,32.075,-0.49002866642905923,3.0
2018-05-02,69.0,0.0,9.45,0.0,13.346808155981321,23.625,-0.5049610547215204,-6.0
2018-05-03,72.0,7.4,11.98,7.4,18.744786932584123,29.950000000000003,-0.5197438121555155,3.0
2018-05-04,69.0,0.0,8.45,0.0,15.933068892696504,21.125,-0.5343725582809787,-3.0
2018-05-05,70.0,0.0,7.92,0.0,13.543108558792028,19.8,-0.548842958284719,1.0
2018-05-06,68.0,0.0,9.0,0.0,11.511642274973223,22.5,-0.5631507242749186,-2.0
2018-05-07,68.0,0.0,10.83,0.0,9.78489593372724,27.075,-0.5772916165517272,0.0
2018-05-08,68.0,0.0,14.93,0.0,8.317161543668155,37.325,-0.5912614448635781,0.0
2018-05-09,67.0,0.0,19.35,0.0,7.069587312117931,48.375,-0.6050560696488488,-1.0
2018-05-10,66.0,0.0,21.72,0.0,6.0091492153002415,54.3,-0.6186714032625031,-1.0
2018-05-11,69.0,0.0,21.13,0.0,5.107776833005205,52.824999999999996,-0.6321034111873487,3.0
2018-05-12,66.0,0.0,18.23,0.0,4.341610308054424,45.575,-0.6453481132295501,-3.0
2018-05-13,65.0,0.0,21.4,0.0,3.69036876184626,53.5,-0.6584015846980488,-1.0
2018-05-14,65.0,0.0,18.58,0.0,3.1368134475693212,46.449999999999996,-0.6712599575675313,0.0
2018-05-15,64.0,0.0,15.9,0.0,2.666291430433923,39.75,-0.6839194216246106,-1.0
2018-05-16,63.0,0.0,16.37,0.0,2.2663477158688345,40.925000000000004,-0.6963762255968722,-1.0
2018-05-17,69.0,0.0,16.98,0.0,1.9263955584885093,42.45,-0.7086266782644596,6.0
2018-05-18,71.0,0.3,11.01,0.3,1.9374362247152328,27.525,-0.7206671495538609,2.0
2018-05-19,64.0,0.0,8.99,0.0,1.6468207910079478,22.475,-0.7324940716135789,-7.0
2018-05-20,59.0,0.0,11.57,0.0,1.3997976723567556,28.925,-0.7441039398713607,-5.0
2018-05-21,59.0,0.0,16.45,0.0,1.1898280215032422,41.125,-0.7554933140726803,0.0
2018-05-22,62.0,1.6,15.27,1.6,2.611353818277756,38.175,-0.766658819300159,3.0
2018-05-23,60.0,0.0,12.82,0.0,2.2196507455360925,32.05,-0.777597146973627,-2.0
2018-05-24,59.0,0.0,12.25,0.0,1.8867031337056785,30.625,-0.7883050558305255,-1.0
2018-05-25,58.0,0.0,20.79,0.0,1.6036976636498268,51.974999999999994,-0.7987793728863649,-1.0
2018-05-26,57.0,3.4,17.15,3.4,4.7631430141023525,42.875,-0.8090169943749473,-1.0
2018-05-27,57.0,0.0,16.82,0.0,4.048671561987,42.05,-0.8190148866680801,0.0
2018-05-28,55.0,0.0,20.44,0.0,3.44137082768895,51.1,-0.8287700871745037,-2.0
2018-05-29,51.0,0.0,22.68,0.0,2.9251652035356073,56.7,-0.8382797052177743,-4.0
2018-05-30,48.0,0.0,21.41,0.0,2.486390423005266,53.525,-0.8475409228928311,-3.0
2018-05-31,45.0,0.0,20.69,0.0,2.113431859554476,51.725,-0.8565509959010036,-3.0
2018-06-01,42.0,0.0,20.68,0.0,1.7964170806213045,51.7,-0.865307254363206,-3.0
2018-06-02,44.0,0.0,17.14,0.0,1.5269545185281088,42.85,-0.8738071036110808,2.0
2018-06-03,43.0,0.0,17.11,0.0,1.2979113407488925,42.775,-0.8820480249558537,-1.0
2018-06-04,51.0,0.0,16.13,0.0,1.1032246396365586,40.324999999999996,-0.8900275764346767,8.0
2018-06-05,52.0,0.0,10.02,0.0,0.9377409436910747,25.049999999999997,-0.8977433935342337,1.0
2018-06-06,48.0,0.0,9.84,0.0,0.7970798021374135,24.6,-0.9051931898913974,-4.0
2018-06-07,44.0,0.0,12.63,0.0,0.6775178318168015,31.575000000000003,-0.9123747579707273,-4.0
2018-06-08,47.0,0.0,15.06,0.0,0.5758901570442813,37.65,-0.9192859697186104,3.0
2018-06-09,46.0,0.0,17.48,0.0,0.48950663348763906,43.7,-0.9259247771938498,-1.0
2018-06-10,46.0,0.0,20.59,0.0,0.41608063846449317,51.475,-0.9322892131745133,0.0
2018-06-11,52.0,2.7,16.78,2.7,3.0536685426948194,41.95,-0.9383773917408641,6.0
2018-06-12,57.0,0.3,15.6,0.3,2.895618261290596,39.0,-0.9441875088341993,5.0
2018-06-13,58.0,0.0,15.28,0.0,2.4612755220970066,38.199999999999996,-0.9497178427914316,1.0
2018-06-14,59.0,0.0,16.25,0.0,2.0920841937824557,40.625,-0.9549667548552551,1.0
2018-06-15,53.0,0.0,15.72,0.0,1.7782715647150873,39.300000000000004,-0.9599326896597447,-6.0
2018-06-16,59.0,0.0,16.4,0.0,1.511530830007824,41.0,-0.9646141756912435,6.0
2018-06-17,61.0,0.0,18.42,0.0,1.2848012055066504,46.050000000000004,-0.9690098257244062,2.0
2018-06-18,58.0,0.0,18.42,0.0,1.092081024680653,46.050000000000004,-0.9731183372332619,-3.0
2018-06-19,62.0,0.0,18.36,0.0,0.9282688709785549,45.9,-0.9769384927771817,4.0
2018-06-20,65.0,0.0,17.28,0.0,0.7890285403317717,43.2,-0.980469160361632,3.0
2018-06-21,69.0,3.4,17.93,3.4,4.070674259282006,44.825,-0.9837092937736097,4.0
2018-06-22,82.0,0.4,15.61,0.4,3.8600731203897047,39.025,-0.986657932891657,13.0
2018-06-23,82.0,2.0,14.28,2.0,5.281062152331248,35.699999999999996,-0.9893142039703663,0.0
2018-06-24,82.0,7.1,13.35,7.1,11.588902829481562,33.375,-0.99167731989929,0.0
2018-06-25,84.0,2.1,13.5,2.1,11.950567405059326,33.75,-0.993746580436178,2.0
2018-06-26,81.0,0.0,15.62,0.0,10.157982294300426,39.05,-0.9955213724144752,-3.0
2018-06-27,76.0,0.0,19.96,0.0,8.634284950155362,49.900000000000006,-0.9970011699250151,-5.0
2018-06-28,71.0,0.0,20.21,0.0,7.339142207632057,50.525000000000006,-0.9981855344718586,-5.0
2018-06-29,74.0,0.0,15.65,0.0,6.238270876487248,39.125,-0.99907411510223,3.0
2018-06-30,72.0,0.6,13.54,0.6,5.902530245014161,33.849999999999994,-0.9996666485105112,-2.0
2018-07-01,74.0,0.0,12.59,0.0,5.017150708262037,31.475,-0.9999629591162655,2.0
2018-07-02,75.0,4.4,10.27,4.4,8.66457810202273,25.674999999999997,-0.9999629591162655,1.0
2018-07-03,71.0,1.2,10.8,1.2,8.56489138671932,27.0,-0.9996666485105112,-4.0
2018-07-04,71.0,0.0,14.34,0.0,7.280157678711422,35.85,-0.99907411510223,0.0
2018-07-05,72.0,0.0,14.47,0.0,6.1881340269047085,36.175000000000004,-0.9981855344718586,1.0
2018-07-06,74.0,0.0,15.23,0.0,5.259913922869002,38.075,-0.9970011699250151,2.0
2018-07-07,75.0,0.0,15.94,0.0,4.470926834438651,39.85,-0.9955213724144752,1.0
2018-07-08,74.0,0.0,16.21,0.0,3.800287809272853,40.525000000000006,-0.9937465804361781,-1.0
2018-07-09,75.0,0.0,16.98,0.0,3.230244637881925,42.45,-0.99167731989929,1.0
2018-07-10,76.0,0.0,17.85,0.0,2.745707942199636,44.625,-0.9893142039703664,1.0
2018-07-11,75.0,0.4,20.73,0.4,2.7338517508696905,51.825,-0.9866579328916572,-1.0
2018-07-12,73.0,3.5,19.24,3.5,5.823773988239237,48.099999999999994,-0.9837092937736098,-2.0
2018-07-13,74.0,6.7,17.62,6.7,11.650207890003351,44.050000000000004,-0.9804691603616321,1.0
2018-07-14,75.0,17.9,17.8,17.9,27.802676706502847,44.5,-0.9769384927771817,1.0
2018-07-15,72.0,0.0,18.6,0.0,23.63227520052742,46.5,-0.973118337233262,-3.0
2018-07-16,74.0,2.1,22.03,2.1,22.18743392044831,55.075,-0.9690098257244063,2.0
2018-07-17,77.0,11.9,23.02,11.9,30.759318832381062,57.55,-0.9646141756912435,3.0
2018-07-18,77.0,0.0,24.77,0.0,26.145421007523904,61.925,-0.9599326896597445,0.0
2018-07-19,76.0,0.0,21.8,0.0,22.22360785639532,54.5,-0.9549667548552553,-1.0
2018-07-20,76.0,0.0,20.09,0.0,18.89006667793602,50.225,-0.9497178427914317,0.0
2018-07-21,75.0,0.0,21.3,0.0,16.056556676245616,53.25,-0.9441875088341994,-1.0
2018-07-22,73.0,0.0,21.25,0.0,13.648073174808774,53.125,-0.9383773917408642,-2.0
2018-07-23,72.0,0.0,20.79,0.0,11.600862198587457,51.974999999999994,-0.9322892131745134,-1.0
2018-07-24,72.0,0.0,20.84,0.0,9.860732868799339,52.1,-0.9259247771938499,0.0
2018-07-25,72.0,0.0,22.25,0.0,8.381622938479438,55.625,-0.9192859697186105,0.0
2018-07-26,73.0,0.0,23.38,0.0,7.1243794977075225,58.449999999999996,-0.9123747579707274,1.0
2018-07-27,74.0,0.0,24.2,0.0,6.055722573051394,60.5,-0.9051931898913975,1.0
2018-07-28,73.0,1.8,23.97,1.8,6.947364187093685,59.925,-0.8977433935342336,-1.0
2018-07-29,72.0,8.4,24.06,8.4,14.305259559029633,60.15,-0.8900275764346766,-1.0
2018-07-30,70.0,0.0,22.4,0.0,12.159470625175187,56.0,-0.8820480249558535,-2.0
2018-07-31,66.0,0.0,24.77,0.0,10.335550031398908,61.925,-0.8738071036110807,-4.0
2018-08-01,66.0,9.1,24.31,9.1,17.885217526689072,60.775,-0.8653072543632061,0.0
2018-08-02,66.0,0.0,25.25,0.0,15.20243489768571,63.125,-0.8565509959010037,0.0
2018-08-03,64.0,0.0,24.75,0.0,12.922069663032854,61.875,-0.8475409228928312,-2.0
2018-08-04,66.0,0.0,24.41,0.0,10.983759213577926,61.025,-0.8382797052177745,2.0
2018-08-05,75.0,0.0,23.25,0.0,9.336195331541237,58.125,-0.828770087174504,9.0
2018-08-06,78.0,0.0,21.5,0.0,7.935766031810052,53.75,-0.8190148866680802,3.0
2018-08-07,73.0,0.0,21.84,0.0,6.745401127038543,54.6,-0.8090169943749472,-5.0
2018-08-08,68.0,0.0,24.33,0.0,5.733590957982762,60.824999999999996,-0.7987793728863648,-5.0
2018-08-09,69.0,0.0,26.67,0.0,4.873552314285347,66.67500000000001,-0.7883050558305253,1.0
2018-08-10,75.0,13.8,23.45,13.8,17.942519467142546,58.625,-0.7775971469736268,6.0
2018-08-11,70.0,4.4,19.63,4.4,19.651141547071163,49.074999999999996,-0.7666588193001592,-5.0
2018-08-12,89.0,5.1,18.35,5.1,21.803470315010486,45.875,-0.7554933140726804,19.0
2018-08-13,75.0,0.9,17.31,0.9,19.43294976775891,43.275,-0.7441039398713608,-14.0
2018-08-14,79.0,3.4,17.43,3.4,19.918007302595072,43.575,-0.7324940716135792,4.0
2018-08-15,83.0,0.0,19.47,0.0,16.93030620720581,48.675,-0.7206671495538615,4.0
2018-08-16,74.0,0.0,19.25,0.0,14.390760276124938,48.125,-0.7086266782644601,-9.0
2018-08-17,70.0,0.0,20.45,0.0,12.232146234706198,51.125,-0.6963762255968726,-4.0
2018-08-18,76.0,0.0,20.05,0.0,10.397324299500267,50.125,-0.6839194216246105,6.0
2018-08-19,73.0,0.0,20.07,0.0,8.837725654575227,50.175,-0.6712599575675315,-3.0
2018-08-20,84.0,0.8,20.52,0.8,8.312066806388943,51.3,-0.6584015846980489,11.0
2018-08-21,85.0,0.0,17.93,0.0,7.065256785430601,44.825,-0.64534811322955,1.0
2018-08-22,76.0,0.0,16.59,0.0,6.005468267616011,41.475,-0.6321034111873488,-9.0
2018-08-23,71.0,0.0,20.0,0.0,5.104648027473609,50.0,-0.6186714032625032,-5.0
2018-08-24,79.0,1.3,20.69,1.3,5.638950823352568,51.725,-0.6050560696488494,8.0
2018-08-25,76.0,0.2,17.62,0.2,4.993108199849683,44.050000000000004,-0.5912614448635782,-3.0
2018-08-26,84.0,0.0,17.45,0.0,4.2441419698722305,43.625,-0.5772916165517278,8.0
2018-08-27,82.0,0.0,17.92,0.0,3.6075206743913957,44.800000000000004,-0.5631507242749187,-2.0
2018-08-28,85.0,1.4,16.83,1.4,4.466392573232686,42.074999999999996,-0.5488429582847199,3.0
2018-08-29,83.0,0.0,16.21,0.0,3.796433687247783,40.525000000000006,-0.5343725582809785,-2.0
2018-08-30,80.0,0.0,17.37,0.0,3.2269686341606154,43.425000000000004,-0.5197438121555157,-3.0
2018-08-31,91.0,12.4,17.48,12.4,15.142923339036523,43.7,-0.5049610547215202,11.0
2018-09-01,87.0,0.0,18.82,0.0,12.871484838181043,47.05,-0.4900286664290594,-4.0
2018-09-02,80.0,0.0,18.15,0.0,10.940762112453887,45.375,-0.4749510720670502,-7.0
2018-09-03,75.0,0.0,17.87,0.0,9.299647795585804,44.675000000000004,-0.4597327394521046,-5.0
2018-09-04,76.0,0.0,18.62,0.0,7.904700626247933,46.550000000000004,-0.44437817810461344,1.0
2018-09-05,76.0,0.0,17.3,0.0,6.718995532310743,43.25,-0.4288919379124841,0.0
2018-09-06,74.0,0.0,18.79,0.0,5.711146202464131,46.974999999999994,-0.41327860778290443,-2.0
2018-09-07,72.0,0.0,20.36,0.0,4.854474272094511,50.9,-0.3975428142825566,-2.0
2018-09-08,70.0,0.0,18.42,0.0,4.126303131280334,46.050000000000004,-0.3816892202666586,-2.0
2018-09-09,64.0,0.0,15.15,0.0,3.507357661588284,37.875,-0.3657225234972692,-6.0
2018-09-10,61.0,0.0,15.34,0.0,2.9812540123500413,38.35,-0.34964745525122826,-3.0
2018-09-11,67.0,2.3,17.5,2.3,4.834065910497535,43.75,-0.33346877891818705,6.0
2018-09-12,66.0,1.1,17.57,1.1,5.208956023922905,43.925,-0.31719128858910595,-1.0
2018-09-13,67.0,0.0,16.34,0.0,4.427612620334469,40.85,-0.300819807635668,1.0
2018-09-14,68.0,0.0,16.26,0.0,3.7634707272842984,40.650000000000006,-0.2843591872810036,1.0
2018-09-15,75.0,10.1,15.0,10.1,13.298950118191653,37.5,-0.26781430516217486,7.0
2018-09-16,76.0,0.7,15.66,0.7,12.004107600462904,39.15,-0.25119006388481957,1.0
2018-09-17,75.0,0.0,17.76,0.0,10.203491460393467,44.400000000000006,-0.23449138957041052,-1.0
2018-09-18,75.0,0.0,18.37,0.0,8.672967741334446,45.925000000000004,-0.21772323039653224,0.0
2018-09-19,75.0,0.0,17.72,0.0,7.372022580134279,44.3,-0.20089055513063528,0.0
2018-09-20,73.0,0.0,17.92,0.0,6.266219193114137,44.800000000000004,-0.18399835165767986,-2.0
2018-09-21,76.0,0.0,20.54,0.0,5.326286314147016,51.349999999999994,-0.1670516255021195,3.0
2018-09-22,87.0,16.4,14.34,16.4,20.92734336702496,35.85,-0.15005539834465262,11.0
2018-09-23,95.0,8.9,13.2,8.9,26.688241861971214,33.0,-0.13301470653419636,8.0
2018-09-24,102.0,14.6,9.69,14.6,37.28500558267553,24.224999999999998,-0.11593459959550066,7.0
2018-09-25,103.0,7.6,10.71,7.6,39.2922547452742,26.775000000000002,-0.09882013873287211,1.0
2018-09-26,114.0,14.2,13.01,14.2,47.598416533483075,32.525,-0.08167639533042288,11.0
2018-09-27,107.0,0.0,15.05,0.0,40.45865405346061,37.625,-0.06450844944931625,-7.0
2018-09-28,111.0,5.3,11.96,5.3,39.689855945441515,29.900000000000002,-0.04732138832243232,4.0
2018-09-29,108.0,4.6,9.98,4.6,38.33637755362529,24.950000000000003,-0.03012030484690836,-3.0
2018-09-30,101.0,0.0,13.37,0.0,32.58592092058149,33.425,-0.012910296075008843,-7.0
2018-10-01,103.0,0.0,11.17,0.0,27.69803278249427,27.925,0.004303538296243821,2.0
2018-10-02,115.0,13.0,11.17,13.0,36.54332786512013,27.925,0.021516097436222233,12.0
2018-10-03,125.0,12.1,10.2,12.1,43.16182868535211,25.5,0.03872228089217399,10.0
2018-10-04,117.0,4.0,10.59,4.0,40.687554382549294,26.475,0.05591699010060302,-8.0
2018-10-05,109.0,7.5,13.63,7.5,42.0844212251669,34.075,0.07309512989807776,-8.0
2018-10-06,107.0,0.0,13.01,0.0,35.77175804139186,32.525,0.0902516100310407,-2.0
2018-10-07,114.0,5.3,9.5,5.3,35.70599433518308,23.75,0.10738134666416306,7.0
2018-10-08,101.0,0.0,9.2,0.0,30.350095184905616,23.0,0.12447926388678869,-13.0
2018-10-09,95.0,0.0,13.32,0.0,25.797580907169774,33.3,0.141540295217043,-6.0
2018-10-10,95.0,0.0,13.05,0.0,21.927943771094306,32.625,0.15855938510313475,0.0
2018-10-11,94.0,0.0,13.24,0.0,18.63875220543016,33.1,0.17553149042142777,-1.0
2018-10-12,90.0,0.0,15.16,0.0,15.842939374615634,37.9,0.19245158197082995,-4.0
2018-10-13,85.0,0.0,13.83,0.0,13.46649846842329,34.575,0.20931464596304888,-5.0
2018-10-14,80.0,0.0,14.76,0.0,11.446523698159796,36.9,0.22611568550828803,-5.0
2018-10-15,78.0,0.0,14.47,0.0,9.729545143435827,36.175000000000004,0.2428497220959358,-2.0
2018-10-16,83.0,0.0,12.02,0.0,8.270113371920452,30.049999999999997,0.25951179706979943,5.0
2018-10-17,81.0,0.0,11.36,0.0,7.029596366132384,28.4,0.27609697309746883,-2.0
2018-10-18,83.0,0.0,11.84,0.0,5.975156911212526,29.6,0.2926003356333479,2.0
2018-10-19,83.0,0.0,8.54,0.0,5.078883374530647,21.349999999999998,0.30901699437494723,0.0
2018-10-20,85.0,0.3,7.7,0.3,4.61705086835105,19.25,0.3253420847119795,2.0
2018-10-21,81.0,0.0,9.72,0.0,3.924493238098392,24.3,0.341570769167856,-4.0
2018-10-22,88.0,3.3,11.4,3.3,6.635819252383634,28.5,0.35769823883312546,7.0
2018-10-23,108.0,20.3,9.67,20.3,25.94044636452609,24.175,0.3737197147904692,20.0
2018-10-24,108.0,19.8,7.58,19.8,41.849379409847174,18.95,0.38963044953078774,0.0
2018-10-25,113.0,6.9,7.49,6.9,42.47197249837009,18.725,0.4054257283599973,5.0
2018-10-26,122.0,12.4,7.15,12.4,48.501176623614576,17.875,0.42110087079608916,9.0
2018-10-27,143.0,15.8,8.57,15.8,57.02600013007239,21.425,0.4366512319560638,21.0
2018-10-28,137.0,0.0,3.66,0.0,48.47210011056153,9.15,0.45207220393230374,-6.0
2018-10-29,121.0,1.0,2.01,1.0,42.2012850939773,5.0249999999999995,0.46735921715800205,-16.0
2018-10-30,107.0,0.0,10.38,0.0,35.8710923298807,25.950000000000003,0.48250774176121763,-14.0
2018-10-31,99.0,0.0,10.42,0.0,30.490428480398595,26.05,0.4975132889071803,-8.0
2018-11-01,90.0,0.0,9.5,0.0,25.916864208338804,23.75,0.5123714121284235,-9.0
2018-11-02,91.0,0.0,11.5,0.0,22.029334577087983,28.75,0.5270777086423724,1.0
2018-11-03,84.0,0.0,9.88,0.0,18.724934390524787,24.700000000000003,0.5416278206559811,-7.0
2018-11-04,77.0,0.0,6.97,0.0,15.916194231946069,17.425,0.5560174366570446,-7.0
2018-11-05,76.0,0.2,8.6,0.2,13.728765097154158,21.5,0.5702422926917867,-1.0
2018-11-06,76.0,0.0,10.05,0.0,11.669450332581034,25.125,0.5842981736283683,0.0
2018-11-07,73.0,0.0,8.74,0.0,9.91903278269388,21.85,0.5981809144059159,-3.0
2018-11-08,75.0,0.0,5.99,0.0,8.431177865289797,14.975000000000001,0.6118864012687242,2.0
2018-11-09,71.0,0.0,5.18,0.0,7.166501185496327,12.95,0.6254105729852457,-4.0
2018-11-10,69.0,0.0,7.99,0.0,6.091526007671877,19.975,0.6387494220515268,-2.0
2018-11-11,63.0,0.0,5.37,0.0,5.177797106521096,13.425,0.6518989958787125,-6.0
2018-11-12,60.0,1.4,7.69,1.4,5.801127540542931,19.225,0.6648553979642867,-3.0
2018-11-13,67.0,13.1,9.08,13.1,18.03095840946149,22.7,0.6776147890466887,7.0
2018-11-14,69.0,1.6,9.49,1.6,16.92631464804227,23.725,0.690173388242972,2.0
2018-11-15,69.0,0.0,8.2,0.0,14.387367450835928,20.5,0.7025274741691566,0.0
2018-11-16,66.0,0.0,4.86,0.0,12.229262333210539,12.15,0.7146733860429608,-3.0
2018-11-17,67.0,0.0,5.49,0.0,10.394872983228957,13.725000000000001,0.726607524768565,1.0
2018-11-18,69.0,0.2,5.96,0.2,9.035642035744612,14.9,0.7383263540031063,2.0
2018-11-19,59.0,0.0,3.1,0.0,7.68029573038292,7.75,0.749826401204568,-10.0
2018-11-20,49.0,0.0,0.0,0.0,6.5282513708254815,0.0,0.7611042586607742,-10.0
2018-11-21,52.0,0.0,-1.7,0.0,5.5490136652016595,0.0,0.7721565844991641,3.0
2018-11-22,49.0,0.0,-1.71,0.0,4.71666161542141,0.0,0.7829801036770625,-3.0
2018-11-23,47.0,0.0,-1.27,0.0,4.0091623731081985,0.0,0.7935716089521472,-2.0
2018-11-24,51.0,1.8,0.54,1.8,5.207788017141969,1.35,0.8039279618328208,4.0
2018-11-25,50.0,0.7,0.55,0.7,5.126619814570673,1.375,0.8140460935082175,-1.0
2018-11-26,50.0,1.3,1.0,1.3,5.6576268423850715,2.5,0.8239230057575536,0.0
2018-11-27,53.0,1.1,0.51,1.1,5.9089828160273115,1.275,0.8335557718385695,3.0
2018-11-28,45.0,0.0,-3.48,0.0,5.022635393623214,0.0,0.8429415373547832,-8.0
2018-11-29,39.0,0.0,-3.84,0.0,4.269240084579732,0.0,0.8520775211013093,-6.0
2018-11-30,42.0,0.0,-3.54,0.0,3.6288540718927718,0.0,0.8609610158889945,3.0
2018-12-01,37.0,0.0,-6.81,0.0,3.084525961108856,0.0,0.8695893893466109,-5.0
2018-12-02,38.0,0.0,-2.6,0.0,2.6218470669425273,0.0,0.8779600847008883,1.0
2018-12-03,38.0,9.2,1.95,9.2,11.428570006901147,4.875,0.8860706215341377,0.0
2018-12-04,52.0,0.9,6.38,0.9,10.614284505865974,15.95,0.893918596519257,14.0
2018-12-05,63.0,2.0,4.51,2.0,11.022141829986078,11.274999999999999,0.9015016841318838,11.0
2018-12-06,55.0,0.5,2.44,0.5,9.868820555488165,6.1,0.9088176373395028,-8.0
2018-12-07,58.0,6.5,1.69,6.5,14.888497472164941,4.225,0.9158642882672868,3.0
2018-12-08,71.0,9.3,5.58,9.3,21.955222851340203,13.95,0.9226395488404875,13.0
2018-12-09,73.0,5.7,4.75,5.7,24.36193942363917,11.875,0.9291414114031743,2.0
2018-12-10,95.0,3.2,4.88,3.2,23.907648510093296,12.2,0.935367949313148,22.0
2018-12-11,102.0,3.6,0.89,3.6,23.921501233579303,2.225,0.941317317512847,7.0
2018-12-12,99.0,0.0,0.87,0.0,20.333276048542405,2.175,0.946987753076075,-3.0
2018-12-13,91.0,0.0,-0.13,0.0,17.283284641261044,0.0,0.9523775757303973,-8.0
2018-12-14,82.0,0.0,0.09,0.0,14.690791945071886,0.22499999999999998,0.9574851883550389,-9.0
2018-12-15,75.0,0.2,-0.31,0.2,12.687173153311102,0.0,0.9623090774541487,-7.0
2018-12-16,68.0,5.2,-0.74,5.2,15.984097180314436,0.0,0.9668478136052773,-7.0
2018-12-17,66.0,0.0,-1.52,0.0,13.58648260326727,0.0,0.9711000518829505,-2.0
2018-12-18,67.0,0.0,-1.03,0.0,11.54851021277718,0.0,0.9750645322571945,1.0
2018-12-19,61.0,0.0,-1.75,0.0,9.816233680860602,0.0,0.9787400799669153,-6.0
2018-12-20,57.0,0.0,-3.38,0.0,8.343798628731511,0.0,0.9821256058680006,-4.0
2018-12-21,56.0,3.2,-3.8,3.2,10.292228834421785,0.0,0.9852201067560606,-1.0
2018-12-22,60.0,3.1,-0.69,3.1,11.848394509258517,0.0,0.9880226656636976,4.0
2018-12-23,58.0,3.2,0.87,3.2,13.27113533286974,2.175,0.9905324521322227,-2.0
2018-12-24,64.0,0.7,-1.05,0.7,11.980465032939279,0.0,0.9927487224577402,6.0
2018-12-25,60.0,1.5,3.05,1.5,11.683395277998386,7.625,0.9946708199115211,-4.0
2018-12-26,72.0,0.0,4.62,0.0,9.930885986298629,11.55,0.9962981749346077,12.0
2018-12-27,73.0,2.5,4.73,2.5,10.941253088353834,11.825000000000001,0.9976303053065857,1.0
2018-12-28,77.0,2.3,4.27,2.3,11.600065125100759,10.674999999999999,0.9986668162884759,4.0
2018-12-29,79.0,0.9,4.14,0.9,10.760055356335645,10.35,0.9994074007397048,2.0
2018-12-30,84.0,8.7,3.76,8.7,17.846047052885297,9.399999999999999,0.9998518392091162,5.0
2018-12-31,86.0,0.0,1.25,0.0,15.169139994952502,3.125,1.0,2.0
2019-01-01,98.0,3.1,5.33,3.1,15.993768995709626,13.325,0.9998518392091162,12.0
2019-01-02,126.0,1.5,0.89,1.5,15.094703646353182,2.225,0.9994074007397048,28.0
2019-01-03,102.0,0.0,-2.46,0.0,12.830498099400204,0.0,0.998666816288476,-24.0
2019-01-04,96.0,6.0,1.35,6.0,16.905923384490173,3.375,0.9976303053065857,-6.0
2019-01-05,97.0,1.2,0.31,1.2,15.570034876816646,0.775,0.9962981749346078,1.0
2019-01-06,85.0,0.0,-3.1,0.0,13.234529645294149,0.0,0.9946708199115211,-12.0
2019-01-07,88.0,1.3,0.25,1.3,12.549350198500028,0.625,0.9927487224577402,3.0
2019-01-08,84.0,7.0,-1.17,7.0,17.666947668725022,0.0,0.9905324521322229,-4.0
2019-01-09,96.0,2.3,-2.97,2.3,17.31690551841627,0.0,0.9880226656636976,12.0
2019-01-10,90.0,0.9,-5.51,0.9,15.61936969065383,0.0,0.9852201067560606,-6.0
2019-01-11,84.0,5.3,0.11,5.3,18.576464237055756,0.275,0.9821256058680006,-6.0
2019-01-12,96.0,0.8,2.47,0.8,16.58999460149739,6.175000000000001,0.9787400799669153,12.0
2019-01-13,96.0,9.9,2.75,9.9,24.001495411272785,6.875,0.9750645322571948,0.0
2019-01-14,122.0,4.8,1.21,4.8,25.201271099581867,3.025,0.9711000518829505,26.0
2019-01-15,127.0,3.5,0.8,3.5,24.921080434644587,2.0,0.9668478136052775,5.0
2019-01-16,114.0,6.8,1.3,6.8,27.982918369447898,3.25,0.9623090774541486,-13.0
2019-01-17,127.0,13.2,3.04,13.2,36.98548061403071,7.6,0.9574851883550393,13.0
2019-01-18,165.0,4.0,0.02,4.0,35.43765852192611,0.05,0.9523775757303974,38.0
2019-01-19,172.0,0.0,2.06,0.0,30.122009743637193,5.15,0.9469877530760753,7.0
2019-01-20,156.0,6.2,0.69,6.2,31.803708282091613,1.7249999999999999,0.9413173175128471,-16.0
2019-01-21,133.0,0.1,-0.05,0.1,27.133152039777872,0.0,0.9353679493131483,-23.0
2019-01-22,115.0,0.0,-3.22,0.0,23.06317923381119,0.0,0.9291414114031743,-18.0
2019-01-23,101.0,0.0,-6.9,0.0,19.60370234873951,0.0,0.9226395488404876,-14.0
2019-01-24,104.0,0.0,-7.09,0.0,16.663146996428583,0.0,0.9158642882672872,3.0
2019-01-25,94.0,1.6,-6.35,1.6,15.763674946964295,0.0,0.9088176373395029,-10.0
2019-01-26,89.0,3.5,-4.3,3.5,16.899123704919653,0.0,0.901501684131884,-5.0
2019-01-27,77.0,3.9,-6.51,3.9,18.264255149181704,0.0,0.893918596519257,-12.0
2019-01-28,76.0,2.8,-3.07,2.8,18.32461687680445,0.0,0.886070621534138,-1.0
2019-01-29,81.0,4.5,-0.43,4.5,20.07592434528378,0.0,0.8779600847008882,5.0
2019-01-30,79.0,0.0,-2.34,0.0,17.064535693491212,0.0,0.869589389346611,-2.0
2019-01-31,72.0,0.0,-4.0,0.0,14.50485533946753,0.0,0.8609610158889943,-7.0
2019-02-01,71.0,2.5,0.43,2.5,14.829127038547401,1.075,0.8520775211013093,-1.0
2019-02-02,70.0,2.9,1.9,2.9,15.504757982765291,4.75,0.8429415373547828,-1.0
2019-02-03,79.0,2.2,2.45,2.2,15.379044285350496,6.125,0.8335557718385699,9.0
2019-02-04,78.0,2.4,0.21,2.4,15.47218764254792,0.525,0.8239230057575542,-1.0
2019-02-05,77.0,2.3,0.22,2.3,15.451359496165733,0.55,0.8140460935082178,-1.0
2019-02-06,84.0,1.4,1.5,1.4,14.533655571740873,3.75,0.8039279618328213,7.0
2019-02-07,72.0,0.7,1.5,0.7,13.05360723597974,3.75,0.7935716089521474,-12.0
2019-02-08,73.0,0.0,2.38,0.0,11.095566150582778,5.949999999999999,0.7829801036770629,1.0
2019-02-09,77.0,2.3,2.51,2.3,11.731231227995362,6.2749999999999995,0.7721565844991642,4.0
2019-02-10,95.0,6.5,3.77,6.5,16.47154654379606,9.425,0.7611042586607747,18.0
2019-02-11,145.0,10.0,2.84,10.0,24.00081456222665,7.1,0.7498264012045686,50.0
2019-02-12,193.0,0.0,2.0,0.0,20.400692377892653,5.0,0.7383263540031065,48.0
2019-02-13,195.0,1.9,3.24,1.9,19.240588521208753,8.100000000000001,0.7266075247685656,2.0
2019-02-14,168.0,0.2,3.06,0.2,16.55450024302744,7.65,0.7146733860429609,-27.0
2019-02-15,145.0,0.0,3.24,0.0,14.071325206573324,8.100000000000001,0.702527474169157,-23.0
2019-02-16,129.0,0.0,3.69,0.0,11.960626425587325,9.225,0.6901733882429719,-16.0
2019-02-17,120.0,0.2,3.54,0.2,10.366532461749225,8.85,0.6776147890466889,-9.0
2019-02-18,106.0,0.0,2.71,0.0,8.81155259248684,6.775,0.6648553979642865,-14.0
2019-02-19,101.0,0.9,3.05,0.9,8.389819703613814,7.625,0.6518989958787126,-5.0
2019-02-20,105.0,0.0,2.8,0.0,7.131346748071741,7.0,0.6387494220515272,4.0
2019-02-21,100.0,0.0,-0.55,0.0,6.0616447358609795,0.0,0.6254105729852463,-5.0
2019-02-22,93.0,0.0,-3.36,0.0,5.1523980254818325,0.0,0.6118864012687243,-7.0
2019-02-23,87.0,0.0,0.44,0.0,4.379538321659558,1.1,0.5981809144059164,-6.0
2019-02-24,85.0,0.0,2.76,0.0,3.722607573410624,6.8999999999999995,0.5842981736283683,-2.0
2019-02-25,86.0,0.0,2.63,0.0,3.16421643739903,6.574999999999999,0.5702422926917871,1.0
2019-02-26,83.0,0.0,3.4,0.0,2.6895839717891756,8.5,0.5560174366570446,-3.0
2019-02-27,82.0,0.0,2.27,0.0,2.2861463760207994,5.675,0.5416278206559814,-1.0
2019-02-28,87.0,0.0,3.41,0.0,1.9432244196176793,8.525,0.5270777086423722,5.0
2019-03-01,83.0,0.0,-1.31,0.0,1.6517407566750273,0.0,0.5123714121284237,-4.0
2019-03-02,79.0,0.0,0.13,0.0,1.4039796431737732,0.325,0.49751328890718066,-4.0
2019-03-03,86.0,2.8,3.18,2.8,3.993382696697707,7.95,0.48250774176121847,7.0
2019-03-04,86.0,4.1,4.3,4.1,7.49437529219305,10.75,0.46735921715800227,0.0
2019-03-05,105.0,5.7,2.25,5.7,12.070218998364092,5.625,0.45207220393230435,19.0
2019-03-06,88.0,0.0,0.23,0.0,10.259686148609479,0.5750000000000001,0.43665123195606403,-17.0
2019-03-07,89.0,3.2,5.16,3.2,11.920733226318056,12.9,0.4211008707960896,1.0
2019-03-08,101.0,4.4,4.58,4.4,14.532623242370347,11.45,0.40542572835999735,12.0
2019-03-09,101.0,7.5,3.78,7.5,19.852729756014796,9.45,0.38963044953078796,0.0
2019-03-10,113.0,1.4,3.02,1.4,18.274820292612574,7.55,0.37371971479046906,12.0
2019-03-11,127.0,0.5,0.57,0.5,16.03359724872069,1.4249999999999998,0.35769823883312546,14.0
2019-03-12,123.0,0.1,0.55,0.1,13.728557661412585,1.375,0.3415707691678556,-4.0
2019-03-13,104.0,2.3,2.12,2.3,13.969274012200696,5.300000000000001,0.3253420847119801,-19.0
2019-03-14,104.0,2.9,3.82,2.9,14.773882910370592,9.549999999999999,0.30901699437494745,0.0
2019-03-15,105.0,4.5,4.0,4.5,17.057800473815004,10.0,0.29260033563334836,1.0
2019-03-16,118.0,5.9,3.35,5.9,20.399130402742752,8.375,0.27609697309746883,13.0
2019-03-17,121.0,5.9,4.75,5.9,23.23926084233134,11.875,0.2595117970697999,3.0
2019-03-18,125.0,0.0,4.36,0.0,19.75337171598164,10.9,0.2428497220959356,4.0
2019-03-19,130.0,0.7,2.97,0.7,17.49036595858439,7.425000000000001,0.22611568550828828,5.0
2019-03-20,118.0,2.0,4.2,2.0,16.86681106479673,10.5,0.20931464596304847,-12.0
2019-03-21,114.0,0.0,4.36,0.0,14.336789405077221,10.9,0.19245158197082998,-4.0
2019-03-22,106.0,0.0,3.55,0.0,12.186270994315638,8.875,0.1755314904214282,-8.0
2019-03-23,98.0,0.0,4.0,0.0,10.358330345168293,10.0,0.15855938510313478,-8.0
2019-03-24,102.0,0.0,4.28,0.0,8.804580793393049,10.700000000000001,0.141540295217043,4.0
2019-03-25,101.0,0.0,3.66,0.0,7.483893674384091,9.15,0.12447926388678915,-1.0
2019-03-26,103.0,2.4,2.49,2.4,8.761309623226477,6.2250000000000005,0.10738134666416309,2.0
2019-03-27,99.0,1.5,3.44,1.5,8.947113179742505,8.6,0.09025161003104117,-4.0
2019-03-28,98.0,0.0,2.58,0.0,7.605046202781129,6.45,0.07309512989807777,-1.0
2019-03-29,98.0,0.0,5.74,0.0,6.46428927236396,14.350000000000001,0.055916990100603484,0.0
2019-03-30,95.0,0.0,6.07,0.0,5.494645881509365,15.175,0.03872228089217446,-3.0
2019-03-31,98.0,0.0,4.83,0.0,4.670448999282961,12.075,0.021516097436222254,3.0
2019-04-01,94.0,0.0,3.12,0.0,3.9698816493905165,7.800000000000001,0.004303538296244289,-4.0
2019-04-02,84.0,0.0,6.32,0.0,3.3743994019819388,15.8,-0.01291029607500882,-10.0
2019-04-03,82.0,0.0,9.3,0.0,2.868239491684648,23.25,-0.030120304846908114,-2.0
2019-04-04,78.0,0.0,10.03,0.0,2.438003567931951,25.075,-0.04732138832243185,-4.0
2019-04-05,79.0,0.0,10.66,0.0,2.072303032742158,26.65,-0.06450844944931623,1.0
2019-04-06,76.0,0.0,11.08,0.0,1.7614575778308343,27.7,-0.08167639533042241,-3.0
2019-04-07,75.0,0.0,7.94,0.0,1.4972389411562093,19.85,-0.09882013873287143,-1.0
2019-04-08,77.0,2.1,3.75,2.1,3.372653099982778,9.375,-0.11593459959550041,2.0
2019-04-09,82.0,0.0,2.4,0.0,2.8667551349853615,6.0,-0.1330147065341959,5.0
2019-04-10,78.0,0.7,2.38,0.7,3.136741864737557,5.949999999999999,-0.1500553983446526,-4.0
2019-04-11,71.0,0.0,1.62,0.0,2.6662305850269234,4.050000000000001,-0.16705162550211924,-7.0
2019-04-12,65.0,0.0,2.27,0.0,2.2662959972728847,5.675,-0.18399835165768005,-6.0
2019-04-13,62.0,0.0,4.2,0.0,1.9263515976819519,10.5,-0.20089055513063506,-3.0
2019-04-14,60.0,0.0,5.47,0.0,1.637398858029659,13.674999999999999,-0.21772323039653177,-2.0
2019-04-15,59.0,0.0,6.37,0.0,1.3917890293252102,15.925,-0.23449138957040985,-1.0
2019-04-16,57.0,0.0,6.43,0.0,1.1830206749264287,16.075,-0.25119006388481935,-2.0
2019-04-17,56.0,0.0,12.09,0.0,1.0055675736874643,30.225,-0.2678143051621742,-1.0
2019-04-18,53.0,0.0,9.34,0.0,0.8547324376343446,23.35,-0.2843591872810034,-3.0
2019-04-19,51.0,0.0,7.32,0.0,0.7265225719891929,18.3,-0.30081980763566735,-2.0
2019-04-20,49.0,0.0,6.77,0.0,0.617544186190814,16.924999999999997,-0.3171912885891061,-2.0
2019-04-21,49.0,0.0,9.57,0.0,0.5249125582621919,23.925,-0.3334687789181868,0.0
2019-04-22,48.0,0.0,12.64,0.0,0.44617567452286305,31.6,-0.3496474552512284,-1.0
2019-04-23,45.0,0.0,15.04,0.0,0.37924932334443356,37.599999999999994,-0.36572252349726897,-3.0
2019-04-24,46.0,0.0,16.78,0.0,0.32236192484276854,41.95,-0.3816892202666588,1.0
2019-04-25,48.0,0.0,18.5,0.0,0.27400763611635326,46.25,-0.39754281428255595,2.0
2019-04-26,47.0,0.0,20.14,0.0,0.23290649069890026,50.35,-0.4132786077829042,-1.0
2019-04-27,54.0,0.0,18.56,0.0,0.1979705170940652,46.4,-0.4288919379124835,7.0
2019-04-28,61.0,0.0,10.93,0.0,0.16827493952995543,27.325,-0.4443781781046132,7.0
2019-04-29,56.0,0.0,13.4,0.0,0.1430336986004621,33.5,-0.45973273945210397,-5.0
2019-04-30,55.0,0.0,11.42,0.0,0.1215786438103928,28.55,-0.47495107206704995,-1.0
2019-05-01,57.0,0.6,9.32,0.6,0.7033418472388339,23.3,-0.49002866642905923,2.0
2019-05-02,76.0,0.8,7.78,0.8,1.3978405701530088,19.45,-0.5049610547215204,19.0
2019-05-03,71.0,0.0,6.01,0.0,1.1881644846300574,15.024999999999999,-0.5197438121555155,-5.0
2019-05-04,71.0,3.2,6.58,3.2,4.2099398119355484,16.45,-0.5343725582809787,0.0
2019-05-05,69.0,0.0,6.59,0.0,3.578448840145216,16.475,-0.548842958284719,-2.0
2019-05-06,70.0,0.0,6.78,0.0,3.0416815141234332,16.95,-0.5631507242749186,1.0
2019-05-07,72.0,0.0,7.83,0.0,2.585429287004918,19.575,-0.5772916165517272,2.0
2019-05-08,64.0,0.0,9.29,0.0,2.19761489395418,23.224999999999998,-0.5912614448635781,-8.0
2019-05-09,68.0,0.0,12.75,0.0,1.867972659861053,31.875,-0.6050560696488488,4.0
2019-05-10,69.0,0.0,11.59,0.0,1.5877767608818951,28.975,-0.6186714032625031,1.0
2019-05-11,70.0,0.0,9.15,0.0,1.3496102467496107,22.875,-0.6321034111873487,1.0
2019-05-12,70.0,1.7,9.09,1.7,2.847168709737169,22.725,-0.6453481132295501,0.0
2019-05-13,74.0,7.6,8.15,7.6,10.020093403276594,20.375,-0.6584015846980488,4.0
2019-05-14,71.0,0.0,8.0,0.0,8.517079392785105,20.0,-0.6712599575675313,-3.0
2019-05-15,69.0,0.0,12.81,0.0,7.239517483867338,32.025,-0.6839194216246106,-2.0
2019-05-16,67.0,0.0,16.07,0.0,6.153589861287237,40.175,-0.6963762255968722,-2.0
2019-05-17,68.0,1.1,16.12,1.1,6.330551382094152,40.300000000000004,-0.7086266782644596,1.0
2019-05-18,67.0,23.2,17.22,23.2,28.580968674780028,43.05,-0.7206671495538609,-1.0
2019-05-19,69.0,12.7,20.25,12.7,36.99382337356302,50.625,-0.7324940716135789,2.0
2019-05-20,68.0,0.0,22.43,0.0,31.444749867528564,56.075,-0.7441039398713607,-1.0
2019-05-21,67.0,0.0,21.61,0.0,26.72803738739928,54.025,-0.7554933140726803,-1.0
2019-05-22,67.0,2.5,17.24,2.5,25.21883177928939,43.099999999999994,-0.766658819300159,0.0
2019-05-23,71.0,0.0,13.28,0.0,21.43600701239598,33.199999999999996,-0.777597146973627,4.0
2019-05-24,63.0,0.0,13.31,0.0,18.22060596053658,33.275,-0.7883050558305255,-8.0
2019-05-25,70.0,0.0,12.65,0.0,15.487515066456094,31.625,-0.7987793728863649,7.0
2019-05-26,74.0,2.8,11.47,2.8,15.964387806487679,28.675,-0.8090169943749473,4.0
2019-05-27,75.0,12.4,12.08,12.4,25.969729635514526,30.2,-0.8190148866680801,1.0
2019-05-28,73.0,7.6,12.18,7.6,29.674270190187343,30.45,-0.8287700871745037,-2.0
2019-05-29,77.0,0.3,10.3,0.3,25.52312966165924,25.75,-0.8382797052177743,4.0
2019-05-30,72.0,0.0,10.29,0.0,21.694660212410355,25.724999999999998,-0.8475409228928311,-5.0
2019-05-31,71.0,9.3,12.35,9.3,27.740461180548802,30.875,-0.8565509959010036,-1.0
2019-06-01,75.0,0.2,12.6,0.2,23.77939200346648,31.5,-0.865307254363206,4.0
2019-06-02,76.0,0.0,12.23,0.0,20.21248320294651,30.575000000000003,-0.8738071036110808,1.0
2019-06-03,72.0,0.0,18.56,0.0,17.180610722504532,46.4,-0.8820480249558537,-4.0
2019-06-04,74.0,0.0,21.97,0.0,14.603519114128853,54.925,-0.8900275764346767,2.0
2019-06-05,74.0,0.0,24.1,0.0,12.412991247009524,60.25,-0.8977433935342337,0.0
2019-06-06,74.0,1.2,23.79,1.2,11.751042559958094,59.474999999999994,-0.9051931898913974,0.0
2019-06-07,76.0,0.0,23.26,0.0,9.98838617596438,58.150000000000006,-0.9123747579707273,2.0
2019-06-08,74.0,0.2,19.41,0.2,8.690128249569721,48.525,-0.9192859697186104,-2.0
2019-06-09,66.0,0.0,16.8,0.0,7.3866090121342625,42.0,-0.9259247771938498,-8.0
2019-06-10,65.0,0.0,19.15,0.0,6.278617660314123,47.875,-0.9322892131745133,-1.0
2019-06-11,73.0,2.0,24.55,2.0,7.336825011267004,61.375,-0.9383773917408641,8.0
2019-06-12,74.0,0.0,27.3,0.0,6.236301259576954,68.25,-0.9441875088341993,1.0
2019-06-13,71.0,8.6,21.62,8.6,13.90085607064041,54.050000000000004,-0.9497178427914316,-3.0
2019-06-14,64.0,0.0,17.93,0.0,11.815727660044349,44.825,-0.9549667548552551,-7.0
2019-06-15,59.0,0.0,21.35,0.0,10.043368511037697,53.375,-0.9599326896597447,-5.0
2019-06-16,68.0,8.1,17.61,8.1,16.63686323438204,44.025,-0.9646141756912435,9.0
2019-06-17,62.0,1.6,17.59,1.6,15.741333749224735,43.975,-0.9690098257244062,-6.0
2019-06-18,58.0,0.0,17.94,0.0,13.380133686841024,44.85,-0.9731183372332619,-4.0
2019-06-19,58.0,0.0,21.61,0.0,11.37311363381487,54.025,-0.9769384927771817,0.0
2019-06-20,63.0,0.5,22.96,0.5,10.16714658874264,57.400000000000006,-0.980469160361632,5.0
2019-06-21,62.0,0.0,19.43,0.0,8.642074600431243,48.575,-0.9837092937736097,-1.0
2019-06-22,61.0,0.0,16.6,0.0,7.345763410366557,41.5,-0.986657932891657,-1.0
2019-06-23,62.0,0.0,15.97,0.0,6.243898898811573,39.925000000000004,-0.9893142039703663,1.0
2019-06-24,63.0,0.0,18.93,0.0,5.307314063989837,47.325,-0.99167731989929,1.0
2019-06-25,62.0,0.0,21.4,0.0,4.511216954391362,53.5,-0.993746580436178,-1.0
2019-06-26,63.0,0.0,22.35,0.0,3.8345344112326574,55.875,-0.9955213724144752,1.0
2019-06-27,68.0,2.3,17.06,2.3,5.559354249547758,42.65,-0.9970011699250151,5.0
2019-06-28,65.0,0.0,14.73,0.0,4.725451112115595,36.825,-0.9981855344718586,-3.0
2019-06-29,65.0,0.0,15.49,0.0,4.016633445298256,38.725,-0.99907411510223,0.0
2019-06-30,65.0,0.0,19.78,0.0,3.4141384285035175,49.45,-0.9996666485105112,0.0
2019-07-01,70.0,0.0,18.6,0.0,2.90201766422799,46.5,-0.9999629591162655,5.0
2019-07-02,86.0,2.8,16.08,2.8,5.266715014593791,40.199999999999996,-0.9999629591162655,16.0
2019-07-03,86.0,2.2,15.08,2.2,6.676707762404722,37.7,-0.9996666485105112,0.0
2019-07-04,93.0,12.2,15.17,12.2,17.875201598044015,37.925,-0.99907411510223,7.0
2019-07-05,97.0,8.0,14.9,8.0,23.193921358337413,37.25,-0.9981855344718586,4.0
2019-07-06,96.0,6.7,16.07,6.7,26.4148331545868,40.175,-0.9970011699250151,-1.0
2019-07-07,104.0,10.1,14.34,10.1,32.552608181398774,35.85,-0.9955213724144752,8.0
2019-07-08,106.0,36.3,14.55,36.3,63.969716954188954,36.375,-0.9937465804361781,2.0
2019-07-09,106.0,8.8,14.76,8.8,63.1742594110606,36.9,-0.99167731989929,0.0
2019-07-10,103.0,10.3,13.94,10.3,63.99812049940151,34.85,-0.9893142039703664,-3.0
2019-07-11,102.0,0.0,15.47,0.0,54.39840242449128,38.675000000000004,-0.9866579328916572,-1.0
2019-07-12,96.0,0.0,15.47,0.0,46.23864206081759,38.675000000000004,-0.9837092937736098,-6.0
2019-07-13,94.0,0.0,15.67,0.0,39.30284575169495,39.175,-0.9804691603616321,-2.0
2019-07-14,93.0,0.0,15.49,0.0,33.40741888894071,38.725,-0.9769384927771817,-1.0
2019-07-15,93.0,0.0,16.84,0.0,28.396306055599602,42.1,-0.973118337233262,0.0
2019-07-16,97.0,2.2,15.69,2.2,26.33686014725966,39.225,-0.9690098257244063,4.0
2019-07-17,99.0,0.0,15.45,0.0,22.38633112517071,38.625,-0.9646141756912435,2.0
2019-07-18,93.0,0.0,16.28,0.0,19.028381456395103,40.7,-0.9599326896597445,-6.0
2019-07-19,90.0,0.0,16.43,0.0,16.174124237935835,41.075,-0.9549667548552553,-3.0
2019-07-20,87.0,0.0,18.35,0.0,13.74800560224546,45.875,-0.9497178427914317,-3.0
2019-07-21,87.0,0.0,19.9,0.0,11.68580476190864,49.75,-0.9441875088341994,0.0
2019-07-22,89.0,0.0,17.95,0.0,9.932934047622345,44.875,-0.9383773917408642,2.0
2019-07-23,85.0,0.0,18.31,0.0,8.442993940478992,45.775,-0.9322892131745134,-4.0
2019-07-24,85.0,0.0,18.29,0.0,7.176544849407143,45.724999999999994,-0.9259247771938499,0.0
2019-07-25,83.0,0.0,18.58,0.0,6.1000631219960715,46.449999999999996,-0.9192859697186105,-2.0
2019-07-26,83.0,0.0,21.61,0.0,5.18505365369666,54.025,-0.9123747579707274,0.0
2019-07-27,81.0,0.0,21.45,0.0,4.407295605642161,53.625,-0.9051931898913975,-2.0
2019-07-28,79.0,0.0,24.41,0.0,3.7462012647958365,61.025,-0.8977433935342336,-2.0
2019-07-29,80.0,0.0,23.52,0.0,3.184271075076461,58.8,-0.8900275764346766,1.0
2019-07-30,80.0,0.0,18.6,0.0,2.7066304138149917,46.5,-0.8820480249558535,0.0
2019-07-31,74.0,0.0,15.07,0.0,2.3006358517427428,37.675,-0.8738071036110807,-6.0
2019-08-01,72.0,0.2,15.09,0.2,2.1555404739813313,37.725,-0.8653072543632061,-2.0
2019-08-02,70.0,0.0,15.84,0.0,1.8322094028841316,39.6,-0.8565509959010037,-2.0
2019-08-03,71.0,0.0,15.57,0.0,1.5573779924515119,38.925,-0.8475409228928312,1.0
2019-08-04,69.0,0.0,14.75,0.0,1.323771293583785,36.875,-0.8382797052177745,-2.0
2019-08-05,66.0,0.0,14.51,0.0,1.1252055995462173,36.275,-0.828770087174504,-3.0
2019-08-06,70.0,4.2,16.91,4.2,5.156424759614285,42.275,-0.8190148866680802,4.0
2019-08-07,67.0,0.0,19.66,0.0,4.3829610456721415,49.15,-0.8090169943749472,-3.0
2019-08-08,69.0,9.5,18.07,9.5,13.225516888821321,45.175,-0.7987793728863648,2.0
2019-08-09,74.0,32.1,17.67,32.1,43.341689355498126,44.175000000000004,-0.7883050558305253,5.0
2019-08-10,70.0,4.7,17.05,4.7,41.54043595217341,42.625,-0.7775971469736268,-4.0
2019-08-11,70.0,0.0,19.63,0.0,35.3093705593474,49.074999999999996,-0.7666588193001592,0.0
2019-08-12,69.0,0.0,19.5,0.0,30.01296497544529,48.75,-0.7554933140726804,-1.0
2019-08-13,71.0,0.0,18.91,0.0,25.511020229128494,47.275,-0.7441039398713608,2.0
2019-08-14,74.0,2.4,17.5,2.4,24.084367194759217,43.75,-0.7324940716135792,3.0
2019-08-15,73.0,0.0,17.62,0.0,20.471712115545333,44.050000000000004,-0.7206671495538615,-1.0
2019-08-16,75.0,0.0,18.15,0.0,17.400955298213532,45.375,-0.7086266782644601,2.0
2019-08-17,73.0,0.0,18.69,0.0,14.790812003481502,46.725,-0.6963762255968726,-2.0
2019-08-18,73.0,0.0,22.13,0.0,12.572190202959277,55.324999999999996,-0.6839194216246105,0.0
2019-08-19,77.0,0.0,19.7,0.0,10.686361672515385,49.25,-0.6712599575675315,4.0
2019-08-20,74.0,0.0,18.55,0.0,9.083407421638077,46.375,-0.6584015846980489,-3.0
2019-08-21,79.0,2.6,17.16,2.6,10.320896308392365,42.9,-0.64534811322955,5.0
2019-08-22,76.0,0.0,17.1,0.0,8.77276186213351,42.75,-0.6321034111873488,-3.0
2019-08-23,74.0,0.0,18.87,0.0,7.4568475828134835,47.175000000000004,-0.6186714032625032,-2.0
2019-08-24,77.0,0.0,19.57,0.0,6.338320445391461,48.925,-0.6050560696488494,3.0
2019-08-25,75.0,0.0,19.04,0.0,5.387572378582742,47.599999999999994,-0.5912614448635782,-2.0
2019-08-26,72.0,0.0,21.1,0.0,4.57943652179533,52.75,-0.5772916165517278,-3.0
2019-08-27,72.0,0.0,23.09,0.0,3.8925210435260302,57.725,-0.5631507242749187,0.0
2019-08-28,70.0,0.0,24.01,0.0,3.308642886997126,60.025000000000006,-0.5488429582847199,-2.0
2019-08-29,73.0,1.0,21.04,1.0,3.8123464539475567,52.599999999999994,-0.5343725582809785,3.0
2019-08-30,71.0,0.0,20.19,0.0,3.240494485855423,50.475,-0.5197438121555157,-2.0
2019-08-31,67.0,0.0,18.32,0.0,2.7544203129771097,45.8,-0.5049610547215202,-4.0
2019-09-01,69.0,0.0,22.36,0.0,2.341257266030543,55.9,-0.4900286664290594,2.0
2019-09-02,76.0,1.3,19.05,1.3,3.2900686761259617,47.625,-0.4749510720670502,7.0
2019-09-03,76.0,0.0,18.23,0.0,2.7965583747070673,45.575,-0.4597327394521046,0.0
2019-09-04,77.0,0.6,17.92,0.6,2.9770746185010073,44.800000000000004,-0.44437817810461344,1.0
2019-09-05,78.0,0.0,17.95,0.0,2.5305134257258564,44.875,-0.4288919379124841,1.0
2019-09-06,83.0,0.2,17.15,0.2,2.350936411866978,42.875,-0.41327860778290443,5.0
2019-09-07,76.0,0.0,15.78,0.0,1.9982959500869315,39.449999999999996,-0.3975428142825566,-7.0
2019-09-08,83.0,15.2,16.17,15.2,16.898551557573892,40.425000000000004,-0.3816892202666586,7.0
2019-09-09,80.0,0.0,19.86,0.0,14.363768823937807,49.65,-0.3657225234972692,-3.0
2019-09-10,88.0,3.1,17.75,3.1,15.309203500347136,44.375,-0.34964745525122826,8.0
2019-09-11,86.0,0.7,17.34,0.7,13.712822975295065,43.35,-0.33346877891818705,-2.0
2019-09-12,81.0,0.0,17.52,0.0,11.655899529000806,43.8,-0.31719128858910595,-5.0
2019-09-13,91.0,7.6,16.58,7.6,17.507514599650683,41.449999999999996,-0.300819807635668,10.0
2019-09-14,96.0,0.0,15.56,0.0,14.88138740970308,38.9,-0.2843591872810036,5.0
2019-09-15,103.0,4.5,15.48,4.5,17.149179298247617,38.7,-0.26781430516217486,7.0
2019-09-16,112.0,0.0,14.64,0.0,14.576802403510474,36.6,-0.25119006388481957,9.0
2019-09-17,113.0,3.7,12.52,3.7,16.0902820429839,31.299999999999997,-0.23449138957041052,1.0
2019-09-18,118.0,26.8,9.45,26.8,40.47673973653632,23.625,-0.21772323039653224,5.0
2019-09-19,116.0,11.4,9.71,11.4,45.80522877605587,24.275000000000002,-0.20089055513063528,-2.0
2019-09-20,109.0,2.8,10.31,2.8,41.734444459647484,25.775000000000002,-0.18399835165767986,-7.0
2019-09-21,108.0,0.0,14.31,0.0,35.47427779070036,35.775,-0.1670516255021195,-1.0
2019-09-22,103.0,0.0,12.46,0.0,30.153136122095308,31.150000000000002,-0.15005539834465262,-5.0
2019-09-23,92.0,0.0,7.21,0.0,25.63016570378101,18.025,-0.13301470653419636,-11.0
2019-09-24,88.0,0.0,8.23,0.0,21.78564084821386,20.575000000000003,-0.11593459959550066,-4.0
2019-09-25,86.0,0.0,8.5,0.0,18.51779472098178,21.25,-0.09882013873287211,-2.0
2019-09-26,86.0,0.0,10.74,0.0,15.740125512834512,26.85,-0.08167639533042288,0.0
2019-09-27,81.0,0.0,12.64,0.0,13.379106685909335,31.6,-0.06450844944931625,-5.0
2019-09-28,86.0,8.6,13.65,8.6,19.97224068302293,34.125,-0.04732138832243232,5.0
2019-09-29,85.0,1.6,14.2,1.6,18.57640458056949,35.5,-0.03012030484690836,-1.0
2019-09-30,94.0,35.6,13.61,35.6,51.389943893484066,34.025,-0.012910296075008843,9.0
2019-10-01,91.0,4.7,11.55,4.7,48.38145230946146,28.875,0.004303538296243821,-3.0
2019-10-02,99.0,3.9,10.21,3.9,45.024234463042234,25.525000000000002,0.021516097436222233,8.0
2019-10-03,106.0,4.7,8.7,4.7,42.9705992935859,21.75,0.03872228089217399,7.0
2019-10-04,100.0,5.8,8.24,5.8,42.32500939954801,20.6,0.05591699010060302,-6.0
2019-10-05,91.0,0.0,4.14,0.0,35.9762579896158,10.35,0.07309512989807776,-9.0
2019-10-06,88.0,0.0,4.15,0.0,30.579819291173433,10.375,0.0902516100310407,-3.0
2019-10-07,87.0,9.1,4.22,9.1,35.09284639749742,10.549999999999999,0.10738134666416306,-1.0
2019-10-08,85.0,7.4,7.53,7.4,37.228919437872804,18.825,0.12447926388678869,-2.0
2019-10-09,88.0,3.8,12.01,3.8,35.44458152219188,30.025,0.141540295217043,3.0
2019-10-10,91.0,9.9,10.89,9.9,40.0278942938631,27.225,0.15855938510313475,3.0
2019-10-11,99.0,13.5,12.06,13.5,47.52371014978363,30.150000000000002,0.17553149042142777,8.0
2019-10-12,113.0,6.5,12.97,6.5,46.895153627316084,32.425000000000004,0.19245158197082995,14.0
2019-10-13,125.0,0.5,12.85,0.5,40.36088058321867,32.125,0.20931464596304888,12.0
2019-10-14,138.0,0.0,14.23,0.0,34.306748495735874,35.575,0.22611568550828803,13.0
2019-10-15,123.0,0.0,12.72,0.0,29.160736221375494,31.8,0.2428497220959358,-15.0
2019-10-16,113.0,0.2,15.06,0.2,24.986625788169167,37.65,0.25951179706979943,-10.0
2019-10-17,110.0,9.3,12.49,9.3,30.538631919943793,31.225,0.27609697309746883,-3.0
2019-10-18,98.0,3.4,13.11,3.4,29.357837131952223,32.775,0.2926003356333479,-12.0
2019-10-19,93.0,2.8,12.36,2.8,27.75416156215939,30.9,0.30901699437494723,-5.0
2019-10-20,95.0,0.0,13.04,0.0,23.59103732783548,32.599999999999994,0.3253420847119795,2.0
2019-10-21,91.0,0.0,12.97,0.0,20.05238172866016,32.425000000000004,0.341570769167856,-4.0
2019-10-22,86.0,0.0,13.0,0.0,17.044524469361136,32.5,0.35769823883312546,-5.0
2019-10-23,81.0,0.0,12.24,0.0,14.487845798956965,30.6,0.3737197147904692,-5.0
2019-10-24,79.0,0.0,12.3,0.0,12.31466892911342,30.75,0.38963044953078774,-2.0
2019-10-25,81.0,0.2,13.01,0.2,10.667468589746406,32.525,0.4054257283599973,2.0
2019-10-26,86.0,0.0,13.65,0.0,9.067348301284445,34.125,0.42110087079608916,5.0
2019-10-27,98.0,5.5,12.12,5.5,13.207246056091778,30.299999999999997,0.4366512319560638,12.0
2019-10-28,95.0,3.0,8.65,3.0,14.226159147678011,21.625,0.45207220393230374,-3.0
2019-10-29,99.0,9.9,5.33,9.9,21.992235275526312,13.325,0.46735921715800205,4.0
2019-10-30,99.0,2.4,3.54,2.4,21.09339998419736,8.85,0.48250774176121763,0.0
2019-10-31,98.0,6.2,7.86,6.2,24.129389986567755,19.650000000000002,0.4975132889071803,-1.0
2019-11-01,97.0,1.1,8.31,1.1,21.609981488582594,20.775000000000002,0.5123714121284235,-1.0
2019-11-02,94.0,7.6,4.65,7.6,25.968484265295203,11.625,0.5270777086423724,-3.0
2019-11-03,96.0,7.2,10.16,7.2,29.27321162550092,25.4,0.5416278206559811,2.0
2019-11-04,103.0,16.5,9.75,16.5,41.382229881675784,24.375,0.5560174366570446,7.0
2019-11-05,127.0,0.0,9.4,0.0,35.174895399424415,23.5,0.5702422926917867,24.0
2019-11-06,133.0,3.6,7.79,3.6,33.498661089510755,19.475,0.5842981736283683,6.0
2019-11-07,125.0,0.1,7.83,0.1,28.57386192608414,19.575,0.5981809144059159,-8.0
2019-11-08,123.0,0.0,6.73,0.0,24.28778263717152,16.825000000000003,0.6118864012687242,-2.0
2019-11-09,117.0,0.4,8.38,0.4,21.04461524159579,20.950000000000003,0.6254105729852457,-6.0
2019-11-10,110.0,0.6,9.1,0.6,18.48792295535642,22.75,0.6387494220515268,-7.0
2019-11-11,94.0,3.0,5.81,3.0,18.714734512052956,14.524999999999999,0.6518989958787125,-16.0
2019-11-12,81.0,0.0,5.33,0.0,15.907524335245013,13.325,0.6648553979642867,-13.0
2019-11-13,77.0,14.0,9.53,14.0,27.52139568495826,23.825,0.6776147890466887,-4.0
2019-11-14,90.0,1.9,7.87,1.9,25.29318633221452,19.675,0.690173388242972,13.0
2019-11-15,89.0,0.0,5.97,0.0,21.499208382382342,14.924999999999999,0.7025274741691566,-1.0
2019-11-16,87.0,0.2,8.13,0.2,18.47432712502499,20.325000000000003,0.7146733860429608,-2.0
2019-11-17,75.0,0.0,8.44,0.0,15.70317805627124,21.099999999999998,0.726607524768565,-12.0
2019-11-18,75.0,0.0,9.16,0.0,13.347701347830553,22.9,0.7383263540031063,0.0
2019-11-19,69.0,1.9,8.53,1.9,13.24554614565597,21.325,0.749826401204568,-6.0
2019-11-20,60.0,0.0,5.84,0.0,11.258714223807575,14.6,0.7611042586607742,-9.0
2019-11-21,55.0,0.0,5.38,0.0,9.569907090236438,13.45,0.7721565844991641,-5.0
2019-11-22,54.0,0.0,1.31,0.0,8.134421026700972,3.2750000000000004,0.7829801036770625,-1.0
2019-11-23,51.0,0.0,-1.12,0.0,6.914257872695826,0.0,0.7935716089521472,-3.0
2019-11-24,49.0,0.0,-0.27,0.0,5.877119191791452,0.0,0.8039279618328208,-2.0
2019-11-25,47.0,0.0,-2.11,0.0,4.995551313022734,0.0,0.8140460935082175,-2.0
2019-11-26,46.0,0.0,-0.38,0.0,4.246218616069323,0.0,0.8239230057575536,-1.0
2019-11-27,47.0,0.0,2.12,0.0,3.609285823658925,5.300000000000001,0.8335557718385695,1.0
2019-11-28,48.0,1.5,5.5,1.5,4.567892950110086,13.75,0.8429415373547832,1.0
2019-11-29,68.0,11.1,6.44,11.1,14.982709007593574,16.1,0.8520775211013093,20.0
2019-11-30,67.0,1.3,4.15,1.3,14.035302656454538,10.375,0.8609610158889945,-1.0
2019-12-01,65.0,2.9,4.02,2.9,14.830007257986358,10.049999999999999,0.8695893893466109,-2.0
2019-12-02,72.0,2.9,2.69,2.9,15.505506169288404,6.725,0.8779600847008883,7.0
2019-12-03,76.0,0.3,4.48,0.3,13.479680243895144,11.200000000000001,0.8860706215341377,4.0
2019-12-04,80.0,2.3,7.23,2.3,13.757728207310873,18.075000000000003,0.893918596519257,4.0
2019-12-05,84.0,0.0,6.53,0.0,11.694068976214242,16.325,0.9015016841318838,4.0
2019-12-06,92.0,0.9,5.75,0.9,10.839958629782105,14.375,0.9088176373395028,8.0
2019-12-07,101.0,14.4,6.31,14.4,23.61396483531479,15.774999999999999,0.9158642882672868,9.0
2019-12-08,126.0,7.2,6.83,7.2,27.27187011001757,17.075,0.9226395488404875,25.0
2019-12-09,150.0,0.8,7.33,0.8,23.981089593514934,18.325,0.9291414114031743,24.0
2019-12-10,169.0,1.5,3.91,1.5,21.883926154487693,9.775,0.935367949313148,19.0
2019-12-11,148.0,0.0,1.17,0.0,18.601337231314538,2.925,0.941317317512847,-21.0
2019-12-12,129.0,0.2,-0.08,0.2,16.011136646617356,0.0,0.946987753076075,-19.0
2019-12-13,108.0,1.9,1.85,1.9,15.509466149624751,4.625,0.9523775757303973,-21.0
2019-12-14,100.0,2.7,3.62,2.7,15.883046227181037,9.05,0.9574851883550389,-8.0
2019-12-15,108.0,10.6,5.15,10.6,24.10058929310388,12.875,0.9623090774541487,8.0
2019-12-16,120.0,0.0,6.49,0.0,20.485500899138298,16.225,0.9668478136052773,12.0
2019-12-17,110.0,0.2,5.84,0.2,17.612675764267554,14.6,0.9711000518829505,-10.0
2019-12-18,116.0,0.3,7.0,0.3,15.27077439962742,17.5,0.9750645322571945,6.0
2019-12-19,103.0,0.0,4.8,0.0,12.980158239683307,12.0,0.9787400799669153,-13.0
2019-12-20,94.0,0.0,3.51,0.0,11.03313450373081,8.774999999999999,0.9821256058680006,-9.0
2019-12-21,97.0,0.7,4.8,0.7,10.078164328171187,12.0,0.9852201067560606,3.0
2019-12-22,91.0,1.5,5.62,1.5,10.066439678945509,14.05,0.9880226656636976,-6.0
2019-12-23,94.0,1.4,6.04,1.4,9.956473727103683,15.1,0.9905324521322227,3.0
2019-12-24,94.0,1.8,5.72,1.8,10.263002668038132,14.299999999999999,0.9927487224577402,0.0
2019-12-25,93.0,0.8,4.3,0.8,9.523552267832413,10.75,0.9946708199115211,-1.0
2019-12-26,96.0,0.7,2.89,0.7,8.79501942765755,7.2250000000000005,0.9962981749346077,3.0
2019-12-27,99.0,0.0,0.78,0.0,7.475766513508917,1.9500000000000002,0.9976303053065857,3.0
2019-12-28,89.0,0.0,-0.65,0.0,6.354401536482579,0.0,0.9986668162884759,-10.0
2019-12-29,80.0,0.2,1.79,0.2,5.601241306010192,4.475,0.9994074007397048,-9.0
2019-12-30,92.0,0.6,6.19,0.6,5.361055110108663,15.475000000000001,0.9998518392091162,12.0
2019-12-31,99.0,3.0,5.81,3.0,7.556896843592363,14.524999999999999,1.0,7.0
2020-01-01,100.0,0.0,5.28,0.0,6.423362317053509,13.200000000000001,0.9998518392091162,1.0
2020-01-02,99.0,0.0,5.45,0.0,5.4598579694954825,13.625,0.9994074007397048,-1.0
2020-01-03,95.0,7.6,4.77,7.6,12.24087927407116,11.924999999999999,0.998666816288476,-4.0
2020-01-04,115.0,2.2,4.6,2.2,12.604747382960486,11.5,0.9976303053065857,20.0
2020-01-05,120.0,0.4,2.93,0.4,11.114035275516413,7.325,0.9962981749346078,5.0
2020-01-06,112.0,5.3,4.9,5.3,14.746929984188949,12.25,0.9946708199115211,-8.0
2020-01-07,114.0,5.7,4.59,5.7,18.234890486560605,11.475,0.9927487224577402,2.0
2020-01-08,125.0,3.1,5.18,3.1,18.599656913576514,12.95,0.9905324521322229,11.0
2020-01-09,137.0,4.6,5.0,4.6,20.409708376540035,12.5,0.9880226656636976,12.0
2020-01-10,147.0,15.4,6.23,15.4,32.74825212005903,15.575000000000001,0.9852201067560606,10.0
2020-01-11,162.0,1.6,3.68,1.6,29.436014302050175,9.200000000000001,0.9821256058680006,15.0
2020-01-12,171.0,9.7,4.97,9.7,34.72061215674265,12.424999999999999,0.9787400799669153,9.0
2020-01-13,183.0,10.6,5.04,10.6,40.112520333231245,12.6,0.9750645322571948,12.0
2020-01-14,208.0,2.5,4.67,2.5,36.595642283246555,11.675,0.9711000518829505,25.0
2020-01-15,181.0,0.0,6.16,0.0,31.10629594075957,15.4,0.9668478136052775,-27.0
2020-01-16,160.0,0.5,6.23,0.5,26.940351549645634,15.575000000000001,0.9623090774541486,-21.0
2020-01-17,137.0,0.0,3.77,0.0,22.899298817198787,9.425,0.9574851883550393,-23.0
2020-01-18,130.0,0.0,4.46,0.0,19.46440399461897,11.15,0.9523775757303974,-7.0
2020-01-19,121.0,0.0,5.37,0.0,16.544743395426124,13.425,0.9469877530760753,-9.0
2020-01-20,124.0,0.0,5.2,0.0,14.063031886112205,13.0,0.9413173175128471,3.0
2020-01-21,126.0,0.0,5.84,0.0,11.953577103195373,14.6,0.9353679493131483,2.0
2020-01-22,124.0,0.0,5.06,0.0,10.160540537716066,12.649999999999999,0.9291414114031743,-2.0
2020-01-23,123.0,1.2,4.58,1.2,9.836459457058655,11.45,0.9226395488404876,-1.0
2020-01-24,122.0,2.6,5.52,2.6,10.960990538499857,13.799999999999999,0.9158642882672872,-1.0
2020-01-25,121.0,0.0,5.2,0.0,9.316841957724877,13.0,0.9088176373395029,-1.0
2020-01-26,119.0,1.4,4.52,1.4,9.319315664066146,11.299999999999999,0.901501684131884,-2.0
2020-01-27,117.0,1.0,2.98,1.0,8.921418314456224,7.45,0.893918596519257,-2.0
2020-01-28,111.0,6.3,1.97,6.3,13.883205567287789,4.925,0.886070621534138,-6.0
2020-01-29,119.0,2.1,3.74,2.1,13.90072473219462,9.350000000000001,0.8779600847008882,8.0
2020-01-30,119.0,5.1,4.42,5.1,16.915616022365427,11.05,0.869589389346611,0.0
2020-01-31,124.0,11.3,3.86,11.3,25.67827361901061,9.65,0.8609610158889943,5.0
2020-02-01,133.0,9.8,5.96,9.8,31.62653257615902,14.9,0.8520775211013093,9.0
2020-02-02,158.0,2.8,5.35,2.8,29.682552689735164,13.375,0.8429415373547828,25.0
2020-02-03,163.0,0.0,3.82,0.0,25.23016978627489,9.549999999999999,0.8335557718385699,5.0
2020-02-04,153.0,0.0,0.85,0.0,21.445644318333656,2.125,0.8239230057575542,-10.0
2020-02-05,146.0,0.3,1.38,0.3,18.528797670583607,3.4499999999999997,0.8140460935082178,-7.0
2020-02-06,141.0,0.3,2.77,0.3,16.049478019996066,6.925,0.8039279618328213,-5.0
2020-02-07,132.0,0.0,0.42,0.0,13.642056316996655,1.05,0.7935716089521474,-9.0
2020-02-08,125.0,0.0,3.71,0.0,11.595747869447157,9.275,0.7829801036770629,-7.0
2020-02-09,114.0,0.0,4.2,0.0,9.856385689030084,10.5,0.7721565844991642,-11.0
2020-02-10,122.0,14.6,5.53,14.6,22.977927835675573,13.825000000000001,0.7611042586607747,8.0
2020-02-11,144.0,7.6,3.99,7.6,27.131238660324236,9.975000000000001,0.7498264012045686,22.0
2020-02-12,164.0,6.6,4.6,6.6,29.661552861275602,11.5,0.7383263540031065,20.0
2020-02-13,168.0,2.6,4.35,2.6,27.812319932084264,10.875,0.7266075247685656,4.0
2020-02-14,161.0,0.0,1.37,0.0,23.640471942271624,3.4250000000000003,0.7146733860429609,-7.0
2020-02-15,143.0,0.0,2.09,0.0,20.09440115093088,5.225,0.702527474169157,-18.0
2020-02-16,128.0,2.5,5.44,2.5,19.58024097829125,13.600000000000001,0.6901733882429719,-15.0
2020-02-17,132.0,0.0,7.13,0.0,16.643204831547564,17.825,0.6776147890466889,4.0
2020-02-18,129.0,1.9,5.55,1.9,16.04672410681543,13.875,0.6648553979642865,-3.0
2020-02-19,133.0,0.2,4.93,0.2,13.839715490793113,12.325,0.6518989958787126,4.0
2020-02-20,133.0,0.0,4.53,0.0,11.763758167174146,11.325000000000001,0.6387494220515272,0.0
2020-02-21,128.0,1.8,4.31,1.8,11.799194442098024,10.774999999999999,0.6254105729852463,-5.0
2020-02-22,135.0,6.4,4.9,6.4,16.42931527578332,12.25,0.6118864012687243,7.0
2020-02-23,148.0,0.2,5.16,0.2,14.16491798441582,12.9,0.5981809144059164,13.0
2020-02-24,160.0,0.0,4.12,0.0,12.040180286753447,10.3,0.5842981736283683,12.0
2020-02-25,157.0,1.8,2.97,1.8,12.03415324374043,7.425000000000001,0.5702422926917871,-3.0
2020-02-26,161.0,2.2,4.08,2.2,12.429030257179367,10.2,0.5560174366570446,4.0
2020-02-27,161.0,3.3,2.31,3.3,13.864675718602463,5.775,0.5416278206559814,0.0
2020-02-28,157.0,0.9,2.18,0.9,12.684974360812094,5.45,0.5270777086423722,-4.0
2020-02-29,162.0,0.8,3.39,0.8,11.58222820669028,8.475,0.5123714121284237,5.0
2020-03-01,160.0,3.5,5.69,3.5,13.344893975686738,14.225000000000001,0.49751328890718066,-2.0
2020-03-02,149.0,7.8,5.65,7.8,19.143159879333727,14.125,0.48250774176121847,-11.0
2020-03-03,145.0,6.1,5.98,6.1,22.371685897433665,14.950000000000001,0.46735921715800227,-4.0
2020-03-04,155.0,0.7,5.3,0.7,19.715933012818613,13.25,0.45207220393230435,10.0
2020-03-05,146.0,0.0,4.3,0.0,16.75854306089582,10.75,0.43665123195606403,-9.0
2020-03-06,135.0,0.0,5.16,0.0,14.244761601761448,12.9,0.4211008707960896,-11.0
2020-03-07,131.0,2.0,4.27,2.0,14.108047361497231,10.674999999999999,0.40542572835999735,-4.0
2020-03-08,116.0,0.0,4.03,0.0,11.991840257272646,10.075000000000001,0.38963044953078796,-15.0
2020-03-09,108.0,0.0,5.4,0.0,10.193064218681748,13.5,0.37371971479046906,-8.0
2020-03-10,109.0,2.3,6.01,2.3,10.964104585879486,15.024999999999999,0.35769823883312546,1.0
2020-03-11,125.0,6.8,6.12,6.8,16.119488897997563,15.3,0.3415707691678556,16.0
2020-03-12,143.0,0.4,5.88,0.4,14.101565563297928,14.7,0.3253420847119801,18.0
2020-03-13,129.0,2.2,5.0,2.2,14.186330728803238,12.5,0.30901699437494745,-14.0
2020-03-14,131.0,3.5,0.19,3.5,15.558381119482751,0.475,0.29260033563334836,2.0
2020-03-15,112.0,0.0,3.13,0.0,13.22462395156034,7.824999999999999,0.27609697309746883,-19.0
2020-03-16,115.0,2.5,4.51,2.5,13.740930358826288,11.274999999999999,0.2595117970697999,3.0
2020-03-17,115.0,0.0,3.39,0.0,11.679790805002344,8.475,0.2428497220959356,0.0
2020-03-18,115.0,3.4,6.29,3.4,13.327822184251993,15.725,0.22611568550828828,0.0
2020-03-19,115.0,0.0,5.39,0.0,11.328648856614194,13.475,0.20931464596304847,0.0
2020-03-20,119.0,0.0,4.59,0.0,9.629351528122065,11.475,0.19245158197082998,4.0
2020-03-21,113.0,0.8,0.58,0.8,8.984948798903755,1.45,0.1755314904214282,-6.0
2020-03-22,102.0,0.0,-0.44,0.0,7.637206479068191,0.0,0.15855938510313478,-11.0
2020-03-23,95.0,0.0,-0.58,0.0,6.491625507207963,0.0,0.141540295217043,-7.0
2020-03-24,87.0,0.0,1.77,0.0,5.517881681126768,4.425,0.12447926388678915,-8.0
2020-03-25,80.0,0.0,3.43,0.0,4.690199428957753,8.575000000000001,0.10738134666416309,-7.0
2020-03-26,84.0,0.0,4.19,0.0,3.9866695146140896,10.475000000000001,0.09025161003104117,4.0
2020-03-27,85.0,0.0,7.77,0.0,3.388669087421976,19.424999999999997,0.07309512989807777,1.0
2020-03-28,86.0,0.0,6.05,0.0,2.8803687243086795,15.125,0.055916990100603484,1.0
2020-03-29,87.0,0.2,2.05,0.2,2.6483134156623778,5.125,0.03872228089217446,1.0
2020-03-30,86.0,1.4,0.33,1.4,3.651066403313021,0.8250000000000001,0.021516097436222254,-1.0
2020-03-31,85.0,0.5,1.6,0.5,3.6034064428160675,4.0,0.004303538296244289,-1.0
2020-04-01,93.0,1.7,5.03,1.7,4.762895476393657,12.575000000000001,-0.01291029607500882,8.0
2020-04-02,94.0,0.0,5.82,0.0,4.048461154934609,14.55,-0.030120304846908114,1.0
2020-04-03,101.0,0.7,5.4,0.7,4.141191981694417,13.5,-0.04732138832243185,7.0
2020-04-04,96.0,0.0,5.1,0.0,3.5200131844402547,12.75,-0.06450844944931623,-5.0
2020-04-05,90.0,0.0,5.36,0.0,2.9920112067742166,13.4,-0.08167639533042241,-6.0
2020-04-06,85.0,0.0,9.17,0.0,2.5432095257580842,22.925,-0.09882013873287143,-5.0
2020-04-07,88.0,0.0,8.81,0.0,2.1617280968943717,22.025000000000002,-0.11593459959550041,3.0
2020-04-08,83.0,0.0,7.4,0.0,1.8374688823602159,18.5,-0.1330147065341959,-5.0
2020-04-09,87.0,0.0,7.26,0.0,1.5618485500061834,18.15,-0.1500553983446526,4.0
2020-04-10,88.0,0.0,5.21,0.0,1.3275712675052558,13.025,-0.16705162550211924,1.0
2020-04-11,85.0,0.0,4.83,0.0,1.1284355773794674,12.075,-0.18399835165768005,-3.0
2020-04-12,81.0,0.9,8.29,0.9,1.8591702407725474,20.724999999999998,-0.20089055513063506,-4.0
2020-04-13,93.0,0.0,6.21,0.0,1.5802947046566653,15.525,-0.21772323039653177,12.0
2020-04-14,101.0,0.2,4.93,0.2,1.5432504989581655,12.325,-0.23449138957040985,8.0
2020-04-15,101.0,1.4,6.43,1.4,2.7117629241144403,16.075,-0.25119006388481935,0.0
2020-04-16,106.0,0.0,7.19,0.0,2.3049984854972743,17.975,-0.2678143051621742,5.0
2020-04-17,101.0,0.0,6.19,0.0,1.959248712672683,15.475000000000001,-0.2843591872810034,-5.0
2020-04-18,99.0,0.0,5.83,0.0,1.6653614057717805,14.575,-0.30081980763566735,-2.0
2020-04-19,96.0,0.0,5.81,0.0,1.4155571949060133,14.524999999999999,-0.3171912885891061,-3.0
2020-04-20,92.0,0.0,5.38,0.0,1.2032236156701113,13.45,-0.3334687789181868,-4.0
2020-04-21,91.0,0.0,6.63,0.0,1.0227400733195946,16.575,-0.3496474552512284,-1.0
2020-04-22,88.0,0.0,7.46,0.0,0.8693290623216554,18.65,-0.36572252349726897,-3.0
2020-04-23,86.0,0.0,7.75,0.0,0.7389297029734071,19.375,-0.3816892202666588,-2.0
2020-04-24,87.0,0.0,8.18,0.0,0.6280902475273961,20.45,-0.39754281428255595,1.0
2020-04-25,82.0,0.0,6.16,0.0,0.5338767103982867,15.4,-0.4132786077829042,-5.0
2020-04-26,84.0,0.0,6.3,0.0,0.45379520383854366,15.75,-0.4288919379124835,2.0
2020-04-27,84.0,0.0,9.5,0.0,0.3857259232627621,23.75,-0.4443781781046132,0.0
2020-04-28,88.0,0.0,8.3,0.0,0.3278670347733478,20.75,-0.45973273945210397,4.0
2020-04-29,80.0,0.0,5.65,0.0,0.2786869795573456,14.125,-0.47495107206704995,-8.0
2020-04-30,78.0,0.0,9.31,0.0,0.23688393262374377,23.275000000000002,-0.49002866642905923,-2.0
2020-05-01,77.0,0.0,11.51,0.0,0.2013513427301822,28.775,-0.5049610547215204,-1.0
2020-05-02,78.0,6.6,9.03,6.6,6.7711486413206545,22.575,-0.5197438121555155,1.0
2020-05-03,79.0,0.0,7.76,0.0,5.755476345122556,19.4,-0.5343725582809787,1.0
2020-05-04,79.0,0.0,9.48,0.0,4.8921548933541725,23.700000000000003,-0.548842958284719,0.0
2020-05-05,84.0,0.0,11.8,0.0,4.158331659351046,29.5,-0.5631507242749186,5.0
2020-05-06,81.0,0.0,8.96,0.0,3.5345819104483893,22.400000000000002,-0.5772916165517272,-3.0
2020-05-07,83.0,0.0,7.8,0.0,3.0043946238811308,19.5,-0.5912614448635781,2.0
2020-05-08,83.0,0.0,7.98,0.0,2.553735430298961,19.950000000000003,-0.6050560696488488,0.0
2020-05-09,85.0,0.0,9.25,0.0,2.1706751157541166,23.125,-0.6186714032625031,2.0
2020-05-10,80.0,0.0,12.02,0.0,1.8450738483909992,30.049999999999997,-0.6321034111873487,-5.0
2020-05-11,89.0,2.7,7.87,2.7,4.268312771132349,19.675,-0.6453481132295501,9.0
2020-05-12,89.0,0.3,7.56,0.3,3.9280658554624965,18.9,-0.6584015846980488,0.0
2020-05-13,90.0,0.5,7.51,0.5,3.838855977143122,18.775,-0.6712599575675313,1.0
2020-05-14,91.0,0.0,7.94,0.0,3.2630275805716535,19.85,-0.6839194216246106,1.0
2020-05-15,95.0,0.0,9.24,0.0,2.7735734434859056,23.1,-0.6963762255968722,4.0
2020-05-16,104.0,0.0,9.55,0.0,2.35753742696302,23.875,-0.7086266782644596,9.0
2020-05-17,105.0,3.6,9.3,3.6,5.6039068129185665,23.25,-0.7206671495538609,1.0
2020-05-18,101.0,0.2,9.18,0.2,4.963320790980782,22.95,-0.7324940716135789,-4.0
2020-05-19,102.0,0.0,9.22,0.0,4.218822672333665,23.05,-0.7441039398713607,1.0
2020-05-20,100.0,0.0,8.05,0.0,3.585999271483615,20.125,-0.7554933140726803,-2.0
2020-05-21,94.0,0.0,9.01,0.0,3.0480993807610726,22.525,-0.766658819300159,-6.0
2020-05-22,92.0,0.0,9.58,0.0,2.5908844736469114,23.95,-0.777597146973627,-2.0
2020-05-23,89.0,0.6,11.35,0.6,2.8022518025998746,28.375,-0.7883050558305255,-3.0
2020-05-24,95.0,1.1,10.4,1.1,3.4819140322098936,26.0,-0.7987793728863649,6.0
2020-05-25,97.0,0.0,11.25,0.0,2.9596269273784093,28.125,-0.8090169943749473,2.0
2020-05-26,95.0,0.0,11.42,0.0,2.5156828882716478,28.55,-0.8190148866680801,-2.0
2020-05-27,92.0,0.0,11.44,0.0,2.1383304550309004,28.599999999999998,-0.8287700871745037,-3.0
2020-05-28,95.0,0.6,11.96,0.6,2.4175808867762654,29.900000000000002,-0.8382797052177743,3.0
2020-05-29,89.0,0.0,11.26,0.0,2.0549437537598254,28.15,-0.8475409228928311,-6.0
2020-05-30,92.0,0.0,13.95,0.0,1.7467021906958515,34.875,-0.8565509959010036,3.0
2020-05-31,91.0,0.0,16.96,0.0,1.4846968620914738,42.400000000000006,-0.865307254363206,-1.0
2020-06-01,88.0,0.0,13.36,0.0,1.2619923327777527,33.4,-0.8738071036110808,-3.0
2020-06-02,84.0,0.0,13.14,0.0,1.0726934828610897,32.85,-0.8820480249558537,-4.0
2020-06-03,84.0,0.0,13.5,0.0,0.9117894604319262,33.75,-0.8900275764346767,0.0
2020-06-04,80.0,1.4,12.82,1.4,2.1750210413671374,32.05,-0.8977433935342337,-4.0
2020-06-05,80.0,11.9,15.35,11.9,13.748767885162067,38.375,-0.9051931898913974,0.0
2020-06-06,76.0,0.5,13.43,0.5,12.186452702387756,33.575,-0.9123747579707273,-4.0
2020-06-07,70.0,0.0,15.18,0.0,10.358484797029591,37.95,-0.9192859697186104,-6.0
2020-06-08,74.0,13.4,13.25,13.4,22.20471207747515,33.125,-0.9259247771938498,4.0
2020-06-09,77.0,0.0,13.5,0.0,18.874005265853878,33.75,-0.9322892131745133,3.0
2020-06-10,79.0,0.0,17.75,0.0,16.042904475975796,44.375,-0.9383773917408641,2.0
2020-06-11,81.0,0.0,20.68,0.0,13.636468804579426,51.7,-0.9441875088341993,2.0
2020-06-12,80.0,0.0,22.8,0.0,11.590998483892513,57.0,-0.9497178427914316,-1.0
2020-06-13,74.0,0.0,20.22,0.0,9.852348711308636,50.55,-0.9549667548552551,-6.0
2020-06-14,69.0,0.0,16.67,0.0,8.37449640461234,41.675000000000004,-0.9599326896597447,-5.0
2020-06-15,72.0,0.0,15.04,0.0,7.118321943920489,37.599999999999994,-0.9646141756912435,3.0
2020-06-16,72.0,0.0,16.56,0.0,6.050573652332416,41.4,-0.9690098257244062,0.0
2020-06-17,68.0,0.0,17.27,0.0,5.1429876044825535,43.175,-0.9731183372332619,-4.0
2020-06-18,69.0,2.7,22.13,2.7,7.07153946381017,55.324999999999996,-0.9769384927771817,1.0
2020-06-19,71.0,0.0,22.2,0.0,6.010808544238644,55.5,-0.980469160361632,2.0
2020-06-20,75.0,2.5,20.44,2.5,7.609187262602847,51.1,-0.9837092937736097,4.0
2020-06-21,76.0,0.0,21.49,0.0,6.46780917321242,53.724999999999994,-0.986657932891657,1.0
2020-06-22,72.0,16.3,19.28,16.3,21.797637797230557,48.2,-0.9893142039703663,-4.0
2020-06-23,76.0,44.8,15.53,44.8,63.32799212764597,38.824999999999996,-0.99167731989929,4.0
2020-06-24,75.0,0.0,19.79,0.0,53.82879330849907,49.474999999999994,-0.993746580436178,-1.0
2020-06-25,77.0,0.0,22.55,0.0,45.75447431222421,56.375,-0.9955213724144752,2.0
2020-06-26,78.0,0.0,24.36,0.0,38.89130316539058,60.9,-0.9970011699250151,1.0
2020-06-27,76.0,5.7,22.04,5.7,38.757607690582,55.099999999999994,-0.9981855344718586,-2.0
2020-06-28,76.0,0.0,19.79,0.0,32.9439665369947,49.474999999999994,-0.99907411510223,0.0
2020-06-29,77.0,5.3,18.86,5.3,33.30237155644549,47.15,-0.9996666485105112,1.0
2020-06-30,78.0,7.9,17.49,7.9,36.20701582297867,43.724999999999994,-0.9999629591162655,1.0
2020-07-01,73.0,5.0,16.96,5.0,35.77596344953187,42.400000000000006,-0.9999629591162655,-5.0
2020-07-02,79.0,0.0,17.4,0.0,30.40956893210209,43.5,-0.9996666485105112,6.0
2020-07-03,78.0,4.7,16.59,4.7,30.548133592286774,41.475,-0.99907411510223,-1.0
2020-07-04,77.0,0.4,18.03,0.4,26.365913553443757,45.075,-0.9981855344718586,-1.0
2020-07-05,83.0,8.5,18.01,8.5,30.911026520427193,45.025000000000006,-0.9970011699250151,6.0
2020-07-06,84.0,0.0,17.88,0.0,26.274372542363114,44.699999999999996,-0.9955213724144752,1.0
2020-07-07,94.0,0.0,15.83,0.0,22.333216661008645,39.575,-0.9937465804361781,10.0
2020-07-08,98.0,9.5,14.62,9.5,28.483234161857347,36.55,-0.99167731989929,4.0
2020-07-09,97.0,1.8,15.81,1.8,26.010749037578744,39.525,-0.9893142039703664,-1.0
2020-07-10,100.0,19.9,15.8,19.9,42.00913668194193,39.5,-0.9866579328916572,3.0
2020-07-11,111.0,0.0,15.71,0.0,35.70776617965064,39.275000000000006,-0.9837092937736098,11.0
2020-07-12,105.0,0.0,15.72,0.0,30.351601252703045,39.300000000000004,-0.9804691603616321,-6.0
2020-07-13,104.0,0.0,16.19,0.0,25.79886106479759,40.475,-0.9769384927771817,-1.0
2020-07-14,98.0,0.0,15.75,0.0,21.92903190507795,39.375,-0.973118337233262,-6.0
2020-07-15,98.0,0.0,17.64,0.0,18.639677119316257,44.1,-0.9690098257244063,0.0
2020-07-16,100.0,0.8,18.59,0.8,16.643725551418818,46.475,-0.9646141756912435,2.0
2020-07-17,95.0,0.0,19.25,0.0,14.147166718705995,48.125,-0.9599326896597445,-5.0
2020-07-18,90.0,0.0,20.04,0.0,12.025091710900096,50.099999999999994,-0.9549667548552553,-5.0
2020-07-19,89.0,0.0,21.42,0.0,10.221327954265082,53.550000000000004,-0.9497178427914317,-1.0
2020-07-20,93.0,6.7,21.31,6.7,15.38812876112532,53.275,-0.9441875088341994,4.0
2020-07-21,98.0,0.0,17.52,0.0,13.07990944695652,43.8,-0.9383773917408642,5.0
2020-07-22,103.0,3.9,16.41,3.9,15.017923029913042,41.025,-0.9322892131745134,5.0
2020-07-23,102.0,2.7,16.4,2.7,15.465234575426084,41.0,-0.9259247771938499,-1.0
2020-07-24,97.0,9.6,16.12,9.6,22.74544938911217,40.300000000000004,-0.9192859697186105,-5.0
2020-07-25,100.0,0.0,17.28,0.0,19.333631980745345,43.2,-0.9123747579707274,3.0
2020-07-26,94.0,0.0,20.35,0.0,16.43358718363354,50.875,-0.9051931898913975,-6.0
2020-07-27,93.0,0.0,17.88,0.0,13.96854910608851,44.699999999999996,-0.8977433935342336,-1.0
2020-07-28,92.0,4.2,19.69,4.2,16.07326674017523,49.225,-0.8900275764346766,-1.0
2020-07-29,97.0,0.0,17.83,0.0,13.662276729148946,44.574999999999996,-0.8820480249558535,5.0
2020-07-30,105.0,5.7,16.11,5.7,17.312935219776605,40.275,-0.8738071036110807,8.0
2020-07-31,106.0,3.1,16.88,3.1,17.815994936810114,42.199999999999996,-0.8653072543632061,1.0
2020-08-01,102.0,0.0,17.58,0.0,15.143595696288596,43.949999999999996,-0.8565509959010037,-4.0
2020-08-02,96.0,0.0,16.69,0.0,12.872056341845306,41.725,-0.8475409228928312,-6.0
2020-08-03,98.0,10.5,17.46,10.5,21.441247890568512,43.650000000000006,-0.8382797052177745,2.0
2020-08-04,102.0,2.5,17.21,2.5,20.725060706983236,43.025000000000006,-0.828770087174504,4.0
2020-08-05,97.0,0.0,17.55,0.0,17.61630160093575,43.875,-0.8190148866680802,-5.0
2020-08-06,94.0,0.0,18.88,0.0,14.973856360795386,47.199999999999996,-0.8090169943749472,-3.0
2020-08-07,95.0,0.0,22.35,0.0,12.727777906676078,55.875,-0.7987793728863648,1.0
2020-08-08,94.0,0.0,22.66,0.0,10.818611220674667,56.65,-0.7883050558305253,-1.0
2020-08-09,93.0,0.0,22.96,0.0,9.195819537573467,57.400000000000006,-0.7775971469736268,-1.0
2020-08-10,92.0,0.0,20.41,0.0,7.816446606937447,51.025,-0.7666588193001592,-1.0
2020-08-11,87.0,0.0,17.97,0.0,6.643979615896829,44.925,-0.7554933140726804,-5.0
2020-08-12,82.0,0.0,16.95,0.0,5.647382673512305,42.375,-0.7441039398713608,-5.0
2020-08-13,79.0,0.0,16.81,0.0,4.800275272485459,42.025,-0.7324940716135792,-3.0
2020-08-14,78.0,0.0,18.77,0.0,4.08023398161264,46.925,-0.7206671495538615,-1.0
2020-08-15,77.0,0.0,19.03,0.0,3.468198884370744,47.575,-0.7086266782644601,-1.0
2020-08-16,76.0,0.0,18.86,0.0,2.9479690517151322,47.15,-0.6963762255968726,-1.0
2020-08-17,76.0,0.0,20.49,0.0,2.5057736939578623,51.224999999999994,-0.6839194216246105,0.0
2020-08-18,74.0,0.0,19.67,0.0,2.1299076398641827,49.175000000000004,-0.6712599575675315,-2.0
2020-08-19,74.0,0.0,20.56,0.0,1.8104214938845553,51.4,-0.6584015846980489,0.0
2020-08-20,74.0,0.0,20.04,0.0,1.538858269801872,50.099999999999994,-0.64534811322955,0.0
2020-08-21,71.0,0.0,21.62,0.0,1.3080295293315911,54.050000000000004,-0.6321034111873488,-3.0
2020-08-22,72.0,0.9,22.19,0.9,2.0118250999318525,55.475,-0.6186714032625032,1.0
2020-08-23,73.0,8.6,20.51,8.6,10.310051334942074,51.275000000000006,-0.6050560696488494,1.0
2020-08-24,79.0,11.5,18.9,11.5,20.26354363470076,47.25,-0.5912614448635782,6.0
2020-08-25,86.0,33.9,15.9,33.9,51.12401208949564,39.75,-0.5772916165517278,7.0
2020-08-26,86.0,2.7,16.8,2.7,46.1554102760713,42.0,-0.5631507242749187,0.0
2020-08-27,95.0,10.4,16.22,10.4,49.6320987346606,40.55,-0.5488429582847199,9.0
2020-08-28,87.0,0.0,15.05,0.0,42.18728392446151,37.625,-0.5343725582809785,-8.0
2020-08-29,89.0,14.2,15.68,14.2,50.05919133579228,39.2,-0.5197438121555157,2.0
2020-08-30,87.0,0.0,18.28,0.0,42.55031263542344,45.7,-0.5049610547215202,-2.0
2020-08-31,91.0,2.0,14.77,2.0,38.16776574010992,36.925,-0.4900286664290594,4.0
2020-09-01,88.0,0.0,14.87,0.0,32.44260087909343,37.175,-0.4749510720670502,-3.0
2020-09-02,82.0,1.1,15.2,1.1,28.67621074722942,38.0,-0.4597327394521046,-6.0
2020-09-03,84.0,5.4,16.5,5.4,29.774779135145003,41.25,-0.44437817810461344,2.0
2020-09-04,81.0,0.9,17.09,0.9,26.20856226487325,42.725,-0.4288919379124841,-3.0
2020-09-05,83.0,6.2,16.9,6.2,28.47727792514226,42.25,-0.41327860778290443,2.0
2020-09-06,86.0,2.2,16.04,2.2,26.40568623637092,40.099999999999994,-0.3975428142825566,3.0
2020-09-07,95.0,14.7,14.97,14.7,37.14483330091528,37.425000000000004,-0.3816892202666586,9.0
2020-09-08,105.0,3.2,16.47,3.2,34.77310830577799,41.175,-0.3657225234972692,10.0
2020-09-09,102.0,7.7,17.09,7.7,37.25714205991129,42.725,-0.34964745525122826,-3.0
2020-09-10,107.0,0.0,15.42,0.0,31.668570750924594,38.55,-0.33346877891818705,5.0
2020-09-11,107.0,0.3,15.21,0.3,27.218285138285907,38.025000000000006,-0.31719128858910595,0.0
2020-09-12,99.0,0.0,17.23,0.0,23.13554236754302,43.075,-0.300819807635668,-8.0
2020-09-13,102.0,0.0,16.41,0.0,19.665211012411568,41.025,-0.2843591872810036,3.0
2020-09-14,103.0,0.0,16.92,0.0,16.715429360549834,42.300000000000004,-0.26781430516217486,1.0
2020-09-15,100.0,0.0,17.85,0.0,14.208114956467359,44.625,-0.25119006388481957,-3.0
2020-09-16,102.0,0.0,18.25,0.0,12.076897712997255,45.625,-0.23449138957041052,2.0
2020-09-17,116.0,4.0,12.76,4.0,14.265363056047667,31.9,-0.21772323039653224,14.0
2020-09-18,101.0,0.0,14.62,0.0,12.125558597640516,36.55,-0.20089055513063528,-15.0
2020-09-19,96.0,0.0,14.53,0.0,10.306724807994438,36.324999999999996,-0.18399835165767986,-5.0
2020-09-20,89.0,0.0,13.16,0.0,8.760716086795272,32.9,-0.1670516255021195,-7.0
2020-09-21,85.0,0.0,14.71,0.0,7.446608673775981,36.775000000000006,-0.15005539834465262,-4.0
2020-09-22,81.0,0.0,15.61,0.0,6.329617372709584,39.025,-0.13301470653419636,-4.0
2020-09-23,85.0,0.0,17.68,0.0,5.3801747668031465,44.2,-0.11593459959550066,4.0
2020-09-24,85.0,0.0,18.36,0.0,4.573148551782674,45.9,-0.09882013873287211,0.0
2020-09-25,82.0,0.0,18.79,0.0,3.8871762690152734,46.974999999999994,-0.08167639533042288,-3.0
2020-09-26,88.0,0.0,20.4,0.0,3.304099828662982,51.0,-0.06450844944931625,6.0
2020-09-27,89.0,0.0,19.57,0.0,2.8084848543635346,48.925,-0.04732138832243232,1.0
2020-09-28,89.0,0.3,12.77,0.3,2.6872121262090043,31.924999999999997,-0.03012030484690836,0.0
2020-09-29,81.0,0.0,13.03,0.0,2.2841303072776538,32.574999999999996,-0.012910296075008843,-8.0
2020-09-30,80.0,0.0,13.48,0.0,1.9415107611860056,33.7,0.004303538296243821,-1.0
2020-10-01,78.0,0.0,14.13,0.0,1.6502841470081047,35.325,0.021516097436222233,-2.0
2020-10-02,77.0,0.0,14.25,0.0,1.4027415249568889,35.625,0.03872228089217399,-1.0
2020-10-03,75.0,0.2,14.58,0.2,1.3923302962133555,36.45,0.05591699010060302,-2.0
2020-10-04,74.0,2.7,18.02,2.7,3.8834807517813523,45.05,0.07309512989807776,-1.0
2020-10-05,71.0,4.7,16.01,4.7,8.000958639014149,40.025000000000006,0.0902516100310407,-3.0
2020-10-06,65.0,6.7,14.83,6.7,13.500814843162026,37.075,0.10738134666416306,-6.0
2020-10-07,64.0,0.0,14.43,0.0,11.475692616687722,36.075,0.12447926388678869,-1.0
2020-10-08,67.0,0.0,13.53,0.0,9.754338724184564,33.824999999999996,0.141540295217043,3.0
2020-10-09,72.0,3.7,13.0,3.7,11.991187915556878,32.5,0.15855938510313475,5.0
2020-10-10,71.0,4.4,11.44,4.4,14.592509728223346,28.599999999999998,0.17553149042142777,-1.0
2020-10-11,73.0,2.7,10.68,2.7,15.103633268989846,26.7,0.19245158197082995,2.0
2020-10-12,75.0,23.2,8.7,23.2,36.03808827864137,21.75,0.20931464596304888,2.0
2020-10-13,78.0,1.0,8.62,1.0,31.63237503684516,21.549999999999997,0.22611568550828803,3.0
2020-10-14,69.0,5.6,8.62,5.6,32.487518781318386,21.549999999999997,0.2428497220959358,-9.0
2020-10-15,84.0,1.2,7.94,1.2,28.814390964120626,19.85,0.25951179706979943,15.0
2020-10-16,72.0,0.0,6.13,0.0,24.49223231950253,15.325,0.27609697309746883,-12.0
2020-10-17,65.0,0.0,4.67,0.0,20.81839747157715,11.675,0.2926003356333479,-7.0
2020-10-18,80.0,6.7,9.06,6.7,24.395637850840576,22.650000000000002,0.30901699437494723,15.0
2020-10-19,85.0,0.2,9.71,0.2,20.936292173214486,24.275000000000002,0.3253420847119795,5.0
2020-10-20,74.0,0.0,9.25,0.0,17.79584834723231,23.125,0.341570769167856,-11.0
2020-10-21,71.0,4.7,10.4,4.7,19.826471095147465,26.0,0.35769823883312546,-3.0
2020-10-22,80.0,0.6,12.75,0.6,17.452500430875347,31.875,0.3737197147904692,9.0
2020-10-23,79.0,3.3,12.54,3.3,18.134625366244045,31.349999999999998,0.38963044953078774,-1.0
2020-10-24,82.0,4.8,12.07,4.8,20.21443156130744,30.175,0.4054257283599973,3.0
2020-10-25,74.0,0.0,12.04,0.0,17.182266827111324,30.099999999999998,0.42110087079608916,-8.0
2020-10-26,72.0,0.0,11.65,0.0,14.604926803044625,29.125,0.4366512319560638,-2.0
2020-10-27,80.0,9.2,11.73,9.2,21.61418778258793,29.325000000000003,0.45207220393230374,8.0
2020-10-28,76.0,1.1,10.73,1.1,19.47205961519974,26.825000000000003,0.46735921715800205,-4.0
2020-10-29,82.0,4.7,10.66,4.7,21.251250672919777,26.65,0.48250774176121763,6.0
2020-10-30,91.0,4.8,8.95,4.8,22.86356307198181,22.375,0.4975132889071803,9.0
2020-10-31,87.0,0.0,7.49,0.0,19.43402861118454,18.725,0.5123714121284235,-4.0
2020-11-01,80.0,0.0,8.91,0.0,16.51892431950686,22.275,0.5270777086423724,-7.0
2020-11-02,72.0,4.7,8.97,4.7,18.74108567158083,22.425,0.5416278206559811,-8.0
2020-11-03,82.0,1.0,12.06,1.0,16.929922820843707,30.150000000000002,0.5560174366570446,10.0
2020-11-04,95.0,0.7,11.0,0.7,15.09043439771715,27.5,0.5702422926917867,13.0
2020-11-05,103.0,2.4,10.79,2.4,15.226869238059578,26.974999999999998,0.5842981736283683,8.0
2020-11-06,100.0,0.0,11.55,0.0,12.942838852350642,28.875,0.5981809144059159,-3.0
2020-11-07,102.0,2.2,10.24,2.2,13.201413024498045,25.6,0.6118864012687242,2.0
2020-11-08,103.0,0.0,9.41,0.0,11.221201070823337,23.525,0.6254105729852457,1.0
2020-11-09,98.0,0.0,5.4,0.0,9.538020910199837,13.5,0.6387494220515268,-5.0
2020-11-10,96.0,0.2,7.51,0.2,8.30731777366986,18.775,0.6518989958787125,-2.0
2020-11-11,90.0,0.0,5.95,0.0,7.061220107619381,14.875,0.6648553979642867,-6.0
2020-11-12,87.0,0.0,5.3,0.0,6.002037091476473,13.25,0.6776147890466887,-3.0
2020-11-13,85.0,0.0,4.92,0.0,5.101731527755002,12.3,0.690173388242972,-2.0
2020-11-14,81.0,0.2,5.97,0.2,4.536471798591752,14.924999999999999,0.7025274741691566,-4.0
2020-11-15,79.0,0.0,7.92,0.0,3.8560010288029893,19.8,0.7146733860429608,-2.0
2020-11-16,77.0,5.0,8.93,5.0,8.277600874482541,22.325,0.726607524768565,-2.0
2020-11-17,84.0,8.9,9.53,8.9,15.93596074331016,23.825,0.7383263540031063,7.0
2020-11-18,89.0,5.4,10.75,5.4,18.945566631813634,26.875,0.749826401204568,5.0
2020-11-19,99.0,3.2,9.42,3.2,19.303731637041587,23.55,0.7611042586607742,10.0
2020-11-20,118.0,1.1,6.52,1.1,17.50817189148535,16.299999999999997,0.7721565844991641,19.0
2020-11-21,117.0,4.1,6.49,4.1,18.981946107762546,16.225,0.7829801036770625,-1.0
2020-11-22,123.0,6.3,9.1,6.3,22.434654191598163,22.75,0.7935716089521472,6.0
2020-11-23,139.0,0.6,8.76,0.6,19.66945606285844,21.9,0.8039279618328208,16.0
2020-11-24,143.0,2.6,8.77,2.6,19.319037653429675,21.924999999999997,0.8140460935082175,4.0
2020-11-25,133.0,0.3,8.9,0.3,16.721182005415223,22.25,0.8239230057575536,-10.0
2020-11-26,130.0,4.0,7.36,4.0,18.213004704602938,18.400000000000002,0.8335557718385695,-3.0
2020-11-27,135.0,1.9,5.02,1.9,17.381053998912495,12.549999999999999,0.8429415373547832,5.0
2020-11-28,130.0,0.0,1.89,0.0,14.77389589907562,4.725,0.8520775211013093,-5.0
2020-11-29,125.0,0.0,0.53,0.0,12.557811514214277,1.3250000000000002,0.8609610158889945,-5.0
2020-11-30,117.0,2.5,1.93,2.5,13.174139787082135,4.825,0.8695893893466109,-8.0
2020-12-01,107.0,1.3,1.31,1.3,12.498018819019816,3.2750000000000004,0.8779600847008883,-10.0
2020-12-02,105.0,0.0,-2.78,0.0,10.623315996166843,0.0,0.8860706215341377,-2.0
2020-12-03,92.0,0.2,-0.64,0.2,9.229818596741815,0.0,0.893918596519257,-13.0
2020-12-04,85.0,0.8,2.34,0.8,8.645345807230543,5.85,0.9015016841318838,-7.0
2020-12-05,84.0,0.0,6.47,0.0,7.348543936145961,16.175,0.9088176373395028,-1.0
2020-12-06,76.0,0.0,4.12,0.0,6.246262345724067,10.3,0.9158642882672868,-8.0
2020-12-07,72.0,0.0,0.17,0.0,5.3093229938654565,0.42500000000000004,0.9226395488404875,-4.0
2020-12-08,73.0,0.0,-2.37,0.0,4.512924544785638,0.0,0.9291414114031743,1.0
2020-12-09,68.0,0.0,-3.31,0.0,3.835985863067792,0.0,0.935367949313148,-5.0
2020-12-10,65.0,0.5,-1.88,0.5,3.760587983607623,0.0,0.941317317512847,-3.0
2020-12-11,67.0,0.0,0.1,0.0,3.1964997860664797,0.25,0.946987753076075,2.0
2020-12-12,62.0,0.0,0.84,0.0,2.7170248181565078,2.1,0.9523775757303973,-5.0
2020-12-13,65.0,0.0,-1.0,0.0,2.3094710954330315,0.0,0.9574851883550389,3.0
2020-12-14,64.0,0.4,0.74,0.4,2.3630504311180767,1.85,0.9623090774541487,-1.0
2020-12-15,56.0,0.0,1.36,0.0,2.008592866450365,3.4000000000000004,0.9668478136052773,-8.0
2020-12-16,64.0,1.8,4.79,1.8,3.5073039364828102,11.975,0.9711000518829505,8.0
2020-12-17,63.0,0.0,5.28,0.0,2.9812083460103884,13.200000000000001,0.9750645322571945,-1.0
2020-12-18,69.0,9.7,6.37,9.7,12.234027094108828,15.925,0.9787400799669153,6.0
2020-12-19,66.0,0.0,3.99,0.0,10.398923029992504,9.975000000000001,0.9821256058680006,-3.0
2020-12-20,65.0,0.0,1.64,0.0,8.83908457549363,4.1,0.9852201067560606,-1.0
2020-12-21,69.0,2.6,2.16,2.6,10.113221889169585,5.4,0.9880226656636976,4.0
2020-12-22,66.0,4.4,2.37,4.4,12.996238605794147,5.925000000000001,0.9905324521322227,-3.0
2020-12-23,77.0,0.4,5.73,0.4,11.446802814925025,14.325000000000001,0.9927487224577402,11.0
2020-12-24,80.0,14.7,1.45,14.7,24.42978239268627,3.625,0.9946708199115211,3.0
2020-12-25,102.0,8.6,1.32,8.6,29.365315033783332,3.3000000000000003,0.9962981749346077,22.0
2020-12-26,104.0,1.6,1.72,1.6,26.560517778715834,4.3,0.9976303053065857,2.0
2020-12-27,81.0,0.0,0.39,0.0,22.576440111908457,0.9750000000000001,0.9986668162884759,-23.0
2020-12-28,62.0,0.5,1.43,0.5,19.68997409512219,3.5749999999999997,0.9994074007397048,-19.0
2020-12-29,81.0,7.5,4.42,7.5,24.23647798085386,11.05,0.9998518392091162,19.0
2020-12-30,92.0,0.0,2.31,0.0,20.60100628372578,5.775,1.0,11.0
2020-12-31,98.0,0.0,0.48,0.0,17.510855341166913,1.2,0.9998518392091162,6.0
2021-01-01,92.0,0.0,-2.33,0.0,14.884227039991876,0.0,0.9998518392091162,-6.0
2021-01-02,90.0,5.1,-0.23,5.1,17.751592983993092,0.0,0.9994074007397048,-2.0
2021-01-03,81.0,0.0,-0.67,0.0,15.088854036394128,0.0,0.998666816288476,-9.0
2021-01-04,75.0,0.0,-0.6,0.0,12.825525930935008,0.0,0.9976303053065857,-6.0
2021-01-05,69.0,2.8,0.38,2.8,13.701697041294757,0.95,0.9962981749346078,-6.0
2021-01-06,72.0,0.8,0.71,0.8,12.446442485100544,1.775,0.9946708199115211,3.0
2021-01-07,73.0,0.5,0.7,0.5,11.079476112335461,1.75,0.9927487224577402,1.0
2021-01-08,72.0,1.6,0.25,1.6,11.017554695485142,0.625,0.9905324521322229,-1.0
2021-01-09,71.0,2.7,-2.09,2.7,12.06492149116237,0.0,0.9880226656636976,-1.0
2021-01-10,67.0,0.4,-1.64,0.4,10.655183267488015,0.0,0.9852201067560606,-4.0
2021-01-11,74.0,5.9,1.72,5.9,14.956905777364813,4.3,0.9821256058680006,7.0
2021-01-12,66.0,9.4,0.28,9.4,22.113369910760092,0.7000000000000001,0.9787400799669153,-8.0
2021-01-13,82.0,1.3,-1.27,1.3,20.096364424146078,0.0,0.9750645322571948,16.0
2021-01-14,85.0,0.1,-3.34,0.1,17.181909760524167,0.0,0.9711000518829505,3.0
2021-01-15,82.0,0.1,-7.73,0.1,14.704623296445542,0.0,0.9668478136052775,-3.0
2021-01-16,82.0,9.7,-10.08,9.7,22.198929801978707,0.0,0.9623090774541486,0.0
2021-01-17,71.0,0.0,-15.7,0.0,18.8690903316819,0.0,0.9574851883550393,-11.0
2021-01-18,72.0,10.7,-8.26,10.7,26.738726781929614,0.0,0.9523775757303974,1.0
2021-01-19,63.0,0.7,-8.63,0.7,23.42791776464017,0.0,0.9469877530760753,-9.0
2021-01-20,69.0,8.8,-4.14,8.8,28.713730099944144,0.0,0.9413173175128471,6.0
2021-01-21,68.0,0.9,2.4,0.9,25.30667058495252,6.0,0.9353679493131483,-1.0
2021-01-22,69.0,0.0,3.42,0.0,21.510669997209643,8.55,0.9291414114031743,1.0
2021-01-23,73.0,7.7,2.51,7.7,25.984069497628195,6.2749999999999995,0.9226395488404876,4.0
2021-01-24,107.0,1.4,1.97,1.4,23.486459072983962,4.925,0.9158642882672872,34.0
2021-01-25,127.0,0.7,1.87,0.7,20.663490212036365,4.675000000000001,0.9088176373395029,20.0
2021-01-26,136.0,0.7,1.81,0.7,18.263966680230908,4.525,0.901501684131884,9.0
2021-01-27,133.0,2.3,1.58,2.3,17.82437167819627,3.95,0.893918596519257,-3.0
2021-01-28,122.0,4.0,-0.1,4.0,19.15071592646683,0.0,0.886070621534138,-11.0
2021-01-29,117.0,0.3,-1.8,0.3,16.578108537496806,0.0,0.8779600847008882,-5.0
2021-01-30,113.0,4.5,0.03,4.5,18.591392256872282,0.075,0.869589389346611,-4.0
2021-01-31,105.0,5.5,0.47,5.5,21.302683418341438,1.1749999999999998,0.8609610158889943,-8.0
2021-02-01,95.0,0.0,-0.65,0.0,18.107280905590223,0.0,0.8520775211013093,-10.0
2021-02-02,92.0,0.7,-2.83,0.7,16.09118876975169,0.0,0.8429415373547828,-3.0
2021-02-03,90.0,0.0,0.02,0.0,13.677510454288935,0.05,0.8335557718385699,-2.0
2021-02-04,89.0,0.0,-5.75,0.0,11.625883886145594,0.0,0.8239230057575542,-1.0
2021-02-05,86.0,4.2,-5.81,4.2,14.082001303223755,0.0,0.8140460935082178,-3.0
2021-02-06,78.0,0.0,-12.3,0.0,11.969701107740192,0.0,0.8039279618328213,-8.0
2021-02-07,69.0,0.4,-13.38,0.4,10.574245941579164,0.0,0.7935716089521474,-9.0
2021-02-08,52.0,0.0,-11.78,0.0,8.98810905034229,0.0,0.7829801036770629,-17.0
2021-02-09,61.0,1.4,-8.44,1.4,9.039892692790946,0.0,0.7721565844991642,9.0
2021-02-10,63.0,1.5,-11.28,1.5,9.183908788872305,0.0,0.7611042586607747,2.0
2021-02-11,64.0,0.0,-11.01,0.0,7.806322470541459,0.0,0.7498264012045686,1.0
2021-02-12,63.0,0.0,-8.45,0.0,6.63537409996024,0.0,0.7383263540031065,-1.0
2021-02-13,68.0,0.0,-0.82,0.0,5.640067984966204,0.0,0.7266075247685656,5.0
2021-02-14,68.0,0.0,0.24,0.0,4.7940577872212735,0.6,0.7146733860429609,0.0
2021-02-15,59.0,0.0,-2.12,0.0,4.074949119138083,0.0,0.702527474169157,-9.0
2021-02-16,56.0,0.0,-3.51,0.0,3.4637067512673703,0.0,0.6901733882429719,-3.0
2021-02-17,58.0,0.0,-5.95,0.0,2.9441507385772647,0.0,0.6776147890466889,2.0
2021-02-18,54.0,0.0,-10.85,0.0,2.502528127790675,0.0,0.6648553979642865,-4.0
2021-02-19,54.0,0.0,-6.77,0.0,2.1271489086220736,0.0,0.6518989958787126,0.0
2021-02-20,57.0,0.0,0.57,0.0,1.8080765723287626,1.4249999999999998,0.6387494220515272,3.0
2021-02-21,57.0,0.0,2.44,0.0,1.5368650864794482,6.1,0.6254105729852463,0.0
2021-02-22,63.0,0.0,2.12,0.0,1.306335323507531,5.300000000000001,0.6118864012687243,6.0
2021-02-23,62.0,0.0,2.19,0.0,1.1103850249814013,5.475,0.5981809144059164,-1.0
2021-02-24,63.0,0.0,3.77,0.0,0.9438272712341911,9.425,0.5842981736283683,1.0
2021-02-25,69.0,0.0,5.11,0.0,0.8022531805490624,12.775,0.5702422926917871,6.0
2021-02-26,95.0,0.0,3.58,0.0,0.681915203466703,8.95,0.5560174366570446,26.0
2021-02-27,107.0,0.0,2.74,0.0,0.5796279229466975,6.8500000000000005,0.5416278206559814,12.0
2021-02-28,100.0,0.0,2.89,0.0,0.4926837345046929,7.2250000000000005,0.5270777086423722,-7.0
2021-03-01,92.0,0.0,1.71,0.0,0.4187811743289889,4.275,0.5123714121284237,-8.0
2021-03-02,90.0,0.0,2.6,0.0,0.3559639981796406,6.5,0.49751328890718066,-2.0
2021-03-03,84.0,0.0,0.9,0.0,0.3025693984526945,2.25,0.48250774176121847,-6.0
2021-03-04,86.0,0.0,0.94,0.0,0.2571839886847903,2.3499999999999996,0.46735921715800227,2.0
2021-03-05,86.0,0.0,-0.8,0.0,0.21860639038207175,0.0,0.45207220393230435,0.0
2021-03-06,85.0,0.0,1.16,0.0,0.18581543182476098,2.9,0.43665123195606403,-1.0
2021-03-07,99.0,0.8,1.54,0.8,0.9579431170510468,3.85,0.4211008707960896,14.0
2021-03-08,93.0,0.4,-1.2,0.4,1.2142516494933897,0.0,0.40542572835999735,-6.0
2021-03-09,83.0,0.0,-1.45,0.0,1.0321139020693813,0.0,0.38963044953078796,-10.0
2021-03-10,90.0,2.3,0.21,2.3,3.177296816758974,0.525,0.37371971479046906,7.0
2021-03-11,64.0,5.5,-0.7,5.5,8.200702294245128,0.0,0.35769823883312546,-26.0
2021-03-12,88.0,7.7,3.15,7.7,14.670596950108358,7.875,0.3415707691678556,24.0
2021-03-13,92.0,4.9,3.52,4.9,17.370007407592105,8.8,0.3253420847119801,4.0
2021-03-14,113.0,3.7,2.98,3.7,18.46450629645329,7.45,0.30901699437494745,21.0
2021-03-15,126.0,0.2,2.74,0.2,15.894830351985295,6.8500000000000005,0.29260033563334836,13.0
2021-03-16,130.0,0.2,2.18,0.2,13.7106057991875,5.45,0.27609697309746883,4.0
2021-03-17,118.0,0.0,0.91,0.0,11.654014929309374,2.275,0.2595117970697999,-12.0
2021-03-18,107.0,0.0,0.63,0.0,9.905912689912968,1.575,0.2428497220959356,-11.0
2021-03-19,100.0,2.1,-2.03,2.1,10.520025786426023,0.0,0.22611568550828828,-7.0
2021-03-20,91.0,0.6,-1.26,0.6,9.542021918462119,0.0,0.20931464596304847,-9.0
2021-03-21,95.0,2.9,2.58,2.9,11.010718630692802,6.45,0.19245158197082998,4.0
2021-03-22,100.0,0.0,3.12,0.0,9.359110836088881,7.800000000000001,0.1755314904214282,5.0
2021-03-23,97.0,0.0,3.59,0.0,7.9552442106755485,8.975,0.15855938510313478,-3.0
2021-03-24,90.0,0.0,3.46,0.0,6.761957579074216,8.65,0.141540295217043,-7.0
2021-03-25,90.0,0.0,3.84,0.0,5.747663942213084,9.6,0.12447926388678915,0.0
2021-03-26,85.0,0.0,2.97,0.0,4.885514350881121,7.425000000000001,0.10738134666416309,-5.0
2021-03-27,86.0,3.8,8.54,3.8,7.952687198248952,21.349999999999998,0.09025161003104117,1.0
2021-03-28,82.0,0.0,4.71,0.0,6.759784118511609,11.775,0.07309512989807777,-4.0
2021-03-29,85.0,13.2,5.07,13.2,18.945816500734868,12.675,0.055916990100603484,3.0
2021-03-30,109.0,0.3,5.31,0.3,16.40394402562464,13.274999999999999,0.03872228089217446,24.0
2021-03-31,134.0,0.0,4.29,0.0,13.943352421780943,10.725,0.021516097436222254,25.0
2021-04-01,126.0,7.2,2.89,7.2,19.0518495585138,7.2250000000000005,0.004303538296244289,-8.0
2021-04-02,120.0,0.0,3.44,0.0,16.19407212473673,8.6,-0.01291029607500882,-6.0
2021-04-03,115.0,0.0,3.23,0.0,13.76496130602622,8.075,-0.030120304846908114,-5.0
2021-04-04,100.0,0.0,4.32,0.0,11.700217110122287,10.8,-0.04732138832243185,-15.0
2021-04-05,98.0,3.0,3.08,3.0,12.945184543603943,7.7,-0.06450844944931623,-2.0
2021-04-06,107.0,0.2,3.76,0.2,11.203406862063352,9.399999999999999,-0.08167639533042241,9.0
2021-04-07,110.0,2.0,3.82,2.0,11.522895832753848,9.549999999999999,-0.09882013873287143,3.0
2021-04-08,109.0,0.0,4.53,0.0,9.794461457840772,11.325000000000001,-0.11593459959550041,-1.0
2021-04-09,99.0,0.0,5.29,0.0,8.325292239164655,13.225,-0.1330147065341959,-10.0
2021-04-10,100.0,0.0,4.11,0.0,7.076498403289957,10.275,-0.1500553983446526,1.0
2021-04-11,100.0,0.0,8.47,0.0,6.015023642796463,21.175,-0.16705162550211924,0.0
2021-04-12,104.0,0.0,8.31,0.0,5.112770096376994,20.775000000000002,-0.18399835165768005,4.0
2021-04-13,99.0,0.0,4.6,0.0,4.345854581920444,11.5,-0.20089055513063506,-5.0
2021-04-14,100.0,0.0,4.89,0.0,3.6939763946323776,12.225,-0.21772323039653177,1.0
2021-04-15,99.0,0.0,7.13,0.0,3.139879935437521,17.825,-0.23449138957040985,-1.0
2021-04-16,102.0,0.6,8.36,0.6,3.2688979451218927,20.9,-0.25119006388481935,3.0
2021-04-17,100.0,0.0,11.94,0.0,2.778563253353609,29.849999999999998,-0.2678143051621742,-2.0
2021-04-18,97.0,0.0,14.55,0.0,2.3617787653505675,36.375,-0.2843591872810034,-3.0
2021-04-19,93.0,0.0,13.58,0.0,2.007511950547982,33.95,-0.30081980763566735,-4.0
2021-04-20,90.0,0.0,9.26,0.0,1.7063851579657847,23.15,-0.3171912885891061,-3.0
2021-04-21,87.0,0.0,7.4,0.0,1.450427384270917,18.5,-0.3334687789181868,-3.0
2021-04-22,100.0,0.5,5.07,0.5,1.7328632766302794,12.675,-0.3496474552512284,13.0
2021-04-23,96.0,0.2,4.49,0.2,1.6729337851357373,11.225000000000001,-0.36572252349726897,-4.0
2021-04-24,97.0,0.0,4.73,0.0,1.4219937173653767,11.825000000000001,-0.3816892202666588,1.0
2021-04-25,96.0,1.0,3.81,1.0,2.20869465976057,9.525,-0.39754281428255595,-1.0
2021-04-26,95.0,0.9,3.24,0.9,2.7773904607964846,8.100000000000001,-0.4132786077829042,-1.0
2021-04-27,87.0,0.6,3.3,0.6,2.960781891677012,8.25,-0.4288919379124835,-8.0
2021-04-28,81.0,0.0,4.7,0.0,2.51666460792546,11.75,-0.4443781781046132,-6.0
2021-04-29,82.0,3.8,10.73,3.8,5.939164916736641,26.825000000000003,-0.45973273945210397,1.0
2021-04-30,83.0,1.1,5.97,1.1,6.148290179226144,14.924999999999999,-0.47495107206704995,1.0
2021-05-01,73.0,0.0,5.64,0.0,5.226046652342222,14.1,-0.49002866642905923,-10.0
2021-05-02,71.0,0.2,6.75,0.2,4.642139654490889,16.875,-0.5049610547215204,-2.0
2021-05-03,77.0,0.5,5.46,0.5,4.445818706317256,13.65,-0.5197438121555155,6.0
2021-05-04,72.0,3.1,7.55,3.1,6.8789459003696685,18.875,-0.5343725582809787,-5.0
2021-05-05,84.0,0.3,8.36,0.3,6.147104015314218,20.9,-0.548842958284719,12.0
2021-05-06,99.0,4.0,6.18,4.0,9.225038413017085,15.45,-0.5631507242749186,15.0
2021-05-07,88.0,0.0,6.44,0.0,7.841282651064522,16.1,-0.5772916165517272,-11.0
2021-05-08,82.0,0.0,6.2,0.0,6.665090253404843,15.5,-0.5912614448635781,-6.0
2021-05-09,77.0,0.0,10.72,0.0,5.665326715394117,26.8,-0.6050560696488488,-5.0
2021-05-10,76.0,0.0,18.72,0.0,4.815527708084999,46.8,-0.6186714032625031,-1.0
2021-05-11,78.0,0.0,21.52,0.0,4.093198551872249,53.8,-0.6321034111873487,2.0
2021-05-12,80.0,0.0,21.2,0.0,3.479218769091412,53.0,-0.6453481132295501,2.0
2021-05-13,79.0,0.0,16.35,0.0,2.9573359537277,40.875,-0.6584015846980488,-1.0
2021-05-14,81.0,2.4,10.7,2.4,4.913735560668545,26.75,-0.6712599575675313,2.0
2021-05-15,79.0,0.0,9.3,0.0,4.176675226568263,23.25,-0.6839194216246106,-2.0
2021-05-16,79.0,9.5,12.42,9.5,13.050173942583024,31.05,-0.6963762255968722,0.0
2021-05-17,81.0,0.7,13.95,0.7,11.79264785119557,34.875,-0.7086266782644596,2.0
2021-05-18,81.0,0.0,12.75,0.0,10.023750673516234,31.875,-0.7206671495538609,0.0
2021-05-19,81.0,0.0,10.95,0.0,8.5201880724888,27.375,-0.7324940716135789,0.0
2021-05-20,82.0,0.0,10.85,0.0,7.242159861615479,27.125,-0.7441039398713607,1.0
2021-05-21,81.0,4.4,11.0,4.4,10.555835882373158,27.5,-0.7554933140726803,-1.0
2021-05-22,83.0,2.7,12.76,2.7,11.672460500017184,31.9,-0.766658819300159,2.0
2021-05-23,85.0,3.2,11.07,3.2,13.121591425014607,27.675,-0.777597146973627,2.0
2021-05-24,78.0,0.0,12.6,0.0,11.153352711262416,31.5,-0.7883050558305255,-7.0
2021-05-25,83.0,11.9,12.64,11.9,21.380349804573054,31.6,-0.7987793728863649,5.0
2021-05-26,82.0,5.2,11.21,5.2,23.373297333887095,28.025000000000002,-0.8090169943749473,-1.0
2021-05-27,79.0,1.2,11.82,1.2,21.06730273380403,29.55,-0.8190148866680801,-3.0
2021-05-28,78.0,0.0,11.41,0.0,17.907207323733427,28.525,-0.8287700871745037,-1.0
2021-05-29,78.0,0.0,10.63,0.0,15.221126225173412,26.575000000000003,-0.8382797052177743,0.0
2021-05-30,74.0,0.0,12.41,0.0,12.9379572913974,31.025,-0.8475409228928311,-4.0
2021-05-31,73.0,0.2,11.17,0.2,11.197263697687788,27.925,-0.8565509959010036,-1.0
2021-06-01,79.0,0.0,14.61,0.0,9.51767414303462,36.525,-0.865307254363206,6.0
2021-06-02,73.0,0.0,17.56,0.0,8.090023021579427,43.9,-0.8738071036110808,-6.0
2021-06-03,70.0,0.0,16.8,0.0,6.876519568342513,42.0,-0.8820480249558537,-3.0
2021-06-04,67.0,0.0,16.98,0.0,5.845041633091135,42.45,-0.8900275764346767,-3.0
2021-06-05,65.0,0.0,16.77,0.0,4.968285388127465,41.925,-0.8977433935342337,-2.0
2021-06-06,64.0,0.0,16.78,0.0,4.223042579908345,41.95,-0.9051931898913974,-1.0
2021-06-07,64.0,0.0,16.02,0.0,3.589586192922093,40.05,-0.9123747579707273,0.0
2021-06-08,64.0,0.0,16.05,0.0,3.0511482639837793,40.125,-0.9192859697186104,0.0
2021-06-09,66.0,0.0,16.36,0.0,2.5934760243862125,40.9,-0.9259247771938498,2.0
2021-06-10,68.0,0.0,17.05,0.0,2.2044546207282805,42.625,-0.9322892131745133,2.0
2021-06-11,67.0,0.0,18.38,0.0,1.8737864276190384,45.949999999999996,-0.9383773917408641,-1.0
2021-06-12,72.0,12.6,16.3,12.6,14.192718463476183,40.75,-0.9441875088341993,5.0
2021-06-13,80.0,7.6,14.55,7.6,19.663810693954755,36.375,-0.9497178427914316,8.0
2021-06-14,75.0,0.0,15.44,0.0,16.71423908986154,38.6,-0.9549667548552551,-5.0
2021-06-15,79.0,0.0,16.02,0.0,14.207103226382308,40.05,-0.9599326896597447,4.0
2021-06-16,82.0,0.0,15.23,0.0,12.076037742424962,38.075,-0.9646141756912435,3.0
2021-06-17,79.0,0.0,18.94,0.0,10.264632081061217,47.35,-0.9690098257244062,-3.0
2021-06-18,76.0,0.0,23.33,0.0,8.724937268902034,58.324999999999996,-0.9731183372332619,-3.0
2021-06-19,80.0,0.0,24.9,0.0,7.416196678566728,62.25,-0.9769384927771817,4.0
2021-06-20,79.0,0.0,26.73,0.0,6.303767176781719,66.825,-0.980469160361632,-1.0
2021-06-21,77.0,0.0,28.5,0.0,5.358202100264461,71.25,-0.9837092937736097,-2.0
2021-06-22,83.0,0.6,26.77,0.6,5.154471785224792,66.925,-0.986657932891657,6.0
2021-06-23,86.0,18.5,20.82,18.5,22.881301017441075,52.05,-0.9893142039703663,3.0
2021-06-24,81.0,0.0,19.9,0.0,19.44910586482491,49.75,-0.99167731989929,-5.0
2021-06-25,82.0,0.0,20.16,0.0,16.531739985101176,50.4,-0.993746580436178,1.0
2021-06-26,83.0,0.0,20.24,0.0,14.051978987336,50.599999999999994,-0.9955213724144752,1.0
2021-06-27,84.0,0.0,20.48,0.0,11.944182139235599,51.2,-0.9970011699250151,1.0
2021-06-28,82.0,0.0,20.2,0.0,10.152554818350259,50.5,-0.9981855344718586,-2.0
2021-06-29,82.0,0.0,20.59,0.0,8.62967159559772,51.475,-0.99907411510223,0.0
2021-06-30,83.0,0.0,21.99,0.0,7.335220856258062,54.974999999999994,-0.9996666485105112,1.0
2021-07-01,87.0,0.0,22.63,0.0,6.234937727819353,56.574999999999996,-0.9999629591162655,4.0
2021-07-02,87.0,1.6,22.22,1.6,6.89969706864645,55.55,-0.9999629591162655,0.0
2021-07-03,83.0,0.0,22.87,0.0,5.864742508349482,57.175000000000004,-0.9996666485105112,-4.0
2021-07-04,81.0,2.3,21.89,2.3,7.2850311320970595,54.725,-0.99907411510223,-2.0
2021-07-05,83.0,11.3,20.6,11.3,17.4922764622825,51.5,-0.9981855344718586,2.0
2021-07-06,83.0,0.0,21.97,0.0,14.868434992940125,54.925,-0.9970011699250151,0.0
2021-07-07,80.0,0.0,25.7,0.0,12.638169743999105,64.25,-0.9955213724144752,-3.0
2021-07-08,74.0,0.5,22.0,0.5,11.242444282399239,55.0,-0.9937465804361781,-6.0
2021-07-09,77.0,23.2,23.78,23.2,32.75607764003935,59.45,-0.99167731989929,3.0
2021-07-10,83.0,0.0,21.55,0.0,27.842665994033446,53.875,-0.9893142039703664,6.0
2021-07-11,75.0,0.0,21.06,0.0,23.666266094928428,52.65,-0.9866579328916572,-8.0
2021-07-12,74.0,0.0,24.9,0.0,20.116326180689164,62.25,-0.9837092937736098,-1.0
2021-07-13,76.0,8.4,25.89,8.4,25.49887725358579,64.725,-0.9804691603616321,2.0
2021-07-14,75.0,0.0,24.3,0.0,21.67404566554792,60.75,-0.9769384927771817,-1.0
2021-07-15,74.0,0.0,24.34,0.0,18.42293881571573,60.85,-0.973118337233262,-1.0
2021-07-16,75.0,0.0,24.28,0.0,15.659497993358372,60.7,-0.9690098257244063,1.0
2021-07-17,73.0,0.0,22.75,0.0,13.310573294354615,56.875,-0.9646141756912435,-2.0
2021-07-18,75.0,0.0,21.3,0.0,11.313987300201422,53.25,-0.9599326896597445,2.0
2021-07-19,82.0,0.0,20.2,0.0,9.616889205171208,50.5,-0.9549667548552553,7.0
2021-07-20,79.0,0.0,20.06,0.0,8.174355824395526,50.15,-0.9497178427914317,-3.0
2021-07-21,83.0,1.8,20.0,1.8,8.748202450736198,50.0,-0.9441875088341994,4.0
2021-07-22,79.0,0.0,19.5,0.0,7.435972083125768,48.75,-0.9383773917408642,-4.0
2021-07-23,85.0,0.0,20.72,0.0,6.320576270656903,51.8,-0.9322892131745134,6.0
2021-07-24,79.0,0.0,18.39,0.0,5.372489830058368,45.975,-0.9259247771938499,-6.0
2021-07-25,75.0,0.0,22.25,0.0,4.566616355549613,55.625,-0.9192859697186105,-4.0
2021-07-26,76.0,0.0,25.74,0.0,3.8816239022171706,64.35,-0.9123747579707274,1.0
2021-07-27,78.0,0.2,23.2,0.2,3.499380316884595,58.0,-0.9051931898913975,2.0
2021-07-28,75.0,0.0,22.84,0.0,2.974473269351906,57.1,-0.8977433935342336,-3.0
2021-07-29,75.0,0.2,22.27,0.2,2.72830227894912,55.675,-0.8900275764346766,0.0
2021-07-30,82.0,3.2,20.6,3.2,5.519056937106752,51.5,-0.8820480249558535,7.0
2021-07-31,79.0,1.6,21.41,1.6,6.291198396540739,53.525,-0.8738071036110807,-3.0
2021-08-01,83.0,5.7,19.0,5.7,11.047518637059628,47.5,-0.8653072543632061,4.0
2021-08-02,92.0,25.7,18.01,25.7,35.090390841500685,45.025000000000006,-0.8565509959010037,9.0
2021-08-03,95.0,4.0,16.8,4.0,33.82683221527558,42.0,-0.8475409228928312,3.0
2021-08-04,91.0,0.0,16.76,0.0,28.75280738298424,41.900000000000006,-0.8382797052177745,-4.0
2021-08-05,89.0,0.0,18.39,0.0,24.439886275536605,45.975,-0.828770087174504,-2.0
2021-08-06,83.0,2.1,16.77,2.1,22.873903334206116,41.925,-0.8190148866680802,-6.0
2021-08-07,92.0,12.1,16.9,12.1,31.542817834075194,42.25,-0.8090169943749472,9.0
2021-08-08,83.0,12.3,17.6,12.3,39.111395158963916,44.0,-0.7987793728863648,-9.0
2021-08-09,85.0,10.9,17.97,10.9,44.14468588511932,44.925,-0.7883050558305253,2.0
2021-08-10,84.0,2.3,18.29,2.3,39.82298300235142,45.724999999999994,-0.7775971469736268,-1.0
2021-08-11,87.0,0.8,17.76,0.8,34.6495355519987,44.400000000000006,-0.7666588193001592,3.0
2021-08-12,86.0,0.0,19.39,0.0,29.452105219198895,48.475,-0.7554933140726804,-1.0
2021-08-13,81.0,0.0,20.74,0.0,25.03428943631906,51.849999999999994,-0.7441039398713608,-5.0
2021-08-14,86.0,3.2,20.1,3.2,24.479146020871198,50.25,-0.7324940716135792,5.0
2021-08-15,89.0,0.0,19.23,0.0,20.80727411774052,48.075,-0.7206671495538615,3.0
2021-08-16,90.0,1.6,20.6,1.6,19.286183000079443,51.5,-0.7086266782644601,1.0
2021-08-17,103.0,5.8,17.17,5.8,22.193255550067526,42.925000000000004,-0.6963762255968726,13.0
2021-08-18,124.0,20.7,16.77,20.7,39.5642672175574,41.925,-0.6839194216246105,21.0
2021-08-19,117.0,7.2,17.2,7.2,40.82962713492379,43.0,-0.6712599575675315,-7.0
2021-08-20,115.0,0.0,17.55,0.0,34.70518306468522,43.875,-0.6584015846980489,-2.0
2021-08-21,115.0,0.0,17.22,0.0,29.49940560498244,43.05,-0.64534811322955,0.0
2021-08-22,110.0,0.0,16.63,0.0,25.074494764235073,41.574999999999996,-0.6321034111873488,-5.0
2021-08-23,106.0,0.0,15.45,0.0,21.313320549599812,38.625,-0.6186714032625032,-4.0
2021-08-24,101.0,0.0,13.94,0.0,18.11632246715984,34.85,-0.6050560696488494,-5.0
2021-08-25,102.0,21.1,14.8,21.1,36.49887409708587,37.0,-0.5912614448635782,1.0
2021-08-26,116.0,13.0,15.42,13.0,44.024042982522985,38.55,-0.5772916165517278,14.0
2021-08-27,122.0,4.4,15.34,4.4,41.82043653514454,38.35,-0.5631507242749187,6.0
2021-08-28,127.0,1.5,16.7,1.5,37.047371054872855,41.75,-0.5488429582847199,5.0
2021-08-29,123.0,0.0,17.07,0.0,31.490265396641927,42.675,-0.5343725582809785,-4.0
2021-08-30,118.0,0.0,16.97,0.0,26.766725587145636,42.425,-0.5197438121555157,-5.0
2021-08-31,108.0,0.0,16.23,0.0,22.75171674907379,40.575,-0.5049610547215202,-10.0
2021-09-01,104.0,0.2,15.22,0.2,19.53895923671272,38.050000000000004,-0.4900286664290594,-4.0
2021-09-02,96.0,4.4,13.94,4.4,21.00811535120581,34.85,-0.4749510720670502,-8.0
2021-09-03,96.0,0.0,14.43,0.0,17.856898048524936,36.075,-0.4597327394521046,0.0
2021-09-04,93.0,1.1,11.28,1.1,16.278363341246195,28.2,-0.44437817810461344,-3.0
2021-09-05,87.0,0.0,10.2,0.0,13.836608840059265,25.5,-0.4288919379124841,-6.0
2021-09-06,81.0,0.0,12.65,0.0,11.761117514050374,31.625,-0.41327860778290443,-6.0
2021-09-07,80.0,0.0,16.4,0.0,9.996949886942819,41.0,-0.3975428142825566,-1.0
2021-09-08,75.0,0.0,17.65,0.0,8.497407403901395,44.125,-0.3816892202666586,-5.0
2021-09-09,75.0,0.0,16.59,0.0,7.222796293316185,41.475,-0.3657225234972692,0.0
2021-09-10,77.0,0.0,16.58,0.0,6.139376849318757,41.449999999999996,-0.34964745525122826,2.0
2021-09-11,76.0,0.0,18.13,0.0,5.218470321920943,45.324999999999996,-0.33346877891818705,-1.0
2021-09-12,77.0,7.0,17.88,7.0,11.435699773632802,44.699999999999996,-0.31719128858910595,1.0
2021-09-13,82.0,0.7,15.83,0.7,10.420344807587881,39.575,-0.300819807635668,5.0
2021-09-14,79.0,0.0,13.07,0.0,8.8572930864497,32.675,-0.2843591872810036,-3.0
2021-09-15,75.0,0.0,13.79,0.0,7.5286991234822445,34.474999999999994,-0.26781430516217486,-4.0
2021-09-16,76.0,1.2,12.37,1.2,7.599394254959908,30.924999999999997,-0.25119006388481957,1.0
2021-09-17,78.0,4.2,10.98,4.2,10.65948511671592,27.450000000000003,-0.23449138957041052,2.0
2021-09-18,75.0,0.0,9.77,0.0,9.060562349208531,24.424999999999997,-0.21772323039653224,-3.0
2021-09-19,72.0,0.0,8.92,0.0,7.7014779968272515,22.3,-0.20089055513063528,-3.0
2021-09-20,70.0,0.0,8.32,0.0,6.546256297303164,20.8,-0.18399835165767986,-2.0
2021-09-21,65.0,0.0,8.67,0.0,5.564317852707689,21.675,-0.1670516255021195,-5.0
2021-09-22,64.0,0.0,8.53,0.0,4.7296701748015355,21.325,-0.15005539834465262,-1.0
2021-09-23,76.0,33.6,11.67,33.6,37.620219648581305,29.175,-0.13301470653419636,12.0
2021-09-24,96.0,9.5,12.66,9.5,41.47718670129411,31.65,-0.11593459959550066,20.0
2021-09-25,116.0,0.5,14.62,0.5,35.75560869609999,36.55,-0.09882013873287211,20.0
2021-09-26,114.0,0.0,12.03,0.0,30.392267391684992,30.075,-0.08167639533042288,-2.0
2021-09-27,98.0,0.0,11.08,0.0,25.83342728293224,27.7,-0.06450844944931625,-16.0
2021-09-28,92.0,0.0,10.9,0.0,21.958413190492404,27.25,-0.04732138832243232,-6.0
2021-09-29,85.0,0.0,11.69,0.0,18.664651211918542,29.224999999999998,-0.03012030484690836,-7.0
2021-09-30,86.0,0.0,9.73,0.0,15.86495353013076,24.325000000000003,-0.012910296075008843,1.0
2021-10-01,73.0,0.0,10.53,0.0,13.485210500611146,26.325,0.004303538296243821,-13.0
2021-10-02,70.0,0.0,11.08,0.0,11.462428925519474,27.7,0.021516097436222233,-3.0
2021-10-03,68.0,0.0,13.26,0.0,9.743064586691553,33.15,0.03872228089217399,-2.0
2021-10-04,68.0,0.0,13.25,0.0,8.281604898687819,33.125,0.05591699010060302,0.0
2021-10-05,68.0,0.0,14.41,0.0,7.039364163884646,36.025,0.07309512989807776,0.0
2021-10-06,72.0,0.0,13.71,0.0,5.983459539301949,34.275000000000006,0.0902516100310407,4.0
2021-10-07,68.0,0.0,11.16,0.0,5.0859406084066565,27.9,0.10738134666416306,-4.0
2021-10-08,69.0,0.0,7.46,0.0,4.323049517145658,18.65,0.12447926388678869,1.0
2021-10-09,67.0,0.0,8.0,0.0,3.6745920895738093,20.0,0.141540295217043,-2.0
2021-10-10,64.0,0.0,8.62,0.0,3.1234032761377377,21.549999999999997,0.15855938510313475,-3.0
2021-10-11,70.0,2.6,9.24,2.6,5.254892784717077,23.1,0.17553149042142777,6.0
2021-10-12,83.0,16.9,7.98,16.9,21.366658867009512,19.950000000000003,0.19245158197082995,13.0
2021-10-13,87.0,4.8,7.45,4.8,22.961660036958087,18.625,0.20931464596304888,4.0
2021-10-14,83.0,5.1,8.89,5.1,24.61741103141437,22.225,0.22611568550828803,-4.0
2021-10-15,92.0,7.4,11.64,7.4,28.324799376702217,29.1,0.2428497220959358,9.0
2021-10-16,106.0,0.3,11.38,0.3,24.376079470196885,28.450000000000003,0.25951179706979943,14.0
2021-10-17,110.0,0.2,10.89,0.2,20.919667549667352,27.225,0.27609697309746883,4.0
2021-10-18,113.0,0.5,7.75,0.5,18.281717417217248,19.375,0.2926003356333479,3.0
2021-10-19,102.0,0.0,6.31,0.0,15.53945980463466,15.774999999999999,0.30901699437494723,-11.0
2021-10-20,100.0,8.0,13.08,8.0,21.20854083393946,32.7,0.3253420847119795,-2.0
2021-10-21,115.0,3.7,12.66,3.7,21.72725970884854,31.65,0.341570769167856,15.0
2021-10-22,137.0,16.1,9.03,16.1,34.568170752521254,22.575,0.35769823883312546,22.0
2021-10-23,154.0,0.2,8.42,0.2,29.582945139643066,21.05,0.3737197147904692,17.0
2021-10-24,160.0,0.2,8.53,0.2,25.345503368696605,21.325,0.38963044953078774,6.0
2021-10-25,151.0,0.0,9.0,0.0,21.543677863392112,22.5,0.4054257283599973,-9.0
2021-10-26,139.0,8.1,10.41,8.1,26.412126183883295,26.025,0.42110087079608916,-12.0
2021-10-27,137.0,2.2,11.4,2.2,24.6503072563008,28.5,0.4366512319560638,-2.0
2021-10-28,140.0,0.2,11.82,0.2,21.15276116785568,29.55,0.45207220393230374,3.0
2021-10-29,139.0,0.0,10.27,0.0,17.979846992677327,25.674999999999997,0.46735921715800205,-1.0
2021-10-30,134.0,0.0,9.69,0.0,15.282869943775728,24.224999999999998,0.48250774176121763,-5.0
2021-10-31,124.0,0.0,10.48,0.0,12.990439452209369,26.200000000000003,0.4975132889071803,-10.0
2021-11-01,113.0,0.0,9.0,0.0,11.041873534377963,22.5,0.5123714121284235,-11.0
2021-11-02,107.0,0.0,6.89,0.0,9.385592504221268,17.224999999999998,0.5270777086423724,-6.0
2021-11-03,106.0,3.8,8.39,3.8,11.777753628588076,20.975,0.5416278206559811,-1.0
2021-11-04,95.0,9.2,8.15,9.2,19.211090584299864,20.375,0.5560174366570446,-11.0
2021-11-05,122.0,3.7,8.96,3.7,20.029426996654884,22.400000000000002,0.5702422926917867,27.0
2021-11-06,130.0,5.1,10.27,5.1,22.125012947156648,25.674999999999997,0.5842981736283683,8.0
2021-11-07,143.0,10.7,9.4,10.7,29.50626100508315,23.5,0.5981809144059159,13.0
2021-11-08,185.0,4.4,4.97,4.4,29.480321854320678,12.424999999999999,0.6118864012687242,42.0
2021-11-09,208.0,0.0,2.36,0.0,25.058273576172574,5.8999999999999995,0.6254105729852457,23.0
2021-11-10,181.0,1.4,8.7,1.4,22.699532539746688,21.75,0.6387494220515268,-27.0
2021-11-11,156.0,6.2,9.42,6.2,25.494602658784682,23.55,0.6518989958787125,-25.0
2021-11-12,148.0,0.0,7.27,0.0,21.67041225996698,18.174999999999997,0.6648553979642867,-8.0
2021-11-13,142.0,0.0,4.41,0.0,18.419850420971933,11.025,0.6776147890466887,-6.0
2021-11-14,130.0,0.0,4.65,0.0,15.656872857826142,11.625,0.690173388242972,-12.0
2021-11-15,115.0,0.0,2.0,0.0,13.30834192915222,5.0,0.7025274741691566,-15.0
2021-11-16,106.0,0.0,4.51,0.0,11.312090639779386,11.274999999999999,0.7146733860429608,-9.0
2021-11-17,105.0,2.7,5.55,2.7,12.315277043812479,13.875,0.726607524768565,-1.0
2021-11-18,110.0,10.9,8.0,10.9,21.36798548724061,20.0,0.7383263540031063,5.0
2021-11-19,125.0,0.1,10.01,0.1,18.26278766415452,25.025,0.749826401204568,15.0
2021-11-20,130.0,14.8,8.68,14.8,30.323369514531343,21.7,0.7611042586607742,5.0
2021-11-21,145.0,5.8,6.51,5.8,31.574864087351642,16.275,0.7721565844991641,15.0
2021-11-22,159.0,0.4,1.6,0.4,27.238634474248894,4.0,0.7829801036770625,14.0
2021-11-23,160.0,3.1,6.11,3.1,26.25283930311156,15.275,0.7935716089521472,1.0
2021-11-24,146.0,0.2,7.59,0.2,22.514913407644826,18.975,0.8039279618328208,-14.0
2021-11-25,140.0,2.8,6.47,2.8,21.9376763964981,16.175,0.8140460935082175,-6.0
2021-11-26,148.0,9.8,5.4,9.8,28.447024937023386,13.5,0.8239230057575536,8.0
2021-11-27,154.0,1.2,1.11,1.2,25.379971196469878,2.7750000000000004,0.8335557718385695,6.0
2021-11-28,161.0,3.3,1.2,3.3,24.872975516999396,3.0,0.8429415373547832,7.0
2021-11-29,150.0,4.7,0.17,4.7,25.842029189449487,0.42500000000000004,0.8520775211013093,-11.0
2021-11-30,142.0,0.4,0.72,0.4,22.365724811032063,1.7999999999999998,0.8609610158889945,-8.0
2021-12-01,131.0,5.3,1.14,5.3,24.310866089377253,2.8499999999999996,0.8695893893466109,-11.0
2021-12-02,148.0,14.6,3.07,14.6,35.264236175970666,7.675,0.8779600847008883,17.0
2021-12-03,154.0,1.3,1.67,1.3,31.274600749575065,4.175,0.8860706215341377,6.0
2021-12-04,160.0,8.0,0.49,8.0,34.583410637138805,1.225,0.893918596519257,6.0
2021-12-05,145.0,5.7,-2.91,5.7,35.09589904156798,0.0,0.9015016841318838,-15.0
2021-12-06,128.0,0.0,-9.81,0.0,29.831514185332782,0.0,0.9088176373395028,-17.0
2021-12-07,111.0,0.0,-11.94,0.0,25.356787057532863,0.0,0.9158642882672868,-17.0
2021-12-08,98.0,0.0,-11.88,0.0,21.553268998902933,0.0,0.9226395488404875,-13.0
2021-12-09,88.0,0.1,-6.46,0.1,18.420278649067495,0.0,0.9291414114031743,-10.0
2021-12-10,78.0,2.0,-0.14,2.0,17.65723685170737,0.0,0.935367949313148,-10.0
2021-12-11,83.0,0.4,0.65,0.4,15.408651323951265,1.625,0.941317317512847,5.0
2021-12-12,80.0,0.5,-0.87,0.5,13.597353625358576,0.0,0.946987753076075,-3.0
2021-12-13,78.0,0.0,-0.73,0.0,11.557750581554789,0.0,0.9523775757303973,-2.0
2021-12-14,81.0,4.7,2.75,4.7,14.524087994321569,6.875,0.9574851883550389,3.0
2021-12-15,95.0,0.1,5.93,0.1,12.445474795173332,14.825,0.9623090774541487,14.0
2021-12-16,139.0,0.0,6.29,0.0,10.578653575897333,15.725,0.9668478136052773,44.0
2021-12-17,170.0,0.0,5.2,0.0,8.991855539512732,13.0,0.9711000518829505,31.0
2021-12-18,157.0,0.0,5.9,0.0,7.643077208585822,14.75,0.9750645322571945,-13.0
2021-12-19,140.0,5.8,4.0,5.8,12.29661562729795,10.0,0.9787400799669153,-17.0
2021-12-20,133.0,0.0,-2.54,0.0,10.452123283203257,0.0,0.9821256058680006,-7.0
2021-12-21,122.0,1.1,-5.31,1.1,9.984304790722767,0.0,0.9852201067560606,-11.0
2021-12-22,107.0,0.0,-7.6,0.0,8.486659072114351,0.0,0.9880226656636976,-15.0
2021-12-23,99.0,9.2,-0.31,9.2,16.4136602112972,0.0,0.9905324521322227,-8.0
2021-12-24,110.0,5.7,-1.17,5.7,19.651611179602618,0.0,0.9927487224577402,11.0
2021-12-25,113.0,1.4,-0.0,1.4,18.103869502662224,0.0,0.9946708199115211,3.0
2021-12-26,106.0,1.6,0.43,1.6,16.98828907726289,1.075,0.9962981749346077,-7.0
2021-12-27,89.0,0.0,-3.98,0.0,14.440045715673458,0.0,0.9976303053065857,-17.0
2021-12-28,72.0,0.0,-6.77,0.0,12.274038858322438,0.0,0.9986668162884759,-17.0
2021-12-29,79.0,1.1,-5.15,1.1,11.532933029574071,0.0,0.9994074007397048,7.0
2021-12-30,81.0,0.7,-0.49,0.7,10.50299307513796,0.0,0.9998518392091162,2.0
2021-12-31,90.0,2.8,4.5,2.8,11.727544113867264,11.25,1.0,9.0
2022-01-01,117.0,0.1,2.22,0.1,10.068412496787174,5.550000000000001,0.9998518392091162,27.0
2022-01-02,136.0,15.7,2.97,15.7,24.2581506222691,7.425000000000001,0.9994074007397048,19.0
2022-01-03,192.0,4.5,4.47,4.5,25.119428028928734,11.174999999999999,0.998666816288476,56.0
2022-01-04,245.0,2.4,4.46,2.4,23.751513824589424,11.15,0.9976303053065857,53.0
2022-01-05,238.0,3.0,3.22,3.0,23.18878675090101,8.05,0.9962981749346078,-7.0
2022-01-06,219.0,2.0,0.67,2.0,21.710468738265856,1.675,0.9946708199115211,-19.0
2022-01-07,195.0,0.1,1.25,0.1,18.55389842752598,3.125,0.9927487224577402,-24.0
2022-01-08,165.0,5.9,-0.27,5.9,21.670813663397084,0.0,0.9905324521322229,-30.0
2022-01-09,137.0,0.0,-0.89,0.0,18.42019161388752,0.0,0.9880226656636976,-28.0
2022-01-10,124.0,0.2,-2.0,0.2,15.857162871804391,0.0,0.9852201067560606,-13.0
2022-01-11,107.0,0.0,-2.83,0.0,13.478588441033732,0.0,0.9821256058680006,-17.0
2022-01-12,101.0,0.2,0.49,0.2,11.656800174878672,1.225,0.9787400799669153,-6.0
2022-01-13,112.0,0.3,4.62,0.3,10.208280148646871,11.55,0.9750645322571948,11.0
2022-01-14,135.0,1.4,4.85,1.4,10.07703812634984,12.125,0.9711000518829505,23.0
2022-01-15,135.0,0.0,3.1,0.0,8.565482407397365,7.75,0.9668478136052775,0.0
2022-01-16,127.0,1.6,2.85,1.6,8.88066004628776,7.125,0.9623090774541486,-8.0
2022-01-17,138.0,2.0,2.82,2.0,9.548561039344595,7.05,0.9574851883550393,11.0
2022-01-18,133.0,0.2,2.52,0.2,8.316276883442905,6.3,0.9523775757303974,-5.0
2022-01-19,128.0,0.0,3.48,0.0,7.068835350926469,8.7,0.9469877530760753,-5.0
2022-01-20,145.0,1.7,0.97,1.7,7.708510048287499,2.425,0.9413173175128471,17.0
2022-01-21,146.0,4.7,1.01,4.7,11.252233541044374,2.525,0.9353679493131483,1.0
2022-01-22,133.0,0.0,-0.61,0.0,9.564398509887718,0.0,0.9291414114031743,-13.0
2022-01-23,122.0,0.0,-0.01,0.0,8.12973873340456,0.0,0.9226395488404876,-11.0
2022-01-24,118.0,0.4,2.52,0.4,7.310277923393876,6.3,0.9158642882672872,-4.0
2022-01-25,127.0,0.2,2.19,0.2,6.413736234884794,5.475,0.9088176373395029,9.0
2022-01-26,137.0,2.6,0.95,2.6,8.051675799652076,2.375,0.901501684131884,10.0
2022-01-27,153.0,6.7,3.55,6.7,13.543924429704264,8.875,0.893918596519257,16.0
2022-01-28,175.0,1.0,2.7,1.0,12.512335765248624,6.75,0.886070621534138,22.0
2022-01-29,197.0,10.0,2.43,10.0,20.635485400461327,6.075,0.8779600847008882,22.0
2022-01-30,214.0,6.3,2.2,6.3,23.84016259039213,5.5,0.869589389346611,17.0
2022-01-31,231.0,4.3,0.25,4.3,24.56413820183331,0.625,0.8609610158889943,17.0
2022-02-01,207.0,3.4,-0.07,3.4,24.27951747155831,0.0,0.8520775211013093,-24.0
2022-02-02,176.0,1.4,-1.78,1.4,22.037589850824563,0.0,0.8429415373547828,-31.0
2022-02-03,153.0,0.9,-0.14,0.9,19.631951373200877,0.0,0.8335557718385699,-23.0
2022-02-04,136.0,1.0,1.1,1.0,17.687158667220746,2.75,0.8239230057575542,-17.0
2022-02-05,151.0,3.8,3.21,3.8,18.834084867137634,8.025,0.8140460935082178,15.0
2022-02-06,181.0,14.6,3.05,14.6,30.608972137066985,7.625,0.8039279618328213,30.0
2022-02-07,235.0,1.1,2.7,1.1,27.11762631650694,6.75,0.7935716089521474,54.0
2022-02-08,266.0,2.9,2.97,2.9,25.949982369030895,7.425000000000001,0.7829801036770629,31.0
2022-02-09,225.0,0.3,3.62,0.3,22.35748501367626,9.05,0.7721565844991642,-41.0
2022-02-10,197.0,0.0,3.36,0.0,19.00386226162482,8.4,0.7611042586607747,-28.0
2022-02-11,176.0,0.1,2.62,0.1,16.2532829223811,6.550000000000001,0.7498264012045686,-21.0
2022-02-12,157.0,0.0,2.41,0.0,13.815290484023935,6.025,0.7383263540031065,-19.0
2022-02-13,137.0,0.0,2.35,0.0,11.742996911420343,5.875,0.7266075247685656,-20.0
2022-02-14,132.0,0.0,3.37,0.0,9.981547374707292,8.425,0.7146733860429609,-5.0
2022-02-15,130.0,0.0,2.86,0.0,8.484315268501199,7.1499999999999995,0.702527474169157,-2.0
2022-02-16,125.0,10.9,3.81,10.9,18.11166797822602,9.525,0.6901733882429719,-5.0
2022-02-17,165.0,12.0,4.11,12.0,27.39491778149212,10.275,0.6776147890466889,40.0
2022-02-18,210.0,5.2,3.68,5.2,28.4856801142683,9.200000000000001,0.6648553979642865,45.0
2022-02-19,230.0,8.2,3.61,8.2,32.412828097128056,9.025,0.6518989958787126,20.0
2022-02-20,219.0,1.1,2.99,1.1,28.650903882558847,7.4750000000000005,0.6387494220515272,-11.0
2022-02-21,219.0,14.2,3.9,14.2,38.55326830017502,9.75,0.6254105729852463,0.0
2022-02-22,250.0,1.0,1.1,1.0,33.770278055148765,2.75,0.6118864012687243,31.0
2022-02-23,259.0,0.8,0.7,0.8,29.50473634687645,1.75,0.5981809144059164,9.0
2022-02-24,209.0,0.0,4.56,0.0,25.079025894844982,11.399999999999999,0.5842981736283683,-50.0
2022-02-25,186.0,2.5,4.02,2.5,23.817172010618233,10.049999999999999,0.5702422926917871,-23.0
2022-02-26,165.0,0.0,2.38,0.0,20.2445962090255,5.949999999999999,0.5560174366570446,-21.0
2022-02-27,144.0,0.0,-0.16,0.0,17.207906777671674,0.0,0.5416278206559814,-21.0
2022-02-28,136.0,0.0,-0.13,0.0,14.626720761020923,0.0,0.5270777086423722,-8.0
2022-03-01,127.0,0.0,-0.17,0.0,12.432712646867785,0.0,0.5123714121284237,-9.0
2022-03-02,126.0,0.0,0.73,0.0,10.567805749837616,1.825,0.49751328890718066,-1.0
2022-03-03,126.0,0.0,1.79,0.0,8.982634887361973,4.475,0.48250774176121847,0.0
2022-03-04,123.0,0.0,0.97,0.0,7.635239654257677,2.425,0.46735921715800227,-3.0
2022-03-05,112.0,0.0,-1.36,0.0,6.489953706119025,0.0,0.45207220393230435,-11.0
2022-03-06,109.0,0.0,1.6,0.0,5.5164606502011715,4.0,0.43665123195606403,-3.0
2022-03-07,109.0,0.0,2.03,0.0,4.688991552670996,5.074999999999999,0.4211008707960896,0.0
2022-03-08,103.0,0.0,1.3,0.0,3.985642819770346,3.25,0.40542572835999735,-6.0
2022-03-09,102.0,0.0,0.93,0.0,3.387796396804794,2.325,0.38963044953078796,-1.0
2022-03-10,86.0,0.0,-1.15,0.0,2.879626937284075,0.0,0.37371971479046906,-16.0
2022-03-11,82.0,0.0,-1.02,0.0,2.4476828966914637,0.0,0.35769823883312546,-4.0
2022-03-12,83.0,0.0,0.44,0.0,2.080530462187744,1.1,0.3415707691678556,1.0
2022-03-13,80.0,0.0,0.35,0.0,1.7684508928595823,0.875,0.3253420847119801,-3.0
2022-03-14,76.0,0.0,2.9,0.0,1.5031832589306449,7.25,0.30901699437494745,-4.0
2022-03-15,76.0,0.0,4.08,0.0,1.2777057700910481,10.2,0.29260033563334836,0.0
2022-03-16,75.0,0.0,4.77,0.0,1.0860499045773908,11.924999999999999,0.27609697309746883,-1.0
2022-03-17,67.0,0.0,4.75,0.0,0.9231424188907822,11.875,0.2595117970697999,-8.0
2022-03-18,65.0,0.0,3.32,0.0,0.7846710560571648,8.299999999999999,0.2428497220959356,-2.0
2022-03-19,69.0,0.0,3.19,0.0,0.6669703976485901,7.975,0.22611568550828828,4.0
2022-03-20,63.0,0.0,2.61,0.0,0.5669248380013016,6.5249999999999995,0.20931464596304847,-6.0
2022-03-21,61.0,0.0,3.91,0.0,0.4818861123011063,9.775,0.19245158197082998,-2.0
2022-03-22,60.0,0.0,5.04,0.0,0.4096031954559403,12.6,0.1755314904214282,-1.0
2022-03-23,60.0,0.0,3.18,0.0,0.34816271613754923,7.95,0.15855938510313478,0.0
2022-03-24,60.0,0.0,3.87,0.0,0.29593830871691684,9.675,0.141540295217043,0.0
2022-03-25,64.0,0.0,5.33,0.0,0.2515475624093793,13.325,0.12447926388678915,4.0
2022-03-26,68.0,0.0,5.15,0.0,0.2138154280479724,12.875,0.10738134666416309,4.0
2022-03-27,65.0,0.0,3.32,0.0,0.18174311384077654,8.299999999999999,0.09025161003104117,-3.0
2022-03-28,77.0,0.0,5.26,0.0,0.15448164676466006,13.149999999999999,0.07309512989807777,12.0
2022-03-29,76.0,0.0,2.33,0.0,0.13130939974996106,5.825,0.055916990100603484,-1.0
2022-03-30,70.0,0.0,-0.8,0.0,0.11161298978746689,0.0,0.03872228089217446,-6.0
2022-03-31,66.0,0.0,-0.37,0.0,0.09487104131934686,0.0,0.021516097436222254,-4.0
2022-04-01,64.0,0.0,1.07,0.0,0.08064038512144482,2.6750000000000003,0.004303538296244289,-2.0
2022-04-02,62.0,0.0,1.52,0.0,0.0685443273532281,3.8,-0.01291029607500882,-2.0
2022-04-03,64.0,0.0,1.78,0.0,0.058262678250243886,4.45,-0.030120304846908114,2.0
2022-04-04,82.0,8.7,3.57,8.7,8.749523276512706,8.924999999999999,-0.04732138832243185,18.0
2022-04-05,86.0,1.9,3.21,1.9,9.3370947850358,8.025,-0.06450844944931623,4.0
2022-04-06,80.0,6.1,4.08,6.1,14.03653056728043,10.2,-0.08167639533042241,-6.0
2022-04-07,82.0,10.9,7.42,10.9,22.831050982188366,18.55,-0.09882013873287143,2.0
2022-04-08,108.0,2.8,4.8,2.8,22.20639333486011,12.0,-0.11593459959550041,26.0
2022-04-09,116.0,1.7,4.38,1.7,20.57543433463109,10.95,-0.1330147065341959,8.0
2022-04-10,119.0,0.0,4.93,0.0,17.489119184436426,12.325,-0.1500553983446526,3.0
2022-04-11,107.0,0.0,4.35,0.0,14.865751306770962,10.875,-0.16705162550211924,-12.0
2022-04-12,100.0,0.0,3.8,0.0,12.635888610755318,9.5,-0.18399835165768005,-7.0
2022-04-13,95.0,0.0,5.23,0.0,10.74050531914202,13.075000000000001,-0.20089055513063506,-5.0
2022-04-14,93.0,3.3,7.38,3.3,12.429429521270716,18.45,-0.21772323039653177,-2.0
2022-04-15,96.0,0.0,5.35,0.0,10.565015093080108,13.375,-0.23449138957040985,3.0
2022-04-16,89.0,0.0,4.17,0.0,8.980262829118091,10.425,-0.25119006388481935,-7.0
2022-04-17,84.0,0.0,4.32,0.0,7.633223404750377,10.8,-0.2678143051621742,-5.0
2022-04-18,82.0,0.0,5.38,0.0,6.488239894037821,13.45,-0.2843591872810034,-2.0
2022-04-19,84.0,0.0,10.05,0.0,5.5150039099321475,25.125,-0.30081980763566735,2.0
2022-04-20,84.0,0.0,13.12,0.0,4.687753323442325,32.8,-0.3171912885891061,0.0
2022-04-21,85.0,0.0,13.65,0.0,3.984590324925976,34.125,-0.3334687789181868,1.0
2022-04-22,80.0,0.0,11.76,0.0,3.38690177618708,29.4,-0.3496474552512284,-5.0
2022-04-23,81.0,0.0,10.37,0.0,2.878866509759018,25.924999999999997,-0.36572252349726897,1.0
2022-04-24,78.0,0.0,8.45,0.0,2.447036533295165,21.125,-0.3816892202666588,-3.0
2022-04-25,76.0,0.0,7.19,0.0,2.0799810533008904,17.975,-0.39754281428255595,-2.0
2022-04-26,72.0,0.0,6.57,0.0,1.7679838953057567,16.425,-0.4132786077829042,-4.0
2022-04-27,68.0,0.0,5.71,0.0,1.5027863110098931,14.275,-0.4288919379124835,-4.0
2022-04-28,66.0,0.0,5.56,0.0,1.277368364358409,13.899999999999999,-0.4443781781046132,-2.0
2022-04-29,69.0,0.0,7.77,0.0,1.0857631097046476,19.424999999999997,-0.45973273945210397,3.0
2022-04-30,64.0,0.0,8.71,0.0,0.9228986432489504,21.775000000000002,-0.47495107206704995,-5.0
2022-05-01,69.0,0.0,8.31,0.0,0.7844638467616079,20.775000000000002,-0.49002866642905923,5.0
2022-05-02,61.0,0.0,7.88,0.0,0.6667942697473667,19.7,-0.5049610547215204,-8.0
2022-05-03,66.0,0.0,7.39,0.0,0.5667751292852616,18.474999999999998,-0.5197438121555155,5.0
2022-05-04,62.0,0.0,5.83,0.0,0.48175885989247236,14.575,-0.5343725582809787,-4.0
2022-05-05,66.0,0.0,9.41,0.0,0.4094950309086015,23.525,-0.548842958284719,4.0
2022-05-06,67.0,0.0,8.74,0.0,0.34807077627231126,21.85,-0.5631507242749186,1.0
2022-05-07,69.0,0.0,9.57,0.0,0.2958601598314646,23.925,-0.5772916165517272,2.0
2022-05-08,71.0,0.0,9.52,0.0,0.25148113585674486,23.799999999999997,-0.5912614448635781,2.0
2022-05-09,64.0,0.0,6.0,0.0,0.21375896547823311,15.0,-0.6050560696488488,-7.0
2022-05-10,61.0,0.0,12.32,0.0,0.18169512065649815,30.8,-0.6186714032625031,-3.0
2022-05-11,65.0,0.7,11.98,0.7,0.8544408525580234,29.950000000000003,-0.6321034111873487,4.0
2022-05-12,74.0,4.3,10.32,4.3,5.02627472467432,25.8,-0.6453481132295501,9.0
2022-05-13,74.0,0.0,9.82,0.0,4.2723335159731715,24.55,-0.6584015846980488,0.0
2022-05-14,82.0,0.4,9.54,0.4,4.031483488577196,23.849999999999998,-0.6712599575675313,8.0
2022-05-15,83.0,0.0,9.55,0.0,3.4267609652906166,23.875,-0.6839194216246106,1.0
2022-05-16,82.0,0.0,8.85,0.0,2.912746820497024,22.125,-0.6963762255968722,-1.0
2022-05-17,79.0,0.0,8.23,0.0,2.47583479742247,20.575000000000003,-0.7086266782644596,-3.0
2022-05-18,72.0,0.0,7.55,0.0,2.1044595778090995,18.875,-0.7206671495538609,-7.0
2022-05-19,74.0,0.1,12.63,0.1,1.8887906411377346,31.575000000000003,-0.7324940716135789,2.0
2022-05-20,83.0,0.0,12.62,0.0,1.6054720449670745,31.549999999999997,-0.7441039398713607,9.0
2022-05-21,89.0,4.3,9.43,4.3,5.664651238222013,23.575,-0.7554933140726803,6.0
2022-05-22,85.0,1.6,10.14,1.6,6.414953552488711,25.35,-0.766658819300159,-4.0
2022-05-23,78.0,0.0,10.43,0.0,5.452710519615405,26.075,-0.777597146973627,-7.0
2022-05-24,80.0,0.0,16.46,0.0,4.634803941673094,41.150000000000006,-0.7883050558305255,2.0
2022-05-25,79.0,4.9,12.54,4.9,8.83958335042213,31.349999999999998,-0.7987793728863649,-1.0
2022-05-26,87.0,2.4,11.48,2.4,9.91364584785881,28.700000000000003,-0.8090169943749473,8.0
2022-05-27,92.0,3.2,10.73,3.2,11.62659897067999,26.825000000000003,-0.8190148866680801,5.0
2022-05-28,95.0,3.7,10.55,3.7,13.58260912507799,26.375,-0.8287700871745037,3.0
2022-05-29,93.0,1.9,10.08,1.9,13.445217756316293,25.2,-0.8382797052177743,-2.0
2022-05-30,94.0,12.2,10.43,12.2,23.62843509286885,26.075,-0.8475409228928311,1.0
2022-05-31,94.0,0.2,11.1,0.2,20.28416982893852,27.75,-0.8565509959010036,0.0
2022-06-01,92.0,9.0,11.65,9.0,26.241544354597742,29.125,-0.865307254363206,-2.0
2022-06-02,96.0,0.1,12.06,0.1,22.405312701408082,30.150000000000002,-0.8738071036110808,4.0
2022-06-03,93.0,0.0,11.85,0.0,19.04451579619687,29.625,-0.8820480249558537,-3.0
2022-06-04,92.0,0.0,12.05,0.0,16.18783842676734,30.125,-0.8900275764346767,-1.0
2022-06-05,89.0,0.0,12.97,0.0,13.759662662752238,32.425000000000004,-0.8977433935342337,-3.0
2022-06-06,92.0,0.0,18.8,0.0,11.695713263339401,47.0,-0.9051931898913974,3.0
2022-06-07,91.0,0.1,16.89,0.1,10.04135627383849,42.225,-0.9123747579707273,-1.0
2022-06-08,86.0,2.0,15.93,2.0,10.535152832762716,39.825,-0.9192859697186104,-5.0
2022-06-09,85.0,0.0,18.25,0.0,8.954879907848309,45.625,-0.9259247771938498,-1.0
2022-06-10,89.0,1.5,16.85,1.5,9.11164792167106,42.125,-0.9322892131745133,4.0
2022-06-11,84.0,0.0,16.05,0.0,7.744900733420401,40.125,-0.9383773917408641,-5.0
2022-06-12,85.0,0.0,16.47,0.0,6.583165623407341,41.175,-0.9441875088341993,1.0
2022-06-13,87.0,0.0,15.93,0.0,5.595690779896239,39.825,-0.9497178427914316,2.0
2022-06-14,96.0,0.0,14.89,0.0,4.756337162911803,37.225,-0.9549667548552551,9.0
2022-06-15,94.0,0.0,15.6,0.0,4.0428865884750325,39.0,-0.9599326896597447,-2.0
2022-06-16,97.0,0.0,15.21,0.0,3.4364536002037775,38.025000000000006,-0.9646141756912435,3.0
2022-06-17,97.0,0.0,16.65,0.0,2.920985560173211,41.625,-0.9690098257244062,0.0
2022-06-18,96.0,0.2,16.78,0.2,2.682837726147229,41.95,-0.9731183372332619,-1.0
2022-06-19,96.0,6.0,13.25,6.0,8.280412067225145,33.125,-0.9769384927771817,0.0
2022-06-20,99.0,0.3,13.45,0.3,7.338350257141372,33.625,-0.980469160361632,3.0
2022-06-21,99.0,1.1,14.75,1.1,7.337597718570166,36.875,-0.9837092937736097,0.0
2022-06-22,96.0,0.0,16.02,0.0,6.236958060784641,40.05,-0.986657932891657,-3.0
2022-06-23,96.0,0.0,15.73,0.0,5.301414351666945,39.325,-0.9893142039703663,0.0
2022-06-24,94.0,0.0,20.84,0.0,4.5062021989169025,52.1,-0.99167731989929,-2.0
2022-06-25,95.0,0.0,23.8,0.0,3.830271869079367,59.5,-0.993746580436178,1.0
2022-06-26,93.0,0.0,25.34,0.0,3.2557310887174618,63.35,-0.9955213724144752,-2.0
2022-06-27,91.0,0.0,26.58,0.0,2.7673714254098423,66.44999999999999,-0.9970011699250151,-2.0
2022-06-28,96.0,5.6,25.14,5.6,7.952265711598366,62.85,-0.9981855344718586,5.0
2022-06-29,95.0,11.2,21.14,11.2,17.95942585485861,52.85,-0.99907411510223,-1.0
2022-06-30,92.0,0.0,22.57,0.0,15.265511976629817,56.425,-0.9996666485105112,-3.0
2022-07-01,93.0,6.7,24.09,6.7,19.675685180135343,60.225,-0.9999629591162655,1.0
2022-07-02,93.0,12.5,19.51,12.5,29.224332403115042,48.775000000000006,-0.9999629591162655,0.0
2022-07-03,86.0,0.0,19.28,0.0,24.840682542647784,48.2,-0.9996666485105112,-7.0
2022-07-04,89.0,0.0,20.27,0.0,21.114580161250615,50.675,-0.99907411510223,3.0
2022-07-05,87.0,0.0,19.55,0.0,17.94739313706302,48.875,-0.9981855344718586,-2.0
2022-07-06,91.0,0.4,18.43,0.4,15.655284166503566,46.075,-0.9970011699250151,4.0
2022-07-07,92.0,0.8,18.74,0.8,14.106991541528032,46.849999999999994,-0.9955213724144752,1.0
2022-07-08,101.0,0.3,18.72,0.3,12.290942810298828,46.8,-0.9937465804361781,9.0
2022-07-09,103.0,2.6,18.07,2.6,13.047301388754004,45.175,-0.99167731989929,2.0
2022-07-10,108.0,8.1,16.54,8.1,19.190206180440903,41.349999999999994,-0.9893142039703664,5.0
2022-07-11,110.0,0.0,16.81,0.0,16.311675253374766,42.025,-0.9866579328916572,2.0
2022-07-12,104.0,0.9,18.44,0.9,14.764923965368551,46.1,-0.9837092937736098,-6.0
2022-07-13,101.0,0.0,18.62,0.0,12.550185370563268,46.550000000000004,-0.9804691603616321,-3.0
2022-07-14,111.0,0.0,17.8,0.0,10.667657564978777,44.5,-0.9769384927771817,10.0
2022-07-15,115.0,0.5,17.1,0.5,9.567508930231961,42.75,-0.973118337233262,4.0
2022-07-16,116.0,0.0,16.6,0.0,8.132382590697167,41.5,-0.9690098257244063,1.0
2022-07-17,116.0,0.2,17.22,0.2,7.112525202092592,43.05,-0.9646141756912435,0.0
2022-07-18,112.0,0.0,17.98,0.0,6.045646421778703,44.95,-0.9599326896597445,-4.0
2022-07-19,110.0,0.0,19.2,0.0,5.1387994585118975,48.0,-0.9549667548552553,-2.0
2022-07-20,103.0,0.0,18.8,0.0,4.367979539735113,47.0,-0.9497178427914317,-7.0
2022-07-21,100.0,0.0,22.24,0.0,3.7127826087748454,55.599999999999994,-0.9441875088341994,-3.0
2022-07-22,100.0,0.0,21.96,0.0,3.1558652174586186,54.900000000000006,-0.9383773917408642,0.0
2022-07-23,101.0,0.4,19.58,0.4,3.0824854348398256,48.949999999999996,-0.9322892131745134,1.0
2022-07-24,102.0,0.8,18.69,0.8,3.4201126196138514,46.725,-0.9259247771938499,1.0
2022-07-25,91.0,0.0,20.68,0.0,2.9070957266717734,51.7,-0.9192859697186105,-11.0
2022-07-26,98.0,2.8,19.32,2.8,5.271031367671007,48.3,-0.9123747579707274,7.0
2022-07-27,102.0,1.2,17.05,1.2,5.680376662520356,42.625,-0.9051931898913975,4.0
2022-07-28,107.0,17.9,17.25,17.9,22.7283201631423,43.125,-0.8977433935342336,5.0
2022-07-29,99.0,0.0,16.28,0.0,19.319072138670954,40.7,-0.8900275764346766,-8.0
2022-07-30,96.0,0.0,17.63,0.0,16.42121131787031,44.074999999999996,-0.8820480249558535,-3.0
2022-07-31,93.0,0.2,17.39,0.2,14.158029620189762,43.475,-0.8738071036110807,-3.0
2022-08-01,92.0,0.9,18.25,0.9,12.934325177161298,45.625,-0.8653072543632061,-1.0
2022-08-02,93.0,0.0,18.46,0.0,10.994176400587103,46.150000000000006,-0.8565509959010037,1.0
2022-08-03,86.0,0.0,20.36,0.0,9.345049940499036,50.9,-0.8475409228928312,-7.0
2022-08-04,87.0,0.0,23.85,0.0,7.943292449424181,59.625,-0.8382797052177745,1.0
2022-08-05,90.0,0.0,25.14,0.0,6.7517985820105535,62.85,-0.828770087174504,3.0
2022-08-06,94.0,4.3,18.61,4.3,10.039028794708969,46.525,-0.8190148866680802,4.0
2022-08-07,93.0,0.4,18.07,0.4,8.933174475502623,45.175,-0.8090169943749472,-1.0
2022-08-08,93.0,1.6,17.87,1.6,9.19319830417723,44.675000000000004,-0.7987793728863648,0.0
2022-08-09,93.0,0.2,17.79,0.2,8.014218558550645,44.474999999999994,-0.7883050558305253,0.0
2022-08-10,89.0,0.0,17.58,0.0,6.8120857747680486,43.949999999999996,-0.7775971469736268,-4.0
2022-08-11,85.0,0.0,17.5,0.0,5.790272908552841,43.75,-0.7666588193001592,-4.0
2022-08-12,86.0,0.0,19.92,0.0,4.921731972269915,49.800000000000004,-0.7554933140726804,1.0
2022-08-13,86.0,0.0,22.15,0.0,4.183472176429428,55.375,-0.7441039398713608,0.0
2022-08-14,84.0,0.0,24.6,0.0,3.5559513499650133,61.5,-0.7324940716135792,-2.0
2022-08-15,84.0,0.0,26.08,0.0,3.022558647470261,65.19999999999999,-0.7206671495538615,0.0
2022-08-16,82.0,0.0,25.74,0.0,2.5691748503497216,64.35,-0.7086266782644601,-2.0
2022-08-17,80.0,0.1,24.0,0.1,2.2837986227972635,60.0,-0.6963762255968726,-2.0
2022-08-18,81.0,0.0,24.44,0.0,1.941228829377674,61.1,-0.6839194216246105,1.0
2022-08-19,80.0,0.0,26.48,0.0,1.6500445049710228,66.2,-0.6712599575675315,-1.0
2022-08-20,82.0,3.1,23.65,3.1,4.5025378292253695,59.125,-0.6584015846980489,2.0
2022-08-21,84.0,7.2,20.94,7.2,11.027157154841564,52.35,-0.64534811322955,2.0
2022-08-22,80.0,0.3,19.21,0.3,9.67308358161533,48.025000000000006,-0.6321034111873488,-4.0
2022-08-23,86.0,0.0,22.85,0.0,8.222121044373031,57.125,-0.6186714032625032,6.0
2022-08-24,85.0,0.0,22.76,0.0,6.9888028877170765,56.900000000000006,-0.6050560696488494,-1.0
2022-08-25,81.0,0.0,22.97,0.0,5.940482454559515,57.425,-0.5912614448635782,-4.0
2022-08-26,79.0,0.0,23.04,0.0,5.0494100863755875,57.599999999999994,-0.5772916165517278,-2.0
2022-08-27,78.0,0.0,23.79,0.0,4.291998573419249,59.474999999999994,-0.5631507242749187,-1.0
2022-08-28,83.0,0.0,22.99,0.0,3.6481987874063617,57.474999999999994,-0.5488429582847199,5.0
2022-08-29,91.0,4.5,19.83,4.5,7.600968969295407,49.574999999999996,-0.5343725582809785,8.0
2022-08-30,91.0,0.4,17.52,0.4,6.860823623901097,43.8,-0.5197438121555157,0.0
2022-08-31,82.0,2.4,15.19,2.4,8.231700080315932,37.975,-0.5049610547215202,-9.0
2022-09-01,78.0,0.0,12.45,0.0,6.996945068268542,31.125,-0.4900286664290594,-4.0
2022-09-02,75.0,2.5,11.94,2.5,8.44740330802826,29.849999999999998,-0.4749510720670502,-3.0
2022-09-03,68.0,0.0,11.72,0.0,7.180292811824021,29.3,-0.4597327394521046,-7.0
2022-09-04,64.0,0.0,12.64,0.0,6.103248890050418,31.6,-0.44437817810461344,-4.0
2022-09-05,61.0,0.0,12.0,0.0,5.187761556542855,30.0,-0.4288919379124841,-3.0
2022-09-06,55.0,0.0,11.09,0.0,4.409597323061427,27.725,-0.41327860778290443,-6.0
2022-09-07,57.0,0.0,12.87,0.0,3.748157724602213,32.175,-0.3975428142825566,2.0
2022-09-08,49.0,0.0,12.95,0.0,3.185934065911881,32.375,-0.3816892202666586,-8.0
2022-09-09,46.0,1.5,12.24,1.5,4.208043956025099,30.6,-0.3657225234972692,-3.0
2022-09-10,49.0,0.0,13.05,0.0,3.576837362621334,32.625,-0.34964745525122826,3.0
2022-09-11,51.0,0.0,13.77,0.0,3.040311758228134,34.425,-0.33346877891818705,2.0
2022-09-12,51.0,0.0,12.88,0.0,2.584264994493914,32.2,-0.31719128858910595,0.0
2022-09-13,47.0,0.3,12.19,0.3,2.4966252453198265,30.474999999999998,-0.300819807635668,-4.0
2022-09-14,61.0,2.0,15.95,2.0,4.122131458521853,39.875,-0.2843591872810036,14.0
2022-09-15,73.0,5.4,14.61,5.4,8.903811739743576,36.525,-0.26781430516217486,12.0
2022-09-16,86.0,40.7,12.81,40.7,48.26823997878204,32.025,-0.25119006388481957,13.0
2022-09-17,84.0,11.3,13.83,11.3,52.32800398196474,34.575,-0.23449138957041052,-2.0
2022-09-18,84.0,0.0,12.62,0.0,44.47880338467003,31.549999999999997,-0.21772323039653224,0.0
2022-09-19,93.0,10.2,11.42,10.2,48.00698287696953,28.55,-0.20089055513063528,9.0
2022-09-20,96.0,2.4,12.44,2.4,43.205935445424096,31.099999999999998,-0.18399835165767986,3.0
2022-09-21,89.0,0.6,11.31,0.6,37.32504512861048,28.275000000000002,-0.1670516255021195,-7.0
2022-09-22,81.0,0.0,10.75,0.0,31.72628835931891,26.875,-0.15005539834465262,-8.0
2022-09-23,79.0,0.0,9.6,0.0,26.967345105421074,24.0,-0.13301470653419636,-2.0
2022-09-24,79.0,0.0,10.93,0.0,22.922243339607913,27.325,-0.11593459959550066,0.0
2022-09-25,79.0,0.0,10.91,0.0,19.483906838666726,27.275,-0.09882013873287211,0.0
2022-09-26,78.0,0.5,10.96,0.5,17.061320812866718,27.400000000000002,-0.08167639533042288,-1.0
2022-09-27,72.0,0.0,12.19,0.0,14.50212269093671,30.474999999999998,-0.06450844944931625,-6.0
2022-09-28,79.0,5.9,10.93,5.9,18.226804287296204,27.325,-0.04732138832243232,7.0
2022-09-29,86.0,1.0,11.0,1.0,16.492783644201772,27.5,-0.03012030484690836,7.0
2022-09-30,79.0,0.2,10.22,0.2,14.218866097571505,25.55,-0.012910296075008843,-7.0
2022-10-01,73.0,0.0,10.99,0.0,12.086036182935779,27.475,0.004303538296243821,-6.0
2022-10-02,88.0,15.3,11.89,15.3,25.573130755495413,29.725,0.021516097436222233,15.0
2022-10-03,86.0,3.8,11.57,3.8,25.5371611421711,28.925,0.03872228089217399,-2.0
2022-10-04,89.0,0.2,13.0,0.2,21.906586970845435,32.5,0.05591699010060302,3.0
2022-10-05,84.0,0.0,13.75,0.0,18.62059892521862,34.375,0.07309512989807776,-5.0
2022-10-06,91.0,0.0,14.25,0.0,15.827509086435827,35.625,0.0902516100310407,7.0
2022-10-07,85.0,0.0,13.51,0.0,13.453382723470453,33.775,0.10738134666416306,-6.0
2022-10-08,87.0,0.0,12.9,0.0,11.435375314949885,32.25,0.12447926388678869,2.0
2022-10-09,96.0,0.0,12.43,0.0,9.720069017707402,31.075,0.141540295217043,9.0
2022-10-10,86.0,0.0,12.13,0.0,8.262058665051292,30.325000000000003,0.15855938510313475,-10.0
2022-10-11,98.0,0.0,12.38,0.0,7.022749865293598,30.950000000000003,0.17553149042142777,12.0
2022-10-12,97.0,0.0,11.9,0.0,5.969337385499558,29.75,0.19245158197082995,-1.0
2022-10-13,91.0,0.4,11.68,0.4,5.473936777674624,29.2,0.20931464596304888,-6.0
2022-10-14,92.0,0.0,10.46,0.0,4.652846261023431,26.150000000000002,0.22611568550828803,1.0
2022-10-15,91.0,0.4,11.93,0.4,4.354919321869916,29.825,0.2428497220959358,-1.0
2022-10-16,92.0,0.6,13.52,0.6,4.301681423589429,33.8,0.25951179706979943,1.0
2022-10-17,88.0,0.2,13.67,0.2,3.8564292100510147,34.175,0.27609697309746883,-4.0
2022-10-18,101.0,0.2,13.45,0.2,3.4779648285433624,33.625,0.2926003356333479,13.0
2022-10-19,102.0,1.2,8.36,1.2,4.156270104261858,20.9,0.30901699437494723,1.0
2022-10-20,94.0,0.1,9.19,0.1,3.632829588622579,22.974999999999998,0.3253420847119795,-8.0
2022-10-21,90.0,0.0,8.09,0.0,3.0879051503291923,20.225,0.341570769167856,-4.0
2022-10-22,92.0,0.7,8.36,0.7,3.3247193777798136,20.9,0.35769823883312546,2.0
2022-10-23,89.0,0.4,11.33,0.4,3.2260114711128414,28.325,0.3737197147904692,-3.0
2022-10-24,88.0,0.4,11.21,0.4,3.142109750445915,28.025000000000002,0.38963044953078774,-1.0
2022-10-25,88.0,1.0,12.65,1.0,3.6707932878790275,31.625,0.4054257283599973,0.0
2022-10-26,89.0,0.1,12.47,0.1,3.2201742946971734,31.175,0.42110087079608916,1.0
2022-10-27,87.0,0.0,12.09,0.0,2.7371481504925974,30.225,0.4366512319560638,-2.0
2022-10-28,86.0,0.4,12.6,0.4,2.7265759279187076,31.5,0.45207220393230374,-1.0
2022-10-29,93.0,0.5,12.75,0.5,2.8175895387309016,31.875,0.46735921715800205,7.0
2022-10-30,94.0,0.0,10.71,0.0,2.3949511079212664,26.775000000000002,0.48250774176121763,1.0
2022-10-31,90.0,0.0,8.17,0.0,2.0357084417330764,20.425,0.4975132889071803,-4.0
2022-11-01,90.0,0.7,10.25,0.7,2.4303521754731148,25.625,0.5123714121284235,0.0
2022-11-02,93.0,1.0,11.6,1.0,3.0657993491521474,29.0,0.5270777086423724,3.0
2022-11-03,90.0,1.0,9.4,1.0,3.6059294467793253,23.5,0.5416278206559811,-3.0
2022-11-04,81.0,0.0,6.68,0.0,3.0650400297624265,16.7,0.5560174366570446,-9.0
2022-11-05,89.0,5.3,7.53,5.3,7.905284025298062,18.825,0.5702422926917867,8.0
2022-11-06,85.0,0.0,10.28,0.0,6.719491421503353,25.7,0.5842981736283683,-4.0
2022-11-07,87.0,0.0,8.23,0.0,5.711567708277849,20.575000000000003,0.5981809144059159,2.0
2022-11-08,90.0,2.1,11.5,2.1,6.954832552036171,28.75,0.6118864012687242,3.0
2022-11-09,90.0,1.5,10.77,1.5,7.4116076692307455,26.924999999999997,0.6254105729852457,0.0
2022-11-10,97.0,0.6,11.39,0.6,6.8998665188461334,28.475,0.6387494220515268,7.0
2022-11-11,98.0,0.7,11.84,0.7,6.564886541019214,29.6,0.6518989958787125,1.0
2022-11-12,99.0,0.0,11.66,0.0,5.580153559866331,29.15,0.6648553979642867,1.0
2022-11-13,103.0,0.0,8.37,0.0,4.743130525886381,20.924999999999997,0.6776147890466887,4.0
2022-11-14,98.0,0.0,5.31,0.0,4.031660947003424,13.274999999999999,0.690173388242972,-5.0
2022-11-15,102.0,0.0,6.99,0.0,3.42691180495291,17.475,0.7025274741691566,4.0
2022-11-16,89.0,0.0,1.93,0.0,2.9128750342099736,4.825,0.7146733860429608,-13.0
2022-11-17,85.0,0.0,-0.6,0.0,2.4759437790784777,0.0,0.726607524768565,-4.0
2022-11-18,81.0,0.0,-1.45,0.0,2.104552212216706,0.0,0.7383263540031063,-4.0
2022-11-19,86.0,0.0,-4.85,0.0,1.7888693803842,0.0,0.749826401204568,5.0
2022-11-20,82.0,0.4,-3.81,0.4,1.92053897332657,0.0,0.7611042586607742,-4.0
2022-11-21,83.0,0.2,-1.59,0.2,1.8324581273275844,0.0,0.7721565844991641,1.0
2022-11-22,75.0,0.0,-1.72,0.0,1.5575894082284467,0.0,0.7829801036770625,-8.0
2022-11-23,75.0,0.0,-4.41,0.0,1.3239509969941796,0.0,0.7935716089521472,0.0
2022-11-24,71.0,0.0,-2.8,0.0,1.1253583474450526,0.0,0.8039279618328208,-4.0
2022-11-25,69.0,0.0,-0.6,0.0,0.9565545953282947,0.0,0.8140460935082175,-2.0
2022-11-26,69.0,0.0,0.15,0.0,0.8130714060290505,0.375,0.8239230057575536,0.0
2022-11-27,69.0,1.4,0.95,1.4,2.091110695124693,2.375,0.8335557718385695,0.0
2022-11-28,65.0,0.7,0.36,0.7,2.4774440908559887,0.8999999999999999,0.8429415373547832,-4.0
2022-11-29,62.0,0.1,0.33,0.1,2.2058274772275905,0.8250000000000001,0.8520775211013093,-3.0
2022-11-30,61.0,0.0,1.05,0.0,1.874953355643452,2.625,0.8609610158889945,-1.0
2022-12-01,62.0,0.0,0.11,0.0,1.593710352296934,0.275,0.8695893893466109,1.0
2022-12-02,62.0,0.0,-3.45,0.0,1.354653799452394,0.0,0.8779600847008883,0.0
2022-12-03,60.0,2.4,-4.11,2.4,3.551455729534535,0.0,0.8860706215341377,-2.0
2022-12-04,58.0,2.0,-0.5,2.0,5.018737370104354,0.0,0.893918596519257,-2.0
2022-12-05,57.0,0.4,-1.62,0.4,4.6659267645887015,0.0,0.9015016841318838,-1.0
2022-12-06,59.0,0.8,-0.15,0.8,4.766037749900396,0.0,0.9088176373395028,2.0
2022-12-07,72.0,8.9,1.71,8.9,12.951132087415337,4.275,0.9158642882672868,13.0
2022-12-08,74.0,17.8,1.03,17.8,28.808462274303036,2.575,0.9226395488404875,2.0
2022-12-09,67.0,0.4,-6.41,0.4,24.88719293315758,0.0,0.9291414114031743,-7.0
2022-12-10,67.0,0.0,-5.91,0.0,21.15411399318394,0.0,0.935367949313148,0.0
2022-12-11,68.0,0.0,-6.53,0.0,17.98099689420635,0.0,0.941317317512847,1.0
2022-12-12,87.0,12.3,-2.73,12.3,27.583847360075396,0.0,0.946987753076075,19.0
2022-12-13,89.0,1.9,-0.0,1.9,25.346270256064084,0.0,0.9523775757303973,2.0
2022-12-14,71.0,1.0,-1.17,1.0,22.54432971765447,0.0,0.9574851883550389,-18.0
2022-12-15,69.0,0.0,-7.74,0.0,19.1626802600063,0.0,0.9623090774541487,-2.0
2022-12-16,71.0,5.0,-4.65,5.0,21.288278221005356,0.0,0.9668478136052773,2.0
2022-12-17,66.0,0.0,-8.2,0.0,18.095036487854554,0.0,0.9711000518829505,-5.0
2022-12-18,67.0,0.0,-2.09,0.0,15.38078101467637,0.0,0.9750645322571945,1.0
2022-12-19,61.0,0.0,-4.87,0.0,13.073663862474914,0.0,0.9787400799669153,-6.0
2022-12-20,70.0,11.6,2.39,11.6,22.712614283103676,5.9750000000000005,0.9821256058680006,9.0
2022-12-21,77.0,14.0,4.48,14.0,33.305722140638125,11.200000000000001,0.9852201067560606,7.0
2022-12-22,90.0,1.1,3.85,1.1,29.409863819542405,9.625,0.9880226656636976,13.0
2022-12-23,114.0,3.1,4.73,3.1,28.098384246611044,11.825000000000001,0.9905324521322227,24.0
2022-12-24,132.0,0.0,-1.32,0.0,23.883626609619387,0.0,0.9927487224577402,18.0
2022-12-25,134.0,0.0,-1.07,0.0,20.30108261817648,0.0,0.9946708199115211,2.0
2022-12-26,118.0,4.4,1.23,4.4,21.65592022545001,3.075,0.9962981749346077,-16.0
2022-12-27,115.0,0.1,4.8,0.1,18.50753219163251,12.0,0.9976303053065857,-3.0
2022-12-28,114.0,6.0,3.35,6.0,21.731402362887636,8.375,0.9986668162884759,-1.0
2022-12-29,130.0,5.5,4.56,5.5,23.97169200845449,11.399999999999999,0.9994074007397048,16.0
2022-12-30,150.0,4.0,4.71,4.0,24.375938207186316,11.775,0.9998518392091162,20.0
2022-12-31,161.0,4.8,5.47,4.8,25.519547476108368,13.674999999999999,1.0,11.0
2023-01-01,173.0,11.1,7.2,11.1,32.79161535469211,18.0,0.9998518392091162,12.0
2023-01-02,186.0,5.6,6.08,5.6,33.47287305148829,15.2,0.9994074007397048,13.0
2023-01-03,191.0,1.0,4.14,1.0,29.451942093765048,10.35,0.998666816288476,5.0
2023-01-04,174.0,12.9,2.24,12.9,37.93415077970029,5.6000000000000005,0.9976303053065857,-17.0
2023-01-05,176.0,3.4,0.4,3.4,35.64402816274524,1.0,0.9962981749346078,2.0
2023-01-06,169.0,0.4,-8.51,0.4,30.697423938333454,0.0,0.9946708199115211,-7.0
2023-01-07,142.0,0.1,-6.33,0.1,26.192810347583436,0.0,0.9927487224577402,-27.0
2023-01-08,115.0,1.3,0.37,1.3,23.56388879544592,0.925,0.9905324521322229,-27.0
2023-01-09,107.0,1.8,0.61,1.8,21.829305476129033,1.525,0.9880226656636976,-8.0
2023-01-10,110.0,0.4,2.74,0.4,18.954909654709677,6.8500000000000005,0.9852201067560606,3.0
2023-01-11,97.0,0.1,2.53,0.1,16.211673206503228,6.324999999999999,0.9821256058680006,-13.0
2023-01-12,105.0,4.2,4.44,4.2,17.979922225527744,11.100000000000001,0.9787400799669153,8.0
2023-01-13,121.0,6.7,5.21,6.7,21.982933891698583,13.025,0.9750645322571948,16.0
2023-01-14,146.0,1.8,5.02,1.8,20.485493807943797,12.549999999999999,0.9711000518829505,25.0
2023-01-15,161.0,9.0,4.42,9.0,26.41266973675223,11.05,0.9668478136052775,15.0
2023-01-16,179.0,0.0,3.34,0.0,22.450769276239395,8.35,0.9623090774541486,18.0
2023-01-17,185.0,1.4,2.62,1.4,20.483153884803485,6.550000000000001,0.9574851883550393,6.0
2023-01-18,157.0,2.1,0.79,2.1,19.510680802082963,1.975,0.9523775757303974,-28.0
2023-01-19,137.0,0.0,1.41,0.0,16.584078681770517,3.525,0.9469877530760753,-20.0
2023-01-20,127.0,0.0,-2.44,0.0,14.09646687950494,0.0,0.9413173175128471,-10.0
2023-01-21,109.0,0.0,-0.88,0.0,11.981996847579198,0.0,0.9353679493131483,-18.0
2023-01-22,107.0,0.0,-1.75,0.0,10.184697320442318,0.0,0.9291414114031743,-2.0
2023-01-23,98.0,0.0,-3.2,0.0,8.65699272237597,0.0,0.9226395488404876,-9.0
2023-01-24,95.0,0.0,0.46,0.0,7.358443814019574,1.1500000000000001,0.9158642882672872,-3.0
2023-01-25,96.0,0.0,2.48,0.0,6.254677241916638,6.2,0.9088176373395029,1.0
2023-01-26,97.0,1.3,1.62,1.3,6.6164756556291415,4.050000000000001,0.901501684131884,1.0
2023-01-27,96.0,0.2,-0.23,0.2,5.8240043072847705,0.0,0.893918596519257,-1.0
2023-01-28,89.0,0.0,0.23,0.0,4.9504036611920545,0.5750000000000001,0.886070621534138,-7.0
2023-01-29,99.0,2.4,3.48,2.4,6.607843112013246,8.7,0.8779600847008882,10.0
2023-01-30,108.0,7.4,3.88,7.4,13.01666664521126,9.7,0.869589389346611,9.0
2023-01-31,137.0,3.7,3.11,3.7,14.764166648429569,7.7749999999999995,0.8609610158889943,29.0
2023-02-01,155.0,5.8,2.99,5.8,18.349541651165133,7.4750000000000005,0.8520775211013093,18.0
2023-02-02,158.0,0.5,1.69,0.5,16.097110403490362,4.225,0.8429415373547828,3.0
2023-02-03,145.0,0.0,0.58,0.0,13.682543842966806,1.45,0.8335557718385699,-13.0
2023-02-04,139.0,0.0,-1.88,0.0,11.630162266521785,0.0,0.8239230057575542,-6.0
2023-02-05,115.0,0.0,-1.75,0.0,9.885637926543517,0.0,0.8140460935082178,-24.0
2023-02-06,115.0,0.3,1.54,0.3,8.70279223756199,3.85,0.8039279618328213,0.0
2023-02-07,106.0,0.0,1.79,0.0,7.397373401927691,4.475,0.7935716089521474,-9.0
2023-02-08,104.0,0.0,1.85,0.0,6.287767391638537,4.625,0.7829801036770629,-2.0
2023-02-09,93.0,0.0,1.46,0.0,5.344602282892756,3.65,0.7721565844991642,-11.0
2023-02-10,105.0,0.2,3.42,0.2,4.742911940458843,8.55,0.7611042586607747,12.0
2023-02-11,115.0,2.2,2.52,2.2,6.2314751493900165,6.3,0.7498264012045686,10.0
2023-02-12,107.0,0.1,2.09,0.1,5.3967538769815135,5.225,0.7383263540031065,-8.0
2023-02-13,111.0,0.0,3.27,0.0,4.587240795434286,8.175,0.7266075247685656,4.0
2023-02-14,110.0,0.0,2.53,0.0,3.899154676119143,6.324999999999999,0.7146733860429609,-1.0
2023-02-15,104.0,0.0,2.68,0.0,3.3142814747012714,6.7,0.702527474169157,-6.0
2023-02-16,102.0,0.4,2.81,0.4,3.2171392534960805,7.025,0.6901733882429719,-2.0
2023-02-17,104.0,8.5,3.9,8.5,11.234568365471668,9.75,0.6776147890466889,2.0
2023-02-18,130.0,3.5,4.31,3.5,13.049383110650918,10.774999999999999,0.6648553979642865,26.0
2023-02-19,133.0,0.0,2.9,0.0,11.09197564405328,7.25,0.6518989958787126,3.0
2023-02-20,143.0,9.7,3.43,9.7,19.128179297445286,8.575000000000001,0.6387494220515272,10.0
2023-02-21,146.0,0.0,2.41,0.0,16.25895240282849,6.025,0.6254105729852463,3.0
2023-02-22,145.0,0.0,-0.81,0.0,13.820109542404218,0.0,0.6118864012687243,-1.0
2023-02-23,127.0,0.1,-0.57,0.1,11.847093111043584,0.0,0.5981809144059164,-18.0
2023-02-24,127.0,5.2,2.66,5.2,15.270029144387046,6.65,0.5842981736283683,0.0
2023-02-25,130.0,5.6,0.38,5.6,18.579524772728988,0.95,0.5702422926917871,3.0
2023-02-26,129.0,0.0,-0.55,0.0,15.792596056819638,0.0,0.5560174366570446,-1.0
2023-02-27,117.0,0.0,-2.04,0.0,13.423706648296692,0.0,0.5416278206559814,-12.0
2023-02-28,114.0,0.0,2.62,0.0,11.410150651052188,6.550000000000001,0.5270777086423722,-3.0
2023-03-01,113.0,0.0,2.05,0.0,9.69862805339436,5.125,0.5123714121284237,-1.0
2023-03-02,111.0,0.0,3.12,0.0,8.243833845385206,7.800000000000001,0.49751328890718066,-2.0
2023-03-03,113.0,0.0,3.53,0.0,7.007258768577425,8.825,0.48250774176121847,2.0
2023-03-04,120.0,1.4,1.12,1.4,7.356169953290811,2.8000000000000003,0.46735921715800227,7.0
2023-03-05,109.0,0.0,0.98,0.0,6.2527444602971896,2.45,0.45207220393230435,-11.0
2023-03-06,111.0,1.7,0.39,1.7,7.014832791252611,0.9750000000000001,0.43665123195606403,2.0
2023-03-07,112.0,5.1,0.09,5.1,11.062607872564719,0.22499999999999998,0.4211008707960896,1.0
2023-03-08,123.0,4.4,0.36,4.4,13.803216691680012,0.8999999999999999,0.40542572835999735,11.0
2023-03-09,100.0,0.0,-0.68,0.0,11.73273418792801,0.0,0.38963044953078796,-23.0
2023-03-10,88.0,0.0,-2.69,0.0,9.972824059738809,0.0,0.37371971479046906,-12.0
2023-03-11,100.0,0.3,-1.01,0.3,8.776900450777989,0.0,0.35769823883312546,12.0
2023-03-12,100.0,0.9,0.88,0.9,8.36036538316129,2.2,0.3415707691678556,0.0
2023-03-13,92.0,6.7,2.04,6.7,13.806310575687096,5.1,0.3253420847119801,-8.0
2023-03-14,97.0,11.0,6.0,11.0,22.735363989334033,15.0,0.30901699437494745,5.0
2023-03-15,150.0,0.3,3.07,0.3,19.625059390933927,7.675,0.29260033563334836,53.0
2023-03-16,177.0,1.6,1.23,1.6,18.28130048229384,3.075,0.27609697309746883,27.0
2023-03-17,152.0,0.0,2.38,0.0,15.539105409949764,5.949999999999999,0.2595117970697999,-25.0
2023-03-18,122.0,0.0,6.82,0.0,13.208239598457299,17.05,0.2428497220959356,-30.0
2023-03-19,113.0,0.0,6.58,0.0,11.227003658688703,16.45,0.22611568550828828,-9.0
2023-03-20,105.0,2.6,5.04,2.6,12.142953109885397,12.6,0.20931464596304847,-8.0
2023-03-21,101.0,0.3,2.87,0.3,10.621510143402588,7.175000000000001,0.19245158197082998,-4.0
2023-03-22,95.0,3.2,5.05,3.2,12.2282836218922,12.625,0.1755314904214282,-6.0
2023-03-23,97.0,7.7,5.65,7.7,18.09404107860837,14.125,0.15855938510313478,2.0
2023-03-24,118.0,5.1,6.23,5.1,20.479934916817115,15.575000000000001,0.141540295217043,21.0
2023-03-25,138.0,0.7,5.6,0.7,18.107944679294548,14.0,0.12447926388678915,20.0
2023-03-26,143.0,1.0,4.65,1.0,16.391752977400365,11.625,0.10738134666416309,5.0
2023-03-27,133.0,0.7,1.19,0.7,14.63299003079031,2.9749999999999996,0.09025161003104117,-10.0
2023-03-28,125.0,1.8,0.13,1.8,14.238041526171765,0.325,0.07309512989807777,-8.0
2023-03-29,109.0,0.1,2.28,0.1,12.202335297246,5.699999999999999,0.055916990100603484,-16.0
2023-03-30,107.0,2.2,5.74,2.2,12.571985002659101,14.350000000000001,0.03872228089217446,-2.0
2023-03-31,109.0,2.9,5.17,2.9,13.586187252260236,12.925,0.021516097436222254,2.0
2023-04-01,105.0,4.5,2.55,4.5,16.0482591644212,6.375,0.004303538296244289,-4.0
2023-04-02,96.0,0.0,2.96,0.0,13.64102028975802,7.4,-0.01291029607500882,-9.0
2023-04-03,91.0,0.0,0.68,0.0,11.594867246294315,1.7000000000000002,-0.030120304846908114,-5.0
2023-04-04,90.0,0.0,0.57,0.0,9.855637159350168,1.4249999999999998,-0.04732138832243185,-1.0
2023-04-05,91.0,0.2,0.54,0.2,8.577291585447643,1.35,-0.06450844944931623,1.0
2023-04-06,84.0,0.1,1.76,0.1,7.390697847630496,4.4,-0.08167639533042241,-7.0
2023-04-07,83.0,0.0,10.71,0.0,6.282093170485921,26.775000000000002,-0.09882013873287143,-1.0
2023-04-08,83.0,1.6,7.43,1.6,6.939779194913033,18.575,-0.11593459959550041,0.0
2023-04-09,78.0,0.0,7.79,0.0,5.898812315676078,19.475,-0.1330147065341959,-5.0
2023-04-10,75.0,0.0,6.46,0.0,5.013990468324666,16.15,-0.1500553983446526,-3.0
2023-04-11,70.0,0.0,11.69,0.0,4.261891898075966,29.224999999999998,-0.16705162550211924,-5.0
2023-04-12,71.0,0.0,13.2,0.0,3.622608113364571,33.0,-0.18399835165768005,1.0
2023-04-13,71.0,0.3,11.03,0.3,3.379216896359885,27.575,-0.20089055513063506,0.0
2023-04-14,71.0,0.0,11.18,0.0,2.872334361905902,27.95,-0.21772323039653177,0.0
2023-04-15,68.0,0.0,10.98,0.0,2.4414842076200167,27.450000000000003,-0.23449138957040985,-3.0
2023-04-16,68.0,1.1,6.34,1.1,3.1752615764770145,15.85,-0.25119006388481935,0.0
2023-04-17,66.0,0.0,7.43,0.0,2.6989723400054624,18.575,-0.2678143051621742,-2.0
2023-04-18,65.0,3.8,8.35,3.8,6.094126489004642,20.875,-0.2843591872810034,-1.0
2023-04-19,60.0,0.0,11.03,0.0,5.180007515653946,27.575,-0.30081980763566735,-5.0
2023-04-20,59.0,0.0,13.39,0.0,4.403006388305854,33.475,-0.3171912885891061,-1.0
2023-04-21,56.0,0.0,8.08,0.0,3.7425554300599755,20.2,-0.3334687789181868,-3.0
2023-04-22,55.0,0.0,9.48,0.0,3.181172115550979,23.700000000000003,-0.3496474552512284,-1.0
2023-04-23,58.0,0.0,13.96,0.0,2.7039962982183323,34.900000000000006,-0.36572252349726897,3.0
2023-04-24,58.0,1.8,11.99,1.8,4.098396853485583,29.975,-0.3816892202666588,0.0
2023-04-25,62.0,0.8,7.94,0.8,4.283637325462745,19.85,-0.39754281428255595,4.0
2023-04-26,69.0,0.0,6.92,0.0,3.6410917266433334,17.3,-0.4132786077829042,7.0
2023-04-27,69.0,0.0,6.82,0.0,3.094927967646833,17.05,-0.4288919379124835,0.0
2023-04-28,69.0,0.0,5.88,0.0,2.6306887724998083,14.7,-0.4443781781046132,0.0
2023-04-29,71.0,1.1,9.23,1.1,3.3360854566248372,23.075000000000003,-0.45973273945210397,2.0
2023-04-30,74.0,0.0,7.38,0.0,2.8356726381311117,18.45,-0.47495107206704995,3.0
2023-05-01,71.0,0.0,7.85,0.0,2.410321742411445,19.625,-0.49002866642905923,-3.0
2023-05-02,76.0,0.0,8.12,0.0,2.0487734810497282,20.299999999999997,-0.5049610547215204,5.0
2023-05-03,78.0,0.0,6.96,0.0,1.7414574588922689,17.4,-0.5197438121555155,2.0
2023-05-04,78.0,0.3,7.33,0.3,1.7802388400584286,18.325,-0.5343725582809787,0.0
2023-05-05,68.0,0.0,5.51,0.0,1.5132030140496642,13.774999999999999,-0.548842958284719,-10.0
2023-05-06,67.0,0.0,6.99,0.0,1.2862225619422145,17.475,-0.5631507242749186,-1.0
2023-05-07,65.0,0.0,7.7,0.0,1.0932891776508824,19.25,-0.5772916165517272,-2.0
2023-05-08,63.0,0.0,9.62,0.0,0.92929580100325,24.049999999999997,-0.5912614448635781,-2.0
2023-05-09,59.0,0.0,11.29,0.0,0.7899014308527625,28.224999999999998,-0.6050560696488488,-4.0
2023-05-10,57.0,0.0,13.81,0.0,0.6714162162248482,34.525,-0.6186714032625031,-2.0
2023-05-11,58.0,0.0,12.63,0.0,0.570703783791121,31.575000000000003,-0.6321034111873487,1.0
2023-05-12,58.0,0.0,15.0,0.0,0.4850982162224528,37.5,-0.6453481132295501,0.0
2023-05-13,58.0,0.0,17.11,0.0,0.41233348378908485,42.775,-0.6584015846980488,0.0
2023-05-14,59.0,0.0,18.48,0.0,0.3504834612207221,46.2,-0.6712599575675313,1.0
2023-05-15,59.0,9.1,16.54,9.1,9.397910942037614,41.349999999999994,-0.6839194216246106,0.0
2023-05-16,71.0,0.9,11.57,0.9,8.888224300731972,28.925,-0.6963762255968722,12.0
2023-05-17,65.0,0.0,9.93,0.0,7.554990655622176,24.825,-0.7086266782644596,-6.0
2023-05-18,66.0,0.0,9.99,0.0,6.421742057278849,24.975,-0.7206671495538609,1.0
2023-05-19,65.0,0.1,10.97,0.1,5.558480748687021,27.425,-0.7324940716135789,-1.0
2023-05-20,66.0,0.0,16.7,0.0,4.724708636383967,41.75,-0.7441039398713607,1.0
2023-05-21,65.0,0.0,16.59,0.0,4.016002340926372,41.475,-0.7554933140726803,-1.0
2023-05-22,65.0,0.0,15.15,0.0,3.413601989787416,37.875,-0.766658819300159,0.0
2023-05-23,66.0,0.0,18.21,0.0,2.9015616913193036,45.525000000000006,-0.777597146973627,1.0
2023-05-24,68.0,0.0,19.44,0.0,2.466327437621408,48.6,-0.7883050558305255,2.0
2023-05-25,70.0,0.0,14.87,0.0,2.096378321978197,37.175,-0.7987793728863649,2.0
2023-05-26,73.0,0.0,12.2,0.0,1.7819215736814675,30.5,-0.8090169943749473,3.0
2023-05-27,71.0,0.0,10.73,0.0,1.5146333376292473,26.825000000000003,-0.8190148866680801,-2.0
2023-05-28,67.0,0.0,12.28,0.0,1.28743833698486,30.7,-0.8287700871745037,-4.0
2023-05-29,78.0,0.0,13.51,0.0,1.094322586437131,33.775,-0.8382797052177743,11.0
2023-05-30,76.0,0.0,11.85,0.0,0.9301741984715614,29.625,-0.8475409228928311,-2.0
2023-05-31,74.0,0.0,11.37,0.0,0.7906480687008272,28.424999999999997,-0.8565509959010036,-2.0
2023-06-01,79.0,0.0,12.34,0.0,0.6720508583957031,30.85,-0.865307254363206,5.0
2023-06-02,79.0,0.3,8.84,0.3,0.8712432296363477,22.1,-0.8738071036110808,0.0
2023-06-03,73.0,0.0,10.08,0.0,0.7405567451908955,25.2,-0.8820480249558537,-6.0
2023-06-04,74.0,0.0,11.78,0.0,0.6294732334122612,29.45,-0.8900275764346767,1.0
2023-06-05,72.0,0.0,11.43,0.0,0.5350522484004221,28.575,-0.8977433935342337,-2.0
2023-06-06,74.0,0.0,16.6,0.0,0.4547944111403588,41.5,-0.9051931898913974,2.0
2023-06-07,75.0,0.0,16.57,0.0,0.38657524946930494,41.425,-0.9123747579707273,1.0
2023-06-08,74.0,0.0,17.83,0.0,0.3285889620489092,44.574999999999996,-0.9192859697186104,-1.0
2023-06-09,73.0,0.0,18.61,0.0,0.27930061774157283,46.525,-0.9259247771938498,-1.0
2023-06-10,68.0,0.0,16.75,0.0,0.2374055250803369,41.875,-0.9322892131745133,-5.0
2023-06-11,64.0,0.0,17.1,0.0,0.20179469631828637,42.75,-0.9383773917408641,-4.0
2023-06-12,63.0,0.0,18.19,0.0,0.17152549187054342,45.475,-0.9441875088341993,-1.0
2023-06-13,60.0,0.0,16.2,0.0,0.1457966680899619,40.5,-0.9497178427914316,-3.0
2023-06-14,63.0,0.0,18.0,0.0,0.1239271678764676,45.0,-0.9549667548552551,3.0
2023-06-15,64.0,4.0,16.93,4.0,4.105338092694997,42.325,-0.9599326896597447,1.0
2023-06-16,64.0,0.0,15.83,0.0,3.4895373787907475,39.575,-0.9646141756912435,0.0
2023-06-17,67.0,12.3,16.32,12.3,15.266106771972137,40.8,-0.9690098257244062,3.0
2023-06-18,70.0,5.7,16.38,5.7,18.676190756176315,40.949999999999996,-0.9731183372332619,3.0
2023-06-19,69.0,15.6,14.28,15.6,31.474762142749867,35.699999999999996,-0.9769384927771817,-1.0
2023-06-20,67.0,0.0,14.69,0.0,26.753547821337385,36.725,-0.980469160361632,-2.0
2023-06-21,68.0,0.1,21.26,0.1,22.84051564813678,53.150000000000006,-0.9837092937736097,1.0
2023-06-22,71.0,0.0,17.91,0.0,19.414438300916263,44.775,-0.986657932891657,3.0
2023-06-23,69.0,0.0,17.53,0.0,16.502272555778823,43.825,-0.9893142039703663,-2.0
2023-06-24,76.0,0.0,18.15,0.0,14.026931672412,45.375,-0.99167731989929,7.0
2023-06-25,75.0,0.0,18.9,0.0,11.9228919215502,47.25,-0.993746580436178,-1.0
2023-06-26,73.0,0.0,17.67,0.0,10.13445813331767,44.175000000000004,-0.9955213724144752,-2.0
2023-06-27,82.0,1.0,16.67,1.0,9.61428941332002,41.675000000000004,-0.9970011699250151,9.0
2023-06-28,86.0,2.2,17.85,2.2,10.372146001322015,44.625,-0.9981855344718586,4.0
2023-06-29,85.0,0.0,19.86,0.0,8.816324101123712,49.65,-0.99907411510223,-1.0
2023-06-30,85.0,4.7,19.62,4.7,12.193875485955155,49.050000000000004,-0.9996666485105112,0.0
2023-07-01,87.0,0.0,18.87,0.0,10.364794163061882,47.175000000000004,-0.9999629591162655,2.0
2023-07-02,99.0,6.8,17.7,6.8,15.610075038602599,44.25,-0.9999629591162655,12.0
2023-07-03,98.0,0.5,17.21,0.5,13.768563782812208,43.025000000000006,-0.9996666485105112,-1.0
2023-07-04,97.0,0.7,16.99,0.7,12.403279215390375,42.474999999999994,-0.99907411510223,-1.0
2023-07-05,94.0,1.0,19.11,1.0,11.542787333081819,47.775,-0.9981855344718586,-3.0
2023-07-06,101.0,0.4,17.45,0.4,10.211369233119546,43.625,-0.9970011699250151,7.0
2023-07-07,98.0,0.0,17.8,0.0,8.679663848151614,44.5,-0.9955213724144752,-3.0
2023-07-08,98.0,0.0,18.05,0.0,7.377714270928872,45.125,-0.9937465804361781,0.0
2023-07-09,97.0,0.0,18.19,0.0,6.271057130289542,45.475,-0.99167731989929,-1.0
2023-07-10,92.0,0.0,17.62,0.0,5.330398560746111,44.050000000000004,-0.9893142039703664,-5.0
2023-07-11,91.0,0.0,18.4,0.0,4.5308387766341935,46.0,-0.9866579328916572,-1.0
2023-07-12,88.0,0.3,20.44,0.3,4.151212960139064,51.1,-0.9837092937736098,-3.0
2023-07-13,90.0,0.0,19.17,0.0,3.5285310161182046,47.925000000000004,-0.9804691603616321,2.0
2023-07-14,91.0,2.8,18.48,2.8,5.799251363700474,46.2,-0.9769384927771817,1.0
2023-07-15,85.0,0.0,20.33,0.0,4.929363659145403,50.824999999999996,-0.973118337233262,-6.0
2023-07-16,86.0,0.1,21.34,0.1,4.289959110273592,53.35,-0.9690098257244063,1.0
2023-07-17,82.0,0.0,20.55,0.0,3.646465243732553,51.375,-0.9646141756912435,-4.0
2023-07-18,91.0,0.1,18.38,0.1,3.19949545717267,45.949999999999996,-0.9599326896597445,9.0
2023-07-19,94.0,0.0,17.47,0.0,2.7195711385967694,43.675,-0.9549667548552553,3.0
2023-07-20,97.0,0.0,17.81,0.0,2.3116354678072537,44.525,-0.9497178427914317,3.0
2023-07-21,100.0,1.4,17.5,1.4,3.3648901476361655,43.75,-0.9441875088341994,3.0
2023-07-22,102.0,4.7,16.98,4.7,7.560156625490741,42.45,-0.9383773917408642,2.0
2023-07-23,103.0,6.3,16.7,6.3,12.72613313166713,41.75,-0.9322892131745134,1.0
2023-07-24,100.0,1.4,18.96,1.4,12.21721316191706,47.400000000000006,-0.9259247771938499,-3.0
2023-07-25,106.0,3.0,18.67,3.0,13.3846311876295,46.675000000000004,-0.9192859697186105,6.0
2023-07-26,105.0,0.0,17.72,0.0,11.376936509485075,44.3,-0.9123747579707274,-1.0
2023-07-27,102.0,0.0,17.84,0.0,9.670396033062314,44.6,-0.9051931898913975,-3.0
2023-07-28,102.0,2.1,15.95,2.1,10.319836628102966,39.875,-0.8977433935342336,0.0
2023-07-29,101.0,0.0,18.47,0.0,8.771861133887521,46.175,-0.8900275764346766,-1.0
2023-07-30,105.0,12.4,18.16,12.4,19.856081963804392,45.4,-0.8820480249558535,4.0
2023-07-31,104.0,1.8,18.52,1.8,18.677669669233733,46.3,-0.8738071036110807,-1.0
2023-08-01,107.0,12.0,18.51,12.0,27.876019218848672,46.275000000000006,-0.8653072543632061,3.0
2023-08-02,106.0,0.2,19.1,0.2,23.894616336021368,47.75,-0.8565509959010037,-1.0
2023-08-03,107.0,14.1,18.67,14.1,34.410423885618165,46.675000000000004,-0.8475409228928312,1.0
2023-08-04,109.0,0.3,19.3,0.3,29.54886030277544,48.25,-0.8382797052177745,2.0
2023-08-05,103.0,0.0,18.8,0.0,25.116531257359124,47.0,-0.828770087174504,-6.0
2023-08-06,110.0,74.2,23.85,74.2,95.54905156875526,59.625,-0.8190148866680802,7.0
2023-08-07,124.0,3.8,17.85,3.8,85.01669383344196,44.625,-0.8090169943749472,14.0
2023-08-08,132.0,24.5,15.72,24.5,96.76418975842567,39.300000000000004,-0.7987793728863648,8.0
2023-08-09,120.0,13.1,15.57,13.1,95.34956129466181,38.925,-0.7883050558305253,-12.0
2023-08-10,123.0,5.6,16.02,5.6,86.64712710046253,40.05,-0.7775971469736268,3.0
2023-08-11,119.0,0.9,16.08,0.9,74.55005803539315,40.199999999999996,-0.7666588193001592,-4.0
2023-08-12,114.0,0.0,17.22,0.0,63.367549330084174,43.05,-0.7554933140726804,-5.0
2023-08-13,114.0,0.2,18.03,0.2,54.06241693057155,45.075,-0.7441039398713608,0.0
2023-08-14,109.0,0.0,19.18,0.0,45.95305439098582,47.95,-0.7324940716135792,-5.0
2023-08-15,108.0,0.0,24.31,0.0,39.06009623233795,60.775,-0.7206671495538615,-1.0
2023-08-16,106.0,0.0,21.67,0.0,33.201081797487255,54.175000000000004,-0.7086266782644601,-2.0
2023-08-17,104.0,3.2,19.72,3.2,31.420919527864164,49.3,-0.6963762255968726,-2.0
2023-08-18,106.0,1.0,20.58,1.0,27.70778159868454,51.449999999999996,-0.6839194216246105,2.0
2023-08-19,105.0,0.0,22.63,0.0,23.55161435888186,56.574999999999996,-0.6712599575675315,-1.0
2023-08-20,102.0,0.0,21.64,0.0,20.01887220504958,54.1,-0.6584015846980489,-3.0
2023-08-21,99.0,0.0,19.08,0.0,17.016041374292143,47.699999999999996,-0.64534811322955,-3.0
2023-08-22,96.0,0.0,19.49,0.0,14.463635168148322,48.724999999999994,-0.6321034111873488,-3.0
2023-08-23,96.0,0.0,19.44,0.0,12.294089892926074,48.6,-0.6186714032625032,0.0
2023-08-24,96.0,0.0,19.13,0.0,10.449976408987162,47.824999999999996,-0.6050560696488494,0.0
2023-08-25,94.0,0.0,19.21,0.0,8.882479947639087,48.025000000000006,-0.5912614448635782,-2.0
2023-08-26,97.0,9.7,20.1,9.7,17.250107955493224,50.25,-0.5772916165517278,3.0
2023-08-27,92.0,3.9,19.01,3.9,18.56259176216924,47.525000000000006,-0.5631507242749187,-5.0
2023-08-28,96.0,15.9,17.6,15.9,31.678202997843854,44.0,-0.5488429582847199,4.0
2023-08-29,93.0,5.0,16.05,5.0,31.926472548167276,40.125,-0.5343725582809785,-3.0
2023-08-30,103.0,35.7,17.9,35.7,62.837501665942185,44.75,-0.5197438121555157,10.0
2023-08-31,105.0,4.0,17.47,4.0,57.41187641605086,43.675,-0.5049610547215202,2.0
2023-09-01,122.0,26.8,15.59,26.8,75.60009495364324,38.975,-0.4900286664290594,17.0
2023-09-02,143.0,8.0,17.19,8.0,72.26008071059675,42.975,-0.4749510720670502,21.0
2023-09-03,151.0,0.0,17.12,0.0,61.42106860400724,42.800000000000004,-0.4597327394521046,8.0
2023-09-04,141.0,0.0,17.4,0.0,52.20790831340615,43.5,-0.44437817810461344,-10.0
2023-09-05,130.0,0.0,18.82,0.0,44.376722066395224,47.05,-0.4288919379124841,-11.0
2023-09-06,122.0,0.0,18.8,0.0,37.72021375643594,47.0,-0.41327860778290443,-8.0
2023-09-07,107.0,0.0,15.88,0.0,32.06218169297055,39.7,-0.3975428142825566,-15.0
2023-09-08,99.0,0.0,15.84,0.0,27.252854439024965,39.6,-0.3816892202666586,-8.0
2023-09-09,96.0,0.0,17.15,0.0,23.16492627317122,42.875,-0.3657225234972692,-3.0
2023-09-10,91.0,0.0,18.5,0.0,19.690187332195535,46.25,-0.34964745525122826,-5.0
2023-09-11,91.0,0.0,18.22,0.0,16.736659232366204,45.55,-0.33346877891818705,0.0
2023-09-12,88.0,0.0,18.45,0.0,14.226160347511273,46.125,-0.31719128858910595,-3.0
2023-09-13,94.0,6.3,19.88,6.3,18.39223629538458,49.699999999999996,-0.300819807635668,6.0
2023-09-14,97.0,0.0,16.08,0.0,15.633400851076894,40.199999999999996,-0.2843591872810036,3.0
2023-09-15,87.0,0.0,14.06,0.0,13.28839072341536,35.15,-0.26781430516217486,-10.0
2023-09-16,82.0,0.0,15.46,0.0,11.295132114903055,38.650000000000006,-0.25119006388481957,-5.0
2023-09-17,87.0,0.0,16.04,0.0,9.600862297667597,40.099999999999994,-0.23449138957041052,5.0
2023-09-18,81.0,0.0,18.09,0.0,8.160732953017456,45.225,-0.21772323039653224,-6.0
2023-09-19,82.0,4.8,18.13,4.8,11.736623010064838,45.324999999999996,-0.20089055513063528,1.0
2023-09-20,72.0,0.2,17.58,0.2,10.176129558555111,43.949999999999996,-0.18399835165767986,-10.0
2023-09-21,78.0,0.0,19.41,0.0,8.649710124771843,48.525,-0.1670516255021195,6.0
2023-09-22,82.0,0.2,20.24,0.2,7.552253606056067,50.599999999999994,-0.15005539834465262,4.0
2023-09-23,83.0,5.5,16.57,5.5,11.919415565147656,41.425,-0.13301470653419636,1.0
2023-09-24,85.0,0.0,16.6,0.0,10.131503230375507,41.5,-0.11593459959550066,2.0
2023-09-25,82.0,0.0,14.8,0.0,8.61177774581918,37.0,-0.09882013873287211,-3.0
2023-09-26,79.0,0.0,15.99,0.0,7.320011083946303,39.975,-0.08167639533042288,-3.0
2023-09-27,87.0,0.0,18.08,0.0,6.2220094213543575,45.199999999999996,-0.06450844944931625,8.0
2023-09-28,85.0,0.0,18.57,0.0,5.288708008151204,46.425,-0.04732138832243232,-2.0
2023-09-29,83.0,0.4,17.93,0.4,4.895401806928524,44.825,-0.03012030484690836,-2.0
2023-09-30,93.0,5.7,16.8,5.7,9.861091535889244,42.0,-0.012910296075008843,10.0
2023-10-01,96.0,0.0,15.5,0.0,8.381927805505857,38.75,0.004303538296243821,3.0
2023-10-02,96.0,0.2,16.34,0.2,7.324638634679978,40.85,0.021516097436222233,0.0
2023-10-03,103.0,2.4,18.37,2.4,8.62594283947798,45.925000000000004,0.03872228089217399,7.0
2023-10-04,115.0,3.0,15.03,3.0,10.332051413556282,37.574999999999996,0.05591699010060302,12.0
2023-10-05,127.0,19.1,13.61,19.1,27.88224370152284,34.025,0.07309512989807776,12.0
2023-10-06,127.0,7.6,13.16,7.6,31.29990714629441,32.9,0.0902516100310407,0.0
2023-10-07,147.0,1.1,12.23,1.1,27.70492107435025,30.575000000000003,0.10738134666416306,20.0
2023-10-08,157.0,2.3,9.03,2.3,25.849182913197712,22.575,0.12447926388678869,10.0
2023-10-09,145.0,0.2,9.66,0.2,22.171805476218054,24.15,0.141540295217043,-12.0
2023-10-10,136.0,2.7,10.9,2.7,21.546034654785345,27.25,0.15855938510313475,-9.0
2023-10-11,124.0,5.9,13.71,5.9,24.21412945656754,34.275000000000006,0.17553149042142777,-12.0
2023-10-12,130.0,0.5,13.2,0.5,21.08201003808241,33.0,0.19245158197082995,6.0
2023-10-13,126.0,3.4,12.74,3.4,21.319708532370047,31.85,0.20931464596304888,-4.0
2023-10-14,132.0,2.7,14.55,2.7,20.82175225251454,36.375,0.22611568550828803,6.0
2023-10-15,143.0,1.4,11.01,1.4,19.098489414637356,27.525,0.2428497220959358,11.0
2023-10-16,145.0,0.0,9.85,0.0,16.233716002441753,24.625,0.25951179706979943,2.0
2023-10-17,146.0,0.5,10.81,0.5,14.29865860207549,27.025000000000002,0.27609697309746883,1.0
2023-10-18,142.0,1.3,8.83,1.3,13.453859811764167,22.075,0.2926003356333479,-4.0
2023-10-19,128.0,0.0,2.88,0.0,11.435780839999541,7.199999999999999,0.30901699437494723,-14.0
2023-10-20,111.0,0.0,3.27,0.0,9.72041371399961,8.175,0.3253420847119795,-17.0
2023-10-21,116.0,17.3,5.41,17.3,25.56235165689967,13.525,0.341570769167856,5.0
2023-10-22,119.0,0.0,8.53,0.0,21.727998908364718,21.325,0.35769823883312546,3.0
2023-10-23,128.0,0.6,10.15,0.6,19.06879907211001,25.375,0.3737197147904692,9.0
2023-10-24,124.0,1.1,9.31,1.1,17.30847921129351,23.275000000000002,0.38963044953078774,-4.0
2023-10-25,113.0,6.1,6.04,6.1,20.81220732959948,15.1,0.4054257283599973,-11.0
2023-10-26,107.0,2.0,2.66,2.0,19.690376230159558,6.65,0.42110087079608916,-6.0
2023-10-27,110.0,0.1,1.73,0.1,16.836819795635623,4.325,0.4366512319560638,3.0
2023-10-28,106.0,0.0,1.51,0.0,14.31129682629028,3.775,0.45207220393230374,-4.0
2023-10-29,93.0,3.9,2.2,3.9,16.064602302346735,5.5,0.46735921715800205,-13.0
2023-10-30,104.0,7.9,10.17,7.9,21.554911956994722,25.425,0.48250774176121763,11.0
2023-10-31,105.0,3.8,10.75,3.8,22.121675163445513,26.875,0.4975132889071803,1.0
2023-11-01,122.0,1.8,8.53,1.8,20.603423888928685,21.325,0.5123714121284235,17.0
2023-11-02,116.0,0.0,8.07,0.0,17.512910305589383,20.175,0.5270777086423724,-6.0
2023-11-03,111.0,11.3,10.06,11.3,26.185973759750976,25.150000000000002,0.5416278206559811,-5.0
2023-11-04,120.0,5.4,9.7,5.4,27.65807769578833,24.25,0.5560174366570446,9.0
2023-11-05,127.0,0.0,7.2,0.0,23.50936604142008,18.0,0.5702422926917867,7.0
2023-11-06,146.0,6.9,9.87,6.9,26.88296113520707,24.674999999999997,0.5842981736283683,19.0
2023-11-07,151.0,17.0,10.08,17.0,39.85051696492601,25.2,0.5981809144059159,5.0
2023-11-08,206.0,16.8,8.8,16.8,50.672939420187106,22.0,0.6118864012687242,55.0
2023-11-09,289.0,4.6,8.75,4.6,47.67199850715904,21.875,0.6254105729852457,83.0
2023-11-10,274.0,0.7,7.8,0.7,41.22119873108519,19.5,0.6387494220515268,-15.0
2023-11-11,215.0,0.7,6.7,0.7,35.73801892142241,16.75,0.6518989958787125,-59.0
2023-11-12,175.0,2.4,7.03,2.4,32.777316083209044,17.575,0.6648553979642867,-40.0
2023-11-13,157.0,10.2,6.2,10.2,38.06071867072768,15.5,0.6776147890466887,-18.0
2023-11-14,150.0,0.0,3.84,0.0,32.35161087011853,9.6,0.690173388242972,-7.0
2023-11-15,142.0,0.0,2.11,0.0,27.498869239600747,5.2749999999999995,0.7025274741691566,-8.0
2023-11-16,125.0,0.0,1.17,0.0,23.374038853660636,2.925,0.7146733860429608,-17.0
2023-11-17,113.0,0.0,0.73,0.0,19.86793302561154,1.825,0.726607524768565,-12.0
2023-11-18,108.0,0.2,-0.04,0.2,17.087743071769808,0.0,0.7383263540031063,-5.0
2023-11-19,96.0,0.0,-0.16,0.0,14.524581611004336,0.0,0.749826401204568,-12.0
2023-11-20,91.0,0.0,0.28,0.0,12.345894369353685,0.7000000000000001,0.7611042586607742,-5.0
2023-11-21,89.0,0.0,-1.48,0.0,10.494010213950633,0.0,0.7721565844991641,-2.0
2023-11-22,88.0,2.0,-1.16,2.0,10.919908681858038,0.0,0.7829801036770625,-1.0
2023-11-23,115.0,19.6,6.84,19.6,28.881922379579333,17.1,0.7935716089521472,27.0
2023-11-24,162.0,2.1,4.5,2.1,26.649634022642434,11.25,0.8039279618328208,47.0
2023-11-25,200.0,0.5,-0.67,0.5,23.15218891924607,0.0,0.8140460935082175,38.0
2023-11-26,178.0,0.9,-4.47,0.9,20.579360581359158,0.0,0.8239230057575536,-22.0
2023-11-27,145.0,0.0,-5.71,0.0,17.492456494155284,0.0,0.8335557718385695,-33.0
2023-11-28,132.0,13.5,-1.33,13.5,28.368588020031993,0.0,0.8429415373547832,-13.0
2023-11-29,111.0,2.7,-4.38,2.7,26.813299817027193,0.0,0.8520775211013093,-21.0
2023-11-30,111.0,2.6,-3.65,2.6,25.391304844473115,0.0,0.8609610158889945,0.0
2023-12-01,111.0,1.6,0.3,1.6,23.182609117802148,0.75,0.8695893893466109,0.0
2023-12-02,101.0,0.0,-2.13,0.0,19.705217750131826,0.0,0.8779600847008883,-10.0
2023-12-03,103.0,2.2,-2.01,2.2,18.949435087612052,0.0,0.8860706215341377,2.0
2023-12-04,96.0,11.0,-0.37,11.0,27.107019824470242,0.0,0.893918596519257,-7.0
2023-12-05,85.0,0.0,-1.67,0.0,23.040966850799705,0.0,0.9015016841318838,-11.0
2023-12-06,78.0,0.0,-5.45,0.0,19.584821823179748,0.0,0.9088176373395028,-7.0
2023-12-07,80.0,0.6,-2.77,0.6,17.247098549702788,0.0,0.9158642882672868,2.0
2023-12-08,74.0,0.3,-4.69,0.3,14.960033767247369,0.0,0.9226395488404875,-6.0
2023-12-09,73.0,0.0,-4.15,0.0,12.716028702160264,0.0,0.9291414114031743,-1.0
2023-12-10,71.0,0.4,-1.79,0.4,11.208624396836225,0.0,0.935367949313148,-2.0
2023-12-11,74.0,2.1,-0.62,2.1,11.62733073731079,0.0,0.941317317512847,3.0
2023-12-12,83.0,0.1,0.07,0.1,9.983231126714172,0.17500000000000002,0.946987753076075,9.0
2023-12-13,75.0,0.2,0.34,0.2,8.685746457707046,0.8500000000000001,0.9523775757303973,-8.0
2023-12-14,78.0,0.0,0.06,0.0,7.382884489050989,0.15,0.9574851883550389,3.0
2023-12-15,78.0,3.5,1.48,3.5,9.77545181569334,3.7,0.9623090774541487,0.0
2023-12-16,85.0,0.5,5.53,0.5,8.80913404333934,13.825000000000001,0.9668478136052773,7.0
2023-12-17,126.0,1.3,6.92,1.3,8.787763936838438,17.3,0.9711000518829505,41.0
2023-12-18,173.0,2.7,6.15,2.7,10.169599346312673,15.375,0.9750645322571945,47.0
2023-12-19,201.0,3.3,6.23,3.3,11.94415944436577,15.575000000000001,0.9787400799669153,28.0
2023-12-20,212.0,9.4,4.61,9.4,19.552535527710905,11.525,0.9821256058680006,11.0
2023-12-21,207.0,11.5,4.02,11.5,28.11965519855427,10.049999999999999,0.9852201067560606,-5.0
2023-12-22,244.0,12.6,3.17,12.6,36.50170691877113,7.925,0.9880226656636976,37.0
2023-12-23,287.0,1.1,2.54,1.1,32.12645088095546,6.35,0.9905324521322227,43.0
2023-12-24,293.0,2.8,1.73,2.8,30.10748324881214,4.325,0.9927487224577402,6.0
2023-12-25,270.0,6.7,5.85,6.7,32.29136076149032,14.625,0.9946708199115211,-23.0
2023-12-26,245.0,6.7,4.1,6.7,34.14765664726677,10.25,0.9962981749346077,-25.0
2023-12-27,235.0,0.0,3.44,0.0,29.025508150176755,8.6,0.9976303053065857,-10.0
2023-12-28,211.0,0.6,3.35,0.6,25.271681927650242,8.375,0.9986668162884759,-24.0
2023-12-29,182.0,4.5,6.09,4.5,25.980929638502705,15.225,0.9994074007397048,-29.0
2023-12-30,185.0,2.7,5.15,2.7,24.7837901927273,12.875,0.9998518392091162,3.0
2023-12-31,194.0,0.4,2.3,0.4,21.466221663818203,5.75,1.0,9.0
2024-01-01,177.0,0.7,-0.83,0.7,18.946288414245473,0.0,0.9998518392091162,-17.0
2024-01-02,152.0,0.0,-6.53,0.0,16.10434515210865,0.0,0.9994074007397048,-25.0
2024-01-03,124.0,0.0,-9.1,0.0,13.688693379292351,0.0,0.998666816288476,-28.0
2024-01-04,121.0,3.8,-11.41,3.8,15.435389372398497,0.0,0.9976303053065857,-3.0
2024-01-05,129.0,0.7,-7.33,0.7,13.820080966538722,0.0,0.9962981749346078,8.0
2024-01-06,107.0,0.0,-6.4,0.0,11.747068821557914,0.0,0.9946708199115211,-22.0
2024-01-07,95.0,0.0,-16.18,0.0,9.985008498324227,0.0,0.9927487224577402,-12.0
2024-01-08,89.0,0.0,-11.51,0.0,8.487257223575593,0.0,0.9905324521322229,-6.0
2024-01-09,92.0,0.4,1.13,0.4,7.614168640039255,2.8249999999999997,0.9880226656636976,3.0
2024-01-10,96.0,0.0,2.11,0.0,6.4720433440333665,5.2749999999999995,0.9852201067560606,4.0
2024-01-11,97.0,0.0,0.8,0.0,5.501236842428361,2.0,0.9821256058680006,1.0
2024-01-12,99.0,1.0,-0.18,1.0,5.676051316064107,0.0,0.9787400799669153,2.0
2024-01-13,85.0,3.7,-3.67,3.7,8.52464361865449,0.0,0.9750645322571948,-14.0
2024-01-14,102.0,2.3,1.23,2.3,9.545947075856317,3.075,0.9711000518829505,17.0
2024-01-15,116.0,7.9,0.87,7.9,16.01405501447787,2.175,0.9668478136052775,14.0
2024-01-16,111.0,8.3,-5.21,8.3,21.911946762306187,0.0,0.9623090774541486,-5.0
2024-01-17,81.0,0.0,-6.35,0.0,18.62515474796026,0.0,0.9574851883550393,-30.0
2024-01-18,99.0,0.5,-0.7,0.5,16.33138153576622,0.0,0.9523775757303974,18.0
2024-01-19,111.0,3.2,0.88,3.2,17.081674305401286,2.2,0.9469877530760753,12.0
2024-01-20,111.0,3.4,-1.41,3.4,17.91942315959109,0.0,0.9413173175128471,0.0
2024-01-21,95.0,0.0,-1.55,0.0,15.231509685652426,0.0,0.9353679493131483,-16.0
2024-01-22,88.0,6.1,1.81,6.1,19.04678323280456,4.525,0.9291414114031743,-7.0
2024-01-23,117.0,0.0,3.82,0.0,16.189765747883875,9.549999999999999,0.9226395488404876,29.0
2024-01-24,178.0,15.5,3.51,15.5,29.261300885701296,8.774999999999999,0.9158642882672872,61.0
2024-01-25,256.0,2.6,2.16,2.6,27.4721057528461,5.4,0.9088176373395029,78.0
2024-01-26,274.0,1.0,0.19,1.0,24.351289889919187,0.475,0.901501684131884,18.0
2024-01-27,211.0,1.4,1.15,1.4,22.098596406431305,2.875,0.893918596519257,-63.0
2024-01-28,164.0,0.0,2.64,0.0,18.78380694546661,6.6000000000000005,0.886070621534138,-47.0
2024-01-29,138.0,0.0,2.04,0.0,15.966235903646616,5.1,0.8779600847008882,-26.0
2024-01-30,139.0,0.0,1.8,0.0,13.571300518099624,4.5,0.869589389346611,1.0
2024-01-31,136.0,0.8,3.26,0.8,12.33560544038468,8.149999999999999,0.8609610158889943,-3.0
2024-02-01,140.0,1.9,3.23,1.9,12.385264624326979,8.075,0.8520775211013093,4.0
2024-02-02,151.0,4.7,2.84,4.7,15.227474930677932,7.1,0.8429415373547828,11.0
2024-02-03,164.0,0.1,4.7,0.1,13.043353691076241,11.75,0.8335557718385699,13.0
2024-02-04,178.0,3.5,3.8,3.5,14.586850637414805,9.5,0.8239230057575542,14.0
2024-02-05,173.0,0.3,2.85,0.3,12.698823041802585,7.125,0.8140460935082178,-5.0
2024-02-06,169.0,4.9,0.56,4.9,15.693999585532197,1.4000000000000001,0.8039279618328213,-4.0
2024-02-07,169.0,0.0,0.02,0.0,13.339899647702367,0.05,0.7935716089521474,0.0
2024-02-08,157.0,3.0,-0.05,3.0,14.338914700547011,0.0,0.7829801036770629,-12.0
2024-02-09,147.0,0.6,-0.91,0.6,12.78807749546496,0.0,0.7721565844991642,-10.0
2024-02-10,138.0,5.6,-0.88,5.6,16.469865871145217,0.0,0.7611042586607747,-9.0
2024-02-11,131.0,0.4,1.15,0.4,14.399385990473434,2.875,0.7498264012045686,-7.0
2024-02-12,138.0,2.6,2.64,2.6,14.839478091902418,6.6000000000000005,0.7383263540031065,7.0
2024-02-13,157.0,1.8,2.68,1.8,14.413556378117056,6.7,0.7266075247685656,19.0
2024-02-14,159.0,0.0,3.31,0.0,12.251522921399497,8.275,0.7146733860429609,2.0
2024-02-15,157.0,2.2,4.36,2.2,12.613794483189572,10.9,0.702527474169157,-2.0
2024-02-16,142.0,1.0,7.29,1.0,11.721725310711136,18.225,0.6901733882429719,-15.0
2024-02-17,143.0,4.9,3.5,4.9,14.863466514104466,8.75,0.6776147890466889,1.0
2024-02-18,140.0,0.0,1.29,0.0,12.633946536988796,3.225,0.6648553979642865,-3.0
2024-02-19,131.0,2.5,0.99,2.5,13.238854556440476,2.475,0.6518989958787126,-9.0
2024-02-20,127.0,0.2,0.88,0.2,11.453026372974403,2.2,0.6387494220515272,-4.0
2024-02-21,119.0,6.0,3.18,6.0,15.735072417028242,7.95,0.6254105729852463,-8.0
2024-02-22,122.0,0.1,5.67,0.1,13.474811554474005,14.175,0.6118864012687243,3.0
2024-02-23,127.0,5.0,5.22,5.0,16.453589821302906,13.049999999999999,0.5981809144059164,5.0
2024-02-24,133.0,7.6,5.17,7.6,21.58555134810747,12.925,0.5842981736283683,6.0
2024-02-25,136.0,0.3,5.64,0.3,18.64771864589135,14.1,0.5702422926917871,3.0
2024-02-26,137.0,0.3,5.01,0.3,16.150560849007647,12.524999999999999,0.5560174366570446,1.0
2024-02-27,124.0,0.0,6.52,0.0,13.7279767216565,16.299999999999997,0.5416278206559814,-13.0
2024-02-28,112.0,0.8,3.89,0.8,12.468780213408026,9.725,0.5270777086423722,-12.0
2024-02-29,99.0,0.0,2.96,0.0,10.598463181396822,7.4,0.5123714121284237,-13.0
2024-03-01,95.0,0.0,7.61,0.0,9.008693704187298,19.025000000000002,0.49751328890718066,-4.0
2024-03-02,95.0,0.0,6.79,0.0,7.657389648559203,16.975,0.48250774176121847,0.0
2024-03-03,93.0,0.0,6.29,0.0,6.508781201275323,15.725,0.46735921715800227,-2.0
2024-03-04,90.0,0.0,3.24,0.0,5.532464021084024,8.100000000000001,0.45207220393230435,-3.0
2024-03-05,86.0,0.0,3.9,0.0,4.7025944179214205,9.75,0.43665123195606403,-4.0
2024-03-06,83.0,0.0,1.72,0.0,3.997205255233207,4.3,0.4211008707960896,-3.0
2024-03-07,80.0,0.0,0.27,0.0,3.397624466948226,0.675,0.40542572835999735,-3.0
2024-03-08,77.0,0.0,-1.08,0.0,2.887980796905992,0.0,0.38963044953078796,-3.0
2024-03-09,73.0,0.0,-1.66,0.0,2.4547836773700933,0.0,0.37371971479046906,-4.0
2024-03-10,63.0,0.0,1.37,0.0,2.086566125764579,3.4250000000000003,0.35769823883312546,-10.0
2024-03-11,59.0,0.0,3.37,0.0,1.7735812068998922,8.425,0.3415707691678556,-4.0
2024-03-12,64.0,3.0,2.11,3.0,4.507544025864908,5.2749999999999995,0.3253420847119801,5.0
2024-03-13,64.0,0.4,3.42,0.4,4.231412421985172,8.55,0.30901699437494745,0.0
2024-03-14,54.0,0.0,5.62,0.0,3.596700558687396,14.05,0.29260033563334836,-10.0
2024-03-15,57.0,0.0,7.59,0.0,3.0571954748842867,18.975,0.27609697309746883,3.0
2024-03-16,66.0,3.1,6.38,3.1,5.698616153651644,15.95,0.2595117970697999,9.0
2024-03-17,91.0,0.1,2.3,0.1,4.943823730603897,5.75,0.2428497220959356,25.0
2024-03-18,72.0,0.0,1.76,0.0,4.202250171013312,4.4,0.22611568550828828,-19.0
2024-03-19,64.0,0.0,1.03,0.0,3.5719126453613153,2.575,0.20931464596304847,-8.0
2024-03-20,62.0,0.0,2.22,0.0,3.036125748557118,5.550000000000001,0.19245158197082998,-2.0
2024-03-21,72.0,5.0,4.59,5.0,7.58070688627355,11.475,0.1755314904214282,10.0
2024-03-22,70.0,5.5,4.04,5.5,11.943600853332518,10.1,0.15855938510313478,-2.0
2024-03-23,75.0,0.0,4.41,0.0,10.152060725332639,11.025,0.141540295217043,5.0
2024-03-24,87.0,0.1,3.72,0.1,8.729251616532743,9.3,0.12447926388678915,12.0
2024-03-25,90.0,0.0,3.43,0.0,7.419863874052831,8.575000000000001,0.10738134666416309,3.0
2024-03-26,85.0,0.0,5.51,0.0,6.306884292944907,13.774999999999999,0.09025161003104117,-5.0
2024-03-27,82.0,0.0,10.0,0.0,5.360851649003171,25.0,0.07309512989807777,-3.0
2024-03-28,82.0,6.2,11.54,6.2,10.756723901652695,28.849999999999998,0.055916990100603484,0.0
2024-03-29,80.0,0.9,7.09,0.9,10.04321531640479,17.725,0.03872228089217446,-2.0
2024-03-30,80.0,0.0,9.99,0.0,8.536733018944071,24.975,0.021516097436222254,0.0
2024-03-31,83.0,0.0,14.9,0.0,7.25622306610246,37.25,0.004303538296244289,3.0
2024-04-01,83.0,0.0,12.81,0.0,6.167789606187091,32.025,-0.01291029607500882,0.0
2024-04-02,104.0,3.9,7.64,3.9,9.142621165259026,19.099999999999998,-0.030120304846908114,21.0
2024-04-03,111.0,1.3,2.48,1.3,9.071227990470172,6.2,-0.04732138832243185,7.0
2024-04-04,84.0,0.1,3.75,0.1,7.810543791899645,9.375,-0.06450844944931623,-27.0
2024-04-05,84.0,2.5,6.71,2.5,9.1389622231147,16.775,-0.08167639533042241,0.0
2024-04-06,89.0,6.1,6.28,6.1,13.868117889647493,15.700000000000001,-0.09882013873287143,5.0
2024-04-07,79.0,0.0,9.39,0.0,11.78790020620037,23.475,-0.11593459959550041,-10.0
2024-04-08,82.0,0.1,11.7,0.1,10.119715175270313,29.25,-0.1330147065341959,3.0
2024-04-09,89.0,0.0,16.11,0.0,8.601757898979766,40.275,-0.1500553983446526,7.0
2024-04-10,89.0,0.0,8.1,0.0,7.311494214132801,20.25,-0.16705162550211924,0.0
2024-04-11,84.0,0.0,8.02,0.0,6.214770082012881,20.049999999999997,-0.18399835165768005,-5.0
2024-04-12,88.0,5.0,6.75,5.0,10.282554569710948,16.875,-0.20089055513063506,4.0
2024-04-13,93.0,0.7,6.82,0.7,9.440171384254304,17.05,-0.21772323039653177,5.0
2024-04-14,108.0,2.3,7.74,2.3,10.324145676616158,19.35,-0.23449138957040985,15.0
2024-04-15,103.0,0.0,5.49,0.0,8.775523825123734,13.725000000000001,-0.25119006388481935,-5.0
2024-04-16,108.0,0.0,6.0,0.0,7.459195251355174,15.0,-0.2678143051621742,5.0
2024-04-17,109.0,0.0,4.69,0.0,6.340315963651898,11.725000000000001,-0.2843591872810034,1.0
2024-04-18,103.0,0.7,4.73,0.7,6.089268569104114,11.825000000000001,-0.30081980763566735,-6.0
2024-04-19,101.0,0.6,4.33,0.6,5.775878283738496,10.825,-0.3171912885891061,-2.0
2024-04-20,101.0,0.0,2.97,0.0,4.909496541177722,7.425000000000001,-0.3334687789181868,0.0
2024-04-21,98.0,0.0,2.97,0.0,4.173072060001064,7.425000000000001,-0.3496474552512284,-3.0
2024-04-22,101.0,6.7,1.84,6.7,10.247111251000904,4.6000000000000005,-0.36572252349726897,3.0
2024-04-23,95.0,2.0,3.05,2.0,10.710044563350769,7.625,-0.3816892202666588,-6.0
2024-04-24,91.0,1.8,5.56,1.8,10.903537878848153,13.899999999999999,-0.39754281428255595,-4.0
2024-04-25,99.0,0.0,4.28,0.0,9.26800719702093,10.700000000000001,-0.4132786077829042,8.0
2024-04-26,92.0,0.0,6.54,0.0,7.877806117467791,16.35,-0.4288919379124835,-7.0
2024-04-27,88.0,0.0,11.07,0.0,6.696135199847622,27.675,-0.4443781781046132,-4.0
2024-04-28,82.0,0.0,15.63,0.0,5.691714919870479,39.075,-0.45973273945210397,-6.0
2024-04-29,81.0,0.0,14.77,0.0,4.837957681889907,36.925,-0.47495107206704995,-1.0
2024-04-30,77.0,0.0,17.4,0.0,4.11226402960642,43.5,-0.49002866642905923,-4.0
2024-05-01,78.0,0.0,19.41,0.0,3.495424425165457,48.525,-0.5049610547215204,1.0
2024-05-02,75.0,0.0,18.9,0.0,2.9711107613906385,47.25,-0.5197438121555155,-3.0
2024-05-03,74.0,0.0,17.05,0.0,2.525444147182043,42.625,-0.5343725582809787,-1.0
2024-05-04,72.0,0.0,13.24,0.0,2.146627525104736,33.1,-0.548842958284719,-2.0
2024-05-05,72.0,5.5,15.09,5.5,7.324633396339026,37.725,-0.5631507242749186,0.0
2024-05-06,79.0,12.8,11.24,12.8,19.02593838688817,28.1,-0.5772916165517272,7.0
2024-05-07,71.0,0.0,7.55,0.0,16.172047628854944,18.875,-0.5912614448635781,-8.0
2024-05-08,68.0,0.0,7.22,0.0,13.746240484526702,18.05,-0.6050560696488488,-3.0
2024-05-09,71.0,1.7,9.1,1.7,13.384304411847696,22.75,-0.6186714032625031,3.0
2024-05-10,72.0,3.2,8.08,3.2,14.576658750070543,20.2,-0.6321034111873487,1.0
2024-05-11,68.0,0.0,7.72,0.0,12.390159937559961,19.3,-0.6453481132295501,-4.0
2024-05-12,68.0,0.0,7.8,0.0,10.531635946925967,19.5,-0.6584015846980488,0.0
2024-05-13,70.0,0.0,9.94,0.0,8.951890554887072,24.849999999999998,-0.6712599575675313,2.0
2024-05-14,69.0,0.0,13.58,0.0,7.609106971654011,33.95,-0.6839194216246106,-1.0
2024-05-15,65.0,0.0,14.98,0.0,6.467740925905909,37.45,-0.6963762255968722,-4.0
2024-05-16,61.0,0.0,15.72,0.0,5.4975797870200225,39.300000000000004,-0.7086266782644596,-4.0
2024-05-17,61.0,0.0,17.42,0.0,4.672942818967019,43.550000000000004,-0.7206671495538609,0.0
2024-05-18,60.0,0.5,17.9,0.5,4.472001396121966,44.75,-0.7324940716135789,-1.0
2024-05-19,59.0,0.0,19.3,0.0,3.801201186703671,48.25,-0.7441039398713607,-1.0
2024-05-20,64.0,10.3,17.66,10.3,13.53102100869812,44.15,-0.7554933140726803,5.0
2024-05-21,63.0,1.1,18.73,1.1,12.601367857393402,46.825,-0.766658819300159,-1.0
2024-05-22,59.0,0.0,20.34,0.0,10.711162678784392,50.85,-0.777597146973627,-4.0
2024-05-23,60.0,0.4,20.95,0.4,9.504488276966734,52.375,-0.7883050558305255,1.0
2024-05-24,60.0,0.0,21.13,0.0,8.078815035421725,52.824999999999996,-0.7987793728863649,0.0
2024-05-25,59.0,1.1,21.24,1.1,7.966992780108466,53.099999999999994,-0.8090169943749473,-1.0
2024-05-26,61.0,0.4,20.48,0.4,7.171943863092197,51.2,-0.8190148866680801,2.0
2024-05-27,59.0,0.0,22.17,0.0,6.096152283628367,55.425000000000004,-0.8287700871745037,-2.0
2024-05-28,60.0,0.0,22.65,0.0,5.181729441084112,56.625,-0.8382797052177743,1.0
2024-05-29,58.0,0.9,16.96,0.9,5.304470024921495,42.400000000000006,-0.8475409228928311,-2.0
2024-05-30,59.0,14.7,19.58,14.7,19.20879952118327,48.949999999999996,-0.8565509959010036,1.0
2024-05-31,65.0,2.2,20.34,2.2,18.52747959300578,50.85,-0.865307254363206,6.0
2024-06-01,66.0,3.7,18.26,3.7,19.448357654054913,45.650000000000006,-0.8738071036110808,1.0
2024-06-02,68.0,2.7,17.54,2.7,19.231104005946676,43.849999999999994,-0.8820480249558537,2.0
2024-06-03,73.0,0.0,16.7,0.0,16.346438405054673,41.75,-0.8900275764346767,5.0
2024-06-04,77.0,0.0,15.45,0.0,13.894472644296473,38.625,-0.8977433935342337,4.0
2024-06-05,74.0,0.4,16.62,0.4,12.210301747652002,41.550000000000004,-0.9051931898913974,-3.0
2024-06-06,75.0,3.0,15.96,3.0,13.378756485504201,39.900000000000006,-0.9123747579707273,1.0
2024-06-07,74.0,0.0,15.43,0.0,11.371943012678571,38.575,-0.9192859697186104,-1.0
2024-06-08,75.0,0.3,16.46,0.3,9.966151560776785,41.150000000000006,-0.9259247771938498,1.0
2024-06-09,85.0,7.7,15.2,7.7,16.17122882666027,38.0,-0.9322892131745133,10.0
2024-06-10,81.0,0.1,15.28,0.1,13.845544502661227,38.199999999999996,-0.9383773917408641,-4.0
2024-06-11,90.0,3.3,14.77,3.3,15.068712827262043,36.925,-0.9441875088341993,9.0
2024-06-12,95.0,0.0,14.9,0.0,12.808405903172737,37.25,-0.9497178427914316,5.0
2024-06-13,92.0,2.1,14.45,2.1,12.987145017696825,36.125,-0.9549667548552551,-3.0
2024-06-14,92.0,0.0,13.88,0.0,11.039073265042301,34.7,-0.9599326896597447,0.0
2024-06-15,89.0,0.0,18.87,0.0,9.383212275285956,47.175000000000004,-0.9646141756912435,-3.0
2024-06-16,88.0,0.0,18.52,0.0,7.975730433993062,46.3,-0.9690098257244062,-1.0
2024-06-17,86.0,0.0,17.39,0.0,6.779370868894103,43.475,-0.9731183372332619,-2.0
2024-06-18,84.0,0.0,17.87,0.0,5.762465238559987,44.675000000000004,-0.9769384927771817,-2.0
2024-06-19,88.0,3.5,15.31,3.5,8.398095452775989,38.275,-0.980469160361632,4.0
2024-06-20,90.0,0.0,15.86,0.0,7.13838113485959,39.65,-0.9837092937736097,2.0
2024-06-21,88.0,0.0,16.46,0.0,6.067623964630651,41.150000000000006,-0.986657932891657,-2.0
2024-06-22,94.0,0.9,17.41,0.9,6.057480369936053,43.525,-0.9893142039703663,6.0
2024-06-23,107.0,3.6,15.35,3.6,8.748858314445645,38.375,-0.99167731989929,13.0
2024-06-24,97.0,0.0,17.04,0.0,7.436529567278798,42.599999999999994,-0.993746580436178,-10.0
2024-06-25,92.0,0.0,19.15,0.0,6.321050132186978,47.875,-0.9955213724144752,-5.0
2024-06-26,90.0,0.0,22.29,0.0,5.372892612358932,55.724999999999994,-0.9970011699250151,-2.0
2024-06-27,91.0,0.0,25.09,0.0,4.566958720505092,62.725,-0.9981855344718586,1.0
2024-06-28,91.0,11.0,25.13,11.0,14.881914912429327,62.824999999999996,-0.99907411510223,0.0
2024-06-29,87.0,0.0,18.33,0.0,12.649627675564927,45.824999999999996,-0.9996666485105112,-4.0
2024-06-30,87.0,11.7,22.21,11.7,22.452183524230186,55.525000000000006,-0.9999629591162655,0.0
2024-07-01,94.0,0.3,17.24,0.3,19.38435599559566,43.099999999999994,-0.9999629591162655,7.0
2024-07-02,93.0,20.9,14.59,20.9,37.37670259625631,36.475,-0.9996666485105112,-1.0
2024-07-03,100.0,0.9,16.83,0.9,32.67019720681786,42.074999999999996,-0.99907411510223,7.0
2024-07-04,97.0,0.4,17.75,0.4,28.169667625795178,44.375,-0.9981855344718586,-3.0
2024-07-05,102.0,5.6,16.64,5.6,29.544217481925898,41.6,-0.9970011699250151,5.0
2024-07-06,96.0,0.0,20.98,0.0,25.112584859637014,52.45,-0.9955213724144752,-6.0
2024-07-07,100.0,1.9,18.09,1.9,23.24569713069146,45.225,-0.9937465804361781,4.0
2024-07-08,94.0,0.0,17.68,0.0,19.758842561087743,44.2,-0.99167731989929,-6.0
2024-07-09,94.0,0.0,20.32,0.0,16.79501617692458,50.8,-0.9893142039703664,0.0
2024-07-10,96.0,1.0,24.65,1.0,15.275763750385893,61.625,-0.9866579328916572,2.0
2024-07-11,96.0,6.0,20.46,6.0,18.98439918782801,51.150000000000006,-0.9837092937736098,0.0
2024-07-12,92.0,0.0,18.79,0.0,16.13673930965381,46.974999999999994,-0.9804691603616321,-4.0
2024-07-13,101.0,19.3,19.61,19.3,33.01622841320574,49.025,-0.9769384927771817,9.0
2024-07-14,93.0,0.0,18.67,0.0,28.063794151224876,46.675000000000004,-0.973118337233262,-8.0
2024-07-15,90.0,4.3,19.5,4.3,28.154225028541145,48.75,-0.9690098257244063,-3.0
2024-07-16,90.0,8.5,24.0,8.5,32.43109127425997,60.0,-0.9646141756912435,0.0
2024-07-17,93.0,0.0,20.1,0.0,27.566427583120973,50.25,-0.9599326896597445,3.0
2024-07-18,92.0,4.1,19.03,4.1,27.531463445652825,47.575,-0.9549667548552553,-1.0
2024-07-19,91.0,0.0,18.06,0.0,23.4017439288049,45.15,-0.9497178427914317,-1.0
2024-07-20,92.0,0.0,18.73,0.0,19.891482339484167,46.825,-0.9441875088341994,1.0
2024-07-21,92.0,0.0,19.03,0.0,16.90775998856154,47.575,-0.9383773917408642,0.0
2024-07-22,92.0,0.0,21.82,0.0,14.371595990277308,54.55,-0.9322892131745134,0.0
2024-07-23,94.0,10.1,18.97,10.1,22.31585659173571,47.425,-0.9259247771938499,2.0
2024-07-24,92.0,0.0,18.46,0.0,18.968478102975354,46.150000000000006,-0.9192859697186105,-2.0
2024-07-25,94.0,0.0,19.07,0.0,16.12320638752905,47.675,-0.9123747579707274,2.0
2024-07-26,90.0,0.0,19.21,0.0,13.70472542939969,48.025000000000006,-0.9051931898913975,-4.0
2024-07-27,91.0,0.0,20.44,0.0,11.649016614989737,51.1,-0.8977433935342336,1.0
2024-07-28,98.0,54.1,16.84,54.1,64.00166412274127,42.1,-0.8900275764346766,7.0
2024-07-29,119.0,0.7,17.85,0.7,55.10141450433009,44.625,-0.8820480249558535,21.0
2024-07-30,128.0,0.0,18.47,0.0,46.83620232868057,46.175,-0.8738071036110807,9.0
2024-07-31,120.0,0.0,19.25,0.0,39.81077197937849,48.125,-0.8653072543632061,-8.0
2024-08-01,113.0,0.0,18.42,0.0,33.83915618247171,46.050000000000004,-0.8565509959010037,-7.0
2024-08-02,107.0,0.0,17.35,0.0,28.763282755100953,43.375,-0.8475409228928312,-6.0
2024-08-03,104.0,0.0,18.51,0.0,24.44879034183581,46.275000000000006,-0.8382797052177745,-3.0
2024-08-04,101.0,0.0,19.24,0.0,20.78147179056044,48.099999999999994,-0.828770087174504,-3.0
2024-08-05,104.0,3.0,18.53,3.0,20.664251021976373,46.325,-0.8190148866680802,3.0
2024-08-06,99.0,0.0,18.78,0.0,17.564613368679918,46.95,-0.8090169943749472,-5.0
2024-08-07,95.0,0.0,18.87,0.0,14.92992136337793,47.175000000000004,-0.7987793728863648,-4.0
2024-08-08,98.0,0.0,20.88,0.0,12.69043315887124,52.199999999999996,-0.7883050558305253,3.0
2024-08-09,97.0,6.3,20.59,6.3,17.086868185040554,51.475,-0.7775971469736268,-1.0
2024-08-10,100.0,2.8,19.59,2.8,17.32383795728447,48.975,-0.7666588193001592,3.0
2024-08-11,105.0,0.0,19.0,0.0,14.7252622636918,47.5,-0.7554933140726804,5.0
2024-08-12,107.0,0.0,18.22,0.0,12.51647292413803,45.55,-0.7441039398713608,2.0
2024-08-13,102.0,0.0,18.95,0.0,10.639001985517325,47.375,-0.7324940716135792,-5.0
2024-08-14,97.0,0.0,18.79,0.0,9.043151687689726,46.974999999999994,-0.7206671495538615,-5.0
2024-08-15,96.0,0.0,22.17,0.0,7.686678934536267,55.425000000000004,-0.7086266782644601,-1.0
2024-08-16,93.0,0.1,20.8,0.1,6.633677094355826,52.0,-0.6963762255968726,-3.0
2024-08-17,97.0,3.2,20.1,3.2,8.838625530202453,50.25,-0.6839194216246105,4.0
2024-08-18,95.0,0.0,19.49,0.0,7.512831700672085,48.724999999999994,-0.6712599575675315,-2.0
2024-08-19,96.0,0.0,18.98,0.0,6.385906945571272,47.45,-0.6584015846980489,1.0
2024-08-20,95.0,0.0,17.91,0.0,5.4280209037355815,44.775,-0.64534811322955,-1.0
2024-08-21,101.0,2.4,19.65,2.4,7.013817768175244,49.125,-0.6321034111873488,6.0
2024-08-22,101.0,7.4,17.44,7.4,13.361745102948959,43.6,-0.6186714032625032,0.0
2024-08-23,96.0,0.8,19.47,0.8,12.157483337506616,48.675,-0.6050560696488494,-5.0
2024-08-24,91.0,0.0,19.99,0.0,10.333860836880623,49.974999999999994,-0.5912614448635782,-5.0
2024-08-25,99.0,0.1,21.23,0.1,8.88378171134853,53.075,-0.5772916165517278,8.0
2024-08-26,92.0,0.0,17.54,0.0,7.551214454646249,43.849999999999994,-0.5631507242749187,-7.0
2024-08-27,91.0,0.0,16.44,0.0,6.418532286449312,41.1,-0.5488429582847199,-1.0
2024-08-28,90.0,0.0,18.46,0.0,5.455752443481916,46.150000000000006,-0.5343725582809785,-1.0
2024-08-29,92.0,0.0,22.24,0.0,4.637389576959628,55.599999999999994,-0.5197438121555157,2.0
2024-08-30,93.0,3.5,24.16,3.5,7.441781140415683,60.4,-0.5049610547215202,1.0
2024-08-31,96.0,10.2,17.16,10.2,16.52551396935333,42.9,-0.4900286664290594,3.0
2024-09-01,97.0,0.0,15.54,0.0,14.04668687395033,38.849999999999994,-0.4749510720670502,1.0
2024-09-02,94.0,0.0,16.2,0.0,11.93968384285778,40.5,-0.4597327394521046,-3.0
2024-09-03,90.0,0.0,20.23,0.0,10.148731266429113,50.575,-0.44437817810461344,-4.0
2024-09-04,88.0,0.0,22.75,0.0,8.626421576464747,56.875,-0.4288919379124841,-2.0
2024-09-05,84.0,0.0,22.39,0.0,7.332458339995035,55.975,-0.41327860778290443,-4.0
2024-09-06,80.0,0.0,21.2,0.0,6.232589588995779,53.0,-0.3975428142825566,-4.0
2024-09-07,75.0,0.0,22.12,0.0,5.297701150646412,55.300000000000004,-0.3816892202666586,-5.0
2024-09-08,72.0,0.0,21.27,0.0,4.50304597804945,53.175,-0.3657225234972692,-3.0
2024-09-09,68.0,0.0,21.39,0.0,3.827589081342032,53.475,-0.34964745525122826,-4.0
2024-09-10,76.0,12.2,16.66,12.2,15.453450719140726,41.65,-0.33346877891818705,8.0
2024-09-11,74.0,0.3,17.94,0.3,13.435433111269617,44.85,-0.31719128858910595,-2.0
2024-09-12,81.0,1.3,15.64,1.3,12.720118144579175,39.1,-0.300819807635668,7.0
2024-09-13,88.0,0.3,16.96,0.3,11.112100422892299,42.400000000000006,-0.2843591872810036,7.0
2024-09-14,95.0,10.6,16.57,10.6,20.045285359458454,41.425,-0.26781430516217486,7.0
2024-09-15,92.0,1.2,17.1,1.2,18.238492555539686,42.75,-0.25119006388481957,-3.0
2024-09-16,90.0,0.0,20.17,0.0,15.502718672208733,50.425000000000004,-0.23449138957041052,-2.0
2024-09-17,88.0,0.0,17.81,0.0,13.177310871377422,44.525,-0.21772323039653224,-2.0
2024-09-18,87.0,0.0,17.72,0.0,11.20071424067081,44.3,-0.20089055513063528,-1.0
2024-09-19,83.0,0.0,18.63,0.0,9.520607104570187,46.574999999999996,-0.18399835165767986,-4.0
2024-09-20,79.0,0.0,17.27,0.0,8.092516038884659,43.175,-0.1670516255021195,-4.0
2024-09-21,77.0,0.0,15.53,0.0,6.87863863305196,38.824999999999996,-0.15005539834465262,-2.0
2024-09-22,75.0,0.0,13.82,0.0,5.846842838094165,34.55,-0.13301470653419636,-2.0
2024-09-23,72.0,0.0,16.66,0.0,4.96981641238004,41.65,-0.11593459959550066,-3.0
2024-09-24,70.0,0.0,18.12,0.0,4.224343950523034,45.300000000000004,-0.09882013873287211,-2.0
2024-09-25,74.0,0.0,17.34,0.0,3.5906923579445786,43.35,-0.08167639533042288,4.0
2024-09-26,71.0,3.3,17.39,3.3,6.352088504252892,43.475,-0.06450844944931625,-3.0
2024-09-27,87.0,14.0,17.26,14.0,19.399275228614957,43.150000000000006,-0.04732138832243232,16.0
2024-09-28,99.0,9.5,14.21,9.5,25.989383944322714,35.525000000000006,-0.03012030484690836,12.0
2024-09-29,92.0,0.0,12.27,0.0,22.090976352674307,30.674999999999997,-0.012910296075008843,-7.0
2024-09-30,86.0,0.0,8.58,0.0,18.77732989977316,21.45,0.004303538296243821,-6.0
2024-10-01,79.0,4.4,6.49,4.4,20.360730414807186,16.225,0.021516097436222233,-7.0
2024-10-02,88.0,0.0,8.25,0.0,17.306620852586107,20.625,0.03872228089217399,9.0
2024-10-03,82.0,1.7,9.07,1.7,16.41062772469819,22.675,0.05591699010060302,-6.0
2024-10-04,77.0,0.0,9.29,0.0,13.949033565993462,23.224999999999998,0.07309512989807776,-5.0
2024-10-05,74.0,0.0,8.68,0.0,11.856678531094442,21.7,0.0902516100310407,-3.0
2024-10-06,73.0,0.0,8.78,0.0,10.078176751430275,21.95,0.10738134666416306,-1.0
2024-10-07,75.0,0.0,8.55,0.0,8.566450238715733,21.375,0.12447926388678869,2.0
2024-10-08,71.0,0.1,11.24,0.1,7.3814827029083725,28.1,0.141540295217043,-4.0
2024-10-09,73.0,3.6,12.98,3.6,9.874260297472116,32.45,0.15855938510313475,2.0
2024-10-10,76.0,0.3,15.81,0.3,8.693121252851299,39.525,0.17553149042142777,3.0
2024-10-11,84.0,0.3,12.76,0.3,7.6891530649236035,31.9,0.19245158197082995,8.0
2024-10-12,80.0,4.0,11.05,4.0,10.535780105185063,27.625,0.20931464596304888,-4.0
2024-10-13,80.0,7.4,8.1,7.4,16.355413089407303,20.25,0.22611568550828803,0.0
2024-10-14,93.0,4.3,8.29,4.3,18.202101125996208,20.724999999999998,0.2428497220959358,13.0
2024-10-15,95.0,10.6,8.45,10.6,26.071785957096775,21.125,0.25951179706979943,2.0
2024-10-16,83.0,0.0,6.0,0.0,22.161018063532257,15.0,0.27609697309746883,-12.0
2024-10-17,70.0,0.0,8.04,0.0,18.83686535400242,20.099999999999998,0.2926003356333479,-13.0
2024-10-18,69.0,0.0,9.65,0.0,16.011335550902057,24.125,0.30901699437494723,-1.0
2024-10-19,70.0,0.0,9.06,0.0,13.609635218266748,22.650000000000002,0.3253420847119795,1.0
2024-10-20,71.0,0.0,8.69,0.0,11.568189935526735,21.724999999999998,0.341570769167856,1.0
2024-10-21,70.0,0.9,10.64,0.9,10.732961445197725,26.6,0.35769823883312546,-1.0
2024-10-22,76.0,0.8,12.37,0.8,9.923017228418066,30.924999999999997,0.3737197147904692,6.0
2024-10-23,84.0,0.0,12.18,0.0,8.434564644155357,30.45,0.38963044953078774,8.0
2024-10-24,86.0,0.0,12.14,0.0,7.169379947532053,30.35,0.4054257283599973,2.0
2024-10-25,84.0,0.0,9.22,0.0,6.093972955402245,23.05,0.42110087079608916,-2.0
2024-10-26,87.0,1.1,8.45,1.1,6.279877012091909,21.125,0.4366512319560638,3.0
2024-10-27,83.0,0.3,10.68,0.3,5.637895460278122,26.7,0.45207220393230374,-4.0
2024-10-28,85.0,0.4,11.06,0.4,5.192211141236403,27.650000000000002,0.46735921715800205,2.0
2024-10-29,89.0,0.7,10.94,0.7,5.113379470050943,27.349999999999998,0.48250774176121763,4.0
2024-10-30,94.0,0.4,12.14,0.4,4.746372549543302,30.35,0.4975132889071803,5.0
2024-10-31,108.0,0.5,11.57,0.5,4.534416667111806,28.925,0.5123714121284235,14.0
2024-11-01,125.0,0.1,12.07,0.1,3.9542541670450353,30.175,0.5270777086423724,17.0
2024-11-02,116.0,0.0,7.35,0.0,3.36111604198828,18.375,0.5416278206559811,-9.0
2024-11-03,118.0,1.3,9.43,1.3,4.156948635690038,23.575,0.5560174366570446,2.0
2024-11-04,111.0,0.0,7.11,0.0,3.5334063403365326,17.775000000000002,0.5702422926917867,-7.0
2024-11-05,103.0,0.0,9.8,0.0,3.0033953892860525,24.5,0.5842981736283683,-8.0
2024-11-06,100.0,0.0,9.58,0.0,2.5528860808931446,23.95,0.5981809144059159,-3.0
2024-11-07,100.0,0.6,8.47,0.6,2.769953168759173,21.175,0.6118864012687242,0.0
2024-11-08,93.0,0.0,6.25,0.0,2.354460193445297,15.625,0.6254105729852457,-7.0
2024-11-09,89.0,0.0,4.98,0.0,2.0012911644285025,12.450000000000001,0.6387494220515268,-4.0
2024-11-10,90.0,0.0,2.73,0.0,1.701097489764227,6.825,0.6518989958787125,1.0
2024-11-11,86.0,0.0,2.19,0.0,1.445932866299593,5.475,0.6648553979642867,-4.0
2024-11-12,87.0,0.1,2.4,0.1,1.329042936354654,6.0,0.6776147890466887,1.0
2024-11-13,83.0,0.1,2.53,0.1,1.229686495901456,6.324999999999999,0.690173388242972,-4.0
2024-11-14,90.0,2.5,6.75,2.5,3.545233521516238,16.875,0.7025274741691566,7.0
2024-11-15,90.0,0.2,9.05,0.2,3.2134484932888023,22.625,0.7146733860429608,0.0
2024-11-16,97.0,3.0,8.98,3.0,5.731431219295482,22.450000000000003,0.726607524768565,7.0
2024-11-17,102.0,9.4,8.07,9.4,14.27171653640116,20.175,0.7383263540031063,5.0
2024-11-18,119.0,3.5,6.72,3.5,15.630959055940986,16.8,0.749826401204568,17.0
2024-11-19,127.0,11.4,4.05,11.4,24.68631519754984,10.125,0.7611042586607742,8.0
2024-11-20,161.0,7.7,5.1,7.7,28.683367917917362,12.75,0.7721565844991641,34.0
2024-11-21,168.0,5.5,3.36,5.5,29.880862730229758,8.4,0.7829801036770625,7.0
2024-11-22,164.0,13.1,2.47,13.1,38.498733320695294,6.175000000000001,0.7935716089521472,-4.0
2024-11-23,151.0,2.4,4.0,2.4,35.123923322591,10.0,0.8039279618328208,-13.0
2024-11-24,128.0,0.1,2.65,0.1,29.95533482420235,6.625,0.8140460935082175,-23.0
2024-11-25,110.0,0.0,6.55,0.0,25.462034600571997,16.375,0.8239230057575536,-18.0
2024-11-26,129.0,6.9,7.55,6.9,28.542729410486196,18.875,0.8335557718385695,19.0
2024-11-27,137.0,4.5,7.15,4.5,28.761319998913265,17.875,0.8429415373547832,8.0
2024-11-28,142.0,7.2,4.02,7.2,31.647121999076273,10.049999999999999,0.8520775211013093,5.0
2024-11-29,152.0,0.0,4.38,0.0,26.90005369921483,10.95,0.8609610158889945,10.0
2024-11-30,142.0,0.0,6.26,0.0,22.865045644332604,15.649999999999999,0.8695893893466109,-10.0
2024-12-01,125.0,0.0,5.22,0.0,19.435288797682713,13.049999999999999,0.8779600847008883,-17.0
2024-12-02,114.0,0.6,3.24,0.6,17.119995478030308,8.100000000000001,0.8860706215341377,-11.0
2024-12-03,118.0,1.6,5.06,1.6,16.15199615632576,12.649999999999999,0.893918596519257,4.0
2024-12-04,111.0,4.1,0.32,4.1,17.829196732876895,0.8,0.9015016841318838,-7.0
2024-12-05,109.0,3.1,2.83,3.1,18.25481722294536,7.075,0.9088176373395028,-2.0
2024-12-06,98.0,0.0,0.93,0.0,15.516594639503555,2.325,0.9158642882672868,-11.0
2024-12-07,105.0,0.0,0.19,0.0,13.189105443578022,0.475,0.9226395488404875,7.0
2024-12-08,99.0,0.0,1.68,0.0,11.210739627041319,4.2,0.9291414114031743,-6.0
2024-12-09,94.0,0.0,1.36,0.0,9.529128682985121,3.4000000000000004,0.935367949313148,-5.0
2024-12-10,88.0,0.0,-2.4,0.0,8.099759380537353,0.0,0.941317317512847,-6.0
2024-12-11,90.0,0.0,2.65,0.0,6.88479547345675,6.625,0.946987753076075,2.0
2024-12-12,90.0,0.0,1.55,0.0,5.852076152438237,3.875,0.9523775757303973,0.0
2024-12-13,84.0,0.0,0.42,0.0,4.974264729572502,1.05,0.9574851883550389,-6.0
2024-12-14,90.0,6.2,3.1,6.2,10.428125020136626,7.75,0.9623090774541487,6.0
2024-12-15,101.0,2.5,3.97,2.5,11.363906267116132,9.925,0.9668478136052773,11.0
2024-12-16,112.0,0.8,7.74,0.8,10.459320327048713,19.35,0.9711000518829505,11.0
2024-12-17,111.0,0.0,6.3,0.0,8.890422277991407,15.75,0.9750645322571945,-1.0
2024-12-18,105.0,4.9,4.49,4.9,12.456858936292697,11.225000000000001,0.9787400799669153,-6.0
2024-12-19,106.0,5.5,7.59,5.5,16.088330095848793,18.975,0.9821256058680006,1.0
2024-12-20,133.0,0.7,5.5,0.7,14.375080581471472,13.75,0.9852201067560606,27.0
2024-12-21,139.0,1.5,5.05,1.5,13.718818494250751,12.625,0.9880226656636976,6.0
2024-12-22,137.0,15.0,4.66,15.0,26.66099572011314,11.65,0.9905324521322227,-2.0
2024-12-23,157.0,4.9,4.49,4.9,27.56184636209617,11.225000000000001,0.9927487224577402,20.0
2024-12-24,173.0,0.9,3.51,0.9,24.32756940778174,8.774999999999999,0.9946708199115211,16.0
2024-12-25,159.0,0.1,5.53,0.1,20.77843399661448,13.825000000000001,0.9962981749346077,-14.0
2024-12-26,143.0,2.0,5.74,2.0,19.661668897122308,14.350000000000001,0.9976303053065857,-16.0
2024-12-27,134.0,2.4,5.03,2.4,19.11241856255396,12.575000000000001,0.9986668162884759,-9.0
2024-12-28,130.0,1.7,4.73,1.7,17.945555778170863,11.825000000000001,0.9994074007397048,-4.0
2024-12-29,125.0,0.7,5.41,0.7,15.953722411445233,13.525,0.9998518392091162,-5.0
2024-12-30,135.0,11.4,6.27,11.4,24.96066404972845,15.674999999999999,1.0,10.0
2024-12-31,145.0,3.8,4.94,3.8,25.016564442269182,12.350000000000001,0.9998518392091162,10.0
