timestamp,water_level_cm,precip_druskininku-ams,temp_druskininku-ams,Pt,API_t,SMI_t,S_t,delta_WL_t
2016-04-01,122.0,0.0,0.0,0.0,0.0,0.0,-0.01291029607500882,0.0
2016-04-02,114.0,0.0,0.0,0.0,0.0,0.0,-0.030120304846908114,-8.0
2016-04-03,122.0,0.0,0.0,0.0,0.0,0.0,-0.04732138832243185,8.0
2016-04-04,116.0,0.0,0.0,0.0,0.0,0.0,-0.06450844944931623,-6.0
2016-04-05,111.0,0.0,0.0,0.0,0.0,0.0,-0.08167639533042241,-5.0
2016-04-06,108.0,0.0,0.0,0.0,0.0,0.0,-0.09882013873287143,-3.0
2016-04-07,112.0,0.0,0.0,0.0,0.0,0.0,-0.11593459959550041,4.0
2016-04-08,102.0,0.0,0.0,0.0,0.0,0.0,-0.1330147065341959,-10.0
2016-04-09,98.0,0.0,0.0,0.0,0.0,0.0,-0.1500553983446526,-4.0
2016-04-10,100.0,0.0,0.0,0.0,0.0,0.0,-0.16705162550211924,2.0
2016-04-11,104.0,0.0,0.0,0.0,0.0,0.0,-0.18399835165768005,4.0
2016-04-12,102.0,0.0,0.0,0.0,0.0,0.0,-0.20089055513063506,-2.0
2016-04-13,104.0,0.0,0.0,0.0,0.0,0.0,-0.21772323039653177,2.0
2016-04-14,108.0,0.0,0.0,0.0,0.0,0.0,-0.23449138957040985,4.0
2016-04-15,108.0,0.0,0.0,0.0,0.0,0.0,-0.25119006388481935,0.0
2016-04-16,112.0,0.0,0.0,0.0,0.0,0.0,-0.2678143051621742,4.0
2016-04-17,113.0,0.0,0.0,0.0,0.0,0.0,-0.2843591872810034,1.0
2016-04-18,108.0,0.0,0.0,0.0,0.0,0.0,-0.30081980763566735,-5.0
2016-04-19,108.0,0.0,0.0,0.0,0.0,0.0,-0.3171912885891061,0.0
2016-04-20,104.0,0.0,0.0,0.0,0.0,0.0,-0.3334687789181868,-4.0
2016-04-21,102.0,0.0,0.0,0.0,0.0,0.0,-0.3496474552512284,-2.0
2016-04-22,106.0,0.0,0.0,0.0,0.0,0.0,-0.36572252349726897,4.0
2016-04-23,106.0,0.0,0.0,0.0,0.0,0.0,-0.3816892202666588,0.0
2016-04-24,104.0,0.0,0.0,0.0,0.0,0.0,-0.39754281428255595,-2.0
2016-04-25,100.0,0.0,0.0,0.0,0.0,0.0,-0.4132786077829042,-4.0
2016-04-26,100.0,0.0,0.0,0.0,0.0,0.0,-0.4288919379124835,0.0
2016-04-27,106.0,0.0,0.0,0.0,0.0,0.0,-0.4443781781046132,6.0
2016-04-28,102.0,0.0,0.0,0.0,0.0,0.0,-0.45973273945210397,-4.0
2016-04-29,104.0,0.0,0.0,0.0,0.0,0.0,-0.47495107206704995,2.0
2016-04-30,106.0,0.0,0.0,0.0,0.0,0.0,-0.49002866642905923,2.0
2016-05-01,110.0,0.0,0.0,0.0,0.0,0.0,-0.5049610547215204,4.0
2016-05-02,108.0,0.0,0.0,0.0,0.0,0.0,-0.5197438121555155,-2.0
2016-05-03,106.0,0.0,0.0,0.0,0.0,0.0,-0.5343725582809787,-2.0
2016-05-04,107.0,0.0,0.0,0.0,0.0,0.0,-0.548842958284719,1.0
2016-05-05,110.0,0.0,0.0,0.0,0.0,0.0,-0.5631507242749186,3.0
2016-05-06,110.0,0.0,0.0,0.0,0.0,0.0,-0.5772916165517272,0.0
2016-05-07,115.0,0.0,0.0,0.0,0.0,0.0,-0.5912614448635781,5.0
2016-05-08,111.0,0.0,0.0,0.0,0.0,0.0,-0.6050560696488488,-4.0
2016-05-09,107.0,0.0,0.0,0.0,0.0,0.0,-0.6186714032625031,-4.0
2016-05-10,103.0,0.0,0.0,0.0,0.0,0.0,-0.6321034111873487,-4.0
2016-05-11,98.0,0.0,0.0,0.0,0.0,0.0,-0.6453481132295501,-5.0
2016-05-12,92.0,0.0,0.0,0.0,0.0,0.0,-0.6584015846980488,-6.0
2016-05-13,90.0,0.0,0.0,0.0,0.0,0.0,-0.6712599575675313,-2.0
2016-05-14,82.0,0.0,0.0,0.0,0.0,0.0,-0.6839194216246106,-8.0
2016-05-15,84.0,0.0,0.0,0.0,0.0,0.0,-0.6963762255968722,2.0
2016-05-16,84.0,0.0,0.0,0.0,0.0,0.0,-0.7086266782644596,0.0
2016-05-17,78.0,0.0,0.0,0.0,0.0,0.0,-0.7206671495538609,-6.0
2016-05-18,75.0,0.0,0.0,0.0,0.0,0.0,-0.7324940716135789,-3.0
2016-05-19,76.0,0.0,0.0,0.0,0.0,0.0,-0.7441039398713607,1.0
2016-05-20,69.0,0.0,0.0,0.0,0.0,0.0,-0.7554933140726803,-7.0
2016-05-21,61.0,0.0,0.0,0.0,0.0,0.0,-0.766658819300159,-8.0
2016-05-22,60.0,0.0,0.0,0.0,0.0,0.0,-0.777597146973627,-1.0
2016-05-23,60.0,0.0,0.0,0.0,0.0,0.0,-0.7883050558305255,0.0
2016-05-24,54.0,0.0,0.0,0.0,0.0,0.0,-0.7987793728863649,-6.0
2016-05-25,53.0,0.0,0.0,0.0,0.0,0.0,-0.8090169943749473,-1.0
2016-05-26,50.0,0.0,0.0,0.0,0.0,0.0,-0.8190148866680801,-3.0
2016-05-27,46.0,0.0,0.0,0.0,0.0,0.0,-0.8287700871745037,-4.0
2016-05-28,46.0,0.0,0.0,0.0,0.0,0.0,-0.8382797052177743,0.0
2016-05-29,46.0,0.0,0.0,0.0,0.0,0.0,-0.8475409228928311,0.0
2016-05-30,41.0,0.0,0.0,0.0,0.0,0.0,-0.8565509959010036,-5.0
2016-05-31,40.0,0.0,0.0,0.0,0.0,0.0,-0.865307254363206,-1.0
2016-06-01,38.0,0.0,0.0,0.0,0.0,0.0,-0.8738071036110808,-2.0
2016-06-02,32.0,0.0,0.0,0.0,0.0,0.0,-0.8820480249558537,-6.0
2016-06-03,32.0,0.0,0.0,0.0,0.0,0.0,-0.8900275764346767,0.0
2016-06-04,26.0,0.0,0.0,0.0,0.0,0.0,-0.8977433935342337,-6.0
2016-06-05,20.0,0.0,0.0,0.0,0.0,0.0,-0.9051931898913974,-6.0
2016-06-06,24.0,0.0,0.0,0.0,0.0,0.0,-0.9123747579707273,4.0
2016-06-07,19.0,0.0,0.0,0.0,0.0,0.0,-0.9192859697186104,-5.0
2016-06-08,20.0,0.0,0.0,0.0,0.0,0.0,-0.9259247771938498,1.0
2016-06-09,13.0,0.0,0.0,0.0,0.0,0.0,-0.9322892131745133,-7.0
2016-06-10,15.0,0.0,0.0,0.0,0.0,0.0,-0.9383773917408641,2.0
2016-06-11,14.0,0.0,0.0,0.0,0.0,0.0,-0.9441875088341993,-1.0
2016-06-12,10.0,0.0,0.0,0.0,0.0,0.0,-0.9497178427914316,-4.0
2016-06-13,9.0,0.0,0.0,0.0,0.0,0.0,-0.9549667548552551,-1.0
2016-06-14,12.0,0.0,0.0,0.0,0.0,0.0,-0.9599326896597447,3.0
2016-06-15,12.0,0.0,0.0,0.0,0.0,0.0,-0.9646141756912435,0.0
2016-06-16,16.0,0.0,0.0,0.0,0.0,0.0,-0.9690098257244062,4.0
2016-06-17,11.0,0.0,0.0,0.0,0.0,0.0,-0.9731183372332619,-5.0
2016-06-18,16.0,0.0,0.0,0.0,0.0,0.0,-0.9769384927771817,5.0
2016-06-19,12.0,0.0,0.0,0.0,0.0,0.0,-0.980469160361632,-4.0
2016-06-20,14.0,0.0,0.0,0.0,0.0,0.0,-0.9837092937736097,2.0
2016-06-21,16.0,0.0,0.0,0.0,0.0,0.0,-0.986657932891657,2.0
2016-06-22,10.0,0.0,0.0,0.0,0.0,0.0,-0.9893142039703663,-6.0
2016-06-23,12.0,0.0,0.0,0.0,0.0,0.0,-0.99167731989929,2.0
2016-06-24,10.0,0.0,0.0,0.0,0.0,0.0,-0.993746580436178,-2.0
2016-06-25,8.0,0.0,0.0,0.0,0.0,0.0,-0.9955213724144752,-2.0
2016-06-26,6.0,0.0,0.0,0.0,0.0,0.0,-0.9970011699250151,-2.0
2016-06-27,3.0,0.0,0.0,0.0,0.0,0.0,-0.9981855344718586,-3.0
2016-06-28,0.0,0.0,0.0,0.0,0.0,0.0,-0.99907411510223,-3.0
2016-06-29,-2.0,0.0,0.0,0.0,0.0,0.0,-0.9996666485105112,-2.0
2016-06-30,0.0,0.0,0.0,0.0,0.0,0.0,-0.9999629591162655,2.0
2016-07-01,-6.0,0.0,0.0,0.0,0.0,0.0,-0.9999629591162655,-6.0
2016-07-02,-6.0,0.0,0.0,0.0,0.0,0.0,-0.9996666485105112,0.0
2016-07-03,-6.0,0.0,0.0,0.0,0.0,0.0,-0.99907411510223,0.0
2016-07-04,-3.0,0.0,0.0,0.0,0.0,0.0,-0.9981855344718586,3.0
2016-07-05,-4.0,0.0,0.0,0.0,0.0,0.0,-0.9970011699250151,-1.0
2016-07-06,-6.0,0.0,0.0,0.0,0.0,0.0,-0.9955213724144752,-2.0
2016-07-07,-6.0,0.0,0.0,0.0,0.0,0.0,-0.9937465804361781,0.0
2016-07-08,-8.0,0.0,0.0,0.0,0.0,0.0,-0.99167731989929,-2.0
2016-07-09,-2.0,0.0,0.0,0.0,0.0,0.0,-0.9893142039703664,6.0
2016-07-10,-1.0,0.0,0.0,0.0,0.0,0.0,-0.9866579328916572,1.0
2016-07-11,0.0,0.0,0.0,0.0,0.0,0.0,-0.9837092937736098,1.0
2016-07-12,7.0,0.0,0.0,0.0,0.0,0.0,-0.9804691603616321,7.0
2016-07-13,6.0,0.0,0.0,0.0,0.0,0.0,-0.9769384927771817,-1.0
2016-07-14,24.0,0.0,0.0,0.0,0.0,0.0,-0.973118337233262,18.0
2016-07-15,22.0,0.0,0.0,0.0,0.0,0.0,-0.9690098257244063,-2.0
2016-07-16,20.0,0.0,0.0,0.0,0.0,0.0,-0.9646141756912435,-2.0
2016-07-17,30.0,0.0,0.0,0.0,0.0,0.0,-0.9599326896597445,10.0
2016-07-18,36.0,0.0,0.0,0.0,0.0,0.0,-0.9549667548552553,6.0
2016-07-19,38.0,0.0,0.0,0.0,0.0,0.0,-0.9497178427914317,2.0
2016-07-20,42.0,0.0,0.0,0.0,0.0,0.0,-0.9441875088341994,4.0
2016-07-21,36.0,0.0,0.0,0.0,0.0,0.0,-0.9383773917408642,-6.0
2016-07-22,36.0,0.0,0.0,0.0,0.0,0.0,-0.9322892131745134,0.0
2016-07-23,38.0,0.0,0.0,0.0,0.0,0.0,-0.9259247771938499,2.0
2016-07-24,37.0,0.0,0.0,0.0,0.0,0.0,-0.9192859697186105,-1.0
2016-07-25,36.0,0.0,0.0,0.0,0.0,0.0,-0.9123747579707274,-1.0
2016-07-26,32.0,0.0,0.0,0.0,0.0,0.0,-0.9051931898913975,-4.0
2016-07-27,35.0,0.0,0.0,0.0,0.0,0.0,-0.8977433935342336,3.0
2016-07-28,30.0,0.0,0.0,0.0,0.0,0.0,-0.8900275764346766,-5.0
2016-07-29,36.0,0.0,0.0,0.0,0.0,0.0,-0.8820480249558535,6.0
2016-07-30,34.0,0.0,0.0,0.0,0.0,0.0,-0.8738071036110807,-2.0
2016-07-31,35.0,0.0,0.0,0.0,0.0,0.0,-0.8653072543632061,1.0
2016-08-01,34.0,0.0,0.0,0.0,0.0,0.0,-0.8565509959010037,-1.0
2016-08-02,38.0,0.0,0.0,0.0,0.0,0.0,-0.8475409228928312,4.0
2016-08-03,38.0,0.0,0.0,0.0,0.0,0.0,-0.8382797052177745,0.0
2016-08-04,42.0,0.0,0.0,0.0,0.0,0.0,-0.828770087174504,4.0
2016-08-05,38.0,0.0,0.0,0.0,0.0,0.0,-0.8190148866680802,-4.0
2016-08-06,40.0,0.0,0.0,0.0,0.0,0.0,-0.8090169943749472,2.0
2016-08-07,38.0,0.0,0.0,0.0,0.0,0.0,-0.7987793728863648,-2.0
2016-08-08,35.0,0.0,0.0,0.0,0.0,0.0,-0.7883050558305253,-3.0
2016-08-09,32.0,0.0,0.0,0.0,0.0,0.0,-0.7775971469736268,-3.0
2016-08-10,34.0,0.0,0.0,0.0,0.0,0.0,-0.7666588193001592,2.0
2016-08-11,31.0,0.0,0.0,0.0,0.0,0.0,-0.7554933140726804,-3.0
2016-08-12,27.0,0.0,0.0,0.0,0.0,0.0,-0.7441039398713608,-4.0
2016-08-13,27.0,0.0,0.0,0.0,0.0,0.0,-0.7324940716135792,0.0
2016-08-14,24.0,0.0,0.0,0.0,0.0,0.0,-0.7206671495538615,-3.0
2016-08-15,26.0,0.0,0.0,0.0,0.0,0.0,-0.7086266782644601,2.0
2016-08-16,30.0,0.0,0.0,0.0,0.0,0.0,-0.6963762255968726,4.0
2016-08-17,26.0,0.0,0.0,0.0,0.0,0.0,-0.6839194216246105,-4.0
2016-08-18,26.0,0.0,0.0,0.0,0.0,0.0,-0.6712599575675315,0.0
2016-08-19,28.0,0.0,0.0,0.0,0.0,0.0,-0.6584015846980489,2.0
2016-08-20,24.0,0.0,0.0,0.0,0.0,0.0,-0.64534811322955,-4.0
2016-08-21,20.0,0.0,0.0,0.0,0.0,0.0,-0.6321034111873488,-4.0
2016-08-22,20.0,0.0,0.0,0.0,0.0,0.0,-0.6186714032625032,0.0
2016-08-23,25.0,0.0,0.0,0.0,0.0,0.0,-0.6050560696488494,5.0
2016-08-24,20.0,0.0,0.0,0.0,0.0,0.0,-0.5912614448635782,-5.0
2016-08-25,16.0,0.0,0.0,0.0,0.0,0.0,-0.5772916165517278,-4.0
2016-08-26,17.0,0.0,0.0,0.0,0.0,0.0,-0.5631507242749187,1.0
2016-08-27,14.0,0.0,0.0,0.0,0.0,0.0,-0.5488429582847199,-3.0
2016-08-28,14.0,0.0,0.0,0.0,0.0,0.0,-0.5343725582809785,0.0
2016-08-29,12.0,0.0,0.0,0.0,0.0,0.0,-0.5197438121555157,-2.0
2016-08-30,6.0,0.0,0.0,0.0,0.0,0.0,-0.5049610547215202,-6.0
2016-08-31,4.0,0.0,0.0,0.0,0.0,0.0,-0.4900286664290594,-2.0
2016-09-01,6.0,0.0,0.0,0.0,0.0,0.0,-0.4749510720670502,2.0
2016-09-02,6.0,0.0,0.0,0.0,0.0,0.0,-0.4597327394521046,0.0
2016-09-03,2.0,0.0,0.0,0.0,0.0,0.0,-0.44437817810461344,-4.0
2016-09-04,4.0,0.0,0.0,0.0,0.0,0.0,-0.4288919379124841,2.0
2016-09-05,4.0,0.0,0.0,0.0,0.0,0.0,-0.41327860778290443,0.0
2016-09-06,6.0,0.0,0.0,0.0,0.0,0.0,-0.3975428142825566,2.0
2016-09-07,4.0,0.0,0.0,0.0,0.0,0.0,-0.3816892202666586,-2.0
2016-09-08,1.0,0.0,0.0,0.0,0.0,0.0,-0.3657225234972692,-3.0
2016-09-09,2.0,0.0,0.0,0.0,0.0,0.0,-0.34964745525122826,1.0
2016-09-10,4.0,0.0,0.0,0.0,0.0,0.0,-0.33346877891818705,2.0
2016-09-11,2.0,0.0,0.0,0.0,0.0,0.0,-0.31719128858910595,-2.0
2016-09-12,4.0,0.0,0.0,0.0,0.0,0.0,-0.300819807635668,2.0
2016-09-13,-1.0,0.0,0.0,0.0,0.0,0.0,-0.2843591872810036,-5.0
2016-09-14,2.0,0.0,0.0,0.0,0.0,0.0,-0.26781430516217486,3.0
2016-09-15,2.0,0.0,0.0,0.0,0.0,0.0,-0.25119006388481957,0.0
2016-09-16,-4.0,0.0,0.0,0.0,0.0,0.0,-0.23449138957041052,-6.0
2016-09-17,-4.0,0.0,0.0,0.0,0.0,0.0,-0.21772323039653224,0.0
2016-09-18,-2.0,0.0,0.0,0.0,0.0,0.0,-0.20089055513063528,2.0
2016-09-19,-2.0,0.0,0.0,0.0,0.0,0.0,-0.18399835165767986,0.0
2016-09-20,-5.0,0.0,0.0,0.0,0.0,0.0,-0.1670516255021195,-3.0
2016-09-21,-3.0,0.0,0.0,0.0,0.0,0.0,-0.15005539834465262,2.0
2016-09-22,-5.0,0.0,0.0,0.0,0.0,0.0,-0.13301470653419636,-2.0
2016-09-23,-4.0,0.0,0.0,0.0,0.0,0.0,-0.11593459959550066,1.0
2016-09-24,0.0,0.0,0.0,0.0,0.0,0.0,-0.09882013873287211,4.0
2016-09-25,-2.0,0.0,0.0,0.0,0.0,0.0,-0.08167639533042288,-2.0
2016-09-26,2.0,0.0,0.0,0.0,0.0,0.0,-0.06450844944931625,4.0
2016-09-27,-2.0,0.0,0.0,0.0,0.0,0.0,-0.04732138832243232,-4.0
2016-09-28,-2.0,0.0,0.0,0.0,0.0,0.0,-0.03012030484690836,0.0
2016-09-29,-2.0,0.0,0.0,0.0,0.0,0.0,-0.012910296075008843,0.0
2016-09-30,2.0,0.0,0.0,0.0,0.0,0.0,0.004303538296243821,4.0
2016-10-01,-6.0,0.0,0.0,0.0,0.0,0.0,0.021516097436222233,-8.0
2016-10-02,0.0,0.0,0.0,0.0,0.0,0.0,0.03872228089217399,6.0
2016-10-03,-2.0,0.0,0.0,0.0,0.0,0.0,0.05591699010060302,-2.0
2016-10-04,-6.0,0.0,0.0,0.0,0.0,0.0,0.07309512989807776,-4.0
2016-10-05,-6.0,0.0,0.0,0.0,0.0,0.0,0.0902516100310407,0.0
2016-10-06,16.0,0.0,0.0,0.0,0.0,0.0,0.10738134666416306,22.0
2016-10-07,12.0,0.0,0.0,0.0,0.0,0.0,0.12447926388678869,-4.0
2016-10-08,12.0,0.0,0.0,0.0,0.0,0.0,0.141540295217043,0.0
2016-10-09,24.0,0.0,0.0,0.0,0.0,0.0,0.15855938510313475,12.0
2016-10-10,27.0,0.0,0.0,0.0,0.0,0.0,0.17553149042142777,3.0
2016-10-11,46.0,0.0,0.0,0.0,0.0,0.0,0.19245158197082995,19.0
2016-10-12,38.0,0.0,0.0,0.0,0.0,0.0,0.20931464596304888,-8.0
2016-10-13,49.0,0.0,0.0,0.0,0.0,0.0,0.22611568550828803,11.0
2016-10-14,48.0,0.0,0.0,0.0,0.0,0.0,0.2428497220959358,-1.0
2016-10-15,52.0,0.0,0.0,0.0,0.0,0.0,0.25951179706979943,4.0
2016-10-16,48.0,0.0,0.0,0.0,0.0,0.0,0.27609697309746883,-4.0
2016-10-17,50.0,0.0,0.0,0.0,0.0,0.0,0.2926003356333479,2.0
2016-10-18,52.0,0.0,0.0,0.0,0.0,0.0,0.30901699437494723,2.0
2016-10-19,52.0,0.0,0.0,0.0,0.0,0.0,0.3253420847119795,0.0
2016-10-20,46.0,0.0,0.0,0.0,0.0,0.0,0.341570769167856,-6.0
2016-10-21,46.0,0.0,0.0,0.0,0.0,0.0,0.35769823883312546,0.0
2016-10-22,47.0,0.0,0.0,0.0,0.0,0.0,0.3737197147904692,1.0
2016-10-23,48.0,0.0,0.0,0.0,0.0,0.0,0.38963044953078774,1.0
2016-10-24,49.0,0.0,0.0,0.0,0.0,0.0,0.4054257283599973,1.0
2016-10-25,51.0,0.0,0.0,0.0,0.0,0.0,0.42110087079608916,2.0
2016-10-26,60.0,0.0,0.0,0.0,0.0,0.0,0.4366512319560638,9.0
2016-10-27,65.0,0.0,0.0,0.0,0.0,0.0,0.45207220393230374,5.0
2016-10-28,71.0,0.0,0.0,0.0,0.0,0.0,0.46735921715800205,6.0
2016-10-29,78.0,0.0,0.0,0.0,0.0,0.0,0.48250774176121763,7.0
2016-10-30,88.0,0.0,0.0,0.0,0.0,0.0,0.4975132889071803,10.0
2016-10-31,94.0,0.0,0.0,0.0,0.0,0.0,0.5123714121284235,6.0
2016-11-01,102.0,0.0,0.0,0.0,0.0,0.0,0.5270777086423724,8.0
2016-11-02,105.0,0.0,0.0,0.0,0.0,0.0,0.5416278206559811,3.0
2016-11-03,108.0,0.0,0.0,0.0,0.0,0.0,0.5560174366570446,3.0
2016-11-04,111.0,0.0,0.0,0.0,0.0,0.0,0.5702422926917867,3.0
2016-11-05,119.0,0.0,0.0,0.0,0.0,0.0,0.5842981736283683,8.0
2016-11-06,122.0,0.0,0.0,0.0,0.0,0.0,0.5981809144059159,3.0
2016-11-07,125.0,0.0,0.0,0.0,0.0,0.0,0.6118864012687242,3.0
2016-11-08,128.0,0.0,0.0,0.0,0.0,0.0,0.6254105729852457,3.0
2016-11-09,127.0,0.0,0.0,0.0,0.0,0.0,0.6387494220515268,-1.0
2016-11-10,130.0,0.0,0.0,0.0,0.0,0.0,0.6518989958787125,3.0
2016-11-11,130.0,0.0,0.0,0.0,0.0,0.0,0.6648553979642867,0.0
2016-11-12,128.0,0.0,0.0,0.0,0.0,0.0,0.6776147890466887,-2.0
2016-11-13,127.0,0.0,0.0,0.0,0.0,0.0,0.690173388242972,-1.0
2016-11-14,123.0,0.0,0.0,0.0,0.0,0.0,0.7025274741691566,-4.0
2016-11-15,124.0,0.0,0.0,0.0,0.0,0.0,0.7146733860429608,1.0
2016-11-16,122.0,0.0,0.0,0.0,0.0,0.0,0.726607524768565,-2.0
2016-11-17,123.0,0.0,0.0,0.0,0.0,0.0,0.7383263540031063,1.0
2016-11-18,122.0,0.0,0.0,0.0,0.0,0.0,0.749826401204568,-1.0
2016-11-19,124.0,0.0,0.0,0.0,0.0,0.0,0.7611042586607742,2.0
2016-11-20,129.0,0.0,0.0,0.0,0.0,0.0,0.7721565844991641,5.0
2016-11-21,130.0,0.0,0.0,0.0,0.0,0.0,0.7829801036770625,1.0
2016-11-22,132.0,0.0,0.0,0.0,0.0,0.0,0.7935716089521472,2.0
2016-11-23,128.0,0.0,0.0,0.0,0.0,0.0,0.8039279618328208,-4.0
2016-11-24,126.0,0.0,0.0,0.0,0.0,0.0,0.8140460935082175,-2.0
2016-11-25,124.0,0.0,0.0,0.0,0.0,0.0,0.8239230057575536,-2.0
2016-11-26,122.0,0.0,0.0,0.0,0.0,0.0,0.8335557718385695,-2.0
2016-11-27,119.0,0.0,0.0,0.0,0.0,0.0,0.8429415373547832,-3.0
2016-11-28,115.0,0.0,0.0,0.0,0.0,0.0,0.8520775211013093,-4.0
2016-11-29,116.0,0.0,0.0,0.0,0.0,0.0,0.8609610158889945,1.0
2016-11-30,116.0,0.0,0.0,0.0,0.0,0.0,0.8695893893466109,0.0
2016-12-01,108.0,0.0,0.0,0.0,0.0,0.0,0.8779600847008883,-8.0
2016-12-02,109.0,0.0,0.0,0.0,0.0,0.0,0.8860706215341377,1.0
2016-12-03,108.0,0.0,0.0,0.0,0.0,0.0,0.893918596519257,-1.0
2016-12-04,104.0,0.0,0.0,0.0,0.0,0.0,0.9015016841318838,-4.0
2016-12-05,96.0,0.0,0.0,0.0,0.0,0.0,0.9088176373395028,-8.0
2016-12-06,86.0,0.0,0.0,0.0,0.0,0.0,0.9158642882672868,-10.0
2016-12-07,94.0,0.0,0.0,0.0,0.0,0.0,0.9226395488404875,8.0
2016-12-08,78.0,0.0,0.0,0.0,0.0,0.0,0.9291414114031743,-16.0
2016-12-09,70.0,0.0,0.0,0.0,0.0,0.0,0.935367949313148,-8.0
2016-12-10,128.0,0.0,0.0,0.0,0.0,0.0,0.941317317512847,58.0
2016-12-11,120.0,0.0,0.0,0.0,0.0,0.0,0.946987753076075,-8.0
2016-12-12,122.0,0.0,0.0,0.0,0.0,0.0,0.9523775757303973,2.0
2016-12-13,138.0,0.0,0.0,0.0,0.0,0.0,0.9574851883550389,16.0
2016-12-14,146.0,0.0,0.0,0.0,0.0,0.0,0.9623090774541487,8.0
2016-12-15,146.0,0.0,0.0,0.0,0.0,0.0,0.9668478136052773,0.0
2016-12-16,146.0,0.0,0.0,0.0,0.0,0.0,0.9711000518829505,0.0
2016-12-17,129.0,0.0,0.0,0.0,0.0,0.0,0.9750645322571945,-17.0
2016-12-18,118.0,0.0,0.0,0.0,0.0,0.0,0.9787400799669153,-11.0
2016-12-19,121.0,0.0,0.0,0.0,0.0,0.0,0.9821256058680006,3.0
2016-12-20,148.0,0.0,0.0,0.0,0.0,0.0,0.9852201067560606,27.0
2016-12-21,163.0,0.0,0.0,0.0,0.0,0.0,0.9880226656636976,15.0
2016-12-22,145.0,0.0,0.0,0.0,0.0,0.0,0.9905324521322227,-18.0
2016-12-23,140.0,0.0,0.0,0.0,0.0,0.0,0.9927487224577402,-5.0
2016-12-24,142.0,0.0,0.0,0.0,0.0,0.0,0.9946708199115211,2.0
2016-12-25,142.0,0.0,0.0,0.0,0.0,0.0,0.9962981749346077,0.0
2016-12-26,144.0,0.0,0.0,0.0,0.0,0.0,0.9976303053065857,2.0
2016-12-27,142.0,0.0,0.0,0.0,0.0,0.0,0.9986668162884759,-2.0
2016-12-28,139.0,0.0,0.0,0.0,0.0,0.0,0.9994074007397048,-3.0
2016-12-29,157.0,0.0,0.0,0.0,0.0,0.0,0.9998518392091162,18.0
2016-12-30,157.0,0.0,0.0,0.0,0.0,0.0,1.0,0.0
2016-12-31,158.0,0.0,0.0,0.0,0.0,0.0,0.9998518392091162,1.0
2017-01-01,158.0,0.0,0.0,0.0,0.0,0.0,0.9998518392091162,0.0
2017-01-02,157.0,0.0,0.0,0.0,0.0,0.0,0.9994074007397048,-1.0
2017-01-03,153.0,0.0,0.0,0.0,0.0,0.0,0.998666816288476,-4.0
2017-01-04,149.0,0.0,0.0,0.0,0.0,0.0,0.9976303053065857,-4.0
2017-01-05,147.0,0.0,0.0,0.0,0.0,0.0,0.9962981749346078,-2.0
2017-01-06,115.0,0.0,0.0,0.0,0.0,0.0,0.9946708199115211,-32.0
2017-01-07,79.0,0.0,0.0,0.0,0.0,0.0,0.9927487224577402,-36.0
2017-01-08,69.0,0.0,0.0,0.0,0.0,0.0,0.9905324521322229,-10.0
2017-01-09,65.0,0.0,0.0,0.0,0.0,0.0,0.9880226656636976,-4.0
2017-01-10,62.0,0.0,0.0,0.0,0.0,0.0,0.9852201067560606,-3.0
2017-01-11,70.0,0.0,0.0,0.0,0.0,0.0,0.9821256058680006,8.0
2017-01-12,81.0,0.0,0.0,0.0,0.0,0.0,0.9787400799669153,11.0
2017-01-13,89.0,0.0,0.0,0.0,0.0,0.0,0.9750645322571948,8.0
2017-01-14,81.0,0.0,0.0,0.0,0.0,0.0,0.9711000518829505,-8.0
2017-01-15,74.0,0.0,0.0,0.0,0.0,0.0,0.9668478136052775,-7.0
2017-01-16,75.0,0.0,0.0,0.0,0.0,0.0,0.9623090774541486,1.0
2017-01-17,74.0,0.0,0.0,0.0,0.0,0.0,0.9574851883550393,-1.0
2017-01-18,71.0,0.0,0.0,0.0,0.0,0.0,0.9523775757303974,-3.0
2017-01-19,73.0,0.0,0.0,0.0,0.0,0.0,0.9469877530760753,2.0
2017-01-20,77.0,0.0,0.0,0.0,0.0,0.0,0.9413173175128471,4.0
2017-01-21,88.0,0.0,0.0,0.0,0.0,0.0,0.9353679493131483,11.0
2017-01-22,73.0,0.0,0.0,0.0,0.0,0.0,0.9291414114031743,-15.0
2017-01-23,80.0,0.0,0.0,0.0,0.0,0.0,0.9226395488404876,7.0
2017-01-24,83.0,0.0,0.0,0.0,0.0,0.0,0.9158642882672872,3.0
2017-01-25,85.0,0.0,0.0,0.0,0.0,0.0,0.9088176373395029,2.0
2017-01-26,94.0,0.0,0.0,0.0,0.0,0.0,0.901501684131884,9.0
2017-01-27,105.0,0.0,0.0,0.0,0.0,0.0,0.893918596519257,11.0
2017-01-28,100.0,0.0,0.0,0.0,0.0,0.0,0.886070621534138,-5.0
2017-01-29,101.0,0.0,0.0,0.0,0.0,0.0,0.8779600847008882,1.0
2017-01-30,100.0,0.0,0.0,0.0,0.0,0.0,0.869589389346611,-1.0
2017-01-31,101.0,0.0,0.0,0.0,0.0,0.0,0.8609610158889943,1.0
2017-02-01,105.0,0.0,0.0,0.0,0.0,0.0,0.8520775211013093,4.0
2017-02-02,106.0,0.0,0.0,0.0,0.0,0.0,0.8429415373547828,1.0
2017-02-03,105.0,0.0,0.0,0.0,0.0,0.0,0.8335557718385699,-1.0
2017-02-04,99.0,0.0,0.0,0.0,0.0,0.0,0.8239230057575542,-6.0
2017-02-05,102.0,0.0,0.0,0.0,0.0,0.0,0.8140460935082178,3.0
2017-02-06,100.0,0.0,0.0,0.0,0.0,0.0,0.8039279618328213,-2.0
2017-02-07,94.0,0.0,0.0,0.0,0.0,0.0,0.7935716089521474,-6.0
2017-02-08,98.0,0.0,0.0,0.0,0.0,0.0,0.7829801036770629,4.0
2017-02-09,113.0,0.0,0.0,0.0,0.0,0.0,0.7721565844991642,15.0
2017-02-10,105.0,0.0,0.0,0.0,0.0,0.0,0.7611042586607747,-8.0
2017-02-11,109.0,0.0,0.0,0.0,0.0,0.0,0.7498264012045686,4.0
2017-02-12,110.0,0.0,0.0,0.0,0.0,0.0,0.7383263540031065,1.0
2017-02-13,111.0,0.0,0.0,0.0,0.0,0.0,0.7266075247685656,1.0
2017-02-14,96.0,0.0,0.0,0.0,0.0,0.0,0.7146733860429609,-15.0
2017-02-15,94.0,0.0,0.0,0.0,0.0,0.0,0.702527474169157,-2.0
2017-02-16,68.0,0.0,0.0,0.0,0.0,0.0,0.6901733882429719,-26.0
2017-02-17,70.0,0.0,0.0,0.0,0.0,0.0,0.6776147890466889,2.0
2017-02-18,72.0,0.0,0.0,0.0,0.0,0.0,0.6648553979642865,2.0
2017-02-19,70.0,0.0,0.0,0.0,0.0,0.0,0.6518989958787126,-2.0
2017-02-20,75.0,0.0,0.0,0.0,0.0,0.0,0.6387494220515272,5.0
2017-02-21,82.0,0.0,0.0,0.0,0.0,0.0,0.6254105729852463,7.0
2017-02-22,99.0,0.0,0.0,0.0,0.0,0.0,0.6118864012687243,17.0
2017-02-23,123.0,0.0,0.0,0.0,0.0,0.0,0.5981809144059164,24.0
2017-02-24,143.0,0.0,0.0,0.0,0.0,0.0,0.5842981736283683,20.0
2017-02-25,158.0,0.0,0.0,0.0,0.0,0.0,0.5702422926917871,15.0
2017-02-26,167.0,0.0,0.0,0.0,0.0,0.0,0.5560174366570446,9.0
2017-02-27,175.0,0.0,0.0,0.0,0.0,0.0,0.5416278206559814,8.0
2017-02-28,189.0,0.0,0.0,0.0,0.0,0.0,0.5270777086423722,14.0
2017-03-01,201.0,0.0,0.0,0.0,0.0,0.0,0.5123714121284237,12.0
2017-03-02,211.0,0.0,0.0,0.0,0.0,0.0,0.49751328890718066,10.0
2017-03-03,237.0,0.0,0.0,0.0,0.0,0.0,0.48250774176121847,26.0
2017-03-04,250.0,0.0,0.0,0.0,0.0,0.0,0.46735921715800227,13.0
2017-03-05,257.0,0.0,0.0,0.0,0.0,0.0,0.45207220393230435,7.0
2017-03-06,240.0,0.0,0.0,0.0,0.0,0.0,0.43665123195606403,-17.0
2017-03-07,232.0,0.0,0.0,0.0,0.0,0.0,0.4211008707960896,-8.0
2017-03-08,224.0,0.0,0.0,0.0,0.0,0.0,0.40542572835999735,-8.0
2017-03-09,221.0,0.0,0.0,0.0,0.0,0.0,0.38963044953078796,-3.0
2017-03-10,226.0,0.0,0.0,0.0,0.0,0.0,0.37371971479046906,5.0
2017-03-11,218.0,0.0,0.0,0.0,0.0,0.0,0.35769823883312546,-8.0
2017-03-12,223.0,0.0,0.0,0.0,0.0,0.0,0.3415707691678556,5.0
2017-03-13,227.0,0.0,0.0,0.0,0.0,0.0,0.3253420847119801,4.0
2017-03-14,227.0,0.0,0.0,0.0,0.0,0.0,0.30901699437494745,0.0
2017-03-15,228.0,0.0,0.0,0.0,0.0,0.0,0.29260033563334836,1.0
2017-03-16,226.0,0.0,0.0,0.0,0.0,0.0,0.27609697309746883,-2.0
2017-03-17,224.0,0.0,0.0,0.0,0.0,0.0,0.2595117970697999,-2.0
2017-03-18,223.0,0.0,0.0,0.0,0.0,0.0,0.2428497220959356,-1.0
2017-03-19,218.0,0.0,0.0,0.0,0.0,0.0,0.22611568550828828,-5.0
2017-03-20,214.0,0.0,0.0,0.0,0.0,0.0,0.20931464596304847,-4.0
2017-03-21,217.0,0.0,0.0,0.0,0.0,0.0,0.19245158197082998,3.0
2017-03-22,213.0,0.0,0.0,0.0,0.0,0.0,0.1755314904214282,-4.0
2017-03-23,217.0,0.0,0.0,0.0,0.0,0.0,0.15855938510313478,4.0
2017-03-24,217.0,0.0,0.0,0.0,0.0,0.0,0.141540295217043,0.0
2017-03-25,213.0,0.0,0.0,0.0,0.0,0.0,0.12447926388678915,-4.0
2017-03-26,216.0,0.0,0.0,0.0,0.0,0.0,0.10738134666416309,3.0
2017-03-27,213.0,0.0,0.0,0.0,0.0,0.0,0.09025161003104117,-3.0
2017-03-28,209.0,0.0,0.0,0.0,0.0,0.0,0.07309512989807777,-4.0
2017-03-29,205.0,0.0,0.0,0.0,0.0,0.0,0.055916990100603484,-4.0
2017-03-30,202.0,0.0,0.0,0.0,0.0,0.0,0.03872228089217446,-3.0
2017-03-31,198.0,0.0,0.0,0.0,0.0,0.0,0.021516097436222254,-4.0
2017-04-01,199.0,0.0,0.0,0.0,0.0,0.0,0.004303538296244289,1.0
2017-04-02,190.0,0.0,0.0,0.0,0.0,0.0,-0.01291029607500882,-9.0
2017-04-03,180.0,0.0,0.0,0.0,0.0,0.0,-0.030120304846908114,-10.0
2017-04-04,178.0,0.0,0.0,0.0,0.0,0.0,-0.04732138832243185,-2.0
2017-04-05,176.0,0.0,0.0,0.0,0.0,0.0,-0.06450844944931623,-2.0
2017-04-06,172.0,0.0,0.0,0.0,0.0,0.0,-0.08167639533042241,-4.0
2017-04-07,168.0,0.0,0.0,0.0,0.0,0.0,-0.09882013873287143,-4.0
2017-04-08,162.0,0.0,0.0,0.0,0.0,0.0,-0.11593459959550041,-6.0
2017-04-09,162.0,0.0,0.0,0.0,0.0,0.0,-0.1330147065341959,0.0
2017-04-10,158.0,0.0,0.0,0.0,0.0,0.0,-0.1500553983446526,-4.0
2017-04-11,154.0,0.0,0.0,0.0,0.0,0.0,-0.16705162550211924,-4.0
2017-04-12,149.0,0.0,0.0,0.0,0.0,0.0,-0.18399835165768005,-5.0
2017-04-13,148.0,0.0,0.0,0.0,0.0,0.0,-0.20089055513063506,-1.0
2017-04-14,146.0,0.0,0.0,0.0,0.0,0.0,-0.21772323039653177,-2.0
2017-04-15,142.0,0.0,0.0,0.0,0.0,0.0,-0.23449138957040985,-4.0
2017-04-16,144.0,0.0,0.0,0.0,0.0,0.0,-0.25119006388481935,2.0
2017-04-17,145.0,0.0,0.0,0.0,0.0,0.0,-0.2678143051621742,1.0
2017-04-18,148.0,0.0,0.0,0.0,0.0,0.0,-0.2843591872810034,3.0
2017-04-19,144.0,0.0,0.0,0.0,0.0,0.0,-0.30081980763566735,-4.0
2017-04-20,145.0,0.0,0.0,0.0,0.0,0.0,-0.3171912885891061,1.0
2017-04-21,144.0,0.0,0.0,0.0,0.0,0.0,-0.3334687789181868,-1.0
2017-04-22,137.0,0.0,0.0,0.0,0.0,0.0,-0.3496474552512284,-7.0
2017-04-23,139.0,0.0,0.0,0.0,0.0,0.0,-0.36572252349726897,2.0
2017-04-24,136.0,0.0,0.0,0.0,0.0,0.0,-0.3816892202666588,-3.0
2017-04-25,135.0,0.0,0.0,0.0,0.0,0.0,-0.39754281428255595,-1.0
2017-04-26,130.0,0.0,0.0,0.0,0.0,0.0,-0.4132786077829042,-5.0
2017-04-27,129.0,0.0,0.0,0.0,0.0,0.0,-0.4288919379124835,-1.0
2017-04-28,128.0,0.0,0.0,0.0,0.0,0.0,-0.4443781781046132,-1.0
2017-04-29,136.0,0.0,0.0,0.0,0.0,0.0,-0.45973273945210397,8.0
2017-04-30,136.0,0.0,0.0,0.0,0.0,0.0,-0.47495107206704995,0.0
2017-05-01,146.0,0.0,0.0,0.0,0.0,0.0,-0.49002866642905923,10.0
2017-05-02,154.0,0.0,0.0,0.0,0.0,0.0,-0.5049610547215204,8.0
2017-05-03,158.0,0.0,0.0,0.0,0.0,0.0,-0.5197438121555155,4.0
2017-05-04,159.0,0.0,0.0,0.0,0.0,0.0,-0.5343725582809787,1.0
2017-05-05,159.0,0.0,0.0,0.0,0.0,0.0,-0.548842958284719,0.0
2017-05-06,154.0,0.0,0.0,0.0,0.0,0.0,-0.5631507242749186,-5.0
2017-05-07,155.0,0.0,0.0,0.0,0.0,0.0,-0.5772916165517272,1.0
2017-05-08,151.0,0.0,0.0,0.0,0.0,0.0,-0.5912614448635781,-4.0
2017-05-09,152.0,0.0,0.0,0.0,0.0,0.0,-0.6050560696488488,1.0
2017-05-10,161.0,0.0,0.0,0.0,0.0,0.0,-0.6186714032625031,9.0
2017-05-11,165.0,0.0,0.0,0.0,0.0,0.0,-0.6321034111873487,4.0
2017-05-12,168.0,0.0,0.0,0.0,0.0,0.0,-0.6453481132295501,3.0
2017-05-13,165.0,0.0,0.0,0.0,0.0,0.0,-0.6584015846980488,-3.0
2017-05-14,158.0,0.0,0.0,0.0,0.0,0.0,-0.6712599575675313,-7.0
2017-05-15,151.0,0.0,0.0,0.0,0.0,0.0,-0.6839194216246106,-7.0
2017-05-16,143.0,0.0,0.0,0.0,0.0,0.0,-0.6963762255968722,-8.0
2017-05-17,138.0,0.0,0.0,0.0,0.0,0.0,-0.7086266782644596,-5.0
2017-05-18,134.0,0.0,0.0,0.0,0.0,0.0,-0.7206671495538609,-4.0
2017-05-19,130.0,0.0,0.0,0.0,0.0,0.0,-0.7324940716135789,-4.0
2017-05-20,125.0,0.0,0.0,0.0,0.0,0.0,-0.7441039398713607,-5.0
2017-05-21,119.0,0.0,0.0,0.0,0.0,0.0,-0.7554933140726803,-6.0
2017-05-22,110.0,0.0,0.0,0.0,0.0,0.0,-0.766658819300159,-9.0
2017-05-23,105.0,0.0,0.0,0.0,0.0,0.0,-0.777597146973627,-5.0
2017-05-24,101.0,0.0,0.0,0.0,0.0,0.0,-0.7883050558305255,-4.0
2017-05-25,94.0,0.0,0.0,0.0,0.0,0.0,-0.7987793728863649,-7.0
2017-05-26,89.0,0.0,0.0,0.0,0.0,0.0,-0.8090169943749473,-5.0
2017-05-27,82.0,0.0,0.0,0.0,0.0,0.0,-0.8190148866680801,-7.0
2017-05-28,79.0,0.0,0.0,0.0,0.0,0.0,-0.8287700871745037,-3.0
2017-05-29,74.0,0.0,0.0,0.0,0.0,0.0,-0.8382797052177743,-5.0
2017-05-30,70.0,0.0,0.0,0.0,0.0,0.0,-0.8475409228928311,-4.0
2017-05-31,69.0,0.0,0.0,0.0,0.0,0.0,-0.8565509959010036,-1.0
2017-06-01,59.0,0.0,0.0,0.0,0.0,0.0,-0.865307254363206,-10.0
2017-06-02,62.0,0.0,0.0,0.0,0.0,0.0,-0.8738071036110808,3.0
2017-06-03,58.0,0.0,0.0,0.0,0.0,0.0,-0.8820480249558537,-4.0
2017-06-04,56.0,0.0,0.0,0.0,0.0,0.0,-0.8900275764346767,-2.0
2017-06-05,54.0,0.0,0.0,0.0,0.0,0.0,-0.8977433935342337,-2.0
2017-06-06,53.0,0.0,0.0,0.0,0.0,0.0,-0.9051931898913974,-1.0
2017-06-07,51.0,0.0,0.0,0.0,0.0,0.0,-0.9123747579707273,-2.0
2017-06-08,48.0,0.0,0.0,0.0,0.0,0.0,-0.9192859697186104,-3.0
2017-06-09,45.0,0.0,0.0,0.0,0.0,0.0,-0.9259247771938498,-3.0
2017-06-10,47.0,0.0,0.0,0.0,0.0,0.0,-0.9322892131745133,2.0
2017-06-11,42.0,0.0,0.0,0.0,0.0,0.0,-0.9383773917408641,-5.0
2017-06-12,44.0,0.0,0.0,0.0,0.0,0.0,-0.9441875088341993,2.0
2017-06-13,41.0,0.0,0.0,0.0,0.0,0.0,-0.9497178427914316,-3.0
2017-06-14,41.0,0.0,0.0,0.0,0.0,0.0,-0.9549667548552551,0.0
2017-06-15,40.0,0.0,0.0,0.0,0.0,0.0,-0.9599326896597447,-1.0
2017-06-16,41.0,0.0,0.0,0.0,0.0,0.0,-0.9646141756912435,1.0
2017-06-17,39.0,0.0,0.0,0.0,0.0,0.0,-0.9690098257244062,-2.0
2017-06-18,39.0,0.0,0.0,0.0,0.0,0.0,-0.9731183372332619,0.0
2017-06-19,39.0,0.0,0.0,0.0,0.0,0.0,-0.9769384927771817,0.0
2017-06-20,35.0,0.0,0.0,0.0,0.0,0.0,-0.980469160361632,-4.0
2017-06-21,35.0,0.0,0.0,0.0,0.0,0.0,-0.9837092937736097,0.0
2017-06-22,32.0,0.0,0.0,0.0,0.0,0.0,-0.986657932891657,-3.0
2017-06-23,30.0,0.0,0.0,0.0,0.0,0.0,-0.9893142039703663,-2.0
2017-06-24,32.0,0.0,0.0,0.0,0.0,0.0,-0.99167731989929,2.0
2017-06-25,32.0,0.0,0.0,0.0,0.0,0.0,-0.993746580436178,0.0
2017-06-26,34.0,0.0,0.0,0.0,0.0,0.0,-0.9955213724144752,2.0
2017-06-27,27.0,0.0,0.0,0.0,0.0,0.0,-0.9970011699250151,-7.0
2017-06-28,29.0,0.0,0.0,0.0,0.0,0.0,-0.9981855344718586,2.0
2017-06-29,33.0,0.0,0.0,0.0,0.0,0.0,-0.99907411510223,4.0
2017-06-30,37.0,0.0,0.0,0.0,0.0,0.0,-0.9996666485105112,4.0
2017-07-01,33.0,0.0,0.0,0.0,0.0,0.0,-0.9999629591162655,-4.0
2017-07-02,35.0,0.0,0.0,0.0,0.0,0.0,-0.9999629591162655,2.0
2017-07-03,37.0,0.0,0.0,0.0,0.0,0.0,-0.9996666485105112,2.0
2017-07-04,41.0,0.0,0.0,0.0,0.0,0.0,-0.99907411510223,4.0
2017-07-05,44.0,0.0,0.0,0.0,0.0,0.0,-0.9981855344718586,3.0
2017-07-06,48.0,0.0,0.0,0.0,0.0,0.0,-0.9970011699250151,4.0
2017-07-07,43.0,0.0,0.0,0.0,0.0,0.0,-0.9955213724144752,-5.0
2017-07-08,46.0,0.0,0.0,0.0,0.0,0.0,-0.9937465804361781,3.0
2017-07-09,44.0,0.0,0.0,0.0,0.0,0.0,-0.99167731989929,-2.0
2017-07-10,44.0,0.0,0.0,0.0,0.0,0.0,-0.9893142039703664,0.0
2017-07-11,42.0,0.0,0.0,0.0,0.0,0.0,-0.9866579328916572,-2.0
2017-07-12,56.0,0.0,0.0,0.0,0.0,0.0,-0.9837092937736098,14.0
2017-07-13,52.0,0.0,0.0,0.0,0.0,0.0,-0.9804691603616321,-4.0
2017-07-14,51.0,0.0,0.0,0.0,0.0,0.0,-0.9769384927771817,-1.0
2017-07-15,55.0,0.0,0.0,0.0,0.0,0.0,-0.973118337233262,4.0
2017-07-16,51.0,0.0,0.0,0.0,0.0,0.0,-0.9690098257244063,-4.0
2017-07-17,51.0,0.0,0.0,0.0,0.0,0.0,-0.9646141756912435,0.0
2017-07-18,50.0,0.0,0.0,0.0,0.0,0.0,-0.9599326896597445,-1.0
2017-07-19,51.0,0.0,0.0,0.0,0.0,0.0,-0.9549667548552553,1.0
2017-07-20,55.0,0.0,0.0,0.0,0.0,0.0,-0.9497178427914317,4.0
2017-07-21,49.0,0.0,0.0,0.0,0.0,0.0,-0.9441875088341994,-6.0
2017-07-22,49.0,0.0,0.0,0.0,0.0,0.0,-0.9383773917408642,0.0
2017-07-23,44.0,0.0,0.0,0.0,0.0,0.0,-0.9322892131745134,-5.0
2017-07-24,46.0,0.0,0.0,0.0,0.0,0.0,-0.9259247771938499,2.0
2017-07-25,39.0,0.0,0.0,0.0,0.0,0.0,-0.9192859697186105,-7.0
2017-07-26,42.0,0.0,0.0,0.0,0.0,0.0,-0.9123747579707274,3.0
2017-07-27,46.0,0.0,0.0,0.0,0.0,0.0,-0.9051931898913975,4.0
2017-07-28,44.0,0.0,0.0,0.0,0.0,0.0,-0.8977433935342336,-2.0
2017-07-29,45.0,0.0,0.0,0.0,0.0,0.0,-0.8900275764346766,1.0
2017-07-30,51.0,0.0,0.0,0.0,0.0,0.0,-0.8820480249558535,6.0
2017-07-31,57.0,0.0,0.0,0.0,0.0,0.0,-0.8738071036110807,6.0
2017-08-01,59.0,0.0,0.0,0.0,0.0,0.0,-0.8653072543632061,2.0
2017-08-02,58.0,0.0,0.0,0.0,0.0,0.0,-0.8565509959010037,-1.0
2017-08-03,56.0,0.0,0.0,0.0,0.0,0.0,-0.8475409228928312,-2.0
2017-08-04,58.0,0.0,0.0,0.0,0.0,0.0,-0.8382797052177745,2.0
2017-08-05,54.0,0.0,0.0,0.0,0.0,0.0,-0.828770087174504,-4.0
2017-08-06,49.0,0.0,0.0,0.0,0.0,0.0,-0.8190148866680802,-5.0
2017-08-07,52.0,0.0,0.0,0.0,0.0,0.0,-0.8090169943749472,3.0
2017-08-08,45.0,0.0,0.0,0.0,0.0,0.0,-0.7987793728863648,-7.0
2017-08-09,47.0,0.0,0.0,0.0,0.0,0.0,-0.7883050558305253,2.0
2017-08-10,43.0,0.0,0.0,0.0,0.0,0.0,-0.7775971469736268,-4.0
2017-08-11,39.0,0.0,0.0,0.0,0.0,0.0,-0.7666588193001592,-4.0
2017-08-12,42.0,0.0,0.0,0.0,0.0,0.0,-0.7554933140726804,3.0
2017-08-13,40.0,0.0,0.0,0.0,0.0,0.0,-0.7441039398713608,-2.0
2017-08-14,40.0,0.0,0.0,0.0,0.0,0.0,-0.7324940716135792,0.0
2017-08-15,34.0,0.0,0.0,0.0,0.0,0.0,-0.7206671495538615,-6.0
2017-08-16,36.0,0.0,0.0,0.0,0.0,0.0,-0.7086266782644601,2.0
2017-08-17,32.0,0.0,0.0,0.0,0.0,0.0,-0.6963762255968726,-4.0
2017-08-18,30.0,0.0,0.0,0.0,0.0,0.0,-0.6839194216246105,-2.0
2017-08-19,32.0,0.0,0.0,0.0,0.0,0.0,-0.6712599575675315,2.0
2017-08-20,36.0,0.0,0.0,0.0,0.0,0.0,-0.6584015846980489,4.0
2017-08-21,48.0,0.0,0.0,0.0,0.0,0.0,-0.64534811322955,12.0
2017-08-22,42.0,0.0,0.0,0.0,0.0,0.0,-0.6321034111873488,-6.0
2017-08-23,36.0,0.0,0.0,0.0,0.0,0.0,-0.6186714032625032,-6.0
2017-08-24,39.0,0.0,0.0,0.0,0.0,0.0,-0.6050560696488494,3.0
2017-08-25,41.0,0.0,0.0,0.0,0.0,0.0,-0.5912614448635782,2.0
2017-08-26,36.0,0.0,0.0,0.0,0.0,0.0,-0.5772916165517278,-5.0
2017-08-27,35.0,0.0,0.0,0.0,0.0,0.0,-0.5631507242749187,-1.0
2017-08-28,36.0,0.0,0.0,0.0,0.0,0.0,-0.5488429582847199,1.0
2017-08-29,39.0,0.0,0.0,0.0,0.0,0.0,-0.5343725582809785,3.0
2017-08-30,37.0,0.0,0.0,0.0,0.0,0.0,-0.5197438121555157,-2.0
2017-08-31,34.0,0.0,0.0,0.0,0.0,0.0,-0.5049610547215202,-3.0
2017-09-01,35.0,0.0,0.0,0.0,0.0,0.0,-0.4900286664290594,1.0
2017-09-02,35.0,0.0,0.0,0.0,0.0,0.0,-0.4749510720670502,0.0
2017-09-03,34.0,0.0,0.0,0.0,0.0,0.0,-0.4597327394521046,-1.0
2017-09-04,38.0,0.0,0.0,0.0,0.0,0.0,-0.44437817810461344,4.0
2017-09-05,39.0,0.0,0.0,0.0,0.0,0.0,-0.4288919379124841,1.0
2017-09-06,34.0,0.0,0.0,0.0,0.0,0.0,-0.41327860778290443,-5.0
2017-09-07,40.0,0.0,0.0,0.0,0.0,0.0,-0.3975428142825566,6.0
2017-09-08,48.0,0.0,0.0,0.0,0.0,0.0,-0.3816892202666586,8.0
2017-09-09,47.0,0.0,0.0,0.0,0.0,0.0,-0.3657225234972692,-1.0
2017-09-10,47.0,0.0,0.0,0.0,0.0,0.0,-0.34964745525122826,0.0
2017-09-11,50.0,0.0,0.0,0.0,0.0,0.0,-0.33346877891818705,3.0
2017-09-12,51.0,0.0,0.0,0.0,0.0,0.0,-0.31719128858910595,1.0
2017-09-13,59.0,0.0,0.0,0.0,0.0,0.0,-0.300819807635668,8.0
2017-09-14,61.0,0.0,0.0,0.0,0.0,0.0,-0.2843591872810036,2.0
2017-09-15,59.0,0.0,0.0,0.0,0.0,0.0,-0.26781430516217486,-2.0
2017-09-16,63.0,0.0,0.0,0.0,0.0,0.0,-0.25119006388481957,4.0
2017-09-17,65.0,0.0,0.0,0.0,0.0,0.0,-0.23449138957041052,2.0
2017-09-18,63.0,0.0,0.0,0.0,0.0,0.0,-0.21772323039653224,-2.0
2017-09-19,64.0,0.0,0.0,0.0,0.0,0.0,-0.20089055513063528,1.0
2017-09-20,66.0,0.0,0.0,0.0,0.0,0.0,-0.18399835165767986,2.0
2017-09-21,68.0,0.0,0.0,0.0,0.0,0.0,-0.1670516255021195,2.0
2017-09-22,78.0,0.0,0.0,0.0,0.0,0.0,-0.15005539834465262,10.0
2017-09-23,81.0,0.0,0.0,0.0,0.0,0.0,-0.13301470653419636,3.0
2017-09-24,82.0,0.0,0.0,0.0,0.0,0.0,-0.11593459959550066,1.0
2017-09-25,85.0,0.0,0.0,0.0,0.0,0.0,-0.09882013873287211,3.0
2017-09-26,84.0,0.0,0.0,0.0,0.0,0.0,-0.08167639533042288,-1.0
2017-09-27,81.0,0.0,0.0,0.0,0.0,0.0,-0.06450844944931625,-3.0
2017-09-28,78.0,0.0,0.0,0.0,0.0,0.0,-0.04732138832243232,-3.0
2017-09-29,80.0,0.0,0.0,0.0,0.0,0.0,-0.03012030484690836,2.0
2017-09-30,78.0,0.0,0.0,0.0,0.0,0.0,-0.012910296075008843,-2.0
2017-10-01,81.0,0.0,0.0,0.0,0.0,0.0,0.004303538296243821,3.0
2017-10-02,73.0,0.0,0.0,0.0,0.0,0.0,0.021516097436222233,-8.0
2017-10-03,75.0,0.0,0.0,0.0,0.0,0.0,0.03872228089217399,2.0
2017-10-04,77.0,0.0,0.0,0.0,0.0,0.0,0.05591699010060302,2.0
2017-10-05,72.0,0.0,0.0,0.0,0.0,0.0,0.07309512989807776,-5.0
2017-10-06,79.0,0.0,0.0,0.0,0.0,0.0,0.0902516100310407,7.0
2017-10-07,78.0,0.0,0.0,0.0,0.0,0.0,0.10738134666416306,-1.0
2017-10-08,78.0,0.0,0.0,0.0,0.0,0.0,0.12447926388678869,0.0
2017-10-09,79.0,0.0,0.0,0.0,0.0,0.0,0.141540295217043,1.0
2017-10-10,83.0,0.0,0.0,0.0,0.0,0.0,0.15855938510313475,4.0
2017-10-11,88.0,0.0,0.0,0.0,0.0,0.0,0.17553149042142777,5.0
2017-10-12,87.0,0.0,0.0,0.0,0.0,0.0,0.19245158197082995,-1.0
2017-10-13,93.0,0.0,0.0,0.0,0.0,0.0,0.20931464596304888,6.0
2017-10-14,107.0,0.0,0.0,0.0,0.0,0.0,0.22611568550828803,14.0
2017-10-15,111.0,0.0,0.0,0.0,0.0,0.0,0.2428497220959358,4.0
2017-10-16,113.0,0.0,0.0,0.0,0.0,0.0,0.25951179706979943,2.0
2017-10-17,119.0,0.0,0.0,0.0,0.0,0.0,0.27609697309746883,6.0
2017-10-18,121.0,0.0,0.0,0.0,0.0,0.0,0.2926003356333479,2.0
2017-10-19,126.0,0.0,0.0,0.0,0.0,0.0,0.30901699437494723,5.0
2017-10-20,125.0,0.0,0.0,0.0,0.0,0.0,0.3253420847119795,-1.0
2017-10-21,126.0,0.0,0.0,0.0,0.0,0.0,0.341570769167856,1.0
2017-10-22,125.0,0.0,0.0,0.0,0.0,0.0,0.35769823883312546,-1.0
2017-10-23,127.0,0.0,0.0,0.0,0.0,0.0,0.3737197147904692,2.0
2017-10-24,121.0,0.0,0.0,0.0,0.0,0.0,0.38963044953078774,-6.0
2017-10-25,127.0,0.0,0.0,0.0,0.0,0.0,0.4054257283599973,6.0
2017-10-26,124.0,0.0,0.0,0.0,0.0,0.0,0.42110087079608916,-3.0
2017-10-27,123.0,0.0,0.0,0.0,0.0,0.0,0.4366512319560638,-1.0
2017-10-28,123.0,0.0,0.0,0.0,0.0,0.0,0.45207220393230374,0.0
2017-10-29,132.0,0.0,0.0,0.0,0.0,0.0,0.46735921715800205,9.0
2017-10-30,132.0,0.0,0.0,0.0,0.0,0.0,0.48250774176121763,0.0
2017-10-31,144.0,0.0,0.0,0.0,0.0,0.0,0.4975132889071803,12.0
2017-11-01,155.0,0.0,0.0,0.0,0.0,0.0,0.5123714121284235,11.0
2017-11-02,161.0,0.0,0.0,0.0,0.0,0.0,0.5270777086423724,6.0
2017-11-03,163.0,0.0,0.0,0.0,0.0,0.0,0.5416278206559811,2.0
2017-11-04,169.0,0.0,0.0,0.0,0.0,0.0,0.5560174366570446,6.0
2017-11-05,173.0,0.0,0.0,0.0,0.0,0.0,0.5702422926917867,4.0
2017-11-06,176.0,0.0,0.0,0.0,0.0,0.0,0.5842981736283683,3.0
2017-11-07,177.0,0.0,0.0,0.0,0.0,0.0,0.5981809144059159,1.0
2017-11-08,181.0,0.0,0.0,0.0,0.0,0.0,0.6118864012687242,4.0
2017-11-09,183.0,0.0,0.0,0.0,0.0,0.0,0.6254105729852457,2.0
2017-11-10,177.0,0.0,0.0,0.0,0.0,0.0,0.6387494220515268,-6.0
2017-11-11,178.0,0.0,0.0,0.0,0.0,0.0,0.6518989958787125,1.0
2017-11-12,177.0,0.0,0.0,0.0,0.0,0.0,0.6648553979642867,-1.0
2017-11-13,173.0,0.0,0.0,0.0,0.0,0.0,0.6776147890466887,-4.0
2017-11-14,172.0,0.0,0.0,0.0,0.0,0.0,0.690173388242972,-1.0
2017-11-15,174.0,0.0,0.0,0.0,0.0,0.0,0.7025274741691566,2.0
2017-11-16,172.0,0.0,0.0,0.0,0.0,0.0,0.7146733860429608,-2.0
2017-11-17,171.0,0.0,0.0,0.0,0.0,0.0,0.726607524768565,-1.0
2017-11-18,168.0,0.0,0.0,0.0,0.0,0.0,0.7383263540031063,-3.0
2017-11-19,167.0,0.0,0.0,0.0,0.0,0.0,0.749826401204568,-1.0
2017-11-20,164.0,0.0,0.0,0.0,0.0,0.0,0.7611042586607742,-3.0
2017-11-21,161.0,0.0,0.0,0.0,0.0,0.0,0.7721565844991641,-3.0
2017-11-22,158.0,0.0,0.0,0.0,0.0,0.0,0.7829801036770625,-3.0
2017-11-23,157.0,0.0,0.0,0.0,0.0,0.0,0.7935716089521472,-1.0
2017-11-24,155.0,0.0,0.0,0.0,0.0,0.0,0.8039279618328208,-2.0
2017-11-25,151.0,0.0,0.0,0.0,0.0,0.0,0.8140460935082175,-4.0
2017-11-26,149.0,0.0,0.0,0.0,0.0,0.0,0.8239230057575536,-2.0
2017-11-27,145.0,0.0,0.0,0.0,0.0,0.0,0.8335557718385695,-4.0
2017-11-28,147.0,0.0,0.0,0.0,0.0,0.0,0.8429415373547832,2.0
2017-11-29,143.0,0.0,0.0,0.0,0.0,0.0,0.8520775211013093,-4.0
2017-11-30,140.0,0.0,0.0,0.0,0.0,0.0,0.8609610158889945,-3.0
2017-12-01,144.0,0.0,0.0,0.0,0.0,0.0,0.8695893893466109,4.0
2017-12-02,141.0,0.0,0.0,0.0,0.0,0.0,0.8779600847008883,-3.0
2017-12-03,139.0,0.0,0.0,0.0,0.0,0.0,0.8860706215341377,-2.0
2017-12-04,143.0,0.0,0.0,0.0,0.0,0.0,0.893918596519257,4.0
2017-12-05,145.0,0.0,0.0,0.0,0.0,0.0,0.9015016841318838,2.0
2017-12-06,146.0,0.0,0.0,0.0,0.0,0.0,0.9088176373395028,1.0
2017-12-07,149.0,0.0,0.0,0.0,0.0,0.0,0.9158642882672868,3.0
2017-12-08,149.0,0.0,0.0,0.0,0.0,0.0,0.9226395488404875,0.0
2017-12-09,154.0,0.0,0.0,0.0,0.0,0.0,0.9291414114031743,5.0
2017-12-10,154.0,0.0,0.0,0.0,0.0,0.0,0.935367949313148,0.0
2017-12-11,158.0,0.0,0.0,0.0,0.0,0.0,0.941317317512847,4.0
2017-12-12,154.0,0.0,0.0,0.0,0.0,0.0,0.946987753076075,-4.0
2017-12-13,154.0,0.0,0.0,0.0,0.0,0.0,0.9523775757303973,0.0
2017-12-14,155.0,0.0,0.0,0.0,0.0,0.0,0.9574851883550389,1.0
2017-12-15,151.0,0.0,0.0,0.0,0.0,0.0,0.9623090774541487,-4.0
2017-12-16,151.0,0.0,0.0,0.0,0.0,0.0,0.9668478136052773,0.0
2017-12-17,148.0,0.0,0.0,0.0,0.0,0.0,0.9711000518829505,-3.0
2017-12-18,149.0,0.0,0.0,0.0,0.0,0.0,0.9750645322571945,1.0
2017-12-19,148.0,0.0,0.0,0.0,0.0,0.0,0.9787400799669153,-1.0
2017-12-20,146.0,0.0,0.0,0.0,0.0,0.0,0.9821256058680006,-2.0
2017-12-21,146.0,0.0,0.0,0.0,0.0,0.0,0.9852201067560606,0.0
2017-12-22,141.0,0.0,0.0,0.0,0.0,0.0,0.9880226656636976,-5.0
2017-12-23,140.0,0.0,0.0,0.0,0.0,0.0,0.9905324521322227,-1.0
2017-12-24,145.0,0.0,0.0,0.0,0.0,0.0,0.9927487224577402,5.0
2017-12-25,149.0,0.0,0.0,0.0,0.0,0.0,0.9946708199115211,4.0
2017-12-26,158.0,0.0,0.0,0.0,0.0,0.0,0.9962981749346077,9.0
2017-12-27,168.0,0.0,0.0,0.0,0.0,0.0,0.9976303053065857,10.0
2017-12-28,171.0,0.0,0.0,0.0,0.0,0.0,0.9986668162884759,3.0
2017-12-29,177.0,0.0,0.0,0.0,0.0,0.0,0.9994074007397048,6.0
2017-12-30,186.0,0.0,0.0,0.0,0.0,0.0,0.9998518392091162,9.0
2017-12-31,187.0,0.0,0.0,0.0,0.0,0.0,1.0,1.0
2018-01-01,183.0,0.0,0.0,0.0,0.0,0.0,0.9998518392091162,-4.0
2018-01-02,182.0,0.0,0.0,0.0,0.0,0.0,0.9994074007397048,-1.0
2018-01-03,187.0,0.0,0.0,0.0,0.0,0.0,0.998666816288476,5.0
2018-01-04,187.0,0.0,0.0,0.0,0.0,0.0,0.9976303053065857,0.0
2018-01-05,183.0,0.0,0.0,0.0,0.0,0.0,0.9962981749346078,-4.0
2018-01-06,188.0,0.0,0.0,0.0,0.0,0.0,0.9946708199115211,5.0
2018-01-07,183.0,0.0,0.0,0.0,0.0,0.0,0.9927487224577402,-5.0
2018-01-08,185.0,0.0,0.0,0.0,0.0,0.0,0.9905324521322229,2.0
2018-01-09,181.0,0.0,0.0,0.0,0.0,0.0,0.9880226656636976,-4.0
2018-01-10,177.0,0.0,0.0,0.0,0.0,0.0,0.9852201067560606,-4.0
2018-01-11,173.0,0.0,0.0,0.0,0.0,0.0,0.9821256058680006,-4.0
2018-01-12,165.0,0.0,0.0,0.0,0.0,0.0,0.9787400799669153,-8.0
2018-01-13,153.0,0.0,0.0,0.0,0.0,0.0,0.9750645322571948,-12.0
2018-01-14,139.0,0.0,0.0,0.0,0.0,0.0,0.9711000518829505,-14.0
2018-01-15,129.0,0.0,0.0,0.0,0.0,0.0,0.9668478136052775,-10.0
2018-01-16,107.0,0.0,0.0,0.0,0.0,0.0,0.9623090774541486,-22.0
2018-01-17,114.0,0.0,0.0,0.0,0.0,0.0,0.9574851883550393,7.0
2018-01-18,103.0,0.0,0.0,0.0,0.0,0.0,0.9523775757303974,-11.0
2018-01-19,74.0,0.0,0.0,0.0,0.0,0.0,0.9469877530760753,-29.0
2018-01-20,58.0,0.0,0.0,0.0,0.0,0.0,0.9413173175128471,-16.0
2018-01-21,51.0,0.0,0.0,0.0,0.0,0.0,0.9353679493131483,-7.0
2018-01-22,56.0,0.0,0.0,0.0,0.0,0.0,0.9291414114031743,5.0
2018-01-23,64.0,0.0,0.0,0.0,0.0,0.0,0.9226395488404876,8.0
2018-01-24,78.0,0.0,0.0,0.0,0.0,0.0,0.9158642882672872,14.0
2018-01-25,92.0,0.0,0.0,0.0,0.0,0.0,0.9088176373395029,14.0
2018-01-26,76.0,0.0,0.0,0.0,0.0,0.0,0.901501684131884,-16.0
2018-01-27,81.0,0.0,0.0,0.0,0.0,0.0,0.893918596519257,5.0
2018-01-28,82.0,0.0,0.0,0.0,0.0,0.0,0.886070621534138,1.0
2018-01-29,90.0,0.0,0.0,0.0,0.0,0.0,0.8779600847008882,8.0
2018-01-30,100.0,0.0,0.0,0.0,0.0,0.0,0.869589389346611,10.0
2018-01-31,118.0,0.0,0.0,0.0,0.0,0.0,0.8609610158889943,18.0
2018-02-01,131.0,0.0,0.0,0.0,0.0,0.0,0.8520775211013093,13.0
2018-02-02,151.0,0.0,0.0,0.0,0.0,0.0,0.8429415373547828,20.0
2018-02-03,174.0,0.0,0.0,0.0,0.0,0.0,0.8335557718385699,23.0
2018-02-04,192.0,0.0,0.0,0.0,0.0,0.0,0.8239230057575542,18.0
2018-02-05,204.0,0.0,0.0,0.0,0.0,0.0,0.8140460935082178,12.0
2018-02-06,216.0,0.0,0.0,0.0,0.0,0.0,0.8039279618328213,12.0
2018-02-07,219.0,0.0,0.0,0.0,0.0,0.0,0.7935716089521474,3.0
2018-02-08,211.0,0.0,0.0,0.0,0.0,0.0,0.7829801036770629,-8.0
2018-02-09,192.0,0.0,0.0,0.0,0.0,0.0,0.7721565844991642,-19.0
2018-02-10,172.0,0.0,0.0,0.0,0.0,0.0,0.7611042586607747,-20.0
2018-02-11,157.0,0.0,0.0,0.0,0.0,0.0,0.7498264012045686,-15.0
2018-02-12,148.0,0.0,0.0,0.0,0.0,0.0,0.7383263540031065,-9.0
2018-02-13,147.0,0.0,0.0,0.0,0.0,0.0,0.7266075247685656,-1.0
2018-02-14,144.0,0.0,0.0,0.0,0.0,0.0,0.7146733860429609,-3.0
2018-02-15,146.0,0.0,0.0,0.0,0.0,0.0,0.702527474169157,2.0
2018-02-16,148.0,0.0,0.0,0.0,0.0,0.0,0.6901733882429719,2.0
2018-02-17,147.0,0.0,0.0,0.0,0.0,0.0,0.6776147890466889,-1.0
2018-02-18,147.0,0.0,0.0,0.0,0.0,0.0,0.6648553979642865,0.0
2018-02-19,146.0,0.0,0.0,0.0,0.0,0.0,0.6518989958787126,-1.0
2018-02-20,142.0,0.0,0.0,0.0,0.0,0.0,0.6387494220515272,-4.0
2018-02-21,143.0,0.0,0.0,0.0,0.0,0.0,0.6254105729852463,1.0
2018-02-22,139.0,0.0,0.0,0.0,0.0,0.0,0.6118864012687243,-4.0
2018-02-23,140.0,0.0,0.0,0.0,0.0,0.0,0.5981809144059164,1.0
2018-02-24,139.0,0.0,0.0,0.0,0.0,0.0,0.5842981736283683,-1.0
2018-02-25,132.0,0.0,0.0,0.0,0.0,0.0,0.5702422926917871,-7.0
2018-02-26,106.0,0.0,0.0,0.0,0.0,0.0,0.5560174366570446,-26.0
2018-02-27,99.0,0.0,0.0,0.0,0.0,0.0,0.5416278206559814,-7.0
2018-02-28,84.0,0.0,0.0,0.0,0.0,0.0,0.5270777086423722,-15.0
2018-03-01,90.0,0.0,0.0,0.0,0.0,0.0,0.5123714121284237,6.0
2018-03-02,88.0,0.0,0.0,0.0,0.0,0.0,0.49751328890718066,-2.0
2018-03-03,85.0,0.0,0.0,0.0,0.0,0.0,0.48250774176121847,-3.0
2018-03-04,84.0,0.0,0.0,0.0,0.0,0.0,0.46735921715800227,-1.0
2018-03-05,86.0,0.0,0.0,0.0,0.0,0.0,0.45207220393230435,2.0
2018-03-06,82.0,0.0,0.0,0.0,0.0,0.0,0.43665123195606403,-4.0
2018-03-07,71.0,0.0,0.0,0.0,0.0,0.0,0.4211008707960896,-11.0
2018-03-08,75.0,0.0,0.0,0.0,0.0,0.0,0.40542572835999735,4.0
2018-03-09,78.0,0.0,0.0,0.0,0.0,0.0,0.38963044953078796,3.0
2018-03-10,83.0,0.0,0.0,0.0,0.0,0.0,0.37371971479046906,5.0
2018-03-11,95.0,0.0,0.0,0.0,0.0,0.0,0.35769823883312546,12.0
2018-03-12,105.0,0.0,0.0,0.0,0.0,0.0,0.3415707691678556,10.0
2018-03-13,127.0,0.0,0.0,0.0,0.0,0.0,0.3253420847119801,22.0
2018-03-14,150.0,0.0,0.0,0.0,0.0,0.0,0.30901699437494745,23.0
2018-03-15,170.0,0.0,0.0,0.0,0.0,0.0,0.29260033563334836,20.0
2018-03-16,181.0,0.0,0.0,0.0,0.0,0.0,0.27609697309746883,11.0
2018-03-17,190.0,0.0,0.0,0.0,0.0,0.0,0.2595117970697999,9.0
2018-03-18,196.0,0.0,0.0,0.0,0.0,0.0,0.2428497220959356,6.0
2018-03-19,208.0,0.0,0.0,0.0,0.0,0.0,0.22611568550828828,12.0
2018-03-20,208.0,0.0,0.0,0.0,0.0,0.0,0.20931464596304847,0.0
2018-03-21,205.0,0.0,0.0,0.0,0.0,0.0,0.19245158197082998,-3.0
2018-03-22,200.0,0.0,0.0,0.0,0.0,0.0,0.1755314904214282,-5.0
2018-03-23,198.0,0.0,0.0,0.0,0.0,0.0,0.15855938510313478,-2.0
2018-03-24,197.0,0.0,0.0,0.0,0.0,0.0,0.141540295217043,-1.0
2018-03-25,202.0,0.0,0.0,0.0,0.0,0.0,0.12447926388678915,5.0
2018-03-26,215.0,0.0,0.0,0.0,0.0,0.0,0.10738134666416309,13.0
2018-03-27,205.0,0.0,0.0,0.0,0.0,0.0,0.09025161003104117,-10.0
2018-03-28,195.0,0.0,0.0,0.0,0.0,0.0,0.07309512989807777,-10.0
2018-03-29,185.0,0.0,0.0,0.0,0.0,0.0,0.055916990100603484,-10.0
2018-03-30,179.0,0.0,0.0,0.0,0.0,0.0,0.03872228089217446,-6.0
2018-03-31,174.0,0.0,0.0,0.0,0.0,0.0,0.021516097436222254,-5.0
2018-04-01,174.0,0.0,0.0,0.0,0.0,0.0,0.004303538296244289,0.0
2018-04-02,186.0,0.0,0.0,0.0,0.0,0.0,-0.01291029607500882,12.0
2018-04-03,196.0,0.0,0.0,0.0,0.0,0.0,-0.030120304846908114,10.0
2018-04-04,200.0,0.0,0.0,0.0,0.0,0.0,-0.04732138832243185,4.0
2018-04-05,207.0,0.0,0.0,0.0,0.0,0.0,-0.06450844944931623,7.0
2018-04-06,206.0,0.0,0.0,0.0,0.0,0.0,-0.08167639533042241,-1.0
2018-04-07,206.0,0.0,0.0,0.0,0.0,0.0,-0.09882013873287143,0.0
2018-04-08,209.0,0.0,0.0,0.0,0.0,0.0,-0.11593459959550041,3.0
2018-04-09,203.0,0.0,0.0,0.0,0.0,0.0,-0.1330147065341959,-6.0
2018-04-10,197.0,0.0,0.0,0.0,0.0,0.0,-0.1500553983446526,-6.0
2018-04-11,193.0,0.0,0.0,0.0,0.0,0.0,-0.16705162550211924,-4.0
2018-04-12,192.0,0.0,0.0,0.0,0.0,0.0,-0.18399835165768005,-1.0
2018-04-13,192.0,0.0,0.0,0.0,0.0,0.0,-0.20089055513063506,0.0
2018-04-14,189.0,0.0,0.0,0.0,0.0,0.0,-0.21772323039653177,-3.0
2018-04-15,185.0,0.0,0.0,0.0,0.0,0.0,-0.23449138957040985,-4.0
2018-04-16,182.0,0.0,0.0,0.0,0.0,0.0,-0.25119006388481935,-3.0
2018-04-17,179.0,0.0,0.0,0.0,0.0,0.0,-0.2678143051621742,-3.0
2018-04-18,172.0,0.0,0.0,0.0,0.0,0.0,-0.2843591872810034,-7.0
2018-04-19,171.0,0.0,0.0,0.0,0.0,0.0,-0.30081980763566735,-1.0
2018-04-20,166.0,0.0,0.0,0.0,0.0,0.0,-0.3171912885891061,-5.0
2018-04-21,165.0,0.0,0.0,0.0,0.0,0.0,-0.3334687789181868,-1.0
2018-04-22,160.0,0.0,0.0,0.0,0.0,0.0,-0.3496474552512284,-5.0
2018-04-23,156.0,0.0,0.0,0.0,0.0,0.0,-0.36572252349726897,-4.0
2018-04-24,155.0,0.0,0.0,0.0,0.0,0.0,-0.3816892202666588,-1.0
2018-04-25,150.0,0.0,0.0,0.0,0.0,0.0,-0.39754281428255595,-5.0
2018-04-26,146.0,0.0,0.0,0.0,0.0,0.0,-0.4132786077829042,-4.0
2018-04-27,140.0,0.0,0.0,0.0,0.0,0.0,-0.4288919379124835,-6.0
2018-04-28,141.0,0.0,0.0,0.0,0.0,0.0,-0.4443781781046132,1.0
2018-04-29,141.0,0.0,0.0,0.0,0.0,0.0,-0.45973273945210397,0.0
2018-04-30,134.0,0.0,0.0,0.0,0.0,0.0,-0.47495107206704995,-7.0
2018-05-01,131.0,0.0,0.0,0.0,0.0,0.0,-0.49002866642905923,-3.0
2018-05-02,133.0,0.0,0.0,0.0,0.0,0.0,-0.5049610547215204,2.0
2018-05-03,126.0,0.0,0.0,0.0,0.0,0.0,-0.5197438121555155,-7.0
2018-05-04,120.0,0.0,0.0,0.0,0.0,0.0,-0.5343725582809787,-6.0
2018-05-05,114.0,0.0,0.0,0.0,0.0,0.0,-0.548842958284719,-6.0
2018-05-06,110.0,0.0,0.0,0.0,0.0,0.0,-0.5631507242749186,-4.0
2018-05-07,105.0,0.0,0.0,0.0,0.0,0.0,-0.5772916165517272,-5.0
2018-05-08,99.0,0.0,0.0,0.0,0.0,0.0,-0.5912614448635781,-6.0
2018-05-09,90.0,0.0,0.0,0.0,0.0,0.0,-0.6050560696488488,-9.0
2018-05-10,85.0,0.0,0.0,0.0,0.0,0.0,-0.6186714032625031,-5.0
2018-05-11,80.0,0.0,0.0,0.0,0.0,0.0,-0.6321034111873487,-5.0
2018-05-12,75.0,0.0,0.0,0.0,0.0,0.0,-0.6453481132295501,-5.0
2018-05-13,69.0,0.0,0.0,0.0,0.0,0.0,-0.6584015846980488,-6.0
2018-05-14,64.0,0.0,0.0,0.0,0.0,0.0,-0.6712599575675313,-5.0
2018-05-15,60.0,0.0,0.0,0.0,0.0,0.0,-0.6839194216246106,-4.0
2018-05-16,58.0,0.0,0.0,0.0,0.0,0.0,-0.6963762255968722,-2.0
2018-05-17,57.0,0.0,0.0,0.0,0.0,0.0,-0.7086266782644596,-1.0
2018-05-18,51.0,0.0,0.0,0.0,0.0,0.0,-0.7206671495538609,-6.0
2018-05-19,54.0,0.0,0.0,0.0,0.0,0.0,-0.7324940716135789,3.0
2018-05-20,52.0,0.0,0.0,0.0,0.0,0.0,-0.7441039398713607,-2.0
2018-05-21,53.0,0.0,0.0,0.0,0.0,0.0,-0.7554933140726803,1.0
2018-05-22,49.0,0.0,0.0,0.0,0.0,0.0,-0.766658819300159,-4.0
2018-05-23,50.0,0.0,0.0,0.0,0.0,0.0,-0.777597146973627,1.0
2018-05-24,43.0,0.0,0.0,0.0,0.0,0.0,-0.7883050558305255,-7.0
2018-05-25,47.0,0.0,0.0,0.0,0.0,0.0,-0.7987793728863649,4.0
2018-05-26,45.0,0.0,0.0,0.0,0.0,0.0,-0.8090169943749473,-2.0
2018-05-27,40.0,0.0,0.0,0.0,0.0,0.0,-0.8190148866680801,-5.0
2018-05-28,38.0,0.0,0.0,0.0,0.0,0.0,-0.8287700871745037,-2.0
2018-05-29,35.0,0.0,0.0,0.0,0.0,0.0,-0.8382797052177743,-3.0
2018-05-30,32.0,0.0,0.0,0.0,0.0,0.0,-0.8475409228928311,-3.0
2018-05-31,27.0,0.0,0.0,0.0,0.0,0.0,-0.8565509959010036,-5.0
2018-06-01,25.0,0.0,0.0,0.0,0.0,0.0,-0.865307254363206,-2.0
2018-06-02,24.0,0.0,0.0,0.0,0.0,0.0,-0.8738071036110808,-1.0
2018-06-03,17.0,0.0,0.0,0.0,0.0,0.0,-0.8820480249558537,-7.0
2018-06-04,20.0,0.0,0.0,0.0,0.0,0.0,-0.8900275764346767,3.0
2018-06-05,9.0,0.0,0.0,0.0,0.0,0.0,-0.8977433935342337,-11.0
2018-06-06,12.0,0.0,0.0,0.0,0.0,0.0,-0.9051931898913974,3.0
2018-06-07,14.0,0.0,0.0,0.0,0.0,0.0,-0.9123747579707273,2.0
2018-06-08,13.0,0.0,0.0,0.0,0.0,0.0,-0.9192859697186104,-1.0
2018-06-09,6.0,0.0,0.0,0.0,0.0,0.0,-0.9259247771938498,-7.0
2018-06-10,7.0,0.0,0.0,0.0,0.0,0.0,-0.9322892131745133,1.0
2018-06-11,8.0,0.0,0.0,0.0,0.0,0.0,-0.9383773917408641,1.0
2018-06-12,5.0,0.0,0.0,0.0,0.0,0.0,-0.9441875088341993,-3.0
2018-06-13,1.0,0.0,0.0,0.0,0.0,0.0,-0.9497178427914316,-4.0
2018-06-14,8.0,0.0,0.0,0.0,0.0,0.0,-0.9549667548552551,7.0
2018-06-15,-1.0,0.0,0.0,0.0,0.0,0.0,-0.9599326896597447,-9.0
2018-06-16,4.0,0.0,0.0,0.0,0.0,0.0,-0.9646141756912435,5.0
2018-06-17,1.0,0.0,0.0,0.0,0.0,0.0,-0.9690098257244062,-3.0
2018-06-18,-1.0,0.0,0.0,0.0,0.0,0.0,-0.9731183372332619,-2.0
2018-06-19,-2.0,0.0,0.0,0.0,0.0,0.0,-0.9769384927771817,-1.0
2018-06-20,-5.0,0.0,0.0,0.0,0.0,0.0,-0.980469160361632,-3.0
2018-06-21,-7.0,0.0,0.0,0.0,0.0,0.0,-0.9837092937736097,-2.0
2018-06-22,-8.0,0.0,0.0,0.0,0.0,0.0,-0.986657932891657,-1.0
2018-06-23,-4.0,0.0,0.0,0.0,0.0,0.0,-0.9893142039703663,4.0
2018-06-24,-7.0,0.0,0.0,0.0,0.0,0.0,-0.99167731989929,-3.0
2018-06-25,-8.0,0.0,0.0,0.0,0.0,0.0,-0.993746580436178,-1.0
2018-06-26,-4.0,0.0,0.0,0.0,0.0,0.0,-0.9955213724144752,4.0
2018-06-27,-2.0,0.0,0.0,0.0,0.0,0.0,-0.9970011699250151,2.0
2018-06-28,-6.0,0.0,0.0,0.0,0.0,0.0,-0.9981855344718586,-4.0
2018-06-29,0.0,0.0,0.0,0.0,0.0,0.0,-0.99907411510223,6.0
2018-06-30,-8.0,0.0,0.0,0.0,0.0,0.0,-0.9996666485105112,-8.0
2018-07-01,-9.0,0.0,0.0,0.0,0.0,0.0,-0.9999629591162655,-1.0
2018-07-02,-2.0,0.0,0.0,0.0,0.0,0.0,-0.9999629591162655,7.0
2018-07-03,7.0,0.0,0.0,0.0,0.0,0.0,-0.9996666485105112,9.0
2018-07-04,1.0,0.0,0.0,0.0,0.0,0.0,-0.99907411510223,-6.0
2018-07-05,0.0,0.0,0.0,0.0,0.0,0.0,-0.9981855344718586,-1.0
2018-07-06,4.0,0.0,0.0,0.0,0.0,0.0,-0.9970011699250151,4.0
2018-07-07,4.0,0.0,0.0,0.0,0.0,0.0,-0.9955213724144752,0.0
2018-07-08,5.0,0.0,0.0,0.0,0.0,0.0,-0.9937465804361781,1.0
2018-07-09,7.0,0.0,0.0,0.0,0.0,0.0,-0.99167731989929,2.0
2018-07-10,9.0,0.0,0.0,0.0,0.0,0.0,-0.9893142039703664,2.0
2018-07-11,6.0,0.0,0.0,0.0,0.0,0.0,-0.9866579328916572,-3.0
2018-07-12,8.0,0.0,0.0,0.0,0.0,0.0,-0.9837092937736098,2.0
2018-07-13,12.0,0.0,0.0,0.0,0.0,0.0,-0.9804691603616321,4.0
2018-07-14,10.0,0.0,0.0,0.0,0.0,0.0,-0.9769384927771817,-2.0
2018-07-15,16.0,0.0,0.0,0.0,0.0,0.0,-0.973118337233262,6.0
2018-07-16,21.0,0.0,0.0,0.0,0.0,0.0,-0.9690098257244063,5.0
2018-07-17,31.0,0.0,0.0,0.0,0.0,0.0,-0.9646141756912435,10.0
2018-07-18,46.0,0.0,0.0,0.0,0.0,0.0,-0.9599326896597445,15.0
2018-07-19,40.0,0.0,0.0,0.0,0.0,0.0,-0.9549667548552553,-6.0
2018-07-20,45.0,0.0,0.0,0.0,0.0,0.0,-0.9497178427914317,5.0
2018-07-21,43.0,0.0,0.0,0.0,0.0,0.0,-0.9441875088341994,-2.0
2018-07-22,47.0,0.0,0.0,0.0,0.0,0.0,-0.9383773917408642,4.0
2018-07-23,45.0,0.0,0.0,0.0,0.0,0.0,-0.9322892131745134,-2.0
2018-07-24,46.0,0.0,0.0,0.0,0.0,0.0,-0.9259247771938499,1.0
2018-07-25,48.0,0.0,0.0,0.0,0.0,0.0,-0.9192859697186105,2.0
2018-07-26,42.0,0.0,0.0,0.0,0.0,0.0,-0.9123747579707274,-6.0
2018-07-27,39.0,0.0,0.0,0.0,0.0,0.0,-0.9051931898913975,-3.0
2018-07-28,38.0,0.0,0.0,0.0,0.0,0.0,-0.8977433935342336,-1.0
2018-07-29,38.0,0.0,0.0,0.0,0.0,0.0,-0.8900275764346766,0.0
2018-07-30,33.0,0.0,0.0,0.0,0.0,0.0,-0.8820480249558535,-5.0
2018-07-31,35.0,0.0,0.0,0.0,0.0,0.0,-0.8738071036110807,2.0
2018-08-01,28.0,0.0,0.0,0.0,0.0,0.0,-0.8653072543632061,-7.0
2018-08-02,27.0,0.0,0.0,0.0,0.0,0.0,-0.8565509959010037,-1.0
2018-08-03,25.0,0.0,0.0,0.0,0.0,0.0,-0.8475409228928312,-2.0
2018-08-04,19.0,0.0,0.0,0.0,0.0,0.0,-0.8382797052177745,-6.0
2018-08-05,19.0,0.0,0.0,0.0,0.0,0.0,-0.828770087174504,0.0
2018-08-06,15.0,0.0,0.0,0.0,0.0,0.0,-0.8190148866680802,-4.0
2018-08-07,14.0,0.0,0.0,0.0,0.0,0.0,-0.8090169943749472,-1.0
2018-08-08,10.0,0.0,0.0,0.0,0.0,0.0,-0.7987793728863648,-4.0
2018-08-09,8.0,0.0,0.0,0.0,0.0,0.0,-0.7883050558305253,-2.0
2018-08-10,9.0,0.0,0.0,0.0,0.0,0.0,-0.7775971469736268,1.0
2018-08-11,3.0,0.0,0.0,0.0,0.0,0.0,-0.7666588193001592,-6.0
2018-08-12,2.0,0.0,0.0,0.0,0.0,0.0,-0.7554933140726804,-1.0
2018-08-13,1.0,0.0,0.0,0.0,0.0,0.0,-0.7441039398713608,-1.0
2018-08-14,5.0,0.0,0.0,0.0,0.0,0.0,-0.7324940716135792,4.0
2018-08-15,0.0,0.0,0.0,0.0,0.0,0.0,-0.7206671495538615,-5.0
2018-08-16,-1.0,0.0,0.0,0.0,0.0,0.0,-0.7086266782644601,-1.0
2018-08-17,2.0,0.0,0.0,0.0,0.0,0.0,-0.6963762255968726,3.0
2018-08-18,-1.0,0.0,0.0,0.0,0.0,0.0,-0.6839194216246105,-3.0
2018-08-19,1.0,0.0,0.0,0.0,0.0,0.0,-0.6712599575675315,2.0
2018-08-20,-4.0,0.0,0.0,0.0,0.0,0.0,-0.6584015846980489,-5.0
2018-08-21,-6.0,0.0,0.0,0.0,0.0,0.0,-0.64534811322955,-2.0
2018-08-22,-7.0,0.0,0.0,0.0,0.0,0.0,-0.6321034111873488,-1.0
2018-08-23,-3.0,0.0,0.0,0.0,0.0,0.0,-0.6186714032625032,4.0
2018-08-24,-7.0,0.0,0.0,0.0,0.0,0.0,-0.6050560696488494,-4.0
2018-08-25,-6.0,0.0,0.0,0.0,0.0,0.0,-0.5912614448635782,1.0
2018-08-26,-8.0,0.0,0.0,0.0,0.0,0.0,-0.5772916165517278,-2.0
2018-08-27,-3.0,0.0,0.0,0.0,0.0,0.0,-0.5631507242749187,5.0
2018-08-28,-4.0,0.0,0.0,0.0,0.0,0.0,-0.5488429582847199,-1.0
2018-08-29,-2.0,0.0,0.0,0.0,0.0,0.0,-0.5343725582809785,2.0
2018-08-30,-2.0,0.0,0.0,0.0,0.0,0.0,-0.5197438121555157,0.0
2018-08-31,1.0,0.0,0.0,0.0,0.0,0.0,-0.5049610547215202,3.0
2018-09-01,-2.0,0.0,0.0,0.0,0.0,0.0,-0.4900286664290594,-3.0
2018-09-02,-3.0,0.0,0.0,0.0,0.0,0.0,-0.4749510720670502,-1.0
2018-09-03,1.0,0.0,0.0,0.0,0.0,0.0,-0.4597327394521046,4.0
2018-09-04,1.0,0.0,0.0,0.0,0.0,0.0,-0.44437817810461344,0.0
2018-09-05,-1.0,0.0,0.0,0.0,0.0,0.0,-0.4288919379124841,-2.0
2018-09-06,2.0,0.0,0.0,0.0,0.0,0.0,-0.41327860778290443,3.0
2018-09-07,4.0,0.0,0.0,0.0,0.0,0.0,-0.3975428142825566,2.0
2018-09-08,2.0,0.0,0.0,0.0,0.0,0.0,-0.3816892202666586,-2.0
2018-09-09,7.0,0.0,0.0,0.0,0.0,0.0,-0.3657225234972692,5.0
2018-09-10,-2.0,0.0,0.0,0.0,0.0,0.0,-0.34964745525122826,-9.0
2018-09-11,3.0,0.0,0.0,0.0,0.0,0.0,-0.33346877891818705,5.0
2018-09-12,7.0,0.0,0.0,0.0,0.0,0.0,-0.31719128858910595,4.0
2018-09-13,-5.0,0.0,0.0,0.0,0.0,0.0,-0.300819807635668,-12.0
2018-09-14,2.0,0.0,0.0,0.0,0.0,0.0,-0.2843591872810036,7.0
2018-09-15,0.0,0.0,0.0,0.0,0.0,0.0,-0.26781430516217486,-2.0
2018-09-16,-6.0,0.0,0.0,0.0,0.0,0.0,-0.25119006388481957,-6.0
2018-09-17,-2.0,0.0,0.0,0.0,0.0,0.0,-0.23449138957041052,4.0
2018-09-18,2.0,0.0,0.0,0.0,0.0,0.0,-0.21772323039653224,4.0
2018-09-19,-1.0,0.0,0.0,0.0,0.0,0.0,-0.20089055513063528,-3.0
2018-09-20,-4.0,0.0,0.0,0.0,0.0,0.0,-0.18399835165767986,-3.0
2018-09-21,-2.0,0.0,0.0,0.0,0.0,0.0,-0.1670516255021195,2.0
2018-09-22,-2.0,0.0,0.0,0.0,0.0,0.0,-0.15005539834465262,0.0
2018-09-23,-7.0,0.0,0.0,0.0,0.0,0.0,-0.13301470653419636,-5.0
2018-09-24,2.0,0.0,0.0,0.0,0.0,0.0,-0.11593459959550066,9.0
2018-09-25,4.0,0.0,0.0,0.0,0.0,0.0,-0.09882013873287211,2.0
2018-09-26,5.0,0.0,0.0,0.0,0.0,0.0,-0.08167639533042288,1.0
2018-09-27,6.0,0.0,0.0,0.0,0.0,0.0,-0.06450844944931625,1.0
2018-09-28,9.0,0.0,0.0,0.0,0.0,0.0,-0.04732138832243232,3.0
2018-09-29,13.0,0.0,0.0,0.0,0.0,0.0,-0.03012030484690836,4.0
2018-09-30,15.0,0.0,0.0,0.0,0.0,0.0,-0.012910296075008843,2.0
2018-10-01,13.0,0.0,0.0,0.0,0.0,0.0,0.004303538296243821,-2.0
2018-10-02,11.0,0.0,0.0,0.0,0.0,0.0,0.021516097436222233,-2.0
2018-10-03,17.0,0.0,0.0,0.0,0.0,0.0,0.03872228089217399,6.0
2018-10-04,8.0,0.0,0.0,0.0,0.0,0.0,0.05591699010060302,-9.0
2018-10-05,17.0,0.0,0.0,0.0,0.0,0.0,0.07309512989807776,9.0
2018-10-06,10.0,0.0,0.0,0.0,0.0,0.0,0.0902516100310407,-7.0
2018-10-07,10.0,0.0,0.0,0.0,0.0,0.0,0.10738134666416306,0.0
2018-10-08,10.0,0.0,0.0,0.0,0.0,0.0,0.12447926388678869,0.0
2018-10-09,13.0,0.0,0.0,0.0,0.0,0.0,0.141540295217043,3.0
2018-10-10,10.0,0.0,0.0,0.0,0.0,0.0,0.15855938510313475,-3.0
2018-10-11,10.0,0.0,0.0,0.0,0.0,0.0,0.17553149042142777,0.0
2018-10-12,9.0,0.0,0.0,0.0,0.0,0.0,0.19245158197082995,-1.0
2018-10-13,8.0,0.0,0.0,0.0,0.0,0.0,0.20931464596304888,-1.0
2018-10-14,8.0,0.0,0.0,0.0,0.0,0.0,0.22611568550828803,0.0
2018-10-15,8.0,0.0,0.0,0.0,0.0,0.0,0.2428497220959358,0.0
2018-10-16,8.0,0.0,0.0,0.0,0.0,0.0,0.25951179706979943,0.0
2018-10-17,9.0,0.0,0.0,0.0,0.0,0.0,0.27609697309746883,1.0
2018-10-18,5.0,0.0,0.0,0.0,0.0,0.0,0.2926003356333479,-4.0
2018-10-19,3.0,0.0,0.0,0.0,0.0,0.0,0.30901699437494723,-2.0
2018-10-20,9.0,0.0,0.0,0.0,0.0,0.0,0.3253420847119795,6.0
2018-10-21,4.0,0.0,0.0,0.0,0.0,0.0,0.341570769167856,-5.0
2018-10-22,4.0,0.0,0.0,0.0,0.0,0.0,0.35769823883312546,0.0
2018-10-23,9.0,0.0,0.0,0.0,0.0,0.0,0.3737197147904692,5.0
2018-10-24,10.0,0.0,0.0,0.0,0.0,0.0,0.38963044953078774,1.0
2018-10-25,13.0,0.0,0.0,0.0,0.0,0.0,0.4054257283599973,3.0
2018-10-26,18.0,0.0,0.0,0.0,0.0,0.0,0.42110087079608916,5.0
2018-10-27,19.0,0.0,0.0,0.0,0.0,0.0,0.4366512319560638,1.0
2018-10-28,11.0,0.0,0.0,0.0,0.0,0.0,0.45207220393230374,-8.0
2018-10-29,24.0,0.0,0.0,0.0,0.0,0.0,0.46735921715800205,13.0
2018-10-30,25.0,0.0,0.0,0.0,0.0,0.0,0.48250774176121763,1.0
2018-10-31,28.0,0.0,0.0,0.0,0.0,0.0,0.4975132889071803,3.0
2018-11-01,27.0,0.0,0.0,0.0,0.0,0.0,0.5123714121284235,-1.0
2018-11-02,30.0,0.0,0.0,0.0,0.0,0.0,0.5270777086423724,3.0
2018-11-03,32.0,0.0,0.0,0.0,0.0,0.0,0.5416278206559811,2.0
2018-11-04,39.0,0.0,0.0,0.0,0.0,0.0,0.5560174366570446,7.0
2018-11-05,39.0,0.0,0.0,0.0,0.0,0.0,0.5702422926917867,0.0
2018-11-06,38.0,0.0,0.0,0.0,0.0,0.0,0.5842981736283683,-1.0
2018-11-07,38.0,0.0,0.0,0.0,0.0,0.0,0.5981809144059159,0.0
2018-11-08,40.0,0.0,0.0,0.0,0.0,0.0,0.6118864012687242,2.0
2018-11-09,36.0,0.0,0.0,0.0,0.0,0.0,0.6254105729852457,-4.0
2018-11-10,36.0,0.0,0.0,0.0,0.0,0.0,0.6387494220515268,0.0
2018-11-11,36.0,0.0,0.0,0.0,0.0,0.0,0.6518989958787125,0.0
2018-11-12,36.0,0.0,0.0,0.0,0.0,0.0,0.6648553979642867,0.0
2018-11-13,37.0,0.0,0.0,0.0,0.0,0.0,0.6776147890466887,1.0
2018-11-14,35.0,0.0,0.0,0.0,0.0,0.0,0.690173388242972,-2.0
2018-11-15,34.0,0.0,0.0,0.0,0.0,0.0,0.7025274741691566,-1.0
2018-11-16,34.0,0.0,0.0,0.0,0.0,0.0,0.7146733860429608,0.0
2018-11-17,37.0,0.0,0.0,0.0,0.0,0.0,0.726607524768565,3.0
2018-11-18,32.0,0.0,0.0,0.0,0.0,0.0,0.7383263540031063,-5.0
2018-11-19,38.0,0.0,0.0,0.0,0.0,0.0,0.749826401204568,6.0
2018-11-20,42.0,0.0,0.0,0.0,0.0,0.0,0.7611042586607742,4.0
2018-11-21,35.0,0.0,0.0,0.0,0.0,0.0,0.7721565844991641,-7.0
2018-11-22,36.0,0.0,0.0,0.0,0.0,0.0,0.7829801036770625,1.0
2018-11-23,39.0,0.0,0.0,0.0,0.0,0.0,0.7935716089521472,3.0
2018-11-24,40.0,0.0,0.0,0.0,0.0,0.0,0.8039279618328208,1.0
2018-11-25,35.0,0.0,0.0,0.0,0.0,0.0,0.8140460935082175,-5.0
2018-11-26,37.0,0.0,0.0,0.0,0.0,0.0,0.8239230057575536,2.0
2018-11-27,35.0,0.0,0.0,0.0,0.0,0.0,0.8335557718385695,-2.0
2018-11-28,34.0,0.0,0.0,0.0,0.0,0.0,0.8429415373547832,-1.0
2018-11-29,35.0,0.0,0.0,0.0,0.0,0.0,0.8520775211013093,1.0
2018-11-30,30.0,0.0,0.0,0.0,0.0,0.0,0.8609610158889945,-5.0
2018-12-01,20.0,0.0,0.0,0.0,0.0,0.0,0.8695893893466109,-10.0
2018-12-02,0.0,0.0,0.0,0.0,0.0,0.0,0.8779600847008883,-20.0
2018-12-03,-1.0,0.0,0.0,0.0,0.0,0.0,0.8860706215341377,-1.0
2018-12-04,-14.0,0.0,0.0,0.0,0.0,0.0,0.893918596519257,-13.0
2018-12-05,-16.0,0.0,0.0,0.0,0.0,0.0,0.9015016841318838,-2.0
2018-12-06,-9.0,0.0,0.0,0.0,0.0,0.0,0.9088176373395028,7.0
2018-12-07,6.0,0.0,0.0,0.0,0.0,0.0,0.9158642882672868,15.0
2018-12-08,24.0,0.0,0.0,0.0,0.0,0.0,0.9226395488404875,18.0
2018-12-09,27.0,0.0,0.0,0.0,0.0,0.0,0.9291414114031743,3.0
2018-12-10,36.0,0.0,0.0,0.0,0.0,0.0,0.935367949313148,9.0
2018-12-11,50.0,0.0,0.0,0.0,0.0,0.0,0.941317317512847,14.0
2018-12-12,69.0,0.0,0.0,0.0,0.0,0.0,0.946987753076075,19.0
2018-12-13,77.0,0.0,0.0,0.0,0.0,0.0,0.9523775757303973,8.0
2018-12-14,91.0,0.0,0.0,0.0,0.0,0.0,0.9574851883550389,14.0
2018-12-15,96.0,0.0,0.0,0.0,0.0,0.0,0.9623090774541487,5.0
2018-12-16,105.0,0.0,0.0,0.0,0.0,0.0,0.9668478136052773,9.0
2018-12-17,98.0,0.0,0.0,0.0,0.0,0.0,0.9711000518829505,-7.0
2018-12-18,80.0,0.0,0.0,0.0,0.0,0.0,0.9750645322571945,-18.0
2018-12-19,55.0,0.0,0.0,0.0,0.0,0.0,0.9787400799669153,-25.0
2018-12-20,51.0,0.0,0.0,0.0,0.0,0.0,0.9821256058680006,-4.0
2018-12-21,52.0,0.0,0.0,0.0,0.0,0.0,0.9852201067560606,1.0
2018-12-22,40.0,0.0,0.0,0.0,0.0,0.0,0.9880226656636976,-12.0
2018-12-23,41.0,0.0,0.0,0.0,0.0,0.0,0.9905324521322227,1.0
2018-12-24,38.0,0.0,0.0,0.0,0.0,0.0,0.9927487224577402,-3.0
2018-12-25,36.0,0.0,0.0,0.0,0.0,0.0,0.9946708199115211,-2.0
2018-12-26,51.0,0.0,0.0,0.0,0.0,0.0,0.9962981749346077,15.0
2018-12-27,61.0,0.0,0.0,0.0,0.0,0.0,0.9976303053065857,10.0
2018-12-28,68.0,0.0,0.0,0.0,0.0,0.0,0.9986668162884759,7.0
2018-12-29,78.0,0.0,0.0,0.0,0.0,0.0,0.9994074007397048,10.0
2018-12-30,90.0,0.0,0.0,0.0,0.0,0.0,0.9998518392091162,12.0
2018-12-31,112.0,0.0,0.0,0.0,0.0,0.0,1.0,22.0
2019-01-01,144.0,0.0,0.0,0.0,0.0,0.0,0.9998518392091162,32.0
2019-01-02,170.0,0.0,0.0,0.0,0.0,0.0,0.9994074007397048,26.0
2019-01-03,140.0,0.0,0.0,0.0,0.0,0.0,0.998666816288476,-30.0
2019-01-04,131.0,0.0,0.0,0.0,0.0,0.0,0.9976303053065857,-9.0
2019-01-05,136.0,0.0,0.0,0.0,0.0,0.0,0.9962981749346078,5.0
2019-01-06,123.0,0.0,0.0,0.0,0.0,0.0,0.9946708199115211,-13.0
2019-01-07,108.0,0.0,0.0,0.0,0.0,0.0,0.9927487224577402,-15.0
2019-01-08,97.0,0.0,0.0,0.0,0.0,0.0,0.9905324521322229,-11.0
2019-01-09,75.0,0.0,0.0,0.0,0.0,0.0,0.9880226656636976,-22.0
2019-01-10,65.0,0.0,0.0,0.0,0.0,0.0,0.9852201067560606,-10.0
2019-01-11,72.0,0.0,0.0,0.0,0.0,0.0,0.9821256058680006,7.0
2019-01-12,75.0,0.0,0.0,0.0,0.0,0.0,0.9787400799669153,3.0
2019-01-13,57.0,0.0,0.0,0.0,0.0,0.0,0.9750645322571948,-18.0
2019-01-14,30.0,0.0,0.0,0.0,0.0,0.0,0.9711000518829505,-27.0
2019-01-15,31.0,0.0,0.0,0.0,0.0,0.0,0.9668478136052775,1.0
2019-01-16,33.0,0.0,0.0,0.0,0.0,0.0,0.9623090774541486,2.0
2019-01-17,40.0,0.0,0.0,0.0,0.0,0.0,0.9574851883550393,7.0
2019-01-18,50.0,0.0,0.0,0.0,0.0,0.0,0.9523775757303974,10.0
2019-01-19,52.0,0.0,0.0,0.0,0.0,0.0,0.9469877530760753,2.0
2019-01-20,65.0,0.0,0.0,0.0,0.0,0.0,0.9413173175128471,13.0
2019-01-21,71.0,0.0,0.0,0.0,0.0,0.0,0.9353679493131483,6.0
2019-01-22,79.0,0.0,0.0,0.0,0.0,0.0,0.9291414114031743,8.0
2019-01-23,83.0,0.0,0.0,0.0,0.0,0.0,0.9226395488404876,4.0
2019-01-24,98.0,0.0,0.0,0.0,0.0,0.0,0.9158642882672872,15.0
2019-01-25,111.0,0.0,0.0,0.0,0.0,0.0,0.9088176373395029,13.0
2019-01-26,115.0,0.0,0.0,0.0,0.0,0.0,0.901501684131884,4.0
2019-01-27,110.0,0.0,0.0,0.0,0.0,0.0,0.893918596519257,-5.0
2019-01-28,111.0,0.0,0.0,0.0,0.0,0.0,0.886070621534138,1.0
2019-01-29,113.0,0.0,0.0,0.0,0.0,0.0,0.8779600847008882,2.0
2019-01-30,100.0,0.0,0.0,0.0,0.0,0.0,0.869589389346611,-13.0
2019-01-31,61.0,0.0,0.0,0.0,0.0,0.0,0.8609610158889943,-39.0
2019-02-01,57.0,0.0,0.0,0.0,0.0,0.0,0.8520775211013093,-4.0
2019-02-02,64.0,0.0,0.0,0.0,0.0,0.0,0.8429415373547828,7.0
2019-02-03,70.0,0.0,0.0,0.0,0.0,0.0,0.8335557718385699,6.0
2019-02-04,71.0,0.0,0.0,0.0,0.0,0.0,0.8239230057575542,1.0
2019-02-05,78.0,0.0,0.0,0.0,0.0,0.0,0.8140460935082178,7.0
2019-02-06,88.0,0.0,0.0,0.0,0.0,0.0,0.8039279618328213,10.0
2019-02-07,93.0,0.0,0.0,0.0,0.0,0.0,0.7935716089521474,5.0
2019-02-08,98.0,0.0,0.0,0.0,0.0,0.0,0.7829801036770629,5.0
2019-02-09,104.0,0.0,0.0,0.0,0.0,0.0,0.7721565844991642,6.0
2019-02-10,109.0,0.0,0.0,0.0,0.0,0.0,0.7611042586607747,5.0
2019-02-11,111.0,0.0,0.0,0.0,0.0,0.0,0.7498264012045686,2.0
2019-02-12,113.0,0.0,0.0,0.0,0.0,0.0,0.7383263540031065,2.0
2019-02-13,114.0,0.0,0.0,0.0,0.0,0.0,0.7266075247685656,1.0
2019-02-14,119.0,0.0,0.0,0.0,0.0,0.0,0.7146733860429609,5.0
2019-02-15,119.0,0.0,0.0,0.0,0.0,0.0,0.702527474169157,0.0
2019-02-16,123.0,0.0,0.0,0.0,0.0,0.0,0.6901733882429719,4.0
2019-02-17,132.0,0.0,0.0,0.0,0.0,0.0,0.6776147890466889,9.0
2019-02-18,135.0,0.0,0.0,0.0,0.0,0.0,0.6648553979642865,3.0
2019-02-19,142.0,0.0,0.0,0.0,0.0,0.0,0.6518989958787126,7.0
2019-02-20,160.0,0.0,0.0,0.0,0.0,0.0,0.6387494220515272,18.0
2019-02-21,158.0,0.0,0.0,0.0,0.0,0.0,0.6254105729852463,-2.0
2019-02-22,136.0,0.0,0.0,0.0,0.0,0.0,0.6118864012687243,-22.0
2019-02-23,134.0,0.0,0.0,0.0,0.0,0.0,0.5981809144059164,-2.0
2019-02-24,120.0,0.0,0.0,0.0,0.0,0.0,0.5842981736283683,-14.0
2019-02-25,112.0,0.0,0.0,0.0,0.0,0.0,0.5702422926917871,-8.0
2019-02-26,110.0,0.0,0.0,0.0,0.0,0.0,0.5560174366570446,-2.0
2019-02-27,110.0,0.0,0.0,0.0,0.0,0.0,0.5416278206559814,0.0
2019-02-28,107.0,0.0,0.0,0.0,0.0,0.0,0.5270777086423722,-3.0
2019-03-01,99.0,0.0,0.0,0.0,0.0,0.0,0.5123714121284237,-8.0
2019-03-02,102.0,0.0,0.0,0.0,0.0,0.0,0.49751328890718066,3.0
2019-03-03,105.0,0.0,0.0,0.0,0.0,0.0,0.48250774176121847,3.0
2019-03-04,99.0,0.0,0.0,0.0,0.0,0.0,0.46735921715800227,-6.0
2019-03-05,103.0,0.0,0.0,0.0,0.0,0.0,0.45207220393230435,4.0
2019-03-06,101.0,0.0,0.0,0.0,0.0,0.0,0.43665123195606403,-2.0
2019-03-07,111.0,0.0,0.0,0.0,0.0,0.0,0.4211008707960896,10.0
2019-03-08,107.0,0.0,0.0,0.0,0.0,0.0,0.40542572835999735,-4.0
2019-03-09,106.0,0.0,0.0,0.0,0.0,0.0,0.38963044953078796,-1.0
2019-03-10,114.0,0.0,0.0,0.0,0.0,0.0,0.37371971479046906,8.0
2019-03-11,113.0,0.0,0.0,0.0,0.0,0.0,0.35769823883312546,-1.0
2019-03-12,116.0,0.0,0.0,0.0,0.0,0.0,0.3415707691678556,3.0
2019-03-13,118.0,0.0,0.0,0.0,0.0,0.0,0.3253420847119801,2.0
2019-03-14,122.0,0.0,0.0,0.0,0.0,0.0,0.30901699437494745,4.0
2019-03-15,119.0,0.0,0.0,0.0,0.0,0.0,0.29260033563334836,-3.0
2019-03-16,124.0,0.0,0.0,0.0,0.0,0.0,0.27609697309746883,5.0
2019-03-17,121.0,0.0,0.0,0.0,0.0,0.0,0.2595117970697999,-3.0
2019-03-18,129.0,0.0,0.0,0.0,0.0,0.0,0.2428497220959356,8.0
2019-03-19,127.0,0.0,0.0,0.0,0.0,0.0,0.22611568550828828,-2.0
2019-03-20,132.0,0.0,0.0,0.0,0.0,0.0,0.20931464596304847,5.0
2019-03-21,135.0,0.0,0.0,0.0,0.0,0.0,0.19245158197082998,3.0
2019-03-22,130.0,0.0,0.0,0.0,0.0,0.0,0.1755314904214282,-5.0
2019-03-23,131.0,0.0,0.0,0.0,0.0,0.0,0.15855938510313478,1.0
2019-03-24,127.0,0.0,0.0,0.0,0.0,0.0,0.141540295217043,-4.0
2019-03-25,123.0,0.0,0.0,0.0,0.0,0.0,0.12447926388678915,-4.0
2019-03-26,122.0,0.0,0.0,0.0,0.0,0.0,0.10738134666416309,-1.0
2019-03-27,119.0,0.0,0.0,0.0,0.0,0.0,0.09025161003104117,-3.0
2019-03-28,123.0,0.0,0.0,0.0,0.0,0.0,0.07309512989807777,4.0
2019-03-29,116.0,0.0,0.0,0.0,0.0,0.0,0.055916990100603484,-7.0
2019-03-30,114.0,0.0,0.0,0.0,0.0,0.0,0.03872228089217446,-2.0
2019-03-31,111.0,0.0,0.0,0.0,0.0,0.0,0.021516097436222254,-3.0
2019-04-01,106.0,0.0,0.0,0.0,0.0,0.0,0.004303538296244289,-5.0
2019-04-02,106.0,0.0,0.0,0.0,0.0,0.0,-0.01291029607500882,0.0
2019-04-03,103.0,0.0,0.0,0.0,0.0,0.0,-0.030120304846908114,-3.0
2019-04-04,96.0,0.0,0.0,0.0,0.0,0.0,-0.04732138832243185,-7.0
2019-04-05,92.0,0.0,0.0,0.0,0.0,0.0,-0.06450844944931623,-4.0
2019-04-06,88.0,0.0,0.0,0.0,0.0,0.0,-0.08167639533042241,-4.0
2019-04-07,83.0,0.0,0.0,0.0,0.0,0.0,-0.09882013873287143,-5.0
2019-04-08,79.0,0.0,0.0,0.0,0.0,0.0,-0.11593459959550041,-4.0
2019-04-09,76.0,0.0,0.0,0.0,0.0,0.0,-0.1330147065341959,-3.0
2019-04-10,75.0,0.0,0.0,0.0,0.0,0.0,-0.1500553983446526,-1.0
2019-04-11,74.0,0.0,0.0,0.0,0.0,0.0,-0.16705162550211924,-1.0
2019-04-12,65.0,0.0,0.0,0.0,0.0,0.0,-0.18399835165768005,-9.0
2019-04-13,71.0,0.0,0.0,0.0,0.0,0.0,-0.20089055513063506,6.0
2019-04-14,60.0,0.0,0.0,0.0,0.0,0.0,-0.21772323039653177,-11.0
2019-04-15,64.0,0.0,0.0,0.0,0.0,0.0,-0.23449138957040985,4.0
2019-04-16,60.0,0.0,0.0,0.0,0.0,0.0,-0.25119006388481935,-4.0
2019-04-17,56.0,0.0,0.0,0.0,0.0,0.0,-0.2678143051621742,-4.0
2019-04-18,56.0,0.0,0.0,0.0,0.0,0.0,-0.2843591872810034,0.0
2019-04-19,51.0,0.0,0.0,0.0,0.0,0.0,-0.30081980763566735,-5.0
2019-04-20,56.0,0.0,0.0,0.0,0.0,0.0,-0.3171912885891061,5.0
2019-04-21,50.0,0.0,0.0,0.0,0.0,0.0,-0.3334687789181868,-6.0
2019-04-22,54.0,0.0,0.0,0.0,0.0,0.0,-0.3496474552512284,4.0
2019-04-23,50.0,0.0,0.0,0.0,0.0,0.0,-0.36572252349726897,-4.0
2019-04-24,52.0,0.0,0.0,0.0,0.0,0.0,-0.3816892202666588,2.0
2019-04-25,50.0,0.0,0.0,0.0,0.0,0.0,-0.39754281428255595,-2.0
2019-04-26,50.0,0.0,0.0,0.0,0.0,0.0,-0.4132786077829042,0.0
2019-04-27,45.0,0.0,0.0,0.0,0.0,0.0,-0.4288919379124835,-5.0
2019-04-28,46.0,0.0,0.0,0.0,0.0,0.0,-0.4443781781046132,1.0
2019-04-29,45.0,0.0,0.0,0.0,0.0,0.0,-0.45973273945210397,-1.0
2019-04-30,47.0,0.0,0.0,0.0,0.0,0.0,-0.47495107206704995,2.0
2019-05-01,45.0,0.0,0.0,0.0,0.0,0.0,-0.49002866642905923,-2.0
2019-05-02,43.0,0.0,0.0,0.0,0.0,0.0,-0.5049610547215204,-2.0
2019-05-03,36.0,0.0,0.0,0.0,0.0,0.0,-0.5197438121555155,-7.0
2019-05-04,42.0,0.0,0.0,0.0,0.0,0.0,-0.5343725582809787,6.0
2019-05-05,38.0,0.0,0.0,0.0,0.0,0.0,-0.548842958284719,-4.0
2019-05-06,30.0,0.0,0.0,0.0,0.0,0.0,-0.5631507242749186,-8.0
2019-05-07,33.0,0.0,0.0,0.0,0.0,0.0,-0.5772916165517272,3.0
2019-05-08,29.0,0.0,0.0,0.0,0.0,0.0,-0.5912614448635781,-4.0
2019-05-09,36.0,0.0,0.0,0.0,0.0,0.0,-0.6050560696488488,7.0
2019-05-10,33.0,0.0,0.0,0.0,0.0,0.0,-0.6186714032625031,-3.0
2019-05-11,35.0,0.0,0.0,0.0,0.0,0.0,-0.6321034111873487,2.0
2019-05-12,38.0,0.0,0.0,0.0,0.0,0.0,-0.6453481132295501,3.0
2019-05-13,38.0,0.0,0.0,0.0,0.0,0.0,-0.6584015846980488,0.0
2019-05-14,35.0,0.0,0.0,0.0,0.0,0.0,-0.6712599575675313,-3.0
2019-05-15,41.0,0.0,0.0,0.0,0.0,0.0,-0.6839194216246106,6.0
2019-05-16,46.0,0.0,0.0,0.0,0.0,0.0,-0.6963762255968722,5.0
2019-05-17,53.0,0.0,0.0,0.0,0.0,0.0,-0.7086266782644596,7.0
2019-05-18,55.0,0.0,0.0,0.0,0.0,0.0,-0.7206671495538609,2.0
2019-05-19,63.0,0.0,0.0,0.0,0.0,0.0,-0.7324940716135789,8.0
2019-05-20,61.0,0.0,0.0,0.0,0.0,0.0,-0.7441039398713607,-2.0
2019-05-21,63.0,0.0,0.0,0.0,0.0,0.0,-0.7554933140726803,2.0
2019-05-22,62.0,0.0,0.0,0.0,0.0,0.0,-0.766658819300159,-1.0
2019-05-23,60.0,0.0,0.0,0.0,0.0,0.0,-0.777597146973627,-2.0
2019-05-24,56.0,0.0,0.0,0.0,0.0,0.0,-0.7883050558305255,-4.0
2019-05-25,53.0,0.0,0.0,0.0,0.0,0.0,-0.7987793728863649,-3.0
2019-05-26,50.0,0.0,0.0,0.0,0.0,0.0,-0.8090169943749473,-3.0
2019-05-27,49.0,0.0,0.0,0.0,0.0,0.0,-0.8190148866680801,-1.0
2019-05-28,48.0,0.0,0.0,0.0,0.0,0.0,-0.8287700871745037,-1.0
2019-05-29,44.0,0.0,0.0,0.0,0.0,0.0,-0.8382797052177743,-4.0
2019-05-30,35.0,0.0,0.0,0.0,0.0,0.0,-0.8475409228928311,-9.0
2019-05-31,44.0,0.0,0.0,0.0,0.0,0.0,-0.8565509959010036,9.0
2019-06-01,39.0,0.0,0.0,0.0,0.0,0.0,-0.865307254363206,-5.0
2019-06-02,38.0,0.0,0.0,0.0,0.0,0.0,-0.8738071036110808,-1.0
2019-06-03,32.0,0.0,0.0,0.0,0.0,0.0,-0.8820480249558537,-6.0
2019-06-04,41.0,0.0,0.0,0.0,0.0,0.0,-0.8900275764346767,9.0
2019-06-05,35.0,0.0,0.0,0.0,0.0,0.0,-0.8977433935342337,-6.0
2019-06-06,35.0,0.0,0.0,0.0,0.0,0.0,-0.9051931898913974,0.0
2019-06-07,35.0,0.0,0.0,0.0,0.0,0.0,-0.9123747579707273,0.0
2019-06-08,33.0,0.0,0.0,0.0,0.0,0.0,-0.9192859697186104,-2.0
2019-06-09,24.0,0.0,0.0,0.0,0.0,0.0,-0.9259247771938498,-9.0
2019-06-10,20.0,0.0,0.0,0.0,0.0,0.0,-0.9322892131745133,-4.0
2019-06-11,23.0,0.0,0.0,0.0,0.0,0.0,-0.9383773917408641,3.0
2019-06-12,22.0,0.0,0.0,0.0,0.0,0.0,-0.9441875088341993,-1.0
2019-06-13,10.0,0.0,0.0,0.0,0.0,0.0,-0.9497178427914316,-12.0
2019-06-14,13.0,0.0,0.0,0.0,0.0,0.0,-0.9549667548552551,3.0
2019-06-15,8.0,0.0,0.0,0.0,0.0,0.0,-0.9599326896597447,-5.0
2019-06-16,7.0,0.0,0.0,0.0,0.0,0.0,-0.9646141756912435,-1.0
2019-06-17,3.0,0.0,0.0,0.0,0.0,0.0,-0.9690098257244062,-4.0
2019-06-18,0.0,0.0,0.0,0.0,0.0,0.0,-0.9731183372332619,-3.0
2019-06-19,-2.0,0.0,0.0,0.0,0.0,0.0,-0.9769384927771817,-2.0
2019-06-20,1.0,0.0,0.0,0.0,0.0,0.0,-0.980469160361632,3.0
2019-06-21,0.0,0.0,0.0,0.0,0.0,0.0,-0.9837092937736097,-1.0
2019-06-22,2.0,0.0,0.0,0.0,0.0,0.0,-0.986657932891657,2.0
2019-06-23,-3.0,0.0,0.0,0.0,0.0,0.0,-0.9893142039703663,-5.0
2019-06-24,3.0,0.0,0.0,0.0,0.0,0.0,-0.99167731989929,6.0
2019-06-25,0.0,0.0,0.0,0.0,0.0,0.0,-0.993746580436178,-3.0
2019-06-26,-2.0,0.0,0.0,0.0,0.0,0.0,-0.9955213724144752,-2.0
2019-06-27,-3.0,0.0,0.0,0.0,0.0,0.0,-0.9970011699250151,-1.0
2019-06-28,-10.0,0.0,0.0,0.0,0.0,0.0,-0.9981855344718586,-7.0
2019-06-29,-11.0,0.0,0.0,0.0,0.0,0.0,-0.99907411510223,-1.0
2019-06-30,-10.0,0.0,0.0,0.0,0.0,0.0,-0.9996666485105112,1.0
2019-07-01,-7.0,0.0,0.0,0.0,0.0,0.0,-0.9999629591162655,3.0
2019-07-02,-11.0,0.0,0.0,0.0,0.0,0.0,-0.9999629591162655,-4.0
2019-07-03,-14.0,0.0,0.0,0.0,0.0,0.0,-0.9996666485105112,-3.0
2019-07-04,-15.0,0.0,0.0,0.0,0.0,0.0,-0.99907411510223,-1.0
2019-07-05,-15.0,0.0,0.0,0.0,0.0,0.0,-0.9981855344718586,0.0
2019-07-06,-16.0,0.0,0.0,0.0,0.0,0.0,-0.9970011699250151,-1.0
2019-07-07,-17.0,0.0,0.0,0.0,0.0,0.0,-0.9955213724144752,-1.0
2019-07-08,-17.0,0.0,0.0,0.0,0.0,0.0,-0.9937465804361781,0.0
2019-07-09,-16.0,0.0,0.0,0.0,0.0,0.0,-0.99167731989929,1.0
2019-07-10,-12.0,0.0,0.0,0.0,0.0,0.0,-0.9893142039703664,4.0
2019-07-11,-11.0,0.0,0.0,0.0,0.0,0.0,-0.9866579328916572,1.0
2019-07-12,-13.0,0.0,0.0,0.0,0.0,0.0,-0.9837092937736098,-2.0
2019-07-13,-13.0,0.0,0.0,0.0,0.0,0.0,-0.9804691603616321,0.0
2019-07-14,-10.0,0.0,0.0,0.0,0.0,0.0,-0.9769384927771817,3.0
2019-07-15,-12.0,0.0,0.0,0.0,0.0,0.0,-0.973118337233262,-2.0
2019-07-16,-13.0,0.0,0.0,0.0,0.0,0.0,-0.9690098257244063,-1.0
2019-07-17,-11.0,0.0,0.0,0.0,0.0,0.0,-0.9646141756912435,2.0
2019-07-18,-11.0,0.0,0.0,0.0,0.0,0.0,-0.9599326896597445,0.0
2019-07-19,-11.0,0.0,0.0,0.0,0.0,0.0,-0.9549667548552553,0.0
2019-07-20,-10.0,0.0,0.0,0.0,0.0,0.0,-0.9497178427914317,1.0
2019-07-21,-12.0,0.0,0.0,0.0,0.0,0.0,-0.9441875088341994,-2.0
2019-07-22,-13.0,0.0,0.0,0.0,0.0,0.0,-0.9383773917408642,-1.0
2019-07-23,-14.0,0.0,0.0,0.0,0.0,0.0,-0.9322892131745134,-1.0
2019-07-24,-12.0,0.0,0.0,0.0,0.0,0.0,-0.9259247771938499,2.0
2019-07-25,-14.0,0.0,0.0,0.0,0.0,0.0,-0.9192859697186105,-2.0
2019-07-26,-19.0,0.0,0.0,0.0,0.0,0.0,-0.9123747579707274,-5.0
2019-07-27,-19.0,0.0,0.0,0.0,0.0,0.0,-0.9051931898913975,0.0
2019-07-28,-19.0,0.0,0.0,0.0,0.0,0.0,-0.8977433935342336,0.0
2019-07-29,-19.0,0.0,0.0,0.0,0.0,0.0,-0.8900275764346766,0.0
2019-07-30,-21.0,0.0,0.0,0.0,0.0,0.0,-0.8820480249558535,-2.0
2019-07-31,-18.0,0.0,0.0,0.0,0.0,0.0,-0.8738071036110807,3.0
2019-08-01,-19.0,0.0,0.0,0.0,0.0,0.0,-0.8653072543632061,-1.0
2019-08-02,-19.0,0.0,0.0,0.0,0.0,0.0,-0.8565509959010037,0.0
2019-08-03,-19.0,0.0,0.0,0.0,0.0,0.0,-0.8475409228928312,0.0
2019-08-04,-20.0,0.0,0.0,0.0,0.0,0.0,-0.8382797052177745,-1.0
2019-08-05,-21.0,0.0,0.0,0.0,0.0,0.0,-0.828770087174504,-1.0
2019-08-06,-20.0,0.0,0.0,0.0,0.0,0.0,-0.8190148866680802,1.0
2019-08-07,-20.0,0.0,0.0,0.0,0.0,0.0,-0.8090169943749472,0.0
2019-08-08,-18.0,0.0,0.0,0.0,0.0,0.0,-0.7987793728863648,2.0
2019-08-09,-19.0,0.0,0.0,0.0,0.0,0.0,-0.7883050558305253,-1.0
2019-08-10,-20.0,0.0,0.0,0.0,0.0,0.0,-0.7775971469736268,-1.0
2019-08-11,-19.0,0.0,0.0,0.0,0.0,0.0,-0.7666588193001592,1.0
2019-08-12,-19.0,0.0,0.0,0.0,0.0,0.0,-0.7554933140726804,0.0
2019-08-13,-19.0,0.0,0.0,0.0,0.0,0.0,-0.7441039398713608,0.0
2019-08-14,-19.0,0.0,0.0,0.0,0.0,0.0,-0.7324940716135792,0.0
2019-08-15,-18.0,0.0,0.0,0.0,0.0,0.0,-0.7206671495538615,1.0
2019-08-16,-17.0,0.0,0.0,0.0,0.0,0.0,-0.7086266782644601,1.0
2019-08-17,-17.0,0.0,0.0,0.0,0.0,0.0,-0.6963762255968726,0.0
2019-08-18,-12.0,0.0,0.0,0.0,0.0,0.0,-0.6839194216246105,5.0
2019-08-19,-10.0,0.0,0.0,0.0,0.0,0.0,-0.6712599575675315,2.0
2019-08-20,-6.0,0.0,0.0,0.0,0.0,0.0,-0.6584015846980489,4.0
2019-08-21,-4.0,0.0,0.0,0.0,0.0,0.0,-0.64534811322955,2.0
2019-08-22,5.0,0.0,0.0,0.0,0.0,0.0,-0.6321034111873488,9.0
2019-08-23,-3.0,0.0,0.0,0.0,0.0,0.0,-0.6186714032625032,-8.0
2019-08-24,1.0,0.0,0.0,0.0,0.0,0.0,-0.6050560696488494,4.0
2019-08-25,1.0,0.0,0.0,0.0,0.0,0.0,-0.5912614448635782,0.0
2019-08-26,3.0,0.0,0.0,0.0,0.0,0.0,-0.5772916165517278,2.0
2019-08-27,0.0,0.0,0.0,0.0,0.0,0.0,-0.5631507242749187,-3.0
2019-08-28,-3.0,0.0,0.0,0.0,0.0,0.0,-0.5488429582847199,-3.0
2019-08-29,-6.0,0.0,0.0,0.0,0.0,0.0,-0.5343725582809785,-3.0
2019-08-30,-5.0,0.0,0.0,0.0,0.0,0.0,-0.5197438121555157,1.0
2019-08-31,-11.0,0.0,0.0,0.0,0.0,0.0,-0.5049610547215202,-6.0
2019-09-01,-10.0,0.0,0.0,0.0,0.0,0.0,-0.4900286664290594,1.0
2019-09-02,-9.0,0.0,0.0,0.0,0.0,0.0,-0.4749510720670502,1.0
2019-09-03,-13.0,0.0,0.0,0.0,0.0,0.0,-0.4597327394521046,-4.0
2019-09-04,-11.0,0.0,0.0,0.0,0.0,0.0,-0.44437817810461344,2.0
2019-09-05,-12.0,0.0,0.0,0.0,0.0,0.0,-0.4288919379124841,-1.0
2019-09-06,-14.0,0.0,0.0,0.0,0.0,0.0,-0.41327860778290443,-2.0
2019-09-07,-14.0,0.0,0.0,0.0,0.0,0.0,-0.3975428142825566,0.0
2019-09-08,-10.0,0.0,0.0,0.0,0.0,0.0,-0.3816892202666586,4.0
2019-09-09,-12.0,0.0,0.0,0.0,0.0,0.0,-0.3657225234972692,-2.0
2019-09-10,-12.0,0.0,0.0,0.0,0.0,0.0,-0.34964745525122826,0.0
2019-09-11,-15.0,0.0,0.0,0.0,0.0,0.0,-0.33346877891818705,-3.0
2019-09-12,-17.0,0.0,0.0,0.0,0.0,0.0,-0.31719128858910595,-2.0
2019-09-13,-15.0,0.0,0.0,0.0,0.0,0.0,-0.300819807635668,2.0
2019-09-14,-16.0,0.0,0.0,0.0,0.0,0.0,-0.2843591872810036,-1.0
2019-09-15,-17.0,0.0,0.0,0.0,0.0,0.0,-0.26781430516217486,-1.0
2019-09-16,-19.0,0.0,0.0,0.0,0.0,0.0,-0.25119006388481957,-2.0
2019-09-17,-20.0,0.0,0.0,0.0,0.0,0.0,-0.23449138957041052,-1.0
2019-09-18,-18.0,0.0,0.0,0.0,0.0,0.0,-0.21772323039653224,2.0
2019-09-19,-17.0,0.0,0.0,0.0,0.0,0.0,-0.20089055513063528,1.0
2019-09-20,-16.0,0.0,0.0,0.0,0.0,0.0,-0.18399835165767986,1.0
2019-09-21,-17.0,0.0,0.0,0.0,0.0,0.0,-0.1670516255021195,-1.0
2019-09-22,-17.0,0.0,0.0,0.0,0.0,0.0,-0.15005539834465262,0.0
2019-09-23,-17.0,0.0,0.0,0.0,0.0,0.0,-0.13301470653419636,0.0
2019-09-24,-18.0,0.0,0.0,0.0,0.0,0.0,-0.11593459959550066,-1.0
2019-09-25,-18.0,0.0,0.0,0.0,0.0,0.0,-0.09882013873287211,0.0
2019-09-26,-17.0,0.0,0.0,0.0,0.0,0.0,-0.08167639533042288,1.0
2019-09-27,-18.0,0.0,0.0,0.0,0.0,0.0,-0.06450844944931625,-1.0
2019-09-28,-10.0,0.0,0.0,0.0,0.0,0.0,-0.04732138832243232,8.0
2019-09-29,-7.0,0.0,0.0,0.0,0.0,0.0,-0.03012030484690836,3.0
2019-09-30,-9.0,0.0,0.0,0.0,0.0,0.0,-0.012910296075008843,-2.0
2019-10-01,-1.0,0.0,0.0,0.0,0.0,0.0,0.004303538296243821,8.0
2019-10-02,-7.0,0.0,0.0,0.0,0.0,0.0,0.021516097436222233,-6.0
2019-10-03,3.0,0.0,0.0,0.0,0.0,0.0,0.03872228089217399,10.0
2019-10-04,3.0,0.0,0.0,0.0,0.0,0.0,0.05591699010060302,0.0
2019-10-05,2.0,0.0,0.0,0.0,0.0,0.0,0.07309512989807776,-1.0
2019-10-06,4.0,0.0,0.0,0.0,0.0,0.0,0.0902516100310407,2.0
2019-10-07,11.0,0.0,0.0,0.0,0.0,0.0,0.10738134666416306,7.0
2019-10-08,14.0,0.0,0.0,0.0,0.0,0.0,0.12447926388678869,3.0
2019-10-09,10.0,0.0,0.0,0.0,0.0,0.0,0.141540295217043,-4.0
2019-10-10,10.0,0.0,0.0,0.0,0.0,0.0,0.15855938510313475,0.0
2019-10-11,16.0,0.0,0.0,0.0,0.0,0.0,0.17553149042142777,6.0
2019-10-12,15.0,0.0,0.0,0.0,0.0,0.0,0.19245158197082995,-1.0
2019-10-13,13.0,0.0,0.0,0.0,0.0,0.0,0.20931464596304888,-2.0
2019-10-14,15.0,0.0,0.0,0.0,0.0,0.0,0.22611568550828803,2.0
2019-10-15,20.0,0.0,0.0,0.0,0.0,0.0,0.2428497220959358,5.0
2019-10-16,20.0,0.0,0.0,0.0,0.0,0.0,0.25951179706979943,0.0
2019-10-17,19.0,0.0,0.0,0.0,0.0,0.0,0.27609697309746883,-1.0
2019-10-18,14.0,0.0,0.0,0.0,0.0,0.0,0.2926003356333479,-5.0
2019-10-19,15.0,0.0,0.0,0.0,0.0,0.0,0.30901699437494723,1.0
2019-10-20,21.0,0.0,0.0,0.0,0.0,0.0,0.3253420847119795,6.0
2019-10-21,13.0,0.0,0.0,0.0,0.0,0.0,0.341570769167856,-8.0
2019-10-22,15.0,0.0,0.0,0.0,0.0,0.0,0.35769823883312546,2.0
2019-10-23,16.0,0.0,0.0,0.0,0.0,0.0,0.3737197147904692,1.0
2019-10-24,11.0,0.0,0.0,0.0,0.0,0.0,0.38963044953078774,-5.0
2019-10-25,14.0,0.0,0.0,0.0,0.0,0.0,0.4054257283599973,3.0
2019-10-26,12.0,0.0,0.0,0.0,0.0,0.0,0.42110087079608916,-2.0
2019-10-27,13.0,0.0,0.0,0.0,0.0,0.0,0.4366512319560638,1.0
2019-10-28,9.0,0.0,0.0,0.0,0.0,0.0,0.45207220393230374,-4.0
2019-10-29,5.0,0.0,0.0,0.0,0.0,0.0,0.46735921715800205,-4.0
2019-10-30,11.0,0.0,0.0,0.0,0.0,0.0,0.48250774176121763,6.0
2019-10-31,8.0,0.0,0.0,0.0,0.0,0.0,0.4975132889071803,-3.0
2019-11-01,10.0,0.0,0.0,0.0,0.0,0.0,0.5123714121284235,2.0
2019-11-02,6.0,0.0,0.0,0.0,0.0,0.0,0.5270777086423724,-4.0
2019-11-03,12.0,0.0,0.0,0.0,0.0,0.0,0.5416278206559811,6.0
2019-11-04,5.0,0.0,0.0,0.0,0.0,0.0,0.5560174366570446,-7.0
2019-11-05,8.0,0.0,0.0,0.0,0.0,0.0,0.5702422926917867,3.0
2019-11-06,11.0,0.0,0.0,0.0,0.0,0.0,0.5842981736283683,3.0
2019-11-07,11.0,0.0,0.0,0.0,0.0,0.0,0.5981809144059159,0.0
2019-11-08,8.0,0.0,0.0,0.0,0.0,0.0,0.6118864012687242,-3.0
2019-11-09,18.0,0.0,0.0,0.0,0.0,0.0,0.6254105729852457,10.0
2019-11-10,18.0,0.0,0.0,0.0,0.0,0.0,0.6387494220515268,0.0
2019-11-11,19.0,0.0,0.0,0.0,0.0,0.0,0.6518989958787125,1.0
2019-11-12,22.0,0.0,0.0,0.0,0.0,0.0,0.6648553979642867,3.0
2019-11-13,28.0,0.0,0.0,0.0,0.0,0.0,0.6776147890466887,6.0
2019-11-14,29.0,0.0,0.0,0.0,0.0,0.0,0.690173388242972,1.0
2019-11-15,29.0,0.0,0.0,0.0,0.0,0.0,0.7025274741691566,0.0
2019-11-16,39.0,0.0,0.0,0.0,0.0,0.0,0.7146733860429608,10.0
2019-11-17,38.0,0.0,0.0,0.0,0.0,0.0,0.726607524768565,-1.0
2019-11-18,32.0,0.0,0.0,0.0,0.0,0.0,0.7383263540031063,-6.0
2019-11-19,35.0,0.0,0.0,0.0,0.0,0.0,0.749826401204568,3.0
2019-11-20,35.0,0.0,0.0,0.0,0.0,0.0,0.7611042586607742,0.0
2019-11-21,38.0,0.0,0.0,0.0,0.0,0.0,0.7721565844991641,3.0
2019-11-22,39.0,0.0,0.0,0.0,0.0,0.0,0.7829801036770625,1.0
2019-11-23,29.0,0.0,0.0,0.0,0.0,0.0,0.7935716089521472,-10.0
2019-11-24,28.0,0.0,0.0,0.0,0.0,0.0,0.8039279618328208,-1.0
2019-11-25,29.0,0.0,0.0,0.0,0.0,0.0,0.8140460935082175,1.0
2019-11-26,25.0,0.0,0.0,0.0,0.0,0.0,0.8239230057575536,-4.0
2019-11-27,20.0,0.0,0.0,0.0,0.0,0.0,0.8335557718385695,-5.0
2019-11-28,28.0,0.0,0.0,0.0,0.0,0.0,0.8429415373547832,8.0
2019-11-29,19.0,0.0,0.0,0.0,0.0,0.0,0.8520775211013093,-9.0
2019-11-30,18.0,0.0,0.0,0.0,0.0,0.0,0.8609610158889945,-1.0
2019-12-01,25.0,0.0,0.0,0.0,0.0,0.0,0.8695893893466109,7.0
2019-12-02,20.0,0.0,0.0,0.0,0.0,0.0,0.8779600847008883,-5.0
2019-12-03,22.0,0.0,0.0,0.0,0.0,0.0,0.8860706215341377,2.0
2019-12-04,23.0,0.0,0.0,0.0,0.0,0.0,0.893918596519257,1.0
2019-12-05,29.0,0.0,0.0,0.0,0.0,0.0,0.9015016841318838,6.0
2019-12-06,24.0,0.0,0.0,0.0,0.0,0.0,0.9088176373395028,-5.0
2019-12-07,23.0,0.0,0.0,0.0,0.0,0.0,0.9158642882672868,-1.0
2019-12-08,25.0,0.0,0.0,0.0,0.0,0.0,0.9226395488404875,2.0
2019-12-09,24.0,0.0,0.0,0.0,0.0,0.0,0.9291414114031743,-1.0
2019-12-10,25.0,0.0,0.0,0.0,0.0,0.0,0.935367949313148,1.0
2019-12-11,21.0,0.0,0.0,0.0,0.0,0.0,0.941317317512847,-4.0
2019-12-12,28.0,0.0,0.0,0.0,0.0,0.0,0.946987753076075,7.0
2019-12-13,24.0,0.0,0.0,0.0,0.0,0.0,0.9523775757303973,-4.0
2019-12-14,27.0,0.0,0.0,0.0,0.0,0.0,0.9574851883550389,3.0
2019-12-15,26.0,0.0,0.0,0.0,0.0,0.0,0.9623090774541487,-1.0
2019-12-16,23.0,0.0,0.0,0.0,0.0,0.0,0.9668478136052773,-3.0
2019-12-17,24.0,0.0,0.0,0.0,0.0,0.0,0.9711000518829505,1.0
2019-12-18,31.0,0.0,0.0,0.0,0.0,0.0,0.9750645322571945,7.0
2019-12-19,22.0,0.0,0.0,0.0,0.0,0.0,0.9787400799669153,-9.0
2019-12-20,30.0,0.0,0.0,0.0,0.0,0.0,0.9821256058680006,8.0
2019-12-21,26.0,0.0,0.0,0.0,0.0,0.0,0.9852201067560606,-4.0
2019-12-22,29.0,0.0,0.0,0.0,0.0,0.0,0.9880226656636976,3.0
2019-12-23,28.0,0.0,0.0,0.0,0.0,0.0,0.9905324521322227,-1.0
2019-12-24,22.0,0.0,0.0,0.0,0.0,0.0,0.9927487224577402,-6.0
2019-12-25,34.0,0.0,0.0,0.0,0.0,0.0,0.9946708199115211,12.0
2019-12-26,33.0,0.0,0.0,0.0,0.0,0.0,0.9962981749346077,-1.0
2019-12-27,40.0,0.0,0.0,0.0,0.0,0.0,0.9976303053065857,7.0
2019-12-28,38.0,0.0,0.0,0.0,0.0,0.0,0.9986668162884759,-2.0
2019-12-29,47.0,0.0,0.0,0.0,0.0,0.0,0.9994074007397048,9.0
2019-12-30,52.0,0.0,0.0,0.0,0.0,0.0,0.9998518392091162,5.0
2019-12-31,47.0,0.0,0.0,0.0,0.0,0.0,1.0,-5.0
2020-01-01,48.0,0.0,0.0,0.0,0.0,0.0,0.9998518392091162,1.0
2020-01-02,55.0,0.0,0.0,0.0,0.0,0.0,0.9994074007397048,7.0
2020-01-03,54.0,0.0,0.0,0.0,0.0,0.0,0.998666816288476,-1.0
2020-01-04,50.0,0.0,0.0,0.0,0.0,0.0,0.9976303053065857,-4.0
2020-01-05,54.0,0.0,0.0,0.0,0.0,0.0,0.9962981749346078,4.0
2020-01-06,54.0,0.0,0.0,0.0,0.0,0.0,0.9946708199115211,0.0
2020-01-07,54.0,0.0,0.0,0.0,0.0,0.0,0.9927487224577402,0.0
2020-01-08,54.0,0.0,0.0,0.0,0.0,0.0,0.9905324521322229,0.0
2020-01-09,52.0,0.0,0.0,0.0,0.0,0.0,0.9880226656636976,-2.0
2020-01-10,51.0,0.0,0.0,0.0,0.0,0.0,0.9852201067560606,-1.0
2020-01-11,54.0,0.0,0.0,0.0,0.0,0.0,0.9821256058680006,3.0
2020-01-12,59.0,0.0,0.0,0.0,0.0,0.0,0.9787400799669153,5.0
2020-01-13,55.0,0.0,0.0,0.0,0.0,0.0,0.9750645322571948,-4.0
2020-01-14,64.0,0.0,0.0,0.0,0.0,0.0,0.9711000518829505,9.0
2020-01-15,61.0,0.0,0.0,0.0,0.0,0.0,0.9668478136052775,-3.0
2020-01-16,59.0,0.0,0.0,0.0,0.0,0.0,0.9623090774541486,-2.0
2020-01-17,62.0,0.0,0.0,0.0,0.0,0.0,0.9574851883550393,3.0
2020-01-18,66.0,0.0,0.0,0.0,0.0,0.0,0.9523775757303974,4.0
2020-01-19,57.0,0.0,0.0,0.0,0.0,0.0,0.9469877530760753,-9.0
2020-01-20,58.0,0.0,0.0,0.0,0.0,0.0,0.9413173175128471,1.0
2020-01-21,57.0,0.0,0.0,0.0,0.0,0.0,0.9353679493131483,-1.0
2020-01-22,59.0,0.0,0.0,0.0,0.0,0.0,0.9291414114031743,2.0
2020-01-23,56.0,0.0,0.0,0.0,0.0,0.0,0.9226395488404876,-3.0
2020-01-24,62.0,0.0,0.0,0.0,0.0,0.0,0.9158642882672872,6.0
2020-01-25,53.0,0.0,0.0,0.0,0.0,0.0,0.9088176373395029,-9.0
2020-01-26,54.0,0.0,0.0,0.0,0.0,0.0,0.901501684131884,1.0
2020-01-27,54.0,0.0,0.0,0.0,0.0,0.0,0.893918596519257,0.0
2020-01-28,57.0,0.0,0.0,0.0,0.0,0.0,0.886070621534138,3.0
2020-01-29,50.0,0.0,0.0,0.0,0.0,0.0,0.8779600847008882,-7.0
2020-01-30,52.0,0.0,0.0,0.0,0.0,0.0,0.869589389346611,2.0
2020-01-31,55.0,0.0,0.0,0.0,0.0,0.0,0.8609610158889943,3.0
2020-02-01,57.0,0.0,0.0,0.0,0.0,0.0,0.8520775211013093,2.0
2020-02-02,59.0,0.0,0.0,0.0,0.0,0.0,0.8429415373547828,2.0
2020-02-03,63.0,0.0,0.0,0.0,0.0,0.0,0.8335557718385699,4.0
2020-02-04,71.0,0.0,0.0,0.0,0.0,0.0,0.8239230057575542,8.0
2020-02-05,75.0,0.0,0.0,0.0,0.0,0.0,0.8140460935082178,4.0
2020-02-06,81.0,0.0,0.0,0.0,0.0,0.0,0.8039279618328213,6.0
2020-02-07,78.0,0.0,0.0,0.0,0.0,0.0,0.7935716089521474,-3.0
2020-02-08,79.0,0.0,0.0,0.0,0.0,0.0,0.7829801036770629,1.0
2020-02-09,81.0,0.0,0.0,0.0,0.0,0.0,0.7721565844991642,2.0
2020-02-10,76.0,0.0,0.0,0.0,0.0,0.0,0.7611042586607747,-5.0
2020-02-11,69.0,0.0,0.0,0.0,0.0,0.0,0.7498264012045686,-7.0
2020-02-12,72.0,0.0,0.0,0.0,0.0,0.0,0.7383263540031065,3.0
2020-02-13,71.0,0.0,0.0,0.0,0.0,0.0,0.7266075247685656,-1.0
2020-02-14,73.0,0.0,0.0,0.0,0.0,0.0,0.7146733860429609,2.0
2020-02-15,69.0,0.0,0.0,0.0,0.0,0.0,0.702527474169157,-4.0
2020-02-16,73.0,0.0,0.0,0.0,0.0,0.0,0.6901733882429719,4.0
2020-02-17,70.0,0.0,0.0,0.0,0.0,0.0,0.6776147890466889,-3.0
2020-02-18,70.0,0.0,0.0,0.0,0.0,0.0,0.6648553979642865,0.0
2020-02-19,71.0,0.0,0.0,0.0,0.0,0.0,0.6518989958787126,1.0
2020-02-20,72.0,0.0,0.0,0.0,0.0,0.0,0.6387494220515272,1.0
2020-02-21,68.0,0.0,0.0,0.0,0.0,0.0,0.6254105729852463,-4.0
2020-02-22,67.0,0.0,0.0,0.0,0.0,0.0,0.6118864012687243,-1.0
2020-02-23,68.0,0.0,0.0,0.0,0.0,0.0,0.5981809144059164,1.0
2020-02-24,66.0,0.0,0.0,0.0,0.0,0.0,0.5842981736283683,-2.0
2020-02-25,65.0,0.0,0.0,0.0,0.0,0.0,0.5702422926917871,-1.0
2020-02-26,70.0,0.0,0.0,0.0,0.0,0.0,0.5560174366570446,5.0
2020-02-27,69.0,0.0,0.0,0.0,0.0,0.0,0.5416278206559814,-1.0
2020-02-28,68.0,0.0,0.0,0.0,0.0,0.0,0.5270777086423722,-1.0
2020-02-29,67.0,0.0,0.0,0.0,0.0,0.0,0.5123714121284237,-1.0
2020-03-01,66.0,0.0,0.0,0.0,0.0,0.0,0.49751328890718066,-1.0
2020-03-02,66.0,0.0,0.0,0.0,0.0,0.0,0.48250774176121847,0.0
2020-03-03,65.0,0.0,0.0,0.0,0.0,0.0,0.46735921715800227,-1.0
2020-03-04,67.0,0.0,0.0,0.0,0.0,0.0,0.45207220393230435,2.0
2020-03-05,65.0,0.0,0.0,0.0,0.0,0.0,0.43665123195606403,-2.0
2020-03-06,67.0,0.0,0.0,0.0,0.0,0.0,0.4211008707960896,2.0
2020-03-07,75.0,0.0,0.0,0.0,0.0,0.0,0.40542572835999735,8.0
2020-03-08,73.0,0.0,0.0,0.0,0.0,0.0,0.38963044953078796,-2.0
2020-03-09,76.0,0.0,0.0,0.0,0.0,0.0,0.37371971479046906,3.0
2020-03-10,82.0,0.0,0.0,0.0,0.0,0.0,0.35769823883312546,6.0
2020-03-11,82.0,0.0,0.0,0.0,0.0,0.0,0.3415707691678556,0.0
2020-03-12,82.0,0.0,0.0,0.0,0.0,0.0,0.3253420847119801,0.0
2020-03-13,79.0,0.0,0.0,0.0,0.0,0.0,0.30901699437494745,-3.0
2020-03-14,82.0,0.0,0.0,0.0,0.0,0.0,0.29260033563334836,3.0
2020-03-15,84.0,0.0,0.0,0.0,0.0,0.0,0.27609697309746883,2.0
2020-03-16,91.0,0.0,0.0,0.0,0.0,0.0,0.2595117970697999,7.0
2020-03-17,85.0,0.0,0.0,0.0,0.0,0.0,0.2428497220959356,-6.0
2020-03-18,89.0,0.0,0.0,0.0,0.0,0.0,0.22611568550828828,4.0
2020-03-19,83.0,0.0,0.0,0.0,0.0,0.0,0.20931464596304847,-6.0
2020-03-20,83.0,0.0,0.0,0.0,0.0,0.0,0.19245158197082998,0.0
2020-03-21,80.0,0.0,0.0,0.0,0.0,0.0,0.1755314904214282,-3.0
2020-03-22,75.0,0.0,0.0,0.0,0.0,0.0,0.15855938510313478,-5.0
2020-03-23,73.0,0.0,0.0,0.0,0.0,0.0,0.141540295217043,-2.0
2020-03-24,75.0,0.0,0.0,0.0,0.0,0.0,0.12447926388678915,2.0
2020-03-25,68.0,0.0,0.0,0.0,0.0,0.0,0.10738134666416309,-7.0
2020-03-26,62.0,0.0,0.0,0.0,0.0,0.0,0.09025161003104117,-6.0
2020-03-27,61.0,0.0,0.0,0.0,0.0,0.0,0.07309512989807777,-1.0
2020-03-28,58.0,0.0,0.0,0.0,0.0,0.0,0.055916990100603484,-3.0
2020-03-29,54.0,0.0,0.0,0.0,0.0,0.0,0.03872228089217446,-4.0
2020-03-30,53.0,0.0,0.0,0.0,0.0,0.0,0.021516097436222254,-1.0
2020-03-31,57.0,0.0,0.0,0.0,0.0,0.0,0.004303538296244289,4.0
2020-04-01,50.0,0.0,0.0,0.0,0.0,0.0,-0.01291029607500882,-7.0
2020-04-02,49.0,0.0,0.0,0.0,0.0,0.0,-0.030120304846908114,-1.0
2020-04-03,47.0,0.0,0.0,0.0,0.0,0.0,-0.04732138832243185,-2.0
2020-04-04,49.0,0.0,0.0,0.0,0.0,0.0,-0.06450844944931623,2.0
2020-04-05,44.0,0.0,0.0,0.0,0.0,0.0,-0.08167639533042241,-5.0
2020-04-06,45.0,0.0,0.0,0.0,0.0,0.0,-0.09882013873287143,1.0
2020-04-07,46.0,0.0,0.0,0.0,0.0,0.0,-0.11593459959550041,1.0
2020-04-08,42.0,0.0,0.0,0.0,0.0,0.0,-0.1330147065341959,-4.0
2020-04-09,44.0,0.0,0.0,0.0,0.0,0.0,-0.1500553983446526,2.0
2020-04-10,35.0,0.0,0.0,0.0,0.0,0.0,-0.16705162550211924,-9.0
2020-04-11,41.0,0.0,0.0,0.0,0.0,0.0,-0.18399835165768005,6.0
2020-04-12,38.0,0.0,0.0,0.0,0.0,0.0,-0.20089055513063506,-3.0
2020-04-13,34.0,0.0,0.0,0.0,0.0,0.0,-0.21772323039653177,-4.0
2020-04-14,33.0,0.0,0.0,0.0,0.0,0.0,-0.23449138957040985,-1.0
2020-04-15,31.0,0.0,0.0,0.0,0.0,0.0,-0.25119006388481935,-2.0
2020-04-16,32.0,0.0,0.0,0.0,0.0,0.0,-0.2678143051621742,1.0
2020-04-17,27.0,0.0,0.0,0.0,0.0,0.0,-0.2843591872810034,-5.0
2020-04-18,26.0,0.0,0.0,0.0,0.0,0.0,-0.30081980763566735,-1.0
2020-04-19,34.0,0.0,0.0,0.0,0.0,0.0,-0.3171912885891061,8.0
2020-04-20,23.0,0.0,0.0,0.0,0.0,0.0,-0.3334687789181868,-11.0
2020-04-21,25.0,0.0,0.0,0.0,0.0,0.0,-0.3496474552512284,2.0
2020-04-22,29.0,0.0,0.0,0.0,0.0,0.0,-0.36572252349726897,4.0
2020-04-23,25.0,0.0,0.0,0.0,0.0,0.0,-0.3816892202666588,-4.0
2020-04-24,25.0,0.0,0.0,0.0,0.0,0.0,-0.39754281428255595,0.0
2020-04-25,25.0,0.0,0.0,0.0,0.0,0.0,-0.4132786077829042,0.0
2020-04-26,23.0,0.0,0.0,0.0,0.0,0.0,-0.4288919379124835,-2.0
2020-04-27,25.0,0.0,0.0,0.0,0.0,0.0,-0.4443781781046132,2.0
2020-04-28,22.0,0.0,0.0,0.0,0.0,0.0,-0.45973273945210397,-3.0
2020-04-29,21.0,0.0,0.0,0.0,0.0,0.0,-0.47495107206704995,-1.0
2020-04-30,23.0,0.0,0.0,0.0,0.0,0.0,-0.49002866642905923,2.0
2020-05-01,21.0,0.0,0.0,0.0,0.0,0.0,-0.5049610547215204,-2.0
2020-05-02,22.0,0.0,0.0,0.0,0.0,0.0,-0.5197438121555155,1.0
2020-05-03,20.0,0.0,0.0,0.0,0.0,0.0,-0.5343725582809787,-2.0
2020-05-04,28.0,0.0,0.0,0.0,0.0,0.0,-0.548842958284719,8.0
2020-05-05,25.0,0.0,0.0,0.0,0.0,0.0,-0.5631507242749186,-3.0
2020-05-06,22.0,0.0,0.0,0.0,0.0,0.0,-0.5772916165517272,-3.0
2020-05-07,31.0,0.0,0.0,0.0,0.0,0.0,-0.5912614448635781,9.0
2020-05-08,21.0,0.0,0.0,0.0,0.0,0.0,-0.6050560696488488,-10.0
2020-05-09,22.0,0.0,0.0,0.0,0.0,0.0,-0.6186714032625031,1.0
2020-05-10,22.0,0.0,0.0,0.0,0.0,0.0,-0.6321034111873487,0.0
2020-05-11,27.0,0.0,0.0,0.0,0.0,0.0,-0.6453481132295501,5.0
2020-05-12,25.0,0.0,0.0,0.0,0.0,0.0,-0.6584015846980488,-2.0
2020-05-13,30.0,0.0,0.0,0.0,0.0,0.0,-0.6712599575675313,5.0
2020-05-14,26.0,0.0,0.0,0.0,0.0,0.0,-0.6839194216246106,-4.0
2020-05-15,25.0,0.0,0.0,0.0,0.0,0.0,-0.6963762255968722,-1.0
2020-05-16,22.0,0.0,0.0,0.0,0.0,0.0,-0.7086266782644596,-3.0
2020-05-17,22.0,0.0,0.0,0.0,0.0,0.0,-0.7206671495538609,0.0
2020-05-18,19.0,0.0,0.0,0.0,0.0,0.0,-0.7324940716135789,-3.0
2020-05-19,25.0,0.0,0.0,0.0,0.0,0.0,-0.7441039398713607,6.0
2020-05-20,26.0,0.0,0.0,0.0,0.0,0.0,-0.7554933140726803,1.0
2020-05-21,22.0,0.0,0.0,0.0,0.0,0.0,-0.766658819300159,-4.0
2020-05-22,21.0,0.0,0.0,0.0,0.0,0.0,-0.777597146973627,-1.0
2020-05-23,28.0,0.0,0.0,0.0,0.0,0.0,-0.7883050558305255,7.0
2020-05-24,27.0,0.0,0.0,0.0,0.0,0.0,-0.7987793728863649,-1.0
2020-05-25,25.0,0.0,0.0,0.0,0.0,0.0,-0.8090169943749473,-2.0
2020-05-26,26.0,0.0,0.0,0.0,0.0,0.0,-0.8190148866680801,1.0
2020-05-27,25.0,0.0,0.0,0.0,0.0,0.0,-0.8287700871745037,-1.0
2020-05-28,18.0,0.0,0.0,0.0,0.0,0.0,-0.8382797052177743,-7.0
2020-05-29,18.0,0.0,0.0,0.0,0.0,0.0,-0.8475409228928311,0.0
2020-05-30,17.0,0.0,0.0,0.0,0.0,0.0,-0.8565509959010036,-1.0
2020-05-31,20.0,0.0,0.0,0.0,0.0,0.0,-0.865307254363206,3.0
2020-06-01,24.0,0.0,0.0,0.0,0.0,0.0,-0.8738071036110808,4.0
2020-06-02,12.0,0.0,0.0,0.0,0.0,0.0,-0.8820480249558537,-12.0
2020-06-03,19.0,0.0,0.0,0.0,0.0,0.0,-0.8900275764346767,7.0
2020-06-04,16.0,0.0,0.0,0.0,0.0,0.0,-0.8977433935342337,-3.0
2020-06-05,16.0,0.0,0.0,0.0,0.0,0.0,-0.9051931898913974,0.0
2020-06-06,23.0,0.0,0.0,0.0,0.0,0.0,-0.9123747579707273,7.0
2020-06-07,18.0,0.0,0.0,0.0,0.0,0.0,-0.9192859697186104,-5.0
2020-06-08,29.0,0.0,0.0,0.0,0.0,0.0,-0.9259247771938498,11.0
2020-06-09,24.0,0.0,0.0,0.0,0.0,0.0,-0.9322892131745133,-5.0
2020-06-10,29.0,0.0,0.0,0.0,0.0,0.0,-0.9383773917408641,5.0
2020-06-11,27.0,0.0,0.0,0.0,0.0,0.0,-0.9441875088341993,-2.0
2020-06-12,28.0,0.0,0.0,0.0,0.0,0.0,-0.9497178427914316,1.0
2020-06-13,24.0,0.0,0.0,0.0,0.0,0.0,-0.9549667548552551,-4.0
2020-06-14,26.0,0.0,0.0,0.0,0.0,0.0,-0.9599326896597447,2.0
2020-06-15,27.0,0.0,0.0,0.0,0.0,0.0,-0.9646141756912435,1.0
2020-06-16,34.0,0.0,0.0,0.0,0.0,0.0,-0.9690098257244062,7.0
2020-06-17,28.0,0.0,0.0,0.0,0.0,0.0,-0.9731183372332619,-6.0
2020-06-18,26.0,0.0,0.0,0.0,0.0,0.0,-0.9769384927771817,-2.0
2020-06-19,27.0,0.0,0.0,0.0,0.0,0.0,-0.980469160361632,1.0
2020-06-20,29.0,0.0,0.0,0.0,0.0,0.0,-0.9837092937736097,2.0
2020-06-21,25.0,0.0,0.0,0.0,0.0,0.0,-0.986657932891657,-4.0
2020-06-22,22.0,0.0,0.0,0.0,0.0,0.0,-0.9893142039703663,-3.0
2020-06-23,28.0,0.0,0.0,0.0,0.0,0.0,-0.99167731989929,6.0
2020-06-24,22.0,0.0,0.0,0.0,0.0,0.0,-0.993746580436178,-6.0
2020-06-25,26.0,0.0,0.0,0.0,0.0,0.0,-0.9955213724144752,4.0
2020-06-26,15.0,0.0,0.0,0.0,0.0,0.0,-0.9970011699250151,-11.0
2020-06-27,17.0,0.0,0.0,0.0,0.0,0.0,-0.9981855344718586,2.0
2020-06-28,12.0,0.0,0.0,0.0,0.0,0.0,-0.99907411510223,-5.0
2020-06-29,8.0,0.0,0.0,0.0,0.0,0.0,-0.9996666485105112,-4.0
2020-06-30,14.0,0.0,0.0,0.0,0.0,0.0,-0.9999629591162655,6.0
2020-07-01,8.0,0.0,0.0,0.0,0.0,0.0,-0.9999629591162655,-6.0
2020-07-02,7.0,0.0,0.0,0.0,0.0,0.0,-0.9996666485105112,-1.0
2020-07-03,11.0,0.0,0.0,0.0,0.0,0.0,-0.99907411510223,4.0
2020-07-04,6.0,0.0,0.0,0.0,0.0,0.0,-0.9981855344718586,-5.0
2020-07-05,4.0,0.0,0.0,0.0,0.0,0.0,-0.9970011699250151,-2.0
2020-07-06,4.0,0.0,0.0,0.0,0.0,0.0,-0.9955213724144752,0.0
2020-07-07,2.0,0.0,0.0,0.0,0.0,0.0,-0.9937465804361781,-2.0
2020-07-08,0.0,0.0,0.0,0.0,0.0,0.0,-0.99167731989929,-2.0
2020-07-09,-5.0,0.0,0.0,0.0,0.0,0.0,-0.9893142039703664,-5.0
2020-07-10,-5.0,0.0,0.0,0.0,0.0,0.0,-0.9866579328916572,0.0
2020-07-11,-3.0,0.0,0.0,0.0,0.0,0.0,-0.9837092937736098,2.0
2020-07-12,-4.0,0.0,0.0,0.0,0.0,0.0,-0.9804691603616321,-1.0
2020-07-13,-4.0,0.0,0.0,0.0,0.0,0.0,-0.9769384927771817,0.0
2020-07-14,-5.0,0.0,0.0,0.0,0.0,0.0,-0.973118337233262,-1.0
2020-07-15,-6.0,0.0,0.0,0.0,0.0,0.0,-0.9690098257244063,-1.0
2020-07-16,-9.0,0.0,0.0,0.0,0.0,0.0,-0.9646141756912435,-3.0
2020-07-17,-6.0,0.0,0.0,0.0,0.0,0.0,-0.9599326896597445,3.0
2020-07-18,-9.0,0.0,0.0,0.0,0.0,0.0,-0.9549667548552553,-3.0
2020-07-19,-11.0,0.0,0.0,0.0,0.0,0.0,-0.9497178427914317,-2.0
2020-07-20,-12.0,0.0,0.0,0.0,0.0,0.0,-0.9441875088341994,-1.0
2020-07-21,-15.0,0.0,0.0,0.0,0.0,0.0,-0.9383773917408642,-3.0
2020-07-22,-16.0,0.0,0.0,0.0,0.0,0.0,-0.9322892131745134,-1.0
2020-07-23,-17.0,0.0,0.0,0.0,0.0,0.0,-0.9259247771938499,-1.0
2020-07-24,-18.0,0.0,0.0,0.0,0.0,0.0,-0.9192859697186105,-1.0
2020-07-25,-18.0,0.0,0.0,0.0,0.0,0.0,-0.9123747579707274,0.0
2020-07-26,-18.0,0.0,0.0,0.0,0.0,0.0,-0.9051931898913975,0.0
2020-07-27,-19.0,0.0,0.0,0.0,0.0,0.0,-0.8977433935342336,-1.0
2020-07-28,-19.0,0.0,0.0,0.0,0.0,0.0,-0.8900275764346766,0.0
2020-07-29,-19.0,0.0,0.0,0.0,0.0,0.0,-0.8820480249558535,0.0
2020-07-30,-21.0,0.0,0.0,0.0,0.0,0.0,-0.8738071036110807,-2.0
2020-07-31,-24.0,0.0,0.0,0.0,0.0,0.0,-0.8653072543632061,-3.0
2020-08-01,-25.0,0.0,0.0,0.0,0.0,0.0,-0.8565509959010037,-1.0
2020-08-02,-25.0,0.0,0.0,0.0,0.0,0.0,-0.8475409228928312,0.0
2020-08-03,-26.0,0.0,0.0,0.0,0.0,0.0,-0.8382797052177745,-1.0
2020-08-04,-26.0,0.0,0.0,0.0,0.0,0.0,-0.828770087174504,0.0
2020-08-05,-24.0,0.0,0.0,0.0,0.0,0.0,-0.8190148866680802,2.0
2020-08-06,-27.0,0.0,0.0,0.0,0.0,0.0,-0.8090169943749472,-3.0
2020-08-07,-29.0,0.0,0.0,0.0,0.0,0.0,-0.7987793728863648,-2.0
2020-08-08,-30.0,0.0,0.0,0.0,0.0,0.0,-0.7883050558305253,-1.0
2020-08-09,-30.0,0.0,0.0,0.0,0.0,0.0,-0.7775971469736268,0.0
2020-08-10,-30.0,0.0,0.0,0.0,0.0,0.0,-0.7666588193001592,0.0
2020-08-11,-31.0,0.0,0.0,0.0,0.0,0.0,-0.7554933140726804,-1.0
2020-08-12,-32.0,0.0,0.0,0.0,0.0,0.0,-0.7441039398713608,-1.0
2020-08-13,-32.0,0.0,0.0,0.0,0.0,0.0,-0.7324940716135792,0.0
2020-08-14,-32.0,0.0,0.0,0.0,0.0,0.0,-0.7206671495538615,0.0
2020-08-15,-32.0,0.0,0.0,0.0,0.0,0.0,-0.7086266782644601,0.0
2020-08-16,-32.0,0.0,0.0,0.0,0.0,0.0,-0.6963762255968726,0.0
2020-08-17,-32.0,0.0,0.0,0.0,0.0,0.0,-0.6839194216246105,0.0
2020-08-18,-32.0,0.0,0.0,0.0,0.0,0.0,-0.6712599575675315,0.0
2020-08-19,-32.0,0.0,0.0,0.0,0.0,0.0,-0.6584015846980489,0.0
2020-08-20,-33.0,0.0,0.0,0.0,0.0,0.0,-0.64534811322955,-1.0
2020-08-21,-33.0,0.0,0.0,0.0,0.0,0.0,-0.6321034111873488,0.0
2020-08-22,-33.0,0.0,0.0,0.0,0.0,0.0,-0.6186714032625032,0.0
2020-08-23,-31.0,0.0,0.0,0.0,0.0,0.0,-0.6050560696488494,2.0
2020-08-24,-32.0,0.0,0.0,0.0,0.0,0.0,-0.5912614448635782,-1.0
2020-08-25,-32.0,0.0,0.0,0.0,0.0,0.0,-0.5772916165517278,0.0
2020-08-26,-32.0,0.0,0.0,0.0,0.0,0.0,-0.5631507242749187,0.0
2020-08-27,-31.0,0.0,0.0,0.0,0.0,0.0,-0.5488429582847199,1.0
2020-08-28,-30.0,0.0,0.0,0.0,0.0,0.0,-0.5343725582809785,1.0
2020-08-29,-31.0,0.0,0.0,0.0,0.0,0.0,-0.5197438121555157,-1.0
2020-08-30,-30.0,0.0,0.0,0.0,0.0,0.0,-0.5049610547215202,1.0
2020-08-31,-20.0,0.0,0.0,0.0,0.0,0.0,-0.4900286664290594,10.0
2020-09-01,-24.0,0.0,0.0,0.0,0.0,0.0,-0.4749510720670502,-4.0
2020-09-02,-24.0,0.0,0.0,0.0,0.0,0.0,-0.4597327394521046,0.0
2020-09-03,-23.0,0.0,0.0,0.0,0.0,0.0,-0.44437817810461344,1.0
2020-09-04,-22.0,0.0,0.0,0.0,0.0,0.0,-0.4288919379124841,1.0
2020-09-05,-21.0,0.0,0.0,0.0,0.0,0.0,-0.41327860778290443,1.0
2020-09-06,-17.0,0.0,0.0,0.0,0.0,0.0,-0.3975428142825566,4.0
2020-09-07,-18.0,0.0,0.0,0.0,0.0,0.0,-0.3816892202666586,-1.0
2020-09-08,-16.0,0.0,0.0,0.0,0.0,0.0,-0.3657225234972692,2.0
2020-09-09,-14.0,0.0,0.0,0.0,0.0,0.0,-0.34964745525122826,2.0
2020-09-10,-14.0,0.0,0.0,0.0,0.0,0.0,-0.33346877891818705,0.0
2020-09-11,-15.0,0.0,0.0,0.0,0.0,0.0,-0.31719128858910595,-1.0
2020-09-12,-16.0,0.0,0.0,0.0,0.0,0.0,-0.300819807635668,-1.0
2020-09-13,-16.0,0.0,0.0,0.0,0.0,0.0,-0.2843591872810036,0.0
2020-09-14,-16.0,0.0,0.0,0.0,0.0,0.0,-0.26781430516217486,0.0
2020-09-15,-16.0,0.0,0.0,0.0,0.0,0.0,-0.25119006388481957,0.0
2020-09-16,-14.0,0.0,0.0,0.0,0.0,0.0,-0.23449138957041052,2.0
2020-09-17,-12.0,0.0,0.0,0.0,0.0,0.0,-0.21772323039653224,2.0
2020-09-18,-10.0,0.0,0.0,0.0,0.0,0.0,-0.20089055513063528,2.0
2020-09-19,-18.0,0.0,0.0,0.0,0.0,0.0,-0.18399835165767986,-8.0
2020-09-20,-19.0,0.0,0.0,0.0,0.0,0.0,-0.1670516255021195,-1.0
2020-09-21,-20.0,0.0,0.0,0.0,0.0,0.0,-0.15005539834465262,-1.0
2020-09-22,-20.0,0.0,0.0,0.0,0.0,0.0,-0.13301470653419636,0.0
2020-09-23,-22.0,0.0,0.0,0.0,0.0,0.0,-0.11593459959550066,-2.0
2020-09-24,-22.0,0.0,0.0,0.0,0.0,0.0,-0.09882013873287211,0.0
2020-09-25,-22.0,0.0,0.0,0.0,0.0,0.0,-0.08167639533042288,0.0
2020-09-26,-22.0,0.0,0.0,0.0,0.0,0.0,-0.06450844944931625,0.0
2020-09-27,-21.0,0.0,0.0,0.0,0.0,0.0,-0.04732138832243232,1.0
2020-09-28,-21.0,0.0,0.0,0.0,0.0,0.0,-0.03012030484690836,0.0
2020-09-29,-21.0,0.0,0.0,0.0,0.0,0.0,-0.012910296075008843,0.0
2020-09-30,-20.0,0.0,0.0,0.0,0.0,0.0,0.004303538296243821,1.0
2020-10-01,-21.0,0.0,0.0,0.0,0.0,0.0,0.021516097436222233,-1.0
2020-10-02,-20.0,0.0,0.0,0.0,0.0,0.0,0.03872228089217399,1.0
2020-10-03,-21.0,0.0,0.0,0.0,0.0,0.0,0.05591699010060302,-1.0
2020-10-04,-21.0,0.0,0.0,0.0,0.0,0.0,0.07309512989807776,0.0
2020-10-05,-21.0,0.0,0.0,0.0,0.0,0.0,0.0902516100310407,0.0
2020-10-06,-21.0,0.0,0.0,0.0,0.0,0.0,0.10738134666416306,0.0
2020-10-07,-22.0,0.0,0.0,0.0,0.0,0.0,0.12447926388678869,-1.0
2020-10-08,-21.0,0.0,0.0,0.0,0.0,0.0,0.141540295217043,1.0
2020-10-09,-20.0,0.0,0.0,0.0,0.0,0.0,0.15855938510313475,1.0
2020-10-10,-20.0,0.0,0.0,0.0,0.0,0.0,0.17553149042142777,0.0
2020-10-11,-19.0,0.0,0.0,0.0,0.0,0.0,0.19245158197082995,1.0
2020-10-12,-17.0,0.0,0.0,0.0,0.0,0.0,0.20931464596304888,2.0
2020-10-13,-14.0,0.0,0.0,0.0,0.0,0.0,0.22611568550828803,3.0
2020-10-14,-12.0,0.0,0.0,0.0,0.0,0.0,0.2428497220959358,2.0
2020-10-15,-7.0,0.0,0.0,0.0,0.0,0.0,0.25951179706979943,5.0
2020-10-16,-9.0,0.0,0.0,0.0,0.0,0.0,0.27609697309746883,-2.0
2020-10-17,-7.0,0.0,0.0,0.0,0.0,0.0,0.2926003356333479,2.0
2020-10-18,0.0,0.0,0.0,0.0,0.0,0.0,0.30901699437494723,7.0
2020-10-19,-6.0,0.0,0.0,0.0,0.0,0.0,0.3253420847119795,-6.0
2020-10-20,-5.0,0.0,0.0,0.0,0.0,0.0,0.341570769167856,1.0
2020-10-21,-4.0,0.0,0.0,0.0,0.0,0.0,0.35769823883312546,1.0
2020-10-22,-3.0,0.0,0.0,0.0,0.0,0.0,0.3737197147904692,1.0
2020-10-23,-7.0,0.0,0.0,0.0,0.0,0.0,0.38963044953078774,-4.0
2020-10-24,-5.0,0.0,0.0,0.0,0.0,0.0,0.4054257283599973,2.0
2020-10-25,0.0,0.0,0.0,0.0,0.0,0.0,0.42110087079608916,5.0
2020-10-26,0.0,0.0,0.0,0.0,0.0,0.0,0.4366512319560638,0.0
2020-10-27,-3.0,0.0,0.0,0.0,0.0,0.0,0.45207220393230374,-3.0
2020-10-28,-5.0,0.0,0.0,0.0,0.0,0.0,0.46735921715800205,-2.0
2020-10-29,-4.0,0.0,0.0,0.0,0.0,0.0,0.48250774176121763,1.0
2020-10-30,-2.0,0.0,0.0,0.0,0.0,0.0,0.4975132889071803,2.0
2020-10-31,-6.0,0.0,0.0,0.0,0.0,0.0,0.5123714121284235,-4.0
2020-11-01,-1.0,0.0,0.0,0.0,0.0,0.0,0.5270777086423724,5.0
2020-11-02,-2.0,0.0,0.0,0.0,0.0,0.0,0.5416278206559811,-1.0
2020-11-03,-4.0,0.0,0.0,0.0,0.0,0.0,0.5560174366570446,-2.0
2020-11-04,-4.0,0.0,0.0,0.0,0.0,0.0,0.5702422926917867,0.0
2020-11-05,-3.0,0.0,0.0,0.0,0.0,0.0,0.5842981736283683,1.0
2020-11-06,-3.0,0.0,0.0,0.0,0.0,0.0,0.5981809144059159,0.0
2020-11-07,-2.0,0.0,0.0,0.0,0.0,0.0,0.6118864012687242,1.0
2020-11-08,-3.0,0.0,0.0,0.0,0.0,0.0,0.6254105729852457,-1.0
2020-11-09,-3.0,0.0,0.0,0.0,0.0,0.0,0.6387494220515268,0.0
2020-11-10,-1.0,0.0,0.0,0.0,0.0,0.0,0.6518989958787125,2.0
2020-11-11,1.0,0.0,0.0,0.0,0.0,0.0,0.6648553979642867,2.0
2020-11-12,4.0,0.0,0.0,0.0,0.0,0.0,0.6776147890466887,3.0
2020-11-13,-3.0,0.0,0.0,0.0,0.0,0.0,0.690173388242972,-7.0
2020-11-14,-3.0,0.0,0.0,0.0,0.0,0.0,0.7025274741691566,0.0
2020-11-15,-1.0,0.0,0.0,0.0,0.0,0.0,0.7146733860429608,2.0
2020-11-16,4.0,0.0,0.0,0.0,0.0,0.0,0.726607524768565,5.0
2020-11-17,4.0,0.0,0.0,0.0,0.0,0.0,0.7383263540031063,0.0
2020-11-18,-1.0,0.0,0.0,0.0,0.0,0.0,0.749826401204568,-5.0
2020-11-19,5.0,0.0,0.0,0.0,0.0,0.0,0.7611042586607742,6.0
2020-11-20,-2.0,0.0,0.0,0.0,0.0,0.0,0.7721565844991641,-7.0
2020-11-21,0.0,0.0,0.0,0.0,0.0,0.0,0.7829801036770625,2.0
2020-11-22,5.0,0.0,0.0,0.0,0.0,0.0,0.7935716089521472,5.0
2020-11-23,-1.0,0.0,0.0,0.0,0.0,0.0,0.8039279618328208,-6.0
2020-11-24,-1.0,0.0,0.0,0.0,0.0,0.0,0.8140460935082175,0.0
2020-11-25,5.0,0.0,0.0,0.0,0.0,0.0,0.8239230057575536,6.0
2020-11-26,4.0,0.0,0.0,0.0,0.0,0.0,0.8335557718385695,-1.0
2020-11-27,2.0,0.0,0.0,0.0,0.0,0.0,0.8429415373547832,-2.0
2020-11-28,2.0,0.0,0.0,0.0,0.0,0.0,0.8520775211013093,0.0
2020-11-29,8.0,0.0,0.0,0.0,0.0,0.0,0.8609610158889945,6.0
2020-11-30,5.0,0.0,0.0,0.0,0.0,0.0,0.8695893893466109,-3.0
2020-12-01,5.0,0.0,0.0,0.0,0.0,0.0,0.8779600847008883,0.0
2020-12-02,6.0,0.0,0.0,0.0,0.0,0.0,0.8860706215341377,1.0
2020-12-03,6.0,0.0,0.0,0.0,0.0,0.0,0.893918596519257,0.0
2020-12-04,4.0,0.0,0.0,0.0,0.0,0.0,0.9015016841318838,-2.0
2020-12-05,7.0,0.0,0.0,0.0,0.0,0.0,0.9088176373395028,3.0
2020-12-06,1.0,0.0,0.0,0.0,0.0,0.0,0.9158642882672868,-6.0
2020-12-07,7.0,0.0,0.0,0.0,0.0,0.0,0.9226395488404875,6.0
2020-12-08,0.0,0.0,0.0,0.0,0.0,0.0,0.9291414114031743,-7.0
2020-12-09,-11.0,0.0,0.0,0.0,0.0,0.0,0.935367949313148,-11.0
2020-12-10,-13.0,0.0,0.0,0.0,0.0,0.0,0.941317317512847,-2.0
2020-12-11,-19.0,0.0,0.0,0.0,0.0,0.0,0.946987753076075,-6.0
2020-12-12,-23.0,0.0,0.0,0.0,0.0,0.0,0.9523775757303973,-4.0
2020-12-13,-25.0,0.0,0.0,0.0,0.0,0.0,0.9574851883550389,-2.0
2020-12-14,-22.0,0.0,0.0,0.0,0.0,0.0,0.9623090774541487,3.0
2020-12-15,-19.0,0.0,0.0,0.0,0.0,0.0,0.9668478136052773,3.0
2020-12-16,-19.0,0.0,0.0,0.0,0.0,0.0,0.9711000518829505,0.0
2020-12-17,-10.0,0.0,0.0,0.0,0.0,0.0,0.9750645322571945,9.0
2020-12-18,2.0,0.0,0.0,0.0,0.0,0.0,0.9787400799669153,12.0
2020-12-19,14.0,0.0,0.0,0.0,0.0,0.0,0.9821256058680006,12.0
2020-12-20,15.0,0.0,0.0,0.0,0.0,0.0,0.9852201067560606,1.0
2020-12-21,28.0,0.0,0.0,0.0,0.0,0.0,0.9880226656636976,13.0
2020-12-22,33.0,0.0,0.0,0.0,0.0,0.0,0.9905324521322227,5.0
2020-12-23,30.0,0.0,0.0,0.0,0.0,0.0,0.9927487224577402,-3.0
2020-12-24,18.0,0.0,0.0,0.0,0.0,0.0,0.9946708199115211,-12.0
2020-12-25,22.0,0.0,0.0,0.0,0.0,0.0,0.9962981749346077,4.0
2020-12-26,21.0,0.0,0.0,0.0,0.0,0.0,0.9976303053065857,-1.0
2020-12-27,20.0,0.0,0.0,0.0,0.0,0.0,0.9986668162884759,-1.0
2020-12-28,27.0,0.0,0.0,0.0,0.0,0.0,0.9994074007397048,7.0
2020-12-29,23.0,0.0,0.0,0.0,0.0,0.0,0.9998518392091162,-4.0
2020-12-30,22.0,0.0,0.0,0.0,0.0,0.0,1.0,-1.0
2020-12-31,26.0,0.0,0.0,0.0,0.0,0.0,0.9998518392091162,4.0
2021-01-01,29.0,0.0,0.0,0.0,0.0,0.0,0.9998518392091162,3.0
2021-01-02,28.0,0.0,0.0,0.0,0.0,0.0,0.9994074007397048,-1.0
2021-01-03,29.0,0.0,0.0,0.0,0.0,0.0,0.998666816288476,1.0
2021-01-04,29.0,0.0,0.0,0.0,0.0,0.0,0.9976303053065857,0.0
2021-01-05,32.0,0.0,0.0,0.0,0.0,0.0,0.9962981749346078,3.0
2021-01-06,41.0,0.0,0.0,0.0,0.0,0.0,0.9946708199115211,9.0
2021-01-07,38.0,0.0,0.0,0.0,0.0,0.0,0.9927487224577402,-3.0
2021-01-08,40.0,0.0,0.0,0.0,0.0,0.0,0.9905324521322229,2.0
2021-01-09,41.0,0.0,0.0,0.0,0.0,0.0,0.9880226656636976,1.0
2021-01-10,42.0,0.0,0.0,0.0,0.0,0.0,0.9852201067560606,1.0
2021-01-11,43.0,0.0,0.0,0.0,0.0,0.0,0.9821256058680006,1.0
2021-01-12,45.0,0.0,0.0,0.0,0.0,0.0,0.9787400799669153,2.0
2021-01-13,38.0,0.0,0.0,0.0,0.0,0.0,0.9750645322571948,-7.0
2021-01-14,40.0,0.0,0.0,0.0,0.0,0.0,0.9711000518829505,2.0
2021-01-15,30.0,0.0,0.0,0.0,0.0,0.0,0.9668478136052775,-10.0
2021-01-16,15.0,0.0,0.0,0.0,0.0,0.0,0.9623090774541486,-15.0
2021-01-17,6.0,0.0,0.0,0.0,0.0,0.0,0.9574851883550393,-9.0
2021-01-18,-16.0,0.0,0.0,0.0,0.0,0.0,0.9523775757303974,-22.0
2021-01-19,-4.0,0.0,0.0,0.0,0.0,0.0,0.9469877530760753,12.0
2021-01-20,9.0,0.0,0.0,0.0,0.0,0.0,0.9413173175128471,13.0
2021-01-21,14.0,0.0,0.0,0.0,0.0,0.0,0.9353679493131483,5.0
2021-01-22,0.0,0.0,0.0,0.0,0.0,0.0,0.9291414114031743,-14.0
2021-01-23,-3.0,0.0,0.0,0.0,0.0,0.0,0.9226395488404876,-3.0
2021-01-24,-2.0,0.0,0.0,0.0,0.0,0.0,0.9158642882672872,1.0
2021-01-25,-3.0,0.0,0.0,0.0,0.0,0.0,0.9088176373395029,-1.0
2021-01-26,9.0,0.0,0.0,0.0,0.0,0.0,0.901501684131884,12.0
2021-01-27,23.0,0.0,0.0,0.0,0.0,0.0,0.893918596519257,14.0
2021-01-28,27.0,0.0,0.0,0.0,0.0,0.0,0.886070621534138,4.0
2021-01-29,25.0,0.0,0.0,0.0,0.0,0.0,0.8779600847008882,-2.0
2021-01-30,26.0,0.0,0.0,0.0,0.0,0.0,0.869589389346611,1.0
2021-01-31,39.0,0.0,0.0,0.0,0.0,0.0,0.8609610158889943,13.0
2021-02-01,42.0,0.0,0.0,0.0,0.0,0.0,0.8520775211013093,3.0
2021-02-02,52.0,0.0,0.0,0.0,0.0,0.0,0.8429415373547828,10.0
2021-02-03,58.0,0.0,0.0,0.0,0.0,0.0,0.8335557718385699,6.0
2021-02-04,50.0,0.0,0.0,0.0,0.0,0.0,0.8239230057575542,-8.0
2021-02-05,47.0,0.0,0.0,0.0,0.0,0.0,0.8140460935082178,-3.0
2021-02-06,57.0,0.0,0.0,0.0,0.0,0.0,0.8039279618328213,10.0
2021-02-07,109.0,0.0,0.0,0.0,0.0,0.0,0.7935716089521474,52.0
2021-02-08,183.0,0.0,0.0,0.0,0.0,0.0,0.7829801036770629,74.0
2021-02-09,174.0,0.0,0.0,0.0,0.0,0.0,0.7721565844991642,-9.0
2021-02-10,176.0,0.0,0.0,0.0,0.0,0.0,0.7611042586607747,2.0
2021-02-11,178.0,0.0,0.0,0.0,0.0,0.0,0.7498264012045686,2.0
2021-02-12,168.0,0.0,0.0,0.0,0.0,0.0,0.7383263540031065,-10.0
2021-02-13,161.0,0.0,0.0,0.0,0.0,0.0,0.7266075247685656,-7.0
2021-02-14,161.0,0.0,0.0,0.0,0.0,0.0,0.7146733860429609,0.0
2021-02-15,162.0,0.0,0.0,0.0,0.0,0.0,0.702527474169157,1.0
2021-02-16,156.0,0.0,0.0,0.0,0.0,0.0,0.6901733882429719,-6.0
2021-02-17,150.0,0.0,0.0,0.0,0.0,0.0,0.6776147890466889,-6.0
2021-02-18,134.0,0.0,0.0,0.0,0.0,0.0,0.6648553979642865,-16.0
2021-02-19,129.0,0.0,0.0,0.0,0.0,0.0,0.6518989958787126,-5.0
2021-02-20,130.0,0.0,0.0,0.0,0.0,0.0,0.6387494220515272,1.0
2021-02-21,132.0,0.0,0.0,0.0,0.0,0.0,0.6254105729852463,2.0
2021-02-22,118.0,0.0,0.0,0.0,0.0,0.0,0.6118864012687243,-14.0
2021-02-23,111.0,0.0,0.0,0.0,0.0,0.0,0.5981809144059164,-7.0
2021-02-24,106.0,0.0,0.0,0.0,0.0,0.0,0.5842981736283683,-5.0
2021-02-25,103.0,0.0,0.0,0.0,0.0,0.0,0.5702422926917871,-3.0
2021-02-26,101.0,0.0,0.0,0.0,0.0,0.0,0.5560174366570446,-2.0
2021-02-27,105.0,0.0,0.0,0.0,0.0,0.0,0.5416278206559814,4.0
2021-02-28,110.0,0.0,0.0,0.0,0.0,0.0,0.5270777086423722,5.0
2021-03-01,115.0,0.0,0.0,0.0,0.0,0.0,0.5123714121284237,5.0
2021-03-02,81.0,0.0,0.0,0.0,0.0,0.0,0.49751328890718066,-34.0
2021-03-03,74.0,0.0,0.0,0.0,0.0,0.0,0.48250774176121847,-7.0
2021-03-04,84.0,0.0,0.0,0.0,0.0,0.0,0.46735921715800227,10.0
2021-03-05,87.0,0.0,0.0,0.0,0.0,0.0,0.45207220393230435,3.0
2021-03-06,90.0,0.0,0.0,0.0,0.0,0.0,0.43665123195606403,3.0
2021-03-07,94.0,0.0,0.0,0.0,0.0,0.0,0.4211008707960896,4.0
2021-03-08,92.0,0.0,0.0,0.0,0.0,0.0,0.40542572835999735,-2.0
2021-03-09,96.0,0.0,0.0,0.0,0.0,0.0,0.38963044953078796,4.0
2021-03-10,97.0,0.0,0.0,0.0,0.0,0.0,0.37371971479046906,1.0
2021-03-11,93.0,0.0,0.0,0.0,0.0,0.0,0.35769823883312546,-4.0
2021-03-12,93.0,0.0,0.0,0.0,0.0,0.0,0.3415707691678556,0.0
2021-03-13,97.0,0.0,0.0,0.0,0.0,0.0,0.3253420847119801,4.0
2021-03-14,95.0,0.0,0.0,0.0,0.0,0.0,0.30901699437494745,-2.0
2021-03-15,101.0,0.0,0.0,0.0,0.0,0.0,0.29260033563334836,6.0
2021-03-16,112.0,0.0,0.0,0.0,0.0,0.0,0.27609697309746883,11.0
2021-03-17,119.0,0.0,0.0,0.0,0.0,0.0,0.2595117970697999,7.0
2021-03-18,144.0,0.0,0.0,0.0,0.0,0.0,0.2428497220959356,25.0
2021-03-19,144.0,0.0,0.0,0.0,0.0,0.0,0.22611568550828828,0.0
2021-03-20,122.0,0.0,0.0,0.0,0.0,0.0,0.20931464596304847,-22.0
2021-03-21,123.0,0.0,0.0,0.0,0.0,0.0,0.19245158197082998,1.0
2021-03-22,113.0,0.0,0.0,0.0,0.0,0.0,0.1755314904214282,-10.0
2021-03-23,109.0,0.0,0.0,0.0,0.0,0.0,0.15855938510313478,-4.0
2021-03-24,109.0,0.0,0.0,0.0,0.0,0.0,0.141540295217043,0.0
2021-03-25,107.0,0.0,0.0,0.0,0.0,0.0,0.12447926388678915,-2.0
2021-03-26,103.0,0.0,0.0,0.0,0.0,0.0,0.10738134666416309,-4.0
2021-03-27,101.0,0.0,0.0,0.0,0.0,0.0,0.09025161003104117,-2.0
2021-03-28,100.0,0.0,0.0,0.0,0.0,0.0,0.07309512989807777,-1.0
2021-03-29,97.0,0.0,0.0,0.0,0.0,0.0,0.055916990100603484,-3.0
2021-03-30,97.0,0.0,0.0,0.0,0.0,0.0,0.03872228089217446,0.0
2021-03-31,93.0,0.0,0.0,0.0,0.0,0.0,0.021516097436222254,-4.0
2021-04-01,93.0,0.0,0.0,0.0,0.0,0.0,0.004303538296244289,0.0
2021-04-02,89.0,0.0,0.0,0.0,0.0,0.0,-0.01291029607500882,-4.0
2021-04-03,93.0,0.0,0.0,0.0,0.0,0.0,-0.030120304846908114,4.0
2021-04-04,89.0,0.0,0.0,0.0,0.0,0.0,-0.04732138832243185,-4.0
2021-04-05,91.0,0.0,0.0,0.0,0.0,0.0,-0.06450844944931623,2.0
2021-04-06,83.0,0.0,0.0,0.0,0.0,0.0,-0.08167639533042241,-8.0
2021-04-07,82.0,0.0,0.0,0.0,0.0,0.0,-0.09882013873287143,-1.0
2021-04-08,79.0,0.0,0.0,0.0,0.0,0.0,-0.11593459959550041,-3.0
2021-04-09,77.0,0.0,0.0,0.0,0.0,0.0,-0.1330147065341959,-2.0
2021-04-10,75.0,0.0,0.0,0.0,0.0,0.0,-0.1500553983446526,-2.0
2021-04-11,72.0,0.0,0.0,0.0,0.0,0.0,-0.16705162550211924,-3.0
2021-04-12,71.0,0.0,0.0,0.0,0.0,0.0,-0.18399835165768005,-1.0
2021-04-13,63.0,0.0,0.0,0.0,0.0,0.0,-0.20089055513063506,-8.0
2021-04-14,65.0,0.0,0.0,0.0,0.0,0.0,-0.21772323039653177,2.0
2021-04-15,70.0,0.0,0.0,0.0,0.0,0.0,-0.23449138957040985,5.0
2021-04-16,64.0,0.0,0.0,0.0,0.0,0.0,-0.25119006388481935,-6.0
2021-04-17,67.0,0.0,0.0,0.0,0.0,0.0,-0.2678143051621742,3.0
2021-04-18,62.0,0.0,0.0,0.0,0.0,0.0,-0.2843591872810034,-5.0
2021-04-19,68.0,0.0,0.0,0.0,0.0,0.0,-0.30081980763566735,6.0
2021-04-20,60.0,0.0,0.0,0.0,0.0,0.0,-0.3171912885891061,-8.0
2021-04-21,66.0,0.0,0.0,0.0,0.0,0.0,-0.3334687789181868,6.0
2021-04-22,59.0,0.0,0.0,0.0,0.0,0.0,-0.3496474552512284,-7.0
2021-04-23,63.0,0.0,0.0,0.0,0.0,0.0,-0.36572252349726897,4.0
2021-04-24,57.0,0.0,0.0,0.0,0.0,0.0,-0.3816892202666588,-6.0
2021-04-25,58.0,0.0,0.0,0.0,0.0,0.0,-0.39754281428255595,1.0
2021-04-26,54.0,0.0,0.0,0.0,0.0,0.0,-0.4132786077829042,-4.0
2021-04-27,55.0,0.0,0.0,0.0,0.0,0.0,-0.4288919379124835,1.0
2021-04-28,52.0,0.0,0.0,0.0,0.0,0.0,-0.4443781781046132,-3.0
2021-04-29,54.0,0.0,0.0,0.0,0.0,0.0,-0.45973273945210397,2.0
2021-04-30,51.0,0.0,0.0,0.0,0.0,0.0,-0.47495107206704995,-3.0
2021-05-01,43.0,0.0,0.0,0.0,0.0,0.0,-0.49002866642905923,-8.0
2021-05-02,47.0,0.0,0.0,0.0,0.0,0.0,-0.5049610547215204,4.0
2021-05-03,58.0,0.0,0.0,0.0,0.0,0.0,-0.5197438121555155,11.0
2021-05-04,51.0,0.0,0.0,0.0,0.0,0.0,-0.5343725582809787,-7.0
2021-05-05,59.0,0.0,0.0,0.0,0.0,0.0,-0.548842958284719,8.0
2021-05-06,57.0,0.0,0.0,0.0,0.0,0.0,-0.5631507242749186,-2.0
2021-05-07,61.0,0.0,0.0,0.0,0.0,0.0,-0.5772916165517272,4.0
2021-05-08,66.0,0.0,0.0,0.0,0.0,0.0,-0.5912614448635781,5.0
2021-05-09,66.0,0.0,0.0,0.0,0.0,0.0,-0.6050560696488488,0.0
2021-05-10,68.0,0.0,0.0,0.0,0.0,0.0,-0.6186714032625031,2.0
2021-05-11,68.0,0.0,0.0,0.0,0.0,0.0,-0.6321034111873487,0.0
2021-05-12,65.0,0.0,0.0,0.0,0.0,0.0,-0.6453481132295501,-3.0
2021-05-13,65.0,0.0,0.0,0.0,0.0,0.0,-0.6584015846980488,0.0
2021-05-14,61.0,0.0,0.0,0.0,0.0,0.0,-0.6712599575675313,-4.0
2021-05-15,59.0,0.0,0.0,0.0,0.0,0.0,-0.6839194216246106,-2.0
2021-05-16,58.0,0.0,0.0,0.0,0.0,0.0,-0.6963762255968722,-1.0
2021-05-17,74.0,0.0,0.0,0.0,0.0,0.0,-0.7086266782644596,16.0
2021-05-18,66.0,0.0,0.0,0.0,0.0,0.0,-0.7206671495538609,-8.0
2021-05-19,74.0,0.0,0.0,0.0,0.0,0.0,-0.7324940716135789,8.0
2021-05-20,72.0,0.0,0.0,0.0,0.0,0.0,-0.7441039398713607,-2.0
2021-05-21,75.0,0.0,0.0,0.0,0.0,0.0,-0.7554933140726803,3.0
2021-05-22,83.0,0.0,0.0,0.0,0.0,0.0,-0.766658819300159,8.0
2021-05-23,84.0,0.0,0.0,0.0,0.0,0.0,-0.777597146973627,1.0
2021-05-24,84.0,0.0,0.0,0.0,0.0,0.0,-0.7883050558305255,0.0
2021-05-25,90.0,0.0,0.0,0.0,0.0,0.0,-0.7987793728863649,6.0
2021-05-26,84.0,0.0,0.0,0.0,0.0,0.0,-0.8090169943749473,-6.0
2021-05-27,88.0,0.0,0.0,0.0,0.0,0.0,-0.8190148866680801,4.0
2021-05-28,86.0,0.0,0.0,0.0,0.0,0.0,-0.8287700871745037,-2.0
2021-05-29,85.0,0.0,0.0,0.0,0.0,0.0,-0.8382797052177743,-1.0
2021-05-30,80.0,0.0,0.0,0.0,0.0,0.0,-0.8475409228928311,-5.0
2021-05-31,82.0,0.0,0.0,0.0,0.0,0.0,-0.8565509959010036,2.0
2021-06-01,75.0,0.0,0.0,0.0,0.0,0.0,-0.865307254363206,-7.0
2021-06-02,69.0,0.0,0.0,0.0,0.0,0.0,-0.8738071036110808,-6.0
2021-06-03,66.0,0.0,0.0,0.0,0.0,0.0,-0.8820480249558537,-3.0
2021-06-04,61.0,0.0,0.0,0.0,0.0,0.0,-0.8900275764346767,-5.0
2021-06-05,54.0,0.0,0.0,0.0,0.0,0.0,-0.8977433935342337,-7.0
2021-06-06,48.0,0.0,0.0,0.0,0.0,0.0,-0.9051931898913974,-6.0
2021-06-07,42.0,0.0,0.0,0.0,0.0,0.0,-0.9123747579707273,-6.0
2021-06-08,39.0,0.0,0.0,0.0,0.0,0.0,-0.9192859697186104,-3.0
2021-06-09,35.0,0.0,0.0,0.0,0.0,0.0,-0.9259247771938498,-4.0
2021-06-10,34.0,0.0,0.0,0.0,0.0,0.0,-0.9322892131745133,-1.0
2021-06-11,30.0,0.0,0.0,0.0,0.0,0.0,-0.9383773917408641,-4.0
2021-06-12,29.0,0.0,0.0,0.0,0.0,0.0,-0.9441875088341993,-1.0
2021-06-13,25.0,0.0,0.0,0.0,0.0,0.0,-0.9497178427914316,-4.0
2021-06-14,26.0,0.0,0.0,0.0,0.0,0.0,-0.9549667548552551,1.0
2021-06-15,30.0,0.0,0.0,0.0,0.0,0.0,-0.9599326896597447,4.0
2021-06-16,27.0,0.0,0.0,0.0,0.0,0.0,-0.9646141756912435,-3.0
2021-06-17,24.0,0.0,0.0,0.0,0.0,0.0,-0.9690098257244062,-3.0
2021-06-18,28.0,0.0,0.0,0.0,0.0,0.0,-0.9731183372332619,4.0
2021-06-19,16.0,0.0,0.0,0.0,0.0,0.0,-0.9769384927771817,-12.0
2021-06-20,17.0,0.0,0.0,0.0,0.0,0.0,-0.980469160361632,1.0
2021-06-21,19.0,0.0,0.0,0.0,0.0,0.0,-0.9837092937736097,2.0
2021-06-22,11.0,0.0,0.0,0.0,0.0,0.0,-0.986657932891657,-8.0
2021-06-23,10.0,0.0,0.0,0.0,0.0,0.0,-0.9893142039703663,-1.0
2021-06-24,10.0,0.0,0.0,0.0,0.0,0.0,-0.99167731989929,0.0
2021-06-25,9.0,0.0,0.0,0.0,0.0,0.0,-0.993746580436178,-1.0
2021-06-26,6.0,0.0,0.0,0.0,0.0,0.0,-0.9955213724144752,-3.0
2021-06-27,-1.0,0.0,0.0,0.0,0.0,0.0,-0.9970011699250151,-7.0
2021-06-28,-2.0,0.0,0.0,0.0,0.0,0.0,-0.9981855344718586,-1.0
2021-06-29,-2.0,0.0,0.0,0.0,0.0,0.0,-0.99907411510223,0.0
2021-06-30,5.0,0.0,0.0,0.0,0.0,0.0,-0.9996666485105112,7.0
2021-07-01,4.0,0.0,0.0,0.0,0.0,0.0,-0.9999629591162655,-1.0
2021-07-02,11.0,3.6,19.62,3.6,3.6,49.050000000000004,-0.9999629591162655,7.0
2021-07-03,29.0,0.0,21.37,0.0,3.06,53.425000000000004,-0.9996666485105112,18.0
2021-07-04,18.0,38.2,19.18,38.2,40.801,47.95,-0.99907411510223,-11.0
2021-07-05,40.0,11.5,20.68,11.5,46.18085,51.7,-0.9981855344718586,22.0
2021-07-06,42.0,0.3,20.71,0.3,39.5537225,51.775000000000006,-0.9970011699250151,2.0
2021-07-07,51.0,0.0,23.99,0.0,33.620664125,59.974999999999994,-0.9955213724144752,9.0
2021-07-08,48.0,0.0,25.59,0.0,28.577564506249995,63.975,-0.9937465804361781,-3.0
2021-07-09,40.0,0.0,25.95,0.0,24.290929830312496,64.875,-0.99167731989929,-8.0
2021-07-10,34.0,0.0,24.92,0.0,20.64729035576562,62.300000000000004,-0.9893142039703664,-6.0
2021-07-11,30.0,6.1,21.6,6.1,23.650196802400778,54.0,-0.9866579328916572,-4.0
2021-07-12,30.0,0.0,25.5,0.0,20.10266728204066,63.75,-0.9837092937736098,0.0
2021-07-13,30.0,1.0,24.67,1.0,18.08726718973456,61.675000000000004,-0.9804691603616321,0.0
2021-07-14,20.0,1.4,24.26,1.4,16.774177111274376,60.650000000000006,-0.9769384927771817,-10.0
2021-07-15,26.0,0.0,25.98,0.0,14.25805054458322,64.95,-0.973118337233262,6.0
2021-07-16,17.0,0.0,26.68,0.0,12.119342962895736,66.7,-0.9690098257244063,-9.0
2021-07-17,12.0,4.9,22.43,4.9,15.201441518461376,56.075,-0.9646141756912435,-5.0
2021-07-18,24.0,14.3,22.32,14.3,27.221225290692168,55.8,-0.9599326896597445,12.0
2021-07-19,25.0,0.0,19.99,0.0,23.13804149708834,49.974999999999994,-0.9549667548552553,1.0
2021-07-20,12.0,0.0,19.75,0.0,19.66733527252509,49.375,-0.9497178427914317,-13.0
2021-07-21,12.0,0.0,18.11,0.0,16.717234981646325,45.275,-0.9441875088341994,0.0
2021-07-22,5.0,0.0,18.15,0.0,14.209649734399376,45.375,-0.9383773917408642,-7.0
2021-07-23,-2.0,0.0,19.36,0.0,12.07820227423947,48.4,-0.9322892131745134,-7.0
2021-07-24,-2.0,0.0,19.91,0.0,10.26647193310355,49.775,-0.9259247771938499,0.0
2021-07-25,-1.0,0.0,21.31,0.0,8.726501143138016,53.275,-0.9192859697186105,1.0
2021-07-26,-4.0,0.1,23.59,0.1,7.517525971667313,58.975,-0.9123747579707274,-3.0
2021-07-27,-9.0,22.3,21.39,22.3,28.689897075917216,53.475,-0.9051931898913975,-5.0
2021-07-28,-6.0,0.0,23.11,0.0,24.38641251452963,57.775,-0.8977433935342336,3.0
2021-07-29,-11.0,5.0,21.24,5.0,25.728450637350186,53.099999999999994,-0.8900275764346766,-5.0
2021-07-30,-11.0,0.0,19.84,0.0,21.869183041747657,49.6,-0.8820480249558535,0.0
2021-07-31,-12.0,0.0,20.36,0.0,18.58880558548551,50.9,-0.8738071036110807,-1.0
2021-08-01,-12.0,0.7,19.73,0.7,16.500484747662682,49.325,-0.8653072543632061,0.0
2021-08-02,-6.0,26.8,16.08,26.8,40.82541203551328,40.199999999999996,-0.8565509959010037,6.0
2021-08-03,1.0,0.0,15.95,0.0,34.70160023018629,39.875,-0.8475409228928312,7.0
2021-08-04,-4.0,11.6,15.41,11.6,41.09636019565834,38.525,-0.8382797052177745,-5.0
2021-08-05,8.0,0.0,16.77,0.0,34.93190616630959,41.925,-0.828770087174504,12.0
2021-08-06,14.0,26.0,15.3,26.0,55.69212024136315,38.25,-0.8190148866680802,6.0
2021-08-07,22.0,7.5,16.02,7.5,54.838302205158676,40.05,-0.8090169943749472,8.0
2021-08-08,20.0,0.2,17.49,0.2,46.812556874384875,43.724999999999994,-0.7987793728863648,-2.0
2021-08-09,19.0,4.4,17.2,4.4,44.19067334322714,43.0,-0.7883050558305253,-1.0
2021-08-10,31.0,0.0,18.43,0.0,37.56207234174307,46.075,-0.7775971469736268,12.0
2021-08-11,28.0,4.7,16.23,4.7,36.62776149048161,40.575,-0.7666588193001592,-3.0
2021-08-12,30.0,0.1,16.81,0.1,31.23359726690937,42.025,-0.7554933140726804,2.0
2021-08-13,31.0,0.0,18.17,0.0,26.548557676872964,45.425000000000004,-0.7441039398713608,1.0
2021-08-14,33.0,4.0,19.62,4.0,26.566274025342018,49.050000000000004,-0.7324940716135792,2.0
2021-08-15,22.0,0.0,19.56,0.0,22.581332921540714,48.9,-0.7206671495538615,-11.0
2021-08-16,19.0,1.4,21.22,1.4,20.594132983309606,53.05,-0.7086266782644601,-3.0
2021-08-17,23.0,8.8,16.9,8.8,26.305013035813165,42.25,-0.6963762255968726,4.0
2021-08-18,17.0,0.0,15.35,0.0,22.35926108044119,38.375,-0.6839194216246105,-6.0
2021-08-19,14.0,0.0,16.5,0.0,19.005371918375012,41.25,-0.6712599575675315,-3.0
2021-08-20,13.0,5.9,17.31,5.9,22.05456613061876,43.275,-0.6584015846980489,-1.0
2021-08-21,15.0,5.3,14.96,5.3,24.046381211025945,37.400000000000006,-0.64534811322955,2.0
2021-08-22,11.0,0.0,13.72,0.0,20.439424029372052,34.300000000000004,-0.6321034111873488,-4.0
2021-08-23,11.0,0.0,15.51,0.0,17.373510424966245,38.775,-0.6186714032625032,0.0
2021-08-24,12.0,0.0,13.16,0.0,14.767483861221308,32.9,-0.6050560696488494,1.0
2021-08-25,4.0,0.0,13.22,0.0,12.552361282038111,33.050000000000004,-0.5912614448635782,-8.0
2021-08-26,8.0,2.6,12.71,2.6,13.269507089732395,31.775000000000002,-0.5772916165517278,4.0
2021-08-27,6.0,5.6,14.93,5.6,16.879081026272537,37.325,-0.5631507242749187,-2.0
2021-08-28,6.0,23.5,14.7,23.5,37.84721887233165,36.75,-0.5488429582847199,0.0
2021-08-29,7.0,0.4,16.32,0.4,32.5701360414819,40.8,-0.5343725582809785,1.0
2021-08-30,5.0,2.7,15.45,2.7,30.384615635259614,38.625,-0.5197438121555157,-2.0
2021-08-31,8.0,1.4,15.65,1.4,27.22692328997067,39.125,-0.5049610547215202,3.0
2021-09-01,20.0,2.4,14.47,2.4,25.542884796475068,36.175000000000004,-0.4900286664290594,12.0
2021-09-02,10.0,0.1,11.93,0.1,21.811452077003807,29.825,-0.4749510720670502,-10.0
2021-09-03,20.0,0.3,12.97,0.3,18.839734265453234,32.425000000000004,-0.4597327394521046,10.0
2021-09-04,16.0,0.5,9.3,0.5,16.513774125635248,23.25,-0.44437817810461344,-4.0
2021-09-05,16.0,0.0,8.38,0.0,14.03670800678996,20.950000000000003,-0.4288919379124841,0.0
2021-09-06,15.0,0.0,8.92,0.0,11.931201805771465,22.3,-0.41327860778290443,-1.0
2021-09-07,16.0,0.0,11.18,0.0,10.141521534905745,27.95,-0.3975428142825566,1.0
2021-09-08,10.0,0.0,12.93,0.0,8.620293304669884,32.325,-0.3816892202666586,-6.0
2021-09-09,12.0,0.0,15.65,0.0,7.327249308969401,39.125,-0.3657225234972692,2.0
2021-09-10,8.0,0.0,15.99,0.0,6.228161912623991,39.975,-0.34964745525122826,-4.0
2021-09-11,9.0,0.0,16.61,0.0,5.293937625730392,41.525,-0.33346877891818705,1.0
2021-09-12,4.0,2.7,16.7,2.7,7.199846981870833,41.75,-0.31719128858910595,-5.0
2021-09-13,4.0,0.5,17.09,0.5,6.6198699345902074,42.725,-0.300819807635668,0.0
2021-09-14,6.0,0.0,12.3,0.0,5.626889444401677,30.75,-0.2843591872810036,2.0
2021-09-15,3.0,0.0,12.14,0.0,4.782856027741425,30.35,-0.26781430516217486,-3.0
2021-09-16,7.0,6.7,13.85,6.7,10.765427623580212,34.625,-0.25119006388481957,4.0
2021-09-17,0.0,3.0,11.73,3.0,12.15061348004318,29.325000000000003,-0.23449138957041052,-7.0
2021-09-18,6.0,38.1,6.95,38.1,48.4280214580367,17.375,-0.21772323039653224,6.0
2021-09-19,31.0,8.2,6.72,8.2,49.363818239331195,16.8,-0.20089055513063528,25.0
2021-09-20,37.0,2.0,5.79,2.0,43.95924550343152,14.475,-0.18399835165767986,6.0
2021-09-21,54.0,0.7,6.7,0.7,38.06535867791679,16.75,-0.1670516255021195,17.0
2021-09-22,66.0,0.0,7.5,0.0,32.35555487622927,18.75,-0.15005539834465262,12.0
2021-09-23,73.0,8.4,9.23,8.4,35.90222164479488,23.075000000000003,-0.13301470653419636,7.0
2021-09-24,79.0,12.7,9.95,12.7,43.216888398075646,24.875,-0.11593459959550066,6.0
2021-09-25,87.0,0.4,12.54,0.4,37.1343551383643,31.349999999999998,-0.09882013873287211,8.0
2021-09-26,95.0,0.0,10.51,0.0,31.564201867609654,26.275,-0.08167639533042288,8.0
2021-09-27,97.0,0.0,7.9,0.0,26.829571587468205,19.75,-0.06450844944931625,2.0
2021-09-28,103.0,0.0,9.62,0.0,22.805135849347973,24.049999999999997,-0.04732138832243232,6.0
2021-09-29,98.0,0.0,9.07,0.0,19.384365471945777,22.675,-0.03012030484690836,-5.0
2021-09-30,97.0,2.5,10.58,2.5,18.976710651153912,26.45,-0.012910296075008843,-1.0
2021-10-01,94.0,5.7,9.62,5.7,21.830204053480823,24.049999999999997,0.004303538296243821,-3.0
2021-10-02,95.0,3.1,9.02,3.1,21.6556734454587,22.549999999999997,0.021516097436222233,1.0
2021-10-03,86.0,0.0,12.29,0.0,18.407322428639894,30.724999999999998,0.03872228089217399,-9.0
2021-10-04,88.0,0.0,11.95,0.0,15.64622406434391,29.875,0.05591699010060302,2.0
2021-10-05,85.0,0.0,13.62,0.0,13.299290454692324,34.05,0.07309512989807776,-3.0
2021-10-06,84.0,0.0,12.75,0.0,11.304396886488474,31.875,0.0902516100310407,-1.0
2021-10-07,72.0,0.0,7.99,0.0,9.608737353515203,19.975,0.10738134666416306,-12.0
2021-10-08,63.0,0.0,4.9,0.0,8.167426750487921,12.25,0.12447926388678869,-9.0
2021-10-09,64.0,0.0,4.27,0.0,6.942312737914733,10.674999999999999,0.141540295217043,1.0
2021-10-10,58.0,0.0,3.92,0.0,5.900965827227523,9.8,0.15855938510313475,-6.0
2021-10-11,61.0,0.0,3.31,0.0,5.015820953143394,8.275,0.17553149042142777,3.0
2021-10-12,54.0,0.0,3.28,0.0,4.263447810171885,8.2,0.19245158197082995,-7.0
2021-10-13,54.0,0.3,5.09,0.3,3.923930638646102,12.725,0.20931464596304888,0.0
2021-10-14,55.0,0.6,6.16,0.6,3.9353410428491866,15.4,0.22611568550828803,1.0
2021-10-15,51.0,2.3,9.96,2.3,5.6450398864218085,24.900000000000002,0.2428497220959358,-4.0
2021-10-16,50.0,0.8,7.8,0.8,5.598283903458537,19.5,0.25951179706979943,-1.0
2021-10-17,49.0,0.0,7.93,0.0,4.758541317939756,19.825,0.27609697309746883,-1.0
2021-10-18,46.0,0.0,5.6,0.0,4.044760120248793,14.0,0.2926003356333479,-3.0
2021-10-19,45.0,0.0,4.55,0.0,3.4380461022114743,11.375,0.30901699437494723,-1.0
2021-10-20,48.0,4.9,11.21,4.9,7.822339186879754,28.025000000000002,0.3253420847119795,3.0
2021-10-21,39.0,0.2,13.2,0.2,6.848988308847791,33.0,0.341570769167856,-9.0
2021-10-22,49.0,1.6,7.46,1.6,7.421640062520622,18.65,0.35769823883312546,10.0
2021-10-23,39.0,0.3,6.09,0.3,6.608394053142528,15.225,0.3737197147904692,-10.0
2021-10-24,42.0,0.0,3.13,0.0,5.6171349451711485,7.824999999999999,0.38963044953078774,3.0
2021-10-25,40.0,0.0,3.43,0.0,4.774564703395476,8.575000000000001,0.4054257283599973,-2.0
2021-10-26,38.0,1.1,5.49,1.1,5.158379997886154,13.725000000000001,0.42110087079608916,-2.0
2021-10-27,41.0,0.2,9.85,0.2,4.584622998203231,24.625,0.4366512319560638,3.0
2021-10-28,36.0,0.0,12.33,0.0,3.896929548472746,30.825,0.45207220393230374,-5.0
2021-10-29,36.0,0.0,11.6,0.0,3.312390116201834,29.0,0.46735921715800205,0.0
2021-10-30,41.0,0.0,10.1,0.0,2.815531598771559,25.25,0.48250774176121763,5.0
2021-10-31,33.0,0.0,8.69,0.0,2.393201858955825,21.724999999999998,0.4975132889071803,-8.0
2021-11-01,36.0,0.0,6.52,0.0,2.034221580112451,16.299999999999997,0.5123714121284235,3.0
2021-11-02,35.0,0.0,6.0,0.0,1.7290883430955832,15.0,0.5270777086423724,-1.0
2021-11-03,34.0,4.2,6.54,4.2,5.669725091631246,16.35,0.5416278206559811,-1.0
2021-11-04,34.0,0.3,7.26,0.3,5.119266327886559,18.15,0.5560174366570446,0.0
2021-11-05,42.0,0.8,8.55,0.8,5.151376378703575,21.375,0.5702422926917867,8.0
2021-11-06,33.0,0.9,7.9,0.9,5.2786699218980395,19.75,0.5842981736283683,-9.0
2021-11-07,36.0,0.3,7.4,0.3,4.786869433613333,18.5,0.5981809144059159,3.0
2021-11-08,41.0,1.4,4.36,1.4,5.468839018571332,10.9,0.6118864012687242,5.0
2021-11-09,37.0,0.0,0.71,0.0,4.648513165785632,1.775,0.6254105729852457,-4.0
2021-11-10,43.0,0.0,2.15,0.0,3.951236190917787,5.375,0.6387494220515268,6.0
2021-11-11,44.0,0.0,2.51,0.0,3.358550762280119,6.2749999999999995,0.6518989958787125,1.0
2021-11-12,39.0,0.0,5.33,0.0,2.8547681479381013,13.325,0.6648553979642867,-5.0
2021-11-13,42.0,0.0,2.12,0.0,2.426552925747386,5.300000000000001,0.6776147890466887,3.0
2021-11-14,43.0,0.0,3.81,0.0,2.062569986885278,9.525,0.690173388242972,1.0
2021-11-15,36.0,0.0,3.01,0.0,1.7531844888524861,7.5249999999999995,0.7025274741691566,-7.0
2021-11-16,39.0,0.0,3.19,0.0,1.490206815524613,7.975,0.7146733860429608,3.0
2021-11-17,35.0,0.0,3.41,0.0,1.2666757931959212,8.525,0.726607524768565,-4.0
2021-11-18,32.0,4.5,5.38,4.5,5.576674424216533,13.45,0.7383263540031063,-3.0
2021-11-19,37.0,5.9,9.17,5.9,10.640173260584053,22.925,0.749826401204568,5.0
2021-11-20,34.0,1.9,8.8,1.9,10.944147271496446,22.0,0.7611042586607742,-3.0
2021-11-21,40.0,0.9,6.75,0.9,10.202525180771978,16.875,0.7721565844991641,6.0
2021-11-22,43.0,0.0,-0.29,0.0,8.672146403656182,0.0,0.7829801036770625,3.0
2021-11-23,50.0,3.6,-0.17,3.6,10.971324443107754,0.0,0.7935716089521472,7.0
2021-11-24,41.0,0.0,3.53,0.0,9.32562577664159,8.825,0.8039279618328208,-9.0
2021-11-25,48.0,0.1,3.74,0.1,8.026781910145353,9.350000000000001,0.8140460935082175,7.0
2021-11-26,50.0,2.3,2.08,2.3,9.12276462362355,5.2,0.8239230057575536,2.0
2021-11-27,52.0,8.2,0.56,8.2,15.954349930080017,1.4000000000000001,0.8335557718385695,2.0
2021-11-28,54.0,0.0,0.83,0.0,13.561197440568014,2.0749999999999997,0.8429415373547832,2.0
2021-11-29,52.0,11.0,0.63,11.0,22.52701782448281,1.575,0.8520775211013093,-2.0
2021-11-30,63.0,1.1,-0.45,1.1,20.24796515081039,0.0,0.8609610158889945,11.0
2021-12-01,65.0,2.2,-2.0,2.2,19.410770378188833,0.0,0.8695893893466109,2.0
2021-12-02,77.0,3.2,2.79,3.2,19.699154821460507,6.975,0.8779600847008883,12.0
2021-12-03,69.0,0.8,0.6,0.8,17.54428159824143,1.5,0.8860706215341377,-8.0
2021-12-04,76.0,0.3,-0.48,0.3,15.212639358505216,0.0,0.893918596519257,7.0
2021-12-05,79.0,0.0,-0.47,0.0,12.930743454729432,0.0,0.9015016841318838,3.0
2021-12-06,80.0,0.3,-3.85,0.3,11.291131936520017,0.0,0.9088176373395028,1.0
2021-12-07,80.0,0.0,-9.77,0.0,9.597462146042014,0.0,0.9158642882672868,0.0
2021-12-08,80.0,0.0,-10.76,0.0,8.157842824135711,0.0,0.9226395488404875,0.0
2021-12-09,72.0,0.0,-6.53,0.0,6.9341664005153545,0.0,0.9291414114031743,-8.0
2021-12-10,51.0,5.1,0.34,5.1,10.99404144043805,0.8500000000000001,0.935367949313148,-21.0
2021-12-11,25.0,0.1,0.54,0.1,9.444935224372342,1.35,0.941317317512847,-26.0
2021-12-12,40.0,0.0,-1.15,0.0,8.02819494071649,0.0,0.946987753076075,15.0
2021-12-13,47.0,0.0,-1.95,0.0,6.823965699609016,0.0,0.9523775757303973,7.0
2021-12-14,64.0,1.6,-2.35,1.6,7.400370844667664,0.0,0.9574851883550389,17.0
2021-12-15,67.0,0.0,1.4,0.0,6.290315217967515,3.5,0.9623090774541487,3.0
2021-12-16,72.0,0.0,5.26,0.0,5.346767935272387,13.149999999999999,0.9668478136052773,5.0
2021-12-17,85.0,0.6,2.63,0.6,5.1447527449815285,6.574999999999999,0.9711000518829505,13.0
2021-12-18,117.0,3.4,2.87,3.4,7.773039833234298,7.175000000000001,0.9750645322571945,32.0
2021-12-19,125.0,0.9,2.9,0.9,7.507083858249154,7.25,0.9787400799669153,8.0
2021-12-20,100.0,0.8,-2.79,0.8,7.18102127951178,0.0,0.9821256058680006,-25.0
2021-12-21,101.0,3.1,-9.2,3.1,9.203868087585013,0.0,0.9852201067560606,1.0
2021-12-22,113.0,0.0,-12.88,0.0,7.823287874447261,0.0,0.9880226656636976,12.0
2021-12-23,82.0,0.1,-7.26,0.1,6.749794693280172,0.0,0.9905324521322227,-31.0
2021-12-24,61.0,2.2,-3.63,2.2,7.9373254892881455,0.0,0.9927487224577402,-21.0
2021-12-25,51.0,0.0,-6.71,0.0,6.746726665894924,0.0,0.9946708199115211,-10.0
2021-12-26,53.0,0.4,-4.47,0.4,6.134717666010686,0.0,0.9962981749346077,2.0
2021-12-27,56.0,0.0,-6.6,0.0,5.214510016109083,0.0,0.9976303053065857,3.0
2021-12-28,60.0,0.0,-8.7,0.0,4.43233351369272,0.0,0.9986668162884759,4.0
2021-12-29,62.0,0.1,-7.43,0.1,3.8674834866388124,0.0,0.9994074007397048,2.0
2021-12-30,72.0,1.4,-2.93,1.4,4.68736096364299,0.0,0.9998518392091162,10.0
2021-12-31,69.0,8.8,3.57,8.8,12.784256819096543,8.924999999999999,1.0,-3.0
2022-01-01,38.0,1.4,3.31,1.4,12.26661829623206,8.275,0.9998518392091162,-31.0
2022-01-02,40.0,13.4,-0.01,13.4,23.82662555179725,0.0,0.9994074007397048,2.0
2022-01-03,46.0,5.3,6.15,5.3,25.552631719027662,15.375,0.998666816288476,6.0
2022-01-04,59.0,8.7,4.36,8.7,30.419736961173513,10.9,0.9976303053065857,13.0
2022-01-05,76.0,0.3,1.83,0.3,26.156776416997484,4.575,0.9962981749346078,17.0
2022-01-06,88.0,0.5,0.37,0.5,22.73325995444786,0.925,0.9946708199115211,12.0
2022-01-07,109.0,0.0,-2.65,0.0,19.32327096128068,0.0,0.9927487224577402,21.0
2022-01-08,129.0,0.0,-2.48,0.0,16.42478031708858,0.0,0.9905324521322229,20.0
2022-01-09,134.0,0.0,-2.8,0.0,13.961063269525292,0.0,0.9880226656636976,5.0
2022-01-10,150.0,0.0,-4.21,0.0,11.866903779096498,0.0,0.9852201067560606,16.0
2022-01-11,167.0,0.0,-5.13,0.0,10.086868212232023,0.0,0.9821256058680006,17.0
2022-01-12,170.0,0.0,-9.02,0.0,8.573837980397219,0.0,0.9787400799669153,3.0
2022-01-13,170.0,0.1,1.89,0.1,7.3877622833376355,4.725,0.9750645322571948,0.0
2022-01-14,146.0,0.7,4.61,0.7,6.979597940836991,11.525,0.9711000518829505,-24.0
2022-01-15,121.0,0.0,1.76,0.0,5.932658249711442,4.4,0.9668478136052775,-25.0
2022-01-16,112.0,2.5,-1.13,2.5,7.542759512254725,0.0,0.9623090774541486,-9.0
2022-01-17,112.0,1.8,0.73,1.8,8.211345585416517,1.825,0.9574851883550393,0.0
2022-01-18,108.0,0.1,-0.37,0.1,7.079643747604039,0.0,0.9523775757303974,-4.0
2022-01-19,114.0,0.2,-0.13,0.2,6.217697185463433,0.0,0.9469877530760753,6.0
2022-01-20,124.0,5.7,-0.51,5.7,10.98504260764392,0.0,0.9413173175128471,10.0
2022-01-21,128.0,4.6,-0.28,4.6,13.93728621649733,0.0,0.9353679493131483,4.0
2022-01-22,113.0,0.0,-1.88,0.0,11.84669328402273,0.0,0.9291414114031743,-15.0
2022-01-23,93.0,0.0,-4.43,0.0,10.069689291419321,0.0,0.9226395488404876,-20.0
2022-01-24,95.0,0.6,-4.1,0.6,9.159235897706422,0.0,0.9158642882672872,2.0
2022-01-25,88.0,0.7,0.95,0.7,8.485350513050458,2.375,0.9088176373395029,-7.0
2022-01-26,86.0,1.9,-0.2,1.9,9.112547936092888,0.0,0.901501684131884,-2.0
2022-01-27,79.0,1.6,1.68,1.6,9.345665745678955,4.2,0.893918596519257,-7.0
2022-01-28,76.0,3.4,1.61,3.4,11.343815883827112,4.025,0.886070621534138,-3.0
2022-01-29,79.0,4.7,0.43,4.7,14.342243501253044,1.075,0.8779600847008882,3.0
2022-01-30,93.0,8.1,1.19,8.1,20.290906976065088,2.9749999999999996,0.869589389346611,14.0
2022-01-31,99.0,0.8,-0.94,0.8,18.047270929655326,0.0,0.8609610158889943,6.0
2022-02-01,113.0,1.1,-1.79,1.1,16.440180290207028,0.0,0.8520775211013093,14.0
2022-02-02,115.0,1.1,-1.2,1.1,15.074153246675973,0.0,0.8429415373547828,2.0
2022-02-03,120.0,0.0,-3.85,0.0,12.813030259674576,0.0,0.8335557718385699,5.0
2022-02-04,117.0,0.4,-1.18,0.4,11.29107572072339,0.0,0.8239230057575542,-3.0
2022-02-05,116.0,3.1,1.86,3.1,12.69741436261488,4.65,0.8140460935082178,-1.0
2022-02-06,116.0,2.5,1.82,2.5,13.292802208222648,4.55,0.8039279618328213,0.0
2022-02-07,118.0,4.0,1.94,4.0,15.29888187698925,4.85,0.7935716089521474,2.0
2022-02-08,124.0,1.4,2.17,1.4,14.404049595440863,5.425,0.7829801036770629,6.0
2022-02-09,130.0,1.8,4.6,1.8,14.043442156124735,11.5,0.7721565844991642,6.0
2022-02-10,136.0,1.2,3.48,1.2,13.136925832706023,8.7,0.7611042586607747,6.0
2022-02-11,165.0,0.7,1.92,0.7,11.866386957800119,4.8,0.7498264012045686,29.0
2022-02-12,179.0,2.2,-0.01,2.2,12.286428914130102,0.0,0.7383263540031065,14.0
2022-02-13,195.0,0.0,-0.22,0.0,10.443464577010587,0.0,0.7266075247685656,16.0
2022-02-14,205.0,0.0,1.42,0.0,8.876944890458999,3.55,0.7146733860429609,10.0
2022-02-15,197.0,0.2,2.11,0.2,7.745403156890149,5.2749999999999995,0.702527474169157,-8.0
2022-02-16,193.0,2.7,4.58,2.7,9.283592683356627,11.45,0.6901733882429719,-4.0
2022-02-17,193.0,10.1,5.24,10.1,17.991053780853132,13.100000000000001,0.6776147890466889,0.0
2022-02-18,188.0,2.0,3.1,2.0,17.292395713725163,7.75,0.6648553979642865,-5.0
2022-02-19,184.0,4.9,4.19,4.9,19.598536356666386,10.475000000000001,0.6518989958787126,-4.0
2022-02-20,188.0,0.6,2.29,0.6,17.258755903166428,5.725,0.6387494220515272,4.0
2022-02-21,179.0,5.1,4.55,5.1,19.76994251769146,11.375,0.6254105729852463,-9.0
2022-02-22,196.0,0.8,1.63,0.8,17.604451140037742,4.074999999999999,0.6118864012687243,17.0
2022-02-23,200.0,1.0,0.57,1.0,15.96378346903208,1.4249999999999998,0.5981809144059164,4.0
2022-02-24,209.0,0.0,1.83,0.0,13.569215948677268,4.575,0.5842981736283683,9.0
2022-02-25,203.0,0.7,3.64,0.7,12.233833556375677,9.1,0.5702422926917871,-6.0
2022-02-26,206.0,0.0,2.46,0.0,10.398758522919325,6.15,0.5560174366570446,3.0
2022-02-27,208.0,0.0,-1.17,0.0,8.838944744481426,0.0,0.5416278206559814,2.0
2022-02-28,205.0,0.0,-2.82,0.0,7.513103032809211,0.0,0.5270777086423722,-3.0
2022-03-01,211.0,0.0,-2.12,0.0,6.38613757788783,0.0,0.5123714121284237,6.0
2022-03-02,206.0,0.0,-1.55,0.0,5.4282169412046555,0.0,0.49751328890718066,-5.0
2022-03-03,202.0,0.0,-0.81,0.0,4.613984400023957,0.0,0.48250774176121847,-4.0
2022-03-04,199.0,0.0,0.52,0.0,3.921886740020364,1.3,0.46735921715800227,-3.0
2022-03-05,206.0,0.0,-1.35,0.0,3.3336037290173093,0.0,0.45207220393230435,7.0
2022-03-06,199.0,0.0,-2.11,0.0,2.8335631696647128,0.0,0.43665123195606403,-7.0
2022-03-07,189.0,0.0,1.27,0.0,2.408528694215006,3.175,0.4211008707960896,-10.0
2022-03-08,183.0,1.4,0.39,1.4,3.4472493900827548,0.9750000000000001,0.40542572835999735,-6.0
2022-03-09,173.0,1.4,-1.55,1.4,4.330161981570342,0.0,0.38963044953078796,-10.0
2022-03-10,176.0,0.0,-4.48,0.0,3.6806376843347905,0.0,0.37371971479046906,3.0
2022-03-11,159.0,0.0,-3.91,0.0,3.128542031684572,0.0,0.35769823883312546,-17.0
2022-03-12,157.0,0.0,0.32,0.0,2.659260726931886,0.8,0.3415707691678556,-2.0
2022-03-13,145.0,0.0,0.34,0.0,2.260371617892103,0.8500000000000001,0.3253420847119801,-12.0
2022-03-14,140.0,0.0,0.13,0.0,1.9213158752082875,0.325,0.30901699437494745,-5.0
2022-03-15,139.0,0.0,2.1,0.0,1.6331184939270444,5.25,0.29260033563334836,-1.0
2022-03-16,136.0,0.0,3.76,0.0,1.3881507198379877,9.399999999999999,0.27609697309746883,-3.0
2022-03-17,131.0,0.0,0.85,0.0,1.1799281118622895,2.125,0.2595117970697999,-5.0
2022-03-18,123.0,0.0,0.19,0.0,1.002938895082946,0.475,0.2428497220959356,-8.0
2022-03-19,122.0,0.0,0.82,0.0,0.8524980608205042,2.05,0.22611568550828828,-1.0
2022-03-20,112.0,0.0,2.12,0.0,0.7246233516974285,5.300000000000001,0.20931464596304847,-10.0
2022-03-21,109.0,0.0,3.98,0.0,0.6159298489428142,9.95,0.19245158197082998,-3.0
2022-03-22,115.0,0.0,5.11,0.0,0.5235403716013921,12.775,0.1755314904214282,6.0
2022-03-23,113.0,0.0,6.77,0.0,0.44500931586118325,16.924999999999997,0.15855938510313478,-2.0
2022-03-24,100.0,0.0,3.66,0.0,0.37825791848200574,9.15,0.141540295217043,-13.0
2022-03-25,97.0,0.0,7.45,0.0,0.3215192307097049,18.625,0.12447926388678915,-3.0
2022-03-26,101.0,0.0,7.21,0.0,0.2732913461032492,18.025,0.10738134666416309,4.0
2022-03-27,91.0,0.0,2.43,0.0,0.2322976441877618,6.075,0.09025161003104117,-10.0
2022-03-28,92.0,0.0,9.64,0.0,0.19745299755959753,24.1,0.07309512989807777,1.0
2022-03-29,92.0,0.0,5.89,0.0,0.1678350479256579,14.725,0.055916990100603484,0.0
2022-03-30,89.0,0.0,0.58,0.0,0.1426597907368092,1.45,0.03872228089217446,-3.0
2022-03-31,86.0,0.0,1.0,0.0,0.12126082212628782,2.5,0.021516097436222254,-3.0
2022-04-01,84.0,0.0,2.22,0.0,0.10307169880734464,5.550000000000001,0.004303538296244289,-2.0
2022-04-02,84.0,0.6,2.45,0.6,0.6876109439862429,6.125,-0.01291029607500882,0.0
2022-04-03,83.0,0.0,0.28,0.0,0.5844693023883064,0.7000000000000001,-0.030120304846908114,-1.0
2022-04-04,83.0,0.0,1.93,0.0,0.4967989070300604,4.825,-0.04732138832243185,0.0
2022-04-05,81.0,2.1,2.25,2.1,2.5222790709755514,5.625,-0.06450844944931623,-2.0
2022-04-06,81.0,0.7,4.12,0.7,2.8439372103292184,10.3,-0.08167639533042241,0.0
2022-04-07,88.0,0.1,11.67,0.1,2.5173466287798356,29.175,-0.09882013873287143,7.0
2022-04-08,88.0,3.0,6.52,3.0,5.13974463446286,16.299999999999997,-0.11593459959550041,0.0
2022-04-09,90.0,0.0,4.6,0.0,4.368782939293431,11.5,-0.1330147065341959,2.0
2022-04-10,96.0,0.0,3.54,0.0,3.713465498399416,8.85,-0.1500553983446526,6.0
2022-04-11,97.0,0.0,3.08,0.0,3.156445673639504,7.7,-0.16705162550211924,1.0
2022-04-12,101.0,0.0,3.55,0.0,2.6829788225935784,8.875,-0.18399835165768005,4.0
2022-04-13,91.0,0.0,5.91,0.0,2.2805319992045416,14.775,-0.20089055513063506,-10.0
2022-04-14,95.0,0.0,9.38,0.0,1.9384521993238604,23.450000000000003,-0.21772323039653177,4.0
2022-04-15,88.0,2.1,8.11,2.1,3.747684369425281,20.275,-0.23449138957040985,-7.0
2022-04-16,87.0,0.0,4.25,0.0,3.1855317140114887,10.625,-0.25119006388481935,-1.0
2022-04-17,95.0,0.0,4.68,0.0,2.7077019569097653,11.7,-0.2678143051621742,8.0
2022-04-18,96.0,0.0,5.72,0.0,2.3015466633733004,14.299999999999999,-0.2843591872810034,1.0
2022-04-19,98.0,11.5,5.15,11.5,13.456314663867305,12.875,-0.30081980763566735,2.0
2022-04-20,103.0,13.1,7.22,13.1,24.53786746428721,18.05,-0.3171912885891061,5.0
2022-04-21,106.0,0.0,9.6,0.0,20.857187344644128,24.0,-0.3334687789181868,3.0
2022-04-22,112.0,2.8,8.09,2.8,20.52860924294751,20.225,-0.3496474552512284,6.0
2022-04-23,120.0,1.3,6.3,1.3,18.749317856505385,15.75,-0.36572252349726897,8.0
2022-04-24,128.0,1.5,6.38,1.5,17.436920178029577,15.95,-0.3816892202666588,8.0
2022-04-25,131.0,0.4,8.0,0.4,15.221382151325141,20.0,-0.39754281428255595,3.0
2022-04-26,129.0,0.0,10.06,0.0,12.93817482862637,25.150000000000002,-0.4132786077829042,-2.0
2022-04-27,140.0,0.0,7.78,0.0,10.997448604332414,19.45,-0.4288919379124835,11.0
2022-04-28,148.0,0.0,6.54,0.0,9.347831313682551,16.35,-0.4443781781046132,8.0
2022-04-29,143.0,0.0,7.75,0.0,7.945656616630169,19.375,-0.45973273945210397,-5.0
2022-04-30,146.0,0.0,9.51,0.0,6.753808124135643,23.775,-0.47495107206704995,3.0
2022-05-01,138.0,0.1,10.59,0.1,5.840736905515296,26.475,-0.49002866642905923,-8.0
2022-05-02,140.0,0.0,9.38,0.0,4.964626369688002,23.450000000000003,-0.5049610547215204,2.0
2022-05-03,135.0,0.0,9.09,0.0,4.219932414234801,22.725,-0.5197438121555155,-5.0
2022-05-04,135.0,0.0,6.45,0.0,3.586942552099581,16.125,-0.5343725582809787,0.0
2022-05-05,136.0,0.0,10.79,0.0,3.0489011692846435,26.974999999999998,-0.548842958284719,1.0
2022-05-06,133.0,10.5,10.46,10.5,13.091565993891948,26.150000000000002,-0.5631507242749186,-3.0
2022-05-07,128.0,0.2,13.23,0.2,11.327831094808154,33.075,-0.5772916165517272,-5.0
2022-05-08,127.0,0.0,12.25,0.0,9.62865643058693,30.625,-0.5912614448635781,-1.0
2022-05-09,122.0,0.0,8.53,0.0,8.184357965998892,21.325,-0.6050560696488488,-5.0
2022-05-10,111.0,0.0,10.35,0.0,6.956704271099058,25.875,-0.6186714032625031,-11.0
2022-05-11,110.0,3.5,14.72,3.5,9.413198630434199,36.800000000000004,-0.6321034111873487,-1.0
2022-05-12,108.0,7.4,13.38,7.4,15.401218835869068,33.45,-0.6453481132295501,-2.0
2022-05-13,101.0,0.0,11.86,0.0,13.091036010488708,29.65,-0.6584015846980488,-7.0
2022-05-14,100.0,0.6,10.66,0.6,11.7273806089154,26.65,-0.6712599575675313,-1.0
2022-05-15,100.0,0.0,12.42,0.0,9.96827351757809,31.05,-0.6839194216246106,0.0
2022-05-16,94.0,0.0,11.92,0.0,8.473032489941376,29.8,-0.6963762255968722,-6.0
2022-05-17,91.0,0.0,8.03,0.0,7.202077616450169,20.075,-0.7086266782644596,-3.0
2022-05-18,87.0,0.0,9.77,0.0,6.121765973982644,24.424999999999997,-0.7206671495538609,-4.0
2022-05-19,90.0,0.0,14.15,0.0,5.203501077885247,35.375,-0.7324940716135789,3.0
2022-05-20,84.0,0.0,16.53,0.0,4.42297591620246,41.325,-0.7441039398713607,-6.0
2022-05-21,76.0,18.2,11.17,18.2,21.95952952877209,27.925,-0.7554933140726803,-8.0
2022-05-22,76.0,2.9,10.16,2.9,21.565600099456276,25.4,-0.766658819300159,0.0
2022-05-23,80.0,0.0,12.35,0.0,18.330760084537832,30.875,-0.777597146973627,4.0
2022-05-24,75.0,0.0,14.73,0.0,15.581146071857157,36.825,-0.7883050558305255,-5.0
2022-05-25,75.0,24.4,15.38,24.4,37.64397416107858,38.45,-0.7987793728863649,0.0
2022-05-26,79.0,7.6,12.03,7.6,39.597378036916794,30.075,-0.8090169943749473,4.0
2022-05-27,70.0,2.4,10.73,2.4,36.05777133137927,26.825000000000003,-0.8190148866680801,-9.0
2022-05-28,78.0,5.9,9.15,5.9,36.54910563167238,22.875,-0.8287700871745037,8.0
2022-05-29,74.0,6.2,10.34,6.2,37.266739786921526,25.85,-0.8382797052177743,-4.0
2022-05-30,79.0,15.3,10.16,15.3,46.9767288188833,25.4,-0.8475409228928311,5.0
2022-05-31,91.0,0.0,13.19,0.0,39.9302194960508,32.975,-0.8565509959010036,12.0
2022-06-01,84.0,6.8,12.78,6.8,40.74068657164318,31.95,-0.865307254363206,-7.0
2022-06-02,91.0,13.9,10.89,13.9,48.5295835858967,27.225,-0.8738071036110808,7.0
2022-06-03,95.0,0.0,13.44,0.0,41.2501460480122,33.6,-0.8820480249558537,4.0
2022-06-04,95.0,0.0,16.6,0.0,35.062624140810364,41.5,-0.8900275764346767,0.0
2022-06-05,102.0,0.0,16.08,0.0,29.803230519688807,40.199999999999996,-0.8977433935342337,7.0
2022-06-06,97.0,0.0,18.18,0.0,25.332745941735485,45.45,-0.9051931898913974,-5.0
2022-06-07,92.0,0.1,19.22,0.1,21.632834050475164,48.05,-0.9123747579707273,-5.0
2022-06-08,90.0,8.7,18.12,8.7,27.087908942903887,45.300000000000004,-0.9192859697186104,-2.0
2022-06-09,90.0,0.0,21.0,0.0,23.024722601468305,52.5,-0.9259247771938498,0.0
2022-06-10,80.0,0.0,21.17,0.0,19.57101421124806,52.925000000000004,-0.9322892131745133,-10.0
2022-06-11,80.0,0.0,16.93,0.0,16.63536207956085,42.325,-0.9383773917408641,0.0
2022-06-12,71.0,0.0,17.92,0.0,14.140057767626722,44.800000000000004,-0.9441875088341993,-9.0
2022-06-13,66.0,11.2,15.58,11.2,23.219049102482714,38.95,-0.9497178427914316,-5.0
2022-06-14,66.0,4.2,13.79,4.2,23.936191737110306,34.474999999999994,-0.9549667548552551,0.0
2022-06-15,53.0,0.4,15.14,0.4,20.74576297654376,37.85,-0.9599326896597447,-13.0
2022-06-16,59.0,4.0,14.46,4.0,21.633898530062194,36.150000000000006,-0.9646141756912435,6.0
2022-06-17,52.0,0.0,16.41,0.0,18.388813750552863,41.025,-0.9690098257244062,-7.0
2022-06-18,48.0,0.3,17.49,0.3,15.930491687969933,43.724999999999994,-0.9731183372332619,-4.0
2022-06-19,48.0,0.0,22.95,0.0,13.540917934774443,57.375,-0.9769384927771817,0.0
2022-06-20,44.0,6.6,16.03,6.6,18.109780244558277,40.075,-0.980469160361632,-4.0
2022-06-21,45.0,40.1,12.14,40.1,55.493313207874536,30.35,-0.9837092937736097,1.0
2022-06-22,49.0,0.0,16.27,0.0,47.169316226693354,40.675,-0.986657932891657,4.0
2022-06-23,51.0,0.0,18.1,0.0,40.09391879268935,45.25,-0.9893142039703663,2.0
2022-06-24,48.0,0.0,20.67,0.0,34.079830973785946,51.675000000000004,-0.99167731989929,-3.0
2022-06-25,44.0,0.0,22.43,0.0,28.967856327718053,56.075,-0.993746580436178,-4.0
2022-06-26,40.0,0.0,23.77,0.0,24.622677878560346,59.425,-0.9955213724144752,-4.0
2022-06-27,45.0,0.0,24.38,0.0,20.929276196776293,60.949999999999996,-0.9970011699250151,5.0
2022-06-28,35.0,0.0,25.25,0.0,17.78988476725985,63.125,-0.9981855344718586,-10.0
2022-06-29,33.0,0.0,24.01,0.0,15.121402052170872,60.025000000000006,-0.99907411510223,-2.0
2022-06-30,36.0,0.0,25.26,0.0,12.85319174434524,63.150000000000006,-0.9996666485105112,3.0
2022-07-01,31.0,0.0,25.45,0.0,10.925212982693454,63.625,-0.9999629591162655,-5.0
2022-07-02,22.0,6.5,22.09,6.5,15.786431035289436,55.225,-0.9999629591162655,-9.0
2022-07-03,22.0,0.1,18.98,0.1,13.51846637999602,47.45,-0.9996666485105112,0.0
2022-07-04,29.0,0.0,21.67,0.0,11.490696422996617,54.175000000000004,-0.99907411510223,7.0
2022-07-05,20.0,0.0,20.19,0.0,9.767091959547125,50.475,-0.9981855344718586,-9.0
2022-07-06,24.0,22.6,15.37,22.6,30.902028165615057,38.425,-0.9970011699250151,4.0
2022-07-07,35.0,0.0,15.97,0.0,26.2667239407728,39.925000000000004,-0.9955213724144752,11.0
2022-07-08,35.0,2.9,17.45,2.9,25.226715349656878,43.625,-0.9937465804361781,0.0
2022-07-09,39.0,1.6,16.08,1.6,23.042708047208347,40.199999999999996,-0.99167731989929,4.0
2022-07-10,42.0,0.0,16.1,0.0,19.586301840127096,40.25,-0.9893142039703664,3.0
2022-07-11,41.0,0.0,16.16,0.0,16.64835656410803,40.4,-0.9866579328916572,-1.0
2022-07-12,37.0,30.1,15.66,30.1,44.25110307949183,39.15,-0.9837092937736098,-4.0
2022-07-13,52.0,1.7,17.61,1.7,39.313437617568056,44.025,-0.9804691603616321,15.0
2022-07-14,59.0,0.0,17.57,0.0,33.416421974932845,43.925,-0.9769384927771817,7.0
2022-07-15,61.0,1.9,14.95,1.9,30.303958678692915,37.375,-0.973118337233262,2.0
2022-07-16,68.0,1.2,14.83,1.2,26.958364876888975,37.075,-0.9690098257244063,7.0
2022-07-17,71.0,2.6,15.05,2.6,25.51461014535563,37.625,-0.9646141756912435,3.0
2022-07-18,65.0,3.7,15.21,3.7,25.387418623552282,38.025000000000006,-0.9599326896597445,-6.0
2022-07-19,69.0,0.0,19.19,0.0,21.57930583001944,47.975,-0.9549667548552553,4.0
2022-07-20,58.0,0.0,18.7,0.0,18.342409955516523,46.75,-0.9497178427914317,-11.0
2022-07-21,58.0,0.0,20.93,0.0,15.591048462189043,52.325,-0.9441875088341994,0.0
2022-07-22,55.0,0.0,23.75,0.0,13.252391192860687,59.375,-0.9383773917408642,-3.0
2022-07-23,52.0,0.0,22.52,0.0,11.264532513931583,56.3,-0.9322892131745134,-3.0
2022-07-24,48.0,1.6,18.41,1.6,11.174852636841845,46.025,-0.9259247771938499,-4.0
2022-07-25,37.0,0.0,18.69,0.0,9.498624741315568,46.725,-0.9192859697186105,-11.0
2022-07-26,40.0,5.5,20.79,5.5,13.573831030118233,51.974999999999994,-0.9123747579707274,3.0
2022-07-27,43.0,11.7,17.05,11.7,23.237756375600497,42.625,-0.9051931898913975,3.0
2022-07-28,32.0,0.0,16.09,0.0,19.752092919260424,40.225,-0.8977433935342336,-11.0
2022-07-29,33.0,0.0,16.51,0.0,16.78927898137136,41.275000000000006,-0.8900275764346766,1.0
2022-07-30,34.0,0.0,18.5,0.0,14.270887134165656,46.25,-0.8820480249558535,1.0
2022-07-31,34.0,24.4,16.95,24.4,36.530254064040804,42.375,-0.8738071036110807,0.0
2022-08-01,48.0,2.1,16.98,2.1,33.15071595443468,42.45,-0.8653072543632061,14.0
2022-08-02,42.0,0.0,17.41,0.0,28.17810856126948,43.525,-0.8565509959010037,-6.0
2022-08-03,42.0,0.0,18.95,0.0,23.951392277079055,47.375,-0.8475409228928312,0.0
2022-08-04,40.0,0.0,20.22,0.0,20.358683435517197,50.55,-0.8382797052177745,-2.0
2022-08-05,34.0,0.0,22.51,0.0,17.304880920189618,56.275000000000006,-0.828770087174504,-6.0
2022-08-06,38.0,6.5,17.46,6.5,21.209148782161172,43.650000000000006,-0.8190148866680802,4.0
2022-08-07,32.0,0.0,15.42,0.0,18.027776464836997,38.55,-0.8090169943749472,-6.0
2022-08-08,29.0,0.0,16.78,0.0,15.323609995111447,41.95,-0.7987793728863648,-3.0
2022-08-09,25.0,3.0,16.44,3.0,16.025068495844728,41.1,-0.7883050558305253,-4.0
2022-08-10,28.0,0.0,17.57,0.0,13.621308221468018,43.925,-0.7775971469736268,3.0
2022-08-11,23.0,0.0,18.46,0.0,11.578111988247816,46.150000000000006,-0.7666588193001592,-5.0
2022-08-12,19.0,0.0,20.67,0.0,9.841395190010644,51.675000000000004,-0.7554933140726804,-4.0
2022-08-13,20.0,0.0,21.93,0.0,8.365185911509046,54.825,-0.7441039398713608,1.0
2022-08-14,19.0,0.0,24.03,0.0,7.110408024782689,60.075,-0.7324940716135792,-1.0
2022-08-15,15.0,0.3,23.79,0.3,6.343846821065285,59.474999999999994,-0.7206671495538615,-4.0
2022-08-16,10.0,0.2,24.18,0.2,5.592269797905493,60.45,-0.7086266782644601,-5.0
2022-08-17,11.0,0.0,23.51,0.0,4.753429328219669,58.775000000000006,-0.6963762255968726,1.0
2022-08-18,12.0,0.0,23.8,0.0,4.040414928986719,59.5,-0.6839194216246105,1.0
2022-08-19,8.0,0.0,24.8,0.0,3.434352689638711,62.0,-0.6712599575675315,-4.0
2022-08-20,5.0,0.0,21.79,0.0,2.9191997861929044,54.474999999999994,-0.6584015846980489,-3.0
2022-08-21,3.0,0.0,20.61,0.0,2.4813198182639686,51.525,-0.64534811322955,-2.0
2022-08-22,-2.0,0.0,22.1,0.0,2.109121845524373,55.25,-0.6321034111873488,-5.0
2022-08-23,1.0,0.0,24.18,0.0,1.7927535686957172,60.45,-0.6186714032625032,3.0
2022-08-24,-1.0,0.0,23.98,0.0,1.5238405333913596,59.95,-0.6050560696488494,-2.0
2022-08-25,-2.0,1.4,23.97,1.4,2.6952644533826557,59.925,-0.5912614448635782,-1.0
2022-08-26,-6.0,3.7,19.82,3.7,5.990974785375258,49.55,-0.5772916165517278,-4.0
2022-08-27,-6.0,0.0,22.05,0.0,5.092328567568969,55.125,-0.5631507242749187,0.0
2022-08-28,-8.0,0.0,21.21,0.0,4.328479282433624,53.025000000000006,-0.5488429582847199,-2.0
2022-08-29,-7.0,0.0,18.82,0.0,3.67920739006858,47.05,-0.5343725582809785,1.0
2022-08-30,-7.0,0.1,17.86,0.1,3.227326281558293,44.65,-0.5197438121555157,0.0
2022-08-31,-9.0,0.0,14.48,0.0,2.743227339324549,36.2,-0.5049610547215202,-2.0
2022-09-01,-10.0,0.0,11.62,0.0,2.3317432384258665,29.049999999999997,-0.4900286664290594,-1.0
2022-09-02,-10.0,0.0,11.03,0.0,1.9819817526619865,27.575,-0.4749510720670502,0.0
2022-09-03,-11.0,0.0,12.79,0.0,1.6846844897626885,31.974999999999998,-0.4597327394521046,-1.0
2022-09-04,-12.0,0.0,11.98,0.0,1.4319818162982851,29.950000000000003,-0.44437817810461344,-1.0
2022-09-05,-14.0,0.1,10.43,0.1,1.3171845438535423,26.075,-0.4288919379124841,-2.0
2022-09-06,-16.0,0.0,10.36,0.0,1.1196068622755109,25.9,-0.41327860778290443,-2.0
2022-09-07,-17.0,0.0,10.16,0.0,0.9516658329341842,25.4,-0.3975428142825566,-1.0
2022-09-08,-17.0,0.0,11.91,0.0,0.8089159579940565,29.775,-0.3816892202666586,0.0
2022-09-09,-18.0,0.0,11.75,0.0,0.687578564294948,29.375,-0.3657225234972692,-1.0
2022-09-10,-17.0,0.2,11.47,0.2,0.7844417796507057,28.675,-0.34964745525122826,1.0
2022-09-11,-15.0,19.5,9.42,19.5,20.1667755127031,23.55,-0.33346877891818705,2.0
2022-09-12,-13.0,0.2,11.26,0.2,17.341759185797635,28.15,-0.31719128858910595,2.0
2022-09-13,-13.0,0.2,12.27,0.2,14.94049530792799,30.674999999999997,-0.300819807635668,0.0
2022-09-14,-13.0,0.0,13.58,0.0,12.69942101173879,33.95,-0.2843591872810036,0.0
2022-09-15,-10.0,0.0,13.83,0.0,10.794507859977971,34.575,-0.26781430516217486,3.0
2022-09-16,-7.0,0.1,12.0,0.1,9.275331680981274,30.0,-0.25119006388481957,3.0
2022-09-17,-7.0,0.0,11.69,0.0,7.884031928834083,29.224999999999998,-0.23449138957041052,0.0
2022-09-18,-6.0,0.0,10.03,0.0,6.70142713950897,25.075,-0.21772323039653224,1.0
2022-09-19,-8.0,0.7,11.77,0.7,6.396213068582625,29.424999999999997,-0.20089055513063528,-2.0
2022-09-20,-4.0,4.6,11.5,4.6,10.03678110829523,28.75,-0.18399835165767986,4.0
2022-09-21,-1.0,0.0,10.82,0.0,8.531263942050945,27.05,-0.1670516255021195,3.0
2022-09-22,-10.0,0.1,9.11,0.1,7.351574350743302,22.775,-0.15005539834465262,-9.0
2022-09-23,-3.0,0.0,8.65,0.0,6.248838198131807,21.625,-0.13301470653419636,7.0
2022-09-24,-1.0,0.0,9.47,0.0,5.311512468412036,23.675,-0.11593459959550066,2.0
2022-09-25,-2.0,0.0,9.21,0.0,4.5147855981502305,23.025000000000002,-0.09882013873287211,-1.0
2022-09-26,-3.0,0.0,11.86,0.0,3.8375677584276957,29.65,-0.08167639533042288,-1.0
2022-09-27,-3.0,0.0,11.04,0.0,3.2619325946635414,27.599999999999998,-0.06450844944931625,0.0
2022-09-28,1.0,5.4,10.03,5.4,8.17264270546401,25.075,-0.04732138832243232,4.0
2022-09-29,5.0,0.3,8.43,0.3,7.246746299644409,21.075,-0.03012030484690836,4.0
2022-09-30,0.0,0.0,7.53,0.0,6.159734354697747,18.825,-0.012910296075008843,-5.0
2022-10-01,1.0,8.4,8.46,8.4,13.635774201493085,21.150000000000002,0.004303538296243821,1.0
2022-10-02,7.0,1.9,8.58,1.9,13.490408071269123,21.45,0.021516097436222233,6.0
2022-10-03,9.0,4.1,8.94,4.1,15.566846860578753,22.349999999999998,0.03872228089217399,2.0
2022-10-04,1.0,0.1,11.1,0.1,13.33181983149194,27.75,0.05591699010060302,-8.0
2022-10-05,20.0,0.0,11.03,0.0,11.332046856768148,27.575,0.07309512989807776,19.0
2022-10-06,10.0,0.0,10.73,0.0,9.632239828252926,26.825000000000003,0.0902516100310407,-10.0
2022-10-07,15.0,0.0,9.83,0.0,8.187403854014986,24.575,0.10738134666416306,5.0
2022-10-08,25.0,2.3,12.97,2.3,9.25929327591274,32.425000000000004,0.12447926388678869,10.0
2022-10-09,22.0,1.4,9.48,1.4,9.270399284525828,23.700000000000003,0.141540295217043,-3.0
2022-10-10,23.0,0.0,6.21,0.0,7.879839391846954,15.525,0.15855938510313475,1.0
2022-10-11,30.0,0.1,7.54,0.1,6.79786348306991,18.85,0.17553149042142777,7.0
2022-10-12,18.0,0.1,6.73,0.1,5.878183960609423,16.825000000000003,0.19245158197082995,-12.0
2022-10-13,25.0,0.0,6.81,0.0,4.996456366518009,17.025,0.20931464596304888,7.0
2022-10-14,29.0,0.0,7.37,0.0,4.246987911540308,18.425,0.22611568550828803,4.0
2022-10-15,15.0,0.0,9.95,0.0,3.6099397248092617,24.875,0.2428497220959358,-14.0
2022-10-16,21.0,0.5,13.87,0.5,3.5684487660878723,34.675,0.25951179706979943,6.0
2022-10-17,20.0,0.0,12.67,0.0,3.0331814511746913,31.675,0.27609697309746883,-1.0
2022-10-18,17.0,2.6,13.66,2.6,5.178204233498487,34.15,0.2926003356333479,-3.0
2022-10-19,20.0,0.4,7.33,0.4,4.801473598473715,18.325,0.30901699437494723,3.0
2022-10-20,20.0,0.0,4.91,0.0,4.081252558702658,12.275,0.3253420847119795,0.0
2022-10-21,24.0,0.0,7.34,0.0,3.469064674897259,18.35,0.341570769167856,4.0
2022-10-22,19.0,3.3,7.06,3.3,6.24870497366267,17.65,0.35769823883312546,-5.0
2022-10-23,28.0,1.4,10.73,1.4,6.711399227613269,26.825000000000003,0.3737197147904692,9.0
2022-10-24,23.0,0.6,11.3,0.6,6.304689343471278,28.25,0.38963044953078774,-5.0
2022-10-25,29.0,1.4,12.0,1.4,6.758985941950586,30.0,0.4054257283599973,6.0
2022-10-26,22.0,0.5,11.34,0.5,6.245138050657998,28.35,0.42110087079608916,-7.0
2022-10-27,24.0,0.0,10.86,0.0,5.308367343059298,27.15,0.4366512319560638,2.0
2022-10-28,33.0,0.0,11.94,0.0,4.512112241600403,29.849999999999998,0.45207220393230374,9.0
2022-10-29,28.0,0.0,12.32,0.0,3.8352954053603425,30.8,0.46735921715800205,-5.0
2022-10-30,26.0,0.0,11.15,0.0,3.260001094556291,27.875,0.48250774176121763,-2.0
2022-10-31,34.0,0.0,4.56,0.0,2.7710009303728476,11.399999999999999,0.4975132889071803,8.0
2022-11-01,33.0,0.0,5.23,0.0,2.3553507908169204,13.075000000000001,0.5123714121284235,-1.0
2022-11-02,32.0,0.9,9.16,0.9,2.902048172194382,22.9,0.5270777086423724,-1.0
2022-11-03,29.0,0.0,9.06,0.0,2.4667409463652246,22.650000000000002,0.5416278206559811,-3.0
2022-11-04,30.0,0.0,5.68,0.0,2.0967298044104408,14.2,0.5560174366570446,1.0
2022-11-05,31.0,7.0,6.73,7.0,8.782220333748874,16.825000000000003,0.5702422926917867,1.0
2022-11-06,33.0,2.1,5.45,2.1,9.564887283686543,13.625,0.5842981736283683,2.0
2022-11-07,31.0,0.0,5.23,0.0,8.130154191133562,13.075000000000001,0.5981809144059159,-2.0
2022-11-08,31.0,0.0,8.58,0.0,6.910631062463527,21.45,0.6118864012687242,0.0
2022-11-09,30.0,0.0,7.26,0.0,5.8740364030939975,18.15,0.6254105729852457,-1.0
2022-11-10,32.0,3.9,8.32,3.9,8.892930942629897,20.8,0.6387494220515268,2.0
2022-11-11,36.0,0.2,8.38,0.2,7.758991301235413,20.950000000000003,0.6518989958787125,4.0
2022-11-12,29.0,1.0,10.55,1.0,7.595142606050101,26.375,0.6648553979642867,-7.0
2022-11-13,36.0,0.0,9.02,0.0,6.455871215142586,22.549999999999997,0.6776147890466887,7.0
2022-11-14,35.0,0.0,3.62,0.0,5.487490532871198,9.05,0.690173388242972,-1.0
2022-11-15,34.0,0.9,5.07,0.9,5.564366952940518,12.675,0.7025274741691566,-1.0
2022-11-16,28.0,0.9,2.02,0.9,5.629711909999441,5.05,0.7146733860429608,-6.0
2022-11-17,32.0,0.5,-1.3,0.5,5.285255123499525,0.0,0.726607524768565,4.0
2022-11-18,30.0,1.1,-3.0,1.1,5.592466854974596,0.0,0.7383263540031063,-2.0
2022-11-19,26.0,0.0,-6.86,0.0,4.7535968267284066,0.0,0.749826401204568,-4.0
2022-11-20,30.0,0.0,-5.25,0.0,4.0405573027191455,0.0,0.7611042586607742,4.0
2022-11-21,34.0,0.0,-1.32,0.0,3.4344737073112737,0.0,0.7721565844991641,4.0
2022-11-22,25.0,0.0,-1.58,0.0,2.9193026512145823,0.0,0.7829801036770625,-9.0
2022-11-23,29.0,0.0,-3.03,0.0,2.481407253532395,0.0,0.7935716089521472,4.0
2022-11-24,31.0,1.9,-2.35,1.9,4.009196165502535,0.0,0.8039279618328208,2.0
2022-11-25,33.0,0.1,-1.23,0.1,3.507816740677155,0.0,0.8140460935082175,2.0
2022-11-26,35.0,0.8,-0.81,0.8,3.7816442295755817,0.0,0.8239230057575536,2.0
2022-11-27,26.0,0.7,-0.43,0.7,3.9143975951392447,0.0,0.8335557718385695,-9.0
2022-11-28,16.0,0.3,0.08,0.3,3.627237955868358,0.2,0.8429415373547832,-10.0
2022-11-29,12.0,0.0,0.2,0.0,3.0831522624881043,0.5,0.8520775211013093,-4.0
2022-11-30,11.0,0.0,0.26,0.0,2.6206794231148884,0.65,0.8609610158889945,-1.0
2022-12-01,23.0,0.0,-2.3,0.0,2.2275775096476553,0.0,0.8695893893466109,12.0
2022-12-02,49.0,0.0,-5.29,0.0,1.893440883200507,0.0,0.8779600847008883,26.0
2022-12-03,31.0,0.2,-4.0,0.2,1.8094247507204309,0.0,0.8860706215341377,-18.0
2022-12-04,34.0,0.0,-0.82,0.0,1.5380110381123662,0.0,0.893918596519257,3.0
2022-12-05,28.0,0.0,-2.88,0.0,1.3073093823955113,0.0,0.9015016841318838,-6.0
2022-12-06,15.0,0.3,-2.0,0.3,1.4112129750361846,0.0,0.9088176373395028,-13.0
2022-12-07,10.0,6.3,-0.32,6.3,7.499531028780757,0.0,0.9158642882672868,-5.0
2022-12-08,4.0,0.3,-0.47,0.3,6.674601374463643,0.0,0.9226395488404875,-6.0
2022-12-09,5.0,3.2,-0.02,3.2,8.873411168294098,0.0,0.9291414114031743,1.0
2022-12-10,13.0,0.0,-1.22,0.0,7.542399493049983,0.0,0.935367949313148,8.0
2022-12-11,10.0,12.1,-3.32,12.1,18.511039569092485,0.0,0.941317317512847,-3.0
2022-12-12,23.0,3.2,-3.8,3.2,18.93438363372861,0.0,0.946987753076075,13.0
2022-12-13,-4.0,0.6,-2.42,0.6,16.69422608866932,0.0,0.9523775757303973,-27.0
2022-12-14,-10.0,0.0,-6.75,0.0,14.190092175368923,0.0,0.9574851883550389,-6.0
2022-12-15,3.0,0.7,-7.0,0.7,12.761578349063583,0.0,0.9623090774541487,13.0
2022-12-16,5.0,0.4,-4.95,0.4,11.247341596704047,0.0,0.9668478136052773,2.0
2022-12-17,4.0,0.0,-7.6,0.0,9.56024035719844,0.0,0.9711000518829505,-1.0
2022-12-18,2.0,0.0,-8.46,0.0,8.126204303618675,0.0,0.9750645322571945,-2.0
2022-12-19,5.0,0.0,-9.13,0.0,6.907273658075873,0.0,0.9787400799669153,3.0
2022-12-20,18.0,6.2,-0.56,6.2,12.071182609364492,0.0,0.9821256058680006,13.0
2022-12-21,3.0,1.5,1.49,1.5,11.760505217959818,3.725,0.9852201067560606,-15.0
2022-12-22,-1.0,2.3,1.97,2.3,12.296429435265843,4.925,0.9880226656636976,-4.0
2022-12-23,2.0,4.2,2.83,4.2,14.651965019975965,7.075,0.9905324521322227,3.0
2022-12-24,25.0,0.1,0.38,0.1,12.55417026697957,0.95,0.9927487224577402,23.0
2022-12-25,32.0,0.0,-1.03,0.0,10.671044726932633,0.0,0.9946708199115211,7.0
2022-12-26,46.0,9.6,-0.09,9.6,18.670388017892737,0.0,0.9962981749346077,14.0
2022-12-27,60.0,0.1,1.98,0.1,15.969829815208826,4.95,0.9976303053065857,14.0
2022-12-28,64.0,1.2,1.47,1.2,14.774355342927501,3.675,0.9986668162884759,4.0
2022-12-29,70.0,2.9,3.2,2.9,15.458202041488375,8.0,0.9994074007397048,6.0
2022-12-30,91.0,0.0,3.25,0.0,13.139471735265118,8.125,0.9998518392091162,21.0
2022-12-31,103.0,2.1,4.91,2.1,13.26855097497535,12.275,1.0,12.0
2023-01-01,108.0,0.0,12.17,0.0,11.278268328729046,30.425,0.9998518392091162,5.0
2023-01-02,146.0,1.7,7.65,1.7,11.28652807941969,19.125,0.9994074007397048,38.0
2023-01-03,152.0,2.0,6.01,2.0,11.593548867506735,15.024999999999999,0.998666816288476,6.0
2023-01-04,133.0,3.5,1.49,3.5,13.354516537380725,3.725,0.9976303053065857,-19.0
2023-01-05,122.0,6.6,4.22,6.6,17.951339056773616,10.549999999999999,0.9962981749346078,-11.0
2023-01-06,130.0,0.0,-8.03,0.0,15.258638198257573,0.0,0.9946708199115211,8.0
2023-01-07,132.0,2.6,-6.54,2.6,15.569842468518937,0.0,0.9927487224577402,2.0
2023-01-08,138.0,0.0,-2.09,0.0,13.234366098241097,0.0,0.9905324521322229,6.0
2023-01-09,128.0,4.1,-0.14,4.1,15.34921118350493,0.0,0.9880226656636976,-10.0
2023-01-10,126.0,5.0,1.72,5.0,18.04682950597919,4.3,0.9852201067560606,-2.0
2023-01-11,126.0,0.0,0.25,0.0,15.33980508008231,0.625,0.9821256058680006,0.0
2023-01-12,127.0,0.2,3.13,0.2,13.238834318069964,7.824999999999999,0.9787400799669153,1.0
2023-01-13,139.0,4.4,4.3,4.4,15.65300917035947,10.75,0.9750645322571948,12.0
2023-01-14,132.0,0.2,5.18,0.2,13.505057794805548,12.95,0.9711000518829505,-7.0
2023-01-15,138.0,9.7,3.5,9.7,21.179299125584713,8.75,0.9668478136052775,6.0
2023-01-16,139.0,0.0,3.1,0.0,18.002404256747006,7.75,0.9623090774541486,1.0
2023-01-17,142.0,3.5,2.32,3.5,18.802043618234954,5.8,0.9574851883550393,3.0
2023-01-18,148.0,10.7,2.07,10.7,26.68173707549971,5.175,0.9523775757303974,6.0
2023-01-19,159.0,4.6,1.52,4.6,27.279476514174753,3.8,0.9469877530760753,11.0
2023-01-20,172.0,1.6,0.59,1.6,24.78755503704854,1.4749999999999999,0.9413173175128471,13.0
2023-01-21,172.0,4.2,1.0,4.2,25.26942178149126,2.5,0.9353679493131483,0.0
2023-01-22,184.0,0.2,0.51,0.2,21.67900851426757,1.275,0.9291414114031743,12.0
2023-01-23,186.0,0.0,-0.17,0.0,18.42715723712743,0.0,0.9226395488404876,2.0
2023-01-24,186.0,0.0,-0.77,0.0,15.663083651558317,0.0,0.9158642882672872,0.0
2023-01-25,193.0,0.0,-1.16,0.0,13.31362110382457,0.0,0.9088176373395029,7.0
2023-01-26,193.0,5.4,-0.35,5.4,16.716577938250886,0.0,0.901501684131884,0.0
2023-01-27,190.0,1.1,-0.19,1.1,15.309091247513253,0.0,0.893918596519257,-3.0
2023-01-28,187.0,0.0,-0.88,0.0,13.012727560386265,0.0,0.886070621534138,-3.0
2023-01-29,186.0,0.4,-1.14,0.4,11.460818426328325,0.0,0.8779600847008882,-1.0
2023-01-30,185.0,2.4,0.41,2.4,12.141695662379076,1.025,0.869589389346611,-1.0
2023-01-31,184.0,0.3,1.49,0.3,10.620441313022216,3.725,0.8609610158889943,-1.0
2023-02-01,182.0,5.9,1.12,5.9,14.927375116068884,2.8000000000000003,0.8520775211013093,-2.0
2023-02-02,177.0,0.1,1.2,0.1,12.78826884865855,3.0,0.8429415373547828,-5.0
2023-02-03,180.0,0.0,-0.77,0.0,10.870028521359767,0.0,0.8335557718385699,3.0
2023-02-04,177.0,0.0,-2.25,0.0,9.239524243155802,0.0,0.8239230057575542,-3.0
2023-02-05,172.0,0.0,-4.68,0.0,7.853595606682432,0.0,0.8140460935082178,-5.0
2023-02-06,176.0,0.8,-2.85,0.8,7.4755562656800665,0.0,0.8039279618328213,4.0
2023-02-07,163.0,0.0,-0.15,0.0,6.354222825828057,0.0,0.7935716089521474,-13.0
2023-02-08,159.0,0.0,-0.62,0.0,5.401089401953848,0.0,0.7829801036770629,-4.0
2023-02-09,163.0,0.0,-0.67,0.0,4.590925991660771,0.0,0.7721565844991642,4.0
2023-02-10,149.0,0.2,0.1,0.2,4.102287092911655,0.25,0.7611042586607747,-14.0
2023-02-11,151.0,2.1,1.64,2.1,5.586944028974907,4.1,0.7498264012045686,2.0
2023-02-12,141.0,0.0,-0.52,0.0,4.748902424628671,0.0,0.7383263540031065,-10.0
2023-02-13,146.0,0.0,3.61,0.0,4.03656706093437,9.025,0.7266075247685656,5.0
2023-02-14,139.0,0.0,2.08,0.0,3.4310820017942145,5.2,0.7146733860429609,-7.0
2023-02-15,132.0,0.0,0.55,0.0,2.9164197015250823,1.375,0.702527474169157,-7.0
2023-02-16,138.0,0.0,0.53,0.0,2.47895674629632,1.3250000000000002,0.6901733882429719,6.0
2023-02-17,138.0,6.2,3.19,6.2,8.307113234351872,7.975,0.6776147890466889,0.0
2023-02-18,137.0,2.2,4.12,2.2,9.26104624919909,10.3,0.6648553979642865,-1.0
2023-02-19,132.0,0.0,2.21,0.0,7.871889311819227,5.525,0.6518989958787126,-5.0
2023-02-20,145.0,8.4,0.59,8.4,15.091105915046343,1.4749999999999999,0.6387494220515272,13.0
2023-02-21,151.0,1.7,2.44,1.7,14.52744002778939,6.1,0.6254105729852463,6.0
2023-02-22,152.0,0.0,-1.99,0.0,12.348324023620982,0.0,0.6118864012687243,1.0
2023-02-23,162.0,0.0,-2.04,0.0,10.496075420077835,0.0,0.5981809144059164,10.0
2023-02-24,167.0,5.5,1.91,5.5,14.42166410706616,4.7749999999999995,0.5842981736283683,5.0
2023-02-25,167.0,3.7,0.57,3.7,15.958414491006238,1.4249999999999998,0.5702422926917871,0.0
2023-02-26,157.0,0.0,-1.77,0.0,13.564652317355302,0.0,0.5560174366570446,-10.0
2023-02-27,166.0,0.0,-3.31,0.0,11.529954469752006,0.0,0.5416278206559814,9.0
2023-02-28,166.0,0.0,-1.72,0.0,9.800461299289205,0.0,0.5270777086423722,0.0
2023-03-01,156.0,0.3,1.89,0.3,8.630392104395826,4.725,0.5123714121284237,-10.0
2023-03-02,154.0,0.0,1.27,0.0,7.335833288736452,3.175,0.49751328890718066,-2.0
2023-03-03,153.0,0.0,2.01,0.0,6.235458295425984,5.0249999999999995,0.48250774176121847,-1.0
2023-03-04,153.0,0.4,0.65,0.4,5.700139551112087,1.625,0.46735921715800227,0.0
2023-03-05,153.0,0.0,-1.38,0.0,4.845118618445274,0.0,0.45207220393230435,0.0
2023-03-06,143.0,0.0,-1.94,0.0,4.118350825678482,0.0,0.43665123195606403,-10.0
2023-03-07,139.0,2.1,-1.44,2.1,5.60059820182671,0.0,0.4211008707960896,-4.0
2023-03-08,144.0,1.1,-0.07,1.1,5.860508471552704,0.0,0.40542572835999735,5.0
2023-03-09,142.0,0.0,-1.08,0.0,4.981432200819798,0.0,0.38963044953078796,-2.0
2023-03-10,128.0,12.2,-1.94,12.2,16.434217370696828,0.0,0.37371971479046906,-14.0
2023-03-11,140.0,8.8,0.6,8.8,22.769084765092302,1.5,0.35769823883312546,12.0
2023-03-12,134.0,1.0,-1.43,1.0,20.353722050328457,0.0,0.3415707691678556,-6.0
2023-03-13,139.0,3.6,0.07,3.6,20.90066374277919,0.17500000000000002,0.3253420847119801,5.0
2023-03-14,153.0,0.4,8.51,0.4,18.16556418136231,21.275,0.30901699437494745,14.0
2023-03-15,139.0,0.4,3.6,0.4,15.840729554157964,9.0,0.29260033563334836,-14.0
2023-03-16,151.0,0.0,0.4,0.0,13.464620121034269,1.0,0.27609697309746883,12.0
2023-03-17,157.0,0.0,2.06,0.0,11.444927102879129,5.15,0.2595117970697999,6.0
2023-03-18,158.0,0.0,5.48,0.0,9.728188037447259,13.700000000000001,0.2428497220959356,1.0
2023-03-19,156.0,0.0,7.05,0.0,8.26895983183017,17.625,0.22611568550828828,-2.0
2023-03-20,157.0,1.2,8.86,1.2,8.228615857055644,22.15,0.20931464596304847,1.0
2023-03-21,157.0,0.1,6.66,0.1,7.094323478497297,16.65,0.19245158197082998,0.0
2023-03-22,156.0,0.5,7.67,0.5,6.5301749567227025,19.175,0.1755314904214282,-1.0
2023-03-23,158.0,2.8,11.45,2.8,8.350648713214298,28.625,0.15855938510313478,2.0
2023-03-24,155.0,4.8,10.53,4.8,11.898051406232153,26.325,0.141540295217043,-3.0
2023-03-25,158.0,0.2,9.73,0.2,10.313343695297329,24.325000000000003,0.12447926388678915,3.0
2023-03-26,160.0,1.4,7.24,1.4,10.16634214100273,18.1,0.10738134666416309,2.0
2023-03-27,163.0,0.0,3.29,0.0,8.64139081985232,8.225,0.09025161003104117,3.0
2023-03-28,162.0,0.0,-0.25,0.0,7.345182196874473,0.0,0.07309512989807777,-1.0
2023-03-29,164.0,0.0,0.19,0.0,6.243404867343301,0.475,0.055916990100603484,2.0
2023-03-30,169.0,0.4,5.72,0.4,5.7068941372418065,14.299999999999999,0.03872228089217446,5.0
2023-03-31,165.0,4.7,8.01,4.7,9.550860016655536,20.025,0.021516097436222254,-4.0
2023-04-01,160.0,8.2,5.87,8.2,16.318231014157206,14.675,0.004303538296244289,-5.0
2023-04-02,164.0,0.3,3.31,0.3,14.170496362033626,8.275,-0.01291029607500882,4.0
2023-04-03,165.0,0.0,1.01,0.0,12.044921907728583,2.525,-0.030120304846908114,1.0
2023-04-04,163.0,3.9,-0.32,3.9,14.138183621569295,0.0,-0.04732138832243185,-2.0
2023-04-05,168.0,0.1,0.66,0.1,12.1174560783339,1.6500000000000001,-0.06450844944931623,5.0
2023-04-06,168.0,0.4,3.8,0.4,10.699837666583814,9.5,-0.08167639533042241,0.0
2023-04-07,168.0,0.0,10.2,0.0,9.094862016596242,25.5,-0.09882013873287143,0.0
2023-04-08,166.0,8.5,8.91,8.5,16.230632714106804,22.275,-0.11593459959550041,-2.0
2023-04-09,163.0,3.6,9.97,3.6,17.396037806990783,24.925,-0.1330147065341959,-3.0
2023-04-10,161.0,0.8,9.76,0.8,15.586632135942166,24.4,-0.1500553983446526,-2.0
2023-04-11,161.0,1.1,9.36,1.1,14.34863731555084,23.4,-0.16705162550211924,0.0
2023-04-12,161.0,1.7,11.4,1.7,13.896341718218213,28.5,-0.18399835165768005,0.0
2023-04-13,163.0,1.6,9.94,1.6,13.41189046048548,24.849999999999998,-0.20089055513063506,2.0
2023-04-14,168.0,0.0,10.55,0.0,11.400106891412658,26.375,-0.21772323039653177,5.0
2023-04-15,162.0,2.6,8.12,2.6,12.29009085770076,20.299999999999997,-0.23449138957040985,-6.0
2023-04-16,163.0,3.4,6.21,3.4,13.846577229045646,15.525,-0.25119006388481935,1.0
2023-04-17,166.0,0.0,9.39,0.0,11.7695906446888,23.475,-0.2678143051621742,3.0
2023-04-18,163.0,0.1,10.06,0.1,10.10415204798548,25.150000000000002,-0.2843591872810034,-3.0
2023-04-19,161.0,9.8,11.32,9.8,18.38852924078766,28.3,-0.30081980763566735,-2.0
2023-04-20,165.0,0.0,12.95,0.0,15.63024985466951,32.375,-0.3171912885891061,4.0
2023-04-21,159.0,0.0,11.15,0.0,13.285712376469082,27.875,-0.3334687789181868,-6.0
2023-04-22,165.0,0.0,11.04,0.0,11.292855519998719,27.599999999999998,-0.3496474552512284,6.0
2023-04-23,158.0,0.0,13.1,0.0,9.59892719199891,32.75,-0.36572252349726897,-7.0
2023-04-24,154.0,0.0,15.05,0.0,8.159088113199074,37.625,-0.3816892202666588,-4.0
2023-04-25,143.0,3.1,12.21,3.1,10.035224896219212,30.525000000000002,-0.39754281428255595,-11.0
2023-04-26,144.0,8.1,4.88,8.1,16.629941161786327,12.2,-0.4132786077829042,1.0
2023-04-27,139.0,0.2,5.51,0.2,14.335449987518377,13.774999999999999,-0.4288919379124835,-5.0
2023-04-28,140.0,0.1,5.52,0.1,12.28513248939062,13.799999999999999,-0.4443781781046132,1.0
2023-04-29,131.0,0.0,8.84,0.0,10.442362615982026,22.1,-0.45973273945210397,-9.0
2023-04-30,134.0,1.4,8.82,1.4,10.276008223584721,22.05,-0.47495107206704995,3.0
2023-05-01,122.0,0.0,7.71,0.0,8.734606990047013,19.275,-0.49002866642905923,-12.0
2023-05-02,126.0,2.0,10.41,2.0,9.42441594153996,26.025,-0.5049610547215204,4.0
2023-05-03,117.0,0.0,7.57,0.0,8.010753550308966,18.925,-0.5197438121555155,-9.0
2023-05-04,118.0,0.0,8.46,0.0,6.8091405177626205,21.150000000000002,-0.5343725582809787,1.0
2023-05-05,118.0,2.7,7.4,2.7,8.487769440098226,18.5,-0.548842958284719,0.0
2023-05-06,114.0,0.0,7.72,0.0,7.214604024083492,19.3,-0.5631507242749186,-4.0
2023-05-07,104.0,0.0,8.08,0.0,6.132413420470968,20.2,-0.5772916165517272,-10.0
2023-05-08,98.0,0.0,8.51,0.0,5.212551407400323,21.275,-0.5912614448635781,-6.0
2023-05-09,94.0,0.0,9.9,0.0,4.430668696290274,24.75,-0.6050560696488488,-4.0
2023-05-10,89.0,0.0,10.77,0.0,3.766068391846733,26.924999999999997,-0.6186714032625031,-5.0
2023-05-11,83.0,0.0,11.51,0.0,3.201158133069723,28.775,-0.6321034111873487,-6.0
2023-05-12,81.0,0.0,13.23,0.0,2.7209844131092646,33.075,-0.6453481132295501,-2.0
2023-05-13,75.0,0.3,13.78,0.3,2.6128367511428747,34.449999999999996,-0.6584015846980488,-6.0
2023-05-14,69.0,0.0,16.84,0.0,2.2209112384714436,42.1,-0.6712599575675313,-6.0
2023-05-15,71.0,5.1,16.48,5.1,6.987774552700727,41.2,-0.6839194216246106,2.0
2023-05-16,70.0,0.0,13.92,0.0,5.939608369795618,34.8,-0.6963762255968722,-1.0
2023-05-17,62.0,23.4,10.52,23.4,28.448667114326273,26.299999999999997,-0.7086266782644596,-8.0
2023-05-18,72.0,1.6,10.72,1.6,25.781367047177334,26.8,-0.7206671495538609,10.0
2023-05-19,72.0,0.1,12.73,0.1,22.014161990100735,31.825000000000003,-0.7324940716135789,0.0
2023-05-20,65.0,0.0,15.8,0.0,18.712037691585625,39.5,-0.7441039398713607,-7.0
2023-05-21,63.0,0.0,15.61,0.0,15.90523203784778,39.025,-0.7554933140726803,-2.0
2023-05-22,63.0,0.0,15.71,0.0,13.519447232170613,39.275000000000006,-0.766658819300159,0.0
2023-05-23,59.0,0.0,16.02,0.0,11.49153014734502,40.05,-0.777597146973627,-4.0
2023-05-24,53.0,0.0,17.9,0.0,9.767800625243268,44.75,-0.7883050558305255,-6.0
2023-05-25,44.0,0.6,18.42,0.6,8.902630531456778,46.050000000000004,-0.7987793728863649,-9.0
2023-05-26,46.0,0.0,14.98,0.0,7.567235951738261,37.45,-0.8090169943749473,2.0
2023-05-27,42.0,0.0,11.66,0.0,6.432150558977521,29.15,-0.8190148866680801,-4.0
2023-05-28,37.0,0.0,12.97,0.0,5.4673279751308925,32.425000000000004,-0.8287700871745037,-5.0
2023-05-29,39.0,0.0,15.54,0.0,4.647228778861258,38.849999999999994,-0.8382797052177743,2.0
2023-05-30,31.0,0.0,15.65,0.0,3.9501444620320694,39.125,-0.8475409228928311,-8.0
2023-05-31,26.0,0.0,15.15,0.0,3.357622792727259,37.875,-0.8565509959010036,-5.0
2023-06-01,27.0,0.0,16.67,0.0,2.85397937381817,41.675000000000004,-0.865307254363206,1.0
2023-06-02,25.0,0.0,10.19,0.0,2.4258824677454442,25.474999999999998,-0.8738071036110808,-2.0
2023-06-03,21.0,0.1,9.65,0.1,2.1620000975836278,24.125,-0.8820480249558537,-4.0
2023-06-04,23.0,0.0,12.61,0.0,1.8377000829460834,31.525,-0.8900275764346767,2.0
2023-06-05,18.0,0.0,14.16,0.0,1.5620450705041709,35.4,-0.8977433935342337,-5.0
2023-06-06,16.0,0.0,16.55,0.0,1.3277383099285451,41.375,-0.9051931898913974,-2.0
2023-06-07,16.0,0.0,18.97,0.0,1.1285775634392634,47.425,-0.9123747579707273,0.0
2023-06-08,9.0,0.0,19.41,0.0,0.9592909289233739,48.525,-0.9192859697186104,-7.0
2023-06-09,12.0,0.0,20.64,0.0,0.8153972895848678,51.6,-0.9259247771938498,3.0
2023-06-10,8.0,0.0,17.8,0.0,0.6930876961471376,44.5,-0.9322892131745133,-4.0
2023-06-11,8.0,0.0,16.24,0.0,0.589124541725067,40.599999999999994,-0.9383773917408641,0.0
2023-06-12,4.0,0.8,13.96,0.8,1.300755860466307,34.900000000000006,-0.9441875088341993,-4.0
2023-06-13,0.0,0.3,16.58,0.3,1.405642481396361,41.449999999999996,-0.9497178427914316,-4.0
2023-06-14,-2.0,1.5,17.04,1.5,2.694796109186907,42.599999999999994,-0.9549667548552551,-2.0
2023-06-15,3.0,13.1,16.66,13.1,15.390576692808871,41.65,-0.9599326896597447,5.0
2023-06-16,4.0,23.8,18.46,23.8,36.88199018888754,46.150000000000006,-0.9646141756912435,1.0
2023-06-17,4.0,7.9,18.81,7.9,39.24969166055441,47.025,-0.9690098257244062,0.0
2023-06-18,13.0,4.8,18.6,4.8,38.162237911471244,46.5,-0.9731183372332619,9.0
2023-06-19,9.0,0.0,19.9,0.0,32.43790222475056,49.75,-0.9769384927771817,-4.0
2023-06-20,13.0,0.0,21.06,0.0,27.572216891037975,52.65,-0.980469160361632,4.0
2023-06-21,17.0,0.8,21.2,0.8,24.236384357382278,53.0,-0.9837092937736097,4.0
2023-06-22,17.0,0.1,20.49,0.1,20.700926703774936,51.224999999999994,-0.986657932891657,0.0
2023-06-23,7.0,0.0,19.21,0.0,17.595787698208696,48.025000000000006,-0.9893142039703663,-10.0
2023-06-24,15.0,0.0,20.68,0.0,14.956419543477391,51.7,-0.99167731989929,8.0
2023-06-25,9.0,0.0,19.41,0.0,12.712956611955782,48.525,-0.993746580436178,-6.0
2023-06-26,3.0,0.5,18.67,0.5,11.306013120162415,46.675000000000004,-0.9955213724144752,-6.0
2023-06-27,10.0,7.5,16.06,7.5,17.110111152138053,40.15,-0.9970011699250151,7.0
2023-06-28,8.0,13.2,15.96,13.2,27.743594479317345,39.900000000000006,-0.9981855344718586,-2.0
2023-06-29,11.0,0.0,19.56,0.0,23.582055307419743,48.9,-0.99907411510223,3.0
2023-06-30,10.0,0.0,20.96,0.0,20.044747011306782,52.400000000000006,-0.9996666485105112,-1.0
2023-07-01,17.0,2.9,18.65,2.9,19.938034959610764,46.625,-0.9999629591162655,7.0
2023-07-02,26.0,2.8,17.39,2.8,19.74732971566915,43.475,-0.9999629591162655,9.0
2023-07-03,24.0,0.2,18.03,0.2,16.985230258318776,45.075,-0.9996666485105112,-2.0
2023-07-04,19.0,0.0,19.59,0.0,14.43744571957096,48.975,-0.99907411510223,-5.0
2023-07-05,13.0,0.0,19.98,0.0,12.271828861635315,49.95,-0.9981855344718586,-6.0
2023-07-06,21.0,2.7,18.99,2.7,13.131054532390017,47.474999999999994,-0.9970011699250151,8.0
2023-07-07,14.0,0.0,17.14,0.0,11.161396352531515,42.85,-0.9955213724144752,-7.0
2023-07-08,15.0,0.0,17.79,0.0,9.487186899651787,44.474999999999994,-0.9937465804361781,1.0
2023-07-09,11.0,0.5,17.8,0.5,8.56410886470402,44.5,-0.99167731989929,-4.0
2023-07-10,6.0,0.0,17.73,0.0,7.2794925349984165,44.325,-0.9893142039703664,-5.0
2023-07-11,10.0,0.0,17.14,0.0,6.187568654748654,42.85,-0.9866579328916572,4.0
2023-07-12,7.0,0.0,20.64,0.0,5.259433356536356,51.6,-0.9837092937736098,-3.0
2023-07-13,2.0,0.0,21.7,0.0,4.470518353055902,54.25,-0.9804691603616321,-5.0
2023-07-14,4.0,0.0,19.47,0.0,3.7999406000975164,48.675,-0.9769384927771817,2.0
2023-07-15,0.0,0.0,19.77,0.0,3.2299495100828888,49.425,-0.973118337233262,-4.0
2023-07-16,0.0,12.2,24.16,12.2,14.945457083570455,60.4,-0.9690098257244063,0.0
2023-07-17,-3.0,0.1,23.54,0.1,12.803638521034886,58.849999999999994,-0.9646141756912435,-3.0
2023-07-18,-3.0,1.1,19.06,1.1,11.983092742879652,47.65,-0.9599326896597445,0.0
2023-07-19,-6.0,0.1,16.63,0.1,10.285628831447704,41.574999999999996,-0.9549667548552553,-3.0
2023-07-20,-6.0,10.6,15.55,10.6,19.34278450673055,38.875,-0.9497178427914317,0.0
2023-07-21,-6.0,0.7,15.8,0.7,17.141366830720965,39.5,-0.9441875088341994,0.0
2023-07-22,-6.0,3.6,15.12,3.6,18.17016180611282,37.8,-0.9383773917408642,0.0
2023-07-23,-5.0,0.0,17.17,0.0,15.444637535195897,42.925000000000004,-0.9322892131745134,1.0
2023-07-24,-6.0,0.1,20.17,0.1,13.227941904916511,50.425000000000004,-0.9259247771938499,-1.0
2023-07-25,-7.0,0.0,22.15,0.0,11.243750619179034,55.375,-0.9192859697186105,-1.0
2023-07-26,-8.0,0.0,18.76,0.0,9.557188026302178,46.900000000000006,-0.9123747579707274,-1.0
2023-07-27,-8.0,12.3,14.75,12.3,20.423609822356852,36.875,-0.9051931898913975,0.0
2023-07-28,-7.0,3.5,16.31,3.5,20.860068349003324,40.775,-0.8977433935342336,1.0
2023-07-29,-7.0,0.0,18.95,0.0,17.731058096652824,47.375,-0.8900275764346766,0.0
2023-07-30,-7.0,2.3,18.38,2.3,17.371399382154898,45.949999999999996,-0.8820480249558535,0.0
2023-07-31,-3.0,3.3,19.08,3.3,18.065689474831665,47.699999999999996,-0.8738071036110807,4.0
2023-08-01,0.0,0.4,20.09,0.4,15.755836053606915,50.225,-0.8653072543632061,3.0
2023-08-02,1.0,1.4,19.68,1.4,14.792460645565878,49.2,-0.8565509959010037,1.0
2023-08-03,1.0,1.5,19.68,1.5,14.073591548730997,49.2,-0.8475409228928312,0.0
2023-08-04,0.0,0.0,20.55,0.0,11.962552816421347,51.375,-0.8382797052177745,-1.0
2023-08-05,0.0,12.7,19.46,12.7,22.868169893958147,48.650000000000006,-0.828770087174504,0.0
2023-08-06,0.0,3.6,26.37,3.6,23.037944409864426,65.925,-0.8190148866680802,0.0
2023-08-07,10.0,9.8,16.74,9.8,29.38225274838476,41.849999999999994,-0.8090169943749472,10.0
2023-08-08,7.0,0.0,15.25,0.0,24.974914836127045,38.125,-0.7987793728863648,-3.0
2023-08-09,2.0,5.1,15.67,5.1,26.328677610707985,39.175,-0.7883050558305253,-5.0
2023-08-10,5.0,0.0,17.22,0.0,22.379375969101787,43.05,-0.7775971469736268,3.0
2023-08-11,11.0,1.9,17.99,1.9,20.922469573736517,44.974999999999994,-0.7666588193001592,6.0
2023-08-12,14.0,0.0,17.16,0.0,17.78409913767604,42.9,-0.7554933140726804,3.0
2023-08-13,17.0,0.0,20.29,0.0,15.116484267024633,50.724999999999994,-0.7441039398713608,3.0
2023-08-14,16.0,0.0,20.88,0.0,12.849011626970938,52.199999999999996,-0.7324940716135792,-1.0
2023-08-15,14.0,0.0,25.04,0.0,10.921659882925297,62.599999999999994,-0.7206671495538615,-2.0
2023-08-16,15.0,0.0,25.65,0.0,9.283410900486503,64.125,-0.7086266782644601,1.0
2023-08-17,15.0,0.0,25.68,0.0,7.890899265413528,64.2,-0.6963762255968726,0.0
2023-08-18,5.0,0.0,24.93,0.0,6.707264375601499,62.325,-0.6839194216246105,-10.0
2023-08-19,9.0,0.0,23.78,0.0,5.701174719261274,59.45,-0.6712599575675315,4.0
2023-08-20,1.0,0.5,24.01,0.5,5.345998511372082,60.025000000000006,-0.6584015846980489,-8.0
2023-08-21,2.0,0.0,20.18,0.0,4.54409873466627,50.45,-0.64534811322955,1.0
2023-08-22,-4.0,0.0,17.86,0.0,3.8624839244663294,44.65,-0.6321034111873488,-6.0
2023-08-23,-6.0,0.0,18.04,0.0,3.28311133579638,45.099999999999994,-0.6186714032625032,-2.0
2023-08-24,-5.0,0.3,16.93,0.3,3.090644635426923,42.325,-0.6050560696488494,1.0
2023-08-25,-7.0,0.0,19.93,0.0,2.627047940112884,49.825,-0.5912614448635782,-2.0
2023-08-26,-9.0,3.6,21.91,3.6,5.832990749095952,54.775,-0.5772916165517278,-2.0
2023-08-27,-7.0,0.0,21.51,0.0,4.958042136731559,53.775000000000006,-0.5631507242749187,2.0
2023-08-28,-8.0,0.0,20.83,0.0,4.214335816221825,52.074999999999996,-0.5488429582847199,-1.0
2023-08-29,-12.0,0.7,21.4,0.7,4.282185443788552,53.5,-0.5343725582809785,-4.0
2023-08-30,-13.0,4.4,22.06,4.4,8.039857627220268,55.15,-0.5197438121555157,-1.0
2023-08-31,-10.0,0.2,17.41,0.2,7.033878983137228,43.525,-0.5049610547215202,3.0
2023-09-01,-8.0,0.5,15.98,0.5,6.478797135666643,39.95,-0.4900286664290594,2.0
2023-09-02,-8.0,0.0,16.72,0.0,5.506977565316647,41.8,-0.4749510720670502,0.0
2023-09-03,-10.0,2.0,15.39,2.0,6.68093093051915,38.475,-0.4597327394521046,-2.0
2023-09-04,-6.0,0.0,15.18,0.0,5.678791290941277,37.95,-0.44437817810461344,4.0
2023-09-05,-5.0,0.0,16.98,0.0,4.826972597300085,42.45,-0.4288919379124841,1.0
2023-09-06,-6.0,0.0,18.97,0.0,4.102926707705072,47.425,-0.41327860778290443,-1.0
2023-09-07,-8.0,0.0,16.8,0.0,3.4874877015493113,42.0,-0.3975428142825566,-2.0
2023-09-08,-9.0,0.0,16.79,0.0,2.9643645463169146,41.974999999999994,-0.3816892202666586,-1.0
2023-09-09,-7.0,0.0,17.49,0.0,2.519709864369377,43.724999999999994,-0.3657225234972692,2.0
2023-09-10,-8.0,0.0,17.82,0.0,2.1417533847139705,44.55,-0.34964745525122826,-1.0
2023-09-11,-8.0,0.0,19.08,0.0,1.8204903770068748,47.699999999999996,-0.33346877891818705,0.0
2023-09-12,-9.0,0.0,20.17,0.0,1.5474168204558436,50.425000000000004,-0.31719128858910595,-1.0
2023-09-13,-10.0,0.0,21.6,0.0,1.3153042973874671,54.0,-0.300819807635668,-1.0
2023-09-14,-12.0,0.7,16.64,0.7,1.818008652779347,41.6,-0.2843591872810036,-2.0
2023-09-15,-14.0,0.0,12.73,0.0,1.545307354862445,31.825000000000003,-0.26781430516217486,-2.0
2023-09-16,-16.0,0.0,13.72,0.0,1.3135112516330782,34.300000000000004,-0.25119006388481957,-2.0
2023-09-17,-15.0,0.0,16.06,0.0,1.1164845638881165,40.15,-0.23449138957041052,1.0
2023-09-18,-15.0,0.0,19.11,0.0,0.9490118793048989,47.775,-0.21772323039653224,0.0
2023-09-19,-14.0,0.6,19.05,0.6,1.406660097409164,47.625,-0.20089055513063528,1.0
2023-09-20,-13.0,0.0,17.05,0.0,1.1956610827977894,42.625,-0.18399835165767986,1.0
2023-09-21,-14.0,0.0,17.62,0.0,1.016311920378121,44.050000000000004,-0.1670516255021195,-1.0
2023-09-22,-14.0,0.0,21.26,0.0,0.8638651323214028,53.150000000000006,-0.15005539834465262,0.0
2023-09-23,-13.0,14.6,18.73,14.6,15.334285362473192,46.825,-0.13301470653419636,1.0
2023-09-24,-12.0,0.0,14.92,0.0,13.034142558102213,37.3,-0.11593459959550066,1.0
2023-09-25,-10.0,0.0,12.77,0.0,11.079021174386881,31.924999999999997,-0.09882013873287211,2.0
2023-09-26,-9.0,0.0,15.49,0.0,9.417167998228848,38.725,-0.08167639533042288,1.0
2023-09-27,-12.0,0.0,18.46,0.0,8.00459279849452,46.150000000000006,-0.06450844944931625,-3.0
2023-09-28,-10.0,0.0,17.65,0.0,6.803903878720343,44.125,-0.04732138832243232,2.0
2023-09-29,-7.0,0.0,16.64,0.0,5.783318296912292,41.6,-0.03012030484690836,3.0
2023-09-30,-8.0,0.7,13.44,0.7,5.615820552375448,33.6,-0.012910296075008843,-1.0
2023-10-01,-10.0,0.5,12.53,0.5,5.27344746951913,31.325,0.004303538296243821,-2.0
2023-10-02,-14.0,0.0,12.7,0.0,4.482430349091261,31.75,0.021516097436222233,-4.0
2023-10-03,-5.0,0.0,19.25,0.0,3.8100657967275713,48.125,0.03872228089217399,9.0
2023-10-04,-4.0,18.1,13.1,18.1,21.338555927218437,32.75,0.05591699010060302,1.0
2023-10-05,-15.0,2.0,10.7,2.0,20.13777253813567,26.75,0.07309512989807776,-11.0
2023-10-06,-6.0,0.0,11.54,0.0,17.11710665741532,28.849999999999998,0.0902516100310407,9.0
2023-10-07,-10.0,1.9,12.03,1.9,16.44954065880302,30.075,0.10738134666416306,-4.0
2023-10-08,-10.0,1.0,6.11,1.0,14.982109559982566,15.275,0.12447926388678869,0.0
2023-10-09,-10.0,0.1,4.47,0.1,12.83479312598518,11.174999999999999,0.141540295217043,0.0
2023-10-10,-7.0,0.0,5.52,0.0,10.909574157087404,13.799999999999999,0.15855938510313475,3.0
2023-10-11,-6.0,0.0,11.14,0.0,9.273138033524292,27.85,0.17553149042142777,1.0
2023-10-12,-7.0,3.6,12.27,3.6,11.482167328495649,30.674999999999997,0.19245158197082995,-1.0
2023-10-13,-7.0,0.0,10.84,0.0,9.7598422292213,27.1,0.20931464596304888,0.0
2023-10-14,-6.0,4.0,15.27,4.0,12.295865894838105,38.175,0.22611568550828803,1.0
2023-10-15,-3.0,0.0,7.77,0.0,10.451486010612388,19.424999999999997,0.2428497220959358,3.0
2023-10-16,-5.0,0.1,5.8,0.1,8.98376310902053,14.5,0.25951179706979943,-2.0
2023-10-17,-10.0,0.0,5.44,0.0,7.636198642667449,13.600000000000001,0.27609697309746883,-5.0
2023-10-18,-1.0,2.7,6.51,2.7,9.190768846267332,16.275,0.2926003356333479,9.0
2023-10-19,-3.0,1.2,3.88,1.2,9.012153519327232,9.7,0.30901699437494723,-2.0
2023-10-20,0.0,6.5,2.53,6.5,14.160330491428146,6.324999999999999,0.3253420847119795,3.0
2023-10-21,8.0,10.7,5.56,10.7,22.736280917713923,13.899999999999999,0.341570769167856,8.0
2023-10-22,2.0,32.8,8.52,32.8,52.12583878005683,21.299999999999997,0.35769823883312546,-6.0
2023-10-23,20.0,9.2,9.4,9.2,53.50696296304831,23.5,0.3737197147904692,18.0
2023-10-24,16.0,0.0,5.77,0.0,45.48091851859106,14.424999999999999,0.38963044953078774,-4.0
2023-10-25,22.0,16.2,7.03,16.2,54.8587807408024,17.575,0.4054257283599973,6.0
2023-10-26,29.0,3.6,4.57,3.6,50.22996362968204,11.425,0.42110087079608916,7.0
2023-10-27,36.0,0.8,4.81,0.8,43.49546908522973,12.024999999999999,0.4366512319560638,7.0
2023-10-28,37.0,0.4,2.76,0.4,37.37114872244527,6.8999999999999995,0.45207220393230374,1.0
2023-10-29,38.0,1.1,3.82,1.1,32.86547641407848,9.549999999999999,0.46735921715800205,1.0
2023-10-30,48.0,0.1,10.57,0.1,28.03565495196671,26.425,0.48250774176121763,10.0
2023-10-31,44.0,0.6,11.22,0.6,24.430306709171703,28.05,0.4975132889071803,-4.0
2023-11-01,51.0,0.1,8.03,0.1,20.86576070279595,20.075,0.5123714121284235,7.0
2023-11-02,42.0,0.0,5.92,0.0,17.735896597376556,14.8,0.5270777086423724,-9.0
2023-11-03,46.0,3.3,9.43,3.3,18.37551210777007,23.575,0.5416278206559811,4.0
2023-11-04,51.0,0.0,8.64,0.0,15.619185291604559,21.6,0.5560174366570446,5.0
2023-11-05,38.0,5.8,7.38,5.8,19.076307497863876,18.45,0.5702422926917867,-13.0
2023-11-06,43.0,2.9,9.1,2.9,19.114861373184294,22.75,0.5842981736283683,5.0
2023-11-07,40.0,0.0,8.04,0.0,16.24763216720665,20.099999999999998,0.5981809144059159,-3.0
2023-11-08,47.0,2.7,5.95,2.7,16.510487342125653,14.875,0.6118864012687242,7.0
2023-11-09,43.0,0.0,6.71,0.0,14.033914240806805,16.775,0.6254105729852457,-4.0
2023-11-10,48.0,0.1,6.05,0.1,12.028827104685783,15.125,0.6387494220515268,5.0
2023-11-11,48.0,2.1,5.3,2.1,12.324503038982915,13.25,0.6518989958787125,0.0
2023-11-12,48.0,0.5,5.9,0.5,10.975827583135477,14.75,0.6648553979642867,0.0
2023-11-13,52.0,0.1,5.22,0.1,9.429453445665155,13.049999999999999,0.6776147890466887,4.0
2023-11-14,48.0,1.5,3.24,1.5,9.515035428815382,8.100000000000001,0.690173388242972,-4.0
2023-11-15,50.0,6.4,3.43,6.4,14.487780114493075,8.575000000000001,0.7025274741691566,2.0
2023-11-16,49.0,0.2,1.42,0.2,12.514613097319113,3.55,0.7146733860429608,-1.0
2023-11-17,60.0,0.0,0.94,0.0,10.637421132721245,2.3499999999999996,0.726607524768565,11.0
2023-11-18,53.0,0.0,-0.58,0.0,9.041807962813058,0.0,0.7383263540031063,-7.0
2023-11-19,53.0,0.0,-1.28,0.0,7.685536768391099,0.0,0.749826401204568,0.0
2023-11-20,59.0,0.0,-1.15,0.0,6.532706253132434,0.0,0.7611042586607742,6.0
2023-11-21,52.0,0.0,-3.05,0.0,5.552800315162569,0.0,0.7721565844991641,-7.0
2023-11-22,50.0,0.0,-4.28,0.0,4.7198802678881835,0.0,0.7829801036770625,-2.0
2023-11-23,52.0,4.1,1.4,4.1,8.111898227704955,3.5,0.7935716089521472,2.0
2023-11-24,49.0,3.1,1.52,3.1,9.995113493549212,3.8,0.8039279618328208,-3.0
2023-11-25,55.0,0.6,-0.05,0.6,9.095846469516829,0.0,0.8140460935082175,6.0
2023-11-26,56.0,0.0,-4.71,0.0,7.731469499089305,0.0,0.8239230057575536,1.0
2023-11-27,53.0,0.0,-5.45,0.0,6.571749074225909,0.0,0.8335557718385695,-3.0
2023-11-28,49.0,0.0,-7.03,0.0,5.585986713092022,0.0,0.8429415373547832,-4.0
2023-11-29,30.0,0.0,-5.53,0.0,4.748088706128218,0.0,0.8520775211013093,-19.0
2023-11-30,28.0,0.0,-4.2,0.0,4.035875400208985,0.0,0.8609610158889945,-2.0
2023-12-01,11.0,0.0,-3.74,0.0,3.4304940901776373,0.0,0.8695893893466109,-17.0
2023-12-02,12.0,0.0,-2.16,0.0,2.915919976650992,0.0,0.8779600847008883,1.0
2023-12-03,14.0,3.0,-2.93,3.0,5.478531980153343,0.0,0.8860706215341377,2.0
2023-12-04,6.0,0.0,-2.21,0.0,4.656752183130341,0.0,0.893918596519257,-8.0
2023-12-05,13.0,0.0,-3.9,0.0,3.95823935566079,0.0,0.9015016841318838,7.0
2023-12-06,10.0,0.0,-4.75,0.0,3.3645034523116712,0.0,0.9088176373395028,-3.0
2023-12-07,17.0,0.0,-3.48,0.0,2.8598279344649207,0.0,0.9158642882672868,7.0
2023-12-08,15.0,0.0,-4.75,0.0,2.4308537442951823,0.0,0.9226395488404875,-2.0
2023-12-09,21.0,2.4,-4.2,2.4,4.466225682650904,0.0,0.9291414114031743,6.0
2023-12-10,22.0,0.8,-2.43,0.8,4.596291830253269,0.0,0.935367949313148,1.0
2023-12-11,19.0,9.8,-0.6,9.8,13.706848055715279,0.0,0.941317317512847,-3.0
2023-12-12,22.0,5.6,1.18,5.6,17.250820847357986,2.9499999999999997,0.946987753076075,3.0
2023-12-13,25.0,0.1,0.97,0.1,14.763197720254286,2.425,0.9523775757303973,3.0
2023-12-14,24.0,0.2,0.7,0.2,12.748718062216142,1.75,0.9574851883550389,-1.0
2023-12-15,30.0,1.9,-0.83,1.9,12.73641035288372,0.0,0.9623090774541487,6.0
2023-12-16,46.0,1.1,3.19,1.1,11.925948799951161,7.975,0.9668478136052773,16.0
2023-12-17,58.0,2.1,6.63,2.1,12.237056479958486,16.575,0.9711000518829505,12.0
2023-12-18,72.0,3.0,6.68,3.0,13.401498007964713,16.7,0.9750645322571945,14.0
2023-12-19,101.0,2.6,6.0,2.6,13.991273306770006,15.0,0.9787400799669153,29.0
2023-12-20,146.0,2.8,3.88,2.8,14.692582310754506,9.7,0.9821256058680006,45.0
2023-12-21,144.0,5.7,2.43,5.7,18.18869496414133,6.075,0.9852201067560606,-2.0
2023-12-22,125.0,2.2,2.16,2.2,17.66039071952013,5.4,0.9880226656636976,-19.0
2023-12-23,111.0,0.2,0.67,0.2,15.21133211159211,1.675,0.9905324521322227,-14.0
2023-12-24,113.0,1.4,0.03,1.4,14.329632294853294,0.075,0.9927487224577402,2.0
2023-12-25,118.0,7.5,4.59,7.5,19.680187450625297,11.475,0.9946708199115211,5.0
2023-12-26,123.0,2.0,3.49,2.0,18.728159333031503,8.725000000000001,0.9962981749346077,5.0
2023-12-27,124.0,2.7,2.1,2.7,18.61893543307678,5.25,0.9976303053065857,1.0
2023-12-28,125.0,0.2,1.47,0.2,16.02609511811526,3.675,0.9986668162884759,1.0
2023-12-29,125.0,1.0,5.29,1.0,14.62218085039797,13.225,0.9994074007397048,0.0
2023-12-30,127.0,7.9,4.31,7.9,20.328853722838275,10.774999999999999,0.9998518392091162,2.0
2023-12-31,136.0,0.8,1.76,0.8,18.079525664412532,4.4,1.0,9.0
2024-01-01,130.0,0.3,0.02,0.3,15.667596814750652,0.05,0.9998518392091162,-6.0
2024-01-02,138.0,2.8,-4.0,2.8,16.117457292538052,0.0,0.9994074007397048,8.0
2024-01-03,138.0,2.8,-6.54,2.8,16.499838698657342,0.0,0.998666816288476,0.0
2024-01-04,137.0,3.6,-7.46,3.6,17.62486289385874,0.0,0.9976303053065857,-1.0
2024-01-05,135.0,0.9,-5.51,0.9,15.88113345977993,0.0,0.9962981749346078,-2.0
2024-01-06,111.0,0.0,-6.75,0.0,13.49896344081294,0.0,0.9946708199115211,-24.0
2024-01-07,80.0,0.0,-14.28,0.0,11.474118924690998,0.0,0.9927487224577402,-31.0
2024-01-08,83.0,0.0,-16.94,0.0,9.753001085987348,0.0,0.9905324521322229,3.0
2024-01-09,82.0,0.1,-9.08,0.1,8.390050923089245,0.0,0.9880226656636976,-1.0
2024-01-10,75.0,1.2,0.17,1.2,8.331543284625857,0.42500000000000004,0.9852201067560606,-7.0
2024-01-11,44.0,1.1,-0.07,1.1,8.181811791931977,0.0,0.9821256058680006,-31.0
2024-01-12,23.0,6.2,-5.48,6.2,13.15454002314218,0.0,0.9787400799669153,-21.0
2024-01-13,32.0,1.0,-6.75,1.0,12.181359019670854,0.0,0.9750645322571948,9.0
2024-01-14,44.0,7.2,-0.7,7.2,17.554155166720225,0.0,0.9711000518829505,12.0
2024-01-15,36.0,2.4,-0.03,2.4,17.32103189171219,0.0,0.9668478136052775,-8.0
2024-01-16,39.0,1.0,-4.76,1.0,15.722877107955362,0.0,0.9623090774541486,3.0
2024-01-17,36.0,0.0,-10.38,0.0,13.364445541762057,0.0,0.9574851883550393,-3.0
2024-01-18,54.0,1.5,-4.01,1.5,12.859778710497748,0.0,0.9523775757303974,18.0
2024-01-19,66.0,0.0,-3.98,0.0,10.930811903923086,0.0,0.9469877530760753,12.0
2024-01-20,67.0,7.5,-2.13,7.5,16.791190118334622,0.0,0.9413173175128471,1.0
2024-01-21,72.0,0.0,-3.51,0.0,14.272511600584428,0.0,0.9353679493131483,5.0
2024-01-22,75.0,0.4,-0.32,0.4,12.531634860496764,0.0,0.9291414114031743,3.0
2024-01-23,64.0,0.9,2.59,0.9,11.551889631422249,6.475,0.9226395488404876,-11.0
2024-01-24,56.0,5.2,2.75,5.2,15.01910618670891,6.875,0.9158642882672872,-8.0
2024-01-25,68.0,2.4,2.33,2.4,15.166240258702574,5.825,0.9088176373395029,12.0
2024-01-26,73.0,0.0,0.03,0.0,12.891304219897188,0.075,0.901501684131884,5.0
2024-01-27,91.0,1.8,-0.32,1.8,12.75760858691261,0.0,0.893918596519257,18.0
2024-01-28,98.0,0.6,0.83,0.6,11.443967298875718,2.0749999999999997,0.886070621534138,7.0
2024-01-29,106.0,0.0,0.98,0.0,9.727372204044359,2.45,0.8779600847008882,8.0
2024-01-30,113.0,0.0,0.33,0.0,8.268266373437704,0.8250000000000001,0.869589389346611,7.0
2024-01-31,121.0,0.5,1.14,0.5,7.528026417422049,2.8499999999999996,0.8609610158889943,8.0
2024-02-01,125.0,2.4,2.14,2.4,8.798822454808741,5.3500000000000005,0.8520775211013093,4.0
2024-02-02,141.0,2.9,1.73,2.9,10.378999086587429,4.325,0.8429415373547828,16.0
2024-02-03,148.0,2.2,5.44,2.2,11.022149223599314,13.600000000000001,0.8335557718385699,7.0
2024-02-04,159.0,4.7,3.76,4.7,14.068826840059415,9.399999999999999,0.8239230057575542,11.0
2024-02-05,177.0,3.2,1.81,3.2,15.158502814050504,4.525,0.8140460935082178,18.0
2024-02-06,183.0,9.1,0.82,9.1,21.984727391942926,2.05,0.8039279618328213,6.0
2024-02-07,202.0,4.7,1.9,4.7,23.387018283151484,4.75,0.7935716089521474,19.0
2024-02-08,218.0,0.0,-1.5,0.0,19.87896554067876,0.0,0.7829801036770629,16.0
2024-02-09,229.0,0.3,-1.81,0.3,17.197120709576946,0.0,0.7721565844991642,11.0
2024-02-10,248.0,0.5,-0.25,0.5,15.117552603140403,0.0,0.7611042586607747,19.0
2024-02-11,252.0,2.7,1.36,2.7,15.549919712669343,3.4000000000000004,0.7498264012045686,4.0
2024-02-12,251.0,1.6,4.35,1.6,14.817431755768942,10.875,0.7383263540031065,-1.0
2024-02-13,255.0,0.2,3.96,0.2,12.7948169924036,9.9,0.7266075247685656,4.0
2024-02-14,253.0,0.0,3.25,0.0,10.87559444354306,8.125,0.7146733860429609,-2.0
2024-02-15,247.0,0.0,3.68,0.0,9.2442552770116,9.200000000000001,0.702527474169157,-6.0
2024-02-16,230.0,0.0,5.16,0.0,7.85761698545986,12.9,0.6901733882429719,-17.0
2024-02-17,222.0,4.0,3.54,4.0,10.67897443764088,8.85,0.6776147890466889,-8.0
2024-02-18,213.0,0.0,-0.15,0.0,9.077128271994749,0.0,0.6648553979642865,-9.0
2024-02-19,216.0,3.8,-0.43,3.8,11.515559031195536,0.0,0.6518989958787126,3.0
2024-02-20,213.0,3.7,0.7,3.7,13.488225176516206,1.75,0.6387494220515272,-3.0
2024-02-21,207.0,4.4,3.27,4.4,15.864991400038775,8.175,0.6254105729852463,-6.0
2024-02-22,215.0,10.3,5.66,10.3,23.78524269003296,14.15,0.6118864012687243,8.0
2024-02-23,214.0,6.1,7.25,6.1,26.317456286528014,18.125,0.5981809144059164,-1.0
2024-02-24,220.0,0.3,7.75,0.3,22.669837843548812,19.375,0.5842981736283683,6.0
2024-02-25,219.0,0.0,4.79,0.0,19.26936216701649,11.975,0.5702422926917871,-1.0
2024-02-26,221.0,4.1,9.1,4.1,20.478957841964018,22.75,0.5560174366570446,2.0
2024-02-27,228.0,1.5,8.04,1.5,18.907114165669416,20.099999999999998,0.5416278206559814,7.0
2024-02-28,228.0,3.3,8.33,3.3,19.371047040819004,20.825,0.5270777086423722,0.0
2024-02-29,234.0,0.0,4.06,0.0,16.465389984696152,10.149999999999999,0.5123714121284237,6.0
2024-03-01,240.0,0.0,7.63,0.0,13.995581486991728,19.075,0.49751328890718066,6.0
2024-03-02,245.0,0.0,5.85,0.0,11.896244263942968,14.625,0.48250774176121847,5.0
2024-03-03,246.0,0.0,4.18,0.0,10.111807624351522,10.45,0.46735921715800227,1.0
2024-03-04,245.0,0.0,3.02,0.0,8.595036480698793,7.55,0.45207220393230435,-1.0
2024-03-05,245.0,2.2,4.54,2.2,9.505781008593974,11.35,0.43665123195606403,0.0
2024-03-06,246.0,0.0,0.99,0.0,8.079913857304877,2.475,0.4211008707960896,1.0
2024-03-07,239.0,0.0,-0.28,0.0,6.867926778709146,0.0,0.40542572835999735,-7.0
2024-03-08,240.0,0.0,0.02,0.0,5.8377377619027735,0.05,0.38963044953078796,1.0
2024-03-09,236.0,0.0,-2.3,0.0,4.962077097617358,0.0,0.37371971479046906,-4.0
2024-03-10,232.0,0.0,0.44,0.0,4.217765532974754,1.1,0.35769823883312546,-4.0
2024-03-11,228.0,0.0,2.31,0.0,3.585100703028541,5.775,0.3415707691678556,-4.0
2024-03-12,217.0,2.8,1.67,2.8,5.84733559757426,4.175,0.3253420847119801,-11.0
2024-03-13,208.0,0.0,2.38,0.0,4.97023525793812,5.949999999999999,0.30901699437494745,-9.0
2024-03-14,197.0,0.0,3.43,0.0,4.2246999692474025,8.575000000000001,0.29260033563334836,-11.0
2024-03-15,189.0,0.0,5.0,0.0,3.590994973860292,12.5,0.27609697309746883,-8.0
2024-03-16,184.0,1.7,7.89,1.7,4.752345727781249,19.724999999999998,0.2595117970697999,-5.0
2024-03-17,175.0,0.5,3.77,0.5,4.539493868614061,9.425,0.2428497220959356,-9.0
2024-03-18,171.0,0.0,1.93,0.0,3.858569788321952,4.825,0.22611568550828828,-4.0
2024-03-19,169.0,0.0,2.21,0.0,3.279784320073659,5.525,0.20931464596304847,-2.0
2024-03-20,165.0,0.0,3.98,0.0,2.78781667206261,9.95,0.19245158197082998,-4.0
2024-03-21,161.0,1.3,4.85,1.3,3.6696441712532186,12.125,0.1755314904214282,-4.0
2024-03-22,159.0,1.6,6.13,1.6,4.719197545565236,15.325,0.15855938510313478,-2.0
2024-03-23,154.0,8.2,7.48,8.2,12.21131791373045,18.700000000000003,0.141540295217043,-5.0
2024-03-24,155.0,0.9,3.23,0.9,11.279620226670882,8.075,0.12447926388678915,1.0
2024-03-25,156.0,3.4,2.71,3.4,12.987677192670251,6.775,0.10738134666416309,1.0
2024-03-26,154.0,0.0,4.32,0.0,11.039525613769714,10.8,0.09025161003104117,-2.0
2024-03-27,149.0,0.0,9.41,0.0,9.383596771704257,23.525,0.07309512989807777,-5.0
2024-03-28,148.0,4.4,11.2,4.4,12.376057255948618,28.0,0.055916990100603484,-1.0
2024-03-29,147.0,0.4,9.17,0.4,10.919648667556325,22.925,0.03872228089217446,-1.0
2024-03-30,139.0,0.0,13.6,0.0,9.281701367422876,34.0,0.021516097436222254,-8.0
2024-03-31,139.0,0.0,17.21,0.0,7.8894461623094445,43.025000000000006,0.004303538296244289,0.0
2024-04-01,132.0,0.0,15.58,0.0,6.706029237963028,38.95,-0.01291029607500882,-7.0
2024-04-02,130.0,0.5,10.83,0.5,6.200124852268574,27.075,-0.030120304846908114,-2.0
2024-04-03,130.0,0.0,4.93,0.0,5.270106124428287,12.325,-0.04732138832243185,0.0
2024-04-04,130.0,0.0,5.64,0.0,4.479590205764044,14.1,-0.06450844944931623,0.0
2024-04-05,126.0,2.6,10.06,2.6,6.407651674899437,25.150000000000002,-0.08167639533042241,-4.0
2024-04-06,122.0,4.0,11.22,4.0,9.446503923664523,28.05,-0.09882013873287143,-4.0
2024-04-07,123.0,0.0,13.27,0.0,8.029528335114843,33.175,-0.11593459959550041,1.0
2024-04-08,128.0,0.0,16.43,0.0,6.825099084847617,41.075,-0.1330147065341959,5.0
2024-04-09,125.0,0.0,18.53,0.0,5.801334222120474,46.325,-0.1500553983446526,-3.0
2024-04-10,126.0,0.0,13.15,0.0,4.931134088802403,32.875,-0.16705162550211924,1.0
2024-04-11,123.0,0.0,11.23,0.0,4.191463975482042,28.075000000000003,-0.18399835165768005,-3.0
2024-04-12,129.0,0.0,13.38,0.0,3.562744379159736,33.45,-0.20089055513063506,6.0
2024-04-13,120.0,0.5,11.77,0.5,3.5283327222857754,29.424999999999997,-0.21772323039653177,-9.0
2024-04-14,124.0,5.4,10.92,5.4,8.39908281394291,27.3,-0.23449138957040985,4.0
2024-04-15,124.0,0.0,7.36,0.0,7.139220391851473,18.400000000000002,-0.25119006388481935,0.0
2024-04-16,121.0,3.0,6.11,3.0,9.068337333073753,15.275,-0.2678143051621742,-3.0
2024-04-17,123.0,0.3,6.58,0.3,8.008086733112691,16.45,-0.2843591872810034,2.0
2024-04-18,117.0,6.6,6.19,6.6,13.406873723145786,15.475000000000001,-0.30081980763566735,-6.0
2024-04-19,120.0,2.4,5.69,2.4,13.795842664673918,14.225000000000001,-0.3171912885891061,3.0
2024-04-20,116.0,5.7,4.85,5.7,17.42646626497283,12.125,-0.3334687789181868,-4.0
2024-04-21,116.0,0.9,4.65,0.9,15.712496325226907,11.625,-0.3496474552512284,0.0
2024-04-22,110.0,10.3,2.73,10.3,23.655621876442872,6.825,-0.36572252349726897,-6.0
2024-04-23,113.0,0.0,2.59,0.0,20.107278594976442,6.475,-0.3816892202666588,3.0
2024-04-24,120.0,12.5,4.52,12.5,29.591186805729976,11.299999999999999,-0.39754281428255595,7.0
2024-04-25,118.0,0.1,6.36,0.1,25.25250878487048,15.9,-0.4132786077829042,-2.0
2024-04-26,124.0,0.0,8.07,0.0,21.464632467139907,20.175,-0.4288919379124835,6.0
2024-04-27,127.0,0.0,10.59,0.0,18.24493759706892,26.475,-0.4443781781046132,3.0
2024-04-28,129.0,0.0,13.89,0.0,15.50819695750858,34.725,-0.45973273945210397,2.0
2024-04-29,130.0,0.0,16.42,0.0,13.181967413882294,41.050000000000004,-0.47495107206704995,1.0
2024-04-30,130.0,0.0,16.76,0.0,11.204672301799949,41.900000000000006,-0.49002866642905923,0.0
2024-05-01,129.0,0.0,16.6,0.0,9.523971456529956,41.5,-0.5049610547215204,-1.0
2024-05-02,124.0,0.0,17.9,0.0,8.095375738050462,44.75,-0.5197438121555155,-5.0
2024-05-03,119.0,0.0,16.86,0.0,6.881069377342893,42.15,-0.5343725582809787,-5.0
2024-05-04,117.0,0.0,16.3,0.0,5.8489089707414585,40.75,-0.548842958284719,-2.0
2024-05-05,112.0,0.1,16.95,0.1,5.071572625130239,42.375,-0.5631507242749186,-5.0
2024-05-06,114.0,4.2,15.0,4.2,8.510836731360703,37.5,-0.5772916165517272,2.0
2024-05-07,99.0,1.7,8.86,1.7,8.934211221656597,22.15,-0.5912614448635781,-15.0
2024-05-08,102.0,0.0,7.68,0.0,7.594079538408107,19.2,-0.6050560696488488,3.0
2024-05-09,95.0,0.3,8.52,0.3,6.754967607646891,21.299999999999997,-0.6186714032625031,-7.0
2024-05-10,92.0,1.7,10.67,1.7,7.441722466499857,26.675,-0.6321034111873487,-3.0
2024-05-11,82.0,0.0,8.37,0.0,6.325464096524878,20.924999999999997,-0.6453481132295501,-10.0
2024-05-12,85.0,0.0,8.6,0.0,5.376644482046146,21.5,-0.6584015846980488,3.0
2024-05-13,79.0,0.0,11.48,0.0,4.570147809739224,28.700000000000003,-0.6712599575675313,-6.0
2024-05-14,78.0,0.0,13.12,0.0,3.88462563827834,32.8,-0.6839194216246106,-1.0
2024-05-15,71.0,0.0,13.6,0.0,3.301931792536589,34.0,-0.6963762255968722,-7.0
2024-05-16,68.0,0.0,13.35,0.0,2.8066420236561007,33.375,-0.7086266782644596,-3.0
2024-05-17,68.0,0.0,14.99,0.0,2.3856457201076857,37.475,-0.7206671495538609,0.0
2024-05-18,58.0,0.0,17.28,0.0,2.0277988620915326,43.2,-0.7324940716135789,-10.0
2024-05-19,59.0,0.0,18.81,0.0,1.7236290327778025,47.025,-0.7441039398713607,1.0
2024-05-20,51.0,3.4,16.8,3.4,4.865084677861132,42.0,-0.7554933140726803,-8.0
2024-05-21,51.0,0.0,17.78,0.0,4.135321976181962,44.45,-0.766658819300159,0.0
2024-05-22,49.0,0.0,20.18,0.0,3.515023679754668,50.45,-0.777597146973627,-2.0
2024-05-23,49.0,0.2,22.15,0.2,3.1877701277914676,55.375,-0.7883050558305255,0.0
2024-05-24,43.0,0.0,22.16,0.0,2.7096046086227474,55.4,-0.7987793728863649,-6.0
2024-05-25,41.0,0.5,18.89,0.5,2.8031639173293352,47.225,-0.8090169943749473,-2.0
2024-05-26,39.0,0.0,20.24,0.0,2.382689329729935,50.599999999999994,-0.8190148866680801,-2.0
2024-05-27,42.0,0.0,19.89,0.0,2.0252859302704445,49.725,-0.8287700871745037,3.0
2024-05-28,35.0,0.0,21.14,0.0,1.7214930407298776,52.85,-0.8382797052177743,-7.0
2024-05-29,34.0,9.9,20.53,9.9,11.363269084620397,51.325,-0.8475409228928311,-1.0
2024-05-30,34.0,0.0,20.13,0.0,9.658778721927337,50.324999999999996,-0.8565509959010036,0.0
2024-05-31,33.0,0.0,19.05,0.0,8.209961913638237,47.625,-0.865307254363206,-1.0
2024-06-01,29.0,0.0,19.92,0.0,6.978467626592501,49.800000000000004,-0.8738071036110808,-4.0
2024-06-02,26.0,0.0,19.54,0.0,5.931697482603625,48.849999999999994,-0.8820480249558537,-3.0
2024-06-03,25.0,0.8,18.8,0.8,5.841942860213082,47.0,-0.8900275764346767,-1.0
2024-06-04,24.0,0.0,18.83,0.0,4.9656514311811195,47.074999999999996,-0.8977433935342337,-1.0
2024-06-05,31.0,0.6,18.46,0.6,4.820803716503951,46.150000000000006,-0.9051931898913974,7.0
2024-06-06,33.0,0.1,16.08,0.1,4.197683159028358,40.199999999999996,-0.9123747579707273,2.0
2024-06-07,23.0,8.9,14.88,8.9,12.468030685174105,37.2,-0.9192859697186104,-10.0
2024-06-08,24.0,0.0,15.43,0.0,10.597826082397988,38.575,-0.9259247771938498,1.0
2024-06-09,35.0,10.3,15.63,10.3,19.30815217003829,39.075,-0.9322892131745133,11.0
2024-06-10,31.0,2.8,14.41,2.8,19.211929344532546,36.025,-0.9383773917408641,-4.0
2024-06-11,22.0,0.0,17.81,0.0,16.330139942852664,44.525,-0.9441875088341993,-9.0
2024-06-12,32.0,0.0,15.24,0.0,13.880618951424765,38.1,-0.9497178427914316,10.0
2024-06-13,22.0,4.5,14.93,4.5,16.29852610871105,37.325,-0.9549667548552551,-10.0
2024-06-14,24.0,0.2,14.92,0.2,14.053747192404392,37.3,-0.9599326896597447,2.0
2024-06-15,28.0,0.0,17.19,0.0,11.945685113543734,42.975,-0.9646141756912435,4.0
2024-06-16,23.0,0.0,18.82,0.0,10.153832346512173,47.05,-0.9690098257244062,-5.0
2024-06-17,24.0,0.0,19.66,0.0,8.630757494535347,49.15,-0.9731183372332619,1.0
2024-06-18,22.0,0.0,21.77,0.0,7.336143870355045,54.425,-0.9769384927771817,-2.0
2024-06-19,24.0,9.0,19.06,9.0,15.235722289801789,47.65,-0.980469160361632,2.0
2024-06-20,20.0,0.0,16.92,0.0,12.950363946331521,42.300000000000004,-0.9837092937736097,-4.0
2024-06-21,22.0,0.0,18.54,0.0,11.007809354381793,46.349999999999994,-0.986657932891657,2.0
2024-06-22,24.0,2.0,19.03,2.0,11.356637951224524,47.575,-0.9893142039703663,2.0
2024-06-23,22.0,1.3,16.76,1.3,10.953142258540845,41.900000000000006,-0.99167731989929,-2.0
2024-06-24,26.0,1.1,17.55,1.1,10.410170919759718,43.875,-0.993746580436178,4.0
2024-06-25,26.0,0.0,21.39,0.0,8.84864528179576,53.475,-0.9955213724144752,0.0
2024-06-26,25.0,0.0,22.23,0.0,7.521348489526395,55.575,-0.9970011699250151,-1.0
2024-06-27,20.0,0.0,24.81,0.0,6.393146216097436,62.025,-0.9981855344718586,-5.0
2024-06-28,18.0,4.5,26.32,4.5,9.93417428368282,65.8,-0.99907411510223,-2.0
2024-06-29,19.0,5.4,21.33,5.4,13.844048141130397,53.324999999999996,-0.9996666485105112,1.0
2024-06-30,14.0,0.0,24.76,0.0,11.767440919960837,61.900000000000006,-0.9999629591162655,-5.0
2024-07-01,12.0,1.4,21.53,1.4,11.402324781966712,53.825,-0.9999629591162655,-2.0
2024-07-02,11.0,0.0,17.35,0.0,9.691976064671705,43.375,-0.9996666485105112,-1.0
2024-07-03,3.0,0.0,17.71,0.0,8.23817965497095,44.275000000000006,-0.99907411510223,-8.0
2024-07-04,5.0,0.1,19.04,0.1,7.102452706725306,47.599999999999994,-0.9981855344718586,2.0
2024-07-05,7.0,0.5,18.06,0.5,6.53708480071651,45.15,-0.9970011699250151,2.0
2024-07-06,4.0,0.0,22.22,0.0,5.556522080609033,55.55,-0.9955213724144752,-3.0
2024-07-07,2.0,0.9,22.72,0.9,5.623043768517679,56.8,-0.9937465804361781,-2.0
2024-07-08,10.0,0.2,20.26,0.2,4.979587203240027,50.650000000000006,-0.99167731989929,8.0
2024-07-09,11.0,0.0,22.13,0.0,4.232649122754023,55.324999999999996,-0.9893142039703664,1.0
2024-07-10,19.0,0.0,24.8,0.0,3.5977517543409196,62.0,-0.9866579328916572,8.0
2024-07-11,16.0,10.8,24.16,10.8,13.858088991189781,60.4,-0.9837092937736098,-3.0
2024-07-12,26.0,0.2,23.52,0.2,11.979375642511313,58.8,-0.9804691603616321,10.0
2024-07-13,28.0,14.0,23.83,14.0,24.182469296134613,59.574999999999996,-0.9769384927771817,2.0
2024-07-14,25.0,0.0,20.02,0.0,20.55509890171442,50.05,-0.973118337233262,-3.0
2024-07-15,21.0,0.0,21.25,0.0,17.471834066457255,53.125,-0.9690098257244063,-4.0
2024-07-16,20.0,1.9,25.38,1.9,16.751058956488666,63.449999999999996,-0.9646141756912435,-1.0
2024-07-17,23.0,0.3,24.64,0.3,14.538400113015367,61.6,-0.9599326896597445,3.0
2024-07-18,18.0,0.0,22.0,0.0,12.357640096063061,55.0,-0.9549667548552553,-5.0
2024-07-19,12.0,0.0,19.13,0.0,10.503994081653602,47.824999999999996,-0.9497178427914317,-6.0
2024-07-20,16.0,0.0,19.47,0.0,8.928394969405561,48.675,-0.9441875088341994,4.0
2024-07-21,12.0,0.0,21.11,0.0,7.589135723994727,52.775,-0.9383773917408642,-4.0
2024-07-22,9.0,0.0,22.23,0.0,6.450765365395518,55.575,-0.9322892131745134,-3.0
2024-07-23,3.0,0.2,21.0,0.2,5.68315056058619,52.5,-0.9259247771938499,-6.0
2024-07-24,5.0,0.1,20.92,0.1,4.930677976498261,52.300000000000004,-0.9192859697186105,2.0
2024-07-25,7.0,16.3,17.89,16.3,20.49107628002352,44.725,-0.9123747579707274,2.0
2024-07-26,17.0,0.6,18.9,0.6,18.01741483801999,47.25,-0.9051931898913975,10.0
2024-07-27,12.0,0.0,21.65,0.0,15.314802612316992,54.125,-0.8977433935342336,-5.0
2024-07-28,12.0,13.1,17.79,13.1,26.117582220469444,44.474999999999994,-0.8900275764346766,0.0
2024-07-29,16.0,16.4,16.45,16.4,38.599944887399026,41.125,-0.8820480249558535,4.0
2024-07-30,11.0,0.0,17.97,0.0,32.80995315428917,44.925,-0.8738071036110807,-5.0
2024-07-31,16.0,0.0,18.21,0.0,27.888460181145792,45.525000000000006,-0.8653072543632061,5.0
2024-08-01,20.0,0.0,18.47,0.0,23.70519115397392,46.175,-0.8565509959010037,4.0
2024-08-02,19.0,0.0,17.5,0.0,20.14941248087783,43.75,-0.8475409228928312,-1.0
2024-08-03,20.0,0.0,18.69,0.0,17.127000608746158,46.725,-0.8382797052177745,1.0
2024-08-04,16.0,0.0,18.63,0.0,14.557950517434234,46.574999999999996,-0.828770087174504,-4.0
2024-08-05,21.0,1.0,19.08,1.0,13.374257939819099,47.699999999999996,-0.8190148866680802,5.0
2024-08-06,16.0,0.0,19.42,0.0,11.368119248846234,48.550000000000004,-0.8090169943749472,-5.0
2024-08-07,15.0,0.0,19.18,0.0,9.6629013615193,47.95,-0.7987793728863648,-1.0
2024-08-08,18.0,0.0,20.3,0.0,8.213466157291405,50.75,-0.7883050558305253,3.0
2024-08-09,13.0,0.2,20.86,0.2,7.181446233697694,52.15,-0.7775971469736268,-5.0
2024-08-10,8.0,0.4,19.4,0.4,6.504229298643041,48.5,-0.7666588193001592,-5.0
2024-08-11,11.0,4.0,16.75,4.0,9.528594903846585,41.875,-0.7554933140726804,3.0
2024-08-12,9.0,0.0,16.5,0.0,8.099305668269597,41.25,-0.7441039398713608,-2.0
2024-08-13,5.0,0.0,16.57,0.0,6.884409818029157,41.425,-0.7324940716135792,-4.0
2024-08-14,10.0,0.0,18.28,0.0,5.851748345324784,45.7,-0.7206671495538615,5.0
2024-08-15,7.0,0.0,20.17,0.0,4.973986093526066,50.425000000000004,-0.7086266782644601,-3.0
2024-08-16,1.0,4.5,22.19,4.5,8.727888179497157,55.475,-0.6963762255968726,-6.0
2024-08-17,3.0,0.0,22.47,0.0,7.4187049525725834,56.175,-0.6839194216246105,2.0
2024-08-18,2.0,0.1,23.9,0.1,6.405899209686695,59.75,-0.6712599575675315,-1.0
2024-08-19,3.0,1.0,23.27,1.0,6.4450143282336905,58.175,-0.6584015846980489,1.0
2024-08-20,-1.0,3.8,21.44,3.8,9.278262178998636,53.6,-0.64534811322955,-4.0
2024-08-21,3.0,12.3,21.52,12.3,20.18652285214884,53.8,-0.6321034111873488,4.0
2024-08-22,31.0,5.0,16.56,5.0,22.158544424326514,41.4,-0.6186714032625032,28.0
2024-08-23,20.0,0.2,18.63,0.2,19.034762760677538,46.574999999999996,-0.6050560696488494,-11.0
2024-08-24,20.0,0.0,21.72,0.0,16.179548346575906,54.3,-0.5912614448635782,0.0
2024-08-25,20.0,0.0,23.37,0.0,13.75261609458952,58.425000000000004,-0.5772916165517278,0.0
2024-08-26,18.0,0.1,19.52,0.1,11.78972368040109,48.8,-0.5631507242749187,-2.0
2024-08-27,15.0,0.0,19.21,0.0,10.021265128340927,48.025000000000006,-0.5488429582847199,-3.0
2024-08-28,15.0,0.0,19.79,0.0,8.518075359089787,49.474999999999994,-0.5343725582809785,0.0
2024-08-29,18.0,0.0,22.12,0.0,7.240364055226318,55.300000000000004,-0.5197438121555157,3.0
2024-08-30,13.0,0.0,22.64,0.0,6.154309446942371,56.6,-0.5049610547215202,-5.0
2024-08-31,12.0,0.2,18.86,0.2,5.431163029901015,47.15,-0.4900286664290594,-1.0
2024-09-01,4.0,0.0,16.99,0.0,4.616488575415862,42.474999999999994,-0.4749510720670502,-8.0
2024-09-02,11.0,0.0,19.6,0.0,3.9240152891034827,49.0,-0.4597327394521046,7.0
2024-09-03,9.0,0.0,21.16,0.0,3.3354129957379604,52.9,-0.44437817810461344,-2.0
2024-09-04,6.0,0.0,20.81,0.0,2.8351010463772663,52.025,-0.4288919379124841,-3.0
2024-09-05,0.0,0.0,20.7,0.0,2.4098358894206764,51.75,-0.41327860778290443,-6.0
2024-09-06,-1.0,0.0,20.55,0.0,2.0483605060075747,51.375,-0.3975428142825566,-1.0
2024-09-07,3.0,0.0,19.5,0.0,1.7411064301064385,48.75,-0.3816892202666586,4.0
2024-09-08,-2.0,0.0,18.89,0.0,1.4799404655904727,47.225,-0.3657225234972692,-5.0
2024-09-09,-7.0,0.0,19.85,0.0,1.2579493957519017,49.625,-0.34964745525122826,-5.0
2024-09-10,-6.0,3.7,17.5,3.7,4.7692569863891165,43.75,-0.33346877891818705,1.0
2024-09-11,-15.0,0.0,15.58,0.0,4.053868438430749,38.95,-0.31719128858910595,-9.0
2024-09-12,-11.0,3.1,15.68,3.1,6.545788172666137,39.2,-0.300819807635668,4.0
2024-09-13,-5.0,1.0,17.72,1.0,6.563919946766217,44.3,-0.2843591872810036,6.0
2024-09-14,-9.0,0.0,19.92,0.0,5.579331954751284,49.800000000000004,-0.26781430516217486,-4.0
2024-09-15,-6.0,1.0,17.93,1.0,5.742432161538591,44.825,-0.25119006388481957,3.0
2024-09-16,-1.0,0.0,18.17,0.0,4.881067337307803,45.425000000000004,-0.23449138957041052,5.0
2024-09-17,-3.0,0.0,17.52,0.0,4.148907236711632,43.8,-0.21772323039653224,-2.0
2024-09-18,-2.0,0.0,17.01,0.0,3.526571151204887,42.525000000000006,-0.20089055513063528,1.0
2024-09-19,-1.0,0.0,16.25,0.0,2.997585478524154,40.625,-0.18399835165767986,1.0
2024-09-20,-2.0,0.0,15.5,0.0,2.547947656745531,38.75,-0.1670516255021195,-1.0
2024-09-21,-6.0,0.0,14.3,0.0,2.165755508233701,35.75,-0.15005539834465262,-4.0
2024-09-22,-6.0,0.0,13.93,0.0,1.840892181998646,34.825,-0.13301470653419636,0.0
2024-09-23,-5.0,0.0,16.54,0.0,1.564758354698849,41.349999999999994,-0.11593459959550066,1.0
2024-09-24,-3.0,0.0,17.91,0.0,1.3300446014940217,44.775,-0.09882013873287211,2.0
2024-09-25,-5.0,2.9,16.31,2.9,4.030537911269918,40.775,-0.08167639533042288,-2.0
2024-09-26,-9.0,0.0,17.22,0.0,3.42595722457943,43.05,-0.06450844944931625,-4.0
2024-09-27,-9.0,3.7,17.46,3.7,6.612063640892515,43.650000000000006,-0.04732138832243232,0.0
2024-09-28,-8.0,3.9,14.03,3.9,9.520254094758638,35.074999999999996,-0.03012030484690836,1.0
2024-09-29,-7.0,0.0,9.7,0.0,8.092215980544841,24.25,-0.012910296075008843,1.0
2024-09-30,-9.0,0.0,8.18,0.0,6.878383583463115,20.45,0.004303538296243821,-2.0
2024-10-01,-10.0,0.2,8.67,0.2,6.046626045943648,21.675,0.021516097436222233,-1.0
2024-10-02,-5.0,0.4,10.21,0.4,5.539632139052101,25.525000000000002,0.03872228089217399,5.0
2024-10-03,-1.0,16.8,9.06,16.8,21.508687318194287,22.650000000000002,0.05591699010060302,4.0
2024-10-04,-4.0,0.0,9.58,0.0,18.282384220465143,23.95,0.07309512989807776,-3.0
2024-10-05,-7.0,0.0,9.9,0.0,15.54002658739537,24.75,0.0902516100310407,-3.0
2024-10-06,-4.0,0.5,9.28,0.5,13.709022599286065,23.2,0.10738134666416306,3.0
2024-10-07,3.0,0.9,8.9,0.9,12.552669209393155,22.25,0.12447926388678869,7.0
2024-10-08,2.0,0.0,9.23,0.0,10.669768827984182,23.075000000000003,0.141540295217043,-1.0
2024-10-09,2.0,0.3,15.05,0.3,9.369303503786556,37.625,0.15855938510313475,0.0
2024-10-10,5.0,0.0,16.5,0.0,7.963907978218573,41.25,0.17553149042142777,3.0
2024-10-11,12.0,3.9,10.59,3.9,10.669321781485786,26.475,0.19245158197082995,7.0
2024-10-12,6.0,0.0,6.41,0.0,9.068923514262918,16.025,0.20931464596304888,-6.0
2024-10-13,10.0,5.2,5.81,5.2,12.90858498712348,14.524999999999999,0.22611568550828803,4.0
2024-10-14,21.0,0.2,7.8,0.2,11.172297239054956,19.5,0.2428497220959358,11.0
2024-10-15,18.0,0.0,8.64,0.0,9.496452653196712,21.6,0.25951179706979943,-3.0
2024-10-16,13.0,0.0,4.67,0.0,8.071984755217205,11.675,0.27609697309746883,-5.0
2024-10-17,19.0,0.0,3.82,0.0,6.861187041934624,9.549999999999999,0.2926003356333479,6.0
2024-10-18,14.0,0.0,5.36,0.0,5.83200898564443,13.4,0.30901699437494723,-5.0
2024-10-19,20.0,0.0,4.16,0.0,4.957207637797765,10.4,0.3253420847119795,6.0
2024-10-20,16.0,0.0,5.49,0.0,4.213626492128101,13.725000000000001,0.341570769167856,-4.0
2024-10-21,13.0,0.0,8.7,0.0,3.581582518308885,21.75,0.35769823883312546,-3.0
2024-10-22,13.0,0.0,11.93,0.0,3.044345140562552,29.825,0.3737197147904692,0.0
2024-10-23,17.0,0.0,10.01,0.0,2.587693369478169,25.025,0.38963044953078774,4.0
2024-10-24,13.0,0.0,8.95,0.0,2.199539364056444,22.375,0.4054257283599973,-4.0
2024-10-25,11.0,0.0,6.67,0.0,1.8696084594479772,16.675,0.42110087079608916,-2.0
2024-10-26,14.0,0.3,5.84,0.3,1.8891671905307805,14.6,0.4366512319560638,3.0
2024-10-27,17.0,0.0,9.61,0.0,1.6057921119511633,24.025,0.45207220393230374,3.0
2024-10-28,9.0,0.0,9.66,0.0,1.3649232951584889,24.15,0.46735921715800205,-8.0
2024-10-29,8.0,0.0,8.7,0.0,1.1601848008847155,21.75,0.48250774176121763,-1.0
2024-10-30,13.0,2.0,11.22,2.0,2.986157080752008,28.05,0.4975132889071803,5.0
2024-10-31,11.0,0.1,9.37,0.1,2.6382335186392067,23.424999999999997,0.5123714121284235,-2.0
2024-11-01,6.0,4.1,12.47,4.1,6.342498490843326,31.175,0.5270777086423724,-5.0
2024-11-02,6.0,0.1,5.09,0.1,5.491123717216826,12.725,0.5416278206559811,0.0
2024-11-03,11.0,0.1,4.14,0.1,4.767455159634302,10.35,0.5560174366570446,5.0
2024-11-04,9.0,0.0,3.23,0.0,4.052336885689157,8.075,0.5702422926917867,-2.0
2024-11-05,8.0,0.0,3.37,0.0,3.444486352835783,8.425,0.5842981736283683,-1.0
2024-11-06,13.0,0.0,5.55,0.0,2.9278133999104154,13.875,0.5981809144059159,5.0
2024-11-07,6.0,0.7,2.84,0.7,3.188641389923853,7.1,0.6118864012687242,-7.0
2024-11-08,10.0,0.1,5.69,0.1,2.810345181435275,14.225000000000001,0.6254105729852457,4.0
2024-11-09,6.0,0.5,4.16,0.5,2.888793404219984,10.4,0.6387494220515268,-4.0
2024-11-10,8.0,0.0,2.8,0.0,2.4554743935869863,7.0,0.6518989958787125,2.0
2024-11-11,9.0,0.0,2.05,0.0,2.0871532345489383,5.125,0.6648553979642867,1.0
2024-11-12,9.0,0.0,0.84,0.0,1.7740802493665975,2.1,0.6776147890466887,0.0
2024-11-13,9.0,0.5,-0.0,0.5,2.007968211961608,0.0,0.690173388242972,0.0
2024-11-14,7.0,2.2,1.6,2.2,3.906772980167367,4.0,0.7025274741691566,-2.0
2024-11-15,5.0,0.0,4.07,0.0,3.320757033142262,10.175,0.7146733860429608,-2.0
2024-11-16,5.0,0.3,6.61,0.3,3.1226434781709225,16.525000000000002,0.726607524768565,0.0
2024-11-17,10.0,2.6,4.56,2.6,5.254246956445284,11.399999999999999,0.7383263540031063,5.0
2024-11-18,10.0,0.1,4.09,0.1,4.566109912978491,10.225,0.749826401204568,0.0
2024-11-19,10.0,3.1,3.42,3.1,6.981193426031718,8.55,0.7611042586607742,0.0
2024-11-20,14.0,5.3,4.54,5.3,11.23401441212696,11.35,0.7721565844991641,4.0
2024-11-21,15.0,1.2,0.08,1.2,10.748912250307916,0.2,0.7829801036770625,1.0
2024-11-22,15.0,0.9,-1.73,0.9,10.036575412761728,0.0,0.7935716089521472,0.0
2024-11-23,16.0,0.0,-0.87,0.0,8.531089100847469,0.0,0.8039279618328208,1.0
2024-11-24,13.0,0.0,1.32,0.0,7.251425735720348,3.3000000000000003,0.8140460935082175,-3.0
2024-11-25,19.0,0.0,4.47,0.0,6.163711875362296,11.174999999999999,0.8239230057575536,6.0
2024-11-26,20.0,4.1,3.59,4.1,9.33915509405795,8.975,0.8335557718385695,1.0
2024-11-27,18.0,1.2,4.55,1.2,9.138281829949257,11.375,0.8429415373547832,-2.0
2024-11-28,19.0,3.4,4.43,3.4,11.167539555456868,11.075,0.8520775211013093,1.0
2024-11-29,23.0,0.4,3.86,0.4,9.892408622138337,9.65,0.8609610158889945,4.0
2024-11-30,15.0,0.0,3.51,0.0,8.408547328817587,8.774999999999999,0.8695893893466109,-8.0
2024-12-01,23.0,0.0,1.84,0.0,7.147265229494948,4.6000000000000005,0.8779600847008883,8.0
2024-12-02,20.0,0.0,3.37,0.0,6.075175445070706,8.425,0.8860706215341377,-3.0
2024-12-03,23.0,2.0,3.45,2.0,7.1638991283101,8.625,0.893918596519257,3.0
2024-12-04,21.0,0.1,2.73,0.1,6.189314259063584,6.825,0.9015016841318838,-2.0
2024-12-05,21.0,0.3,0.48,0.3,5.560917120204047,1.2,0.9088176373395028,0.0
2024-12-06,22.0,0.0,-1.14,0.0,4.72677955217344,0.0,0.9158642882672868,1.0
2024-12-07,20.0,0.0,0.05,0.0,4.017762619347423,0.125,0.9226395488404875,-2.0
2024-12-08,17.0,0.2,2.49,0.2,3.6150982264453098,6.2250000000000005,0.9291414114031743,-3.0
2024-12-09,15.0,0.1,1.16,0.1,3.1728334924785133,2.9,0.935367949313148,-2.0
2024-12-10,18.0,0.0,0.12,0.0,2.696908468606736,0.3,0.941317317512847,3.0
2024-12-11,30.0,0.0,-0.03,0.0,2.2923721983157255,0.0,0.946987753076075,12.0
2024-12-12,6.0,0.0,0.7,0.0,1.9485163685683666,1.75,0.9523775757303973,-24.0
2024-12-13,12.0,0.0,-4.04,0.0,1.6562389132831117,0.0,0.9574851883550389,6.0
2024-12-14,16.0,0.1,-2.01,0.1,1.507803076290645,0.0,0.9623090774541487,4.0
2024-12-15,6.0,2.1,0.9,2.1,3.381632614847048,2.25,0.9668478136052773,-10.0
2024-12-16,5.0,5.6,5.73,5.6,8.47438772261999,14.325000000000001,0.9711000518829505,-1.0
2024-12-17,19.0,1.6,4.52,1.6,8.803229564226992,11.299999999999999,0.9750645322571945,14.0
2024-12-18,24.0,2.3,2.38,2.3,9.782745129592943,5.949999999999999,0.9787400799669153,5.0
2024-12-19,20.0,0.7,7.5,0.7,9.015333360154,18.75,0.9821256058680006,-4.0
2024-12-20,24.0,1.2,5.01,1.2,8.8630333561309,12.524999999999999,0.9852201067560606,4.0
2024-12-21,29.0,0.0,1.61,0.0,7.533578352711265,4.025,0.9880226656636976,5.0
2024-12-22,22.0,0.6,2.14,0.6,7.003541599804575,5.3500000000000005,0.9905324521322227,-7.0
2024-12-23,32.0,2.7,1.52,2.7,8.653010359833889,3.8,0.9927487224577402,10.0
2024-12-24,32.0,0.0,1.88,0.0,7.355058805858805,4.699999999999999,0.9946708199115211,0.0
2024-12-25,29.0,0.0,0.85,0.0,6.251799984979984,2.125,0.9962981749346077,-3.0
2024-12-26,33.0,0.1,1.03,0.1,5.414029987232986,2.575,0.9976303053065857,4.0
2024-12-27,30.0,0.0,3.48,0.0,4.601925489148038,8.7,0.9986668162884759,-3.0
2024-12-28,29.0,1.1,2.55,1.1,5.011636665775832,6.375,0.9994074007397048,-1.0
2024-12-29,34.0,0.0,1.48,0.0,4.259891165909457,3.7,0.9998518392091162,5.0
2024-12-30,26.0,1.1,2.52,1.1,4.720907491023039,6.3,1.0,-8.0
2024-12-31,30.0,1.6,3.75,1.6,5.612771367369582,9.375,0.9998518392091162,4.0
