timestamp,water_level_cm,precip_ventes-ams,temp_ventes-ams,precip_klaipedos-ams,temp_klaipedos-ams,Pt,API_t,API_norm,S_t,SMI_t,delta_WL_t
2016-01-01,554.0,0.0,0.0,0.0,0.0,0.0,0.0,0.0,0.9998518392091162,0.0,0.0
2016-01-02,543.0,0.0,0.0,0.0,0.0,0.0,0.0,0.0,0.9994074007397048,0.0,-11.0
2016-01-03,535.0,0.0,0.0,0.0,0.0,0.0,0.0,0.0,0.998666816288476,0.0,-8.0
2016-01-04,533.0,0.0,0.0,0.0,0.0,0.0,0.0,0.0,0.9976303053065857,0.0,-2.0
2016-01-05,529.0,0.0,0.0,0.0,0.0,0.0,0.0,0.0,0.9962981749346078,0.0,-4.0
2016-01-06,525.0,0.0,0.0,0.0,0.0,0.0,0.0,0.0,0.9946708199115211,0.0,-4.0
2016-01-07,522.0,0.0,0.0,0.0,0.0,0.0,0.0,0.0,0.9927487224577402,0.0,-3.0
2016-01-08,515.0,0.0,0.0,0.0,0.0,0.0,0.0,0.0,0.9905324521322229,0.0,-7.0
2016-01-09,513.0,0.0,0.0,0.0,0.0,0.0,0.0,0.0,0.9880226656636976,0.0,-2.0
2016-01-10,511.0,0.0,0.0,0.0,0.0,0.0,0.0,0.0,0.9852201067560606,0.0,-2.0
2016-01-11,505.0,0.0,0.0,0.0,0.0,0.0,0.0,0.0,0.9821256058680006,0.0,-6.0
2016-01-12,503.0,0.0,0.0,0.0,0.0,0.0,0.0,0.0,0.9787400799669153,0.0,-2.0
2016-01-13,507.0,0.0,0.0,0.0,0.0,0.0,0.0,0.0,0.9750645322571948,0.0,4.0
2016-01-14,514.0,0.0,0.0,0.0,0.0,0.0,0.0,0.0,0.9711000518829505,0.0,7.0
2016-01-15,510.0,0.0,0.0,0.0,0.0,0.0,0.0,0.0,0.9668478136052775,0.0,-4.0
2016-01-16,505.0,0.0,0.0,0.0,0.0,0.0,0.0,0.0,0.9623090774541486,0.0,-5.0
2016-01-17,505.0,0.0,0.0,0.0,0.0,0.0,0.0,0.0,0.9574851883550393,0.0,0.0
2016-01-18,504.0,0.0,0.0,0.0,0.0,0.0,0.0,0.0,0.9523775757303974,0.0,-1.0
2016-01-19,502.0,0.0,0.0,0.0,0.0,0.0,0.0,0.0,0.9469877530760753,0.0,-2.0
2016-01-20,503.0,0.0,0.0,0.0,0.0,0.0,0.0,0.0,0.9413173175128471,0.0,1.0
2016-01-21,506.0,0.0,0.0,0.0,0.0,0.0,0.0,0.0,0.9353679493131483,0.0,3.0
2016-01-22,508.0,0.0,0.0,0.0,0.0,0.0,0.0,0.0,0.9291414114031743,0.0,2.0
2016-01-23,506.0,0.0,0.0,0.0,0.0,0.0,0.0,0.0,0.9226395488404876,0.0,-2.0
2016-01-24,505.0,0.0,0.0,0.0,0.0,0.0,0.0,0.0,0.9158642882672872,0.0,-1.0
2016-01-25,506.0,0.0,0.0,0.0,0.0,0.0,0.0,0.0,0.9088176373395029,0.0,1.0
2016-01-26,507.0,0.0,0.0,0.0,0.0,0.0,0.0,0.0,0.901501684131884,0.0,1.0
2016-01-27,506.0,0.0,0.0,0.0,0.0,0.0,0.0,0.0,0.893918596519257,0.0,-1.0
2016-01-28,551.0,0.0,0.0,0.0,0.0,0.0,0.0,0.0,0.886070621534138,0.0,45.0
2016-01-29,632.0,0.0,0.0,0.0,0.0,0.0,0.0,0.0,0.8779600847008882,0.0,81.0
2016-01-30,690.0,0.0,0.0,0.0,0.0,0.0,0.0,0.0,0.869589389346611,0.0,58.0
2016-01-31,725.0,0.0,0.0,0.0,0.0,0.0,0.0,0.0,0.8609610158889943,0.0,35.0
2016-02-01,741.0,0.0,0.0,0.0,0.0,0.0,0.0,0.0,0.8520775211013093,0.0,16.0
2016-02-02,767.0,0.0,0.0,0.0,0.0,0.0,0.0,0.0,0.8429415373547828,0.0,26.0
2016-02-03,781.0,0.0,0.0,0.0,0.0,0.0,0.0,0.0,0.8335557718385699,0.0,14.0
2016-02-04,778.0,0.0,0.0,0.0,0.0,0.0,0.0,0.0,0.8239230057575542,0.0,-3.0
2016-02-05,764.0,0.0,0.0,0.0,0.0,0.0,0.0,0.0,0.8140460935082178,0.0,-14.0
2016-02-06,742.0,0.0,0.0,0.0,0.0,0.0,0.0,0.0,0.8039279618328213,0.0,-22.0
2016-02-07,702.0,0.0,0.0,0.0,0.0,0.0,0.0,0.0,0.7935716089521474,0.0,-40.0
2016-02-08,655.0,0.0,0.0,0.0,0.0,0.0,0.0,0.0,0.7829801036770629,0.0,-47.0
2016-02-09,617.0,0.0,0.0,0.0,0.0,0.0,0.0,0.0,0.7721565844991642,0.0,-38.0
2016-02-10,600.0,0.0,0.0,0.0,0.0,0.0,0.0,0.0,0.7611042586607747,0.0,-17.0
2016-02-11,604.0,0.0,0.0,0.0,0.0,0.0,0.0,0.0,0.7498264012045686,0.0,4.0
2016-02-12,619.0,0.0,0.0,0.0,0.0,0.0,0.0,0.0,0.7383263540031065,0.0,15.0
2016-02-13,629.0,0.0,0.0,0.0,0.0,0.0,0.0,0.0,0.7266075247685656,0.0,10.0
2016-02-14,632.0,0.0,0.0,0.0,0.0,0.0,0.0,0.0,0.7146733860429609,0.0,3.0
2016-02-15,629.0,0.0,0.0,0.0,0.0,0.0,0.0,0.0,0.702527474169157,0.0,-3.0
2016-02-16,619.0,0.0,0.0,0.0,0.0,0.0,0.0,0.0,0.6901733882429719,0.0,-10.0
2016-02-17,609.0,0.0,0.0,0.0,0.0,0.0,0.0,0.0,0.6776147890466889,0.0,-10.0
2016-02-18,596.0,0.0,0.0,0.0,0.0,0.0,0.0,0.0,0.6648553979642865,0.0,-13.0
2016-02-19,583.0,0.0,0.0,0.0,0.0,0.0,0.0,0.0,0.6518989958787126,0.0,-13.0
2016-02-20,580.0,0.0,0.0,0.0,0.0,0.0,0.0,0.0,0.6387494220515272,0.0,-3.0
2016-02-21,580.0,0.0,0.0,0.0,0.0,0.0,0.0,0.0,0.6254105729852463,0.0,0.0
2016-02-22,597.0,0.0,0.0,0.0,0.0,0.0,0.0,0.0,0.6118864012687243,0.0,17.0
2016-02-23,642.0,0.0,0.0,0.0,0.0,0.0,0.0,0.0,0.5981809144059164,0.0,45.0
2016-02-24,670.0,0.0,0.0,0.0,0.0,0.0,0.0,0.0,0.5842981736283683,0.0,28.0
2016-02-25,688.0,0.0,0.0,0.0,0.0,0.0,0.0,0.0,0.5702422926917871,0.0,18.0
2016-02-26,693.0,0.0,0.0,0.0,0.0,0.0,0.0,0.0,0.5560174366570446,0.0,5.0
2016-02-27,673.0,0.0,0.0,0.0,0.0,0.0,0.0,0.0,0.5416278206559814,0.0,-20.0
2016-02-28,645.0,0.0,0.0,0.0,0.0,0.0,0.0,0.0,0.5270777086423722,0.0,-28.0
2016-02-29,619.0,0.0,0.0,0.0,0.0,0.0,0.0,0.0,0.5123714121284237,0.0,-26.0
2016-03-01,596.0,0.0,0.0,0.0,0.0,0.0,0.0,0.0,0.49751328890718066,0.0,-23.0
2016-03-02,582.0,0.0,0.0,0.0,0.0,0.0,0.0,0.0,0.48250774176121847,0.0,-14.0
2016-03-03,573.0,0.0,0.0,0.0,0.0,0.0,0.0,0.0,0.46735921715800227,0.0,-9.0
2016-03-04,564.0,0.0,0.0,0.0,0.0,0.0,0.0,0.0,0.45207220393230435,0.0,-9.0
2016-03-05,558.0,0.0,0.0,0.0,0.0,0.0,0.0,0.0,0.43665123195606403,0.0,-6.0
2016-03-06,554.0,0.0,0.0,0.0,0.0,0.0,0.0,0.0,0.4211008707960896,0.0,-4.0
2016-03-07,547.0,0.0,0.0,0.0,0.0,0.0,0.0,0.0,0.40542572835999735,0.0,-7.0
2016-03-08,551.0,0.0,0.0,0.0,0.0,0.0,0.0,0.0,0.38963044953078796,0.0,4.0
2016-03-09,558.0,0.0,0.0,0.0,0.0,0.0,0.0,0.0,0.37371971479046906,0.0,7.0
2016-03-10,556.0,0.0,0.0,0.0,0.0,0.0,0.0,0.0,0.35769823883312546,0.0,-2.0
2016-03-11,549.0,0.0,0.0,0.0,0.0,0.0,0.0,0.0,0.3415707691678556,0.0,-7.0
2016-03-12,542.0,0.0,0.0,0.0,0.0,0.0,0.0,0.0,0.3253420847119801,0.0,-7.0
2016-03-13,537.0,0.0,0.0,0.0,0.0,0.0,0.0,0.0,0.30901699437494745,0.0,-5.0
2016-03-14,536.0,0.0,0.0,0.0,0.0,0.0,0.0,0.0,0.29260033563334836,0.0,-1.0
2016-03-15,533.0,0.0,0.0,0.0,0.0,0.0,0.0,0.0,0.27609697309746883,0.0,-3.0
2016-03-16,534.0,0.0,0.0,0.0,0.0,0.0,0.0,0.0,0.2595117970697999,0.0,1.0
2016-03-17,534.0,0.0,0.0,0.0,0.0,0.0,0.0,0.0,0.2428497220959356,0.0,0.0
2016-03-18,526.0,0.0,0.0,0.0,0.0,0.0,0.0,0.0,0.22611568550828828,0.0,-8.0
2016-03-19,532.0,0.0,0.0,0.0,0.0,0.0,0.0,0.0,0.20931464596304847,0.0,6.0
2016-03-20,532.0,0.0,0.0,0.0,0.0,0.0,0.0,0.0,0.19245158197082998,0.0,0.0
2016-03-21,530.0,0.0,0.0,0.0,0.0,0.0,0.0,0.0,0.1755314904214282,0.0,-2.0
2016-03-22,529.0,0.0,0.0,0.0,0.0,0.0,0.0,0.0,0.15855938510313478,0.0,-1.0
2016-03-23,523.0,0.0,0.0,0.0,0.0,0.0,0.0,0.0,0.141540295217043,0.0,-6.0
2016-03-24,519.0,0.0,0.0,0.0,0.0,0.0,0.0,0.0,0.12447926388678915,0.0,-4.0
2016-03-25,517.0,0.0,0.0,0.0,0.0,0.0,0.0,0.0,0.10738134666416309,0.0,-2.0
2016-03-26,515.0,0.0,0.0,0.0,0.0,0.0,0.0,0.0,0.09025161003104117,0.0,-2.0
2016-03-27,513.0,0.0,0.0,0.0,0.0,0.0,0.0,0.0,0.07309512989807777,0.0,-2.0
2016-03-28,510.0,0.0,0.0,0.0,0.0,0.0,0.0,0.0,0.055916990100603484,0.0,-3.0
2016-03-29,510.0,0.0,0.0,0.0,0.0,0.0,0.0,0.0,0.03872228089217446,0.0,0.0
2016-03-30,512.0,0.0,0.0,0.0,0.0,0.0,0.0,0.0,0.021516097436222254,0.0,2.0
2016-03-31,514.0,0.0,0.0,0.0,0.0,0.0,0.0,0.0,0.004303538296244289,0.0,2.0
2016-04-01,515.0,0.0,0.0,0.0,0.0,0.0,0.0,0.0,-0.01291029607500882,0.0,1.0
2016-04-02,516.0,0.0,0.0,0.0,0.0,0.0,0.0,0.0,-0.030120304846908114,0.0,1.0
2016-04-03,518.0,0.0,0.0,0.0,0.0,0.0,0.0,0.0,-0.04732138832243185,0.0,2.0
2016-04-04,514.0,0.0,0.0,0.0,0.0,0.0,0.0,0.0,-0.06450844944931623,0.0,-4.0
2016-04-05,512.0,0.0,0.0,0.0,13.77,0.0,0.0,0.0,-0.08167639533042241,17.2125,-2.0
2016-04-06,514.0,0.0,0.0,4.6,8.26,2.3,2.3,0.035967775831904254,-0.09882013873287143,10.325,2.0
2016-04-07,515.0,0.0,0.0,1.9,7.63,0.95,2.905,0.045428864692035595,-0.11593459959550041,9.5375,1.0
2016-04-08,506.0,0.0,0.0,0.2,6.0,0.1,2.56925,0.04017835132874783,-0.1330147065341959,7.5,-9.0
2016-04-09,504.0,0.0,0.0,0.0,5.38,0.0,2.1838624999999996,0.034151598629435655,-0.1500553983446526,6.725,-2.0
2016-04-10,506.0,0.0,0.0,0.0,7.37,0.0,1.8562831249999996,0.029028858835020304,-0.16705162550211924,9.2125,2.0
2016-04-11,510.0,0.0,0.0,0.0,9.24,0.0,1.5778406562499996,0.024674530009767257,-0.18399835165768005,11.55,4.0
2016-04-12,509.0,0.0,0.0,0.1,10.07,0.05,1.3911645578124996,0.021755258678560957,-0.20089055513063506,12.5875,-1.0
2016-04-13,512.0,0.0,0.0,6.1,7.53,3.05,4.232489874140624,0.06618836826256289,-0.21772323039653177,9.4125,3.0
2016-04-14,514.0,0.0,0.0,0.0,6.05,0.0,3.59761639301953,0.056260113023178446,-0.23449138957040985,7.5625,2.0
2016-04-15,512.0,0.0,0.0,0.0,5.23,0.0,3.0579739340666006,0.04782109606970168,-0.25119006388481935,6.5375000000000005,-2.0
2016-04-16,512.0,0.0,0.0,0.4,10.14,0.2,2.7992778439566104,0.04377556434028158,-0.2678143051621742,12.675,0.0
2016-04-17,509.0,0.0,0.0,4.1,7.07,2.05,4.429386167363118,0.06926746466984965,-0.2843591872810034,8.8375,-3.0
2016-04-18,522.0,0.0,0.0,0.0,6.94,0.0,3.76497824225865,0.0588773449693722,-0.30081980763566735,8.675,13.0
2016-04-19,520.0,0.0,0.0,0.5,6.88,0.25,3.4502315059198527,0.05395528407526031,-0.3171912885891061,8.6,-2.0
2016-04-20,516.0,0.0,0.0,0.0,6.02,0.0,2.9326967800318746,0.04586199146397126,-0.3334687789181868,7.5249999999999995,-4.0
2016-04-21,516.0,0.0,0.0,0.0,6.62,0.0,2.4927922630270936,0.038982692744375574,-0.3496474552512284,8.275,0.0
2016-04-22,525.0,0.0,0.0,1.0,5.57,0.5,2.6188734235730293,0.040954370535307115,-0.36572252349726897,6.9625,9.0
2016-04-23,522.0,0.0,0.0,0.0,6.31,0.0,2.226042410037075,0.03481121495501105,-0.3816892202666588,7.887499999999999,-3.0
2016-04-24,520.0,0.0,0.0,8.1,4.3,4.05,5.942136048531514,0.09292409450272124,-0.39754281428255595,5.375,-2.0
2016-04-25,527.0,0.0,0.0,0.0,4.36,0.0,5.050815641251787,0.07898548032731306,-0.4132786077829042,5.45,7.0
2016-04-26,520.0,0.0,0.0,0.0,4.75,0.0,4.293193295064019,0.0671376582782161,-0.4288919379124835,5.9375,-7.0
2016-04-27,526.0,0.0,0.0,8.8,6.27,4.4,8.049214300804417,0.12587492851925705,-0.4443781781046132,7.8374999999999995,6.0
2016-04-28,527.0,0.0,0.0,19.4,5.44,9.7,16.541832155683753,0.2586838742715734,-0.45973273945210397,6.800000000000001,1.0
2016-04-29,536.0,0.0,0.0,0.0,7.72,0.0,14.06055733233119,0.21988129313083737,-0.47495107206704995,9.65,9.0
2016-04-30,540.0,0.0,0.0,0.0,8.52,0.0,11.95147373248151,0.18689909916121175,-0.49002866642905923,10.649999999999999,4.0
2016-05-01,533.0,0.0,0.0,0.0,10.55,0.0,10.158752672609284,0.15886423428703,-0.5049610547215204,13.1875,-7.0
2016-05-02,528.0,0.0,0.0,0.0,11.54,0.0,8.63493977171789,0.13503459914397548,-0.5197438121555155,14.424999999999999,-5.0
2016-05-03,520.0,0.0,0.0,0.0,12.47,0.0,7.339698805960206,0.11477940927237916,-0.5343725582809787,15.5875,-8.0
2016-05-04,518.0,0.0,0.0,0.0,12.47,0.0,6.238743985066176,0.09756249788152228,-0.548842958284719,15.5875,-2.0
2016-05-05,516.0,0.0,0.0,0.0,12.27,0.0,5.3029323873062495,0.08292812319929395,-0.5631507242749186,15.337499999999999,-2.0
2016-05-06,517.0,0.0,0.0,0.0,11.41,0.0,4.507492529210312,0.07048890471939985,-0.5772916165517272,14.2625,1.0
2016-05-07,515.0,0.0,0.0,0.0,15.0,0.0,3.8313686498287653,0.05991556901148988,-0.5912614448635781,18.75,-2.0
2016-05-08,513.0,0.0,0.0,0.0,17.1,0.0,3.2566633523544506,0.0509282336597664,-0.6050560696488488,21.375,-2.0
2016-05-09,508.0,0.0,0.0,0.0,18.9,0.0,2.768163849501283,0.04328899861080144,-0.6186714032625031,23.625,-5.0
2016-05-10,506.0,0.0,0.0,0.0,15.68,0.0,2.3529392720760907,0.03679564881918122,-0.6321034111873487,19.6,-2.0
2016-05-11,503.0,0.0,0.0,0.0,14.13,0.0,1.999998381264677,0.03127630149630404,-0.6453481132295501,17.6625,-3.0
2016-05-12,502.0,0.0,0.0,0.0,14.79,0.0,1.6999986240749756,0.026584856271858436,-0.6584015846980488,18.487499999999997,-1.0
2016-05-13,506.0,0.0,0.0,2.6,13.89,1.3,2.744998830463729,0.04292674025780816,-0.6712599575675313,17.3625,4.0
2016-05-14,507.0,0.0,0.0,4.8,12.03,2.4,4.733249005894169,0.07401932139155877,-0.6839194216246106,15.0375,1.0
2016-05-15,520.0,0.0,0.0,1.5,10.42,0.75,4.773261655010044,0.07464504573670677,-0.6963762255968722,13.025,13.0
2016-05-16,559.0,0.0,0.0,8.0,8.17,4.0,8.057272406758537,0.12600094249690383,-0.7086266782644596,10.2125,39.0
2016-05-17,579.0,0.0,0.0,6.2,8.45,3.1,9.948681545744757,0.15557910767841313,-0.7206671495538609,10.5625,20.0
2016-05-18,603.0,0.0,0.0,0.0,8.65,0.0,8.456379313883042,0.13224224152665112,-0.7324940716135789,10.8125,24.0
2016-05-19,609.0,0.0,0.0,0.0,11.22,0.0,7.1879224168005855,0.11240590529765346,-0.7441039398713607,14.025,6.0
2016-05-20,572.0,0.0,0.0,0.0,10.7,0.0,6.109734054280498,0.09554501950300544,-0.7554933140726803,13.375,-37.0
2016-05-21,542.0,0.0,0.0,0.0,11.11,0.0,5.193273946138423,0.08121326657755462,-0.766658819300159,13.8875,-30.0
2016-05-22,529.0,0.0,0.0,0.0,14.72,0.0,4.414282854217659,0.06903127659092143,-0.777597146973627,18.400000000000002,-13.0
2016-05-23,517.0,0.0,0.0,0.0,19.55,0.0,3.75214042608501,0.058676585102283206,-0.7883050558305255,24.4375,-12.0
2016-05-24,512.0,0.0,0.0,0.0,19.87,0.0,3.1893193621722586,0.049875097336940726,-0.7987793728863649,24.837500000000002,-5.0
2016-05-25,512.0,0.0,0.0,0.0,14.55,0.0,2.71092145784642,0.042393832736399614,-0.8090169943749473,18.1875,0.0
2016-05-26,515.0,0.0,0.0,0.0,10.15,0.0,2.304283239169457,0.03603475782593968,-0.8190148866680801,12.6875,3.0
2016-05-27,516.0,0.0,0.0,10.7,13.36,5.35,7.308640753294038,0.11429371836973906,-0.8287700871745037,16.7,1.0
2016-05-28,514.0,0.0,0.0,1.1,17.52,0.55,6.762344640299932,0.10575065048712487,-0.8382797052177743,21.9,-2.0
2016-05-29,510.0,0.0,0.0,0.0,22.09,0.0,5.747992944254942,0.08988805291405613,-0.8475409228928311,27.6125,-4.0
2016-05-30,508.0,0.0,0.0,0.0,23.31,0.0,4.8857940026167,0.0764048449769477,-0.8565509959010036,29.1375,-2.0
2016-05-31,505.0,0.0,0.0,0.0,23.49,0.0,4.152924902224195,0.06494411823040555,-0.865307254363206,29.362499999999997,-3.0
2016-06-01,502.0,0.0,0.0,0.0,24.22,0.0,3.529986166890566,0.055202500495844714,-0.8738071036110808,30.275,-3.0
2016-06-02,500.0,0.0,0.0,0.5,20.65,0.25,3.250488241856981,0.05083166627276195,-0.8820480249558537,25.8125,-2.0
2016-06-03,496.0,0.0,0.0,0.0,20.03,0.0,2.7629150055784337,0.04320691633184766,-0.8900275764346767,25.0375,-4.0
2016-06-04,498.0,0.0,0.0,0.0,14.49,0.0,2.3484777547416686,0.03672587888207051,-0.8977433935342337,18.1125,2.0
2016-06-05,501.0,0.0,0.0,0.0,11.38,0.0,1.9962060915304183,0.03121699704975993,-0.9051931898913974,14.225000000000001,3.0
2016-06-06,497.0,0.0,0.0,0.0,10.27,0.0,1.6967751778008555,0.02653444749229594,-0.9123747579707273,12.837499999999999,-4.0
2016-06-07,502.0,0.0,0.0,0.0,10.9,0.0,1.4422589011307272,0.02255428036845155,-0.9192859697186104,13.625,5.0
2016-06-08,502.0,0.0,0.0,2.7,11.89,1.35,2.5759200659611183,0.040282658910171104,-0.9259247771938498,14.8625,0.0
2016-06-09,498.0,0.0,0.0,0.0,10.58,0.0,2.1895320560669504,0.03424026007364544,-0.9322892131745133,13.225,-4.0
2016-06-10,496.0,0.0,0.0,3.0,11.21,1.5,3.361102247656908,0.05256146617036227,-0.9383773917408641,14.012500000000001,-2.0
2016-06-11,492.0,0.0,0.0,1.7,9.77,0.85,3.706936910508372,0.05796968513920733,-0.9441875088341993,12.212499999999999,-4.0
2016-06-12,500.0,0.0,0.0,0.0,10.67,0.0,3.1508963739321163,0.04927423236832623,-0.9497178427914316,13.3375,8.0
2016-06-13,493.0,0.0,0.0,0.0,11.52,0.0,2.6782619178422986,0.0418830975130773,-0.9549667548552551,14.399999999999999,-7.0
2016-06-14,487.0,0.0,0.0,0.0,18.12,0.0,2.2765226301659536,0.035600632886115695,-0.9599326896597447,22.650000000000002,-6.0
2016-06-15,489.0,0.0,0.0,9.2,14.78,4.6,6.53504423564106,0.10219608961700684,-0.9646141756912435,18.474999999999998,2.0
2016-06-16,493.0,0.0,0.0,0.0,14.16,0.0,5.5547876002949,0.08686667617445581,-0.9690098257244062,17.7,4.0
2016-06-17,497.0,0.0,0.0,11.7,16.61,5.85,10.571569460250664,0.16531993066856565,-0.9731183372332619,20.7625,4.0
2016-06-18,524.0,0.0,0.0,4.8,14.26,2.4,11.385834041213064,0.17805353324070264,-0.9769384927771817,17.825,27.0
2016-06-19,484.0,0.0,0.0,0.0,15.24,0.0,9.677958935031103,0.15134550325459722,-0.980469160361632,19.05,-40.0
2016-06-20,484.0,0.0,0.0,2.5,14.38,1.25,9.476265094776437,0.14819138202287732,-0.9837092937736097,17.975,0.0
2016-06-21,496.0,0.0,0.0,6.2,14.38,3.1,11.154825330559971,0.1744409812754906,-0.986657932891657,17.975,12.0
2016-06-22,497.0,0.0,0.0,0.0,15.33,0.0,9.481601530975976,0.148274834084167,-0.9893142039703663,19.1625,1.0
2016-06-23,494.0,0.0,0.0,0.0,18.76,0.0,8.059361301329579,0.12603360897154195,-0.99167731989929,23.450000000000003,-3.0
2016-06-24,489.0,0.0,0.0,0.0,23.02,0.0,6.850457106130142,0.10712856762581065,-0.993746580436178,28.775,-5.0
2016-06-25,489.0,0.0,0.0,1.4,26.2,0.7,6.52288854021062,0.10200599686556208,-0.9955213724144752,32.75,0.0
2016-06-26,494.0,0.0,0.0,0.0,21.09,0.0,5.544455259179027,0.08670509733572776,-0.9970011699250151,26.3625,5.0
2016-06-27,500.0,0.0,0.0,0.2,18.33,0.1,4.812786970302172,0.07526314907588616,-0.9981855344718586,22.912499999999998,6.0
2016-06-28,498.0,0.0,0.0,0.0,17.92,0.0,4.090868924756846,0.06397367671450323,-0.99907411510223,22.400000000000002,-2.0
2016-06-29,496.0,0.0,0.0,2.3,19.24,1.15,4.627238586043319,0.07236151312327987,-0.9996666485105112,24.049999999999997,-2.0
2016-06-30,498.0,0.0,0.0,2.7,19.9,1.35,5.283152798136821,0.08261880675177517,-0.9999629591162655,24.875,2.0
2016-07-01,496.0,0.0,0.0,0.0,20.58,0.0,4.490679878416298,0.0702259857390089,-0.9999629591162655,25.724999999999998,-2.0
2016-07-02,496.0,0.0,0.0,0.0,19.5,0.0,3.817077896653853,0.059692087878157565,-0.9996666485105112,24.375,0.0
2016-07-03,498.0,0.0,0.0,0.0,0.0,0.0,3.244516212155775,0.05073827469643393,-0.99907411510223,0.0,2.0
2016-07-04,508.0,0.0,0.0,1.0,16.83,0.5,3.257838780332409,0.050946615194556726,-0.9981855344718586,21.037499999999998,10.0
2016-07-05,506.0,0.0,0.0,0.9,17.51,0.45,3.219162963282548,0.050341796447702314,-0.9970011699250151,21.887500000000003,-2.0
2016-07-06,506.0,0.0,0.0,9.9,16.8,4.95,7.686288518790166,0.120199435836167,-0.9955213724144752,21.0,0.0
2016-07-07,515.0,0.0,0.0,0.4,17.33,0.2,6.733345240971641,0.10529715314177711,-0.9937465804361781,21.662499999999998,9.0
2016-07-08,523.0,0.0,0.0,0.0,17.38,0.0,5.723343454825894,0.08950258017051053,-0.99167731989929,21.724999999999998,8.0
2016-07-09,525.0,0.0,0.0,0.0,17.57,0.0,4.8648419366020095,0.07607719314493394,-0.9893142039703664,21.9625,2.0
2016-07-10,523.0,0.0,0.0,0.2,17.63,0.1,4.235115646111708,0.06622943051371143,-0.9866579328916572,22.037499999999998,-2.0
2016-07-11,516.0,0.0,0.0,12.8,19.22,6.4,9.999848299194952,0.1563792617297796,-0.9837092937736098,24.025,-7.0
2016-07-12,519.0,0.0,0.0,0.0,19.06,0.0,8.499871054315708,0.13292237247031266,-0.9804691603616321,23.825,3.0
2016-07-13,514.0,0.0,0.0,0.0,18.41,0.0,7.224890396168352,0.11298401659976574,-0.9769384927771817,23.0125,-5.0
2016-07-14,517.0,0.0,0.0,16.8,17.25,8.4,14.541156836743099,0.22739698671327732,-0.973118337233262,21.5625,3.0
2016-07-15,532.0,0.0,0.0,6.3,16.66,3.15,15.509983311231634,0.24254765343258938,-0.9690098257244063,20.825,15.0
2016-07-16,535.0,0.0,0.0,0.0,17.27,0.0,13.18348581454689,0.20616550541770098,-0.9646141756912435,21.5875,3.0
2016-07-17,524.0,0.0,0.0,0.3,17.35,0.15,11.355962942364856,0.1775864041158222,-0.9599326896597445,21.6875,-11.0
2016-07-18,528.0,0.0,0.0,0.0,17.61,0.0,9.652568501010128,0.15094844349844888,-0.9549667548552553,22.0125,4.0
2016-07-19,526.0,0.0,0.0,0.0,17.37,0.0,8.20468322585861,0.12830617697368155,-0.9497178427914317,21.712500000000002,-2.0
2016-07-20,534.0,0.0,0.0,0.0,17.6,0.0,6.973980741979818,0.10906025042762932,-0.9441875088341994,22.0,8.0
2016-07-21,538.0,0.0,0.0,0.0,18.1,0.0,5.927883630682845,0.09270121286348491,-0.9383773917408642,22.625,4.0
2016-07-22,539.0,0.0,0.0,0.0,18.05,0.0,5.038701086080418,0.07879603093396217,-0.9322892131745134,22.5625,1.0
2016-07-23,530.0,0.0,0.0,0.0,18.39,0.0,4.282895923168355,0.06697662629386784,-0.9259247771938499,22.9875,-9.0
2016-07-24,525.0,0.0,0.0,0.0,19.51,0.0,3.6404615346931015,0.056930132349787665,-0.9192859697186105,24.387500000000003,-5.0
2016-07-25,519.0,0.0,0.0,0.0,20.24,0.0,3.094392304489136,0.04839061249731951,-0.9123747579707274,25.299999999999997,-6.0
2016-07-26,516.0,0.0,0.0,0.0,20.47,0.0,2.630233458815766,0.04113202062272159,-0.9051931898913975,25.5875,-3.0
2016-07-27,512.0,0.0,0.0,0.0,21.09,0.0,2.235698439993401,0.03496221752931335,-0.8977433935342336,26.3625,-4.0
2016-07-28,516.0,0.0,0.0,6.9,19.84,3.45,5.3503436739943915,0.08366954864777275,-0.8900275764346766,24.8,4.0
2016-07-29,511.0,0.0,0.0,0.0,20.44,0.0,4.547792122895233,0.07111911635060683,-0.8820480249558535,25.55,-5.0
2016-07-30,513.0,0.0,0.0,0.0,21.22,0.0,3.865623304460948,0.06045124889801581,-0.8738071036110807,26.525,2.0
2016-07-31,513.0,0.0,0.0,4.5,19.3,2.25,5.535779808791806,0.0865694292249589,-0.8653072543632061,24.125,0.0
2016-08-01,512.0,0.0,0.0,14.1,16.8,7.05,11.755412837473035,0.1838330668477042,-0.8565509959010037,21.0,-1.0
2016-08-02,520.0,0.0,0.0,4.8,18.02,2.4,12.39210091185208,0.1937896989929704,-0.8475409228928312,22.525,8.0
2016-08-03,518.0,0.0,0.0,6.0,17.71,3.0,13.533285775074267,0.21163573435955213,-0.8382797052177745,22.137500000000003,-2.0
2016-08-04,520.0,0.0,0.0,10.7,19.63,5.35,16.853292908813124,0.2635545484233096,-0.828770087174504,24.537499999999998,2.0
2016-08-05,513.0,0.0,0.0,37.9,17.71,18.95,33.27529897249116,0.5203645626878939,-0.8190148866680802,22.137500000000003,-7.0
2016-08-06,524.0,0.0,0.0,1.0,18.71,0.5,28.784004126617482,0.4501289599872977,-0.8090169943749472,23.387500000000003,11.0
2016-08-07,544.0,0.0,0.0,5.2,17.49,2.6,27.066403507624862,0.4232688408426601,-0.7987793728863648,21.862499999999997,20.0
2016-08-08,552.0,0.0,0.0,0.0,20.06,0.0,23.006442981481133,0.35977851471626104,-0.7883050558305253,25.075,8.0
2016-08-09,549.0,0.0,0.0,0.3,17.7,0.15,19.70547653425896,0.3081574620195982,-0.7775971469736268,22.125,-3.0
2016-08-10,538.0,0.0,0.0,7.6,16.47,3.8,20.549655054120116,0.3213588636563264,-0.7666588193001592,20.5875,-11.0
2016-08-11,539.0,0.0,0.0,13.6,15.08,6.8,24.2672067960021,0.37949454526307264,-0.7554933140726804,18.85,1.0
2016-08-12,539.0,0.0,0.0,0.6,16.73,0.3,20.927125776601784,0.32726181249516445,-0.7441039398713608,20.9125,0.0
2016-08-13,538.0,0.0,0.0,3.0,17.65,1.5,19.288056910111514,0.3016297857286534,-0.7324940716135792,22.0625,-1.0
2016-08-14,539.0,0.0,0.0,1.2,17.36,0.6,16.994848373594788,0.26576821591246086,-0.7206671495538615,21.7,1.0
2016-08-15,543.0,0.0,0.0,0.9,15.95,0.45,14.895621117555569,0.23294015705792082,-0.7086266782644601,19.9375,4.0
2016-08-16,550.0,0.0,0.0,16.1,15.83,8.05,20.711277949922234,0.3238863489108976,-0.6963762255968726,19.7875,7.0
2016-08-17,566.0,0.0,0.0,22.8,15.01,11.4,29.0045862574339,0.4535784593932667,-0.6839194216246105,18.7625,16.0
2016-08-18,579.0,0.0,0.0,23.2,14.62,11.6,36.25389831881881,0.5669443859843155,-0.6712599575675315,18.275,13.0
2016-08-19,593.0,0.0,0.0,0.0,16.45,0.0,30.81581357099599,0.4819027280866682,-0.6584015846980489,20.5625,14.0
2016-08-20,600.0,0.0,0.0,0.0,18.92,0.0,26.19344153534659,0.4096173188736679,-0.64534811322955,23.650000000000002,7.0
2016-08-21,578.0,0.0,0.0,9.7,19.77,4.85,27.1144253050446,0.42401981355772017,-0.6321034111873488,24.7125,-22.0
2016-08-22,560.0,0.0,0.0,1.8,18.05,0.9,23.947261509287905,0.37449118858872027,-0.6186714032625032,22.5625,-18.0
2016-08-23,559.0,0.0,0.0,7.5,16.62,3.75,24.10517228289472,0.37696062306982137,-0.6050560696488494,20.775000000000002,-1.0
2016-08-24,553.0,0.0,0.0,0.0,16.4,0.0,20.489396440460514,0.3204165296093482,-0.5912614448635782,20.5,-6.0
2016-08-25,551.0,0.0,0.0,0.0,17.16,0.0,17.415986974391437,0.27235405016794595,-0.5772916165517278,21.45,-2.0
2016-08-26,541.0,0.0,0.0,0.0,20.95,0.0,14.80358892823272,0.23150094264275406,-0.5631507242749187,26.1875,-10.0
2016-08-27,532.0,0.0,0.0,0.0,19.0,0.0,12.583050588997812,0.19677580124634095,-0.5488429582847199,23.75,-9.0
2016-08-28,522.0,0.0,0.0,0.0,18.01,0.0,10.69559300064814,0.16725943105938978,-0.5343725582809785,22.512500000000003,-10.0
2016-08-29,528.0,0.0,0.0,0.0,19.12,0.0,9.09125405055092,0.1421705164004813,-0.5197438121555157,23.900000000000002,6.0
2016-08-30,529.0,0.0,0.0,0.0,16.46,0.0,7.7275659429682815,0.12084493894040912,-0.5049610547215202,20.575000000000003,1.0
2016-08-31,526.0,0.0,0.0,0.0,17.7,0.0,6.5684310515230395,0.10271819809934776,-0.4900286664290594,22.125,-3.0
2016-09-01,522.0,0.0,0.0,0.0,19.28,0.0,5.583166393794583,0.08731046838444559,-0.4749510720670502,24.1,-4.0
2016-09-02,523.0,0.0,0.0,0.0,17.83,0.0,4.745691434725395,0.07421389812677874,-0.4597327394521046,22.287499999999998,1.0
2016-09-03,526.0,0.0,0.0,0.5,17.9,0.25,4.283837719516586,0.06699135425905588,-0.44437817810461344,22.375,3.0
2016-09-04,524.0,0.0,0.0,1.9,16.21,0.95,4.591262061589098,0.07179890635511446,-0.4288919379124841,20.262500000000003,-2.0
2016-09-05,524.0,0.0,0.0,0.0,15.14,0.0,3.902572752350733,0.061029070401847296,-0.41327860778290443,18.925,0.0
2016-09-06,530.0,0.0,0.0,0.0,15.87,0.0,3.317186839498123,0.0518747098415702,-0.3975428142825566,19.8375,6.0
2016-09-07,529.0,0.0,0.0,0.0,18.35,0.0,2.8196088135734043,0.044093503365334664,-0.3816892202666586,22.9375,-1.0
2016-09-08,522.0,0.0,0.0,0.0,18.2,0.0,2.396667491537394,0.03747947786053447,-0.3657225234972692,22.75,-7.0
2016-09-09,518.0,0.0,0.0,0.0,17.75,0.0,2.0371673678067848,0.0318575561814543,-0.34964745525122826,22.1875,-4.0
2016-09-10,519.0,0.0,0.0,0.0,18.01,0.0,1.731592262635767,0.02707892275423615,-0.33346877891818705,22.512500000000003,1.0
2016-09-11,518.0,0.0,0.0,0.0,17.52,0.0,1.471853423240402,0.02301708434110073,-0.31719128858910595,21.9,-1.0
2016-09-12,515.0,0.0,0.0,0.0,17.44,0.0,1.2510754097543415,0.019564521689935617,-0.300819807635668,21.8,-3.0
2016-09-13,513.0,0.0,0.0,0.0,15.59,0.0,1.0634140982911902,0.016629843436445274,-0.2843591872810036,19.4875,-2.0
2016-09-14,515.0,0.0,0.0,0.0,16.22,0.0,0.9039019835475116,0.014135366920978483,-0.26781430516217486,20.275,2.0
2016-09-15,516.0,0.0,0.0,0.0,14.71,0.0,0.7683166860153848,0.01201506188283171,-0.25119006388481957,18.387500000000003,1.0
2016-09-16,514.0,0.0,0.0,0.0,14.73,0.0,0.653069183113077,0.010212802600406952,-0.23449138957041052,18.4125,-2.0
2016-09-17,510.0,0.0,0.0,0.0,12.98,0.0,0.5551088056461154,0.008680882210345908,-0.21772323039653224,16.225,-4.0
2016-09-18,506.0,0.0,0.0,0.0,13.05,0.0,0.4718424847991981,0.0073787498787940215,-0.20089055513063528,16.3125,-4.0
2016-09-19,503.0,0.0,0.0,0.0,12.23,0.0,0.40106611207931836,0.006271937396974918,-0.18399835165767986,15.287500000000001,-3.0
2016-09-20,504.0,0.0,0.0,0.7,11.91,0.35,0.6909061952674206,0.010804503979240198,-0.1670516255021195,14.8875,1.0
2016-09-21,504.0,0.0,0.0,0.0,12.23,0.0,0.5872702659773075,0.009183828382354167,-0.15005539834465262,15.287500000000001,0.0
2016-09-22,504.0,0.0,0.0,1.4,11.53,0.7,1.1991797260807113,0.01875296850862408,-0.13301470653419636,14.4125,0.0
2016-09-23,506.0,0.0,0.0,0.0,12.77,0.0,1.0193027671686046,0.015940023232330465,-0.11593459959550066,15.962499999999999,2.0
2016-09-24,508.0,0.0,0.0,8.7,14.58,4.35,5.216407352093314,0.08157503055999547,-0.09882013873287211,18.225,2.0
2016-09-25,506.0,0.0,0.0,0.0,12.85,0.0,4.433946249279317,0.06933877597599615,-0.08167639533042288,16.0625,-2.0
2016-09-26,503.0,0.0,0.0,0.0,10.87,0.0,3.768854311887419,0.05893795957959672,-0.06450844944931625,13.587499999999999,-3.0
2016-09-27,500.0,0.0,0.0,0.0,10.24,0.0,3.2035261651043063,0.05009726564265722,-0.04732138832243232,12.8,-3.0
2016-09-28,505.0,0.0,0.0,8.3,14.23,4.15,6.872997240338661,0.10748105392773806,-0.03012030484690836,17.7875,5.0
2016-09-29,514.0,0.0,0.0,1.6,16.58,0.8,6.642047654287861,0.10386942656271796,-0.012910296075008843,20.724999999999998,9.0
2016-09-30,508.0,0.0,0.0,4.2,15.73,2.1,7.745740506144681,0.12112915572917936,0.004303538296243821,19.6625,-6.0
2016-10-01,504.0,0.0,0.0,5.4,14.39,2.7,9.283879430222978,0.145182823563777,0.021516097436222233,17.9875,-4.0
2016-10-02,508.0,0.0,0.0,12.9,13.37,6.45,14.341297515689531,0.22427155399259413,0.03872228089217399,16.7125,4.0
2016-10-03,510.0,0.0,0.0,0.0,12.11,0.0,12.190102888336101,0.190630820893705,0.05591699010060302,15.1375,2.0
2016-10-04,508.0,0.0,0.0,0.0,8.35,0.0,10.361587455085685,0.16203619775964923,0.07309512989807776,10.4375,-2.0
2016-10-05,515.0,0.0,0.0,0.0,8.5,0.0,8.807349336822831,0.13773076809570184,0.0902516100310407,10.625,7.0
2016-10-06,520.0,0.0,0.0,0.5,8.78,0.25,7.736246936299406,0.1209806937326405,0.10738134666416306,10.975,5.0
2016-10-07,525.0,0.0,0.0,5.2,6.9,2.6,9.175809895854496,0.1434928145262014,0.12447926388678869,8.625,5.0
2016-10-08,522.0,0.0,0.0,7.5,6.57,3.75,11.54943841147632,0.1806120051166803,0.141540295217043,8.2125,-3.0
2016-10-09,516.0,0.0,0.0,5.8,7.49,2.9,12.717022649754872,0.19887087822418797,0.15855938510313475,9.3625,-6.0
2016-10-10,511.0,0.0,0.0,0.0,6.78,0.0,10.809469252291642,0.1690402464905598,0.17553149042142777,8.475,-5.0
2016-10-11,502.0,0.0,0.0,0.0,4.86,0.0,9.188048864447895,0.1436842095169758,0.19245158197082995,6.075,-9.0
2016-10-12,500.0,0.0,0.0,0.0,5.2,0.0,7.80984153478071,0.12213157808942943,0.20931464596304888,6.5,-2.0
2016-10-13,496.0,0.0,0.0,0.0,4.2,0.0,6.638365304563603,0.10381184137601501,0.22611568550828803,5.25,-4.0
2016-10-14,490.0,0.0,0.0,0.0,1.31,0.0,5.642610508879063,0.08824006516961276,0.2428497220959358,1.6375000000000002,-6.0
2016-10-15,482.0,0.0,0.0,0.0,1.4,0.0,4.7962189325472036,0.07500405539417085,0.25951179706979943,1.75,-8.0
2016-10-16,474.0,0.0,0.0,0.0,3.32,0.0,4.076786092665123,0.06375344708504523,0.27609697309746883,4.1499999999999995,-8.0
2016-10-17,472.0,0.0,0.0,0.0,4.66,0.0,3.4652681787653545,0.05419043002228844,0.2926003356333479,5.825,-2.0
2016-10-18,468.0,0.0,0.0,0.0,5.43,0.0,2.945477951950551,0.04606186551894517,0.30901699437494723,6.7875,-4.0
2016-10-19,466.0,0.0,0.0,1.4,6.27,0.7,3.2036562591579685,0.050099300074726426,0.3253420847119795,7.8374999999999995,-2.0
2016-10-20,464.0,0.0,0.0,0.3,5.86,0.15,2.873107820284273,0.04493012957429383,0.341570769167856,7.325,-2.0
2016-10-21,464.0,0.0,0.0,5.0,3.32,2.5,4.942141647241632,0.07728601865108917,0.35769823883312546,4.1499999999999995,0.0
2016-10-22,463.0,0.0,0.0,10.3,2.82,5.15,9.350820400155389,0.146229657390081,0.3737197147904692,3.525,-1.0
2016-10-23,466.0,0.0,0.0,2.3,5.73,1.15,9.09819734013208,0.14227909669752098,0.38963044953078774,7.1625000000000005,3.0
2016-10-24,470.0,0.0,0.0,2.7,4.36,1.35,9.083467739112267,0.1420487527898801,0.4054257283599973,5.45,4.0
2016-10-25,472.0,0.0,0.0,0.2,5.01,0.1,7.820947578245426,0.12230525621191564,0.42110087079608916,6.262499999999999,2.0
2016-10-26,480.0,0.0,0.0,0.9,6.13,0.45,7.097805441508612,0.11099664131245739,0.4366512319560638,7.6625,8.0
2016-10-27,486.0,0.0,0.0,0.8,8.06,0.4,6.43313462528232,0.10060241047765908,0.45207220393230374,10.075000000000001,6.0
2016-10-28,494.0,0.0,0.0,7.0,9.35,3.5,8.96816443148997,0.14024562082412537,0.46735921715800205,11.6875,8.0
2016-10-29,487.0,0.0,0.0,0.0,8.57,0.0,7.622939766766475,0.11920877770050657,0.48250774176121763,10.7125,-7.0
2016-10-30,506.0,0.0,0.0,0.8,7.46,0.4,6.879498801751504,0.1075827264075009,0.4975132889071803,9.325,19.0
2016-10-31,515.0,0.0,0.0,1.3,4.65,0.65,6.497573981488779,0.10161012365974002,0.5123714121284235,5.8125,9.0
2016-11-01,514.0,0.0,0.0,10.8,3.07,5.4,10.922937884265462,0.17081468749872813,0.5270777086423724,3.8375,-1.0
2016-11-02,520.0,0.0,0.0,13.0,5.15,6.5,15.784497201625642,0.24684054650756138,0.5416278206559811,6.4375,6.0
2016-11-03,534.0,0.0,0.0,1.3,2.23,0.65,14.066822621381796,0.21997927074479143,0.5560174366570446,2.7875,14.0
2016-11-04,552.0,0.0,0.0,1.0,1.3,0.5,12.456799228174527,0.19480146183566058,0.5702422926917867,1.625,18.0
2016-11-05,542.0,0.0,0.0,4.5,1.52,2.25,12.838279343948347,0.20076711022195698,0.5842981736283683,1.9,-10.0
2016-11-06,534.0,0.0,0.0,10.9,0.21,5.45,16.362537442356096,0.25588003424687134,0.5981809144059159,0.2625,-8.0
2016-11-07,538.0,0.0,0.0,0.0,-1.25,0.0,13.908156826002681,0.21749802910984065,0.6118864012687242,0.0,4.0
2016-11-08,546.0,0.0,0.0,0.1,1.38,0.05,11.87193330210228,0.18565523291362335,0.6254105729852457,1.7249999999999999,8.0
2016-11-09,534.0,0.0,0.0,1.8,0.59,0.9,10.991143306786938,0.17188129504123803,0.6387494220515268,0.7374999999999999,-12.0
2016-11-10,525.0,0.0,0.0,0.0,-0.71,0.0,9.342471810768897,0.14609910078505234,0.6518989958787125,0.0,-9.0
2016-11-11,521.0,0.0,0.0,0.0,-0.19,0.0,7.941101039153562,0.12418423566729447,0.6648553979642867,0.0,-4.0
2016-11-12,525.0,0.0,0.0,0.2,2.6,0.1,6.849935883280527,0.10712041665771788,0.6776147890466887,3.25,4.0
2016-11-13,523.0,0.0,0.0,0.5,3.38,0.25,6.072445500788448,0.09496189501035412,0.690173388242972,4.225,-2.0
2016-11-14,519.0,0.0,0.0,0.0,5.3,0.0,5.161578675670181,0.080717610758801,0.7025274741691566,6.625,-4.0
2016-11-15,526.0,0.0,0.0,10.5,3.95,5.25,9.637341874319652,0.1507103270221536,0.7146733860429608,4.9375,7.0
2016-11-16,518.0,0.0,0.0,5.0,5.53,2.5,10.691740593171705,0.16719918648176998,0.726607524768565,6.9125000000000005,-8.0
2016-11-17,517.0,0.0,0.0,11.6,6.31,5.8,14.88797950419595,0.23282065625952394,0.7383263540031063,7.887499999999999,-1.0
2016-11-18,538.0,0.0,0.0,0.2,7.49,0.1,12.754782578566557,0.1994613741611129,0.749826401204568,9.3625,21.0
2016-11-19,565.0,0.0,0.0,5.9,6.86,2.95,13.791565191781572,0.21567475008221446,0.7611042586607742,8.575000000000001,27.0
2016-11-20,575.0,0.0,0.0,4.0,5.92,2.0,13.722830413014336,0.21459986438023382,0.7721565844991641,7.4,10.0
2016-11-21,585.0,0.0,0.0,0.0,7.96,0.0,11.664405851062185,0.18240988472319872,0.7829801036770625,9.95,10.0
2016-11-22,582.0,0.0,0.0,0.0,4.7,0.0,9.914744973402856,0.1550484020147189,0.7935716089521472,5.875,-3.0
2016-11-23,568.0,0.0,0.0,0.0,3.91,0.0,8.427533227392427,0.13179114171251105,0.8039279618328208,4.8875,-14.0
2016-11-24,549.0,0.0,0.0,0.0,5.97,0.0,7.163403243283563,0.11202247045563439,0.8140460935082175,7.4624999999999995,-19.0
2016-11-25,542.0,0.0,0.0,0.0,5.8,0.0,6.0888927567910285,0.09521909988728924,0.8239230057575536,7.25,-7.0
2016-11-26,552.0,0.0,0.0,1.0,7.15,0.5,5.675558843272374,0.08875531660678374,0.8335557718385695,8.9375,10.0
2016-11-27,540.0,0.0,0.0,9.7,2.62,4.85,9.674225016781516,0.1512871116308686,0.8429415373547832,3.2750000000000004,-12.0
2016-11-28,544.0,0.0,0.0,0.3,0.11,0.15,8.37309126426429,0.13093976939701468,0.8520775211013093,0.1375,4.0
2016-11-29,568.0,0.0,0.0,1.8,1.77,0.9,8.017127574624645,0.12537315105212066,0.8609610158889945,2.2125,24.0
2016-11-30,570.0,0.0,0.0,3.0,5.48,1.5,8.314558438430948,0.1300244235020662,0.8695893893466109,6.8500000000000005,2.0
2016-12-01,567.0,0.0,0.0,0.0,3.37,0.0,7.067374672666306,0.11052075997675627,0.8779600847008883,4.2125,-3.0
2016-12-02,569.0,0.0,0.0,5.5,1.18,2.75,8.75726847176636,0.13694759534447618,0.8860706215341377,1.4749999999999999,2.0
2016-12-03,570.0,0.0,0.0,4.7,-0.78,2.35,9.793678201001406,0.1531551400449678,0.893918596519257,0.0,1.0
2016-12-04,569.0,0.0,0.0,0.5,-0.89,0.25,8.574626470851195,0.13409140988951657,0.9015016841318838,0.0,-1.0
2016-12-05,569.0,0.0,0.0,0.3,5.52,0.15,7.438432500223516,0.11632342291686545,0.9088176373395028,6.8999999999999995,0.0
2016-12-06,559.0,0.0,0.0,0.2,0.32,0.1,6.4226676251899875,0.10043872581985319,0.9158642882672868,0.4,-10.0
2016-12-07,565.0,0.0,0.0,4.1,2.12,2.05,7.509267481411489,0.11743115192748553,0.9226395488404875,2.6500000000000004,6.0
2016-12-08,576.0,0.0,0.0,8.0,6.97,4.0,10.382877359199766,0.16236913275906575,0.9291414114031743,8.7125,11.0
2016-12-09,589.0,0.0,0.0,0.0,6.35,0.0,8.8254457553198,0.1380137628452059,0.935367949313148,7.9375,13.0
2016-12-10,601.0,0.0,0.0,6.6,3.7,3.3,10.80162889202183,0.16891763765550502,0.941317317512847,4.625,12.0
2016-12-11,596.0,0.0,0.0,9.0,-0.62,4.5,13.681384558218555,0.21395172733047021,0.946987753076075,0.0,-5.0
2016-12-12,595.0,0.0,0.0,0.0,-2.27,0.0,11.629176874485772,0.18185896823089967,0.9523775757303973,0.0,-1.0
2016-12-13,602.0,0.0,0.0,6.1,3.35,3.05,12.934800343312904,0.20227652138205077,0.9574851883550389,4.1875,7.0
2016-12-14,594.0,0.0,0.0,1.4,2.7,0.7,11.694580291815967,0.18288175755836616,0.9623090774541487,3.375,-8.0
2016-12-15,614.0,0.0,0.0,0.0,0.81,0.0,9.940393248043572,0.15544949392461124,0.9668478136052773,1.0125000000000002,20.0
2016-12-16,619.0,0.0,0.0,0.0,3.83,0.0,8.449334260837036,0.13213206983591955,0.9711000518829505,4.7875,5.0
2016-12-17,602.0,0.0,0.0,0.2,2.77,0.1,7.28193412171148,0.11387607570104918,0.9750645322571945,3.4625,-17.0
2016-12-18,585.0,0.0,0.0,0.8,3.9,0.4,6.589644003454758,0.10304992970796212,0.9787400799669153,4.875,-17.0
2016-12-19,573.0,0.0,0.0,0.0,4.69,0.0,5.601197402936545,0.08759244025176781,0.9821256058680006,5.862500000000001,-12.0
2016-12-20,568.0,0.0,0.0,0.4,4.27,0.2,4.961017792496063,0.07758120689503778,0.9852201067560606,5.3374999999999995,-5.0
2016-12-21,561.0,0.0,0.0,0.0,3.04,0.0,4.216865123621653,0.0659440258607821,0.9880226656636976,3.8,-7.0
2016-12-22,554.0,0.0,0.0,1.4,3.1,0.7,4.2843353550784045,0.06699913636528781,0.9905324521322227,3.875,-7.0
2016-12-23,552.0,0.0,0.0,4.5,4.94,2.25,5.891685051816644,0.09213513357214012,0.9927487224577402,6.175000000000001,-2.0
2016-12-24,558.0,0.0,0.0,2.4,4.81,1.2,6.207932294044148,0.09708065962253003,0.9946708199115211,6.012499999999999,6.0
2016-12-25,566.0,0.0,0.0,9.1,4.77,4.55,9.826742449937525,0.15367220417270025,0.9962981749346077,5.9624999999999995,8.0
2016-12-26,602.0,0.0,0.0,1.7,6.22,0.85,9.202731082446896,0.14391381244119458,0.9976303053065857,7.7749999999999995,36.0
2016-12-27,640.0,0.0,0.0,10.5,4.23,5.25,13.072321420079861,0.20442709845218818,0.9986668162884759,5.2875000000000005,38.0
2016-12-28,656.0,0.0,0.0,0.7,2.82,0.35,11.46147320706788,0.17923639087617144,0.9994074007397048,3.525,16.0
2016-12-29,677.0,0.0,0.0,0.0,3.6,0.0,9.742252226007698,0.15235093224474572,0.9998518392091162,4.5,21.0
2016-12-30,668.0,0.0,0.0,0.0,4.95,0.0,8.280914392106544,0.12949829240803387,1.0,6.1875,-9.0
2016-12-31,645.0,0.0,0.0,1.3,5.23,0.65,7.688777233290562,0.12023835476019303,0.9998518392091162,6.5375000000000005,-23.0
2017-01-01,617.0,0.0,0.0,6.5,5.38,3.25,9.785460648296977,0.1530266326129853,0.9998518392091162,6.725,-28.0
2017-01-02,624.0,0.0,0.0,3.3,2.2,1.65,9.96764155105243,0.15587560733957753,0.9994074007397048,2.75,7.0
2017-01-03,657.0,0.0,0.0,7.5,1.03,3.75,12.222495318394566,0.19113737900805,0.998666816288476,1.2875,33.0
2017-01-04,666.0,0.0,0.0,8.6,-0.51,4.3,14.68912102063538,0.22971087479909827,0.9976303053065857,0.0,9.0
2017-01-05,639.0,0.0,0.0,0.0,-9.8,0.0,12.485752867540073,0.19525424357923354,0.9962981749346078,0.0,-27.0
2017-01-06,633.0,0.0,0.0,0.0,-13.65,0.0,10.612889937409062,0.1659661070423485,0.9946708199115211,0.0,-6.0
2017-01-07,626.0,0.0,0.0,0.7,-6.95,0.35,9.370956446797702,0.14654454817780774,0.9927487224577402,0.0,-7.0
2017-01-08,614.0,0.0,0.0,0.0,-3.59,0.0,7.965312979778047,0.12456286595113658,0.9905324521322229,0.0,-12.0
2017-01-09,608.0,0.0,0.0,7.5,0.31,3.75,10.52051603281134,0.1645215488278752,0.9880226656636976,0.3875,-6.0
2017-01-10,599.0,0.0,0.0,0.0,-5.53,0.0,8.942438627889638,0.13984331650369392,0.9852201067560606,0.0,-9.0
2017-01-11,581.0,0.0,0.0,0.0,-5.91,0.0,7.601072833706192,0.11886681902813982,0.9821256058680006,0.0,-18.0
2017-01-12,568.0,0.0,0.0,6.8,-0.12,3.4,9.860911908650264,0.15420655175151646,0.9787400799669153,0.0,-13.0
2017-01-13,570.0,0.0,0.0,5.6,0.73,2.8,11.181775122352725,0.17486242652328116,0.9750645322571948,0.9125,2.0
2017-01-14,567.0,0.0,0.0,0.5,-1.21,0.25,9.754508853999816,0.15254260339608292,0.9711000518829505,0.0,-3.0
2017-01-15,566.0,0.0,0.0,7.1,-1.39,3.55,11.841332525899844,0.18517669297504444,0.9668478136052775,0.0,-1.0
2017-01-16,564.0,0.0,0.0,0.0,-2.81,0.0,10.065132647014867,0.15740018902878777,0.9623090774541486,0.0,-2.0
2017-01-17,558.0,0.0,0.0,0.0,-4.5,0.0,8.555362749962637,0.1337901606744696,0.9574851883550393,0.0,-6.0
2017-01-18,554.0,0.0,0.0,4.6,0.89,2.3,9.572058337468242,0.14968941240520342,0.9523775757303974,1.1125,-4.0
2017-01-19,555.0,0.0,0.0,6.3,3.07,3.15,11.286249586848006,0.1764962152707266,0.9469877530760753,3.8375,1.0
2017-01-20,580.0,0.0,0.0,0.0,3.16,0.0,9.593312148820806,0.1500217829801176,0.9413173175128471,3.95,25.0
2017-01-21,625.0,0.0,0.0,0.0,2.44,0.0,8.154315326497684,0.12751851553309995,0.9353679493131483,3.05,45.0
2017-01-22,658.0,0.0,0.0,0.3,1.5,0.15,7.081168027523032,0.11073646271391133,0.9291414114031743,1.875,33.0
2017-01-23,647.0,0.0,0.0,0.0,1.99,0.0,6.018992823394576,0.09412599330682461,0.9226395488404876,2.4875,-11.0
2017-01-24,624.0,0.0,0.0,0.0,2.45,0.0,5.116143899885389,0.08000709431080091,0.9158642882672872,3.0625,-23.0
2017-01-25,614.0,0.0,0.0,0.0,-0.04,0.0,4.348722314902581,0.06800603016418078,0.9088176373395029,0.0,-10.0
2017-01-26,593.0,0.0,0.0,0.2,1.56,0.1,3.7964139676671937,0.05936894198007124,0.901501684131884,1.9500000000000002,-21.0
2017-01-27,569.0,0.0,0.0,0.0,2.03,0.0,3.2269518725171147,0.05046360068306055,0.893918596519257,2.5374999999999996,-24.0
2017-01-28,554.0,0.0,0.0,0.0,0.74,0.0,2.7429090916395475,0.04289406058060147,0.886070621534138,0.925,-15.0
2017-01-29,545.0,0.0,0.0,0.0,-0.37,0.0,2.3314727278936154,0.03645995149351125,0.8779600847008882,0.0,-9.0
2017-01-30,537.0,0.0,0.0,0.5,-1.08,0.25,2.231751818709573,0.0349004996207785,0.869589389346611,0.0,-8.0
2017-01-31,529.0,0.0,0.0,0.0,-2.89,0.0,1.896989045903137,0.029665424677661728,0.8609610158889943,0.0,-8.0
2017-02-01,523.0,0.0,0.0,0.0,-3.78,0.0,1.6124406890176666,0.025215610976012468,0.8520775211013093,0.0,-6.0
2017-02-02,517.0,0.0,0.0,0.0,-1.05,0.0,1.3705745856650164,0.021433269329610597,0.8429415373547828,0.0,-6.0
2017-02-03,512.0,0.0,0.0,0.0,-0.67,0.0,1.164988397815264,0.018218278930169005,0.8335557718385699,0.0,-5.0
2017-02-04,508.0,0.0,0.0,0.0,-1.12,0.0,0.9902401381429744,0.015485537090643656,0.8239230057575542,0.0,-4.0
2017-02-05,504.0,0.0,0.0,0.0,-0.95,0.0,0.8417041174215282,0.013162706527047107,0.8140460935082178,0.0,-4.0
2017-02-06,501.0,0.0,0.0,0.0,-3.92,0.0,0.7154484998082989,0.01118830054799004,0.8039279618328213,0.0,-3.0
2017-02-07,500.0,0.0,0.0,0.0,-8.06,0.0,0.6081312248370541,0.009510055465791534,0.7935716089521474,0.0,-1.0
2017-02-08,502.0,0.0,0.0,0.0,-7.96,0.0,0.516911541111496,0.008083547145922803,0.7829801036770629,0.0,2.0
2017-02-09,505.0,0.0,0.0,0.2,-4.88,0.1,0.5393748099447716,0.00843483141455196,0.7721565844991642,0.0,3.0
2017-02-10,497.0,0.0,0.0,0.0,-2.78,0.0,0.4584685884530558,0.007169606702369166,0.7611042586607747,0.0,-8.0
2017-02-11,488.0,0.0,0.0,0.0,-3.55,0.0,0.38969830018509743,0.006094165697013791,0.7498264012045686,0.0,-9.0
2017-02-12,483.0,0.0,0.0,0.0,-5.7,0.0,0.33124355515733284,0.005180040842461722,0.7383263540031065,0.0,-5.0
2017-02-13,480.0,0.0,0.0,0.0,-2.51,0.0,0.2815570218837329,0.004403034716092463,0.7266075247685656,0.0,-3.0
2017-02-14,477.0,0.0,0.0,0.0,1.67,0.0,0.23932346860117296,0.0037425795086785943,0.7146733860429609,2.0875,-3.0
2017-02-15,475.0,0.0,0.0,0.0,0.13,0.0,0.203424948310997,0.0031811925823768046,0.702527474169157,0.1625,-2.0
2017-02-16,473.0,0.0,0.0,0.2,1.25,0.1,0.2729112060643475,0.004267830035537861,0.6901733882429719,1.5625,-2.0
2017-02-17,480.0,0.0,0.0,0.5,2.67,0.25,0.48197452515469535,0.007537196381501123,0.6776147890466889,3.3375,7.0
2017-02-18,483.0,0.0,0.0,0.0,1.65,0.0,0.40967834638149103,0.006406616924275954,0.6648553979642865,2.0625,3.0
2017-02-19,487.0,0.0,0.0,1.9,2.93,0.95,1.2982265944242672,0.020301879620551536,0.6518989958787126,3.6625,4.0
2017-02-20,496.0,0.0,0.0,12.7,3.67,6.35,7.453492605260626,0.1165589353003349,0.6387494220515272,4.5875,9.0
2017-02-21,548.0,0.0,0.0,4.8,2.91,2.4,8.735468714471532,0.1366066871777065,0.6254105729852463,3.6375,52.0
2017-02-22,632.0,0.0,0.0,7.1,0.9,3.55,10.975148407300802,0.17163116418942448,0.6118864012687243,1.125,84.0
2017-02-23,674.0,0.0,0.0,5.8,2.59,2.9,12.228876146205682,0.19123716343602054,0.5981809144059164,3.2375,42.0
2017-02-24,682.0,0.0,0.0,7.7,0.13,3.85,14.24454472427483,0.22275851803054414,0.5842981736283683,0.1625,8.0
2017-02-25,689.0,0.0,0.0,0.0,1.37,0.0,12.107863015633605,0.18934474032596252,0.5702422926917871,1.7125000000000001,7.0
2017-02-26,672.0,0.0,0.0,5.1,2.69,2.55,12.841683563288562,0.20082034596026632,0.5560174366570446,3.3625,-17.0
2017-02-27,645.0,0.0,0.0,0.8,4.07,0.4,11.315431028795278,0.17695255942829666,0.5416278206559814,5.0875,-27.0
2017-02-28,651.0,0.0,0.0,4.6,5.13,2.3,11.918116374475986,0.18637745134595643,0.5270777086423722,6.4125,6.0
2017-03-01,662.0,0.0,0.0,2.8,3.26,1.4,11.530398918304588,0.18031426241130902,0.5123714121284237,4.074999999999999,11.0
2017-03-02,661.0,0.0,0.0,1.2,2.89,0.6,10.4008390805589,0.16265002109271812,0.49751328890718066,3.6125000000000003,-1.0
2017-03-03,653.0,0.0,0.0,1.5,3.24,0.75,9.590713218475065,0.14998114048269223,0.48250774176121847,4.050000000000001,-8.0
2017-03-04,633.0,0.0,0.0,0.0,4.68,0.0,8.152106235703805,0.1274839694102884,0.46735921715800227,5.85,-20.0
2017-03-05,608.0,0.0,0.0,2.2,3.82,1.1,8.029290300348235,0.1255633537444385,0.45207220393230435,4.7749999999999995,-25.0
2017-03-06,587.0,0.0,0.0,8.3,-0.8,4.15,10.974896755296,0.17162722881425213,0.43665123195606403,0.0,-21.0
2017-03-07,584.0,0.0,0.0,2.5,0.08,1.25,10.578662242001599,0.16543084874858402,0.4211008707960896,0.1,-3.0
2017-03-08,578.0,0.0,0.0,0.0,1.68,0.0,8.991862905701359,0.1406162214362964,0.40542572835999735,2.1,-6.0
2017-03-09,567.0,0.0,0.0,0.0,2.66,0.0,7.643083469846155,0.11952378822085194,0.38963044953078796,3.325,-11.0
2017-03-10,561.0,0.0,0.0,0.0,2.48,0.0,6.496620949369231,0.10159521998772415,0.37371971479046906,3.1,-6.0
2017-03-11,561.0,0.0,0.0,0.0,2.46,0.0,5.522127806963846,0.08635593698956552,0.35769823883312546,3.075,0.0
2017-03-12,564.0,0.0,0.0,0.0,0.81,0.0,4.693808635919269,0.07340254644113069,0.3415707691678556,1.0125000000000002,3.0
2017-03-13,563.0,0.0,0.0,0.0,-0.66,0.0,3.9897373405313785,0.062392164474961084,0.3253420847119801,0.0,-1.0
2017-03-14,557.0,0.0,0.0,0.0,1.58,0.0,3.391276739451672,0.05303333980371692,0.30901699437494745,1.975,-6.0
2017-03-15,556.0,0.0,0.0,0.2,4.58,0.1,2.982585228533921,0.04664215517367696,0.29260033563334836,5.725,-1.0
2017-03-16,550.0,0.0,0.0,0.0,3.87,0.0,2.5351974442538325,0.03964583189762541,0.27609697309746883,4.8375,-6.0
2017-03-17,552.0,0.0,0.0,1.9,3.97,0.95,3.1049178276157576,0.04855521234789857,0.2595117970697999,4.9625,2.0
2017-03-18,546.0,0.0,0.0,7.2,3.56,3.6,6.239180153473394,0.09756931875434655,0.2428497220959356,4.45,-6.0
2017-03-19,549.0,0.0,0.0,3.8,3.2,1.9,7.203303130452385,0.11264643141102851,0.22611568550828828,4.0,3.0
2017-03-20,563.0,0.0,0.0,0.0,3.22,0.0,6.122807660884527,0.09574946669937424,0.20931464596304847,4.025,14.0
2017-03-21,567.0,0.0,0.0,3.5,5.26,1.75,6.954386511751848,0.10875383265352569,0.19245158197082998,6.574999999999999,4.0
2017-03-22,563.0,0.0,0.0,0.5,4.91,0.25,6.161228534989071,0.09635029860679079,0.1755314904214282,6.1375,-4.0
2017-03-23,556.0,0.0,0.0,0.0,4.46,0.0,5.23704425474071,0.08189775381577216,0.15855938510313478,5.575,-7.0
2017-03-24,549.0,0.0,0.0,0.0,3.85,0.0,4.451487616529604,0.06961309074340634,0.141540295217043,4.8125,-7.0
2017-03-25,546.0,0.0,0.0,0.0,4.19,0.0,3.783764474050163,0.05917112713189538,0.12447926388678915,5.237500000000001,-3.0
2017-03-26,545.0,0.0,0.0,0.0,3.74,0.0,3.216199802942638,0.05029545806211107,0.10738134666416309,4.675000000000001,-1.0
2017-03-27,542.0,0.0,0.0,0.0,5.29,0.0,2.7337698325012423,0.042751139352794405,0.09025161003104117,6.6125,-3.0
2017-03-28,538.0,0.0,0.0,0.0,4.69,0.0,2.323704357626056,0.03633846844987525,0.07309512989807777,5.862500000000001,-4.0
2017-03-29,536.0,0.0,0.0,0.0,3.07,0.0,1.9751487039821476,0.03088769818239396,0.055916990100603484,3.8375,-2.0
2017-03-30,534.0,0.0,0.0,4.0,3.66,2.0,3.6788763983848254,0.05753087026538639,0.03872228089217446,4.575,-2.0
2017-03-31,535.0,0.0,0.0,3.3,6.02,1.65,4.7770449386271014,0.07470420934411845,0.021516097436222254,7.5249999999999995,1.0
2017-04-01,529.0,0.0,0.0,0.2,9.52,0.1,4.160488197833036,0.06506239428301826,0.004303538296244289,11.899999999999999,-6.0
2017-04-02,526.0,0.0,0.0,1.5,7.62,0.75,4.2864149681580805,0.06703165769444734,-0.01291029607500882,9.525,-3.0
2017-04-03,527.0,0.0,0.0,0.3,6.57,0.15,3.793452722934368,0.059322633551056596,-0.030120304846908114,8.2125,1.0
2017-04-04,523.0,0.0,0.0,0.0,4.63,0.0,3.224434814494213,0.050424238518398105,-0.04732138832243185,5.7875,-4.0
2017-04-05,522.0,0.0,0.0,0.9,4.77,0.45,3.190769592320081,0.04989777627296749,-0.06450844944931623,5.9624999999999995,-1.0
2017-04-06,520.0,0.0,0.0,1.4,5.15,0.7,3.412154153472069,0.0533598242156454,-0.08167639533042241,6.4375,-2.0
2017-04-07,523.0,0.0,0.0,0.0,3.72,0.0,2.9003310304512584,0.045355850583298586,-0.09882013873287143,4.65,3.0
2017-04-08,523.0,0.0,0.0,0.0,5.32,0.0,2.4652813758835697,0.0385524729958038,-0.11593459959550041,6.65,0.0
2017-04-09,530.0,0.0,0.0,0.0,6.72,0.0,2.0954891695010343,0.03276960204643323,-0.1330147065341959,8.4,7.0
2017-04-10,526.0,0.0,0.0,0.0,8.19,0.0,1.7811657940758792,0.027854161739468246,-0.1500553983446526,10.237499999999999,-4.0
2017-04-11,532.0,0.0,0.0,0.0,5.76,0.0,1.5139909249644972,0.023676037478548007,-0.16705162550211924,7.199999999999999,6.0
2017-04-12,535.0,0.0,0.0,6.6,5.4,3.3,4.586892286219823,0.07173057109384583,-0.18399835165768005,6.75,3.0
2017-04-13,528.0,0.0,0.0,0.3,4.13,0.15,4.048858443286849,0.06331670994054532,-0.20089055513063506,5.1625,-7.0
2017-04-14,535.0,0.0,0.0,0.0,2.82,0.0,3.4415296767938215,0.05381920344946352,-0.21772323039653177,3.525,7.0
2017-04-15,536.0,0.0,0.0,0.5,3.13,0.25,3.175300225274748,0.04965586378333793,-0.23449138957040985,3.9124999999999996,1.0
2017-04-16,534.0,0.0,0.0,1.7,0.95,0.85,3.549005191483536,0.05549992311023664,-0.25119006388481935,1.1875,-2.0
2017-04-17,543.0,0.0,0.0,0.0,1.05,0.0,3.0166544127610053,0.04717493464370114,-0.2678143051621742,1.3125,9.0
2017-04-18,537.0,0.0,0.0,0.0,2.14,0.0,2.5641562508468545,0.04009869444714597,-0.2843591872810034,2.6750000000000003,-6.0
2017-04-19,531.0,0.0,0.0,0.0,1.88,0.0,2.179532813219826,0.034083890280074074,-0.30081980763566735,2.3499999999999996,-6.0
2017-04-20,532.0,0.0,0.0,0.0,3.15,0.0,1.8526028912368522,0.02897130673806296,-0.3171912885891061,3.9375,1.0
2017-04-21,545.0,0.0,0.0,0.9,6.1,0.45,2.0247124575513245,0.03166278425968261,-0.3334687789181868,7.625,13.0
2017-04-22,538.0,0.0,0.0,0.3,5.35,0.15,1.8710055889186257,0.02925909113150658,-0.3496474552512284,6.6875,-7.0
2017-04-23,531.0,0.0,0.0,0.0,5.57,0.0,1.5903547505808318,0.024870227461780595,-0.36572252349726897,6.9625,-7.0
2017-04-24,535.0,0.0,0.0,4.6,5.94,2.3,3.6518015379937068,0.05710746917441776,-0.3816892202666588,7.425000000000001,4.0
2017-04-25,531.0,0.0,0.0,8.6,4.02,4.3,7.40403130729465,0.11578545144051088,-0.39754281428255595,5.0249999999999995,-4.0
2017-04-26,539.0,0.0,0.0,0.0,5.47,0.0,6.293426611200452,0.09841763372443424,-0.4132786077829042,6.8374999999999995,8.0
2017-04-27,536.0,0.0,0.0,0.0,5.6,0.0,5.349412619520384,0.0836549886657691,-0.4288919379124835,7.0,-3.0
2017-04-28,531.0,0.0,0.0,0.0,6.29,0.0,4.5470007265923265,0.07110674036590373,-0.4443781781046132,7.8625,-5.0
2017-04-29,536.0,0.0,0.0,4.9,4.37,2.45,6.314950617603477,0.09875422965369879,-0.45973273945210397,5.4625,5.0
2017-04-30,539.0,0.0,0.0,0.0,4.89,0.0,5.367708024962956,0.08394109520564397,-0.47495107206704995,6.1125,3.0
2017-05-01,534.0,0.0,0.0,0.0,7.3,0.0,4.562551821218512,0.07134993092479737,-0.49002866642905923,9.125,-5.0
2017-05-02,530.0,0.0,0.0,0.0,10.47,0.0,3.878169048035735,0.06064744128607776,-0.5049610547215204,13.0875,-4.0
2017-05-03,524.0,0.0,0.0,0.0,9.88,0.0,3.2964436908303747,0.0515503250931661,-0.5197438121555155,12.350000000000001,-6.0
2017-05-04,518.0,0.0,0.0,0.0,12.7,0.0,2.801977137205818,0.04381777632919118,-0.5343725582809787,15.875,-6.0
2017-05-05,517.0,0.0,0.0,0.0,13.78,0.0,2.3816805666249454,0.0372451098798125,-0.548842958284719,17.224999999999998,-1.0
2017-05-06,515.0,0.0,0.0,0.0,11.33,0.0,2.0244284816312037,0.03165834339784063,-0.5631507242749186,14.1625,-2.0
2017-05-07,511.0,0.0,0.0,0.0,9.28,0.0,1.7207642093865232,0.026909591888164535,-0.5772916165517272,11.6,-4.0
2017-05-08,512.0,0.0,0.0,0.0,6.03,0.0,1.4626495779785447,0.022873153104939852,-0.5912614448635781,7.5375000000000005,1.0
2017-05-09,497.0,0.0,0.0,1.5,2.82,0.75,1.993252141281763,0.031170802693080698,-0.6050560696488488,3.525,-15.0
2017-05-10,523.0,0.0,0.0,0.0,3.19,0.0,1.6942643200894985,0.026495182289118593,-0.6186714032625031,3.9875,26.0
2017-05-11,517.0,0.0,0.0,0.0,3.9,0.0,1.4401246720760736,0.022520904945750802,-0.6321034111873487,4.875,-6.0
2017-05-12,510.0,0.0,0.0,0.0,8.67,0.0,1.2241059712646625,0.01914276920388818,-0.6453481132295501,10.8375,-7.0
2017-05-13,504.0,0.0,0.0,0.0,12.84,0.0,1.040490075574963,0.016271353823304954,-0.6584015846980488,16.05,-6.0
2017-05-14,502.0,0.0,0.0,0.0,14.65,0.0,0.8844165642387186,0.013830650749809211,-0.6712599575675313,18.3125,-2.0
2017-05-15,502.0,0.0,0.0,2.1,10.4,1.05,1.8017540796029108,0.02817612471277238,-0.6839194216246106,13.0,0.0
2017-05-16,499.0,0.0,0.0,0.0,9.54,0.0,1.5314909676624742,0.023949706005856525,-0.6963762255968722,11.924999999999999,-3.0
2017-05-17,500.0,0.0,0.0,0.0,13.68,0.0,1.301767322513103,0.020357250104978044,-0.7086266782644596,17.1,1.0
2017-05-18,495.0,0.0,0.0,0.0,16.56,0.0,1.1065022241361375,0.017303662589231338,-0.7206671495538609,20.7,-5.0
2017-05-19,492.0,0.0,0.0,0.0,19.38,0.0,0.9405268905157169,0.014708113200846638,-0.7324940716135789,24.224999999999998,-3.0
2017-05-20,491.0,0.0,0.0,0.0,17.85,0.0,0.7994478569383594,0.012501896220719642,-0.7441039398713607,22.3125,-1.0
2017-05-21,497.0,0.0,0.0,0.0,11.82,0.0,0.6795306783976055,0.010626611787611696,-0.7554933140726803,14.775,6.0
2017-05-22,498.0,0.0,0.0,0.0,11.1,0.0,0.5776010766379647,0.009032620019469941,-0.766658819300159,13.875,1.0
2017-05-23,501.0,0.0,0.0,0.0,11.54,0.0,0.49096091514226997,0.00767772701654945,-0.777597146973627,14.424999999999999,3.0
2017-05-24,495.0,0.0,0.0,0.0,12.18,0.0,0.41731677787092947,0.006526067964067033,-0.7883050558305255,15.225,-6.0
2017-05-25,504.0,0.0,0.0,0.0,11.82,0.0,0.35471926119029,0.005547157769456977,-0.7987793728863649,14.775,9.0
2017-05-26,500.0,0.0,0.0,0.5,12.6,0.25,0.5515113720117465,0.008624624955332371,-0.8090169943749473,15.75,-4.0
2017-05-27,505.0,0.0,0.0,0.0,12.9,0.0,0.4687846662099845,0.007330931212032515,-0.8190148866680801,16.125,5.0
2017-05-28,504.0,0.0,0.0,0.0,16.95,0.0,0.3984669662784868,0.006231291530227638,-0.8287700871745037,21.1875,-1.0
2017-05-29,504.0,0.0,0.0,0.0,13.9,0.0,0.3386969213367138,0.0052965978006934925,-0.8382797052177743,17.375,0.0
2017-05-30,502.0,0.0,0.0,0.0,12.72,0.0,0.28789238313620674,0.004502108130589468,-0.8475409228928311,15.9,-2.0
2017-05-31,519.0,0.0,0.0,0.5,13.84,0.25,0.4947085256657757,0.0077363327622949896,-0.8565509959010036,17.3,17.0
2017-06-01,513.0,0.0,0.0,3.2,11.83,1.6,2.0205022468159095,0.031596944296231964,-0.865307254363206,14.7875,-6.0
2017-06-02,509.0,0.0,0.0,0.0,10.63,0.0,1.717426909793523,0.02685740265179717,-0.8738071036110808,13.287500000000001,-4.0
2017-06-03,514.0,0.0,0.0,0.0,9.83,0.0,1.4598128733244946,0.022828792254027595,-0.8820480249558537,12.2875,5.0
2017-06-04,509.0,0.0,0.0,7.8,14.7,3.9,5.14084094232582,0.08039331069610893,-0.8900275764346767,18.375,-5.0
2017-06-05,517.0,0.0,0.0,0.1,13.12,0.05,4.419714800976947,0.06911622226195138,-0.8977433935342337,16.4,8.0
2017-06-06,504.0,0.0,0.0,0.0,18.33,0.0,3.7567575808304046,0.05874878892265867,-0.9051931898913974,22.912499999999998,-13.0
2017-06-07,504.0,0.0,0.0,7.1,15.22,3.55,6.743243943705844,0.10545195067263383,-0.9123747579707273,19.025000000000002,0.0
2017-06-08,506.0,0.0,0.0,0.0,14.8,0.0,5.731757352149967,0.08963415807173875,-0.9192859697186104,18.5,2.0
2017-06-09,501.0,0.0,0.0,0.0,15.92,0.0,4.871993749327472,0.07618903436097794,-0.9259247771938498,19.9,-5.0
2017-06-10,502.0,0.0,0.0,0.0,16.8,0.0,4.141194686928351,0.06476067920683125,-0.9322892131745133,21.0,1.0
2017-06-11,505.0,0.0,0.0,0.0,15.65,0.0,3.5200154838890985,0.05504657732580656,-0.9383773917408641,19.5625,3.0
2017-06-12,509.0,0.0,0.0,3.2,15.93,1.6,4.592013161305734,0.0718106521752168,-0.9441875088341993,19.9125,4.0
2017-06-13,521.0,0.0,0.0,1.1,13.78,0.55,4.453211187109874,0.06964004422178095,-0.9497178427914316,17.224999999999998,12.0
2017-06-14,511.0,0.0,0.0,0.0,14.51,0.0,3.7852295090433925,0.059194037588513805,-0.9549667548552551,18.1375,-10.0
2017-06-15,517.0,0.0,0.0,0.0,15.15,0.0,3.2174450826868837,0.05031493195023674,-0.9599326896597447,18.9375,6.0
2017-06-16,513.0,0.0,0.0,15.2,15.87,7.6,10.334828320283851,0.16161773403703703,-0.9646141756912435,19.8375,-4.0
2017-06-17,517.0,0.0,0.0,0.0,15.46,0.0,8.784604072241272,0.13737507393148146,-0.9690098257244062,19.325000000000003,4.0
2017-06-18,521.0,0.0,0.0,0.0,14.23,0.0,7.466913461405081,0.11676881284175925,-0.9731183372332619,17.7875,4.0
2017-06-19,518.0,0.0,0.0,0.0,17.12,0.0,6.3468764421943185,0.09925349091549535,-0.9769384927771817,21.400000000000002,-3.0
2017-06-20,521.0,0.0,0.0,0.0,17.02,0.0,5.394844975865171,0.08436546727817104,-0.980469160361632,21.275,3.0
2017-06-21,523.0,0.0,0.0,0.0,16.04,0.0,4.585618229485395,0.07171064718644539,-0.9837092937736097,20.049999999999997,2.0
2017-06-22,526.0,0.0,0.0,0.0,14.91,0.0,3.897775495062586,0.060954050108478576,-0.986657932891657,18.6375,3.0
2017-06-23,518.0,0.0,0.0,0.0,16.73,0.0,3.3131091708031977,0.05181094259220679,-0.9893142039703663,20.9125,-8.0
2017-06-24,527.0,0.0,0.0,0.2,15.34,0.1,2.916142795182718,0.045603117543893346,-0.99167731989929,19.175,9.0
2017-06-25,526.0,0.0,0.0,1.6,15.68,0.8,3.2787213759053104,0.05127318063644996,-0.993746580436178,19.6,-1.0
2017-06-26,531.0,0.0,0.0,0.4,15.38,0.2,2.986913169519514,0.04670983622201762,-0.9955213724144752,19.225,5.0
2017-06-27,524.0,0.0,0.0,0.0,14.13,0.0,2.538876194091587,0.039703360788714975,-0.9970011699250151,17.6625,-7.0
2017-06-28,520.0,0.0,0.0,0.0,17.38,0.0,2.158044764977849,0.03374785667040773,-0.9981855344718586,21.724999999999998,-4.0
2017-06-29,520.0,0.0,0.0,1.6,18.55,0.8,2.6343380502311717,0.04119620889398719,-0.99907411510223,23.1875,0.0
2017-06-30,532.0,0.0,0.0,3.1,17.96,1.55,3.789187342696496,0.059255930837911544,-0.9996666485105112,22.450000000000003,12.0
2017-07-01,548.0,0.0,0.0,12.0,15.18,6.0,9.220809241292022,0.1441965216432794,-0.9999629591162655,18.975,16.0
2017-07-02,536.0,0.0,0.0,1.5,14.89,0.75,8.587687855098219,0.13429566595066933,-0.9999629591162655,18.6125,-12.0
2017-07-03,542.0,0.0,0.0,0.0,15.02,0.0,7.299534676833486,0.11415131605806891,-0.9996666485105112,18.775,6.0
2017-07-04,536.0,0.0,0.0,3.3,14.72,1.65,7.854604475308463,0.1228315882678986,-0.99907411510223,18.400000000000002,-6.0
2017-07-05,534.0,0.0,0.0,0.0,15.61,0.0,6.676413804012193,0.1044068500277138,-0.9981855344718586,19.5125,-2.0
2017-07-06,533.0,0.0,0.0,0.0,15.65,0.0,5.674951733410364,0.08874582252355671,-0.9970011699250151,19.5625,-1.0
2017-07-07,530.0,0.0,0.0,0.0,15.78,0.0,4.8237089733988086,0.0754339491450232,-0.9955213724144752,19.724999999999998,-3.0
2017-07-08,526.0,0.0,0.0,2.0,15.9,1.0,5.1001526273889874,0.07975702017844549,-0.9937465804361781,19.875,-4.0
2017-07-09,526.0,0.0,0.0,0.0,16.07,0.0,4.335129733280639,0.06779346715167867,-0.99167731989929,20.0875,0.0
2017-07-10,522.0,0.0,0.0,8.0,18.36,4.0,7.6848602732885425,0.1201771006996299,-0.9893142039703664,22.95,-4.0
2017-07-11,523.0,0.0,0.0,0.7,17.07,0.35,6.882131232295261,0.10762389278649694,-0.9866579328916572,21.3375,1.0
2017-07-12,522.0,0.0,0.0,4.6,17.41,2.3,8.149811547450971,0.12744808470042665,-0.9837092937736098,21.7625,-1.0
2017-07-13,522.0,0.0,0.0,17.7,15.41,8.85,15.777339815333324,0.24672861813116814,-0.9804691603616321,19.2625,0.0
2017-07-14,529.0,0.0,0.0,0.0,15.68,0.0,13.410738843033325,0.2097193254114929,-0.9769384927771817,19.6,7.0
2017-07-15,524.0,0.0,0.0,0.0,15.07,0.0,11.399128016578326,0.17826142659976896,-0.973118337233262,18.8375,-5.0
2017-07-16,524.0,0.0,0.0,0.0,16.55,0.0,9.689258814091577,0.1515222126098036,-0.9690098257244063,20.6875,0.0
2017-07-17,531.0,0.0,0.0,1.4,16.88,0.7,8.935869991977839,0.1397405951019561,-0.9646141756912435,21.099999999999998,7.0
2017-07-18,529.0,0.0,0.0,0.0,16.88,0.0,7.595489493181163,0.11877950583666268,-0.9599326896597445,21.099999999999998,-2.0
2017-07-19,524.0,0.0,0.0,0.0,16.92,0.0,6.456166069203989,0.10096257996116328,-0.9549667548552553,21.150000000000002,-5.0
2017-07-20,521.0,0.0,0.0,0.0,17.42,0.0,5.487741158823391,0.0858181929669888,-0.9497178427914317,21.775000000000002,-3.0
2017-07-21,520.0,0.0,0.0,0.0,16.62,0.0,4.664579984999882,0.07294546402194048,-0.9441875088341994,20.775000000000002,-1.0
2017-07-22,517.0,0.0,0.0,0.0,17.54,0.0,3.9648929872499,0.0620036444186494,-0.9383773917408642,21.924999999999997,-3.0
2017-07-23,515.0,0.0,0.0,0.0,18.87,0.0,3.3701590391624148,0.05270309775585199,-0.9322892131745134,23.587500000000002,-2.0
2017-07-24,514.0,0.0,0.0,0.0,18.7,0.0,2.8646351832880526,0.04479763309247419,-0.9259247771938499,23.375,-1.0
2017-07-25,511.0,0.0,0.0,0.0,20.25,0.0,2.4349399057948444,0.03807798812860306,-0.9192859697186105,25.3125,-3.0
2017-07-26,513.0,0.0,0.0,0.5,19.62,0.25,2.3196989199256177,0.03627583076060654,-0.9123747579707274,24.525000000000002,2.0
2017-07-27,522.0,0.0,0.0,5.8,17.73,2.9,4.871744081936775,0.07618513002152529,-0.9051931898913975,22.1625,9.0
2017-07-28,513.0,0.0,0.0,0.3,18.12,0.15,4.290982469646259,0.06710308502907286,-0.8977433935342336,22.650000000000002,-9.0
2017-07-29,508.0,0.0,0.0,0.0,18.35,0.0,3.6473350991993203,0.05703762227471193,-0.8900275764346766,22.9375,-5.0
2017-07-30,505.0,0.0,0.0,0.0,21.53,0.0,3.1002348343194224,0.04848197893350514,-0.8820480249558535,26.9125,-3.0
2017-07-31,503.0,0.0,0.0,11.5,18.88,5.75,8.385199609171508,0.13112912167324,-0.8738071036110807,23.599999999999998,-2.0
2017-08-01,501.0,0.0,0.0,5.8,19.59,2.9,10.027419667795781,0.15681042729726372,-0.8653072543632061,24.4875,-2.0
2017-08-02,506.0,0.0,0.0,18.1,19.21,9.05,17.573306717626416,0.2748142420195149,-0.8565509959010037,24.012500000000003,5.0
2017-08-03,503.0,0.0,0.0,3.6,19.03,1.8,16.737310709982452,0.261740799845904,-0.8475409228928312,23.7875,-3.0
2017-08-04,510.0,0.0,0.0,0.3,19.33,0.15,14.376714103485085,0.22482540437979476,-0.8382797052177745,24.162499999999998,7.0
2017-08-05,514.0,0.0,0.0,2.3,18.55,1.15,13.370206987962323,0.2090854816387777,-0.828770087174504,23.1875,4.0
2017-08-06,513.0,0.0,0.0,2.0,18.01,1.0,12.364675939767974,0.1933608227981368,-0.8190148866680802,22.512500000000003,-1.0
2017-08-07,515.0,0.0,0.0,0.0,17.72,0.0,10.509974548802777,0.16435669937841627,-0.8090169943749472,22.15,2.0
2017-08-08,510.0,0.0,0.0,0.0,18.15,0.0,8.93347836648236,0.1397031944716538,-0.7987793728863648,22.6875,-5.0
2017-08-09,508.0,0.0,0.0,0.0,20.61,0.0,7.593456611510006,0.11874771530090573,-0.7883050558305253,25.7625,-2.0
2017-08-10,508.0,0.0,0.0,0.0,19.6,0.0,6.454438119783505,0.10093555800576987,-0.7775971469736268,24.5,0.0
2017-08-11,507.0,0.0,0.0,0.0,20.54,0.0,5.486272401815978,0.08579522430490438,-0.7666588193001592,25.674999999999997,-1.0
2017-08-12,513.0,0.0,0.0,0.5,20.15,0.25,4.913331541543582,0.07683548151046267,-0.7554933140726804,25.1875,6.0
2017-08-13,515.0,0.0,0.0,0.4,18.0,0.2,4.3763318103120445,0.06843779196492843,-0.7441039398713608,22.5,2.0
2017-08-14,512.0,0.0,0.0,0.0,16.62,0.0,3.719882038765238,0.05817212317018916,-0.7324940716135792,20.775000000000002,-3.0
2017-08-15,511.0,0.0,0.0,0.0,17.07,0.0,3.161899732950452,0.04944630469466078,-0.7206671495538615,21.3375,-1.0
2017-08-16,508.0,0.0,0.0,0.0,21.1,0.0,2.687614773007884,0.04202935899046166,-0.7086266782644601,26.375,-3.0
2017-08-17,511.0,0.0,0.0,1.0,17.68,0.5,2.7844725570567013,0.04354403684448029,-0.6963762255968726,22.1,3.0
2017-08-18,507.0,0.0,0.0,0.0,18.72,0.0,2.366801673498196,0.03701243131780825,-0.6839194216246105,23.4,-4.0
2017-08-19,508.0,0.0,0.0,0.3,19.6,0.15,2.1617814224734664,0.03380629113091337,-0.6712599575675315,24.5,1.0
2017-08-20,505.0,0.0,0.0,0.0,17.74,0.0,1.8375142091024463,0.028735347461276366,-0.6584015846980489,22.174999999999997,-3.0
2017-08-21,507.0,0.0,0.0,0.0,16.6,0.0,1.5618870777370792,0.02442504534208491,-0.64534811322955,20.75,2.0
2017-08-22,510.0,0.0,0.0,0.5,15.5,0.25,1.5776040160765172,0.02467082939206611,-0.6321034111873488,19.375,3.0
2017-08-23,518.0,0.0,0.0,0.8,15.7,0.4,1.7409634136650398,0.0272254703453265,-0.6186714032625032,19.625,8.0
2017-08-24,526.0,0.0,0.0,0.0,17.15,0.0,1.4798189016152838,0.02314164979352753,-0.6050560696488494,21.4375,8.0
2017-08-25,533.0,0.0,0.0,2.1,17.68,1.05,2.307846066372991,0.03609047389993295,-0.5912614448635782,22.1,7.0
2017-08-26,522.0,0.0,0.0,0.5,17.26,0.25,2.2116691564170425,0.03458644366623695,-0.5772916165517278,21.575000000000003,-11.0
2017-08-27,517.0,0.0,0.0,5.9,15.33,2.95,4.829918782954486,0.07553105916156991,-0.5631507242749187,19.1625,-5.0
2017-08-28,520.0,0.0,0.0,0.0,14.79,0.0,4.105430965511313,0.06420140028733441,-0.5488429582847199,18.487499999999997,3.0
2017-08-29,519.0,0.0,0.0,0.0,15.03,0.0,3.4896163206846156,0.05457119024423425,-0.5343725582809785,18.787499999999998,-1.0
2017-08-30,514.0,0.0,0.0,0.0,18.26,0.0,2.966173872581923,0.04638551170759911,-0.5197438121555157,22.825000000000003,-5.0
2017-08-31,509.0,0.0,0.0,0.6,19.74,0.3,2.8212477916946344,0.04411913397301197,-0.5049610547215202,24.674999999999997,-5.0
2017-09-01,511.0,0.0,0.0,1.2,16.15,0.6,2.9980606229404394,0.04688416192016564,-0.4900286664290594,20.1875,2.0
2017-09-02,518.0,0.0,0.0,27.6,13.17,13.8,16.348351529499375,0.25565819262356637,-0.4749510720670502,16.4625,7.0
2017-09-03,530.0,0.0,0.0,0.8,14.93,0.4,14.29609880007447,0.22356472909210173,-0.4597327394521046,18.6625,12.0
2017-09-04,529.0,0.0,0.0,13.3,16.43,6.65,18.8016839800633,0.2940238063727053,-0.44437817810461344,20.5375,-1.0
2017-09-05,526.0,0.0,0.0,0.0,14.65,0.0,15.981431383053803,0.24992023541679947,-0.4288919379124841,18.3125,-3.0
2017-09-06,525.0,0.0,0.0,0.0,13.04,0.0,13.584216675595732,0.21243220010427954,-0.41327860778290443,16.299999999999997,-1.0
2017-09-07,521.0,0.0,0.0,0.6,11.67,0.3,11.846584174256373,0.18525881911019038,-0.3975428142825566,14.5875,-4.0
2017-09-08,527.0,0.0,0.0,7.6,14.95,3.8,13.869596548117915,0.21689501718332968,-0.3816892202666586,18.6875,6.0
2017-09-09,519.0,0.0,0.0,2.9,16.95,1.45,13.239157065900226,0.20703610154333507,-0.3657225234972692,21.1875,-8.0
2017-09-10,513.0,0.0,0.0,2.7,15.57,1.35,12.603283506015192,0.1970922069088221,-0.34964745525122826,19.4625,-6.0
2017-09-11,513.0,0.0,0.0,30.7,16.63,15.35,26.062790980112915,0.4075741841419468,-0.33346877891818705,20.787499999999998,0.0
2017-09-12,513.0,0.0,0.0,2.2,16.47,1.1,23.253372333095978,0.3636400362663481,-0.31719128858910595,20.5875,0.0
2017-09-13,521.0,0.0,0.0,8.2,15.6,4.1,23.86536648313158,0.37321050078761653,-0.300819807635668,19.5,8.0
2017-09-14,536.0,0.0,0.0,6.0,15.15,3.0,23.285561510661843,0.3641434158850013,-0.2843591872810036,18.9375,15.0
2017-09-15,534.0,0.0,0.0,18.8,14.59,9.4,29.192727284062563,0.45652063951090327,-0.26781430516217486,18.2375,-2.0
2017-09-16,546.0,0.0,0.0,0.9,14.83,0.45,25.26381819145318,0.3950797171165969,-0.25119006388481957,18.5375,12.0
2017-09-17,555.0,0.0,0.0,0.3,12.55,0.15,21.6242454627352,0.33816348405988367,-0.23449138957041052,15.6875,9.0
2017-09-18,561.0,0.0,0.0,40.7,12.13,20.35,38.73060864332492,0.6056755867462279,-0.21772323039653224,15.162500000000001,6.0
2017-09-19,615.0,0.0,0.0,0.3,14.6,0.15,33.07101734682618,0.5171699732450701,-0.20089055513063528,18.25,54.0
2017-09-20,649.0,0.0,0.0,2.4,13.41,1.2,29.310364744802254,0.4583602733445205,-0.18399835165767986,16.7625,34.0
2017-09-21,653.0,0.0,0.0,6.8,11.68,3.4,28.313810033081914,0.44277598792044,-0.1670516255021195,14.6,4.0
2017-09-22,631.0,0.0,0.0,0.0,14.56,0.0,24.066738528119625,0.376359589732374,-0.15005539834465262,18.2,-22.0
2017-09-23,598.0,0.0,0.0,0.0,16.21,0.0,20.45672774890168,0.31990565127251785,-0.13301470653419636,20.262500000000003,-33.0
2017-09-24,573.0,0.0,0.0,0.0,15.51,0.0,17.388218586566428,0.27191980358164014,-0.11593459959550066,19.3875,-25.0
2017-09-25,556.0,0.0,0.0,0.0,14.97,0.0,14.779985798581462,0.2311318330443941,-0.09882013873287211,18.712500000000002,-17.0
2017-09-26,545.0,0.0,0.0,0.0,15.22,0.0,12.562987928794243,0.196462058087735,-0.08167639533042288,19.025000000000002,-11.0
2017-09-27,535.0,0.0,0.0,0.0,13.44,0.0,10.678539739475106,0.16699274937457476,-0.06450844944931625,16.8,-10.0
2017-09-28,528.0,0.0,0.0,0.0,12.46,0.0,9.07675877855384,0.14194383696838853,-0.04732138832243232,15.575000000000001,-7.0
2017-09-29,520.0,0.0,0.0,0.0,10.95,0.0,7.715244961770764,0.12065226142313025,-0.03012030484690836,13.6875,-8.0
2017-09-30,514.0,0.0,0.0,0.0,9.25,0.0,6.557958217505149,0.10255442220966071,-0.012910296075008843,11.5625,-6.0
2017-10-01,509.0,0.0,0.0,0.0,8.47,0.0,5.574264484879377,0.0871712588782116,0.004303538296243821,10.5875,-5.0
2017-10-02,505.0,0.0,0.0,4.3,9.81,2.15,6.8881248121474705,0.10771762136760776,0.021516097436222233,12.262500000000001,-4.0
2017-10-03,502.0,0.0,0.0,18.8,12.85,9.4,15.254906090325349,0.23855871417111876,0.03872228089217399,16.0625,-3.0
2017-10-04,516.0,0.0,0.0,11.0,12.09,5.5,18.466670176776546,0.28878480577391763,0.05591699010060302,15.1125,14.0
2017-10-05,560.0,0.0,0.0,4.7,11.36,2.35,18.046669650260064,0.28221676890999303,0.07309512989807776,14.2,44.0
2017-10-06,621.0,0.0,0.0,2.1,12.15,1.05,16.389669202721056,0.25630432514892865,0.0902516100310407,15.1875,61.0
2017-10-07,656.0,0.0,0.0,15.1,12.25,7.55,21.481218822312897,0.3359268100856664,0.10738134666416306,15.3125,35.0
2017-10-08,660.0,0.0,0.0,13.8,10.3,6.9,25.15903599896596,0.39344111606852916,0.12447926388678869,12.875,4.0
2017-10-09,672.0,0.0,0.0,11.6,9.26,5.8,27.185180599121068,0.42512629640826927,0.141540295217043,11.575,12.0
2017-10-10,695.0,0.0,0.0,7.8,10.45,3.9,27.007403509252907,0.42234618922721434,0.15855938510313475,13.0625,23.0
2017-10-11,720.0,0.0,0.0,19.1,11.07,9.55,32.50629298286497,0.5083387213625608,0.17553149042142777,13.8375,25.0
2017-10-12,733.0,0.0,0.0,6.5,12.8,3.25,30.880349035435223,0.48291194422499784,0.19245158197082995,16.0,13.0
2017-10-13,742.0,0.0,0.0,3.6,11.0,1.8,28.04829668011994,0.43862384672056454,0.20931464596304888,13.75,9.0
2017-10-14,741.0,0.0,0.0,4.2,12.51,2.1,25.94105217810195,0.40567041286334893,0.22611568550828803,15.6375,-1.0
2017-10-15,735.0,0.0,0.0,0.0,12.72,0.0,22.049894351386655,0.3448198509338466,0.2428497220959358,15.9,-6.0
2017-10-16,722.0,0.0,0.0,0.0,13.04,0.0,18.742410198678655,0.2930968732937696,0.25951179706979943,16.299999999999997,-13.0
2017-10-17,696.0,0.0,0.0,0.0,13.06,0.0,15.931048668876857,0.24913234229970413,0.27609697309746883,16.325,-26.0
2017-10-18,662.0,0.0,0.0,0.0,12.04,0.0,13.541391368545328,0.21176249095474853,0.2926003356333479,15.049999999999999,-34.0
2017-10-19,626.0,0.0,0.0,0.0,7.62,0.0,11.510182663263528,0.17999811731153623,0.30901699437494723,9.525,-36.0
2017-10-20,599.0,0.0,0.0,0.4,7.13,0.2,9.983655263773997,0.1561260323958409,0.3253420847119795,8.9125,-27.0
2017-10-21,582.0,0.0,0.0,2.2,6.48,1.1,9.586106974207897,0.14990910728215812,0.341570769167856,8.100000000000001,-17.0
2017-10-22,572.0,0.0,0.0,1.6,4.05,0.8,8.948190928076713,0.139933271913975,0.35769823883312546,5.0625,-10.0
2017-10-23,563.0,0.0,0.0,6.5,2.66,3.25,10.855962288865205,0.16976731219369998,0.3737197147904692,3.325,-9.0
2017-10-24,559.0,0.0,0.0,0.0,2.87,0.0,9.227567945535425,0.144302215364645,0.38963044953078774,3.5875000000000004,-4.0
2017-10-25,558.0,0.0,0.0,18.9,5.67,9.45,17.293432753705112,0.2704375272388592,0.4054257283599973,7.0875,-1.0
2017-10-26,567.0,0.0,0.0,0.2,11.21,0.1,14.799417840649344,0.2314357144935479,0.42110087079608916,14.012500000000001,9.0
2017-10-27,597.0,0.0,0.0,3.4,6.49,1.7,14.279505164551942,0.22330523510831451,0.4366512319560638,8.1125,30.0
2017-10-28,626.0,0.0,0.0,17.7,8.91,8.85,20.98757938986915,0.32820719597787285,0.45207220393230374,11.1375,29.0
2017-10-29,650.0,0.0,0.0,6.1,6.22,3.05,20.889442481388777,0.32667251496697797,0.46735921715800205,7.7749999999999995,24.0
2017-10-30,675.0,0.0,0.0,22.2,4.48,11.1,28.856026109180462,0.4512552515193823,0.48250774176121763,5.6000000000000005,25.0
2017-10-31,687.0,0.0,0.0,2.4,6.04,1.2,25.72762219280339,0.40233275987768585,0.4975132889071803,7.55,12.0
2017-11-01,671.0,0.0,0.0,6.4,9.24,3.2,25.06847886388288,0.3920249687925954,0.5123714121284235,11.55,-16.0
2017-11-02,660.0,0.0,0.0,16.2,9.67,8.1,29.408207034300446,0.45989034705562976,0.5270777086423724,12.0875,-11.0
2017-11-03,670.0,0.0,0.0,1.8,8.42,0.9,25.89697597915538,0.40498114206194347,0.5416278206559811,10.525,10.0
2017-11-04,686.0,0.0,0.0,0.0,8.97,0.0,22.01242958228207,0.34423397075265194,0.5560174366570446,11.2125,16.0
2017-11-05,676.0,0.0,0.0,0.0,7.26,0.0,18.71056514493976,0.29259887513975413,0.5702422926917867,9.075,-10.0
2017-11-06,644.0,0.0,0.0,0.6,6.58,0.3,16.203980373198796,0.2534004928903437,0.5842981736283683,8.225,-32.0
2017-11-07,618.0,0.0,0.0,0.0,5.07,0.0,13.773383317218975,0.21539041895679217,0.5981809144059159,6.3375,-26.0
2017-11-08,601.0,0.0,0.0,0.0,6.22,0.0,11.707375819636129,0.18308185611327332,0.6118864012687242,7.7749999999999995,-17.0
2017-11-09,591.0,0.0,0.0,1.0,5.37,0.5,10.45126944669071,0.1634386593988702,0.6254105729852457,6.7125,-10.0
2017-11-10,587.0,0.0,0.0,6.2,7.91,3.1,11.983579029687101,0.18740116704508453,0.6387494220515268,9.8875,-4.0
2017-11-11,600.0,0.0,0.0,12.0,6.7,6.0,16.186042175234036,0.25311997241937645,0.6518989958787125,8.375,13.0
2017-11-12,638.0,0.0,0.0,5.0,7.09,2.5,16.258135848948932,0.2542473850694094,0.6648553979642867,8.8625,38.0
2017-11-13,679.0,0.0,0.0,28.8,3.64,14.4,28.21941547160659,0.441299830343529,0.6776147890466887,4.55,41.0
2017-11-14,720.0,0.0,0.0,8.2,5.02,4.1,28.086503150865603,0.43922132575322026,0.690173388242972,6.2749999999999995,41.0
2017-11-15,749.0,0.0,0.0,1.2,8.0,0.6,24.473527678235765,0.38272102493334276,0.7025274741691566,10.0,29.0
2017-11-16,759.0,0.0,0.0,0.0,7.64,0.0,20.8024985265004,0.32531287119334135,0.7146733860429608,9.549999999999999,10.0
2017-11-17,752.0,0.0,0.0,3.6,7.67,1.8,19.48212374752534,0.3046646346436565,0.726607524768565,9.5875,-7.0
2017-11-18,725.0,0.0,0.0,7.6,6.49,3.8,20.35980518539654,0.3183899603867759,0.7383263540031063,8.1125,-27.0
2017-11-19,705.0,0.0,0.0,23.1,4.96,11.55,28.855834407587057,0.4512522536585396,0.749826401204568,6.2,-20.0
2017-11-20,702.0,0.0,0.0,5.3,2.06,2.65,27.177459246448997,0.4250055486334744,0.7611042586607742,2.575,-3.0
2017-11-21,711.0,0.0,0.0,2.8,2.35,1.4,24.500840359481646,0.38314814510569933,0.7721565844991641,2.9375,9.0
2017-11-22,715.0,0.0,0.0,0.6,0.23,0.3,21.1257143055594,0.3303673723613971,0.7829801036770625,0.28750000000000003,4.0
2017-11-23,711.0,0.0,0.0,0.7,4.84,0.35,18.30685715972549,0.28628562369899907,0.7935716089521472,6.05,-4.0
2017-11-24,688.0,0.0,0.0,1.7,7.26,0.85,16.410828585766666,0.25663521903854863,0.8039279618328208,9.075,-23.0
2017-11-25,649.0,0.0,0.0,16.6,6.43,8.3,22.249204297901667,0.34793669244572517,0.8140460935082175,8.0375,-39.0
2017-11-26,634.0,0.0,0.0,0.5,5.67,0.25,19.161823653216416,0.29965572943016033,0.8239230057575536,7.0875,-15.0
2017-11-27,644.0,0.0,0.0,6.7,4.9,3.35,19.637550105233956,0.30709521742297513,0.8335557718385695,6.125,10.0
2017-11-28,643.0,0.0,0.0,7.9,1.72,3.95,20.641917589448862,0.32280168025997313,0.8429415373547832,2.15,-1.0
2017-11-29,634.0,0.0,0.0,1.0,2.77,0.5,18.045629951031533,0.28220050992356505,0.8520775211013093,3.4625,-9.0
2017-11-30,628.0,0.0,0.0,5.0,1.4,2.5,17.838785458376805,0.27896584194796975,0.8609610158889945,1.75,-6.0
2017-12-01,625.0,0.0,0.0,7.5,1.49,3.75,18.912967639620284,0.2957640784251834,0.8695893893466109,1.8625,-3.0
2017-12-02,626.0,0.0,0.0,0.4,4.42,0.2,16.27602249367724,0.254527099342441,0.8779600847008883,5.525,1.0
2017-12-03,626.0,0.0,0.0,3.5,3.95,1.75,15.584619119625653,0.24371482040013243,0.8860706215341377,4.9375,0.0
2017-12-04,617.0,0.0,0.0,5.9,3.25,2.95,16.196926251681806,0.25329017938538106,0.893918596519257,4.0625,-9.0
2017-12-05,611.0,0.0,0.0,1.4,5.51,0.7,14.467387313929533,0.22624336686119692,0.9015016841318838,6.887499999999999,-6.0
2017-12-06,607.0,0.0,0.0,0.6,4.29,0.3,12.597279216840104,0.1969983108535701,0.9088176373395028,5.3625,-4.0
2017-12-07,619.0,0.0,0.0,6.7,6.43,3.35,14.057687334314087,0.2198364116328734,0.9158642882672868,8.0375,12.0
2017-12-08,638.0,0.0,0.0,8.7,5.39,4.35,16.299034234166974,0.25488696070045697,0.9226395488404875,6.7375,19.0
2017-12-09,658.0,0.0,0.0,1.5,3.4,0.75,14.604179099041929,0.22838253914927026,0.9291414114031743,4.25,20.0
2017-12-10,675.0,0.0,0.0,9.3,2.05,4.65,17.06355223418564,0.266842618110947,0.935367949313148,2.5625,17.0
2017-12-11,677.0,0.0,0.0,0.3,0.89,0.15,14.654019399057793,0.22916194990508132,0.941317317512847,1.1125,2.0
2017-12-12,674.0,0.0,0.0,7.9,5.32,3.95,16.405916489199125,0.2565584028697634,0.946987753076075,6.65,-3.0
2017-12-13,670.0,0.0,0.0,2.7,3.0,1.35,15.295029015819255,0.23918616303628615,0.9523775757303973,3.75,-4.0
2017-12-14,676.0,0.0,0.0,4.5,1.22,2.25,15.250774663446366,0.2384941062424887,0.9574851883550389,1.525,6.0
2017-12-15,679.0,0.0,0.0,6.7,3.17,3.35,16.313158463929412,0.25510783771345424,0.9623090774541487,3.9625,3.0
2017-12-16,675.0,0.0,0.0,6.8,1.88,3.4,17.266184694339998,0.27001141763403363,0.9668478136052773,2.3499999999999996,-4.0
2017-12-17,664.0,0.0,0.0,6.9,2.31,3.45,18.126256990189,0.283461368736785,0.9711000518829505,2.8875,-11.0
2017-12-18,639.0,0.0,0.0,1.4,0.2,0.7,16.10731844166065,0.2518888778098903,0.9750645322571945,0.25,-25.0
2017-12-19,615.0,0.0,0.0,2.2,2.69,1.1,14.79122067541155,0.23130752588410006,0.9787400799669153,3.3625,-24.0
2017-12-20,598.0,0.0,0.0,0.2,1.82,0.1,12.672537574099817,0.1981752133420026,0.9821256058680006,2.275,-17.0
2017-12-21,591.0,0.0,0.0,5.4,3.65,2.7,13.471656937984843,0.21067197253467676,0.9852201067560606,4.5625,-7.0
2017-12-22,586.0,0.0,0.0,0.0,4.58,0.0,11.450908397287117,0.17907117665447525,0.9880226656636976,5.725,-5.0
2017-12-23,592.0,0.0,0.0,4.5,5.67,2.25,11.98327213769405,0.18739636781794944,0.9905324521322227,7.0875,6.0
2017-12-24,616.0,0.0,0.0,3.1,5.65,1.55,11.735781317039942,0.18352606592327947,0.9927487224577402,7.0625,24.0
2017-12-25,643.0,0.0,0.0,6.2,5.97,3.1,13.07541411948395,0.2044754625908324,0.9946708199115211,7.4624999999999995,27.0
2017-12-26,660.0,0.0,0.0,0.0,6.01,0.0,11.114102001561358,0.17380414320220755,0.9962981749346077,7.512499999999999,17.0
2017-12-27,670.0,0.0,0.0,0.0,3.95,0.0,9.446986701327154,0.1477335217218764,0.9976303053065857,4.9375,10.0
2017-12-28,661.0,0.0,0.0,0.3,4.9,0.15,8.179938696128081,0.1279192179743713,0.9986668162884759,6.125,-9.0
2017-12-29,644.0,0.0,0.0,3.2,4.61,1.6,8.552947891708868,0.13375239672649683,0.9994074007397048,5.7625,-17.0
2017-12-30,624.0,0.0,0.0,2.4,2.42,1.2,8.470005707952538,0.1324553333037332,0.9998518392091162,3.025,-20.0
2017-12-31,618.0,0.0,0.0,2.3,0.74,1.15,8.349504851759656,0.13057092122412536,1.0,0.925,-6.0
2018-01-01,617.0,0.0,0.0,16.5,5.76,8.25,15.347079123995709,0.24000013113320662,0.9998518392091162,7.199999999999999,-1.0
2018-01-02,639.0,0.0,0.0,0.7,3.82,0.35,13.395017255396352,0.20947346865503713,0.9994074007397048,4.7749999999999995,22.0
2018-01-03,670.0,0.0,0.0,2.3,2.03,1.15,12.5357646670869,0.1960363362727337,0.998666816288476,2.5374999999999996,31.0
2018-01-04,660.0,0.0,0.0,5.2,4.07,2.6,13.255399967023864,0.20729011068528064,0.9976303053065857,5.0875,-10.0
2018-01-05,653.0,0.0,0.0,10.5,4.52,5.25,16.517089971970286,0.25829695195966135,0.9962981749346078,5.6499999999999995,-7.0
2018-01-06,662.0,0.0,0.0,2.1,3.82,1.05,15.089526476174743,0.23597248074114668,0.9946708199115211,4.7749999999999995,9.0
2018-01-07,677.0,0.0,0.0,0.0,1.88,0.0,12.826097504748532,0.20057660862997467,0.9927487224577402,2.3499999999999996,15.0
2018-01-08,670.0,0.0,0.0,0.0,3.58,0.0,10.902182879036252,0.17049011733547847,0.9905324521322229,4.475,-7.0
2018-01-09,656.0,0.0,0.0,0.0,1.87,0.0,9.266855447180813,0.1449165997351567,0.9880226656636976,2.3375000000000004,-14.0
2018-01-10,631.0,0.0,0.0,0.0,-0.64,0.0,7.876827130103691,0.12317910977488318,0.9852201067560606,0.0,-25.0
2018-01-11,602.0,0.0,0.0,0.0,-3.62,0.0,6.695303060588137,0.1047022433086507,0.9821256058680006,0.0,-29.0
2018-01-12,580.0,0.0,0.0,0.0,-1.62,0.0,5.6910076014999165,0.08899690681235309,0.9787400799669153,0.0,-22.0
2018-01-13,572.0,0.0,0.0,0.0,-2.44,0.0,4.837356461274929,0.07564737079050013,0.9750645322571948,0.0,-8.0
2018-01-14,560.0,0.0,0.0,0.0,-6.67,0.0,4.11175299208369,0.06430026517192512,0.9711000518829505,0.0,-12.0
2018-01-15,552.0,0.0,0.0,0.0,-7.2,0.0,3.4949900432711365,0.05465522539613635,0.9668478136052775,0.0,-8.0
2018-01-16,566.0,0.0,0.0,3.2,-6.14,1.6,4.570741536780466,0.07147800303499713,0.9623090774541486,0.0,14.0
2018-01-17,566.0,0.0,0.0,2.3,-5.33,1.15,5.035130306263396,0.07874019049569968,0.9574851883550393,0.0,0.0
2018-01-18,560.0,0.0,0.0,3.4,-1.19,1.7,5.979860760323886,0.09351403971014352,0.9523775757303974,0.0,-6.0
2018-01-19,553.0,0.0,0.0,0.0,-1.89,0.0,5.082881646275303,0.079486933753622,0.9469877530760753,0.0,-7.0
2018-01-20,542.0,0.0,0.0,0.0,-4.34,0.0,4.320449399334008,0.06756389369057869,0.9413173175128471,0.0,-11.0
2018-01-21,537.0,0.0,0.0,0.0,-3.16,0.0,3.6723819894339065,0.05742930963699189,0.9353679493131483,0.0,-5.0
2018-01-22,532.0,0.0,0.0,0.0,-6.15,0.0,3.1215246910188204,0.0488149131914431,0.9291414114031743,0.0,-5.0
2018-01-23,532.0,0.0,0.0,0.0,-5.58,0.0,2.6532959873659974,0.04149267621272664,0.9226395488404876,0.0,0.0
2018-01-24,530.0,0.0,0.0,4.5,0.06,2.25,4.505301589261098,0.07045464244246312,0.9158642882672872,0.075,-2.0
2018-01-25,529.0,0.0,0.0,0.9,3.82,0.45,4.279506350871933,0.06692361960842273,0.9088176373395029,4.7749999999999995,-1.0
2018-01-26,534.0,0.0,0.0,6.8,2.69,3.4,7.037580398241143,0.11005483224475693,0.901501684131884,3.3625,5.0
2018-01-27,544.0,0.0,0.0,0.7,2.78,0.35,6.3319433385049715,0.0990199645998549,0.893918596519257,3.4749999999999996,10.0
2018-01-28,558.0,0.0,0.0,7.2,3.93,3.6,8.982151837729226,0.14046435816850944,0.886070621534138,4.9125000000000005,14.0
2018-01-29,581.0,0.0,0.0,10.0,3.88,5.0,12.634829062069842,0.19758552146911185,0.8779600847008882,4.85,23.0
2018-01-30,639.0,0.0,0.0,1.6,2.48,0.8,11.539604702759366,0.18045822397288566,0.869589389346611,3.1,58.0
2018-01-31,672.0,0.0,0.0,4.2,2.18,2.1,11.90866399734546,0.1862296335278219,0.8609610158889943,2.725,33.0
2018-02-01,689.0,0.0,0.0,5.0,2.73,2.5,12.622364397743642,0.19739059701158804,0.8520775211013093,3.4125,17.0
2018-02-02,700.0,0.0,0.0,0.0,0.15,0.0,10.729009738082095,0.16778200745984984,0.8429415373547828,0.1875,11.0
2018-02-03,693.0,0.0,0.0,0.0,0.15,0.0,9.11965827736978,0.14261470634087234,0.8335557718385699,0.1875,-7.0
2018-02-04,663.0,0.0,0.0,0.0,-1.34,0.0,7.751709535764313,0.12122250038974149,0.8239230057575542,0.0,-30.0
2018-02-05,644.0,0.0,0.0,0.0,-4.07,0.0,6.588953105399666,0.10303912533128026,0.8140460935082178,0.0,-19.0
2018-02-06,620.0,0.0,0.0,0.9,-2.17,0.45,6.0506101395897165,0.09462043006391734,0.8039279618328213,0.0,-24.0
2018-02-07,603.0,0.0,0.0,2.6,-2.38,1.3,6.443018618651259,0.10075697798105822,0.7935716089521474,0.0,-17.0
2018-02-08,617.0,0.0,0.0,0.0,-8.2,0.0,5.476565825853569,0.08564343128389948,0.7829801036770629,0.0,14.0
2018-02-09,622.0,0.0,0.0,0.0,-4.88,0.0,4.655080951975534,0.07279691659131456,0.7721565844991642,0.0,5.0
2018-02-10,614.0,0.0,0.0,0.0,-7.6,0.0,3.956818809179204,0.06187737910261737,0.7611042586607747,0.0,-8.0
2018-02-11,609.0,0.0,0.0,0.0,-4.59,0.0,3.363295987802323,0.05259577223722476,0.7498264012045686,0.0,-5.0
2018-02-12,601.0,0.0,0.0,1.0,-0.68,0.5,3.3588015896319745,0.052525488104228926,0.7383263540031065,0.0,-8.0
2018-02-13,594.0,0.0,0.0,0.0,-0.39,0.0,2.8549813511871784,0.04464666488859459,0.7266075247685656,0.0,-7.0
2018-02-14,590.0,0.0,0.0,0.0,-1.5,0.0,2.4267341485091016,0.0379496651553054,0.7146733860429609,0.0,-4.0
2018-02-15,585.0,0.0,0.0,0.0,-2.73,0.0,2.062724026232736,0.03225721538200959,0.702527474169157,0.0,-5.0
2018-02-16,573.0,0.0,0.0,1.4,-2.13,0.7,2.453315422297826,0.03836534745833119,0.6901733882429719,0.0,-12.0
2018-02-17,564.0,0.0,0.0,4.4,-1.45,2.2,4.2853181089531525,0.0670145048309682,0.6776147890466889,0.0,-9.0
2018-02-18,558.0,0.0,0.0,0.0,-1.62,0.0,3.6425203926101797,0.05696232910632297,0.6648553979642865,0.0,-6.0
2018-02-19,549.0,0.0,0.0,2.8,0.43,1.4,4.496142333718653,0.07031140850762059,0.6518989958787126,0.5375,-9.0
2018-02-20,545.0,0.0,0.0,1.9,-2.53,0.95,4.771720983660854,0.07462095246639447,0.6387494220515272,0.0,-4.0
2018-02-21,540.0,0.0,0.0,0.0,-7.62,0.0,4.055962836111726,0.06342780959643529,0.6254105729852463,0.0,-5.0
2018-02-22,535.0,0.0,0.0,0.0,-10.76,0.0,3.447568410694967,0.05391363815697,0.6118864012687243,0.0,-5.0
2018-02-23,532.0,0.0,0.0,4.9,-9.32,2.45,5.380433149090722,0.08414009277610512,0.5981809144059164,0.0,-3.0
2018-02-24,530.0,0.0,0.0,0.0,-10.25,0.0,4.573368176727113,0.07151907885968935,0.5842981736283683,0.0,-2.0
2018-02-25,528.0,0.0,0.0,0.0,-13.25,0.0,3.887362950218046,0.06079121703073594,0.5702422926917871,0.0,-2.0
2018-02-26,523.0,0.0,0.0,0.0,-11.87,0.0,3.304258507685339,0.051672534476125555,0.5560174366570446,0.0,-5.0
2018-02-27,520.0,0.0,0.0,0.0,-14.05,0.0,2.8086197315325383,0.04392165430470672,0.5416278206559814,0.0,-3.0
2018-02-28,516.0,0.0,0.0,0.0,-14.04,0.0,2.3873267718026576,0.037333406159000715,0.5270777086423722,0.0,-4.0
2018-03-01,511.0,0.0,0.0,2.0,-11.49,1.0,3.029227756032259,0.047371558640326376,0.5123714121284237,0.0,-5.0
2018-03-02,507.0,0.0,0.0,0.0,-7.65,0.0,2.57484359262742,0.04026582484427741,0.49751328890718066,0.0,-4.0
2018-03-03,505.0,0.0,0.0,0.0,-9.28,0.0,2.188617053733307,0.0342259511176358,0.48250774176121847,0.0,-2.0
2018-03-04,502.0,0.0,0.0,0.0,-6.52,0.0,1.860324495673311,0.02909205844999043,0.46735921715800227,0.0,-3.0
2018-03-05,502.0,0.0,0.0,0.0,-5.71,0.0,1.5812758213223141,0.024728249682491866,0.45207220393230435,0.0,0.0
2018-03-06,499.0,0.0,0.0,0.0,-0.47,0.0,1.3440844481239669,0.02101901223011808,0.43665123195606403,0.0,-3.0
2018-03-07,496.0,0.0,0.0,0.0,-1.1,0.0,1.1424717809053717,0.017866160395600367,0.4211008707960896,0.0,-3.0
2018-03-08,490.0,0.0,0.0,0.4,0.61,0.2,1.1711010137695659,0.018313869017295464,0.40542572835999735,0.7625,-6.0
2018-03-09,492.0,0.0,0.0,0.3,2.27,0.15,1.145435861704131,0.01791251317547751,0.38963044953078796,2.8375,2.0
2018-03-10,496.0,0.0,0.0,0.4,1.12,0.2,1.1736204824485112,0.018353268880191034,0.37371971479046906,1.4000000000000001,4.0
2018-03-11,499.0,0.0,0.0,0.3,2.37,0.15,1.1475774100812346,0.017946003058938745,0.35769823883312546,2.9625000000000004,3.0
2018-03-12,512.0,0.0,0.0,2.4,5.55,1.2,2.175440798569049,0.03401989868630884,0.3415707691678556,6.9375,13.0
2018-03-13,541.0,0.0,0.0,8.0,4.29,4.0,5.849124678783692,0.09146956750406558,0.3253420847119801,5.3625,29.0
2018-03-14,572.0,0.0,0.0,0.6,0.67,0.3,5.271755976966138,0.08244058140000847,0.30901699437494745,0.8375,31.0
2018-03-15,579.0,0.0,0.0,0.0,-1.6,0.0,4.480992580421217,0.0700744941900072,0.29260033563334836,0.0,7.0
2018-03-16,549.0,0.0,0.0,0.0,-4.88,0.0,3.8088436933580345,0.059563320061506116,0.27609697309746883,0.0,-30.0
2018-03-17,534.0,0.0,0.0,0.0,-5.2,0.0,3.2375171393543294,0.0506288220522802,0.2595117970697999,0.0,-15.0
2018-03-18,543.0,0.0,0.0,0.0,-3.06,0.0,2.7518895684511797,0.04303449874443817,0.2428497220959356,0.0,9.0
2018-03-19,546.0,0.0,0.0,0.0,0.98,0.0,2.3391061331835026,0.03657932393277244,0.22611568550828828,1.225,3.0
2018-03-20,541.0,0.0,0.0,0.3,0.23,0.15,2.138240213205977,0.033438149853632936,0.20931464596304847,0.28750000000000003,-5.0
2018-03-21,541.0,0.0,0.0,0.0,-0.35,0.0,1.8175041812250805,0.028422427375587995,0.19245158197082998,0.0,0.0
2018-03-22,536.0,0.0,0.0,0.3,1.91,0.15,1.6948785540413183,0.026504787780026157,0.1755314904214282,2.3874999999999997,-5.0
2018-03-23,532.0,0.0,0.0,0.0,1.45,0.0,1.4406467709351205,0.022529069613022232,0.15855938510313478,1.8125,-4.0
2018-03-24,528.0,0.0,0.0,0.0,1.05,0.0,1.2245497552948523,0.019149709171068896,0.141540295217043,1.3125,-4.0
2018-03-25,530.0,0.0,0.0,0.0,3.38,0.0,1.0408672920006246,0.016277252795408564,0.12447926388678915,4.225,2.0
2018-03-26,532.0,0.0,0.0,0.6,2.15,0.3,1.1847371982005308,0.018527113897650008,0.10738134666416309,2.6875,2.0
2018-03-27,532.0,0.0,0.0,0.0,-0.99,0.0,1.007026618470451,0.015748046813002504,0.09025161003104117,0.0,0.0
2018-03-28,523.0,0.0,0.0,0.0,-1.34,0.0,0.8559726256998834,0.013385839791052128,0.07309512989807777,0.0,-9.0
2018-03-29,511.0,0.0,0.0,0.2,0.72,0.1,0.8275767318449009,0.012941780162911885,0.055916990100603484,0.8999999999999999,-12.0
2018-03-30,509.0,0.0,0.0,3.2,0.85,1.6,2.303440222068166,0.036021574586756325,0.03872228089217446,1.0625,-2.0
2018-03-31,506.0,0.0,0.0,0.0,1.8,0.0,1.9579241887579408,0.030618338398742877,0.021516097436222254,2.25,-3.0
2018-04-01,500.0,0.0,0.0,11.2,2.64,5.6,7.2642355604442495,0.11359930270791573,0.004303538296244289,3.3000000000000003,-6.0
2018-04-02,542.0,0.0,0.0,2.0,1.65,1.0,7.174600226377612,0.11219757070690413,-0.01291029607500882,2.0625,42.0
2018-04-03,533.0,0.0,0.0,2.9,3.23,1.45,7.54841019242097,0.11804327203837336,-0.030120304846908114,4.0375,-9.0
2018-04-04,535.0,0.0,0.0,0.4,9.51,0.2,6.616148663557825,0.10346441391365252,-0.04732138832243185,11.8875,2.0
2018-04-05,555.0,0.0,0.0,0.5,7.24,0.25,5.873726364024151,0.09185429267789857,-0.06450844944931623,9.05,20.0
2018-04-06,565.0,0.0,0.0,0.0,4.02,0.0,4.992667409420528,0.07807614877621379,-0.08167639533042241,5.0249999999999995,10.0
2018-04-07,551.0,0.0,0.0,0.0,6.55,0.0,4.243767298007448,0.06636472645978171,-0.09882013873287143,8.1875,-14.0
2018-04-08,538.0,0.0,0.0,0.0,12.9,0.0,3.607202203306331,0.05641001749081445,-0.11593459959550041,16.125,-13.0
2018-04-09,530.0,0.0,0.0,2.7,12.98,1.35,4.416121872810381,0.06906003546417956,-0.1330147065341959,16.225,-8.0
2018-04-10,528.0,0.0,0.0,0.0,7.81,0.0,3.7537035918888235,0.05870103014455262,-0.1500553983446526,9.7625,-2.0
2018-04-11,525.0,0.0,0.0,0.0,7.84,0.0,3.1906480531055,0.04989587562286973,-0.16705162550211924,9.8,-3.0
2018-04-12,527.0,0.0,0.0,0.0,10.45,0.0,2.7120508451396748,0.042411494279439264,-0.18399835165768005,13.0625,2.0
2018-04-13,522.0,0.0,0.0,0.0,13.42,0.0,2.3052432183687235,0.036049770137523376,-0.20089055513063506,16.775,-5.0
2018-04-14,519.0,0.0,0.0,1.5,13.48,0.75,2.709456735613415,0.042370927170776694,-0.21772323039653177,16.85,-3.0
2018-04-15,516.0,0.0,0.0,0.0,12.4,0.0,2.303038225271403,0.03601528809516019,-0.23449138957040985,15.5,-3.0
2018-04-16,511.0,0.0,0.0,0.0,13.88,0.0,1.9575824914806923,0.03061299488088616,-0.25119006388481935,17.35,-5.0
2018-04-17,508.0,0.0,0.0,5.3,6.69,2.65,4.313945117758588,0.06746217867246901,-0.2678143051621742,8.3625,-3.0
2018-04-18,511.0,0.0,0.0,0.0,6.88,0.0,3.6668533500948,0.057342851871598655,-0.2843591872810034,8.6,3.0
2018-04-19,512.0,0.0,0.0,0.0,7.02,0.0,3.11682534758058,0.048741424090858854,-0.30081980763566735,8.774999999999999,1.0
2018-04-20,512.0,0.0,0.0,0.0,8.4,0.0,2.649301545443493,0.04143021047723003,-0.3171912885891061,10.5,0.0
2018-04-21,516.0,0.0,0.0,0.0,7.9,0.0,2.251906313626969,0.035215678905645524,-0.3334687789181868,9.875,4.0
2018-04-22,509.0,0.0,0.0,0.0,6.95,0.0,1.9141203665829234,0.029933327069798694,-0.3496474552512284,8.6875,-7.0
2018-04-23,504.0,0.0,0.0,2.4,9.6,1.2,2.8270023115954848,0.0442091240955398,-0.36572252349726897,12.0,-5.0
2018-04-24,504.0,0.0,0.0,2.7,7.5,1.35,3.752951964856162,0.058689276078196115,-0.3816892202666588,9.375,0.0
2018-04-25,509.0,0.0,0.0,7.4,7.0,3.7,6.890009170127738,0.10774708926561703,-0.39754281428255595,8.75,5.0
2018-04-26,513.0,0.0,0.0,0.0,6.92,0.0,5.856507794608577,0.09158502587577447,-0.4132786077829042,8.65,4.0
2018-04-27,516.0,0.0,0.0,0.0,7.53,0.0,4.97803162541729,0.0778472719944083,-0.4288919379124835,9.4125,3.0
2018-04-28,510.0,0.0,0.0,0.0,10.87,0.0,4.231326881604696,0.06617018119524705,-0.4443781781046132,13.587499999999999,-6.0
2018-04-29,504.0,0.0,0.0,0.0,9.82,0.0,3.5966278493639914,0.05624465401595998,-0.45973273945210397,12.275,-6.0
2018-04-30,504.0,0.0,0.0,5.3,16.55,2.65,5.707133671959392,0.08924908893728176,-0.47495107206704995,20.6875,0.0
2018-05-01,504.0,0.0,0.0,6.0,12.83,3.0,7.851063621165483,0.12277621581221679,-0.49002866642905923,16.0375,0.0
2018-05-02,509.0,0.0,0.0,0.0,9.45,0.0,6.673404077990661,0.10435978344038427,-0.5049610547215204,11.8125,5.0
2018-05-03,505.0,0.0,0.0,7.4,11.98,3.7,9.372393466292062,0.14656702052347695,-0.5197438121555155,14.975000000000001,-4.0
2018-05-04,507.0,0.0,0.0,0.0,8.45,0.0,7.966534446348252,0.12458196744495541,-0.5343725582809787,10.5625,2.0
2018-05-05,505.0,0.0,0.0,0.0,7.92,0.0,6.771554279396014,0.10589467232821209,-0.548842958284719,9.9,-2.0
2018-05-06,504.0,0.0,0.0,0.0,9.0,0.0,5.7558211374866115,0.09001047147898027,-0.5631507242749186,11.25,-1.0
2018-05-07,502.0,0.0,0.0,0.0,10.83,0.0,4.89244796686362,0.07650890075713324,-0.5772916165517272,13.5375,-2.0
2018-05-08,500.0,0.0,0.0,0.0,14.93,0.0,4.158580771834077,0.06503256564356326,-0.5912614448635781,18.6625,-2.0
2018-05-09,498.0,0.0,0.0,0.0,19.35,0.0,3.5347936560589654,0.055277680797028765,-0.6050560696488488,24.1875,-2.0
2018-05-10,498.0,0.0,0.0,0.0,21.72,0.0,3.0045746076501207,0.04698602867747445,-0.6186714032625031,27.15,0.0
2018-05-11,497.0,0.0,0.0,0.0,21.13,0.0,2.5538884165026023,0.03993812437585328,-0.6321034111873487,26.412499999999998,-1.0
2018-05-12,495.0,0.0,0.0,0.0,18.23,0.0,2.170805154027212,0.033947405719475285,-0.6453481132295501,22.7875,-2.0
2018-05-13,494.0,0.0,0.0,0.0,21.4,0.0,1.84518438092313,0.02885529486155399,-0.6584015846980488,26.75,-1.0
2018-05-14,493.0,0.0,0.0,0.0,18.58,0.0,1.5684067237846606,0.024527000632320894,-0.6712599575675313,23.224999999999998,-1.0
2018-05-15,495.0,0.0,0.0,0.0,15.9,0.0,1.3331457152169615,0.020847950537472758,-0.6839194216246106,19.875,2.0
2018-05-16,491.0,0.0,0.0,0.0,16.37,0.0,1.1331738579344173,0.017720757956851844,-0.6963762255968722,20.462500000000002,-4.0
2018-05-17,492.0,0.0,0.0,0.0,16.98,0.0,0.9631977792442546,0.015062644263324067,-0.7086266782644596,21.225,1.0
2018-05-18,503.0,0.0,0.0,0.3,11.01,0.15,0.9687181123576164,0.015148972134601821,-0.7206671495538609,13.7625,11.0
2018-05-19,502.0,0.0,0.0,0.0,8.99,0.0,0.8234103955039739,0.012876626314411548,-0.7324940716135789,11.2375,-1.0
2018-05-20,506.0,0.0,0.0,0.0,11.57,0.0,0.6998988361783778,0.010945132367249815,-0.7441039398713607,14.4625,4.0
2018-05-21,501.0,0.0,0.0,0.0,16.45,0.0,0.5949140107516211,0.009303362512162343,-0.7554933140726803,20.5625,-5.0
2018-05-22,499.0,0.0,0.0,1.6,15.27,0.8,1.305676909138878,0.020418388859478605,-0.766658819300159,19.0875,-2.0
2018-05-23,498.0,0.0,0.0,0.0,12.82,0.0,1.1098253727680463,0.017355630530556814,-0.777597146973627,16.025,-1.0
2018-05-24,498.0,0.0,0.0,0.0,12.25,0.0,0.9433515668528393,0.01475228595097329,-0.7883050558305255,15.3125,0.0
2018-05-25,498.0,0.0,0.0,0.0,20.79,0.0,0.8018488318249134,0.012539443058327297,-0.7987793728863649,25.987499999999997,0.0
2018-05-26,498.0,0.0,0.0,3.4,17.15,1.7,2.3815715070511763,0.037243404388377,-0.8090169943749473,21.4375,0.0
2018-05-27,495.0,0.0,0.0,0.0,16.82,0.0,2.0243357809935,0.03165689373012045,-0.8190148866680801,21.025,-3.0
2018-05-28,492.0,0.0,0.0,0.0,20.44,0.0,1.720685413844475,0.026908359670602382,-0.8287700871745037,25.55,-3.0
2018-05-29,490.0,0.0,0.0,0.0,22.68,0.0,1.4625826017678036,0.022872105720012026,-0.8382797052177743,28.35,-2.0
2018-05-30,485.0,0.0,0.0,0.0,21.41,0.0,1.243195211502633,0.01944128986201022,-0.8475409228928311,26.7625,-5.0
2018-05-31,483.0,0.0,0.0,0.0,20.69,0.0,1.056715929777238,0.016525096382708684,-0.8565509959010036,25.8625,-2.0
2018-06-01,482.0,0.0,0.0,0.0,20.68,0.0,0.8982085403106522,0.014046331925302382,-0.865307254363206,25.85,-1.0
2018-06-02,480.0,0.0,0.0,0.0,17.14,0.0,0.7634772592640544,0.011939382136507025,-0.8738071036110808,21.425,-2.0
2018-06-03,479.0,0.0,0.0,0.0,17.11,0.0,0.6489556703744462,0.010148474816030971,-0.8820480249558537,21.3875,-1.0
2018-06-04,482.0,0.0,0.0,0.0,16.13,0.0,0.5516123198182793,0.008626203593626326,-0.8900275764346767,20.162499999999998,3.0
2018-06-05,477.0,0.0,0.0,0.0,10.02,0.0,0.4688704718455374,0.007332273054582376,-0.8977433935342337,12.524999999999999,-5.0
2018-06-06,476.0,0.0,0.0,0.0,9.84,0.0,0.39853990106870674,0.006232432096395019,-0.9051931898913974,12.3,-1.0
2018-06-07,481.0,0.0,0.0,0.0,12.63,0.0,0.33875891590840074,0.005297567281935767,-0.9123747579707273,15.787500000000001,5.0
2018-06-08,481.0,0.0,0.0,0.0,15.06,0.0,0.28794507852214063,0.004502932189645401,-0.9192859697186104,18.825,0.0
2018-06-09,480.0,0.0,0.0,0.0,17.48,0.0,0.24475331674381953,0.0038274923611985915,-0.9259247771938498,21.85,-1.0
2018-06-10,481.0,0.0,0.0,0.0,20.59,0.0,0.20804031923224658,0.0032533685070188023,-0.9322892131745133,25.7375,1.0
2018-06-11,480.0,0.0,0.0,2.7,16.78,1.35,1.5268342713474097,0.023876883827953266,-0.9383773917408641,20.975,-1.0
2018-06-12,489.0,0.0,0.0,0.3,15.6,0.15,1.447809130645298,0.02264107576453664,-0.9441875088341993,19.5,9.0
2018-06-13,486.0,0.0,0.0,0.0,15.28,0.0,1.2306377610485033,0.019244914399856143,-0.9497178427914316,19.099999999999998,-3.0
2018-06-14,487.0,0.0,0.0,0.0,16.25,0.0,1.0460420968912278,0.01635817723987772,-0.9549667548552551,20.3125,1.0
2018-06-15,491.0,0.0,0.0,0.0,15.72,0.0,0.8891357823575436,0.013904450653896063,-0.9599326896597447,19.650000000000002,4.0
2018-06-16,490.0,0.0,0.0,0.0,16.4,0.0,0.755765415003912,0.011818783055811652,-0.9646141756912435,20.5,-1.0
2018-06-17,493.0,0.0,0.0,0.0,18.42,0.0,0.6424006027533252,0.010045965597439904,-0.9690098257244062,23.025000000000002,3.0
2018-06-18,495.0,0.0,0.0,0.0,18.42,0.0,0.5460405123403265,0.00853907075782392,-0.9731183372332619,23.025000000000002,2.0
2018-06-19,500.0,0.0,0.0,0.0,18.36,0.0,0.46413443548927746,0.007258210144150331,-0.9769384927771817,22.95,5.0
2018-06-20,500.0,0.0,0.0,0.0,17.28,0.0,0.39451427016588586,0.006169478622527781,-0.980469160361632,21.6,0.0
2018-06-21,499.0,0.0,0.0,3.4,17.93,1.7,2.035337129641003,0.03182893461794741,-0.9837092937736097,22.4125,-1.0
2018-06-22,513.0,0.0,0.0,0.4,15.61,0.2,1.9300365601948524,0.03018222710629045,-0.986657932891657,19.5125,14.0
2018-06-23,503.0,0.0,0.0,2.0,14.28,1.0,2.640531076165624,0.04129305644552264,-0.9893142039703663,17.849999999999998,-10.0
2018-06-24,504.0,0.0,0.0,7.1,13.35,3.55,5.794451414740781,0.09061457806706821,-0.99167731989929,16.6875,1.0
2018-06-25,519.0,0.0,0.0,2.1,13.5,1.05,5.975283702529663,0.09344246293244253,-0.993746580436178,16.875,15.0
2018-06-26,514.0,0.0,0.0,0.0,15.62,0.0,5.078991147150213,0.07942609349257614,-0.9955213724144752,19.525,-5.0
2018-06-27,512.0,0.0,0.0,0.0,19.96,0.0,4.317142475077681,0.06751217946868972,-0.9970011699250151,24.950000000000003,-2.0
2018-06-28,512.0,0.0,0.0,0.0,20.21,0.0,3.6695711038160286,0.057385352548386254,-0.9981855344718586,25.262500000000003,0.0
2018-06-29,504.0,0.0,0.0,0.0,15.65,0.0,3.119135438243624,0.048777549666128316,-0.99907411510223,19.5625,-8.0
2018-06-30,510.0,0.0,0.0,0.6,13.54,0.3,2.9512651225070803,0.04615236623776179,-0.9996666485105112,16.924999999999997,6.0
2018-07-01,514.0,0.0,0.0,0.0,12.59,0.0,2.5085753541310183,0.03922951130209752,-0.9999629591162655,15.7375,4.0
2018-07-02,519.0,0.0,0.0,4.4,10.27,2.2,4.332289051011365,0.06774904409816958,-0.9999629591162655,12.837499999999999,5.0
2018-07-03,526.0,0.0,0.0,1.2,10.8,0.6,4.28244569335966,0.0669695855265496,-0.9996666485105112,13.5,7.0
2018-07-04,520.0,0.0,0.0,0.0,14.34,0.0,3.640078839355711,0.05692414769756715,-0.99907411510223,17.925,-6.0
2018-07-05,516.0,0.0,0.0,0.0,14.47,0.0,3.0940670134523542,0.04838552554293207,-0.9981855344718586,18.087500000000002,-4.0
2018-07-06,510.0,0.0,0.0,0.0,15.23,0.0,2.629956961434501,0.04112769671149226,-0.9970011699250151,19.0375,-6.0
2018-07-07,510.0,0.0,0.0,0.0,15.94,0.0,2.2354634172193255,0.03495854220476842,-0.9955213724144752,19.925,0.0
2018-07-08,510.0,0.0,0.0,0.0,16.21,0.0,1.9001439046364266,0.029714760874053153,-0.9937465804361781,20.262500000000003,0.0
2018-07-09,511.0,0.0,0.0,0.0,16.98,0.0,1.6151223189409625,0.02525754674294518,-0.99167731989929,21.225,1.0
2018-07-10,509.0,0.0,0.0,0.0,17.85,0.0,1.372853971099818,0.0214689147315034,-0.9893142039703664,22.3125,-2.0
2018-07-11,510.0,0.0,0.0,0.4,20.73,0.2,1.3669258754348452,0.021376210202813044,-0.9866579328916572,25.9125,1.0
2018-07-12,512.0,0.0,0.0,3.5,19.24,1.75,2.9118869941196186,0.04553656463144868,-0.9837092937736098,24.049999999999997,2.0
2018-07-13,510.0,0.0,0.0,6.7,17.62,3.35,5.8251039450016755,0.09109392734407018,-0.9804691603616321,22.025000000000002,-2.0
2018-07-14,509.0,0.0,0.0,17.9,17.8,8.95,13.901338353251424,0.21739140071878274,-0.9769384927771817,22.25,-1.0
2018-07-15,516.0,0.0,0.0,0.0,18.6,0.0,11.81613760026371,0.18478269061096533,-0.973118337233262,23.25,7.0
2018-07-16,518.0,0.0,0.0,2.1,22.03,1.05,11.093716960224155,0.1734853585947551,-0.9690098257244063,27.5375,2.0
2018-07-17,519.0,0.0,0.0,11.9,23.02,5.95,15.379659416190531,0.24050962706633763,-0.9646141756912435,28.775,1.0
2018-07-18,517.0,0.0,0.0,0.0,24.77,0.0,13.072710503761952,0.204433183006387,-0.9599326896597445,30.9625,-2.0
2018-07-19,515.0,0.0,0.0,0.0,21.8,0.0,11.11180392819766,0.17376820555542893,-0.9549667548552553,27.25,-2.0
2018-07-20,513.0,0.0,0.0,0.0,20.09,0.0,9.44503333896801,0.1477029747221146,-0.9497178427914317,25.1125,-2.0
2018-07-21,515.0,0.0,0.0,0.0,21.3,0.0,8.028278338122808,0.1255475285137974,-0.9441875088341994,26.625,2.0
2018-07-22,512.0,0.0,0.0,0.0,21.25,0.0,6.824036587404387,0.10671539923672779,-0.9383773917408642,26.5625,-3.0
2018-07-23,510.0,0.0,0.0,0.0,20.79,0.0,5.8004310992937285,0.09070808935121862,-0.9322892131745134,25.987499999999997,-2.0
2018-07-24,509.0,0.0,0.0,0.0,20.84,0.0,4.930366434399669,0.07710187594853583,-0.9259247771938499,26.05,-1.0
2018-07-25,511.0,0.0,0.0,0.0,22.25,0.0,4.190811469239719,0.06553659455625546,-0.9192859697186105,27.8125,2.0
2018-07-26,510.0,0.0,0.0,0.0,23.38,0.0,3.5621897488537613,0.05570610537281714,-0.9123747579707274,29.224999999999998,-1.0
2018-07-27,511.0,0.0,0.0,0.0,24.2,0.0,3.027861286525697,0.04735018956689457,-0.9051931898913975,30.25,1.0
2018-07-28,512.0,0.0,0.0,1.8,23.97,0.9,3.4736820935468424,0.05432200819651857,-0.8977433935342336,29.9625,1.0
2018-07-29,510.0,0.0,0.0,8.4,24.06,4.2,7.152629779514816,0.111853993268779,-0.8900275764346766,30.075,-2.0
2018-07-30,509.0,0.0,0.0,0.0,22.4,0.0,6.0797353125875935,0.09507589427846214,-0.8820480249558535,28.0,-1.0
2018-07-31,509.0,0.0,0.0,0.0,24.77,0.0,5.167775015699454,0.08081451013669282,-0.8738071036110807,30.9625,0.0
2018-08-01,506.0,0.0,0.0,9.1,24.31,4.55,8.942608763344536,0.13984597710973862,-0.8653072543632061,30.3875,-3.0
2018-08-02,502.0,0.0,0.0,0.0,25.25,0.0,7.601217448842855,0.11886908054327783,-0.8565509959010037,31.5625,-4.0
2018-08-03,501.0,0.0,0.0,0.0,24.75,0.0,6.461034831516427,0.10103871846178615,-0.8475409228928312,30.9375,-1.0
2018-08-04,502.0,0.0,0.0,0.0,24.41,0.0,5.491879606788963,0.08588291069251823,-0.8382797052177745,30.5125,1.0
2018-08-05,506.0,0.0,0.0,0.0,23.25,0.0,4.668097665770619,0.0730004740886405,-0.828770087174504,29.0625,4.0
2018-08-06,511.0,0.0,0.0,0.0,21.5,0.0,3.967883015905026,0.06205040297534442,-0.8190148866680802,26.875,5.0
2018-08-07,512.0,0.0,0.0,0.0,21.84,0.0,3.3727005635192717,0.05274284252904275,-0.8090169943749472,27.3,1.0
2018-08-08,509.0,0.0,0.0,0.0,24.33,0.0,2.866795478991381,0.04483141614968634,-0.7987793728863648,30.412499999999998,-3.0
2018-08-09,508.0,0.0,0.0,0.0,26.67,0.0,2.4367761571426736,0.03810670372723338,-0.7883050558305253,33.337500000000006,-1.0
2018-08-10,504.0,0.0,0.0,13.8,23.45,6.9,8.971259733571273,0.14029402566386115,-0.7775971469736268,29.3125,-4.0
2018-08-11,504.0,0.0,0.0,4.4,19.63,2.2,9.825570773535581,0.15365388130566865,-0.7666588193001592,24.537499999999998,0.0
2018-08-12,526.0,0.0,0.0,5.1,18.35,2.55,10.901735157505243,0.17048311579301653,-0.7554933140726804,22.9375,22.0
2018-08-13,510.0,0.0,0.0,0.9,17.31,0.45,9.716474883879455,0.15194782195639311,-0.7441039398713608,21.6375,-16.0
2018-08-14,506.0,0.0,0.0,3.4,17.43,1.7,9.959003651297536,0.15574052645173295,-0.7324940716135792,21.7875,-4.0
2018-08-15,512.0,0.0,0.0,0.0,19.47,0.0,8.465153103602905,0.13237944748397298,-0.7206671495538615,24.3375,6.0
2018-08-16,512.0,0.0,0.0,0.0,19.25,0.0,7.195380138062469,0.11252253036137705,-0.7086266782644601,24.0625,0.0
2018-08-17,511.0,0.0,0.0,0.0,20.45,0.0,6.116073117353099,0.0956441508071705,-0.6963762255968726,25.5625,-1.0
2018-08-18,509.0,0.0,0.0,0.0,20.05,0.0,5.198662149750134,0.08129752818609491,-0.6839194216246105,25.0625,-2.0
2018-08-19,511.0,0.0,0.0,0.0,20.07,0.0,4.418862827287613,0.06910289895818067,-0.6712599575675315,25.0875,2.0
2018-08-20,514.0,0.0,0.0,0.8,20.52,0.4,4.1560334031944715,0.06499272947652387,-0.6584015846980489,25.65,3.0
2018-08-21,515.0,0.0,0.0,0.0,17.93,0.0,3.5326283927153006,0.055243820055045294,-0.64534811322955,22.4125,1.0
2018-08-22,510.0,0.0,0.0,0.0,16.59,0.0,3.0027341338080054,0.0469572470467885,-0.6321034111873488,20.7375,-5.0
2018-08-23,510.0,0.0,0.0,0.0,20.0,0.0,2.5523240137368046,0.03991365998977022,-0.6186714032625032,25.0,0.0
2018-08-24,510.0,0.0,0.0,1.3,20.69,0.65,2.819475411676284,0.044091417204668935,-0.6050560696488494,25.8625,0.0
2018-08-25,511.0,0.0,0.0,0.2,17.62,0.1,2.4965540999248415,0.039041520964486175,-0.5912614448635782,22.025000000000002,1.0
2018-08-26,514.0,0.0,0.0,0.0,17.45,0.0,2.1220709849361152,0.03318529281981325,-0.5772916165517278,21.8125,3.0
2018-08-27,514.0,0.0,0.0,0.0,17.92,0.0,1.8037603371956978,0.02820749889684126,-0.5631507242749187,22.400000000000002,0.0
2018-08-28,511.0,0.0,0.0,1.4,16.83,0.7,2.233196286616343,0.034923088445938104,-0.5488429582847199,21.037499999999998,-3.0
2018-08-29,513.0,0.0,0.0,0.0,16.21,0.0,1.8982168436238915,0.029684625179047387,-0.5343725582809785,20.262500000000003,2.0
2018-08-30,515.0,0.0,0.0,0.0,17.37,0.0,1.6134843170803077,0.025231931402190277,-0.5197438121555157,21.712500000000002,2.0
2018-08-31,515.0,0.0,0.0,12.4,17.48,6.2,7.5714616695182615,0.11840375480395147,-0.5049610547215202,21.85,0.0
2018-09-01,517.0,0.0,0.0,0.0,18.82,0.0,6.435742419090522,0.10064319158335874,-0.4900286664290594,23.525,2.0
2018-09-02,513.0,0.0,0.0,0.0,18.15,0.0,5.470381056226944,0.08554671284585494,-0.4749510720670502,22.6875,-4.0
2018-09-03,513.0,0.0,0.0,0.0,17.87,0.0,4.649823897792902,0.07271470591897669,-0.4597327394521046,22.337500000000002,0.0
2018-09-04,512.0,0.0,0.0,0.0,18.62,0.0,3.9523503131239663,0.06180750003113018,-0.44437817810461344,23.275000000000002,-1.0
2018-09-05,512.0,0.0,0.0,0.0,17.3,0.0,3.3594977661553713,0.052536375026460656,-0.4288919379124841,21.625,0.0
2018-09-06,513.0,0.0,0.0,0.0,18.79,0.0,2.8555731012320655,0.04465591877249156,-0.41327860778290443,23.487499999999997,1.0
2018-09-07,510.0,0.0,0.0,0.0,20.36,0.0,2.4272371360472556,0.03795753095661782,-0.3975428142825566,25.45,-3.0
2018-09-08,509.0,0.0,0.0,0.0,18.42,0.0,2.063151565640167,0.03226390131312515,-0.3816892202666586,23.025000000000002,-1.0
2018-09-09,507.0,0.0,0.0,0.0,15.15,0.0,1.753678830794142,0.027424316116156373,-0.3657225234972692,18.9375,-2.0
2018-09-10,505.0,0.0,0.0,0.0,15.34,0.0,1.4906270061750206,0.023310668698732915,-0.34964745525122826,19.175,-2.0
2018-09-11,502.0,0.0,0.0,2.3,17.5,1.15,2.4170329552487675,0.037797956309875105,-0.33346877891818705,21.875,-3.0
2018-09-12,509.0,0.0,0.0,1.1,17.57,0.55,2.6044780119614526,0.040729252736240514,-0.31719128858910595,21.9625,7.0
2018-09-13,512.0,0.0,0.0,0.0,16.34,0.0,2.2138063101672345,0.03461986482580443,-0.300819807635668,20.425,3.0
2018-09-14,500.0,0.0,0.0,0.0,16.26,0.0,1.8817353636421492,0.029426885101933767,-0.2843591872810036,20.325000000000003,-12.0
2018-09-15,504.0,0.0,0.0,10.1,15.0,5.05,6.649475059095827,0.10398557753278131,-0.26781430516217486,18.75,4.0
2018-09-16,505.0,0.0,0.0,0.7,15.66,0.35,6.002053800231452,0.09386109809467562,-0.25119006388481957,19.575,1.0
2018-09-17,513.0,0.0,0.0,0.0,17.76,0.0,5.1017457301967335,0.07978193338047426,-0.23449138957041052,22.200000000000003,8.0
2018-09-18,510.0,0.0,0.0,0.0,18.37,0.0,4.336483870667223,0.06781464337340312,-0.21772323039653224,22.962500000000002,-3.0
2018-09-19,507.0,0.0,0.0,0.0,17.72,0.0,3.6860112900671393,0.05764244686739265,-0.20089055513063528,22.15,-3.0
2018-09-20,506.0,0.0,0.0,0.0,17.92,0.0,3.1331095965570683,0.04899607983728375,-0.18399835165767986,22.400000000000002,-1.0
2018-09-21,507.0,0.0,0.0,0.0,20.54,0.0,2.663143157073508,0.04164666786169118,-0.1670516255021195,25.674999999999997,1.0
2018-09-22,520.0,0.0,0.0,16.4,14.34,8.2,10.46367168351248,0.16363260760487874,-0.15005539834465262,17.925,13.0
2018-09-23,528.0,0.0,0.0,8.9,13.2,4.45,13.344120930985607,0.20867754361717908,-0.13301470653419636,16.5,8.0
2018-09-24,517.0,0.0,0.0,14.6,9.69,7.3,18.642502791337765,0.2915345049323853,-0.11593459959550066,12.112499999999999,-11.0
2018-09-25,521.0,0.0,0.0,7.6,10.71,3.8,19.6461273726371,0.3072293501321954,-0.09882013873287211,13.387500000000001,4.0
2018-09-26,546.0,0.0,0.0,14.2,13.01,7.1,23.799208266741537,0.372175907789114,-0.08167639533042288,16.2625,25.0
2018-09-27,558.0,0.0,0.0,0.0,15.05,0.0,20.229327026730306,0.3163495216207469,-0.06450844944931625,18.8125,12.0
2018-09-28,556.0,0.0,0.0,5.3,11.96,2.65,19.844927972720757,0.3103382264013506,-0.04732138832243232,14.950000000000001,-2.0
2018-09-29,543.0,0.0,0.0,4.6,9.98,2.3,19.168188776812645,0.2997552682730523,-0.03012030484690836,12.475000000000001,-13.0
2018-09-30,546.0,0.0,0.0,0.0,13.37,0.0,16.292960460290747,0.2547919780320944,-0.012910296075008843,16.7125,3.0
2018-10-01,533.0,0.0,0.0,0.0,11.17,0.0,13.849016391247135,0.21657318132728026,0.004303538296243821,13.9625,-13.0
2018-10-02,541.0,0.0,0.0,13.0,11.17,6.5,18.271663932560067,0.2857352662618307,0.021516097436222233,13.9625,8.0
2018-10-03,559.0,0.0,0.0,12.1,10.2,6.05,21.580914342676056,0.3374858649238695,0.03872228089217399,12.75,18.0
2018-10-04,545.0,0.0,0.0,4.0,10.59,2.0,20.343777191274647,0.3181393119956406,0.05591699010060302,13.2375,-14.0
2018-10-05,566.0,0.0,0.0,7.5,13.63,3.75,21.04221061258345,0.3290615279657036,0.07309512989807776,17.0375,21.0
2018-10-06,549.0,0.0,0.0,0.0,13.01,0.0,17.88587902069593,0.27970229877084807,0.0902516100310407,16.2625,-17.0
2018-10-07,542.0,0.0,0.0,5.3,9.5,2.65,17.85299716759154,0.2791880869789366,0.10738134666416306,11.875,-7.0
2018-10-08,547.0,0.0,0.0,0.0,9.2,0.0,15.175047592452808,0.2373098739320961,0.12447926388678869,11.5,5.0
2018-10-09,544.0,0.0,0.0,0.0,13.32,0.0,12.898790453584887,0.20171339284228168,0.141540295217043,16.65,-3.0
2018-10-10,534.0,0.0,0.0,0.0,13.05,0.0,10.963971885547153,0.17145638391593943,0.15855938510313475,16.3125,-10.0
2018-10-11,527.0,0.0,0.0,0.0,13.24,0.0,9.31937610271508,0.14573792632854848,0.17553149042142777,16.55,-7.0
2018-10-12,529.0,0.0,0.0,0.0,15.16,0.0,7.921469687307817,0.12387723737926622,0.19245158197082995,18.95,2.0
2018-10-13,528.0,0.0,0.0,0.0,13.83,0.0,6.733249234211645,0.10529565177237628,0.20931464596304888,17.2875,-1.0
2018-10-14,522.0,0.0,0.0,0.0,14.76,0.0,5.723261849079898,0.08950130400651984,0.22611568550828803,18.45,-6.0
2018-10-15,518.0,0.0,0.0,0.0,14.47,0.0,4.864772571717913,0.07607610840554187,0.2428497220959358,18.087500000000002,-4.0
2018-10-16,515.0,0.0,0.0,0.0,12.02,0.0,4.135056685960226,0.06466469214471059,0.25951179706979943,15.024999999999999,-3.0
2018-10-17,512.0,0.0,0.0,0.0,11.36,0.0,3.514798183066192,0.05496498832300399,0.27609697309746883,14.2,-3.0
2018-10-18,515.0,0.0,0.0,0.0,11.84,0.0,2.987578455606263,0.04672024007455339,0.2926003356333479,14.8,3.0
2018-10-19,516.0,0.0,0.0,0.0,8.54,0.0,2.5394416872653234,0.03971220406337038,0.30901699437494723,10.674999999999999,1.0
2018-10-20,518.0,0.0,0.0,0.3,7.7,0.15,2.308525434175525,0.036101097964641185,0.3253420847119795,9.625,2.0
2018-10-21,521.0,0.0,0.0,0.0,9.72,0.0,1.962246619049196,0.030685933269945006,0.341570769167856,12.15,3.0
2018-10-22,523.0,0.0,0.0,3.3,11.4,1.65,3.317909626191817,0.05188601289799327,0.35769823883312546,14.25,2.0
2018-10-23,538.0,0.0,0.0,20.3,9.67,10.15,12.970223182263044,0.20283046952582828,0.3737197147904692,12.0875,15.0
2018-10-24,538.0,0.0,0.0,19.8,7.58,9.9,20.924689704923587,0.3272237168081941,0.38963044953078774,9.475,0.0
2018-10-25,551.0,0.0,0.0,6.9,7.49,3.45,21.235986249185046,0.3320918230348213,0.4054257283599973,9.3625,13.0
2018-10-26,570.0,0.0,0.0,12.4,7.15,6.2,24.250588311807288,0.3792346626916879,0.42110087079608916,8.9375,19.0
2018-10-27,572.0,0.0,0.0,15.8,8.57,7.9,28.513000065036195,0.44589095418882324,0.4366512319560638,10.7125,2.0
2018-10-28,580.0,0.0,0.0,0.0,3.66,0.0,24.236050055280764,0.37900731106049973,0.45207220393230374,4.575,8.0
2018-10-29,573.0,0.0,0.0,1.0,2.01,0.5,21.10064254698865,0.3299752961040126,0.46735921715800205,2.5124999999999997,-7.0
2018-10-30,562.0,0.0,0.0,0.0,10.38,0.0,17.93554616494035,0.2804790016884107,0.48250774176121763,12.975000000000001,-11.0
2018-10-31,547.0,0.0,0.0,0.0,10.42,0.0,15.245214240199298,0.2384071514351491,0.4975132889071803,13.025,-15.0
2018-11-01,537.0,0.0,0.0,0.0,9.5,0.0,12.958432104169402,0.20264607871987672,0.5123714121284235,11.875,-10.0
2018-11-02,525.0,0.0,0.0,0.0,11.5,0.0,11.014667288543992,0.1722491669118952,0.5270777086423724,14.375,-12.0
2018-11-03,520.0,0.0,0.0,0.0,9.88,0.0,9.362467195262393,0.14641179187511094,0.5416278206559811,12.350000000000001,-5.0
2018-11-04,518.0,0.0,0.0,0.0,6.97,0.0,7.958097115973034,0.1244500230938443,0.5560174366570446,8.7125,-2.0
2018-11-05,516.0,0.0,0.0,0.2,8.6,0.1,6.864382548577079,0.10734633597028523,0.5702422926917867,10.75,-2.0
2018-11-06,515.0,0.0,0.0,0.0,10.05,0.0,5.834725166290517,0.09124438557474245,0.5842981736283683,12.5625,-1.0
2018-11-07,510.0,0.0,0.0,0.0,8.74,0.0,4.95951639134694,0.07755772773853108,0.5981809144059159,10.925,-5.0
2018-11-08,511.0,0.0,0.0,0.0,5.99,0.0,4.2155889326448985,0.06592406857775142,0.6118864012687242,7.487500000000001,1.0
2018-11-09,508.0,0.0,0.0,0.0,5.18,0.0,3.5832505927481635,0.0560354582910887,0.6254105729852457,6.475,-3.0
2018-11-10,508.0,0.0,0.0,0.0,7.99,0.0,3.0457630038359387,0.04763013954742539,0.6387494220515268,9.9875,0.0
2018-11-11,508.0,0.0,0.0,0.0,5.37,0.0,2.588898553260548,0.04048561861531158,0.6518989958787125,6.7125,0.0
2018-11-12,506.0,0.0,0.0,1.4,7.69,0.7,2.9005637702714653,0.04535949020663787,0.6648553979642867,9.6125,-2.0
2018-11-13,500.0,0.0,0.0,13.1,9.08,6.55,9.015479204730745,0.14098553697954344,0.6776147890466887,11.35,-6.0
2018-11-14,500.0,0.0,0.0,1.6,9.49,0.8,8.463157324021134,0.13234823715675256,0.690173388242972,11.8625,0.0
2018-11-15,504.0,0.0,0.0,0.0,8.2,0.0,7.193683725417964,0.11249600158323966,0.7025274741691566,10.25,4.0
2018-11-16,508.0,0.0,0.0,0.0,4.86,0.0,6.114631166605269,0.09562160134575372,0.7146733860429608,6.075,4.0
2018-11-17,504.0,0.0,0.0,0.0,5.49,0.0,5.197436491614479,0.08127836114389066,0.726607524768565,6.862500000000001,-4.0
2018-11-18,502.0,0.0,0.0,0.2,5.96,0.1,4.517821017872306,0.07065042331282462,0.7383263540031063,7.45,-2.0
2018-11-19,504.0,0.0,0.0,0.0,3.1,0.0,3.84014786519146,0.06005285981590092,0.749826401204568,3.875,2.0
2018-11-20,506.0,0.0,0.0,0.0,0.0,0.0,3.2641256854127407,0.05104493084351578,0.7611042586607742,0.0,2.0
2018-11-21,503.0,0.0,0.0,0.0,-1.7,0.0,2.7745068326008298,0.04338819121698842,0.7721565844991641,0.0,-3.0
2018-11-22,500.0,0.0,0.0,0.0,-1.71,0.0,2.358330807710705,0.03687996253444015,0.7829801036770625,0.0,-3.0
2018-11-23,500.0,0.0,0.0,0.0,-1.27,0.0,2.0045811865540992,0.031347968154274125,0.7935716089521472,0.0,0.0
2018-11-24,497.0,0.0,0.0,1.8,0.54,0.9,2.6038940085709843,0.0407201199957912,0.8039279618328208,0.675,-3.0
2018-11-25,494.0,0.0,0.0,0.7,0.55,0.35,2.5633099072853365,0.04008545918823403,0.8140460935082175,0.6875,-3.0
2018-11-26,492.0,0.0,0.0,1.3,1.0,0.65,2.8288134211925358,0.04423744652336317,0.8239230057575536,1.25,-2.0
2018-11-27,494.0,0.0,0.0,1.1,0.51,0.55,2.9544914080136557,0.04620281941770537,0.8335557718385695,0.6375,2.0
2018-11-28,493.0,0.0,0.0,0.0,-3.48,0.0,2.511317696811607,0.03927239650504956,0.8429415373547832,0.0,-1.0
2018-11-29,494.0,0.0,0.0,0.0,-3.84,0.0,2.134620042289866,0.03338153702929212,0.8520775211013093,0.0,1.0
2018-11-30,497.0,0.0,0.0,0.0,-3.54,0.0,1.8144270359463859,0.028374306474898303,0.8609610158889945,0.0,3.0
2018-12-01,493.0,0.0,0.0,0.0,-6.81,0.0,1.542262980554428,0.024118160503663555,0.8695893893466109,0.0,-4.0
2018-12-02,489.0,0.0,0.0,0.0,-2.6,0.0,1.3109235334712637,0.020500436428114024,0.8779600847008883,0.0,-4.0
2018-12-03,487.0,0.0,0.0,9.2,1.95,4.6,5.714285003450573,0.08936092262770542,0.8860706215341377,2.4375,-2.0
2018-12-04,490.0,0.0,0.0,0.9,6.38,0.45,5.307142252932987,0.0829939577658787,0.893918596519257,7.975,3.0
2018-12-05,489.0,0.0,0.0,2.0,4.51,1.0,5.511070914993039,0.08618302750617265,0.9015016841318838,5.637499999999999,-1.0
2018-12-06,489.0,0.0,0.0,0.5,2.44,0.25,4.934410277744083,0.0771651142315407,0.9088176373395028,3.05,0.0
2018-12-07,486.0,0.0,0.0,6.5,1.69,3.25,7.4442487360824705,0.11641437816363083,0.9158642882672868,2.1125,-3.0
2018-12-08,492.0,0.0,0.0,9.3,5.58,4.65,10.977611425670101,0.17166968127315355,0.9226395488404875,6.975,6.0
2018-12-09,511.0,0.0,0.0,5.7,4.75,2.85,12.180969711819586,0.19048799478693143,0.9291414114031743,5.9375,19.0
2018-12-10,534.0,0.0,0.0,3.2,4.88,1.6,11.953824255046648,0.18693585701717294,0.935367949313148,6.1,23.0
2018-12-11,551.0,0.0,0.0,3.6,0.89,1.8,11.960750616789651,0.18704417259391337,0.941317317512847,1.1125,17.0
2018-12-12,548.0,0.0,0.0,0.0,0.87,0.0,10.166638024271203,0.15898754670482637,0.946987753076075,1.0875,-3.0
2018-12-13,540.0,0.0,0.0,0.0,-0.13,0.0,8.641642320630522,0.1351394146991024,0.9523775757303973,0.0,-8.0
2018-12-14,533.0,0.0,0.0,0.0,0.09,0.0,7.345395972535943,0.11486850249423704,0.9574851883550389,0.11249999999999999,-7.0
2018-12-15,523.0,0.0,0.0,0.2,-0.31,0.1,6.343586576655551,0.09920204346061905,0.9623090774541487,0.0,-10.0
2018-12-16,517.0,0.0,0.0,5.2,-0.74,2.6,7.992048590157218,0.12498096179498316,0.9668478136052773,0.0,-6.0
2018-12-17,512.0,0.0,0.0,0.0,-1.52,0.0,6.793241301633635,0.10623381752573569,0.9711000518829505,0.0,-5.0
2018-12-18,510.0,0.0,0.0,0.0,-1.03,0.0,5.77425510638859,0.09029874489687534,0.9750645322571945,0.0,-2.0
2018-12-19,509.0,0.0,0.0,0.0,-1.75,0.0,4.908116840430301,0.07675393316234404,0.9787400799669153,0.0,-1.0
2018-12-20,505.0,0.0,0.0,0.0,-3.38,0.0,4.1718993143657555,0.06524084318799242,0.9821256058680006,0.0,-4.0
2018-12-21,504.0,0.0,0.0,3.2,-3.8,1.6,5.146114417210892,0.08047577815807479,0.9852201067560606,0.0,-1.0
2018-12-22,504.0,0.0,0.0,3.1,-0.69,1.55,5.9241972546292585,0.092643564712386,0.9880226656636976,0.0,0.0
2018-12-23,508.0,0.0,0.0,3.2,0.87,1.6,6.63556766643487,0.10376809145380933,0.9905324521322227,1.0875,4.0
2018-12-24,507.0,0.0,0.0,0.7,-1.05,0.35,5.990232516469639,0.09367623492754944,0.9927487224577402,0.0,-1.0
2018-12-25,511.0,0.0,0.0,1.5,3.05,0.75,5.841697638999193,0.09135342224229885,0.9946708199115211,3.8125,4.0
2018-12-26,514.0,0.0,0.0,0.0,4.62,0.0,4.965442993149314,0.07765040890595402,0.9962981749346077,5.775,3.0
2018-12-27,514.0,0.0,0.0,2.5,4.73,1.25,5.470626544176917,0.08555055182653062,0.9976303053065857,5.9125000000000005,0.0
2018-12-28,515.0,0.0,0.0,2.3,4.27,1.15,5.8000325625503795,0.09070185696850316,0.9986668162884759,5.3374999999999995,1.0
2018-12-29,523.0,0.0,0.0,0.9,4.14,0.45,5.3800276781678225,0.08413375195555678,0.9994074007397048,5.175,8.0
2018-12-30,533.0,0.0,0.0,8.7,3.76,4.35,8.923023526442648,0.13953969997473784,0.9998518392091162,4.699999999999999,10.0
2018-12-31,547.0,0.0,0.0,0.0,1.25,0.0,7.584569997476251,0.11860874497852715,1.0,1.5625,14.0
2019-01-01,560.0,0.0,0.0,3.1,5.33,1.55,7.996884497854813,0.1250565865097705,0.9998518392091162,6.6625,13.0
2019-01-02,581.0,0.0,0.0,1.5,0.89,0.75,7.547351823176591,0.11802672108718675,0.9994074007397048,1.1125,21.0
2019-01-03,602.0,0.0,0.0,0.0,-2.46,0.0,6.415249049700102,0.10032271292410874,0.998666816288476,0.0,21.0
2019-01-04,600.0,0.0,0.0,6.0,1.35,3.0,8.452961692245086,0.13218879620101973,0.9976303053065857,1.6875,-2.0
2019-01-05,580.0,0.0,0.0,1.2,0.31,0.6,7.785017438408323,0.12174337481397221,0.9962981749346078,0.3875,-20.0
2019-01-06,560.0,0.0,0.0,0.0,-3.1,0.0,6.6172648226470745,0.10348186859187637,0.9946708199115211,0.0,-20.0
2019-01-07,563.0,0.0,0.0,1.3,0.25,0.65,6.274675099250014,0.09812439451645917,0.9927487224577402,0.3125,3.0
2019-01-08,558.0,0.0,0.0,7.0,-1.17,3.5,8.833473834362511,0.13813930725710546,0.9905324521322229,0.0,-5.0
2019-01-09,545.0,0.0,0.0,2.3,-2.97,1.15,8.658452759208135,0.13540229908449178,0.9880226656636976,0.0,-13.0
2019-01-10,535.0,0.0,0.0,0.9,-5.51,0.45,7.809684845326915,0.12212912775414711,0.9852201067560606,0.0,-10.0
2019-01-11,529.0,0.0,0.0,5.3,0.11,2.65,9.288232118527878,0.14525089161474083,0.9821256058680006,0.1375,-6.0
2019-01-12,528.0,0.0,0.0,0.8,2.47,0.4,8.294997300748696,0.1297185232346,0.9787400799669153,3.0875000000000004,-1.0
2019-01-13,530.0,0.0,0.0,9.9,2.75,4.95,12.000747705636392,0.18766965360503005,0.9750645322571948,3.4375,2.0
2019-01-14,535.0,0.0,0.0,4.8,1.21,2.4,12.600635549790933,0.19705079773669737,0.9711000518829505,1.5125,5.0
2019-01-15,548.0,0.0,0.0,3.5,0.8,1.75,12.460540217322293,0.19485996403525035,0.9668478136052775,1.0,13.0
2019-01-16,549.0,0.0,0.0,6.8,1.3,3.4,13.991459184723949,0.2188007250075604,0.9623090774541486,1.625,1.0
2019-01-17,548.0,0.0,0.0,13.2,3.04,6.6,18.492740307015357,0.2891924947305864,0.9574851883550393,3.8,-1.0
2019-01-18,590.0,0.0,0.0,4.0,0.02,2.0,17.718829260963055,0.27708994733135,0.9523775757303974,0.025,42.0
2019-01-19,648.0,0.0,0.0,0.0,2.06,0.0,15.061004871818596,0.23552645523164747,0.9469877530760753,2.575,58.0
2019-01-20,658.0,0.0,0.0,6.2,0.69,3.1,15.901854141045806,0.24867579350294522,0.9413173175128471,0.8624999999999999,10.0
2019-01-21,642.0,0.0,0.0,0.1,-0.05,0.05,13.566576019888936,0.21215633264776224,0.9353679493131483,0.0,-16.0
2019-01-22,616.0,0.0,0.0,0.0,-3.22,0.0,11.531589616905595,0.1803328827505979,0.9291414114031743,0.0,-26.0
2019-01-23,588.0,0.0,0.0,0.0,-6.9,0.0,9.801851174369755,0.1532829503380082,0.9226395488404876,0.0,-28.0
2019-01-24,565.0,0.0,0.0,0.0,-7.09,0.0,8.331573498214292,0.13029050778730697,0.9158642882672872,0.0,-23.0
2019-01-25,558.0,0.0,0.0,1.6,-6.35,0.8,7.881837473482148,0.12325746234335153,0.9088176373395029,0.0,-7.0
2019-01-26,552.0,0.0,0.0,3.5,-4.3,1.75,8.449561852459826,0.13213562895090641,0.901501684131884,0.0,-6.0
2019-01-27,547.0,0.0,0.0,3.9,-6.51,1.95,9.132127574590852,0.14280970324836317,0.893918596519257,0.0,-5.0
2019-01-28,545.0,0.0,0.0,2.8,-3.07,1.4,9.162308438402224,0.14328167652835477,0.886070621534138,0.0,-2.0
2019-01-29,541.0,0.0,0.0,4.5,-0.43,2.25,10.03796217264189,0.15697529271074703,0.8779600847008882,0.0,-4.0
2019-01-30,536.0,0.0,0.0,0.0,-2.34,0.0,8.532267846745606,0.13342899880413495,0.869589389346611,0.0,-5.0
2019-01-31,530.0,0.0,0.0,0.0,-4.0,0.0,7.252427669733765,0.11341464898351472,0.8609610158889943,0.0,-6.0
2019-02-01,525.0,0.0,0.0,2.5,0.43,1.25,7.414563519273701,0.11595015589245722,0.8520775211013093,0.5375,-5.0
2019-02-02,521.0,0.0,0.0,2.9,1.9,1.45,7.7523789913826455,0.12123296944609349,0.8429415373547828,2.375,-4.0
2019-02-03,521.0,0.0,0.0,2.2,2.45,1.1,7.689522142675248,0.1202500037748728,0.8335557718385699,3.0625,0.0
2019-02-04,526.0,0.0,0.0,2.4,0.21,1.2,7.73609382127396,0.12097829929485279,0.8239230057575542,0.2625,5.0
2019-02-05,533.0,0.0,0.0,2.3,0.22,1.15,7.725679748082866,0.120815442316577,0.8140460935082178,0.275,7.0
2019-02-06,541.0,0.0,0.0,1.4,1.5,0.7,7.266827785870436,0.11363984035271349,0.8039279618328213,1.875,8.0
2019-02-07,549.0,0.0,0.0,0.7,1.5,0.35,6.52680361798987,0.10206722149161797,0.7935716089521474,1.875,8.0
2019-02-08,552.0,0.0,0.0,0.0,2.38,0.0,5.547783075291389,0.08675713826787526,0.7829801036770629,2.9749999999999996,3.0
2019-02-09,552.0,0.0,0.0,2.3,2.51,1.15,5.865615613997681,0.0917274554436461,0.7721565844991642,3.1374999999999997,0.0
2019-02-10,552.0,0.0,0.0,6.5,3.77,3.25,8.23577327189803,0.12879236819392043,0.7611042586607747,4.7125,0.0
2019-02-11,568.0,0.0,0.0,10.0,2.84,5.0,12.000407281113326,0.1876643299907112,0.7498264012045686,3.55,16.0
2019-02-12,614.0,0.0,0.0,0.0,2.0,0.0,10.200346188946327,0.15951468049210452,0.7383263540031065,2.5,46.0
2019-02-13,663.0,0.0,0.0,1.9,3.24,0.95,9.620294260604377,0.1504437336532058,0.7266075247685656,4.050000000000001,49.0
2019-02-14,675.0,0.0,0.0,0.2,3.06,0.1,8.27725012151372,0.12944098994574252,0.7146733860429609,3.825,12.0
2019-02-15,674.0,0.0,0.0,0.0,3.24,0.0,7.035662603286662,0.11002484145388113,0.702527474169157,4.050000000000001,-1.0
2019-02-16,655.0,0.0,0.0,0.0,3.69,0.0,5.9803132127936625,0.09352111523579895,0.6901733882429719,4.6125,-19.0
2019-02-17,663.0,0.0,0.0,0.2,3.54,0.1,5.1832662308746125,0.08105676429094669,0.6776147890466889,4.425,8.0
2019-02-18,670.0,0.0,0.0,0.0,2.71,0.0,4.40577629624342,0.06889824964730468,0.6648553979642865,3.3875,7.0
2019-02-19,659.0,0.0,0.0,0.9,3.05,0.45,4.194909851806907,0.06560068573253806,0.6518989958787126,3.8125,-11.0
2019-02-20,651.0,0.0,0.0,0.0,2.8,0.0,3.5656733740358706,0.055760582872657345,0.6387494220515272,3.5,-8.0
2019-02-21,636.0,0.0,0.0,0.0,-0.55,0.0,3.0308223679304898,0.047396495441758744,0.6254105729852463,0.0,-15.0
2019-02-22,628.0,0.0,0.0,0.0,-3.36,0.0,2.5761990127409162,0.040287021125494926,0.6118864012687243,0.0,-8.0
2019-02-23,608.0,0.0,0.0,0.0,0.44,0.0,2.189769160829779,0.034243967956670694,0.5981809144059164,0.55,-20.0
2019-02-24,582.0,0.0,0.0,0.0,2.76,0.0,1.861303786705312,0.029107372763170086,0.5842981736283683,3.4499999999999997,-26.0
2019-02-25,564.0,0.0,0.0,0.0,2.63,0.0,1.582108218699515,0.02474126684869457,0.5702422926917871,3.2874999999999996,-18.0
2019-02-26,550.0,0.0,0.0,0.0,3.4,0.0,1.3447919858945878,0.021030076821390385,0.5560174366570446,4.25,-14.0
2019-02-27,545.0,0.0,0.0,0.0,2.27,0.0,1.1430731880103997,0.01787556529818183,0.5416278206559814,2.8375,-5.0
2019-02-28,548.0,0.0,0.0,0.0,3.41,0.0,0.9716122098088397,0.015194230503454554,0.5270777086423722,4.2625,3.0
2019-03-01,544.0,0.0,0.0,0.0,-1.31,0.0,0.8258703783375136,0.01291509592793637,0.5123714121284237,0.0,-4.0
2019-03-02,545.0,0.0,0.0,0.0,0.13,0.0,0.7019898215868866,0.010977831538745915,0.49751328890718066,0.1625,1.0
2019-03-03,556.0,0.0,0.0,2.8,3.18,1.4,1.9966913483488535,0.031224585575180097,0.48250774176121847,3.975,11.0
2019-03-04,544.0,0.0,0.0,4.1,4.3,2.05,3.747187646096525,0.05859913271951339,0.46735921715800227,5.375,-12.0
2019-03-05,568.0,0.0,0.0,5.7,2.25,2.85,6.035109499182046,0.09437802851633731,0.45207220393230435,2.8125,24.0
2019-03-06,562.0,0.0,0.0,0.0,0.23,0.0,5.129843074304739,0.08022132423888671,0.43665123195606403,0.28750000000000003,-6.0
2019-03-07,573.0,0.0,0.0,3.2,5.16,1.6,5.960366613159028,0.09320918705133492,0.4211008707960896,6.45,11.0
2019-03-08,576.0,0.0,0.0,4.4,4.58,2.2,7.2663116211851735,0.11363176848502136,0.40542572835999735,5.725,3.0
2019-03-09,572.0,0.0,0.0,7.5,3.78,3.75,9.926364878007398,0.15523011598167727,0.38963044953078796,4.725,-4.0
2019-03-10,578.0,0.0,0.0,1.4,3.02,0.7,9.137410146306287,0.14289231296804872,0.37371971479046906,3.775,6.0
2019-03-11,590.0,0.0,0.0,0.5,0.57,0.25,8.016798624360344,0.12536800687413535,0.35769823883312546,0.7124999999999999,12.0
2019-03-12,610.0,0.0,0.0,0.1,0.55,0.05,6.864278830706293,0.10734471401327383,0.3415707691678556,0.6875,20.0
2019-03-13,614.0,0.0,0.0,2.3,2.12,1.15,6.984637006100348,0.10922689482723487,0.3253420847119801,2.6500000000000004,4.0
2019-03-14,594.0,0.0,0.0,2.9,3.82,1.45,7.386941455185296,0.11551819754065451,0.30901699437494745,4.7749999999999995,-20.0
2019-03-15,574.0,0.0,0.0,4.5,4.0,2.25,8.528900236907502,0.1333763355712018,0.29260033563334836,5.0,-20.0
2019-03-16,564.0,0.0,0.0,5.9,3.35,2.95,10.199565201371376,0.15950246728079004,0.27609697309746883,4.1875,-10.0
2019-03-17,570.0,0.0,0.0,5.9,4.75,2.95,11.61963042116567,0.18170967923394005,0.2595117970697999,5.9375,6.0
2019-03-18,591.0,0.0,0.0,0.0,4.36,0.0,9.87668585799082,0.15445322734884903,0.2428497220959356,5.45,21.0
2019-03-19,598.0,0.0,0.0,0.7,2.97,0.35,8.745182979292196,0.13675860043833318,0.22611568550828828,3.7125000000000004,7.0
2019-03-20,586.0,0.0,0.0,2.0,4.2,1.0,8.433405532398366,0.13188297377775896,0.20931464596304847,5.25,-12.0
2019-03-21,589.0,0.0,0.0,0.0,4.36,0.0,7.1683947025386106,0.1121005277110951,0.19245158197082998,5.45,3.0
2019-03-22,586.0,0.0,0.0,0.0,3.55,0.0,6.093135497157819,0.09528544855443084,0.1755314904214282,4.4375,-3.0
2019-03-23,573.0,0.0,0.0,0.0,4.0,0.0,5.179165172584146,0.08099263127126623,0.15855938510313478,5.0,-13.0
2019-03-24,563.0,0.0,0.0,0.0,4.28,0.0,4.402290396696524,0.06884373658057628,0.141540295217043,5.3500000000000005,-10.0
2019-03-25,555.0,0.0,0.0,0.0,3.66,0.0,3.7419468371920455,0.05851717609348984,0.12447926388678915,4.575,-8.0
2019-03-26,546.0,0.0,0.0,2.4,2.49,1.2,4.380654811613239,0.06850539576567728,0.10738134666416309,3.1125000000000003,-9.0
2019-03-27,546.0,0.0,0.0,1.5,3.44,0.75,4.473556589871253,0.06995820895470752,0.09025161003104117,4.3,0.0
2019-03-28,554.0,0.0,0.0,0.0,2.58,0.0,3.8025231013905647,0.059464477611501386,0.07309512989807777,3.225,8.0
2019-03-29,556.0,0.0,0.0,0.0,5.74,0.0,3.23214463618198,0.050544805969776174,0.055916990100603484,7.175000000000001,2.0
2019-03-30,556.0,0.0,0.0,0.0,6.07,0.0,2.7473229407546826,0.042963085074309744,0.03872228089217446,7.5875,0.0
2019-03-31,544.0,0.0,0.0,0.0,4.83,0.0,2.3352244996414804,0.03651862231316328,0.021516097436222254,6.0375,-12.0
2019-04-01,536.0,0.0,0.0,0.0,3.12,0.0,1.9849408246952582,0.03104082896618879,0.004303538296244289,3.9000000000000004,-8.0
2019-04-02,533.0,0.0,0.0,0.0,6.32,0.0,1.6871997009909694,0.02638470462126047,-0.01291029607500882,7.9,-3.0
2019-04-03,533.0,0.0,0.0,0.0,9.3,0.0,1.434119745842324,0.0224269989280714,-0.030120304846908114,11.625,0.0
2019-04-04,530.0,0.0,0.0,0.0,10.03,0.0,1.2190017839659755,0.019062949088860692,-0.04732138832243185,12.5375,-3.0
2019-04-05,518.0,0.0,0.0,0.0,10.66,0.0,1.036151516371079,0.016203506725531586,-0.06450844944931623,13.325,-12.0
2019-04-06,517.0,0.0,0.0,0.0,11.08,0.0,0.8807287889154172,0.013772980716701848,-0.08167639533042241,13.85,-1.0
2019-04-07,515.0,0.0,0.0,0.0,7.94,0.0,0.7486194705781046,0.01170703360919657,-0.09882013873287143,9.925,-2.0
2019-04-08,515.0,0.0,0.0,2.1,3.75,1.05,1.686326549991389,0.02637105014325164,-0.11593459959550041,4.6875,0.0
2019-04-09,521.0,0.0,0.0,0.0,2.4,0.0,1.4333775674926807,0.022415392621763893,-0.1330147065341959,3.0,6.0
2019-04-10,527.0,0.0,0.0,0.7,2.38,0.35,1.5683709323687784,0.024526440920310824,-0.1500553983446526,2.9749999999999996,6.0
2019-04-11,521.0,0.0,0.0,0.0,1.62,0.0,1.3331152925134617,0.020847474782264203,-0.16705162550211924,2.0250000000000004,-6.0
2019-04-12,513.0,0.0,0.0,0.0,2.27,0.0,1.1331479986364423,0.01772035356492457,-0.18399835165768005,2.8375,-8.0
2019-04-13,509.0,0.0,0.0,0.0,4.2,0.0,0.9631757988409759,0.015062300530185884,-0.20089055513063506,5.25,-4.0
2019-04-14,503.0,0.0,0.0,0.0,5.47,0.0,0.8186994290148295,0.012802955450658,-0.21772323039653177,6.8374999999999995,-6.0
2019-04-15,502.0,0.0,0.0,0.0,6.37,0.0,0.6958945146626051,0.0108825121330593,-0.23449138957040985,7.9625,-1.0
2019-04-16,501.0,0.0,0.0,0.0,6.43,0.0,0.5915103374632144,0.009250135313100406,-0.25119006388481935,8.0375,-1.0
2019-04-17,498.0,0.0,0.0,0.0,12.09,0.0,0.5027837868437322,0.007862615016135345,-0.2678143051621742,15.1125,-3.0
2019-04-18,494.0,0.0,0.0,0.0,9.34,0.0,0.4273662188171723,0.006683222763715042,-0.2843591872810034,11.675,-4.0
2019-04-19,492.0,0.0,0.0,0.0,7.32,0.0,0.36326128599459645,0.005680739349157786,-0.30081980763566735,9.15,-2.0
2019-04-20,489.0,0.0,0.0,0.0,6.77,0.0,0.308772093095407,0.004828628446784118,-0.3171912885891061,8.462499999999999,-3.0
2019-04-21,488.0,0.0,0.0,0.0,9.57,0.0,0.2624562791310959,0.0041043341797665,-0.3334687789181868,11.9625,-1.0
2019-04-22,488.0,0.0,0.0,0.0,12.64,0.0,0.22308783726143153,0.003488684052801525,-0.3496474552512284,15.8,0.0
2019-04-23,485.0,0.0,0.0,0.0,15.04,0.0,0.18962466167221678,0.002965381444881296,-0.36572252349726897,18.799999999999997,-3.0
2019-04-24,483.0,0.0,0.0,0.0,16.78,0.0,0.16118096242138427,0.0025205742281491014,-0.3816892202666588,20.975,-2.0
2019-04-25,480.0,0.0,0.0,0.0,18.5,0.0,0.13700381805817663,0.0021424880939267363,-0.39754281428255595,23.125,-3.0
2019-04-26,475.0,0.0,0.0,0.0,20.14,0.0,0.11645324534945013,0.0018211148798377259,-0.4132786077829042,25.175,-5.0
2019-04-27,477.0,0.0,0.0,0.0,18.56,0.0,0.0989852585470326,0.001547947647862067,-0.4288919379124835,23.2,2.0
2019-04-28,483.0,0.0,0.0,0.0,10.93,0.0,0.08413746976497771,0.0013157555006827568,-0.4443781781046132,13.6625,6.0
2019-04-29,487.0,0.0,0.0,0.0,13.4,0.0,0.07151684930023106,0.0011183921755803432,-0.45973273945210397,16.75,4.0
2019-04-30,489.0,0.0,0.0,0.0,11.42,0.0,0.0607893219051964,0.0009506333492432918,-0.47495107206704995,14.275,2.0
2019-05-01,491.0,0.0,0.0,0.6,9.32,0.3,0.35167092361941693,0.005499487368409528,-0.49002866642905923,11.65,2.0
2019-05-02,514.0,0.0,0.0,0.8,7.78,0.4,0.6989202850765044,0.010929829625218403,-0.5049610547215204,9.725,23.0
2019-05-03,497.0,0.0,0.0,0.0,6.01,0.0,0.5940822423150287,0.009290355181435643,-0.5197438121555155,7.512499999999999,-17.0
2019-05-04,503.0,0.0,0.0,3.2,6.58,1.6,2.1049699059677742,0.03291786335250152,-0.5343725582809787,8.225,6.0
2019-05-05,498.0,0.0,0.0,0.0,6.59,0.0,1.789224420072608,0.027980183849626288,-0.548842958284719,8.2375,-5.0
2019-05-06,497.0,0.0,0.0,0.0,6.78,0.0,1.5208407570617166,0.023783156272182342,-0.5631507242749186,8.475,-1.0
2019-05-07,504.0,0.0,0.0,0.0,7.83,0.0,1.292714643502459,0.02021568283135499,-0.5772916165517272,9.7875,7.0
2019-05-08,501.0,0.0,0.0,0.0,9.29,0.0,1.09880744697709,0.01718333040665174,-0.5912614448635781,11.612499999999999,-3.0
2019-05-09,495.0,0.0,0.0,0.0,12.75,0.0,0.9339863299305265,0.014605830845653978,-0.6050560696488488,15.9375,-6.0
2019-05-10,500.0,0.0,0.0,0.0,11.59,0.0,0.7938883804409476,0.012414956218805881,-0.6186714032625031,14.4875,5.0
2019-05-11,499.0,0.0,0.0,0.0,9.15,0.0,0.6748051233748054,0.010552712785984998,-0.6321034111873487,11.4375,-1.0
2019-05-12,504.0,0.0,0.0,1.7,9.09,0.85,1.4235843548685845,0.022262244762486647,-0.6453481132295501,11.3625,5.0
2019-05-13,505.0,0.0,0.0,7.6,8.15,3.8,5.010046701638297,0.07834792898778156,-0.6584015846980488,10.1875,1.0
2019-05-14,506.0,0.0,0.0,0.0,8.0,0.0,4.258539696392552,0.06659573963961432,-0.6712599575675313,10.0,1.0
2019-05-15,509.0,0.0,0.0,0.0,12.81,0.0,3.619758741933669,0.05660637869367217,-0.6839194216246106,16.0125,3.0
2019-05-16,506.0,0.0,0.0,0.0,16.07,0.0,3.0767949306436186,0.04811542188962134,-0.6963762255968722,20.0875,-3.0
2019-05-17,505.0,0.0,0.0,1.1,16.12,0.55,3.165275691047076,0.04949909847902481,-0.7086266782644596,20.150000000000002,-1.0
2019-05-18,506.0,0.0,0.0,23.2,17.22,11.6,14.290484337390014,0.22347692920720996,-0.7206671495538609,21.525,1.0
2019-05-19,502.0,0.0,0.0,12.7,20.25,6.35,18.49691168678151,0.28925772744899453,-0.7324940716135789,25.3125,-4.0
2019-05-20,500.0,0.0,0.0,0.0,22.43,0.0,15.722374933764282,0.24586906833164535,-0.7441039398713607,28.0375,-2.0
2019-05-21,496.0,0.0,0.0,0.0,21.61,0.0,13.36401869369964,0.20898870808189854,-0.7554933140726803,27.0125,-4.0
2019-05-22,496.0,0.0,0.0,2.5,17.24,1.25,12.609415889644694,0.19718810612608345,-0.766658819300159,21.549999999999997,0.0
2019-05-23,502.0,0.0,0.0,0.0,13.28,0.0,10.71800350619799,0.16760989020717093,-0.777597146973627,16.599999999999998,6.0
2019-05-24,501.0,0.0,0.0,0.0,13.31,0.0,9.11030298026829,0.14246840667609528,-0.7883050558305255,16.6375,-1.0
2019-05-25,504.0,0.0,0.0,0.0,12.65,0.0,7.743757533228047,0.121098145674681,-0.7987793728863649,15.8125,3.0
2019-05-26,510.0,0.0,0.0,2.8,11.47,1.4,7.982193903243839,0.1248268525907249,-0.8090169943749473,14.3375,6.0
2019-05-27,501.0,0.0,0.0,12.4,12.08,6.2,12.984864817757263,0.2030594378142059,-0.8190148866680801,15.1,-9.0
2019-05-28,502.0,0.0,0.0,7.6,12.18,3.8,14.837135095093672,0.2320255430817429,-0.8287700871745037,15.225,1.0
2019-05-29,501.0,0.0,0.0,0.3,10.3,0.15,12.76156483082962,0.19956743613025782,-0.8382797052177743,12.875,-1.0
2019-05-30,508.0,0.0,0.0,0.0,10.29,0.0,10.847330106205177,0.16963232071071915,-0.8475409228928311,12.862499999999999,7.0
2019-05-31,504.0,0.0,0.0,9.3,12.35,4.65,13.870230590274401,0.2169049324381786,-0.8565509959010036,15.4375,-4.0
2019-06-01,502.0,0.0,0.0,0.2,12.6,0.1,11.88969600173324,0.18593300891296935,-0.865307254363206,15.75,-2.0
2019-06-02,503.0,0.0,0.0,0.0,12.23,0.0,10.106241601473254,0.15804305757602397,-0.8738071036110808,15.287500000000001,1.0
2019-06-03,505.0,0.0,0.0,0.0,18.56,0.0,8.590305361252266,0.13433659893962036,-0.8820480249558537,23.2,2.0
2019-06-04,501.0,0.0,0.0,0.0,21.97,0.0,7.301759557064426,0.11418610909867731,-0.8900275764346767,27.4625,-4.0
2019-06-05,501.0,0.0,0.0,0.0,24.1,0.0,6.206495623504762,0.09705819273387571,-0.8977433935342337,30.125,0.0
2019-06-06,504.0,0.0,0.0,1.2,23.79,0.6,5.875521279979047,0.0918823618668998,-0.9051931898913974,29.737499999999997,3.0
2019-06-07,504.0,0.0,0.0,0.0,23.26,0.0,4.99419308798219,0.07810000758686482,-0.9123747579707273,29.075000000000003,0.0
2019-06-08,502.0,0.0,0.0,0.2,19.41,0.1,4.3450641247848605,0.06794882278935267,-0.9192859697186104,24.2625,-2.0
2019-06-09,504.0,0.0,0.0,0.0,16.8,0.0,3.6933045060671312,0.05775649937094977,-0.9259247771938498,21.0,2.0
2019-06-10,499.0,0.0,0.0,0.0,19.15,0.0,3.1393088301570615,0.0490930244653073,-0.9322892131745133,23.9375,-5.0
2019-06-11,501.0,0.0,0.0,2.0,24.55,1.0,3.668412505633502,0.05736723420068697,-0.9383773917408641,30.6875,2.0
2019-06-12,501.0,0.0,0.0,0.0,27.3,0.0,3.118150629788477,0.048762149070583925,-0.9441875088341993,34.125,0.0
2019-06-13,503.0,0.0,0.0,8.6,21.62,4.3,6.950428035320205,0.10869192935225212,-0.9497178427914316,27.025000000000002,2.0
2019-06-14,503.0,0.0,0.0,0.0,17.93,0.0,5.907863830022174,0.0923881399494143,-0.9549667548552551,22.4125,0.0
2019-06-15,498.0,0.0,0.0,0.0,21.35,0.0,5.021684255518848,0.07852991895700216,-0.9599326896597447,26.6875,-5.0
2019-06-16,498.0,0.0,0.0,8.1,17.61,4.05,8.31843161719102,0.13008499290441367,-0.9646141756912435,22.0125,0.0
2019-06-17,498.0,0.0,0.0,1.6,17.59,0.8,7.870666874612367,0.12308277469289224,-0.9690098257244062,21.9875,0.0
2019-06-18,495.0,0.0,0.0,0.0,17.94,0.0,6.690066843420512,0.1046203584889584,-0.9731183372332619,22.425,-3.0
2019-06-19,491.0,0.0,0.0,0.0,21.61,0.0,5.686556816907435,0.08892730471561464,-0.9769384927771817,27.0125,-4.0
2019-06-20,491.0,0.0,0.0,0.5,22.96,0.25,5.08357329437132,0.07949774985956638,-0.980469160361632,28.700000000000003,0.0
2019-06-21,491.0,0.0,0.0,0.0,19.43,0.0,4.321037300215622,0.06757308738063142,-0.9837092937736097,24.2875,0.0
2019-06-22,491.0,0.0,0.0,0.0,16.6,0.0,3.6728817051832783,0.057437124273536706,-0.986657932891657,20.75,0.0
2019-06-23,493.0,0.0,0.0,0.0,15.97,0.0,3.1219494494057867,0.0488215556325062,-0.9893142039703663,19.962500000000002,2.0
2019-06-24,495.0,0.0,0.0,0.0,18.93,0.0,2.6536570319949186,0.04149832228763027,-0.99167731989929,23.6625,2.0
2019-06-25,497.0,0.0,0.0,0.0,21.4,0.0,2.255608477195681,0.03527357394448573,-0.993746580436178,26.75,2.0
2019-06-26,493.0,0.0,0.0,0.0,22.35,0.0,1.9172672056163287,0.02998253785281287,-0.9955213724144752,27.9375,-4.0
2019-06-27,495.0,0.0,0.0,2.3,17.06,1.15,2.779677124773879,0.04346904509084307,-0.9970011699250151,21.325,2.0
2019-06-28,501.0,0.0,0.0,0.0,14.73,0.0,2.3627255560577973,0.03694868832721661,-0.9981855344718586,18.4125,6.0
2019-06-29,511.0,0.0,0.0,0.0,15.49,0.0,2.008316722649128,0.03140638507813412,-0.99907411510223,19.3625,10.0
2019-06-30,502.0,0.0,0.0,0.0,19.78,0.0,1.7070692142517587,0.026695427316414,-0.9996666485105112,24.725,-9.0
2019-07-01,503.0,0.0,0.0,0.0,18.6,0.0,1.451008832113995,0.0226911132189519,-0.9999629591162655,23.25,1.0
2019-07-02,509.0,0.0,0.0,2.8,16.08,1.4,2.6333575072968953,0.04118087500335518,-0.9999629591162655,20.099999999999998,6.0
2019-07-03,513.0,0.0,0.0,2.2,15.08,1.1,3.338353881202361,0.05220572349854524,-0.9996666485105112,18.85,4.0
2019-07-04,520.0,0.0,0.0,12.2,15.17,6.1,8.937600799022007,0.13976766174533564,-0.99907411510223,18.9625,7.0
2019-07-05,525.0,0.0,0.0,8.0,14.9,4.0,11.596960679168706,0.18135516610423835,-0.9981855344718586,18.625,5.0
2019-07-06,527.0,0.0,0.0,6.7,16.07,3.35,13.2074165772934,0.20653973859594138,-0.9970011699250151,20.0875,2.0
2019-07-07,536.0,0.0,0.0,10.1,14.34,5.05,16.276304090699387,0.25453150300268773,-0.9955213724144752,17.925,9.0
2019-07-08,534.0,0.0,0.0,36.3,14.55,18.15,31.984858477094477,0.5001844433562247,-0.9937465804361781,18.1875,-2.0
2019-07-09,542.0,0.0,0.0,8.8,14.76,4.4,31.5871297055303,0.4939646958355643,-0.99167731989929,18.45,8.0
2019-07-10,542.0,0.0,0.0,10.3,13.94,5.15,31.999060249700754,0.5004065329968848,-0.9893142039703664,17.425,0.0
2019-07-11,544.0,0.0,0.0,0.0,15.47,0.0,27.19920121224564,0.42534555304735205,-0.9866579328916572,19.337500000000002,2.0
2019-07-12,538.0,0.0,0.0,0.0,15.47,0.0,23.119321030408795,0.36154372009024927,-0.9837092937736098,19.337500000000002,-6.0
2019-07-13,527.0,0.0,0.0,0.0,15.67,0.0,19.651422875847476,0.3073121620767119,-0.9804691603616321,19.5875,-11.0
2019-07-14,527.0,0.0,0.0,0.0,15.49,0.0,16.703709444470356,0.2612153377652051,-0.9769384927771817,19.3625,0.0
2019-07-15,526.0,0.0,0.0,0.0,16.84,0.0,14.198153027799801,0.22203303710042432,-0.973118337233262,21.05,-1.0
2019-07-16,522.0,0.0,0.0,2.2,15.69,1.1,13.16843007362983,0.205930061281054,-0.9690098257244063,19.6125,-4.0
2019-07-17,521.0,0.0,0.0,0.0,15.45,0.0,11.193165562585355,0.1750405520888959,-0.9646141756912435,19.3125,-1.0
2019-07-18,524.0,0.0,0.0,0.0,16.28,0.0,9.514190728197551,0.1487844692755615,-0.9599326896597445,20.35,3.0
2019-07-19,523.0,0.0,0.0,0.0,16.43,0.0,8.087062118967918,0.12646679888422727,-0.9549667548552553,20.5375,-1.0
2019-07-20,516.0,0.0,0.0,0.0,18.35,0.0,6.87400280112273,0.10749677905159317,-0.9497178427914317,22.9375,-7.0
2019-07-21,512.0,0.0,0.0,0.0,19.9,0.0,5.84290238095432,0.09137226219385419,-0.9441875088341994,24.875,-4.0
2019-07-22,513.0,0.0,0.0,0.0,17.95,0.0,4.966467023811172,0.07766642286477607,-0.9383773917408642,22.4375,1.0
2019-07-23,515.0,0.0,0.0,0.0,18.31,0.0,4.221496970239496,0.06601645943505965,-0.9322892131745134,22.8875,2.0
2019-07-24,512.0,0.0,0.0,0.0,18.29,0.0,3.5882724247035713,0.0561139905198007,-0.9259247771938499,22.862499999999997,-3.0
2019-07-25,509.0,0.0,0.0,0.0,18.58,0.0,3.0500315609980357,0.0476968919418306,-0.9192859697186105,23.224999999999998,-3.0
2019-07-26,510.0,0.0,0.0,0.0,21.61,0.0,2.59252682684833,0.040542358150556006,-0.9123747579707274,27.0125,1.0
2019-07-27,508.0,0.0,0.0,0.0,21.45,0.0,2.2036478028210804,0.0344610044279726,-0.9051931898913975,26.8125,-2.0
2019-07-28,504.0,0.0,0.0,0.0,24.41,0.0,1.8731006323979182,0.029291853763776708,-0.8977433935342336,30.5125,-4.0
2019-07-29,504.0,0.0,0.0,0.0,23.52,0.0,1.5921355375382304,0.0248980756992102,-0.8900275764346766,29.4,0.0
2019-07-30,505.0,0.0,0.0,0.0,18.6,0.0,1.3533152069074958,0.02116336434432867,-0.8820480249558535,23.25,1.0
2019-07-31,503.0,0.0,0.0,0.0,15.07,0.0,1.1503179258713714,0.017988859692679368,-0.8738071036110807,18.8375,-2.0
2019-08-01,504.0,0.0,0.0,0.2,15.09,0.1,1.0777702369906657,0.016854347079295038,-0.8653072543632061,18.8625,1.0
2019-08-02,506.0,0.0,0.0,0.0,15.84,0.0,0.9161047014420658,0.014326195017400782,-0.8565509959010037,19.8,2.0
2019-08-03,499.0,0.0,0.0,0.0,15.57,0.0,0.7786889962257559,0.012177265764790666,-0.8475409228928312,19.4625,-7.0
2019-08-04,499.0,0.0,0.0,0.0,14.75,0.0,0.6618856467918925,0.010350675900072066,-0.8382797052177745,18.4375,0.0
2019-08-05,499.0,0.0,0.0,0.0,14.51,0.0,0.5626027997731087,0.008798074515061255,-0.828770087174504,18.1375,0.0
2019-08-06,498.0,0.0,0.0,4.2,16.91,2.1,2.5782123798071424,0.04031850648867117,-0.8190148866680802,21.1375,-1.0
2019-08-07,493.0,0.0,0.0,0.0,19.66,0.0,2.1914805228360708,0.034270730515370496,-0.8090169943749472,24.575,-5.0
2019-08-08,497.0,0.0,0.0,9.5,18.07,4.75,6.612758444410661,0.10341139711264981,-0.7987793728863648,22.5875,4.0
2019-08-09,499.0,0.0,0.0,32.1,17.67,16.05,21.670844677749063,0.3388922101988234,-0.7883050558305253,22.087500000000002,2.0
2019-08-10,499.0,0.0,0.0,4.7,17.05,2.35,20.770217976086705,0.32480806267116297,-0.7775971469736268,21.3125,0.0
2019-08-11,501.0,0.0,0.0,0.0,19.63,0.0,17.6546852796737,0.27608685327048854,-0.7666588193001592,24.537499999999998,2.0
2019-08-12,493.0,0.0,0.0,0.0,19.5,0.0,15.006482487722645,0.23467382527991523,-0.7554933140726804,24.375,-8.0
2019-08-13,496.0,0.0,0.0,0.0,18.91,0.0,12.755510114564247,0.19947275148792792,-0.7441039398713608,23.6375,3.0
2019-08-14,501.0,0.0,0.0,2.4,17.5,1.2,12.042183597379609,0.18831763485094963,-0.7324940716135792,21.875,5.0
2019-08-15,501.0,0.0,0.0,0.0,17.62,0.0,10.235856057772667,0.16006998962330718,-0.7206671495538615,22.025000000000002,0.0
2019-08-16,503.0,0.0,0.0,0.0,18.15,0.0,8.700477649106766,0.1360594911798111,-0.7086266782644601,22.6875,2.0
2019-08-17,502.0,0.0,0.0,0.0,18.69,0.0,7.395406001740751,0.11565056750283943,-0.6963762255968726,23.3625,-1.0
2019-08-18,500.0,0.0,0.0,0.0,22.13,0.0,6.2860951014796385,0.09830298237741351,-0.6839194216246105,27.662499999999998,-2.0
2019-08-19,502.0,0.0,0.0,0.0,19.7,0.0,5.343180836257693,0.08355753502080149,-0.6712599575675315,24.625,2.0
2019-08-20,503.0,0.0,0.0,0.0,18.55,0.0,4.541703710819038,0.07102390476768126,-0.6584015846980489,23.1875,1.0
2019-08-21,506.0,0.0,0.0,2.6,17.16,1.3,5.160448154196183,0.08069993147925757,-0.64534811322955,21.45,3.0
2019-08-22,507.0,0.0,0.0,0.0,17.1,0.0,4.386380931066755,0.06859494175736892,-0.6321034111873488,21.375,1.0
2019-08-23,505.0,0.0,0.0,0.0,18.87,0.0,3.7284237914067417,0.05830570049376359,-0.6186714032625032,23.587500000000002,-2.0
2019-08-24,500.0,0.0,0.0,0.0,19.57,0.0,3.1691602226957305,0.04955984541969905,-0.6050560696488494,24.4625,-5.0
2019-08-25,502.0,0.0,0.0,0.0,19.04,0.0,2.693786189291371,0.04212586860674419,-0.5912614448635782,23.799999999999997,2.0
2019-08-26,502.0,0.0,0.0,0.0,21.1,0.0,2.289718260897665,0.035806988315732556,-0.5772916165517278,26.375,0.0
2019-08-27,502.0,0.0,0.0,0.0,23.09,0.0,1.9462605217630151,0.030435940068372674,-0.5631507242749187,28.8625,0.0
2019-08-28,501.0,0.0,0.0,0.0,24.01,0.0,1.654321443498563,0.02587054905811677,-0.5488429582847199,30.012500000000003,-1.0
2019-08-29,498.0,0.0,0.0,1.0,21.04,0.5,1.9061732269737783,0.029809048401987136,-0.5343725582809785,26.299999999999997,-3.0
2019-08-30,498.0,0.0,0.0,0.0,20.19,0.0,1.6202472429277115,0.025337691141689066,-0.5197438121555157,25.2375,0.0
2019-08-31,500.0,0.0,0.0,0.0,18.32,0.0,1.3772101564885548,0.021537037470435706,-0.5049610547215202,22.9,2.0
2019-09-01,501.0,0.0,0.0,0.0,22.36,0.0,1.1706286330152715,0.01830648184987035,-0.4900286664290594,27.95,1.0
2019-09-02,502.0,0.0,0.0,1.3,19.05,0.65,1.6450343380629808,0.025725315785754044,-0.4749510720670502,23.8125,1.0
2019-09-03,505.0,0.0,0.0,0.0,18.23,0.0,1.3982791873535336,0.021866518417890935,-0.4597327394521046,22.7875,3.0
2019-09-04,509.0,0.0,0.0,0.6,17.92,0.3,1.4885373092505036,0.023277989676760025,-0.44437817810461344,22.400000000000002,4.0
2019-09-05,504.0,0.0,0.0,0.0,17.95,0.0,1.2652567128629282,0.019786291225246024,-0.4288919379124841,22.4375,-5.0
2019-09-06,512.0,0.0,0.0,0.2,17.15,0.1,1.175468205933489,0.0183821638819767,-0.41327860778290443,21.4375,8.0
2019-09-07,507.0,0.0,0.0,0.0,15.78,0.0,0.9991479750434658,0.015624839299680194,-0.3975428142825566,19.724999999999998,-5.0
2019-09-08,508.0,0.0,0.0,15.2,16.17,7.6,8.449275778786946,0.13213115528406397,-0.3816892202666586,20.212500000000002,1.0
2019-09-09,510.0,0.0,0.0,0.0,19.86,0.0,7.181884411968904,0.11231148199145437,-0.3657225234972692,24.825,2.0
2019-09-10,511.0,0.0,0.0,3.1,17.75,1.55,7.654601750173568,0.11970391297075865,-0.34964745525122826,22.1875,1.0
2019-09-11,513.0,0.0,0.0,0.7,17.34,0.35,6.856411487647533,0.10722168321695637,-0.33346877891818705,21.675,2.0
2019-09-12,504.0,0.0,0.0,0.0,17.52,0.0,5.827949764500403,0.09113843073441291,-0.31719128858910595,21.9,-9.0
2019-09-13,507.0,0.0,0.0,7.6,16.58,3.8,8.753757299825342,0.13689268706391888,-0.300819807635668,20.724999999999998,3.0
2019-09-14,517.0,0.0,0.0,0.0,15.56,0.0,7.44069370485154,0.11635878400433104,-0.2843591872810036,19.45,10.0
2019-09-15,533.0,0.0,0.0,4.5,15.48,2.25,8.574589649123808,0.13409083406532685,-0.26781430516217486,19.35,16.0
2019-09-16,545.0,0.0,0.0,0.0,14.64,0.0,7.288401201755237,0.1139772089555278,-0.25119006388481957,18.3,12.0
2019-09-17,539.0,0.0,0.0,3.7,12.52,1.85,8.04514102149195,0.1258112299117738,-0.23449138957041052,15.649999999999999,-6.0
2019-09-18,548.0,0.0,0.0,26.8,9.45,13.4,20.23836986826816,0.316490935054363,-0.21772323039653224,11.8125,9.0
2019-09-19,552.0,0.0,0.0,11.4,9.71,5.7,22.902614388027935,0.3581548262057104,-0.20089055513063528,12.137500000000001,4.0
2019-09-20,554.0,0.0,0.0,2.8,10.31,1.4,20.867222229823742,0.32632503104209987,-0.18399835165767986,12.887500000000001,2.0
2019-09-21,548.0,0.0,0.0,0.0,14.31,0.0,17.73713889535018,0.2773762763857849,-0.1670516255021195,17.8875,-6.0
2019-09-22,542.0,0.0,0.0,0.0,12.46,0.0,15.076568061047654,0.23576983492791714,-0.15005539834465262,15.575000000000001,-6.0
2019-09-23,533.0,0.0,0.0,0.0,7.21,0.0,12.815082851890505,0.20040435968872958,-0.13301470653419636,9.0125,-9.0
2019-09-24,526.0,0.0,0.0,0.0,8.23,0.0,10.89282042410693,0.17034370573542013,-0.11593459959550066,10.287500000000001,-7.0
2019-09-25,518.0,0.0,0.0,0.0,8.5,0.0,9.25889736049089,0.1447921498751071,-0.09882013873287211,10.625,-8.0
2019-09-26,514.0,0.0,0.0,0.0,10.74,0.0,7.870062756417256,0.12307332739384104,-0.08167639533042288,13.425,-4.0
2019-09-27,516.0,0.0,0.0,0.0,12.64,0.0,6.689553342954667,0.10461232828476488,-0.06450844944931625,15.8,2.0
2019-09-28,517.0,0.0,0.0,8.6,13.65,4.3,9.986120341511466,0.15616458168430591,-0.04732138832243232,17.0625,1.0
2019-09-29,520.0,0.0,0.0,1.6,14.2,0.8,9.288202290284746,0.14525042515580064,-0.03012030484690836,17.75,3.0
2019-09-30,520.0,0.0,0.0,35.6,13.61,17.8,25.694971946742033,0.40182216999455916,-0.012910296075008843,17.0125,0.0
2019-10-01,531.0,0.0,0.0,4.7,11.55,2.35,24.19072615473073,0.3782985284975383,0.004303538296243821,14.4375,11.0
2019-10-02,526.0,0.0,0.0,3.9,10.21,1.95,22.512117231521117,0.35204816786300025,0.021516097436222233,12.762500000000001,-5.0
2019-10-03,526.0,0.0,0.0,4.7,8.7,2.35,21.48529964679295,0.3359906266857133,0.03872228089217399,10.875,0.0
2019-10-04,534.0,0.0,0.0,5.8,8.24,2.9,21.162504699774004,0.33094270655786595,0.05591699010060302,10.3,8.0
2019-10-05,535.0,0.0,0.0,0.0,4.14,0.0,17.9881289948079,0.28130130057418606,0.07309512989807776,5.175,1.0
2019-10-06,528.0,0.0,0.0,0.0,4.15,0.0,15.289909645586716,0.23910610548805813,0.0902516100310407,5.1875,-7.0
2019-10-07,526.0,0.0,0.0,9.1,4.22,4.55,17.54642319874871,0.27439383315839916,0.10738134666416306,5.2749999999999995,-2.0
2019-10-08,526.0,0.0,0.0,7.4,7.53,3.7,18.614459718936402,0.2910959627837896,0.12447926388678869,9.4125,0.0
2019-10-09,524.0,0.0,0.0,3.8,12.01,1.9,17.72229076109594,0.2771440788360551,0.141540295217043,15.0125,-2.0
2019-10-10,520.0,0.0,0.0,9.9,10.89,4.95,20.01394714693155,0.31298137586626684,0.15855938510313475,13.6125,-4.0
2019-10-11,531.0,0.0,0.0,13.5,12.06,6.75,23.761855074891816,0.37159177247126324,0.17553149042142777,15.075000000000001,11.0
2019-10-12,542.0,0.0,0.0,6.5,12.97,3.25,23.447576813658042,0.36667703766739496,0.19245158197082995,16.212500000000002,11.0
2019-10-13,564.0,0.0,0.0,0.5,12.85,0.25,20.180440291609337,0.31558502286857965,0.20931464596304888,16.0625,22.0
2019-10-14,575.0,0.0,0.0,0.0,14.23,0.0,17.153374247867937,0.26824726943829275,0.22611568550828803,17.7875,11.0
2019-10-15,566.0,0.0,0.0,0.0,12.72,0.0,14.580368110687747,0.22801017902254883,0.2428497220959358,15.9,-9.0
2019-10-16,551.0,0.0,0.0,0.2,15.06,0.1,12.493312894084584,0.19537246850968407,0.25951179706979943,18.825,-15.0
2019-10-17,539.0,0.0,0.0,9.3,12.49,4.65,15.269315959971896,0.23878405806729877,0.27609697309746883,15.6125,-12.0
2019-10-18,534.0,0.0,0.0,3.4,13.11,1.7,14.678918565976112,0.22955132714600274,0.2926003356333479,16.3875,-5.0
2019-10-19,528.0,0.0,0.0,2.8,12.36,1.4,13.877080781079695,0.2170120568413484,0.30901699437494723,15.45,-6.0
2019-10-20,524.0,0.0,0.0,0.0,13.04,0.0,11.79551866391774,0.18446024831514612,0.3253420847119795,16.299999999999997,-4.0
2019-10-21,523.0,0.0,0.0,0.0,12.97,0.0,10.02619086433008,0.15679121106787422,0.341570769167856,16.212500000000002,-1.0
2019-10-22,523.0,0.0,0.0,0.0,13.0,0.0,8.522262234680568,0.1332725294076931,0.35769823883312546,16.25,0.0
2019-10-23,518.0,0.0,0.0,0.0,12.24,0.0,7.243922899478482,0.11328164999653913,0.3737197147904692,15.3,-5.0
2019-10-24,512.0,0.0,0.0,0.0,12.3,0.0,6.15733446455671,0.09628940249705825,0.38963044953078774,15.375,-6.0
2019-10-25,511.0,0.0,0.0,0.2,13.01,0.1,5.333734294873203,0.08340980846301708,0.4054257283599973,16.2625,-1.0
2019-10-26,516.0,0.0,0.0,0.0,13.65,0.0,4.533674150642223,0.07089833719356452,0.42110087079608916,17.0625,5.0
2019-10-27,519.0,0.0,0.0,5.5,12.12,2.75,6.603623028045889,0.10326853597876319,0.4366512319560638,15.149999999999999,3.0
2019-10-28,511.0,0.0,0.0,3.0,8.65,1.5,7.113079573839006,0.11123550068971236,0.45207220393230374,10.8125,-8.0
2019-10-29,505.0,0.0,0.0,9.9,5.33,4.95,10.996117637763156,0.17195908444187555,0.46735921715800205,6.6625,-6.0
2019-10-30,520.0,0.0,0.0,2.4,3.54,1.2,10.54669999209868,0.1649310178618051,0.48250774176121763,4.425,15.0
2019-10-31,529.0,0.0,0.0,6.2,7.86,3.1,12.064694993283878,0.1886696717385792,0.4975132889071803,9.825000000000001,9.0
2019-11-01,538.0,0.0,0.0,1.1,8.31,0.55,10.804990744291297,0.168970210850639,0.5123714121284235,10.387500000000001,9.0
2019-11-02,536.0,0.0,0.0,7.6,4.65,3.8,12.984242132647601,0.20304970016271104,0.5270777086423724,5.8125,-2.0
2019-11-03,527.0,0.0,0.0,7.2,10.16,3.6,14.63660581275046,0.22888963339693713,0.5416278206559811,12.7,-9.0
2019-11-04,526.0,0.0,0.0,16.5,9.75,8.25,20.691114940837892,0.3235710364800966,0.5560174366570446,12.1875,-1.0
2019-11-05,552.0,0.0,0.0,0.0,9.4,0.0,17.587447699712207,0.2750353810080821,0.5702422926917867,11.75,26.0
2019-11-06,576.0,0.0,0.0,3.6,7.79,1.8,16.749330544755377,0.2619287679861862,0.5842981736283683,9.7375,24.0
2019-11-07,589.0,0.0,0.0,0.1,7.83,0.05,14.28693096304207,0.22342136095851706,0.5981809144059159,9.7875,13.0
2019-11-08,586.0,0.0,0.0,0.0,6.73,0.0,12.14389131858576,0.1899081568147395,0.6118864012687242,8.412500000000001,-3.0
2019-11-09,582.0,0.0,0.0,0.4,8.38,0.2,10.522307620797895,0.1645495659735637,0.6254105729852457,10.475000000000001,-4.0
2019-11-10,566.0,0.0,0.0,0.6,9.1,0.3,9.24396147767821,0.14455858009908187,0.6387494220515268,11.375,-16.0
2019-11-11,546.0,0.0,0.0,3.0,5.81,1.5,9.357367256026478,0.14633203819198323,0.6518989958787125,7.262499999999999,-20.0
2019-11-12,531.0,0.0,0.0,0.0,5.33,0.0,7.953762167622506,0.12438223246318575,0.6648553979642867,6.6625,-15.0
2019-11-13,526.0,0.0,0.0,14.0,9.53,7.0,13.76069784247913,0.21519204142993822,0.6776147890466887,11.9125,-5.0
2019-11-14,532.0,0.0,0.0,1.9,7.87,0.95,12.64659316610726,0.19776949045036446,0.690173388242972,9.8375,6.0
2019-11-15,549.0,0.0,0.0,0.0,5.97,0.0,10.749604191191171,0.1681040668828098,0.7025274741691566,7.4624999999999995,17.0
2019-11-16,542.0,0.0,0.0,0.2,8.13,0.1,9.237163562512494,0.1444522731909059,0.7146733860429608,10.162500000000001,-7.0
2019-11-17,537.0,0.0,0.0,0.0,8.44,0.0,7.85158902813562,0.12278443221226999,0.726607524768565,10.549999999999999,-5.0
2019-11-18,528.0,0.0,0.0,0.0,9.16,0.0,6.673850673915276,0.10436676738042949,0.7383263540031063,11.45,-9.0
2019-11-19,521.0,0.0,0.0,1.9,8.53,0.95,6.622773072827985,0.10356800750828205,0.749826401204568,10.6625,-7.0
2019-11-20,516.0,0.0,0.0,0.0,5.84,0.0,5.629357111903787,0.08803280638203974,0.7611042586607742,7.3,-5.0
2019-11-21,509.0,0.0,0.0,0.0,5.38,0.0,4.784953545118219,0.07482788542473377,0.7721565844991641,6.725,-7.0
2019-11-22,502.0,0.0,0.0,0.0,1.31,0.0,4.067210513350486,0.0636037026110237,0.7829801036770625,1.6375000000000002,-7.0
2019-11-23,497.0,0.0,0.0,0.0,-1.12,0.0,3.457128936347913,0.054063147219370146,0.7935716089521472,0.0,-5.0
2019-11-24,494.0,0.0,0.0,0.0,-0.27,0.0,2.938559595895726,0.045953675136464624,0.8039279618328208,0.0,-3.0
2019-11-25,490.0,0.0,0.0,0.0,-2.11,0.0,2.497775656511367,0.03906062386599493,0.8140460935082175,0.0,-4.0
2019-11-26,488.0,0.0,0.0,0.0,-0.38,0.0,2.1231093080346617,0.03320153028609569,0.8239230057575536,0.0,-2.0
2019-11-27,484.0,0.0,0.0,0.0,2.12,0.0,1.8046429118294625,0.028221300743181334,0.8335557718385695,2.6500000000000004,-4.0
2019-11-28,484.0,0.0,0.0,1.5,5.5,0.75,2.283946475055043,0.03571672818558596,0.8429415373547832,6.875,0.0
2019-11-29,487.0,0.0,0.0,11.1,6.44,5.55,7.491354503796787,0.11715102585647356,0.8520775211013093,8.05,3.0
2019-11-30,493.0,0.0,0.0,1.3,4.15,0.65,7.017651328227269,0.10974317819136678,0.8609610158889945,5.1875,6.0
2019-12-01,496.0,0.0,0.0,2.9,4.02,1.45,7.415003628993179,0.11595703840016662,0.8695893893466109,5.0249999999999995,3.0
2019-12-02,509.0,0.0,0.0,2.9,2.69,1.45,7.752753084644202,0.12123881957764648,0.8779600847008883,3.3625,13.0
2019-12-03,520.0,0.0,0.0,0.3,4.48,0.15,6.739840121947572,0.10539872115177588,0.8860706215341377,5.6000000000000005,11.0
2019-12-04,522.0,0.0,0.0,2.3,7.23,1.15,6.878864103655436,0.10757280089496163,0.893918596519257,9.037500000000001,2.0
2019-12-05,534.0,0.0,0.0,0.0,6.53,0.0,5.847034488107121,0.09143688076071739,0.9015016841318838,8.1625,12.0
2019-12-06,547.0,0.0,0.0,0.9,5.75,0.45,5.4199793148910524,0.08475852217893887,0.9088176373395028,7.1875,13.0
2019-12-07,561.0,0.0,0.0,14.4,6.31,7.2,11.806982417657395,0.18463952036936354,0.9158642882672868,7.887499999999999,14.0
2019-12-08,573.0,0.0,0.0,7.2,6.83,3.6,13.635935055008785,0.21324098057259175,0.9226395488404875,8.5375,12.0
2019-12-09,599.0,0.0,0.0,0.8,7.33,0.4,11.990544796757467,0.1875100988487733,0.9291414114031743,9.1625,26.0
2019-12-10,620.0,0.0,0.0,1.5,3.91,0.75,10.941963077243846,0.17111220657533913,0.935367949313148,4.8875,21.0
2019-12-11,620.0,0.0,0.0,0.0,1.17,0.0,9.300668615657269,0.14544537558903825,0.941317317512847,1.4625,0.0
2019-12-12,625.0,0.0,0.0,0.2,-0.08,0.1,8.005568323308678,0.12519238559120008,0.946987753076075,0.0,5.0
2019-12-13,591.0,0.0,0.0,1.9,1.85,0.95,7.754733074812376,0.12126978298743703,0.9523775757303973,2.3125,-34.0
2019-12-14,559.0,0.0,0.0,2.7,3.62,1.35,7.941523113590518,0.12419083613630874,0.9574851883550389,4.525,-32.0
2019-12-15,544.0,0.0,0.0,10.6,5.15,5.3,12.05029464655194,0.18844447676329398,0.9623090774541487,6.4375,-15.0
2019-12-16,562.0,0.0,0.0,0.0,6.49,0.0,10.242750449569149,0.16017780524879988,0.9668478136052773,8.1125,18.0
2019-12-17,578.0,0.0,0.0,0.2,5.84,0.1,8.806337882133777,0.13771495080199747,0.9711000518829505,7.3,16.0
2019-12-18,586.0,0.0,0.0,0.3,7.0,0.15,7.63538719981371,0.11940343269247422,0.9750645322571945,8.75,8.0
2019-12-19,587.0,0.0,0.0,0.0,4.8,0.0,6.490079119841654,0.10149291778860309,0.9787400799669153,6.0,1.0
2019-12-20,564.0,0.0,0.0,0.0,3.51,0.0,5.516567251865405,0.08626898012031262,0.9821256058680006,4.387499999999999,-23.0
2019-12-21,538.0,0.0,0.0,0.7,4.8,0.35,5.039082164085594,0.07880199029407722,0.9852201067560606,6.0,-26.0
2019-12-22,535.0,0.0,0.0,1.5,5.62,0.75,5.033219839472754,0.07871031430384746,0.9880226656636976,7.025,-3.0
2019-12-23,533.0,0.0,0.0,1.4,6.04,0.7,4.9782368635518415,0.07785048154189339,0.9905324521322227,7.55,-2.0
2019-12-24,540.0,0.0,0.0,1.8,5.72,0.9,5.131501334019066,0.08024725637526757,0.9927487224577402,7.1499999999999995,7.0
2019-12-25,538.0,0.0,0.0,0.8,4.3,0.4,4.761776133916206,0.07446543328104775,0.9946708199115211,5.375,-2.0
2019-12-26,538.0,0.0,0.0,0.7,2.89,0.35,4.397509713828775,0.0687689754807021,0.9962981749346077,3.6125000000000003,0.0
2019-12-27,540.0,0.0,0.0,0.0,0.78,0.0,3.7378832567544586,0.05845362915859678,0.9976303053065857,0.9750000000000001,2.0
2019-12-28,543.0,0.0,0.0,0.0,-0.65,0.0,3.1772007682412897,0.049685584784807266,0.9986668162884759,0.0,3.0
2019-12-29,539.0,0.0,0.0,0.2,1.79,0.1,2.800620653005096,0.043796563407603746,0.9994074007397048,2.2375,-4.0
2019-12-30,545.0,0.0,0.0,0.6,6.19,0.3,2.6805275550543315,0.04191852791801591,0.9998518392091162,7.737500000000001,6.0
2019-12-31,540.0,0.0,0.0,3.0,5.81,1.5,3.7784484217961816,0.05908799383807717,1.0,7.262499999999999,-5.0
2020-01-01,545.0,0.0,0.0,0.0,5.28,0.0,3.2116811585267544,0.0502247947623656,0.9998518392091162,6.6000000000000005,5.0
2020-01-02,549.0,0.0,0.0,0.0,5.45,0.0,2.7299289847477413,0.04269107554801076,0.9994074007397048,6.8125,4.0
2020-01-03,552.0,0.0,0.0,7.6,4.77,3.8,6.12043963703558,0.09571243515547705,0.998666816288476,5.9624999999999995,3.0
2020-01-04,554.0,0.0,0.0,2.2,4.6,1.1,6.302373691480243,0.09855754962784884,0.9976303053065857,5.75,2.0
2020-01-05,550.0,0.0,0.0,0.4,2.93,0.2,5.557017637758206,0.08690154986470666,0.9962981749346078,3.6625,-4.0
2020-01-06,560.0,0.0,0.0,5.3,4.9,2.65,7.373464992094474,0.11530745040871641,0.9946708199115211,6.125,10.0
2020-01-07,568.0,0.0,0.0,5.7,4.59,2.85,9.117445243280303,0.14258009855215986,0.9927487224577402,5.7375,8.0
2020-01-08,576.0,0.0,0.0,3.1,5.18,1.55,9.299828456788257,0.14543223704735833,0.9905324521322229,6.475,8.0
2020-01-09,579.0,0.0,0.0,4.6,5.0,2.3,10.204854188270017,0.15958517732215882,0.9880226656636976,6.25,3.0
2020-01-10,576.0,0.0,0.0,15.4,6.23,7.7,16.374126060029514,0.25606125894368836,0.9852201067560606,7.7875000000000005,-3.0
2020-01-11,603.0,0.0,0.0,1.6,3.68,0.8,14.718007151025088,0.23016260082627574,0.9821256058680006,4.6000000000000005,27.0
2020-01-12,636.0,0.0,0.0,9.7,4.97,4.85,17.360306078371323,0.2714833032174368,0.9787400799669153,6.2124999999999995,33.0
2020-01-13,656.0,0.0,0.0,10.6,5.04,5.3,20.056260166615623,0.3136430737822528,0.9750645322571948,6.3,20.0
2020-01-14,671.0,0.0,0.0,2.5,4.67,1.25,18.297821141623277,0.2861443169713846,0.9711000518829505,5.8375,15.0
2020-01-15,700.0,0.0,0.0,0.0,6.16,0.0,15.553147970379785,0.24322266942567686,0.9668478136052775,7.7,29.0
2020-01-16,700.0,0.0,0.0,0.5,6.23,0.25,13.470175774822817,0.21064880986311926,0.9623090774541486,7.7875000000000005,0.0
2020-01-17,676.0,0.0,0.0,0.0,3.77,0.0,11.449649408599393,0.17905148838365137,0.9574851883550393,4.7125,-24.0
2020-01-18,637.0,0.0,0.0,0.0,4.46,0.0,9.732201997309485,0.15219376512610366,0.9523775757303974,5.575,-39.0
2020-01-19,603.0,0.0,0.0,0.0,5.37,0.0,8.272371697713062,0.1293647003571881,0.9469877530760753,6.7125,-34.0
2020-01-20,579.0,0.0,0.0,0.0,5.2,0.0,7.031515943056102,0.10995999530360989,0.9413173175128471,6.5,-24.0
2020-01-21,576.0,0.0,0.0,0.0,5.84,0.0,5.976788551597687,0.0934659960080684,0.9353679493131483,7.3,-3.0
2020-01-22,580.0,0.0,0.0,0.0,5.06,0.0,5.080270268858033,0.07944609660685814,0.9291414114031743,6.324999999999999,4.0
2020-01-23,570.0,0.0,0.0,1.2,4.58,0.6,4.918229728529328,0.07691208015893487,0.9226395488404876,5.725,-10.0
2020-01-24,572.0,0.0,0.0,2.6,5.52,1.3,5.4804952692499285,0.08570488056182313,0.9158642882672872,6.8999999999999995,2.0
2020-01-25,571.0,0.0,0.0,0.0,5.2,0.0,4.658420978862439,0.07284914847754966,0.9088176373395029,6.5,-1.0
2020-01-26,573.0,0.0,0.0,1.4,4.52,0.7,4.659657832033073,0.07286849058954024,0.901501684131884,5.6499999999999995,2.0
2020-01-27,577.0,0.0,0.0,1.0,2.98,0.5,4.460709157228112,0.06975729870369708,0.893918596519257,3.725,4.0
2020-01-28,570.0,0.0,0.0,6.3,1.97,3.15,6.941602783643894,0.10855391862444617,0.886070621534138,2.4625,-7.0
2020-01-29,569.0,0.0,0.0,2.1,3.74,1.05,6.95036236609731,0.10869090240621379,0.8779600847008882,4.675000000000001,-1.0
2020-01-30,581.0,0.0,0.0,5.1,4.42,2.55,8.457808011182713,0.13226458372847993,0.869589389346611,5.525,12.0
2020-01-31,591.0,0.0,0.0,11.3,3.86,5.65,12.839136809505305,0.20078051940845099,0.8609610158889943,4.825,10.0
2020-02-01,607.0,0.0,0.0,9.8,5.96,4.9,15.81326628807951,0.2472904421825446,0.8520775211013093,7.45,16.0
2020-02-02,641.0,0.0,0.0,2.8,5.35,1.4,14.841276344867582,0.23209030462240895,0.8429415373547828,6.6875,34.0
2020-02-03,665.0,0.0,0.0,0.0,3.82,0.0,12.615084893137444,0.1972767589290476,0.8335557718385699,4.7749999999999995,24.0
2020-02-04,668.0,0.0,0.0,0.0,0.85,0.0,10.722822159166828,0.16768524508969046,0.8239230057575542,1.0625,3.0
2020-02-05,658.0,0.0,0.0,0.3,1.38,0.15,9.264398835291804,0.14487818283701326,0.8140460935082178,1.7249999999999999,-10.0
2020-02-06,635.0,0.0,0.0,0.3,2.77,0.15,8.024739009998033,0.12549217992223763,0.8039279618328213,3.4625,-23.0
2020-02-07,608.0,0.0,0.0,0.0,0.42,0.0,6.821028158498327,0.10666835293390198,0.7935716089521474,0.525,-27.0
2020-02-08,584.0,0.0,0.0,0.0,3.71,0.0,5.797873934723579,0.09066809999381668,0.7829801036770629,4.6375,-24.0
2020-02-09,566.0,0.0,0.0,0.0,4.2,0.0,4.928192844515042,0.07706788499474419,0.7721565844991642,5.25,-18.0
2020-02-10,574.0,0.0,0.0,14.6,5.53,7.3,11.488963917837786,0.17966629510331564,0.7611042586607747,6.9125000000000005,8.0
2020-02-11,590.0,0.0,0.0,7.6,3.99,3.8,13.565619330162118,0.2121413717774862,0.7498264012045686,4.987500000000001,16.0
2020-02-12,617.0,0.0,0.0,6.6,4.6,3.3,14.830776430637801,0.2319261052479433,0.7383263540031065,5.75,27.0
2020-02-13,653.0,0.0,0.0,2.6,4.35,1.3,13.906159966042132,0.21746680188748033,0.7266075247685656,5.4375,36.0
2020-02-14,672.0,0.0,0.0,0.0,1.37,0.0,11.820235971135812,0.18484678160435827,0.7146733860429609,1.7125000000000001,19.0
2020-02-15,682.0,0.0,0.0,0.0,2.09,0.0,10.04720057546544,0.15711976436370453,0.702527474169157,2.6125,10.0
2020-02-16,680.0,0.0,0.0,2.5,5.44,1.25,9.790120489145625,0.15309950396561858,0.6901733882429719,6.800000000000001,-2.0
2020-02-17,667.0,0.0,0.0,0.0,7.13,0.0,8.321602415773782,0.1301345783707758,0.6776147890466889,8.9125,-13.0
2020-02-18,631.0,0.0,0.0,1.9,5.55,0.95,8.023362053407714,0.1254706468500764,0.6648553979642865,6.9375,-36.0
2020-02-19,591.0,0.0,0.0,0.2,4.93,0.1,6.919857745396556,0.1082138661630825,0.6518989958787126,6.1625,-40.0
2020-02-20,572.0,0.0,0.0,0.0,4.53,0.0,5.881879083587073,0.09198178623862012,0.6387494220515272,5.6625000000000005,-19.0
2020-02-21,574.0,0.0,0.0,1.8,4.31,0.9,5.899597221049012,0.0922588653674853,0.6254105729852463,5.387499999999999,2.0
2020-02-22,590.0,0.0,0.0,6.4,4.9,3.2,8.21465763789166,0.12846215845892495,0.6118864012687243,6.125,16.0
2020-02-23,603.0,0.0,0.0,0.2,5.16,0.1,7.08245899220791,0.11075665103060377,0.5981809144059164,6.45,13.0
2020-02-24,608.0,0.0,0.0,0.0,4.12,0.0,6.0200901433767235,0.0941431533760132,0.5842981736283683,5.15,5.0
2020-02-25,613.0,0.0,0.0,1.8,2.97,0.9,6.017076621870215,0.09409602743426941,0.5702422926917871,3.7125000000000004,5.0
2020-02-26,616.0,0.0,0.0,2.2,4.08,1.1,6.214515128589683,0.09718360306482235,0.5560174366570446,5.1,3.0
2020-02-27,616.0,0.0,0.0,3.3,2.31,1.65,6.9323378593012315,0.10840903222363901,0.5416278206559814,2.8875,0.0
2020-02-28,616.0,0.0,0.0,0.9,2.18,0.45,6.342487180406047,0.09918485092242225,0.5270777086423722,2.725,0.0
2020-02-29,623.0,0.0,0.0,0.8,3.39,0.4,5.79111410334514,0.09056238864612923,0.5123714121284237,4.2375,7.0
2020-03-01,631.0,0.0,0.0,3.5,5.69,1.75,6.672446987843369,0.10434481630826743,0.49751328890718066,7.112500000000001,8.0
2020-03-02,630.0,0.0,0.0,7.8,5.65,3.9,9.571579939666863,0.1496819311422128,0.48250774176121847,7.0625,-1.0
2020-03-03,632.0,0.0,0.0,6.1,5.98,3.05,11.185842948716832,0.17492603985666694,0.46735921715800227,7.4750000000000005,2.0
2020-03-04,638.0,0.0,0.0,0.7,5.3,0.35,9.857966506409307,0.1541604910699784,0.45207220393230435,6.625,6.0
2020-03-05,651.0,0.0,0.0,0.0,4.3,0.0,8.37927153044791,0.13103641740948163,0.43665123195606403,5.375,13.0
2020-03-06,643.0,0.0,0.0,0.0,5.16,0.0,7.122380800880724,0.1113809547980594,0.4211008707960896,6.45,-8.0
2020-03-07,618.0,0.0,0.0,2.0,4.27,1.0,7.054023680748616,0.11031197498352625,0.40542572835999735,5.3374999999999995,-25.0
2020-03-08,602.0,0.0,0.0,0.0,4.03,0.0,5.995920128636323,0.09376517873599731,0.38963044953078796,5.0375000000000005,-16.0
2020-03-09,584.0,0.0,0.0,0.0,5.4,0.0,5.096532109340874,0.0797004019255977,0.37371971479046906,6.75,-18.0
2020-03-10,568.0,0.0,0.0,2.3,6.01,1.15,5.482052292939743,0.08572922955271019,0.35769823883312546,7.512499999999999,-16.0
2020-03-11,572.0,0.0,0.0,6.8,6.12,3.4,8.059744448998782,0.12603960069740125,0.3415707691678556,7.65,4.0
2020-03-12,591.0,0.0,0.0,0.4,5.88,0.2,7.050782781648964,0.11026129327382621,0.3253420847119801,7.35,19.0
2020-03-13,594.0,0.0,0.0,2.2,5.0,1.1,7.093165364401619,0.11092407902844562,0.30901699437494745,6.25,3.0
2020-03-14,576.0,0.0,0.0,3.5,0.19,1.75,7.779190559741376,0.12165225313323635,0.29260033563334836,0.2375,-18.0
2020-03-15,582.0,0.0,0.0,0.0,3.13,0.0,6.61231197578017,0.1034044151632509,0.27609697309746883,3.9124999999999996,6.0
2020-03-16,589.0,0.0,0.0,2.5,4.51,1.25,6.870465179413144,0.10744145714523297,0.2595117970697999,5.637499999999999,7.0
2020-03-17,577.0,0.0,0.0,0.0,3.39,0.0,5.839895402501172,0.09132523857344803,0.2428497220959356,4.2375,-12.0
2020-03-18,570.0,0.0,0.0,3.4,6.29,1.7,6.663911092125996,0.10421133057622962,0.22611568550828828,7.8625,-7.0
2020-03-19,574.0,0.0,0.0,0.0,5.39,0.0,5.664324428307097,0.08857963098979518,0.20931464596304847,6.7375,4.0
2020-03-20,576.0,0.0,0.0,0.0,4.59,0.0,4.8146757640610325,0.0752926863413259,0.19245158197082998,5.7375,2.0
2020-03-21,584.0,0.0,0.0,0.8,0.58,0.4,4.492474399451877,0.07025404875219732,0.1755314904214282,0.725,8.0
2020-03-22,576.0,0.0,0.0,0.0,-0.44,0.0,3.8186032395340956,0.05971594143936772,0.15855938510313478,0.0,-8.0
2020-03-23,568.0,0.0,0.0,0.0,-0.58,0.0,3.2458127536039814,0.05075855022346256,0.141540295217043,0.0,-8.0
2020-03-24,556.0,0.0,0.0,0.0,1.77,0.0,2.758940840563384,0.04314476768994318,0.12447926388678915,2.2125,-12.0
2020-03-25,546.0,0.0,0.0,0.0,3.43,0.0,2.3450997144788763,0.0366730525364517,0.10738134666416309,4.2875000000000005,-10.0
2020-03-26,537.0,0.0,0.0,0.0,4.19,0.0,1.9933347573070448,0.03117209465598394,0.09025161003104117,5.237500000000001,-9.0
2020-03-27,530.0,0.0,0.0,0.0,7.77,0.0,1.694334543710988,0.02649628045758635,0.07309512989807777,9.712499999999999,-7.0
2020-03-28,523.0,0.0,0.0,0.0,6.05,0.0,1.4401843621543398,0.022521838388948397,0.055916990100603484,7.5625,-7.0
2020-03-29,523.0,0.0,0.0,0.2,2.05,0.1,1.3241567078311889,0.020707378971123715,0.03872228089217446,2.5625,0.0
2020-03-30,523.0,0.0,0.0,1.4,0.33,0.7,1.8255332016565105,0.02854798650907819,0.021516097436222254,0.41250000000000003,0.0
2020-03-31,526.0,0.0,0.0,0.5,1.6,0.25,1.8017032214080337,0.028175329384010402,0.004303538296244289,2.0,3.0
2020-04-01,530.0,0.0,0.0,1.7,5.03,0.85,2.3814477381968286,0.03724146887080824,-0.01291029607500882,6.2875000000000005,4.0
2020-04-02,536.0,0.0,0.0,0.0,5.82,0.0,2.0242305774673044,0.031655248540187,-0.030120304846908114,7.275,6.0
2020-04-03,535.0,0.0,0.0,0.7,5.4,0.35,2.0705959908472087,0.032380318450970474,-0.04732138832243185,6.75,-1.0
2020-04-04,534.0,0.0,0.0,0.0,5.1,0.0,1.7600065922201273,0.0275232706833249,-0.06450844944931623,6.375,-1.0
2020-04-05,527.0,0.0,0.0,0.0,5.36,0.0,1.4960056033871083,0.023394780080826166,-0.08167639533042241,6.7,-7.0
2020-04-06,520.0,0.0,0.0,0.0,9.17,0.0,1.2716047628790421,0.01988556306870224,-0.09882013873287143,11.4625,-7.0
2020-04-07,517.0,0.0,0.0,0.0,8.81,0.0,1.0808640484471859,0.016902728608396908,-0.11593459959550041,11.012500000000001,-3.0
2020-04-08,515.0,0.0,0.0,0.0,7.4,0.0,0.9187344411801079,0.01436731931713737,-0.1330147065341959,9.25,-2.0
2020-04-09,514.0,0.0,0.0,0.0,7.26,0.0,0.7809242750030917,0.012212221419566764,-0.1500553983446526,9.075,-1.0
2020-04-10,515.0,0.0,0.0,0.0,5.21,0.0,0.6637856337526279,0.010380388206631749,-0.16705162550211924,6.5125,1.0
2020-04-11,516.0,0.0,0.0,0.0,4.83,0.0,0.5642177886897337,0.008823329975636986,-0.18399835165768005,6.0375,1.0
2020-04-12,513.0,0.0,0.0,0.9,8.29,0.45,0.9295851203862737,0.014537004011620534,-0.20089055513063506,10.362499999999999,-3.0
2020-04-13,515.0,0.0,0.0,0.0,6.21,0.0,0.7901473523283327,0.012356453409877453,-0.21772323039653177,7.7625,2.0
2020-04-14,523.0,0.0,0.0,0.2,4.93,0.1,0.7716252494790827,0.012066801738913412,-0.23449138957040985,6.1625,8.0
2020-04-15,527.0,0.0,0.0,1.4,6.43,0.7,1.3558814620572202,0.021203495861699433,-0.25119006388481935,8.0375,4.0
2020-04-16,534.0,0.0,0.0,0.0,7.19,0.0,1.1524992427486371,0.018022971482444517,-0.2678143051621742,8.9875,7.0
2020-04-17,526.0,0.0,0.0,0.0,6.19,0.0,0.9796243563363415,0.015319525760077838,-0.2843591872810034,7.737500000000001,-8.0
2020-04-18,525.0,0.0,0.0,0.0,5.83,0.0,0.8326807028858902,0.013021596896066162,-0.30081980763566735,7.2875,-1.0
2020-04-19,529.0,0.0,0.0,0.0,5.81,0.0,0.7077785974530066,0.011068357361656237,-0.3171912885891061,7.262499999999999,4.0
2020-04-20,529.0,0.0,0.0,0.0,5.38,0.0,0.6016118078350556,0.0094081037574078,-0.3334687789181868,6.725,0.0
2020-04-21,526.0,0.0,0.0,0.0,6.63,0.0,0.5113700366597973,0.007996888193796632,-0.3496474552512284,8.2875,-3.0
2020-04-22,525.0,0.0,0.0,0.0,7.46,0.0,0.4346645311608277,0.006797354964727137,-0.36572252349726897,9.325,-1.0
2020-04-23,524.0,0.0,0.0,0.0,7.75,0.0,0.36946485148670355,0.005777751720018066,-0.3816892202666588,9.6875,-1.0
2020-04-24,521.0,0.0,0.0,0.0,8.18,0.0,0.31404512376369803,0.004911088962015356,-0.39754281428255595,10.225,-3.0
2020-04-25,516.0,0.0,0.0,0.0,6.16,0.0,0.26693835519914333,0.004174425617713053,-0.4132786077829042,7.7,-5.0
2020-04-26,513.0,0.0,0.0,0.0,6.3,0.0,0.22689760191927183,0.003548261775056095,-0.4288919379124835,7.875,-3.0
2020-04-27,510.0,0.0,0.0,0.0,9.5,0.0,0.19286296163138106,0.003016022508797681,-0.4443781781046132,11.875,-3.0
2020-04-28,513.0,0.0,0.0,0.0,8.3,0.0,0.1639335173866739,0.0025636191324780286,-0.45973273945210397,10.375,3.0
2020-04-29,514.0,0.0,0.0,0.0,5.65,0.0,0.1393434897786728,0.002179076262606324,-0.47495107206704995,7.0625,1.0
2020-04-30,511.0,0.0,0.0,0.0,9.31,0.0,0.11844196631187189,0.0018522148232153757,-0.49002866642905923,11.637500000000001,-3.0
2020-05-01,507.0,0.0,0.0,0.0,11.51,0.0,0.1006756713650911,0.0015743825997330692,-0.5049610547215204,14.3875,-4.0
2020-05-02,504.0,0.0,0.0,6.6,9.03,3.3,3.3855743206603273,0.05294416444685313,-0.5197438121555155,11.2875,-3.0
2020-05-03,503.0,0.0,0.0,0.0,7.76,0.0,2.877738172561278,0.04500253977982516,-0.5343725582809787,9.7,-1.0
2020-05-04,504.0,0.0,0.0,0.0,9.48,0.0,2.4460774466770863,0.038252158812851385,-0.548842958284719,11.850000000000001,1.0
2020-05-05,502.0,0.0,0.0,0.0,11.8,0.0,2.079165829675523,0.032514334990923675,-0.5631507242749186,14.75,-2.0
2020-05-06,506.0,0.0,0.0,0.0,8.96,0.0,1.7672909552241947,0.02763718474228512,-0.5772916165517272,11.200000000000001,4.0
2020-05-07,507.0,0.0,0.0,0.0,7.8,0.0,1.5021973119405654,0.02349160703094235,-0.5912614448635781,9.75,1.0
2020-05-08,511.0,0.0,0.0,0.0,7.98,0.0,1.2768677151494805,0.019967865976301,-0.6050560696488488,9.975000000000001,4.0
2020-05-09,509.0,0.0,0.0,0.0,9.25,0.0,1.0853375578770583,0.01697268607985585,-0.6186714032625031,11.5625,-2.0
2020-05-10,506.0,0.0,0.0,0.0,12.02,0.0,0.9225369241954996,0.014426783167877471,-0.6321034111873487,15.024999999999999,-3.0
2020-05-11,510.0,0.0,0.0,2.7,7.87,1.35,2.1341563855661745,0.03337428628968313,-0.6453481132295501,9.8375,4.0
2020-05-12,511.0,0.0,0.0,0.3,7.56,0.15,1.9640329277312483,0.030713867857007023,-0.6584015846980488,9.45,1.0
2020-05-13,519.0,0.0,0.0,0.5,7.51,0.25,1.919427988571561,0.030016328529749912,-0.6712599575675313,9.3875,8.0
2020-05-14,524.0,0.0,0.0,0.0,7.94,0.0,1.6315137902858268,0.025513879250287422,-0.6839194216246106,9.925,5.0
2020-05-15,524.0,0.0,0.0,0.0,9.24,0.0,1.3867867217429528,0.02168679736274431,-0.6963762255968722,11.55,0.0
2020-05-16,532.0,0.0,0.0,0.0,9.55,0.0,1.17876871348151,0.018433777758332666,-0.7086266782644596,11.9375,8.0
2020-05-17,539.0,0.0,0.0,3.6,9.3,1.8,2.8019534064592833,0.04381740522389914,-0.7206671495538609,11.625,7.0
2020-05-18,529.0,0.0,0.0,0.2,9.18,0.1,2.481660395490391,0.038808610780831844,-0.7324940716135789,11.475,-10.0
2020-05-19,523.0,0.0,0.0,0.0,9.22,0.0,2.1094113361668323,0.03298731916370707,-0.7441039398713607,11.525,-6.0
2020-05-20,523.0,0.0,0.0,0.0,8.05,0.0,1.7929996357418074,0.02803922128915101,-0.7554933140726803,10.0625,0.0
2020-05-21,529.0,0.0,0.0,0.0,9.01,0.0,1.5240496903805363,0.023833338095778357,-0.766658819300159,11.2625,6.0
2020-05-22,536.0,0.0,0.0,0.0,9.58,0.0,1.2954422368234557,0.0202583373814116,-0.777597146973627,11.975,7.0
2020-05-23,538.0,0.0,0.0,0.6,11.35,0.3,1.4011259012999373,0.02191103579575259,-0.7883050558305255,14.1875,2.0
2020-05-24,529.0,0.0,0.0,1.1,10.4,0.55,1.7409570161049468,0.027225370299236374,-0.7987793728863649,13.0,-9.0
2020-05-25,525.0,0.0,0.0,0.0,11.25,0.0,1.4798134636892046,0.023141564754350915,-0.8090169943749473,14.0625,-4.0
2020-05-26,523.0,0.0,0.0,0.0,11.42,0.0,1.2578414441358239,0.019670330041198277,-0.8190148866680801,14.275,-2.0
2020-05-27,524.0,0.0,0.0,0.0,11.44,0.0,1.0691652275154502,0.016719780535018533,-0.8287700871745037,14.299999999999999,1.0
2020-05-28,522.0,0.0,0.0,0.6,11.96,0.3,1.2087904433881327,0.01890326247631848,-0.8382797052177743,14.950000000000001,-2.0
2020-05-29,520.0,0.0,0.0,0.0,11.26,0.0,1.0274718768799127,0.01606777310487071,-0.8475409228928311,14.075,-2.0
2020-05-30,526.0,0.0,0.0,0.0,13.95,0.0,0.8733510953479258,0.013657607139140103,-0.8565509959010036,17.4375,6.0
2020-05-31,525.0,0.0,0.0,0.0,16.96,0.0,0.7423484310457369,0.011608966068269087,-0.865307254363206,21.200000000000003,-1.0
2020-06-01,524.0,0.0,0.0,0.0,13.36,0.0,0.6309961663888763,0.009867621158028724,-0.8738071036110808,16.7,-1.0
2020-06-02,529.0,0.0,0.0,0.0,13.14,0.0,0.5363467414305448,0.008387477984324414,-0.8820480249558537,16.425,5.0
2020-06-03,523.0,0.0,0.0,0.0,13.5,0.0,0.4558947302159631,0.0071293562866757525,-0.8900275764346767,16.875,-6.0
2020-06-04,516.0,0.0,0.0,1.4,12.82,0.7,1.0875105206835687,0.017006667227297424,-0.8977433935342337,16.025,-7.0
2020-06-05,511.0,0.0,0.0,11.9,15.35,5.95,6.874383942581034,0.10750273940399861,-0.9051931898913974,19.1875,-5.0
2020-06-06,513.0,0.0,0.0,0.5,13.43,0.25,6.093226351193878,0.09528686934469276,-0.9123747579707273,16.7875,2.0
2020-06-07,512.0,0.0,0.0,0.0,15.18,0.0,5.179242398514796,0.08099383894298884,-0.9192859697186104,18.975,-1.0
2020-06-08,507.0,0.0,0.0,13.4,13.25,6.7,11.102356038737575,0.1736204579162181,-0.9259247771938498,16.5625,-5.0
2020-06-09,514.0,0.0,0.0,0.0,13.5,0.0,9.437002632926939,0.14757738922878538,-0.9322892131745133,16.875,7.0
2020-06-10,507.0,0.0,0.0,0.0,17.75,0.0,8.021452237987898,0.12544078084446758,-0.9383773917408641,22.1875,-7.0
2020-06-11,507.0,0.0,0.0,0.0,20.68,0.0,6.818234402289713,0.10662466371779744,-0.9441875088341993,25.85,0.0
2020-06-12,510.0,0.0,0.0,0.0,22.8,0.0,5.795499241946256,0.09063096416012784,-0.9497178427914316,28.5,3.0
2020-06-13,508.0,0.0,0.0,0.0,20.22,0.0,4.926174355654318,0.07703631953610866,-0.9549667548552551,25.275,-2.0
2020-06-14,510.0,0.0,0.0,0.0,16.67,0.0,4.18724820230617,0.06548087160569235,-0.9599326896597447,20.837500000000002,2.0
2020-06-15,503.0,0.0,0.0,0.0,15.04,0.0,3.5591609719602446,0.055658740864838505,-0.9646141756912435,18.799999999999997,-7.0
2020-06-16,505.0,0.0,0.0,0.0,16.56,0.0,3.025286826166208,0.04730992973511273,-0.9690098257244062,20.7,2.0
2020-06-17,500.0,0.0,0.0,0.0,17.27,0.0,2.5714938022412768,0.040213440274845816,-0.9731183372332619,21.5875,-5.0
2020-06-18,501.0,0.0,0.0,2.7,22.13,1.35,3.535769731905085,0.055292944830606226,-0.9769384927771817,27.662499999999998,1.0
2020-06-19,502.0,0.0,0.0,0.0,22.2,0.0,3.005404272119322,0.04699900310601529,-0.980469160361632,27.75,1.0
2020-06-20,501.0,0.0,0.0,2.5,20.44,1.25,3.8045936313014237,0.0594968568965827,-0.9837092937736097,25.55,-1.0
2020-06-21,505.0,0.0,0.0,0.0,21.49,0.0,3.23390458660621,0.0505723283620953,-0.986657932891657,26.862499999999997,4.0
2020-06-22,505.0,0.0,0.0,16.3,19.28,8.15,10.898818898615279,0.17043751085996348,-0.9893142039703663,24.1,0.0
2020-06-23,511.0,0.0,0.0,44.8,15.53,22.4,31.663996063822985,0.49516674450690606,-0.99167731989929,19.412499999999998,6.0
2020-06-24,512.0,0.0,0.0,0.0,19.79,0.0,26.914396654249536,0.4208917328308701,-0.993746580436178,24.737499999999997,1.0
2020-06-25,510.0,0.0,0.0,0.0,22.55,0.0,22.877237156112106,0.3577579729062396,-0.9955213724144752,28.1875,-2.0
2020-06-26,506.0,0.0,0.0,0.0,24.36,0.0,19.44565158269529,0.30409427697030367,-0.9970011699250151,30.45,-4.0
2020-06-27,505.0,0.0,0.0,5.7,22.04,2.85,19.378803845291,0.3030489011295091,-0.9981855344718586,27.549999999999997,-1.0
2020-06-28,507.0,0.0,0.0,0.0,19.79,0.0,16.47198326849735,0.25759156596008276,-0.99907411510223,24.737499999999997,2.0
2020-06-29,505.0,0.0,0.0,5.3,18.86,2.65,16.651185778222747,0.2603939640897861,-0.9996666485105112,23.575,-2.0
2020-06-30,509.0,0.0,0.0,7.9,17.49,3.95,18.103507911489334,0.28310561492676245,-0.9999629591162655,21.862499999999997,4.0
2020-07-01,511.0,0.0,0.0,5.0,16.96,2.5,17.887981724765936,0.2797351812006875,-0.9999629591162655,21.200000000000003,2.0
2020-07-02,504.0,0.0,0.0,0.0,17.4,0.0,15.204784466051045,0.23777490402058438,-0.9996666485105112,21.75,-7.0
2020-07-03,503.0,0.0,0.0,4.7,16.59,2.35,15.274066796143387,0.23885835241965975,-0.99907411510223,20.7375,-1.0
2020-07-04,507.0,0.0,0.0,0.4,18.03,0.2,13.182956776721879,0.20615723223774593,-0.9981855344718586,22.5375,4.0
2020-07-05,507.0,0.0,0.0,8.5,18.01,4.25,15.455513260213596,0.24169584187408102,-0.9970011699250151,22.512500000000003,0.0
2020-07-06,509.0,0.0,0.0,0.0,17.88,0.0,13.137186271181557,0.20544146559296889,-0.9955213724144752,22.349999999999998,2.0
2020-07-07,512.0,0.0,0.0,0.0,15.83,0.0,11.166608330504323,0.17462524575402355,-0.9937465804361781,19.7875,3.0
2020-07-08,514.0,0.0,0.0,9.5,14.62,4.75,14.241617080928673,0.22271273506550487,-0.99167731989929,18.275,2.0
2020-07-09,521.0,0.0,0.0,1.8,15.81,0.9,13.005374518789372,0.20338017187033733,-0.9893142039703664,19.7625,7.0
2020-07-10,522.0,0.0,0.0,19.9,15.8,9.95,21.004568340970966,0.3284728719712856,-0.9866579328916572,19.75,1.0
2020-07-11,531.0,0.0,0.0,0.0,15.71,0.0,17.85388308982532,0.2792019411755927,-0.9837092937736098,19.637500000000003,9.0
2020-07-12,529.0,0.0,0.0,0.0,15.72,0.0,15.175800626351522,0.23732164999925381,-0.9804691603616321,19.650000000000002,-2.0
2020-07-13,530.0,0.0,0.0,0.0,16.19,0.0,12.899430532398794,0.20172340249936574,-0.9769384927771817,20.2375,1.0
2020-07-14,530.0,0.0,0.0,0.0,15.75,0.0,10.964515952538974,0.1714648921244609,-0.973118337233262,19.6875,0.0
2020-07-15,524.0,0.0,0.0,0.0,17.64,0.0,9.319838559658129,0.14574515830579177,-0.9690098257244063,22.05,-6.0
2020-07-16,527.0,0.0,0.0,0.8,18.59,0.4,8.321862775709409,0.13013864992199328,-0.9646141756912435,23.2375,3.0
2020-07-17,524.0,0.0,0.0,0.0,19.25,0.0,7.073583359352997,0.11061785243369429,-0.9599326896597445,24.0625,-3.0
2020-07-18,522.0,0.0,0.0,0.0,20.04,0.0,6.012545855450048,0.09402517456864015,-0.9549667548552553,25.049999999999997,-2.0
2020-07-19,520.0,0.0,0.0,0.0,21.42,0.0,5.110663977132541,0.07992139838334412,-0.9497178427914317,26.775000000000002,-2.0
2020-07-20,524.0,0.0,0.0,6.7,21.31,3.35,7.69406438056266,0.12032103603318133,-0.9441875088341994,26.6375,4.0
2020-07-21,528.0,0.0,0.0,0.0,17.52,0.0,6.53995472347826,0.10227288062820411,-0.9383773917408642,21.9,4.0
2020-07-22,532.0,0.0,0.0,3.9,16.41,1.95,7.508961514956521,0.11742636717406624,-0.9322892131745134,20.5125,4.0
2020-07-23,530.0,0.0,0.0,2.7,16.4,1.35,7.732617287713042,0.12092393269494357,-0.9259247771938499,20.5,-2.0
2020-07-24,527.0,0.0,0.0,9.6,16.12,4.8,11.372724694556085,0.1778485271355457,-0.9192859697186105,20.150000000000002,-3.0
2020-07-25,527.0,0.0,0.0,0.0,17.28,0.0,9.666815990372672,0.15117124806521384,-0.9123747579707274,21.6,0.0
2020-07-26,523.0,0.0,0.0,0.0,20.35,0.0,8.21679359181677,0.12849556085543176,-0.9051931898913975,25.4375,-4.0
2020-07-27,520.0,0.0,0.0,0.0,17.88,0.0,6.984274553044255,0.10922122672711698,-0.8977433935342336,22.349999999999998,-3.0
2020-07-28,517.0,0.0,0.0,4.2,19.69,2.1,8.036633370087616,0.12567818586891852,-0.8900275764346766,24.6125,-3.0
2020-07-29,525.0,0.0,0.0,0.0,17.83,0.0,6.831138364574473,0.10682645798858074,-0.8820480249558535,22.287499999999998,8.0
2020-07-30,535.0,0.0,0.0,5.7,16.11,2.85,8.656467609888303,0.13537125499504457,-0.8738071036110807,20.1375,10.0
2020-07-31,532.0,0.0,0.0,3.1,16.88,1.55,8.907997468405057,0.1393047200238103,-0.8653072543632061,21.099999999999998,-3.0
2020-08-01,526.0,0.0,0.0,0.0,17.58,0.0,7.571797848144298,0.11840901202023876,-0.8565509959010037,21.974999999999998,-6.0
2020-08-02,529.0,0.0,0.0,0.0,16.69,0.0,6.436028170922653,0.10064766021720295,-0.8475409228928312,20.8625,3.0
2020-08-03,527.0,0.0,0.0,10.5,17.46,5.25,10.720623945284256,0.16765086906179527,-0.8382797052177745,21.825000000000003,-2.0
2020-08-04,525.0,0.0,0.0,2.5,17.21,1.25,10.362530353491618,0.1620509429589957,-0.828770087174504,21.512500000000003,-2.0
2020-08-05,523.0,0.0,0.0,0.0,17.55,0.0,8.808150800467875,0.13774330151514633,-0.8190148866680802,21.9375,-2.0
2020-08-06,525.0,0.0,0.0,0.0,18.88,0.0,7.486928180397693,0.11708180628787437,-0.8090169943749472,23.599999999999998,2.0
2020-08-07,521.0,0.0,0.0,0.0,22.35,0.0,6.363888953338039,0.09951953534469322,-0.7987793728863648,27.9375,-4.0
2020-08-08,520.0,0.0,0.0,0.0,22.66,0.0,5.409305610337333,0.08459160504298924,-0.7883050558305253,28.325,-1.0
2020-08-09,519.0,0.0,0.0,0.0,22.96,0.0,4.597909768786733,0.07190286428654086,-0.7775971469736268,28.700000000000003,-1.0
2020-08-10,519.0,0.0,0.0,0.0,20.41,0.0,3.9082233034687235,0.06111743464355973,-0.7666588193001592,25.5125,0.0
2020-08-11,517.0,0.0,0.0,0.0,17.97,0.0,3.3219898079484147,0.051949819447025765,-0.7554933140726804,22.4625,-2.0
2020-08-12,519.0,0.0,0.0,0.0,16.95,0.0,2.8236913367561525,0.0441573465299719,-0.7441039398713608,21.1875,2.0
2020-08-13,515.0,0.0,0.0,0.0,16.81,0.0,2.4001376362427296,0.03753374455047612,-0.7324940716135792,21.0125,-4.0
2020-08-14,510.0,0.0,0.0,0.0,18.77,0.0,2.04011699080632,0.031903682867904695,-0.7206671495538615,23.4625,-5.0
2020-08-15,508.0,0.0,0.0,0.0,19.03,0.0,1.734099442185372,0.02711813043771899,-0.7086266782644601,23.7875,-2.0
2020-08-16,503.0,0.0,0.0,0.0,18.86,0.0,1.4739845258575661,0.023050410872061142,-0.6963762255968726,23.575,-5.0
2020-08-17,501.0,0.0,0.0,0.0,20.49,0.0,1.2528868469789312,0.01959284924125197,-0.6839194216246105,25.612499999999997,-2.0
2020-08-18,502.0,0.0,0.0,0.0,19.67,0.0,1.0649538199320914,0.01665392185506417,-0.6712599575675315,24.587500000000002,1.0
2020-08-19,498.0,0.0,0.0,0.0,20.56,0.0,0.9052107469422777,0.014155833576804546,-0.6584015846980489,25.7,-4.0
2020-08-20,501.0,0.0,0.0,0.0,20.04,0.0,0.769429134900936,0.012032458540283864,-0.64534811322955,25.049999999999997,3.0
2020-08-21,500.0,0.0,0.0,0.0,21.62,0.0,0.6540147646657956,0.010227589759241283,-0.6321034111873488,27.025000000000002,-1.0
2020-08-22,498.0,0.0,0.0,0.9,22.19,0.45,1.0059125499659263,0.015730624827684187,-0.6186714032625032,27.7375,-2.0
2020-08-23,499.0,0.0,0.0,8.6,20.51,4.3,5.155025667471037,0.08061513374578734,-0.6050560696488494,25.637500000000003,1.0
2020-08-24,503.0,0.0,0.0,11.5,18.9,5.75,10.13177181735038,0.15844230326367986,-0.5912614448635782,23.625,4.0
2020-08-25,510.0,0.0,0.0,33.9,15.9,16.95,25.56200604474782,0.3997428274918571,-0.5772916165517278,19.875,7.0
2020-08-26,505.0,0.0,0.0,2.7,16.8,1.35,23.07770513803565,0.36089292396506584,-0.5631507242749187,21.0,-5.0
2020-08-27,507.0,0.0,0.0,10.4,16.22,5.2,24.8160493673303,0.3880774350772199,-0.5488429582847199,20.275,2.0
2020-08-28,506.0,0.0,0.0,0.0,15.05,0.0,21.093641962230755,0.3298658198156369,-0.5343725582809785,18.8125,-1.0
2020-08-29,511.0,0.0,0.0,14.2,15.68,7.1,25.02959566789614,0.39141690702003923,-0.5197438121555157,19.6,5.0
2020-08-30,509.0,0.0,0.0,0.0,18.28,0.0,21.27515631771172,0.33270437096703337,-0.5049610547215202,22.85,-2.0
2020-08-31,512.0,0.0,0.0,2.0,14.77,1.0,19.08388287005496,0.29843687872715413,-0.4900286664290594,18.4625,3.0
2020-09-01,514.0,0.0,0.0,0.0,14.87,0.0,16.221300439546717,0.253671346918081,-0.4749510720670502,18.5875,2.0
2020-09-02,507.0,0.0,0.0,1.1,15.2,0.55,14.33810537361471,0.22422163475321552,-0.4597327394521046,19.0,-7.0
2020-09-03,518.0,0.0,0.0,5.4,16.5,2.7,14.887389567572502,0.23281143073420774,-0.44437817810461344,20.625,11.0
2020-09-04,517.0,0.0,0.0,0.9,17.09,0.45,13.104281132436626,0.20492688965640565,-0.4288919379124841,21.3625,-1.0
2020-09-05,509.0,0.0,0.0,6.2,16.9,3.1,14.23863896257113,0.22266616276398965,-0.41327860778290443,21.125,-8.0
2020-09-06,511.0,0.0,0.0,2.2,16.04,1.1,13.20284311818546,0.20646821809508453,-0.3975428142825566,20.049999999999997,2.0
2020-09-07,513.0,0.0,0.0,14.7,14.97,7.35,18.57241665045764,0.2904384864088637,-0.3816892202666586,18.712500000000002,2.0
2020-09-08,534.0,0.0,0.0,3.2,16.47,1.6,17.386554152888994,0.2718937748958154,-0.3657225234972692,20.5875,21.0
2020-09-09,519.0,0.0,0.0,7.7,17.09,3.85,18.628571029955644,0.29131663777136974,-0.34964745525122826,21.3625,-15.0
2020-09-10,521.0,0.0,0.0,0.0,15.42,0.0,15.834285375462297,0.2476191421056643,-0.33346877891818705,19.275,2.0
2020-09-11,521.0,0.0,0.0,0.3,15.21,0.15,13.609142569142954,0.212821995300591,-0.31719128858910595,19.012500000000003,0.0
2020-09-12,528.0,0.0,0.0,0.0,17.23,0.0,11.56777118377151,0.18089869600550237,-0.300819807635668,21.5375,7.0
2020-09-13,529.0,0.0,0.0,0.0,16.41,0.0,9.832605506205784,0.15376389160467702,-0.2843591872810036,20.5125,1.0
2020-09-14,529.0,0.0,0.0,0.0,16.92,0.0,8.357714680274917,0.13069930786397546,-0.26781430516217486,21.150000000000002,0.0
2020-09-15,524.0,0.0,0.0,0.0,17.85,0.0,7.104057478233679,0.11109441168437915,-0.25119006388481957,22.3125,-5.0
2020-09-16,523.0,0.0,0.0,0.0,18.25,0.0,6.038448856498627,0.09443024993172228,-0.23449138957041052,22.8125,-1.0
2020-09-17,526.0,0.0,0.0,4.0,12.76,2.0,7.132681528023833,0.11154203925231547,-0.21772323039653224,15.95,3.0
2020-09-18,538.0,0.0,0.0,0.0,14.62,0.0,6.062779298820258,0.09481073336446814,-0.20089055513063528,18.275,12.0
2020-09-19,533.0,0.0,0.0,0.0,14.53,0.0,5.153362403997219,0.08058912335979791,-0.18399835165767986,18.162499999999998,-5.0
2020-09-20,526.0,0.0,0.0,0.0,13.16,0.0,4.380358043397636,0.06850075485582822,-0.1670516255021195,16.45,-7.0
2020-09-21,521.0,0.0,0.0,0.0,14.71,0.0,3.7233043368879906,0.05822564162745399,-0.15005539834465262,18.387500000000003,-5.0
2020-09-22,519.0,0.0,0.0,0.0,15.61,0.0,3.164808686354792,0.04949179538333589,-0.13301470653419636,19.5125,-2.0
2020-09-23,513.0,0.0,0.0,0.0,17.68,0.0,2.6900873834015733,0.04206802607583551,-0.11593459959550066,22.1,-6.0
2020-09-24,511.0,0.0,0.0,0.0,18.36,0.0,2.286574275891337,0.03575782216446018,-0.09882013873287211,22.95,-2.0
2020-09-25,510.0,0.0,0.0,0.0,18.79,0.0,1.9435881345076367,0.030394148839791156,-0.08167639533042288,23.487499999999997,-1.0
2020-09-26,506.0,0.0,0.0,0.0,20.4,0.0,1.652049914331491,0.02583502651382248,-0.06450844944931625,25.5,-4.0
2020-09-27,505.0,0.0,0.0,0.0,19.57,0.0,1.4042424271817673,0.021959772536749106,-0.04732138832243232,24.4625,-1.0
2020-09-28,519.0,0.0,0.0,0.3,12.77,0.15,1.3436060631045021,0.021011531167013105,-0.03012030484690836,15.962499999999999,14.0
2020-09-29,511.0,0.0,0.0,0.0,13.03,0.0,1.1420651536388269,0.01785980149196114,-0.012910296075008843,16.287499999999998,-8.0
2020-09-30,510.0,0.0,0.0,0.0,13.48,0.0,0.9707553805930028,0.015180831268166968,0.004303538296243821,16.85,-1.0
2020-10-01,510.0,0.0,0.0,0.0,14.13,0.0,0.8251420735040523,0.012903706577941923,0.021516097436222233,17.6625,0.0
2020-10-02,508.0,0.0,0.0,0.0,14.25,0.0,0.7013707624784444,0.010968150591250633,0.03872228089217399,17.8125,-2.0
2020-10-03,497.0,0.0,0.0,0.2,14.58,0.1,0.6961651481066777,0.010886744343080615,0.05591699010060302,18.225,-11.0
2020-10-04,499.0,0.0,0.0,2.7,18.02,1.35,1.9417403758906762,0.030365253288605804,0.07309512989807776,22.525,2.0
2020-10-05,497.0,0.0,0.0,4.7,16.01,2.35,4.0004793195070745,0.06256014929747798,0.0902516100310407,20.012500000000003,-2.0
2020-10-06,508.0,0.0,0.0,6.7,14.83,3.35,6.750407421581013,0.10556397431019508,0.10738134666416306,18.5375,11.0
2020-10-07,490.0,0.0,0.0,0.0,14.43,0.0,5.737846308343861,0.08972937816366582,0.12447926388678869,18.0375,-18.0
2020-10-08,491.0,0.0,0.0,0.0,13.53,0.0,4.877169362092282,0.07626997143911594,0.141540295217043,16.912499999999998,1.0
2020-10-09,490.0,0.0,0.0,3.7,13.0,1.85,5.995593957778439,0.09376007802282371,0.15855938510313475,16.25,-1.0
2020-10-10,487.0,0.0,0.0,4.4,11.44,2.2,7.296254864111673,0.11410002581078683,0.17553149042142777,14.299999999999999,-3.0
2020-10-11,489.0,0.0,0.0,2.7,10.68,1.35,7.551816634494923,0.1180965425361561,0.19245158197082995,13.35,2.0
2020-10-12,501.0,0.0,0.0,23.2,8.7,11.6,18.019044139320684,0.2817847566557716,0.20931464596304888,10.875,12.0
2020-10-13,499.0,0.0,0.0,1.0,8.62,0.5,15.81618751842258,0.24733612485999368,0.22611568550828803,10.774999999999999,-2.0
2020-10-14,489.0,0.0,0.0,5.6,8.62,2.8,16.243759390659193,0.25402256366548676,0.2428497220959358,10.774999999999999,-10.0
2020-10-15,513.0,0.0,0.0,1.2,7.94,0.6,14.407195482060313,0.2253020771587692,0.25951179706979943,9.925,24.0
2020-10-16,513.0,0.0,0.0,0.0,6.13,0.0,12.246116159751265,0.1915067655849538,0.27609697309746883,7.6625,0.0
2020-10-17,508.0,0.0,0.0,0.0,4.67,0.0,10.409198735788575,0.1627807507472107,0.2926003356333479,5.8375,-5.0
2020-10-18,510.0,0.0,0.0,6.7,9.06,3.35,12.197818925420288,0.1907514855424679,0.30901699437494723,11.325000000000001,2.0
2020-10-19,519.0,0.0,0.0,0.2,9.71,0.1,10.468146086607243,0.16370257905161528,0.3253420847119795,12.137500000000001,9.0
2020-10-20,516.0,0.0,0.0,0.0,9.25,0.0,8.897924173616156,0.13914719219387298,0.341570769167856,11.5625,-3.0
2020-10-21,512.0,0.0,0.0,4.7,10.4,2.35,9.913235547573732,0.15502479736695507,0.35769823883312546,13.0,-4.0
2020-10-22,513.0,0.0,0.0,0.6,12.75,0.3,8.726250215437673,0.13646252678346454,0.3737197147904692,15.9375,1.0
2020-10-23,507.0,0.0,0.0,3.3,12.54,1.65,9.067312683122022,0.1417961173844849,0.38963044953078774,15.674999999999999,-6.0
2020-10-24,507.0,0.0,0.0,4.8,12.07,2.4,10.10721578065372,0.158058291949234,0.4054257283599973,15.0875,0.0
2020-10-25,508.0,0.0,0.0,0.0,12.04,0.0,8.591133413555662,0.1343495481568489,0.42110087079608916,15.049999999999999,1.0
2020-10-26,505.0,0.0,0.0,0.0,11.65,0.0,7.302463401522313,0.11419711593332156,0.4366512319560638,14.5625,-3.0
2020-10-27,500.0,0.0,0.0,9.2,11.73,4.6,10.807093891293965,0.16900310020713183,0.45207220393230374,14.662500000000001,-5.0
2020-10-28,506.0,0.0,0.0,1.1,10.73,0.55,9.73602980759987,0.15225362504890871,0.46735921715800205,13.412500000000001,6.0
2020-10-29,500.0,0.0,0.0,4.7,10.66,2.35,10.625625336459889,0.16616526529373546,0.48250774176121763,13.325,-6.0
2020-10-30,511.0,0.0,0.0,4.8,8.95,2.4,11.431781535990906,0.17877206767209697,0.4975132889071803,11.1875,11.0
2020-10-31,510.0,0.0,0.0,0.0,7.49,0.0,9.71701430559227,0.15195625752128245,0.5123714121284235,9.3625,-1.0
2020-11-01,508.0,0.0,9.05,0.0,8.91,0.0,8.25946215975343,0.12916281889309006,0.5270777086423724,22.450000000000003,-2.0
2020-11-02,508.0,2.1,8.38,4.7,8.97,3.4000000000000004,10.420542835790414,0.16295815163672414,0.5416278206559811,21.6875,0.0
2020-11-03,505.0,0.0,0.0,1.0,12.06,0.5,9.357461410421852,0.1463335105938034,0.5560174366570446,15.075000000000001,-3.0
2020-11-04,512.0,0.0,0.0,0.7,11.0,0.35,8.303842198858574,0.1298568411965444,0.5702422926917867,13.75,7.0
2020-11-05,527.0,0.0,0.0,2.4,10.79,1.2,8.258265869029787,0.12914411110327365,0.5842981736283683,13.487499999999999,15.0
2020-11-06,522.0,0.0,0.0,0.0,11.55,0.0,7.019525988675318,0.10977249443778259,0.5981809144059159,14.4375,-5.0
2020-11-07,528.0,0.0,0.0,2.2,10.24,1.1,7.066597090374021,0.11050860001780854,0.6118864012687242,12.8,6.0
2020-11-08,530.0,0.0,0.0,0.0,9.41,0.0,6.006607526817918,0.09393231001513727,0.6254105729852457,11.7625,2.0
2020-11-09,531.0,0.0,0.0,0.0,5.4,0.0,5.10561639779523,0.07984246351286668,0.6387494220515268,6.75,1.0
2020-11-10,531.0,0.0,0.0,0.2,7.51,0.1,4.439773938125945,0.06942991032645424,0.6518989958787125,9.3875,0.0
2020-11-11,530.0,0.0,0.0,0.0,5.95,0.0,3.7738078474070527,0.059015423777486094,0.6648553979642867,7.4375,-1.0
2020-11-12,524.0,0.0,0.0,0.0,5.3,0.0,3.207736670295995,0.050163110210863185,0.6776147890466887,6.625,-6.0
2020-11-13,514.0,0.0,0.0,0.0,4.92,0.0,2.7265761697515956,0.04263864367923371,0.690173388242972,6.15,-10.0
2020-11-14,504.0,0.3,6.86,0.2,5.97,0.25,2.5675897442888562,0.04015238797864259,0.7025274741691566,16.0375,-10.0
2020-11-15,505.0,0.2,7.97,0.0,7.92,0.1,2.282451282645528,0.03569334612236378,0.7146733860429608,19.8625,1.0
2020-11-16,504.0,4.2,8.72,5.0,8.93,4.6,6.540083590248698,0.10227489586781773,0.726607524768565,22.0625,-1.0
2020-11-17,508.0,4.0,8.24,8.9,9.53,6.45,12.009071051711393,0.18779981545102875,0.7383263540031063,22.2125,4.0
2020-11-18,519.0,1.6,9.27,5.4,10.75,3.5,13.707710393954684,0.21436341505148962,0.749826401204568,25.025,11.0
2020-11-19,518.0,3.0,8.5,3.2,9.42,3.1,14.75155383486148,0.23068720934981102,0.7611042586607742,22.400000000000002,-1.0
2020-11-20,522.0,0.5,6.43,1.1,6.52,0.8,13.33882075963226,0.20859465867148,0.7721565844991641,16.1875,4.0
2020-11-21,540.0,0.4,5.35,4.1,6.49,2.25,13.58799764568742,0.21249132753240346,0.7829801036770625,14.8,18.0
2020-11-22,546.0,20.7,7.62,6.3,9.1,13.5,25.049797998834308,0.3917328343724158,0.7935716089521472,20.9,6.0
2020-11-23,570.0,3.4,8.05,0.6,8.76,2.0,23.29232829900916,0.3642492360269049,0.8039279618328208,21.012500000000003,24.0
2020-11-24,586.0,1.4,7.87,2.6,8.77,2.0,21.798479054157784,0.3408881774332207,0.8140460935082175,20.8,16.0
2020-11-25,581.0,2.4,7.21,0.3,8.9,1.3499999999999999,19.878707196034117,0.3108664714152249,0.8239230057575536,20.1375,-5.0
2020-11-26,581.0,2.2,4.37,4.0,7.36,3.1,19.996901116629,0.31271480725898604,0.8335557718385695,14.662500000000001,0.0
2020-11-27,574.0,3.7,5.77,1.9,5.02,2.8,19.79736594913465,0.30959444370463024,0.8429415373547832,13.487499999999999,-7.0
2020-11-28,576.0,0.0,2.61,0.0,1.89,0.0,16.82776105676445,0.2631552771489357,0.8520775211013093,5.625,2.0
2020-11-29,575.0,0.1,1.24,0.0,0.53,0.05,14.353596898249783,0.22446389374685413,0.8609610158889945,2.2125,-1.0
2020-11-30,568.0,1.8,2.78,2.5,1.93,2.15,14.350557363512316,0.22441636100595388,0.8695893893466109,5.8875,-7.0
2020-12-01,560.0,0.0,1.01,1.3,1.31,0.65,12.847973758985468,0.20091871306842504,0.8779600847008883,2.9000000000000004,-8.0
2020-12-02,541.0,0.0,-1.98,0.0,-2.78,0.0,10.920777695137648,0.1707809061081613,0.8860706215341377,0.0,-19.0
2020-12-03,531.0,0.0,-0.25,0.2,-0.64,0.1,9.382661040867001,0.14672758653245468,0.893918596519257,0.0,-10.0
2020-12-04,525.0,0.3,2.04,0.8,2.34,0.55,8.52526188473695,0.13331943842543315,0.9015016841318838,5.475,-6.0
2020-12-05,519.0,0.0,4.7,0.0,6.47,0.0,7.246472602026408,0.11332152266161817,0.9088176373395028,13.9625,-6.0
2020-12-06,512.0,0.0,3.83,0.0,4.12,0.0,6.159501711722447,0.09632329426237544,0.9158642882672868,9.9375,-7.0
2020-12-07,504.0,0.0,0.37,0.0,0.17,0.0,5.23557645496408,0.08187480012301913,0.9226395488404875,0.675,-8.0
2020-12-08,499.0,0.0,-1.9,0.0,-2.37,0.0,4.450239986719468,0.06959358010456626,0.9291414114031743,0.0,-5.0
2020-12-09,493.0,0.0,-2.77,0.0,-3.31,0.0,3.7827039887115474,0.05915454308888132,0.935367949313148,0.0,-6.0
2020-12-10,490.0,0.1,-1.8,0.5,-1.88,0.3,3.515298390404815,0.05497281064710185,0.941317317512847,0.0,-3.0
2020-12-11,495.0,0.0,-0.05,0.0,0.1,0.0,2.988003631844093,0.04672688905003657,0.946987753076075,0.0625,5.0
2020-12-12,497.0,0.0,0.47,0.0,0.84,0.0,2.539803087067479,0.039717855692531084,0.9523775757303973,1.6375000000000002,2.0
2020-12-13,494.0,0.0,-0.91,0.0,-1.0,0.0,2.158832624007357,0.03376017733865142,0.9574851883550389,0.0,-3.0
2020-12-14,498.0,0.0,0.54,0.4,0.74,0.2,2.0350077304062535,0.03182378341888886,0.9623090774541487,1.6,4.0
2020-12-15,496.0,0.0,0.9,0.0,1.36,0.0,1.7297565708453153,0.027050215906055528,0.9668478136052773,2.825,-2.0
2020-12-16,493.0,0.9,2.41,1.8,4.79,1.35,2.820293085218518,0.044104204117134484,0.9711000518829505,9.0,-3.0
2020-12-17,492.0,0.0,0.0,0.0,5.28,0.0,2.39724912243574,0.03748857349956431,0.9750645322571945,6.6000000000000005,-1.0
2020-12-18,496.0,0.8,3.0,9.7,6.37,5.25,7.287661754070379,0.11396564535180242,0.9787400799669153,11.712500000000002,4.0
2020-12-19,500.0,0.0,2.27,0.0,3.99,0.0,6.194512490959823,0.09687079854903206,0.9821256058680006,7.824999999999999,4.0
2020-12-20,502.0,0.0,1.88,0.0,1.64,0.0,5.265335617315849,0.08234017876667726,0.9852201067560606,4.3999999999999995,2.0
2020-12-21,500.0,1.2,2.2,2.6,2.16,1.9,6.375535274718471,0.09970166242150962,0.9880226656636976,5.45,-2.0
2020-12-22,496.0,2.6,2.45,4.4,2.37,3.5,8.9192049835107,0.13947998497639832,0.9905324521322227,6.025,-4.0
2020-12-23,497.0,0.1,4.18,0.4,5.73,0.25,7.831324235984094,0.12246752808123251,0.9927487224577402,12.3875,1.0
2020-12-24,503.0,9.9,1.88,14.7,1.45,12.3,18.95662560058648,0.29644680875270957,0.9946708199115211,4.1625,6.0
2020-12-25,518.0,4.2,1.54,8.6,1.32,6.4,22.51313176049851,0.352064033232928,0.9962981749346077,3.575,15.0
2020-12-26,535.0,1.8,1.32,1.6,1.72,1.7000000000000002,20.836161996423733,0.3258393060367876,0.9976303053065857,3.8,17.0
2020-12-27,537.0,0.0,0.37,0.0,0.39,0.0,17.710737696960173,0.27696341013126946,0.9986668162884759,0.95,2.0
2020-12-28,519.0,0.0,1.17,0.5,1.43,0.25,15.304127042416146,0.239328439462873,0.9994074007397048,3.2499999999999996,-18.0
2020-12-29,509.0,6.7,3.35,7.5,4.42,7.1,20.108507986053723,0.31446013372018994,0.9998518392091162,9.712499999999999,-10.0
2020-12-30,527.0,0.0,1.67,0.0,2.31,0.0,17.092231788145664,0.26729111366216146,1.0,4.975,18.0
2020-12-31,547.0,0.0,0.54,0.0,0.48,0.0,14.528397019923814,0.22719744661283722,0.9998518392091162,1.275,20.0
2021-01-01,543.0,0.0,-2.49,0.0,-2.33,0.0,12.349137466935241,0.19311782962091162,0.9998518392091162,0.0,-4.0
2021-01-02,536.0,0.2,-0.07,5.1,-0.23,2.65,13.146766846894955,0.20559128820149067,0.9994074007397048,0.0,-7.0
2021-01-03,523.0,0.0,-0.8,0.0,-0.67,0.0,11.174751819860711,0.17475259497126705,0.998666816288476,0.0,-13.0
2021-01-04,517.0,0.0,-0.47,0.0,-0.6,0.0,9.498539046881605,0.148539705725577,0.9976303053065857,0.0,-6.0
2021-01-05,515.0,4.1,0.75,2.8,0.38,3.4499999999999997,11.523758189849364,0.18021041361459683,0.9962981749346078,1.4124999999999999,-2.0
2021-01-06,514.0,0.9,0.58,0.8,0.71,0.8500000000000001,10.64519446137196,0.1664712904668067,0.9946708199115211,1.6125,-1.0
2021-01-07,517.0,0.4,0.66,0.5,0.7,0.45,9.498415292166165,0.14853777042911478,0.9927487224577402,1.6999999999999997,3.0
2021-01-08,513.0,1.3,0.27,1.6,0.25,1.4500000000000002,9.523652998341241,0.14893244180225243,0.9905324521322229,0.65,-4.0
2021-01-09,512.0,1.3,-1.77,2.7,-2.09,2.0,10.095105048590055,0.1578689023422661,0.9880226656636976,0.0,-1.0
2021-01-10,513.0,0.1,-1.37,0.4,-1.64,0.25,8.830839291301546,0.13809810784222012,0.9852201067560606,0.0,1.0
2021-01-11,517.0,0.0,0.37,5.9,1.72,2.95,10.456213397606314,0.16351597371115562,0.9821256058680006,2.6125,4.0
2021-01-12,519.0,2.8,0.05,9.4,0.28,6.1,14.987781387965367,0.23438137442605442,0.9787400799669153,0.41250000000000003,2.0
2021-01-13,502.0,1.3,-1.2,1.3,-1.27,1.3,14.039614179770561,0.21955378068887474,0.9750645322571948,0.0,-17.0
2021-01-14,506.0,0.1,-3.44,0.1,-3.34,0.1,12.033672052804976,0.18818452992606108,0.9711000518829505,0.0,4.0
2021-01-15,518.0,0.1,-6.68,0.1,-7.73,0.1,10.328621244884229,0.1615206667776695,0.9668478136052775,0.0,12.0
2021-01-16,517.0,5.0,-9.39,9.7,-10.08,7.35,16.129328058151593,0.2522330677890609,0.9623090774541486,0.0,-1.0
2021-01-17,518.0,0.0,-17.06,0.0,-15.7,0.0,13.709928849428854,0.21439810762070177,0.9574851883550393,0.0,1.0
2021-01-18,515.0,2.0,-8.02,10.7,-8.26,6.35,18.003439522014524,0.2815407291004626,0.9523775757303974,0.0,-3.0
2021-01-19,513.0,0.0,-9.62,0.7,-8.63,0.35,15.652923593712345,0.24478297692720472,0.9469877530760753,0.0,-2.0
2021-01-20,510.0,2.0,-3.52,8.8,-4.14,5.4,18.704985054655495,0.2925116127760732,0.9413173175128471,0.0,-3.0
2021-01-21,510.0,0.1,2.23,0.9,2.4,0.5,16.399237296457173,0.2564539525622501,0.9353679493131483,5.7875,0.0
2021-01-22,507.0,0.0,2.51,0.0,3.42,0.0,13.939351701988597,0.2179858596779126,0.9291414114031743,7.4125,-3.0
2021-01-23,508.0,7.3,1.18,7.7,2.51,7.5,19.348448946690308,0.30257420626504394,0.9226395488404876,4.612499999999999,1.0
2021-01-24,519.0,1.5,0.72,1.4,1.97,1.45,17.89618160468676,0.27986341226279215,0.9158642882672872,3.3625,11.0
2021-01-25,548.0,0.4,0.71,0.7,1.87,0.55,15.761754363983746,0.24648489029622003,0.9088176373395029,3.225,29.0
2021-01-26,572.0,0.5,1.08,0.7,1.81,0.6,13.997491209386183,0.21889505479489246,0.901501684131884,3.6125000000000003,24.0
2021-01-27,581.0,1.2,1.11,2.3,1.58,1.75,13.647867527978255,0.21342758253471616,0.893918596519257,3.3625000000000007,9.0
2021-01-28,575.0,0.2,-0.82,4.0,-0.1,2.1,13.700687398781517,0.21425358830537786,0.886070621534138,0.0,-6.0
2021-01-29,566.0,0.1,-3.35,0.3,-1.8,0.2,11.845584288964288,0.1852431827406063,0.8779600847008882,0.0,-9.0
2021-01-30,555.0,4.3,-1.03,4.5,0.03,4.4,14.468746645619644,0.22626462431228872,0.869589389346611,0.0,-11.0
2021-01-31,546.0,3.2,-0.67,5.5,0.47,4.35,16.648434648776696,0.26035094147795995,0.8609610158889943,0.0,-9.0
2021-02-01,541.0,0.0,-4.33,0.0,-0.65,0.0,14.151169451460191,0.22129830025626596,0.8520775211013093,0.0,-5.0
2021-02-02,539.0,0.3,-3.79,0.7,-2.83,0.5,12.528494033741163,0.19592263692041395,0.8429415373547828,0.0,-2.0
2021-02-03,543.0,0.0,-1.49,0.0,0.02,0.0,10.649219928679988,0.16653424138235187,0.8335557718385699,0.0,4.0
2021-02-04,536.0,0.0,-5.46,0.0,-5.75,0.0,9.05183693937799,0.14155410517499908,0.8239230057575542,0.0,-7.0
2021-02-05,530.0,2.8,-8.53,4.2,-5.81,3.5,11.194061398471291,0.1750545613168644,0.8140460935082178,0.0,-6.0
2021-02-06,525.0,0.2,-15.53,0.0,-12.3,0.1,9.614952188700597,0.1503601934598523,0.8039279618328213,0.0,-5.0
2021-02-07,521.0,0.1,-15.77,0.4,-13.38,0.25,8.422709360395507,0.1317157052921684,0.7935716089521474,0.0,-4.0
2021-02-08,518.0,0.3,-11.11,0.0,-11.78,0.15,7.309302956336181,0.11430407400911949,0.7829801036770629,0.0,-3.0
2021-02-09,514.0,1.3,-8.49,1.4,-8.44,1.35,7.562907512885754,0.11826998350473886,0.7721565844991642,0.0,-4.0
2021-02-10,513.0,1.1,-11.84,1.5,-11.28,1.3,7.728471385952891,0.12085909840575652,0.7611042586607747,0.0,-1.0
2021-02-11,509.0,0.0,-13.47,0.0,-11.01,0.0,6.569200678059957,0.10273023364489305,0.7498264012045686,0.0,-4.0
2021-02-12,507.0,0.0,-11.51,0.0,-8.45,0.0,5.583820576350964,0.08732069859815908,0.7383263540031065,0.0,-2.0
2021-02-13,506.0,0.0,-2.07,0.0,-0.82,0.0,4.746247489898319,0.07422259380843521,0.7266075247685656,0.0,-1.0
2021-02-14,508.0,0.0,0.01,0.0,0.24,0.0,4.034310366413571,0.06308920473716993,0.7146733860429609,0.3125,2.0
2021-02-15,506.0,0.0,-2.65,0.0,-2.12,0.0,3.4291638114515353,0.053625824026594444,0.702527474169157,0.0,-2.0
2021-02-16,503.0,0.1,-5.08,0.0,-3.51,0.05,2.964789239733805,0.046363858592864064,0.6901733882429719,0.0,-3.0
2021-02-17,501.0,0.0,-6.33,0.0,-5.95,0.0,2.520070853773734,0.03940927980393445,0.6776147890466889,0.0,-2.0
2021-02-18,500.0,0.0,-12.08,0.0,-10.85,0.0,2.1420602257076737,0.03349788783334428,0.6648553979642865,0.0,-1.0
2021-02-19,498.0,0.0,-7.19,0.0,-6.77,0.0,1.8207511918515227,0.02847320465834264,0.6518989958787126,0.0,-2.0
2021-02-20,496.0,0.0,0.94,0.0,0.57,0.0,1.5476385130737942,0.02420222395959124,0.6387494220515272,1.8874999999999997,-2.0
2021-02-21,497.0,0.0,1.6,0.0,2.44,0.0,1.315492736112725,0.020571890365652556,0.6254105729852463,5.05,1.0
2021-02-22,498.0,0.0,1.62,0.0,2.12,0.0,1.1181688256958162,0.01748610681080467,0.6118864012687243,4.675000000000001,1.0
2021-02-23,496.0,0.0,1.02,0.0,2.19,0.0,0.9504435018414438,0.01486319078918397,0.5981809144059164,4.0125,-2.0
2021-02-24,497.0,0.0,2.62,0.0,3.77,0.0,0.8078769765652272,0.012633712170806374,0.5842981736283683,7.987500000000001,1.0
2021-02-25,501.0,0.0,4.22,0.0,5.11,0.0,0.6866954300804431,0.010738655345185418,0.5702422926917871,11.6625,4.0
2021-02-26,532.0,0.0,2.87,0.0,3.58,0.0,0.5836911155683766,0.009127857043407605,0.5560174366570446,8.0625,31.0
2021-02-27,616.0,0.0,2.16,0.0,2.74,0.0,0.4961374482331201,0.007758678486896464,0.5416278206559814,6.125,84.0
2021-02-28,610.0,0.0,2.25,0.0,2.89,0.0,0.4217168309981521,0.006594876713861995,0.5270777086423722,6.425000000000001,-6.0
2021-03-01,565.0,0.0,1.31,0.0,1.71,0.0,0.35845930634842926,0.005605645206782695,0.5123714121284237,3.775,-45.0
2021-03-02,561.0,0.0,2.15,0.0,2.6,0.0,0.30469041039616485,0.004764798425765291,0.49751328890718066,5.9375,-4.0
2021-03-03,551.0,0.0,0.69,0.0,0.9,0.0,0.2589868488367401,0.004050078661900497,0.48250774176121847,1.9874999999999998,-10.0
2021-03-04,544.0,0.0,1.03,0.0,0.94,0.0,0.2201388215112291,0.0034425668626154224,0.46735921715800227,2.4625,-7.0
2021-03-05,543.0,0.2,-0.35,0.0,-0.8,0.1,0.28711799828454476,0.004489998173740686,0.45207220393230435,0.0,-1.0
2021-03-06,547.0,0.1,1.06,0.0,1.16,0.05,0.29405029854186304,0.004598406617938371,0.43665123195606403,2.7749999999999995,4.0
2021-03-07,559.0,0.3,1.52,0.8,1.54,0.55,0.7999427537605837,0.012509635498094288,0.4211008707960896,3.825,12.0
2021-03-08,552.0,0.2,-0.58,0.4,-1.2,0.30000000000000004,0.9799513406964961,0.015324639194932875,0.40542572835999735,0.0,-7.0
2021-03-09,542.0,0.0,-1.25,0.0,-1.45,0.0,0.8329586395920217,0.013025943315692942,0.38963044953078796,0.0,-10.0
2021-03-10,538.0,0.7,0.09,2.3,0.21,1.5,2.2080148436532183,0.03452929692610265,0.37371971479046906,0.375,-4.0
2021-03-11,537.0,0.9,-0.52,5.5,-0.7,3.2,5.076812617105236,0.0793920252837497,0.35769823883312546,0.0,-1.0
2021-03-12,537.0,5.9,2.58,7.7,3.15,6.800000000000001,11.11529072453945,0.17382273264638246,0.3415707691678556,7.1625000000000005,0.0
2021-03-13,534.0,5.3,2.02,4.9,3.52,5.1,14.547997115858532,0.22750395611582147,0.3253420847119801,6.925,-3.0
2021-03-14,556.0,3.6,2.12,3.7,2.98,3.6500000000000004,16.015797548479753,0.2504576591273398,0.30901699437494745,6.375,22.0
2021-03-15,592.0,1.3,1.77,0.2,2.74,0.75,14.36342791620779,0.22461763281212066,0.29260033563334836,5.637499999999999,36.0
2021-03-16,600.0,0.0,1.78,0.2,2.18,0.1,12.308913728776622,0.19248880423082013,0.27609697309746883,4.95,8.0
2021-03-17,600.0,0.0,1.07,0.0,0.91,0.0,10.462576669460129,0.16361548359619713,0.2595117970697999,2.475,0.0
2021-03-18,586.0,0.1,1.07,0.0,0.63,0.05,8.94319016904111,0.13985506922702634,0.2428497220959356,2.125,-14.0
2021-03-19,570.0,0.0,0.0,2.1,-2.03,1.05,8.651711643684942,0.13529688041840693,0.22611568550828828,0.0,-16.0
2021-03-20,560.0,0.0,0.0,0.6,-1.26,0.3,7.6539548971322,0.11969379737719861,0.20931464596304847,0.0,-10.0
2021-03-21,554.0,0.0,0.0,2.9,2.58,1.45,7.95586166256237,0.12441506470812368,0.19245158197082998,3.225,-6.0
2021-03-22,548.0,0.0,0.0,0.0,3.12,0.0,6.762482413178014,0.1057528050019051,0.1755314904214282,3.9000000000000004,-6.0
2021-03-23,550.0,0.0,0.0,0.0,3.59,0.0,5.748110051201311,0.08988988425161934,0.15855938510313478,4.4875,2.0
2021-03-24,543.0,0.0,0.0,0.0,3.46,0.0,4.885893543521115,0.07640640161387643,0.141540295217043,4.325,-7.0
2021-03-25,537.0,0.0,0.0,0.0,3.84,0.0,4.1530095119929475,0.06494544137179498,0.12447926388678915,4.8,-6.0
2021-03-26,532.0,0.0,0.0,0.0,2.97,0.0,3.530058085194005,0.05520362516602572,0.10738134666416309,3.7125000000000004,-5.0
2021-03-27,526.0,0.0,0.0,3.8,8.54,1.9,4.900549372414904,0.07663559186095581,0.09025161003104117,10.674999999999999,-6.0
2021-03-28,530.0,0.0,0.0,0.0,4.71,0.0,4.1654669665526685,0.06514025308181244,0.07309512989807777,5.8875,4.0
2021-03-29,528.0,0.0,0.0,13.2,5.07,6.6,10.140646921569768,0.15858109359370062,0.055916990100603484,6.3375,-2.0
2021-03-30,536.0,0.0,0.0,0.3,5.31,0.15,8.769549883334303,0.1371396540654219,0.03872228089217446,6.637499999999999,8.0
2021-03-31,563.0,0.0,5.25,0.0,4.29,0.0,7.454117400834157,0.1165687059556086,0.021516097436222254,11.924999999999999,27.0
2021-04-01,556.0,5.3,4.63,7.2,2.89,6.25,12.585999790709034,0.19682192134461585,0.004303538296244289,9.399999999999999,-7.0
2021-04-02,558.0,0.0,4.2,0.0,3.44,0.0,10.698099822102678,0.16729863314292345,-0.01291029607500882,9.55,2.0
2021-04-03,554.0,0.0,4.15,0.0,3.23,0.0,9.093384848787277,0.14220383817148496,-0.030120304846908114,9.225000000000001,-4.0
2021-04-04,554.0,0.1,4.78,0.0,4.32,0.05,7.779377121469185,0.12165517061602099,-0.04732138832243185,11.375000000000002,0.0
2021-04-05,552.0,2.6,3.73,3.0,3.08,2.8,9.412470553248806,0.14719375255810996,-0.06450844944931623,8.512500000000001,-2.0
2021-04-06,552.0,0.6,3.7,0.2,3.76,0.4,8.400599970261485,0.13136995503646376,-0.08167639533042241,9.325,0.0
2021-04-07,544.0,0.1,3.87,2.0,3.82,1.05,8.190509974722262,0.12808453335642878,-0.09882013873287143,9.612499999999999,-8.0
2021-04-08,547.0,0.0,4.89,0.0,4.53,0.0,6.961933478513923,0.10887185335296444,-0.11593459959550041,11.775,3.0
2021-04-09,558.0,0.0,6.14,0.0,5.29,0.0,5.917643456736834,0.09254107535001978,-0.1330147065341959,14.2875,11.0
2021-04-10,538.0,0.0,5.39,0.0,4.11,0.0,5.029996938226309,0.07865991404751681,-0.1500553983446526,11.875,-20.0
2021-04-11,534.0,0.0,8.21,0.0,8.47,0.0,4.275497397492362,0.06686092694038928,-0.16705162550211924,20.85,-4.0
2021-04-12,538.0,0.0,7.67,0.0,8.31,0.0,3.6341727878685077,0.05683178789933088,-0.18399835165768005,19.975,4.0
2021-04-13,539.0,0.0,5.18,0.0,4.6,0.0,3.0890468696882314,0.04830701971443125,-0.20089055513063506,12.225,1.0
2021-04-14,535.0,0.0,5.66,0.0,4.89,0.0,2.6256898392349965,0.04106096675726656,-0.21772323039653177,13.1875,-4.0
2021-04-15,531.0,0.4,7.92,0.0,7.13,0.2,2.4318363633497473,0.038029454424711735,-0.23449138957040985,18.8125,-4.0
2021-04-16,542.0,0.4,8.47,0.6,8.36,0.5,2.567060908847285,0.04014411796359285,-0.25119006388481935,21.037499999999998,11.0
2021-04-17,544.0,0.1,10.47,0.0,11.94,0.05,2.232001772520192,0.03490440843931271,-0.2678143051621742,28.0125,2.0
2021-04-18,535.0,0.0,13.81,0.0,14.55,0.0,1.8972015066421632,0.0296687471734158,-0.2843591872810034,35.45,-9.0
2021-04-19,531.0,0.0,13.35,0.0,13.58,0.0,1.6126212806458387,0.02521843509740343,-0.30081980763566735,33.6625,-4.0
2021-04-20,528.0,0.0,10.53,0.0,9.26,0.0,1.3707280885489628,0.021435669832792915,-0.3171912885891061,24.737499999999997,-3.0
2021-04-21,529.0,0.0,9.05,0.0,7.4,0.0,1.1651188752666184,0.01822031935787398,-0.3334687789181868,20.562500000000004,1.0
2021-04-22,541.0,1.8,5.85,0.5,5.07,1.15,2.140351043976626,0.03347115937014501,-0.3496474552512284,13.65,12.0
2021-04-23,530.0,0.3,5.17,0.2,4.49,0.25,2.069298387380132,0.0323600263159172,-0.36572252349726897,12.075,-11.0
2021-04-24,534.0,0.4,5.23,0.0,4.73,0.2,1.958903629273112,0.03063365504956477,-0.3816892202666588,12.450000000000001,4.0
2021-04-25,537.0,0.0,4.52,1.0,3.81,0.5,2.165068084882145,0.03385768849471794,-0.39754281428255595,10.4125,3.0
2021-04-26,536.0,0.5,3.76,0.9,3.24,0.7,2.540307872149823,0.039725749604133276,-0.4132786077829042,8.75,-1.0
2021-04-27,535.0,0.1,4.63,0.6,3.3,0.35,2.5092616913273496,0.039240244355324805,-0.4288919379124835,9.9125,-1.0
2021-04-28,529.0,0.0,7.04,0.0,4.7,0.0,2.132872437628247,0.03335420770202608,-0.4443781781046132,14.675,-6.0
2021-04-29,523.0,6.1,9.89,3.8,10.73,4.949999999999999,6.762941571984009,0.10575998540234219,-0.45973273945210397,25.775000000000002,-6.0
2021-04-30,522.0,0.2,7.42,1.1,5.97,0.65,6.398500336186408,0.10006079380535511,-0.47495107206704995,16.7375,-1.0
2021-05-01,519.0,0.0,6.73,0.0,5.64,0.0,5.438725285758447,0.08505167473455184,-0.49002866642905923,15.462500000000002,-3.0
2021-05-02,512.0,16.6,6.27,0.2,6.75,8.4,13.02291649289468,0.2036544961278455,-0.5049610547215204,16.275,-7.0
2021-05-03,535.0,6.1,6.08,0.5,5.46,3.3,14.369479018960476,0.22471226094574867,-0.5197438121555155,14.424999999999999,23.0
2021-05-04,529.0,0.1,8.92,3.1,7.55,1.6,13.814057166116404,0.21602648325216758,-0.5343725582809787,20.5875,-6.0
2021-05-05,533.0,2.3,9.87,0.3,8.36,1.2999999999999998,13.041948591198942,0.20395212319107092,-0.548842958284719,22.787499999999994,4.0
2021-05-06,553.0,2.3,7.45,4.0,6.18,3.15,14.2356563025191,0.22261951943871391,-0.5631507242749186,17.037499999999998,20.0
2021-05-07,536.0,0.2,7.24,0.0,6.44,0.1,12.200307857141235,0.1907904078634244,-0.5772916165517272,17.1,-17.0
2021-05-08,539.0,0.0,7.11,0.0,6.2,0.0,10.37026167857005,0.16217184668391074,-0.5912614448635781,16.6375,3.0
2021-05-09,537.0,0.0,10.67,0.0,10.72,0.0,8.814722426784542,0.13784606968132412,-0.6050560696488488,26.7375,-2.0
2021-05-10,525.0,0.0,15.25,0.0,18.72,0.0,7.49251406276686,0.1171691592291255,-0.6186714032625031,42.4625,-12.0
2021-05-11,519.0,0.0,17.79,0.0,21.52,0.0,6.368636953351831,0.09959378534475667,-0.6321034111873487,49.1375,-6.0
2021-05-12,512.0,0.0,18.32,0.0,21.2,0.0,5.413341410349056,0.08465471754304317,-0.6453481132295501,49.39999999999999,-7.0
2021-05-13,511.0,0.0,15.57,0.0,16.35,0.0,4.601340198796698,0.0719565099115867,-0.6584015846980488,39.900000000000006,-1.0
2021-05-14,513.0,0.0,11.99,2.4,10.7,1.2,5.111139168977193,0.0799288295110596,-0.6712599575675313,28.362499999999997,2.0
2021-05-15,519.0,0.0,11.4,0.0,9.3,0.0,4.344468293630614,0.06793950508440066,-0.6839194216246106,25.875000000000004,6.0
2021-05-16,514.0,11.2,13.53,9.5,12.42,10.35,14.042798049586022,0.21960357056530974,-0.6963762255968722,32.4375,-5.0
2021-05-17,512.0,0.2,15.94,0.7,13.95,0.44999999999999996,12.386378342148118,0.19370020851284236,-0.7086266782644596,37.3625,-2.0
2021-05-18,514.0,0.0,14.63,0.0,12.75,0.0,10.5284215908259,0.16464517723591598,-0.7206671495538609,34.225,2.0
2021-05-19,519.0,0.0,12.35,0.0,10.95,0.0,8.949158352202014,0.13994840065052858,-0.7324940716135789,29.124999999999996,5.0
2021-05-20,521.0,0.0,11.86,0.0,10.85,0.0,7.606784599371712,0.11895614055294929,-0.7441039398713607,28.387500000000003,2.0
2021-05-21,522.0,10.1,12.51,4.4,11.0,7.25,13.715766909465955,0.2144894041575312,-0.7554933140726803,29.387499999999996,1.0
2021-05-22,520.0,7.3,13.81,2.7,12.76,5.0,16.65840187304606,0.2605068105597803,-0.766658819300159,33.2125,-2.0
2021-05-23,519.0,0.1,12.17,3.2,11.07,1.6500000000000001,15.80964159208915,0.24723375859435326,-0.777597146973627,29.050000000000004,-1.0
2021-05-24,519.0,0.0,14.78,0.0,12.6,0.0,13.438195353275777,0.21014869480520026,-0.7883050558305255,34.225,0.0
2021-05-25,515.0,5.9,13.45,11.9,12.64,8.9,20.32246605028441,0.31780604489048453,-0.7987793728863649,32.6125,-4.0
2021-05-26,525.0,2.3,12.47,5.2,11.21,3.75,21.02409614274175,0.328778250926321,-0.8090169943749473,29.6,10.0
2021-05-27,519.0,2.0,12.88,1.2,11.82,1.6,19.47048172133049,0.3044825747356541,-0.8190148866680801,30.875000000000004,-6.0
2021-05-28,514.0,0.6,12.38,0.0,11.41,0.3,16.849909463130917,0.26350163754685874,-0.8287700871745037,29.737499999999997,-5.0
2021-05-29,519.0,0.0,11.95,0.0,10.63,0.0,14.32242304366128,0.2239763919148299,-0.8382797052177743,28.224999999999998,5.0
2021-05-30,519.0,0.0,13.26,0.0,12.41,0.0,12.174059587112087,0.1903799331276054,-0.8475409228928311,32.087500000000006,0.0
2021-05-31,522.0,0.1,13.55,0.2,11.17,0.15000000000000002,10.497950649045274,0.16416866766924096,-0.8565509959010036,30.9,3.0
2021-06-01,519.0,0.0,15.6,0.0,14.61,0.0,8.923258051688483,0.13954336751885482,-0.865307254363206,37.7625,-3.0
2021-06-02,515.0,0.0,17.62,0.0,17.56,0.0,7.584769343935211,0.1186118623910266,-0.8738071036110808,43.975,-4.0
2021-06-03,511.0,0.0,17.98,0.0,16.8,0.0,6.447053942344929,0.10082008303237261,-0.8820480249558537,43.475,-4.0
2021-06-04,513.0,0.0,18.97,0.0,16.98,0.0,5.479995850993189,0.08569707057751672,-0.8900275764346767,44.9375,2.0
2021-06-05,509.0,0.0,18.62,0.0,16.77,0.0,4.657996473344211,0.0728425099908892,-0.8977433935342337,44.2375,-4.0
2021-06-06,508.0,0.0,18.62,0.0,16.78,0.0,3.959297002342579,0.06191613349225582,-0.9051931898913974,44.25000000000001,-1.0
2021-06-07,505.0,0.0,18.14,0.0,16.02,0.0,3.365402451991192,0.052628713468417444,-0.9123747579707273,42.699999999999996,-3.0
2021-06-08,504.0,0.0,18.84,0.0,16.05,0.0,2.860592084192513,0.04473440644815482,-0.9192859697186104,43.6125,-1.0
2021-06-09,505.0,0.0,18.52,0.0,16.36,0.0,2.4315032715636358,0.0380242454809316,-0.9259247771938498,43.599999999999994,1.0
2021-06-10,504.0,0.0,18.95,0.0,17.05,0.0,2.0667777808290904,0.032320608658791855,-0.9322892131745133,45.0,-1.0
2021-06-11,503.0,0.0,19.43,0.0,18.38,0.0,1.7567611137047268,0.027472517359973078,-0.9383773917408641,47.2625,-1.0
2021-06-12,502.0,5.9,17.86,12.6,16.3,9.25,10.743246946649018,0.16800465125385294,-0.9441875088341993,42.699999999999996,-1.0
2021-06-13,505.0,0.6,16.64,7.6,14.55,4.1,13.231759904651664,0.2069204235269956,-0.9497178427914316,38.987500000000004,3.0
2021-06-14,514.0,0.0,17.93,0.0,15.44,0.0,11.246995918953914,0.17588235999794627,-0.9549667548552551,41.7125,9.0
2021-06-15,517.0,0.0,17.33,0.0,16.02,0.0,9.559946531110826,0.14950000599825433,-0.9599326896597447,41.68749999999999,3.0
2021-06-16,511.0,0.0,17.91,0.0,15.23,0.0,8.125954551444202,0.12707500509851616,-0.9646141756912435,41.425,-6.0
2021-06-17,513.0,0.0,21.52,0.0,18.94,0.0,6.907061368727572,0.10801375433373873,-0.9690098257244062,50.575,2.0
2021-06-18,510.0,0.0,24.53,0.0,23.33,0.0,5.871002163418436,0.09181169118367793,-0.9731183372332619,59.825,-3.0
2021-06-19,509.0,0.0,25.86,0.0,24.9,0.0,4.990351838905671,0.07803993750612624,-0.9769384927771817,63.449999999999996,-1.0
2021-06-20,510.0,0.0,26.77,0.0,26.73,0.0,4.24179906306982,0.0663339468802073,-0.980469160361632,66.875,1.0
2021-06-21,507.0,0.0,27.0,0.0,28.5,0.0,3.605529203609347,0.05638385484817621,-0.9837092937736097,69.375,-3.0
2021-06-22,508.0,5.0,27.21,0.6,26.77,2.8,5.864699823067944,0.09171313415544191,-0.986657932891657,67.47500000000001,1.0
2021-06-23,510.0,0.6,21.71,18.5,20.82,9.55,14.534994849607752,0.22730062455155417,-0.9893142039703663,53.1625,2.0
2021-06-24,512.0,0.0,21.4,0.0,19.9,0.0,12.35474562216659,0.19320553086882106,-0.99167731989929,51.625,2.0
2021-06-25,513.0,0.0,20.87,0.0,20.16,0.0,10.501533778841601,0.1642247012384979,-0.993746580436178,51.2875,1.0
2021-06-26,515.0,0.0,20.71,0.0,20.24,0.0,8.926303712015361,0.1395909960527232,-0.9955213724144752,51.1875,2.0
2021-06-27,517.0,0.3,20.43,0.0,20.48,0.15,7.737358155213057,0.1209980711555911,-0.9970011699250151,51.137499999999996,2.0
2021-06-28,517.0,0.1,20.7,0.0,20.2,0.05,6.626754431931098,0.10363026865251121,-0.9981855344718586,51.125,0.0
2021-06-29,515.0,0.0,21.82,0.0,20.59,0.0,5.632741267141433,0.08808572835463452,-0.99907411510223,53.012499999999996,-2.0
2021-06-30,514.0,0.0,23.43,0.0,21.99,0.0,4.787830077070217,0.07487286910143934,-0.9996666485105112,56.775000000000006,-1.0
2021-07-01,515.0,0.0,24.38,0.0,22.63,0.0,4.069655565509684,0.06364193873622342,-0.9999629591162655,58.762499999999996,1.0
2021-07-02,517.0,24.3,21.78,1.6,22.22,12.950000000000001,16.409207230683233,0.2566098640228161,-0.9999629591162655,55.0,2.0
2021-07-03,518.0,0.0,22.53,0.0,22.87,0.0,13.947826146080747,0.21811838441939366,-0.9996666485105112,56.75000000000001,1.0
2021-07-04,517.0,0.0,22.57,2.3,21.89,1.15,13.005652224168635,0.20338451467243673,-0.99907411510223,55.575,-1.0
2021-07-05,517.0,8.0,21.32,11.3,20.6,9.65,20.704804390543337,0.3237851143315173,-0.9981855344718586,52.400000000000006,0.0
2021-07-06,516.0,0.0,23.7,0.0,21.97,0.0,17.599083731961837,0.27521734718178975,-0.9970011699250151,57.087500000000006,-1.0
2021-07-07,516.0,0.0,26.5,0.0,25.7,0.0,14.959221172167561,0.23393474510452125,-0.9955213724144752,65.25,0.0
2021-07-08,514.0,1.0,22.53,0.5,22.0,0.75,13.465337996342427,0.2105731558927249,-0.9937465804361781,55.6625,-2.0
2021-07-09,509.0,22.4,23.74,23.2,23.78,22.799999999999997,34.24553729689106,0.5355373081468235,-0.99167731989929,59.39999999999999,-5.0
2021-07-10,517.0,0.0,22.4,0.0,21.55,0.0,29.1087067023574,0.4552067119248,-0.9893142039703664,54.9375,8.0
2021-07-11,506.0,0.0,21.97,0.0,21.06,0.0,24.742400697003788,0.38692570513608,-0.9866579328916572,53.7875,-11.0
2021-07-12,505.0,0.0,25.91,0.0,24.9,0.0,21.03104059245322,0.328886849365668,-0.9837092937736098,63.5125,-1.0
2021-07-13,506.0,9.0,26.12,8.4,25.89,8.7,26.576384503585235,0.4156058435858469,-0.9804691603616321,65.0125,1.0
2021-07-14,507.0,0.0,25.84,0.0,24.3,0.0,22.58992682804745,0.35326496704796984,-0.9769384927771817,62.675,1.0
2021-07-15,504.0,0.0,26.15,0.0,24.34,0.0,19.20143780384033,0.3002752219907744,-0.973118337233262,63.1125,-3.0
2021-07-16,505.0,0.0,25.92,0.0,24.28,0.0,16.321222133264282,0.2552339386921582,-0.9690098257244063,62.75,1.0
2021-07-17,504.0,5.8,24.56,0.0,22.75,2.9,16.77303881327464,0.2622995217633442,-0.9646141756912435,59.1375,-1.0
2021-07-18,509.0,0.0,23.19,0.0,21.3,0.0,14.257082991283442,0.22295459349884253,-0.9599326896597445,55.612500000000004,5.0
2021-07-19,512.0,1.1,21.4,0.0,20.2,0.55,12.668520542590926,0.19811239434686284,-0.9549667548552553,51.99999999999999,3.0
2021-07-20,512.0,0.0,20.84,0.0,20.06,0.0,10.768242461202286,0.16839553519483338,-0.9497178427914317,51.125,0.0
2021-07-21,515.0,0.0,20.98,1.8,20.0,0.9,10.053006092021944,0.1572105519802666,-0.9441875088341994,51.22500000000001,3.0
2021-07-22,517.0,0.0,20.3,0.0,19.5,0.0,8.545055178218652,0.1336289691832266,-0.9383773917408642,49.75,2.0
2021-07-23,518.0,0.0,21.68,0.0,20.72,0.0,7.2632969014858535,0.1135846238057426,-0.9322892131745134,53.0,1.0
2021-07-24,514.0,0.0,18.97,0.0,18.39,0.0,6.173802366262976,0.09654693023488121,-0.9259247771938499,46.7,-4.0
2021-07-25,513.0,0.0,23.03,0.0,22.25,0.0,5.247732011323529,0.08206489069964902,-0.9192859697186105,56.6,-1.0
2021-07-26,511.0,0.0,24.59,0.0,25.74,0.0,4.460572209624999,0.06975515709470166,-0.9123747579707274,62.912499999999994,-2.0
2021-07-27,508.0,0.0,23.87,0.2,23.2,0.1,3.8914863781812494,0.06085569987101399,-0.9051931898913975,58.8375,-3.0
2021-07-28,508.0,0.0,24.75,0.0,22.84,0.0,3.307763421454062,0.05172734489036189,-0.8977433935342336,59.487500000000004,0.0
2021-07-29,504.0,17.5,22.49,0.2,22.27,8.85,11.661598908235952,0.1823659892926131,-0.8900275764346766,55.949999999999996,-4.0
2021-07-30,527.0,0.0,21.37,3.2,20.6,1.6,11.512359072000558,0.18003215234700234,-0.8820480249558535,52.4625,23.0
2021-07-31,511.0,7.3,21.65,1.6,21.41,4.45,14.235505211200476,0.22261715664798418,-0.8738071036110807,53.825,-16.0
2021-08-01,513.0,0.5,19.78,5.7,19.0,3.1,15.200179429520404,0.2377028897068314,-0.8653072543632061,48.475,2.0
2021-08-02,514.0,14.6,18.4,25.7,18.01,20.15,33.07015251509234,0.5171564488650983,-0.8565509959010037,45.512499999999996,1.0
2021-08-03,515.0,0.0,18.17,4.0,16.8,2.0,30.109629637828487,0.47085930834568507,-0.8475409228928312,43.7125,1.0
2021-08-04,514.0,0.0,19.03,0.0,16.76,0.0,25.593185192154213,0.40023041209383226,-0.8382797052177745,44.73750000000001,-1.0
2021-08-05,517.0,0.0,19.0,0.0,18.39,0.0,21.75420741333108,0.3401958502797574,-0.828770087174504,46.7375,3.0
2021-08-06,512.0,8.2,15.86,2.1,16.77,5.1499999999999995,23.641076301331417,0.36970301427444896,-0.8190148866680802,40.787499999999994,-5.0
2021-08-07,519.0,11.4,17.44,12.1,16.9,11.75,31.844914856131705,0.4979959821440969,-0.8090169943749472,42.925000000000004,7.0
2021-08-08,521.0,10.4,18.03,12.3,17.6,11.350000000000001,38.418177627711955,0.6007897394712274,-0.7987793728863648,44.5375,2.0
2021-08-09,517.0,2.3,19.55,10.9,17.97,6.6,39.255450983555164,0.6138831570247033,-0.7883050558305253,46.89999999999999,-4.0
2021-08-10,517.0,0.0,19.16,2.3,18.29,1.15,34.517133336021885,0.5397845713869499,-0.7775971469736268,46.8125,0.0
2021-08-11,512.0,3.0,18.45,0.8,17.76,1.9,31.2395633356186,0.48852939614874136,-0.7666588193001592,45.2625,-5.0
2021-08-12,515.0,0.0,19.3,0.0,19.39,0.0,26.55362883527581,0.4152499867264301,-0.7554933140726804,48.3625,3.0
2021-08-13,519.0,0.0,21.56,0.0,20.74,0.0,22.57058450998444,0.3529624887174656,-0.7441039398713608,52.875,4.0
2021-08-14,517.0,0.1,20.43,3.2,20.1,1.6500000000000001,20.83499683348677,0.32582108502838575,-0.7324940716135792,50.6625,-2.0
2021-08-15,521.0,2.0,19.15,0.0,19.23,1.0,18.709747308463754,0.29258608567930366,-0.7206671495538615,47.974999999999994,4.0
2021-08-16,517.0,2.3,20.36,1.6,20.6,1.95,17.85328521219419,0.2791925914675008,-0.7086266782644601,51.2,-4.0
2021-08-17,524.0,1.3,17.87,5.8,17.17,3.55,18.725292430365062,0.29282918283574966,-0.6963762255968726,43.80000000000001,7.0
2021-08-18,541.0,5.3,16.9,20.7,16.77,13.0,28.9164985658103,0.4522009296776721,-0.6839194216246105,42.087500000000006,17.0
2021-08-19,533.0,11.0,17.03,7.2,17.2,9.1,33.679023780938756,0.5266780772131208,-0.6712599575675315,42.78750000000001,-8.0
2021-08-20,534.0,0.7,17.5,0.0,17.55,0.35,28.977170213797944,0.4531497228229642,-0.6584015846980489,43.8125,1.0
2021-08-21,542.0,0.0,17.03,0.0,17.22,0.0,24.63059468172825,0.38517726439951955,-0.64534811322955,42.8125,8.0
2021-08-22,538.0,0.0,17.11,0.0,16.63,0.0,20.936005479469014,0.3274006747395916,-0.6321034111873488,42.175,-4.0
2021-08-23,538.0,0.0,15.8,0.0,15.45,0.0,17.79560465754866,0.2782905735286529,-0.6186714032625032,39.0625,0.0
2021-08-24,536.0,0.0,14.05,0.0,13.94,0.0,15.126263958916361,0.23654698749935493,-0.6050560696488494,34.987500000000004,-2.0
2021-08-25,544.0,7.8,15.12,21.1,14.8,14.450000000000001,27.307324365078905,0.42703640057924147,-0.5912614448635782,37.400000000000006,8.0
2021-08-26,533.0,4.6,16.32,13.0,15.42,8.8,32.01122571031707,0.500596778457902,-0.5772916165517278,39.675000000000004,-11.0
2021-08-27,537.0,2.3,15.47,4.4,15.34,3.35,30.55954185376951,0.47789510909655547,-0.5631507242749187,38.5125,4.0
2021-08-28,542.0,1.0,16.97,1.5,16.7,1.25,27.22561057570408,0.4257585469885418,-0.5488429582847199,42.087500000000006,5.0
2021-08-29,543.0,1.1,17.07,0.0,17.07,0.55,23.691768989348468,0.3704957548131072,-0.5343725582809785,42.675,1.0
2021-08-30,537.0,1.4,16.72,0.0,16.97,0.7,20.838003640946198,0.3258681059747642,-0.5197438121555157,42.1125,-6.0
2021-08-31,537.0,5.4,16.14,0.0,16.23,2.7,20.412303094804265,0.3192109312725241,-0.5049610547215202,40.462500000000006,0.0
2021-09-01,538.0,0.0,15.72,0.2,15.22,0.1,17.450457630583628,0.2728931079221631,-0.4900286664290594,38.675000000000004,1.0
2021-09-02,540.0,5.2,14.63,4.4,13.94,4.800000000000001,19.632888985996082,0.30702232607868224,-0.4749510720670502,35.7125,2.0
2021-09-03,538.0,0.0,15.22,0.0,14.43,0.0,16.68795563809667,0.26096897716687995,-0.4597327394521046,37.0625,-2.0
2021-09-04,534.0,0.7,12.66,1.1,11.28,0.9,15.08476229238217,0.23589797765650614,-0.44437817810461344,29.924999999999997,-4.0
2021-09-05,532.0,0.1,12.82,0.0,10.2,0.05,12.872047948524845,0.201295189178289,-0.4288919379124841,28.775,-2.0
2021-09-06,527.0,0.0,14.96,0.0,12.65,0.0,10.941240756246117,0.17110091080154563,-0.41327860778290443,34.5125,-5.0
2021-09-07,520.0,0.0,16.55,0.0,16.4,0.0,9.300054642809199,0.1454357741813138,-0.3975428142825566,41.1875,-7.0
2021-09-08,513.0,0.1,17.39,0.0,17.65,0.05,7.9550464463878185,0.12440231622437549,-0.3816892202666586,43.8,-7.0
2021-09-09,508.0,0.1,18.62,0.0,16.59,0.05,6.811789479429645,0.10652387696097795,-0.3657225234972692,44.0125,-5.0
2021-09-10,505.0,0.0,18.84,0.0,16.58,0.0,5.790021057515198,0.09054529541683125,-0.34964745525122826,44.275000000000006,-3.0
2021-09-11,506.0,0.0,19.48,0.0,18.13,0.0,4.9215178988879185,0.07696350110430657,-0.33346877891818705,47.0125,1.0
2021-09-12,508.0,0.1,18.46,7.0,17.88,3.55,7.733290214054731,0.12093445602703454,-0.31719128858910595,45.425000000000004,2.0
2021-09-13,509.0,0.9,16.6,0.7,15.83,0.8,7.37329668194652,0.11530481834711996,-0.300819807635668,40.5375,1.0
2021-09-14,507.0,0.0,14.93,0.0,13.07,0.0,6.267302179654542,0.09800909559505196,-0.2843591872810036,35.0,-2.0
2021-09-15,504.0,0.4,14.41,0.0,13.79,0.2,5.52720685270636,0.08643536393682931,-0.26781430516217486,35.25,-3.0
2021-09-16,499.0,0.2,13.42,1.2,12.37,0.7,5.398125824800406,0.08441677372992795,-0.25119006388481957,32.2375,-5.0
2021-09-17,504.0,0.4,12.01,4.2,10.98,2.3000000000000003,6.888406951080345,0.10772203350234301,-0.23449138957041052,28.737500000000004,5.0
2021-09-18,504.0,0.0,10.18,0.0,9.77,0.0,5.855145908418293,0.09156372847699155,-0.21772323039653224,24.9375,0.0
2021-09-19,504.0,0.0,9.1,0.0,8.92,0.0,4.976874022155549,0.07782916920544282,-0.20089055513063528,22.525,0.0
2021-09-20,509.0,0.0,9.0,0.0,8.32,0.0,4.230342918832217,0.0661547938246264,-0.18399835165767986,21.65,5.0
2021-09-21,505.0,0.0,9.81,0.0,8.67,0.0,3.5957914810073843,0.05623157475093244,-0.1670516255021195,23.1,-4.0
2021-09-22,503.0,0.0,9.89,0.0,8.53,0.0,3.0564227588562765,0.04779683853829257,-0.15005539834465262,23.025000000000002,-2.0
2021-09-23,513.0,17.6,11.71,33.6,11.67,25.6,28.197959345027837,0.44096429593004827,-0.13301470653419636,29.225,10.0
2021-09-24,511.0,4.1,12.57,9.5,12.66,6.8,30.768265443273663,0.4811591626957363,-0.11593459959550066,31.5375,-2.0
2021-09-25,537.0,1.0,14.12,0.5,14.62,0.75,26.90302562678261,0.4207139108452576,-0.09882013873287211,35.925,26.0
2021-09-26,537.0,0.2,12.97,0.0,12.03,0.1,22.96757178276522,0.35917064055898656,-0.08167639533042288,31.25,0.0
2021-09-27,526.0,0.0,11.35,0.0,11.08,0.0,19.522436015350436,0.30529504447513856,-0.06450844944931625,28.0375,-11.0
2021-09-28,518.0,0.0,11.36,0.0,10.9,0.0,16.59407061304787,0.25950078780386776,-0.04732138832243232,27.824999999999996,-8.0
2021-09-29,514.0,0.0,11.62,0.0,11.69,0.0,14.104960021090688,0.2205756696332876,-0.03012030484690836,29.1375,-4.0
2021-09-30,509.0,0.0,10.23,0.0,9.73,0.0,11.989216017927085,0.18748931918829445,-0.012910296075008843,24.950000000000003,-5.0
2021-10-01,507.0,0.0,10.96,0.0,10.53,0.0,10.190833615238022,0.15936592131005028,0.004303538296243821,26.862500000000004,-2.0
2021-10-02,502.0,0.0,11.0,0.0,11.08,0.0,8.662208572952318,0.1354610331135427,0.021516097436222233,27.599999999999998,-5.0
2021-10-03,500.0,0.0,12.69,0.0,13.26,0.0,7.3628772870094705,0.11514187814651132,0.03872228089217399,32.4375,-2.0
2021-10-04,494.0,0.0,12.51,0.0,13.25,0.0,6.25844569395805,0.09787059642453462,0.05591699010060302,32.199999999999996,-6.0
2021-10-05,495.0,0.0,13.55,0.0,14.41,0.0,5.319678839864342,0.08319000696085442,0.07309512989807776,34.95,1.0
2021-10-06,490.0,0.0,13.0,0.0,13.71,0.0,4.521727013884691,0.07071150591672626,0.0902516100310407,33.3875,-5.0
2021-10-07,491.0,0.0,11.15,0.0,11.16,0.0,3.8434679618019874,0.06010478002921732,0.10738134666416306,27.887500000000003,1.0
2021-10-08,492.0,0.0,8.66,0.0,7.46,0.0,3.2669477675316894,0.05108906302483473,0.12447926388678869,20.150000000000002,1.0
2021-10-09,494.0,0.0,9.19,0.0,8.0,0.0,2.776905602401936,0.04342570357110952,0.141540295217043,21.487499999999997,2.0
2021-10-10,494.0,0.0,9.88,0.0,8.62,0.0,2.3603697620416457,0.03691184803544309,0.15855938510313475,23.125,0.0
2021-10-11,501.0,0.0,9.39,2.6,9.24,1.3,3.3063142977353985,0.051704683256855115,0.17553149042142777,23.2875,7.0
2021-10-12,501.0,15.8,8.95,16.9,7.98,16.35,19.16036715307509,0.29963295244295063,0.19245158197082995,21.1625,0.0
2021-10-13,506.0,6.9,9.14,4.8,7.45,5.85,22.136312080113825,0.34617126549678623,0.20931464596304888,20.7375,5.0
2021-10-14,513.0,3.3,9.08,5.1,8.89,4.199999999999999,23.01586526809675,0.3599258619740065,0.22611568550828803,22.4625,7.0
2021-10-15,521.0,6.8,10.5,7.4,11.64,7.1,26.66348547788224,0.4169679428546535,0.2428497220959358,27.675,8.0
2021-10-16,527.0,1.6,10.74,0.3,11.38,0.9500000000000001,23.613962656199902,0.3692790066613724,0.25951179706979943,27.650000000000002,6.0
2021-10-17,531.0,6.3,10.32,0.2,10.89,3.25,23.321868257769918,0.3647111867289878,0.27609697309746883,26.512500000000003,4.0
2021-10-18,538.0,0.0,8.92,0.5,7.75,0.25,20.07358801910443,0.3139140495709336,0.2926003356333479,20.837500000000002,7.0
2021-10-19,540.0,0.3,7.88,0.0,6.31,0.15,17.212549816238763,0.26917266664606987,0.30901699437494723,17.7375,2.0
2021-10-20,535.0,6.5,11.19,8.0,13.08,7.25,21.880667343802948,0.34217345133668364,0.3253420847119795,30.3375,-5.0
2021-10-21,541.0,3.5,11.45,3.7,12.66,3.6,22.198567242232507,0.3471448218948139,0.341570769167856,30.1375,6.0
2021-10-22,567.0,12.6,8.5,16.1,9.03,14.350000000000001,33.21878215589763,0.519480743474864,0.35769823883312546,21.9125,26.0
2021-10-23,571.0,2.4,8.17,0.2,8.42,1.3,29.535964832512985,0.4618882443803629,0.3737197147904692,20.7375,4.0
2021-10-24,607.0,0.5,8.0,0.2,8.53,0.35,25.45557010763604,0.39807836491512,0.38963044953078774,20.6625,36.0
2021-10-25,609.0,0.0,7.62,0.0,9.0,0.0,21.637234591490632,0.33836661017785197,0.4054257283599973,20.775000000000002,2.0
2021-10-26,600.0,4.0,8.05,8.1,10.41,6.05,24.441649402767037,0.3822225072524876,0.42110087079608916,23.075000000000003,-9.0
2021-10-27,582.0,1.2,9.81,2.2,11.4,1.7000000000000002,22.47540199235198,0.3514740089534132,0.4366512319560638,26.512500000000003,-18.0
2021-10-28,578.0,0.8,10.65,0.2,11.82,0.5,19.604091693499182,0.30657198931298907,0.45207220393230374,28.0875,-4.0
2021-10-29,581.0,0.0,9.53,0.0,10.27,0.0,16.663477939474305,0.26058619091604074,0.46735921715800205,24.749999999999996,3.0
2021-10-30,577.0,0.0,9.43,0.0,9.69,0.0,14.16395624855316,0.22149826227863462,0.48250774176121763,23.9,-4.0
2021-10-31,566.0,0.0,9.55,0.0,10.48,0.0,12.039362811270186,0.18827352293683944,0.4975132889071803,25.0375,-11.0
2021-11-01,549.0,0.0,8.2,0.0,9.0,0.0,10.233458389579658,0.16003249449631352,0.5123714121284235,21.5,-17.0
2021-11-02,537.0,0.0,6.8,0.0,6.89,0.0,8.698439631142708,0.13602762032186647,0.5270777086423724,17.1125,-12.0
2021-11-03,533.0,6.7,7.36,3.8,8.39,5.25,12.643673686471303,0.19772383515075928,0.5416278206559811,19.6875,-4.0
2021-11-04,532.0,5.2,7.43,9.2,8.15,7.199999999999999,17.947122633500605,0.2806600363954109,0.5560174366570446,19.475,-1.0
2021-11-05,541.0,1.1,8.43,3.7,8.96,2.4000000000000004,17.655054238475515,0.27609262310852106,0.5702422926917867,21.7375,9.0
2021-11-06,564.0,6.9,9.4,5.1,10.27,6.0,21.006796102704186,0.3285077100732975,0.5842981736283683,24.587500000000002,23.0
2021-11-07,577.0,9.9,8.1,10.7,9.4,10.3,28.15577668729856,0.44030463663561326,0.5981809144059159,21.875,13.0
2021-11-08,612.0,3.6,6.06,4.4,4.97,4.0,27.932410184203775,0.4368115947609743,0.6118864012687242,13.7875,35.0
2021-11-09,646.0,0.0,2.66,0.0,2.36,0.0,23.74254865657321,0.3712898555468282,0.6254105729852457,6.2749999999999995,34.0
2021-11-10,656.0,0.0,6.47,1.4,8.7,0.7,20.881166358087228,0.326543091598427,0.6387494220515268,18.9625,10.0
2021-11-11,653.0,3.9,7.24,6.2,9.42,5.05,22.798991404374142,0.3565343530548005,0.6518989958787125,20.825,-3.0
2021-11-12,646.0,0.0,7.35,0.0,7.27,0.0,19.37914269371802,0.3030542000965804,0.6648553979642867,18.275,-7.0
2021-11-13,623.0,0.1,3.94,0.0,4.41,0.05,16.522271289660317,0.25837797825235215,0.6776147890466887,10.4375,-23.0
2021-11-14,589.0,0.0,4.88,0.0,4.65,0.0,14.043930596211268,0.2196212815144993,0.690173388242972,11.912500000000001,-34.0
2021-11-15,567.0,0.0,3.1,0.0,2.0,0.0,11.937341006779578,0.1866780892873244,0.7025274741691566,6.375,-22.0
2021-11-16,551.0,0.0,4.68,0.0,4.51,0.0,10.146739855762641,0.15867637589422576,0.7146733860429608,11.487499999999999,-16.0
2021-11-17,546.0,0.6,5.13,2.7,5.55,1.6500000000000001,10.274728877398246,0.16067788912863193,0.726607524768565,13.35,-5.0
2021-11-18,550.0,15.8,7.05,10.9,8.0,13.350000000000001,22.083519545788512,0.3453456872184336,0.7383263540031063,18.8125,4.0
2021-11-19,565.0,0.4,9.16,0.1,10.01,0.25,19.020991613920234,0.2974533749869625,0.749826401204568,23.962500000000002,15.0
2021-11-20,585.0,4.7,8.61,14.8,8.68,9.75,25.9178428718322,0.40530746193938183,0.7611042586607742,21.612499999999997,20.0
2021-11-21,597.0,4.0,7.22,5.8,6.51,4.9,26.930166441057366,0.42113834333383576,0.7721565844991641,17.1625,12.0
2021-11-22,619.0,0.8,2.29,0.4,1.6,0.6000000000000001,23.490641474898762,0.36735048987686586,0.7829801036770625,4.8625,22.0
2021-11-23,632.0,2.2,5.85,3.1,6.11,2.6500000000000004,22.617045253663946,0.3536890494190517,0.7935716089521472,14.950000000000001,13.0
2021-11-24,622.0,0.6,6.98,0.2,7.59,0.4,19.624488465614352,0.30689095736826427,0.8039279618328208,18.2125,-10.0
2021-11-25,606.0,1.2,5.31,2.8,6.47,2.0,18.680815195772198,0.2921336405733761,0.8140460935082175,14.725,-16.0
2021-11-26,602.0,7.7,4.03,9.8,5.4,8.75,24.628692916406365,0.3851475242826576,0.8239230057575536,11.7875,-4.0
2021-11-27,612.0,1.5,1.45,1.2,1.11,1.35,22.28438897894541,0.34848691623724626,0.8335557718385695,3.2,10.0
2021-11-28,632.0,0.0,2.17,3.3,1.2,1.65,20.591730632103598,0.3220168484201993,0.8429415373547832,4.2125,20.0
2021-11-29,630.0,3.9,0.95,4.7,0.17,4.3,21.80297103728806,0.3409584237994252,0.8520775211013093,1.4,-2.0
2021-11-30,638.0,0.4,1.37,0.4,0.72,0.4,18.932525381694848,0.2960699255915817,0.8609610158889945,2.6125,8.0
2021-12-01,630.0,0.9,1.27,5.3,1.14,3.1,19.192646574440623,0.30013774330888937,0.8695893893466109,3.0125,-8.0
2021-12-02,615.0,1.9,2.84,14.6,3.07,8.25,24.56374958827453,0.384131929905256,0.8779600847008883,7.3875,-15.0
2021-12-03,605.0,0.7,1.87,1.3,1.67,1.0,21.87918715003335,0.34215030382464334,0.8860706215341377,4.425,-10.0
2021-12-04,618.0,4.8,0.63,8.0,0.49,6.4,24.99730907752835,0.3909120040440718,0.893918596519257,1.4000000000000001,13.0
2021-12-05,605.0,3.6,-1.65,5.7,-2.91,4.65,25.897712715899097,0.40499266327152833,0.9015016841318838,0.0,-13.0
2021-12-06,588.0,0.0,-8.89,0.0,-9.81,0.0,22.01305580851423,0.3442437637807991,0.9088176373395028,0.0,-17.0
2021-12-07,573.0,0.0,-8.85,0.0,-11.94,0.0,18.711097437237097,0.2926071992136792,0.9158642882672868,0.0,-15.0
2021-12-08,580.0,0.0,-9.76,0.0,-11.88,0.0,15.904432821651532,0.24871611933162732,0.9226395488404875,0.0,7.0
2021-12-09,567.0,0.0,-6.54,0.1,-6.46,0.05,13.568767898403802,0.212190609602142,0.9291414114031743,0.0,-13.0
2021-12-10,563.0,0.9,-0.2,2.0,-0.14,1.45,12.983452713643231,0.20303735509932555,0.935367949313148,0.0,-4.0
2021-12-11,559.0,0.1,-0.1,0.4,0.65,0.25,11.285934806596746,0.17649129268572064,0.941317317512847,0.6875,-4.0
2021-12-12,556.0,0.0,-1.18,0.5,-0.87,0.25,9.843044585607235,0.1539271396341565,0.946987753076075,0.0,-3.0
2021-12-13,545.0,0.0,-1.13,0.0,-0.73,0.0,8.366587897766149,0.13083806868903303,0.9523775757303973,0.0,-11.0
2021-12-14,534.0,0.1,0.76,4.7,2.75,2.4,9.511599713101226,0.1487439505580999,0.9574851883550389,4.387499999999999,-11.0
2021-12-15,536.0,0.0,2.54,0.1,5.93,0.05,8.134859756136043,0.1272142661446437,0.9623090774541487,10.587499999999999,2.0
2021-12-16,579.0,0.0,4.06,0.0,6.29,0.0,6.914630792715636,0.10813212622294714,0.9668478136052773,12.9375,43.0
2021-12-17,636.0,0.0,2.81,0.0,5.2,0.0,5.877436173808291,0.09191230728950507,0.9711000518829505,10.0125,57.0
2021-12-18,649.0,0.0,3.17,0.0,5.9,0.0,4.995820747737047,0.07812546119607931,0.9750645322571945,11.3375,13.0
2021-12-19,635.0,5.6,2.66,5.8,4.0,5.699999999999999,9.94644763557649,0.15554417342616927,0.9787400799669153,8.325,-14.0
2021-12-20,618.0,0.0,-1.83,0.0,-2.54,0.0,8.454480490240016,0.13221254741224386,0.9821256058680006,0.0,-17.0
2021-12-21,597.0,0.1,-3.76,1.1,-5.31,0.6000000000000001,7.7863084167040135,0.12176356334351275,0.9852201067560606,0.0,-21.0
2021-12-22,579.0,0.1,-5.4,0.0,-7.6,0.05,6.6683621541984115,0.10428093701224463,0.9880226656636976,0.0,-18.0
2021-12-23,592.0,0.0,-2.03,9.2,-0.31,4.6,10.268107831068649,0.16057434812421645,0.9905324521322227,0.0,13.0
2021-12-24,591.0,1.8,-2.21,5.7,-1.17,3.75,12.477891656408351,0.1951313086749931,0.9927487224577402,0.0,-1.0
2021-12-25,582.0,0.9,-1.18,1.4,-0.0,1.15,11.756207907947099,0.18384550028969626,0.9946708199115211,0.0,-9.0
2021-12-26,579.0,0.9,-1.76,1.6,0.43,1.25,11.242776721755034,0.1758163795027115,0.9962981749346077,0.0,-3.0
2021-12-27,573.0,0.0,-5.26,0.0,-3.98,0.0,9.556360213491779,0.1494439225773048,0.9976303053065857,0.0,-6.0
2021-12-28,561.0,0.0,-6.78,0.0,-6.77,0.0,8.12290618146801,0.12702733419070905,0.9986668162884759,0.0,-12.0
2021-12-29,551.0,0.5,-4.69,1.1,-5.15,0.8,7.704470254247809,0.12048376478624331,0.9994074007397048,0.0,-10.0
2021-12-30,548.0,0.0,-1.07,0.7,-0.49,0.35,6.898799716110637,0.10788455726011832,0.9998518392091162,0.0,-3.0
2021-12-31,549.0,1.0,2.6,2.8,4.5,1.9,7.763979758694042,0.12141438414093453,1.0,8.875,1.0
2022-01-01,554.0,0.0,1.72,0.1,2.22,0.05,6.649382794889935,0.10398413469005313,0.9998518392091162,4.925000000000001,5.0
2022-01-02,580.0,12.7,1.38,15.7,2.97,14.2,19.851975375656444,0.31044843484004103,0.9994074007397048,5.4375,26.0
2022-01-03,616.0,3.9,3.03,4.5,4.47,4.2,21.074179069307977,0.32956145591577307,0.998666816288476,9.375,36.0
2022-01-04,662.0,1.1,1.97,2.4,4.46,1.75,19.66305220891178,0.3074940234874647,0.9976303053065857,8.0375,46.0
2022-01-05,700.0,0.9,1.5,3.0,3.22,1.95,18.66359437757501,0.29186433860443767,0.9962981749346078,5.9,38.0
2022-01-06,720.0,3.0,0.2,2.0,0.67,2.5,18.36405522093876,0.28718009632671143,0.9946708199115211,1.0875000000000001,20.0
2022-01-07,733.0,0.5,-0.7,0.1,1.25,0.3,15.909446937797945,0.24879453089925746,0.9927487224577402,0.6875,13.0
2022-01-08,721.0,1.6,-1.1,5.9,-0.27,3.75,17.273029897128254,0.270118464033778,0.9905324521322229,0.0,-12.0
2022-01-09,688.0,0.0,-1.45,0.0,-0.89,0.0,14.682075412559016,0.22960069442871126,0.9880226656636976,0.0,-33.0
2022-01-10,650.0,0.0,-2.81,0.2,-2.0,0.1,12.579764100675163,0.19672440660492216,0.9852201067560606,0.0,-38.0
2022-01-11,595.0,0.0,-2.61,0.0,-2.83,0.0,10.692799485573888,0.16721574561418381,0.9821256058680006,0.0,-55.0
2022-01-12,576.0,0.1,-1.21,0.2,0.49,0.15000000000000002,9.238879562737806,0.1444791082828326,0.9787400799669153,0.0,-19.0
2022-01-13,573.0,0.5,3.72,0.3,4.62,0.4,8.253047628327135,0.12906250740247804,0.9750645322571948,10.425,-3.0
2022-01-14,598.0,0.5,4.18,1.4,4.85,0.95,7.965090484078065,0.12455938652702331,0.9711000518829505,11.2875,25.0
2022-01-15,617.0,0.0,2.11,0.0,3.1,0.0,6.770326911466355,0.1058754785479698,0.9668478136052775,6.5125,19.0
2022-01-16,615.0,0.2,1.05,1.6,2.85,0.9,6.654777874746402,0.10406850383043252,0.9623090774541486,4.875,-2.0
2022-01-17,604.0,0.7,2.33,2.0,2.82,1.35,7.006561193534441,0.10956974885285493,0.9574851883550393,6.4375,-11.0
2022-01-18,608.0,0.1,1.53,0.2,2.52,0.15000000000000002,6.105577014504275,0.09548001103570306,0.9523775757303974,5.0625,4.0
2022-01-19,613.0,0.0,2.01,0.0,3.48,0.0,5.189740462328634,0.08115800938034759,0.9469877530760753,6.862500000000001,5.0
2022-01-20,608.0,1.0,0.56,1.7,0.97,1.35,5.761279392979338,0.09009582857028273,0.9413173175128471,1.9125,-5.0
2022-01-21,599.0,1.0,0.89,4.7,1.01,2.85,7.747087484032438,0.12115021998949126,0.9353679493131483,2.375,-9.0
2022-01-22,607.0,0.0,-0.33,0.0,-0.61,0.0,6.585024361427572,0.10297768699106756,0.9291414114031743,0.0,8.0
2022-01-23,602.0,0.0,-0.66,0.0,-0.01,0.0,5.597270707213436,0.08753103394240742,0.9226395488404876,0.0,-5.0
2022-01-24,588.0,1.0,0.7,0.4,2.52,0.7,5.45768010113142,0.08534809323466934,0.9158642882672872,4.0249999999999995,-14.0
2022-01-25,581.0,0.5,1.71,0.2,2.19,0.35,4.989028085961707,0.07801923644128046,0.9088176373395029,4.875,-7.0
2022-01-26,597.0,1.9,1.07,2.6,0.95,2.25,6.490673873067451,0.10150221863673387,0.901501684131884,2.525,16.0
2022-01-27,613.0,1.8,2.8,6.7,3.55,4.25,9.767072792107333,0.15273908031322078,0.893918596519257,7.9375,16.0
2022-01-28,643.0,2.0,2.39,1.0,2.7,1.5,9.802011873291233,0.1532854633740013,0.886070621534138,6.3625,30.0
2022-01-29,676.0,1.0,1.27,10.0,2.43,5.5,13.831710092297548,0.21630254259636783,0.8779600847008882,4.625,33.0
2022-01-30,711.0,1.6,2.06,6.3,2.2,3.95,15.706953578452914,0.2456279066573569,0.869589389346611,5.324999999999999,35.0
2022-01-31,699.0,1.0,0.55,4.3,0.25,2.65,16.000910541684977,0.2502248536824691,0.8609610158889943,1.0,-12.0
2022-02-01,738.0,0.1,-0.03,3.4,-0.07,1.75,15.35077396043223,0.24005791158915635,0.8520775211013093,0.0,39.0
2022-02-02,719.0,0.6,-0.73,1.4,-1.78,1.0,14.048157866367395,0.21968738825595865,0.8429415373547828,0.0,-19.0
2022-02-03,688.0,0.5,-0.12,0.9,-0.14,0.7,12.640934186412284,0.19768099440118786,0.8335557718385699,0.0,-31.0
2022-02-04,637.0,1.2,0.98,1.0,1.1,1.1,11.844794058450441,0.185230824986703,0.8239230057575542,2.6,-51.0
2022-02-05,611.0,1.6,2.71,3.8,3.21,2.7,12.768074949682877,0.19966924243267214,0.8140460935082178,7.4,-26.0
2022-02-06,643.0,7.9,1.89,14.6,3.05,11.25,22.102863707230444,0.34564819437599864,0.8039279618328213,6.174999999999999,32.0
2022-02-07,674.0,1.0,2.2,1.1,2.7,1.05,19.837434151145878,0.31022103679503343,0.7935716089521474,6.125,31.0
2022-02-08,718.0,1.1,2.66,2.9,2.97,2.0,18.861819028473995,0.29496420808612994,0.7829801036770629,7.037500000000001,44.0
2022-02-09,746.0,1.1,3.33,0.3,3.62,0.7000000000000001,16.732546174202895,0.26166629125683344,0.7721565844991642,8.6875,28.0
2022-02-10,752.0,0.0,3.1,0.0,3.36,0.0,14.22266424807246,0.22241634756830844,0.7611042586607747,8.075,6.0
2022-02-11,739.0,0.2,2.63,0.1,2.62,0.15000000000000002,12.239264610861591,0.19139961994383853,0.7498264012045686,6.5625,-13.0
2022-02-12,708.0,0.0,1.99,0.0,2.41,0.0,10.403374919232352,0.16268967695226275,0.7383263540031065,5.5,-31.0
2022-02-13,672.0,0.0,1.12,0.0,2.35,0.0,8.842868681347499,0.1382862254094233,0.7266075247685656,4.3375,-36.0
2022-02-14,636.0,0.0,1.93,0.0,3.37,0.0,7.516438379145374,0.11754329159800982,0.7146733860429609,6.625,-36.0
2022-02-15,608.0,0.0,1.58,0.0,2.86,0.0,6.388972622273568,0.09991179785830835,0.702527474169157,5.549999999999999,-28.0
2022-02-16,598.0,4.3,2.8,10.9,3.81,7.6,13.030626728932532,0.2037750700588979,0.6901733882429719,8.2625,-10.0
2022-02-17,623.0,7.9,3.65,12.0,4.11,9.95,21.02603271959265,0.328808535431562,0.6776147890466889,9.7,25.0
2022-02-18,677.0,6.2,3.36,5.2,3.68,5.7,23.57212781165375,0.3686247865263296,0.6648553979642865,8.8,54.0
2022-02-19,721.0,3.7,3.55,8.2,3.61,5.949999999999999,25.986308639905687,0.4063781408081759,0.6518989958787126,8.95,44.0
2022-02-20,750.0,2.0,2.55,1.1,2.99,1.55,23.638362343919834,0.36966057296497196,0.6387494220515272,6.925,29.0
2022-02-21,785.0,7.6,3.82,14.2,3.9,10.899999999999999,30.992607992331855,0.48466746813664197,0.6254105729852463,9.65,35.0
2022-02-22,802.0,0.6,1.38,1.0,1.1,0.8,27.143716793482078,0.4244778786402863,0.6118864012687243,3.1,17.0
2022-02-23,810.0,0.5,1.62,0.8,0.7,0.65,23.722159274459763,0.37097100305760755,0.5981809144059164,2.9000000000000004,8.0
2022-02-24,812.0,0.0,3.57,0.0,4.56,0.0,20.1638353832908,0.31532535259896644,0.5842981736283683,10.162499999999998,2.0
2022-02-25,792.0,0.7,3.6,2.5,4.02,1.6,18.73926007579718,0.2930476111574027,0.5702422926917871,9.524999999999999,-20.0
2022-02-26,760.0,0.1,2.82,0.0,2.38,0.05,15.978371064427604,0.24987237765405107,0.5560174366570446,6.499999999999999,-32.0
2022-02-27,728.0,0.0,0.71,0.0,-0.16,0.0,13.581615404763463,0.2123915210059434,0.5416278206559814,0.6874999999999999,-32.0
2022-02-28,700.0,0.0,1.42,0.0,-0.13,0.0,11.544373094048943,0.1805327928550519,0.5270777086423722,1.6125,-28.0
2022-03-01,678.0,0.0,1.67,0.0,-0.17,0.0,9.812717129941602,0.1534528739267941,0.5123714121284237,1.875,-22.0
2022-03-02,650.0,0.0,2.15,0.0,0.73,0.0,8.340809560450362,0.13043494283777501,0.49751328890718066,3.5999999999999996,-28.0
2022-03-03,632.0,0.0,2.2,0.0,1.79,0.0,7.089688126382807,0.11086970141210875,0.48250774176121847,4.987500000000001,-18.0
2022-03-04,620.0,0.0,1.58,0.0,0.97,0.0,6.026234907425386,0.09423924620029243,0.46735921715800227,3.1875,-12.0
2022-03-05,611.0,0.0,-0.25,0.0,-1.36,0.0,5.122299671311578,0.08010335927024856,0.45207220393230435,0.0,-9.0
2022-03-06,603.0,0.0,1.65,0.0,1.6,0.0,4.3539547206148415,0.06808785537971128,0.43665123195606403,4.0625,-8.0
2022-03-07,592.0,0.0,2.36,0.0,2.03,0.0,3.700861512522615,0.05787467707275459,0.4211008707960896,5.4875,-11.0
2022-03-08,582.0,0.1,1.48,0.0,1.3,0.05,3.1957322856442225,0.04997538368210019,0.40542572835999735,3.4750000000000005,-10.0
2022-03-09,576.0,0.0,1.77,0.0,0.93,0.0,2.716372442797589,0.04247907612978515,0.38963044953078796,3.375,-6.0
2022-03-10,569.0,0.0,-0.67,0.0,-1.15,0.0,2.3089165763779507,0.03610721471031738,0.37371971479046906,0.0,-7.0
2022-03-11,564.0,0.0,0.14,0.0,-1.02,0.0,1.962579089921258,0.030691132503769775,0.35769823883312546,0.0,-5.0
2022-03-12,556.0,0.0,1.98,0.0,0.44,0.0,1.6681922264330693,0.026087462628204307,0.3415707691678556,3.025,-8.0
2022-03-13,548.0,0.0,2.34,0.0,0.35,0.0,1.4179633924681088,0.02217434323397366,0.3253420847119801,3.3625,-8.0
2022-03-14,542.0,0.0,3.22,0.0,2.9,0.0,1.2052688835978924,0.01884819174887761,0.30901699437494745,7.65,-6.0
2022-03-15,537.0,0.0,4.17,0.0,4.08,0.0,1.0244785510582086,0.01602096298654597,0.29260033563334836,10.3125,-5.0
2022-03-16,533.0,0.0,5.68,0.0,4.77,0.0,0.8708067683994773,0.013617818538564074,0.27609697309746883,13.0625,-4.0
2022-03-17,528.0,0.0,4.24,0.0,4.75,0.0,0.7401857531395557,0.011575145757779463,0.2595117970697999,11.2375,-5.0
2022-03-18,526.0,0.0,3.64,0.0,3.32,0.0,0.6291578901686223,0.009838873894112542,0.2428497220959356,8.7,-2.0
2022-03-19,521.0,0.0,4.57,0.0,3.19,0.0,0.5347842066433289,0.00836304280999566,0.22611568550828828,9.7,-5.0
2022-03-20,517.0,0.0,4.74,0.0,2.61,0.0,0.45456657564682956,0.007108586388496311,0.20931464596304847,9.1875,-4.0
2022-03-21,514.0,0.0,5.47,0.0,3.91,0.0,0.3863815892998051,0.006042298430221864,0.19245158197082998,11.724999999999998,-3.0
2022-03-22,512.0,0.0,6.76,0.0,5.04,0.0,0.3284243509048343,0.005135953665688584,0.1755314904214282,14.75,-2.0
2022-03-23,509.0,0.0,5.53,0.0,3.18,0.0,0.27916069826910916,0.004365560615835296,0.15855938510313478,10.887500000000001,-3.0
2022-03-24,508.0,0.0,5.62,0.0,3.87,0.0,0.2372865935287428,0.003710726523460002,0.141540295217043,11.8625,-1.0
2022-03-25,509.0,0.0,6.32,0.0,5.33,0.0,0.20169360449943136,0.0031541175449410013,0.12447926388678915,14.5625,1.0
2022-03-26,508.0,0.0,5.59,0.0,5.15,0.0,0.17143956382451664,0.002680999913199851,0.10738134666416309,13.425,-1.0
2022-03-27,513.0,0.0,4.07,0.0,3.32,0.0,0.14572362925083915,0.0022788499262198733,0.09025161003104117,9.2375,5.0
2022-03-28,533.0,0.0,5.43,0.0,5.26,0.0,0.12386508486321328,0.0019370224372868925,0.07309512989807777,13.362499999999999,20.0
2022-03-29,523.0,0.0,3.17,0.0,2.33,0.0,0.10528532213373129,0.0016464690716938585,0.055916990100603484,6.875,-10.0
2022-03-30,514.0,0.0,-0.2,0.0,-0.8,0.0,0.08949252381367159,0.0013994987109397798,0.03872228089217446,0.0,-9.0
2022-03-31,512.0,0.0,0.34,0.0,-0.37,0.0,0.07606864524162085,0.0011895739042988127,0.021516097436222254,0.0,-2.0
2022-04-01,511.0,0.0,1.44,0.0,1.07,0.0,0.06465834845537773,0.0010111378186539908,0.004303538296244289,3.1374999999999997,-1.0
2022-04-02,508.0,0.0,2.1,0.0,1.52,0.0,0.054959596187071066,0.0008594671458558922,-0.01291029607500882,4.525,-3.0
2022-04-03,519.0,0.0,2.08,0.0,1.78,0.0,0.046715656759010404,0.0007305470739775084,-0.030120304846908114,4.825,11.0
2022-04-04,531.0,2.1,3.69,8.7,3.57,5.3999999999999995,5.439708308245159,0.08506704740083001,-0.04732138832243185,9.075,12.0
2022-04-05,529.0,2.5,3.47,1.9,3.21,2.2,6.823752062008385,0.1067109497820922,-0.06450844944931623,8.35,-2.0
2022-04-06,520.0,2.7,4.27,6.1,4.08,4.4,10.200189252707126,0.1595122262975517,-0.08167639533042241,10.4375,-9.0
2022-04-07,523.0,6.3,7.73,10.9,7.42,8.6,17.270160864801056,0.2700735976374305,-0.09882013873287143,18.9375,3.0
2022-04-08,553.0,0.6,5.51,2.8,4.8,1.7,16.379636735080897,0.2561474357806147,-0.11593459959550041,12.8875,30.0
2022-04-09,590.0,0.9,4.89,1.7,4.38,1.3,15.222691224818762,0.238054932840251,-0.1330147065341959,11.587499999999999,37.0
2022-04-10,600.0,0.4,5.36,0.0,4.93,0.2,13.139287541095946,0.20547432559524847,-0.1500553983446526,12.862499999999999,10.0
2022-04-11,585.0,0.0,4.93,0.0,4.35,0.0,11.168394409931555,0.1746531767559612,-0.16705162550211924,11.6,-15.0
2022-04-12,562.0,0.0,5.57,0.0,3.8,0.0,9.49313524844182,0.14845520024256703,-0.18399835165768005,11.712500000000002,-23.0
2022-04-13,553.0,0.0,6.64,0.0,5.23,0.0,8.069164961175547,0.12618692020618197,-0.20089055513063506,14.837500000000002,-9.0
2022-04-14,542.0,2.9,7.73,3.3,7.38,3.0999999999999996,9.958790216999216,0.15573718873129955,-0.21772323039653177,18.8875,-11.0
2022-04-15,537.0,0.7,5.89,0.0,5.35,0.35,8.814971684449333,0.1378499676134161,-0.23449138957040985,14.049999999999997,-5.0
2022-04-16,539.0,0.0,5.33,0.0,4.17,0.0,7.492725931781933,0.11717247247140371,-0.25119006388481935,11.875,2.0
2022-04-17,546.0,0.0,5.48,0.0,4.32,0.0,6.368817042014642,0.09959660160069314,-0.2678143051621742,12.25,7.0
2022-04-18,538.0,0.0,6.0,0.0,5.38,0.0,5.413494485712446,0.08465711136058918,-0.2843591872810034,14.224999999999998,-8.0
2022-04-19,534.0,0.0,8.1,0.0,10.05,0.0,4.60147031285558,0.0719585446565008,-0.30081980763566735,22.6875,-4.0
2022-04-20,531.0,0.0,12.79,0.0,13.12,0.0,3.9112497659272427,0.061164762958025684,-0.3171912885891061,32.387499999999996,-3.0
2022-04-21,531.0,0.0,13.29,0.0,13.65,0.0,3.3245623010381564,0.05199004851432183,-0.3334687789181868,33.675,0.0
2022-04-22,527.0,0.0,11.91,0.0,11.76,0.0,2.825877955882433,0.04419154123717356,-0.3496474552512284,29.587500000000002,-4.0
2022-04-23,526.0,0.2,10.56,0.0,10.37,0.1,2.501996262500068,0.0391266263921151,-0.36572252349726897,26.1625,-1.0
2022-04-24,524.0,0.0,9.37,0.0,8.45,0.0,2.126696823125058,0.03325763243329784,-0.3816892202666588,22.275,-2.0
2022-04-25,525.0,0.0,8.28,0.0,7.19,0.0,1.8076922996562992,0.02826898756830316,-0.39754281428255595,19.3375,1.0
2022-04-26,523.0,0.0,8.36,0.0,6.57,0.0,1.5365384547078542,0.024028639433057684,-0.4132786077829042,18.6625,-2.0
2022-04-27,522.0,0.0,6.93,0.0,5.71,0.0,1.306057686501676,0.02042434351809903,-0.4288919379124835,15.8,-1.0
2022-04-28,522.0,0.0,7.89,0.0,5.56,0.0,1.1101490335264246,0.017360691990384175,-0.4443781781046132,16.8125,0.0
2022-04-29,518.0,0.6,9.1,0.0,7.77,0.3,1.2436266784974608,0.019448037213379277,-0.45973273945210397,21.0875,-4.0
2022-04-30,514.0,0.0,10.09,0.0,8.71,0.0,1.0570826767228416,0.016530831631372384,-0.47495107206704995,23.5,-4.0
2022-05-01,515.0,0.2,9.44,0.0,8.31,0.1,0.9985202752144153,0.015615023227184104,-0.49002866642905923,22.1875,1.0
2022-05-02,511.0,0.0,9.92,0.0,7.88,0.0,0.848742233932253,0.013272769743106486,-0.5049610547215204,22.25,-4.0
2022-05-03,511.0,0.0,8.67,0.0,7.39,0.0,0.7214308988424151,0.011281854281640514,-0.5197438121555155,20.075,0.0
2022-05-04,510.0,0.0,8.8,0.0,5.83,0.0,0.6132162640160528,0.009589576139394436,-0.5343725582809787,18.2875,-1.0
2022-05-05,511.0,0.0,10.63,0.0,9.41,0.0,0.5212338244136449,0.008151139718485271,-0.548842958284719,25.049999999999997,1.0
2022-05-06,508.0,0.0,11.44,0.0,8.74,0.0,0.4430487507515981,0.00692846876071248,-0.5631507242749186,25.225,-3.0
2022-05-07,513.0,0.0,11.42,0.0,9.57,0.0,0.37659143813885837,0.0058891984466056075,-0.5772916165517272,26.237500000000004,5.0
2022-05-08,509.0,0.5,10.2,0.0,9.52,0.25,0.5701027224180296,0.008915359530908707,-0.5912614448635781,24.65,-4.0
2022-05-09,512.0,0.0,8.02,0.0,6.0,0.0,0.4845873140553252,0.007578055601272402,-0.6050560696488488,17.525,3.0
2022-05-10,510.0,0.0,13.76,0.0,12.32,0.0,0.4118992169470264,0.006441347261081542,-0.6186714032625031,32.599999999999994,-2.0
2022-05-11,507.0,0.6,13.57,0.7,11.98,0.6499999999999999,1.0001143344049723,0.015639951385283554,-0.6321034111873487,31.9375,-3.0
2022-05-12,515.0,2.8,11.78,4.3,10.32,3.55,4.400097184244226,0.06880943876586497,-0.6453481132295501,27.625,8.0
2022-05-13,511.0,0.0,11.66,0.0,9.82,0.0,3.740082606607592,0.05848802295098523,-0.6584015846980488,26.85,-4.0
2022-05-14,520.0,0.9,10.9,0.4,9.54,0.65,3.829070215616453,0.05987962572170169,-0.6712599575675313,25.549999999999997,9.0
2022-05-15,515.0,0.1,11.3,0.0,9.55,0.05,3.304709683273985,0.051679590033705224,-0.6839194216246106,26.0625,-5.0
2022-05-16,513.0,0.0,10.85,0.0,8.85,0.0,2.809003230782887,0.04392765152864944,-0.6963762255968722,24.625,-2.0
2022-05-17,519.0,0.0,9.53,0.0,8.23,0.0,2.387652746165454,0.037338503799352024,-0.7086266782644596,22.199999999999996,6.0
2022-05-18,524.0,0.0,8.5,0.0,7.55,0.0,2.029504834240636,0.031737728229449216,-0.7206671495538609,20.0625,5.0
2022-05-19,523.0,0.1,15.47,0.1,12.63,0.1,1.8250791091045406,0.028540885335549413,-0.7324940716135789,35.125,-1.0
2022-05-20,519.0,0.0,13.75,0.0,12.62,0.0,1.5513172427388595,0.024259752535217,-0.7441039398713607,32.9625,-4.0
2022-05-21,523.0,6.2,9.92,4.3,9.43,5.25,6.56861965632803,0.1027211475321072,-0.7554933140726803,24.1875,4.0
2022-05-22,522.0,2.4,11.03,1.6,10.14,2.0,7.583326707878825,0.11858930221264265,-0.766658819300159,26.462500000000002,-1.0
2022-05-23,524.0,0.0,12.35,0.0,10.43,0.0,6.445827701697001,0.10080090688074625,-0.777597146973627,28.475,2.0
2022-05-24,523.0,0.0,16.01,0.0,16.46,0.0,5.478953546442451,0.0856807708486343,-0.7883050558305255,40.5875,-1.0
2022-05-25,522.0,1.3,13.94,4.9,12.54,3.1,7.757110514476084,0.12130696177738404,-0.7987793728863649,33.099999999999994,-1.0
2022-05-26,534.0,1.3,12.76,2.4,11.48,1.85,8.443543937304671,0.1320415198103516,-0.8090169943749473,30.300000000000004,12.0
2022-05-27,539.0,1.4,11.73,3.2,10.73,2.3,9.477012346708971,0.14820306767070313,-0.8190148866680801,28.075000000000003,5.0
2022-05-28,530.0,1.3,11.42,3.7,10.55,2.5,10.555460494702626,0.16506801603303708,-0.8287700871745037,27.4625,-9.0
2022-05-29,525.0,1.6,11.34,1.9,10.08,1.75,10.722141420497232,0.1676745995871391,-0.8382797052177743,26.775000000000002,-5.0
2022-05-30,532.0,5.0,11.11,12.2,10.43,8.6,17.713820207422646,0.2770116149335798,-0.8475409228928311,26.924999999999997,7.0
2022-05-31,535.0,0.0,13.2,0.2,11.1,0.1,15.15674717630925,0.2370236890340604,-0.8565509959010036,30.374999999999996,3.0
2022-06-01,534.0,22.0,12.65,9.0,11.65,15.5,28.383235099862862,0.4438616684591757,-0.865307254363206,30.375,-1.0
2022-06-02,539.0,0.0,13.43,0.1,12.06,0.05,24.175749834883433,0.37806432636055815,-0.8738071036110808,31.862500000000004,5.0
2022-06-03,538.0,0.0,13.62,0.0,11.85,0.0,20.54938735965092,0.32135467740647444,-0.8820480249558537,31.8375,-1.0
2022-06-04,536.0,0.0,13.17,0.0,12.05,0.0,17.46697925570328,0.27315147579550325,-0.8900275764346767,31.525,-2.0
2022-06-05,539.0,0.0,15.17,0.0,12.97,0.0,14.846932367347787,0.23217875442617775,-0.8977433935342337,35.175,3.0
2022-06-06,537.0,0.0,19.23,0.0,18.8,0.0,12.619892512245618,0.19735194126225108,-0.9051931898913974,47.5375,-2.0
2022-06-07,534.0,0.1,18.43,0.1,16.89,0.1,10.826908635408776,0.169312966413431,-0.9123747579707273,44.15,-3.0
2022-06-08,534.0,2.3,17.15,2.0,15.93,2.15,11.35287234009746,0.17753807277254424,-0.9192859697186104,41.349999999999994,0.0
2022-06-09,529.0,0.0,20.04,0.0,18.25,0.0,9.64994148908284,0.1509073618566626,-0.9259247771938498,47.8625,-5.0
2022-06-10,532.0,3.4,17.43,1.5,16.85,2.45,10.652450265720415,0.16658475792084385,-0.9322892131745133,42.85,3.0
2022-06-11,530.0,0.0,17.49,0.0,16.05,0.0,9.054582725862351,0.14159704423271724,-0.9383773917408641,41.925,-2.0
2022-06-12,530.0,0.0,18.17,0.0,16.47,0.0,7.696395316982999,0.12035748759780966,-0.9441875088341993,43.3,0.0
2022-06-13,528.0,0.1,17.02,0.0,15.93,0.05,6.591936019435549,0.103085772628397,-0.9497178427914316,41.1875,-2.0
2022-06-14,537.0,0.0,15.32,0.0,14.89,0.0,5.603145616520217,0.08762290673413745,-0.9549667548552551,37.7625,9.0
2022-06-15,533.0,0.0,16.31,0.0,15.6,0.0,4.7626737740421845,0.07447947072401684,-0.9599326896597447,39.887499999999996,-4.0
2022-06-16,535.0,0.0,16.71,0.0,15.21,0.0,4.0482727079358565,0.06330755011541431,-0.9646141756912435,39.900000000000006,2.0
2022-06-17,533.0,0.0,17.44,0.0,16.65,0.0,3.4410318017454777,0.05381141759810216,-0.9690098257244062,42.612500000000004,-2.0
2022-06-18,541.0,0.0,17.74,0.2,16.78,0.1,3.024877031483656,0.04730352129890441,-0.9731183372332619,43.14999999999999,8.0
2022-06-19,533.0,5.7,15.39,6.0,13.25,5.85,8.421145476761108,0.13169124902434698,-0.9769384927771817,35.8,-8.0
2022-06-20,537.0,0.0,14.2,0.3,13.45,0.15,7.307973655246942,0.1142832861814713,-0.980469160361632,34.5625,4.0
2022-06-21,539.0,3.0,14.95,1.1,14.75,2.05,8.2617776069599,0.1291990282348609,-0.9837092937736097,37.125,2.0
2022-06-22,543.0,0.0,17.05,0.0,16.02,0.0,7.022510965915915,0.10981917399963177,-0.986657932891657,41.3375,4.0
2022-06-23,542.0,0.0,18.02,0.0,15.73,0.0,5.969134321028528,0.093346297899687,-0.9893142039703663,42.1875,-1.0
2022-06-24,541.0,0.0,22.29,0.0,20.84,0.0,5.073764172874249,0.07934435321473396,-0.99167731989929,53.912499999999994,-1.0
2022-06-25,540.0,0.0,23.58,0.0,23.8,0.0,4.3126995469431115,0.06744270023252387,-0.993746580436178,59.224999999999994,-1.0
2022-06-26,538.0,0.0,25.26,0.0,25.34,0.0,3.6657946149016447,0.05732629519764529,-0.9955213724144752,63.25,-2.0
2022-06-27,538.0,0.0,26.13,0.0,26.58,0.0,3.1159254226663977,0.048727350917998485,-0.9970011699250151,65.88749999999999,0.0
2022-06-28,536.0,6.2,24.87,5.6,25.14,5.9,8.548536609266439,0.13368341237083572,-0.9981855344718586,62.5125,-2.0
2022-06-29,538.0,18.8,21.55,11.2,21.14,15.0,22.266256117876473,0.3482033515928469,-0.99907411510223,53.3625,2.0
2022-06-30,538.0,3.9,23.45,0.0,22.57,1.95,20.876317700195003,0.32646726749401256,-0.9996666485105112,57.52499999999999,0.0
2022-07-01,536.0,5.9,24.04,6.7,24.09,6.300000000000001,24.04487004516575,0.376017606822518,-0.9999629591162655,60.162499999999994,-2.0
2022-07-02,534.0,6.2,19.95,12.5,19.51,9.35,29.788139538390887,0.46583179363753363,-0.9999629591162655,49.325,-2.0
2022-07-03,533.0,0.0,20.11,0.0,19.28,0.0,25.319918607632253,0.39595702459190363,-0.9996666485105112,49.2375,-1.0
2022-07-04,529.0,0.0,21.45,0.0,20.27,0.0,21.521930816487416,0.33656347090311806,-0.99907411510223,52.15,-4.0
2022-07-05,529.0,0.0,20.14,0.0,19.55,0.0,18.293641194014302,0.28607895026765034,-0.9981855344718586,49.6125,0.0
2022-07-06,528.0,0.0,18.76,0.4,18.43,0.2,15.749595014912156,0.24629474040853794,-0.9970011699250151,46.4875,-1.0
2022-07-07,531.0,0.2,19.37,0.8,18.74,0.5,13.887155762675333,0.2171696110498451,-0.9955213724144752,47.6375,3.0
2022-07-08,529.0,5.6,18.85,0.3,18.72,2.9499999999999997,14.754082398274031,0.23072675143763682,-0.9937465804361781,46.9625,-2.0
2022-07-09,535.0,1.6,18.27,2.6,18.07,2.1,14.640970038532926,0.2289578818728604,-0.99167731989929,45.425000000000004,6.0
2022-07-10,539.0,11.8,16.83,8.1,16.54,9.95,22.394824532752985,0.35021392547343017,-0.9893142039703664,41.7125,4.0
2022-07-11,544.0,0.4,18.03,0.0,16.81,0.2,19.235600852840037,0.30080946933345076,-0.9866579328916572,43.550000000000004,5.0
2022-07-12,543.0,1.5,18.73,0.9,18.44,1.2,17.55026072491403,0.27445384501964404,-0.9837092937736098,46.462500000000006,-1.0
2022-07-13,559.0,0.0,19.2,0.0,18.62,0.0,14.917721616176925,0.23328576826669745,-0.9804691603616321,47.275,16.0
2022-07-14,562.0,0.0,17.95,0.0,17.8,0.0,12.680063373750386,0.19829290302669283,-0.9769384927771817,44.6875,3.0
2022-07-15,563.0,14.3,16.19,0.5,17.1,7.4,18.17805386768783,0.28427137677098957,-0.973118337233262,41.61250000000001,1.0
2022-07-16,563.0,2.9,15.89,0.0,16.6,1.45,16.901345787534655,0.264306007192846,-0.9690098257244063,40.612500000000004,0.0
2022-07-17,558.0,0.3,16.78,0.2,17.22,0.25,14.616143919404456,0.22856964696521304,-0.9646141756912435,42.5,-5.0
2022-07-18,562.0,3.5,17.49,0.0,17.98,1.75,14.173722331493787,0.22165098587948864,-0.9599326896597445,44.3375,4.0
2022-07-19,558.0,0.0,19.12,0.0,19.2,0.0,12.047663981769718,0.18840333799756534,-0.9549667548552553,47.9,-4.0
2022-07-20,551.0,0.0,20.16,0.0,18.8,0.0,10.24051438450426,0.16014283729793055,-0.9497178427914317,48.7,-7.0
2022-07-21,545.0,0.0,22.91,0.0,22.24,0.0,8.704437226828622,0.13612141170324096,-0.9441875088341994,56.4375,-6.0
2022-07-22,543.0,0.0,22.54,0.0,21.96,0.0,7.398771642804329,0.11570319994775483,-0.9383773917408642,55.625,-2.0
2022-07-23,541.0,0.0,20.18,0.4,19.58,0.2,6.48895589638368,0.10147535263662677,-0.9322892131745134,49.699999999999996,-2.0
2022-07-24,547.0,1.2,18.93,0.8,18.69,1.0,6.515612511926128,0.10189221314630852,-0.9259247771938499,47.025000000000006,6.0
2022-07-25,542.0,0.0,21.12,0.0,20.68,0.0,5.538270635137208,0.08660838117436223,-0.9192859697186105,52.25,-5.0
2022-07-26,543.0,3.1,19.45,2.8,19.32,2.95,7.657530039866627,0.1197497060434764,-0.9123747579707274,48.46249999999999,1.0
2022-07-27,541.0,0.0,17.73,1.2,17.05,0.6,7.108900533886632,0.11117014818006038,-0.9051931898913975,43.475,-2.0
2022-07-28,546.0,10.6,17.91,17.9,17.25,14.25,20.292565453803636,0.317338454476806,-0.8977433935342336,43.949999999999996,5.0
2022-07-29,542.0,0.0,17.3,0.0,16.28,0.0,17.24868063573309,0.26973768630528505,-0.8900275764346766,41.974999999999994,-4.0
2022-07-30,539.0,0.0,18.29,0.0,17.63,0.0,14.661378540373127,0.2292770333594923,-0.8820480249558535,44.900000000000006,-3.0
2022-07-31,535.0,0.9,16.93,0.2,17.39,0.55,13.012171759317159,0.20348646822841515,-0.8738071036110807,42.9,-4.0
2022-08-01,540.0,0.0,18.41,0.9,18.25,0.45,11.510345995419584,0.18000067152648194,-0.8653072543632061,45.824999999999996,5.0
2022-08-02,539.0,0.0,18.66,0.0,18.46,0.0,9.783794096106647,0.15300057079750964,-0.8565509959010037,46.400000000000006,-1.0
2022-08-03,534.0,0.0,21.75,0.0,20.36,0.0,8.316224981690649,0.1300504851778832,-0.8475409228928312,52.6375,-5.0
2022-08-04,529.0,0.0,24.06,0.0,23.85,0.0,7.068791234437051,0.11054291240120072,-0.8382797052177745,59.887499999999996,-5.0
2022-08-05,528.0,0.0,24.21,0.0,25.14,0.0,6.008472549271493,0.0939614755410206,-0.828770087174504,61.6875,-1.0
2022-08-06,530.0,2.8,19.15,4.3,18.61,3.55,8.65720166688077,0.1353827342982415,-0.8190148866680802,47.199999999999996,2.0
2022-08-07,534.0,0.0,18.19,0.4,18.07,0.2,7.558621416848655,0.11820295683454042,-0.8090169943749472,45.325,4.0
2022-08-08,537.0,4.9,18.03,1.6,17.87,3.25,9.674828204321356,0.1512965443761806,-0.7987793728863648,44.87500000000001,3.0
2022-08-09,533.0,2.9,18.47,0.2,17.79,1.55,9.773603973673152,0.15284121599777592,-0.7883050558305253,45.324999999999996,-4.0
2022-08-10,533.0,0.0,18.98,0.0,17.58,0.0,8.307563377622179,0.12991503359810952,-0.7775971469736268,45.7,0.0
2022-08-11,531.0,0.0,19.31,0.0,17.5,0.0,7.061428870978852,0.1104277785583931,-0.7666588193001592,46.0125,-2.0
2022-08-12,527.0,0.0,21.25,0.0,19.92,0.0,6.002214540332024,0.09386361177463413,-0.7554933140726804,51.462500000000006,-4.0
2022-08-13,525.0,0.0,22.59,0.0,22.15,0.0,5.10188235928222,0.079784070008439,-0.7441039398713608,55.925,-2.0
2022-08-14,523.0,0.0,23.54,0.0,24.6,0.0,4.3366000053898865,0.06781645950717315,-0.7324940716135792,60.175,-2.0
2022-08-15,523.0,0.0,24.55,0.0,26.08,0.0,3.6861100045814035,0.057643990581097176,-0.7206671495538615,63.287499999999994,0.0
2022-08-16,520.0,0.0,24.1,0.0,25.74,0.0,3.133193503894193,0.0489973919939326,-0.7086266782644601,62.300000000000004,-3.0
2022-08-17,518.0,0.0,24.53,0.1,24.0,0.05,2.713214478310064,0.042429691365101496,-0.6963762255968726,60.6625,-2.0
2022-08-18,516.0,0.0,25.62,0.0,24.44,0.0,2.306232306563554,0.036065237660336265,-0.6839194216246105,62.575,-2.0
2022-08-19,516.0,0.0,25.36,0.0,26.48,0.0,1.9602974605790209,0.030655452011285826,-0.6712599575675315,64.80000000000001,0.0
2022-08-20,516.0,1.4,23.17,3.1,23.65,2.25,3.9162528414921676,0.06124300187123842,-0.6584015846980489,58.525,0.0
2022-08-21,517.0,3.2,21.98,7.2,20.94,5.2,8.528814915268342,0.13337500129746663,-0.64534811322955,53.650000000000006,1.0
2022-08-22,519.0,25.8,19.42,0.3,19.21,13.05,20.29949267797809,0.31744678354039035,-0.6321034111873488,48.2875,2.0
2022-08-23,522.0,0.0,23.2,0.0,22.85,0.0,17.254568776281378,0.26982976600933184,-0.6186714032625032,57.5625,3.0
2022-08-24,525.0,0.0,23.02,0.0,22.76,0.0,14.666383459839171,0.22935530110793204,-0.6050560696488494,57.225,3.0
2022-08-25,524.0,11.1,22.42,0.0,22.97,5.55,18.016425940863297,0.28174381284046773,-0.5912614448635782,56.7375,-1.0
2022-08-26,520.0,0.0,23.6,0.0,23.04,0.0,15.313962049733801,0.23948224091439757,-0.5772916165517278,58.3,-4.0
2022-08-27,519.0,0.0,24.03,0.0,23.79,0.0,13.01686774227373,0.20355990477723793,-0.5631507242749187,59.775,-1.0
2022-08-28,516.0,0.0,24.28,0.0,22.99,0.0,11.064337580932671,0.17302591906065223,-0.5488429582847199,59.08749999999999,-3.0
2022-08-29,522.0,0.6,21.5,4.5,19.83,2.55,11.954686943792769,0.1869493478847526,-0.5343725582809785,51.662499999999994,6.0
2022-08-30,528.0,0.7,18.62,0.4,17.52,0.55,10.711483902223854,0.16750793557488639,-0.5197438121555157,45.175,6.0
2022-08-31,528.0,1.1,16.45,2.4,15.19,1.75,10.854761316890276,0.169748531197711,-0.5049610547215202,39.55,0.0
2022-09-01,528.0,0.2,14.44,0.0,12.45,0.1,9.326547119356734,0.1458500678585719,-0.4900286664290594,33.6125,0.0
2022-09-02,527.0,1.2,13.94,2.5,11.94,1.85,9.777565051453223,0.1529031599793613,-0.4749510720670502,32.35,-1.0
2022-09-03,522.0,0.0,12.2,0.0,11.72,0.0,8.31093029373524,0.1299676859824571,-0.4597327394521046,29.900000000000002,-5.0
2022-09-04,515.0,0.0,13.31,0.0,12.64,0.0,7.064290749674954,0.11047253308508853,-0.44437817810461344,32.4375,-7.0
2022-09-05,511.0,0.0,12.63,0.0,12.0,0.0,6.004647137223711,0.09390165312232525,-0.4288919379124841,30.7875,-4.0
2022-09-06,507.0,0.0,12.04,0.0,11.09,0.0,5.103950066640154,0.07981640515397646,-0.41327860778290443,28.912499999999998,-4.0
2022-09-07,503.0,0.0,14.23,0.0,12.87,0.0,4.338357556644131,0.06784394438088,-0.3975428142825566,33.875,-4.0
2022-09-08,494.0,0.0,13.32,0.0,12.95,0.0,3.687603923147511,0.05766735272374799,-0.3816892202666586,32.8375,-9.0
2022-09-09,488.0,1.3,12.08,1.5,12.24,1.4,4.534463334675385,0.07091067858243187,-0.3657225234972692,30.4,-6.0
2022-09-10,485.0,0.0,12.58,0.0,13.05,0.0,3.854293834474077,0.06027407679506709,-0.34964745525122826,32.0375,-3.0
2022-09-11,485.0,0.0,13.04,0.0,13.77,0.0,3.2761497593029656,0.05123296527580703,-0.33346877891818705,33.512499999999996,0.0
2022-09-12,493.0,0.0,13.05,0.0,12.88,0.0,2.784727295407521,0.04354802048443597,-0.31719128858910595,32.4125,8.0
2022-09-13,489.0,0.0,12.39,0.3,12.19,0.15,2.5170182010963926,0.03936154192254694,-0.300819807635668,30.724999999999998,-4.0
2022-09-14,496.0,7.6,14.51,2.0,15.95,4.8,6.939465470931934,0.10852049497900856,-0.2843591872810036,38.075,7.0
2022-09-15,502.0,13.3,14.17,5.4,14.61,9.350000000000001,15.248545650292144,0.23845924857055067,-0.26781430516217486,35.975,6.0
2022-09-16,518.0,29.6,12.54,40.7,12.81,35.150000000000006,48.111263802748326,0.7523718049768963,-0.25119006388481957,31.6875,16.0
2022-09-17,507.0,6.6,13.29,11.3,13.83,8.95,49.84457423233607,0.7794775967066848,-0.23449138957041052,33.9,-11.0
2022-09-18,527.0,2.2,13.73,0.0,12.62,1.1,43.46788809748566,0.6797579369463754,-0.21772323039653224,32.9375,20.0
2022-09-19,529.0,4.3,13.1,10.2,11.42,7.25,44.197704882862816,0.6911709310919435,-0.20089055513063528,30.65,2.0
2022-09-20,535.0,1.3,13.35,2.4,12.44,1.85,39.4180491504334,0.6164258937277272,-0.18399835165767986,32.2375,6.0
2022-09-21,537.0,0.2,12.0,0.6,11.31,0.4,33.90534177786839,0.5302172750306384,-0.1670516255021195,29.137500000000003,2.0
2022-09-22,536.0,0.1,11.85,0.0,10.75,0.05,28.869540511188127,0.4514665919463014,-0.15005539834465262,28.25,-1.0
2022-09-23,530.0,0.0,11.3,0.0,9.6,0.0,24.539109434509907,0.38374660315435616,-0.13301470653419636,26.125,-6.0
2022-09-24,523.0,0.0,12.37,0.0,10.93,0.0,20.858243019333422,0.32618461268120275,-0.11593459959550066,29.124999999999996,-7.0
2022-09-25,517.0,0.0,12.62,0.0,10.91,0.0,17.729506566433407,0.2772569207790223,-0.09882013873287211,29.4125,-6.0
2022-09-26,513.0,0.1,12.4,0.5,10.96,0.3,15.370080581468397,0.24035983168372171,-0.08167639533042288,29.2,-4.0
2022-09-27,510.0,0.0,12.1,0.0,12.19,0.0,13.064568494248137,0.20430585693116346,-0.06450844944931625,30.362499999999997,-3.0
2022-09-28,509.0,10.1,10.73,5.9,10.93,8.0,19.104883220110914,0.298765285632895,-0.04732138832243232,27.075,-1.0
2022-09-29,520.0,16.8,10.39,1.0,11.0,8.9,25.139150737094276,0.39313014709402505,-0.03012030484690836,26.7375,11.0
2022-09-30,516.0,1.1,12.04,0.2,10.22,0.65,22.018278126530134,0.3443254312432855,-0.012910296075008843,27.824999999999996,-4.0
2022-10-01,514.0,0.0,12.33,0.0,10.99,0.0,18.715536407550612,0.29267661655679267,0.004303538296243821,29.15,-2.0
2022-10-02,514.0,13.3,11.9,15.3,11.89,14.3,30.20820594641802,0.4724008607672872,0.021516097436222233,29.737499999999997,0.0
2022-10-03,513.0,1.6,11.96,3.8,11.57,2.7,28.376975054455315,0.44376377284616864,0.03872228089217399,29.4125,-1.0
2022-10-04,533.0,0.0,12.7,0.2,13.0,0.1,24.220428796287017,0.3787630232597609,0.05591699010060302,32.125,20.0
2022-10-05,539.0,0.0,12.63,0.0,13.75,0.0,20.587364476843963,0.3219485697707968,0.07309512989807776,32.975,6.0
2022-10-06,534.0,0.0,13.49,0.0,14.25,0.0,17.49925980531737,0.27365628430517724,0.0902516100310407,34.675000000000004,-5.0
2022-10-07,526.0,0.0,12.95,0.0,13.51,0.0,14.874370834519762,0.23260784165940065,0.10738134666416306,33.075,-8.0
2022-10-08,522.0,0.0,12.6,0.0,12.9,0.0,12.643215209341799,0.19771666541049057,0.12447926388678869,31.875,-4.0
2022-10-09,526.0,0.0,12.4,0.0,12.43,0.0,10.746732927940528,0.16805916559891695,0.141540295217043,31.037499999999998,4.0
2022-10-10,530.0,0.0,11.54,0.0,12.13,0.0,9.134722988749449,0.1428502907590794,0.15855938510313475,29.587500000000002,4.0
2022-10-11,536.0,0.0,12.25,0.0,12.38,0.0,7.764514540437031,0.1214227471452175,0.17553149042142777,30.7875,6.0
2022-10-12,531.0,0.0,11.62,0.0,11.9,0.0,6.5998373593714765,0.10320933507343488,0.19245158197082995,29.4,-5.0
2022-10-13,533.0,0.0,11.29,0.4,11.68,0.2,5.8098617554657555,0.0908555674934548,0.20931464596304888,28.7125,2.0
2022-10-14,527.0,0.0,10.43,0.0,10.46,0.0,4.938382492145892,0.07722723236943659,0.22611568550828803,26.1125,-6.0
2022-10-15,528.0,1.0,11.54,0.4,11.93,0.7,4.897625118324008,0.07658986189764412,0.2428497220959358,29.3375,1.0
2022-10-16,525.0,0.6,12.64,0.6,13.52,0.6,4.762981350575406,0.07448428065610295,0.25951179706979943,32.7,-3.0
2022-10-17,524.0,0.0,13.14,0.2,13.67,0.1,4.1485341479890945,0.06487545489820508,0.27609697309746883,33.5125,-1.0
2022-10-18,526.0,1.2,13.3,0.2,13.45,0.7,4.22625402579073,0.06609085104709735,0.2926003356333479,33.4375,2.0
2022-10-19,530.0,0.3,9.7,1.2,8.36,0.75,4.34231592192212,0.06790584594391456,0.30901699437494723,22.575,4.0
2022-10-20,538.0,0.4,9.53,0.1,9.19,0.25,3.940968533633802,0.061629509903621316,0.3253420847119795,23.4,8.0
2022-10-21,538.0,0.0,8.41,0.0,8.09,0.0,3.3498232535887316,0.05238508341807812,0.341570769167856,20.625,0.0
2022-10-22,527.0,0.2,8.72,0.7,8.36,0.44999999999999996,3.297349765550422,0.05156449443769549,0.35769823883312546,21.349999999999998,-11.0
2022-10-23,529.0,0.0,11.12,0.4,11.33,0.2,3.0027473007178584,0.04695745295307632,0.3737197147904692,28.0625,2.0
2022-10-24,528.0,0.8,10.76,0.4,11.21,0.6000000000000001,3.15233520561018,0.04929673305322033,0.38963044953078774,27.4625,-1.0
2022-10-25,526.0,0.0,11.82,1.0,12.65,0.5,3.1794849247686527,0.04972130479782516,0.4054257283599973,30.5875,-2.0
2022-10-26,526.0,0.2,12.23,0.1,12.47,0.15000000000000002,2.8525621860533548,0.044608833588927754,0.42110087079608916,30.875000000000004,0.0
2022-10-27,526.0,0.1,11.33,0.0,12.09,0.05,2.4746778581453515,0.038699416720847375,0.4366512319560638,29.275000000000002,0.0
2022-10-28,523.0,0.0,11.81,0.4,12.6,0.2,2.3034761794235488,0.03602213689375543,0.45207220393230374,30.5125,-3.0
2022-10-29,529.0,0.1,12.47,0.5,12.75,0.3,2.2579547525100163,0.035310265381244835,0.46735921715800205,31.525,6.0
2022-10-30,531.0,0.0,11.59,0.0,10.71,0.0,1.9192615396335138,0.03001372557405811,0.48250774176121763,27.875,2.0
2022-10-31,531.0,0.0,9.42,0.0,8.17,0.0,1.6313723086884866,0.02551166673794939,0.4975132889071803,21.9875,0.0
2022-11-01,530.0,0.0,10.3,0.7,10.25,0.35,1.7366664623852137,0.027158273919068502,0.5123714121284235,25.6875,-1.0
2022-11-02,530.0,2.9,11.5,1.0,11.6,1.95,3.4261664930274316,0.05357895147130097,0.5270777086423724,28.875,0.0
2022-11-03,536.0,0.1,10.51,1.0,9.4,0.55,3.4622415190733165,0.054143098623452485,0.5416278206559811,24.8875,6.0
2022-11-04,524.0,0.0,7.14,0.0,6.68,0.0,2.942905291212319,0.04602163382993461,0.5560174366570446,17.275,-12.0
2022-11-05,525.0,5.2,7.56,5.3,7.53,5.25,7.75146949753047,0.12121874663261717,0.5702422926917867,18.8625,1.0
2022-11-06,525.0,0.5,8.97,0.0,10.28,0.25,6.8387490729008995,0.10694547548901853,0.5842981736283683,24.0625,0.0
2022-11-07,521.0,0.0,7.56,0.0,8.23,0.0,5.812936711965764,0.09090365416566575,0.5981809144059159,19.737499999999997,-4.0
2022-11-08,519.0,0.0,9.48,2.1,11.5,1.05,5.990996205170899,0.09368817761625042,0.6118864012687242,26.225,-2.0
2022-11-09,524.0,1.8,9.39,1.5,10.77,1.65,6.742346774395264,0.10543792059235287,0.6254105729852457,25.2,5.0
2022-11-10,525.0,0.4,9.92,0.6,11.39,0.5,6.230994758235974,0.09744131420608783,0.6387494220515268,26.637500000000003,1.0
2022-11-11,539.0,1.2,10.55,0.7,11.84,0.95,6.246345544500579,0.09768137231009164,0.6518989958787125,27.9875,14.0
2022-11-12,537.0,0.0,11.33,0.0,11.66,0.0,5.309393712825492,0.08302916646357789,0.6648553979642867,28.737500000000004,-2.0
2022-11-13,535.0,0.1,9.4,0.0,8.37,0.05,4.562984655901668,0.0713566996643,0.6776147890466887,22.2125,-2.0
2022-11-14,538.0,0.0,6.65,0.0,5.31,0.0,3.8785369575164177,0.060653194714654995,0.690173388242972,14.950000000000001,3.0
2022-11-15,538.0,0.3,7.49,0.0,6.99,0.15,3.446756413888955,0.053900940018233104,0.7025274741691566,18.1,0.0
2022-11-16,535.0,0.0,2.29,0.0,1.93,0.0,2.9297429518056117,0.04581579901549814,0.7146733860429608,5.2749999999999995,-3.0
2022-11-17,533.0,0.0,-0.07,0.0,-0.6,0.0,2.49028150903477,0.03894342916317342,0.726607524768565,0.0,-2.0
2022-11-18,525.0,0.0,-1.38,0.0,-1.45,0.0,2.1167392826795544,0.0331019147886974,0.7383263540031063,0.0,-8.0
2022-11-19,530.0,0.0,-3.33,0.0,-4.85,0.0,1.7992283902776212,0.028136627570392793,0.749826401204568,0.0,5.0
2022-11-20,527.0,0.3,-2.62,0.4,-3.81,0.35,1.8793441317359778,0.02938949062664539,0.7611042586607742,0.0,-3.0
2022-11-21,520.0,0.0,-0.99,0.2,-1.59,0.1,1.6974425119755812,0.02654488337316616,0.7721565844991641,0.0,-7.0
2022-11-22,514.0,0.0,-1.42,0.0,-1.72,0.0,1.442826135179244,0.022563150867191233,0.7829801036770625,0.0,-6.0
2022-11-23,511.0,0.0,-3.51,0.0,-4.41,0.0,1.2264022149023572,0.019178678237112546,0.7935716089521472,0.0,-3.0
2022-11-24,509.0,0.0,-2.88,0.0,-2.8,0.0,1.0424418826670037,0.016301876501545666,0.8039279618328208,0.0,-2.0
2022-11-25,508.0,0.2,-0.83,0.0,-0.6,0.1,0.9860756002669531,0.01542041136683139,0.8140460935082175,0.0,-1.0
2022-11-26,511.0,0.0,0.13,0.0,0.15,0.0,0.83816426022691,0.013107349661806681,0.8239230057575536,0.35000000000000003,3.0
2022-11-27,509.0,0.4,0.56,1.4,0.95,0.8999999999999999,1.6124396211928733,0.025215594277193863,0.8335557718385695,1.8875,-2.0
2022-11-28,507.0,0.4,0.46,0.7,0.36,0.55,1.9205736780139424,0.030034245008461455,0.8429415373547832,1.0250000000000001,-2.0
2022-11-29,504.0,0.0,0.74,0.1,0.33,0.05,1.6824876263118511,0.026311016427451026,0.8520775211013093,1.3375000000000001,-3.0
2022-11-30,503.0,0.0,1.0,0.0,1.05,0.0,1.4301144823650733,0.02236436396333337,0.8609610158889945,2.5625,-1.0
2022-12-01,500.0,0.0,-0.0,0.0,0.11,0.0,1.2155973100103123,0.019009709368833366,0.8695893893466109,0.1375,-3.0
2022-12-02,501.0,0.0,-2.39,0.0,-3.45,0.0,1.0332577135087655,0.01615825296350836,0.8779600847008883,0.0,1.0
2022-12-03,498.0,2.2,-3.55,2.4,-4.11,2.3,3.1782690564824505,0.049702290850886365,0.8860706215341377,0.0,-3.0
2022-12-04,501.0,0.3,-0.07,2.0,-0.5,1.15,3.8515286980100827,0.06023083513920553,0.893918596519257,0.0,3.0
2022-12-05,497.0,0.0,-1.07,0.4,-1.62,0.2,3.4737993933085702,0.05432384254935985,0.9015016841318838,0.0,-4.0
2022-12-06,498.0,0.6,0.1,0.8,-0.15,0.7,3.6527294843122844,0.057121980550578905,0.9088176373395028,0.0,1.0
2022-12-07,507.0,10.8,0.4,8.9,1.71,9.850000000000001,12.954820061665444,0.2025895930089734,0.9158642882672868,2.6374999999999997,9.0
2022-12-08,516.0,8.0,0.14,17.8,1.03,12.9,23.91159705241563,0.37393346198439475,0.9226395488404875,1.4625,9.0
2022-12-09,507.0,0.4,-3.97,0.4,-6.41,0.4,20.724857494553284,0.32409870804880586,0.9291414114031743,0.0,-9.0
2022-12-10,505.0,0.0,-4.92,0.0,-5.91,0.0,17.61612887037029,0.27548390184148497,0.935367949313148,0.0,-2.0
2022-12-11,506.0,0.0,-5.53,0.0,-6.53,0.0,14.973709539814745,0.23416131656526218,0.941317317512847,0.0,1.0
2022-12-12,509.0,8.6,-2.22,12.3,-2.73,10.45,23.177653108842534,0.3624559266645596,0.946987753076075,0.0,3.0
2022-12-13,525.0,1.7,0.08,1.9,-0.0,1.7999999999999998,21.501005142516153,0.33623623179419204,0.9523775757303973,0.1,16.0
2022-12-14,529.0,4.6,-3.5,1.0,-1.17,2.8,21.075854371138732,0.3295876545595554,0.9574851883550389,0.0,4.0
2022-12-15,518.0,0.0,-8.18,0.0,-7.74,0.0,17.91447621546792,0.2801495063756221,0.9623090774541487,0.0,-11.0
2022-12-16,514.0,0.0,-5.15,5.0,-4.65,2.5,17.727304783147734,0.2772224889322182,0.9668478136052773,0.0,-4.0
2022-12-17,512.0,0.0,-6.64,0.0,-8.2,0.0,15.068209065675573,0.23563911559238546,0.9711000518829505,0.0,-2.0
2022-12-18,510.0,0.0,-4.85,0.0,-2.09,0.0,12.807977705824237,0.20029324825352762,0.9750645322571945,0.0,-2.0
2022-12-19,508.0,0.0,-6.5,0.0,-4.87,0.0,10.886781049950601,0.17024926101549848,0.9787400799669153,0.0,-2.0
2022-12-20,506.0,2.6,0.28,11.6,2.39,7.1,16.353763892458012,0.25574283203992165,0.9821256058680006,3.3375,-2.0
2022-12-21,509.0,4.2,0.86,14.0,4.48,9.1,23.00069930858931,0.3596886942210329,0.9852201067560606,6.675000000000001,3.0
2022-12-22,518.0,1.2,1.03,1.1,3.85,1.15,20.700594412300912,0.32371927800383005,0.9880226656636976,6.1,9.0
2022-12-23,542.0,1.3,1.48,3.1,4.73,2.2,19.795505250455776,0.30956534579464223,0.9905324521322227,7.762500000000001,24.0
2022-12-24,592.0,0.0,-0.65,0.0,-1.32,0.0,16.82617946288741,0.2631305439254459,0.9927487224577402,0.0,50.0
2022-12-25,623.0,0.0,-0.83,0.0,-1.07,0.0,14.302252543454298,0.223660962336629,0.9946708199115211,0.0,31.0
2022-12-26,617.0,3.9,0.88,4.4,1.23,4.15,16.306914661936155,0.2550101961176141,0.9962981749346077,2.6374999999999997,-6.0
2022-12-27,599.0,2.5,3.12,0.1,4.8,1.3,15.160877462645733,0.2370882791267005,0.9976303053065857,9.9,-18.0
2022-12-28,599.0,3.1,1.29,6.0,3.35,4.55,17.436745843248872,0.27267868075124513,0.9986668162884759,5.800000000000001,0.0
2022-12-29,605.0,2.6,2.27,5.5,4.56,4.05,18.87123396676154,0.2951114404295202,0.9994074007397048,8.5375,6.0
2022-12-30,628.0,0.6,2.6,4.0,4.71,2.3,18.34054887174731,0.28681250019699644,0.9998518392091162,9.137500000000001,23.0
2022-12-31,656.0,1.0,3.0,4.8,5.47,2.9,18.489466540985212,0.28914129904245667,1.0,10.587499999999999,28.0
2023-01-01,665.0,4.0,5.63,11.1,7.2,7.55,23.26604655983743,0.36383823789516523,0.9998518392091162,16.0375,9.0
2023-01-02,693.0,2.7,3.45,5.6,6.08,4.15,23.926139575861818,0.3741608803423699,0.9994074007397048,11.912500000000001,28.0
2023-01-03,718.0,0.4,3.36,1.0,4.14,0.7,21.037218639482543,0.3289834626746374,0.998666816288476,9.375,25.0
2023-01-04,728.0,8.3,1.82,12.9,2.24,10.600000000000001,28.481635843560163,0.4454004753683049,0.9976303053065857,5.075000000000001,10.0
2023-01-05,727.0,3.6,0.86,3.4,0.4,3.5,27.70939046702614,0.4333239759811744,0.9962981749346078,1.575,-1.0
2023-01-06,734.0,0.3,-7.17,0.4,-8.51,0.35,23.902981896972218,0.3737987367758097,0.9946708199115211,0.0,7.0
2023-01-07,722.0,0.2,-4.75,0.1,-6.33,0.15000000000000002,20.467534612426384,0.32007465077021463,0.9927487224577402,0.0,-12.0
2023-01-08,681.0,0.1,0.53,1.3,0.37,0.7000000000000001,18.097404420562427,0.28301016753830543,0.9905324521322229,1.125,-41.0
2023-01-09,629.0,1.5,0.72,1.8,0.61,1.65,17.03279375747806,0.2663616120260996,0.9880226656636976,1.6625,-52.0
2023-01-10,600.0,0.0,1.13,0.4,2.74,0.2,14.677874693856351,0.22953500290321982,0.9852201067560606,4.8375,-29.0
2023-01-11,589.0,0.1,1.86,0.1,2.53,0.1,12.576193489777898,0.19666856880825442,0.9821256058680006,5.4875,-11.0
2023-01-12,587.0,1.9,3.16,4.2,4.44,3.05,13.739764466311215,0.21486468187280236,0.9787400799669153,9.5,-2.0
2023-01-13,600.0,5.7,3.97,6.7,5.21,6.2,17.878799796364532,0.27959159270397177,0.9750645322571948,11.475,13.0
2023-01-14,626.0,0.4,3.78,1.8,5.02,1.1,16.29697982690985,0.2548548335440693,0.9711000518829505,10.999999999999998,26.0
2023-01-15,651.0,5.0,3.95,9.0,4.42,7.0,20.85243285287337,0.3260937523486892,0.9668478136052775,10.462500000000002,25.0
2023-01-16,669.0,0.0,2.57,0.0,3.34,0.0,17.724567924942363,0.27717968949638583,0.9623090774541486,7.3875,18.0
2023-01-17,683.0,1.0,2.64,1.4,2.62,1.2,16.265882736201007,0.2543685321581388,0.9574851883550393,6.574999999999999,14.0
2023-01-18,680.0,8.5,1.09,2.1,0.79,5.3,19.126000325770857,0.29909551838184956,0.9523775757303974,2.35,-3.0
2023-01-19,667.0,0.0,0.88,0.0,1.41,0.0,16.257100276905227,0.2542311906245721,0.9469877530760753,2.8625,-13.0
2023-01-20,640.0,0.0,-2.13,0.0,-2.44,0.0,13.818535235369442,0.21609651203088628,0.9413173175128471,0.0,-27.0
2023-01-21,612.0,0.0,-0.42,0.0,-0.88,0.0,11.745754950064025,0.18368203522625334,0.9353679493131483,0.0,-28.0
2023-01-22,599.0,0.0,-1.32,0.0,-1.75,0.0,9.983891707554422,0.15612972994231533,0.9291414114031743,0.0,-13.0
2023-01-23,590.0,0.0,-1.39,0.0,-3.2,0.0,8.486307951421258,0.13271027045096803,0.9226395488404876,0.0,-9.0
2023-01-24,584.0,0.0,0.11,0.0,0.46,0.0,7.21336175870807,0.11280372988332282,0.9158642882672872,0.7125000000000001,-6.0
2023-01-25,578.0,0.0,0.55,0.0,2.48,0.0,6.131357494901859,0.0958831704008244,0.9088176373395029,3.7875000000000005,-6.0
2023-01-26,567.0,0.7,-0.5,1.3,1.62,1.0,6.211653870666581,0.09713885824587651,0.901501684131884,1.4000000000000001,-11.0
2023-01-27,572.0,0.3,0.0,0.2,-0.23,0.25,5.529905790066594,0.08647757036028898,0.893918596519257,0.0,5.0
2023-01-28,574.0,0.0,-0.42,0.0,0.23,0.0,4.7004199215566045,0.07350593480624563,0.886070621534138,0.0,2.0
2023-01-29,576.0,3.6,2.1,2.4,3.48,3.0,6.995356933323114,0.10939453480083608,0.8779600847008882,6.975,2.0
2023-01-30,590.0,1.7,2.58,7.4,3.88,4.55,10.496053393324647,0.1641389980742604,0.869589389346611,8.075,14.0
2023-01-31,635.0,1.1,2.64,3.7,3.11,2.4000000000000004,11.32164538432595,0.17704974053554318,0.8609610158889943,7.1875,45.0
2023-02-01,672.0,6.5,2.79,5.8,2.99,6.15,15.773398576677058,0.24666698439704265,0.8520775211013093,7.2250000000000005,37.0
2023-02-02,690.0,0.6,1.82,0.5,1.69,0.55,13.9573887901755,0.21826792661033295,0.8429415373547828,4.387499999999999,18.0
2023-02-03,699.0,0.0,0.69,0.0,0.58,0.0,11.863780471649175,0.185527737618783,0.8335557718385699,1.5875,9.0
2023-02-04,679.0,0.0,-1.25,0.0,-1.88,0.0,10.084213400901799,0.15769857697596557,0.8239230057575542,0.0,-20.0
2023-02-05,643.0,0.0,-0.93,0.0,-1.75,0.0,8.571581390766529,0.1340437904295707,0.8140460935082178,0.0,-36.0
2023-02-06,613.0,1.0,1.27,0.3,1.54,0.65,7.935844182151549,0.12410202807849935,0.8039279618328213,3.5125,-30.0
2023-02-07,598.0,0.0,1.36,0.0,1.79,0.0,6.745467554828816,0.10548672386672445,0.7935716089521474,3.9375000000000004,-15.0
2023-02-08,591.0,0.0,0.45,0.0,1.85,0.0,5.733647421604494,0.08966371528671578,0.7829801036770629,2.8750000000000004,-7.0
2023-02-09,584.0,0.0,0.13,0.0,1.46,0.0,4.8736003083638195,0.0762141579937084,0.7721565844991642,1.9874999999999998,-7.0
2023-02-10,575.0,0.6,2.71,0.2,3.42,0.4,4.542560262109247,0.07103729965672245,0.7611042586607747,7.6625,-9.0
2023-02-11,577.0,1.8,2.55,2.2,2.52,2.0,5.86117622279286,0.09165803151856562,0.7498264012045686,6.3375,2.0
2023-02-12,596.0,0.1,1.81,0.1,2.09,0.1,5.08199978937393,0.07947314313129834,0.7383263540031065,4.875,19.0
2023-02-13,622.0,0.0,3.4,0.0,3.27,0.0,4.31969982096784,0.06755217166160359,0.7266075247685656,8.3375,26.0
2023-02-14,615.0,0.0,2.89,0.0,2.53,0.0,3.671744847822664,0.05741934591236304,0.7146733860429609,6.775,-7.0
2023-02-15,597.0,0.0,2.27,0.0,2.68,0.0,3.120983120649264,0.04880644402550858,0.702527474169157,6.1875,-18.0
2023-02-16,583.0,0.0,1.85,0.4,2.81,0.2,2.8528356525518745,0.04461311010271745,0.6901733882429719,5.825,-14.0
2023-02-17,575.0,5.6,3.27,8.5,3.9,7.05,9.474910304669093,0.14817019559379896,0.6776147890466889,8.9625,-8.0
2023-02-18,598.0,2.1,4.33,3.5,4.31,2.8,10.853673758968728,0.16973152378922124,0.6648553979642865,10.8,23.0
2023-02-19,627.0,0.0,3.04,0.0,2.9,0.0,9.22562269512342,0.14427179522083808,0.6518989958787126,7.424999999999999,29.0
2023-02-20,660.0,6.6,3.36,9.7,3.43,8.149999999999999,15.991779290854904,0.2500820576898948,0.6387494220515272,8.4875,33.0
2023-02-21,669.0,0.0,2.84,0.0,2.41,0.0,13.593012397226667,0.21256974903641057,0.6254105729852463,6.5625,9.0
2023-02-22,673.0,0.0,-0.03,0.0,-0.81,0.0,11.554060537642666,0.18068428668094896,0.6118864012687243,0.0,4.0
2023-02-23,659.0,0.0,-0.13,0.1,-0.57,0.05,9.870951456996266,0.15436355184906542,0.5981809144059164,0.0,-14.0
2023-02-24,628.0,1.1,2.11,5.2,2.66,3.1500000000000004,11.540308738446827,0.18046923379800925,0.5842981736283683,5.9624999999999995,-31.0
2023-02-25,604.0,3.0,0.9,5.6,0.38,4.3,14.109262427679802,0.22064295137056364,0.5702422926917871,1.6,-24.0
2023-02-26,599.0,0.0,-0.04,0.0,-0.55,0.0,11.992873063527831,0.1875465086649791,0.5560174366570446,0.0,-5.0
2023-02-27,599.0,0.0,-0.97,0.0,-2.04,0.0,10.193942103998657,0.15941453236523223,0.5416278206559814,0.0,0.0
2023-02-28,589.0,0.0,2.24,0.0,2.62,0.0,8.664850788398859,0.1355023525104474,0.5270777086423722,6.075,-10.0
2023-03-01,580.0,0.0,2.26,0.0,2.05,0.0,7.36512317013903,0.11517699963388028,0.5123714121284237,5.387499999999999,-9.0
2023-03-02,577.0,0.0,2.85,0.0,3.12,0.0,6.260354694618175,0.09790044968879824,0.49751328890718066,7.4625,-3.0
2023-03-03,577.0,0.0,3.38,0.0,3.53,0.0,5.321301490425449,0.0832153822354785,0.48250774176121847,8.6375,0.0
2023-03-04,575.0,0.4,1.37,1.4,1.12,0.8999999999999999,5.423106266861632,0.08480742196481493,0.46735921715800227,3.1125000000000003,-2.0
2023-03-05,578.0,0.0,1.14,0.0,0.98,0.0,4.609640326832388,0.07208630867009269,0.45207220393230435,2.6500000000000004,3.0
2023-03-06,572.0,0.9,0.68,1.7,0.39,1.3,5.218194277807529,0.08160297479630728,0.43665123195606403,1.3375000000000001,-6.0
2023-03-07,569.0,1.7,0.18,5.1,0.09,3.4,7.835465136136399,0.12253228415445878,0.4211008707960896,0.3375,-3.0
2023-03-08,580.0,1.0,0.73,4.4,0.36,2.7,9.36014536571594,0.14637548272526454,0.40542572835999735,1.3624999999999998,11.0
2023-03-09,565.0,0.0,0.42,0.0,-0.68,0.0,7.956123560858549,0.12441916031647485,0.38963044953078796,0.0,-15.0
2023-03-10,555.0,0.0,-1.79,0.0,-2.69,0.0,6.762705026729766,0.10575628626900363,0.37371971479046906,0.0,-10.0
2023-03-11,553.0,2.6,-0.74,0.3,-1.01,1.45,7.198299272720301,0.11256818026615793,0.35769823883312546,0.0,-2.0
2023-03-12,564.0,1.5,0.72,0.9,0.88,1.2,7.318554381812256,0.11444874931244517,0.3415707691678556,2.0,11.0
2023-03-13,563.0,3.4,1.36,6.7,2.04,5.05,11.270771224540418,0.17625416211171602,0.3253420847119801,4.25,-1.0
2023-03-14,563.0,1.4,4.75,11.0,6.0,6.2,15.780155540859354,0.24677265090704834,0.30901699437494745,13.4375,0.0
2023-03-15,614.0,0.3,2.97,0.3,3.07,0.3,13.713132209730452,0.21444820229254383,0.29260033563334836,7.55,51.0
2023-03-16,660.0,0.2,2.02,1.6,1.23,0.9,12.556162378270884,0.19635531901332043,0.27609697309746883,4.0625,46.0
2023-03-17,671.0,0.0,2.98,0.0,2.38,0.0,10.67273802153025,0.16690202116132236,0.2595117970697999,6.699999999999999,11.0
2023-03-18,669.0,0.0,5.26,0.0,6.82,0.0,9.071827318300713,0.141866717987124,0.2428497220959356,15.1,-2.0
2023-03-19,652.0,0.0,6.7,0.0,6.58,0.0,7.7110532205556055,0.12058671028905539,0.22611568550828828,16.6,-17.0
2023-03-20,616.0,0.5,5.03,2.6,5.04,1.55,8.104395237472264,0.1267378570237195,0.20931464596304847,12.5875,-36.0
2023-03-21,591.0,0.1,3.44,0.3,2.87,0.2,7.088735951851425,0.11085481115119675,0.19245158197082998,7.887500000000001,-25.0
2023-03-22,581.0,1.5,5.42,3.2,5.05,2.35,8.375425559073712,0.13097627348068028,0.1755314904214282,13.087499999999999,-10.0
2023-03-23,574.0,3.7,6.25,7.7,5.65,5.7,12.819111725212654,0.2004673638680801,0.15855938510313478,14.875,-7.0
2023-03-24,583.0,1.0,6.87,5.1,6.23,3.05,13.946244966430754,0.21809365767365413,0.141540295217043,16.375,9.0
2023-03-25,604.0,0.2,6.55,0.7,5.6,0.44999999999999996,12.30430822146614,0.1924167825549351,0.12447926388678915,15.187499999999998,21.0
2023-03-26,615.0,0.1,5.58,1.0,4.65,0.55,11.008661988246219,0.1721552550445415,0.10738134666416309,12.787500000000001,11.0
2023-03-27,609.0,0.0,2.2,0.7,1.19,0.35,9.707362690009285,0.15180532397967178,0.09025161003104117,4.2375,-6.0
2023-03-28,595.0,0.4,1.08,1.8,0.13,1.1,9.351258286507893,0.14623650512841435,0.07309512989807777,1.5125,-14.0
2023-03-29,584.0,0.0,3.05,0.1,2.28,0.05,7.998569543531708,0.125082937529411,0.055916990100603484,6.6625,-11.0
2023-03-30,575.0,1.3,6.08,2.2,5.74,1.75,8.548784112001952,0.13368728285905693,0.03872228089217446,14.775,-9.0
2023-03-31,566.0,1.3,5.77,2.9,5.17,2.1,9.366466495201658,0.14647433358106748,0.021516097436222254,13.674999999999999,-9.0
2023-04-01,562.0,0.0,3.78,4.5,2.55,2.25,10.21149652092141,0.15968905120555282,0.004303538296244289,7.9125,-4.0
2023-04-02,558.0,0.0,3.9,0.0,2.96,0.0,8.679772042783197,0.1357356935247199,-0.01291029607500882,8.575,-4.0
2023-04-03,558.0,0.0,1.63,0.0,0.68,0.0,7.377806236365718,0.1153753394960119,-0.030120304846908114,2.8875,0.0
2023-04-04,558.0,0.0,1.05,0.0,0.57,0.0,6.27113530091086,0.09806903857161012,-0.04732138832243185,2.0250000000000004,0.0
2023-04-05,557.0,0.0,1.67,0.2,0.54,0.1,5.430465005774231,0.08492249912638618,-0.06450844944931623,2.7625,-1.0
2023-04-06,549.0,0.1,2.71,0.1,1.76,0.1,4.715895254908095,0.07374794059794582,-0.08167639533042241,5.5874999999999995,-8.0
2023-04-07,546.0,0.0,10.63,0.0,10.71,0.0,4.008510966671881,0.06268574950825394,-0.09882013873287143,26.675000000000004,-3.0
2023-04-08,544.0,8.1,7.39,1.6,7.43,4.85,8.257234321671099,0.1291279795971183,-0.11593459959550041,18.525,-2.0
2023-04-09,540.0,0.1,8.05,0.0,7.79,0.05,7.068649173420434,0.11054069082780935,-0.1330147065341959,19.8,-4.0
2023-04-10,536.0,0.0,8.2,0.0,6.46,0.0,6.008351797407369,0.09395958720363795,-0.1500553983446526,18.325,-4.0
2023-04-11,533.0,0.0,11.13,0.0,11.69,0.0,5.107099027796263,0.07986564912309224,-0.16705162550211924,28.525,-3.0
2023-04-12,528.0,0.9,12.09,0.0,13.2,0.45,4.791034173626824,0.0749229752869575,-0.18399835165768005,31.612499999999997,-5.0
2023-04-13,524.0,0.2,10.9,0.3,11.03,0.25,4.322379047582801,0.06759406984520783,-0.20089055513063506,27.4125,-4.0
2023-04-14,521.0,0.0,11.1,0.0,11.18,0.0,3.6740221904453803,0.05745495936842665,-0.21772323039653177,27.85,-3.0
2023-04-15,517.0,0.0,10.64,0.0,10.98,0.0,3.1229188618785733,0.04883671546316265,-0.23449138957040985,27.025000000000002,-4.0
2023-04-16,517.0,0.5,6.43,1.1,6.34,0.8,3.454481032596787,0.054021738867828864,-0.25119006388481935,15.962499999999999,0.0
2023-04-17,516.0,0.0,7.85,0.0,7.43,0.0,2.936308877707269,0.04591847803765453,-0.2678143051621742,19.099999999999998,-1.0
2023-04-18,514.0,1.2,9.19,3.8,8.35,2.5,4.995862546051178,0.07812611484494576,-0.2843591872810034,21.924999999999997,-2.0
2023-04-19,512.0,0.0,10.98,0.0,11.03,0.0,4.246483164143501,0.06640719761820389,-0.30081980763566735,27.512499999999996,-2.0
2023-04-20,517.0,0.0,13.57,0.0,13.39,0.0,3.6095106895219757,0.0564461179754733,-0.3171912885891061,33.7,5.0
2023-04-21,515.0,0.0,9.73,0.0,8.08,0.0,3.068084086093679,0.047979200279152305,-0.3334687789181868,22.262500000000003,-2.0
2023-04-22,513.0,0.0,11.39,0.0,9.48,0.0,2.6078714731796273,0.04078232023727946,-0.3496474552512284,26.087500000000002,-2.0
2023-04-23,511.0,0.0,14.56,0.0,13.96,0.0,2.216690752202683,0.03466497220168754,-0.36572252349726897,35.650000000000006,-2.0
2023-04-24,507.0,2.5,13.09,1.8,11.99,2.15,4.03418713937228,0.0630872776925623,-0.3816892202666588,31.349999999999998,-4.0
2023-04-25,507.0,1.6,9.25,0.8,7.94,1.2000000000000002,4.629059068466438,0.07238998212488885,-0.39754281428255595,21.4875,0.0
2023-04-26,517.0,0.1,7.69,0.0,6.92,0.05,3.9847002081964717,0.06231339297641431,-0.4132786077829042,18.2625,10.0
2023-04-27,514.0,0.0,7.43,0.0,6.82,0.0,3.386995176967001,0.052966384029952164,-0.4288919379124835,17.8125,-3.0
2023-04-28,513.0,0.0,7.84,0.0,5.88,0.0,2.8789459004219506,0.04502142642545934,-0.4443781781046132,17.15,-1.0
2023-04-29,508.0,0.7,10.18,1.1,9.23,0.9,3.3471040153586578,0.05234255952629862,-0.45973273945210397,24.2625,-5.0
2023-04-30,513.0,0.0,8.02,0.0,7.38,0.0,2.845038413054859,0.04449117559735383,-0.47495107206704995,19.25,5.0
2023-05-01,515.0,0.0,9.21,0.0,7.85,0.0,2.41828265109663,0.03781749925775075,-0.49002866642905923,21.325000000000003,2.0
2023-05-02,513.0,0.0,9.53,0.0,8.12,0.0,2.0555402534321354,0.03214487436908814,-0.5049610547215204,22.0625,-2.0
2023-05-03,514.0,0.0,8.59,0.0,6.96,0.0,1.747209215417315,0.027323143213724917,-0.5197438121555155,19.4375,1.0
2023-05-04,514.0,0.1,8.55,0.3,7.33,0.2,1.6851278331047177,0.026352304412701328,-0.5343725582809787,19.85,0.0
2023-05-05,512.0,0.0,6.05,0.0,5.51,0.0,1.43235865813901,0.02239945875079613,-0.548842958284719,14.45,-2.0
2023-05-06,511.0,0.0,7.55,0.0,6.99,0.0,1.2175048594181586,0.01903953993817671,-0.5631507242749186,18.174999999999997,-1.0
2023-05-07,508.0,0.0,9.62,0.0,7.7,0.0,1.0348791305054348,0.016183608947450204,-0.5772916165517272,21.65,-3.0
2023-05-08,507.0,0.0,11.62,0.0,9.62,0.0,0.8796472609296195,0.013756067605332673,-0.5912614448635781,26.549999999999997,-1.0
2023-05-09,503.0,0.0,13.87,0.0,11.29,0.0,0.7477001717901766,0.011692657464532772,-0.6050560696488488,31.449999999999996,-4.0
2023-05-10,498.0,0.0,14.72,0.0,13.81,0.0,0.63554514602165,0.009938758844852855,-0.6186714032625031,35.6625,-5.0
2023-05-11,494.0,0.0,15.12,0.0,12.63,0.0,0.5402133741184025,0.008447945018124927,-0.6321034111873487,34.6875,-4.0
2023-05-12,492.0,0.0,15.85,0.0,15.0,0.0,0.45918136800064213,0.007180753265406187,-0.6453481132295501,38.5625,-2.0
2023-05-13,492.0,0.1,17.02,0.0,17.11,0.05,0.4403041628005458,0.006885548445854047,-0.6584015846980488,42.662499999999994,0.0
2023-05-14,493.0,0.0,18.59,0.0,18.48,0.0,0.3742585383804639,0.00585271617897594,-0.6712599575675313,46.3375,1.0
2023-05-15,492.0,6.0,16.28,9.1,16.54,7.55,7.868119757623394,0.12304294246120658,-0.6839194216246106,41.025,-1.0
2023-05-16,503.0,0.5,12.57,0.9,11.57,0.7,7.387901793979885,0.11553321547564861,-0.6963762255968722,30.175,11.0
2023-05-17,498.0,0.0,11.06,0.0,9.93,0.0,6.279716524882902,0.09820323315430132,-0.7086266782644596,26.237500000000004,-5.0
2023-05-18,494.0,0.0,11.75,0.0,9.99,0.0,5.337759046150467,0.08347274818115612,-0.7206671495538609,27.175000000000004,-4.0
2023-05-19,498.0,0.0,12.52,0.1,10.97,0.05,4.587095189227896,0.07173374412424148,-0.7324940716135789,29.362500000000004,4.0
2023-05-20,499.0,0.0,16.53,0.0,16.7,0.0,3.899030910843712,0.06097368250560526,-0.7441039398713607,41.53750000000001,1.0
2023-05-21,498.0,0.0,17.51,0.0,16.59,0.0,3.314176274217155,0.051827630129764476,-0.7554933140726803,42.625,-1.0
2023-05-22,498.0,0.0,17.57,0.0,15.15,0.0,2.8170498330845817,0.0440534856102998,-0.766658819300159,40.9,0.0
2023-05-23,498.0,0.0,19.37,0.0,18.21,0.0,2.3944923581218944,0.03744546276875483,-0.777597146973627,46.974999999999994,0.0
2023-05-24,498.0,0.0,21.31,0.0,19.44,0.0,2.03531850440361,0.031828643353441606,-0.7883050558305255,50.9375,0.0
2023-05-25,501.0,0.0,17.16,0.0,14.87,0.0,1.7300207287430687,0.027054346850425365,-0.7987793728863649,40.0375,3.0
2023-05-26,504.0,0.0,13.81,0.0,12.2,0.0,1.4705176194316083,0.022996194822861558,-0.8090169943749473,32.512499999999996,3.0
2023-05-27,505.0,0.0,12.97,0.0,10.73,0.0,1.249939976516867,0.019546765599432324,-0.8190148866680801,29.625000000000004,1.0
2023-05-28,506.0,0.0,16.22,0.0,12.28,0.0,1.062448980039337,0.016614750759517478,-0.8287700871745037,35.625,1.0
2023-05-29,505.0,0.0,15.6,0.0,13.51,0.0,0.9030816330334365,0.014122538145589855,-0.8382797052177743,36.3875,-1.0
2023-05-30,506.0,0.0,14.16,0.0,11.85,0.0,0.767619388078421,0.012004157423751377,-0.8475409228928311,32.512499999999996,1.0
2023-05-31,515.0,0.0,14.58,0.0,11.37,0.0,0.6524764798666578,0.01020353381018867,-0.8565509959010036,32.4375,9.0
2023-06-01,506.0,0.0,14.07,0.0,12.34,0.0,0.5546050078866591,0.00867300373866037,-0.865307254363206,33.0125,-9.0
2023-06-02,503.0,0.0,10.22,0.3,8.84,0.15,0.6214142567036602,0.009717777688637678,-0.8738071036110808,23.825000000000003,-3.0
2023-06-03,513.0,0.0,12.11,0.0,10.08,0.0,0.5282021181981111,0.008260111035342025,-0.8820480249558537,27.737499999999997,10.0
2023-06-04,510.0,0.0,14.37,0.0,11.78,0.0,0.44897180046839447,0.007021094380040721,-0.8900275764346767,32.6875,-3.0
2023-06-05,503.0,0.0,15.03,0.0,11.43,0.0,0.3816260303981353,0.005967930223034613,-0.8977433935342337,33.075,-7.0
2023-06-06,501.0,0.0,19.46,0.0,16.6,0.0,0.324382125838415,0.005072740689579421,-0.9051931898913974,45.075,-2.0
2023-06-07,501.0,0.0,19.28,0.0,16.57,0.0,0.2757248069626528,0.004311829586142508,-0.9123747579707273,44.8125,0.0
2023-06-08,502.0,0.0,20.96,0.0,17.83,0.0,0.23436608591825486,0.0036650551482211324,-0.9192859697186104,48.4875,1.0
2023-06-09,501.0,0.0,19.8,0.0,18.61,0.0,0.19921117303051664,0.0031152968759879623,-0.9259247771938498,48.012499999999996,-1.0
2023-06-10,502.0,0.0,16.7,0.0,16.75,0.0,0.16932949707593914,0.002648002344589768,-0.9322892131745133,41.8125,1.0
2023-06-11,502.0,0.0,16.98,0.0,17.1,0.0,0.14393007251454826,0.0022508019929013026,-0.9383773917408641,42.599999999999994,0.0
2023-06-12,500.0,0.0,18.17,0.0,18.19,0.0,0.12234056163736602,0.0019131816939661074,-0.9441875088341993,45.45,-2.0
2023-06-13,497.0,0.0,17.18,0.0,16.2,0.0,0.10398947739176112,0.0016262044398711914,-0.9497178427914316,41.724999999999994,-3.0
2023-06-14,499.0,0.2,19.04,0.0,18.0,0.1,0.18839105578299697,0.0029460901144080895,-0.9549667548552551,46.3,2.0
2023-06-15,499.0,1.6,17.56,4.0,16.93,2.8,2.9601323974155473,0.04629103413173902,-0.9599326896597447,43.1125,0.0
2023-06-16,499.0,0.0,17.81,0.0,15.83,0.0,2.516112537803215,0.039347379011978156,-0.9646141756912435,42.05,0.0
2023-06-17,502.0,15.0,17.05,12.3,16.32,13.65,15.788695657132733,0.24690620264083063,-0.9690098257244062,41.712500000000006,3.0
2023-06-18,504.0,2.9,18.17,5.7,16.38,4.3,17.72039130856282,0.2771143748869618,-0.9731183372332619,43.1875,2.0
2023-06-19,503.0,10.5,16.93,15.6,14.28,13.05,28.112332612278397,0.4396252510914612,-0.9769384927771817,39.0125,-1.0
2023-06-20,502.0,0.0,17.03,0.0,14.69,0.0,23.895482720436636,0.373681463427742,-0.980469160361632,39.65,-1.0
2023-06-21,502.0,1.7,22.38,0.1,21.26,0.9,21.21116031237114,0.33170359097823887,-0.9837092937736097,54.55,0.0
2023-06-22,504.0,0.0,19.31,0.0,17.91,0.0,18.029486265515466,0.281948052331503,-0.986657932891657,46.525,2.0
2023-06-23,503.0,0.0,19.4,0.0,17.53,0.0,15.325063325688145,0.23965584448177754,-0.9893142039703663,46.1625,-1.0
2023-06-24,503.0,0.0,20.03,0.0,18.15,0.0,13.026303826834923,0.2037074678095109,-0.99167731989929,47.725,0.0
2023-06-25,503.0,0.0,20.67,0.0,18.9,0.0,11.072358252809684,0.17315134763808426,-0.993746580436178,49.4625,0.0
2023-06-26,504.0,0.0,19.53,0.0,17.67,0.0,9.41150451488823,0.1471786454923716,-0.9955213724144752,46.5,1.0
2023-06-27,507.0,6.5,17.48,1.0,16.67,3.75,11.749778837654997,0.18374496143792501,-0.9970011699250151,42.68750000000001,3.0
2023-06-28,510.0,0.3,18.42,2.2,17.85,1.25,11.237312012006747,0.17573092147870595,-0.9981855344718586,45.337500000000006,3.0
2023-06-29,517.0,0.0,20.43,0.0,19.86,0.0,9.551715210205735,0.14937128325690008,-0.99907411510223,50.3625,7.0
2023-06-30,517.0,1.0,20.57,4.7,19.62,2.85,10.968957928674874,0.17153435647311596,-0.9996666485105112,50.2375,0.0
2023-07-01,519.0,0.0,19.97,0.0,18.87,0.0,9.323614239373642,0.14580420300214855,-0.9999629591162655,48.550000000000004,2.0
2023-07-02,530.0,7.8,18.35,6.8,17.7,7.3,15.225072103467596,0.23809216540960937,-0.9999629591162655,45.0625,11.0
2023-07-03,531.0,0.0,18.2,0.5,17.21,0.25,13.191311287947457,0.2062878814494619,-0.9996666485105112,44.262499999999996,1.0
2023-07-04,522.0,0.7,17.62,0.7,16.99,0.7,11.912614594755338,0.18629141361566565,-0.99907411510223,43.2625,-9.0
2023-07-05,518.0,0.9,19.82,1.0,19.11,0.95,11.075722405542036,0.17320395680823275,-0.9981855344718586,48.6625,-4.0
2023-07-06,522.0,0.1,18.29,0.4,17.45,0.25,9.66436404471073,0.15113290413829178,-0.9970011699250151,44.675,4.0
2023-07-07,526.0,0.0,19.4,0.0,17.8,0.0,8.214709438004121,0.12846296851754802,-0.9955213724144752,46.5,4.0
2023-07-08,528.0,0.0,18.9,0.0,18.05,0.0,6.9825030223035025,0.10919352323991581,-0.9937465804361781,46.1875,2.0
2023-07-09,531.0,0.0,19.29,0.0,18.19,0.0,5.935127568957977,0.09281449475392844,-0.99167731989929,46.85000000000001,3.0
2023-07-10,531.0,0.0,18.06,0.0,17.62,0.0,5.04485843361428,0.07889232054083917,-0.9893142039703664,44.6,0.0
2023-07-11,531.0,0.0,19.9,0.0,18.4,0.0,4.288129668572138,0.06705847245971329,-0.9866579328916572,47.875,0.0
2023-07-12,527.0,1.6,20.98,0.3,20.44,0.9500000000000001,4.594910218286317,0.07185595682567326,-0.9837092937736098,51.775000000000006,-4.0
2023-07-13,527.0,0.0,20.26,0.0,19.17,0.0,3.905673685543369,0.06107756330182227,-0.9804691603616321,49.28750000000001,0.0
2023-07-14,527.0,0.0,19.91,2.8,18.48,1.4,4.719822632711864,0.073809357573795,-0.9769384927771817,47.9875,0.0
2023-07-15,523.0,0.0,21.56,0.0,20.33,0.0,4.011849237805084,0.06273795393772574,-0.973118337233262,52.3625,-4.0
2023-07-16,522.0,0.0,21.65,0.1,21.34,0.05,3.460071852134321,0.05410916901732567,-0.9690098257244063,53.7375,-1.0
2023-07-17,521.0,0.5,21.55,0.0,20.55,0.25,3.191061074314173,0.04990233451602076,-0.9646141756912435,52.625,-1.0
2023-07-18,530.0,6.6,18.57,0.1,18.38,3.3499999999999996,6.062401913167047,0.09480483174595646,-0.9599326896597445,46.1875,9.0
2023-07-19,528.0,2.2,18.02,0.0,17.47,1.1,6.25304162619199,0.09778608672975633,-0.9549667548552553,44.3625,-2.0
2023-07-20,529.0,0.0,18.1,0.0,17.81,0.0,5.315085382263192,0.08311817372029288,-0.9497178427914317,44.887499999999996,1.0
2023-07-21,534.0,5.1,17.99,1.4,17.5,3.25,7.767822574923713,0.12147447872907019,-0.9441875088341994,44.3625,5.0
2023-07-22,532.0,4.5,16.86,4.7,16.98,4.6,11.202649188685156,0.17518885858351818,-0.9383773917408642,42.300000000000004,-2.0
2023-07-23,536.0,10.3,17.07,6.3,16.7,8.3,17.822251810382383,0.2787072860589493,-0.9322892131745134,42.21249999999999,4.0
2023-07-24,530.0,1.4,19.62,1.4,18.96,1.4,16.548914038825025,0.258794621917353,-0.9259247771938499,48.224999999999994,-6.0
2023-07-25,535.0,6.6,19.15,3.0,18.67,4.8,18.86657693300127,0.29503861297459366,-0.9192859697186105,47.275,5.0
2023-07-26,535.0,0.0,17.86,0.0,17.72,0.0,16.03659039305108,0.2507828210284046,-0.9123747579707274,44.474999999999994,0.0
2023-07-27,536.0,0.2,18.15,0.0,17.84,0.1,13.731101834093415,0.21472921421466148,-0.9051931898913975,44.9875,1.0
2023-07-28,532.0,0.1,17.56,2.1,15.95,1.1,12.771436558979403,0.1997218118281556,-0.8977433935342336,41.887499999999996,-4.0
2023-07-29,534.0,0.0,19.57,0.0,18.47,0.0,10.855721075132491,0.16976354005393224,-0.8900275764346766,47.55,2.0
2023-07-30,533.0,10.3,19.17,12.4,18.16,11.350000000000001,20.57736291386262,0.32179216369458735,-0.8820480249558535,46.662499999999994,-1.0
2023-07-31,532.0,0.0,19.6,1.8,18.52,0.9,18.390758476783223,0.2875976862050574,-0.8738071036110807,47.650000000000006,-1.0
2023-08-01,530.0,5.9,19.1,12.0,18.51,8.95,24.58214470526574,0.3844195957506219,-0.8653072543632061,47.0125,-2.0
2023-08-02,527.0,0.7,19.88,0.2,19.1,0.44999999999999996,21.344822999475877,0.33379382992035767,-0.8565509959010037,48.72500000000001,-3.0
2023-08-03,526.0,6.6,20.11,14.1,18.67,10.35,28.493099549554493,0.44557974667587313,-0.8475409228928312,48.475,-1.0
2023-08-04,530.0,0.0,19.94,0.3,19.3,0.15,24.36913461712132,0.38108850918526854,-0.8382797052177745,49.050000000000004,4.0
2023-08-05,526.0,0.2,19.06,0.0,18.8,0.1,20.81376442455312,0.3254890491479958,-0.828770087174504,47.325,-4.0
2023-08-06,533.0,17.7,23.09,74.2,23.85,45.95,63.641699760870154,0.9952393002436228,-0.8190148866680802,58.675,7.0
2023-08-07,547.0,4.0,18.45,3.8,17.85,3.9,57.995444796739626,0.9069422424872648,-0.8090169943749472,45.375,14.0
2023-08-08,564.0,4.8,16.71,24.5,15.72,14.65,63.94612807722868,1.0,-0.7987793728863648,40.5375,17.0
2023-08-09,539.0,0.2,16.89,13.1,15.57,6.6499999999999995,61.00420886564437,0.9539937866444188,-0.7883050558305253,40.575,-25.0
2023-08-10,542.0,0.0,16.74,5.6,16.02,2.8,54.653577535797716,0.854681576182248,-0.7775971469736268,40.949999999999996,3.0
2023-08-11,543.0,0.0,17.76,0.9,16.08,0.45,46.90554090542806,0.73351651328724,-0.7666588193001592,42.300000000000004,1.0
2023-08-12,545.0,0.0,19.98,0.0,17.22,0.0,39.86970976961385,0.623489036294154,-0.7554933140726804,46.5,2.0
2023-08-13,544.0,0.0,18.64,0.2,18.03,0.1,33.98925330417177,0.5315294971905484,-0.7441039398713608,45.837500000000006,-1.0
2023-08-14,542.0,0.0,20.75,0.0,19.18,0.0,28.890865308546,0.4518000726119661,-0.7324940716135792,49.9125,-2.0
2023-08-15,539.0,0.0,23.38,0.0,24.31,0.0,24.5572355122641,0.3840300617201712,-0.7206671495538615,59.6125,-3.0
2023-08-16,540.0,0.0,22.79,0.0,21.67,0.0,20.873650185424484,0.3264255524621455,-0.7086266782644601,55.575,1.0
2023-08-17,541.0,10.3,20.56,3.2,19.72,6.75,24.49260265761081,0.38301932257776006,-0.6963762255968726,50.35,1.0
2023-08-18,543.0,0.6,21.82,1.0,20.58,0.8,21.61871225896919,0.33807695491523665,-0.6839194216246105,53.0,2.0
2023-08-19,541.0,0.0,24.44,0.0,22.63,0.0,18.37590542012381,0.28736541167795115,-0.6712599575675315,58.8375,-2.0
2023-08-20,538.0,0.0,23.18,0.0,21.64,0.0,15.61951960710524,0.24426059992625848,-0.6584015846980489,56.025,-3.0
2023-08-21,539.0,0.0,20.28,0.0,19.08,0.0,13.276591666039453,0.2076215099373197,-0.64534811322955,49.2,1.0
2023-08-22,536.0,0.0,20.13,0.0,19.49,0.0,11.285102916133534,0.17647828344672173,-0.6321034111873488,49.525,-3.0
2023-08-23,533.0,0.0,20.06,0.0,19.44,0.0,9.592337478713503,0.15000654092971347,-0.6186714032625032,49.375,-3.0
2023-08-24,532.0,0.0,20.01,0.0,19.13,0.0,8.153486856906477,0.12750555979025643,-0.6050560696488494,48.925,-1.0
2023-08-25,528.0,0.0,20.1,0.0,19.21,0.0,6.930463828370505,0.10837972582171797,-0.5912614448635782,49.1375,-4.0
2023-08-26,528.0,4.0,21.15,9.7,20.1,6.85,12.740894254114929,0.19924418627391424,-0.5772916165517278,51.5625,0.0
2023-08-27,527.0,2.6,19.82,3.9,19.01,3.25,14.07976011599769,0.22018158939964835,-0.5631507242749187,48.537499999999994,-1.0
2023-08-28,531.0,20.9,18.89,15.9,17.6,18.4,30.367796098598035,0.47489655764493516,-0.5488429582847199,45.612500000000004,4.0
2023-08-29,527.0,10.4,17.18,5.0,16.05,7.7,33.51262668380833,0.5240759322180483,-0.5343725582809785,41.53750000000001,-4.0
2023-08-30,531.0,17.2,18.8,35.7,17.9,26.450000000000003,54.935732681237084,0.8590939644522401,-0.5197438121555157,45.875,4.0
2023-08-31,534.0,5.1,18.02,4.0,17.47,4.55,51.245372779051515,0.8013835132779537,-0.5049610547215202,44.3625,3.0
2023-09-01,548.0,11.3,15.96,26.8,15.59,19.05,62.60856686219378,0.9790829991548589,-0.4900286664290594,39.4375,14.0
2023-09-02,555.0,2.3,17.95,8.0,17.19,5.15,58.36728183286471,0.9127570908182852,-0.4749510720670502,43.925,7.0
2023-09-03,570.0,0.6,17.54,0.0,17.12,0.3,49.912189557935,0.7805349762170951,-0.4597327394521046,43.324999999999996,15.0
2023-09-04,575.0,0.0,17.9,0.0,17.4,0.0,42.42536112424475,0.6634547297845308,-0.44437817810461344,44.125,5.0
2023-09-05,560.0,0.0,19.17,0.0,18.82,0.0,36.06155695560804,0.5639365203168513,-0.4288919379124841,47.487500000000004,-15.0
2023-09-06,543.0,0.0,19.3,0.0,18.8,0.0,30.652323412266835,0.47934604226932354,-0.41327860778290443,47.625,-17.0
2023-09-07,536.0,0.0,17.02,0.0,15.88,0.0,26.054474900426808,0.407444135928925,-0.3975428142825566,41.125,-7.0
2023-09-08,530.0,0.0,18.32,0.0,15.84,0.0,22.146303665362787,0.34632751553958624,-0.3816892202666586,42.699999999999996,-6.0
2023-09-09,526.0,0.0,19.08,0.0,17.15,0.0,18.82435811555837,0.2943783882086483,-0.3657225234972692,45.287499999999994,-4.0
2023-09-10,522.0,0.0,20.55,0.0,18.5,0.0,16.000704398224613,0.25022162997735103,-0.34964745525122826,48.8125,-4.0
2023-09-11,520.0,0.0,20.29,0.0,18.22,0.0,13.600598738490921,0.2126883854807484,-0.33346877891818705,48.137499999999996,-2.0
2023-09-12,519.0,0.0,20.66,0.0,18.45,0.0,11.560508927717283,0.18078512765863614,-0.31719128858910595,48.8875,-1.0
2023-09-13,519.0,2.4,21.9,6.3,19.88,4.35,14.17643258855969,0.22169336932235528,-0.300819807635668,52.225,0.0
2023-09-14,521.0,0.0,17.4,0.0,16.08,0.0,12.049967700275737,0.18843936392400198,-0.2843591872810036,41.849999999999994,2.0
2023-09-15,528.0,0.0,15.76,0.0,14.06,0.0,10.242472545234376,0.1601734593354017,-0.26781430516217486,37.275,7.0
2023-09-16,523.0,0.0,16.59,0.0,15.46,0.0,8.70610166344922,0.13614744043509144,-0.25119006388481957,40.0625,-5.0
2023-09-17,518.0,0.0,17.1,0.0,16.04,0.0,7.400186413931836,0.11572532436982771,-0.23449138957041052,41.425,-5.0
2023-09-18,516.0,0.0,18.34,0.0,18.09,0.0,6.290158451842061,0.09836652571435356,-0.21772323039653224,45.5375,-2.0
2023-09-19,520.0,2.6,18.24,4.8,18.13,3.7,9.04663468406575,0.14147275145635083,-0.20089055513063528,45.4625,4.0
2023-09-20,519.0,0.1,17.83,0.2,17.58,0.15000000000000002,7.8396394814558885,0.12259756324867459,-0.18399835165767986,44.262499999999996,-1.0
2023-09-21,509.0,0.0,18.91,0.0,19.41,0.0,6.6636935592375055,0.1042079287613734,-0.1670516255021195,47.9,-10.0
2023-09-22,508.0,0.3,19.46,0.2,20.24,0.25,5.91413952535188,0.09248628029846133,-0.15005539834465262,49.625,-1.0
2023-09-23,512.0,10.3,16.96,5.5,16.57,7.9,12.927018596549098,0.2021548291545807,-0.13301470653419636,41.9125,4.0
2023-09-24,519.0,0.3,16.87,0.0,16.6,0.15,11.137965807066733,0.17417732929216995,-0.11593459959550066,41.8375,7.0
2023-09-25,519.0,0.0,16.1,0.0,14.8,0.0,9.467270936006722,0.14805072989834442,-0.09882013873287211,38.625,0.0
2023-09-26,514.0,0.0,16.31,0.0,15.99,0.0,8.047180295605713,0.12584312041359275,-0.08167639533042288,40.375,-5.0
2023-09-27,518.0,0.0,19.14,0.0,18.08,0.0,6.840103251264856,0.10696665235155384,-0.06450844944931625,46.525,4.0
2023-09-28,517.0,0.0,19.32,0.0,18.57,0.0,5.814087763575127,0.09092165449882075,-0.04732138832243232,47.3625,-1.0
2023-09-29,517.0,0.1,18.84,0.4,17.93,0.25,5.191974599038858,0.08119294717529157,-0.03012030484690836,45.96249999999999,0.0
2023-09-30,523.0,4.2,17.29,5.7,16.8,4.95,9.363178409183028,0.14642291395461787,-0.012910296075008843,42.612500000000004,6.0
2023-10-01,528.0,0.0,15.93,0.0,15.5,0.0,7.958701647805574,0.12445947686142518,0.004303538296243821,39.2875,5.0
2023-10-02,532.0,0.5,16.04,0.2,16.34,0.35,7.114896400634738,0.11126391252402291,0.021516097436222233,40.474999999999994,4.0
2023-10-03,531.0,0.0,18.06,2.4,18.37,1.2,7.247661940539527,0.1133401217316304,0.03872228089217399,45.5375,-1.0
2023-10-04,548.0,4.2,15.33,3.0,15.03,3.6,9.760512649458597,0.15263649173051858,0.05591699010060302,37.95,17.0
2023-10-05,555.0,10.6,13.66,19.1,13.61,14.850000000000001,23.146435752039807,0.3619677445378009,0.07309512989807776,34.0875,7.0
2023-10-06,557.0,1.8,13.24,7.6,13.16,4.7,24.374470389233835,0.38117195086145683,0.0902516100310407,33.0,2.0
2023-10-07,572.0,1.5,12.7,1.1,12.23,1.3,22.01829983084876,0.3443257706589668,0.10738134666416306,31.1625,15.0
2023-10-08,580.0,1.9,9.39,2.3,9.03,2.0999999999999996,20.815554856221446,0.3255170482109909,0.12447926388678869,23.025000000000002,8.0
2023-10-09,590.0,0.2,9.84,0.2,9.66,0.2,17.89322162778823,0.2798171236603774,0.141540295217043,24.375,10.0
2023-10-10,582.0,4.1,10.23,2.7,10.9,3.4,18.609238383619992,0.29101431068891837,0.15855938510313475,26.4125,-8.0
2023-10-11,570.0,3.5,12.2,5.9,13.71,4.7,20.517852626076994,0.3208615320899067,0.17553149042142777,32.3875,-12.0
2023-10-12,565.0,2.5,13.03,0.5,13.2,1.5,18.940174732165445,0.29618954738418435,0.19245158197082995,32.787499999999994,-5.0
2023-10-13,568.0,1.0,12.38,3.4,12.74,2.2,18.299148522340626,0.28616507476794334,0.20931464596304888,31.400000000000002,3.0
2023-10-14,569.0,4.7,13.27,2.7,14.55,3.7,19.254276243989533,0.30110151815190217,0.22611568550828803,34.775,1.0
2023-10-15,584.0,10.3,10.53,1.4,11.01,5.8500000000000005,22.216134807391104,0.3474195463493951,0.2428497220959358,26.924999999999997,15.0
2023-10-16,588.0,0.0,10.13,0.0,9.85,0.0,18.883714586282437,0.2953066143969858,0.25951179706979943,24.975,4.0
2023-10-17,607.0,1.8,10.68,0.5,10.81,1.15,17.20115739834007,0.26899451015339004,0.27609697309746883,26.862500000000004,19.0
2023-10-18,605.0,1.4,9.34,1.3,8.83,1.35,15.970983788589058,0.2497568542273688,0.2926003356333479,22.712500000000002,-2.0
2023-10-19,593.0,0.0,3.72,0.0,2.88,0.0,13.575336220300699,0.21229332609326346,0.30901699437494723,8.25,-12.0
2023-10-20,576.0,0.0,3.78,0.0,3.27,0.0,11.539035787255594,0.18044932717927395,0.3253420847119795,8.8125,-17.0
2023-10-21,566.0,11.6,5.88,17.3,5.41,14.45,24.258180419167253,0.3793533893071726,0.341570769167856,14.112499999999999,-10.0
2023-10-22,570.0,0.0,8.15,0.0,8.53,0.0,20.619453356292166,0.32245038091109673,0.35769823883312546,20.85,4.0
2023-10-23,579.0,1.7,9.4,0.6,10.15,1.15,18.67653535284834,0.29206671169038434,0.3737197147904692,24.4375,9.0
2023-10-24,578.0,0.0,8.39,1.1,9.31,0.55,16.425055049921088,0.25685769480967335,0.38963044953078774,22.125000000000004,-1.0
2023-10-25,567.0,8.2,6.79,6.1,6.04,7.1499999999999995,21.111296792432924,0.33014190893522904,0.4054257283599973,16.0375,-11.0
2023-10-26,561.0,0.5,3.54,2.0,2.66,1.25,19.194602273567984,0.30016832685141437,0.42110087079608916,7.75,-6.0
2023-10-27,562.0,0.0,2.07,0.1,1.73,0.05,16.365411932532787,0.255924985993961,0.4366512319560638,4.75,1.0
2023-10-28,561.0,0.0,2.39,0.0,1.51,0.0,13.910600142652868,0.21753623809486686,0.45207220393230374,4.875,-1.0
2023-10-29,555.0,6.7,3.73,3.9,2.2,5.3,17.124010121254937,0.26778806842806835,0.46735921715800205,7.4125,-6.0
2023-10-30,550.0,1.3,8.42,7.9,10.17,4.6000000000000005,19.155408603066697,0.29955540982766665,0.48250774176121763,23.2375,-5.0
2023-10-31,549.0,2.0,9.01,3.8,10.75,2.9,19.18209731260669,0.2999727722285263,0.4975132889071803,24.699999999999996,-1.0
2023-11-01,565.0,1.4,8.07,1.8,8.53,1.6,17.904782715715687,0.2799979178425286,0.5123714121284235,20.75,16.0
2023-11-02,576.0,0.0,7.58,0.0,8.07,0.0,15.219065308358333,0.2379982301661493,0.5270777086423724,19.5625,11.0
2023-11-03,577.0,5.5,9.29,11.3,10.06,8.4,21.336205512104584,0.3336590682447033,0.5416278206559811,24.1875,1.0
2023-11-04,574.0,4.0,8.71,5.4,9.7,4.7,22.835774685288897,0.35710957601232396,0.5560174366570446,23.0125,-3.0
2023-11-05,584.0,0.0,7.22,0.0,7.2,0.0,19.410408482495562,0.30354313961047535,0.5702422926917867,18.025,10.0
2023-11-06,605.0,12.2,9.07,6.9,9.87,9.55,26.048847210121227,0.4073561291883326,0.5842981736283683,23.674999999999997,21.0
2023-11-07,618.0,4.0,8.69,17.0,10.08,10.5,32.64152012860304,0.5104534255644282,0.5981809144059159,23.4625,13.0
2023-11-08,647.0,15.8,7.9,16.8,8.8,16.3,44.045292109312584,0.6887874752341289,0.6118864012687242,20.875000000000004,29.0
2023-11-09,697.0,8.6,8.17,4.6,8.75,6.6,44.0384982929157,0.6886812324231697,0.6254105729852457,21.150000000000002,50.0
2023-11-10,765.0,0.2,7.97,0.7,7.8,0.44999999999999996,37.88272354897835,0.5924162210920234,0.6387494220515268,19.7125,68.0
2023-11-11,821.0,3.7,6.86,0.7,6.7,2.2,34.400315016631595,0.5379577474196066,0.6518989958787125,16.95,56.0
2023-11-12,810.0,4.0,6.98,2.4,7.03,3.2,32.440267764136856,0.507306208203228,0.6648553979642867,17.512500000000003,-11.0
2023-11-13,763.0,0.7,7.03,10.2,6.2,5.449999999999999,33.02422759951632,0.5164382675309517,0.6776147890466887,16.5375,-47.0
2023-11-14,709.0,0.6,4.44,0.0,3.84,0.3,28.370593459588875,0.44366397642286165,0.690173388242972,10.350000000000001,-54.0
2023-11-15,654.0,0.0,3.21,0.0,2.11,0.0,24.115004440650544,0.3771143799594324,0.7025274741691566,6.65,-55.0
2023-11-16,613.0,0.0,2.57,0.0,1.17,0.0,20.49775377455296,0.3205472229655175,0.7146733860429608,4.675,-41.0
2023-11-17,587.0,0.0,1.62,0.0,0.73,0.0,17.423090708370015,0.27246513952068985,0.726607524768565,2.9375,-26.0
2023-11-18,573.0,0.0,0.98,0.2,-0.04,0.1,14.909627102114513,0.23315918493310395,0.7383263540031063,1.1749999999999998,-14.0
2023-11-19,562.0,0.0,1.25,0.0,-0.16,0.0,12.673183036797335,0.19818530719313834,0.749826401204568,1.3625,-11.0
2023-11-20,549.0,0.0,0.81,0.0,0.28,0.0,10.772205581277735,0.1684575111141676,0.7611042586607742,1.3625,-13.0
2023-11-21,541.0,0.0,-1.85,0.0,-1.48,0.0,9.156374744086074,0.14318888444704245,0.7721565844991641,0.0,-8.0
2023-11-22,542.0,0.2,-0.65,2.0,-1.16,1.1,8.882918532473163,0.13891253152567942,0.7829801036770625,0.0,1.0
2023-11-23,568.0,10.6,5.22,19.6,6.84,15.100000000000001,22.65048075260219,0.3542119192149816,0.7935716089521472,15.075,26.0
2023-11-24,604.0,2.1,4.16,2.1,4.5,2.1,21.35290863971186,0.3339202744836034,0.8039279618328208,10.825,36.0
2023-11-25,660.0,0.5,0.08,0.5,-0.67,0.5,18.64997234375508,0.2916513150136508,0.8140460935082175,0.0,56.0
2023-11-26,683.0,1.2,-2.9,0.9,-4.47,1.05,16.90247649219182,0.26432368933703776,0.8239230057575536,0.0,23.0
2023-11-27,674.0,0.0,-4.36,0.0,-5.71,0.0,14.367105018363047,0.22467513593648208,0.8335557718385695,0.0,-9.0
2023-11-28,652.0,3.8,-1.51,13.5,-1.33,8.65,20.86203926560859,0.3262439790007801,0.8429415373547832,0.0,-22.0
2023-11-29,605.0,0.2,-2.85,2.7,-4.38,1.4500000000000002,19.182733375767302,0.299982719088168,0.8520775211013093,0.0,-47.0
2023-11-30,574.0,3.7,-3.03,2.6,-3.65,3.1500000000000004,19.45532336940221,0.3042455259512465,0.8609610158889945,0.0,-31.0
2023-12-01,567.0,2.1,-0.55,1.6,0.3,1.85,18.38702486399188,0.2875392993581347,0.8695893893466109,0.0,-7.0
2023-12-02,556.0,0.1,-1.41,0.0,-2.13,0.05,15.678971134393098,0.2451903126246733,0.8779600847008883,0.0,-11.0
2023-12-03,551.0,2.9,-2.35,2.2,-2.01,2.55,15.877125464234133,0.2482890824141705,0.8860706215341377,0.0,-5.0
2023-12-04,550.0,20.0,-0.55,11.0,-0.37,15.5,28.995556644599013,0.45343725283226927,0.893918596519257,0.0,-1.0
2023-12-05,546.0,0.3,-1.73,0.0,-1.67,0.15,24.79622314790916,0.3877673894182052,0.9015016841318838,0.0,-4.0
2023-12-06,539.0,0.0,-4.82,0.0,-5.45,0.0,21.076789675722786,0.32960228100547445,0.9088176373395028,0.0,-7.0
2023-12-07,536.0,0.1,-2.4,0.6,-2.77,0.35,18.26527122436437,0.2856352960464648,0.9158642882672868,0.0,-3.0
2023-12-08,532.0,0.0,-4.36,0.3,-4.69,0.15,15.675480540709714,0.24513572615027146,0.9226395488404875,0.0,-4.0
2023-12-09,525.0,0.0,-3.84,0.0,-4.15,0.0,13.324158459603256,0.20836536722773072,0.9291414114031743,0.0,-7.0
2023-12-10,520.0,0.0,-1.62,0.4,-1.79,0.2,11.525534690662766,0.18023819482460626,0.935367949313148,0.0,-5.0
2023-12-11,517.0,2.0,-0.37,2.1,-0.62,2.05,11.846704487063352,0.18526070058152563,0.941317317512847,0.0,-3.0
2023-12-12,518.0,0.1,0.35,0.1,0.07,0.1,10.16969881400385,0.15903541183481437,0.946987753076075,0.525,1.0
2023-12-13,518.0,0.5,0.46,0.2,0.34,0.35,8.994243991903272,0.1406534572514037,0.9523775757303973,1.0,0.0
2023-12-14,516.0,0.0,-1.18,0.0,0.06,0.0,7.64510739311778,0.11955543866369316,0.9574851883550389,0.0,-2.0
2023-12-15,516.0,2.7,0.79,3.5,1.48,3.1,9.598341284150113,0.15010042942018406,0.9623090774541487,2.8375,0.0
2023-12-16,518.0,0.8,3.72,0.5,5.53,0.65,8.808590091527597,0.1377501712205207,0.9668478136052773,11.5625,2.0
2023-12-17,555.0,1.2,5.17,1.3,6.92,1.25,8.737301577798457,0.1366353497939123,0.9711000518829505,15.1125,37.0
2023-12-18,629.0,4.0,4.76,2.7,6.15,3.35,10.776706341128689,0.16852789473216426,0.9750645322571945,13.6375,74.0
2023-12-19,671.0,7.8,5.26,3.3,6.23,5.55,14.710200389959386,0.23004051742106513,0.9787400799669153,14.3625,42.0
2023-12-20,702.0,2.9,3.82,9.4,4.61,6.15,18.653670331465477,0.2917091447497363,0.9821256058680006,10.5375,31.0
2023-12-21,731.0,6.3,3.43,11.5,4.02,8.9,24.755619781745658,0.3871324273433402,0.9852201067560606,9.3125,29.0
2023-12-22,760.0,3.8,2.48,12.6,3.17,8.2,29.24227681448381,0.4572955031642804,0.9880226656636976,7.0625,29.0
2023-12-23,796.0,1.3,2.12,1.1,2.54,1.2000000000000002,26.055935292311236,0.4074669737758493,0.9905324521322227,5.825,36.0
2023-12-24,818.0,2.1,1.62,2.8,1.73,2.45,24.59754499846455,0.38466042805215245,0.9927487224577402,4.1875,22.0
2023-12-25,819.0,8.9,5.54,6.7,5.85,7.800000000000001,28.70791324869487,0.4489390384047006,0.9946708199115211,14.2375,1.0
2023-12-26,810.0,6.3,3.98,6.7,4.1,6.5,30.90172626139064,0.483246244777638,0.9962981749346077,10.1,-9.0
2023-12-27,806.0,0.2,3.61,0.0,3.44,0.1,26.366467322182043,0.41232312440150987,0.9976303053065857,8.8125,-4.0
2023-12-28,810.0,0.1,2.78,0.6,3.35,0.35,22.761497223854736,0.3559480129330949,0.9986668162884759,7.6625,4.0
2023-12-29,802.0,3.2,4.29,4.5,6.09,3.85,23.197272640276527,0.36276274010305737,0.9994074007397048,12.974999999999998,-8.0
2023-12-30,782.0,4.9,4.4,2.7,5.15,3.8000000000000003,23.51768174423505,0.3677733500272667,0.9998518392091162,11.9375,-20.0
2023-12-31,767.0,0.7,2.81,0.4,2.3,0.55,20.540029482599792,0.32120833739602334,1.0,6.387499999999999,-15.0
2024-01-01,764.0,1.4,0.03,0.7,-0.83,1.0499999999999998,18.509025060209822,0.2894471583620544,0.9998518392091162,0.0,-3.0
2024-01-02,756.0,0.0,-4.74,0.0,-6.53,0.0,15.732671301178348,0.24603008460774622,0.9994074007397048,0.0,-8.0
2024-01-03,719.0,0.0,-7.5,0.0,-9.1,0.0,13.372770606001595,0.20912557191658426,0.998666816288476,0.0,-37.0
2024-01-04,681.0,3.2,-9.9,3.8,-11.41,3.5,14.866855015101356,0.23249030804721182,0.9976303053065857,0.0,-38.0
2024-01-05,642.0,0.7,-5.95,0.7,-7.33,0.7,13.336826762836152,0.20856347622375307,0.9962981749346078,0.0,-39.0
2024-01-06,622.0,0.0,-5.44,0.0,-6.4,0.0,11.336302748410729,0.1772789547901901,0.9946708199115211,0.0,-20.0
2024-01-07,622.0,0.0,-15.25,0.0,-16.18,0.0,9.635857336149119,0.15068711157166156,0.9927487224577402,0.0,0.0
2024-01-08,606.0,0.0,-12.24,0.0,-11.51,0.0,8.190478735726751,0.12808404483591235,0.9905324521322229,0.0,-16.0
2024-01-09,596.0,0.7,1.24,0.4,1.13,0.55,7.511906925367738,0.11747242798337215,0.9880226656636976,2.9625000000000004,-10.0
2024-01-10,588.0,0.0,2.0,0.0,2.11,0.0,6.385120886562577,0.09985156378586632,0.9852201067560606,5.137499999999999,-8.0
2024-01-11,580.0,0.0,0.67,0.0,0.8,0.0,5.42735275357819,0.08487382921798638,0.9821256058680006,1.8375000000000004,-8.0
2024-01-12,573.0,1.5,-0.29,1.0,-0.18,1.25,5.863249840541461,0.09169045909175812,0.9787400799669153,0.0,-7.0
2024-01-13,565.0,0.7,-3.35,3.7,-3.67,2.2,7.183762364460242,0.11234084971938109,0.9750645322571948,0.0,-8.0
2024-01-14,562.0,4.2,1.05,2.3,1.23,3.25,9.356198009791207,0.14631375332829516,0.9711000518829505,2.8500000000000005,-3.0
2024-01-15,563.0,1.6,0.27,7.9,0.87,4.75,12.702768308322526,0.19864796650363578,0.9668478136052775,1.4250000000000003,1.0
2024-01-16,564.0,4.9,-4.97,8.3,-5.21,6.6000000000000005,17.397353062074146,0.27206265000225044,0.9623090774541486,0.0,1.0
2024-01-17,557.0,0.0,-7.29,0.0,-6.35,0.0,14.787750102763024,0.23125325250191286,0.9574851883550393,0.0,-7.0
2024-01-18,554.0,0.0,-1.57,0.5,-0.7,0.25,12.81958758734857,0.20047480547791988,0.9523775757303974,0.0,-3.0
2024-01-19,552.0,6.9,-0.78,3.2,0.88,5.050000000000001,15.946649449246285,0.24937630985236953,0.9469877530760753,0.12499999999999997,-2.0
2024-01-20,556.0,5.8,-1.64,3.4,-1.41,4.6,18.154652031859342,0.2839054150383226,0.9413173175128471,0.0,4.0
2024-01-21,555.0,0.0,-1.45,0.0,-1.55,0.0,15.43145422708044,0.2413196027825742,0.9353679493131483,0.0,-1.0
2024-01-22,551.0,2.8,1.16,6.1,1.81,4.449999999999999,17.566736093018374,0.2747114895182202,0.9291414114031743,3.7124999999999995,-4.0
2024-01-23,559.0,0.1,2.16,0.0,3.82,0.05,14.981725679065619,0.23428667426074598,0.9226395488404876,7.4750000000000005,8.0
2024-01-24,606.0,6.9,2.7,15.5,3.51,11.2,23.934466827205775,0.37429110325960263,0.9158642882672872,7.7625,47.0
2024-01-25,673.0,0.8,1.98,2.6,2.16,1.7000000000000002,22.044296803124908,0.34473231555946104,0.9088176373395029,5.175000000000001,67.0
2024-01-26,748.0,0.3,0.02,1.0,0.19,0.65,19.38765228265617,0.3031872744389061,0.901501684131884,0.2625,75.0
2024-01-27,805.0,1.1,0.97,1.4,1.15,1.25,17.729504440257745,0.2772568875295399,0.893918596519257,2.6500000000000004,57.0
2024-01-28,789.0,0.0,1.7,0.0,2.64,0.0,15.070078774219082,0.2356683544001089,0.886070621534138,5.425,-16.0
2024-01-29,734.0,0.0,0.84,0.0,2.04,0.0,12.80956695808622,0.20031810124009256,0.8779600847008882,3.5999999999999996,-55.0
2024-01-30,687.0,0.0,0.45,0.0,1.8,0.0,10.888131914373288,0.17027038605407868,0.869589389346611,2.8125,-47.0
2024-01-31,661.0,0.1,1.97,0.8,3.26,0.45,9.704912127217293,0.15176700167829596,0.8609610158889943,6.5375,-26.0
2024-02-01,660.0,0.1,2.6,1.9,3.23,1.0,9.2491753081347,0.14464011483172734,0.8520775211013093,7.2875,-1.0
2024-02-02,671.0,2.0,2.01,4.7,2.84,3.35,11.211799011914493,0.17533194501430702,0.8429415373547828,6.0625,11.0
2024-02-03,681.0,0.0,4.36,0.1,4.7,0.05,9.580029160127319,0.14981406143241977,0.8335557718385699,11.325000000000001,10.0
2024-02-04,698.0,2.5,3.59,3.5,3.8,3.0,11.14302478610822,0.17425644243308408,0.8239230057575542,9.237499999999999,17.0
2024-02-05,703.0,1.2,2.63,0.3,2.85,0.75,10.221571068191988,0.1598465986220033,0.8140460935082178,6.8500000000000005,5.0
2024-02-06,694.0,8.1,1.08,4.9,0.56,6.5,15.188335407963189,0.23751767096234525,0.8039279618328213,2.0500000000000003,-9.0
2024-02-07,692.0,0.0,0.43,0.0,0.02,0.0,12.91008509676871,0.20189002031799347,0.7935716089521474,0.5625,-2.0
2024-02-08,684.0,1.6,-0.51,3.0,-0.05,2.3,13.273572332253405,0.20757429310219871,0.7829801036770629,0.0,-8.0
2024-02-09,664.0,0.4,-0.45,0.6,-0.91,0.5,11.782536482415393,0.18425723083945678,0.7721565844991642,0.0,-20.0
2024-02-10,641.0,7.6,-0.08,5.6,-0.88,6.6,16.615156010053084,0.2598305246876983,0.7611042586607747,0.0,-23.0
2024-02-11,629.0,0.4,1.16,0.4,1.15,0.4,14.522882608545121,0.22711121134661386,0.7498264012045686,2.8874999999999993,-12.0
2024-02-12,635.0,1.2,2.38,2.6,2.64,1.9,14.244450217263353,0.22275704011445574,0.7383263540031065,6.2749999999999995,6.0
2024-02-13,656.0,0.8,2.2,1.8,2.68,1.3,13.407782684673851,0.2096730965240159,0.7266075247685656,6.100000000000001,21.0
2024-02-14,668.0,0.0,2.26,0.0,3.31,0.0,11.396615281972773,0.17822213204541348,0.7146733860429609,6.9625,12.0
2024-02-15,668.0,2.8,2.94,2.2,4.36,2.5,12.187122989676856,0.19058422075154088,0.702527474169157,9.125,0.0
2024-02-16,657.0,0.0,5.0,1.0,7.29,0.5,10.859054541225328,0.16981566934139763,0.6901733882429719,15.362499999999999,-11.0
2024-02-17,654.0,2.6,3.05,4.9,3.5,3.75,12.980196360041528,0.2029864317095971,0.6776147890466889,8.1875,-3.0
2024-02-18,653.0,0.0,1.42,0.0,1.29,0.0,11.0331669060353,0.17253846695315753,0.6648553979642865,3.3875,-1.0
2024-02-19,650.0,1.3,1.41,2.5,0.99,1.9,11.278191870130005,0.17637020738001785,0.6518989958787126,3.0,-3.0
2024-02-20,639.0,0.2,1.27,0.2,0.88,0.2,9.786463089610503,0.15304230895405033,0.6387494220515272,2.6875,-11.0
2024-02-21,621.0,5.6,2.82,6.0,3.18,5.8,14.118493626168927,0.2207873103609622,0.6254105729852463,7.5,-18.0
2024-02-22,617.0,0.1,4.51,0.1,5.67,0.1,12.100719582243588,0.18923303014733545,0.6118864012687243,12.725,-4.0
2024-02-23,621.0,3.4,5.05,5.0,5.22,4.2,14.485611644907049,0.22652836192697332,0.5981809144059164,12.837499999999999,4.0
2024-02-24,625.0,3.9,4.93,7.6,5.17,5.75,18.06276989817099,0.282468547217688,0.5842981736283683,12.625,4.0
2024-02-25,628.0,1.0,5.11,0.3,5.64,0.65,16.00335441344534,0.250263071348399,0.5702422926917871,13.4375,3.0
2024-02-26,628.0,0.0,4.26,0.3,5.01,0.15,13.752851251428538,0.21506933515691548,0.5560174366570446,11.587499999999999,0.0
2024-02-27,618.0,5.6,5.91,0.0,6.52,2.8,14.489923563714257,0.22659579241787028,0.5416278206559814,15.5375,-10.0
2024-02-28,611.0,2.2,4.12,0.8,3.89,1.5,13.816435029157118,0.2160636686629534,0.5270777086423722,10.0125,-7.0
2024-02-29,606.0,0.0,3.41,0.0,2.96,0.0,11.74396977478355,0.18365411836351037,0.5123714121284237,7.9625,-5.0
2024-03-01,598.0,0.0,6.52,0.0,7.61,0.0,9.982374308566017,0.15610600060898383,0.49751328890718066,17.662499999999998,-8.0
2024-03-02,590.0,0.0,6.19,0.0,6.79,0.0,8.485018162281115,0.13269010051763624,0.48250774176121847,16.225,-8.0
2024-03-03,580.0,0.0,5.74,0.0,6.29,0.0,7.212265437938948,0.11278658543999082,0.46735921715800227,15.037500000000001,-10.0
2024-03-04,571.0,0.0,3.84,0.0,3.24,0.0,6.130425622248105,0.09586859762399219,0.45207220393230435,8.85,-9.0
2024-03-05,563.0,0.0,4.17,0.0,3.9,0.0,5.210861778910889,0.08148830798039335,0.43665123195606403,10.0875,-8.0
2024-03-06,559.0,0.0,2.53,0.0,1.72,0.0,4.429232512074256,0.06926506178333434,0.4211008707960896,5.3125,-4.0
2024-03-07,556.0,0.0,1.23,0.0,0.27,0.0,3.7648476352631173,0.05887530251583419,0.40542572835999735,1.875,-3.0
2024-03-08,553.0,0.0,0.26,0.0,-1.08,0.0,3.2001204899736497,0.050044007138459065,0.38963044953078796,0.0,-3.0
2024-03-09,549.0,0.0,-1.38,0.0,-1.66,0.0,2.720102416477602,0.0425374060676902,0.37371971479046906,0.0,-4.0
2024-03-10,542.0,0.0,1.68,0.0,1.37,0.0,2.3120870540059615,0.03615679515753667,0.35769823883312546,3.8125,-7.0
2024-03-11,536.0,1.4,2.85,0.0,3.37,0.7,2.665273995905067,0.0416799902675292,0.3415707691678556,7.775,-6.0
2024-03-12,533.0,1.8,2.4,3.0,2.11,2.4,4.665482896519307,0.07295958389982166,0.3253420847119801,5.637499999999999,-3.0
2024-03-13,529.0,0.4,3.42,0.4,3.42,0.4,4.365660462041411,0.0682709116769187,0.30901699437494745,8.55,-4.0
2024-03-14,527.0,0.0,5.26,0.0,5.62,0.0,3.7108113927351987,0.0580302749253809,0.29260033563334836,13.599999999999998,-2.0
2024-03-15,525.0,0.0,6.55,0.0,7.59,0.0,3.1541896838249186,0.04932573368657376,0.27609697309746883,17.675,-2.0
2024-03-16,521.0,5.1,6.5,3.1,6.38,4.1,6.78106123125118,0.10604334359480833,0.2595117970697999,16.099999999999998,-4.0
2024-03-17,527.0,0.3,3.03,0.1,2.3,0.2,5.963902046563503,0.09326447473662222,0.2428497220959356,6.6625,6.0
2024-03-18,526.0,0.0,2.32,0.0,1.76,0.0,5.069316739578977,0.07927480352612888,0.22611568550828828,5.1,-1.0
2024-03-19,527.0,0.0,1.26,0.0,1.03,0.0,4.3089192286421305,0.06738358299720955,0.20931464596304847,2.8625,1.0
2024-03-20,524.0,0.0,2.44,0.0,2.22,0.0,3.662581344345811,0.057276045547628114,0.19245158197082998,5.825,-3.0
2024-03-21,522.0,7.7,4.71,5.0,4.59,6.35,9.46319414269394,0.14798697633835,0.1755314904214282,11.625,-2.0
2024-03-22,524.0,3.9,4.66,5.5,4.04,4.7,12.743715021289848,0.1992882978919236,0.15855938510313478,10.875,2.0
2024-03-23,527.0,0.0,4.92,0.0,4.41,0.0,10.832157768096371,0.16939505320813505,0.141540295217043,11.6625,3.0
2024-03-24,546.0,0.7,4.57,0.1,3.72,0.39999999999999997,9.607334102881916,0.15024106058898512,0.12447926388678915,10.3625,19.0
2024-03-25,542.0,0.3,5.03,0.0,3.43,0.15,8.316233987449628,0.1300506260114137,0.10738134666416309,10.575000000000001,-4.0
2024-03-26,537.0,0.1,6.44,0.0,5.51,0.05,7.118798889332184,0.11132494027996044,0.09025161003104117,14.9375,-5.0
2024-03-27,532.0,0.0,8.75,0.0,10.0,0.0,6.050979055932356,0.09462619923796638,0.07309512989807777,23.4375,-5.0
2024-03-28,528.0,5.2,9.95,6.2,11.54,5.7,10.843332197542502,0.16956980076177325,0.055916990100603484,26.862499999999997,-4.0
2024-03-29,530.0,0.2,8.61,0.9,7.09,0.55,9.766832367911126,0.15273532052035393,0.03872228089217446,19.625,2.0
2024-03-30,526.0,0.2,11.05,0.0,9.99,0.1,8.401807512724456,0.1313888387828184,0.021516097436222254,26.299999999999997,-4.0
2024-03-31,523.0,0.0,13.68,0.0,14.9,0.0,7.141536385815788,0.11168051296539563,0.004303538296244289,35.724999999999994,-3.0
2024-04-01,526.0,0.1,13.02,0.0,12.81,0.05,6.120305927943419,0.09571034419084508,-0.01291029607500882,32.287499999999994,3.0
2024-04-02,532.0,3.3,8.85,3.9,7.64,3.5999999999999996,8.802260038751907,0.1376511808208511,-0.030120304846908114,20.612499999999997,6.0
2024-04-03,547.0,0.2,3.52,1.3,2.48,0.75,8.23192103293912,0.1287321262516052,-0.04732138832243185,7.5,15.0
2024-04-04,542.0,0.0,4.13,0.1,3.75,0.05,7.047132877998251,0.11020421548412322,-0.06450844944931623,9.85,-5.0
2024-04-05,538.0,2.3,8.14,2.5,6.71,2.4,8.390062946298514,0.13120517533392656,-0.08167639533042241,18.5625,-4.0
2024-04-06,538.0,4.1,7.36,6.1,6.28,5.1,12.231553504353737,0.191279032400234,-0.09882013873287143,17.05,0.0
2024-04-07,533.0,0.0,9.58,0.0,9.39,0.0,10.396820478700677,0.1625871775401989,-0.11593459959550041,23.7125,-5.0
2024-04-08,531.0,0.0,11.67,0.1,11.7,0.05,8.887297406895577,0.13898100907942787,-0.1330147065341959,29.2125,-2.0
2024-04-09,527.0,0.0,15.73,0.0,16.11,0.0,7.55420279586124,0.1181338577175137,-0.1500553983446526,39.8,-4.0
2024-04-10,534.0,0.0,9.22,0.0,8.1,0.0,6.421072376482054,0.10041377905988663,-0.16705162550211924,21.65,7.0
2024-04-11,532.0,0.0,9.93,0.0,8.02,0.0,5.457911520009746,0.08535171220090364,-0.18399835165768005,22.4375,-2.0
2024-04-12,531.0,3.9,8.62,5.0,6.75,4.45,9.089224792008284,0.14213878252380024,-0.20089055513063506,19.2125,-1.0
2024-04-13,534.0,0.4,8.94,0.7,6.82,0.55,8.275841073207042,0.1294189550180769,-0.21772323039653177,19.7,3.0
2024-04-14,552.0,3.0,9.32,2.3,7.74,2.65,9.684464912225986,0.15144724478908114,-0.23449138957040985,21.325000000000003,18.0
2024-04-15,552.0,0.0,6.8,0.0,5.49,0.0,8.231795175392088,0.12873015807071897,-0.25119006388481935,15.362499999999999,0.0
2024-04-16,545.0,2.1,6.16,0.0,6.0,1.05,8.047025899083275,0.12584070593554567,-0.2678143051621742,15.2,-7.0
2024-04-17,548.0,0.4,5.63,0.0,4.69,0.2,7.039972014220783,0.11009223272624898,-0.2843591872810034,12.9,3.0
2024-04-18,548.0,3.9,5.25,0.7,4.73,2.3,8.283976212087666,0.1295461736492159,-0.30081980763566735,12.475000000000001,0.0
2024-04-19,551.0,0.0,4.93,0.6,4.33,0.3,7.341379780274515,0.11480569662338622,-0.3171912885891061,11.575,3.0
2024-04-20,544.0,0.0,3.58,0.0,2.97,0.0,6.240172813233338,0.09758484212987828,-0.3334687789181868,8.1875,-7.0
2024-04-21,541.0,0.0,3.94,0.0,2.97,0.0,5.304146891248337,0.08294711581039653,-0.3496474552512284,8.6375,-3.0
2024-04-22,551.0,5.8,3.12,6.7,1.84,6.25,10.758524857561085,0.16824356972118557,-0.36572252349726897,6.2,10.0
2024-04-23,562.0,0.2,4.15,2.0,3.05,1.1,10.244746128926922,0.16020901400870105,-0.3816892202666588,9.0,11.0
2024-04-24,552.0,2.2,5.8,1.8,5.56,2.0,10.708034209587883,0.16745398871774742,-0.39754281428255595,14.2,-10.0
2024-04-25,558.0,0.0,5.59,0.0,4.28,0.0,9.1018290781497,0.14233589041008532,-0.4132786077829042,12.337500000000002,6.0
2024-04-26,558.0,0.0,8.69,0.0,6.54,0.0,7.7365547164272455,0.12098550684857251,-0.4288919379124835,19.0375,0.0
2024-04-27,551.0,0.5,11.14,0.0,11.07,0.25,6.8260715089631585,0.10674722167258058,-0.4443781781046132,27.762500000000003,-7.0
2024-04-28,542.0,0.0,13.78,0.0,15.63,0.0,5.802160782618684,0.09073513842169348,-0.45973273945210397,36.7625,-9.0
2024-04-29,536.0,0.0,14.2,0.0,14.77,0.0,4.931836665225881,0.07712486765843946,-0.47495107206704995,36.2125,-6.0
2024-04-30,531.0,0.0,16.8,0.0,17.4,0.0,4.192061165441999,0.06555613750967353,-0.49002866642905923,42.75,-5.0
2024-05-01,527.0,0.0,17.8,0.0,19.41,0.0,3.5632519906256985,0.055722716883222494,-0.5049610547215204,46.5125,-4.0
2024-05-02,523.0,0.0,18.42,0.0,18.9,0.0,3.0287641920318435,0.04736430935073912,-0.5197438121555155,46.65,-4.0
2024-05-03,519.0,0.0,16.73,0.0,17.05,0.0,2.5744495632270668,0.040259662948128244,-0.5343725582809787,42.225,-4.0
2024-05-04,517.0,0.0,15.58,0.0,13.24,0.0,2.1882821287430065,0.03422071350590901,-0.548842958284719,36.025,-2.0
2024-05-05,515.0,0.6,16.64,5.5,15.09,3.05,4.910039809431556,0.07678400486580875,-0.5631507242749186,39.6625,-2.0
2024-05-06,518.0,1.5,12.3,12.8,11.24,7.15,11.323533838016822,0.17707927248294414,-0.5772916165517272,29.424999999999997,3.0
2024-05-07,513.0,0.5,8.93,0.0,7.55,0.25,9.875003762314298,0.15442692246179646,-0.5912614448635781,20.6,-5.0
2024-05-08,519.0,0.0,8.77,0.0,7.22,0.0,8.393753197967154,0.13126288409252698,-0.6050560696488488,19.987499999999997,6.0
2024-05-09,524.0,0.9,10.83,1.7,9.1,1.3,8.434690218272081,0.13190306390537643,-0.6186714032625031,24.9125,5.0
2024-05-10,518.0,3.6,9.8,3.2,8.08,3.4000000000000004,10.56948668553127,0.16528735989716759,-0.6321034111873487,22.35,-6.0
2024-05-11,512.0,0.0,9.67,0.0,7.72,0.0,8.98406368270158,0.14049425591259246,-0.6453481132295501,21.7375,-6.0
2024-05-12,517.0,0.0,10.05,0.0,7.8,0.0,7.636454130296342,0.11942011752570358,-0.6584015846980488,22.3125,5.0
2024-05-13,513.0,0.0,12.41,0.0,9.94,0.0,6.49098601075189,0.10150709989684803,-0.6712599575675313,27.9375,-4.0
2024-05-14,508.0,0.0,15.84,0.0,13.58,0.0,5.517338109139106,0.08628103491232082,-0.6839194216246106,36.775000000000006,-5.0
2024-05-15,510.0,0.0,17.07,0.0,14.98,0.0,4.68973739276824,0.0733388796754727,-0.6963762255968722,40.0625,2.0
2024-05-16,504.0,0.0,16.37,0.0,15.72,0.0,3.986276783853004,0.06233804772415179,-0.7086266782644596,40.112500000000004,-6.0
2024-05-17,499.0,0.0,17.46,0.0,17.42,0.0,3.388335266275053,0.05298734056552902,-0.7206671495538609,43.6,-5.0
2024-05-18,496.0,0.0,19.15,0.5,17.9,0.25,3.1300849763337952,0.048948780331993604,-0.7324940716135789,46.3125,-3.0
2024-05-19,495.0,0.0,20.07,0.0,19.3,0.0,2.660572229883726,0.04160646328219456,-0.7441039398713607,49.212500000000006,-1.0
2024-05-20,494.0,13.9,17.86,10.3,17.66,12.100000000000001,14.361486395401169,0.22458727099249215,-0.7554933140726803,44.39999999999999,-1.0
2024-05-21,498.0,7.2,19.17,1.1,18.73,4.15,16.357263436090996,0.2557975584750978,-0.766658819300159,47.37500000000001,4.0
2024-05-22,495.0,0.0,20.21,0.0,20.34,0.0,13.903673920677345,0.2174279247038331,-0.777597146973627,50.6875,-3.0
2024-05-23,494.0,0.7,20.23,0.4,20.95,0.55,12.368122832575745,0.19341472587110484,-0.7883050558305255,51.475,-1.0
2024-05-24,495.0,0.0,21.54,0.0,21.13,0.0,10.512904407689383,0.16440251699043912,-0.7987793728863649,53.337500000000006,1.0
2024-05-25,493.0,0.0,21.65,1.1,21.24,0.55,9.485968746535976,0.1483431293147199,-0.8090169943749473,53.6125,-2.0
2024-05-26,491.0,1.0,20.33,0.4,20.48,0.7,8.76307343455558,0.13703837430113497,-0.8190148866680801,51.0125,-2.0
2024-05-27,490.0,0.0,22.72,0.0,22.17,0.0,7.4486124193722425,0.11648261815596472,-0.8287700871745037,56.1125,-1.0
2024-05-28,490.0,0.0,23.07,0.0,22.65,0.0,6.331320556466406,0.09901022543257001,-0.8382797052177743,57.15,0.0
2024-05-29,491.0,0.5,18.17,0.9,16.96,0.7,6.081622472996445,0.09510540600130754,-0.8475409228928311,43.9125,1.0
2024-05-30,492.0,4.3,21.14,14.7,19.58,9.5,14.669379102046978,0.22940214745028117,-0.8565509959010036,50.9,1.0
2024-05-31,493.0,0.0,21.15,2.2,20.34,1.1,13.568972236739931,0.21219380507843233,-0.865307254363206,51.8625,1.0
2024-06-01,496.0,0.0,20.76,3.7,18.26,1.85,13.383626401228941,0.20929533661624264,-0.8738071036110808,48.775000000000006,3.0
2024-06-02,501.0,2.9,19.45,2.7,17.54,2.8,14.1760824410446,0.22168789365829839,-0.8820480249558537,46.2375,5.0
2024-06-03,506.0,0.0,18.99,0.0,16.7,0.0,12.049670074887908,0.1884347096095536,-0.8900275764346767,44.6125,5.0
2024-06-04,506.0,0.0,17.58,0.0,15.45,0.0,10.242219563654722,0.16016950316812056,-0.8977433935342337,41.2875,0.0
2024-06-05,501.0,9.6,19.2,0.4,16.62,5.0,13.705886629106512,0.21433489471878128,-0.9051931898913974,44.775,-5.0
2024-06-06,504.0,3.9,16.64,3.0,15.96,3.45,15.100003634740535,0.23613632425882047,-0.9123747579707273,40.75,3.0
2024-06-07,503.0,0.4,16.1,0.0,15.43,0.2,13.035003089529454,0.20384350830103254,-0.9192859697186104,39.4125,-1.0
2024-06-08,507.0,0.0,17.77,0.3,16.46,0.15,11.229752626100035,0.175612706566654,-0.9259247771938498,42.78750000000001,4.0
2024-06-09,510.0,5.5,16.19,7.7,15.2,6.6,16.145289732185027,0.2524826790558159,-0.9322892131745133,39.2375,3.0
2024-06-10,508.0,0.0,16.5,0.1,15.28,0.05,13.773496272357274,0.21539218536770233,-0.9383773917408641,39.725,-2.0
2024-06-11,511.0,3.0,16.1,3.3,14.77,3.15,14.857471831503684,0.23234357228885066,-0.9441875088341993,38.5875,3.0
2024-06-12,517.0,2.5,15.6,0.0,14.9,1.25,13.878851056778132,0.21703974070199278,-0.9497178427914316,38.125,6.0
2024-06-13,517.0,0.3,15.51,2.1,14.45,1.2,12.99702339826141,0.20324957568290475,-0.9549667548552551,37.45,0.0
2024-06-14,519.0,0.2,15.33,0.0,13.88,0.1,11.147469888522197,0.17432595567098658,-0.9599326896597447,36.5125,2.0
2024-06-15,517.0,0.0,19.0,0.0,18.87,0.0,9.475349405243868,0.14817706232033862,-0.9646141756912435,47.337500000000006,-2.0
2024-06-16,516.0,0.0,19.12,0.0,18.52,0.0,8.054046994457288,0.1259505029722878,-0.9690098257244062,47.05,-1.0
2024-06-17,516.0,0.0,18.85,0.0,17.39,0.0,6.845939945288694,0.10705792752644464,-0.9731183372332619,45.300000000000004,0.0
2024-06-18,519.0,0.0,20.0,0.0,17.87,0.0,5.81904895349539,0.09099923839747794,-0.9769384927771817,47.337500000000006,3.0
2024-06-19,521.0,4.7,17.07,3.5,15.31,4.1,9.04619161047108,0.14146582259907686,-0.980469160361632,40.475,2.0
2024-06-20,523.0,0.0,16.75,0.0,15.86,0.0,7.689262868900418,0.12024594920921533,-0.9837092937736097,40.7625,2.0
2024-06-21,522.0,0.0,17.45,0.0,16.46,0.0,6.535873438565355,0.10220905682783303,-0.986657932891657,42.387499999999996,-1.0
2024-06-22,522.0,5.3,17.72,0.9,17.41,3.1,8.655492422780553,0.13535600485970295,-0.9893142039703663,43.912499999999994,0.0
2024-06-23,538.0,4.2,15.97,3.6,15.35,3.9000000000000004,11.25716855936347,0.176041441410933,-0.99167731989929,39.15,16.0
2024-06-24,529.0,0.0,17.07,0.0,17.04,0.0,9.568593275458948,0.14963522519929304,-0.993746580436178,42.6375,-9.0
2024-06-25,529.0,0.0,20.12,0.0,19.15,0.0,8.133304284140106,0.12718994141939907,-0.9955213724144752,49.08749999999999,0.0
2024-06-26,527.0,0.0,22.88,0.0,22.29,0.0,6.91330864151909,0.10811145020648921,-0.9970011699250151,56.462500000000006,-2.0
2024-06-27,523.0,0.0,25.27,0.0,25.09,0.0,5.876312345291226,0.09189473267551583,-0.9981855344718586,62.95,-4.0
2024-06-28,523.0,5.3,24.9,11.0,25.13,8.15,13.144865493497543,0.20556155452637093,-0.99907411510223,62.5375,0.0
2024-06-29,527.0,0.0,19.72,0.0,18.33,0.0,11.173135669472911,0.1747273213474153,-0.9996666485105112,47.5625,4.0
2024-06-30,519.0,6.9,22.31,11.7,22.21,9.3,18.797165319051977,0.29395314281343765,-0.9999629591162655,55.64999999999999,-8.0
2024-07-01,522.0,8.7,18.33,0.3,17.24,4.5,20.47759052119418,0.32023190671471297,-0.9999629591162655,44.46249999999999,3.0
2024-07-02,522.0,21.3,15.57,20.9,14.59,21.1,38.505951943015056,0.6021623685567147,-0.9996666485105112,37.7,0.0
2024-07-03,530.0,3.5,17.53,0.9,16.83,2.2,34.9300591515628,0.5462419727645942,-0.99907411510223,42.95,8.0
2024-07-04,527.0,0.0,18.74,0.4,17.75,0.2,29.89055027882838,0.4674333095309402,-0.9981855344718586,45.6125,-3.0
2024-07-05,530.0,2.4,17.75,5.6,16.64,4.0,29.40696773700412,0.4598709667220022,-0.9970011699250151,42.9875,3.0
2024-07-06,528.0,0.0,21.26,0.0,20.98,0.0,24.995922576453502,0.39089032171370186,-0.9955213724144752,52.800000000000004,-2.0
2024-07-07,526.0,1.4,18.92,1.9,18.09,1.65,22.896534189985474,0.35805974307518657,-0.9937465804361781,46.2625,-2.0
2024-07-08,522.0,0.0,20.04,0.0,17.68,0.0,19.462054061487652,0.30435078161390855,-0.99167731989929,47.15,-4.0
2024-07-09,525.0,0.0,21.22,0.0,20.32,0.0,16.542745952264504,0.25869816437182225,-0.9893142039703664,51.925,3.0
2024-07-10,525.0,2.2,23.64,1.0,24.65,1.6,15.661334059424828,0.24491450116433014,-0.9866579328916572,60.3625,0.0
2024-07-11,530.0,6.7,21.14,6.0,20.46,6.35,19.662133950511105,0.30747966361254675,-0.9837092937736098,52.0,5.0
2024-07-12,525.0,0.0,20.26,0.0,18.79,0.0,16.71281385793444,0.2613577140706647,-0.9804691603616321,48.8125,-5.0
2024-07-13,533.0,6.1,20.85,19.3,19.61,12.7,26.90589177924427,0.4207587322057972,-0.9769384927771817,50.575,8.0
2024-07-14,529.0,0.0,20.03,0.0,18.67,0.0,22.87000801235763,0.3576449223749276,-0.973118337233262,48.375,-4.0
2024-07-15,522.0,5.6,21.15,4.3,19.5,4.949999999999999,24.389506810503985,0.3814070928743085,-0.9690098257244063,50.8125,-7.0
2024-07-16,521.0,8.6,24.6,8.5,24.0,8.55,29.28108078892839,0.45790232605741504,-0.9646141756912435,60.75,-1.0
2024-07-17,523.0,0.0,21.35,0.0,20.1,0.0,24.88891867058913,0.38921697714880277,-0.9599326896597445,51.8125,2.0
2024-07-18,527.0,0.0,20.4,4.1,19.03,2.05,23.205580870000762,0.3628926655570927,-0.9549667548552553,49.2875,4.0
2024-07-19,526.0,0.0,18.78,0.0,18.06,0.0,19.72474373950065,0.3084587657235288,-0.9497178427914317,46.050000000000004,-1.0
2024-07-20,525.0,0.0,20.18,0.0,18.73,0.0,16.76603217857555,0.26218995086499947,-0.9441875088341994,48.637499999999996,-1.0
2024-07-21,525.0,0.0,20.7,0.0,19.03,0.0,14.251127351789217,0.22286145823524953,-0.9383773917408642,49.66250000000001,0.0
2024-07-22,525.0,3.2,23.55,0.0,21.82,1.6,13.713458249020833,0.2144533009482433,-0.9322892131745134,56.712500000000006,0.0
2024-07-23,528.0,6.3,20.21,10.1,18.97,8.2,19.85643951166771,0.3105182457284481,-0.9259247771938499,48.975,3.0
2024-07-24,526.0,0.0,20.4,0.0,18.46,0.0,16.87797358491755,0.26394050886918086,-0.9192859697186105,48.575,-2.0
2024-07-25,526.0,0.0,20.32,0.0,19.07,0.0,14.346277547179918,0.2243494325388037,-0.9123747579707274,49.2375,0.0
2024-07-26,527.0,0.0,20.88,0.0,19.21,0.0,12.19433591510293,0.19069701765798314,-0.9051931898913975,50.112500000000004,1.0
2024-07-27,526.0,0.0,21.97,0.0,20.44,0.0,10.36518552783749,0.16209246500928567,-0.8977433935342336,53.012499999999996,-1.0
2024-07-28,527.0,41.8,18.1,54.1,16.84,47.95,56.760407698661865,0.8876285305360707,-0.8900275764346766,43.675,1.0
2024-07-29,536.0,0.0,18.45,0.7,17.85,0.35,48.59634654386259,0.7599576081474717,-0.8820480249558535,45.375,9.0
2024-07-30,553.0,0.0,18.93,0.0,18.47,0.0,41.3068945622832,0.6459639669253509,-0.8738071036110807,46.75,17.0
2024-07-31,554.0,0.0,19.68,0.0,19.25,0.0,35.11086037794072,0.5490693718865483,-0.8653072543632061,48.6625,1.0
2024-08-01,550.0,0.0,19.43,0.0,18.42,0.0,29.84423132124961,0.466708966103566,-0.8565509959010037,47.3125,-4.0
2024-08-02,543.0,0.0,18.8,0.0,17.35,0.0,25.367596623062166,0.39670262118803107,-0.8475409228928312,45.18750000000001,-7.0
2024-08-03,536.0,0.0,19.71,0.0,18.51,0.0,21.56245712960284,0.3371972280098264,-0.8382797052177745,47.775,-7.0
2024-08-04,533.0,0.0,20.78,0.0,19.24,0.0,18.328088560162414,0.2866176438083524,-0.828770087174504,50.02499999999999,-3.0
2024-08-05,532.0,38.2,19.31,3.0,18.53,20.6,36.17887527613805,0.5657711633837204,-0.8190148866680802,47.300000000000004,-1.0
2024-08-06,533.0,0.0,19.6,0.0,18.78,0.0,30.752043984717343,0.48090548887616225,-0.8090169943749472,47.975,1.0
2024-08-07,532.0,0.0,19.96,0.0,18.87,0.0,26.13923738700974,0.40876966554473787,-0.7987793728863648,48.537499999999994,-1.0
2024-08-08,530.0,0.0,21.94,0.0,20.88,0.0,22.21835177895828,0.3474542157130272,-0.7883050558305253,53.525,-2.0
2024-08-09,530.0,2.4,21.19,6.3,20.59,4.35,23.235599012114534,0.36336209416858767,-0.7775971469736268,52.225,0.0
2024-08-10,538.0,2.2,20.15,2.8,19.59,2.5,22.250259160297354,0.3479531885562389,-0.7666588193001592,49.675,8.0
2024-08-11,541.0,0.5,19.23,0.0,19.0,0.25,19.16272028625275,0.299669751124097,-0.7554933140726804,47.78750000000001,3.0
2024-08-12,537.0,0.0,18.39,0.0,18.22,0.0,16.288312243314838,0.2547192884554825,-0.7441039398713608,45.7625,-4.0
2024-08-13,541.0,0.0,19.12,0.0,18.95,0.0,13.845065406817612,0.2165113951871601,-0.7324940716135792,47.5875,4.0
2024-08-14,535.0,0.0,20.19,0.0,18.79,0.0,11.76830559579497,0.1840346859090861,-0.7206671495538615,48.72500000000001,-6.0
2024-08-15,532.0,0.0,22.1,0.0,22.17,0.0,10.003059756425724,0.15642948302272316,-0.7086266782644601,55.337500000000006,-3.0
2024-08-16,528.0,0.1,22.14,0.1,20.8,0.1,8.602600792961866,0.13452887690983226,-0.6963762255968726,53.675,-4.0
2024-08-17,524.0,0.8,21.58,3.2,20.1,2.0,9.312210674017585,0.14562587218370895,-0.6839194216246105,52.1,-4.0
2024-08-18,526.0,13.7,21.12,0.0,19.49,6.85,14.765379072914946,0.23090341068160658,-0.6712599575675315,50.7625,2.0
2024-08-19,532.0,0.0,20.41,0.0,18.98,0.0,12.550572211977704,0.19626789907936557,-0.6584015846980489,49.2375,6.0
2024-08-20,534.0,0.0,19.43,0.0,17.91,0.0,10.667986380181048,0.16682771421746073,-0.64534811322955,46.675000000000004,2.0
2024-08-21,534.0,2.8,20.12,2.4,19.65,2.5999999999999996,11.66778842315389,0.1824627819382986,-0.6321034111873488,49.71249999999999,0.0
2024-08-22,539.0,8.9,17.4,7.4,17.44,8.15,18.067620159680807,0.2825443963997363,-0.6186714032625032,43.550000000000004,5.0
2024-08-23,531.0,0.2,19.64,0.8,19.47,0.5,15.857477135728686,0.24798181864236374,-0.6050560696488494,48.8875,-8.0
2024-08-24,524.0,0.0,20.95,0.0,19.99,0.0,13.478855565369383,0.21078454584600917,-0.5912614448635782,51.175,-7.0
2024-08-25,524.0,0.0,21.08,0.1,21.23,0.05,11.507027230563976,0.17994877213936658,-0.5772916165517278,52.8875,0.0
2024-08-26,525.0,0.0,18.97,0.0,17.54,0.0,9.78097314597938,0.1529564563184616,-0.5631507242749187,45.637499999999996,1.0
2024-08-27,525.0,0.0,18.74,0.0,16.44,0.0,8.313827174082473,0.13001298787069238,-0.5488429582847199,43.975,0.0
2024-08-28,525.0,0.0,19.41,0.0,18.46,0.0,7.066753097970102,0.1105110396900885,-0.5343725582809785,47.337500000000006,0.0
2024-08-29,522.0,0.0,21.84,0.0,22.24,0.0,6.006740133274587,0.09393438373657524,-0.5197438121555157,55.099999999999994,-3.0
2024-08-30,523.0,0.0,24.25,3.5,24.16,1.75,6.855729113283399,0.10721101213514654,-0.5049610547215202,60.512499999999996,1.0
2024-08-31,525.0,3.1,18.9,10.2,17.16,6.6499999999999995,12.477369746290888,0.1951231469592934,-0.4900286664290594,45.075,2.0
2024-09-01,527.0,0.0,18.17,0.0,15.54,0.0,10.605764284347254,0.16585467491539935,-0.4749510720670502,42.1375,2.0
2024-09-02,526.0,0.0,17.9,0.0,16.2,0.0,9.014899641695166,0.14097647367808946,-0.4597327394521046,42.62499999999999,-1.0
2024-09-03,524.0,0.0,21.19,0.0,20.23,0.0,7.662664695440891,0.11983000262637604,-0.44437817810461344,51.775000000000006,-2.0
2024-09-04,519.0,0.0,21.98,0.0,22.75,0.0,6.513264991124757,0.10185550223241963,-0.4288919379124841,55.91250000000001,-5.0
2024-09-05,517.0,0.0,22.03,0.0,22.39,0.0,5.5362752424560435,0.08657717689755669,-0.41327860778290443,55.525000000000006,-2.0
2024-09-06,514.0,0.0,21.01,0.0,21.2,0.0,4.705833956087637,0.07359060036292318,-0.3975428142825566,52.7625,-3.0
2024-09-07,511.0,0.0,21.38,0.0,22.12,0.0,3.9999588626744913,0.0625520103084847,-0.3816892202666586,54.375,-3.0
2024-09-08,507.0,0.0,20.53,0.0,21.27,0.0,3.3999650332733173,0.05316920876221199,-0.3657225234972692,52.25,-4.0
2024-09-09,502.0,0.0,20.12,0.0,21.39,0.0,2.88997027828232,0.0451938274478802,-0.34964745525122826,51.8875,-5.0
2024-09-10,501.0,21.6,16.95,12.2,16.66,16.9,19.35647473653997,0.30269971487816855,-0.33346877891818705,42.0125,-1.0
2024-09-11,507.0,0.0,18.05,0.3,17.94,0.15,16.603003526058973,0.25964048215721963,-0.31719128858910595,44.987500000000004,6.0
2024-09-12,504.0,3.4,16.47,1.3,15.64,2.35,16.462552997150127,0.2574440938357997,-0.300819807635668,40.1375,-3.0
2024-09-13,509.0,0.3,16.88,0.3,16.96,0.3,14.293170047577608,0.22351892878198248,-0.2843591872810036,42.300000000000004,5.0
2024-09-14,517.0,0.0,17.4,10.6,16.57,5.3,17.449194540440967,0.27287335551211667,-0.26781430516217486,42.4625,8.0
2024-09-15,525.0,1.2,18.72,1.2,17.1,1.2,16.03181535937482,0.25070814827151006,-0.25119006388481957,44.775,8.0
2024-09-16,526.0,0.0,20.12,0.0,20.17,0.0,13.627043055468597,0.21310192603078357,-0.23449138957041052,50.36250000000001,1.0
2024-09-17,522.0,0.0,19.0,0.0,17.81,0.0,11.582986597148308,0.181136637126166,-0.21772323039653224,46.0125,-4.0
2024-09-18,519.0,0.0,19.04,0.0,17.72,0.0,9.845538607576062,0.15396614155724112,-0.20089055513063528,45.949999999999996,-3.0
2024-09-19,517.0,0.0,18.84,0.0,18.63,0.0,8.368707816439652,0.13087122032365495,-0.18399835165767986,46.8375,-2.0
2024-09-20,513.0,0.0,17.9,0.0,17.27,0.0,7.113401643973704,0.1112405372751067,-0.1670516255021195,43.962500000000006,-4.0
2024-09-21,511.0,0.0,17.73,0.0,15.53,0.0,6.046391397377649,0.0945544566838407,-0.15005539834465262,41.574999999999996,-2.0
2024-09-22,509.0,0.0,14.44,0.0,13.82,0.0,5.139432687771001,0.0803712881812646,-0.13301470653419636,35.324999999999996,-2.0
2024-09-23,506.0,0.0,17.52,0.0,16.66,0.0,4.368517784605351,0.06831559495407491,-0.11593459959550066,42.725,-3.0
2024-09-24,503.0,0.0,18.38,0.0,18.12,0.0,3.713240116914548,0.05806825571096366,-0.09882013873287211,45.625,-3.0
2024-09-25,506.0,0.0,17.6,0.0,17.34,0.0,3.156254099377366,0.04935801735431911,-0.08167639533042288,43.675,3.0
2024-09-26,496.0,2.3,17.45,3.3,17.39,2.8,5.482815984470761,0.0857411722856634,-0.06450844944931625,43.550000000000004,-10.0
2024-09-27,504.0,2.7,17.58,14.0,17.26,8.35,13.010393586800147,0.2034586608760315,-0.04732138832243232,43.550000000000004,8.0
2024-09-28,503.0,5.4,14.69,9.5,14.21,7.45,18.508834548780126,0.28944417911318626,-0.03012030484690836,36.125,-1.0
2024-09-29,505.0,0.1,13.04,0.0,12.27,0.05,15.782509366463106,0.2468094604164671,-0.012910296075008843,31.6375,2.0
2024-09-30,510.0,0.0,9.59,0.0,8.58,0.0,13.41513296149364,0.20978804135399703,0.004303538296243821,22.712500000000002,5.0
2024-10-01,510.0,1.8,6.8,4.4,6.49,3.1,14.502863017269593,0.22679814170694232,0.021516097436222233,16.612499999999997,0.0
2024-10-02,514.0,0.1,9.04,0.0,8.25,0.05,12.377433564679155,0.19356032862115977,0.03872228089217399,21.612499999999997,4.0
2024-10-03,505.0,7.6,9.3,1.7,9.07,4.6499999999999995,15.170818529977282,0.23724373916205313,0.05591699010060302,22.962500000000002,-9.0
2024-10-04,509.0,0.0,10.33,0.0,9.29,0.0,12.89519575048069,0.20165717828774515,0.07309512989807776,24.525,4.0
2024-10-05,506.0,0.0,10.05,0.0,8.68,0.0,10.960916387908586,0.17140860154458337,0.0902516100310407,23.4125,-3.0
2024-10-06,502.0,0.0,9.26,0.0,8.78,0.0,9.316778929722298,0.14569731131289587,0.10738134666416306,22.549999999999997,-4.0
2024-10-07,499.0,0.0,10.22,0.0,8.55,0.0,7.9192620902639534,0.12384271461596148,0.12447926388678869,23.462500000000006,-3.0
2024-10-08,499.0,0.0,11.6,0.1,11.24,0.05,6.78137277672436,0.10604821559382605,0.141540295217043,28.55,0.0
2024-10-09,495.0,2.8,12.45,3.6,12.98,3.2,8.964166860215705,0.14018310615131457,0.15855938510313475,31.7875,-4.0
2024-10-10,494.0,0.0,14.85,0.3,15.81,0.15,7.76954183118335,0.12150136473939376,0.17553149042142777,38.325,-1.0
2024-10-11,503.0,0.3,12.81,0.3,12.76,0.3,6.904110556505847,0.10796760905003742,0.19245158197082995,31.9625,9.0
2024-10-12,502.0,7.5,11.45,4.0,11.05,5.75,11.61849397302997,0.18169190727229245,0.20931464596304888,28.125,-1.0
2024-10-13,500.0,5.7,9.23,7.4,8.1,6.550000000000001,16.425719877075473,0.25686809148534984,0.22611568550828803,21.662499999999998,-2.0
2024-10-14,506.0,3.5,9.75,4.3,8.29,3.9,17.86186189551415,0.27932671504273276,0.2428497220959358,22.549999999999997,6.0
2024-10-15,511.0,5.3,10.25,10.6,8.45,7.949999999999999,23.132582611187026,0.3617511068574702,0.25951179706979943,23.375,5.0
2024-10-16,515.0,0.0,8.54,0.0,6.0,0.0,19.662695219508972,0.30748844082884963,0.27609697309746883,18.174999999999997,4.0
2024-10-17,510.0,0.0,8.42,0.0,8.04,0.0,16.713290936582627,0.2613651747045222,0.2926003356333479,20.575000000000003,-5.0
2024-10-18,501.0,0.0,9.18,0.0,9.65,0.0,14.206297296095233,0.2221603984988439,0.30901699437494723,23.537499999999998,-9.0
2024-10-19,495.0,0.0,8.54,0.0,9.06,0.0,12.075352701680949,0.1888363387240173,0.3253420847119795,22.0,-6.0
2024-10-20,494.0,0.0,8.52,0.0,8.69,0.0,10.264049796428806,0.1605108879154147,0.341570769167856,21.512500000000003,-1.0
2024-10-21,493.0,0.1,9.35,0.9,10.64,0.5,9.224442326964484,0.14425333643069035,0.35769823883312546,24.987500000000004,-1.0
2024-10-22,491.0,1.0,11.15,0.8,12.37,0.9,8.74077597791981,0.136689683030745,0.3737197147904692,29.4,-2.0
2024-10-23,504.0,0.0,11.66,0.0,12.18,0.0,7.429659581231839,0.11618623057613324,0.38963044953078774,29.8,13.0
2024-10-24,508.0,0.0,11.42,0.0,12.14,0.0,6.315210644047062,0.09875829598971324,0.4054257283599973,29.450000000000003,4.0
2024-10-25,508.0,0.0,8.02,0.0,9.22,0.0,5.367929047440003,0.08394455159125626,0.42110087079608916,21.550000000000004,0.0
2024-10-26,504.0,0.5,8.48,1.1,8.45,0.8,5.362739690324003,0.08386339957670844,0.4366512319560638,21.1625,-4.0
2024-10-27,505.0,0.2,9.97,0.3,10.68,0.25,4.808328736775402,0.0751934304914961,0.45207220393230374,25.8125,1.0
2024-10-28,510.0,0.6,10.58,0.4,11.06,0.5,4.587079426259091,0.07173349762035956,0.46735921715800205,27.05,5.0
2024-10-29,509.0,0.4,10.62,0.7,10.94,0.55,4.449017512320228,0.0695744628501523,0.48250774176121763,26.95,-1.0
2024-10-30,520.0,0.9,11.69,0.4,12.14,0.65,4.431664885472194,0.06930309963599371,0.4975132889071803,29.787499999999998,11.0
2024-10-31,533.0,0.2,11.32,0.5,11.57,0.35,4.116915152651364,0.06438099188240616,0.5123714121284235,28.6125,13.0
2024-11-01,556.0,0.1,12.1,0.1,12.07,0.1,3.5993778797536593,0.056287659440562805,0.5270777086423724,30.212500000000002,23.0
2024-11-02,533.0,0.0,7.77,0.0,7.35,0.0,3.0594711977906104,0.047844510524478384,0.5416278206559811,18.9,-23.0
2024-11-03,556.0,0.9,9.29,1.3,9.43,1.1,3.700550518122019,0.05786981369149997,0.5560174366570446,23.4,23.0
2024-11-04,543.0,0.0,7.82,0.0,7.11,0.0,3.145467940403716,0.04918934163777497,0.5702422926917867,18.6625,-13.0
2024-11-05,542.0,0.2,9.29,0.0,9.8,0.1,2.7736477493431586,0.04337475673262631,0.5842981736283683,23.8625,-1.0
2024-11-06,534.0,0.0,8.71,0.0,9.58,0.0,2.3576005869416847,0.03686854322273236,0.5981809144059159,22.862499999999997,-8.0
2024-11-07,529.0,0.9,8.74,0.6,8.47,0.75,2.753960498900432,0.04306688429320432,0.6118864012687242,21.512500000000003,-5.0
2024-11-08,524.0,0.0,7.51,0.0,6.25,0.0,2.340866424065367,0.03660685164922367,0.6254105729852457,17.2,-5.0
2024-11-09,519.0,0.0,5.57,0.0,4.98,0.0,1.9897364604555619,0.03111582390184012,0.6387494220515268,13.1875,-5.0
2024-11-10,514.0,0.0,3.36,0.0,2.73,0.0,1.6912759913872275,0.026448450316564103,0.6518989958787125,7.6125,-5.0
2024-11-11,511.0,0.0,2.45,0.0,2.19,0.0,1.4375845926791433,0.022481182769079486,0.6648553979642867,5.800000000000001,-3.0
2024-11-12,508.0,0.0,2.28,0.1,2.4,0.05,1.2719469037772717,0.01989091352397635,0.6776147890466887,5.85,-3.0
2024-11-13,506.0,0.0,2.59,0.1,2.53,0.05,1.131154868210681,0.017689184665638683,0.690173388242972,6.399999999999999,-2.0
2024-11-14,508.0,1.3,5.62,2.5,6.75,1.9,2.861481637979079,0.044748317435626836,0.7025274741691566,15.462500000000002,2.0
2024-11-15,512.0,0.4,7.94,0.2,9.05,0.30000000000000004,2.7322593922822174,0.042727518841835545,0.7146733860429608,21.237500000000004,4.0
2024-11-16,523.0,0.8,8.1,3.0,8.98,1.9,4.222420483439885,0.06603090148539417,0.726607524768565,21.349999999999998,11.0
2024-11-17,524.0,22.3,6.4,9.4,8.07,15.850000000000001,19.439057410923905,0.303991156234621,0.7383263540031063,18.087500000000002,1.0
2024-11-18,532.0,6.5,6.15,3.5,6.72,5.0,21.523198799285318,0.3365832998253066,0.749826401204568,16.087500000000002,8.0
2024-11-19,550.0,11.1,3.98,11.4,4.05,11.25,29.54471897939252,0.46202514315973797,0.7611042586607742,10.0375,18.0
2024-11-20,586.0,6.4,5.17,7.7,5.1,7.050000000000001,32.163011132483646,0.5029704236922665,0.7721565844991641,12.837499999999999,36.0
2024-11-21,619.0,10.6,3.1,5.5,3.36,8.05,35.3885594626111,0.5534120755500914,0.7829801036770625,8.075,33.0
2024-11-22,638.0,6.7,1.77,13.1,2.47,9.9,39.980275543219435,0.6252180819288178,0.7935716089521472,5.300000000000001,19.0
2024-11-23,622.0,0.7,3.36,2.4,4.0,1.5499999999999998,35.53323421173651,0.5556745229175174,0.8039279618328208,9.2,-16.0
2024-11-24,599.0,0.3,2.06,0.1,2.65,0.2,30.403249079976035,0.475450977160925,0.8140460935082175,5.8875,-23.0
2024-11-25,569.0,0.0,5.15,0.0,6.55,0.0,25.84276171797963,0.40413333058678624,0.8239230057575536,14.625,-30.0
2024-11-26,569.0,5.9,4.76,6.9,7.55,6.4,28.366347460282682,0.44359757679189316,0.8335557718385695,15.3875,0.0
2024-11-27,603.0,0.4,4.03,4.5,7.15,2.45,26.561395341240278,0.41537144061578973,0.8429415373547832,13.975,34.0
2024-11-28,621.0,8.2,4.1,7.2,4.02,7.699999999999999,30.277186040054236,0.4734795827432747,0.8520775211013093,10.149999999999999,18.0
2024-11-29,634.0,0.0,3.91,0.0,4.38,0.0,25.7356081340461,0.40245764533178346,0.8609610158889945,10.362499999999999,13.0
2024-11-30,633.0,0.0,4.36,0.0,6.26,0.0,21.875266913939186,0.34208899853201596,0.8695893893466109,13.275000000000002,-1.0
2024-12-01,619.0,0.0,3.27,0.0,5.22,0.0,18.593976876848306,0.2907756487522135,0.8779600847008883,10.6125,-14.0
2024-12-02,585.0,0.0,3.14,0.6,3.24,0.3,16.10488034532106,0.25185075046093425,0.8860706215341377,7.975000000000001,-34.0
2024-12-03,559.0,2.3,4.23,1.6,5.06,1.95,15.6391482935229,0.24456755653188683,0.893918596519257,11.612499999999999,-26.0
2024-12-04,549.0,3.8,0.76,4.1,0.32,3.9499999999999997,17.243276049494465,0.26965316850254806,0.9015016841318838,1.35,-10.0
2024-12-05,551.0,0.0,3.15,3.1,2.83,1.55,16.206784642070296,0.2534443465051883,0.9088176373395028,7.4750000000000005,2.0
2024-12-06,541.0,0.0,1.41,0.0,0.93,0.0,13.775766945759752,0.21542769452941007,0.9158642882672868,2.925,-10.0
2024-12-07,536.0,0.0,0.89,0.0,0.19,0.0,11.70940190389579,0.18311354034999858,0.9226395488404875,1.35,-5.0
2024-12-08,531.0,0.0,2.03,0.0,1.68,0.0,9.95299161831142,0.15564650929749876,0.9291414114031743,4.6375,-5.0
2024-12-09,527.0,0.0,1.84,0.0,1.36,0.0,8.460042875564707,0.13229953290287394,0.935367949313148,4.0,-4.0
2024-12-10,527.0,0.0,-1.38,0.0,-2.4,0.0,7.191036444230001,0.11245460296744285,0.941317317512847,0.0,0.0
2024-12-11,525.0,0.0,2.25,0.0,2.65,0.0,6.1123809775955005,0.09558641252232643,0.946987753076075,6.125,-2.0
2024-12-12,520.0,0.0,2.0,0.0,1.55,0.0,5.1955238309561755,0.08124845064397745,0.9523775757303973,4.4375,-5.0
2024-12-13,525.0,0.0,0.0,0.0,0.42,0.0,4.416195256312749,0.06906118304738083,0.9574851883550389,0.525,5.0
2024-12-14,525.0,2.5,1.14,6.2,3.1,4.35,8.103765967865836,0.12672801640278827,0.9623090774541487,5.300000000000001,0.0
2024-12-15,520.0,1.4,3.32,2.5,3.97,1.95,8.83820107268596,0.13821323258246276,0.9668478136052773,9.1125,-5.0
2024-12-16,547.0,0.5,6.71,0.8,7.74,0.65,8.162470911783066,0.1276460539084576,0.9711000518829505,18.0625,27.0
2024-12-17,551.0,0.0,5.9,0.0,6.3,0.0,6.938100275015605,0.10849914582218895,0.9750645322571945,15.25,4.0
2024-12-18,559.0,4.6,3.92,4.9,4.49,4.75,10.647385233763265,0.16650555012344548,0.9787400799669153,10.5125,8.0
2024-12-19,563.0,2.1,5.66,5.5,7.59,3.8,12.850277448698776,0.20095473854459658,0.9821256058680006,16.5625,4.0
2024-12-20,573.0,1.7,5.26,0.7,5.5,1.2,12.122735831393959,0.189577323849118,0.9852201067560606,13.45,10.0
2024-12-21,593.0,0.0,3.76,1.5,5.05,0.75,11.054325456684865,0.17286934782563212,0.9880226656636976,11.0125,20.0
2024-12-22,598.0,2.8,3.88,15.0,4.66,8.9,18.296176638182136,0.2861185999578516,0.9905324521322227,10.674999999999999,5.0
2024-12-23,603.0,1.5,3.79,4.9,4.49,3.2,18.751750142454814,0.29324293286073627,0.9927487224577402,10.350000000000001,5.0
2024-12-24,619.0,0.6,3.48,0.9,3.51,0.75,16.68898762108659,0.2609851154855076,0.9946708199115211,8.7375,16.0
2024-12-25,616.0,0.0,3.42,0.1,5.53,0.05,14.235639477923602,0.2226192563329403,0.9962981749346077,11.1875,-3.0
2024-12-26,599.0,1.7,4.2,2.0,5.74,1.85,13.950293556235062,0.21815697018257443,0.9976303053065857,12.425,-17.0
2024-12-27,584.0,1.1,4.41,2.4,5.03,1.75,13.607749522799802,0.21280021061424584,0.9986668162884759,11.8,-15.0
2024-12-28,571.0,0.8,4.12,1.7,4.73,1.25,12.81658709437983,0.20042788327857863,0.9994074007397048,11.062500000000002,-13.0
2024-12-29,566.0,0.6,4.35,0.7,5.41,0.6499999999999999,11.544099030222856,0.1805285070001561,0.9998518392091162,12.2,-5.0
2024-12-30,575.0,5.2,5.38,11.4,6.27,8.3,18.112484175689428,0.2832459872130915,1.0,14.562499999999998,9.0
2024-12-31,594.0,1.7,5.12,3.8,4.94,2.75,18.145611549336014,0.28376403849536114,0.9998518392091162,12.575000000000001,19.0
