timestamp,water_level_cm,precip_birstono-ams,temp_birstono-ams,Pt,API_t,API_norm,SMI_t,S_t,delta_WL_t
2022-01-01,536.0,0.7,2.84,0.7,0.7,0.008913693521552548,7.1,0.9998518392091162,0.0
2022-01-02,571.0,9.5,0.11,9.5,10.095,0.14509995793597558,0.275,0.9994074007397048,35.0
2022-01-03,574.0,3.8,5.59,3.8,12.380749999999999,0.17823330055282147,13.975,0.998666816288476,3.0
2022-01-04,579.0,2.0,4.52,2.0,12.5236375,0.18030454215543093,11.299999999999999,0.9976303053065857,5.0
2022-01-05,573.0,1.5,1.82,1.5,12.145091874999999,0.17481729206717406,4.55,0.9962981749346078,-6.0
2022-01-06,572.0,1.1,0.17,1.1,11.423328093749998,0.16435488513177585,0.42500000000000004,0.9946708199115211,-1.0
2022-01-07,575.0,0.0,-1.8,0.0,9.709828879687498,0.13951666724564263,0.0,0.9927487224577402,3.0
2022-01-08,583.0,0.0,-1.57,0.0,8.253354547734373,0.11840418204242939,0.0,0.9905324521322229,8.0
2022-01-09,575.0,0.0,-1.93,0.0,7.015351365574217,0.10045856961969812,0.0,0.9880226656636976,-8.0
2022-01-10,580.0,0.0,-3.23,0.0,5.963048660738084,0.08520479906037656,0.0,0.9852201067560606,5.0
2022-01-11,572.0,0.0,-5.15,0.0,5.068591361627371,0.07223909408495323,0.0,0.9821256058680006,-8.0
2022-01-12,560.0,0.0,-7.67,0.0,4.3083026573832655,0.06121824485584341,0.0,0.9787400799669153,-12.0
2022-01-13,552.0,0.6,2.87,0.6,4.2620572587757755,0.060547889551669905,7.175000000000001,0.9750645322571948,-8.0
2022-01-14,579.0,1.3,4.58,1.3,4.922748669959409,0.07012501517378728,11.45,0.9711000518829505,27.0
2022-01-15,585.0,0.0,1.92,0.0,4.184336369465497,0.05942127778135233,4.8,0.9668478136052775,6.0
2022-01-16,584.0,0.2,-0.73,0.2,3.756685914045673,0.05322222317797259,0.0,0.9623090774541486,-1.0
2022-01-17,572.0,6.0,0.54,6.0,9.193183026938822,0.13202756999060844,1.35,0.9574851883550393,-12.0
2022-01-18,564.0,0.0,-0.59,0.0,7.814205572897999,0.11203844937565031,0.0,0.9523775757303974,-8.0
2022-01-19,554.0,0.3,0.47,0.3,6.942074736963298,0.09939638012322084,1.1749999999999998,0.9469877530760753,-10.0
2022-01-20,545.0,6.3,-0.26,6.3,12.200763526418804,0.17562428666435437,0.0,0.9413173175128471,-9.0
2022-01-21,542.0,3.9,-0.21,3.9,14.270648997455984,0.20562854106203846,0.0,0.9353679493131483,-3.0
2022-01-22,553.0,0.2,-1.7,0.2,12.330051647837585,0.17749839696655578,0.0,0.9291414114031743,11.0
2022-01-23,542.0,0.0,-5.12,0.0,10.480543900661948,0.15068865230520556,0.0,0.9226395488404876,-11.0
2022-01-24,531.0,0.4,-2.6,0.4,9.308462315562656,0.1336986137034378,0.0,0.9158642882672872,-11.0
2022-01-25,524.0,1.1,1.27,1.1,9.012192968228257,0.12940400852260003,3.175,0.9088176373395029,-7.0
2022-01-26,538.0,1.5,0.05,1.5,9.160364022994019,0.13155183847926782,0.125,0.901501684131884,14.0
2022-01-27,537.0,3.6,2.07,3.6,11.386309419544915,0.16381827683442993,5.175,0.893918596519257,-1.0
2022-01-28,549.0,2.2,1.82,2.2,11.878363006613178,0.17095089417498807,4.55,0.886070621534138,12.0
2022-01-29,552.0,6.3,0.62,6.3,16.3966085556212,0.23644562360835647,1.55,0.8779600847008882,3.0
2022-01-30,548.0,9.8,1.53,9.8,23.73711727227802,0.3428507817800438,3.825,0.869589389346611,-4.0
2022-01-31,555.0,4.1,-1.29,4.1,24.276549681436315,0.3506701840905644,0.0,0.8609610158889943,7.0
2022-02-01,560.0,1.6,-1.84,1.6,22.235067229220867,0.32107764880213246,0.0,0.8520775211013093,5.0
2022-02-02,557.0,1.4,-1.62,1.4,20.299807144837736,0.29302487162677543,0.0,0.8429415373547828,-3.0
2022-02-03,555.0,0.3,-3.7,0.3,17.554836073112075,0.25323483903667715,0.0,0.8335557718385699,-2.0
2022-02-04,550.0,0.6,-2.11,0.6,15.521610662145262,0.2237619946053786,0.0,0.8239230057575542,-5.0
2022-02-05,546.0,2.4,2.0,2.4,15.593369062823474,0.22480217646048442,5.0,0.8140460935082178,-4.0
2022-02-06,550.0,3.3,1.9,3.3,16.554363703399954,0.2387323808481791,4.75,0.8039279618328213,4.0
2022-02-07,563.0,4.1,2.07,4.1,18.17120914788996,0.2621695432984794,5.175,0.7935716089521474,13.0
2022-02-08,563.0,1.2,2.36,1.2,16.645527775706466,0.24005385976848037,5.8999999999999995,0.7829801036770629,0.0
2022-02-09,554.0,2.5,4.25,2.5,16.648698609350497,0.24009982293921586,10.625,0.7721565844991642,-9.0
2022-02-10,551.0,0.5,3.9,0.5,14.651393817947922,0.21114766983244154,9.75,0.7611042586607747,-3.0
2022-02-11,550.0,1.9,2.14,1.9,14.353684745255734,0.20683219495301303,5.3500000000000005,0.7498264012045686,-1.0
2022-02-12,541.0,0.4,0.08,0.4,12.600632033467374,0.18142062495407413,0.2,0.7383263540031065,-9.0
2022-02-13,540.0,0.0,0.72,0.0,10.710537228447267,0.15402254609459615,1.7999999999999998,0.7266075247685656,-1.0
2022-02-14,550.0,0.0,2.39,0.0,9.103956644180176,0.1307341790640399,5.9750000000000005,0.7146733860429609,10.0
2022-02-15,553.0,0.2,2.59,0.2,7.93836314755315,0.11383818926825702,6.475,0.702527474169157,3.0
2022-02-16,545.0,1.6,5.25,1.6,8.347608675420178,0.11977045320317124,13.125,0.6901733882429719,-8.0
2022-02-17,537.0,15.9,5.13,15.9,22.99546737410715,0.33210011343142987,12.825,0.6776147890466889,-8.0
2022-02-18,537.0,5.0,3.3,5.0,24.546147267991078,0.3545781658050973,8.25,0.6648553979642865,0.0
2022-02-19,533.0,5.9,3.97,5.9,26.76422517779242,0.38673056013356955,9.925,0.6518989958787126,-4.0
2022-02-20,534.0,2.6,2.4,2.6,25.349591401123558,0.36622457933963665,6.0,0.6387494220515272,1.0
2022-02-21,537.0,6.2,4.47,6.2,27.747152690955023,0.4009786949082128,11.174999999999999,0.6254105729852463,3.0
2022-02-22,537.0,1.6,1.37,1.6,25.18507978731177,0.3638398829971337,3.4250000000000003,0.6118864012687243,0.0
2022-02-23,548.0,1.0,0.92,1.0,22.407317819215006,0.32357452633214656,2.3000000000000003,0.5981809144059164,11.0
2022-02-24,543.0,0.0,2.33,0.0,19.046220146332754,0.2748533622659577,5.825,0.5842981736283683,-5.0
2022-02-25,535.0,1.4,3.57,1.4,17.58928712438284,0.25373422807102686,8.924999999999999,0.5702422926917871,-8.0
2022-02-26,538.0,0.0,2.49,0.0,14.950894055725412,0.21548910874400598,6.2250000000000005,0.5560174366570446,3.0
2022-02-27,541.0,0.0,-1.86,0.0,12.7082599473666,0.18298075731603822,0.0,0.5416278206559814,3.0
2022-02-28,537.0,0.0,-2.41,0.0,10.802020955261609,0.15534865860226565,0.0,0.5270777086423722,-4.0
2022-03-01,539.0,0.0,-1.65,0.0,9.181717811972367,0.13186137469555895,0.0,0.5123714121284237,2.0
2022-03-02,537.0,0.0,-2.37,0.0,7.804460140176512,0.11189718337485827,0.0,0.49751328890718066,-2.0
2022-03-03,536.0,0.0,-0.45,0.0,6.633791119150035,0.09492762075226269,0.0,0.48250774176121847,-1.0
2022-03-04,532.0,0.0,1.31,0.0,5.63872245127753,0.08050349252305644,3.2750000000000004,0.46735921715800227,-4.0
2022-03-05,531.0,0.0,-1.62,0.0,4.7929140835859,0.06824298352823112,0.0,0.45207220393230435,-1.0
2022-03-06,540.0,0.0,-1.73,0.0,4.0739769710480145,0.0578215508826296,0.0,0.43665123195606403,9.0
2022-03-07,549.0,0.0,1.3,0.0,3.462880425390812,0.04896333313386832,3.25,0.4211008707960896,9.0
2022-03-08,551.0,1.7,0.7,1.7,4.64344836158219,0.06607638657903582,1.75,0.40542572835999735,2.0
2022-03-09,548.0,1.0,-1.27,1.0,4.946931107344861,0.07047555437676337,0.0,0.38963044953078796,-3.0
2022-03-10,542.0,0.0,-4.52,0.0,4.204891441243132,0.05971923610388201,0.0,0.37371971479046906,-6.0
2022-03-11,536.0,0.0,-3.47,0.0,3.574157725056662,0.05057636557193286,0.0,0.35769823883312546,-6.0
2022-03-12,533.0,0.0,-0.17,0.0,3.0380340662981626,0.04280492561977609,0.0,0.3415707691678556,-3.0
2022-03-13,530.0,0.0,-0.0,0.0,2.582328956353438,0.03619920166044283,0.0,0.3253420847119801,-3.0
2022-03-14,528.0,0.0,0.23,0.0,2.1949796129004224,0.030584336295009566,0.5750000000000001,0.30901699437494745,-2.0
2022-03-15,526.0,0.0,1.79,0.0,1.865732670965359,0.025811700734391287,4.475,0.29260033563334836,-2.0
2022-03-16,521.0,0.0,3.0,0.0,1.585872770320555,0.02175496050786575,7.5,0.27609697309746883,-5.0
2022-03-17,516.0,0.0,0.63,0.0,1.3479918547724719,0.018306731315319045,1.575,0.2595117970697999,-5.0
2022-03-18,518.0,0.0,0.43,0.0,1.1457930765566011,0.015375736501654346,1.075,0.2428497220959356,2.0
2022-03-19,516.0,0.0,1.44,0.0,0.9739241150731109,0.012884390910039352,3.5999999999999996,0.22611568550828828,-2.0
2022-03-20,511.0,0.0,2.26,0.0,0.8278354978121443,0.010766747157166606,5.6499999999999995,0.20931464596304847,-5.0
2022-03-21,508.0,0.0,3.75,0.0,0.7036601731403226,0.008966749967224772,9.375,0.19245158197082998,-3.0
2022-03-22,520.0,0.0,4.77,0.0,0.5981111471692742,0.0074367523557742135,11.924999999999999,0.1755314904214282,12.0
2022-03-23,528.0,0.0,6.65,0.0,0.508394475093883,0.006136254386041239,16.625,0.15855938510313478,8.0
2022-03-24,523.0,0.0,4.48,0.0,0.43213530382980053,0.005030831111768209,11.200000000000001,0.141540295217043,-5.0
2022-03-25,520.0,0.0,7.08,0.0,0.3673150082553304,0.004091221328636135,17.7,0.12447926388678915,-3.0
2022-03-26,518.0,0.0,7.0,0.0,0.31221775701703086,0.003292553012973872,17.5,0.10738134666416309,-2.0
2022-03-27,524.0,0.0,2.84,0.0,0.26538509346447625,0.002613684944660949,7.1,0.09025161003104117,6.0
2022-03-28,517.0,0.0,8.06,0.0,0.2255773294448048,0.0020366470865949638,20.150000000000002,0.07309512989807777,-7.0
2022-03-29,520.0,0.0,4.72,0.0,0.19174073002808406,0.0015461649072388765,11.799999999999999,0.055916990100603484,3.0
2022-03-30,520.0,0.0,-0.94,0.0,0.16297962052387144,0.0011292550547862023,0.0,0.03872228089217446,0.0
2022-03-31,502.0,0.0,-0.08,0.0,0.13853267744529071,0.0007748816802014292,0.0,0.021516097436222254,-18.0
2022-04-01,501.0,0.0,2.09,0.0,0.11775277582849711,0.0004736643118043722,5.225,0.004303538296244289,-1.0
2022-04-02,508.0,0.0,2.53,0.0,0.10008985945422254,0.00021762954866687373,6.324999999999999,-0.01291029607500882,7.0
2022-04-03,504.0,0.0,0.95,0.0,0.08507638053608915,0.0,2.375,-0.030120304846908114,-4.0
2022-04-04,511.0,1.0,2.69,1.0,1.0723149234556757,0.014310625784582916,6.725,-0.04732138832243185,7.0
2022-04-05,515.0,3.0,2.47,3.0,3.911467684937324,0.05546587950337792,6.175000000000001,-0.06450844944931623,4.0
2022-04-06,514.0,3.8,4.05,3.8,7.124747532196725,0.10204433388511347,10.125,-0.08167639533042241,-1.0
2022-04-07,504.0,0.5,11.68,0.5,6.5560354023672165,0.0938005041364545,29.2,-0.09882013873287143,-10.0
2022-04-08,503.0,0.7,7.1,0.7,6.272630092012134,0.08969237103028431,17.75,-0.11593459959550041,-1.0
2022-04-09,504.0,0.0,4.92,0.0,5.331735578210314,0.07605353025937484,12.3,-0.1330147065341959,1.0
2022-04-10,503.0,0.3,3.91,0.3,4.831975241478767,0.06880919887438669,9.775,-0.1500553983446526,-1.0
2022-04-11,511.0,0.0,3.87,0.0,4.107178955256952,0.05830283392686184,9.675,-0.16705162550211924,8.0
2022-04-12,511.0,0.0,4.29,0.0,3.491102111968409,0.04937242372146571,10.725,-0.18399835165768005,0.0
2022-04-13,506.0,0.0,6.07,0.0,2.9674367951731475,0.041781575046879016,15.175,-0.20089055513063506,-5.0
2022-04-14,502.0,0.0,9.89,0.0,2.522321275897175,0.035329353673480314,24.725,-0.21772323039653177,-4.0
2022-04-15,506.0,3.8,7.7,3.8,5.943973084512598,0.08492828692970052,19.25,-0.23449138957040985,4.0
2022-04-16,505.0,0.0,4.86,0.0,5.0523771218357085,0.0720040587738786,12.15,-0.25119006388481935,-1.0
2022-04-17,507.0,0.0,5.01,0.0,4.294520553560353,0.06101846484142997,12.524999999999999,-0.2678143051621742,2.0
2022-04-18,506.0,0.0,6.78,0.0,3.6503424705262995,0.05168070999884862,16.95,-0.2843591872810034,-1.0
2022-04-19,511.0,5.1,7.0,5.1,8.202791099947355,0.11767123397749828,17.5,-0.30081980763566735,5.0
2022-04-20,509.0,4.1,8.88,4.1,11.072372434955252,0.1592675684584007,22.200000000000003,-0.3171912885891061,-2.0
2022-04-21,510.0,0.0,10.95,0.0,9.411516569711964,0.13519244807327377,27.375,-0.3334687789181868,1.0
2022-04-22,509.0,0.2,9.97,0.2,8.199789084255169,0.11762771792610581,24.925,-0.3496474552512284,-1.0
2022-04-23,510.0,8.6,7.53,8.6,15.569820721616892,0.22446082886899102,18.825,-0.36572252349726897,1.0
2022-04-24,507.0,3.1,7.71,3.1,16.33434761337436,0.23554311321521976,19.275,-0.3816892202666588,-3.0
2022-04-25,514.0,0.0,8.5,0.0,13.884195471368205,0.20002666111656997,21.25,-0.39754281428255595,7.0
2022-04-26,515.0,0.0,10.59,0.0,11.801566150662975,0.16983767683271764,26.475,-0.4132786077829042,1.0
2022-04-27,516.0,0.0,7.71,0.0,10.031331228063529,0.14417704019144315,19.275,-0.4288919379124835,1.0
2022-04-28,512.0,0.0,5.78,0.0,8.526631543853998,0.12236549904635982,14.450000000000001,-0.4443781781046132,-4.0
2022-04-29,514.0,0.0,6.3,0.0,7.247636812275898,0.103825689073039,15.75,-0.45973273945210397,2.0
2022-04-30,517.0,0.0,6.86,0.0,6.160491290434513,0.08806685059571631,17.150000000000002,-0.47495107206704995,3.0
2022-05-01,513.0,0.0,8.61,0.0,5.2364175968693365,0.07467183788999203,21.525,-0.49002866642905923,-4.0
2022-05-02,516.0,0.0,8.43,0.0,4.4509549573389355,0.06328607709012637,21.075,-0.5049610547215204,3.0
2022-05-03,513.0,0.1,9.03,0.1,3.8833117137380952,0.055057741500335544,22.575,-0.5197438121555155,-3.0
2022-05-04,516.0,0.0,6.17,0.0,3.300814956677381,0.046614095158918366,15.425,-0.5343725582809787,3.0
2022-05-05,512.0,0.1,10.67,0.1,2.9056927131757737,0.040886556858808744,26.675,-0.548842958284719,-4.0
2022-05-06,513.0,11.1,10.77,11.1,13.569838806199407,0.19546986921416293,26.924999999999997,-0.5631507242749186,1.0
2022-05-07,513.0,0.3,13.43,0.3,11.834362985269497,0.1703130869859566,33.575,-0.5772916165517272,0.0
2022-05-08,516.0,0.0,11.28,0.0,10.059208537479073,0.14458113882169626,28.2,-0.5912614448635781,3.0
2022-05-09,514.0,0.0,8.11,0.0,8.550327256857212,0.12270898288207499,20.275,-0.6050560696488488,-2.0
2022-05-10,510.0,0.0,10.23,0.0,7.26777816832863,0.1041176503333969,25.575000000000003,-0.6186714032625031,-4.0
2022-05-11,506.0,0.2,14.68,0.2,6.377611443079336,0.09121413984721048,36.7,-0.6321034111873487,-4.0
2022-05-12,510.0,10.5,13.09,10.5,15.920969726617436,0.22955094821373456,32.725,-0.6453481132295501,4.0
2022-05-13,509.0,0.0,12.08,0.0,13.53282426762482,0.1949333208653075,30.2,-0.6584015846980488,-1.0
2022-05-14,509.0,3.9,10.63,3.9,15.402900627481097,0.22204122013284863,26.575000000000003,-0.6712599575675313,0.0
2022-05-15,507.0,0.1,11.96,0.1,13.192465533358932,0.18999961308664945,29.900000000000002,-0.6839194216246106,-2.0
2022-05-16,507.0,0.0,10.95,0.0,11.213595703355093,0.1613146860072852,27.375,-0.6963762255968722,0.0
2022-05-17,508.0,0.5,7.26,0.5,10.03155634785183,0.14418030344030047,18.15,-0.7086266782644596,1.0
2022-05-18,507.0,0.0,10.4,0.0,8.526822895674055,0.12236827280788856,26.0,-0.7206671495538609,-1.0
2022-05-19,504.0,0.0,13.89,0.0,7.247799461322947,0.10382804677033843,34.725,-0.7324940716135789,-3.0
2022-05-20,506.0,0.1,16.51,0.1,6.260629542124504,0.0895184157285158,41.275000000000006,-0.7441039398713607,2.0
2022-05-21,504.0,23.2,11.84,23.2,28.52153511080583,0.412203841154906,29.6,-0.7554933140726803,-2.0
2022-05-22,508.0,0.6,11.15,0.6,24.843304844184956,0.35888564640587317,27.875,-0.766658819300159,4.0
2022-05-23,510.0,0.0,12.58,0.0,21.116809117557214,0.30486781432862536,31.45,-0.777597146973627,2.0
2022-05-24,505.0,0.0,14.45,0.0,17.94928774992363,0.25895265706296466,36.125,-0.7883050558305255,-5.0
2022-05-25,505.0,21.1,15.05,21.1,36.356894587435086,0.5257821633971931,37.625,-0.7987793728863649,0.0
2022-05-26,502.0,3.6,12.78,3.6,34.503360399319824,0.49891405301466646,31.95,-0.8090169943749473,-3.0
2022-05-27,504.0,2.8,11.0,2.8,32.12785633942185,0.46447967046875893,27.5,-0.8190148866680801,2.0
2022-05-28,507.0,3.7,9.22,3.7,31.00867788850857,0.4482564951155923,23.05,-0.8287700871745037,3.0
2022-05-29,507.0,5.3,11.12,5.3,31.657376205232282,0.45765977350692033,27.799999999999997,-0.8382797052177743,0.0
2022-05-30,514.0,25.1,10.87,25.1,52.008769774447444,0.7526656559783546,27.174999999999997,-0.8475409228928311,7.0
2022-05-31,515.0,0.3,12.82,0.3,44.50745430828032,0.6439295057355194,32.05,-0.8565509959010036,1.0
2022-06-01,519.0,14.0,12.79,14.0,51.831336162038276,0.7500936473721214,31.974999999999998,-0.865307254363206,4.0
2022-06-02,515.0,5.8,11.98,5.8,49.85663573773253,0.7214691583754449,29.950000000000003,-0.8738071036110808,-4.0
2022-06-03,505.0,0.0,13.62,0.0,42.378140377072654,0.6130637995027614,34.05,-0.8820480249558537,-10.0
2022-06-04,511.0,0.8,15.96,0.8,36.82141932051175,0.5325157331817401,39.900000000000006,-0.8900275764346767,6.0
2022-06-05,513.0,0.0,15.91,0.0,31.298206422434987,0.4524533880881121,39.775,-0.8977433935342337,2.0
2022-06-06,511.0,0.0,17.68,0.0,26.603475459069738,0.38440039475852844,44.2,-0.9051931898913974,-2.0
2022-06-07,511.0,0.1,19.35,0.1,22.712954140209277,0.32800491151847727,48.375,-0.9123747579707273,0.0
2022-06-08,511.0,1.8,18.97,1.8,21.106011019177885,0.3047112892960484,47.425,-0.9192859697186104,0.0
2022-06-09,508.0,1.1,20.75,1.1,19.040109366301202,0.27476478277631905,51.875,-0.9259247771938498,-3.0
2022-06-10,512.0,0.0,21.46,0.0,16.184092961356022,0.23336508024350433,53.650000000000006,-0.9322892131745133,4.0
2022-06-11,505.0,0.0,17.19,0.0,13.756479017152618,0.19817533309061186,42.975,-0.9383773917408641,-7.0
2022-06-12,505.0,0.0,18.0,0.0,11.693007164579726,0.16826404801065326,45.0,-0.9441875088341993,0.0
2022-06-13,508.0,26.2,15.49,26.2,36.13905608989276,0.5226244612975721,38.725,-0.9497178427914316,3.0
2022-06-14,515.0,11.1,13.67,11.1,41.81819767640884,0.6049470879871117,34.175,-0.9549667548552551,7.0
2022-06-15,504.0,1.1,15.72,1.1,36.64546802494752,0.5299652116637229,39.300000000000004,-0.9599326896597447,-11.0
2022-06-16,509.0,5.7,14.55,5.7,36.84864782120539,0.5329104269332112,36.375,-0.9646141756912435,5.0
2022-06-17,511.0,0.0,16.37,0.0,31.32135064802458,0.45278887777686266,40.925000000000004,-0.9690098257244062,2.0
2022-06-18,509.0,0.1,17.37,0.1,26.723148050820893,0.38613512208406137,43.425000000000004,-0.9731183372332619,-2.0
2022-06-19,503.0,0.1,19.69,0.1,22.814675843197758,0.3294794297451803,49.225,-0.9769384927771817,-6.0
2022-06-20,504.0,3.1,14.79,3.1,22.492474466718097,0.3248089239599807,36.974999999999994,-0.980469160361632,1.0
2022-06-21,515.0,45.5,12.98,45.5,64.61860329671038,0.9354528962428307,32.45,-0.9837092937736097,11.0
2022-06-22,523.0,0.0,16.64,0.0,54.925812802203815,0.7949499766900393,41.6,-0.986657932891657,8.0
2022-06-23,518.0,0.0,18.07,0.0,46.68694088187324,0.6755224950701665,45.175,-0.9893142039703663,-5.0
2022-06-24,511.0,0.0,20.17,0.0,39.68389974959226,0.5740091356932747,50.425000000000004,-0.99167731989929,-7.0
2022-06-25,501.0,0.0,22.41,0.0,33.731314787153416,0.48772278022291665,56.025,-0.993746580436178,-10.0
2022-06-26,502.0,0.0,23.65,0.0,28.671617569080404,0.41437937807311226,59.125,-0.9955213724144752,1.0
2022-06-27,505.0,0.0,24.39,0.0,24.370874933718344,0.3520374862457786,60.975,-0.9970011699250151,3.0
2022-06-28,501.0,10.8,23.31,10.8,31.515243693660594,0.4555994759228024,58.275,-0.9981855344718586,-4.0
2022-06-29,503.0,0.0,23.55,0.0,26.787957139611503,0.38707456941801516,58.875,-0.99907411510223,2.0
2022-06-30,499.0,0.0,24.4,0.0,22.769763568669777,0.32882839888894605,61.0,-0.9996666485105112,-4.0
2022-07-01,503.0,0.0,25.0,0.0,19.354299033369312,0.2793191539392373,62.5,-0.9999629591162655,4.0
2022-07-02,501.0,1.1,22.28,1.1,17.551154178363916,0.25318146772302963,55.7,-0.9999629591162655,-2.0
2022-07-03,494.0,0.0,19.95,0.0,14.918481051609328,0.21501926244820835,49.875,-0.9996666485105112,-7.0
2022-07-04,503.0,0.0,22.3,0.0,12.680708893867928,0.18258138796461024,55.75,-0.99907411510223,9.0
2022-07-05,519.0,0.1,20.25,0.1,10.878602559787739,0.15645875574364684,50.625,-0.9981855344718586,16.0
2022-07-06,526.0,23.8,15.34,23.8,33.04681217581958,0.47780049670833735,38.35,-0.9970011699250151,7.0
2022-07-07,518.0,0.2,16.18,0.2,28.289790349446644,0.4088445592659098,40.45,-0.9955213724144752,-8.0
2022-07-08,523.0,12.8,17.2,12.8,36.846321797029645,0.5328767097918135,43.0,-0.9937465804361781,5.0
2022-07-09,530.0,0.0,16.56,0.0,31.319373527475197,0.4527602182066745,41.4,-0.99167731989929,7.0
2022-07-10,522.0,0.0,16.29,0.0,26.621467498353915,0.38466120035930645,40.724999999999994,-0.9893142039703664,-8.0
2022-07-11,531.0,1.3,16.65,1.3,23.92824737360083,0.34562132936027834,41.625,-0.9866579328916572,9.0
2022-07-12,539.0,33.0,16.12,33.0,53.33901026756071,0.771948304571212,40.300000000000004,-0.9837092937736098,8.0
2022-07-13,541.0,0.4,17.85,0.4,45.7381587274266,0.6617693181295432,44.625,-0.9804691603616321,2.0
2022-07-14,534.0,0.0,17.77,0.0,38.87743491831261,0.5623189352937449,44.425,-0.9769384927771817,-7.0
2022-07-15,530.0,1.6,15.15,1.6,34.645819680565715,0.5009790873248359,37.875,-0.973118337233262,-4.0
2022-07-16,528.0,3.1,14.8,3.1,32.54894672848086,0.4705836329026879,37.0,-0.9690098257244063,-2.0
2022-07-17,527.0,1.6,15.2,1.6,29.26660471920873,0.42300408029243747,38.0,-0.9646141756912435,-1.0
2022-07-18,531.0,0.7,15.24,0.7,25.57661401132742,0.3695154107628698,38.1,-0.9599326896597445,4.0
2022-07-19,535.0,0.0,19.61,0.0,21.740121909628304,0.31390311403207244,49.025,-0.9549667548552553,4.0
2022-07-20,541.0,0.0,19.0,0.0,18.47910362318406,0.2666326618108948,47.5,-0.9497178427914317,6.0
2022-07-21,531.0,0.0,21.67,0.0,15.70723807970645,0.22645277742289371,54.175000000000004,-0.9441875088341994,-10.0
2022-07-22,517.0,0.0,23.32,0.0,13.351152367750482,0.19229987569309281,58.3,-0.9383773917408642,-14.0
2022-07-23,512.0,0.0,21.86,0.0,11.34847951258791,0.16326990922276205,54.65,-0.9322892131745134,-5.0
2022-07-24,504.0,12.4,17.98,12.4,22.046207585699722,0.3183400128947579,44.95,-0.9259247771938499,-8.0
2022-07-25,506.0,0.0,18.5,0.0,18.739276447844762,0.27040402584417733,46.25,-0.9192859697186105,2.0
2022-07-26,510.0,0.9,20.4,0.9,16.828384980668048,0.24270448666203867,51.0,-0.9123747579707274,4.0
2022-07-27,522.0,4.8,17.57,4.8,19.10412723356784,0.27569276087092487,43.925,-0.9051931898913975,12.0
2022-07-28,522.0,0.7,16.5,0.7,16.938508148532662,0.2443007892545841,41.25,-0.8977433935342336,0.0
2022-07-29,521.0,0.0,16.37,0.0,14.397731926252762,0.20747068575002964,40.925000000000004,-0.8900275764346766,-1.0
2022-07-30,515.0,0.0,17.9,0.0,12.238072137314846,0.17616509777115835,44.75,-0.8820480249558535,-6.0
2022-07-31,506.0,20.8,16.72,20.8,31.20236131671762,0.4510640547288728,41.8,-0.8738071036110807,-9.0
2022-08-01,505.0,2.6,17.55,2.6,29.12200711920998,0.4209080497456444,43.875,-0.8653072543632061,-1.0
2022-08-02,513.0,0.0,18.15,0.0,24.753706051328482,0.3575868571674309,45.375,-0.8565509959010037,8.0
2022-08-03,516.0,0.0,18.34,0.0,21.040650143629207,0.30376384347594937,45.85,-0.8475409228928312,3.0
2022-08-04,523.0,0.0,19.95,0.0,17.884552622084826,0.25801428183819014,49.875,-0.8382797052177745,7.0
2022-08-05,523.0,0.0,22.48,0.0,15.2018697287721,0.21912715444609476,56.2,-0.828770087174504,0.0
2022-08-06,505.0,3.4,17.5,3.4,16.321589269456286,0.23535817322604288,43.75,-0.8190148866680802,-18.0
2022-08-07,493.0,0.0,16.32,0.0,13.873350879037842,0.19986946212576961,40.8,-0.8090169943749472,-12.0
2022-08-08,499.0,0.0,16.89,0.0,11.792348247182165,0.1697040576905373,42.225,-0.7987793728863648,6.0
2022-08-09,516.0,0.1,17.82,0.1,10.123496010104839,0.14551302501068483,44.55,-0.7883050558305253,17.0
2022-08-10,516.0,0.0,18.37,0.0,8.604971608589112,0.12350108614271525,45.925000000000004,-0.7775971469736268,0.0
2022-08-11,518.0,0.0,19.04,0.0,7.314225867300745,0.10479093810494113,47.599999999999994,-0.7666588193001592,2.0
2022-08-12,524.0,0.0,20.54,0.0,6.217091987205634,0.08888731227283311,51.349999999999994,-0.7554933140726804,6.0
2022-08-13,529.0,0.0,21.31,0.0,5.284528189124789,0.07536923031554131,53.275,-0.7441039398713608,5.0
2022-08-14,520.0,0.0,22.48,0.0,4.49184896075607,0.06387886065184327,56.2,-0.7324940716135792,-9.0
2022-08-15,515.0,0.0,24.29,0.0,3.81807161664266,0.05411204643769993,60.724999999999994,-0.7206671495538615,-5.0
2022-08-16,522.0,0.3,24.5,0.3,3.5453608741462608,0.050158937625963025,61.25,-0.7086266782644601,7.0
2022-08-17,541.0,0.1,23.46,0.1,3.1135567430243216,0.043899672955796706,58.650000000000006,-0.6963762255968726,19.0
2022-08-18,537.0,0.0,24.21,0.0,2.6465232315706735,0.037129736896060354,60.525000000000006,-0.6839194216246105,-4.0
2022-08-19,529.0,0.0,24.94,0.0,2.249544746835072,0.03137529124528446,62.35,-0.6712599575675315,-8.0
2022-08-20,521.0,0.0,21.72,0.0,1.9121130348098114,0.026484012442124946,54.3,-0.6584015846980489,-8.0
2022-08-21,516.0,0.0,20.57,0.0,1.6252960795883398,0.022326425459439362,51.425,-0.64534811322955,-5.0
2022-08-22,514.0,0.0,21.84,0.0,1.3815016676500889,0.018792476524156616,54.6,-0.6321034111873488,-2.0
2022-08-23,519.0,0.0,23.72,0.0,1.1742764175025755,0.01578861992916628,59.3,-0.6186714032625032,5.0
2022-08-24,528.0,0.0,23.83,0.0,0.9981349548771892,0.013235341823424496,59.574999999999996,-0.6050560696488494,9.0
2022-08-25,538.0,2.8,23.96,2.8,3.6484147116456107,0.05165276595620331,59.900000000000006,-0.5912614448635782,10.0
2022-08-26,538.0,11.6,21.49,11.6,14.701152504898769,0.21186895239742318,53.724999999999994,-0.5772916165517278,0.0
2022-08-27,535.0,0.0,22.26,0.0,12.495979629163953,0.17990362442144286,55.650000000000006,-0.5631507242749187,-3.0
2022-08-28,528.0,0.0,21.44,0.0,10.62158268478936,0.15273309564185958,53.6,-0.5488429582847199,-7.0
2022-08-29,534.0,0.2,19.37,0.2,9.228345282070954,0.13253726835940374,48.425000000000004,-0.5343725582809785,6.0
2022-08-30,520.0,0.3,18.28,0.3,8.14409348976031,0.11682037625941126,45.7,-0.5197438121555157,-14.0
2022-08-31,511.0,0.1,14.14,0.1,7.0224794662962635,0.1005618957942277,35.35,-0.5049610547215202,-9.0
2022-09-01,509.0,0.0,12.37,0.0,5.9691075463518235,0.0852926263087267,30.924999999999997,-0.4900286664290594,-2.0
2022-09-02,505.0,0.0,11.59,0.0,5.07374141439905,0.07231374724605084,28.975,-0.4749510720670502,-4.0
2022-09-03,498.0,0.0,11.52,0.0,4.312680202239193,0.06128170004277638,28.799999999999997,-0.4597327394521046,-7.0
2022-09-04,494.0,0.0,10.88,0.0,3.665778171903314,0.051904459919993075,27.200000000000003,-0.44437817810461344,-4.0
2022-09-05,499.0,0.1,10.65,0.1,3.2159114461178167,0.04538336690572225,26.625,-0.4288919379124841,5.0
2022-09-06,499.0,0.0,10.21,0.0,2.733524729200144,0.03839087675349706,25.525000000000002,-0.41327860778290443,0.0
2022-09-07,506.0,0.1,12.22,0.1,2.4234960198201225,0.03389682121420064,30.55,-0.3975428142825566,7.0
2022-09-08,519.0,0.0,12.9,0.0,2.059971616847104,0.0286273129157037,32.25,-0.3816892202666586,13.0
2022-09-09,496.0,0.0,11.69,0.0,1.7509758743200383,0.0241482308619813,29.224999999999998,-0.3657225234972692,-23.0
2022-09-10,498.0,0.0,11.67,0.0,1.4883294931720326,0.020341011116317264,29.175,-0.34964745525122826,2.0
2022-09-11,504.0,7.4,9.95,7.4,8.665080069196229,0.12437239499953108,24.875,-0.33346877891818705,6.0
2022-09-12,513.0,0.0,11.27,0.0,7.365318058816794,0.10553155063323458,28.174999999999997,-0.31719128858910595,9.0
2022-09-13,526.0,0.2,12.2,0.2,6.460520349994275,0.0924159551020725,30.5,-0.300819807635668,13.0
2022-09-14,514.0,2.0,13.98,2.0,7.491442297495134,0.1073597985222943,34.95,-0.2843591872810036,-12.0
2022-09-15,504.0,0.9,14.23,0.9,7.2677259528708635,0.1041168934384381,35.575,-0.26781430516217486,-10.0
2022-09-16,497.0,0.1,12.17,0.1,6.277567059940234,0.08976393539640051,30.425,-0.25119006388481957,-7.0
2022-09-17,499.0,3.4,11.49,3.4,8.735932000949198,0.12539943703380277,28.725,-0.23449138957041052,2.0
2022-09-18,490.0,0.0,9.72,0.0,7.425542200806818,0.10640453636236552,24.3,-0.21772323039653224,-9.0
2022-09-19,498.0,1.0,11.65,1.0,7.311710870685795,0.1047544816925936,29.125,-0.20089055513063528,8.0
2022-09-20,505.0,0.1,11.94,0.1,6.314954240082925,0.09030588541243269,29.849999999999998,-0.18399835165767986,7.0
2022-09-21,507.0,0.0,11.23,0.0,5.367711104070486,0.07657501748420094,28.075000000000003,-0.1670516255021195,2.0
2022-09-22,510.0,2.6,9.19,2.6,7.162554438459914,0.10259236808767334,22.974999999999998,-0.15005539834465262,3.0
2022-09-23,519.0,0.5,8.83,0.5,6.588171272690927,0.09426633320863037,22.075,-0.13301470653419636,9.0
2022-09-24,518.0,0.0,9.21,0.0,5.599945581787288,0.07994139811096898,23.025000000000002,-0.11593459959550066,-1.0
2022-09-25,511.0,0.0,9.7,0.0,4.759953744519194,0.06776520327795678,24.25,-0.09882013873287211,-7.0
2022-09-26,508.0,0.0,11.14,0.0,4.045960682841315,0.057415437669896416,27.85,-0.08167639533042288,-3.0
2022-09-27,503.0,0.0,10.85,0.0,3.4390665804151177,0.04861813690304511,27.125,-0.06450844944931625,-5.0
2022-09-28,505.0,10.7,10.11,10.7,13.62320659335285,0.19624346789138394,25.275,-0.04732138832243232,2.0
2022-09-29,515.0,0.2,9.76,0.2,11.77972560434992,0.16952108477149944,24.4,-0.03012030484690836,10.0
2022-09-30,518.0,0.0,8.11,0.0,10.012766763697432,0.14390793693940768,20.275,-0.012910296075008843,3.0
2022-10-01,515.0,5.3,9.18,5.3,13.810851749142817,0.1989634990571634,22.95,0.004303538296243821,-3.0
2022-10-02,498.0,1.4,8.38,1.4,13.139223986771395,0.18922784434355172,20.950000000000003,0.021516097436222233,-17.0
2022-10-03,502.0,6.5,8.89,6.5,17.668340388755688,0.2548801534318256,22.225,0.03872228089217399,4.0
2022-10-04,510.0,0.0,11.32,0.0,15.018089330442335,0.21646314530068492,28.3,0.05591699010060302,8.0
2022-10-05,514.0,0.0,11.61,0.0,12.765375930875985,0.18380868838921535,29.025,0.07309512989807776,4.0
2022-10-06,507.0,0.0,12.11,0.0,10.850569541244587,0.1560524000144662,30.275,0.0902516100310407,-7.0
2022-10-07,506.0,0.0,10.6,0.0,9.222984110057899,0.13245955489592942,26.5,0.10738134666416306,-1.0
2022-10-08,506.0,1.4,13.21,1.4,9.239536493549213,0.1326994918065028,33.025000000000006,0.12447926388678869,0.0
2022-10-09,511.0,0.1,9.91,0.1,7.9536060195168305,0.11405914400925553,24.775,0.141540295217043,5.0
2022-10-10,500.0,0.0,7.4,0.0,6.760565116589306,0.09676528729150036,18.5,0.15855938510313475,-11.0
2022-10-11,506.0,0.6,8.81,0.6,6.34648034910091,0.09076287562197831,22.025000000000002,0.17553149042142777,6.0
2022-10-12,513.0,0.3,7.53,0.3,5.694508296735773,0.08131214243259964,18.825,0.19245158197082995,7.0
2022-10-13,509.0,0.3,7.73,0.3,5.140332052225406,0.07327901922162777,19.325000000000003,0.20931464596304888,-4.0
2022-10-14,510.0,0.0,8.47,0.0,4.369282244391595,0.062102181222016765,21.175,0.22611568550828803,1.0
2022-10-15,517.0,0.0,10.41,0.0,3.7138899077328555,0.052601868922347396,26.025,0.2428497220959358,7.0
2022-10-16,500.0,0.2,14.3,0.2,3.3568064215729274,0.0474257256478184,35.75,0.25951179706979943,-17.0
2022-10-17,501.0,0.0,13.7,0.0,2.8532854583369884,0.040126881684278796,34.25,0.27609697309746883,1.0
2022-10-18,508.0,0.0,14.17,0.0,2.42529263958644,0.03392286431527013,35.425,0.2926003356333479,7.0
2022-10-19,512.0,1.1,7.4,1.1,3.1614987436484743,0.04459462154265751,18.5,0.30901699437494723,4.0
2022-10-20,518.0,0.0,5.43,0.0,2.687273932101203,0.03772044319489204,13.575,0.3253420847119795,6.0
2022-10-21,524.0,0.0,7.82,0.0,2.2841828422860226,0.03187739159929139,19.55,0.341570769167856,6.0
2022-10-22,523.0,0.3,7.77,0.3,2.241555415943119,0.031259481013315764,19.424999999999997,0.35769823883312546,-1.0
2022-10-23,510.0,0.7,10.84,0.7,2.605322103551651,0.03653250137561639,27.1,0.3737197147904692,-13.0
2022-10-24,510.0,0.1,11.42,0.1,2.3145237880189033,0.032317202143002065,28.55,0.38963044953078774,0.0
2022-10-25,502.0,11.2,11.96,11.2,13.167345219816067,0.1896354787958222,29.900000000000002,0.4054257283599973,-8.0
2022-10-26,501.0,2.4,11.4,2.4,13.592243436843656,0.19579463802236147,28.5,0.42110087079608916,-1.0
2022-10-27,506.0,0.0,11.55,0.0,11.553406921317107,0.16624045720264038,28.875,0.4366512319560638,5.0
2022-10-28,505.0,0.1,12.34,0.1,9.920395883119541,0.14256896459597246,30.85,0.45207220393230374,-1.0
2022-10-29,504.0,0.0,13.29,0.0,8.43233650065161,0.12099863479020977,33.224999999999994,0.46735921715800205,-1.0
2022-10-30,505.0,0.0,11.18,0.0,7.167486025553869,0.10266385445531145,27.95,0.48250774176121763,1.0
2022-10-31,515.0,0.0,4.18,0.0,6.092363121720788,0.08707929117064789,10.45,0.4975132889071803,10.0
2022-11-01,518.0,0.0,6.9,0.0,5.17850865346267,0.07383241237868386,17.25,0.5123714121284235,3.0
2022-11-02,518.0,2.3,9.1,2.3,6.701732355443269,0.0959124704776989,22.75,0.5270777086423724,0.0
2022-11-03,512.0,0.0,9.15,0.0,5.696472502126778,0.0813406147896772,22.875,0.5416278206559811,-6.0
2022-11-04,513.0,0.0,6.23,0.0,4.842001626807762,0.06895453745485879,15.575000000000001,0.5560174366570446,1.0
2022-11-05,518.0,8.6,7.17,8.6,12.715701382786598,0.18308862546843108,17.925,0.5702422926917867,5.0
2022-11-06,506.0,1.8,6.28,1.8,12.60834617536861,0.18153244615350916,15.700000000000001,0.5842981736283683,-12.0
2022-11-07,500.0,0.0,6.86,0.0,10.717094249063317,0.15411759411411594,17.150000000000002,0.5981809144059159,-6.0
2022-11-08,494.0,0.0,9.62,0.0,9.109530111703819,0.13081496988063168,24.049999999999997,0.6118864012687242,-6.0
2022-11-09,493.0,0.4,8.75,0.4,8.143100594948246,0.11680598364254999,21.875,0.6254105729852457,-1.0
2022-11-10,508.0,6.2,9.29,6.2,13.12163550570601,0.1889728885656892,23.224999999999998,0.6387494220515268,15.0
2022-11-11,509.0,1.4,9.24,1.4,12.553390179850108,0.18073582542579864,23.1,0.6518989958787125,1.0
2022-11-12,507.0,0.5,11.83,0.5,11.170381652872592,0.16068827194603688,29.575,0.6648553979642867,-2.0
2022-11-13,514.0,0.0,9.57,0.0,9.494824404941703,0.13640004603776448,23.925,0.6776147890466887,7.0
2022-11-14,507.0,0.0,3.5,0.0,8.070600744200448,0.11575505401573298,8.75,0.690173388242972,-7.0
2022-11-15,506.0,1.1,5.2,1.1,7.9600106325703806,0.11415198278805093,13.0,0.7025274741691566,-1.0
2022-11-16,507.0,0.8,1.76,0.8,7.5660090376848235,0.10844068897423625,4.4,0.7146733860429608,1.0
2022-11-17,511.0,0.2,-1.17,0.2,6.6311076820321,0.09488872269192393,0.0,0.726607524768565,4.0
2022-11-18,516.0,0.3,-2.19,0.3,5.936441529727285,0.08481911244205342,0.0,0.7383263540031063,5.0
2022-11-19,520.0,0.2,-4.72,0.2,5.245975300268192,0.07481038263956852,0.0,0.749826401204568,4.0
2022-11-20,516.0,0.0,-4.94,0.0,4.459079005227963,0.0634038401272664,0.0,0.7611042586607742,-4.0
2022-11-21,516.0,0.0,-1.3,0.0,3.7902171544437686,0.05370827899180959,0.0,0.7721565844991641,0.0
2022-11-22,516.0,0.0,-1.62,0.0,3.221684581277203,0.045467052026671305,0.0,0.7829801036770625,0.0
2022-11-23,517.0,0.0,-3.89,0.0,2.7384318940856227,0.03846200910630377,0.0,0.7935716089521472,1.0
2022-11-24,513.0,1.5,-2.07,1.5,3.8276671099727793,0.054251138975416,0.0,0.8039279618328208,-4.0
2022-11-25,515.0,0.1,-0.86,0.1,3.353517043476862,0.04737804410283173,0.0,0.8140460935082175,2.0
2022-11-26,515.0,2.3,-0.55,2.3,5.150489486955333,0.07342625744322459,0.0,0.8239230057575536,0.0
2022-11-27,507.0,0.7,-0.17,0.7,5.077916063912033,0.07237426134103889,0.0,0.8335557718385695,-8.0
2022-11-28,508.0,1.5,-0.35,1.5,5.816228654325228,0.08307655337494085,0.0,0.8429415373547832,1.0
2022-11-29,515.0,0.0,0.24,0.0,4.943794356176444,0.0704300852523329,0.6,0.8520775211013093,7.0
2022-11-30,520.0,0.0,0.34,0.0,4.202225202749978,0.05968058734811612,0.8500000000000001,0.8609610158889945,5.0
2022-12-01,523.0,0.0,-2.11,0.0,3.5718914223374814,0.050543514129531855,0.0,0.8695893893466109,3.0
2022-12-02,532.0,0.0,-5.0,0.0,3.036107708986859,0.04277700189373523,0.0,0.8779600847008883,9.0
2022-12-03,521.0,0.2,-4.69,0.2,2.7806915526388303,0.039074588673498056,0.0,0.8860706215341377,-11.0
2022-12-04,514.0,0.0,-0.65,0.0,2.363587819743006,0.03302841525610651,0.0,0.893918596519257,-7.0
2022-12-05,513.0,0.0,-2.83,0.0,2.009049646781555,0.02788916785132369,0.0,0.9015016841318838,-1.0
2022-12-06,519.0,0.8,-1.86,0.8,2.507692199764322,0.03511729627801811,0.0,0.9088176373395028,6.0
2022-12-07,513.0,5.2,-0.19,5.2,7.331538369799674,0.1050418934048873,0.0,0.9158642882672868,-6.0
2022-12-08,504.0,2.5,0.23,2.5,8.731807614329721,0.12533965153016174,0.5750000000000001,0.9226395488404875,-9.0
2022-12-09,512.0,1.7,0.09,1.7,9.122036472180262,0.13099625721588523,0.22499999999999998,0.9291414114031743,8.0
2022-12-10,517.0,0.0,-2.04,0.0,7.753731001353223,0.1111618335171356,0.0,0.935367949313148,5.0
2022-12-11,517.0,11.8,-3.72,11.8,18.39067135115024,0.26535078200440554,0.0,0.941317317512847,0.0
2022-12-12,518.0,2.1,-3.99,2.1,17.732070648477702,0.25580396247937237,0.0,0.946987753076075,1.0
2022-12-13,531.0,3.4,-2.36,3.4,18.472260051206046,0.2665334600543288,0.0,0.9523775757303973,13.0
2022-12-14,537.0,0.0,-6.45,0.0,15.701421043525139,0.2263684559298127,0.0,0.9574851883550389,6.0
2022-12-15,516.0,0.0,-8.05,0.0,13.346207886996368,0.19222820242397393,0.0,0.9623090774541487,-21.0
2022-12-16,520.0,0.0,-5.24,0.0,11.344276703946912,0.163208986944011,0.0,0.9668478136052773,4.0
2022-12-17,518.0,0.0,-8.13,0.0,9.642635198354876,0.13854265378604252,0.0,0.9711000518829505,-2.0
2022-12-18,514.0,0.0,-8.53,0.0,8.196239918601645,0.1175762706017693,0.0,0.9750645322571945,-4.0
2022-12-19,497.0,0.0,-8.28,0.0,6.966803930811398,0.09975484489513707,0.0,0.9787400799669153,-17.0
2022-12-20,493.0,2.9,-0.38,2.9,8.821783341189688,0.12664390465725398,0.0,0.9821256058680006,-4.0
2022-12-21,497.0,3.0,1.79,3.0,10.498515840011233,0.15094916654514828,4.475,0.9852201067560606,4.0
2022-12-22,528.0,5.3,2.16,5.3,14.223738464009546,0.2049485442220429,5.4,0.9880226656636976,31.0
2022-12-23,532.0,3.2,3.0,3.2,15.290177694408115,0.22040723235540888,7.5,0.9905324521322227,4.0
2022-12-24,533.0,0.0,-0.08,0.0,12.996651040246897,0.1871611623857307,0.0,0.9927487224577402,1.0
2022-12-25,542.0,0.0,-2.2,0.0,11.047153384209862,0.15890200291150425,0.0,0.9946708199115211,9.0
2022-12-26,546.0,4.3,-0.62,4.3,13.690080376578383,0.19721284423249574,0.0,0.9962981749346077,4.0
2022-12-27,551.0,0.8,2.87,0.8,12.436568320091625,0.17904242120201433,7.175000000000001,0.9976303053065857,5.0
2022-12-28,563.0,2.5,1.75,2.5,13.071083072077881,0.18824010015771975,4.375,0.9986668162884759,12.0
2022-12-29,566.0,4.0,3.75,4.0,15.110420611266198,0.21780154362149395,9.375,0.9994074007397048,3.0
2022-12-30,564.0,1.4,4.55,1.4,14.243857519576268,0.2052401822232327,11.375,0.9998518392091162,-2.0
2022-12-31,570.0,2.7,5.51,2.7,14.807278891639829,0.2134073192059453,13.774999999999999,1.0,6.0
2023-01-01,574.0,2.1,11.59,2.1,14.686187057893854,0.21165201910068115,28.975,0.9998518392091162,4.0
2023-01-02,545.0,3.6,7.31,3.6,16.083258999209775,0.23190343036263128,18.275,0.9994074007397048,-29.0
2023-01-03,541.0,1.5,5.43,1.5,15.170770149328309,0.2186763470432944,13.575,0.998666816288476,-4.0
2023-01-04,539.0,6.8,1.44,6.8,19.695154626929064,0.28426006399689174,3.5999999999999996,0.9976303053065857,-2.0
2023-01-05,531.0,11.6,2.35,11.6,28.340881432889702,0.4095851557320083,5.875,0.9962981749346078,-8.0
2023-01-06,538.0,0.0,-10.06,0.0,24.089749217956246,0.3479623972558402,0.0,0.9946708199115211,7.0
2023-01-07,528.0,1.3,-7.72,1.3,21.77628683526281,0.314427346722332,0.0,0.9927487224577402,-10.0
2023-01-08,511.0,0.0,-2.4,0.0,18.509843809973386,0.2670782595976154,0.0,0.9905324521322229,-17.0
2023-01-09,521.0,3.6,-0.21,3.6,19.33336723847738,0.27901573478502534,0.0,0.9880226656636976,10.0
2023-01-10,525.0,3.1,1.75,3.1,19.533362152705774,0.281914783243849,4.375,0.9852201067560606,4.0
2023-01-11,523.0,0.0,0.61,0.0,16.603357829799908,0.2394425806409048,1.525,0.9821256058680006,-2.0
2023-01-12,522.0,0.1,3.46,0.1,14.212854155329921,0.20479076951849723,8.65,0.9787400799669153,-1.0
2023-01-13,523.0,5.3,5.03,5.3,17.380926032030434,0.25071390674938954,12.575000000000001,0.9750645322571948,1.0
2023-01-14,527.0,0.5,5.7,0.5,15.273787127225868,0.22016964107108913,14.25,0.9711000518829505,4.0
2023-01-15,527.0,7.2,4.45,7.2,20.182719058141988,0.29132760828089715,11.125,0.9668478136052775,0.0
2023-01-16,533.0,0.0,3.75,0.0,17.15531119942069,0.24744348192239576,9.375,0.9623090774541486,6.0
2023-01-17,534.0,1.8,2.99,1.8,16.382014519507585,0.2362340741393791,7.4750000000000005,0.9574851883550393,1.0
2023-01-18,534.0,9.4,2.48,9.4,23.324712341581446,0.3368727203710331,6.2,0.9523775757303974,0.0
2023-01-19,533.0,3.0,1.8,3.0,22.82600549034423,0.3296436599018606,4.5,0.9469877530760753,-1.0
2023-01-20,534.0,4.3,0.29,4.3,23.702104666792597,0.34234325267429866,0.725,0.9413173175128471,1.0
2023-01-21,535.0,2.5,0.71,2.5,22.646788966773705,0.3270458069091614,1.775,0.9353679493131483,1.0
2023-01-22,526.0,0.0,0.36,0.0,19.249770621757648,0.2778039507564203,0.8999999999999999,0.9291414114031743,-9.0
2023-01-23,548.0,0.0,-0.29,0.0,16.362305028494,0.23594837302659039,0.0,0.9226395488404876,22.0
2023-01-24,553.0,0.0,-1.52,0.0,13.907959274219898,0.200371131956235,0.0,0.9158642882672872,5.0
2023-01-25,539.0,0.0,-0.88,0.0,11.821765383086912,0.1701304770464329,0.0,0.9088176373395029,-14.0
2023-01-26,533.0,0.6,-0.3,0.6,10.648500575623874,0.15312328691367094,0.0,0.901501684131884,-6.0
2023-01-27,535.0,1.1,-0.06,1.1,10.151225489280293,0.1459149807512982,0.0,0.893918596519257,2.0
2023-01-28,528.0,0.0,-0.98,0.0,8.628541665888248,0.12384274852223662,0.0,0.886070621534138,-7.0
2023-01-29,520.0,0.9,-0.37,0.9,8.23426041600501,0.11812740093838907,0.0,0.8779600847008882,-8.0
2023-01-30,515.0,4.3,0.96,4.3,11.29912135360426,0.16255443255534785,2.4,0.869589389346611,-5.0
2023-01-31,520.0,0.8,1.85,0.8,10.40425315056362,0.14958277127643863,4.625,0.8609610158889943,5.0
2023-02-01,525.0,10.9,1.16,10.9,19.74361517797908,0.2849625292889584,2.9,0.8520775211013093,5.0
2023-02-02,529.0,1.4,1.07,1.4,18.182072901282215,0.2623270200405774,2.6750000000000003,0.8429415373547828,4.0
2023-02-03,529.0,0.0,-0.77,0.0,15.454761966089881,0.22279298191812397,0.0,0.8335557718385699,0.0
2023-02-04,527.0,0.1,-2.32,0.1,13.236547671176398,0.19063861060413348,0.0,0.8239230057575542,-2.0
2023-02-05,526.0,0.0,-5.22,0.0,11.251065520499937,0.1618578338971466,0.0,0.8140460935082178,-1.0
2023-02-06,538.0,0.1,-1.42,0.1,9.663405692424947,0.13884373478630274,0.0,0.8039279618328213,12.0
2023-02-07,538.0,0.0,-0.29,0.0,8.213894838561204,0.11783218945199049,0.0,0.7935716089521474,0.0
2023-02-08,534.0,0.0,0.24,0.0,6.981810612777023,0.09997237591782507,0.6,0.7829801036770629,-4.0
2023-02-09,519.0,0.0,-0.03,0.0,5.93453902086047,0.08479153441378447,0.0,0.7721565844991642,-15.0
2023-02-10,512.0,0.1,0.54,0.1,5.144358167731399,0.07333738022544492,1.35,0.7611042586607747,-7.0
2023-02-11,517.0,5.6,1.8,5.6,9.97270444257169,0.14332720912058,4.5,0.7498264012045686,5.0
2023-02-12,529.0,0.0,-0.21,0.0,8.476798776185936,0.12164314263612616,0.0,0.7383263540031065,12.0
2023-02-13,529.0,0.0,3.87,0.0,7.205278959758045,0.1032116861243404,9.675,0.7266075247685656,0.0
2023-02-14,524.0,0.0,2.1,0.0,6.124487115794339,0.08754494808932249,5.25,0.7146733860429609,-5.0
2023-02-15,525.0,0.0,0.65,0.0,5.205814048425188,0.07422822075955728,1.625,0.702527474169157,1.0
2023-02-16,508.0,0.3,0.53,0.3,4.7249419411614095,0.06725768579954178,1.3250000000000002,0.6901733882429719,-17.0
2023-02-17,521.0,6.4,3.07,6.4,10.416200649987198,0.14975595757932214,7.675,0.6776147890466889,13.0
2023-02-18,516.0,5.3,4.05,5.3,14.153770552489117,0.20393431660109068,10.125,0.6648553979642865,-5.0
2023-02-19,516.0,0.0,2.05,0.0,12.03070496961575,0.17315918399456023,5.125,0.6518989958787126,0.0
2023-02-20,524.0,9.8,0.92,9.8,20.026099224173386,0.289057308108317,2.3000000000000003,0.6387494220515272,8.0
2023-02-21,533.0,0.3,2.35,0.3,17.322184340547377,0.2498624100459875,5.875,0.6254105729852463,9.0
2023-02-22,540.0,0.0,-2.15,0.0,14.72385668946527,0.21219806342272254,0.0,0.6118864012687243,7.0
2023-02-23,525.0,0.0,-2.27,0.0,12.51527818604548,0.18018336879294733,0.0,0.5981809144059164,-15.0
2023-02-24,520.0,4.7,1.57,4.7,15.337986458138658,0.22110024959210225,3.9250000000000003,0.5842981736283683,-5.0
2023-02-25,521.0,0.4,0.73,0.4,13.43728848941786,0.1935484713973,1.825,0.5702422926917871,1.0
2023-02-26,531.0,0.1,-1.92,0.1,11.52169521600518,0.1657807766614331,0.0,0.5560174366570446,10.0
2023-02-27,541.0,0.0,-2.12,0.0,9.793440933604403,0.14072867504585132,0.0,0.5416278206559814,10.0
2023-02-28,545.0,0.0,-0.45,0.0,8.324424793563743,0.11943438867260678,0.0,0.5270777086423722,4.0
2023-03-01,542.0,0.0,2.45,0.0,7.075761074529182,0.10133424525534893,6.125,0.5123714121284237,-3.0
2023-03-02,534.0,0.0,2.09,0.0,6.014396913349804,0.08594912335067974,5.225,0.49751328890718066,-8.0
2023-03-03,527.0,0.4,3.07,0.4,5.512237376347334,0.07867001409209083,7.675,0.48250774176121847,-7.0
2023-03-04,521.0,0.2,1.02,0.2,4.885401769895234,0.06958364904210032,2.55,0.46735921715800227,-6.0
2023-03-05,526.0,0.3,-0.43,0.3,4.4525915044109485,0.06330979983970336,0.0,0.45207220393230435,5.0
2023-03-06,529.0,1.0,-2.32,1.0,4.784702778749306,0.06812395564833078,0.0,0.43665123195606403,3.0
2023-03-07,525.0,0.4,-1.58,0.4,4.466997361936911,0.06351862154509423,0.0,0.4211008707960896,-4.0
2023-03-08,506.0,1.0,0.09,1.0,4.7969477576463735,0.06830145409791301,0.22499999999999998,0.40542572835999735,-19.0
2023-03-09,508.0,0.0,-2.33,0.0,4.077405593999417,0.0578712508668592,0.0,0.38963044953078796,2.0
2023-03-10,508.0,6.9,-2.64,6.9,10.365794754899504,0.14902529333701683,0.0,0.37371971479046906,0.0
2023-03-11,504.0,4.0,0.06,4.0,12.810925541664577,0.1844689578238965,0.15,0.35769823883312546,-4.0
2023-03-12,516.0,0.8,-1.75,0.8,11.68928671041489,0.16821011775470499,0.0,0.3415707691678556,12.0
2023-03-13,524.0,6.4,0.6,6.4,16.335893703852655,0.23556552474121079,1.5,0.3253420847119801,8.0
2023-03-14,526.0,6.0,7.79,6.0,19.885509648274756,0.28701937631936086,19.475,0.30901699437494745,2.0
2023-03-15,537.0,0.2,3.49,0.2,17.102683201033543,0.24668060693527985,8.725000000000001,0.29260033563334836,11.0
2023-03-16,534.0,0.0,0.7,0.0,14.537280720878512,0.20949353077862107,1.75,0.27609697309746883,-3.0
2023-03-17,533.0,0.0,2.66,0.0,12.356688612746735,0.17788451604546107,6.65,0.2595117970697999,-1.0
2023-03-18,532.0,0.0,6.55,0.0,10.503185320834724,0.15101685352227506,16.375,0.2428497220959356,-1.0
2023-03-19,541.0,0.0,8.02,0.0,8.927707522709515,0.12817934037756695,20.049999999999997,0.22611568550828828,9.0
2023-03-20,541.0,2.3,8.3,2.3,9.888551394303086,0.14210735927674947,20.75,0.20931464596304847,0.0
2023-03-21,545.0,0.4,6.51,0.4,8.805268685157623,0.12640451462925012,16.275,0.19245158197082998,4.0
2023-03-22,539.0,0.8,7.03,0.8,8.284478382383979,0.11885534103925556,17.575,0.1755314904214282,-6.0
2023-03-23,520.0,3.0,11.36,3.0,10.041806625026382,0.14432888746984968,28.4,0.15855938510313478,-19.0
2023-03-24,523.0,5.2,10.35,5.2,13.735535631272423,0.19787174591794413,25.875,0.141540295217043,3.0
2023-03-25,522.0,4.2,9.42,4.2,15.875205286581561,0.22888756469787466,23.55,0.12447926388678915,-1.0
2023-03-26,525.0,1.8,7.15,1.8,15.293924493594327,0.2204615444985362,17.875,0.10738134666416309,3.0
2023-03-27,529.0,0.1,2.95,0.1,13.099835819555176,0.18865688879748388,7.375,0.09025161003104117,4.0
2023-03-28,530.0,0.0,0.12,0.0,11.1348604466219,0.16017337036149445,0.3,0.07309512989807777,1.0
2023-03-29,530.0,0.0,0.6,0.0,9.464631379628615,0.13596237969090344,1.5,0.055916990100603484,0.0
2023-03-30,521.0,0.2,5.88,0.2,8.244936672684322,0.11828215980109102,14.7,0.03872228089217446,-9.0
2023-03-31,519.0,7.9,7.4,7.9,14.908196171781674,0.21487017683206364,18.5,0.021516097436222254,-2.0
2023-04-01,520.0,1.8,5.43,1.8,14.471966746014424,0.20854676481259685,13.575,0.004303538296244289,1.0
2023-04-02,522.0,1.9,3.35,1.9,14.20117173411226,0.204621425686145,8.375,-0.01291029607500882,2.0
2023-04-03,526.0,0.0,1.1,0.0,12.07099597399542,0.1737432267168564,2.75,-0.030120304846908114,4.0
2023-04-04,522.0,3.5,0.06,3.5,13.760346577896106,0.19823139574628526,0.15,-0.04732138832243185,-4.0
2023-04-05,524.0,0.0,1.47,0.0,11.69629459121169,0.16831170126797562,3.675,-0.06450844944931623,2.0
2023-04-06,524.0,0.0,3.52,0.0,9.941850402529935,0.14287996096141242,8.8,-0.08167639533042241,0.0
2023-04-07,522.0,0.0,9.85,0.0,8.450572842150445,0.1212629817008337,24.625,-0.09882013873287143,-2.0
2023-04-08,521.0,0.5,10.64,0.5,7.682986915827878,0.11013635477981669,26.6,-0.11593459959550041,-1.0
2023-04-09,527.0,1.0,9.74,1.0,7.530538878453696,0.10792652734742711,24.35,-0.1330147065341959,6.0
2023-04-10,526.0,0.4,10.59,0.4,6.8009580466856425,0.09735080748932612,26.475,-0.1500553983446526,-1.0
2023-04-11,526.0,0.0,10.59,0.0,5.780814339682796,0.08256320124956035,26.475,-0.16705162550211924,0.0
2023-04-12,525.0,0.6,11.96,0.6,5.513692188730376,0.07869110248632931,29.900000000000002,-0.18399835165768005,-1.0
2023-04-13,523.0,1.6,10.2,1.6,6.28663836042082,0.0898954294385327,25.5,-0.20089055513063506,-2.0
2023-04-14,525.0,0.0,10.84,0.0,5.343642606357697,0.07622612990638596,27.1,-0.21772323039653177,2.0
2023-04-15,521.0,0.0,9.45,0.0,4.542096215404043,0.06460722530406122,23.625,-0.23449138957040985,-4.0
2023-04-16,518.0,3.2,5.61,3.2,7.060781783093437,0.10111711127512443,14.025,-0.25119006388481935,-3.0
2023-04-17,520.0,0.0,9.58,0.0,6.001664515629421,0.08576455946748891,23.95,-0.2678143051621742,2.0
2023-04-18,524.0,0.8,9.24,0.8,5.901414838285008,0.08431137915175854,23.1,-0.2843591872810034,4.0
2023-04-19,525.0,5.5,12.05,5.5,10.516202612542257,0.1512055471178516,30.125,-0.30081980763566735,1.0
2023-04-20,518.0,0.0,12.14,0.0,8.938772220660917,0.12833972993380702,30.35,-0.3171912885891061,-7.0
2023-04-21,518.0,0.0,10.78,0.0,7.597956387561779,0.10890378532736911,26.95,-0.3334687789181868,0.0
2023-04-22,515.0,0.0,11.45,0.0,6.458262929427512,0.0923832324118969,28.625,-0.3496474552512284,-3.0
2023-04-23,515.0,0.0,13.63,0.0,5.489523490013386,0.07834076243374553,34.075,-0.36572252349726897,0.0
2023-04-24,521.0,0.0,15.38,0.0,4.666094966511378,0.06640466295231685,38.45,-0.3816892202666588,6.0
2023-04-25,521.0,2.4,12.75,2.4,6.366180721534671,0.09104844455538191,31.875,-0.39754281428255595,0.0
2023-04-26,517.0,5.9,5.43,5.9,11.311253613304471,0.16273029707131137,13.575,-0.4132786077829042,-4.0
2023-04-27,515.0,0.0,5.66,0.0,9.6145655713088,0.13813576739424782,14.15,-0.4288919379124835,-2.0
2023-04-28,516.0,0.0,5.81,0.0,8.17238073561248,0.1172304171687438,14.524999999999999,-0.4443781781046132,1.0
2023-04-29,517.0,0.0,9.12,0.0,6.946523625270608,0.0994608694770654,22.799999999999997,-0.45973273945210397,1.0
2023-04-30,511.0,1.7,9.72,1.7,7.604545081480016,0.10899929247075334,24.3,-0.47495107206704995,-6.0
2023-05-01,513.0,0.0,7.56,0.0,6.463863319258014,0.09246441348377349,18.9,-0.49002866642905923,2.0
2023-05-02,507.0,1.9,10.7,1.9,7.394283821369312,0.10595142705664518,26.75,-0.5049610547215204,-6.0
2023-05-03,508.0,0.0,7.47,0.0,6.285141248163915,0.08987372788178155,18.675,-0.5197438121555155,1.0
2023-05-04,510.0,0.1,8.51,0.1,5.442370060939327,0.07765724467324243,21.275,-0.5343725582809787,2.0
2023-05-05,511.0,0.0,7.05,0.0,4.626014551798428,0.06582367285588923,17.625,-0.548842958284719,1.0
2023-05-06,510.0,0.0,7.04,0.0,3.9321123690286637,0.055765136811139,17.6,-0.5631507242749186,-1.0
2023-05-07,509.0,0.0,7.44,0.0,3.342295513674364,0.047215381173101305,18.6,-0.5772916165517272,-1.0
2023-05-08,509.0,0.0,8.6,0.0,2.8409511866232093,0.03994808888076926,21.5,-0.5912614448635781,0.0
2023-05-09,505.0,0.0,10.43,0.0,2.414808508629728,0.03377089043228703,26.075,-0.6050560696488488,-4.0
2023-05-10,505.0,0.0,11.2,0.0,2.0525872323352687,0.028520271751077134,28.0,-0.6186714032625031,0.0
2023-05-11,505.0,0.0,11.74,0.0,1.7446991474849785,0.024057245872048723,29.35,-0.6321034111873487,0.0
2023-05-12,502.0,0.0,13.92,0.0,1.4829942753622316,0.02026367387487457,34.8,-0.6453481132295501,-3.0
2023-05-13,502.0,0.1,15.08,0.1,1.360545134057897,0.01848869876737152,37.7,-0.6584015846980488,0.0
2023-05-14,499.0,0.0,16.9,0.0,1.1564633639492123,0.015530408835898948,42.25,-0.6712599575675313,-3.0
2023-05-15,498.0,2.6,17.94,2.6,3.5829938593568307,0.05070445073661664,44.85,-0.6839194216246106,-1.0
2023-05-16,501.0,1.2,14.45,1.2,4.245544780453306,0.060308531090897025,36.125,-0.6963762255968722,3.0
2023-05-17,499.0,16.8,10.71,16.8,20.40871306338531,0.2946035294468516,26.775000000000002,-0.7086266782644596,-2.0
2023-05-18,500.0,0.0,10.95,0.0,17.347406103877514,0.250228014913457,27.375,-0.7206671495538609,1.0
2023-05-19,503.0,0.0,13.2,0.0,14.745295188295886,0.2125088275600716,33.0,-0.7324940716135789,3.0
2023-05-20,501.0,0.0,15.79,0.0,12.533500910051503,0.18044751830969402,39.474999999999994,-0.7441039398713607,-2.0
2023-05-21,497.0,0.0,15.7,0.0,10.653475773543777,0.15319540544687307,39.25,-0.7554933140726803,-4.0
2023-05-22,495.0,0.0,16.37,0.0,9.05545440751221,0.13003110951347527,40.925000000000004,-0.766658819300159,-2.0
2023-05-23,501.0,0.0,16.88,0.0,7.697136246385378,0.11034145797008714,42.199999999999996,-0.777597146973627,6.0
2023-05-24,501.0,0.0,18.67,0.0,6.542565809427572,0.09360525415820722,46.675000000000004,-0.7883050558305255,0.0
2023-05-25,496.0,0.0,18.79,0.0,5.561180938013436,0.0793794809181093,46.974999999999994,-0.7987793728863649,-5.0
2023-05-26,497.0,0.0,15.2,0.0,4.72700379731142,0.06728757366402606,38.0,-0.8090169943749473,1.0
2023-05-27,497.0,0.0,11.78,0.0,4.017953227714707,0.0570094524980553,29.45,-0.8190148866680801,0.0
2023-05-28,493.0,0.0,12.83,0.0,3.415260243557501,0.04827304950698016,32.075,-0.8287700871745037,-4.0
2023-05-29,493.0,0.0,15.49,0.0,2.902971207023876,0.040847106964566296,38.725,-0.8382797052177743,0.0
2023-05-30,501.0,0.0,15.15,0.0,2.467525525970294,0.0345350558035145,37.875,-0.8475409228928311,8.0
2023-05-31,496.0,0.0,14.98,0.0,2.09739669707475,0.029169812316620487,37.45,-0.8565509959010036,-5.0
2023-06-01,498.0,2.1,15.31,2.1,3.882787192513538,0.055050138244755076,38.275,-0.865307254363206,2.0
2023-06-02,499.0,0.8,9.81,0.8,4.100369113636507,0.05820412111243478,24.525000000000002,-0.8738071036110808,1.0
2023-06-03,495.0,0.0,9.7,0.0,3.485313746591031,0.04928851782920271,24.25,-0.8820480249558537,-4.0
2023-06-04,484.0,0.0,13.18,0.0,2.962516684602376,0.04171025503845546,32.95,-0.8900275764346767,-11.0
2023-06-05,485.0,0.0,13.62,0.0,2.51813918191202,0.0352687316663203,34.05,-0.8977433935342337,1.0
2023-06-06,496.0,0.0,15.96,0.0,2.140418304625217,0.029793436800005416,39.900000000000006,-0.9051931898913974,11.0
2023-06-07,499.0,0.0,18.66,0.0,1.8193555589314343,0.025139436163637757,46.65,-0.9123747579707273,3.0
2023-06-08,499.0,0.0,20.07,0.0,1.5464522250917192,0.021183535622725253,50.175,-0.9192859697186104,0.0
2023-06-09,500.0,0.0,19.65,0.0,1.3144843913279614,0.017821020162949622,49.125,-0.9259247771938498,1.0
2023-06-10,498.0,0.0,16.73,0.0,1.1173117326287672,0.014962882022140337,41.825,-0.9322892131745133,-2.0
2023-06-11,487.0,0.0,15.8,0.0,0.949714972734452,0.012533464602452445,39.5,-0.9383773917408641,-11.0
2023-06-12,486.0,0.1,15.48,0.1,0.9072577268242842,0.011918020885812711,38.7,-0.9441875088341993,-1.0
2023-06-13,496.0,0.0,17.74,0.0,0.7711690678006415,0.009945332636573961,44.349999999999994,-0.9497178427914316,10.0
2023-06-14,500.0,0.1,17.16,0.1,0.7554937076305452,0.009718108714816,42.9,-0.9549667548552551,4.0
2023-06-15,501.0,4.0,17.64,4.0,4.642169651485963,0.06605785089502579,44.1,-0.9599326896597447,1.0
2023-06-16,499.0,2.9,19.7,2.9,6.845844203763068,0.09800145975715939,49.25,-0.9646141756912435,-2.0
2023-06-17,501.0,25.9,18.35,25.9,31.718967573198604,0.45855257801181737,45.875,-0.9690098257244062,2.0
2023-06-18,498.0,19.3,19.05,19.3,46.261122437218816,0.6693499965820083,47.625,-0.9731183372332619,-3.0
2023-06-19,495.0,0.0,18.59,0.0,39.32195407163599,0.5687625119783403,46.475,-0.9769384927771817,-3.0
2023-06-20,500.0,0.0,20.9,0.0,33.423660960890594,0.4832631500652224,52.25,-0.980469160361632,5.0
2023-06-21,499.0,0.0,22.63,0.0,28.410111816757002,0.4105886924390721,56.574999999999996,-0.9837092937736097,-1.0
2023-06-22,500.0,0.6,20.4,0.6,24.74859504424345,0.35751276999741427,51.0,-0.986657932891657,1.0
2023-06-23,491.0,0.1,18.97,0.1,21.136305787606936,0.30515043047153034,47.425,-0.9893142039703663,-9.0
2023-06-24,484.0,0.0,20.69,0.0,17.965859919465895,0.2591928807844339,51.725,-0.99167731989929,-7.0
2023-06-25,484.0,4.8,18.93,4.8,20.07098093154601,0.2897078958749608,47.325,-0.993746580436178,0.0
2023-06-26,496.0,0.0,17.83,0.0,17.06033379181411,0.24606672637734986,44.574999999999996,-0.9955213724144752,12.0
2023-06-27,493.0,19.2,16.05,19.2,33.701283723041996,0.48728746160261605,40.125,-0.9970011699250151,-3.0
2023-06-28,493.0,6.2,16.88,6.2,34.846091164585694,0.5038821448317453,42.199999999999996,-0.9981855344718586,0.0
2023-06-29,499.0,0.4,19.37,0.4,30.01917748989784,0.43391308235099646,48.425000000000004,-0.99907411510223,6.0
2023-06-30,502.0,0.0,21.04,0.0,25.51630086641316,0.36864113488198014,52.599999999999994,-0.9996666485105112,3.0
2023-07-01,495.0,2.5,18.68,2.5,24.188855736451185,0.34939900678569064,46.7,-0.9999629591162655,-7.0
2023-07-02,484.0,3.2,16.46,3.2,23.760527375983507,0.34319012553450945,41.150000000000006,-0.9999629591162655,-11.0
2023-07-03,483.0,0.2,17.9,0.2,20.39644826958598,0.2944257437681561,44.75,-0.9996666485105112,-1.0
2023-07-04,488.0,1.0,19.21,1.0,18.336981029148085,0.26457250798751564,48.025000000000006,-0.99907411510223,5.0
2023-07-05,493.0,0.0,19.08,0.0,15.58643387477587,0.22470164667302145,47.699999999999996,-0.9981855344718586,5.0
2023-07-06,507.0,2.7,18.63,2.7,15.948468793559488,0.22994956398826571,46.574999999999996,-0.9970011699250151,14.0
2023-07-07,517.0,0.0,17.23,0.0,13.556198474525566,0.19527214427365902,43.075,-0.9955213724144752,10.0
2023-07-08,523.0,0.0,18.47,0.0,11.522768703346731,0.16579633751624334,46.175,-0.9937465804361781,6.0
2023-07-09,511.0,1.1,17.36,1.1,10.894353397844721,0.15668707376348473,43.4,-0.99167731989929,-12.0
2023-07-10,508.0,0.0,16.84,0.0,9.260200388168013,0.13299902758259516,42.1,-0.9893142039703664,-3.0
2023-07-11,516.0,0.0,16.69,0.0,7.87117032994281,0.11286418832883904,41.725,-0.9866579328916572,8.0
2023-07-12,519.0,0.0,19.78,0.0,6.690494780451388,0.09574957496314634,49.45,-0.9837092937736098,3.0
2023-07-13,519.0,0.0,21.57,0.0,5.68692056338368,0.08120215360230755,53.925,-0.9804691603616321,0.0
2023-07-14,523.0,0.0,18.96,0.0,4.833882478876128,0.06883684544559457,47.400000000000006,-0.9769384927771817,4.0
2023-07-15,514.0,0.0,19.26,0.0,4.108800107044709,0.05832633351238854,48.150000000000006,-0.973118337233262,-9.0
2023-07-16,504.0,0.0,24.11,0.0,3.492480090988002,0.04939239836916341,60.275,-0.9690098257244063,-10.0
2023-07-17,507.0,10.2,22.18,10.2,13.168608077339801,0.1896537846871096,55.45,-0.9646141756912435,3.0
2023-07-18,517.0,2.8,17.91,2.8,13.99331686573883,0.20160844239033565,44.775,-0.9599326896597445,10.0
2023-07-19,501.0,0.0,17.06,0.0,11.894319335878006,0.17118219091541845,42.65,-0.9549667548552553,-16.0
2023-07-20,496.0,0.0,17.04,0.0,10.110171435496305,0.14531987716173886,42.599999999999994,-0.9497178427914317,-5.0
2023-07-21,498.0,0.9,16.57,0.9,9.493645720171859,0.13638296028196595,41.425,-0.9441875088341994,2.0
2023-07-22,499.0,2.4,15.17,2.4,10.46959886214608,0.15052999728558364,37.925,-0.9383773917408642,1.0
2023-07-23,487.0,1.1,16.74,1.1,9.999159032824167,0.14371068456742397,41.849999999999994,-0.9322892131745134,-12.0
2023-07-24,485.0,0.4,19.67,0.4,8.899285177900541,0.12776734112632343,49.175000000000004,-0.9259247771938499,-2.0
2023-07-25,487.0,0.2,21.38,0.2,7.76439240121546,0.11131637702119802,53.449999999999996,-0.9192859697186105,2.0
2023-07-26,490.0,0.0,18.84,0.0,6.599733541033141,0.09443393535165148,47.1,-0.9123747579707274,3.0
2023-07-27,496.0,1.6,15.75,1.6,7.20977350987817,0.10327683737405655,39.375,-0.9051931898913975,6.0
2023-07-28,496.0,2.1,17.02,2.1,8.228307483396444,0.1180411095435757,42.55,-0.8977433935342336,0.0
2023-07-29,492.0,0.0,19.25,0.0,6.994061360886977,0.1001499579956725,48.125,-0.8900275764346766,-4.0
2023-07-30,478.0,4.0,17.79,4.0,9.94495215675393,0.14292492278375382,44.474999999999994,-0.8820480249558535,-14.0
2023-07-31,473.0,5.3,18.47,5.3,13.75320933324084,0.19812793702485762,46.175,-0.8738071036110807,-5.0
2023-08-01,474.0,0.3,20.57,0.3,11.990227933254713,0.17257244462504706,51.425,-0.8653072543632061,1.0
2023-08-02,478.0,1.7,20.15,1.7,11.891693743266506,0.17114413134653775,50.375,-0.8565509959010037,4.0
2023-08-03,477.0,0.1,20.16,0.1,10.20793968177653,0.14673708761828522,50.4,-0.8475409228928312,-1.0
2023-08-04,490.0,0.0,21.31,0.0,8.67674872951005,0.1245415393591756,53.275,-0.8382797052177745,13.0
2023-08-05,504.0,13.0,19.96,13.0,20.375236420083542,0.29411826505127925,49.900000000000006,-0.828770087174504,14.0
2023-08-06,497.0,0.0,26.86,0.0,17.31895095707101,0.24981554017722052,67.15,-0.8190148866680802,-7.0
2023-08-07,485.0,17.4,17.47,17.4,32.121108313510355,0.46438185371079643,43.675,-0.8090169943749472,-12.0
2023-08-08,481.0,0.0,16.03,0.0,27.3029420664838,0.39453959053781007,40.075,-0.7987793728863648,-4.0
2023-08-09,481.0,1.5,16.0,1.5,24.70750075651123,0.35691708319219634,40.0,-0.7883050558305253,0.0
2023-08-10,493.0,0.5,16.78,0.5,21.501375643034546,0.3104423410474749,41.95,-0.7775971469736268,12.0
2023-08-11,507.0,0.0,18.22,0.0,18.276169296579365,0.2636910047739869,45.55,-0.7666588193001592,14.0
2023-08-12,505.0,0.0,17.79,0.0,15.53474390209246,0.223952368941522,44.474999999999994,-0.7554933140726804,-2.0
2023-08-13,494.0,0.3,20.55,0.3,13.504532316778592,0.1945232117542118,51.375,-0.7441039398713608,-11.0
2023-08-14,496.0,0.0,19.8,0.0,11.478852469261803,0.1651597448747132,49.5,-0.7324940716135792,2.0
2023-08-15,505.0,1.2,24.85,1.2,10.95702459887253,0.15759553110827906,62.125,-0.7206671495538615,9.0
2023-08-16,514.0,0.0,25.91,0.0,9.313470909041651,0.13377121632567035,64.775,-0.7086266782644601,9.0
2023-08-17,520.0,0.0,25.7,0.0,7.916450272685403,0.11352054876045296,64.25,-0.6963762255968726,6.0
2023-08-18,521.0,0.0,24.97,0.0,6.728982731782593,0.09630748133001818,62.425,-0.6839194216246105,1.0
2023-08-19,507.0,0.0,23.94,0.0,5.719635322015204,0.08167637401414861,59.85,-0.6712599575675315,-14.0
2023-08-20,502.0,0.0,24.38,0.0,4.8616900237129235,0.06923993279565947,60.949999999999996,-0.6584015846980489,-5.0
2023-08-21,498.0,0.0,20.3,0.0,4.132436520155985,0.05866895775994371,50.75,-0.64534811322955,-4.0
2023-08-22,488.0,0.0,18.64,0.0,3.512571042132587,0.0496836289795853,46.6,-0.6321034111873488,-10.0
2023-08-23,477.0,0.0,18.62,0.0,2.985685385812699,0.04204609951628066,46.550000000000004,-0.6186714032625032,-11.0
2023-08-24,483.0,1.1,17.13,1.1,3.637832577940794,0.051499371463516457,42.824999999999996,-0.6050560696488494,6.0
2023-08-25,494.0,0.0,19.89,0.0,3.0921576912496747,0.04358948062762214,49.725,-0.5912614448635782,11.0
2023-08-26,499.0,8.2,21.64,8.2,10.828334037562222,0.1557300828049,54.1,-0.5772916165517278,5.0
2023-08-27,498.0,0.0,21.3,0.0,9.204083931927888,0.13218558526779817,53.25,-0.5631507242749187,-1.0
2023-08-28,481.0,0.0,20.2,0.0,7.8234713421387045,0.11217276236126159,50.5,-0.5488429582847199,-17.0
2023-08-29,486.0,1.5,18.86,1.5,8.149950640817899,0.11690527924213014,47.15,-0.5343725582809785,5.0
2023-08-30,496.0,12.3,21.77,12.3,19.227458044695215,0.2774805163211258,54.425,-0.5197438121555157,10.0
2023-08-31,504.0,1.8,17.84,1.8,18.143339337990934,0.2617655533782997,44.6,-0.5049610547215202,8.0
2023-09-01,491.0,0.0,16.45,0.0,15.421838437292294,0.2223157352551879,41.125,-0.4900286664290594,-13.0
2023-09-02,483.0,0.0,16.76,0.0,13.108562671698449,0.18878338985054288,41.900000000000006,-0.4749510720670502,-8.0
2023-09-03,485.0,2.2,15.78,2.2,13.34227827094368,0.19217124023868407,39.449999999999996,-0.4597327394521046,2.0
2023-09-04,488.0,0.0,15.05,0.0,11.340936530302129,0.1631605690865146,37.625,-0.44437817810461344,3.0
2023-09-05,490.0,0.0,18.97,0.0,9.639796050756809,0.13850149860717056,47.425,-0.4288919379124841,2.0
2023-09-06,496.0,0.0,18.55,0.0,8.193826643143288,0.11754128869972814,46.375,-0.41327860778290443,6.0
2023-09-07,498.0,0.0,15.42,0.0,6.964752646671794,0.09972511027840207,38.55,-0.3975428142825566,2.0
2023-09-08,501.0,0.0,16.53,0.0,5.920039749671025,0.08458135862027492,41.325,-0.3816892202666586,3.0
2023-09-09,500.0,0.0,17.0,0.0,5.032033787220371,0.07170916971086684,42.5,-0.3657225234972692,-1.0
2023-09-10,487.0,0.0,18.35,0.0,4.277228719137315,0.060767809137869964,45.875,-0.34964745525122826,-13.0
2023-09-11,485.0,0.0,18.88,0.0,3.6356444112667177,0.05146765265082262,47.199999999999996,-0.33346877891818705,-2.0
2023-09-12,495.0,0.0,19.88,0.0,3.09029774957671,0.043562519636832386,49.699999999999996,-0.31719128858910595,10.0
2023-09-13,496.0,0.0,21.62,0.0,2.6267530871402034,0.03684315657494068,54.050000000000004,-0.300819807635668,1.0
2023-09-14,503.0,3.1,15.97,3.1,5.332740124069173,0.076068091765277,39.925000000000004,-0.2843591872810036,7.0
2023-09-15,494.0,0.0,12.51,0.0,4.532829105458797,0.0644728928841186,31.275,-0.26781430516217486,-9.0
2023-09-16,486.0,0.0,13.85,0.0,3.8529047396399774,0.05461697383513397,34.625,-0.25119006388481957,-8.0
2023-09-17,476.0,0.0,15.61,0.0,3.2749690286939805,0.046239442643497025,39.025,-0.23449138957041052,-10.0
2023-09-18,480.0,0.0,19.38,0.0,2.783723674389883,0.03911854113060563,48.449999999999996,-0.21772323039653224,4.0
2023-09-19,488.0,6.3,18.86,6.3,8.666165123231401,0.12438812352063144,47.15,-0.20089055513063528,8.0
2023-09-20,500.0,0.0,16.43,0.0,7.366240354746691,0.10554491987616989,41.075,-0.18399835165767986,12.0
2023-09-21,500.0,0.0,17.77,0.0,6.261304301534687,0.08952819677837756,44.425,-0.1670516255021195,0.0
2023-09-22,481.0,0.0,21.38,0.0,5.322108656304484,0.07591398214525408,53.449999999999996,-0.15005539834465262,-19.0
2023-09-23,477.0,20.2,18.73,20.2,24.723792357858812,0.3571532399062843,46.825,-0.13301470653419636,-4.0
2023-09-24,476.0,0.0,14.98,0.0,21.01522350417999,0.30339526880397477,37.45,-0.11593459959550066,-1.0
2023-09-25,474.0,0.0,12.17,0.0,17.86293997855299,0.2577009933670117,30.425,-0.09882013873287211,-2.0
2023-09-26,475.0,0.0,15.47,0.0,15.183498981770041,0.21886085924559312,38.675000000000004,-0.08167639533042288,1.0
2023-09-27,480.0,0.0,18.28,0.0,12.905974134504534,0.1858467452423873,45.7,-0.06450844944931625,5.0
2023-09-28,490.0,0.0,18.14,0.0,10.970078014328854,0.15778474833966236,45.35,-0.04732138832243232,10.0
2023-09-29,495.0,0.0,17.74,0.0,9.324566312179526,0.13393205097234617,44.349999999999994,-0.03012030484690836,5.0
2023-09-30,493.0,0.0,15.65,0.0,7.925881365352597,0.1136572582101274,39.125,-0.012910296075008843,-2.0
2023-10-01,479.0,1.0,12.71,1.0,7.736999160549707,0.11091929526319119,31.775000000000002,0.004303538296243821,-14.0
2023-10-02,481.0,0.0,13.2,0.0,6.576449286467251,0.09409641585734568,33.0,0.021516097436222233,2.0
2023-10-03,484.0,0.0,19.73,0.0,5.589981893497163,0.07979696836237699,49.325,0.03872228089217399,3.0
2023-10-04,478.0,8.6,13.2,8.6,13.351484609472589,0.19230469173982154,33.0,0.05591699010060302,-6.0
2023-10-05,486.0,2.8,11.43,2.8,14.1487619180517,0.2038617133851408,28.575,0.07309512989807776,8.0
2023-10-06,495.0,0.6,11.26,0.6,12.626447630343945,0.18179483780157268,28.15,0.0902516100310407,9.0
2023-10-07,481.0,5.2,11.41,5.2,15.932480485792354,0.2297178036999087,28.525,0.10738134666416306,-14.0
2023-10-08,478.0,4.0,5.72,4.0,17.5426084129235,0.25305759163235453,14.299999999999999,0.12447926388678869,-3.0
2023-10-09,486.0,0.0,5.0,0.0,14.911217150984974,0.21491396777113456,12.5,0.141540295217043,8.0
2023-10-10,506.0,0.0,5.8,0.0,12.674534578337228,0.18249188748909753,14.5,0.15855938510313475,20.0
2023-10-11,506.0,0.0,11.55,0.0,10.773354391586643,0.15493311924936604,28.875,0.17553149042142777,0.0
2023-10-12,502.0,7.6,12.82,7.6,16.75735123284865,0.24167480909281247,32.05,0.19245158197082995,-4.0
2023-10-13,504.0,0.2,11.59,0.2,14.44374854792135,0.20813772479271372,28.975,0.20931464596304888,2.0
2023-10-14,488.0,1.6,15.11,1.6,13.877186265733148,0.19992505839895944,37.775,0.22611568550828803,-16.0
2023-10-15,477.0,0.0,8.75,0.0,11.795608325873175,0.16975131452274866,21.875,0.2428497220959358,-11.0
2023-10-16,482.0,0.2,6.84,0.2,10.226267076992198,0.14700275440815946,17.1,0.25951179706979943,5.0
2023-10-17,484.0,0.0,6.95,0.0,8.692327015443368,0.1247673561305687,17.375,0.27609697309746883,2.0
2023-10-18,491.0,9.9,6.83,9.9,17.288477963126862,0.24937381551401916,17.075,0.2926003356333479,7.0
2023-10-19,498.0,0.1,3.32,0.1,14.795206268657832,0.21323231916064442,8.299999999999999,0.30901699437494723,7.0
2023-10-20,509.0,1.1,3.0,1.1,13.675925328359156,0.19700765816122565,7.5,0.3253420847119795,11.0
2023-10-21,494.0,9.4,5.74,9.4,21.024536529105283,0.3035302667896027,14.350000000000001,0.341570769167856,-15.0
2023-10-22,487.0,23.2,8.48,23.2,41.07085604973949,0.5941139145568299,21.200000000000003,0.35769823883312546,-7.0
2023-10-23,495.0,6.4,9.7,6.4,41.31022764227856,0.597583752023017,24.25,0.3737197147904692,8.0
2023-10-24,498.0,0.0,6.67,0.0,35.11369349593678,0.5077612041031976,16.675,0.38963044953078774,3.0
2023-10-25,506.0,19.1,6.85,19.1,48.94663947154626,0.7082782065794916,17.125,0.4054257283599973,8.0
2023-10-26,507.0,1.7,3.32,1.7,43.304643550814326,0.6264940290078156,8.299999999999999,0.42110087079608916,1.0
2023-10-27,510.0,0.1,3.85,0.1,36.90894701819218,0.5337845006303714,9.625,0.4366512319560638,3.0
2023-10-28,515.0,0.3,2.21,0.3,31.672604965463353,0.4578805236897338,5.525,0.45207220393230374,5.0
2023-10-29,494.0,3.5,3.29,3.5,30.42171422064385,0.439748098173231,8.225,0.46735921715800205,-21.0
2023-10-30,492.0,1.7,10.08,1.7,27.55845708754727,0.39824343686249414,25.2,0.48250774176121763,-2.0
2023-10-31,505.0,0.0,11.88,0.0,23.42468852441518,0.33832193621675316,29.700000000000003,0.4975132889071803,13.0
2023-11-01,506.0,0.3,8.69,0.3,20.210985245752905,0.29173734393815826,21.724999999999998,0.5123714121284235,1.0
2023-11-02,502.0,0.0,6.39,0.0,17.179337458889968,0.24779175723106767,15.975,0.5270777086423724,-4.0
2023-11-03,507.0,2.1,9.47,2.1,16.702436840056475,0.2408787914220352,23.675,0.5416278206559811,5.0
2023-11-04,512.0,0.8,9.43,0.8,14.997071314048004,0.2161584763131229,23.575,0.5560174366570446,5.0
2023-11-05,509.0,1.5,6.85,1.5,14.247510616940803,0.20529313610121228,17.125,0.5702422926917867,-3.0
2023-11-06,506.0,6.0,9.11,6.0,18.110384024399682,0.26128784597536214,22.775,0.5842981736283683,-3.0
2023-11-07,494.0,0.5,8.7,0.5,15.89382642073973,0.22915748941316585,21.75,0.5981809144059159,-12.0
2023-11-08,489.0,1.3,7.62,1.3,14.80975245762877,0.21344317505605884,19.05,0.6118864012687242,-5.0
2023-11-09,493.0,0.3,7.74,0.3,12.888289588984454,0.1855903969515681,19.35,0.6254105729852457,4.0
2023-11-10,494.0,0.0,7.05,0.0,10.955046150636786,0.15756685229246603,17.625,0.6387494220515268,1.0
2023-11-11,508.0,2.4,5.65,2.4,11.711789228041269,0.1685363054945087,14.125,0.6518989958787125,14.0
2023-11-12,511.0,0.0,6.14,0.0,9.955020843835078,0.14307087455396555,15.35,0.6648553979642867,3.0
2023-11-13,507.0,1.4,5.31,1.4,9.861767717259816,0.14171911351583355,13.274999999999999,0.6776147890466887,-4.0
2023-11-14,503.0,0.9,3.85,0.9,9.282502559670844,0.13332231118294646,9.625,0.690173388242972,-4.0
2023-11-15,505.0,3.3,3.22,3.3,11.190127175720217,0.16097449536227187,8.05,0.7025274741691566,2.0
2023-11-16,493.0,0.0,1.93,0.0,9.511608099362185,0.13664333594156425,4.825,0.7146733860429608,-12.0
2023-11-17,492.0,0.2,1.18,0.2,8.284866884457855,0.1188609726141527,2.9499999999999997,0.726607524768565,-1.0
2023-11-18,502.0,0.0,-0.46,0.0,7.042136851789177,0.10084684160566294,0.0,0.7383263540031063,10.0
2023-11-19,492.0,0.0,0.05,0.0,5.9858163240208,0.08553483024844666,0.125,0.749826401204568,-10.0
2023-11-20,488.0,0.0,-0.46,0.0,5.08794387541768,0.07251962059481282,0.0,0.7611042586607742,-4.0
2023-11-21,490.0,0.0,-2.86,0.0,4.324752294105028,0.06145669238922404,0.0,0.7721565844991641,2.0
2023-11-22,485.0,0.1,-4.44,0.1,3.7760394499892733,0.05350276450456856,0.0,0.7829801036770625,-5.0
2023-11-23,480.0,17.2,1.7,17.2,20.409633532490883,0.2946168722088523,4.25,0.7935716089521472,-5.0
2023-11-24,485.0,1.4,1.3,1.4,18.74818850261725,0.27053321152248727,3.25,0.8039279618328208,5.0
2023-11-25,489.0,0.8,-0.62,0.8,16.735960227224663,0.24136473339850714,0.0,0.8140460935082175,4.0
2023-11-26,491.0,0.0,-5.19,0.0,14.225566193140963,0.20497503827236427,0.0,0.8239230057575536,2.0
2023-11-27,498.0,0.0,-5.2,0.0,12.091731264169818,0.17404379741514275,0.0,0.8335557718385695,7.0
2023-11-28,494.0,0.0,-5.48,0.0,10.277971574544345,0.1477522426865045,0.0,0.8429415373547832,-4.0
2023-11-29,502.0,0.0,-5.94,0.0,8.736275838362694,0.125404421167162,0.0,0.8520775211013093,8.0
2023-11-30,534.0,0.0,-3.85,0.0,7.4258344626082895,0.10640877287572086,0.0,0.8609610158889945,32.0
2023-12-01,534.0,0.1,-2.48,0.1,6.411959293217046,0.09171203291809085,0.0,0.8695893893466109,0.0
2023-12-02,535.0,0.0,-1.23,0.0,5.450165399234488,0.07777024286401038,0.0,0.8779600847008883,1.0
2023-12-03,532.0,1.1,-3.11,1.1,5.732640589349314,0.0818648933090867,0.0,0.8860706215341377,-3.0
2023-12-04,524.0,1.3,-1.29,1.3,6.172744500946917,0.08824446836759153,0.0,0.893918596519257,-8.0
2023-12-05,528.0,0.2,-2.41,0.2,5.446832825804879,0.07772193517627592,0.0,0.9015016841318838,4.0
2023-12-06,520.0,0.0,-5.52,0.0,4.629807901934147,0.06587865978346769,0.0,0.9088176373395028,-8.0
2023-12-07,519.0,0.0,-3.08,0.0,3.935336716644025,0.05581187569958068,0.0,0.9158642882672868,-1.0
2023-12-08,515.0,0.0,-4.24,0.0,3.345036209147421,0.047255109228276734,0.0,0.9226395488404875,-4.0
2023-12-09,519.0,1.5,-3.78,1.5,4.343280777775307,0.06172527407909302,0.0,0.9291414114031743,4.0
2023-12-10,519.0,0.3,-1.82,0.3,3.9917886611090108,0.05663018112114714,0.0,0.935367949313148,0.0
2023-12-11,519.0,5.3,-0.45,5.3,8.693020361942658,0.12477740661164194,0.0,0.941317317512847,0.0
2023-12-12,528.0,2.1,1.18,2.1,9.48906730765126,0.13631659339552332,2.9499999999999997,0.946987753076075,9.0
2023-12-13,531.0,0.0,0.71,0.0,8.06570721150357,0.11568411926982797,1.775,0.9523775757303973,3.0
2023-12-14,532.0,0.0,0.29,0.0,6.855851129778034,0.09814651626298693,0.725,0.9574851883550389,1.0
2023-12-15,541.0,0.7,-0.97,0.7,6.527473460311329,0.09338648133783688,0.0,0.9623090774541487,9.0
2023-12-16,543.0,2.0,3.37,2.0,7.54835244126463,0.10818474582269402,8.425,0.9668478136052773,2.0
2023-12-17,542.0,4.2,6.84,4.2,10.616099575074935,0.15265361461691207,17.1,0.9711000518829505,-1.0
2023-12-18,528.0,1.5,6.92,1.5,10.523684638813695,0.15131400365943307,17.3,0.9750645322571945,-14.0
2023-12-19,512.0,5.5,6.75,5.5,14.44513194299164,0.20815777794937493,16.875,0.9787400799669153,-16.0
2023-12-20,515.0,3.4,3.77,3.4,15.678362151542894,0.22603420320383102,9.425,0.9821256058680006,3.0
2023-12-21,518.0,5.3,2.86,5.3,18.62660782881146,0.2687708253819232,7.1499999999999995,0.9852201067560606,3.0
2023-12-22,524.0,3.4,2.62,3.4,19.23261665448974,0.27755529352149705,6.550000000000001,0.9880226656636976,6.0
2023-12-23,514.0,5.7,0.68,5.7,22.047724156316278,0.3183619965123193,1.7000000000000002,0.9905324521322227,-10.0
2023-12-24,517.0,1.9,0.09,1.9,20.640565532868834,0.2979643726309091,0.22499999999999998,0.9927487224577402,3.0
2023-12-25,514.0,11.3,4.51,11.3,28.844480702938508,0.41688513480063816,11.274999999999999,0.9946708199115211,-3.0
2023-12-26,520.0,5.1,3.51,5.1,29.617808597497728,0.4280949950590193,8.774999999999999,0.9962981749346077,6.0
2023-12-27,528.0,1.0,2.37,1.0,26.17513730787307,0.3781913715847493,5.925000000000001,0.9976303053065857,8.0
2023-12-28,528.0,0.0,1.76,0.0,22.24886671169211,0.3212776807306701,4.4,0.9986668162884759,0.0
2023-12-29,522.0,2.4,5.25,2.4,21.31153670493829,0.30769050966698214,13.125,0.9994074007397048,-6.0
2023-12-30,521.0,2.2,4.84,2.2,20.314806199197545,0.2932422920826574,12.1,0.9998518392091162,-1.0
2023-12-31,517.0,1.0,2.45,1.0,18.267585269317912,0.2635665740548417,6.125,1.0,-4.0
2024-01-01,519.0,0.1,-0.28,0.1,15.627447478920224,0.22529616392034357,0.0,0.9998518392091162,2.0
2024-01-02,524.0,1.7,-5.47,1.7,14.98333035708219,0.21595929274753978,0.0,0.9994074007397048,5.0
2024-01-03,523.0,1.3,-7.38,1.3,14.035830803519861,0.20222470789027666,0.0,0.998666816288476,-1.0
2024-01-04,522.0,2.9,-7.47,2.9,14.830456182991883,0.21374328820312263,0.0,0.9976303053065857,-1.0
2024-01-05,510.0,1.1,-6.8,1.1,13.705887755543099,0.1974419818473321,0.0,0.9962981749346078,-12.0
2024-01-06,518.0,0.0,-7.92,0.0,11.650004592211634,0.16764069945386545,0.0,0.9946708199115211,8.0
2024-01-07,566.0,0.0,-17.04,0.0,9.902503903379888,0.14230960941941878,0.0,0.9927487224577402,48.0
2024-01-08,553.0,0.0,-18.93,0.0,8.417128317872905,0.12077818289013913,0.0,0.9905324521322229,-13.0
2024-01-09,528.0,0.3,-5.47,0.3,7.454559070191968,0.10682515361053634,0.0,0.9880226656636976,-25.0
2024-01-10,538.0,1.3,1.17,1.3,7.636375209663173,0.10946068962382373,2.925,0.9852201067560606,10.0
2024-01-11,554.0,0.4,0.15,0.4,6.890918928213697,0.09865484542426323,0.375,0.9821256058680006,16.0
2024-01-12,575.0,5.3,-4.12,5.3,11.157281088981641,0.16049837126929062,0.0,0.9787400799669153,21.0
2024-01-13,561.0,0.3,-7.09,0.3,9.783688925634396,0.1405873137328151,0.0,0.9750645322571948,-14.0
2024-01-14,541.0,6.4,-0.81,6.4,14.716135586789237,0.21208614132260448,0.0,0.9711000518829505,-20.0
2024-01-15,539.0,5.7,0.37,5.7,18.20871524877085,0.26271321714326057,0.925,0.9668478136052775,-2.0
2024-01-16,557.0,2.2,-5.88,2.2,17.677407961455224,0.25501159343749413,0.0,0.9623090774541486,18.0
2024-01-17,556.0,0.0,-11.31,0.0,15.02579676723694,0.21657486930550318,0.0,0.9574851883550393,-1.0
2024-01-18,543.0,1.7,-4.3,1.7,14.471927252151398,0.20854619232492544,0.0,0.9523775757303974,-13.0
2024-01-19,531.0,1.2,-4.42,1.2,13.501138164328687,0.19447401144095947,0.0,0.9469877530760753,-12.0
2024-01-20,535.0,6.3,-1.89,6.3,17.775967439679384,0.2564402732844322,0.0,0.9413173175128471,4.0
2024-01-21,545.0,0.0,-3.1,0.0,15.109572323727477,0.21778924717540055,0.0,0.9353679493131483,10.0
2024-01-22,546.0,1.5,0.34,1.5,14.343136475168356,0.20667929133414825,0.8500000000000001,0.9291414114031743,1.0
2024-01-23,550.0,2.2,3.02,2.2,14.391666003893103,0.20738275649974866,7.55,0.9226395488404876,4.0
2024-01-24,570.0,12.7,2.96,12.7,24.93291610330914,0.3601846163504815,7.4,0.9158642882672872,20.0
2024-01-25,578.0,4.7,2.17,4.7,25.892978687812768,0.37410131001600627,5.425,0.9088176373395029,8.0
2024-01-26,582.0,0.0,-0.09,0.0,22.00903188464085,0.31780112839723845,0.0,0.901501684131884,4.0
2024-01-27,579.0,0.6,-0.08,0.6,19.307677101944726,0.27864334056185575,0.0,0.893918596519257,-3.0
2024-01-28,581.0,0.6,1.06,0.6,17.011525536653018,0.24535922090178042,2.6500000000000004,0.886070621534138,2.0
2024-01-29,582.0,0.0,1.9,0.0,14.459796706155064,0.2083703526501465,4.75,0.8779600847008882,1.0
2024-01-30,587.0,0.0,1.07,0.0,12.290827200231805,0.1769298146362577,2.6750000000000003,0.869589389346611,5.0
2024-01-31,593.0,0.4,1.99,0.4,10.847203120197033,0.1560036016848321,4.975,0.8609610158889943,6.0
2024-02-01,591.0,3.6,2.05,3.6,12.820122652167477,0.18460227555915956,5.125,0.8520775211013093,-2.0
2024-02-02,586.0,3.4,1.56,3.4,14.297104254342356,0.20601202617214798,3.9000000000000004,0.8429415373547828,-5.0
2024-02-03,586.0,1.6,5.23,1.6,13.752538616191002,0.19811821457147855,13.075000000000001,0.8335557718385699,0.0
2024-02-04,641.0,10.7,3.52,10.7,22.38965782376235,0.3233185339095523,8.8,0.8239230057575542,55.0
2024-02-05,740.0,1.1,1.89,1.1,20.131209150197996,0.29058094069779733,4.725,0.8140460935082178,99.0
2024-02-06,690.0,7.8,0.45,7.8,24.911527777668297,0.359874579504169,1.125,0.8039279618328213,-50.0
2024-02-07,614.0,5.7,1.02,5.7,26.87479861101805,0.38833338959759045,2.55,0.7935716089521474,-76.0
2024-02-08,586.0,0.0,-0.96,0.0,22.84357881936534,0.329898396041585,0.0,0.7829801036770629,-28.0
2024-02-09,580.0,0.0,-0.65,0.0,19.41704199646054,0.2802286515189804,0.0,0.7721565844991642,-6.0
2024-02-10,584.0,0.0,0.12,0.0,16.50448569699146,0.2380093686747665,0.3,0.7611042586607747,4.0
2024-02-11,590.0,1.9,1.56,1.9,15.92881284244274,0.22966463896898925,3.9000000000000004,0.7498264012045686,6.0
2024-02-12,581.0,4.5,3.51,4.5,18.03949091607633,0.2602602070615479,8.774999999999999,0.7383263540031065,-9.0
2024-02-13,575.0,0.6,3.73,0.6,15.933567278664878,0.22973355742651874,9.325,0.7266075247685656,-6.0
2024-02-14,571.0,0.1,2.4,0.1,13.643532186865146,0.19653809978626907,6.0,0.7146733860429609,-4.0
2024-02-15,570.0,0.2,3.42,0.2,11.797002358835373,0.1697715218821518,8.55,0.702527474169157,-1.0
2024-02-16,570.0,0.0,5.89,0.0,10.027452005010067,0.14412080848346218,14.725,0.6901733882429719,0.0
2024-02-17,555.0,3.8,4.16,3.8,12.323334204258558,0.17740102351818512,10.4,0.6776147890466889,-15.0
2024-02-18,554.0,0.0,0.28,0.0,10.474834073619773,0.1506058848740905,0.7000000000000001,0.6648553979642865,-1.0
2024-02-19,551.0,2.7,0.41,2.7,11.603608962576807,0.16696816645917442,1.025,0.6518989958787126,-3.0
2024-02-20,556.0,1.8,0.46,1.8,11.663067618190286,0.167830055995641,1.1500000000000001,0.6387494220515272,5.0
2024-02-21,558.0,2.5,2.93,2.5,12.413607475461744,0.17870958973230242,7.325,0.6254105729852463,2.0
2024-02-22,557.0,2.4,5.62,2.4,12.951566354142482,0.18650763231836964,14.05,0.6118864012687243,-1.0
2024-02-23,552.0,7.8,7.17,7.8,18.80883140102111,0.27141226738165547,17.925,0.5981809144059164,-5.0
2024-02-24,552.0,0.4,7.6,0.4,16.38750669086794,0.23631368651842016,19.0,0.5842981736283683,0.0
2024-02-25,548.0,0.0,4.73,0.0,13.92938068723775,0.20068164842429032,11.825000000000001,0.5702422926917871,-4.0
2024-02-26,550.0,2.2,8.06,2.2,14.039973584152087,0.2022847600263694,20.150000000000002,0.5560174366570446,2.0
2024-02-27,559.0,8.4,7.45,8.4,20.333977546529276,0.2935201924740251,18.625,0.5416278206559814,9.0
2024-02-28,570.0,8.6,7.32,8.6,25.883880914549884,0.37396943223472245,18.3,0.5270777086423722,11.0
2024-02-29,575.0,0.0,3.86,0.0,22.001298777367403,0.31768903228314727,9.65,0.5123714121284237,5.0
2024-03-01,569.0,0.0,7.67,0.0,18.701103960762293,0.2698506923243083,19.175,0.49751328890718066,-6.0
2024-03-02,559.0,0.0,5.35,0.0,15.895938366647949,0.22918810335929526,13.375,0.48250774176121847,-10.0
2024-03-03,555.0,0.0,4.87,0.0,13.511547611650755,0.1946249027390341,12.175,0.46735921715800227,-4.0
2024-03-04,553.0,0.0,3.31,0.0,11.484815469903142,0.16524618221181214,8.275,0.45207220393230435,-2.0
2024-03-05,556.0,0.0,4.42,0.0,9.76209314941767,0.14027426976367346,11.05,0.43665123195606403,3.0
2024-03-06,555.0,0.0,1.08,0.0,8.297779177005019,0.11904814418275561,2.7,0.4211008707960896,-1.0
2024-03-07,562.0,0.0,-0.21,0.0,7.0531123004542655,0.10100593743897542,0.0,0.40542572835999735,7.0
2024-03-08,572.0,0.0,-0.26,0.0,5.995145455386125,0.08567006170676225,0.0,0.38963044953078796,10.0
2024-03-09,571.0,0.0,-1.13,0.0,5.095873637078206,0.07263456733438108,0.0,0.37371971479046906,-1.0
2024-03-10,551.0,0.0,1.56,0.0,4.331492591516475,0.06155439711785706,3.9000000000000004,0.35769823883312546,-20.0
2024-03-11,539.0,0.0,2.63,0.0,3.6817687027890034,0.052136252433811654,6.574999999999999,0.3415707691678556,-12.0
2024-03-12,539.0,0.7,2.06,0.7,3.8295033973706527,0.05427775708303789,5.15,0.3253420847119801,0.0
2024-03-13,538.0,0.0,3.0,0.0,3.255077887765055,0.04595110840421537,7.5,0.30901699437494745,-1.0
2024-03-14,540.0,0.0,4.09,0.0,2.7668162046002966,0.038873457027216216,10.225,0.29260033563334836,2.0
2024-03-15,529.0,0.0,6.08,0.0,2.351793773910252,0.032857453356766944,15.2,0.27609697309746883,-11.0
2024-03-16,528.0,4.1,8.05,4.1,6.099024707823714,0.08717585493077909,20.125,0.2595117970697999,-1.0
2024-03-17,534.0,1.6,3.72,1.6,6.784171001650158,0.097107469016315,9.3,0.2428497220959356,6.0
2024-03-18,546.0,0.0,2.4,0.0,5.766545351402634,0.08235636354750091,6.0,0.22611568550828828,12.0
2024-03-19,542.0,0.0,2.62,0.0,4.901563548692239,0.06981792389900893,6.550000000000001,0.20931464596304847,-4.0
2024-03-20,526.0,0.0,3.36,0.0,4.166329016388403,0.05916025019779075,8.4,0.19245158197082998,-16.0
2024-03-21,520.0,1.2,5.4,1.2,4.741379663930142,0.06749596063289501,13.5,0.1755314904214282,-6.0
2024-03-22,518.0,1.3,6.81,1.3,5.330172714340621,0.07603087559282859,17.025,0.15855938510313478,-2.0
2024-03-23,518.0,8.9,6.93,8.9,13.430646807189529,0.19345219615599035,17.325,0.141540295217043,0.0
2024-03-24,520.0,2.7,3.4,2.7,14.116049786111098,0.2033875310487893,8.5,0.12447926388678915,2.0
2024-03-25,521.0,0.2,3.78,0.2,12.198642318194432,0.175593538455294,9.45,0.10738134666416309,1.0
2024-03-26,518.0,0.0,4.59,0.0,10.368845970465268,0.14906952257063305,11.475,0.09025161003104117,-3.0
2024-03-27,515.0,0.0,9.28,0.0,8.813519074895478,0.12652410906867126,23.2,0.07309512989807777,-3.0
2024-03-28,519.0,2.0,10.98,2.0,9.491491213661156,0.13635172939390325,27.450000000000003,0.055916990100603484,4.0
2024-03-29,520.0,0.8,10.05,0.8,8.867767531611984,0.12731047358921074,25.125,0.03872228089217446,1.0
2024-03-30,517.0,0.0,13.12,0.0,7.537602401870186,0.10802891743446229,32.8,0.021516097436222254,-3.0
2024-03-31,517.0,0.0,15.81,0.0,6.406962041589658,0.0916395947029261,39.525,0.004303538296244289,0.0
2024-04-01,515.0,0.0,16.03,0.0,5.445917735351209,0.07770867038112034,40.075,-0.01291029607500882,-2.0
2024-04-02,510.0,0.2,11.37,0.2,4.829030075048528,0.0687665068877754,28.424999999999997,-0.030120304846908114,-5.0
2024-04-03,506.0,1.0,4.05,1.0,5.104675563791249,0.07276215663919201,10.125,-0.04732138832243185,-4.0
2024-04-04,508.0,0.0,5.05,0.0,4.338974229222561,0.06166284802694637,12.625,-0.06450844944931623,2.0
2024-04-05,513.0,1.8,9.89,1.8,5.488128094839177,0.07832053532824713,24.725,-0.08167639533042241,5.0
2024-04-06,512.0,6.8,10.53,6.8,11.4649088806133,0.1649576240391016,26.325,-0.09882013873287143,-1.0
2024-04-07,512.0,0.0,12.71,0.0,9.745172548521305,0.14002899531686952,31.775000000000002,-0.11593459959550041,0.0
2024-04-08,508.0,0.0,14.85,0.0,8.283396666243108,0.11883966090297222,37.125,-0.1330147065341959,-4.0
2024-04-09,511.0,0.0,18.68,0.0,7.040887166306642,0.10082872665115955,46.7,-0.1500553983446526,3.0
2024-04-10,509.0,0.0,12.99,0.0,5.984754091360646,0.08551943253711877,32.475,-0.16705162550211924,-2.0
2024-04-11,511.0,0.0,11.62,0.0,5.087040977656549,0.07250653254018412,29.049999999999997,-0.18399835165768005,2.0
2024-04-12,510.0,0.8,12.85,0.8,5.123984831008066,0.07304205626354945,32.125,-0.20089055513063506,-1.0
2024-04-13,514.0,1.6,11.16,1.6,5.955387106356856,0.08509374014916982,27.9,-0.21772323039653177,4.0
2024-04-14,512.0,1.9,10.85,1.9,6.962079040403328,0.09968635472223206,27.125,-0.23449138957040985,-2.0
2024-04-15,508.0,0.0,7.66,0.0,5.917767184342829,0.0845484163975304,19.15,-0.25119006388481935,-4.0
2024-04-16,508.0,10.1,5.1,10.1,15.130102106691403,0.21808683892112657,12.75,-0.2678143051621742,0.0
2024-04-17,507.0,1.1,6.94,1.1,13.960586790687692,0.20113399995763548,17.35,-0.2843591872810034,-1.0
2024-04-18,507.0,8.1,6.34,8.1,19.966498772084538,0.28819336314531635,15.85,-0.30081980763566735,0.0
2024-04-19,507.0,2.1,5.43,2.1,19.071523956271857,0.27522015644914655,13.575,-0.3171912885891061,0.0
2024-04-20,511.0,9.1,3.63,9.1,25.31079536283108,0.36566220706405056,9.075,-0.3334687789181868,4.0
2024-04-21,505.0,1.2,4.93,1.2,22.714176058406416,0.3280226239692158,12.325,-0.3496474552512284,-6.0
2024-04-22,508.0,22.8,1.33,22.8,42.107049649645454,0.6091341737991212,3.325,-0.36572252349726897,3.0
2024-04-23,513.0,0.0,3.13,0.0,35.79099220219864,0.5175790626128862,7.824999999999999,-0.3816892202666588,5.0
2024-04-24,513.0,8.8,5.31,8.8,39.222343371868845,0.5673185940329444,13.274999999999999,-0.39754281428255595,0.0
2024-04-25,513.0,0.4,5.96,0.4,33.73899186608852,0.4878340641720158,14.9,-0.4132786077829042,0.0
2024-04-26,516.0,0.0,7.8,0.0,28.67814308617524,0.4144739694298465,19.5,-0.4288919379124835,3.0
2024-04-27,512.0,0.0,10.51,0.0,24.37642162324895,0.35211788889900264,26.275,-0.4443781781046132,-4.0
2024-04-28,514.0,0.0,13.23,0.0,20.719958379761607,0.2991152204477854,33.075,-0.45973273945210397,2.0
2024-04-29,514.0,0.0,16.8,0.0,17.611964622797366,0.25406295226425074,42.0,-0.47495107206704995,0.0
2024-04-30,514.0,0.0,17.47,0.0,14.97016992937776,0.2157685243082463,43.675,-0.49002866642905923,0.0
2024-05-01,516.0,0.0,16.05,0.0,12.724644439971096,0.1832182605456425,40.125,-0.5049610547215204,2.0
2024-05-02,510.0,0.0,17.26,0.0,10.81594777397543,0.15555053634742927,43.150000000000006,-0.5197438121555155,-6.0
2024-05-03,511.0,0.0,16.2,0.0,9.193555607879116,0.13203297077894804,40.5,-0.5343725582809787,1.0
2024-05-04,512.0,0.0,16.65,0.0,7.8145222666972485,0.11204304004573899,41.625,-0.548842958284719,1.0
2024-05-05,514.0,1.1,16.38,1.1,7.74234392669266,0.11099677091355602,40.949999999999996,-0.5631507242749186,2.0
2024-05-06,519.0,6.3,14.31,6.3,12.880992337688761,0.18548461883613926,35.775,-0.5772916165517272,5.0
2024-05-07,517.0,0.7,8.47,0.7,11.648843487035446,0.16762386852501635,21.175,-0.5912614448635781,-2.0
2024-05-08,509.0,0.0,7.58,0.0,9.901516963980129,0.14229530312989705,18.95,-0.6050560696488488,-8.0
2024-05-09,508.0,1.2,7.8,1.2,9.616289419383108,0.13816075562518534,19.5,-0.6186714032625031,-1.0
2024-05-10,511.0,4.8,10.77,4.8,12.97384600647564,0.18683058948959952,26.924999999999997,-0.6321034111873487,3.0
2024-05-11,505.0,0.0,8.42,0.0,11.027769105504293,0.15862101594979275,21.05,-0.6453481132295501,-6.0
2024-05-12,501.0,0.0,9.27,0.0,9.373603739678648,0.134642878440957,23.174999999999997,-0.6584015846980488,-4.0
2024-05-13,504.0,0.0,12.58,0.0,7.96756317872685,0.11426146155844658,31.45,-0.6712599575675313,3.0
2024-05-14,506.0,0.0,15.08,0.0,6.772428701917823,0.09693725720831275,37.7,-0.6839194216246106,2.0
2024-05-15,505.0,0.0,14.52,0.0,5.756564396630149,0.08221168351069899,36.3,-0.6963762255968722,-1.0
2024-05-16,504.0,0.0,13.5,0.0,4.8930797371356265,0.0696949458677273,33.75,-0.7086266782644596,-1.0
2024-05-17,506.0,0.0,15.64,0.0,4.1591177765652825,0.05905571887120136,39.1,-0.7206671495538609,2.0
2024-05-18,498.0,0.1,17.54,0.1,3.63525011008049,0.05146193701424929,43.849999999999994,-0.7324940716135789,-8.0
2024-05-19,494.0,1.9,18.72,1.9,4.989962593568416,0.0710993220575496,46.8,-0.7441039398713607,-4.0
2024-05-20,495.0,6.7,16.22,6.7,10.941468204533153,0.1573700316689137,40.55,-0.7554933140726803,1.0
2024-05-21,496.0,2.3,17.82,2.3,11.600247973853179,0.16691944687439422,44.55,-0.766658819300159,1.0
2024-05-22,492.0,1.3,19.3,1.3,11.160210777775202,0.16054083889810294,48.25,-0.777597146973627,-4.0
2024-05-23,489.0,0.0,21.5,0.0,9.486179161108922,0.13627472794702067,53.75,-0.7883050558305255,-3.0
2024-05-24,492.0,0.0,21.78,0.0,8.063252286942584,0.11564853363860073,54.45,-0.7987793728863649,3.0
2024-05-25,497.0,0.3,19.37,0.3,7.153764443901196,0.10246495174672869,48.425000000000004,-0.8090169943749473,5.0
2024-05-26,493.0,0.0,20.03,0.0,6.080699777316016,0.08691022386835255,50.075,-0.8190148866680801,-4.0
2024-05-27,496.0,0.0,20.11,0.0,5.168594810718614,0.07368870517173283,50.275,-0.8287700871745037,3.0
2024-05-28,497.0,0.0,21.36,0.0,4.393305589110821,0.06245041427960605,53.4,-0.8382797052177743,1.0
2024-05-29,496.0,0.3,20.54,0.3,4.034309750744198,0.05724655029158322,51.349999999999994,-0.8475409228928311,-1.0
2024-05-30,490.0,0.1,20.47,0.1,3.529163288132568,0.04992414372157387,51.175,-0.8565509959010036,-6.0
2024-05-31,490.0,4.0,19.08,4.0,6.999788794912683,0.10023298065076999,47.699999999999996,-0.865307254363206,0.0
2024-06-01,492.0,0.0,19.96,0.0,5.94982047567578,0.08501304843678766,49.900000000000006,-0.8738071036110808,2.0
2024-06-02,484.0,22.8,18.9,22.8,27.857347404324415,0.4025760345965572,47.25,-0.8820480249558537,-8.0
2024-06-03,489.0,0.9,18.97,0.9,24.578745293675752,0.35505069410156154,47.425,-0.8900275764346767,5.0
2024-06-04,494.0,0.0,18.28,0.0,20.89193349962439,0.3016081048699605,45.7,-0.8977433935342337,5.0
2024-06-05,489.0,0.0,19.11,0.0,17.758143474680733,0.2561819040230996,47.775,-0.9051931898913974,-5.0
2024-06-06,487.0,0.1,16.26,0.1,15.194421953478622,0.2190191943933628,40.650000000000006,-0.9123747579707273,-2.0
2024-06-07,491.0,4.4,14.68,4.4,17.315258660456827,0.24976201808217044,36.7,-0.9192859697186104,4.0
2024-06-08,490.0,0.0,15.17,0.0,14.717969861388303,0.21211273025347804,37.925,-0.9259247771938498,-1.0
2024-06-09,484.0,10.6,15.2,10.6,23.11027438218006,0.33376431114915694,38.0,-0.9322892131745133,-6.0
2024-06-10,485.0,0.6,14.86,0.6,20.243733224853052,0.29221204590098643,37.15,-0.9383773917408641,1.0
2024-06-11,489.0,0.9,16.5,0.9,18.107173241125093,0.2612413037103264,41.25,-0.9441875088341993,4.0
2024-06-12,489.0,0.0,15.61,0.0,15.391097254956328,0.2218701230374106,39.025,-0.9497178427914316,0.0
2024-06-13,491.0,4.8,15.5,4.8,17.88243266671288,0.257983551789991,38.75,-0.9549667548552551,2.0
2024-06-14,495.0,0.9,14.79,0.9,16.100067766705948,0.2321470837159803,36.974999999999994,-0.9599326896597447,4.0
2024-06-15,488.0,0.0,16.75,0.0,13.685057601700056,0.19714003604221644,41.875,-0.9646141756912435,-7.0
2024-06-16,480.0,0.0,19.1,0.0,11.632298961445047,0.16738404551951713,47.75,-0.9690098257244062,-8.0
2024-06-17,484.0,0.0,20.25,0.0,9.88745411722829,0.1420914535752227,50.625,-0.9731183372332619,4.0
2024-06-18,491.0,0.0,21.15,0.0,8.404335999644045,0.12059275042257245,52.875,-0.9769384927771817,7.0
2024-06-19,494.0,9.5,18.68,9.5,16.643685599697438,0.24002715630184243,46.7,-0.980469160361632,3.0
2024-06-20,490.0,0.0,17.29,0.0,14.147132759742822,0.20383809774019926,43.224999999999994,-0.9837092937736097,-4.0
2024-06-21,487.0,0.0,18.31,0.0,12.025062845781399,0.17307739796280253,45.775,-0.986657932891657,-3.0
2024-06-22,486.0,14.5,18.86,14.5,24.72130341891419,0.3571171612157868,47.15,-0.9893142039703663,-1.0
2024-06-23,481.0,1.8,15.94,1.8,22.81310790607706,0.3294567015387615,39.85,-0.99167731989929,-5.0
2024-06-24,482.0,0.0,18.09,0.0,19.3911417201655,0.2798532111915804,45.225,-0.993746580436178,1.0
2024-06-25,488.0,0.0,21.33,0.0,16.482470462140675,0.2376902443964765,53.324999999999996,-0.9955213724144752,6.0
2024-06-26,503.0,0.0,22.16,0.0,14.010099892819573,0.2018517226206382,55.4,-0.9970011699250151,15.0
2024-06-27,504.0,0.0,24.47,0.0,11.908584908896637,0.17138897911117562,61.175,-0.9981855344718586,1.0
2024-06-28,504.0,0.7,25.87,0.7,10.822297172562141,0.15564257475879728,64.675,-0.99907411510223,0.0
2024-06-29,500.0,15.4,21.19,15.4,24.59895259667782,0.3553436113032371,52.975,-0.9996666485105112,-4.0
2024-06-30,491.0,0.0,23.58,0.0,20.909109707176146,0.3018570844913847,58.949999999999996,-0.9999629591162655,-9.0
2024-07-01,496.0,0.1,21.81,0.1,17.872743251099724,0.25784309779140513,54.525,-0.9999629591162655,5.0
2024-07-02,509.0,0.2,17.44,0.2,15.391831763434764,0.22188077018651747,43.6,-0.9996666485105112,13.0
2024-07-03,512.0,0.0,17.85,0.0,13.083056998919549,0.188413669542173,44.625,-0.99907411510223,3.0
2024-07-04,514.0,0.0,18.6,0.0,11.120598449081616,0.1599666339944802,46.5,-0.9981855344718586,2.0
2024-07-05,506.0,0.7,17.74,0.7,10.152508681719372,0.14593358140960613,44.349999999999994,-0.9970011699250151,-8.0
2024-07-06,500.0,0.3,21.24,0.3,8.929632379461466,0.1282072423520833,53.099999999999994,-0.9955213724144752,-6.0
2024-07-07,488.0,0.5,22.1,0.5,8.090187522542246,0.11603897633337884,55.25,-0.9937465804361781,-12.0
2024-07-08,489.0,0.0,20.25,0.0,6.876659394160909,0.09844814476700517,50.625,-0.99167731989929,1.0
2024-07-09,493.0,0.0,21.93,0.0,5.845160485036772,0.08349593793558754,54.825,-0.9893142039703664,4.0
2024-07-10,495.0,0.0,24.27,0.0,4.968386412281257,0.07078656212888258,60.675,-0.9866579328916572,2.0
2024-07-11,512.0,14.0,23.32,14.0,18.22312845043907,0.26292214530648,58.3,-0.9837092937736098,17.0
2024-07-12,521.0,0.0,23.08,0.0,15.48965918287321,0.2232988383941412,57.699999999999996,-0.9804691603616321,9.0
2024-07-13,515.0,13.8,23.49,13.8,26.966210305442228,0.38965845795175985,58.724999999999994,-0.9769384927771817,-6.0
2024-07-14,506.0,0.0,20.01,0.0,22.921278759625892,0.33102470414262897,50.025000000000006,-0.973118337233262,-9.0
2024-07-15,504.0,0.0,21.19,0.0,19.483086945682007,0.28118601340486776,52.975,-0.9690098257244063,-2.0
2024-07-16,500.0,6.4,25.0,6.4,22.960623903829706,0.3315950360438492,62.5,-0.9646141756912435,-4.0
2024-07-17,506.0,0.0,24.1,0.0,19.51653031825525,0.28167079552090496,60.25,-0.9599326896597445,6.0
2024-07-18,506.0,0.0,21.47,0.0,16.589050770516963,0.2392351910764024,53.675,-0.9549667548552553,0.0
2024-07-19,512.0,0.0,19.33,0.0,14.100693154939417,0.20316492729857522,48.324999999999996,-0.9497178427914317,6.0
2024-07-20,511.0,0.0,19.93,0.0,11.985589181698504,0.1725052030874221,49.825,-0.9441875088341994,-1.0
2024-07-21,505.0,0.0,21.6,0.0,10.187750804443729,0.14644443750794192,54.0,-0.9383773917408642,-6.0
2024-07-22,501.0,0.0,22.56,0.0,8.659588183777169,0.12429278676538379,56.4,-0.9322892131745134,-4.0
2024-07-23,505.0,0.2,21.72,0.2,7.560649956210593,0.10836300581439932,54.3,-0.9259247771938499,4.0
2024-07-24,512.0,13.9,20.3,13.9,20.326552462779006,0.29341256134907423,50.75,-0.9192859697186105,7.0
2024-07-25,512.0,6.2,18.33,6.2,23.477569593362155,0.3390884796162348,45.824999999999996,-0.9123747579707274,0.0
2024-07-26,519.0,3.1,19.49,3.1,23.055934154357832,0.332976616350377,48.724999999999994,-0.9051931898913975,7.0
2024-07-27,514.0,0.1,21.48,0.1,19.69754403120416,0.2842946998715486,53.7,-0.8977433935342336,-5.0
2024-07-28,500.0,30.4,18.05,30.4,47.14291242652354,0.6821320811633222,45.125,-0.8900275764346766,-14.0
2024-07-29,500.0,29.0,15.9,29.0,69.071475562545,1.0,39.75,-0.8820480249558535,0.0
2024-07-30,500.0,0.0,18.28,0.0,58.71075422816325,0.8498150148836332,45.7,-0.8738071036110807,0.0
2024-07-31,492.0,0.0,19.0,0.0,49.90414109393876,0.7221577775347213,47.5,-0.8653072543632061,-8.0
2024-08-01,490.0,0.0,19.56,0.0,42.418519929847946,0.6136491257881463,48.9,-0.8565509959010037,-2.0
2024-08-02,498.0,0.0,18.04,0.0,36.05574194037075,0.5214167718035575,45.099999999999994,-0.8475409228928312,8.0
2024-08-03,497.0,0.0,18.56,0.0,30.64738064931514,0.443019270916657,46.4,-0.8382797052177745,-1.0
2024-08-04,494.0,0.0,19.19,0.0,26.05027355191787,0.37638139516279157,47.975,-0.828770087174504,-3.0
2024-08-05,499.0,1.8,19.05,1.8,23.94273251913019,0.34583130039371557,47.625,-0.8190148866680802,5.0
2024-08-06,509.0,3.7,19.45,3.7,24.051322641260658,0.3474053805518055,48.625,-0.8090169943749472,10.0
2024-08-07,512.0,0.0,19.33,0.0,20.443624245071558,0.29510958835266776,48.324999999999996,-0.7987793728863648,3.0
2024-08-08,508.0,0.0,20.05,0.0,17.377080608310823,0.25065816498340077,50.125,-0.7883050558305253,-4.0
2024-08-09,508.0,4.2,19.97,4.2,18.9705185170642,0.2737560209035128,49.925,-0.7775971469736268,0.0
2024-08-10,506.0,0.6,19.07,0.6,16.72494073950457,0.2412049991921889,47.675,-0.7666588193001592,-2.0
2024-08-11,494.0,3.7,16.45,3.7,17.916199628578884,0.2584730245305078,41.125,-0.7554933140726804,-12.0
2024-08-12,493.0,0.0,17.27,0.0,15.22876968429205,0.2195170857345648,43.175,-0.7441039398713608,-1.0
2024-08-13,501.0,0.0,17.45,0.0,12.944454231648242,0.18640453775801324,43.625,-0.7324940716135792,8.0
2024-08-14,506.0,0.0,18.06,0.0,11.002786096901005,0.1582588719779444,45.15,-0.7206671495538615,5.0
2024-08-15,507.0,0.0,20.04,0.0,9.352368182365854,0.13433505606488588,50.099999999999994,-0.7086266782644601,1.0
2024-08-16,502.0,4.4,22.64,4.4,12.349512955010976,0.17778050050296512,56.6,-0.6963762255968726,-5.0
2024-08-17,504.0,6.8,22.19,6.8,17.29708601175933,0.24949859443761185,55.475,-0.6839194216246105,2.0
2024-08-18,495.0,0.0,22.62,0.0,14.702523109995429,0.21188882015560323,56.550000000000004,-0.6712599575675315,-9.0
2024-08-19,490.0,2.7,22.97,2.7,15.197144643496113,0.21905866144846023,57.425,-0.6584015846980489,-5.0
2024-08-20,502.0,0.0,20.32,0.0,12.917572946971696,0.18601487711482437,50.8,-0.64534811322955,12.0
2024-08-21,506.0,5.1,21.66,5.1,16.079937004925938,0.23185527602607758,54.15,-0.6321034111873488,4.0
2024-08-22,517.0,2.4,17.52,2.4,16.067946454187048,0.23168146566807854,43.8,-0.6186714032625032,11.0
2024-08-23,514.0,0.0,18.59,0.0,13.657754486058991,0.19674426070149992,46.475,-0.6050560696488494,-3.0
2024-08-24,504.0,0.0,21.75,0.0,11.609091313150142,0.16704763647990808,54.375,-0.5912614448635782,-10.0
2024-08-25,497.0,0.0,23.25,0.0,9.86772761617762,0.14180550589155502,58.125,-0.5772916165517278,-7.0
2024-08-26,508.0,0.0,19.6,0.0,8.387568473750976,0.12034969489145492,49.0,-0.5631507242749187,11.0
2024-08-27,515.0,0.0,18.73,0.0,7.12943320268833,0.10211225554136984,46.825,-0.5488429582847199,7.0
2024-08-28,511.0,0.0,18.29,0.0,6.0600182222850805,0.08661043209379753,45.724999999999994,-0.5343725582809785,-4.0
2024-08-29,507.0,0.0,21.27,0.0,5.151015488942318,0.07343388216336104,53.175,-0.5197438121555157,-4.0
2024-08-30,511.0,0.0,22.73,0.0,4.3783631656009705,0.06223381472249005,56.825,-0.5049610547215202,4.0
2024-08-31,515.0,0.2,18.12,0.2,3.921608690760825,0.055612879577939645,45.300000000000004,-0.4900286664290594,4.0
2024-09-01,503.0,0.0,15.87,0.0,3.3333673871467013,0.04708596252488186,39.675,-0.4749510720670502,-12.0
2024-09-02,493.0,0.0,17.82,0.0,2.833362279074696,0.039838083029782735,44.55,-0.4597327394521046,-10.0
2024-09-03,496.0,0.0,20.82,0.0,2.4083579372134913,0.03367738545894848,52.05,-0.44437817810461344,3.0
2024-09-04,501.0,0.0,20.45,0.0,2.0471042466314677,0.028440792523739367,51.125,-0.4288919379124841,5.0
2024-09-05,500.0,0.0,20.53,0.0,1.7400386096367475,0.023989688528811618,51.325,-0.41327860778290443,-1.0
2024-09-06,501.0,0.0,20.2,0.0,1.4790328181912353,0.020206250133123032,50.5,-0.3975428142825566,1.0
2024-09-07,495.0,0.0,19.63,0.0,1.25717789546255,0.016990327496787735,49.074999999999996,-0.3816892202666586,-6.0
2024-09-08,490.0,0.0,19.23,0.0,1.0686012111431675,0.014256793255902733,48.075,-0.3657225234972692,-5.0
2024-09-09,482.0,0.0,19.46,0.0,0.9083110294716924,0.01193328915115048,48.650000000000006,-0.34964745525122826,-8.0
2024-09-10,482.0,5.0,17.99,5.0,5.772064375050938,0.08243636516685987,44.974999999999994,-0.33346877891818705,0.0
2024-09-11,490.0,0.1,16.83,0.1,5.006254718793297,0.07133548636555902,42.074999999999996,-0.31719128858910595,8.0
2024-09-12,503.0,4.5,16.47,4.5,8.755316510974303,0.12568042734863225,41.175,-0.300819807635668,13.0
2024-09-13,518.0,31.9,17.88,31.9,39.34201903432815,0.5690533658702679,44.699999999999996,-0.2843591872810036,15.0
2024-09-14,522.0,0.0,19.5,0.0,33.44071617917893,0.4835103758733608,48.75,-0.26781430516217486,4.0
2024-09-15,506.0,0.6,16.72,0.6,29.02460875230209,0.4194962009165597,41.8,-0.25119006388481957,-16.0
2024-09-16,514.0,0.0,17.56,0.0,24.670917439456776,0.35638678566270887,43.9,-0.23449138957041052,8.0
2024-09-17,517.0,0.0,16.6,0.0,20.97027982353826,0.3027437826969357,41.5,-0.21772323039653224,3.0
2024-09-18,521.0,0.0,17.04,0.0,17.82473785000752,0.2571472301760285,42.599999999999994,-0.20089055513063528,4.0
2024-09-19,524.0,0.0,16.28,0.0,15.15102717250639,0.21839016053325738,40.7,-0.18399835165767986,3.0
2024-09-20,526.0,0.0,15.51,0.0,12.878373096630432,0.18544665133690194,38.775,-0.1670516255021195,2.0
2024-09-21,516.0,0.0,14.63,0.0,10.946617132135867,0.1574446685199998,36.575,-0.15005539834465262,-10.0
2024-09-22,503.0,0.0,13.95,0.0,9.304624562315487,0.133642983125633,34.875,-0.13301470653419636,-13.0
2024-09-23,502.0,0.0,15.71,0.0,7.908930877968164,0.1134115505404212,39.275000000000006,-0.11593459959550066,-1.0
2024-09-24,501.0,0.0,17.51,0.0,6.722591246272939,0.09621483284299118,43.775000000000006,-0.09882013873287211,-1.0
2024-09-25,498.0,4.4,16.92,4.4,10.114202559332,0.14537831076435462,42.300000000000004,-0.08167639533042288,-3.0
2024-09-26,486.0,0.0,17.38,0.0,8.5970721754322,0.12338657903333458,43.449999999999996,-0.06450844944931625,-12.0
2024-09-27,489.0,2.6,18.1,2.6,9.90751134911737,0.14238219540443692,45.25,-0.04732138832243232,3.0
2024-09-28,494.0,0.3,15.1,0.3,8.721384646749764,0.12518856424768948,37.75,-0.03012030484690836,5.0
2024-09-29,512.0,0.0,9.51,0.0,7.413176949737299,0.1062252944941692,23.775,-0.012910296075008843,18.0
2024-09-30,509.0,0.0,8.05,0.0,6.301200407276704,0.09010651520367698,20.125,0.004303538296243821,-3.0
2024-10-01,496.0,0.3,8.48,0.3,5.656020346185198,0.08075423607704352,21.200000000000003,0.021516097436222233,-13.0
2024-10-02,499.0,0.1,9.89,0.1,4.907617294257418,0.06990567663921511,24.725,0.03872228089217399,3.0
2024-10-03,506.0,21.1,8.83,21.1,25.271474700118805,0.3650922300370059,22.075,0.05591699010060302,7.0
2024-10-04,514.0,0.2,9.79,0.2,21.680753495100983,0.31304253259527814,24.474999999999998,0.07309512989807776,8.0
2024-10-05,506.0,0.0,10.53,0.0,18.428640470835834,0.2659011675896195,26.325,0.0902516100310407,-8.0
2024-10-06,491.0,0.0,9.62,0.0,15.664344400210458,0.2258310073348098,24.049999999999997,0.10738134666416306,-15.0
2024-10-07,487.0,0.0,9.15,0.0,13.31469274017889,0.19177137111822148,22.875,0.12447926388678869,-4.0
2024-10-08,494.0,0.0,9.28,0.0,11.317488829152056,0.16282068033412142,23.2,0.141540295217043,7.0
2024-10-09,486.0,7.1,14.87,7.1,16.71986550477925,0.24113143056437966,37.175,0.15855938510313475,-8.0
2024-10-10,497.0,0.0,16.67,0.0,14.211885679062362,0.2047767308633559,41.675000000000004,0.17553149042142777,11.0
2024-10-11,495.0,0.5,11.33,0.5,12.580102827203008,0.18112304156796055,28.325,0.19245158197082995,-2.0
2024-10-12,495.0,0.0,7.66,0.0,10.693087403122556,0.1537696002163996,19.15,0.20931464596304888,0.0
2024-10-13,491.0,4.9,6.74,4.9,13.989124292654173,0.20154766848222666,16.85,0.22611568550828803,-4.0
2024-10-14,493.0,0.6,8.0,0.6,12.490755648756046,0.17982789963409568,20.0,0.2428497220959358,2.0
2024-10-15,499.0,0.1,8.71,0.1,10.717142301442639,0.15411829066270943,21.775000000000002,0.25951179706979943,6.0
2024-10-16,501.0,0.0,4.62,0.0,9.109570956226243,0.1308155619469362,11.55,0.27609697309746883,2.0
2024-10-17,494.0,0.0,4.32,0.0,7.743135312792306,0.11100824253852891,10.8,0.2926003356333479,-7.0
2024-10-18,491.0,0.0,6.08,0.0,6.58166501587346,0.09417202104138273,15.2,0.30901699437494723,-3.0
2024-10-19,495.0,0.0,4.54,0.0,5.594415263492441,0.07986123276880848,11.35,0.3253420847119795,4.0
2024-10-20,498.0,0.0,6.04,0.0,4.755252973968575,0.06769706273712037,15.1,0.341570769167856,3.0
2024-10-21,504.0,0.0,9.45,0.0,4.041965027873289,0.05735751821018546,23.625,0.35769823883312546,6.0
2024-10-22,503.0,0.0,13.03,0.0,3.4356702736922955,0.048568905362290804,32.574999999999996,0.3737197147904692,-1.0
2024-10-23,495.0,0.0,10.41,0.0,2.920319732638451,0.041098584441580335,26.025,0.38963044953078774,-8.0
2024-10-24,495.0,0.0,10.17,0.0,2.482271772742683,0.03474881165897644,25.425,0.4054257283599973,0.0
2024-10-25,495.0,0.0,7.63,0.0,2.1099310068312804,0.02935150479376313,19.075,0.42110087079608916,0.0
2024-10-26,496.0,0.1,5.82,0.1,1.8934413558065883,0.02621335504842679,14.55,0.4366512319560638,1.0
2024-10-27,499.0,0.0,10.01,0.0,1.6094251524356,0.02209636667479593,25.025,0.45207220393230374,3.0
2024-10-28,484.0,0.0,9.54,0.0,1.36801137957026,0.018596926557209695,23.849999999999998,0.46735921715800205,-15.0
2024-10-29,491.0,0.0,9.28,0.0,1.162809672634721,0.0156224024572614,23.2,0.48250774176121763,7.0
2024-10-30,489.0,2.1,11.4,2.1,3.088388221739513,0.043534839864299846,28.5,0.4975132889071803,-2.0
2024-10-31,485.0,0.8,9.7,0.8,3.425129988478586,0.04841611748904784,24.25,0.5123714121284235,-4.0
2024-11-01,484.0,3.4,11.76,3.4,6.311360490206798,0.09025379181255301,29.4,0.5270777086423724,-1.0
2024-11-02,476.0,0.0,5.11,0.0,5.364656416675778,0.07653073792430322,12.775,0.5416278206559811,-8.0
2024-11-03,474.0,0.7,5.28,0.7,5.2599579541744115,0.07501306974995572,13.200000000000001,0.5560174366570446,-2.0
2024-11-04,483.0,0.0,3.27,0.0,4.47096426104825,0.06357612417109552,8.175,0.5702422926917867,9.0
2024-11-05,489.0,0.0,5.79,0.0,3.8003196218910125,0.05385472042906435,14.475,0.5842981736283683,6.0
2024-11-06,499.0,0.0,6.58,0.0,3.2302716786073606,0.04559152724833785,16.45,0.5981809144059159,10.0
2024-11-07,508.0,0.7,5.01,0.7,3.445730926816257,0.04871474067538517,12.524999999999999,0.6118864012687242,9.0
2024-11-08,517.0,0.3,6.19,0.3,3.228871287793818,0.045571227727995475,15.475000000000001,0.6254105729852457,9.0
2024-11-09,507.0,0.0,4.37,0.0,2.744540594624745,0.03855055845242931,10.925,0.6387494220515268,-10.0
2024-11-10,499.0,0.0,2.89,0.0,2.3328595054310335,0.03258298956819807,7.2250000000000005,0.6518989958787125,-8.0
2024-11-11,506.0,0.0,2.5,0.0,1.9829305796163783,0.027510556016601514,6.25,0.6648553979642867,7.0
2024-11-12,504.0,0.1,1.25,0.1,1.7854909926739215,0.024648548587839422,3.125,0.6776147890466887,-2.0
2024-11-13,502.0,0.0,0.5,0.0,1.5176673437728332,0.020766281183296664,1.25,0.690173388242972,-2.0
2024-11-14,495.0,2.4,2.25,2.4,3.690017242206908,0.052255820051714745,5.625,0.7025274741691566,-7.0
2024-11-15,504.0,0.0,4.61,0.0,3.136514655875872,0.04423246192759069,11.525,0.7146733860429608,9.0
2024-11-16,489.0,0.8,7.22,0.8,3.466037457494491,0.04900909624284505,18.05,0.726607524768565,-15.0
2024-11-17,479.0,3.0,4.95,3.0,5.9461318388703175,0.08495957939290075,12.375,0.7383263540031063,-10.0
2024-11-18,488.0,0.4,4.79,0.4,5.45421206303977,0.0778289017279787,11.975,0.749826401204568,9.0
2024-11-19,499.0,4.3,3.46,4.3,8.936080253583803,0.128300708226499,8.65,0.7611042586607742,11.0
2024-11-20,501.0,6.2,5.11,6.2,13.795668215546232,0.19874340446204583,12.775,0.7721565844991641,2.0
2024-11-21,503.0,1.5,0.79,1.5,13.226317983214297,0.19049032502779675,1.975,0.7829801036770625,2.0
2024-11-22,504.0,0.0,-0.76,0.0,11.242370285732152,0.16173179115726039,0.0,0.7935716089521472,1.0
2024-11-23,498.0,0.4,-0.38,0.4,9.956014742872329,0.14308528172768437,0.0,0.8039279618328208,-6.0
2024-11-24,485.0,0.0,1.55,0.0,8.46261253144148,0.12143750435216488,3.875,0.8140460935082175,-13.0
2024-11-25,478.0,0.0,5.03,0.0,7.193220651725257,0.1030368935829733,12.575000000000001,0.8239230057575536,-7.0
2024-11-26,482.0,6.5,4.61,6.5,12.614237553966468,0.1816178452853339,11.525,0.8335557718385695,4.0
2024-11-27,492.0,1.1,4.82,1.1,11.822101920871498,0.17013535536721172,12.05,0.8429415373547832,10.0
2024-11-28,501.0,3.5,4.79,3.5,13.548786632740773,0.1951647050990873,11.975,0.8520775211013093,9.0
2024-11-29,516.0,0.1,3.96,0.1,11.616468637829657,0.1671545753079523,9.9,0.8609610158889945,15.0
2024-11-30,516.0,0.0,4.26,0.0,9.873998342155208,0.14189640389539263,10.649999999999999,0.8695893893466109,0.0
2024-12-01,501.0,0.0,2.4,0.0,8.392898590831926,0.12042695819471688,6.0,0.8779600847008883,-15.0
2024-12-02,495.0,0.0,3.77,0.0,7.133963802207137,0.1021779293491425,9.425,0.8860706215341377,-6.0
2024-12-03,498.0,8.5,4.16,8.5,14.563869231876065,0.20987894748847724,10.4,0.893918596519257,3.0
2024-12-04,501.0,1.8,3.2,1.8,14.179288847094655,0.20430421987054836,8.0,0.9015016841318838,3.0
2024-12-05,506.0,0.1,0.85,0.1,12.152395520030456,0.17492316286369425,2.125,0.9088176373395028,5.0
2024-12-06,501.0,0.0,-0.72,0.0,10.329536192025888,0.14849970331777326,0.0,0.9158642882672868,-5.0
2024-12-07,507.0,0.0,0.46,0.0,8.780105763222004,0.12603976270374043,1.1500000000000001,0.9226395488404875,6.0
2024-12-08,502.0,0.3,2.61,0.3,7.763089898738703,0.11129749645209744,6.5249999999999995,0.9291414114031743,-5.0
2024-12-09,500.0,0.2,2.22,0.2,6.798626413927898,0.09731700904810593,5.550000000000001,0.935367949313148,-2.0
2024-12-10,504.0,0.0,-0.52,0.0,5.778832451838713,0.08253447257452319,0.0,0.941317317512847,4.0
2024-12-11,507.0,0.0,-0.29,0.0,4.912007584062906,0.06996931657197787,0.0,0.946987753076075,3.0
2024-12-12,504.0,0.0,-0.16,0.0,4.17520644645347,0.059288933969814356,0.0,0.9523775757303973,-3.0
2024-12-13,500.0,0.0,-3.78,0.0,3.5489254794854492,0.050210608757975346,0.0,0.9574851883550389,-4.0
2024-12-14,491.0,0.3,-1.26,0.3,3.3165866575626315,0.046842715598197124,0.0,0.9623090774541487,-9.0
2024-12-15,481.0,0.9,1.29,0.9,3.7190986589282367,0.0526773729529555,3.225,0.9668478136052773,-10.0
2024-12-16,487.0,7.3,6.13,7.3,10.461233860089001,0.1504087414705786,15.325,0.9711000518829505,6.0
2024-12-17,493.0,0.4,4.86,0.4,9.292048781075652,0.13346068949400486,12.15,0.9750645322571945,6.0
2024-12-18,509.0,4.5,2.2,4.5,12.398241463914303,0.1784868500078112,5.5,0.9787400799669153,16.0
2024-12-19,501.0,3.8,8.14,3.8,14.338505244327155,0.20661215881388176,20.35,0.9821256058680006,-8.0
2024-12-20,502.0,1.5,5.38,1.5,13.687729457678081,0.19717876622685726,13.45,0.9852201067560606,1.0
2024-12-21,503.0,0.2,1.71,0.2,11.834570039026367,0.17031608835665177,4.275,0.9880226656636976,1.0
2024-12-22,503.0,0.0,3.03,0.0,10.059384533172413,0.14458368998678717,7.574999999999999,0.9905324521322227,0.0
2024-12-23,502.0,2.1,2.35,2.1,10.65047685319655,0.15315193426439672,5.875,0.9927487224577402,-1.0
2024-12-24,505.0,0.0,2.18,0.0,9.052905325217067,0.12999415900837036,5.45,0.9946708199115211,3.0
2024-12-25,500.0,0.0,0.9,0.0,7.694969526434506,0.11031005004074797,2.25,0.9962981749346077,-5.0
2024-12-26,517.0,0.1,2.28,0.1,6.64072409746933,0.0950281185083639,5.699999999999999,0.9976303053065857,17.0
2024-12-27,516.0,0.1,3.88,0.1,5.74461548284893,0.08203847670583744,9.7,0.9986668162884759,-1.0
2024-12-28,506.0,2.6,3.35,2.6,7.48292316042159,0.10723630842606435,8.375,0.9994074007397048,-10.0
2024-12-29,501.0,0.0,2.29,0.0,6.360484686358352,0.09096587704578786,5.725,0.9998518392091162,-5.0
2024-12-30,487.0,7.3,3.74,7.3,12.7064119834046,0.1829539699494861,9.350000000000001,1.0,-14.0
2024-12-31,495.0,3.7,5.34,3.7,14.50045018589391,0.2089596496742105,13.35,0.9998518392091162,8.0
