timestamp,water_level_cm,precip_kretingos-ams,temp_kretingos-ams,precip_vezaiciu-ams,temp_vezaiciu-ams,Pt,API_t,API_norm,S_t,SMI_t,delta_WL_t
2016-04-01,129.0,0.0,0.0,0.0,0.0,0.0,0.0,0.0,-0.01291029607500882,0.0,0.0
2016-04-02,129.0,0.0,0.0,0.0,0.0,0.0,0.0,0.0,-0.030120304846908114,0.0,0.0
2016-04-03,129.0,0.0,0.0,0.0,0.0,0.0,0.0,0.0,-0.04732138832243185,0.0,0.0
2016-04-04,129.0,0.0,0.0,0.0,0.0,0.0,0.0,0.0,-0.06450844944931623,0.0,0.0
2016-04-05,127.0,0.0,0.0,0.0,12.07,0.0,0.0,0.0,-0.08167639533042241,15.0875,-2.0
2016-04-06,125.0,0.0,0.0,5.7,7.76,2.85,2.85,0.03368924618758725,-0.09882013873287143,9.7,-2.0
2016-04-07,124.0,0.0,0.0,1.3,7.87,0.65,3.0725,0.03631937154784625,-0.11593459959550041,9.8375,-1.0
2016-04-08,123.0,0.0,0.0,0.3,5.92,0.15,2.7616249999999996,0.03264458403606864,-0.1330147065341959,7.4,-1.0
2016-04-09,122.0,0.0,0.0,0.0,5.33,0.0,2.3473812499999998,0.027747896430658347,-0.1500553983446526,6.6625,-1.0
2016-04-10,120.0,0.0,0.0,0.0,6.53,0.0,1.9952740624999998,0.023585711966059596,-0.16705162550211924,8.1625,-2.0
2016-04-11,118.0,0.0,0.0,0.0,8.22,0.0,1.695982953125,0.020047855171150656,-0.18399835165768005,10.275,-2.0
2016-04-12,117.0,0.0,0.0,0.0,10.42,0.0,1.4415855101562498,0.017040676895478057,-0.20089055513063506,13.025,-1.0
2016-04-13,116.0,0.0,0.0,1.6,9.05,0.8,2.0253476836328126,0.023941205869952773,-0.21772323039653177,11.3125,-1.0
2016-04-14,116.0,0.0,0.0,0.0,7.78,0.0,1.7215455310878907,0.020350024989459856,-0.23449138957040985,9.725,0.0
2016-04-15,116.0,0.0,0.0,0.0,6.06,0.0,1.463313701424707,0.017297521241040878,-0.25119006388481935,7.574999999999999,0.0
2016-04-16,118.0,0.0,0.0,0.0,9.97,0.0,1.243816646211001,0.014702893054884746,-0.2678143051621742,12.4625,2.0
2016-04-17,117.0,0.0,0.0,4.2,7.96,2.1,3.157244149279351,0.03732111418224264,-0.2843591872810034,9.95,-1.0
2016-04-18,117.0,0.0,0.0,0.0,6.18,0.0,2.6836575268874485,0.03172294705490625,-0.30081980763566735,7.725,0.0
2016-04-19,116.0,0.0,0.0,0.4,6.25,0.2,2.481108897854331,0.029328662623869416,-0.3171912885891061,7.8125,-1.0
2016-04-20,116.0,0.0,0.0,0.2,5.03,0.1,2.2089425631761817,0.026111442043888558,-0.3334687789181868,6.2875000000000005,0.0
2016-04-21,116.0,0.0,0.0,0.0,5.78,0.0,1.8776011786997544,0.022194725737305274,-0.3496474552512284,7.2250000000000005,0.0
2016-04-22,116.0,0.0,0.0,2.4,4.67,1.2,2.795961001894791,0.03305046263990411,-0.36572252349726897,5.8375,0.0
2016-04-23,116.0,0.0,0.0,0.0,5.16,0.0,2.3765668516105722,0.028092893243918494,-0.3816892202666588,6.45,0.0
2016-04-24,118.0,0.0,0.0,11.1,2.24,5.55,7.5700818238689855,0.08948433341210588,-0.39754281428255595,2.8000000000000003,2.0
2016-04-25,121.0,0.0,0.0,0.4,3.5,0.2,6.634569550288638,0.0784258410274891,-0.4132786077829042,4.375,3.0
2016-04-26,128.0,0.0,0.0,0.0,3.86,0.0,5.639384117745342,0.06666196487336574,-0.4288919379124835,4.825,7.0
2016-04-27,126.0,0.0,0.0,15.0,5.6,7.5,12.29347650008354,0.14531858116232732,-0.4443781781046132,7.0,-2.0
2016-04-28,148.0,0.0,0.0,18.0,4.95,9.0,19.44945502507101,0.22990788721193797,-0.45973273945210397,6.1875,22.0
2016-04-29,188.0,0.0,0.0,0.0,6.48,0.0,16.53203677131036,0.19542170413014728,-0.47495107206704995,8.100000000000001,40.0
2016-04-30,180.0,0.0,0.0,0.0,9.08,0.0,14.052231255613805,0.16610844851062517,-0.49002866642905923,11.35,-8.0
2016-05-01,162.0,0.0,0.0,0.0,10.48,0.0,11.944396567271733,0.1411921812340314,-0.5049610547215204,13.100000000000001,-18.0
2016-05-02,148.0,0.0,0.0,0.0,12.77,0.0,10.152737082180973,0.12001335404892668,-0.5197438121555155,15.962499999999999,-14.0
2016-05-03,139.0,0.0,0.0,7.6,13.59,3.8,12.429826519853826,0.14693034585837067,-0.5343725582809787,16.9875,-9.0
2016-05-04,132.0,0.0,0.0,0.0,14.14,0.0,10.565352541875752,0.12489079397961507,-0.548842958284719,17.675,-7.0
2016-05-05,126.0,0.0,0.0,0.0,14.15,0.0,8.98054966059439,0.10615717488267282,-0.5631507242749186,17.6875,-6.0
2016-05-06,122.0,0.0,0.0,0.0,13.94,0.0,7.633467211505231,0.09023359865027189,-0.5772916165517272,17.425,-4.0
2016-05-07,118.0,0.0,0.0,0.0,15.95,0.0,6.488447129779446,0.0766985588527311,-0.5912614448635781,19.9375,-4.0
2016-05-08,116.0,0.0,0.0,0.0,17.68,0.0,5.515180060312528,0.06519377502482143,-0.6050560696488488,22.1,-2.0
2016-05-09,115.0,0.0,0.0,0.0,18.37,0.0,4.687903051265649,0.05541470877109821,-0.6186714032625031,22.962500000000002,-1.0
2016-05-10,114.0,0.0,0.0,0.0,17.29,0.0,3.9847175935758017,0.04710250245543348,-0.6321034111873487,21.612499999999997,-1.0
2016-05-11,113.0,0.0,0.0,0.0,16.9,0.0,3.3870099545394314,0.04003712708711846,-0.6453481132295501,21.125,-1.0
2016-05-12,112.0,0.0,0.0,0.0,14.88,0.0,2.8789584613585166,0.03403155802405069,-0.6584015846980488,18.6,-1.0
2016-05-13,113.0,0.0,0.0,16.0,13.66,8.0,10.447114692154738,0.12349312940840729,-0.6712599575675313,17.075,1.0
2016-05-14,129.0,0.0,0.0,7.4,12.56,3.7,12.580047488331527,0.14870607610032963,-0.6839194216246106,15.700000000000001,16.0
2016-05-15,249.0,0.0,0.0,3.6,9.47,1.8,12.493040365081798,0.14767758333007214,-0.6963762255968722,11.8375,120.0
2016-05-16,288.0,0.0,0.0,10.7,7.12,5.35,15.969084310319527,0.18876716235813737,-0.7086266782644596,8.9,39.0
2016-05-17,292.0,0.0,0.0,11.8,7.35,5.9,19.4737216637716,0.23019473800679038,-0.7206671495538609,9.1875,4.0
2016-05-18,288.0,0.0,0.0,0.0,8.39,0.0,16.55266341420586,0.19566552730577183,-0.7324940716135789,10.4875,-4.0
2016-05-19,238.0,0.0,0.0,0.0,11.03,0.0,14.06976390207498,0.16631569820990605,-0.7441039398713607,13.7875,-50.0
2016-05-20,192.0,0.0,0.0,0.0,11.76,0.0,11.959299316763733,0.14136834347842014,-0.7554933140726803,14.7,-46.0
2016-05-21,169.0,0.0,0.0,0.0,11.7,0.0,10.165404419249173,0.12016309195665711,-0.766658819300159,14.625,-23.0
2016-05-22,154.0,0.0,0.0,0.0,15.1,0.0,8.640593756361797,0.10213862816315855,-0.777597146973627,18.875,-15.0
2016-05-23,143.0,0.0,0.0,0.0,17.92,0.0,7.3445046929075275,0.08681783393868477,-0.7883050558305255,22.400000000000002,-11.0
2016-05-24,135.0,0.0,0.0,0.0,18.46,0.0,6.242828988971398,0.07379515884788206,-0.7987793728863649,23.075000000000003,-8.0
2016-05-25,128.0,0.0,0.0,3.7,16.72,1.85,7.156404640625688,0.08459434307229147,-0.8090169943749473,20.9,-7.0
2016-05-26,124.0,0.0,0.0,0.0,10.53,0.0,6.082943944531834,0.07190519161144773,-0.8190148866680801,13.1625,-4.0
2016-05-27,120.0,0.0,0.0,2.6,14.28,1.3,6.470502352852058,0.07648643744652475,-0.8287700871745037,17.849999999999998,-4.0
2016-05-28,122.0,0.0,0.0,7.2,17.35,3.6,9.09992699992425,0.10756830911912994,-0.8382797052177743,21.6875,2.0
2016-05-29,139.0,0.0,0.0,0.0,20.58,0.0,7.734937949935612,0.09143306275126045,-0.8475409228928311,25.724999999999998,17.0
2016-05-30,126.0,0.0,0.0,0.0,22.0,0.0,6.57469725744527,0.07771810333857138,-0.8565509959010036,27.5,-13.0
2016-05-31,119.0,0.0,0.0,0.0,22.34,0.0,5.588492668828479,0.06606038783778567,-0.865307254363206,27.925,-7.0
2016-06-01,117.0,0.0,0.0,0.0,22.83,0.0,4.750218768504207,0.05615132966211781,-0.8738071036110808,28.537499999999998,-2.0
2016-06-02,113.0,0.0,0.0,9.9,19.23,4.95,8.987685953228576,0.106241531485978,-0.8820480249558537,24.0375,-4.0
2016-06-03,113.0,0.0,0.0,12.8,19.7,6.4,14.03953306024429,0.16595834583345268,-0.8900275764346767,24.625,0.0
2016-06-04,108.0,0.0,0.0,0.0,16.55,0.0,11.933603101207646,0.14106459395843476,-0.8977433935342337,20.6875,-5.0
2016-06-05,107.0,0.0,0.0,0.0,12.52,0.0,10.1435626360265,0.11990490486466956,-0.9051931898913974,15.649999999999999,-1.0
2016-06-06,110.0,0.0,0.0,0.0,11.07,0.0,8.622028240622525,0.10191916913496912,-0.9123747579707273,13.8375,3.0
2016-06-07,110.0,0.0,0.0,0.0,11.96,0.0,7.328724004529146,0.08663129376472375,-0.9192859697186104,14.950000000000001,0.0
2016-06-08,104.0,0.0,0.0,2.5,13.8,1.25,7.479415403849774,0.08841258487000961,-0.9259247771938498,17.25,-6.0
2016-06-09,105.0,0.0,0.0,0.0,10.36,0.0,6.3575030932723084,0.07515069713950817,-0.9322892131745133,12.95,1.0
2016-06-10,106.0,0.0,0.0,3.2,10.36,1.6,7.003877629281462,0.08279135358617477,-0.9383773917408641,12.95,1.0
2016-06-11,112.0,0.0,0.0,1.3,9.63,0.65,6.603295984889242,0.07805616283664565,-0.9441875088341993,12.037500000000001,6.0
2016-06-12,110.0,0.0,0.0,0.0,10.38,0.0,5.612801587155856,0.0663477384111488,-0.9497178427914316,12.975000000000001,-2.0
2016-06-13,105.0,0.0,0.0,0.0,12.37,0.0,4.770881349082477,0.056395577649476475,-0.9549667548552551,15.462499999999999,-5.0
2016-06-14,103.0,0.0,0.0,0.0,16.74,0.0,4.055249146720105,0.047936241002055006,-0.9599326896597447,20.924999999999997,-2.0
2016-06-15,105.0,0.0,0.0,11.0,14.46,5.5,8.94696177471209,0.10576013959972215,-0.9646141756912435,18.075000000000003,2.0
2016-06-16,108.0,0.0,0.0,0.0,15.77,0.0,7.6049175085052765,0.08989611865976384,-0.9690098257244062,19.7125,3.0
2016-06-17,111.0,0.0,0.0,15.0,16.82,7.5,13.964179882229484,0.16506761188076569,-0.9731183372332619,21.025,3.0
2016-06-18,112.0,0.0,0.0,3.9,14.73,1.95,13.81955289989506,0.1633580069638421,-0.9769384927771817,18.4125,1.0
2016-06-19,112.0,0.0,0.0,0.0,16.68,0.0,11.746619964910801,0.13885430591926579,-0.980469160361632,20.85,0.0
2016-06-20,116.0,0.0,0.0,3.3,16.33,1.65,11.634626970174182,0.13753046045576856,-0.9837092937736097,20.412499999999998,4.0
2016-06-21,115.0,0.0,0.0,15.1,15.71,7.55,17.439432924648052,0.20614784181416948,-0.986657932891657,19.637500000000003,-1.0
2016-06-22,114.0,0.0,0.0,0.0,16.12,0.0,14.823517985950843,0.17522566554204402,-0.9893142039703663,20.150000000000002,-1.0
2016-06-23,109.0,0.0,0.0,0.0,19.52,0.0,12.599990288058217,0.14894181571073745,-0.99167731989929,24.4,-5.0
2016-06-24,107.0,0.0,0.0,0.0,23.29,0.0,10.709991744849484,0.12660054335412682,-0.993746580436178,29.112499999999997,-2.0
2016-06-25,107.0,0.0,0.0,0.0,25.67,0.0,9.103492983122061,0.10761046185100778,-0.9955213724144752,32.087500000000006,0.0
2016-06-26,107.0,0.0,0.0,0.0,22.32,0.0,7.737969035653752,0.09146889257335661,-0.9970011699250151,27.9,0.0
2016-06-27,110.0,0.0,0.0,1.1,17.47,0.55,7.127273680305689,0.08424999216215066,-0.9981855344718586,21.8375,3.0
2016-06-28,110.0,0.0,0.0,0.0,16.71,0.0,6.058182628259836,0.07161249333782807,-0.99907411510223,20.887500000000003,0.0
2016-06-29,104.0,0.0,0.0,2.8,18.37,1.4,6.54945523402086,0.07741972272754759,-0.9996666485105112,22.962500000000002,-6.0
2016-06-30,103.0,0.0,0.0,12.0,19.52,6.0,11.567036948917732,0.13673149313438862,-0.9999629591162655,24.4,-1.0
2016-07-01,105.0,0.0,0.0,0.1,20.65,0.05,9.881981406580072,0.1168128085710301,-0.9999629591162655,25.8125,2.0
2016-07-02,110.0,0.0,0.0,5.9,22.83,2.95,11.34968419559306,0.1341622122865624,-0.9996666485105112,28.537499999999998,5.0
2016-07-03,109.0,0.0,0.0,4.6,15.94,2.3,11.9472315662541,0.1412256931563677,-0.99907411510223,19.925,-1.0
2016-07-04,112.0,0.0,0.0,2.5,14.17,1.25,11.405146831315985,0.13481782435290698,-0.9981855344718586,17.7125,3.0
2016-07-05,110.0,0.0,0.0,0.0,15.95,0.0,9.694374806618587,0.11459515069997092,-0.9970011699250151,19.9375,-2.0
2016-07-06,110.0,0.0,0.0,9.7,15.25,4.85,13.090218585625799,0.15473670055455357,-0.9955213724144752,19.0625,0.0
2016-07-07,119.0,0.0,0.0,0.6,15.93,0.3,11.426685797781928,0.1350724319121692,-0.9937465804361781,19.9125,9.0
2016-07-08,122.0,0.0,0.0,1.4,15.95,0.7,10.412682928114638,0.12308611882054067,-0.99167731989929,19.9375,3.0
2016-07-09,119.0,0.0,0.0,2.0,16.2,1.0,9.850780488897442,0.11644398913345509,-0.9893142039703664,20.25,-3.0
2016-07-10,118.0,0.0,0.0,0.6,16.49,0.3,8.673163415562826,0.1025236272042355,-0.9866579328916572,20.612499999999997,-1.0
2016-07-11,117.0,0.0,0.0,19.4,19.16,9.7,17.0721889032284,0.20180672804275676,-0.9837092937736098,23.95,-1.0
2016-07-12,117.0,0.0,0.0,0.0,18.45,0.0,14.511360567744141,0.17153571883634325,-0.9804691603616321,23.0625,0.0
2016-07-13,118.0,0.0,0.0,0.0,16.89,0.0,12.33465648258252,0.14580536101089178,-0.9769384927771817,21.1125,1.0
2016-07-14,116.0,0.0,0.0,14.1,15.74,7.05,17.53445801019514,0.20727111321802646,-0.973118337233262,19.675,-2.0
2016-07-15,119.0,0.0,0.0,19.3,15.6,9.65,24.554289308665872,0.29025105174767935,-0.9690098257244063,19.5,3.0
2016-07-16,119.0,0.0,0.0,0.0,16.05,0.0,20.87114591236599,0.2467133939855274,-0.9646141756912435,20.0625,0.0
2016-07-17,117.0,0.0,0.0,0.0,15.45,0.0,17.74047402551109,0.2097063848876983,-0.9599326896597445,19.3125,-2.0
2016-07-18,116.0,0.0,0.0,0.0,15.65,0.0,15.079402921684427,0.17825042715454356,-0.9549667548552553,19.5625,-1.0
2016-07-19,115.0,0.0,0.0,0.2,16.48,0.1,12.917492483431761,0.15269494189496155,-0.9497178427914317,20.6,-1.0
2016-07-20,113.0,0.0,0.0,0.0,16.27,0.0,10.979868610916997,0.12979070061071732,-0.9441875088341994,20.3375,-2.0
2016-07-21,111.0,0.0,0.0,0.0,17.31,0.0,9.332888319279448,0.11032209551910972,-0.9383773917408642,21.6375,-2.0
2016-07-22,112.0,0.0,0.0,0.0,17.87,0.0,7.93295507138753,0.09377378119124327,-0.9322892131745134,22.337500000000002,1.0
2016-07-23,111.0,0.0,0.0,0.0,18.31,0.0,6.743011810679401,0.07970771401255677,-0.9259247771938499,22.8875,-1.0
2016-07-24,111.0,0.0,0.0,0.0,19.76,0.0,5.731560039077491,0.06775155691067326,-0.9192859697186105,24.700000000000003,0.0
2016-07-25,108.0,0.0,0.0,0.0,20.95,0.0,4.871826033215867,0.05758882337407227,-0.9123747579707274,26.1875,-3.0
2016-07-26,111.0,0.0,0.0,0.0,20.45,0.0,4.141052128233487,0.04895049986796143,-0.9051931898913975,25.5625,3.0
2016-07-27,114.0,0.0,0.0,0.0,20.52,0.0,3.519894308998464,0.04160792488776722,-0.8977433935342336,25.65,3.0
2016-07-28,112.0,0.0,0.0,4.1,18.95,2.05,5.041910162648694,0.05959935183339296,-0.8900275764346766,23.6875,-2.0
2016-07-29,111.0,0.0,0.0,0.0,18.88,0.0,4.28562363825139,0.050659449058384015,-0.8820480249558535,23.599999999999998,-1.0
2016-07-30,110.0,0.0,0.0,0.0,19.79,0.0,3.6427800925136813,0.04306053169962641,-0.8738071036110807,24.737499999999997,-1.0
2016-07-31,104.0,0.0,0.0,4.1,18.14,2.05,5.146363078636629,0.06083406762347328,-0.8653072543632061,22.675,-6.0
2016-08-01,107.0,0.0,0.0,28.7,15.16,14.35,18.724408616841135,0.2213372672314881,-0.8565509959010037,18.95,3.0
2016-08-02,118.0,0.0,0.0,10.1,15.96,5.05,20.965747324314965,0.24783165723354228,-0.8475409228928312,19.950000000000003,11.0
2016-08-03,130.0,0.0,0.0,1.4,16.52,0.7,18.52088522566772,0.2189314603437078,-0.8382797052177745,20.65,12.0
2016-08-04,125.0,0.0,0.0,4.5,18.7,2.25,17.99275244181756,0.2126885145981416,-0.828770087174504,23.375,-5.0
2016-08-05,122.0,0.0,0.0,25.8,18.09,12.9,28.193839575544928,0.33327340436276265,-0.8190148866680802,22.6125,-3.0
2016-08-06,145.0,0.0,0.0,2.6,17.1,1.3,25.26476363921319,0.2986494182851424,-0.8090169943749472,21.375,23.0
2016-08-07,193.0,0.0,0.0,15.0,15.6,7.5,28.97504909333121,0.34250791656233753,-0.7987793728863648,19.5,48.0
2016-08-08,200.0,0.0,0.0,0.2,19.35,0.1,24.72879172933153,0.29231380789158645,-0.7883050558305253,24.1875,7.0
2016-08-09,174.0,0.0,0.0,0.5,16.23,0.25,21.2694729699318,0.25142193374184735,-0.7775971469736268,20.2875,-26.0
2016-08-10,153.0,0.0,0.0,1.0,14.17,0.5,18.57905202444203,0.21961903774856803,-0.7666588193001592,17.7125,-21.0
2016-08-11,142.0,0.0,0.0,1.5,12.79,0.75,16.542194220775727,0.19554177318827948,-0.7554933140726804,15.987499999999999,-11.0
2016-08-12,136.0,0.0,0.0,0.8,13.88,0.4,14.460865087659368,0.17093882246443576,-0.7441039398713608,17.35,-6.0
2016-08-13,132.0,0.0,0.0,9.9,15.62,4.95,17.24173532451046,0.20381090036794824,-0.7324940716135792,19.525,-4.0
2016-08-14,135.0,0.0,0.0,5.1,15.9,2.55,17.20547502583389,0.2033822750595446,-0.7206671495538615,19.875,3.0
2016-08-15,136.0,0.0,0.0,5.7,14.1,2.85,17.474653771958806,0.20656417998820015,-0.7086266782644601,17.625,1.0
2016-08-16,137.0,0.0,0.0,5.5,14.14,2.75,17.603455706164986,0.20808672036395784,-0.6963762255968726,17.675,1.0
2016-08-17,143.0,0.0,0.0,25.3,13.96,12.65,27.612937350240237,0.32640668222970753,-0.6839194216246105,17.450000000000003,6.0
2016-08-18,177.0,0.0,0.0,20.4,13.66,10.2,33.6709967477042,0.3980177188824058,-0.6712599575675315,17.075,34.0
2016-08-19,240.0,0.0,0.0,0.0,15.88,0.0,28.62034723554857,0.33831506105004494,-0.6584015846980489,19.85,63.0
2016-08-20,219.0,0.0,0.0,0.0,18.1,0.0,24.327295150216287,0.2875678018925382,-0.64534811322955,22.625,-21.0
2016-08-21,181.0,0.0,0.0,4.9,20.3,2.45,23.12820087768384,0.2733935625418465,-0.6321034111873488,25.375,-38.0
2016-08-22,178.0,0.0,0.0,1.5,17.39,0.75,20.408970746031265,0.24125011926256615,-0.6186714032625032,21.7375,-3.0
2016-08-23,183.0,0.0,0.0,8.0,14.81,4.0,21.347625134126574,0.2523457539171633,-0.6050560696488494,18.5125,5.0
2016-08-24,172.0,0.0,0.0,0.0,16.15,0.0,18.145481364007587,0.2144938908295888,-0.5912614448635782,20.1875,-11.0
2016-08-25,157.0,0.0,0.0,0.0,15.96,0.0,15.423659159406448,0.18231980720515048,-0.5772916165517278,19.950000000000003,-15.0
2016-08-26,145.0,0.0,0.0,0.0,20.34,0.0,13.11011028549548,0.1549718361243779,-0.5631507242749187,25.425,-12.0
2016-08-27,134.0,0.0,0.0,0.0,17.65,0.0,11.143593742671158,0.1317260607057212,-0.5488429582847199,22.0625,-11.0
2016-08-28,125.0,0.0,0.0,0.0,16.6,0.0,9.472054681270484,0.11196715159986302,-0.5343725582809785,20.75,-9.0
2016-08-29,120.0,0.0,0.0,0.0,18.07,0.0,8.05124647907991,0.09517207885988356,-0.5197438121555157,22.5875,-5.0
2016-08-30,116.0,0.0,0.0,1.2,13.74,0.6,7.443559507217923,0.08798873991249834,-0.5049610547215202,17.175,-4.0
2016-08-31,112.0,0.0,0.0,0.0,14.52,0.0,6.327025581135235,0.07479042892562358,-0.4900286664290594,18.15,-4.0
2016-09-01,120.0,0.0,0.0,0.0,17.38,0.0,5.37797174396495,0.06357186458678005,-0.4749510720670502,21.724999999999998,8.0
2016-09-02,115.0,0.0,0.0,0.0,15.11,0.0,4.571275982370207,0.05403608489876304,-0.4597327394521046,18.8875,-5.0
2016-09-03,111.0,0.0,0.0,4.0,15.64,2.0,5.885584585014676,0.06957224843593965,-0.44437817810461344,19.55,-4.0
2016-09-04,118.0,0.0,0.0,3.5,14.3,1.75,6.752746897262475,0.07982279040854087,-0.4288919379124841,17.875,7.0
2016-09-05,120.0,0.0,0.0,0.0,14.21,0.0,5.739834862673104,0.06784937184725974,-0.41327860778290443,17.762500000000003,2.0
2016-09-06,114.0,0.0,0.0,0.0,14.22,0.0,4.878859633272138,0.05767196607017078,-0.3975428142825566,17.775000000000002,-6.0
2016-09-07,111.0,0.0,0.0,0.0,16.6,0.0,4.147030688281317,0.04902117115964516,-0.3816892202666586,20.75,-3.0
2016-09-08,116.0,0.0,0.0,0.0,18.27,0.0,3.5249760850391194,0.041667995485698384,-0.3657225234972692,22.8375,5.0
2016-09-09,116.0,0.0,0.0,0.0,18.01,0.0,2.9962296722832513,0.03541779616284362,-0.34964745525122826,22.512500000000003,0.0
2016-09-10,111.0,0.0,0.0,0.0,18.4,0.0,2.5467952214407634,0.030105126738417077,-0.33346877891818705,23.0,-5.0
2016-09-11,107.0,0.0,0.0,0.0,17.77,0.0,2.1647759382246488,0.025589357727654513,-0.31719128858910595,22.2125,-4.0
2016-09-12,108.0,0.0,0.0,0.0,16.97,0.0,1.8400595474909514,0.021750954068506335,-0.300819807635668,21.2125,1.0
2016-09-13,112.0,0.0,0.0,0.0,14.66,0.0,1.5640506153673086,0.018488310958230385,-0.2843591872810036,18.325,4.0
2016-09-14,114.0,0.0,0.0,0.0,13.62,0.0,1.3294430230622123,0.015715064314495826,-0.26781430516217486,17.025,2.0
2016-09-15,105.0,0.0,0.0,0.0,12.84,0.0,1.1300265696028804,0.013357804667321452,-0.25119006388481957,16.05,-9.0
2016-09-16,104.0,0.0,0.0,0.0,13.52,0.0,0.9605225841624483,0.011354133967223233,-0.23449138957041052,16.9,-1.0
2016-09-17,105.0,0.0,0.0,0.0,11.62,0.0,0.816444196538081,0.009651013872139748,-0.21772323039653224,14.524999999999999,1.0
2016-09-18,105.0,0.0,0.0,0.0,11.79,0.0,0.6939775670573688,0.008203361791318786,-0.20089055513063528,14.737499999999999,0.0
2016-09-19,105.0,0.0,0.0,0.0,10.77,0.0,0.5898809319987635,0.006972857522620967,-0.18399835165767986,13.462499999999999,0.0
2016-09-20,104.0,0.0,0.0,0.5,10.63,0.25,0.7513987921989489,0.008882125928226703,-0.1670516255021195,13.287500000000001,-1.0
2016-09-21,104.0,0.0,0.0,0.0,10.86,0.0,0.6386889733691066,0.0075498070389926975,-0.15005539834465262,13.575,0.0
2016-09-22,109.0,0.0,0.0,0.0,9.53,0.0,0.5428856273637406,0.006417335983143793,-0.13301470653419636,11.9125,5.0
2016-09-23,110.0,0.0,0.0,0.0,9.63,0.0,0.4614527832591795,0.005454735585672224,-0.11593459959550066,12.037500000000001,1.0
2016-09-24,102.0,0.0,0.0,3.4,12.18,1.7,2.0922348657703025,0.024731865079013784,-0.09882013873287211,15.225,-8.0
2016-09-25,100.0,0.0,0.0,0.0,12.33,0.0,1.7783996359047571,0.021022085317161716,-0.08167639533042288,15.4125,-2.0
2016-09-26,101.0,0.0,0.0,0.0,9.38,0.0,1.5116396905190435,0.017868772519587458,-0.06450844944931625,11.725000000000001,1.0
2016-09-27,101.0,0.0,0.0,0.0,8.85,0.0,1.2848937369411868,0.015188456641649339,-0.04732138832243232,11.0625,0.0
2016-09-28,109.0,0.0,0.0,11.4,10.68,5.7,6.792159676400009,0.08028868052057644,-0.03012030484690836,13.35,8.0
2016-09-29,110.0,0.0,0.0,3.6,15.54,1.8,7.573335724940007,0.08952279708728192,-0.012910296075008843,19.424999999999997,1.0
2016-09-30,104.0,0.0,0.0,6.7,14.2,3.35,9.787335366199006,0.11569401777977464,0.004303538296243821,17.75,-6.0
2016-10-01,103.0,0.0,0.0,8.3,12.65,4.15,12.469235061269154,0.1473961858771899,0.021516097436222233,15.8125,-1.0
2016-10-02,108.0,0.0,0.0,12.8,12.25,6.4,16.99884980207878,0.20093980206598275,0.03872228089217399,15.3125,5.0
2016-10-03,122.0,0.0,0.0,0.0,11.13,0.0,14.449022331766963,0.17079883175608535,0.05591699010060302,13.912500000000001,14.0
2016-10-04,119.0,0.0,0.0,0.0,7.23,0.0,12.281668982001918,0.14517900699267253,0.07309512989807776,9.037500000000001,-3.0
2016-10-05,112.0,0.0,0.0,0.0,7.91,0.0,10.43941863470163,0.12340215594377164,0.0902516100310407,9.8875,-7.0
2016-10-06,109.0,0.0,0.0,0.2,8.14,0.1,8.973505839496385,0.10607391136580545,0.10738134666416306,10.175,-3.0
2016-10-07,114.0,0.0,0.0,3.5,6.4,1.75,9.377479963571925,0.11084920389892679,0.12447926388678869,8.0,5.0
2016-10-08,110.0,0.0,0.0,4.7,5.87,2.35,10.320857969036137,0.12200067543367725,0.141540295217043,7.3375,-4.0
2016-10-09,106.0,0.0,0.0,5.3,7.15,2.65,11.422729273680716,0.1350256626790138,0.15855938510313475,8.9375,-4.0
2016-10-10,113.0,0.0,0.0,0.0,6.09,0.0,9.709319882628607,0.11477181327716172,0.17553149042142777,7.6125,7.0
2016-10-11,115.0,0.0,0.0,0.0,4.03,0.0,8.252921900234316,0.09755604128558747,0.19245158197082995,5.0375000000000005,2.0
2016-10-12,112.0,0.0,0.0,0.0,4.51,0.0,7.014983615199169,0.08292263509274934,0.20931464596304888,5.637499999999999,-3.0
2016-10-13,109.0,0.0,0.0,0.0,3.42,0.0,5.962736072919293,0.07048423982883693,0.22611568550828803,4.275,-3.0
2016-10-14,114.0,0.0,0.0,0.0,0.51,0.0,5.068325661981399,0.0599116038545114,0.2428497220959358,0.6375,5.0
2016-10-15,109.0,0.0,0.0,0.0,1.08,0.0,4.308076812684189,0.050924863276334685,0.25951179706979943,1.35,-5.0
2016-10-16,106.0,0.0,0.0,0.0,2.65,0.0,3.6618652907815608,0.04328613378488448,0.27609697309746883,3.3125,-3.0
2016-10-17,107.0,0.0,0.0,0.0,3.67,0.0,3.1125854971643268,0.03679321371715181,0.2926003356333479,4.5875,1.0
2016-10-18,111.0,0.0,0.0,0.0,4.83,0.0,2.6456976725896775,0.03127423165957904,0.30901699437494723,6.0375,4.0
2016-10-19,106.0,0.0,0.0,1.1,6.01,0.55,2.7988430217012255,0.033084530385439716,0.3253420847119795,7.512499999999999,-5.0
2016-10-20,105.0,0.0,0.0,0.0,5.33,0.0,2.3790165684460414,0.028121850827623755,0.341570769167856,6.6625,-1.0
2016-10-21,106.0,0.0,0.0,1.3,2.83,0.65,2.672164083179135,0.03158708549187728,0.35769823883312546,3.5375,1.0
2016-10-22,111.0,0.0,0.0,8.3,2.54,4.15,6.421339470702265,0.07590529343247714,0.3737197147904692,3.175,5.0
2016-10-23,107.0,0.0,0.0,2.7,5.48,1.35,6.808138550096926,0.08047756340119953,0.38963044953078774,6.8500000000000005,-4.0
2016-10-24,105.0,0.0,0.0,2.8,3.75,1.4,7.186917767582386,0.08495503228141332,0.4054257283599973,4.6875,-2.0
2016-10-25,112.0,0.0,0.0,0.4,4.24,0.2,6.308880102445029,0.07457593506640044,0.42110087079608916,5.300000000000001,7.0
2016-10-26,110.0,0.0,0.0,0.8,3.27,0.4,5.762548087078275,0.06811786006083859,0.4366512319560638,4.0875,-2.0
2016-10-27,107.0,0.0,0.0,0.6,5.52,0.3,5.198165874016533,0.06144641749251145,0.45207220393230374,6.8999999999999995,-3.0
2016-10-28,115.0,0.0,0.0,12.7,8.54,6.35,10.768440992914053,0.12729145953220633,0.46735921715800205,10.674999999999999,8.0
2016-10-29,135.0,0.0,0.0,0.0,7.26,0.0,9.153174843976945,0.10819774060237539,0.48250774176121763,9.075,20.0
2016-10-30,140.0,0.0,0.0,0.7,5.99,0.35,8.130198617380403,0.0961053553596175,0.4975132889071803,7.487500000000001,5.0
2016-10-31,137.0,0.0,0.0,0.6,2.5,0.3,7.210668824773342,0.08523578849647354,0.5123714121284235,3.125,-3.0
2016-11-01,132.0,0.0,0.0,10.9,1.19,5.45,11.57906850105734,0.13687371556317812,0.5270777086423724,1.4874999999999998,-5.0
2016-11-02,157.0,0.0,0.0,9.9,3.95,4.95,14.79220822589874,0.17485555950187925,0.5416278206559811,4.9375,25.0
2016-11-03,204.0,0.0,0.0,0.0,1.42,0.0,12.573376992013928,0.14862722557659735,0.5560174366570446,1.775,47.0
2016-11-04,196.0,0.0,0.0,0.0,-0.05,0.0,10.687370443211838,0.12633314174010776,0.5702422926917867,0.0,-8.0
2016-11-05,174.0,0.0,0.0,2.6,0.73,1.3,10.384264876730063,0.12275019505588577,0.5842981736283683,0.9125,-22.0
2016-11-06,161.0,0.0,0.0,8.6,-0.05,4.3,13.126625145220554,0.15516705478228368,0.5981809144059159,0.0,-13.0
2016-11-07,151.0,0.0,0.0,0.3,-1.77,0.15,11.307631373437472,0.13366511478534046,0.6118864012687242,0.0,-10.0
2016-11-08,145.0,0.0,0.0,0.3,-0.31,0.15,9.76148666742185,0.11538846578793872,0.6254105729852457,0.0,-6.0
2016-11-09,140.0,0.0,0.0,1.0,-0.21,0.5,8.797263667308574,0.10399058998774569,0.6387494220515268,0.0,-5.0
2016-11-10,138.0,0.0,0.0,0.2,-1.23,0.1,7.577674117212287,0.08957408030318338,0.6518989958787125,0.0,-2.0
2016-11-11,135.0,0.0,0.0,0.0,-1.07,0.0,6.441022999630444,0.07613796825770587,0.6648553979642867,0.0,-3.0
2016-11-12,133.0,0.0,0.0,2.1,-0.3,1.05,6.524869549685877,0.07712910056184528,0.6776147890466887,0.0,-2.0
2016-11-13,130.0,0.0,0.0,0.1,1.21,0.05,5.596139117232995,0.06615077488436827,0.690173388242972,1.5125,-3.0
2016-11-14,130.0,0.0,0.0,0.0,2.48,0.0,4.756718249648046,0.056228158651713024,0.7025274741691566,3.1,0.0
2016-11-15,136.0,0.0,0.0,6.9,1.65,3.45,7.493210512200839,0.08857565392314064,0.7146733860429608,2.0625,6.0
2016-11-16,160.0,0.0,0.0,4.3,3.36,2.15,8.519228935370712,0.10070400032705992,0.726607524768565,4.2,24.0
2016-11-17,195.0,0.0,0.0,11.0,6.25,5.5,12.741344595065105,0.15061273502597633,0.7383263540031063,7.8125,35.0
2016-11-18,272.0,0.0,0.0,6.2,7.31,3.1,13.930142905805338,0.164665267993666,0.749826401204568,9.1375,77.0
2016-11-19,291.0,0.0,0.0,8.7,6.85,4.35,16.190621469934538,0.19138590618619664,0.7611042586607742,8.5625,19.0
2016-11-20,288.0,0.0,0.0,4.6,5.44,2.3,16.062028249444356,0.18986583297105686,0.7721565844991641,6.800000000000001,-3.0
2016-11-21,285.0,0.0,0.0,0.0,7.23,0.0,13.652724012027702,0.16138595802539832,0.7829801036770625,9.037500000000001,-3.0
2016-11-22,243.0,0.0,0.0,0.0,3.87,0.0,11.604815410223546,0.13717806432158855,0.7935716089521472,4.8375,-42.0
2016-11-23,206.0,0.0,0.0,0.0,3.17,0.0,9.864093098690015,0.11660135467335028,0.8039279618328208,3.9625,-37.0
2016-11-24,184.0,0.0,0.0,0.2,4.33,0.1,8.484479133886513,0.10029323028594729,0.8140460935082175,5.4125,-22.0
2016-11-25,168.0,0.0,0.0,0.4,3.43,0.2,7.411807263803536,0.0876134033702543,0.8239230057575536,4.2875000000000005,-16.0
2016-11-26,158.0,0.0,0.0,4.1,6.62,2.05,8.350036174233004,0.09870400854350697,0.8335557718385695,8.275,-10.0
2016-11-27,158.0,0.0,0.0,2.8,1.6,1.4,8.497530748098054,0.10044751065237467,0.8429415373547832,2.0,0.0
2016-11-28,168.0,0.0,0.0,1.3,-1.18,0.65,7.872901135883346,0.09306389634291556,0.8520775211013093,0.0,10.0
2016-11-29,164.0,0.0,0.0,2.4,-0.09,1.2,7.8919659655008445,0.09328925765467287,0.8609610158889945,0.0,-4.0
2016-11-30,165.0,0.0,0.0,4.7,3.75,2.35,9.058171070675717,0.10707472112606142,0.8695893893466109,4.6875,1.0
2016-12-01,185.0,0.0,0.0,0.0,1.1,0.0,7.699445410074359,0.0910135129571522,0.8779600847008883,1.375,20.0
2016-12-02,184.0,0.0,0.0,1.0,0.01,0.5,7.044528598563205,0.08327188008157713,0.8860706215341377,0.0125,-1.0
2016-12-03,170.0,0.0,0.0,4.0,-2.88,2.0,7.987849308778724,0.09442267434133161,0.893918596519257,0.0,-14.0
2016-12-04,156.0,0.0,0.0,3.5,-5.89,1.75,8.539671912461916,0.10094565242812405,0.9015016841318838,0.0,-14.0
2016-12-05,150.0,0.0,0.0,1.0,4.96,0.5,7.758721125592628,0.0917141986319032,0.9088176373395028,6.2,-6.0
2016-12-06,159.0,0.0,0.0,0.3,-1.09,0.15,6.744912956753734,0.07973018705751705,0.9158642882672868,0.0,9.0
2016-12-07,159.0,0.0,0.0,3.5,-1.31,1.75,7.483176013240674,0.08845703823688165,0.9226395488404875,0.0,0.0
2016-12-08,183.0,0.0,0.0,11.9,6.72,5.95,12.310699611254574,0.1455221719105228,0.9291414114031743,8.4,24.0
2016-12-09,223.0,0.0,0.0,0.0,6.18,0.0,10.464094669566387,0.12369384612394438,0.935367949313148,7.725,40.0
2016-12-10,217.0,0.0,0.0,5.0,3.12,2.5,11.394480469131429,0.13469173954534153,0.941317317512847,3.9000000000000004,-6.0
2016-12-11,215.0,0.0,0.0,9.7,-1.09,4.85,14.535308398761714,0.17181880107311862,0.946987753076075,0.0,-2.0
2016-12-12,208.0,0.0,0.0,0.0,-4.19,0.0,12.355012138947457,0.14604598091215082,0.9523775757303973,0.0,-7.0
2016-12-13,183.0,0.0,0.0,11.1,1.79,5.55,16.051760318105337,0.18974445793010336,0.9574851883550389,2.2375,-25.0
2016-12-14,224.0,0.0,0.0,2.6,2.13,1.3,14.943996270389537,0.17664981381738204,0.9623090774541487,2.6624999999999996,41.0
2016-12-15,252.0,0.0,0.0,0.0,0.06,0.0,12.702396829831105,0.1501523417447747,0.9668478136052773,0.075,28.0
2016-12-16,226.0,0.0,0.0,0.0,3.0,0.0,10.79703730535644,0.12762949048305852,0.9711000518829505,3.75,-26.0
2016-12-17,201.0,0.0,0.0,1.0,1.87,0.5,9.677481709552973,0.11439546097859749,0.9750645322571945,2.3375000000000004,-25.0
2016-12-18,191.0,0.0,0.0,0.9,3.7,0.45,8.675859453120026,0.10255549649300584,0.9787400799669153,4.625,-10.0
2016-12-19,184.0,0.0,0.0,0.0,4.48,0.0,7.3744805351520215,0.08717217201905496,0.9821256058680006,5.6000000000000005,-7.0
2016-12-20,180.0,0.0,0.0,0.0,3.9,0.0,6.268308454879218,0.0740963462161967,0.9852201067560606,4.875,-4.0
2016-12-21,171.0,0.0,0.0,0.0,2.03,0.0,5.328062186647335,0.0629818942837672,0.9880226656636976,2.5374999999999996,-9.0
2016-12-22,164.0,0.0,0.0,1.6,1.33,0.8,5.328852858650235,0.06299124064999854,0.9905324521322227,1.6625,-7.0
2016-12-23,159.0,0.0,0.0,9.0,4.43,4.5,9.029524929852698,0.10673610116447861,0.9927487224577402,5.5375,-5.0
2016-12-24,170.0,0.0,0.0,6.3,3.65,3.15,10.825096190374794,0.12796116861819273,0.9946708199115211,4.5625,11.0
2016-12-25,223.0,0.0,0.0,15.2,3.54,7.6,16.801331761818574,0.19860498315902983,0.9962981749346077,4.425,53.0
2016-12-26,275.0,0.0,0.0,8.1,6.07,4.05,18.331131997545786,0.2166884276359572,0.9976303053065857,7.5875,52.0
2016-12-27,334.0,0.0,0.0,11.9,3.11,5.95,21.531462197913918,0.254518852899737,0.9986668162884759,3.8874999999999997,59.0
2016-12-28,385.0,0.0,0.0,0.0,1.32,0.0,18.301742868226828,0.21634102496477645,0.9994074007397048,1.6500000000000001,51.0
2016-12-29,333.0,0.0,0.0,0.3,1.24,0.15,15.706481437992803,0.18566298944045928,0.9998518392091162,1.55,-52.0
2016-12-30,250.0,0.0,0.0,0.0,4.38,0.0,13.350509222293882,0.15781354102439038,1.0,5.475,-83.0
2016-12-31,221.0,0.0,0.0,7.3,4.98,3.65,14.997932838949799,0.17728738656711548,0.9998518392091162,6.2250000000000005,-29.0
2017-01-01,229.0,0.0,0.0,15.2,5.18,7.6,20.348242913107327,0.24053226841561415,0.9998518392091162,6.475,8.0
2017-01-02,322.0,0.0,0.0,1.8,1.05,0.9,18.196006476141225,0.21509113747566797,0.9994074007397048,1.3125,93.0
2017-01-03,322.0,0.0,0.0,8.1,-1.33,4.05,19.51660550472004,0.23070165880509963,0.998666816288476,0.0,0.0
2017-01-04,258.0,0.0,0.0,9.0,-1.53,4.5,21.089114679012035,0.24928995659631456,0.9976303053065857,0.0,-64.0
2017-01-05,207.0,0.0,0.0,0.0,-10.93,0.0,17.92574747716023,0.21189646310686738,0.9962981749346078,0.0,-51.0
2017-01-06,176.0,0.0,0.0,0.0,-17.06,0.0,15.236885355586194,0.18011199364083727,0.9946708199115211,0.0,-31.0
2017-01-07,168.0,0.0,0.0,0.8,-11.27,0.4,13.351352552248265,0.1578235098491099,0.9927487224577402,0.0,-8.0
2017-01-08,170.0,0.0,0.0,0.0,-8.23,0.0,11.348649669411024,0.1341499833717434,0.9905324521322229,0.0,2.0
2017-01-09,163.0,0.0,0.0,1.4,-3.95,0.7,10.34635221899937,0.12230203756117873,0.9880226656636976,0.0,-7.0
2017-01-10,159.0,0.0,0.0,0.0,-7.7,0.0,8.794399386149463,0.10395673192700192,0.9852201067560606,0.0,-4.0
2017-01-11,155.0,0.0,0.0,0.0,-8.04,0.0,7.475239478227043,0.08836322213795163,0.9821256058680006,0.0,-4.0
2017-01-12,161.0,0.0,0.0,8.5,-1.95,4.25,10.603953556492986,0.12534708839523986,0.9787400799669153,0.0,6.0
2017-01-13,159.0,0.0,0.0,4.4,-0.13,2.2,11.213360523019038,0.13255075903514404,0.9750645322571948,0.0,-2.0
2017-01-14,159.0,0.0,0.0,0.0,-2.2,0.0,9.531356444566182,0.11266814517987243,0.9711000518829505,0.0,0.0
2017-01-15,155.0,0.0,0.0,0.8,-2.85,0.4,8.501652977881255,0.10049623865728978,0.9668478136052775,0.0,-4.0
2017-01-16,151.0,0.0,0.0,0.0,-2.88,0.0,7.226405031199066,0.0854218028586963,0.9623090774541486,0.0,-4.0
2017-01-17,144.0,0.0,0.0,0.0,-6.23,0.0,6.142444276519206,0.07260853242989186,0.9574851883550393,0.0,-7.0
2017-01-18,142.0,0.0,0.0,13.2,-1.42,6.6,11.821077635041323,0.13973445426297854,0.9523775757303974,0.0,-2.0
2017-01-19,165.0,0.0,0.0,11.7,2.1,5.85,15.897915989785124,0.1879258967191056,0.9469877530760753,2.625,23.0
2017-01-20,248.0,0.0,0.0,0.6,2.66,0.3,13.813228591317356,0.16328324865203842,0.9413173175128471,3.325,83.0
2017-01-21,295.0,0.0,0.0,0.0,1.23,0.0,11.741244302619753,0.13879076135423266,0.9353679493131483,1.5375,47.0
2017-01-22,291.0,0.0,0.0,1.2,0.94,0.6,10.58005765722679,0.12506462003269508,0.9291414114031743,1.1749999999999998,-4.0
2017-01-23,277.0,0.0,0.0,0.4,1.3,0.2,9.19304900864277,0.1086690846549899,0.9226395488404876,1.625,-14.0
2017-01-24,267.0,0.0,0.0,0.0,2.13,0.0,7.814091657346355,0.09236872195674141,0.9158642882672872,2.6624999999999996,-10.0
2017-01-25,247.0,0.0,0.0,0.2,-1.11,0.1,6.741977908744401,0.07969549247682975,0.9088176373395029,0.0,-20.0
2017-01-26,215.0,0.0,0.0,0.0,0.1,0.0,5.73068122243274,0.06774116860530528,0.901501684131884,0.125,-32.0
2017-01-27,195.0,0.0,0.0,0.0,1.37,0.0,4.871079039067829,0.057579993314509484,0.893918596519257,1.7125000000000001,-20.0
2017-01-28,185.0,0.0,0.0,0.0,0.01,0.0,4.140417183207655,0.04894299431733306,0.886070621534138,0.0125,-10.0
2017-01-29,180.0,0.0,0.0,0.0,-1.11,0.0,3.519354605726506,0.0416015451697331,0.8779600847008882,0.0,-5.0
2017-01-30,173.0,0.0,0.0,0.6,-1.43,0.3,3.29145141486753,0.03890754983507179,0.869589389346611,0.0,-7.0
2017-01-31,163.0,0.0,0.0,0.0,-3.28,0.0,2.7977337026374003,0.03307141735981102,0.8609610158889943,0.0,-10.0
2017-02-01,154.0,0.0,0.0,0.0,-4.37,0.0,2.37807364724179,0.028110704755839364,0.8520775211013093,0.0,-9.0
2017-02-02,148.0,0.0,0.0,0.0,-1.68,0.0,2.0213626001555216,0.02389409904246346,0.8429415373547828,0.0,-6.0
2017-02-03,146.0,0.0,0.0,0.0,-1.25,0.0,1.7181582101321933,0.02030998418609394,0.8335557718385699,0.0,-2.0
2017-02-04,143.0,0.0,0.0,0.0,-1.67,0.0,1.4604344786123642,0.017263486558179848,0.8239230057575542,0.0,-3.0
2017-02-05,137.0,0.0,0.0,0.0,-1.44,0.0,1.2413693068205096,0.01467396357445287,0.8140460935082178,0.0,-6.0
2017-02-06,136.0,0.0,0.0,0.2,-4.77,0.1,1.1551639107974332,0.013654947851884492,0.8039279618328213,0.0,-1.0
2017-02-07,124.0,0.0,0.0,0.0,-8.98,0.0,0.9818893241778182,0.011606705674101818,0.7935716089521474,0.0,-12.0
2017-02-08,116.0,0.0,0.0,0.0,-8.86,0.0,0.8346059255511454,0.009865699822986546,0.7829801036770629,0.0,-8.0
2017-02-09,125.0,0.0,0.0,0.0,-5.3,0.0,0.7094150367184736,0.008385844849538564,0.7721565844991642,0.0,9.0
2017-02-10,126.0,0.0,0.0,0.0,-4.04,0.0,0.6030027812107026,0.00712796812210778,0.7611042586607747,0.0,1.0
2017-02-11,125.0,0.0,0.0,0.0,-4.2,0.0,0.5125523640290972,0.006058772903791612,0.7498264012045686,0.0,-1.0
2017-02-12,124.0,0.0,0.0,0.0,-5.5,0.0,0.4356695094247326,0.005149956968222871,0.7383263540031065,0.0,-1.0
2017-02-13,121.0,0.0,0.0,0.0,-3.82,0.0,0.3703190830110227,0.004377463422989439,0.7266075247685656,0.0,-3.0
2017-02-14,123.0,0.0,0.0,0.2,0.87,0.1,0.4147712205593693,0.004902922723140577,0.7146733860429609,1.0875,2.0
2017-02-15,125.0,0.0,0.0,0.0,-0.87,0.0,0.3525555374754639,0.00416748431466949,0.702527474169157,0.0,2.0
2017-02-16,127.0,0.0,0.0,0.0,0.73,0.0,0.2996722068541443,0.0035423616674690665,0.6901733882429719,0.9125,2.0
2017-02-17,125.0,0.0,0.0,2.5,2.47,1.25,1.5047213758260227,0.017786992587343117,0.6776147890466889,3.0875000000000004,-2.0
2017-02-18,126.0,0.0,0.0,0.2,1.19,0.1,1.3790131694521193,0.016301022512841202,0.6648553979642865,1.4874999999999998,1.0
2017-02-19,134.0,0.0,0.0,7.1,2.36,3.55,4.722161194034301,0.05581966701869914,0.6518989958787126,2.9499999999999997,8.0
2017-02-20,155.0,0.0,0.0,21.4,3.63,10.7,14.713837014929155,0.1739291500210464,0.6387494220515272,4.5375,21.0
2017-02-21,312.0,0.0,0.0,10.0,2.99,5.0,17.50676146268978,0.20694371819786705,0.6254105729852463,3.7375000000000003,157.0
2017-02-22,384.0,0.0,0.0,9.5,0.26,4.75,19.630747243286315,0.23205090411416576,0.6118864012687243,0.325,72.0
2017-02-23,361.0,0.0,0.0,6.2,2.29,3.1,19.786135156793367,0.23388771171862702,0.5981809144059164,2.8625,-23.0
2017-02-24,397.0,0.0,0.0,4.5,-0.69,2.25,19.06821488327436,0.2254013282668229,0.5842981736283683,0.0,36.0
2017-02-25,340.0,0.0,0.0,0.2,-0.37,0.1,16.30798265078321,0.19277320784039906,0.5702422926917871,0.0,-57.0
2017-02-26,244.0,0.0,0.0,10.3,1.92,5.15,19.011785253165726,0.22473428556471614,0.5560174366570446,2.4,-96.0
2017-02-27,282.0,0.0,0.0,2.2,4.58,1.1,17.260017465190867,0.20402700967960377,0.5416278206559814,5.725,38.0
2017-02-28,309.0,0.0,0.0,3.8,5.31,1.9,16.571014845412236,0.1958824556860547,0.5270777086423722,6.637499999999999,27.0
2017-03-01,313.0,0.0,0.0,5.0,3.06,2.5,16.5853626186004,0.1960520576731353,0.5123714121284237,3.825,4.0
2017-03-02,317.0,0.0,0.0,1.2,2.36,0.6,14.697558225810338,0.1737367219037623,0.49751328890718066,2.9499999999999997,4.0
2017-03-03,274.0,0.0,0.0,2.8,2.96,1.4,13.892924491938787,0.1642253170085917,0.48250774176121847,3.7,-43.0
2017-03-04,242.0,0.0,0.0,0.0,3.96,0.0,11.808985818147969,0.13959151945730294,0.46735921715800227,4.95,-32.0
2017-03-05,222.0,0.0,0.0,3.0,2.98,1.5,11.537637945425773,0.13638397374270078,0.45207220393230435,3.725,-20.0
2017-03-06,208.0,0.0,0.0,3.6,-1.36,1.8,11.606992253611908,0.13720379632608762,0.43665123195606403,0.0,-14.0
2017-03-07,195.0,0.0,0.0,1.6,-0.41,0.8,10.665943415570123,0.1260798573859709,0.4211008707960896,0.0,-13.0
2017-03-08,182.0,0.0,0.0,1.0,0.82,0.5,9.566051903234603,0.11307827284607302,0.40542572835999735,1.025,-13.0
2017-03-09,174.0,0.0,0.0,0.0,1.64,0.0,8.131144117749413,0.09611653191916207,0.38963044953078796,2.05,-8.0
2017-03-10,173.0,0.0,0.0,0.3,1.7,0.15,7.061472500087001,0.0834721703516871,0.37371971479046906,2.125,-1.0
2017-03-11,181.0,0.0,0.0,0.3,2.61,0.15,6.152251625073951,0.07272446301933336,0.35769823883312546,3.2624999999999997,8.0
2017-03-12,189.0,0.0,0.0,0.0,0.81,0.0,5.229413881312858,0.06181579356643335,0.3415707691678556,1.0125000000000002,8.0
2017-03-13,186.0,0.0,0.0,0.0,-0.24,0.0,4.445001799115929,0.05254342453146835,0.3253420847119801,0.0,-3.0
2017-03-14,176.0,0.0,0.0,0.0,2.13,0.0,3.7782515292485397,0.044661910851748095,0.30901699437494745,2.6624999999999996,-10.0
2017-03-15,170.0,0.0,0.0,1.1,4.79,0.55,3.761513799861259,0.04446405769878342,0.29260033563334836,5.9875,-6.0
2017-03-16,168.0,0.0,0.0,0.0,3.84,0.0,3.19728672988207,0.03779444904396591,0.27609697309746883,4.8,-2.0
2017-03-17,164.0,0.0,0.0,3.7,3.69,1.85,4.56769372039976,0.053993739738962744,0.2595117970697999,4.6125,-4.0
2017-03-18,167.0,0.0,0.0,7.3,3.29,3.65,7.532539662339795,0.089040555474502,0.2428497220959356,4.1125,3.0
2017-03-19,184.0,0.0,0.0,1.6,3.38,0.8,7.202658712988826,0.08514110266212312,0.22611568550828828,4.225,17.0
2017-03-20,197.0,0.0,0.0,0.0,2.75,0.0,6.122259906040502,0.07236993726280465,0.20931464596304847,3.4375,13.0
2017-03-21,191.0,0.0,0.0,5.0,5.43,2.5,7.7039209201344265,0.09106641701337277,0.19245158197082998,6.7875,-6.0
2017-03-22,187.0,0.0,0.0,0.4,4.29,0.2,6.748332782114263,0.07977061208856596,0.1755314904214282,5.3625,-4.0
2017-03-23,177.0,0.0,0.0,0.0,4.5,0.0,5.736082864797123,0.06780502027528107,0.15855938510313478,5.625,-10.0
2017-03-24,167.0,0.0,0.0,0.0,3.23,0.0,4.875670435077555,0.05763426723398891,0.141540295217043,4.0375,-10.0
2017-03-25,158.0,0.0,0.0,0.0,3.07,0.0,4.144319869815922,0.048989127148890574,0.12447926388678915,3.8375,-9.0
2017-03-26,151.0,0.0,0.0,0.0,3.62,0.0,3.5226718893435334,0.04164075807655698,0.10738134666416309,4.525,-7.0
2017-03-27,144.0,0.0,0.0,0.0,5.52,0.0,2.994271105942003,0.03539464436507343,0.09025161003104117,6.8999999999999995,-7.0
2017-03-28,139.0,0.0,0.0,0.0,4.81,0.0,2.5451304400507024,0.030085447710312418,0.07309512989807777,6.012499999999999,-5.0
2017-03-29,136.0,0.0,0.0,0.0,2.21,0.0,2.163360874043097,0.025572630553765553,0.055916990100603484,2.7625,-3.0
2017-03-30,132.0,0.0,0.0,3.4,3.38,1.7,3.538856742936632,0.04183207580189311,0.03872228089217446,4.225,-4.0
2017-03-31,131.0,0.0,0.0,5.5,6.92,2.75,5.758028231496137,0.06806443180559685,0.021516097436222254,8.65,-1.0
2017-04-01,132.0,0.0,0.0,1.7,10.75,0.85,5.744323996771716,0.06790243695035351,0.004303538296244289,13.4375,1.0
2017-04-02,133.0,0.0,0.0,0.3,10.73,0.15,5.032675397255959,0.05949018962819982,-0.01291029607500882,13.412500000000001,1.0
2017-04-03,131.0,0.0,0.0,0.0,9.18,0.0,4.277774087667565,0.05056666118396984,-0.030120304846908114,11.475,-2.0
2017-04-04,128.0,0.0,0.0,0.0,6.77,0.0,3.63610797451743,0.042981662006374356,-0.04732138832243185,8.462499999999999,-3.0
2017-04-05,127.0,0.0,0.0,0.9,4.41,0.45,3.5406917783398155,0.041853767366616196,-0.06450844944931623,5.5125,-1.0
2017-04-06,125.0,0.0,0.0,0.8,5.13,0.4,3.409588011588843,0.04030401751602197,-0.08167639533042241,6.4125,-2.0
2017-04-07,127.0,0.0,0.0,0.0,3.83,0.0,2.8981498098505165,0.03425841488861868,-0.09882013873287143,4.7875,2.0
2017-04-08,127.0,0.0,0.0,0.0,5.25,0.0,2.463427338372939,0.029119652655325873,-0.11593459959550041,6.5625,0.0
2017-04-09,126.0,0.0,0.0,0.0,6.35,0.0,2.0939132376169978,0.02475170475702699,-0.1330147065341959,7.9375,-1.0
2017-04-10,125.0,0.0,0.0,0.0,9.2,0.0,1.779826251974448,0.021038949043472942,-0.1500553983446526,11.5,-1.0
2017-04-11,123.0,0.0,0.0,1.0,4.62,0.5,2.012852314178281,0.02379350075494976,-0.16705162550211924,5.775,-2.0
2017-04-12,124.0,0.0,0.0,10.2,4.21,5.1,6.810924467051539,0.08051049513528448,-0.18399835165768005,5.2625,1.0
2017-04-13,130.0,0.0,0.0,0.2,3.83,0.1,5.889285796993807,0.06961599967859135,-0.20089055513063506,4.7875,6.0
2017-04-14,140.0,0.0,0.0,0.0,2.1,0.0,5.0058929274447355,0.059173599726802646,-0.21772323039653177,2.625,10.0
2017-04-15,134.0,0.0,0.0,0.3,2.82,0.15,4.405008988328025,0.05207067798818158,-0.23449138957040985,3.525,-6.0
2017-04-16,132.0,0.0,0.0,1.0,0.32,0.5,4.244257640078821,0.0501704703579521,-0.25119006388481935,0.4,-2.0
2017-04-17,128.0,0.0,0.0,0.0,0.4,0.0,3.607618994066998,0.042644899804259284,-0.2678143051621742,0.5,-4.0
2017-04-18,124.0,0.0,0.0,0.0,1.48,0.0,3.0664761449569484,0.036248164833620394,-0.2843591872810034,1.85,-4.0
2017-04-19,123.0,0.0,0.0,0.0,1.22,0.0,2.606504723213406,0.030810940108577337,-0.30081980763566735,1.525,-1.0
2017-04-20,121.0,0.0,0.0,0.0,2.31,0.0,2.2155290147313953,0.026189299092290737,-0.3171912885891061,2.8875,-2.0
2017-04-21,121.0,0.0,0.0,2.8,5.68,1.4,3.283199662521686,0.03881000761884087,-0.3334687789181868,7.1,0.0
2017-04-22,122.0,0.0,0.0,1.0,4.34,0.5,3.2907197131434334,0.0388989005440125,-0.3496474552512284,5.425,1.0
2017-04-23,122.0,0.0,0.0,0.0,4.34,0.0,2.797111756171918,0.03306406546241062,-0.36572252349726897,5.425,0.0
2017-04-24,122.0,0.0,0.0,12.2,4.78,6.1,8.47754499274613,0.10021126327262174,-0.3816892202666588,5.9750000000000005,0.0
2017-04-25,125.0,0.0,0.0,14.5,3.24,7.25,14.45591324383421,0.17088028776769604,-0.39754281428255595,4.050000000000001,3.0
2017-04-26,150.0,0.0,0.0,0.0,4.11,0.0,12.287526257259078,0.14524824460254163,-0.4132786077829042,5.1375,25.0
2017-04-27,157.0,0.0,0.0,0.0,4.13,0.0,10.444397318670216,0.12346100791216037,-0.4288919379124835,5.1625,7.0
2017-04-28,146.0,0.0,0.0,0.0,5.34,0.0,8.877737720869684,0.10494185672533632,-0.4443781781046132,6.675,-11.0
2017-04-29,140.0,0.0,0.0,6.8,3.62,3.4,10.946077062739231,0.12939125787892067,-0.45973273945210397,4.525,-6.0
2017-04-30,148.0,0.0,0.0,0.0,4.22,0.0,9.304165503328347,0.10998256919708257,-0.47495107206704995,5.2749999999999995,8.0
2017-05-01,158.0,0.0,0.0,0.0,6.4,0.0,7.9085406778290945,0.09348518381752018,-0.49002866642905923,8.0,10.0
2017-05-02,147.0,0.0,0.0,0.0,9.04,0.0,6.72225957615473,0.07946240624489216,-0.5049610547215204,11.299999999999999,-11.0
2017-05-03,139.0,0.0,0.0,0.0,10.29,0.0,5.713920639731521,0.06754304530815833,-0.5197438121555155,12.862499999999999,-8.0
2017-05-04,131.0,0.0,0.0,0.0,12.05,0.0,4.856832543771793,0.057411588511934585,-0.5343725582809787,15.0625,-8.0
2017-05-05,125.0,0.0,0.0,0.0,14.29,0.0,4.128307662206024,0.048799850235144396,-0.548842958284719,17.862499999999997,-6.0
2017-05-06,122.0,0.0,0.0,0.0,13.97,0.0,3.50906151287512,0.04147987269987274,-0.5631507242749186,17.462500000000002,-3.0
2017-05-07,120.0,0.0,0.0,0.0,11.99,0.0,2.982702285943852,0.03525789179489182,-0.5772916165517272,14.9875,-2.0
2017-05-08,118.0,0.0,0.0,2.4,5.52,1.2,3.7352969430522744,0.044154153788852686,-0.5912614448635781,6.8999999999999995,-2.0
2017-05-09,117.0,0.0,0.0,1.7,2.07,0.85,4.025002401594433,0.04757870063612098,-0.6050560696488488,2.5875,-1.0
2017-05-10,117.0,0.0,0.0,0.0,2.24,0.0,3.421252041355268,0.04044189554070283,-0.6186714032625031,2.8000000000000003,0.0
2017-05-11,117.0,0.0,0.0,0.0,3.78,0.0,2.908064235151978,0.0343756112095974,-0.6321034111873487,4.725,0.0
2017-05-12,117.0,0.0,0.0,0.0,8.53,0.0,2.471854599879181,0.02921926952815779,-0.6453481132295501,10.6625,0.0
2017-05-13,116.0,0.0,0.0,0.0,12.2,0.0,2.1010764098973036,0.02483637909893412,-0.6584015846980488,15.25,-1.0
2017-05-14,115.0,0.0,0.0,0.0,15.14,0.0,1.785914948412708,0.021110922234094002,-0.6712599575675313,18.925,-1.0
2017-05-15,114.0,0.0,0.0,1.1,11.53,0.55,2.0680277061508017,0.02444571737377744,-0.6839194216246106,14.4125,-1.0
2017-05-16,114.0,0.0,0.0,0.0,11.83,0.0,1.7578235502281814,0.020778859767710822,-0.6963762255968722,14.7875,0.0
2017-05-17,114.0,0.0,0.0,0.0,13.67,0.0,1.4941500176939542,0.0176620308025542,-0.7086266782644596,17.0875,0.0
2017-05-18,112.0,0.0,0.0,0.0,17.74,0.0,1.270027515039861,0.015012726182171069,-0.7206671495538609,22.174999999999997,-2.0
2017-05-19,113.0,0.0,0.0,0.0,19.91,0.0,1.079523387783882,0.01276081725484541,-0.7324940716135789,24.8875,1.0
2017-05-20,110.0,0.0,0.0,0.0,19.88,0.0,0.9175948796162996,0.010846694666618598,-0.7441039398713607,24.849999999999998,-3.0
2017-05-21,104.0,0.0,0.0,0.0,15.18,0.0,0.7799556476738546,0.009219690466625808,-0.7554933140726803,18.975,-6.0
2017-05-22,108.0,0.0,0.0,0.0,12.74,0.0,0.6629623005227764,0.007836736896631936,-0.766658819300159,15.925,4.0
2017-05-23,109.0,0.0,0.0,0.0,11.43,0.0,0.5635179554443599,0.006661226362137145,-0.777597146973627,14.2875,1.0
2017-05-24,104.0,0.0,0.0,0.0,12.72,0.0,0.4789902621277059,0.005662042407816573,-0.7883050558305255,15.9,-5.0
2017-05-25,102.0,0.0,0.0,0.0,11.57,0.0,0.40714172280855,0.004812736046644087,-0.7987793728863649,14.4625,-2.0
2017-05-26,108.0,0.0,0.0,0.3,13.56,0.15,0.49607046438726743,0.005863943860046802,-0.8090169943749473,16.95,6.0
2017-05-27,106.0,0.0,0.0,0.0,13.72,0.0,0.4216598947291773,0.004984352281039782,-0.8190148866680801,17.150000000000002,-2.0
2017-05-28,102.0,0.0,0.0,0.0,18.76,0.0,0.35841091051980073,0.004236699438883815,-0.8287700871745037,23.450000000000003,-4.0
2017-05-29,99.0,0.0,0.0,0.0,14.94,0.0,0.3046492739418306,0.0036011945230512423,-0.8382797052177743,18.675,-3.0
2017-05-30,103.0,0.0,0.0,0.0,13.95,0.0,0.25895188285055604,0.003061015344593556,-0.8475409228928311,17.4375,4.0
2017-05-31,102.0,0.0,0.0,1.9,13.28,0.95,1.1701091004229727,0.013831611772100273,-0.8565509959010036,16.599999999999998,-1.0
2017-06-01,99.0,0.0,0.0,4.6,11.46,2.3,3.294592735359527,0.03894468271907495,-0.865307254363206,14.325000000000001,-3.0
2017-06-02,101.0,0.0,0.0,0.0,9.46,0.0,2.800403825055598,0.033102980311213705,-0.8738071036110808,11.825000000000001,2.0
2017-06-03,101.0,0.0,0.0,0.0,9.74,0.0,2.380343251297258,0.028137533264531646,-0.8820480249558537,12.175,0.0
2017-06-04,104.0,0.0,0.0,10.0,14.35,5.0,7.0232917636026695,0.08302084395482953,-0.8900275764346767,17.9375,3.0
2017-06-05,104.0,0.0,0.0,0.8,12.28,0.4,6.3697979990622695,0.07529603261600332,-0.8977433935342337,15.35,0.0
2017-06-06,102.0,0.0,0.0,0.0,16.72,0.0,5.414328299202929,0.06400162772360282,-0.9051931898913974,20.9,-2.0
2017-06-07,105.0,0.0,0.0,8.5,15.33,4.25,8.852179054322491,0.10463973314304341,-0.9123747579707273,19.1625,3.0
2017-06-08,109.0,0.0,0.0,0.0,13.42,0.0,7.524352196174117,0.08894377317158689,-0.9192859697186104,16.775,4.0
2017-06-09,103.0,0.0,0.0,0.0,15.58,0.0,6.3956993667479995,0.07560220719584886,-0.9259247771938498,19.475,-6.0
2017-06-10,101.0,0.0,0.0,0.0,17.3,0.0,5.4363444617358,0.06426187611647154,-0.9322892131745133,21.625,-2.0
2017-06-11,102.0,0.0,0.0,0.2,15.83,0.1,4.720892792475429,0.05580467351260035,-0.9383773917408641,19.7875,1.0
2017-06-12,109.0,0.0,0.0,3.8,15.4,1.9,5.9127588736041155,0.0698934699441018,-0.9441875088341993,19.25,7.0
2017-06-13,108.0,0.0,0.0,2.5,12.87,1.25,6.275845042563498,0.07418543462248094,-0.9497178427914316,16.0875,-1.0
2017-06-14,103.0,0.0,0.0,0.0,14.44,0.0,5.334468286178973,0.0630576194291088,-0.9549667548552551,18.05,-5.0
2017-06-15,102.0,0.0,0.0,0.0,14.75,0.0,4.534298043252127,0.05359897651474247,-0.9599326896597447,18.4375,-1.0
2017-06-16,109.0,0.0,0.0,9.4,14.89,4.7,8.554153336764308,0.10111683427671009,-0.9646141756912435,18.6125,7.0
2017-06-17,105.0,0.0,0.0,0.0,16.09,0.0,7.2710303362496616,0.08594930913520356,-0.9690098257244062,20.1125,-4.0
2017-06-18,101.0,0.0,0.0,0.0,14.53,0.0,6.180375785812212,0.07305691276492303,-0.9731183372332619,18.162499999999998,-4.0
2017-06-19,106.0,0.0,0.0,0.0,17.63,0.0,5.25331941794038,0.06209837585018457,-0.9769384927771817,22.037499999999998,5.0
2017-06-20,104.0,0.0,0.0,0.0,16.14,0.0,4.465321505249324,0.05278361947265689,-0.980469160361632,20.175,-2.0
2017-06-21,99.0,0.0,0.0,0.0,13.64,0.0,3.795523279461925,0.04486607655175836,-0.9837092937736097,17.05,-5.0
2017-06-22,99.0,0.0,0.0,0.0,13.93,0.0,3.226194787542636,0.0381361650689946,-0.986657932891657,17.4125,0.0
2017-06-23,99.0,0.0,0.0,0.0,16.36,0.0,2.7422655694112406,0.03241574030864541,-0.9893142039703663,20.45,0.0
2017-06-24,100.0,0.0,0.0,0.3,14.22,0.15,2.4809257339995545,0.02932649748274793,-0.99167731989929,17.775000000000002,1.0
2017-06-25,100.0,0.0,0.0,1.7,15.19,0.85,2.9587868738996215,0.03497519277593194,-0.993746580436178,18.9875,0.0
2017-06-26,105.0,0.0,0.0,0.0,14.33,0.0,2.514968842814678,0.029728913859542145,-0.9955213724144752,17.9125,5.0
2017-06-27,104.0,0.0,0.0,0.0,12.93,0.0,2.137723516392476,0.02526957678061082,-0.9970011699250151,16.1625,-1.0
2017-06-28,98.0,0.0,0.0,0.0,15.88,0.0,1.8170649889336046,0.021479140263519197,-0.9981855344718586,19.85,-6.0
2017-06-29,98.0,0.0,0.0,4.1,18.01,2.05,3.5945052405935636,0.04248988490278214,-0.99907411510223,22.512500000000003,0.0
2017-06-30,99.0,0.0,0.0,9.8,17.26,4.9,7.955329454504529,0.09403826403374291,-0.9996666485105112,21.575000000000003,1.0
2017-07-01,107.0,0.0,0.0,26.6,14.61,13.3,20.06203003632885,0.23714900663742197,-0.9999629591162655,18.2625,8.0
2017-07-02,107.0,0.0,0.0,3.1,14.23,1.55,18.60272553087952,0.21989887725260174,-0.9999629591162655,17.7875,0.0
2017-07-03,112.0,0.0,0.0,0.0,14.13,0.0,15.812316701247592,0.18691404566471145,-0.9996666485105112,17.6625,5.0
2017-07-04,106.0,0.0,0.0,2.5,13.62,1.25,14.690469196060453,0.17365292398499915,-0.99907411510223,17.025,-6.0
2017-07-05,110.0,0.0,0.0,0.0,13.9,0.0,12.486898816651385,0.14760498538724928,-0.9981855344718586,17.375,4.0
2017-07-06,109.0,0.0,0.0,0.0,13.53,0.0,10.613863994153677,0.1254642375791619,-0.9970011699250151,16.912499999999998,-1.0
2017-07-07,104.0,0.0,0.0,0.0,15.05,0.0,9.021784395030625,0.1066446019422876,-0.9955213724144752,18.8125,-5.0
2017-07-08,111.0,0.0,0.0,0.0,15.57,0.0,7.6685167357760315,0.09064791165094446,-0.9937465804361781,19.4625,7.0
2017-07-09,103.0,0.0,0.0,0.0,15.56,0.0,6.518239225409626,0.07705072490330278,-0.99167731989929,19.45,-8.0
2017-07-10,100.0,0.0,0.0,0.6,17.54,0.3,5.840503341598182,0.06903935260860601,-0.9893142039703664,21.924999999999997,-3.0
2017-07-11,102.0,0.0,0.0,1.2,16.94,0.6,5.564427840358454,0.06577592259891242,-0.9866579328916572,21.175,2.0
2017-07-12,104.0,0.0,0.0,0.0,16.91,0.0,4.729763664304686,0.05590953420907556,-0.9837092937736098,21.1375,2.0
2017-07-13,106.0,0.0,0.0,36.8,14.39,18.4,22.42029911465898,0.26502560578003187,-0.9804691603616321,17.9875,2.0
2017-07-14,118.0,0.0,0.0,0.0,13.68,0.0,19.057254247460133,0.22527176491302708,-0.9769384927771817,17.1,12.0
2017-07-15,109.0,0.0,0.0,0.0,14.09,0.0,16.19866611034111,0.19148100017607303,-0.973118337233262,17.6125,-9.0
2017-07-16,111.0,0.0,0.0,0.0,15.59,0.0,13.768866193789945,0.16275885014966207,-0.9690098257244063,19.4875,2.0
2017-07-17,110.0,0.0,0.0,3.5,15.4,1.75,13.453536264721453,0.15903140186520492,-0.9646141756912435,19.25,-1.0
2017-07-18,104.0,0.0,0.0,0.2,15.33,0.1,11.535505825013235,0.13635877039902375,-0.9599326896597445,19.1625,-6.0
2017-07-19,104.0,0.0,0.0,0.0,15.82,0.0,9.80517995126125,0.11590495483917018,-0.9549667548552553,19.775,0.0
2017-07-20,102.0,0.0,0.0,0.0,16.15,0.0,8.334402958572062,0.09851921161329465,-0.9497178427914317,20.1875,-2.0
2017-07-21,102.0,0.0,0.0,0.0,15.95,0.0,7.084242514786252,0.08374132987130045,-0.9441875088341994,19.9375,0.0
2017-07-22,101.0,0.0,0.0,0.0,17.17,0.0,6.021606137568314,0.07118013039060538,-0.9383773917408642,21.462500000000002,-1.0
2017-07-23,101.0,0.0,0.0,0.0,17.6,0.0,5.118365216933067,0.06050311083201457,-0.9322892131745134,22.0,0.0
2017-07-24,101.0,0.0,0.0,0.8,17.6,0.4,4.750610434393107,0.056155959461610595,-0.9259247771938499,22.0,0.0
2017-07-25,100.0,0.0,0.0,0.0,19.24,0.0,4.038018869234141,0.047732565542369,-0.9192859697186105,24.049999999999997,-1.0
2017-07-26,99.0,0.0,0.0,5.7,18.53,2.85,6.28231603884902,0.07426192689860091,-0.9123747579707274,23.1625,-1.0
2017-07-27,100.0,0.0,0.0,6.3,17.82,3.15,8.489968633021666,0.10035812049219667,-0.9051931898913975,22.275,1.0
2017-07-28,101.0,0.0,0.0,2.3,17.19,1.15,8.366473338068417,0.09889830877476204,-0.8977433935342336,21.4875,1.0
2017-07-29,101.0,0.0,0.0,0.0,16.4,0.0,7.1115023373581545,0.08406356245854774,-0.8900275764346766,20.5,0.0
2017-07-30,101.0,0.0,0.0,0.0,20.41,0.0,6.044776986754431,0.07145402808976556,-0.8820480249558535,25.5125,0.0
2017-07-31,102.0,0.0,0.0,14.4,18.27,7.2,12.338060438741266,0.14584559845546852,-0.8738071036110807,22.8375,1.0
2017-08-01,103.0,0.0,0.0,6.5,17.89,3.25,13.737351372930076,0.1623863201291337,-0.8653072543632061,22.3625,1.0
2017-08-02,106.0,0.0,0.0,9.5,18.43,4.75,16.426748666990562,0.19417711575574237,-0.8565509959010037,23.0375,3.0
2017-08-03,110.0,0.0,0.0,3.8,17.04,1.9,15.862736366941977,0.1875100458507725,-0.8475409228928312,21.299999999999997,4.0
2017-08-04,110.0,0.0,0.0,0.2,18.45,0.1,13.58332591190068,0.16056561778675618,-0.8382797052177745,23.0625,0.0
2017-08-05,108.0,0.0,0.0,2.0,17.37,1.0,12.545827025115578,0.14830156325473828,-0.828770087174504,21.712500000000002,-2.0
2017-08-06,112.0,0.0,0.0,0.7,16.77,0.35,11.01395297134824,0.13019360461412596,-0.8190148866680802,20.9625,4.0
2017-08-07,110.0,0.0,0.0,0.0,15.79,0.0,9.361860025646005,0.11066456392200706,-0.8090169943749472,19.737499999999997,-2.0
2017-08-08,104.0,0.0,0.0,0.0,15.93,0.0,7.957581021799103,0.094064879333706,-0.7987793728863648,19.9125,-6.0
2017-08-09,99.0,0.0,0.0,0.0,19.35,0.0,6.763943868529237,0.07995514743365009,-0.7883050558305253,24.1875,-5.0
2017-08-10,94.0,0.0,0.0,0.0,19.49,0.0,5.749352288249852,0.06796187531860258,-0.7775971469736268,24.362499999999997,-5.0
2017-08-11,94.0,0.0,0.0,0.0,20.19,0.0,4.886949445012374,0.0577675940208122,-0.7666588193001592,25.2375,0.0
2017-08-12,94.0,0.0,0.0,1.7,19.87,0.85,5.003907028260517,0.059150124833286556,-0.7554933140726804,24.837500000000002,0.0
2017-08-13,94.0,0.0,0.0,1.0,16.31,0.5,4.75332097402144,0.05618800017629134,-0.7441039398713608,20.3875,0.0
2017-08-14,94.0,0.0,0.0,0.0,15.23,0.0,4.0403228279182235,0.04775980014984763,-0.7324940716135792,19.0375,0.0
2017-08-15,94.0,0.0,0.0,0.0,15.49,0.0,3.4342744037304898,0.04059583012737048,-0.7206671495538615,19.3625,0.0
2017-08-16,94.0,0.0,0.0,0.0,19.49,0.0,2.9191332431709163,0.03450645560826491,-0.7086266782644601,24.362499999999997,0.0
2017-08-17,93.0,0.0,0.0,1.6,16.75,0.8,3.2812632566952784,0.03878711777582159,-0.6963762255968726,20.9375,-1.0
2017-08-18,93.0,0.0,0.0,0.0,18.47,0.0,2.7890737681909865,0.03296905010944835,-0.6839194216246105,23.0875,0.0
2017-08-19,94.0,0.0,0.0,1.3,18.4,0.65,3.020712702962338,0.03570720488142819,-0.6712599575675315,23.0,1.0
2017-08-20,94.0,0.0,0.0,0.0,15.71,0.0,2.5676057975179876,0.03035112414921396,-0.6584015846980489,19.637500000000003,0.0
2017-08-21,93.0,0.0,0.0,0.4,14.27,0.2,2.3824649278902896,0.028162613154030975,-0.64534811322955,17.8375,-1.0
2017-08-22,94.0,0.0,0.0,2.9,13.05,1.45,3.475095188706746,0.041078363978119835,-0.6321034111873488,16.3125,1.0
2017-08-23,95.0,0.0,0.0,0.8,13.99,0.4,3.353830910400734,0.03964492463580007,-0.6186714032625032,17.4875,1.0
2017-08-24,100.0,0.0,0.0,0.0,14.0,0.0,2.8507562738406236,0.03369818594043006,-0.6050560696488494,17.5,5.0
2017-08-25,100.0,0.0,0.0,3.0,15.06,1.5,3.92314283276453,0.04637464025335884,-0.5912614448635782,18.825,0.0
2017-08-26,93.0,0.0,0.0,0.0,15.37,0.0,3.3346714078498505,0.039418444215355015,-0.5772916165517278,19.2125,-7.0
2017-08-27,92.0,0.0,0.0,10.6,14.12,5.3,8.134470696672373,0.09615585470382806,-0.5631507242749187,17.65,-1.0
2017-08-28,95.0,0.0,0.0,0.0,13.61,0.0,6.914300092171517,0.08173247649825385,-0.5488429582847199,17.0125,3.0
2017-08-29,104.0,0.0,0.0,0.0,13.35,0.0,5.8771550783457895,0.06947260502351577,-0.5343725582809785,16.6875,9.0
2017-08-30,100.0,0.0,0.0,0.0,17.46,0.0,4.995581816593921,0.059051714269988405,-0.5197438121555157,21.825000000000003,-4.0
2017-08-31,92.0,0.0,0.0,0.0,19.25,0.0,4.246244544104833,0.050193957129490145,-0.5049610547215202,24.0625,-8.0
2017-09-01,92.0,0.0,0.0,1.8,15.61,0.9,4.509307862489108,0.053303572882462597,-0.4900286664290594,19.5125,0.0
2017-09-02,95.0,0.0,0.0,30.6,12.98,15.3,19.132911683115744,0.22616609543082478,-0.4749510720670502,16.225,3.0
2017-09-03,108.0,0.0,0.0,1.2,14.79,0.6,16.862974930648384,0.19933365399779843,-0.4597327394521046,18.487499999999997,13.0
2017-09-04,116.0,0.0,0.0,17.1,16.2,8.55,22.883528691051126,0.2705013444608904,-0.44437817810461344,20.25,8.0
2017-09-05,109.0,0.0,0.0,0.0,13.54,0.0,19.450999387393455,0.22992614279175683,-0.4288919379124841,16.924999999999997,-7.0
2017-09-06,113.0,0.0,0.0,0.0,11.52,0.0,16.533349479284436,0.19543722137299327,-0.41327860778290443,14.399999999999999,4.0
2017-09-07,108.0,0.0,0.0,0.0,10.87,0.0,14.05334705739177,0.16612163816704428,-0.3975428142825566,13.587499999999999,-5.0
2017-09-08,98.0,0.0,0.0,1.1,11.96,0.55,12.495344998783004,0.1477048259167852,-0.3816892202666586,14.950000000000001,-10.0
2017-09-09,99.0,0.0,0.0,1.9,15.84,0.95,11.571043248965552,0.13677885075846313,-0.3657225234972692,19.8,1.0
2017-09-10,99.0,0.0,0.0,5.9,14.52,2.95,12.785386761620718,0.15113334814588045,-0.34964745525122826,18.15,0.0
2017-09-11,100.0,0.0,0.0,10.9,15.6,5.45,16.31757874737761,0.192886641265174,-0.33346877891818705,19.5,1.0
2017-09-12,112.0,0.0,0.0,1.8,15.28,0.9,14.769941935270968,0.17459235439779386,-0.31719128858910595,19.099999999999998,12.0
2017-09-13,115.0,0.0,0.0,13.6,13.8,6.8,19.35445064498032,0.22878486056289435,-0.300819807635668,17.25,3.0
2017-09-14,118.0,0.0,0.0,8.6,13.98,4.3,20.751283048233272,0.24529652046324096,-0.2843591872810036,17.475,3.0
2017-09-15,159.0,0.0,0.0,40.5,12.98,20.25,37.88859059099828,0.4478730021476642,-0.26781430516217486,16.225,41.0
2017-09-16,219.0,0.0,0.0,6.5,13.33,3.25,35.45530200234853,0.41910961326749996,-0.25119006388481957,16.6625,60.0
2017-09-17,205.0,0.0,0.0,0.4,11.86,0.2,30.337006701996252,0.3586073289045741,-0.23449138957041052,14.825,-14.0
2017-09-18,206.0,0.0,0.0,43.1,11.03,21.55,47.33645569669682,0.5595542138995916,-0.21772323039653224,13.7875,1.0
2017-09-19,318.0,0.0,0.0,0.3,12.16,0.15,40.385987342192294,0.4773942000350522,-0.20089055513063528,15.2,112.0
2017-09-20,342.0,0.0,0.0,0.9,11.97,0.45,34.77808924086345,0.41110442469099234,-0.18399835165767986,14.9625,24.0
2017-09-21,264.0,0.0,0.0,3.6,10.97,1.8,31.361375854733932,0.37071617963213543,-0.1670516255021195,13.7125,-78.0
2017-09-22,215.0,0.0,0.0,0.0,14.13,0.0,26.65716947652384,0.3151087526873151,-0.15005539834465262,17.6625,-49.0
2017-09-23,194.0,0.0,0.0,0.0,14.96,0.0,22.658594055045263,0.26784243978421785,-0.13301470653419636,18.700000000000003,-21.0
2017-09-24,173.0,0.0,0.0,0.0,14.46,0.0,19.259804946788474,0.22766607381658516,-0.11593459959550066,18.075000000000003,-21.0
2017-09-25,155.0,0.0,0.0,0.0,14.09,0.0,16.3708342047702,0.19351616274409736,-0.09882013873287211,17.6125,-18.0
2017-09-26,142.0,0.0,0.0,0.0,13.98,0.0,13.91520907405467,0.16448873833248276,-0.08167639533042288,17.475,-13.0
2017-09-27,133.0,0.0,0.0,0.0,12.18,0.0,11.82792771294647,0.13981542758261034,-0.06450844944931625,15.225,-9.0
2017-09-28,126.0,0.0,0.0,0.0,11.4,0.0,10.0537385560045,0.11884311344521879,-0.04732138832243232,14.25,-7.0
2017-09-29,122.0,0.0,0.0,0.0,9.86,0.0,8.545677772603826,0.10101664642843598,-0.03012030484690836,12.325,-4.0
2017-09-30,119.0,0.0,0.0,0.0,8.1,0.0,7.2638261067132515,0.08586414946417058,-0.012910296075008843,10.125,-3.0
2017-10-01,117.0,0.0,0.0,0.0,7.15,0.0,6.174252190706263,0.07298452704454499,0.004303538296243821,8.9375,-2.0
2017-10-02,115.0,0.0,0.0,1.4,8.82,0.7,5.948114362100323,0.0703113996830601,0.021516097436222233,11.025,-2.0
2017-10-03,117.0,0.0,0.0,26.2,11.02,13.1,18.155897207785273,0.21461701431214247,0.03872228089217399,13.774999999999999,2.0
2017-10-04,128.0,0.0,0.0,24.9,10.75,12.45,27.882512626617483,0.3295932744584654,0.05591699010060302,13.4375,11.0
2017-10-05,242.0,0.0,0.0,5.8,8.17,2.9,26.60013573262486,0.3144345688840826,0.07309512989807776,10.2125,114.0
2017-10-06,298.0,0.0,0.0,5.7,9.1,2.85,25.46011537273113,0.30095862973905746,0.0902516100310407,11.375,56.0
2017-10-07,266.0,0.0,0.0,15.5,9.08,7.75,29.39109806682146,0.3474259433321642,0.10738134666416306,11.35,-32.0
2017-10-08,329.0,0.0,0.0,10.5,8.27,5.25,30.23243335679824,0.357371189546316,0.12447926388678869,10.337499999999999,63.0
2017-10-09,365.0,0.0,0.0,20.4,7.58,10.2,35.8975683532785,0.42433755010152296,0.141540295217043,9.475,36.0
2017-10-10,402.0,0.0,0.0,13.3,8.1,6.65,37.16293310028673,0.4392951586906648,0.15855938510313475,10.125,37.0
2017-10-11,381.0,0.0,0.0,24.1,9.07,12.05,43.63849313524372,0.5158413819258112,0.17553149042142777,11.3375,-21.0
2017-10-12,350.0,0.0,0.0,12.9,11.92,6.45,43.54271916495716,0.5147092581141107,0.19245158197082995,14.9,-31.0
2017-10-13,377.0,0.0,0.0,5.5,9.67,2.75,39.761311290213584,0.47001003677098174,0.20931464596304888,12.0875,27.0
2017-10-14,385.0,0.0,0.0,10.8,11.35,5.4,39.197114596681544,0.4633407871897103,0.22611568550828803,14.1875,8.0
2017-10-15,354.0,0.0,0.0,0.0,11.68,0.0,33.31754740717931,0.39383966911125373,0.2428497220959358,14.6,-31.0
2017-10-16,302.0,0.0,0.0,0.0,12.37,0.0,28.319915296102415,0.3347637187445657,0.25951179706979943,15.462499999999999,-52.0
2017-10-17,245.0,0.0,0.0,0.0,13.22,0.0,24.071928001687052,0.2845491609328808,0.27609697309746883,16.525000000000002,-57.0
2017-10-18,209.0,0.0,0.0,0.4,11.31,0.2,20.661138801433992,0.24423094442014778,0.2926003356333479,14.137500000000001,-36.0
2017-10-19,190.0,0.0,0.0,0.0,6.47,0.0,17.561967981218892,0.2075963027571256,0.30901699437494723,8.0875,-19.0
2017-10-20,174.0,0.0,0.0,0.0,6.28,0.0,14.927672784036059,0.17645685734355676,0.3253420847119795,7.8500000000000005,-16.0
2017-10-21,158.0,0.0,0.0,2.1,5.69,1.05,13.73852186643065,0.16240015628481855,0.341570769167856,7.112500000000001,-16.0
2017-10-22,157.0,0.0,0.0,0.7,2.96,0.35,12.027743586466052,0.1421774086896942,0.35769823883312546,3.7,-1.0
2017-10-23,154.0,0.0,0.0,3.2,2.09,1.6,11.823582048496144,0.1397640584038329,0.3737197147904692,2.6125,-3.0
2017-10-24,147.0,0.0,0.0,0.0,2.15,0.0,10.050044741221722,0.11879944964325796,0.38963044953078774,2.6875,-7.0
2017-10-25,145.0,0.0,0.0,19.0,4.48,9.5,18.042538030038465,0.2132770194887268,0.4054257283599973,5.6000000000000005,-2.0
2017-10-26,188.0,0.0,0.0,11.1,10.1,5.55,20.886157325532693,0.2468908407201929,0.42110087079608916,12.625,43.0
2017-10-27,218.0,0.0,0.0,7.5,5.67,3.75,21.50323372670279,0.2541851701221472,0.4366512319560638,7.0875,30.0
2017-10-28,238.0,0.0,0.0,26.7,6.45,13.35,31.627748667697368,0.37386491621936535,0.45207220393230374,8.0625,20.0
2017-10-29,312.0,0.0,0.0,2.5,4.43,1.25,28.13358636754276,0.33256116395645496,0.46735921715800205,5.5375,74.0
2017-10-30,322.0,0.0,0.0,5.7,3.09,2.85,26.76354841241135,0.31636623555057397,0.48250774176121763,3.8625,10.0
2017-10-31,290.0,0.0,0.0,5.2,2.73,2.6,25.349016150549648,0.2996453493715763,0.4975132889071803,3.4125,-32.0
2017-11-01,253.0,0.0,0.0,5.0,7.21,2.5,24.0466637279672,0.2842505173058286,0.5123714121284235,9.0125,-37.0
2017-11-02,259.0,0.0,0.0,20.4,9.63,10.2,30.639664168772118,0.3621849786971087,0.5270777086423724,12.037500000000001,6.0
2017-11-03,291.0,0.0,0.0,0.5,7.37,0.25,26.2937145434563,0.31081242892654126,0.5416278206559811,9.2125,32.0
2017-11-04,261.0,0.0,0.0,0.2,7.41,0.1,22.449657361937856,0.2653726434011596,0.5560174366570446,9.2625,-30.0
2017-11-05,223.0,0.0,0.0,0.0,6.33,0.0,19.082208757647177,0.2255667468909857,0.5702422926917867,7.9125,-38.0
2017-11-06,196.0,0.0,0.0,0.7,4.9,0.35,16.569877444000102,0.19586901070493629,0.5842981736283683,6.125,-27.0
2017-11-07,178.0,0.0,0.0,0.0,3.58,0.0,14.084395827400087,0.16648865909919586,0.5981809144059159,4.475,-18.0
2017-11-08,169.0,0.0,0.0,0.0,5.5,0.0,11.971736453290074,0.14151536023431646,0.6118864012687242,6.875,-9.0
2017-11-09,161.0,0.0,0.0,1.5,3.77,0.75,10.925975985296562,0.12915364730116563,0.6254105729852457,4.7125,-8.0
2017-11-10,169.0,0.0,0.0,18.6,6.0,9.3,18.58707958750208,0.2197139298707492,0.6387494220515268,7.5,8.0
2017-11-11,228.0,0.0,0.0,23.1,4.97,11.55,27.34901764937677,0.3232869433608852,0.6518989958787125,6.2124999999999995,59.0
2017-11-12,354.0,0.0,0.0,7.8,5.23,3.9,27.146665001970252,0.3208949755871349,0.6648553979642867,6.5375000000000005,126.0
2017-11-13,416.0,0.0,0.0,22.5,2.79,11.25,34.324665251674716,0.4057445957790144,0.6776147890466887,3.4875,62.0
2017-11-14,452.0,0.0,0.0,14.4,2.68,7.2,36.37596546392351,0.42999258099133,0.690173388242972,3.35,36.0
2017-11-15,437.0,0.0,0.0,6.3,6.57,3.15,34.06957064433498,0.4027291764710164,0.7025274741691566,8.2125,-15.0
2017-11-16,390.0,0.0,0.0,0.0,4.85,0.0,28.959135047684732,0.34231980000036394,0.7146733860429608,6.0625,-47.0
2017-11-17,330.0,0.0,0.0,6.0,5.51,3.0,27.615264790532024,0.32643419440829596,0.726607524768565,6.887499999999999,-60.0
2017-11-18,293.0,0.0,0.0,8.0,4.09,4.0,27.47297507195222,0.32475221779103364,0.7383263540031063,5.1125,-37.0
2017-11-19,336.0,0.0,0.0,27.8,2.68,13.9,37.252028811159384,0.4403483402127164,0.749826401204568,3.35,43.0
2017-11-20,466.0,0.0,0.0,4.6,1.68,2.3,33.964224489485474,0.4014839018935986,0.7611042586607742,2.1,130.0
2017-11-21,438.0,0.0,0.0,1.3,0.3,0.65,29.51959081606265,0.34894482889795586,0.7721565844991641,0.375,-28.0
2017-11-22,332.0,0.0,0.0,0.0,-0.57,0.0,25.09165219365325,0.29660310456326244,0.7829801036770625,0.0,-106.0
2017-11-23,259.0,0.0,0.0,2.9,4.11,1.45,22.77790436460526,0.26925278167596656,0.7935716089521472,5.1375,-73.0
2017-11-24,231.0,0.0,0.0,2.0,6.56,1.0,20.36121870991447,0.24068565256056712,0.8039279618328208,8.2,-28.0
2017-11-25,217.0,0.0,0.0,13.0,5.84,6.5,23.807035903427302,0.281417927560453,0.8140460935082175,7.3,-14.0
2017-11-26,281.0,0.0,0.0,1.9,4.03,0.95,21.185980517913205,0.25043498715558077,0.8239230057575536,5.0375000000000005,64.0
2017-11-27,295.0,0.0,0.0,2.7,2.87,1.35,19.358083440226224,0.2288278030658376,0.8335557718385695,3.5875000000000004,14.0
2017-11-28,262.0,0.0,0.0,7.7,1.0,3.85,20.30437092419229,0.24001366692954476,0.8429415373547832,1.25,-33.0
2017-11-29,246.0,0.0,0.0,2.9,1.5,1.45,18.708715285563446,0.22115175968730655,0.8520775211013093,1.875,-16.0
2017-11-30,234.0,0.0,0.0,4.0,0.73,2.0,17.90240799272893,0.2116205720062016,0.8609610158889945,0.9125,-12.0
2017-12-01,231.0,0.0,0.0,6.9,0.54,3.45,18.66704679381959,0.22065920527445596,0.8695893893466109,0.675,-3.0
2017-12-02,228.0,0.0,0.0,1.5,1.87,0.75,16.61698977474665,0.19642591558528416,0.8779600847008883,2.3375000000000004,-3.0
2017-12-03,226.0,0.0,0.0,5.0,0.74,2.5,16.62444130853465,0.19651399858748034,0.8860706215341377,0.925,-2.0
2017-12-04,219.0,0.0,0.0,10.9,0.29,5.45,19.58077511225445,0.23146019414053387,0.893918596519257,0.3625,-7.0
2017-12-05,206.0,0.0,0.0,3.3,0.38,1.65,18.29365884541628,0.2162454654438464,0.9015016841318838,0.475,-13.0
2017-12-06,225.0,0.0,0.0,1.1,1.97,0.55,16.09961001860384,0.190310079102067,0.9088176373395028,2.4625,19.0
2017-12-07,265.0,0.0,0.0,9.1,5.26,4.55,18.234668515813265,0.2155481532555366,0.9158642882672868,6.574999999999999,40.0
2017-12-08,328.0,0.0,0.0,16.6,3.37,8.3,23.799468238441275,0.281328471795969,0.9226395488404875,4.2125,63.0
2017-12-09,387.0,0.0,0.0,15.7,0.65,7.85,28.079548002675082,0.3319223878941385,0.9291414114031743,0.8125,59.0
2017-12-10,402.0,0.0,0.0,5.4,0.2,2.7,26.567615802273817,0.3140501576772056,0.935367949313148,0.25,15.0
2017-12-11,324.0,0.0,0.0,0.8,0.25,0.4,22.982473431932743,0.27167094928002294,0.941317317512847,0.3125,-78.0
2017-12-12,260.0,0.0,0.0,11.0,4.34,5.5,25.03510241714283,0.2959346416359949,0.946987753076075,5.425,-64.0
2017-12-13,358.0,0.0,0.0,5.6,1.33,2.8,24.079837054571406,0.2846426521713831,0.9523775757303973,1.6625,98.0
2017-12-14,411.0,0.0,0.0,1.4,0.09,0.7,21.167861496385694,0.25022080604087255,0.9574851883550389,0.11249999999999999,53.0
2017-12-15,333.0,0.0,0.0,2.9,0.85,1.45,19.44268227192784,0.22982782793193515,0.9623090774541487,1.0625,-78.0
2017-12-16,279.0,0.0,0.0,4.2,-0.45,2.1,18.626279931138665,0.2201773088277355,0.9668478136052773,0.0,-54.0
2017-12-17,244.0,0.0,0.0,1.7,0.17,0.85,16.682337941467864,0.19719838241917137,0.9711000518829505,0.21250000000000002,-35.0
2017-12-18,218.0,0.0,0.0,2.3,-0.97,1.15,15.329987250247685,0.18121253141269053,0.9750645322571945,0.0,-26.0
2017-12-19,202.0,0.0,0.0,0.9,0.23,0.45,13.480489162710532,0.15935000636198493,0.9787400799669153,0.28750000000000003,-16.0
2017-12-20,192.0,0.0,0.0,0.3,0.53,0.15,11.608415788303953,0.1372206236280865,0.9821256058680006,0.6625000000000001,-10.0
2017-12-21,182.0,0.0,0.0,2.8,0.53,1.4,11.26715342005836,0.1331866334742673,0.9852201067560606,0.6625000000000001,-10.0
2017-12-22,187.0,0.0,0.0,0.0,2.3,0.0,9.577080407049605,0.11320863845312719,0.9880226656636976,2.875,5.0
2017-12-23,198.0,0.0,0.0,13.7,3.59,6.85,14.990518345992164,0.17719974141672745,0.9905324521322227,4.4875,11.0
2017-12-24,280.0,0.0,0.0,3.0,5.02,1.5,14.24194059409334,0.16835096240821162,0.9927487224577402,6.2749999999999995,82.0
2017-12-25,309.0,0.0,0.0,11.7,5.56,5.85,17.955649504979338,0.2122499286425537,0.9946708199115211,6.949999999999999,29.0
2017-12-26,349.0,0.0,0.0,0.0,4.83,0.0,15.262302079232436,0.18041243934617063,0.9962981749346077,6.0375,40.0
2017-12-27,327.0,0.0,0.0,0.0,2.43,0.0,12.97295676734757,0.15335057344424505,0.9976303053065857,3.0375,-22.0
2017-12-28,258.0,0.0,0.0,0.8,4.15,0.4,11.427013252245434,0.1350763026820065,0.9986668162884759,5.1875,-69.0
2017-12-29,220.0,0.0,0.0,6.5,3.54,3.25,12.96296126440862,0.153232418721691,0.9994074007397048,4.425,-38.0
2017-12-30,219.0,0.0,0.0,2.0,1.19,1.0,12.018517074747326,0.14206834404943286,0.9998518392091162,1.4874999999999998,-1.0
2017-12-31,235.0,0.0,0.0,1.7,0.1,0.85,11.065739513535226,0.1308057623576141,1.0,0.125,16.0
2018-01-01,256.0,0.0,0.0,19.4,5.28,9.7,19.105878586504943,0.2258465429231286,0.9998518392091162,6.6000000000000005,21.0
2018-01-02,340.0,0.0,0.0,0.2,1.88,0.1,16.339996798529203,0.1931516402982589,0.9994074007397048,2.3499999999999996,84.0
2018-01-03,311.0,0.0,0.0,3.7,1.36,1.85,15.738997278749821,0.18604735230511177,0.998666816288476,1.7000000000000002,-29.0
2018-01-04,259.0,0.0,0.0,10.1,3.13,5.05,18.428147686937347,0.2178352295461224,0.9976303053065857,3.9124999999999996,-52.0
2018-01-05,282.0,0.0,0.0,12.0,4.01,6.0,21.663925533896744,0.2560846739301772,0.9962981749346078,5.012499999999999,23.0
2018-01-06,331.0,0.0,0.0,5.0,2.74,2.5,20.914336703812232,0.24722394318063942,0.9946708199115211,3.4250000000000003,49.0
2018-01-07,317.0,0.0,0.0,0.5,-0.11,0.25,18.027186198240397,0.21309554873754238,0.9927487224577402,0.0,-14.0
2018-01-08,262.0,0.0,0.0,0.4,1.12,0.2,15.523108268504336,0.18349537405411012,0.9905324521322229,1.4000000000000001,-55.0
2018-01-09,222.0,0.0,0.0,0.0,1.03,0.0,13.194642028228685,0.1559710679459936,0.9880226656636976,1.2875,-40.0
2018-01-10,201.0,0.0,0.0,0.0,-1.56,0.0,11.215445723994382,0.13257540775409454,0.9852201067560606,0.0,-21.0
2018-01-11,184.0,0.0,0.0,0.0,-4.25,0.0,9.533128865395224,0.11268909659098035,0.9821256058680006,0.0,-17.0
2018-01-12,169.0,0.0,0.0,0.0,-2.18,0.0,8.10315953558594,0.09578573210233329,0.9787400799669153,0.0,-15.0
2018-01-13,158.0,0.0,0.0,0.0,-3.41,0.0,6.887685605248048,0.0814178722869833,0.9750645322571948,0.0,-11.0
2018-01-14,141.0,0.0,0.0,0.0,-7.22,0.0,5.854532764460841,0.0692051914439358,0.9711000518829505,0.0,-17.0
2018-01-15,136.0,0.0,0.0,0.0,-8.04,0.0,4.976352849791715,0.05882441272734543,0.9668478136052775,0.0,-5.0
2018-01-16,127.0,0.0,0.0,0.9,-6.75,0.45,4.679899922322957,0.0553201054794416,0.9623090774541486,0.0,-9.0
2018-01-17,126.0,0.0,0.0,2.5,-6.09,1.25,5.227914933974514,0.06179807482751977,0.9574851883550393,0.0,-1.0
2018-01-18,129.0,0.0,0.0,0.3,-1.78,0.15,4.593727693878337,0.05430148182379114,0.9523775757303974,0.0,3.0
2018-01-19,133.0,0.0,0.0,0.0,-2.44,0.0,3.9046685397965866,0.04615625955022247,0.9469877530760753,0.0,4.0
2018-01-20,133.0,0.0,0.0,0.0,-3.17,0.0,3.3189682588270983,0.039232820617689096,0.9413173175128471,0.0,0.0
2018-01-21,130.0,0.0,0.0,0.0,-4.17,0.0,2.8211230200030335,0.03334789752503573,0.9353679493131483,0.0,-3.0
2018-01-22,123.0,0.0,0.0,0.0,-6.8,0.0,2.3979545670025786,0.02834571289628037,0.9291414114031743,0.0,-7.0
2018-01-23,119.0,0.0,0.0,0.0,-6.41,0.0,2.0382613819521915,0.02409385596183831,0.9226395488404876,0.0,-4.0
2018-01-24,120.0,0.0,0.0,7.5,-0.91,3.75,5.482522174659363,0.0648077330775458,0.9158642882672872,0.0,1.0
2018-01-25,134.0,0.0,0.0,1.4,3.75,0.7,5.360143848460458,0.0633611248111108,0.9088176373395029,4.6875,14.0
2018-01-26,154.0,0.0,0.0,6.9,1.95,3.45,8.00612227119139,0.09463867515862875,0.901501684131884,2.4375,20.0
2018-01-27,177.0,0.0,0.0,1.1,1.97,0.55,7.3552039305126815,0.08694430735963198,0.893918596519257,2.4625,23.0
2018-01-28,189.0,0.0,0.0,12.9,3.33,6.45,12.701923340935778,0.1501467447328583,0.886070621534138,4.1625,12.0
2018-01-29,311.0,0.0,0.0,16.3,3.48,8.15,18.94663483979541,0.2239641563312931,0.8779600847008882,4.35,122.0
2018-01-30,402.0,0.0,0.0,3.1,1.31,1.55,17.6546396138261,0.2086917544923922,0.869589389346611,1.6375000000000002,91.0
2018-01-31,375.0,0.0,0.0,5.5,0.53,2.75,17.756443671752184,0.20989515869252107,0.8609610158889943,0.6625000000000001,-27.0
2018-02-01,316.0,0.0,0.0,8.5,1.96,4.25,19.342977120989353,0.22864923446662386,0.8520775211013093,2.45,-59.0
2018-02-02,323.0,0.0,0.0,0.0,-0.64,0.0,16.44153055284095,0.19435184929663027,0.8429415373547828,0.0,7.0
2018-02-03,265.0,0.0,0.0,0.0,-0.32,0.0,13.975300969914805,0.1651990719021357,0.8335557718385699,0.0,-58.0
2018-02-04,216.0,0.0,0.0,0.0,-1.8,0.0,11.879005824427583,0.14041921111681535,0.8239230057575542,0.0,-49.0
2018-02-05,179.0,0.0,0.0,0.0,-4.8,0.0,10.097154950763446,0.11935632944929304,0.8140460935082178,0.0,-37.0
2018-02-06,156.0,0.0,0.0,4.5,-3.5,2.25,10.832581708148929,0.128049653337889,0.8039279618328213,0.0,-23.0
2018-02-07,158.0,0.0,0.0,3.0,-5.39,1.5,10.707694451926589,0.12657338754119896,0.7935716089521474,0.0,2.0
2018-02-08,141.0,0.0,0.0,0.0,-10.74,0.0,9.1015402841376,0.1075873794100191,0.7829801036770629,0.0,-17.0
2018-02-09,138.0,0.0,0.0,0.0,-5.59,0.0,7.7363092415169605,0.09144927249851624,0.7721565844991642,0.0,-3.0
2018-02-10,136.0,0.0,0.0,0.0,-8.28,0.0,6.575862855289416,0.0777318816237388,0.7611042586607747,0.0,-2.0
2018-02-11,132.0,0.0,0.0,0.0,-5.66,0.0,5.589483426996003,0.06607209938017798,0.7498264012045686,0.0,-4.0
2018-02-12,134.0,0.0,0.0,1.4,-1.23,0.7,5.451060912946603,0.06443583616834815,0.7383263540031065,0.0,2.0
2018-02-13,138.0,0.0,0.0,0.0,-1.4,0.0,4.633401776004613,0.054770460743095925,0.7266075247685656,0.0,4.0
2018-02-14,132.0,0.0,0.0,0.0,-3.25,0.0,3.9383915096039206,0.04655489163163154,0.7146733860429609,0.0,-6.0
2018-02-15,130.0,0.0,0.0,0.0,-4.32,0.0,3.3476327831633323,0.0395716578868868,0.702527474169157,0.0,-2.0
2018-02-16,128.0,0.0,0.0,0.9,-3.0,0.45,3.2954878656888327,0.03895526386505177,0.6901733882429719,0.0,-2.0
2018-02-17,125.0,0.0,0.0,1.8,-1.99,0.9,3.7011646858355074,0.04375068360768997,0.6776147890466889,0.0,-3.0
2018-02-18,124.0,0.0,0.0,0.4,-3.52,0.2,3.3459899829601816,0.039552238693735586,0.6648553979642865,0.0,-1.0
2018-02-19,123.0,0.0,0.0,1.5,-1.4,0.75,3.594091485516154,0.042484993991671896,0.6518989958787126,0.0,-1.0
2018-02-20,123.0,0.0,0.0,2.7,-3.28,1.35,4.4049777626887305,0.052070308876515065,0.6387494220515272,0.0,0.0
2018-02-21,117.0,0.0,0.0,0.0,-10.15,0.0,3.7442310982854208,0.0442597625450378,0.6254105729852463,0.0,-6.0
2018-02-22,109.0,0.0,0.0,0.0,-13.23,0.0,3.182596433542608,0.037620798163282135,0.6118864012687243,0.0,-8.0
2018-02-23,113.0,0.0,0.0,3.1,-12.3,1.55,4.255206968511216,0.050299900049582874,0.5981809144059164,0.0,4.0
2018-02-24,127.0,0.0,0.0,0.2,-11.23,0.1,3.716925923234534,0.043936993855744996,0.5842981736283683,0.0,14.0
2018-02-25,135.0,0.0,0.0,0.0,-16.35,0.0,3.159387034749354,0.03734644477738325,0.5702422926917871,0.0,8.0
2018-02-26,134.0,0.0,0.0,0.0,-14.6,0.0,2.6854789795369505,0.03174447806077576,0.5560174366570446,0.0,-1.0
2018-02-27,129.0,0.0,0.0,0.0,-15.75,0.0,2.282657132606408,0.026982806351659394,0.5416278206559814,0.0,-5.0
2018-02-28,125.0,0.0,0.0,0.0,-14.93,0.0,1.9402585627154467,0.022935385398910484,0.5270777086423722,0.0,-4.0
2018-03-01,122.0,0.0,0.0,1.0,-12.14,0.5,2.1492197783081295,0.025405471657071674,0.5123714121284237,0.0,-3.0
2018-03-02,120.0,0.0,0.0,0.0,-8.77,0.0,1.82683681156191,0.021594650908510923,0.49751328890718066,0.0,-2.0
2018-03-03,120.0,0.0,0.0,0.0,-10.27,0.0,1.5528112898276234,0.01835545327223428,0.48250774176121847,0.0,0.0
2018-03-04,118.0,0.0,0.0,0.0,-9.47,0.0,1.3198895963534798,0.015602135281399138,0.46735921715800227,0.0,-2.0
2018-03-05,117.0,0.0,0.0,0.0,-7.44,0.0,1.1219061569004578,0.013261814989189267,0.45207220393230435,0.0,-1.0
2018-03-06,118.0,0.0,0.0,0.0,-1.7,0.0,0.9536202333653891,0.011272542740810878,0.43665123195606403,0.0,1.0
2018-03-07,116.0,0.0,0.0,0.0,-1.93,0.0,0.8105771983605807,0.009581661329689245,0.4211008707960896,0.0,-2.0
2018-03-08,116.0,0.0,0.0,0.9,0.24,0.45,1.1389906186064935,0.013463766791433844,0.40542572835999735,0.3,0.0
2018-03-09,115.0,0.0,0.0,1.6,1.97,0.8,1.7681420258155196,0.02090083228151519,0.38963044953078796,2.4625,-1.0
2018-03-10,126.0,0.0,0.0,0.0,0.6,0.0,1.5029207219431917,0.017765707439287914,0.37371971479046906,0.75,11.0
2018-03-11,142.0,0.0,0.0,0.5,1.7,0.25,1.527482613651713,0.01805604835739361,0.35769823883312546,2.125,16.0
2018-03-12,180.0,0.0,0.0,2.2,4.69,1.1,2.398360221603956,0.028350508053379644,0.3415707691678556,5.862500000000001,38.0
2018-03-13,199.0,0.0,0.0,8.7,4.24,4.35,6.388606188363362,0.07551836023695323,0.3253420847119801,5.300000000000001,19.0
2018-03-14,209.0,0.0,0.0,1.4,0.05,0.7,6.1303152601088575,0.07246515789660711,0.30901699437494745,0.0625,10.0
2018-03-15,185.0,0.0,0.0,0.1,-2.3,0.05,5.260767971092529,0.06218642361891582,0.29260033563334836,0.0,-24.0
2018-03-16,155.0,0.0,0.0,0.0,-5.5,0.0,4.471652775428649,0.052858460076078445,0.27609697309746883,0.0,-30.0
2018-03-17,138.0,0.0,0.0,0.0,-6.04,0.0,3.8009048591143517,0.044929691064666676,0.2595117970697999,0.0,-17.0
2018-03-18,131.0,0.0,0.0,0.0,-4.3,0.0,3.230769130247199,0.03819023740496667,0.2428497220959356,0.0,-7.0
2018-03-19,128.0,0.0,0.0,0.0,-1.67,0.0,2.746153760710119,0.03246170179422167,0.22611568550828828,0.0,-3.0
2018-03-20,126.0,0.0,0.0,2.1,-0.99,1.05,3.384230696603601,0.040004274067883726,0.20931464596304847,0.0,-2.0
2018-03-21,123.0,0.0,0.0,0.0,-1.43,0.0,2.876596092113061,0.03400363295770117,0.19245158197082998,0.0,-3.0
2018-03-22,121.0,0.0,0.0,2.5,0.85,1.25,3.6951066782961015,0.04367907318404039,0.1755314904214282,1.0625,-2.0
2018-03-23,119.0,0.0,0.0,0.0,1.03,0.0,3.140840676551686,0.037127212206434335,0.15855938510313478,1.2875,-2.0
2018-03-24,119.0,0.0,0.0,0.0,1.08,0.0,2.6697145750689333,0.03155813037546919,0.141540295217043,1.35,0.0
2018-03-25,119.0,0.0,0.0,0.0,3.33,0.0,2.2692573888085934,0.026824410819148808,0.12447926388678915,4.1625,0.0
2018-03-26,123.0,0.0,0.0,1.2,2.26,0.6,2.5288687804873042,0.0298932220778738,0.10738134666416309,2.8249999999999997,4.0
2018-03-27,122.0,0.0,0.0,0.0,-1.21,0.0,2.1495384634142085,0.02540923876619273,0.09025161003104117,0.0,-1.0
2018-03-28,119.0,0.0,0.0,0.0,-1.95,0.0,1.8271076939020772,0.02159785295126382,0.07309512989807777,0.0,-3.0
2018-03-29,117.0,0.0,0.0,0.2,-0.25,0.1,1.6530415398167657,0.019540253822173802,0.055916990100603484,0.0,-2.0
2018-03-30,115.0,0.0,0.0,3.1,0.4,1.55,2.955085308844251,0.0349314373596408,0.03872228089217446,0.5,-2.0
2018-03-31,115.0,0.0,0.0,0.0,1.18,0.0,2.5118225125176132,0.029691721755694678,0.021516097436222254,1.4749999999999999,0.0
2018-04-01,114.0,0.0,0.0,9.2,2.28,4.6,6.73504913563997,0.07961358891791989,0.004303538296244289,2.8499999999999996,-1.0
2018-04-02,127.0,0.0,0.0,6.9,0.89,3.45,9.174791765293975,0.10845326964941647,-0.01291029607500882,1.1125,13.0
2018-04-03,155.0,0.0,0.0,4.0,2.75,2.0,9.798573000499879,0.11582685547399506,-0.030120304846908114,3.4375,28.0
2018-04-04,178.0,0.0,0.0,0.5,10.25,0.25,8.578787050424896,0.10140802418689468,-0.04732138832243185,12.8125,23.0
2018-04-05,197.0,0.0,0.0,0.0,9.22,0.0,7.291968992861162,0.08619682055886048,-0.06450844944931623,11.525,19.0
2018-04-06,196.0,0.0,0.0,0.0,3.67,0.0,6.198173643931987,0.0732672974750314,-0.08167639533042241,4.5875,-1.0
2018-04-07,179.0,0.0,0.0,0.0,6.13,0.0,5.268447597342189,0.062277202853776685,-0.09882013873287143,7.6625,-17.0
2018-04-08,165.0,0.0,0.0,0.0,13.2,0.0,4.47818045774086,0.05293562242571018,-0.11593459959550041,16.5,-14.0
2018-04-09,157.0,0.0,0.0,5.2,13.21,2.6,6.406453389079731,0.07572932821544202,-0.1330147065341959,16.512500000000003,-8.0
2018-04-10,160.0,0.0,0.0,0.0,7.62,0.0,5.445485380717772,0.06436992898312571,-0.1500553983446526,9.525,3.0
2018-04-11,161.0,0.0,0.0,0.0,6.7,0.0,4.6286625736101055,0.05471443963565686,-0.16705162550211924,8.375,1.0
2018-04-12,151.0,0.0,0.0,0.0,9.09,0.0,3.9343631875685894,0.046507273690308326,-0.18399835165768005,11.3625,-10.0
2018-04-13,143.0,0.0,0.0,0.0,11.87,0.0,3.344208709433301,0.03953118263676208,-0.20089055513063506,14.837499999999999,-8.0
2018-04-14,138.0,0.0,0.0,1.4,13.45,0.7,3.5425774030183055,0.04187605693644463,-0.21772323039653177,16.8125,-5.0
2018-04-15,133.0,0.0,0.0,0.0,13.18,0.0,3.0111907925655594,0.03559464839597793,-0.23449138957040985,16.475,-5.0
2018-04-16,132.0,0.0,0.0,0.9,14.25,0.45,3.0095121736807258,0.03557480579777923,-0.25119006388481935,17.8125,-1.0
2018-04-17,135.0,0.0,0.0,6.4,9.63,3.2,5.758085347628617,0.06806510696329804,-0.2678143051621742,12.037500000000001,3.0
2018-04-18,148.0,0.0,0.0,0.0,7.65,0.0,4.894372545484324,0.05785534091880332,-0.2843591872810034,9.5625,13.0
2018-04-19,150.0,0.0,0.0,0.0,9.13,0.0,4.160216663661675,0.04917703978098282,-0.30081980763566735,11.412500000000001,2.0
2018-04-20,142.0,0.0,0.0,0.0,10.63,0.0,3.5361841641124236,0.041800483813835394,-0.3171912885891061,13.287500000000001,-8.0
2018-04-21,137.0,0.0,0.0,0.0,9.93,0.0,3.00575653949556,0.03553041124176009,-0.3334687789181868,12.4125,-5.0
2018-04-22,133.0,0.0,0.0,0.0,8.19,0.0,2.554893058571226,0.03020084955549607,-0.3496474552512284,10.237499999999999,-4.0
2018-04-23,129.0,0.0,0.0,0.6,9.57,0.3,2.471659099785542,0.029216958562970317,-0.36572252349726897,11.9625,-4.0
2018-04-24,126.0,0.0,0.0,4.7,7.62,2.35,4.4509102348177105,0.052613266898114255,-0.3816892202666588,9.525,-3.0
2018-04-25,120.0,0.0,0.0,8.1,7.07,4.05,7.833273699595054,0.092595468814179,-0.39754281428255595,8.8375,-6.0
2018-04-26,120.0,0.0,0.0,0.0,6.28,0.0,6.658282644655796,0.07870614849205215,-0.4132786077829042,7.8500000000000005,0.0
2018-04-27,122.0,0.0,0.0,0.0,6.97,0.0,5.659540247957427,0.06690022621824433,-0.4288919379124835,8.7125,2.0
2018-04-28,121.0,0.0,0.0,0.0,10.11,0.0,4.810609210763813,0.05686519228550768,-0.4443781781046132,12.6375,-1.0
2018-04-29,119.0,0.0,0.0,0.0,11.47,0.0,4.089017829149241,0.04833541344268153,-0.45973273945210397,14.3375,-2.0
2018-04-30,119.0,0.0,0.0,14.2,16.1,7.1,10.575665154776853,0.12501269719184752,-0.47495107206704995,20.125,0.0
2018-05-01,129.0,0.0,0.0,2.1,13.76,1.05,10.039315381560327,0.11867262015586572,-0.49002866642905923,17.2,10.0
2018-05-02,145.0,0.0,0.0,0.0,9.15,0.0,8.533418074326278,0.10087172713248586,-0.5049610547215204,11.4375,16.0
2018-05-03,135.0,0.0,0.0,0.0,13.22,0.0,7.253405363177336,0.08574096806261298,-0.5197438121555155,16.525000000000002,-10.0
2018-05-04,129.0,0.0,0.0,0.0,9.27,0.0,6.1653945587007355,0.07287982285322103,-0.5343725582809787,11.587499999999999,-6.0
2018-05-05,123.0,0.0,0.0,0.0,9.35,0.0,5.240585374895625,0.06194784942523787,-0.548842958284719,11.6875,-6.0
2018-05-06,119.0,0.0,0.0,0.0,10.76,0.0,4.4544975686612815,0.052655672011452194,-0.5631507242749186,13.45,-4.0
2018-05-07,116.0,0.0,0.0,0.0,13.3,0.0,3.786322933362089,0.044757321209734365,-0.5772916165517272,16.625,-3.0
2018-05-08,109.0,0.0,0.0,0.0,17.0,0.0,3.218374493357776,0.03804372302827421,-0.5912614448635781,21.25,-7.0
2018-05-09,109.0,0.0,0.0,0.0,18.18,0.0,2.7356183193541095,0.03233716457403308,-0.6050560696488488,22.725,0.0
2018-05-10,118.0,0.0,0.0,0.0,20.43,0.0,2.325275571450993,0.02748658988792812,-0.6186714032625031,25.5375,9.0
2018-05-11,117.0,0.0,0.0,0.0,19.55,0.0,1.976484235733344,0.0233636014047389,-0.6321034111873487,24.4375,-1.0
2018-05-12,108.0,0.0,0.0,0.0,17.48,0.0,1.6800116003733425,0.019859061194028065,-0.6453481132295501,21.85,-9.0
2018-05-13,102.0,0.0,0.0,0.0,20.0,0.0,1.428009860317341,0.016880202014923854,-0.6584015846980488,25.0,-6.0
2018-05-14,111.0,0.0,0.0,0.0,18.53,0.0,1.2138083812697398,0.014348171712685275,-0.6712599575675313,23.1625,9.0
2018-05-15,105.0,0.0,0.0,0.0,15.92,0.0,1.0317371240792788,0.012195945955782482,-0.6839194216246106,19.9,-6.0
2018-05-16,102.0,0.0,0.0,0.0,17.2,0.0,0.876976555467387,0.010366554062415111,-0.6963762255968722,21.5,-3.0
2018-05-17,99.0,0.0,0.0,0.6,16.07,0.3,1.045430072147279,0.012357807393851502,-0.7086266782644596,20.0875,-3.0
2018-05-18,107.0,0.0,0.0,4.1,15.65,2.05,2.9386155613251868,0.0347367519635646,-0.7206671495538609,19.5625,8.0
2018-05-19,108.0,0.0,0.0,0.0,13.35,0.0,2.4978232271264087,0.02952623916902991,-0.7324940716135789,16.6875,1.0
2018-05-20,98.0,0.0,0.0,0.0,13.97,0.0,2.1231497430574473,0.025097303293675426,-0.7441039398713607,17.462500000000002,-10.0
2018-05-21,96.0,0.0,0.0,0.0,16.76,0.0,1.8046772815988301,0.02133270779962411,-0.7554933140726803,20.950000000000003,-2.0
2018-05-22,103.0,0.0,0.0,7.9,15.55,3.95,5.4839756893590055,0.06482491476686282,-0.766658819300159,19.4375,7.0
2018-05-23,100.0,0.0,0.0,0.3,14.96,0.15,4.811379335955155,0.05687429577223273,-0.777597146973627,18.700000000000003,-3.0
2018-05-24,96.0,0.0,0.0,0.0,17.51,0.0,4.089672435561882,0.048343151406397826,-0.7883050558305255,21.887500000000003,-4.0
2018-05-25,102.0,0.0,0.0,0.0,19.96,0.0,3.4762215702275996,0.04109167869543815,-0.7987793728863649,24.950000000000003,6.0
2018-05-26,100.0,0.0,0.0,9.6,18.18,4.8,7.754788334693459,0.09166770994390094,-0.8090169943749473,22.725,-2.0
2018-05-27,95.0,0.0,0.0,0.0,19.95,0.0,6.59157008448944,0.07791755345231581,-0.8190148866680801,24.9375,-5.0
2018-05-28,101.0,0.0,0.0,0.0,21.7,0.0,5.602834571816024,0.06622992043446845,-0.8287700871745037,27.125,6.0
2018-05-29,99.0,0.0,0.0,0.0,22.79,0.0,4.762409386043621,0.056295432369298175,-0.8382797052177743,28.487499999999997,-2.0
2018-05-30,100.0,0.0,0.0,0.0,22.83,0.0,4.0480479781370775,0.047851117513903446,-0.8475409228928311,28.537499999999998,1.0
2018-05-31,100.0,0.0,0.0,0.0,19.53,0.0,3.4408407814165156,0.040673449886817925,-0.8565509959010036,24.4125,0.0
2018-06-01,100.0,0.0,0.0,0.0,19.61,0.0,2.9247146642040383,0.034572432403795234,-0.865307254363206,24.5125,0.0
2018-06-02,100.0,0.0,0.0,0.0,19.82,0.0,2.4860074645734325,0.02938656754322595,-0.8738071036110808,24.775,0.0
2018-06-03,99.0,0.0,0.0,0.0,18.54,0.0,2.1131063448874174,0.024978582411742056,-0.8820480249558537,23.174999999999997,-1.0
2018-06-04,98.0,0.0,0.0,0.0,17.37,0.0,1.7961403931543047,0.021231795049980746,-0.8900275764346767,21.712500000000002,-1.0
2018-06-05,97.0,0.0,0.0,0.0,10.13,0.0,1.526719334181159,0.018047025792483632,-0.8977433935342337,12.662500000000001,-1.0
2018-06-06,97.0,0.0,0.0,0.0,10.43,0.0,1.297711434053985,0.015339971923611088,-0.9051931898913974,13.0375,0.0
2018-06-07,95.0,0.0,0.0,0.0,14.35,0.0,1.1030547189458872,0.013038976135069423,-0.9123747579707273,17.9375,-2.0
2018-06-08,94.0,0.0,0.0,0.0,17.54,0.0,0.9375965111040041,0.01108312971480901,-0.9192859697186104,21.924999999999997,-1.0
2018-06-09,93.0,0.0,0.0,0.0,17.94,0.0,0.7969570344384035,0.009420660257587659,-0.9259247771938498,22.425,-1.0
2018-06-10,91.0,0.0,0.0,0.0,20.5,0.0,0.677413479272643,0.00800756121894951,-0.9322892131745133,25.625,-2.0
2018-06-11,91.0,0.0,0.0,1.7,17.34,0.85,1.4258014573817466,0.01685409695170328,-0.9383773917408641,21.675,0.0
2018-06-12,95.0,0.0,0.0,0.0,15.37,0.0,1.2119312387744845,0.014325982408947788,-0.9441875088341993,19.2125,4.0
2018-06-13,97.0,0.0,0.0,0.0,15.81,0.0,1.0301415529583118,0.01217708504760562,-0.9497178427914316,19.7625,2.0
2018-06-14,98.0,0.0,0.0,0.0,16.8,0.0,0.875620320014565,0.010350522290464776,-0.9549667548552551,21.0,1.0
2018-06-15,98.0,0.0,0.0,0.0,15.85,0.0,0.7442772720123803,0.00879794394689506,-0.9599326896597447,19.8125,0.0
2018-06-16,98.0,0.0,0.0,0.0,17.16,0.0,0.6326356812105232,0.0074782523548608,-0.9646141756912435,21.45,0.0
2018-06-17,97.0,0.0,0.0,0.0,18.31,0.0,0.5377403290289446,0.0063565145016316795,-0.9690098257244062,22.8875,-1.0
2018-06-18,96.0,0.0,0.0,0.0,17.31,0.0,0.45707927967460293,0.005403037326386927,-0.9731183372332619,21.6375,-1.0
2018-06-19,95.0,0.0,0.0,0.4,17.05,0.2,0.5885173877234124,0.006956739354627994,-0.9769384927771817,21.3125,-1.0
2018-06-20,94.0,0.0,0.0,0.0,16.38,0.0,0.5002397795649005,0.0059132284514337935,-0.980469160361632,20.474999999999998,-1.0
2018-06-21,93.0,0.0,0.0,5.3,18.62,2.65,3.0752038126301655,0.03635133274410687,-0.9837092937736097,23.275000000000002,-1.0
2018-06-22,93.0,0.0,0.0,5.0,13.78,2.5,5.113923240735641,0.06045060317247966,-0.986657932891657,17.224999999999998,0.0
2018-06-23,96.0,0.0,0.0,12.5,12.42,6.25,10.596834754625295,0.12526293854657974,-0.9893142039703663,15.525,3.0
2018-06-24,97.0,0.0,0.0,5.4,12.32,2.7,11.7073095414315,0.1383896257317807,-0.99167731989929,15.4,1.0
2018-06-25,99.0,0.0,0.0,5.2,12.14,2.6,12.551213110216773,0.14836523102560195,-0.993746580436178,15.175,2.0
2018-06-26,100.0,0.0,0.0,0.0,14.95,0.0,10.668531143684257,0.12611044637176166,-0.9955213724144752,18.6875,1.0
2018-06-27,100.0,0.0,0.0,0.0,19.67,0.0,9.06825147213162,0.10719387941599741,-0.9970011699250151,24.587500000000002,0.0
2018-06-28,99.0,0.0,0.0,0.0,21.15,0.0,7.708013751311876,0.0911147975035978,-0.9981855344718586,26.4375,-1.0
2018-06-29,97.0,0.0,0.0,0.0,15.69,0.0,6.5518116886150946,0.07744757787805813,-0.99907411510223,19.6125,-2.0
2018-06-30,96.0,0.0,0.0,0.0,14.01,0.0,5.56903993532283,0.0658304411963494,-0.9996666485105112,17.5125,-1.0
2018-07-01,95.0,0.0,0.0,0.0,13.16,0.0,4.7336839450244055,0.05595587501689699,-0.9999629591162655,16.45,-1.0
2018-07-02,95.0,0.0,0.0,3.3,11.99,1.65,5.6736313532707445,0.06706679418875507,-0.9999629591162655,14.9875,0.0
2018-07-03,96.0,0.0,0.0,0.7,13.11,0.35,5.172586650280133,0.06114405090804024,-0.9996666485105112,16.3875,1.0
2018-07-04,98.0,0.0,0.0,0.0,17.22,0.0,4.396698652738113,0.0519724432718342,-0.99907411510223,21.525,2.0
2018-07-05,99.0,0.0,0.0,0.0,15.75,0.0,3.737193854827396,0.044176576781059074,-0.9981855344718586,19.6875,1.0
2018-07-06,99.0,0.0,0.0,0.0,15.3,0.0,3.1766147766032864,0.03755009026390021,-0.9970011699250151,19.125,0.0
2018-07-07,99.0,0.0,0.0,0.0,17.67,0.0,2.7001225601127934,0.03191757672431517,-0.9955213724144752,22.087500000000002,0.0
2018-07-08,97.0,0.0,0.0,0.0,17.15,0.0,2.295104176095874,0.0271299402156679,-0.9937465804361781,21.4375,-2.0
2018-07-09,95.0,0.0,0.0,0.0,17.35,0.0,1.950838549681493,0.023060449183317712,-0.99167731989929,21.6875,-2.0
2018-07-10,94.0,0.0,0.0,0.0,19.29,0.0,1.658212767229269,0.019601381805820054,-0.9893142039703664,24.112499999999997,-1.0
2018-07-11,93.0,0.0,0.0,0.0,20.8,0.0,1.4094808521448787,0.01666117453494705,-0.9866579328916572,26.0,-1.0
2018-07-12,97.0,0.0,0.0,18.2,19.24,9.1,10.298058724323147,0.12173117039226428,-0.9837092937736098,24.049999999999997,4.0
2018-07-13,109.0,0.0,0.0,2.7,17.79,1.35,10.103349915674674,0.11942955881701858,-0.9804691603616321,22.237499999999997,12.0
2018-07-14,104.0,0.0,0.0,1.4,19.18,0.7,9.287847428323472,0.10978967668966266,-0.9769384927771817,23.975,-5.0
2018-07-15,102.0,0.0,0.0,0.0,22.37,0.0,7.894670314074951,0.09332122518621326,-0.973118337233262,27.962500000000002,-2.0
2018-07-16,101.0,0.0,0.0,1.0,21.93,0.5,7.2104697669637074,0.08523343547627903,-0.9690098257244063,27.4125,-1.0
2018-07-17,100.0,0.0,0.0,0.0,23.55,0.0,6.1288993019191516,0.07244842015483717,-0.9646141756912435,29.4375,-1.0
2018-07-18,97.0,0.0,0.0,0.0,25.06,0.0,5.209564406631278,0.06158115713161159,-0.9599326896597445,31.325,-3.0
2018-07-19,96.0,0.0,0.0,0.0,23.7,0.0,4.4281297456365865,0.05234398356186985,-0.9549667548552553,29.625,-1.0
2018-07-20,95.0,0.0,0.0,0.0,22.31,0.0,3.7639102837910983,0.04449238602758937,-0.9497178427914317,27.8875,-1.0
2018-07-21,94.0,0.0,0.0,0.0,21.58,0.0,3.1993237412224333,0.03781852812345096,-0.9441875088341994,26.974999999999998,-1.0
2018-07-22,93.0,0.0,0.0,0.0,21.78,0.0,2.7194251800390683,0.03214574890493332,-0.9383773917408642,27.225,-1.0
2018-07-23,92.0,0.0,0.0,0.0,21.28,0.0,2.311511403033208,0.02732388656919332,-0.9322892131745134,26.6,-1.0
2018-07-24,92.0,0.0,0.0,0.0,21.78,0.0,1.9647846925782269,0.023225303583814323,-0.9259247771938499,27.225,0.0
2018-07-25,93.0,0.0,0.0,0.0,23.47,0.0,1.6700669886914927,0.01974150804624217,-0.9192859697186105,29.3375,1.0
2018-07-26,94.0,0.0,0.0,0.0,23.57,0.0,1.4195569403877688,0.016780281839305848,-0.9123747579707274,29.4625,1.0
2018-07-27,93.0,0.0,0.0,0.0,24.29,0.0,1.2066233993296034,0.014263239563409968,-0.9051931898913975,30.362499999999997,-1.0
2018-07-28,92.0,0.0,0.0,10.6,23.16,5.3,6.325629889430163,0.07477393074967476,-0.8977433935342336,28.95,-1.0
2018-07-29,93.0,0.0,0.0,23.0,23.2,11.5,16.87678540601564,0.19949690470117212,-0.8900275764346766,29.0,1.0
2018-07-30,117.0,0.0,0.0,0.3,22.41,0.15,14.495267595113292,0.17134548721639561,-0.8820480249558535,28.0125,24.0
2018-07-31,104.0,0.0,0.0,0.0,24.34,0.0,12.320977455846299,0.14564366413393628,-0.8738071036110807,30.425,-13.0
2018-08-01,98.0,0.0,0.0,0.0,24.6,0.0,10.472830837469353,0.12379711451384581,-0.8653072543632061,30.75,-6.0
2018-08-02,97.0,0.0,0.0,0.0,24.54,0.0,8.90190621184895,0.10522754733676894,-0.8565509959010037,30.674999999999997,-1.0
2018-08-03,94.0,0.0,0.0,0.0,22.86,0.0,7.566620280071607,0.0894434152362536,-0.8475409228928312,28.575,-3.0
2018-08-04,92.0,0.0,0.0,0.0,21.92,0.0,6.431627238060866,0.07602690295081556,-0.8382797052177745,27.400000000000002,-2.0
2018-08-05,91.0,0.0,0.0,0.8,20.87,0.4,5.866883152351736,0.06935118276259145,-0.828770087174504,26.087500000000002,-1.0
2018-08-06,89.0,0.0,0.0,0.0,18.87,0.0,4.986850679498976,0.05894850534820272,-0.8190148866680802,23.587500000000002,-2.0
2018-08-07,90.0,0.0,0.0,0.0,19.9,0.0,4.238823077574129,0.05010622954597231,-0.8090169943749472,24.875,1.0
2018-08-08,90.0,0.0,0.0,0.0,23.3,0.0,3.60299961593801,0.04259029511407647,-0.7987793728863648,29.125,0.0
2018-08-09,90.0,0.0,0.0,0.0,25.71,0.0,3.0625496735473083,0.036201750846964996,-0.7883050558305253,32.1375,0.0
2018-08-10,89.0,0.0,0.0,9.3,22.83,4.65,7.253167222515213,0.08573815305229945,-0.7775971469736268,28.537499999999998,-1.0
2018-08-11,90.0,0.0,0.0,2.2,16.97,1.1,7.26519213913793,0.0858802970440496,-0.7666588193001592,21.2125,1.0
2018-08-12,93.0,0.0,0.0,18.7,16.25,9.35,15.52541331826724,0.18352262155900034,-0.7554933140726804,20.3125,3.0
2018-08-13,94.0,0.0,0.0,2.4,16.11,1.2,14.396601320527154,0.1701791740883449,-0.7441039398713608,20.1375,1.0
2018-08-14,93.0,0.0,0.0,6.5,16.44,3.25,15.48711112244808,0.18306985941707862,-0.7324940716135792,20.55,-1.0
2018-08-15,95.0,0.0,0.0,3.9,18.4,1.95,15.114044454080867,0.1786599173697081,-0.7206671495538615,23.0,2.0
2018-08-16,94.0,0.0,0.0,0.0,17.8,0.0,12.846937785968736,0.15186092976425186,-0.7086266782644601,22.25,-1.0
2018-08-17,92.0,0.0,0.0,0.0,19.5,0.0,10.919897118073425,0.12908179029961409,-0.6963762255968726,24.375,-2.0
2018-08-18,91.0,0.0,0.0,0.0,18.38,0.0,9.281912550362412,0.10971952175467198,-0.6839194216246105,22.974999999999998,-1.0
2018-08-19,90.0,0.0,0.0,0.0,18.0,0.0,7.889625667808049,0.09326159349147117,-0.6712599575675315,22.5,-1.0
2018-08-20,90.0,0.0,0.0,0.0,19.27,0.0,6.706181817636842,0.0792723544677505,-0.6584015846980489,24.0875,0.0
2018-08-21,88.0,0.0,0.0,0.0,15.7,0.0,5.700254544991315,0.06738150129758792,-0.64534811322955,19.625,-2.0
2018-08-22,88.0,0.0,0.0,0.0,14.38,0.0,4.845216363242618,0.05727427610294973,-0.6321034111873488,17.975,0.0
2018-08-23,88.0,0.0,0.0,0.0,18.88,0.0,4.118433908756225,0.04868313468750727,-0.6186714032625032,23.599999999999998,0.0
2018-08-24,87.0,0.0,0.0,8.9,20.04,4.45,7.9506688224427915,0.09398317168956127,-0.6050560696488494,25.049999999999997,-1.0
2018-08-25,87.0,0.0,0.0,0.2,15.56,0.1,6.8580684990763725,0.08106777474972664,-0.5912614448635782,19.45,0.0
2018-08-26,88.0,0.0,0.0,1.6,13.95,0.8,6.629358224214917,0.07836423904606406,-0.5772916165517278,17.4375,1.0
2018-08-27,90.0,0.0,0.0,0.0,14.49,0.0,5.634954490582679,0.06660960318915445,-0.5631507242749187,18.1125,2.0
2018-08-28,90.0,0.0,0.0,2.5,14.87,1.25,6.039711316995277,0.07139414788077568,-0.5488429582847199,18.5875,0.0
2018-08-29,90.0,0.0,0.0,0.0,14.68,0.0,5.133754619445985,0.06068502569865933,-0.5343725582809785,18.35,0.0
2018-08-30,90.0,0.0,0.0,0.0,16.39,0.0,4.363691426529087,0.051582271843860425,-0.5197438121555157,20.4875,0.0
2018-08-31,91.0,0.0,0.0,11.5,16.08,5.75,9.459137712549724,0.11181446284925564,-0.5049610547215202,20.099999999999998,1.0
2018-09-01,92.0,0.0,0.0,0.0,16.26,0.0,8.040267055667265,0.09504229342186729,-0.4900286664290594,20.325000000000003,1.0
2018-09-02,93.0,0.0,0.0,0.0,16.35,0.0,6.834226997317175,0.08078594940858719,-0.4749510720670502,20.4375,1.0
2018-09-03,91.0,0.0,0.0,0.0,17.18,0.0,5.8090929477195985,0.06866805699729911,-0.4597327394521046,21.475,-2.0
2018-09-04,91.0,0.0,0.0,0.0,18.04,0.0,4.937729005561659,0.05836784844770425,-0.44437817810461344,22.549999999999997,0.0
2018-09-05,90.0,0.0,0.0,0.0,16.6,0.0,4.19706965472741,0.04961267118054861,-0.4288919379124841,20.75,-1.0
2018-09-06,90.0,0.0,0.0,0.0,18.35,0.0,3.5675092065182983,0.042170770503466314,-0.41327860778290443,22.9375,0.0
2018-09-07,91.0,0.0,0.0,0.0,19.25,0.0,3.0323828255405534,0.03584515492794637,-0.3975428142825566,24.0625,1.0
2018-09-08,89.0,0.0,0.0,0.0,17.58,0.0,2.57752540170947,0.03046838168875441,-0.3816892202666586,21.974999999999998,-2.0
2018-09-09,89.0,0.0,0.0,0.0,14.57,0.0,2.1908965914530496,0.025898124435441247,-0.3657225234972692,18.2125,0.0
2018-09-10,89.0,0.0,0.0,0.0,14.09,0.0,1.862262102735092,0.02201340577012506,-0.34964745525122826,17.6125,0.0
2018-09-11,89.0,0.0,0.0,7.6,16.54,3.8,5.382922787324828,0.0636303898213893,-0.33346877891818705,20.674999999999997,0.0
2018-09-12,89.0,0.0,0.0,2.7,16.17,1.35,5.925484369226105,0.07004389533177488,-0.31719128858910595,20.212500000000002,0.0
2018-09-13,89.0,0.0,0.0,0.0,13.23,0.0,5.0366617138421885,0.05953731103200864,-0.300819807635668,16.5375,0.0
2018-09-14,90.0,0.0,0.0,0.0,11.53,0.0,4.28116245676586,0.05060671437720734,-0.2843591872810036,14.4125,1.0
2018-09-15,89.0,0.0,0.0,6.6,12.71,3.3,6.93898808825098,0.08202430806941147,-0.26781430516217486,15.887500000000001,-1.0
2018-09-16,91.0,0.0,0.0,1.6,11.54,0.8,6.698139875013332,0.07917729236779616,-0.25119006388481957,14.424999999999999,2.0
2018-09-17,92.0,0.0,0.0,0.0,15.54,0.0,5.693418893761332,0.06730069851262672,-0.23449138957041052,19.424999999999997,1.0
2018-09-18,91.0,0.0,0.0,0.0,17.04,0.0,4.839406059697132,0.05720559373573272,-0.21772323039653224,21.299999999999997,-1.0
2018-09-19,90.0,0.0,0.0,0.0,16.8,0.0,4.113495150742562,0.048624754675372805,-0.20089055513063528,21.0,-1.0
2018-09-20,89.0,0.0,0.0,0.0,17.0,0.0,3.4964708781311775,0.04133104147406688,-0.18399835165767986,21.25,-1.0
2018-09-21,89.0,0.0,0.0,0.0,20.3,0.0,2.972000246411501,0.03513138525295685,-0.1670516255021195,25.375,0.0
2018-09-22,89.0,0.0,0.0,17.5,12.52,8.75,11.276200209449776,0.13329357365497418,-0.15005539834465262,15.649999999999999,0.0
2018-09-23,90.0,0.0,0.0,20.5,11.0,10.25,19.834770178032308,0.2344626160006822,-0.13301470653419636,13.75,1.0
2018-09-24,98.0,0.0,0.0,5.6,8.55,2.8,19.65955465132746,0.23239143038136734,-0.11593459959550066,10.6875,8.0
2018-09-25,92.0,0.0,0.0,1.2,6.89,0.6,17.310621453628343,0.20462518870575955,-0.09882013873287211,8.612499999999999,-6.0
2018-09-26,93.0,0.0,0.0,23.6,10.65,11.8,26.514028235584092,0.31341671040464286,-0.08167639533042288,13.3125,1.0
2018-09-27,105.0,0.0,0.0,0.5,14.07,0.25,22.78692400024648,0.2693594008779453,-0.06450844944931625,17.5875,12.0
2018-09-28,107.0,0.0,0.0,2.3,10.45,1.15,20.518885400209506,0.24254939710264836,-0.04732138832243232,13.0625,2.0
2018-09-29,102.0,0.0,0.0,1.7,8.08,0.85,18.29105259017808,0.2162146574528473,-0.03012030484690836,10.1,-5.0
2018-09-30,94.0,0.0,0.0,0.0,10.87,0.0,15.547394701651367,0.1837824588349202,-0.012910296075008843,13.587499999999999,-8.0
2018-10-01,98.0,0.0,0.0,0.0,8.86,0.0,13.215285496403661,0.15621509000968214,0.004303538296243821,11.075,4.0
2018-10-02,92.0,0.0,0.0,14.8,8.37,7.4,18.632992671943114,0.22025665871459676,0.021516097436222233,10.462499999999999,-6.0
2018-10-03,111.0,0.0,0.0,27.6,7.99,13.8,29.638043771151647,0.35034503618414553,0.03872228089217399,9.9875,19.0
2018-10-04,133.0,0.0,0.0,8.6,7.25,4.3,29.4923372054789,0.34862266974130446,0.05591699010060302,9.0625,22.0
2018-10-05,121.0,0.0,0.0,11.0,12.29,5.5,30.568486624657066,0.3613436040280842,0.07309512989807776,15.362499999999999,-12.0
2018-10-06,127.0,0.0,0.0,0.0,12.33,0.0,25.983213630958506,0.30714206342387157,0.0902516100310407,15.4125,6.0
2018-10-07,114.0,0.0,0.0,4.3,8.62,2.15,24.235731586314728,0.2864854484026812,0.10738134666416306,10.774999999999999,-13.0
2018-10-08,122.0,0.0,0.0,0.0,6.81,0.0,20.60037184836752,0.243512631142279,0.12447926388678869,8.5125,8.0
2018-10-09,112.0,0.0,0.0,0.0,10.45,0.0,17.510316071112392,0.20698573647093715,0.141540295217043,13.0625,-10.0
2018-10-10,113.0,0.0,0.0,0.0,11.5,0.0,14.883768660445533,0.1759378760002966,0.15855938510313475,14.375,1.0
2018-10-11,102.0,0.0,0.0,0.0,12.36,0.0,12.651203361378702,0.1495471946002521,0.17553149042142777,15.45,-11.0
2018-10-12,98.0,0.0,0.0,0.0,14.17,0.0,10.753522857171896,0.12711511541021428,0.19245158197082995,17.7125,-4.0
2018-10-13,99.0,0.0,0.0,0.0,13.38,0.0,9.140494428596112,0.10804784809868213,0.20931464596304888,16.725,1.0
2018-10-14,94.0,0.0,0.0,0.0,13.65,0.0,7.769420264306695,0.09184067088387982,0.22611568550828803,17.0625,-5.0
2018-10-15,93.0,0.0,0.0,0.0,12.91,0.0,6.60400722466069,0.07806457025129783,0.2428497220959358,16.1375,-1.0
2018-10-16,93.0,0.0,0.0,0.0,11.38,0.0,5.613406140961587,0.06635488471360315,0.25951179706979943,14.225000000000001,0.0
2018-10-17,92.0,0.0,0.0,0.0,10.6,0.0,4.771395219817348,0.05640165200656268,0.27609697309746883,13.25,-1.0
2018-10-18,92.0,0.0,0.0,0.0,11.02,0.0,4.055685936844746,0.04794140420557828,0.2926003356333479,13.774999999999999,0.0
2018-10-19,91.0,0.0,0.0,0.0,8.45,0.0,3.4473330463180343,0.040750193574741536,0.30901699437494723,10.5625,-1.0
2018-10-20,90.0,0.0,0.0,0.0,5.27,0.0,2.9302330893703292,0.03463766453853031,0.3253420847119795,6.5874999999999995,-1.0
2018-10-21,89.0,0.0,0.0,0.0,7.2,0.0,2.4906981259647796,0.02944201485775076,0.341570769167856,9.0,-1.0
2018-10-22,90.0,0.0,0.0,10.9,8.32,5.45,7.567093407070063,0.08944900797026377,0.35769823883312546,10.4,1.0
2018-10-23,102.0,0.0,0.0,29.3,7.53,14.65,21.082029396009553,0.24920620296705867,0.3737197147904692,9.4125,12.0
2018-10-24,155.0,0.0,0.0,14.3,5.29,7.15,25.069724986608122,0.2963439076943679,0.38963044953078774,6.6125,53.0
2018-10-25,185.0,0.0,0.0,5.1,4.33,2.55,23.859266238616904,0.2820353312870013,0.4054257283599973,5.4125,30.0
2018-10-26,171.0,0.0,0.0,4.1,5.02,2.05,22.33037630282437,0.26396264727274193,0.42110087079608916,6.2749999999999995,-14.0
2018-10-27,172.0,0.0,0.0,11.4,7.0,5.7,24.680819857400714,0.29174674255700517,0.4366512319560638,8.75,1.0
2018-10-28,191.0,0.0,0.0,0.0,2.6,0.0,20.978696878790608,0.2479847311734544,0.45207220393230374,3.25,19.0
2018-10-29,179.0,0.0,0.0,0.9,1.26,0.45,18.281892346972015,0.2161063761586342,0.46735921715800205,1.575,-12.0
2018-10-30,156.0,0.0,0.0,0.0,9.31,0.0,15.539608494926211,0.18369041973483907,0.48250774176121763,11.637500000000001,-23.0
2018-10-31,140.0,0.0,0.0,0.0,9.18,0.0,13.20866722068728,0.1561368567746132,0.4975132889071803,11.475,-16.0
2018-11-01,128.0,0.0,0.0,0.0,8.64,0.0,11.227367137584189,0.13271632825842122,0.5123714121284235,10.8,-12.0
2018-11-02,121.0,0.0,0.0,0.0,10.95,0.0,9.54326206694656,0.11280887901965805,0.5270777086423724,13.6875,-7.0
2018-11-03,111.0,0.0,0.0,0.6,6.71,0.3,8.411772756904577,0.09943378360750801,0.5416278206559811,8.3875,-10.0
2018-11-04,108.0,0.0,0.0,0.0,4.76,0.0,7.150006843368891,0.08451871606638181,0.5560174366570446,5.949999999999999,-3.0
2018-11-05,112.0,0.0,0.0,0.2,7.97,0.1,6.177505816863556,0.07302298747002409,0.5702422926917867,9.9625,4.0
2018-11-06,106.0,0.0,0.0,0.0,9.18,0.0,5.250879944334023,0.06206953934952047,0.5842981736283683,11.475,-6.0
2018-11-07,103.0,0.0,0.0,0.0,8.28,0.0,4.463247952683919,0.0527591084470924,0.5981809144059159,10.35,-3.0
2018-11-08,104.0,0.0,0.0,0.0,5.57,0.0,3.7937607597813314,0.04484524218002854,0.6118864012687242,6.9625,1.0
2018-11-09,106.0,0.0,0.0,0.0,4.47,0.0,3.2246966458141317,0.03811845585302426,0.6254105729852457,5.5874999999999995,2.0
2018-11-10,104.0,0.0,0.0,0.0,7.32,0.0,2.740992148942012,0.03240068747507062,0.6387494220515268,9.15,-2.0
2018-11-11,100.0,0.0,0.0,0.0,4.54,0.0,2.32984332660071,0.027540584353810023,0.6518989958787125,5.675,-4.0
2018-11-12,103.0,0.0,0.0,0.5,6.73,0.25,2.2303668276106032,0.026364693734737397,0.6648553979642867,8.412500000000001,3.0
2018-11-13,100.0,0.0,0.0,14.8,8.0,7.4,9.295811803469013,0.10988382188089368,0.6776147890466887,10.0,-3.0
2018-11-14,118.0,0.0,0.0,6.1,8.07,3.05,10.95144003294866,0.12945465241354598,0.690173388242972,10.0875,18.0
2018-11-15,127.0,0.0,0.0,0.0,6.78,0.0,9.308724028006361,0.11003645455151409,0.7025274741691566,8.475,9.0
2018-11-16,122.0,0.0,0.0,0.0,3.82,0.0,7.912415423805407,0.09353098636878697,0.7146733860429608,4.7749999999999995,-5.0
2018-11-17,118.0,0.0,0.0,0.0,3.28,0.0,6.725553110234595,0.07950133841346892,0.726607524768565,4.1,-4.0
2018-11-18,122.0,0.0,0.0,0.8,4.69,0.4,6.116720143699406,0.07230445290584679,0.7383263540031063,5.862500000000001,4.0
2018-11-19,117.0,0.0,0.0,0.0,2.42,0.0,5.199212122144495,0.06145878496996977,0.749826401204568,3.025,-5.0
2018-11-20,107.0,0.0,0.0,0.0,-0.68,0.0,4.419330303822821,0.052239967224474305,0.7611042586607742,0.0,-10.0
2018-11-21,106.0,0.0,0.0,0.0,-2.34,0.0,3.7564307582493974,0.04440397214080316,0.7721565844991641,0.0,-1.0
2018-11-22,107.0,0.0,0.0,0.0,-2.9,0.0,3.192966144511988,0.037743376319682685,0.7829801036770625,0.0,1.0
2018-11-23,102.0,0.0,0.0,0.0,-2.84,0.0,2.7140212228351897,0.032081869871730284,0.7935716089521472,0.0,-5.0
2018-11-24,108.0,0.0,0.0,2.6,-0.83,1.3,3.606918039409911,0.04263661396776492,0.8039279618328208,0.0,6.0
2018-11-25,99.0,0.0,0.0,0.0,-0.33,0.0,3.0658803334984244,0.03624112187260018,0.8140460935082175,0.0,-9.0
2018-11-26,98.0,0.0,0.0,0.0,-1.41,0.0,2.6059982834736606,0.030804953591710156,0.8239230057575536,0.0,-1.0
2018-11-27,105.0,0.0,0.0,0.8,-1.36,0.4,2.6150985409526113,0.03091252580735184,0.8335557718385695,0.0,7.0
2018-11-28,94.0,0.0,0.0,0.0,-5.14,0.0,2.2228337598097196,0.026275646936249064,0.8429415373547832,0.0,-11.0
2018-11-29,91.0,0.0,0.0,0.0,-4.85,0.0,1.8894086958382617,0.022334299895811704,0.8520775211013093,0.0,-3.0
2018-11-30,122.0,0.0,0.0,0.0,-4.26,0.0,1.6059973914625223,0.018984154911439947,0.8609610158889945,0.0,31.0
2018-12-01,128.0,0.0,0.0,0.0,-7.86,0.0,1.3650977827431439,0.016136531674723953,0.8695893893466109,0.0,6.0
2018-12-02,105.0,0.0,0.0,0.0,-3.7,0.0,1.1603331153316723,0.013716051923515361,0.8779600847008883,0.0,-23.0
2018-12-03,102.0,0.0,0.0,8.4,1.11,4.2,5.186283148031921,0.061305954306169266,0.8860706215341377,1.3875000000000002,-3.0
2018-12-04,109.0,0.0,0.0,4.0,5.12,2.0,6.408340675827133,0.07575163743223493,0.893918596519257,6.4,7.0
2018-12-05,103.0,0.0,0.0,0.5,1.89,0.25,5.697089574453063,0.06734408885139857,0.9015016841318838,2.3625,-6.0
2018-12-06,109.0,0.0,0.0,4.2,-0.31,2.1,6.942526138285103,0.08206613060927939,0.9088176373395028,0.0,6.0
2018-12-07,106.0,0.0,0.0,9.4,0.56,4.7,10.601147217542337,0.12531391525706645,0.9158642882672868,0.7000000000000001,-3.0
2018-12-08,125.0,0.0,0.0,10.7,4.45,5.35,14.360975134910985,0.16975804449608253,0.9226395488404875,5.5625,19.0
2018-12-09,165.0,0.0,0.0,6.4,4.0,3.2,15.406828864674338,0.18212085985685586,0.9291414114031743,5.0,40.0
2018-12-10,177.0,0.0,0.0,4.4,2.64,2.2,15.295804534973186,0.1808084647775176,0.935367949313148,3.3000000000000003,12.0
2018-12-11,167.0,0.0,0.0,0.2,0.04,0.1,13.101433854727208,0.1548692738744895,0.941317317512847,0.05,-10.0
2018-12-12,150.0,0.0,0.0,0.0,0.25,0.0,11.136218776518128,0.1316388827933161,0.946987753076075,0.3125,-17.0
2018-12-13,138.0,0.0,0.0,0.0,-0.83,0.0,9.465785960040408,0.11189305037431868,0.9523775757303973,0.0,-12.0
2018-12-14,129.0,0.0,0.0,0.0,-0.46,0.0,8.045918066034346,0.09510909281817087,0.9574851883550389,0.0,-9.0
2018-12-15,123.0,0.0,0.0,0.0,-0.85,0.0,6.839030356129194,0.08084272889544523,0.9623090774541487,0.0,-6.0
2018-12-16,114.0,0.0,0.0,5.3,-1.34,2.65,8.463175802709815,0.1000414081215166,0.9668478136052773,0.0,-9.0
2018-12-17,120.0,0.0,0.0,0.0,-2.12,0.0,7.193699432303342,0.0850351969032891,0.9711000518829505,0.0,6.0
2018-12-18,116.0,0.0,0.0,0.0,-1.9,0.0,6.11464451745784,0.07227991736779574,0.9750645322571945,0.0,-4.0
2018-12-19,106.0,0.0,0.0,0.0,-2.82,0.0,5.197447839839164,0.06143792976262637,0.9787400799669153,0.0,-10.0
2018-12-20,111.0,0.0,0.0,1.4,-4.46,0.7,5.117830663863289,0.06049679199342928,0.9821256058680006,0.0,5.0
2018-12-21,107.0,0.0,0.0,3.5,-4.58,1.75,6.100156064283796,0.07210865243240706,0.9852201067560606,0.0,-4.0
2018-12-22,103.0,0.0,0.0,2.4,-1.25,1.2,6.385132654641227,0.07547730033074064,0.9880226656636976,0.0,-4.0
2018-12-23,113.0,0.0,0.0,1.0,-0.84,0.5,5.927362756445043,0.0700660993491273,0.9905324521322227,0.0,10.0
2018-12-24,106.0,0.0,0.0,0.0,-2.47,0.0,5.038258342978287,0.05955618444675821,0.9927487224577402,0.0,-7.0
2018-12-25,108.0,0.0,0.0,0.7,0.02,0.35,4.632519591531543,0.05476003262734291,0.9946708199115211,0.025,2.0
2018-12-26,104.0,0.0,0.0,0.0,2.71,0.0,3.9376416528018114,0.04654602773324147,0.9962981749346077,3.3875,-4.0
2018-12-27,111.0,0.0,0.0,2.9,2.66,1.45,4.79699540488154,0.056704266370448765,0.9976303053065857,3.325,7.0
2018-12-28,129.0,0.0,0.0,1.9,3.1,0.95,5.027446094149309,0.0594283751440772,0.9986668162884759,3.875,18.0
2018-12-29,153.0,0.0,0.0,2.1,2.93,1.05,5.323329180026913,0.06292594641526092,0.9994074007397048,3.6625,24.0
2018-12-30,169.0,0.0,0.0,9.1,3.12,4.55,9.074829803022876,0.10727164047175143,0.9998518392091162,3.9000000000000004,16.0
2018-12-31,184.0,0.0,0.0,0.4,0.0,0.2,7.913605332569444,0.09354505202818782,1.0,0.0,15.0
2019-01-01,212.0,0.0,0.0,11.9,4.48,5.95,12.676564532684027,0.14984698363313304,0.9998518392091162,5.6000000000000005,28.0
2019-01-02,267.0,0.0,0.0,0.7,-0.06,0.35,11.125079852781422,0.13150721193576148,0.9994074007397048,0.0,55.0
2019-01-03,244.0,0.0,0.0,0.0,-3.3,0.0,9.456317874864208,0.11178113014539726,0.998666816288476,0.0,-23.0
2019-01-04,184.0,0.0,0.0,7.3,-1.18,3.65,11.687870193634577,0.13815983731997133,0.9976303053065857,0.0,-60.0
2019-01-05,169.0,0.0,0.0,1.7,-0.4,0.85,10.78468966458939,0.12748353163757184,0.9962981749346078,0.0,-15.0
2019-01-06,153.0,0.0,0.0,0.0,-4.8,0.0,9.166986214900982,0.10836100189193607,0.9946708199115211,0.0,-16.0
2019-01-07,134.0,0.0,0.0,3.0,-2.78,1.5,9.291938282665836,0.10983803381213895,0.9927487224577402,0.0,-19.0
2019-01-08,135.0,0.0,0.0,4.9,-2.31,2.45,10.348147540265959,0.12232325967350714,0.9905324521322229,0.0,1.0
2019-01-09,131.0,0.0,0.0,2.3,-4.0,1.15,9.945925409226065,0.11756867707887593,0.9880226656636976,0.0,-4.0
2019-01-10,123.0,0.0,0.0,1.2,-6.86,0.6,9.054036597842154,0.10702584839864183,0.9852201067560606,0.0,-8.0
2019-01-11,116.0,0.0,0.0,13.6,-3.73,6.8,14.49593110816583,0.17135333046361514,0.9821256058680006,0.0,-7.0
2019-01-12,115.0,0.0,0.0,0.5,-0.38,0.25,12.571541441940957,0.14860552792807175,0.9787400799669153,0.0,-1.0
2019-01-13,123.0,0.0,0.0,11.9,0.98,5.95,16.635810225649813,0.19664838814803437,0.9750645322571948,1.225,8.0
2019-01-14,137.0,0.0,0.0,5.0,-0.57,2.5,16.64043869180234,0.19670310026581803,0.9711000518829505,0.0,14.0
2019-01-15,140.0,0.0,0.0,3.2,-1.61,1.6,15.74437288803199,0.18611089624353816,0.9668478136052775,0.0,3.0
2019-01-16,138.0,0.0,0.0,4.8,-0.22,2.4,15.78271695482719,0.1865641533333967,0.9623090774541486,0.0,-2.0
2019-01-17,204.0,0.0,0.0,24.0,2.14,12.0,25.41530941160311,0.3004289879653335,0.9574851883550393,2.6750000000000003,66.0
2019-01-18,311.0,0.0,0.0,2.2,-2.14,1.1,22.703012999862647,0.2683675067201286,0.9523775757303974,0.0,107.0
2019-01-19,308.0,0.0,0.0,8.6,-0.18,4.3,23.59756104988325,0.27894176969689005,0.9469877530760753,0.0,-3.0
2019-01-20,244.0,0.0,0.0,7.2,-4.12,3.6,23.657926892400763,0.27965534153194044,0.9413173175128471,0.0,-64.0
2019-01-21,203.0,0.0,0.0,0.0,-5.45,0.0,20.10923785854065,0.2377070403021494,0.9353679493131483,0.0,-41.0
2019-01-22,183.0,0.0,0.0,0.0,-4.8,0.0,17.09285217975955,0.20205098425682697,0.9291414114031743,0.0,-20.0
2019-01-23,171.0,0.0,0.0,0.0,-9.39,0.0,14.528924352795617,0.1717433366183029,0.9226395488404876,0.0,-12.0
2019-01-24,155.0,0.0,0.0,0.0,-9.18,0.0,12.349585699876274,0.14598183612555746,0.9158642882672872,0.0,-16.0
2019-01-25,147.0,0.0,0.0,1.8,-7.78,0.9,11.397147844894832,0.13472327002911982,0.9088176373395029,0.0,-8.0
2019-01-26,143.0,0.0,0.0,1.1,-6.42,0.55,10.237575668160607,0.12101621299954939,0.901501684131884,0.0,-4.0
2019-01-27,135.0,0.0,0.0,2.1,-7.4,1.05,9.751939317936516,0.11527560859241229,0.893918596519257,0.0,-8.0
2019-01-28,129.0,0.0,0.0,3.4,-3.98,1.7,9.989148420246037,0.11807960713474282,0.886070621534138,0.0,-6.0
2019-01-29,127.0,0.0,0.0,9.8,-1.85,4.9,13.390776157209132,0.15828952793090947,0.8779600847008882,0.0,-2.0
2019-01-30,126.0,0.0,0.0,0.2,-4.09,0.1,11.48215973362776,0.1357281775548726,0.869589389346611,0.0,-1.0
2019-01-31,122.0,0.0,0.0,0.0,-4.98,0.0,9.759835773583596,0.11536895092164169,0.8609610158889943,0.0,-4.0
2019-02-01,121.0,0.0,0.0,3.0,-0.03,1.5,9.795860407546057,0.11579479048738874,0.8520775211013093,0.0,-1.0
2019-02-02,122.0,0.0,0.0,2.2,1.38,1.1,9.426481346414148,0.1114284388638755,0.8429415373547828,1.7249999999999999,1.0
2019-02-03,130.0,0.0,0.0,1.5,1.68,0.75,8.762509144452025,0.10357976413629082,0.8335557718385699,2.1,8.0
2019-02-04,149.0,0.0,0.0,3.9,-1.08,1.95,9.398132772784221,0.11109333638103847,0.8239230057575542,0.0,19.0
2019-02-05,152.0,0.0,0.0,2.5,-1.64,1.25,9.238412856866589,0.10920532109387711,0.8140460935082178,0.0,3.0
2019-02-06,145.0,0.0,0.0,6.4,0.79,3.2,11.0526509283366,0.13065104496498123,0.8039279618328213,0.9875,-7.0
2019-02-07,149.0,0.0,0.0,0.7,0.72,0.35,9.744753289086109,0.11519066406783246,0.7935716089521474,0.8999999999999999,4.0
2019-02-08,145.0,0.0,0.0,0.1,1.0,0.05,8.333040295723194,0.09850310386445739,0.7829801036770629,1.25,-4.0
2019-02-09,146.0,0.0,0.0,4.5,1.51,2.25,9.333084251364713,0.1103244115907787,0.7721565844991642,1.8875,1.0
2019-02-10,178.0,0.0,0.0,7.3,3.15,3.65,11.583121613660007,0.13692162654854556,0.7611042586607747,3.9375,32.0
2019-02-11,300.0,0.0,0.0,10.5,2.08,5.25,15.095653371611006,0.17844252028024024,0.7498264012045686,2.6,122.0
2019-02-12,381.0,0.0,0.0,0.0,0.7,0.0,12.831305365869355,0.15167614223820422,0.7383263540031065,0.875,81.0
2019-02-13,359.0,0.0,0.0,3.7,2.09,1.85,12.75660956098895,0.1507931789540653,0.7266075247685656,2.6125,-22.0
2019-02-14,318.0,0.0,0.0,0.2,2.35,0.1,10.943118126840607,0.12935628092455503,0.7146733860429609,2.9375,-41.0
2019-02-15,298.0,0.0,0.0,0.2,3.16,0.1,9.401650407814516,0.11113491759947135,0.702527474169157,3.95,-20.0
2019-02-16,328.0,0.0,0.0,0.0,3.95,0.0,7.991402846642338,0.09446467995955063,0.6901733882429719,4.9375,30.0
2019-02-17,342.0,0.0,0.0,0.0,4.34,0.0,6.792692419645987,0.08029497796561803,0.6776147890466889,5.425,14.0
2019-02-18,316.0,0.0,0.0,0.0,2.51,0.0,5.773788556699089,0.06825073127077533,0.6648553979642865,3.1374999999999997,-26.0
2019-02-19,286.0,0.0,0.0,2.0,3.54,1.0,5.907720273194226,0.06983390971615455,0.6518989958787126,4.425,-30.0
2019-02-20,282.0,0.0,0.0,0.3,2.26,0.15,5.171562232215092,0.0611319414791307,0.6387494220515272,2.8249999999999997,-4.0
2019-02-21,280.0,0.0,0.0,0.0,-1.42,0.0,4.395827897382828,0.0519621502572611,0.6254105729852463,0.0,-2.0
2019-02-22,227.0,0.0,0.0,0.0,-4.01,0.0,3.736453712775404,0.044167827718671934,0.6118864012687243,0.0,-53.0
2019-02-23,185.0,0.0,0.0,0.0,-0.79,0.0,3.1759856558590935,0.03754265356087114,0.5981809144059164,0.0,-42.0
2019-02-24,172.0,0.0,0.0,0.0,2.27,0.0,2.6995878074802295,0.03191125552674047,0.5842981736283683,2.8375,-13.0
2019-02-25,158.0,0.0,0.0,0.0,2.27,0.0,2.294649636358195,0.027124567197729404,0.5702422926917871,2.8375,-14.0
2019-02-26,152.0,0.0,0.0,0.0,3.67,0.0,1.9504521909044659,0.02305588211806999,0.5560174366570446,4.5875,-6.0
2019-02-27,149.0,0.0,0.0,0.0,1.18,0.0,1.657884362268796,0.019597499800359495,0.5416278206559814,1.4749999999999999,-3.0
2019-02-28,148.0,0.0,0.0,0.0,2.96,0.0,1.4092017079284767,0.01665787483030557,0.5270777086423722,3.7,-1.0
2019-03-01,149.0,0.0,0.0,0.0,-2.24,0.0,1.1978214517392052,0.014159193605759735,0.5123714121284237,0.0,1.0
2019-03-02,143.0,0.0,0.0,0.0,-1.83,0.0,1.0181482339783243,0.012035314564895774,0.49751328890718066,0.0,-6.0
2019-03-03,136.0,0.0,0.0,6.0,3.03,3.0,3.865425998881576,0.04569238178814799,0.48250774176121847,3.7874999999999996,-7.0
2019-03-04,140.0,0.0,0.0,5.9,4.82,2.95,6.235612099049339,0.07370984952111259,0.46735921715800227,6.025,4.0
2019-03-05,168.0,0.0,0.0,6.5,1.96,3.25,8.550270284191939,0.10107093353493117,0.45207220393230435,2.45,28.0
2019-03-06,214.0,0.0,0.0,0.0,-0.72,0.0,7.267729741563148,0.0859102935046915,0.43665123195606403,0.0,46.0
2019-03-07,199.0,0.0,0.0,3.4,5.01,1.7,7.877570280328675,0.09311908931018016,0.4211008707960896,6.262499999999999,-15.0
2019-03-08,189.0,0.0,0.0,6.6,4.88,3.3,9.995934738279374,0.11815982676243837,0.40542572835999735,6.1,-10.0
2019-03-09,221.0,0.0,0.0,9.3,3.57,4.65,13.146544527537468,0.15540251758045182,0.38963044953078796,4.4624999999999995,32.0
2019-03-10,285.0,0.0,0.0,3.9,2.45,1.95,13.124562848406848,0.15514267680857532,0.37371971479046906,3.0625,64.0
2019-03-11,321.0,0.0,0.0,2.4,-1.34,1.2,12.35587842114582,0.14605622105048363,0.35769823883312546,0.0,36.0
2019-03-12,277.0,0.0,0.0,0.1,-1.38,0.05,10.552496657973947,0.12473882729971088,0.3415707691678556,0.0,-44.0
2019-03-13,224.0,0.0,0.0,3.0,0.9,1.5,10.469622159277854,0.12375918540874753,0.3253420847119801,1.125,-53.0
2019-03-14,205.0,0.0,0.0,5.9,3.03,2.95,11.849178835386176,0.1400666325986222,0.30901699437494745,3.7874999999999996,-19.0
2019-03-15,217.0,0.0,0.0,3.8,3.35,1.9,11.97180201007825,0.14151613516722036,0.29260033563334836,4.1875,12.0
2019-03-16,233.0,0.0,0.0,5.9,2.76,2.95,13.126031708566511,0.1551600398933241,0.27609697309746883,3.4499999999999997,16.0
2019-03-17,240.0,0.0,0.0,6.7,4.75,3.35,14.507126952281535,0.1714856741649105,0.2595117970697999,5.9375,7.0
2019-03-18,238.0,0.0,0.0,1.8,4.14,0.9,13.231057909439304,0.1564015323625699,0.2428497220959356,5.175,-2.0
2019-03-19,225.0,0.0,0.0,3.4,1.95,1.7,12.946399223023407,0.1530366423393768,0.22611568550828828,2.4375,-13.0
2019-03-20,214.0,0.0,0.0,3.4,2.93,1.7,12.704439339569895,0.15017648581966267,0.20931464596304847,3.6625,-11.0
2019-03-21,205.0,0.0,0.0,0.3,4.43,0.15,10.94877343863441,0.12942313116711257,0.19245158197082998,5.5375,-9.0
2019-03-22,197.0,0.0,0.0,0.0,4.65,0.0,9.306457422839248,0.11000966149204569,0.1755314904214282,5.8125,-8.0
2019-03-23,181.0,0.0,0.0,0.0,3.89,0.0,7.91048880941336,0.09350821226823883,0.15855938510313478,4.8625,-16.0
2019-03-24,171.0,0.0,0.0,0.0,3.62,0.0,6.7239154880013565,0.079481980428003,0.141540295217043,4.525,-10.0
2019-03-25,161.0,0.0,0.0,0.4,2.89,0.2,5.915328164801153,0.06992384099100166,0.12447926388678915,3.6125000000000003,-10.0
2019-03-26,154.0,0.0,0.0,3.5,0.81,1.75,6.77802894008098,0.08012164408034358,0.10738134666416309,1.0125000000000002,-7.0
2019-03-27,153.0,0.0,0.0,3.7,1.65,1.85,7.611324599068833,0.08997185551988378,0.09025161003104117,2.0625,-1.0
2019-03-28,153.0,0.0,0.0,0.0,4.04,0.0,6.469625909208508,0.0764760771919012,0.07309512989807777,5.05,0.0
2019-03-29,154.0,0.0,0.0,0.0,6.05,0.0,5.499182022827232,0.06500466561311602,0.055916990100603484,7.5625,1.0
2019-03-30,150.0,0.0,0.0,0.0,6.17,0.0,4.674304719403147,0.05525396577114862,0.03872228089217446,7.7125,-4.0
2019-03-31,144.0,0.0,0.0,0.0,4.7,0.0,3.9731590114926747,0.046965870905476326,0.021516097436222254,5.875,-6.0
2019-04-01,138.0,0.0,0.0,0.0,2.4,0.0,3.377185159768773,0.03992099026965487,0.004303538296244289,3.0,-6.0
2019-04-02,133.0,0.0,0.0,0.0,5.22,0.0,2.8706073858034573,0.033932841729206645,-0.01291029607500882,6.5249999999999995,-5.0
2019-04-03,130.0,0.0,0.0,0.0,8.09,0.0,2.440016277932939,0.028842915469825647,-0.030120304846908114,10.1125,-3.0
2019-04-04,126.0,0.0,0.0,0.0,8.8,0.0,2.074013836242998,0.0245164781493518,-0.04732138832243185,11.0,-4.0
2019-04-05,125.0,0.0,0.0,0.0,9.0,0.0,1.762911760806548,0.02083900642694903,-0.06450844944931623,11.25,-1.0
2019-04-06,123.0,0.0,0.0,0.0,9.49,0.0,1.498474996685566,0.017713155462906673,-0.08167639533042241,11.8625,-2.0
2019-04-07,121.0,0.0,0.0,0.0,9.11,0.0,1.273703747182731,0.015056182143470672,-0.09882013873287143,11.3875,-2.0
2019-04-08,119.0,0.0,0.0,1.0,3.52,0.5,1.5826481851053213,0.018708148889947835,-0.11593459959550041,4.4,-2.0
2019-04-09,116.0,0.0,0.0,0.4,1.38,0.2,1.545250957339523,0.018266084183654763,-0.1330147065341959,1.7249999999999999,-3.0
2019-04-10,116.0,0.0,0.0,0.0,1.87,0.0,1.3134633137385945,0.015526171556106548,-0.1500553983446526,2.3375000000000004,0.0
2019-04-11,116.0,0.0,0.0,0.0,1.05,0.0,1.1164438166778052,0.013197245822690565,-0.16705162550211924,1.3125,0.0
2019-04-12,114.0,0.0,0.0,0.0,1.22,0.0,0.9489772441761344,0.011217658949286979,-0.18399835165768005,1.525,-2.0
2019-04-13,113.0,0.0,0.0,0.0,3.3,0.0,0.8066306575497142,0.009535010106893931,-0.20089055513063506,4.125,-1.0
2019-04-14,112.0,0.0,0.0,0.0,4.4,0.0,0.6856360589172571,0.008104758590859842,-0.21772323039653177,5.5,-1.0
2019-04-15,111.0,0.0,0.0,0.0,5.44,0.0,0.5827906500796686,0.006889044802230866,-0.23449138957040985,6.800000000000001,-1.0
2019-04-16,110.0,0.0,0.0,0.0,7.02,0.0,0.49537205256771827,0.005855688081896237,-0.25119006388481935,8.774999999999999,-1.0
2019-04-17,109.0,0.0,0.0,0.0,10.79,0.0,0.42106624468256054,0.004977334869611801,-0.2678143051621742,13.487499999999999,-1.0
2019-04-18,108.0,0.0,0.0,0.0,11.86,0.0,0.3579063079801765,0.004230734639170031,-0.2843591872810034,14.825,-1.0
2019-04-19,107.0,0.0,0.0,0.0,11.64,0.0,0.30422036178315,0.003596124443294526,-0.30081980763566735,14.55,-1.0
2019-04-20,107.0,0.0,0.0,0.0,10.5,0.0,0.2585873075156775,0.0030567057768003474,-0.3171912885891061,13.125,0.0
2019-04-21,106.0,0.0,0.0,0.0,8.46,0.0,0.21979921138832587,0.0025981999102802954,-0.3334687789181868,10.575000000000001,-1.0
2019-04-22,101.0,0.0,0.0,0.0,11.38,0.0,0.18682932968007698,0.002208469923738251,-0.3496474552512284,14.225000000000001,-5.0
2019-04-23,100.0,0.0,0.0,0.0,13.31,0.0,0.15880493022806544,0.0018771994351775134,-0.36572252349726897,16.6375,-1.0
2019-04-24,107.0,0.0,0.0,0.0,15.46,0.0,0.13498419069385562,0.0015956195199008862,-0.3816892202666588,19.325000000000003,7.0
2019-04-25,104.0,0.0,0.0,0.0,16.86,0.0,0.11473656208977727,0.0013562765919157532,-0.39754281428255595,21.075,-3.0
2019-04-26,99.0,0.0,0.0,0.0,18.54,0.0,0.09752607777631067,0.0011528351031283902,-0.4132786077829042,23.174999999999997,-5.0
2019-04-27,96.0,0.0,0.0,0.0,18.42,0.0,0.08289716610986407,0.0009799098376591317,-0.4288919379124835,23.025000000000002,-3.0
2019-04-28,99.0,0.0,0.0,0.0,15.05,0.0,0.07046259119338445,0.0008329233620102618,-0.4443781781046132,18.8125,3.0
2019-04-29,99.0,0.0,0.0,0.0,12.14,0.0,0.059893202514376784,0.0007079848577087226,-0.45973273945210397,15.175,0.0
2019-04-30,102.0,0.0,0.0,0.0,11.59,0.0,0.05090922213722027,0.0006017871290524142,-0.47495107206704995,14.4875,3.0
2019-05-01,93.0,0.0,0.0,0.6,10.58,0.3,0.3432728388166372,0.00405775550049321,-0.49002866642905923,13.225,-9.0
2019-05-02,93.0,0.0,0.0,4.3,7.01,2.15,2.4417819129941414,0.02886378666780961,-0.5049610547215204,8.7625,0.0
2019-05-03,96.0,0.0,0.0,0.0,4.75,0.0,2.07551462604502,0.024534218667638164,-0.5197438121555155,5.9375,3.0
2019-05-04,104.0,0.0,0.0,3.4,5.29,1.7,3.464187432138267,0.04094942569868484,-0.5343725582809787,6.6125,8.0
2019-05-05,103.0,0.0,0.0,0.0,5.12,0.0,2.944559317317527,0.03480701184388211,-0.548842958284719,6.4,-1.0
2019-05-06,94.0,0.0,0.0,0.0,5.97,0.0,2.502875419719898,0.029585960067299792,-0.5631507242749186,7.4624999999999995,-9.0
2019-05-07,93.0,0.0,0.0,0.0,5.27,0.0,2.127444106761913,0.025148066057204824,-0.5772916165517272,6.5874999999999995,-1.0
2019-05-08,94.0,0.0,0.0,0.0,6.82,0.0,1.808327490747626,0.021375856148624098,-0.5912614448635781,8.525,1.0
2019-05-09,95.0,0.0,0.0,0.0,11.27,0.0,1.5370783671354822,0.018169477726330485,-0.6050560696488488,14.087499999999999,1.0
2019-05-10,102.0,0.0,0.0,0.0,11.76,0.0,1.30651661206516,0.015444056067380913,-0.6186714032625031,14.7,7.0
2019-05-11,94.0,0.0,0.0,0.0,10.94,0.0,1.1105391202553858,0.013127447657273774,-0.6321034111873487,13.674999999999999,-8.0
2019-05-12,94.0,0.0,0.0,4.7,9.38,2.35,3.2939582522170783,0.0389371826282722,-0.6453481132295501,11.725000000000001,0.0
2019-05-13,96.0,0.0,0.0,8.4,7.61,4.2,6.999864514384517,0.08274391540521259,-0.6584015846980488,9.512500000000001,2.0
2019-05-14,98.0,0.0,0.0,0.0,8.42,0.0,5.949884837226839,0.0703323280944307,-0.6712599575675313,10.525,2.0
2019-05-15,100.0,0.0,0.0,0.0,12.0,0.0,5.057402111642813,0.05978247888026609,-0.6839194216246106,15.0,2.0
2019-05-16,107.0,0.0,0.0,0.0,14.96,0.0,4.298791794896391,0.05081510704822617,-0.6963762255968722,18.700000000000003,7.0
2019-05-17,94.0,0.0,0.0,0.2,15.32,0.1,3.7539730256619324,0.0443749198045918,-0.7086266782644596,19.15,-13.0
2019-05-18,94.0,0.0,0.0,21.2,16.97,10.6,13.790877071812641,0.1630190360754556,-0.7206671495538609,21.2125,0.0
2019-05-19,97.0,0.0,0.0,0.0,19.65,0.0,11.722245511040745,0.13856618066413726,-0.7324940716135789,24.5625,3.0
2019-05-20,97.0,0.0,0.0,0.0,21.23,0.0,9.963908684384633,0.11778125356451666,-0.7441039398713607,26.5375,0.0
2019-05-21,96.0,0.0,0.0,2.1,20.28,1.05,9.519322381726939,0.11252589307263448,-0.7554933140726803,25.35,-1.0
2019-05-22,95.0,0.0,0.0,1.0,18.31,0.5,8.591424024467898,0.10155740317973706,-0.766658819300159,22.8875,-1.0
2019-05-23,96.0,0.0,0.0,0.0,14.86,0.0,7.302710420797713,0.08632379270277651,-0.777597146973627,18.575,1.0
2019-05-24,95.0,0.0,0.0,0.3,13.86,0.15,6.3573038576780565,0.07514834201775937,-0.7883050558305255,17.325,-1.0
2019-05-25,94.0,0.0,0.0,0.0,11.83,0.0,5.403708279026348,0.06387609071509545,-0.7987793728863649,14.7875,-1.0
2019-05-26,92.0,0.0,0.0,1.2,10.87,0.6,5.193152037172395,0.06138714998942845,-0.8090169943749473,13.587499999999999,-2.0
2019-05-27,93.0,0.0,0.0,14.2,12.03,7.1,11.514179231596536,0.13610667325658243,-0.8190148866680801,15.0375,1.0
2019-05-28,97.0,0.0,0.0,4.5,12.18,2.25,12.037052346857056,0.142287445574085,-0.8287700871745037,15.225,4.0
2019-05-29,98.0,0.0,0.0,0.0,9.81,0.0,10.231494494828498,0.12094432873797226,-0.8382797052177743,12.262500000000001,1.0
2019-05-30,99.0,0.0,0.0,0.0,10.36,0.0,8.696770320604223,0.10280267942727642,-0.8475409228928311,12.95,1.0
2019-05-31,98.0,0.0,0.0,11.9,11.97,5.95,13.34225477251359,0.15771596692235834,-0.8565509959010036,14.9625,-1.0
2019-06-01,99.0,0.0,0.0,0.0,13.8,0.0,11.34091655663655,0.13405857188400458,-0.865307254363206,17.25,1.0
2019-06-02,99.0,0.0,0.0,0.0,12.77,0.0,9.639779073141067,0.11394978610140388,-0.8738071036110808,15.962499999999999,0.0
2019-06-03,98.0,0.0,0.0,0.0,16.93,0.0,8.193812212169908,0.09685731818619331,-0.8820480249558537,21.1625,-1.0
2019-06-04,97.0,0.0,0.0,0.0,21.32,0.0,6.964740380344422,0.08232872045826431,-0.8900275764346767,26.65,-1.0
2019-06-05,96.0,0.0,0.0,0.0,22.89,0.0,5.920029323292758,0.06997941238952467,-0.8977433935342337,28.6125,-1.0
2019-06-06,95.0,0.0,0.0,0.0,22.29,0.0,5.0320249247988444,0.05948250053109596,-0.9051931898913974,27.862499999999997,-1.0
2019-06-07,95.0,0.0,0.0,0.0,22.35,0.0,4.277221186079018,0.05056012545143157,-0.9123747579707273,27.9375,0.0
2019-06-08,96.0,0.0,0.0,5.4,20.16,2.7,6.335638008167166,0.07489223460090476,-0.9192859697186104,25.2,1.0
2019-06-09,108.0,0.0,0.0,0.0,16.55,0.0,5.385292306942091,0.06365839941076905,-0.9259247771938498,20.6875,12.0
2019-06-10,110.0,0.0,0.0,0.3,17.7,0.15,4.727498460900778,0.055882757719553026,-0.9322892131745133,22.125,2.0
2019-06-11,107.0,0.0,0.0,1.1,23.71,0.55,4.568373691765661,0.05400177753641761,-0.9383773917408641,29.637500000000003,-3.0
2019-06-12,102.0,0.0,0.0,0.0,25.75,0.0,3.8831176380008117,0.04590151090595497,-0.9441875088341993,32.1875,-5.0
2019-06-13,99.0,0.0,0.0,22.3,21.82,11.15,14.45064999230069,0.17081807198641186,-0.9497178427914316,27.275,-3.0
2019-06-14,98.0,0.0,0.0,2.1,18.59,1.05,13.333052493455586,0.15760718873124538,-0.9549667548552551,23.2375,-1.0
2019-06-15,99.0,0.0,0.0,0.0,20.09,0.0,11.333094619437247,0.13396611042155857,-0.9599326896597447,25.1125,1.0
2019-06-16,99.0,0.0,0.0,6.5,17.22,3.25,12.88313042652166,0.15228875530031022,-0.9646141756912435,21.525,0.0
2019-06-17,100.0,0.0,0.0,0.2,17.35,0.1,11.05066086254341,0.13062752081886322,-0.9690098257244062,21.6875,1.0
2019-06-18,100.0,0.0,0.0,0.0,17.9,0.0,9.393061733161899,0.11103339269603375,-0.9731183372332619,22.375,0.0
2019-06-19,99.0,0.0,0.0,0.0,21.27,0.0,7.984102473187614,0.09437838379162869,-0.9769384927771817,26.5875,-1.0
2019-06-20,98.0,0.0,0.0,0.0,23.2,0.0,6.786487102209471,0.08022162622288438,-0.980469160361632,29.0,-1.0
2019-06-21,98.0,0.0,0.0,0.0,18.98,0.0,5.7685140368780505,0.06818838228945172,-0.9837092937736097,23.725,0.0
2019-06-22,97.0,0.0,0.0,0.0,15.54,0.0,4.903236931346343,0.05796012494603396,-0.986657932891657,19.424999999999997,-1.0
2019-06-23,96.0,0.0,0.0,0.0,15.6,0.0,4.167751391644392,0.04926610620412887,-0.9893142039703663,19.5,-1.0
2019-06-24,95.0,0.0,0.0,0.0,18.63,0.0,3.542588682897733,0.04187619027350954,-0.99167731989929,23.287499999999998,-1.0
2019-06-25,94.0,0.0,0.0,0.0,20.81,0.0,3.0112003804630727,0.035594761732483104,-0.993746580436178,26.0125,-1.0
2019-06-26,94.0,0.0,0.0,0.0,22.53,0.0,2.559520323393612,0.030255547472610642,-0.9955213724144752,28.1625,0.0
2019-06-27,93.0,0.0,0.0,0.0,16.91,0.0,2.17559227488457,0.025717215351719044,-0.9970011699250151,21.1375,-1.0
2019-06-28,93.0,0.0,0.0,0.0,15.08,0.0,1.8492534336518847,0.02185963304896119,-0.9981855344718586,18.85,0.0
2019-06-29,93.0,0.0,0.0,0.0,16.1,0.0,1.571865418604102,0.01858068809161701,-0.99907411510223,20.125,0.0
2019-06-30,93.0,0.0,0.0,0.0,21.41,0.0,1.3360856058134867,0.01579358487787446,-0.9996666485105112,26.7625,0.0
2019-07-01,93.0,0.0,0.0,0.0,18.9,0.0,1.1356727649414637,0.01342454714619329,-0.9999629591162655,23.625,0.0
2019-07-02,93.0,0.0,0.0,6.5,15.19,3.25,4.215321850200244,0.04982842651624975,-0.9999629591162655,18.9875,0.0
2019-07-03,92.0,0.0,0.0,5.1,13.61,2.55,6.133023572670207,0.07249717228560087,-0.9996666485105112,17.0125,-1.0
2019-07-04,93.0,0.0,0.0,14.2,13.36,7.1,12.313070036769675,0.145550192208329,-0.99907411510223,16.7,1.0
2019-07-05,98.0,0.0,0.0,13.5,13.47,6.75,17.216109531254226,0.20350798329504946,-0.9981855344718586,16.837500000000002,5.0
2019-07-06,101.0,0.0,0.0,10.7,14.79,5.35,19.98369310156609,0.23622300232836807,-0.9970011699250151,18.487499999999997,3.0
2019-07-07,103.0,0.0,0.0,10.4,13.03,5.2,22.186139136331175,0.2622576502862896,-0.9955213724144752,16.287499999999998,2.0
2019-07-08,103.0,0.0,0.0,11.8,12.93,5.9,24.758218265881496,0.2926616527457197,-0.9937465804361781,16.1625,0.0
2019-07-09,106.0,0.0,0.0,12.3,13.78,6.15,27.19448552599927,0.32146025187023425,-0.99167731989929,17.224999999999998,3.0
2019-07-10,108.0,0.0,0.0,8.7,12.71,4.35,27.465312697099378,0.32466164248127966,-0.9893142039703664,15.887500000000001,2.0
2019-07-11,109.0,0.0,0.0,0.0,14.44,0.0,23.34551579253447,0.2759623961090877,-0.9866579328916572,18.05,1.0
2019-07-12,109.0,0.0,0.0,0.0,14.85,0.0,19.8436884236543,0.23456803669272452,-0.9837092937736098,18.5625,0.0
2019-07-13,107.0,0.0,0.0,0.9,15.46,0.45,17.317135160106155,0.20470218585001382,-0.9804691603616321,19.325000000000003,-2.0
2019-07-14,105.0,0.0,0.0,0.0,14.77,0.0,14.71956488609023,0.17399685797251174,-0.9769384927771817,18.4625,-2.0
2019-07-15,102.0,0.0,0.0,0.0,15.67,0.0,12.511630153176696,0.147897329276635,-0.973118337233262,19.5875,-3.0
2019-07-16,100.0,0.0,0.0,4.5,14.63,2.25,12.884885630200191,0.15230950319112968,-0.9690098257244063,18.2875,-2.0
2019-07-17,100.0,0.0,0.0,0.0,15.12,0.0,10.952152785670162,0.1294630777124602,-0.9646141756912435,18.9,0.0
2019-07-18,99.0,0.0,0.0,0.0,16.13,0.0,9.309329867819637,0.11004361605559117,-0.9599326896597445,20.162499999999998,-1.0
2019-07-19,100.0,0.0,0.0,0.0,16.41,0.0,7.912930387646691,0.09353707364725249,-0.9549667548552553,20.5125,1.0
2019-07-20,102.0,0.0,0.0,0.0,18.64,0.0,6.725990829499687,0.07950651260016461,-0.9497178427914317,23.3,2.0
2019-07-21,100.0,0.0,0.0,0.8,19.6,0.4,6.1170922050747345,0.07230885096453814,-0.9441875088341994,24.5,-2.0
2019-07-22,99.0,0.0,0.0,0.0,16.88,0.0,5.199528374313524,0.061462523319857416,-0.9383773917408642,21.099999999999998,-1.0
2019-07-23,98.0,0.0,0.0,0.0,17.94,0.0,4.419599118166495,0.0522431448218788,-0.9322892131745134,22.425,-1.0
2019-07-24,97.0,0.0,0.0,0.0,18.57,0.0,3.756659250441521,0.04440667309859698,-0.9259247771938499,23.2125,-1.0
2019-07-25,96.0,0.0,0.0,0.0,19.37,0.0,3.1931603628752927,0.03774567213380743,-0.9192859697186105,24.212500000000002,-1.0
2019-07-26,96.0,0.0,0.0,0.0,20.16,0.0,2.7141863084439986,0.03208382131373631,-0.9123747579707274,25.2,0.0
2019-07-27,96.0,0.0,0.0,0.0,20.68,0.0,2.307058362177399,0.02727124811667587,-0.9051931898913975,25.85,0.0
2019-07-28,95.0,0.0,0.0,0.0,22.68,0.0,1.960999607850789,0.023180560899174488,-0.8977433935342336,28.35,-1.0
2019-07-29,94.0,0.0,0.0,0.0,24.3,0.0,1.6668496666731707,0.019703476764298313,-0.8900275764346766,30.375,-1.0
2019-07-30,93.0,0.0,0.0,0.0,18.02,0.0,1.416822216672195,0.016747955249653567,-0.8820480249558535,22.525,-1.0
2019-07-31,93.0,0.0,0.0,0.0,14.57,0.0,1.2042988841713658,0.014235761962205532,-0.8738071036110807,18.2125,0.0
2019-08-01,92.0,0.0,0.0,0.0,14.52,0.0,1.023654051545661,0.012100397667874702,-0.8653072543632061,18.15,-1.0
2019-08-02,92.0,0.0,0.0,0.0,15.14,0.0,0.8701059438138118,0.010285338017693497,-0.8565509959010037,18.925,0.0
2019-08-03,92.0,0.0,0.0,0.0,14.24,0.0,0.73959005224174,0.008742537315039472,-0.8475409228928312,17.8,0.0
2019-08-04,91.0,0.0,0.0,0.0,13.73,0.0,0.628651544405479,0.007431156717783551,-0.8382797052177745,17.1625,-1.0
2019-08-05,91.0,0.0,0.0,0.0,13.72,0.0,0.5343538127446571,0.006316483210116018,-0.828770087174504,17.150000000000002,0.0
2019-08-06,92.0,0.0,0.0,3.5,16.21,1.75,2.2042007408329587,0.02605538996659079,-0.8190148866680802,20.262500000000003,1.0
2019-08-07,91.0,0.0,0.0,0.0,19.38,0.0,1.8735706297080148,0.02214708147160217,-0.8090169943749472,24.224999999999998,-1.0
2019-08-08,91.0,0.0,0.0,6.4,16.84,3.2,4.792535035251813,0.05665154128604753,-0.7987793728863648,21.05,0.0
2019-08-09,94.0,0.0,0.0,7.3,15.93,3.65,7.723654779964042,0.09129968678952409,-0.7883050558305253,19.9125,3.0
2019-08-10,101.0,0.0,0.0,3.0,16.16,1.5,8.065106562969437,0.09533591597508878,-0.7775971469736268,20.2,7.0
2019-08-11,103.0,0.0,0.0,0.0,18.54,0.0,6.855340578524021,0.08103552857882546,-0.7666588193001592,23.174999999999997,2.0
2019-08-12,100.0,0.0,0.0,0.0,18.8,0.0,5.827039491745418,0.06888019929200163,-0.7554933140726804,23.5,-3.0
2019-08-13,98.0,0.0,0.0,0.0,17.81,0.0,4.952983567983605,0.058548169398201386,-0.7441039398713608,22.2625,-2.0
2019-08-14,95.0,0.0,0.0,5.9,15.25,2.95,7.160036032786064,0.08463726898965798,-0.7324940716135792,19.0625,-3.0
2019-08-15,94.0,0.0,0.0,1.5,14.72,0.75,6.836030627868155,0.08080726974320594,-0.7206671495538615,18.400000000000002,-1.0
2019-08-16,92.0,0.0,0.0,0.0,17.9,0.0,5.810626033687932,0.06868617928172505,-0.7086266782644601,22.375,-2.0
2019-08-17,91.0,0.0,0.0,0.0,18.42,0.0,4.939032128634742,0.05838325238946629,-0.6963762255968726,23.025000000000002,-1.0
2019-08-18,90.0,0.0,0.0,0.0,21.69,0.0,4.19817730933953,0.04962576453104634,-0.6839194216246105,27.1125,-1.0
2019-08-19,89.0,0.0,0.0,0.0,18.21,0.0,3.5684507129386005,0.042181899851389384,-0.6712599575675315,22.762500000000003,-1.0
2019-08-20,88.0,0.0,0.0,0.0,17.13,0.0,3.0331831059978103,0.035854614873680975,-0.6584015846980489,21.412499999999998,-1.0
2019-08-21,88.0,0.0,0.0,0.4,15.46,0.2,2.7782056400981388,0.03284058026982794,-0.64534811322955,19.325000000000003,0.0
2019-08-22,88.0,0.0,0.0,0.0,14.42,0.0,2.361474794083418,0.027914493229353746,-0.6321034111873488,18.025,0.0
2019-08-23,88.0,0.0,0.0,0.0,17.92,0.0,2.007253574970905,0.02372731924495068,-0.6186714032625032,22.400000000000002,0.0
2019-08-24,88.0,0.0,0.0,0.0,18.34,0.0,1.7061655387252692,0.020168221358208078,-0.6050560696488494,22.925,0.0
2019-08-25,88.0,0.0,0.0,0.0,19.19,0.0,1.4502407079164787,0.017142988154476867,-0.5912614448635782,23.9875,0.0
2019-08-26,88.0,0.0,0.0,0.0,20.85,0.0,1.2327046017290069,0.014571539931305335,-0.5772916165517278,26.0625,0.0
2019-08-27,88.0,0.0,0.0,0.0,21.64,0.0,1.0477989114696558,0.012385808941609533,-0.5631507242749187,27.05,0.0
2019-08-28,88.0,0.0,0.0,0.0,22.78,0.0,0.8906290747492074,0.010527937600368104,-0.5488429582847199,28.475,0.0
2019-08-29,89.0,0.0,0.0,1.8,19.97,0.9,1.6570347135368264,0.019587456282708863,-0.5343725582809785,24.9625,1.0
2019-08-30,87.0,0.0,0.0,0.0,19.31,0.0,1.4084795065063025,0.016649337840302536,-0.5197438121555157,24.1375,-2.0
2019-08-31,86.0,0.0,0.0,0.0,17.23,0.0,1.197207580530357,0.014151937164257153,-0.5049610547215202,21.5375,-1.0
2019-09-01,86.0,0.0,0.0,0.0,20.51,0.0,1.0176264434508036,0.01202914658961858,-0.4900286664290594,25.637500000000003,0.0
2019-09-02,87.0,0.0,0.0,0.5,17.45,0.25,1.114982476933183,0.013179971635174677,-0.4749510720670502,21.8125,1.0
2019-09-03,86.0,0.0,0.0,1.1,14.9,0.55,1.4977351053932058,0.017704409364696017,-0.4597327394521046,18.625,-1.0
2019-09-04,87.0,0.0,0.0,2.1,15.69,1.05,2.323074839584225,0.027460575502786917,-0.44437817810461344,19.6125,1.0
2019-09-05,87.0,0.0,0.0,1.7,16.9,0.85,2.824613613646591,0.033389159092965075,-0.4288919379124841,21.125,0.0
2019-09-06,88.0,0.0,0.0,0.9,14.57,0.45,2.850921571599603,0.033700139890218306,-0.41327860778290443,18.2125,1.0
2019-09-07,88.0,0.0,0.0,0.4,14.73,0.2,2.6232833358596626,0.031009276533884668,-0.3975428142825566,18.4125,0.0
2019-09-08,88.0,0.0,0.0,10.6,15.66,5.3,7.529790835480712,0.08900806217457825,-0.3816892202666586,19.575,0.0
2019-09-09,88.0,0.0,0.0,0.0,19.02,0.0,6.400322210158605,0.0756568528483915,-0.3657225234972692,23.775,0.0
2019-09-10,88.0,0.0,0.0,0.5,16.85,0.25,5.690273878634814,0.06726352195513166,-0.34964745525122826,21.0625,0.0
2019-09-11,88.0,0.0,0.0,0.0,15.08,0.0,4.836732796839592,0.05717399366186191,-0.33346877891818705,18.85,0.0
2019-09-12,87.0,0.0,0.0,1.2,14.99,0.6,4.711222877313653,0.05569036749417994,-0.31719128858910595,18.7375,-1.0
2019-09-13,88.0,0.0,0.0,8.2,14.47,4.1,8.104539445716604,0.0958020437276346,-0.300819807635668,18.087500000000002,1.0
2019-09-14,91.0,0.0,0.0,0.0,12.48,0.0,6.888858528859113,0.0814317371684894,-0.2843591872810036,15.600000000000001,3.0
2019-09-15,93.0,0.0,0.0,8.6,13.94,4.3,10.155529749530245,0.12004636557799675,-0.26781430516217486,17.425,2.0
2019-09-16,93.0,0.0,0.0,2.9,12.77,1.45,10.082200287100708,0.11917955353849075,-0.25119006388481957,15.962499999999999,0.0
2019-09-17,95.0,0.0,0.0,7.8,9.74,3.9,12.469870244035603,0.1474036942380997,-0.23449138957041052,12.175,2.0
2019-09-18,99.0,0.0,0.0,12.2,7.88,6.1,16.699389707430264,0.19739994773195746,-0.21772323039653224,9.85,4.0
2019-09-19,97.0,0.0,0.0,5.8,7.88,2.9,17.094481251315724,0.20207024116655087,-0.20089055513063528,9.85,-2.0
2019-09-20,102.0,0.0,0.0,0.0,8.51,0.0,14.530309063618365,0.17175970499156823,-0.18399835165767986,10.6375,5.0
2019-09-21,97.0,0.0,0.0,0.0,12.3,0.0,12.35076270407561,0.145995749242833,-0.1670516255021195,15.375,-5.0
2019-09-22,95.0,0.0,0.0,0.0,11.04,0.0,10.498148298464269,0.12409638685640806,-0.15005539834465262,13.799999999999999,-2.0
2019-09-23,94.0,0.0,0.0,0.0,5.95,0.0,8.923426053694628,0.10548192882794684,-0.13301470653419636,7.4375,-1.0
2019-09-24,92.0,0.0,0.0,0.0,6.81,0.0,7.584912145640434,0.08965963950375481,-0.11593459959550066,8.5125,-2.0
2019-09-25,90.0,0.0,0.0,0.0,7.73,0.0,6.447175323794369,0.07621069357819159,-0.09882013873287211,9.662500000000001,-2.0
2019-09-26,91.0,0.0,0.0,0.0,9.9,0.0,5.480099025225213,0.06477908954146284,-0.08167639533042288,12.375,1.0
2019-09-27,89.0,0.0,0.0,0.0,11.67,0.0,4.658084171441431,0.055062226110243424,-0.06450844944931625,14.5875,-2.0
2019-09-28,87.0,0.0,0.0,6.5,12.84,3.25,7.209371545725217,0.08522045363569238,-0.04732138832243232,16.05,-2.0
2019-09-29,87.0,0.0,0.0,12.9,12.52,6.45,12.577965813866435,0.14868146906750968,-0.03012030484690836,15.649999999999999,0.0
2019-09-30,98.0,0.0,0.0,20.1,12.8,10.05,20.741270941786468,0.24517816947413823,-0.012910296075008843,16.0,11.0
2019-10-01,120.0,0.0,0.0,10.0,10.27,5.0,22.630080300518497,0.2675053847329951,0.004303538296243821,12.837499999999999,22.0
2019-10-02,119.0,0.0,0.0,4.1,8.72,2.05,21.285568255440722,0.2516121927018367,0.021516097436222233,10.9,-1.0
2019-10-03,118.0,0.0,0.0,5.5,7.44,2.75,20.842733017124612,0.24637753117054886,0.03872228089217399,9.3,-1.0
2019-10-04,115.0,0.0,0.0,0.5,7.1,0.25,17.96632306455592,0.2123760985289654,0.05591699010060302,8.875,-3.0
2019-10-05,106.0,0.0,0.0,0.0,3.29,0.0,15.27137460487253,0.18051968374962057,0.07309512989807776,4.1125,-9.0
2019-10-06,101.0,0.0,0.0,0.0,2.73,0.0,12.98066841414165,0.1534417311871775,0.0902516100310407,3.4125,-5.0
2019-10-07,101.0,0.0,0.0,4.0,1.79,2.0,13.033568152020402,0.15406704778109193,0.10738134666416306,2.2375,0.0
2019-10-08,98.0,0.0,0.0,3.9,5.04,1.95,13.028532929217342,0.1540075274791194,0.12447926388678869,6.3,-3.0
2019-10-09,107.0,0.0,0.0,8.0,10.6,4.0,15.07425298983474,0.1781895509012336,0.141540295217043,13.25,9.0
2019-10-10,125.0,0.0,0.0,12.7,9.47,6.35,19.16311504135953,0.22652312292962015,0.15855938510313475,11.8375,18.0
2019-10-11,149.0,0.0,0.0,23.1,10.62,11.55,27.8386477851556,0.32907475746092546,0.17553149042142777,13.274999999999999,24.0
2019-10-12,253.0,0.0,0.0,16.4,12.11,8.2,31.86285061738226,0.37664400655694996,0.19245158197082995,15.1375,104.0
2019-10-13,310.0,0.0,0.0,0.3,12.29,0.15,27.23342302477492,0.32192052379380676,0.20931464596304888,15.362499999999999,57.0
2019-10-14,265.0,0.0,0.0,0.1,13.85,0.05,23.19840957105868,0.2742234846315355,0.22611568550828803,17.3125,-45.0
2019-10-15,203.0,0.0,0.0,0.0,11.92,0.0,19.718648135399878,0.2330899619368052,0.2428497220959358,14.9,-62.0
2019-10-16,173.0,0.0,0.0,1.5,14.98,0.75,17.510850915089897,0.20699205874828105,0.25951179706979943,18.725,-30.0
2019-10-17,153.0,0.0,0.0,8.4,11.56,4.2,19.08422327782641,0.2255905601072201,0.27609697309746883,14.450000000000001,-20.0
2019-10-18,141.0,0.0,0.0,3.6,12.4,1.8,18.02158978615245,0.21302939473592905,0.2926003356333479,15.5,-12.0
2019-10-19,136.0,0.0,0.0,3.8,11.51,1.9,17.218351318229583,0.2035344829839312,0.30901699437494723,14.3875,-5.0
2019-10-20,133.0,0.0,0.0,0.0,13.09,0.0,14.635598620495145,0.1730043105363415,0.3253420847119795,16.3625,-3.0
2019-10-21,127.0,0.0,0.0,0.0,12.11,0.0,12.440258827420873,0.14705366395589028,0.341570769167856,15.1375,-6.0
2019-10-22,123.0,0.0,0.0,0.0,12.31,0.0,10.574220003307742,0.12499561436250674,0.35769823883312546,15.387500000000001,-4.0
2019-10-23,120.0,0.0,0.0,0.0,11.13,0.0,8.98808700281158,0.10624627220813072,0.3737197147904692,13.912500000000001,-3.0
2019-10-24,117.0,0.0,0.0,0.0,11.3,0.0,7.639873952389843,0.0903093313769111,0.38963044953078774,14.125,-3.0
2019-10-25,115.0,0.0,0.0,0.4,12.17,0.2,6.693892859531367,0.07912708929757355,0.4054257283599973,15.2125,-2.0
2019-10-26,113.0,0.0,0.0,0.0,12.94,0.0,5.689808930601662,0.06725802590293752,0.42110087079608916,16.175,-2.0
2019-10-27,108.0,0.0,0.0,8.6,10.93,4.3,9.136337591011412,0.10799871100227765,0.4366512319560638,13.6625,-5.0
2019-10-28,110.0,0.0,0.0,10.1,5.55,5.05,12.8158869523597,0.1514938844387134,0.45207220393230374,6.9375,2.0
2019-10-29,125.0,0.0,0.0,5.8,3.3,2.9,13.793503909505745,0.16305008736729343,0.46735921715800205,4.125,15.0
2019-10-30,125.0,0.0,0.0,0.6,1.71,0.3,12.024478323079883,0.14213881070299808,0.48250774176121763,2.1375,0.0
2019-10-31,123.0,0.0,0.0,9.1,4.42,4.55,14.7708065746179,0.174602575116328,0.4975132889071803,5.525,-2.0
2019-11-01,128.0,0.0,0.0,0.6,4.14,0.3,12.855185588425215,0.15195842528967746,0.5123714121284235,5.175,5.0
2019-11-02,128.0,0.0,0.0,6.0,3.62,3.0,13.926907750161432,0.1646270259042124,0.5270777086423724,4.525,0.0
2019-11-03,131.0,0.0,0.0,5.2,9.16,2.6,14.437871587637217,0.17066702117216892,0.5416278206559811,11.45,3.0
2019-11-04,152.0,0.0,0.0,14.3,9.5,7.15,19.422190849491635,0.2295856031687116,0.5560174366570446,11.875,21.0
2019-11-05,236.0,0.0,0.0,5.5,8.52,2.75,19.25886222206789,0.22765493006739257,0.5702422926917867,10.649999999999999,84.0
2019-11-06,270.0,0.0,0.0,8.1,6.58,4.05,20.420032888757707,0.24138088250806555,0.5842981736283683,8.225,34.0
2019-11-07,268.0,0.0,0.0,1.3,6.82,0.65,18.007027955444048,0.2128572624202528,0.5981809144059159,8.525,-2.0
2019-11-08,252.0,0.0,0.0,0.0,6.09,0.0,15.30597376212744,0.18092867305721486,0.6118864012687242,7.6125,-16.0
2019-11-09,212.0,0.0,0.0,0.5,8.03,0.25,13.260077697808324,0.15674456913263152,0.6254105729852457,10.0375,-40.0
2019-11-10,183.0,0.0,0.0,4.0,6.76,2.0,13.271066043137075,0.15687446003472785,0.6387494220515268,8.45,-29.0
2019-11-11,167.0,0.0,0.0,1.5,4.62,0.75,12.030406136666514,0.1422088821315153,0.6518989958787125,5.775,-16.0
2019-11-12,156.0,0.0,0.0,0.0,4.84,0.0,10.225845216166537,0.12087754981178801,0.6648553979642867,6.05,-11.0
2019-11-13,154.0,0.0,0.0,17.5,9.33,8.75,17.441968433741557,0.20617781352998069,0.6776147890466887,11.6625,-2.0
2019-11-14,209.0,0.0,0.0,0.9,7.9,0.45,15.275673168680322,0.18057049616168155,0.690173388242972,9.875,55.0
2019-11-15,219.0,0.0,0.0,0.0,5.6,0.0,12.984322193378274,0.1534849217374293,0.7025274741691566,7.0,10.0
2019-11-16,189.0,0.0,0.0,0.7,7.48,0.35,11.386673864371533,0.13459945932441336,0.7146733860429608,9.350000000000001,-30.0
2019-11-17,170.0,0.0,0.0,0.0,7.51,0.0,9.678672784715802,0.11440954042575134,0.726607524768565,9.3875,-19.0
2019-11-18,156.0,0.0,0.0,0.0,8.62,0.0,8.226871867008432,0.09724810936188864,0.7383263540031063,10.774999999999999,-14.0
2019-11-19,147.0,0.0,0.0,1.2,7.69,0.6,7.592841086957167,0.08975336583920265,0.749826401204568,9.6125,-9.0
2019-11-20,139.0,0.0,0.0,0.0,5.22,0.0,6.453914923913592,0.07629036096332226,0.7611042586607742,6.5249999999999995,-8.0
2019-11-21,133.0,0.0,0.0,0.0,4.55,0.0,5.485827685326553,0.06484680681882392,0.7721565844991641,5.6875,-6.0
2019-11-22,127.0,0.0,0.0,0.0,0.5,0.0,4.66295353252757,0.05511978579600033,0.7829801036770625,0.625,-6.0
2019-11-23,123.0,0.0,0.0,0.0,-1.95,0.0,3.9635105026484347,0.04685181792660029,0.7935716089521472,0.0,-4.0
2019-11-24,119.0,0.0,0.0,0.0,-1.14,0.0,3.3689839272511692,0.03982404523761024,0.8039279618328208,0.0,-4.0
2019-11-25,116.0,0.0,0.0,0.0,-2.71,0.0,2.8636363381634937,0.0338504384519687,0.8140460935082175,0.0,-3.0
2019-11-26,114.0,0.0,0.0,0.0,-0.98,0.0,2.4340908874389697,0.028772872684173396,0.8239230057575536,0.0,-2.0
2019-11-27,112.0,0.0,0.0,0.0,1.21,0.0,2.068977254323124,0.024456941781547385,0.8335557718385695,1.5125,-2.0
2019-11-28,113.0,0.0,0.0,1.3,4.91,0.65,2.4086306661746555,0.02847191280271237,0.8429415373547832,6.1375,1.0
2019-11-29,115.0,0.0,0.0,14.3,5.44,7.15,9.197336066248457,0.10871976105467353,0.8520775211013093,6.800000000000001,2.0
2019-11-30,127.0,0.0,0.0,0.9,0.95,0.45,8.267735656311189,0.09773115155767048,0.8609610158889945,1.1875,12.0
2019-12-01,135.0,0.0,0.0,3.7,-0.09,1.85,8.877575307864511,0.10493993687561165,0.8695893893466109,0.0,8.0
2019-12-02,133.0,0.0,0.0,5.8,-0.43,2.9,10.445939011684834,0.12347923193865692,0.8779600847008883,0.0,-2.0
2019-12-03,132.0,0.0,0.0,2.2,-0.61,1.1,9.979048159932107,0.11796021409745344,0.8860706215341377,0.0,-1.0
2019-12-04,141.0,0.0,0.0,8.9,5.28,4.45,12.932190935942291,0.15286868918801552,0.893918596519257,6.6000000000000005,9.0
2019-12-05,174.0,0.0,0.0,0.0,4.85,0.0,10.992362295550947,0.12993838580981318,0.9015016841318838,6.0625,33.0
2019-12-06,184.0,0.0,0.0,7.9,2.56,3.95,13.293507951218306,0.15713974107552356,0.9088176373395028,3.2,10.0
2019-12-07,214.0,0.0,0.0,15.4,4.1,7.7,18.99948175853556,0.22458884856136058,0.9158642882672868,5.125,30.0
2019-12-08,272.0,0.0,0.0,12.8,4.98,6.4,22.549559494755222,0.26655356534752783,0.9226395488404875,6.2250000000000005,58.0
2019-12-09,336.0,0.0,0.0,1.3,6.03,0.65,19.817125570541936,0.2342540428337957,0.9291414114031743,7.5375000000000005,64.0
2019-12-10,340.0,0.0,0.0,1.7,1.75,0.85,17.694556734960646,0.20916360632432254,0.935367949313148,2.1875,4.0
2019-12-11,281.0,0.0,0.0,0.0,-1.41,0.0,15.040373224716548,0.17778906537567415,0.941317317512847,0.0,-59.0
2019-12-12,220.0,0.0,0.0,0.2,-1.0,0.1,12.884317241009065,0.15230278438292258,0.946987753076075,0.0,-61.0
2019-12-13,185.0,0.0,0.0,0.8,1.15,0.4,11.351669654857705,0.1341856819798824,0.9523775757303973,1.4375,-35.0
2019-12-14,168.0,0.0,0.0,2.1,2.88,1.05,10.69891920662905,0.12646965722569534,0.9574851883550389,3.5999999999999996,-17.0
2019-12-15,180.0,0.0,0.0,11.9,3.46,5.95,15.044081325634693,0.17783289805101443,0.9623090774541487,4.325,12.0
2019-12-16,246.0,0.0,0.0,0.4,5.24,0.2,12.987469126789488,0.15352212097056137,0.9668478136052773,6.550000000000001,66.0
2019-12-17,280.0,0.0,0.0,0.0,4.85,0.0,11.039348757771064,0.13049380282497716,0.9711000518829505,6.0625,34.0
2019-12-18,243.0,0.0,0.0,0.1,6.2,0.05,9.433446444105405,0.11151077180803036,0.9750645322571945,7.75,-37.0
2019-12-19,204.0,0.0,0.0,0.0,4.09,0.0,8.018429477489594,0.0947841560368258,0.9787400799669153,5.1125,-39.0
2019-12-20,180.0,0.0,0.0,0.0,3.12,0.0,6.8156650558661545,0.08056653263130192,0.9821256058680006,3.9000000000000004,-24.0
2019-12-21,168.0,0.0,0.0,2.4,4.19,1.2,6.993315297486231,0.08266649849980127,0.9852201067560606,5.237500000000001,-12.0
2019-12-22,160.0,0.0,0.0,0.6,5.46,0.3,6.244318002863296,0.07381276016562974,0.9880226656636976,6.825,-8.0
2019-12-23,153.0,0.0,0.0,0.7,5.82,0.35,5.657670302433801,0.06687812198838369,0.9905324521322227,7.275,-7.0
2019-12-24,147.0,0.0,0.0,2.5,5.32,1.25,6.0590197570687305,0.07162238886012055,0.9927487224577402,6.65,-6.0
2019-12-25,146.0,0.0,0.0,0.5,3.65,0.25,5.400166793508421,0.06383422756510135,0.9946708199115211,4.5625,-1.0
2019-12-26,143.0,0.0,0.0,0.1,1.61,0.05,4.640141774482157,0.05485013283713592,0.9962981749346077,2.0125,-3.0
2019-12-27,139.0,0.0,0.0,0.0,0.1,0.0,3.9441205083098336,0.046622612911565525,0.9976303053065857,0.125,-4.0
2019-12-28,134.0,0.0,0.0,0.0,-0.94,0.0,3.3525024320633583,0.039629220974830695,0.9986668162884759,0.0,-5.0
2019-12-29,128.0,0.0,0.0,0.0,-0.3,0.0,2.8496270672538544,0.03368483782860609,0.9994074007397048,0.0,-6.0
2019-12-30,127.0,0.0,0.0,1.4,4.44,0.7,3.122183007165776,0.03690666384951204,0.9998518392091162,5.550000000000001,-1.0
2019-12-31,137.0,0.0,0.0,5.1,4.93,2.55,5.203855556090909,0.06151367401887382,1.0,6.1625,10.0
2020-01-01,159.0,0.0,0.0,0.0,3.73,0.0,4.423277222677273,0.052286622916042746,0.9998518392091162,4.6625,22.0
2020-01-02,158.0,0.0,0.0,0.0,4.75,0.0,3.7597856392756817,0.04444362947863634,0.9994074007397048,5.9375,-1.0
2020-01-03,150.0,0.0,0.0,10.8,3.4,5.4,8.59581779338433,0.10160934099121673,0.998666816288476,4.25,-8.0
2020-01-04,168.0,0.0,0.0,2.5,3.34,1.25,8.55644512437668,0.10114392501252863,0.9976303053065857,4.175,18.0
2020-01-05,178.0,0.0,0.0,0.0,0.4,0.0,7.272978355720178,0.08597233626064933,0.9962981749346078,0.5,10.0
2020-01-06,176.0,0.0,0.0,9.8,3.73,4.9,11.08203160236215,0.13099834768793,0.9946708199115211,4.6625,-2.0
2020-01-07,194.0,0.0,0.0,2.3,2.37,1.15,10.569726862007828,0.12494250189113536,0.9927487224577402,2.9625000000000004,18.0
2020-01-08,206.0,0.0,0.0,5.0,3.59,2.5,11.484267832706653,0.13575309694745386,0.9905324521322229,4.4875,12.0
2020-01-09,207.0,0.0,0.0,5.4,4.15,2.7,12.461627657800655,0.1473062603725237,0.9880226656636976,5.1875,1.0
2020-01-10,217.0,0.0,0.0,14.8,6.22,7.4,17.992383509130555,0.21268415352301204,0.9852201067560606,7.7749999999999995,10.0
2020-01-11,317.0,0.0,0.0,0.9,2.54,0.45,15.743525982760971,0.1861008851557582,0.9821256058680006,3.175,100.0
2020-01-12,362.0,0.0,0.0,20.7,4.05,10.35,23.731997085346826,0.2805309095899482,0.9787400799669153,5.0625,45.0
2020-01-13,408.0,0.0,0.0,11.1,4.1,5.55,25.722197522544803,0.30405664730623116,0.9750645322571948,5.125,46.0
2020-01-14,413.0,0.0,0.0,4.2,3.28,2.1,23.963867894163084,0.2832718052958871,0.9711000518829505,4.1,5.0
2020-01-15,351.0,0.0,0.0,0.0,5.49,0.0,20.36928771003862,0.240781034501504,0.9668478136052775,6.862500000000001,-62.0
2020-01-16,288.0,0.0,0.0,0.5,5.97,0.25,17.563894553532826,0.20761907636027727,0.9623090774541486,7.4624999999999995,-63.0
2020-01-17,239.0,0.0,0.0,0.0,3.12,0.0,14.929310370502902,0.1764762149062357,0.9574851883550393,3.9000000000000004,-49.0
2020-01-18,208.0,0.0,0.0,0.5,2.81,0.25,12.939913814927467,0.15295997970429923,0.9523775757303974,3.5125,-31.0
2020-01-19,188.0,0.0,0.0,0.4,4.16,0.2,11.198926742688345,0.1323801403758534,0.9469877530760753,5.2,-20.0
2020-01-20,175.0,0.0,0.0,0.0,4.5,0.0,9.519087731285094,0.11252311931947541,0.9413173175128471,5.625,-13.0
2020-01-21,165.0,0.0,0.0,0.0,5.5,0.0,8.09122457159233,0.0956446514215541,0.9353679493131483,6.875,-10.0
2020-01-22,160.0,0.0,0.0,1.0,4.0,0.5,7.37754088585348,0.08720834777631875,0.9291414114031743,5.0,-5.0
2020-01-23,154.0,0.0,0.0,1.8,3.1,0.9,7.170909752975458,0.0847658049322669,0.9226395488404876,3.875,-6.0
2020-01-24,155.0,0.0,0.0,6.0,5.23,3.0,9.095273290029139,0.10751329860041345,0.9158642882672872,6.5375000000000005,1.0
2020-01-25,171.0,0.0,0.0,0.3,4.48,0.15,7.880982296524769,0.09315942203075077,0.9088176373395029,5.6000000000000005,16.0
2020-01-26,173.0,0.0,0.0,3.3,3.88,1.65,8.348834952046053,0.09868980915053076,0.901501684131884,4.85,2.0
2020-01-27,168.0,0.0,0.0,3.8,1.62,1.9,8.996509709239145,0.10634583523634265,0.893918596519257,2.0250000000000004,-5.0
2020-01-28,169.0,0.0,0.0,6.6,1.27,3.3,10.947033252853274,0.1294025607996765,0.886070621534138,1.5875,1.0
2020-01-29,173.0,0.0,0.0,2.2,2.69,1.1,10.404978264925282,0.1229950436293201,0.8779600847008882,3.3625,4.0
2020-01-30,179.0,0.0,0.0,5.8,3.1,2.9,11.744231525186489,0.1388260726793091,0.869589389346611,3.875,6.0
2020-01-31,193.0,0.0,0.0,9.4,3.4,4.7,14.682596796408514,0.1735598660165917,0.8609610158889943,4.25,14.0
2020-02-01,232.0,0.0,0.0,12.8,6.04,6.4,18.88020727694724,0.22317893018447432,0.8520775211013093,7.55,39.0
2020-02-02,300.0,0.0,0.0,6.9,4.65,3.45,19.498176185405153,0.23048380972598775,0.8429415373547828,5.8125,68.0
2020-02-03,342.0,0.0,0.0,0.0,2.54,0.0,16.57344975759438,0.19591123826708956,0.8335557718385699,3.175,42.0
2020-02-04,296.0,0.0,0.0,0.0,0.11,0.0,14.08743229395522,0.1665245525270261,0.8239230057575542,0.1375,-46.0
2020-02-05,230.0,0.0,0.0,0.2,-0.0,0.1,12.074317449861937,0.14272794846157175,0.8140460935082178,0.0,-66.0
2020-02-06,194.0,0.0,0.0,0.0,2.02,0.0,10.263169832382646,0.12131875619233598,0.8039279618328213,2.525,-36.0
2020-02-07,178.0,0.0,0.0,0.0,-0.59,0.0,8.723694357525249,0.10312094276348557,0.7935716089521474,0.0,-16.0
2020-02-08,164.0,0.0,0.0,0.0,2.62,0.0,7.415140203896461,0.08765280134896274,0.7829801036770629,3.2750000000000004,-14.0
2020-02-09,157.0,0.0,0.0,0.0,2.34,0.0,6.302869173311992,0.07450488114661832,0.7721565844991642,2.925,-7.0
2020-02-10,193.0,0.0,0.0,15.3,5.3,7.65,13.007438797315192,0.15375817821499135,0.7611042586607747,6.625,36.0
2020-02-11,261.0,0.0,0.0,13.5,2.84,6.75,17.80632297771791,0.21048477140071242,0.7498264012045686,3.55,68.0
2020-02-12,349.0,0.0,0.0,8.9,3.59,4.45,19.585374531060225,0.23151456289578565,0.7383263540031065,4.4875,88.0
2020-02-13,417.0,0.0,0.0,4.0,3.35,2.0,18.64756835140119,0.22042895473340884,0.7266075247685656,4.1875,68.0
2020-02-14,410.0,0.0,0.0,0.0,0.7,0.0,15.850433098691012,0.18736461152339753,0.7146733860429609,0.875,-7.0
2020-02-15,307.0,0.0,0.0,0.0,0.88,0.0,13.47286813388736,0.1592599197948879,0.702527474169157,1.1,-103.0
2020-02-16,237.0,0.0,0.0,3.2,5.34,1.6,13.051937913804256,0.15428419284324754,0.6901733882429719,6.675,-70.0
2020-02-17,215.0,0.0,0.0,0.0,7.65,0.0,11.094147226733618,0.13114156391676043,0.6776147890466889,9.5625,-22.0
2020-02-18,196.0,0.0,0.0,0.9,5.25,0.45,9.880025142723575,0.11678968399044434,0.6648553979642865,6.5625,-19.0
2020-02-19,184.0,0.0,0.0,1.9,4.12,0.95,9.348021371315038,0.11050098012107344,0.6518989958787126,5.15,-12.0
2020-02-20,192.0,0.0,0.0,0.0,3.48,0.0,7.945818165617783,0.09392583310291243,0.6387494220515272,4.35,8.0
2020-02-21,195.0,0.0,0.0,3.4,3.17,1.7,8.453945440775115,0.09993229796866795,0.6254105729852463,3.9625,3.0
2020-02-22,192.0,0.0,0.0,11.9,3.98,5.95,13.135853624658848,0.15527614268254114,0.6118864012687243,4.975,-3.0
2020-02-23,257.0,0.0,0.0,1.3,4.4,0.65,11.81547558096002,0.13966823356855707,0.5981809144059164,5.5,65.0
2020-02-24,261.0,0.0,0.0,0.0,2.88,0.0,10.043154243816018,0.1187179985332735,0.5842981736283683,3.5999999999999996,4.0
2020-02-25,221.0,0.0,0.0,2.6,1.64,1.3,9.836681107243615,0.11627732333007668,0.5702422926917871,2.05,-40.0
2020-02-26,201.0,0.0,0.0,0.9,2.93,0.45,8.811178941157072,0.10415507949176314,0.5560174366570446,3.6625,-20.0
2020-02-27,222.0,0.0,0.0,8.6,1.14,4.3,11.789502099983512,0.13936120655277945,0.5416278206559814,1.4249999999999998,21.0
2020-02-28,279.0,0.0,0.0,3.2,1.04,1.6,11.621076784985984,0.13737028658745537,0.5270777086423722,1.3,57.0
2020-02-29,284.0,0.0,0.0,1.4,1.99,0.7,10.577915267238085,0.12503929529453392,0.5123714121284237,2.4875,5.0
2020-03-01,270.0,0.0,0.0,4.4,5.57,2.2,11.191227977152373,0.132289134899544,0.49751328890718066,6.9625,-14.0
2020-03-02,291.0,0.0,0.0,6.9,4.98,3.45,12.962543780579516,0.15322748373379694,0.48250774176121847,6.2250000000000005,21.0
2020-03-03,292.0,0.0,0.0,4.8,5.58,2.4,13.418162213492588,0.15861325270011667,0.46735921715800227,6.975,1.0
2020-03-04,302.0,0.0,0.0,2.2,4.95,1.1,12.5054378814687,0.14782413174469425,0.45207220393230435,6.1875,10.0
2020-03-05,297.0,0.0,0.0,0.0,3.27,0.0,10.629622199248395,0.1256505119829901,0.43665123195606403,4.0875,-5.0
2020-03-06,255.0,0.0,0.0,0.0,4.5,0.0,9.035178869361136,0.1068029351855416,0.4211008707960896,5.625,-42.0
2020-03-07,218.0,0.0,0.0,1.7,3.68,0.85,8.529902038956966,0.10083016482330655,0.40542572835999735,4.6000000000000005,-37.0
2020-03-08,197.0,0.0,0.0,0.0,3.5,0.0,7.25041673311342,0.08570564009981056,0.38963044953078796,4.375,-21.0
2020-03-09,182.0,0.0,0.0,0.0,4.44,0.0,6.162854223146407,0.07284979408483898,0.37371971479046906,5.550000000000001,-15.0
2020-03-10,174.0,0.0,0.0,1.3,5.47,0.65,5.8884260896744465,0.06960583726051023,0.35769823883312546,6.8374999999999995,-8.0
2020-03-11,179.0,0.0,0.0,9.7,5.83,4.85,9.855162176223278,0.11649578413101198,0.3415707691678556,7.2875,5.0
2020-03-12,200.0,0.0,0.0,1.9,5.42,0.95,9.326887849789784,0.1102511652405559,0.3253420847119801,6.775,21.0
2020-03-13,209.0,0.0,0.0,1.9,4.29,0.95,8.877854672321316,0.10494323918366827,0.30901699437494745,5.3625,9.0
2020-03-14,230.0,0.0,0.0,4.4,-2.0,2.2,9.746176471473118,0.11520748720530818,0.29260033563334836,0.0,21.0
2020-03-15,232.0,0.0,0.0,0.0,-0.03,0.0,8.28425000075215,0.09792636412451196,0.27609697309746883,0.0,2.0
2020-03-16,211.0,0.0,0.0,3.7,3.37,1.85,8.891612500639328,0.10510586755742689,0.2595117970697999,4.2125,-21.0
2020-03-17,204.0,0.0,0.0,0.0,2.81,0.0,7.557870625543428,0.08933998742381284,0.2428497220959356,3.5125,-7.0
2020-03-18,200.0,0.0,0.0,9.7,7.0,4.85,11.274190031711914,0.13326981176981922,0.22611568550828828,8.75,-4.0
2020-03-19,214.0,0.0,0.0,0.0,4.18,0.0,9.583061526955127,0.11327934000434635,0.20931464596304847,5.225,14.0
2020-03-20,216.0,0.0,0.0,0.0,2.61,0.0,8.145602297911857,0.09628743900369438,0.19245158197082998,3.2624999999999997,2.0
2020-03-21,193.0,0.0,0.0,0.3,0.05,0.15,7.073761953225079,0.08361744137353955,0.1755314904214282,0.0625,-23.0
2020-03-22,178.0,0.0,0.0,0.0,-1.3,0.0,6.012697660241317,0.07107482516750863,0.15855938510313478,0.0,-15.0
2020-03-23,166.0,0.0,0.0,0.0,-0.91,0.0,5.11079301120512,0.06041360139238233,0.141540295217043,0.0,-12.0
2020-03-24,159.0,0.0,0.0,0.0,-0.03,0.0,4.344174059524351,0.05135156118352498,0.12447926388678915,0.0,-7.0
2020-03-25,152.0,0.0,0.0,0.0,1.66,0.0,3.6925479505956984,0.043648827005996226,0.10738134666416309,2.0749999999999997,-7.0
2020-03-26,147.0,0.0,0.0,0.0,4.02,0.0,3.1386657580063435,0.037101502955096795,0.09025161003104117,5.0249999999999995,-5.0
2020-03-27,144.0,0.0,0.0,0.0,6.38,0.0,2.667865894305392,0.03153627751183227,0.07309512989807777,7.975,-3.0
2020-03-28,140.0,0.0,0.0,0.0,7.11,0.0,2.2676860101595833,0.026805835885057434,0.055916990100603484,8.887500000000001,-4.0
2020-03-29,138.0,0.0,0.0,0.0,1.34,0.0,1.9275331086356458,0.022784960502298817,0.03872228089217446,1.675,-2.0
2020-03-30,137.0,0.0,0.0,0.7,-0.74,0.35,1.988403142340299,0.02350449227455243,0.021516097436222254,0.0,-1.0
2020-03-31,133.0,0.0,0.0,0.1,0.56,0.05,1.7401426709892542,0.020569857840169344,0.004303538296244289,0.7000000000000001,-4.0
2020-04-01,130.0,0.0,0.0,2.3,4.27,1.15,2.6291212703408657,0.031078285520538793,-0.01291029607500882,5.3374999999999995,-3.0
2020-04-02,131.0,0.0,0.0,0.6,5.38,0.3,2.5347530797897355,0.02996277913325663,-0.030120304846908114,6.725,1.0
2020-04-03,133.0,0.0,0.0,0.6,4.67,0.3,2.454540117821275,0.02901459870406679,-0.04732138832243185,5.8375,2.0
2020-04-04,135.0,0.0,0.0,0.0,3.6,0.0,2.086359100148084,0.024662408898456775,-0.06450844944931623,4.5,2.0
2020-04-05,134.0,0.0,0.0,0.0,5.0,0.0,1.7734052351258713,0.020963047563688258,-0.08167639533042241,6.25,-1.0
2020-04-06,130.0,0.0,0.0,0.0,8.99,0.0,1.5073944498569907,0.017818590429135018,-0.09882013873287143,11.2375,-4.0
2020-04-07,127.0,0.0,0.0,0.0,9.49,0.0,1.281285282378442,0.015145801864764765,-0.11593459959550041,11.8625,-3.0
2020-04-08,124.0,0.0,0.0,0.0,7.69,0.0,1.0890924900216756,0.01287393158505005,-0.1330147065341959,9.6125,-3.0
2020-04-09,122.0,0.0,0.0,0.0,7.27,0.0,0.9257286165184243,0.010942841847292543,-0.1500553983446526,9.087499999999999,-2.0
2020-04-10,119.0,0.0,0.0,0.0,3.84,0.0,0.7868693240406607,0.009301415570198661,-0.16705162550211924,4.8,-3.0
2020-04-11,117.0,0.0,0.0,0.0,4.28,0.0,0.6688389254345616,0.007906203234668863,-0.18399835165768005,5.3500000000000005,-2.0
2020-04-12,114.0,0.0,0.0,0.7,9.38,0.35,0.9185130866193774,0.010857548597066967,-0.20089055513063506,11.725000000000001,-3.0
2020-04-13,114.0,0.0,0.0,0.0,5.33,0.0,0.7807361236264707,0.009228916307506921,-0.21772323039653177,6.6625,0.0
2020-04-14,113.0,0.0,0.0,0.0,3.37,0.0,0.6636257050825001,0.007844578861380883,-0.23449138957040985,4.2125,-1.0
2020-04-15,113.0,0.0,0.0,2.7,5.97,1.35,1.9140818493201253,0.022625956015767713,-0.25119006388481935,7.4624999999999995,0.0
2020-04-16,113.0,0.0,0.0,0.0,6.7,0.0,1.6269695719221065,0.019232062613402556,-0.2678143051621742,8.375,0.0
2020-04-17,113.0,0.0,0.0,0.0,4.29,0.0,1.3829241361337905,0.016347253221392175,-0.2843591872810034,5.3625,0.0
2020-04-18,111.0,0.0,0.0,0.0,4.62,0.0,1.1754855157137218,0.013895165238183346,-0.30081980763566735,5.775,-2.0
2020-04-19,109.0,0.0,0.0,0.0,5.16,0.0,0.9991626883566636,0.011810890452455845,-0.3171912885891061,6.45,-2.0
2020-04-20,108.0,0.0,0.0,0.0,6.1,0.0,0.849288285103164,0.010039256884587467,-0.3334687789181868,7.625,-1.0
2020-04-21,108.0,0.0,0.0,0.0,8.08,0.0,0.7218950423376894,0.008533368351899348,-0.3496474552512284,10.1,0.0
2020-04-22,102.0,0.0,0.0,0.0,8.52,0.0,0.613610785987036,0.0072533630991144455,-0.36572252349726897,10.649999999999999,-6.0
2020-04-23,102.0,0.0,0.0,0.0,6.95,0.0,0.5215691680889806,0.006165358634247278,-0.3816892202666588,8.6875,0.0
2020-04-24,103.0,0.0,0.0,0.0,8.18,0.0,0.44333379287563346,0.005240554839110186,-0.39754281428255595,10.225,1.0
2020-04-25,104.0,0.0,0.0,0.0,6.08,0.0,0.37683372394428843,0.004454471613243658,-0.4132786077829042,7.6,1.0
2020-04-26,105.0,0.0,0.0,0.0,5.74,0.0,0.3203086653526452,0.0037863008712571097,-0.4288919379124835,7.175000000000001,1.0
2020-04-27,111.0,0.0,0.0,0.0,8.84,0.0,0.2722623655497484,0.003218355740568543,-0.4443781781046132,11.05,6.0
2020-04-28,108.0,0.0,0.0,0.0,8.11,0.0,0.23142301071728616,0.002735602379483262,-0.45973273945210397,10.1375,-3.0
2020-04-29,107.0,0.0,0.0,0.0,5.55,0.0,0.19670955910969323,0.0023252620225607725,-0.47495107206704995,6.9375,-1.0
2020-04-30,105.0,0.0,0.0,0.0,8.8,0.0,0.16720312524323924,0.0019764727191766565,-0.49002866642905923,11.0,-2.0
2020-05-01,97.0,0.0,0.0,3.2,11.35,1.6,1.7421226564567533,0.020593262828893,-0.5049610547215204,14.1875,-8.0
2020-05-02,100.0,0.0,0.0,5.0,10.68,2.5,3.9808042579882406,0.04705624374454787,-0.5197438121555155,13.35,3.0
2020-05-03,110.0,0.0,0.0,0.0,8.02,0.0,3.3836836192900046,0.03999780718286569,-0.5343725582809787,10.024999999999999,10.0
2020-05-04,109.0,0.0,0.0,0.0,9.87,0.0,2.876131076396504,0.03399813610543584,-0.548842958284719,12.337499999999999,-1.0
2020-05-05,101.0,0.0,0.0,0.0,11.78,0.0,2.444711414937028,0.028898415689620458,-0.5631507242749186,14.725,-8.0
2020-05-06,99.0,0.0,0.0,0.0,10.13,0.0,2.078004702696474,0.02456365333617739,-0.5772916165517272,12.662500000000001,-2.0
2020-05-07,100.0,0.0,0.0,0.0,7.43,0.0,1.7663039972920027,0.02087910533575078,-0.5912614448635781,9.2875,1.0
2020-05-08,99.0,0.0,0.0,0.0,7.17,0.0,1.5013583976982023,0.017747239535388162,-0.6050560696488488,8.9625,-1.0
2020-05-09,99.0,0.0,0.0,0.0,10.06,0.0,1.2761546380434718,0.015085153605079938,-0.6186714032625031,12.575000000000001,0.0
2020-05-10,99.0,0.0,0.0,0.0,11.73,0.0,1.084731442336951,0.012822380564317946,-0.6321034111873487,14.662500000000001,0.0
2020-05-11,98.0,0.0,0.0,3.7,7.65,1.85,2.7720217259864084,0.03276748153126198,-0.6453481132295501,9.5625,-1.0
2020-05-12,106.0,0.0,0.0,0.0,6.39,0.0,2.356218467088447,0.027852359301572684,-0.6584015846980488,7.9875,8.0
2020-05-13,97.0,0.0,0.0,1.2,6.1,0.6,2.60278569702518,0.030766978287934097,-0.6712599575675313,7.625,-9.0
2020-05-14,98.0,0.0,0.0,0.0,6.35,0.0,2.2123678424714033,0.026151931544743986,-0.6839194216246106,7.9375,1.0
2020-05-15,98.0,0.0,0.0,0.0,8.16,0.0,1.8805126661006928,0.022229141813032385,-0.6963762255968722,10.2,0.0
2020-05-16,98.0,0.0,0.0,1.0,8.83,0.5,2.098435766185589,0.024805164609075295,-0.7086266782644596,11.0375,0.0
2020-05-17,99.0,0.0,0.0,2.2,8.44,1.1,2.883670401257751,0.03408725686730908,-0.7206671495538609,10.549999999999999,1.0
2020-05-18,100.0,0.0,0.0,0.2,8.68,0.1,2.5511198410690885,0.030156247150812276,-0.7324940716135789,10.85,1.0
2020-05-19,107.0,0.0,0.0,0.0,9.08,0.0,2.168451864908725,0.025632810078190432,-0.7441039398713607,11.35,7.0
2020-05-20,99.0,0.0,0.0,0.0,8.04,0.0,1.8431840851724164,0.02178788856646187,-0.7554933140726803,10.049999999999999,-8.0
2020-05-21,96.0,0.0,0.0,0.0,8.27,0.0,1.5667064723965538,0.018519705281492587,-0.766658819300159,10.337499999999999,-3.0
2020-05-22,95.0,0.0,0.0,0.0,9.85,0.0,1.3317005015370706,0.015741749489268698,-0.777597146973627,12.3125,-1.0
2020-05-23,95.0,0.0,0.0,0.7,11.96,0.35,1.4819454263065102,0.017517762913476828,-0.7883050558305255,14.950000000000001,0.0
2020-05-24,97.0,0.0,0.0,3.1,11.0,1.55,2.809653612360534,0.03321232008724837,-0.7987793728863649,13.75,2.0
2020-05-25,97.0,0.0,0.0,6.6,12.03,3.3,5.688205570506454,0.06723907292294636,-0.8090169943749473,15.0375,0.0
2020-05-26,98.0,0.0,0.0,0.0,14.55,0.0,4.834974734930485,0.0571532119845044,-0.8190148866680801,18.1875,1.0
2020-05-27,98.0,0.0,0.0,0.0,12.85,0.0,4.1097285246909125,0.048580230186828735,-0.8287700871745037,16.0625,0.0
2020-05-28,98.0,0.0,0.0,0.0,12.86,0.0,3.4932692459872756,0.041293195658804425,-0.8382797052177743,16.075,0.0
2020-05-29,97.0,0.0,0.0,0.0,11.85,0.0,2.9692788590891843,0.03509921630998376,-0.8475409228928311,14.8125,-1.0
2020-05-30,97.0,0.0,0.0,0.0,14.31,0.0,2.5238870302258065,0.029834333863486197,-0.8565509959010036,17.8875,0.0
2020-05-31,97.0,0.0,0.0,0.0,15.87,0.0,2.1453039756919354,0.025359183783963266,-0.865307254363206,19.8375,0.0
2020-06-01,96.0,0.0,0.0,0.0,14.55,0.0,1.823508379338145,0.021555306216368777,-0.8738071036110808,18.1875,-1.0
2020-06-02,94.0,0.0,0.0,0.0,13.16,0.0,1.5499821224374233,0.01832201028391346,-0.8820480249558537,16.45,-2.0
2020-06-03,94.0,0.0,0.0,0.0,12.09,0.0,1.3174848040718097,0.015573708741326438,-0.8900275764346767,15.1125,0.0
2020-06-04,94.0,0.0,0.0,2.2,13.49,1.1,2.219862083461038,0.026240519379722552,-0.8977433935342337,16.8625,0.0
2020-06-05,94.0,0.0,0.0,6.5,14.7,3.25,5.136882770941883,0.060722002914749634,-0.9051931898913974,18.375,0.0
2020-06-06,95.0,0.0,0.0,3.8,13.28,1.9,6.266350355300601,0.07407319993592869,-0.9123747579707273,16.599999999999998,1.0
2020-06-07,96.0,0.0,0.0,1.4,15.38,0.7,6.02639780200551,0.07123677164073626,-0.9192859697186104,19.225,1.0
2020-06-08,98.0,0.0,0.0,18.9,15.99,9.45,14.572438131704683,0.17225770377978353,-0.9259247771938498,19.9875,2.0
2020-06-09,106.0,0.0,0.0,0.0,14.17,0.0,12.38657241194898,0.146419048212816,-0.9322892131745133,17.7125,8.0
2020-06-10,100.0,0.0,0.0,0.0,17.0,0.0,10.528586550156634,0.12445619098089361,-0.9383773917408641,21.25,-6.0
2020-06-11,97.0,0.0,0.0,0.0,20.32,0.0,8.94929856763314,0.10578776233375957,-0.9441875088341993,25.4,-3.0
2020-06-12,97.0,0.0,0.0,0.0,22.08,0.0,7.6069037824881685,0.08991959798369564,-0.9497178427914316,27.599999999999998,0.0
2020-06-13,97.0,0.0,0.0,0.0,18.88,0.0,6.465868215114943,0.07643165828614129,-0.9549667548552551,23.599999999999998,0.0
2020-06-14,97.0,0.0,0.0,0.0,15.3,0.0,5.495987982847701,0.0649669095432201,-0.9599326896597447,19.125,0.0
2020-06-15,96.0,0.0,0.0,0.2,14.44,0.1,4.771589785420546,0.056403951925336634,-0.9646141756912435,18.05,-1.0
2020-06-16,95.0,0.0,0.0,0.1,15.89,0.05,4.105851317607464,0.04853439854333592,-0.9690098257244062,19.8625,-1.0
2020-06-17,95.0,0.0,0.0,0.0,20.06,0.0,3.4899736199663445,0.041254238761835524,-0.9731183372332619,25.075,0.0
2020-06-18,95.0,0.0,0.0,0.0,22.34,0.0,2.9664775769713927,0.0350661029475602,-0.9769384927771817,27.925,0.0
2020-06-19,95.0,0.0,0.0,14.1,20.7,7.05,9.571505940425684,0.11314274386419464,-0.980469160361632,25.875,0.0
2020-06-20,96.0,0.0,0.0,6.9,20.6,3.45,11.58578004936183,0.13695305135375,-0.9837092937736097,25.75,1.0
2020-06-21,102.0,0.0,0.0,0.0,20.05,0.0,9.847913041957556,0.1164100936506875,-0.986657932891657,25.0625,6.0
2020-06-22,102.0,0.0,0.0,0.0,20.15,0.0,8.370726085663922,0.09894857960308436,-0.9893142039703663,25.1875,0.0
2020-06-23,103.0,0.0,0.0,19.7,17.52,9.85,16.96511717281433,0.20054105580217763,-0.99167731989929,21.9,1.0
2020-06-24,102.0,0.0,0.0,0.0,21.86,0.0,14.420349596892182,0.17045989743185097,-0.993746580436178,27.325,-1.0
2020-06-25,100.0,0.0,0.0,0.0,22.04,0.0,12.257297157358353,0.1448909128170733,-0.9955213724144752,27.549999999999997,-2.0
2020-06-26,99.0,0.0,0.0,0.0,23.31,0.0,10.4187025837546,0.12315727589451232,-0.9970011699250151,29.1375,-1.0
2020-06-27,98.0,0.0,0.0,2.7,20.79,1.35,10.20589719619141,0.12064174849392943,-0.9981855344718586,25.987499999999997,-1.0
2020-06-28,97.0,0.0,0.0,0.0,20.1,0.0,8.675012616762698,0.10254548621984001,-0.99907411510223,25.125,-1.0
2020-06-29,98.0,0.0,0.0,10.2,18.15,5.1,12.473760724248294,0.1474496827804412,-0.9996666485105112,22.6875,1.0
2020-06-30,100.0,0.0,0.0,4.1,16.73,2.05,12.652696615611049,0.14956484604216583,-0.9999629591162655,20.9125,2.0
2020-07-01,104.0,0.0,0.0,5.3,15.35,2.65,13.404792123269392,0.15845520769622912,-0.9999629591162655,19.1875,4.0
2020-07-02,109.0,0.0,0.0,0.0,15.82,0.0,11.394073304778983,0.13468692654179473,-0.9996666485105112,19.775,5.0
2020-07-03,112.0,0.0,0.0,4.5,15.22,2.25,11.934962309062135,0.14108066086651547,-0.99907411510223,19.025000000000002,3.0
2020-07-04,110.0,0.0,0.0,0.0,17.68,0.0,10.144717962702813,0.11991856173653813,-0.9981855344718586,22.1,-2.0
2020-07-05,109.0,0.0,0.0,8.3,17.72,4.15,12.77301026829739,0.15098704824043885,-0.9970011699250151,22.15,-1.0
2020-07-06,109.0,0.0,0.0,0.0,16.76,0.0,10.857058728052781,0.128338991004373,-0.9955213724144752,20.950000000000003,0.0
2020-07-07,109.0,0.0,0.0,0.0,14.51,0.0,9.228499918844864,0.10908814235371705,-0.9937465804361781,18.1375,0.0
2020-07-08,108.0,0.0,0.0,9.7,12.12,4.85,12.694224931018134,0.15005574346023778,-0.99167731989929,15.149999999999999,-1.0
2020-07-09,109.0,0.0,0.0,2.2,14.28,1.1,11.890091191365412,0.14055024889079717,-0.9893142039703664,17.849999999999998,1.0
2020-07-10,108.0,0.0,0.0,13.2,15.27,6.6,16.7065775126606,0.1974849132547481,-0.9866579328916572,19.0875,-1.0
2020-07-11,111.0,0.0,0.0,0.0,14.74,0.0,14.20059088576151,0.16786217626653588,-0.9837092937736098,18.425,3.0
2020-07-12,114.0,0.0,0.0,0.0,13.77,0.0,12.070502252897283,0.1426828498265555,-0.9804691603616321,17.2125,3.0
2020-07-13,112.0,0.0,0.0,0.0,13.9,0.0,10.25992691496269,0.12128042235257216,-0.9769384927771817,17.375,-2.0
2020-07-14,110.0,0.0,0.0,0.0,14.53,0.0,8.720937877718287,0.10308835899968632,-0.973118337233262,18.162499999999998,-2.0
2020-07-15,108.0,0.0,0.0,0.0,16.95,0.0,7.412797196060543,0.08762510514973337,-0.9690098257244063,21.1875,-2.0
2020-07-16,106.0,0.0,0.0,0.0,18.14,0.0,6.300877616651461,0.07448133937727336,-0.9646141756912435,22.675,-2.0
2020-07-17,104.0,0.0,0.0,0.0,19.18,0.0,5.355745974153742,0.06330913847068237,-0.9599326896597445,23.975,-2.0
2020-07-18,102.0,0.0,0.0,0.0,20.54,0.0,4.552384078030681,0.053812767700080005,-0.9549667548552553,25.674999999999997,-2.0
2020-07-19,101.0,0.0,0.0,0.0,21.61,0.0,3.869526466326078,0.045740852545067996,-0.9497178427914317,27.0125,-1.0
2020-07-20,100.0,0.0,0.0,1.5,21.01,0.75,4.039097496377167,0.04774531576530445,-0.9441875088341994,26.262500000000003,-1.0
2020-07-21,100.0,0.0,0.0,1.5,16.39,0.75,4.183232871920591,0.04944910950250542,-0.9383773917408642,20.4875,0.0
2020-07-22,100.0,0.0,0.0,6.7,14.05,3.35,6.9057479411325025,0.08163138333271462,-0.9322892131745134,17.5625,0.0
2020-07-23,101.0,0.0,0.0,1.3,14.45,0.65,6.5198857499626275,0.07707018812120453,-0.9259247771938499,18.0625,1.0
2020-07-24,102.0,0.0,0.0,8.0,15.03,4.0,9.541902887468233,0.11279281244700594,-0.9192859697186105,18.787499999999998,1.0
2020-07-25,103.0,0.0,0.0,0.0,16.42,0.0,8.110617454347997,0.09587389057995505,-0.9123747579707274,20.525000000000002,1.0
2020-07-26,103.0,0.0,0.0,0.0,18.93,0.0,6.894024836195797,0.08149280699296178,-0.9051931898913975,23.6625,0.0
2020-07-27,104.0,0.0,0.0,0.5,17.49,0.25,6.109921110766427,0.07222408297801639,-0.8977433935342336,21.862499999999997,1.0
2020-07-28,102.0,0.0,0.0,2.6,19.19,1.3,6.493432944151463,0.07675749510810811,-0.8900275764346766,23.9875,-2.0
2020-07-29,104.0,0.0,0.0,0.0,16.92,0.0,5.519418002528743,0.0652438708418919,-0.8820480249558535,21.150000000000002,2.0
2020-07-30,104.0,0.0,0.0,10.8,14.87,5.4,10.091505302149432,0.11928954614998397,-0.8738071036110807,18.5875,0.0
2020-07-31,106.0,0.0,0.0,4.6,16.27,2.3,10.877779506827018,0.1285839269402761,-0.8653072543632061,20.3375,2.0
2020-08-01,108.0,0.0,0.0,0.0,17.68,0.0,9.246112580802965,0.10929633789923467,-0.8565509959010037,22.1,2.0
2020-08-02,108.0,0.0,0.0,0.0,16.3,0.0,7.85919569368252,0.09290188721434947,-0.8475409228928312,20.375,0.0
2020-08-03,106.0,0.0,0.0,8.5,17.24,4.25,10.930316339630142,0.12920495371017804,-0.8382797052177745,21.549999999999997,-2.0
2020-08-04,108.0,0.0,0.0,4.1,16.18,2.05,11.34076888868562,0.13405682633244215,-0.828770087174504,20.225,2.0
2020-08-05,111.0,0.0,0.0,0.0,15.7,0.0,9.639653555382777,0.11394830238257583,-0.8190148866680802,19.625,3.0
2020-08-06,109.0,0.0,0.0,0.0,18.19,0.0,8.19370552207536,0.09685605702518946,-0.8090169943749472,22.7375,-2.0
2020-08-07,108.0,0.0,0.0,0.0,21.43,0.0,6.964649693764056,0.08232764847141102,-0.7987793728863648,26.7875,-1.0
2020-08-08,106.0,0.0,0.0,0.0,22.86,0.0,5.919952239699447,0.06997850120069937,-0.7883050558305253,28.575,-2.0
2020-08-09,104.0,0.0,0.0,0.0,23.72,0.0,5.03195940374453,0.05948172602059446,-0.7775971469736268,29.65,-2.0
2020-08-10,102.0,0.0,0.0,0.0,21.52,0.0,4.27716549318285,0.050559467117505294,-0.7666588193001592,26.9,-2.0
2020-08-11,100.0,0.0,0.0,0.0,17.99,0.0,3.6355906692054227,0.0429755470498795,-0.7554933140726804,22.487499999999997,-2.0
2020-08-12,99.0,0.0,0.0,0.0,16.11,0.0,3.090252068824609,0.03652921499239757,-0.7441039398713608,20.1375,-1.0
2020-08-13,98.0,0.0,0.0,0.0,16.57,0.0,2.6267142585009178,0.031049832743537936,-0.7324940716135792,20.7125,-1.0
2020-08-14,97.0,0.0,0.0,0.0,18.33,0.0,2.23270711972578,0.026392357832007243,-0.7206671495538615,22.912499999999998,-1.0
2020-08-15,96.0,0.0,0.0,0.0,19.97,0.0,1.8978010517669128,0.022433504157206154,-0.7086266782644601,24.9625,-1.0
2020-08-16,96.0,0.0,0.0,0.0,20.03,0.0,1.6131308940018758,0.01906847853362523,-0.6963762255968726,25.0375,0.0
2020-08-17,95.0,0.0,0.0,0.0,20.85,0.0,1.3711612599015943,0.016208206753581447,-0.6839194216246105,26.0625,-1.0
2020-08-18,94.0,0.0,0.0,0.0,19.45,0.0,1.1654870709163552,0.013776975740544229,-0.6712599575675315,24.3125,-1.0
2020-08-19,94.0,0.0,0.0,1.6,19.66,0.8,1.7906640102789018,0.021167059888259013,-0.6584015846980489,24.575,0.0
2020-08-20,94.0,0.0,0.0,15.5,19.23,7.75,9.272064408737066,0.10960310895898549,-0.64534811322955,24.0375,0.0
2020-08-21,93.0,0.0,0.0,0.0,21.04,0.0,7.881254747426506,0.09316264261513767,-0.6321034111873488,26.299999999999997,-1.0
2020-08-22,94.0,0.0,0.0,4.2,21.67,2.1,8.79906653531253,0.10401190130845762,-0.6186714032625032,27.087500000000002,1.0
2020-08-23,93.0,0.0,0.0,2.6,18.93,1.3,8.779206555015652,0.10377714068898317,-0.6050560696488494,23.6625,-1.0
2020-08-24,94.0,0.0,0.0,4.0,17.09,2.0,9.462325571763303,0.11185214585762675,-0.5912614448635782,21.3625,1.0
2020-08-25,100.0,0.0,0.0,11.6,14.45,5.8,13.842976735998807,0.16363489516775678,-0.5772916165517278,18.0625,6.0
2020-08-26,100.0,0.0,0.0,4.1,14.7,2.05,13.816530225598985,0.16332227657138407,-0.5631507242749187,18.375,0.0
2020-08-27,101.0,0.0,0.0,3.6,15.45,1.8,13.544050691759137,0.1601013537304684,-0.5488429582847199,19.3125,1.0
2020-08-28,100.0,0.0,0.0,0.0,14.33,0.0,11.512443087995267,0.13608615067089816,-0.5343725582809785,17.9125,-1.0
2020-08-29,100.0,0.0,0.0,8.5,14.39,4.25,14.035576624795977,0.16591157764824443,-0.5197438121555157,17.9875,0.0
2020-08-30,100.0,0.0,0.0,0.0,17.1,0.0,11.93024013107658,0.14102484100100776,-0.5049610547215202,21.375,0.0
2020-08-31,99.0,0.0,0.0,6.1,14.12,3.05,13.190704111415094,0.15592451866564297,-0.4900286664290594,17.65,-1.0
2020-09-01,99.0,0.0,0.0,0.0,13.41,0.0,11.212098494702829,0.1325358408657965,-0.4749510720670502,16.7625,0.0
2020-09-02,97.0,0.0,0.0,0.6,14.84,0.3,9.830283720497405,0.1162017011767257,-0.4597327394521046,18.55,-2.0
2020-09-03,95.0,0.0,0.0,1.9,15.79,0.95,9.305741162422793,0.11000119472941257,-0.44437817810461344,19.737499999999997,-2.0
2020-09-04,93.0,0.0,0.0,0.6,14.54,0.3,8.209879988059374,0.09704725196079934,-0.4288919379124841,18.174999999999997,-2.0
2020-09-05,93.0,0.0,0.0,3.0,15.2,1.5,8.478397989850468,0.10022134637067273,-0.41327860778290443,19.0,0.0
2020-09-06,93.0,0.0,0.0,0.1,14.01,0.05,7.256638291372897,0.0857791838218716,-0.3975428142825566,17.5125,0.0
2020-09-07,96.0,0.0,0.0,17.2,12.76,8.6,14.768142547666962,0.17457108421815237,-0.3816892202666586,15.95,3.0
2020-09-08,105.0,0.0,0.0,6.9,13.55,3.45,16.002921165516916,0.18916714065461407,-0.3657225234972692,16.9375,9.0
2020-09-09,105.0,0.0,0.0,15.3,16.02,7.65,21.25248299068938,0.2512210987967878,-0.34964745525122826,20.025,0.0
2020-09-10,119.0,0.0,0.0,0.3,12.91,0.15,18.21461054208597,0.21531105219766888,-0.33346877891818705,16.1375,14.0
2020-09-11,122.0,0.0,0.0,0.0,11.42,0.0,15.482418960773074,0.18301439436801856,-0.31719128858910595,14.275,3.0
2020-09-12,117.0,0.0,0.0,0.0,15.2,0.0,13.160056116657113,0.15556223521281576,-0.300819807635668,19.0,-5.0
2020-09-13,109.0,0.0,0.0,0.0,15.7,0.0,11.186047699158546,0.1322278999308934,-0.2843591872810036,19.625,-8.0
2020-09-14,100.0,0.0,0.0,0.0,16.3,0.0,9.508140544284764,0.11239371494125938,-0.26781430516217486,20.375,-9.0
2020-09-15,101.0,0.0,0.0,0.0,17.12,0.0,8.081919462642048,0.09553465770007047,-0.25119006388481957,21.400000000000002,1.0
2020-09-16,94.0,0.0,0.0,0.0,18.15,0.0,6.869631543245741,0.08120445904505989,-0.23449138957041052,22.6875,-7.0
2020-09-17,94.0,0.0,0.0,1.7,11.05,0.85,6.689186811758879,0.0790714601038971,-0.21772323039653224,13.8125,0.0
2020-09-18,94.0,0.0,0.0,0.0,11.84,0.0,5.685808789995047,0.06721074108831253,-0.20089055513063528,14.8,0.0
2020-09-19,93.0,0.0,0.0,0.0,12.22,0.0,4.832937471495789,0.05712912992506564,-0.18399835165767986,15.275,-1.0
2020-09-20,93.0,0.0,0.0,0.0,11.92,0.0,4.10799685077142,0.04855976043630579,-0.1670516255021195,14.9,0.0
2020-09-21,93.0,0.0,0.0,0.0,13.03,0.0,3.491797323155707,0.04127579637085992,-0.15005539834465262,16.287499999999998,0.0
2020-09-22,93.0,0.0,0.0,0.0,14.62,0.0,2.9680277246823508,0.03508442691523093,-0.13301470653419636,18.275,0.0
2020-09-23,92.0,0.0,0.0,0.0,17.78,0.0,2.5228235659799982,0.02982176287794629,-0.11593459959550066,22.225,-1.0
2020-09-24,92.0,0.0,0.0,0.7,17.85,0.35,2.4944000310829986,0.02948577429385278,-0.09882013873287211,22.3125,0.0
2020-09-25,91.0,0.0,0.0,0.0,18.36,0.0,2.1202400264205488,0.025062908149774864,-0.08167639533042288,22.95,-1.0
2020-09-26,92.0,0.0,0.0,0.0,20.13,0.0,1.8022040224574665,0.021303471927308637,-0.06450844944931625,25.162499999999998,1.0
2020-09-27,91.0,0.0,0.0,0.0,18.87,0.0,1.5318734190888466,0.01810795113821234,-0.04732138832243232,23.587500000000002,-1.0
2020-09-28,92.0,0.0,0.0,0.3,11.8,0.15,1.4520924062255194,0.017164876687879818,-0.03012030484690836,14.75,1.0
2020-09-29,90.0,0.0,0.0,0.0,11.91,0.0,1.2342785452916913,0.014590145184697843,-0.012910296075008843,14.8875,-2.0
2020-09-30,90.0,0.0,0.0,0.0,12.7,0.0,1.0491367634979376,0.012401623406993165,0.004303538296243821,15.875,0.0
2020-10-01,90.0,0.0,0.0,0.0,13.56,0.0,0.891766248973247,0.01054137989594419,0.021516097436222233,16.95,0.0
2020-10-02,90.0,0.0,0.0,0.0,13.5,0.0,0.7580013116272599,0.008960172911552561,0.03872228089217399,16.875,0.0
2020-10-03,89.0,0.0,0.0,0.4,13.96,0.2,0.8443011148831709,0.009980304602018783,0.05591699010060302,17.450000000000003,-1.0
2020-10-04,90.0,0.0,0.0,0.3,17.4,0.15,0.8676559476506953,0.010256377132115295,0.07309512989807776,21.75,1.0
2020-10-05,89.0,0.0,0.0,0.8,15.55,0.4,1.137507555503091,0.01344623581669621,0.0902516100310407,19.4375,-1.0
2020-10-06,90.0,0.0,0.0,6.3,14.23,3.15,4.116881422177627,0.04866478307257769,0.10738134666416306,17.7875,1.0
2020-10-07,91.0,0.0,0.0,0.0,13.39,0.0,3.499349208850983,0.04136506561169104,0.12447926388678869,16.7375,1.0
2020-10-08,90.0,0.0,0.0,0.0,11.05,0.0,2.9744468275233356,0.03516030576993738,0.141540295217043,13.8125,-1.0
2020-10-09,89.0,0.0,0.0,4.4,9.83,2.2,4.728279803394836,0.055891993803636936,0.15855938510313475,12.2875,-1.0
2020-10-10,89.0,0.0,0.0,9.2,9.96,4.6,8.61903783288561,0.10188382015867081,0.17553149042142777,12.450000000000001,0.0
2020-10-11,91.0,0.0,0.0,0.0,9.23,0.0,7.326182157952768,0.08660124713487019,0.19245158197082995,11.537500000000001,2.0
2020-10-12,93.0,0.0,0.0,8.4,7.44,4.2,10.427254834259852,0.12325837023582085,0.20931464596304888,9.3,2.0
2020-10-13,97.0,0.0,0.0,0.0,7.25,0.0,8.863166609120874,0.10476961470044774,0.22611568550828803,9.0625,4.0
2020-10-14,92.0,0.0,0.0,6.2,8.17,3.1,10.633691617752744,0.12569861571696672,0.2428497220959358,10.2125,-5.0
2020-10-15,91.0,0.0,0.0,1.0,7.54,0.5,9.538637875089831,0.11275421742741946,0.25951179706979943,9.425,-1.0
2020-10-16,92.0,0.0,0.0,0.0,5.56,0.0,8.107842193826356,0.09584108481330653,0.27609697309746883,6.949999999999999,1.0
2020-10-17,93.0,0.0,0.0,0.0,3.9,0.0,6.891665864752402,0.08146492209131054,0.2926003356333479,4.875,1.0
2020-10-18,94.0,0.0,0.0,14.1,6.09,7.05,12.90791598503954,0.15258174013638243,0.30901699437494723,7.6125,1.0
2020-10-19,98.0,0.0,0.0,0.9,6.28,0.45,11.421728587283608,0.13501383377712303,0.3253420847119795,7.8500000000000005,4.0
2020-10-20,93.0,0.0,0.0,0.0,4.93,0.0,9.708469299191067,0.11476175871055458,0.341570769167856,6.1625,-5.0
2020-10-21,97.0,0.0,0.0,4.2,9.28,2.1,10.352198904312408,0.122371149989562,0.35769823883312546,11.6,4.0
2020-10-22,93.0,0.0,0.0,0.3,12.2,0.15,8.949369068665547,0.10578859571152703,0.3737197147904692,15.25,-4.0
2020-10-23,98.0,0.0,0.0,4.1,12.08,2.05,9.656963708365716,0.11415292203358882,0.38963044953078774,15.1,5.0
2020-10-24,102.0,0.0,0.0,4.4,11.14,2.2,10.40841915211086,0.12303571762774067,0.4054257283599973,13.925,4.0
2020-10-25,106.0,0.0,0.0,0.0,10.28,0.0,8.84715627929423,0.10458035998357956,0.42110087079608916,12.85,4.0
2020-10-26,114.0,0.0,0.0,0.0,11.18,0.0,7.520082837400095,0.08889330598604263,0.4366512319560638,13.975,8.0
2020-10-27,108.0,0.0,0.0,5.7,11.4,2.85,9.242070411790081,0.10924855627572348,0.45207220393230374,14.25,-6.0
2020-10-28,109.0,0.0,0.0,1.4,9.16,0.7,8.555759850021568,0.10113582452956181,0.46735921715800205,11.45,1.0
2020-10-29,120.0,0.0,0.0,0.6,9.59,0.3,7.5723958725183325,0.0895116872909262,0.48250774176121763,11.9875,11.0
2020-10-30,111.0,0.0,0.0,2.6,8.08,1.3,7.7365364916405825,0.09145195877408145,0.4975132889071803,10.1,-9.0
2020-10-31,114.0,0.0,0.0,0.0,8.02,0.0,6.576056017894495,0.07773416495796924,0.5123714121284235,10.024999999999999,3.0
2020-11-01,104.0,0.0,0.0,0.0,8.02,0.0,5.58964761521032,0.06607404021427385,0.5270777086423724,10.024999999999999,-10.0
2020-11-02,104.0,0.0,0.0,5.9,8.38,2.95,7.701200472928773,0.09103425918331957,0.5416278206559811,10.475000000000001,0.0
2020-11-03,103.0,0.0,0.0,3.0,11.37,1.5,8.046020401989455,0.09511030250981492,0.5560174366570446,14.212499999999999,-1.0
2020-11-04,103.0,0.0,0.0,0.7,8.93,0.35,7.189117341691037,0.0849810329809411,0.5702422926917867,11.1625,0.0
2020-11-05,104.0,0.0,0.0,3.8,9.71,1.9,8.010749740437381,0.09469337549219144,0.5842981736283683,12.137500000000001,1.0
2020-11-06,108.0,0.0,0.0,0.4,10.25,0.2,7.009137279371774,0.08285352679556182,0.5981809144059159,12.8125,4.0
2020-11-07,110.0,0.0,0.0,3.1,9.74,1.55,7.507766687466007,0.08874771938702061,0.6118864012687242,12.175,2.0
2020-11-08,110.0,0.0,0.0,0.2,8.16,0.1,6.4816016843461055,0.07661764029256707,0.6254105729852457,10.2,0.0
2020-11-09,109.0,0.0,0.0,1.2,4.17,0.6,6.1093614316941895,0.07221746713027932,0.6387494220515268,5.2125,-1.0
2020-11-10,107.0,0.0,0.0,0.0,6.47,0.0,5.192957216940061,0.06138484706073743,0.6518989958787125,8.0875,-2.0
2020-11-11,105.0,0.0,0.0,0.0,5.03,0.0,4.414013634399052,0.05217712000162681,0.6648553979642867,6.2875000000000005,-2.0
2020-11-12,103.0,0.0,0.0,0.0,4.66,0.0,3.751911589239194,0.044350552001382784,0.6776147890466887,5.825,-2.0
2020-11-13,102.0,0.0,0.0,0.3,4.32,0.15,3.339124850853315,0.0394710874215747,0.690173388242972,5.4,-1.0
2020-11-14,100.0,0.0,0.0,0.0,5.28,0.0,2.8382561232253174,0.03355042430833849,0.7025274741691566,6.6000000000000005,-2.0
2020-11-15,99.0,0.0,0.0,0.2,7.08,0.1,2.5125177047415197,0.02969993947568727,0.7146733860429608,8.85,-1.0
2020-11-16,99.0,0.0,0.0,3.5,8.23,1.75,3.885640049030292,0.04593132779232635,0.726607524768565,10.287500000000001,0.0
2020-11-17,101.0,0.0,0.0,5.9,8.01,2.95,6.252794041675748,0.0739129536246642,0.7383263540031063,10.0125,2.0
2020-11-18,115.0,0.0,0.0,10.3,10.11,5.15,10.464874935424387,0.12370306948134155,0.749826401204568,12.6375,14.0
2020-11-19,148.0,0.0,0.0,7.4,8.31,3.7,12.595143695110728,0.14888452516232376,0.7611042586607742,10.387500000000001,33.0
2020-11-20,181.0,0.0,0.0,2.7,3.87,1.35,12.055872140844118,0.14250991037156913,0.7721565844991641,4.8375,33.0
2020-11-21,178.0,0.0,0.0,9.0,1.88,4.5,14.747491319717499,0.17432697042781362,0.7829801036770625,2.3499999999999996,-3.0
2020-11-22,200.0,0.0,0.0,18.4,8.02,9.2,21.73536762175987,0.2569291757148004,0.7935716089521472,10.024999999999999,22.0
2020-11-23,245.0,0.0,0.0,0.4,7.48,0.2,18.67506247849589,0.22075395698477943,0.8039279618328208,9.350000000000001,45.0
2020-11-24,235.0,0.0,0.0,8.7,7.4,4.35,20.223803106721505,0.23906129182864302,0.8140460935082175,9.25,-10.0
2020-11-25,216.0,0.0,0.0,0.4,7.95,0.2,17.39023264071328,0.20556625568154568,0.8239230057575536,9.9375,-19.0
2020-11-26,210.0,0.0,0.0,13.7,3.99,6.85,21.631697744606285,0.25570371606088316,0.8335557718385695,4.987500000000001,-6.0
2020-11-27,219.0,0.0,0.0,0.8,3.87,0.4,18.78694308291534,0.22207647390614887,0.8429415373547832,4.8375,9.0
2020-11-28,211.0,0.0,0.0,0.0,1.74,0.0,15.968901620478038,0.18876500282022654,0.8520775211013093,2.175,-8.0
2020-11-29,188.0,0.0,0.0,0.0,0.27,0.0,13.573566377406332,0.16045025239719254,0.8609610158889945,0.3375,-23.0
2020-11-30,170.0,0.0,0.0,3.8,0.79,1.9,13.437531420795382,0.15884221199600518,0.8695893893466109,0.9875,-18.0
2020-12-01,160.0,0.0,0.0,1.5,-0.14,0.75,12.171901707676074,0.14388147129860104,0.8779600847008883,0.0,-10.0
2020-12-02,152.0,0.0,0.0,0.0,-3.06,0.0,10.346116451524663,0.12229925060381087,0.8860706215341377,0.0,-8.0
2020-12-03,144.0,0.0,0.0,0.0,-1.02,0.0,8.794198983795964,0.10395436301323924,0.893918596519257,0.0,-8.0
2020-12-04,137.0,0.0,0.0,0.0,1.8,0.0,7.475069136226569,0.08836120856125336,0.9015016841318838,2.25,-7.0
2020-12-05,132.0,0.0,0.0,0.0,5.76,0.0,6.353808765792584,0.07510702727706535,0.9088176373395028,7.199999999999999,-5.0
2020-12-06,129.0,0.0,0.0,0.0,3.35,0.0,5.400737450923696,0.06384097318550555,0.9158642882672868,4.1875,-3.0
2020-12-07,126.0,0.0,0.0,0.0,-0.33,0.0,4.590626833285142,0.054264827207679715,0.9226395488404875,0.0,-3.0
2020-12-08,123.0,0.0,0.0,0.0,-3.03,0.0,3.90203280829237,0.046125103126527754,0.9291414114031743,0.0,-3.0
2020-12-09,116.0,0.0,0.0,0.2,-3.87,0.1,3.4167278870485145,0.040388416471148145,0.935367949313148,0.0,-7.0
2020-12-10,104.0,0.0,0.0,0.0,-2.25,0.0,2.904218703991237,0.03433015400047592,0.941317317512847,0.0,-12.0
2020-12-11,117.0,0.0,0.0,0.3,-0.28,0.15,2.6185858983925514,0.03095374912080386,0.946987753076075,0.0,13.0
2020-12-12,109.0,0.0,0.0,0.0,0.22,0.0,2.2257980136336686,0.02631068675268328,0.9523775757303973,0.275,-8.0
2020-12-13,112.0,0.0,0.0,0.0,-1.79,0.0,1.8919283115886183,0.02236408373978079,0.9574851883550389,0.0,3.0
2020-12-14,104.0,0.0,0.0,0.4,0.13,0.2,1.8081390648503255,0.021373628806012773,0.9623090774541487,0.1625,-8.0
2020-12-15,110.0,0.0,0.0,0.0,0.69,0.0,1.5369182051227765,0.018167584485110855,0.9668478136052773,0.8624999999999999,6.0
2020-12-16,103.0,0.0,0.0,2.3,3.76,1.15,2.45638047435436,0.029036353168739083,0.9711000518829505,4.699999999999999,-7.0
2020-12-17,109.0,0.0,0.0,0.0,4.6,0.0,2.087923403201206,0.024680900193428223,0.9750645322571945,5.75,6.0
2020-12-18,107.0,0.0,0.0,11.4,5.88,5.7,7.474734892721026,0.0883572575395885,0.9787400799669153,7.35,-2.0
2020-12-19,129.0,0.0,0.0,0.0,3.48,0.0,6.353524658812872,0.07510366890865022,0.9821256058680006,4.35,22.0
2020-12-20,134.0,0.0,0.0,0.0,1.23,0.0,5.400495959990941,0.06383811857235269,0.9852201067560606,1.5375,5.0
2020-12-21,130.0,0.0,0.0,2.6,1.68,1.3,5.8904215659923,0.06962942536329397,0.9880226656636976,2.1,-4.0
2020-12-22,129.0,0.0,0.0,5.1,2.07,2.55,7.556858331093455,0.08932802130558846,0.9905324521322227,2.5875,-1.0
2020-12-23,133.0,0.0,0.0,0.7,4.65,0.35,6.7733295814294365,0.08006609395734864,0.9927487224577402,5.8125,4.0
2020-12-24,139.0,0.0,0.0,10.8,1.12,5.4,11.15733014421502,0.13188843579812218,0.9946708199115211,1.4000000000000001,6.0
2020-12-25,154.0,0.0,0.0,1.7,0.16,0.85,10.333730622582767,0.12215284034400004,0.9962981749346077,0.2,15.0
2020-12-26,154.0,0.0,0.0,1.8,-0.85,0.9,9.683671029195352,0.11446862361479601,0.9976303053065857,0.0,0.0
2020-12-27,148.0,0.0,0.0,0.0,-1.07,0.0,8.231120374816049,0.0972983300725766,0.9986668162884759,0.0,-6.0
2020-12-28,141.0,0.0,0.0,0.5,0.92,0.25,7.246452318593642,0.085658777595689,0.9994074007397048,1.1500000000000001,-7.0
2020-12-29,144.0,0.0,0.0,9.2,3.68,4.6,10.759484470804594,0.12718558638191504,0.9998518392091162,4.6000000000000005,3.0
2020-12-30,198.0,0.0,0.0,0.0,1.63,0.0,9.145561800183904,0.10810774842462778,1.0,2.0374999999999996,54.0
2020-12-31,222.0,0.0,0.0,0.0,-0.1,0.0,7.773727530156318,0.09189158616093361,0.9998518392091162,0.0,24.0
2021-01-01,183.0,0.0,0.0,0.0,-2.55,0.0,6.60766840063287,0.07810784823679356,0.9998518392091162,0.0,-39.0
2021-01-02,161.0,0.0,0.0,0.5,-1.25,0.25,5.86651814053794,0.06934686803527342,0.9994074007397048,0.0,-22.0
2021-01-03,146.0,0.0,0.0,0.0,-1.33,0.0,4.986540419457248,0.058944837829982395,0.998666816288476,0.0,-15.0
2021-01-04,136.0,0.0,0.0,0.1,-0.97,0.05,4.288559356538661,0.050694151562284816,0.9976303053065857,0.0,-10.0
2021-01-05,130.0,0.0,0.0,1.5,0.16,0.75,4.395275453057861,0.05195561992993873,0.9962981749346078,0.2,-6.0
2021-01-06,126.0,0.0,0.0,0.4,0.43,0.2,3.935984135099182,0.046526434567647025,0.9946708199115211,0.5375,-4.0
2021-01-07,124.0,0.0,0.0,0.4,0.35,0.2,3.5455865148343046,0.041911627009699075,0.9927487224577402,0.4375,-2.0
2021-01-08,124.0,0.0,0.0,2.6,-0.31,1.3,4.313748537609159,0.050991907535038405,0.9905324521322229,0.0,0.0
2021-01-09,120.0,0.0,0.0,2.3,-2.52,1.15,4.816686256967785,0.05693702776117749,0.9880226656636976,0.0,-4.0
2021-01-10,120.0,0.0,0.0,0.3,-2.76,0.15,4.244183318422617,0.050169591817400196,0.9852201067560606,0.0,0.0
2021-01-11,118.0,0.0,0.0,2.6,-0.27,1.3,4.9075558206592245,0.05801117762158435,0.9821256058680006,0.0,-2.0
2021-01-12,118.0,0.0,0.0,13.4,-0.64,6.7,10.871422447560342,0.12850878148951675,0.9787400799669153,0.0,0.0
2021-01-13,118.0,0.0,0.0,1.7,-1.72,0.85,10.09070908042629,0.11928013418168543,0.9750645322571948,0.0,0.0
2021-01-14,118.0,0.0,0.0,0.0,-4.1,0.0,8.577102718362346,0.1013881140544326,0.9711000518829505,0.0,0.0
2021-01-15,110.0,0.0,0.0,0.0,-8.94,0.0,7.290537310607993,0.0861798969462677,0.9668478136052775,0.0,-8.0
2021-01-16,104.0,0.0,0.0,2.5,-12.13,1.25,7.446956714016794,0.08802889757432196,0.9623090774541486,0.0,-6.0
2021-01-17,118.0,0.0,0.0,0.0,-19.95,0.0,6.329913206914275,0.07482456293817366,0.9574851883550393,0.0,14.0
2021-01-18,130.0,0.0,0.0,1.7,-11.25,0.85,6.2304262258771335,0.0736485484130438,0.9523775757303974,0.0,12.0
2021-01-19,123.0,0.0,0.0,0.0,-9.34,0.0,5.295862291995563,0.06260126615108723,0.9469877530760753,0.0,-7.0
2021-01-20,116.0,0.0,0.0,8.0,-5.05,4.0,8.501482948196228,0.10049422877240625,0.9413173175128471,0.0,-7.0
2021-01-21,118.0,0.0,0.0,1.1,2.45,0.55,7.7762605059667935,0.09192152793134284,0.9353679493131483,3.0625,2.0
2021-01-22,125.0,0.0,0.0,0.3,3.09,0.15,6.759821430071774,0.07990641696204075,0.9291414114031743,3.8625,7.0
2021-01-23,137.0,0.0,0.0,7.4,2.1,3.7,9.445848215561007,0.11165737052091806,0.9226395488404876,2.625,12.0
2021-01-24,184.0,0.0,0.0,2.8,1.09,1.4,9.428970983226856,0.1114578683331741,0.9158642882672872,1.3625,47.0
2021-01-25,208.0,0.0,0.0,0.3,0.42,0.15,8.164625335742828,0.09651230630359732,0.9088176373395029,0.525,24.0
2021-01-26,208.0,0.0,0.0,0.5,0.55,0.25,7.189931535381404,0.08499065739205659,0.901501684131884,0.6875,0.0
2021-01-27,185.0,0.0,0.0,2.4,0.46,1.2,7.311441805074193,0.08642700454644274,0.893918596519257,0.5750000000000001,-23.0
2021-01-28,172.0,0.0,0.0,3.6,-1.1,1.8,8.014725534313065,0.09474037250926828,0.886070621534138,0.0,-13.0
2021-01-29,158.0,0.0,0.0,1.9,-3.77,0.95,7.762516704166106,0.0917590653620738,0.8779600847008882,0.0,-14.0
2021-01-30,149.0,0.0,0.0,0.3,-1.67,0.15,6.74813919854119,0.07976832377816206,0.869589389346611,0.0,-9.0
2021-01-31,139.0,0.0,0.0,7.9,-0.82,3.95,9.685918318760011,0.11449518834862007,0.8609610158889943,0.0,-10.0
2021-02-01,136.0,0.0,0.0,1.6,-4.08,0.8,9.03303057094601,0.1067775406051235,0.8520775211013093,0.0,-3.0
2021-02-02,122.0,0.0,0.0,1.3,-4.04,0.65,8.328075985304109,0.09844442180275206,0.8429415373547828,0.0,-14.0
2021-02-03,140.0,0.0,0.0,0.0,-2.54,0.0,7.078864587508492,0.08367775853233925,0.8335557718385699,0.0,18.0
2021-02-04,126.0,0.0,0.0,0.0,-7.46,0.0,6.017034899382218,0.07112609475248836,0.8239230057575542,0.0,-14.0
2021-02-05,119.0,0.0,0.0,0.6,-11.22,0.3,5.414479664474885,0.06400341698041376,0.8140460935082178,0.0,-7.0
2021-02-06,112.0,0.0,0.0,0.0,-16.5,0.0,4.602307714803652,0.0544029044333517,0.8039279618328213,0.0,-7.0
2021-02-07,133.0,0.0,0.0,0.3,-15.89,0.15,4.061961557583104,0.04801558698874827,0.7935716089521474,0.0,21.0
2021-02-08,147.0,0.0,0.0,0.0,-12.51,0.0,3.4526673239456387,0.04081324894043603,0.7829801036770629,0.0,14.0
2021-02-09,148.0,0.0,0.0,1.0,-9.04,0.5,3.434767225353793,0.04060165566736839,0.7721565844991642,0.0,1.0
2021-02-10,143.0,0.0,0.0,0.6,-11.9,0.3,3.219552141550724,0.03805764375806179,0.7611042586607747,0.0,-5.0
2021-02-11,141.0,0.0,0.0,0.0,-11.96,0.0,2.7366193203181153,0.03234899719435252,0.7498264012045686,0.0,-2.0
2021-02-12,140.0,0.0,0.0,0.0,-10.97,0.0,2.326126422270398,0.027496647615199644,0.7383263540031065,0.0,-1.0
2021-02-13,130.0,0.0,0.0,0.0,-2.08,0.0,1.9772074589298383,0.023372150472919694,0.7266075247685656,0.0,-10.0
2021-02-14,126.0,0.0,0.0,0.9,-0.8,0.45,2.1306263400903624,0.025185682563179726,0.7146733860429609,0.0,-4.0
2021-02-15,118.0,0.0,0.0,0.0,-4.48,0.0,1.811032389076808,0.021407830178702767,0.702527474169157,0.0,-8.0
2021-02-16,112.0,0.0,0.0,0.0,-5.71,0.0,1.5393775307152868,0.01819665565189735,0.6901733882429719,0.0,-6.0
2021-02-17,112.0,0.0,0.0,0.0,-7.88,0.0,1.3084709011079938,0.01546715730411275,0.6776147890466889,0.0,0.0
2021-02-18,111.0,0.0,0.0,0.0,-12.64,0.0,1.1122002659417947,0.013147083708495835,0.6648553979642865,0.0,-1.0
2021-02-19,110.0,0.0,0.0,0.0,-7.77,0.0,0.9453702260505255,0.01117502115222146,0.6518989958787126,0.0,-1.0
2021-02-20,104.0,0.0,0.0,0.4,-0.03,0.2,1.0035646921429466,0.011862925606587346,0.6387494220515272,0.0,-6.0
2021-02-21,108.0,0.0,0.0,0.0,2.7,0.0,0.8530299883215046,0.010083486765599245,0.6254105729852463,3.375,4.0
2021-02-22,104.0,0.0,0.0,0.0,1.52,0.0,0.7250754900732789,0.008570963750759357,0.6118864012687243,1.9,-4.0
2021-02-23,104.0,0.0,0.0,0.0,1.83,0.0,0.616314166562287,0.007285319188145453,0.5981809144059164,2.2875,0.0
2021-02-24,111.0,0.0,0.0,0.0,4.3,0.0,0.523867041577944,0.006192521309923635,0.5842981736283683,5.375,7.0
2021-02-25,152.0,0.0,0.0,0.2,7.52,0.1,0.5452869853412523,0.006445721927034642,0.5702422926917871,9.399999999999999,41.0
2021-02-26,218.0,0.0,0.0,0.0,3.77,0.0,0.46349393754006446,0.005478863637979446,0.5560174366570446,4.7125,66.0
2021-02-27,245.0,0.0,0.0,0.0,2.8,0.0,0.3939698469090548,0.004657034092282529,0.5416278206559814,3.5,27.0
2021-02-28,224.0,0.0,0.0,0.0,2.72,0.0,0.3348743698726966,0.00395847897844015,0.5270777086423722,3.4000000000000004,-21.0
2021-03-01,193.0,0.0,0.0,0.0,0.76,0.0,0.2846432143917921,0.003364707131674127,0.5123714121284237,0.95,-31.0
2021-03-02,179.0,0.0,0.0,0.0,3.23,0.0,0.24194673223302327,0.002860001061923008,0.49751328890718066,4.0375,-14.0
2021-03-03,167.0,0.0,0.0,0.0,0.15,0.0,0.20565472239806978,0.002431000902634557,0.48250774176121847,0.1875,-12.0
2021-03-04,156.0,0.0,0.0,0.0,0.51,0.0,0.1748065140383593,0.0020663507672393734,0.46735921715800227,0.6375,-11.0
2021-03-05,148.0,0.0,0.0,0.0,-1.71,0.0,0.1485855369326054,0.001756398152153467,0.45207220393230435,0.0,-8.0
2021-03-06,139.0,0.0,0.0,0.0,-0.38,0.0,0.1262977063927146,0.0014929384293304471,0.43665123195606403,0.0,-9.0
2021-03-07,132.0,0.0,0.0,0.2,0.85,0.1,0.20735305043380742,0.0024510764785304327,0.4211008707960896,1.0625,-7.0
2021-03-08,130.0,0.0,0.0,0.0,-2.34,0.0,0.1762500928687363,0.002083415006750868,0.40542572835999735,0.0,-2.0
2021-03-09,124.0,0.0,0.0,0.0,-3.07,0.0,0.14981257893842587,0.0017709027557382378,0.38963044953078796,0.0,-6.0
2021-03-10,122.0,0.0,0.0,1.9,-1.06,0.95,1.077340692097662,0.012735016071573253,0.37371971479046906,0.0,-2.0
2021-03-11,118.0,0.0,0.0,5.6,-1.29,2.8,3.7157395882830127,0.04392297044162474,0.35769823883312546,0.0,-4.0
2021-03-12,130.0,0.0,0.0,15.0,3.03,7.5,10.65837865004056,0.12599043589534747,0.3415707691678556,3.7874999999999996,12.0
2021-03-13,198.0,0.0,0.0,9.2,3.04,4.6,13.659621852534476,0.16146749593662477,0.3253420847119801,3.8,68.0
2021-03-14,258.0,0.0,0.0,6.7,3.06,3.35,14.960678574654304,0.17684701180171608,0.30901699437494745,3.825,60.0
2021-03-15,300.0,0.0,0.0,4.2,2.46,2.1,14.816576788456159,0.17514361511704926,0.29260033563334836,3.075,42.0
2021-03-16,272.0,0.0,0.0,7.1,1.23,3.55,16.144090270187736,0.190835870732276,0.27609697309746883,1.5375,-28.0
2021-03-17,232.0,0.0,0.0,0.0,0.86,0.0,13.722476729659574,0.16221049012243458,0.2595117970697999,1.075,-40.0
2021-03-18,207.0,0.0,0.0,0.0,-0.2,0.0,11.664105220210638,0.1378789166040694,0.2428497220959356,0.0,-25.0
2021-03-19,182.0,0.0,0.0,0.9,-2.7,0.45,10.364489437179042,0.12251643377465697,0.22611568550828828,0.0,-25.0
2021-03-20,164.0,0.0,0.0,3.6,-2.52,1.8,10.609816021602187,0.1254163873532504,0.20931464596304847,0.0,-18.0
2021-03-21,159.0,0.0,0.0,5.4,1.73,2.7,11.71834361836186,0.13852005721745078,0.19245158197082998,2.1625,-5.0
2021-03-22,169.0,0.0,0.0,0.0,2.35,0.0,9.96059207560758,0.11774204863483315,0.1755314904214282,2.9375,10.0
2021-03-23,166.0,0.0,0.0,0.0,4.14,0.0,8.466503264266443,0.10008074133960816,0.15855938510313478,5.175,-3.0
2021-03-24,158.0,0.0,0.0,0.0,3.48,0.0,7.196527774626476,0.08506863013866695,0.141540295217043,4.35,-8.0
2021-03-25,152.0,0.0,0.0,0.0,4.75,0.0,6.117048608432505,0.0723083356178669,0.12447926388678915,5.9375,-6.0
2021-03-26,148.0,0.0,0.0,0.0,4.43,0.0,5.199491317167629,0.061462085275186866,0.10738134666416309,5.5375,-4.0
2021-03-27,144.0,0.0,0.0,3.3,8.13,1.65,6.069567619592485,0.07174707290830146,0.09025161003104117,10.162500000000001,-4.0
2021-03-28,139.0,0.0,0.0,0.0,4.6,0.0,5.159132476653612,0.06098501197205624,0.07309512989807777,5.75,-5.0
2021-03-29,138.0,0.0,0.0,26.9,6.02,13.45,17.83526260515557,0.21082686060538763,0.055916990100603484,7.5249999999999995,-1.0
2021-03-30,170.0,0.0,0.0,1.8,6.44,0.9,16.059973214382232,0.18984154083697544,0.03872228089217446,8.05,32.0
2021-03-31,173.0,0.0,0.0,0.0,4.49,0.0,13.650977232224896,0.1613653097114291,0.021516097436222254,5.612500000000001,3.0
2021-04-01,170.0,0.0,0.0,6.8,3.07,3.4,15.003330647391161,0.17735119291709953,0.004303538296244289,3.8375,-3.0
2021-04-02,182.0,0.0,0.0,0.0,2.2,0.0,12.752831050282486,0.1507485139795346,-0.01291029607500882,2.75,12.0
2021-04-03,177.0,0.0,0.0,0.0,2.62,0.0,10.839906392740113,0.1281362368826044,-0.030120304846908114,3.2750000000000004,-5.0
2021-04-04,162.0,0.0,0.0,0.0,2.94,0.0,9.213920433829097,0.10891580135021374,-0.04732138832243185,3.675,-15.0
2021-04-05,154.0,0.0,0.0,7.5,2.31,3.75,11.581832368754732,0.1369063866576649,-0.06450844944931623,2.8875,-8.0
2021-04-06,161.0,0.0,0.0,0.5,2.08,0.25,10.094557513441522,0.11932562569301405,-0.08167639533042241,2.6,7.0
2021-04-07,164.0,0.0,0.0,3.3,2.54,1.65,10.230373886425294,0.12093108226345457,-0.09882013873287143,3.175,3.0
2021-04-08,164.0,0.0,0.0,0.0,3.88,0.0,8.6958178034615,0.10279141992393638,-0.11593459959550041,4.85,0.0
2021-04-09,160.0,0.0,0.0,0.0,5.71,0.0,7.391445132942275,0.08737270693534592,-0.1330147065341959,7.1375,-4.0
2021-04-10,152.0,0.0,0.0,0.2,3.99,0.1,6.3827283630009335,0.07544887970864358,-0.1500553983446526,4.987500000000001,-8.0
2021-04-11,143.0,0.0,0.0,0.0,7.75,0.0,5.425319108550793,0.06413154775234704,-0.16705162550211924,9.6875,-9.0
2021-04-12,137.0,0.0,0.0,0.0,8.65,0.0,4.611521242268174,0.054511815589494986,-0.18399835165768005,10.8125,-6.0
2021-04-13,130.0,0.0,0.0,0.0,4.05,0.0,3.919793055927948,0.04633504325107074,-0.20089055513063506,5.0625,-7.0
2021-04-14,126.0,0.0,0.0,0.0,5.45,0.0,3.331824097538756,0.039384786763410125,-0.21772323039653177,6.8125,-4.0
2021-04-15,124.0,0.0,0.0,0.4,6.91,0.2,3.0320504829079424,0.03584122637609771,-0.23449138957040985,8.6375,-2.0
2021-04-16,122.0,0.0,0.0,0.5,8.2,0.25,2.827242910471751,0.03342023945368194,-0.25119006388481935,10.25,-2.0
2021-04-17,117.0,0.0,0.0,0.0,12.0,0.0,2.4031564739009883,0.028407203535629647,-0.2678143051621742,15.0,-5.0
2021-04-18,114.0,0.0,0.0,0.0,13.43,0.0,2.04268300281584,0.024146123005285198,-0.2843591872810034,16.7875,-3.0
2021-04-19,112.0,0.0,0.0,0.0,12.37,0.0,1.7362805523934637,0.020524204554492415,-0.30081980763566735,15.462499999999999,-2.0
2021-04-20,111.0,0.0,0.0,0.0,10.47,0.0,1.4758384695344442,0.017445573871318554,-0.3171912885891061,13.0875,-1.0
2021-04-21,110.0,0.0,0.0,0.0,7.19,0.0,1.2544626991042775,0.01482873779062077,-0.3334687789181868,8.9875,-1.0
2021-04-22,109.0,0.0,0.0,4.9,4.12,2.45,3.5162932942386362,0.041565358055216696,-0.3496474552512284,5.15,-1.0
2021-04-23,109.0,0.0,0.0,4.0,2.74,2.0,4.9888493001028404,0.05897213061892524,-0.36572252349726897,3.4250000000000003,0.0
2021-04-24,109.0,0.0,0.0,0.4,3.07,0.2,4.440521905087414,0.05249046865328556,-0.3816892202666588,3.8375,0.0
2021-04-25,110.0,0.0,0.0,1.2,2.5,0.6,4.3744436193243015,0.05170937123689003,-0.39754281428255595,3.125,1.0
2021-04-26,111.0,0.0,0.0,3.7,1.76,1.85,5.568277076425656,0.06582142360294825,-0.4132786077829042,2.2,1.0
2021-04-27,111.0,0.0,0.0,1.4,2.78,0.7,5.433035514961808,0.06422276175770289,-0.4288919379124835,3.4749999999999996,0.0
2021-04-28,108.0,0.0,0.0,0.0,4.87,0.0,4.618080187717537,0.05458934749404745,-0.4443781781046132,6.0875,-3.0
2021-04-29,108.0,0.0,0.0,5.1,9.93,2.55,6.475368159559906,0.07654395511672893,-0.45973273945210397,12.4125,0.0
2021-04-30,108.0,0.0,0.0,2.1,6.2,1.05,6.55406293562592,0.07747418939201489,-0.47495107206704995,7.75,0.0
2021-05-01,114.0,0.0,0.0,0.0,6.19,0.0,5.570953495282032,0.06585306098321266,-0.49002866642905923,7.737500000000001,6.0
2021-05-02,114.0,0.0,0.0,5.5,5.57,2.75,7.4853104709897265,0.08848226920971845,-0.5049610547215204,6.9625,0.0
2021-05-03,114.0,0.0,0.0,5.7,4.55,2.85,9.212513900341268,0.10889917501584793,-0.5197438121555155,5.6875,0.0
2021-05-04,142.0,0.0,0.0,1.5,7.22,0.75,8.580636815290077,0.10142988986546739,-0.5343725582809787,9.025,28.0
2021-05-05,144.0,0.0,0.0,1.0,9.02,0.5,7.793541292996566,0.09212580045364505,-0.548842958284719,11.274999999999999,2.0
2021-05-06,139.0,0.0,0.0,10.6,5.53,5.3,11.92451009904708,0.14095710750637455,-0.5631507242749186,6.9125000000000005,-5.0
2021-05-07,161.0,0.0,0.0,0.0,5.96,0.0,10.135833584190017,0.11981354138041837,-0.5772916165517272,7.45,22.0
2021-05-08,169.0,0.0,0.0,0.0,5.19,0.0,8.615458546561515,0.10184151017335562,-0.5912614448635781,6.487500000000001,8.0
2021-05-09,153.0,0.0,0.0,0.0,9.97,0.0,7.323139764577287,0.08656528364735228,-0.6050560696488488,12.4625,-16.0
2021-05-10,143.0,0.0,0.0,0.0,17.62,0.0,6.2246687998906935,0.07358049110024942,-0.6186714032625031,22.025000000000002,-10.0
2021-05-11,133.0,0.0,0.0,0.0,20.1,0.0,5.2909684799070895,0.06254341743521201,-0.6321034111873487,25.125,-10.0
2021-05-12,125.0,0.0,0.0,0.0,19.72,0.0,4.497323207921026,0.05316190481993021,-0.6453481132295501,24.65,-8.0
2021-05-13,118.0,0.0,0.0,0.0,14.7,0.0,3.822724726732872,0.045187619096940676,-0.6584015846980488,18.375,-7.0
2021-05-14,114.0,0.0,0.0,7.5,10.76,3.75,6.999316017722942,0.08273743174238281,-0.6712599575675313,13.45,-4.0
2021-05-15,114.0,0.0,0.0,0.0,10.18,0.0,5.9494186150645,0.07032681698102539,-0.6839194216246106,12.725,0.0
2021-05-16,114.0,0.0,0.0,2.5,12.51,1.25,6.307005822804825,0.07455377960386599,-0.6963762255968722,15.6375,0.0
2021-05-17,113.0,0.0,0.0,0.7,14.6,0.35,5.710954949384101,0.06750798851088452,-0.7086266782644596,18.25,-1.0
2021-05-18,112.0,0.0,0.0,0.0,13.24,0.0,4.854311706976486,0.05738179023425184,-0.7206671495538609,16.55,-1.0
2021-05-19,105.0,0.0,0.0,0.0,12.07,0.0,4.126164950930013,0.048774521699114066,-0.7324940716135789,15.0875,-7.0
2021-05-20,106.0,0.0,0.0,0.0,11.19,0.0,3.507240208290511,0.04145834344424695,-0.7441039398713607,13.987499999999999,1.0
2021-05-21,110.0,0.0,0.0,5.1,10.97,2.55,5.531154177046934,0.06538260167439851,-0.7554933140726803,13.7125,4.0
2021-05-22,106.0,0.0,0.0,2.2,12.62,1.1,5.801481050489894,0.0685780783728338,-0.766658819300159,15.774999999999999,-4.0
2021-05-23,106.0,0.0,0.0,1.4,10.5,0.7,5.63125889291641,0.06656591831210561,-0.777597146973627,13.125,0.0
2021-05-24,102.0,0.0,0.0,0.0,12.43,0.0,4.786570058978948,0.05658103056528976,-0.7883050558305255,15.5375,-4.0
2021-05-25,100.0,0.0,0.0,6.4,12.5,3.2,7.268584550132106,0.08592039801568198,-0.7987793728863649,15.625,-2.0
2021-05-26,110.0,0.0,0.0,11.3,10.49,5.65,11.828296867612291,0.13981979128170444,-0.8090169943749473,13.1125,10.0
2021-05-27,122.0,0.0,0.0,1.2,11.16,0.6,10.654052337470446,0.12593929547104607,-0.8190148866680801,13.95,12.0
2021-05-28,126.0,0.0,0.0,1.5,9.99,0.75,9.80594448684988,0.1159139922523858,-0.8287700871745037,12.4875,4.0
2021-05-29,123.0,0.0,0.0,0.0,10.3,0.0,8.335052813822397,0.09852689341452793,-0.8382797052177743,12.875,-3.0
2021-05-30,121.0,0.0,0.0,0.0,12.23,0.0,7.084794891749038,0.08374785940234873,-0.8475409228928311,15.287500000000001,-2.0
2021-05-31,116.0,0.0,0.0,0.3,11.98,0.15,6.1720756579866825,0.07295879871239576,-0.8565509959010036,14.975000000000001,-5.0
2021-06-01,109.0,0.0,0.0,0.0,14.13,0.0,5.24626430928868,0.062014978905536394,-0.865307254363206,17.6625,-7.0
2021-06-02,110.0,0.0,0.0,0.0,16.15,0.0,4.459324662895378,0.05271273206970594,-0.8738071036110808,20.1875,1.0
2021-06-03,107.0,0.0,0.0,0.0,17.47,0.0,3.7904259634610713,0.04480582225925005,-0.8820480249558537,21.8375,-3.0
2021-06-04,99.0,0.0,0.0,0.0,16.47,0.0,3.2218620689419106,0.03808494892036254,-0.8900275764346767,20.5875,-8.0
2021-06-05,105.0,0.0,0.0,0.0,18.15,0.0,2.738582758600624,0.03237220658230816,-0.8977433935342337,22.6875,6.0
2021-06-06,101.0,0.0,0.0,0.0,16.89,0.0,2.3277953448105304,0.027516375594961933,-0.9051931898913974,21.1125,-4.0
2021-06-07,97.0,0.0,0.0,0.0,18.53,0.0,1.9786260430889508,0.023388919255717643,-0.9123747579707273,23.1625,-4.0
2021-06-08,104.0,0.0,0.0,0.0,18.14,0.0,1.6818321366256082,0.019880581367359998,-0.9192859697186104,22.675,7.0
2021-06-09,96.0,0.0,0.0,0.0,17.37,0.0,1.429557316131767,0.016898494162255997,-0.9259247771938498,21.712500000000002,-8.0
2021-06-10,96.0,0.0,0.0,0.0,17.1,0.0,1.2151237187120019,0.014363720037917598,-0.9322892131745133,21.375,0.0
2021-06-11,98.0,0.0,0.0,0.0,18.06,0.0,1.0328551609052015,0.012209162032229956,-0.9383773917408641,22.575,2.0
2021-06-12,112.0,0.0,0.0,10.7,14.92,5.35,6.227926886769421,0.07361900425497152,-0.9441875088341993,18.65,14.0
2021-06-13,118.0,0.0,0.0,0.2,14.92,0.1,5.393737853754007,0.06375823243032534,-0.9497178427914316,18.65,6.0
2021-06-14,109.0,0.0,0.0,0.0,15.31,0.0,4.5846771756909055,0.05419449756577654,-0.9549667548552551,19.1375,-9.0
2021-06-15,104.0,0.0,0.0,0.2,14.61,0.1,3.9969755993372695,0.04724740174450961,-0.9599326896597447,18.2625,-5.0
2021-06-16,104.0,0.0,0.0,0.0,14.83,0.0,3.397429259436679,0.04016029148283316,-0.9646141756912435,18.5375,0.0
2021-06-17,107.0,0.0,0.0,0.0,18.81,0.0,2.887814870521177,0.03413624776040819,-0.9690098257244062,23.5125,3.0
2021-06-18,101.0,0.0,0.0,0.0,22.35,0.0,2.4546426399430006,0.02901581059634696,-0.9731183372332619,27.9375,-6.0
2021-06-19,101.0,0.0,0.0,0.0,23.99,0.0,2.0864462439515505,0.024663439006894917,-0.9769384927771817,29.987499999999997,0.0
2021-06-20,101.0,0.0,0.0,0.0,25.58,0.0,1.773479307358818,0.02096392315586068,-0.980469160361632,31.974999999999998,0.0
2021-06-21,101.0,0.0,0.0,0.0,26.65,0.0,1.5074574112549952,0.017819334682481577,-0.9837092937736097,33.3125,0.0
2021-06-22,102.0,0.0,0.0,0.0,25.83,0.0,1.2813387995667458,0.015146434480109338,-0.986657932891657,32.287499999999994,1.0
2021-06-23,102.0,0.0,0.0,5.2,20.92,2.6,3.689137979631734,0.04360851846168131,-0.9893142039703663,26.150000000000002,0.0
2021-06-24,100.0,0.0,0.0,0.0,20.37,0.0,3.135767282686974,0.03706724069242911,-0.99167731989929,25.462500000000002,-2.0
2021-06-25,104.0,0.0,0.0,0.0,19.41,0.0,2.6654021902839276,0.03150715458856474,-0.993746580436178,24.2625,4.0
2021-06-26,99.0,0.0,0.0,0.0,18.12,0.0,2.2655918617413384,0.02678108140028003,-0.9955213724144752,22.650000000000002,-5.0
2021-06-27,100.0,0.0,0.0,0.0,18.63,0.0,1.9257530824801377,0.022763919190238027,-0.9970011699250151,23.287499999999998,1.0
2021-06-28,100.0,0.0,0.0,0.0,18.42,0.0,1.636890120108117,0.01934933131170232,-0.9981855344718586,23.025000000000002,0.0
2021-06-29,104.0,0.0,0.0,0.0,19.02,0.0,1.3913566020918995,0.016446931614946973,-0.99907411510223,23.775,4.0
2021-06-30,102.0,0.0,0.0,0.0,21.75,0.0,1.1826531117781145,0.013979891872704927,-0.9996666485105112,27.1875,-2.0
2021-07-01,103.0,0.0,0.0,0.0,21.27,0.0,1.0052551450113973,0.011882908091799189,-0.9999629591162655,26.5875,1.0
2021-07-02,105.0,0.0,0.0,0.4,21.8,0.2,1.0544668732596878,0.012464629505228416,-0.9999629591162655,27.25,2.0
2021-07-03,107.0,0.0,0.0,0.0,21.55,0.0,0.8962968422707346,0.010594935079444152,-0.9996666485105112,26.9375,2.0
2021-07-04,104.0,0.0,0.0,0.0,21.25,0.0,0.7618523159301244,0.00900569481752753,-0.99907411510223,26.5625,-3.0
2021-07-05,103.0,0.0,0.0,6.5,20.15,3.25,3.897574468540606,0.04607240203688386,-0.9981855344718586,25.1875,-1.0
2021-07-06,105.0,0.0,0.0,0.0,21.68,0.0,3.312938298259515,0.03916154173135128,-0.9970011699250151,27.1,2.0
2021-07-07,107.0,0.0,0.0,0.0,24.32,0.0,2.8159975535205874,0.03328731047164859,-0.9955213724144752,30.4,2.0
2021-07-08,102.0,0.0,0.0,1.5,21.33,0.75,3.1435979204924993,0.03715980500289794,-0.9937465804361781,26.662499999999998,-5.0
2021-07-09,102.0,0.0,0.0,4.8,23.93,2.4,5.072058232418624,0.05995572577885251,-0.99167731989929,29.9125,0.0
2021-07-10,104.0,0.0,0.0,1.1,21.07,0.55,4.86124949755583,0.057463800386822174,-0.9893142039703664,26.3375,2.0
2021-07-11,104.0,0.0,0.0,0.0,20.48,0.0,4.132062072922456,0.04884423032879885,-0.9866579328916572,25.6,0.0
2021-07-12,108.0,0.0,0.0,0.0,24.88,0.0,3.5122527619840875,0.04151759577947902,-0.9837092937736098,31.099999999999998,4.0
2021-07-13,107.0,0.0,0.0,0.0,25.43,0.0,2.9854148476864744,0.035289956412557166,-0.9804691603616321,31.7875,-1.0
2021-07-14,102.0,0.0,0.0,0.0,21.01,0.0,2.537602620533503,0.02999646295067359,-0.9769384927771817,26.262500000000003,-5.0
2021-07-15,100.0,0.0,0.0,0.0,26.74,0.0,2.1569622274534774,0.025496993508072552,-0.973118337233262,33.425,-2.0
2021-07-16,99.0,0.0,24.27,0.0,25.27,0.0,1.8334178933354557,0.021672444481861668,-0.9690098257244063,61.925,-1.0
2021-07-17,98.0,0.0,23.26,0.5,23.65,0.25,1.8084052093351373,0.021376774843581296,-0.9646141756912435,58.637499999999996,-1.0
2021-07-18,97.0,0.0,20.17,0.1,20.61,0.05,1.5871444279348668,0.01876129802384388,-0.9599326896597445,50.975,-1.0
2021-07-19,96.0,0.2,19.15,0.0,19.64,0.1,1.4490727637446368,0.01712918213386685,-0.9549667548552553,48.4875,-1.0
2021-07-20,95.0,0.0,18.9,0.0,19.01,0.0,1.2317118491829413,0.014559804813786823,-0.9497178427914317,47.387499999999996,-1.0
2021-07-21,95.0,0.0,18.85,0.1,19.19,0.05,1.0969550718055001,0.012966873498518577,-0.9441875088341994,47.55000000000001,0.0
2021-07-22,94.0,0.0,18.05,0.0,17.75,0.0,0.9324118110346751,0.01102184247374079,-0.9383773917408642,44.75,-1.0
2021-07-23,94.0,0.0,19.52,0.0,18.88,0.0,0.7925500393794738,0.00936856610267967,-0.9322892131745134,48.0,0.0
2021-07-24,93.0,0.0,17.28,0.0,18.31,0.0,0.6736675334725527,0.00796328118727772,-0.9259247771938499,44.487500000000004,-1.0
2021-07-25,93.0,0.0,21.89,0.0,22.05,0.0,0.5726174034516698,0.006768789009186062,-0.9192859697186105,54.925,0.0
2021-07-26,92.0,0.0,24.52,0.0,24.54,0.0,0.4867247929339193,0.005753470657808153,-0.9123747579707274,61.325,-1.0
2021-07-27,92.0,0.3,22.28,0.3,22.33,0.3,0.7137160739938313,0.008436686499935587,-0.9051931898913975,55.7625,0.0
2021-07-28,92.0,0.0,22.2,0.0,22.23,0.0,0.6066586628947566,0.007171183524945248,-0.8977433935342336,55.5375,0.0
2021-07-29,92.0,0.2,20.95,2.1,20.87,1.1500000000000001,1.6656598634605433,0.01968941235259832,-0.8900275764346766,52.275,0.0
2021-07-30,92.0,3.3,19.4,1.7,19.0,2.5,3.915810883941462,0.046287970839697386,-0.8820480249558535,48.0,0.0
2021-07-31,92.0,0.9,20.68,1.4,20.4,1.15,4.478439251350242,0.052938681570137626,-0.8738071036110807,51.349999999999994,0.0
2021-08-01,92.0,8.8,17.98,0.0,18.2,4.4,8.206673363647706,0.0970093471329973,-0.8653072543632061,45.225,0.0
2021-08-02,92.0,34.1,16.65,21.9,16.58,28.0,34.97567235910055,0.41344001287092247,-0.8565509959010037,41.537499999999994,0.0
2021-08-03,98.0,1.2,15.57,0.9,15.38,1.05,30.779321505235465,0.3638358384830794,-0.8475409228928312,38.6875,6.0
2021-08-04,94.0,0.0,15.09,0.1,15.14,0.05,26.212423279450146,0.30985150211741724,-0.8382797052177745,37.7875,-4.0
2021-08-05,95.0,0.0,17.41,0.0,17.7,0.0,22.280559787532624,0.26337377679980467,-0.828770087174504,43.8875,1.0
2021-08-06,92.0,1.7,15.97,1.9,15.82,1.7999999999999998,20.73847581940273,0.2451451289246259,-0.8190148866680802,39.7375,-3.0
2021-08-07,93.0,15.9,15.83,16.7,15.57,16.3,33.92770444649232,0.4010522062026591,-0.8090169943749472,39.25,1.0
2021-08-08,99.0,17.1,16.38,11.2,16.23,14.15,42.988548779518474,0.508158527396597,-0.7987793728863648,40.7625,6.0
2021-08-09,98.0,3.9,16.93,0.0,16.67,1.95,38.490266462590704,0.4549852851522987,-0.7883050558305253,42.0,-1.0
2021-08-10,104.0,0.7,17.9,5.0,17.93,2.85,35.5667264932021,0.42042673856704116,-0.7775971469736268,44.787499999999994,6.0
2021-08-11,101.0,1.0,16.37,0.5,16.32,0.75,30.98171751922178,0.3662283188839816,-0.7666588193001592,40.8625,-3.0
2021-08-12,96.0,0.2,16.34,0.0,16.22,0.1,26.434459891338516,0.31247614986498395,-0.7554933140726804,40.7,-5.0
2021-08-13,95.0,0.2,18.82,0.0,18.62,0.1,22.56929090763774,0.2667868061988359,-0.7441039398713608,46.8,-1.0
2021-08-14,93.0,1.7,18.82,1.1,18.34,1.4,20.583897271492077,0.24331788865940424,-0.7324940716135792,46.449999999999996,-2.0
2021-08-15,93.0,0.2,18.16,0.2,17.62,0.2,17.696312680768266,0.20918436298769272,-0.7206671495538615,44.725,0.0
2021-08-16,93.0,2.0,19.27,0.2,19.27,1.1,16.141865778653028,0.1908095754891339,-0.7086266782644601,48.175,0.0
2021-08-17,93.0,11.3,16.11,29.4,15.54,20.35,34.070585911855076,0.40274117773327284,-0.6963762255968726,39.5625,0.0
2021-08-18,107.0,43.9,15.74,65.2,15.05,54.55,83.50999802507681,0.9871539938918379,-0.6839194216246105,38.4875,14.0
2021-08-19,172.0,2.5,16.5,7.5,16.19,5.0,75.98349832131528,0.8981848354880397,-0.6712599575675315,40.8625,65.0
2021-08-20,182.0,0.0,16.74,0.0,16.23,0.0,64.58597357311798,0.7634571101648336,-0.6584015846980489,41.2125,10.0
2021-08-21,154.0,0.0,15.32,0.0,14.76,0.0,54.898077537150286,0.6489385436401086,-0.64534811322955,37.599999999999994,-28.0
2021-08-22,130.0,0.3,13.53,0.0,13.63,0.15,46.813365906577744,0.5533708803144917,-0.6321034111873488,33.95,-24.0
2021-08-23,126.0,0.0,13.3,0.0,14.01,0.0,39.79136102059108,0.4703652482673179,-0.6186714032625032,34.1375,-4.0
2021-08-24,111.0,0.0,12.55,0.0,12.77,0.0,33.82265686750242,0.3998104610272202,-0.6050560696488494,31.65,-15.0
2021-08-25,111.0,27.1,13.34,19.9,12.77,23.5,52.24925833737706,0.6176274130690321,-0.5912614448635782,32.6375,0.0
2021-08-26,114.0,4.3,14.11,5.7,13.89,5.0,49.4118695867705,0.5840872417886549,-0.5772916165517278,35.0,3.0
2021-08-27,140.0,1.6,15.45,1.9,15.17,1.75,43.750089148754924,0.5171605347583489,-0.5631507242749187,38.275,26.0
2021-08-28,136.0,2.3,16.21,3.2,15.94,2.75,39.93757577644168,0.47209362191858417,-0.5488429582847199,40.1875,-4.0
2021-08-29,124.0,0.0,16.44,0.0,16.38,0.0,33.94693940997543,0.40127957863079655,-0.5343725582809785,41.025,-12.0
2021-08-30,124.0,0.0,16.33,0.0,16.3,0.0,28.854898498479113,0.341087641836177,-0.5197438121555157,40.787499999999994,0.0
2021-08-31,112.0,0.0,15.58,0.0,15.62,0.0,24.526663723707244,0.28992449556075045,-0.5049610547215202,39.0,-12.0
2021-09-01,106.0,2.7,13.89,1.2,13.8,1.9500000000000002,22.797664165151158,0.2694863580918292,-0.4900286664290594,34.612500000000004,-6.0
2021-09-02,107.0,0.2,13.0,4.7,12.1,2.45,21.828014540378483,0.2580243353112438,-0.4749510720670502,31.375,1.0
2021-09-03,105.0,0.0,13.59,0.0,13.64,0.0,18.55381235932171,0.21932068501455726,-0.4597327394521046,34.0375,-2.0
2021-09-04,103.0,0.5,10.04,0.3,9.47,0.4,16.170740505423453,0.19115089751677186,-0.44437817810461344,24.387499999999996,-2.0
2021-09-05,100.0,0.2,8.43,0.0,8.74,0.1,13.845129429609933,0.16366034170285562,-0.4288919379124841,21.462500000000002,-3.0
2021-09-06,95.0,0.2,10.91,0.0,10.28,0.1,11.868360015168443,0.1402933692610268,-0.41327860778290443,26.487499999999997,-5.0
2021-09-07,99.0,0.0,13.95,0.0,13.97,0.0,10.088106012893176,0.1192493638718728,-0.3975428142825566,34.900000000000006,4.0
2021-09-08,93.0,0.0,15.29,0.0,15.15,0.0,8.574890110959199,0.10136195929109186,-0.3816892202666586,38.05,-6.0
2021-09-09,98.0,0.0,15.4,0.0,15.73,0.0,7.288656594315319,0.08615766539742808,-0.3657225234972692,38.9125,5.0
2021-09-10,93.0,0.0,16.45,0.0,16.43,0.0,6.1953581051680215,0.07323401558781388,-0.34964745525122826,41.099999999999994,-5.0
2021-09-11,94.0,0.0,18.43,0.0,18.21,0.0,5.266054389392818,0.06224891324964179,-0.33346877891818705,45.8,1.0
2021-09-12,92.0,1.4,17.6,7.1,17.18,4.25,8.726146230983895,0.1031499258401765,-0.31719128858910595,43.475,-2.0
2021-09-13,96.0,1.5,14.85,2.5,14.94,2.0,9.417224296336311,0.11131901323614109,-0.300819807635668,37.2375,4.0
2021-09-14,93.0,0.0,10.77,0.1,11.08,0.05,8.054640651885865,0.09521220065751972,-0.2843591872810036,27.3125,-3.0
2021-09-15,97.0,0.0,12.27,0.0,12.65,0.0,6.846444554102986,0.08093037055889175,-0.26781430516217486,31.150000000000002,4.0
2021-09-16,91.0,2.6,11.63,0.3,11.9,1.45,7.269477870987538,0.08593095777225151,-0.25119006388481957,29.4125,-6.0
2021-09-17,96.0,10.3,10.45,3.6,10.68,6.95,13.129056190339409,0.1551957916515827,-0.23449138957041052,26.412499999999998,5.0
2021-09-18,91.0,0.0,8.92,0.0,8.74,0.0,11.159697761788497,0.13191642290384528,-0.21772323039653224,22.075,-5.0
2021-09-19,96.0,0.0,8.19,0.0,8.47,0.0,9.485743097520222,0.11212895946826851,-0.20089055513063528,20.825,5.0
2021-09-20,91.0,0.0,7.63,0.0,7.83,0.0,8.06288163289219,0.09530961554802823,-0.18399835165767986,19.325000000000003,-5.0
2021-09-21,96.0,0.0,7.84,0.0,7.56,0.0,6.853449387958361,0.08101317321582399,-0.1670516255021195,19.25,5.0
2021-09-22,91.0,0.0,6.5,0.0,6.92,0.0,5.825431979764606,0.0688611972334504,-0.15005539834465262,16.775,-5.0
2021-09-23,95.0,38.8,10.74,36.5,10.01,37.65,42.60161718279991,0.5035846909686644,-0.13301470653419636,25.9375,4.0
2021-09-24,148.0,11.5,11.45,12.6,11.03,12.05,48.26137460537993,0.5704874843621108,-0.11593459959550066,28.099999999999994,53.0
2021-09-25,194.0,0.7,13.13,1.5,13.06,1.1,42.12216841457294,0.4979172286573893,-0.09882013873287211,32.737500000000004,46.0
2021-09-26,180.0,0.0,10.68,0.0,11.13,0.0,35.803843152386996,0.42322964435878085,-0.08167639533042288,27.262500000000003,-14.0
2021-09-27,154.0,0.0,10.63,0.0,10.26,0.0,30.433266679528945,0.3597451977049637,-0.06450844944931625,26.1125,-26.0
2021-09-28,133.0,0.0,10.45,0.0,10.41,0.0,25.868276677599603,0.30578341804921916,-0.04732138832243232,26.075,-21.0
2021-09-29,117.0,0.0,11.24,0.0,10.9,0.0,21.988035175959663,0.2599159053418363,-0.03012030484690836,27.675,-16.0
2021-09-30,113.0,0.1,9.14,0.0,8.89,0.05,18.739829899565713,0.2215195589473606,-0.012910296075008843,22.5375,-4.0
2021-10-01,109.0,0.0,10.23,0.0,10.28,0.0,15.928855414630856,0.18829162510525654,0.004303538296243821,25.637499999999996,-4.0
2021-10-02,106.0,0.0,10.55,0.0,10.54,0.0,13.539527102436228,0.16004788133946807,0.021516097436222233,26.3625,-3.0
2021-10-03,105.0,0.0,12.69,0.0,12.54,0.0,11.508598037070794,0.13604069913854785,0.03872228089217399,31.537499999999994,-1.0
2021-10-04,100.0,0.0,12.95,0.0,12.63,0.0,9.782308331510174,0.11563459426776566,0.05591699010060302,31.974999999999998,-5.0
2021-10-05,100.0,0.0,13.91,0.0,13.63,0.0,8.314962081783648,0.09828940512760082,0.07309512989807776,34.425,0.0
2021-10-06,99.0,0.0,13.3,0.0,12.94,0.0,7.067717769516101,0.08354599435846069,0.0902516100310407,32.800000000000004,-1.0
2021-10-07,97.0,0.0,10.08,0.0,10.07,0.0,6.007560104088685,0.07101409520469158,0.10738134666416306,25.1875,-2.0
2021-10-08,97.0,0.0,6.24,0.0,6.46,0.0,5.1064260884753825,0.06036198092398785,0.12447926388678869,15.875,0.0
2021-10-09,96.0,0.0,7.48,0.0,6.89,0.0,4.340462175204075,0.05130768378538966,0.141540295217043,17.962500000000002,-1.0
2021-10-10,97.0,0.0,8.04,0.0,7.63,0.0,3.6893928489234633,0.04361153121758121,0.15855938510313475,19.5875,1.0
2021-10-11,94.0,3.6,7.42,9.2,7.11,6.3999999999999995,9.535983921584943,0.1127228456053154,0.17553149042142777,18.1625,-3.0
2021-10-12,98.0,3.9,6.55,14.5,6.61,9.2,17.3055863333472,0.2045656696156769,0.19245158197082995,16.45,4.0
2021-10-13,102.0,3.7,5.12,0.8,5.22,2.25,16.959748383345122,0.20047759247931535,0.20931464596304888,12.925,4.0
2021-10-14,103.0,6.1,6.06,5.0,6.61,5.55,19.965786125843355,0.23601132776219322,0.22611568550828803,15.8375,1.0
2021-10-15,103.0,14.0,10.58,17.1,10.01,15.55,32.520918206966854,0.38442288411259473,0.2428497220959358,25.7375,0.0
2021-10-16,136.0,8.9,9.82,3.4,9.07,6.15,33.79278047592182,0.39945729853207795,0.25951179706979943,23.6125,33.0
2021-10-17,162.0,4.2,9.6,1.5,9.08,2.85,31.57386340453355,0.37322794993985353,0.27609697309746883,23.35,26.0
2021-10-18,156.0,0.0,4.18,0.0,4.07,0.0,26.83778389385352,0.3172437574488755,0.2926003356333479,10.3125,-6.0
2021-10-19,148.0,0.1,4.83,0.0,5.05,0.05,22.86211630977549,0.27024823323834396,0.30901699437494723,12.349999999999998,-8.0
2021-10-20,146.0,14.1,13.02,13.7,12.89,13.899999999999999,33.332798863309165,0.39401995334293016,0.3253420847119795,32.3875,-2.0
2021-10-21,167.0,5.5,12.67,11.9,12.6,8.7,37.03287903381279,0.4377578171246517,0.341570769167856,31.5875,21.0
2021-10-22,193.0,28.3,7.74,19.4,7.17,23.85,55.32794717874087,0.6540199415994472,0.35769823883312546,18.6375,26.0
2021-10-23,374.0,3.0,6.65,2.0,6.03,2.5,49.52875510192974,0.585468920699519,0.3737197147904692,15.85,181.0
2021-10-24,365.0,0.3,5.95,0.2,5.61,0.25,42.349441836640274,0.5006037796285899,0.38963044953078774,14.450000000000001,-9.0
2021-10-25,273.0,0.0,6.47,0.0,6.19,0.0,35.997025561144234,0.4255132126843015,0.4054257283599973,15.825,-92.0
2021-10-26,207.0,14.5,7.96,10.8,7.1,12.65,43.2474717269726,0.5112192007019997,0.42110087079608916,18.825,-66.0
2021-10-27,219.0,5.3,10.72,6.4,10.2,5.85,42.610350967926706,0.5036879311922735,0.4366512319560638,26.150000000000002,12.0
2021-10-28,262.0,1.3,11.56,2.0,11.38,1.65,37.868798322737696,0.44763904193782506,0.45207220393230374,28.675,43.0
2021-10-29,263.0,0.0,9.32,0.0,9.52,0.0,32.18847857432704,0.3804931856471513,0.46735921715800205,23.55,1.0
2021-10-30,222.0,0.0,9.03,0.0,9.22,0.0,27.360206788177987,0.3234192078000786,0.48250774176121763,22.8125,-41.0
2021-10-31,191.0,0.0,9.74,0.0,10.18,0.0,23.256175769951287,0.2749063266300668,0.4975132889071803,24.900000000000002,-31.0
2021-11-01,170.0,0.0,8.47,0.0,8.3,0.0,19.767749404458595,0.2336703776355568,0.5123714121284235,20.962500000000006,-21.0
2021-11-02,157.0,0.0,6.66,0.0,6.46,0.0,16.802586993789806,0.19861982099022327,0.5270777086423724,16.400000000000002,-13.0
2021-11-03,150.0,3.5,7.61,7.1,7.22,5.3,19.582198944721334,0.23147702496246605,0.5416278206559811,18.5375,-7.0
2021-11-04,148.0,10.0,7.68,5.0,7.69,7.5,24.144869103013132,0.28541138223806256,0.5560174366570446,19.212500000000002,-2.0
2021-11-05,161.0,6.8,8.1,5.4,7.89,6.1,26.623138737561163,0.3147064825319259,0.5702422926917867,19.987499999999997,13.0
2021-11-06,188.0,7.8,9.56,13.5,9.38,10.65,33.27966792692699,0.3933919038004894,0.5842981736283683,23.675,27.0
2021-11-07,349.0,19.1,8.78,22.3,7.92,20.700000000000003,48.98771773788795,0.5790734326455235,0.5981809144059159,20.875,161.0
2021-11-08,479.0,3.0,4.22,3.2,4.21,3.1,44.73956007720476,0.5288568609702811,0.6118864012687242,10.5375,130.0
2021-11-09,463.0,0.4,0.44,0.0,0.51,0.2,38.22862606562405,0.4518924894519381,0.6254105729852457,1.1875,-16.0
2021-11-10,362.0,4.3,7.53,0.7,5.75,2.5,34.99433215578044,0.4136605863741362,0.6387494220515268,16.6,-101.0
2021-11-11,267.0,8.2,9.27,10.0,8.18,9.1,38.84518233241337,0.45918067045557504,0.6518989958787125,21.8125,-95.0
2021-11-12,247.0,0.0,6.23,0.0,5.8,0.0,33.01840498255137,0.3903035698872388,0.6648553979642867,15.037500000000001,-20.0
2021-11-13,224.0,0.0,4.36,0.0,4.12,0.0,28.065644235168662,0.33175803440415297,0.6776147890466887,10.600000000000001,-23.0
2021-11-14,199.0,0.0,4.08,0.0,4.03,0.0,23.85579759989336,0.28199432924353,0.690173388242972,10.1375,-25.0
2021-11-15,182.0,0.0,1.23,0.0,1.24,0.0,20.277427959909357,0.2396951798570005,0.7025274741691566,3.0874999999999995,-17.0
2021-11-16,168.0,0.0,3.68,0.0,3.55,0.0,17.235813765922952,0.20374090287845043,0.7146733860429608,9.037500000000001,-14.0
2021-11-17,161.0,4.8,4.53,3.1,4.25,3.95,18.60044170103451,0.21987188058386517,0.726607524768565,10.975000000000001,-7.0
2021-11-18,160.0,7.9,7.18,15.8,6.41,11.850000000000001,27.660375445879332,0.3269674379078324,0.7383263540031063,16.9875,-1.0
2021-11-19,177.0,0.4,9.68,1.2,9.55,0.8,24.311319128997432,0.28737895273045394,0.749826401204568,24.0375,17.0
2021-11-20,194.0,11.0,7.83,10.8,7.53,10.9,31.564621259647815,0.3731187005032371,0.7611042586607742,19.2,17.0
2021-11-21,236.0,7.9,5.3,12.2,5.38,10.05,36.87992807070064,0.43594981619450657,0.7721565844991641,13.35,42.0
2021-11-22,303.0,0.2,0.22,0.5,-0.05,0.35,31.697938860095547,0.374694619612929,0.7829801036770625,0.21249999999999997,67.0
2021-11-23,272.0,3.7,4.44,4.5,3.19,4.1,31.043248031081212,0.3669556580285713,0.7935716089521472,9.537500000000001,-31.0
2021-11-24,222.0,0.5,6.94,0.4,6.22,0.45,26.83676082641903,0.3172316639854836,0.8039279618328208,16.45,-50.0
2021-11-25,206.0,3.7,5.52,7.1,4.68,5.4,28.21124670245618,0.33347917032203694,0.8140460935082175,12.75,-16.0
2021-11-26,267.0,13.5,4.24,23.6,3.25,18.55,42.52955969708775,0.5027329146964483,0.8239230057575536,9.3625,61.0
2021-11-27,378.0,1.4,0.83,1.2,0.64,1.2999999999999998,37.450125742524584,0.4426900020687753,0.8335557718385695,1.8375,111.0
2021-11-28,379.0,0.8,0.78,0.4,0.65,0.6000000000000001,32.432606881145894,0.38337897464005627,0.8429415373547832,1.7875,1.0
2021-11-29,308.0,2.6,-0.14,3.4,-0.19,3.0,30.567715848974007,0.3613344928520344,0.8520775211013093,0.0,-71.0
2021-11-30,254.0,0.0,-0.76,0.0,-1.66,0.0,25.982558471627904,0.3071343189242292,0.8609610158889945,0.0,-54.0
2021-12-01,218.0,3.3,-0.34,2.6,-1.28,2.95,25.03517470088372,0.2959354960867816,0.8695893893466109,0.0,-36.0
2021-12-02,204.0,15.1,1.16,9.7,1.43,12.399999999999999,33.67989849575116,0.3981229445601089,0.8779600847008883,3.2375,-14.0
2021-12-03,223.0,6.6,0.05,2.8,-0.88,4.699999999999999,33.327913721388484,0.3939622071152715,0.8860706215341377,0.0,19.0
2021-12-04,223.0,4.5,-0.45,5.6,-0.62,5.05,33.37872666318021,0.39456285613475817,0.893918596519257,0.0,0.0
2021-12-05,210.0,0.2,-3.54,2.5,-3.56,1.35,29.721917663703177,0.3513364916981384,0.9015016841318838,0.0,-13.0
2021-12-06,192.0,0.0,-10.54,0.0,-11.11,0.0,25.2636300141477,0.29863601794341765,0.9088176373395028,0.0,-18.0
2021-12-07,164.0,0.3,-14.3,0.0,-13.46,0.15,21.624085512025545,0.2556137334723043,0.9158642882672868,0.0,-28.0
2021-12-08,156.0,0.0,-12.37,0.0,-13.12,0.0,18.38047268522171,0.21727167345145865,0.9226395488404875,0.0,-8.0
2021-12-09,150.0,0.0,-7.02,0.0,-6.96,0.0,15.623401782438455,0.18468092243373985,0.9291414114031743,0.0,-6.0
2021-12-10,158.0,2.7,-0.28,2.3,-0.4,2.5,15.779891515072686,0.18653075440866768,0.935367949313148,0.0,8.0
2021-12-11,162.0,0.5,0.43,0.4,0.22,0.45,13.862907787811782,0.1638704959085655,0.941317317512847,0.8125,4.0
2021-12-12,156.0,0.0,-1.43,0.0,-1.65,0.0,11.783471619640014,0.13928992152228067,0.946987753076075,0.0,-6.0
2021-12-13,151.0,0.5,-1.11,0.5,-1.52,0.5,10.515950876694012,0.12430682736193634,0.9523775757303973,0.0,-5.0
2021-12-14,150.0,8.6,1.12,6.3,0.5,7.449999999999999,16.38855824518991,0.19372567487081255,0.9574851883550389,2.0250000000000004,-1.0
2021-12-15,178.0,1.8,5.29,1.3,4.24,1.55,15.480274508411423,0.18298904525098372,0.9623090774541487,11.912500000000001,28.0
2021-12-16,301.0,0.5,5.86,0.6,5.56,0.55,13.70823333214971,0.16204212193813372,0.9668478136052773,14.275,123.0
2021-12-17,369.0,0.0,3.72,0.0,3.2,0.0,11.651998332327253,0.13773580364741364,0.9711000518829505,8.65,68.0
2021-12-18,309.0,0.0,5.01,0.0,4.29,0.0,9.904198582478164,0.11707543310030159,0.9750645322571945,11.625,-60.0
2021-12-19,244.0,6.3,2.78,2.2,2.55,4.25,12.66856879510644,0.14975246771323736,0.9787400799669153,6.6625,-65.0
2021-12-20,224.0,0.0,-2.85,0.2,-2.95,0.1,10.868283475840473,0.1284716763698513,0.9821256058680006,0.0,-20.0
2021-12-21,198.0,0.6,-6.63,0.9,-7.0,0.75,9.988040954464402,0.11806651601637025,0.9852201067560606,0.0,-26.0
2021-12-22,159.0,0.2,-8.8,0.0,-9.28,0.1,8.589834811294741,0.10153861742751426,0.9880226656636976,0.0,-39.0
2021-12-23,157.0,11.8,-1.98,9.8,-3.16,10.8,18.10135958960053,0.2139723366821388,0.9905324521322227,0.0,-2.0
2021-12-24,158.0,10.0,-3.07,5.5,-3.93,7.75,23.13615565116045,0.2734875942337833,0.9927487224577402,0.0,1.0
2021-12-25,148.0,2.3,-1.76,2.7,-2.49,2.5,22.165732303486383,0.2620164254387046,0.9946708199115211,0.0,-10.0
2021-12-26,141.0,0.9,-4.2,0.7,-3.97,0.8,19.640872457963425,0.23217059213169536,0.9962981749346077,0.0,-7.0
2021-12-27,135.0,0.2,-5.16,0.0,-5.2,0.1,16.794741589268913,0.19852708212554063,0.9976303053065857,0.0,-6.0
2021-12-28,133.0,0.0,-7.49,0.0,-7.7,0.0,14.275530350878576,0.16874801980670953,0.9986668162884759,0.0,-2.0
2021-12-29,129.0,0.2,-5.72,0.5,-6.07,0.35,12.484200798246789,0.14757309268330152,0.9994074007397048,0.0,-4.0
2021-12-30,129.0,0.9,-1.48,1.3,-1.78,1.1,11.71157067850977,0.13843999573040136,0.9998518392091162,0.0,0.0
2021-12-31,145.0,6.6,4.65,6.0,4.05,6.3,16.254835076733304,0.19214496162761296,1.0,10.875,16.0
2022-01-01,200.0,0.1,2.11,0.2,2.07,0.15000000000000002,13.966609815223308,0.16509633560387035,0.9998518392091162,5.225,55.0
2022-01-02,250.0,20.6,2.37,17.4,2.13,19.0,30.87161834293981,0.3649268598472048,0.9994074007397048,5.625,50.0
2022-01-03,386.0,4.0,5.04,6.2,4.77,5.1,31.340875591498836,0.37047385036370123,0.998666816288476,12.2625,136.0
2022-01-04,455.0,4.5,4.7,4.1,4.45,4.3,30.939744252774013,0.3657321617939268,0.9976303053065857,11.4375,69.0
2022-01-05,459.0,6.3,2.84,7.4,2.02,6.85,33.14878261485791,0.39184473625640714,0.9962981749346078,6.074999999999999,4.0
2022-01-06,435.0,1.1,-0.29,2.8,-0.62,1.95,30.12646522262922,0.35611856268313735,0.9946708199115211,0.0,-24.0
2022-01-07,356.0,0.5,-0.32,1.0,-1.28,0.75,26.35749543923484,0.3115663693826634,0.9927487224577402,0.0,-79.0
2022-01-08,264.0,6.2,-1.32,4.9,-1.83,5.550000000000001,27.953871123349614,0.33043678813003907,0.9905324521322229,0.0,-92.0
2022-01-09,223.0,0.1,-2.37,0.0,-2.77,0.05,23.810790454847172,0.28146230931733296,0.9880226656636976,0.0,-41.0
2022-01-10,212.0,0.5,-4.67,0.0,-4.56,0.25,20.489171886620095,0.2421981599537319,0.9852201067560606,0.0,-11.0
2022-01-11,177.0,0.0,-4.2,0.0,-4.7,0.0,17.41579610362708,0.2058684359606721,0.9821256058680006,0.0,-35.0
2022-01-12,160.0,0.7,-1.06,0.7,-2.07,0.7,15.503426688083017,0.18326272226176815,0.9787400799669153,0.0,-17.0
2022-01-13,181.0,1.1,4.8,1.4,4.73,1.25,14.427912684870565,0.17054929909249733,0.9750645322571948,11.912500000000001,21.0
2022-01-14,242.0,1.0,4.78,1.1,4.54,1.05,13.313725782139981,0.15737873177141806,0.9711000518829505,11.65,61.0
2022-01-15,238.0,0.0,2.26,0.0,1.65,0.0,11.316666914818983,0.13377192200570534,0.9668478136052775,4.887499999999999,-4.0
2022-01-16,210.0,3.4,2.6,3.5,1.68,3.45,13.069166877596135,0.1544878527740341,0.9623090774541486,5.3500000000000005,-28.0
2022-01-17,226.0,3.8,2.29,3.4,1.89,3.5999999999999996,14.708791845956714,0.17386951214751287,0.9574851883550393,5.225,16.0
2022-01-18,254.0,0.2,1.35,0.1,0.68,0.15000000000000002,12.652473069063207,0.14956220354578528,0.9523775757303974,2.5375000000000005,28.0
2022-01-19,212.0,0.0,3.39,0.0,2.79,0.0,10.754602108703725,0.12712787301391748,0.9469877530760753,7.725,-42.0
2022-01-20,210.0,3.0,0.27,4.5,-0.18,3.75,12.891411792398166,0.15238664757181308,0.9413173175128471,0.11250000000000003,-2.0
2022-01-21,212.0,0.8,0.3,1.5,0.02,1.15,12.107700023538442,0.14312255679243596,0.9353679493131483,0.4,2.0
2022-01-22,198.0,0.0,-1.46,0.0,-2.05,0.0,10.291545020007675,0.12165417327357057,0.9291414114031743,0.0,-14.0
2022-01-23,177.0,0.1,-1.1,0.0,-1.99,0.05,8.797813267006523,0.10399708668933476,0.9226395488404876,0.0,-21.0
2022-01-24,173.0,3.3,1.78,2.8,0.87,3.05,10.528141276955544,0.1244509275007209,0.9158642882672872,3.3125,-4.0
2022-01-25,202.0,0.1,2.38,0.2,2.35,0.15000000000000002,9.098920085412212,0.10755640659601208,0.9088176373395029,5.9125000000000005,29.0
2022-01-26,239.0,3.8,0.27,4.7,0.3,4.25,11.98408207260038,0.14166129518459125,0.901501684131884,0.7125000000000001,37.0
2022-01-27,271.0,13.8,3.6,11.3,3.44,12.55,22.736469761710325,0.26876299201364645,0.893918596519257,8.8,32.0
2022-01-28,412.0,2.2,2.18,3.9,2.02,3.05,22.375999297453777,0.26450194702638585,0.886070621534138,5.25,141.0
2022-01-29,446.0,15.9,1.07,12.1,0.46,14.0,33.01959940283571,0.3903176888763653,0.8779600847008882,1.9125,34.0
2022-01-30,418.0,6.8,1.42,5.7,1.28,6.25,34.31665949241035,0.4056499613948826,0.869589389346611,3.375,-28.0
2022-01-31,428.0,1.2,-0.91,0.6,-1.2,0.8999999999999999,30.069160568548796,0.35544117650804613,0.8609610158889943,0.0,10.0
2022-02-01,341.0,4.9,-1.11,2.5,-1.29,3.7,29.258786483266476,0.34586191613502265,0.8520775211013093,0.0,-87.0
2022-02-02,253.0,0.3,-2.6,0.8,-2.49,0.55,25.419968510776506,0.3004840621895668,0.8429415373547828,0.0,-88.0
2022-02-03,234.0,1.3,-1.55,1.4,-2.05,1.35,22.95697323416003,0.27136951684472577,0.8335557718385699,0.0,-19.0
2022-02-04,191.0,0.4,0.53,1.0,0.4,0.7,20.213427249036027,0.23893864101321377,0.8239230057575542,1.1625,-43.0
2022-02-05,218.0,5.9,2.9,3.6,2.78,4.75,21.931413161680624,0.25924658850721044,0.8140460935082178,7.1,27.0
2022-02-06,298.0,20.2,2.71,22.1,2.2,21.15,39.79170118742853,0.4703692693074343,0.8039279618328213,6.1375,80.0
2022-02-07,439.0,1.4,2.25,2.9,1.91,2.15,35.97294600931425,0.4252285734037095,0.7935716089521474,5.2,141.0
2022-02-08,467.0,7.3,2.69,6.2,2.25,6.75,37.32700410791711,0.4412346073111229,0.7829801036770629,6.174999999999999,28.0
2022-02-09,431.0,0.3,3.7,0.7,3.5,0.5,32.227953491729544,0.3809598102824522,0.7721565844991642,9.0,-36.0
2022-02-10,368.0,0.0,3.32,0.0,3.28,0.0,27.39376046797011,0.32381583874008435,0.7611042586607747,8.25,-63.0
2022-02-11,321.0,0.1,2.02,0.6,1.95,0.35,23.634696397774594,0.27938073877667013,0.7498264012045686,4.9624999999999995,-47.0
2022-02-12,271.0,0.0,1.55,0.0,1.0,0.0,20.089491938108406,0.23747362796016963,0.7383263540031065,3.1875,-50.0
2022-02-13,235.0,0.0,1.4,0.0,0.82,0.0,17.076068147392146,0.20185258376614418,0.7266075247685656,2.7749999999999995,-36.0
2022-02-14,212.0,0.0,2.51,0.0,2.55,0.0,14.514657925283323,0.17157469620122257,0.7146733860429609,6.324999999999999,-23.0
2022-02-15,196.0,0.1,2.62,0.0,2.26,0.05,12.387459236490825,0.14642953117783894,0.702527474169157,6.1,-16.0
2022-02-16,185.0,17.3,3.78,13.9,3.71,15.600000000000001,26.129340351017202,0.30886939642269334,0.6901733882429719,9.3625,-11.0
2022-02-17,357.0,17.9,4.19,18.6,4.18,18.25,40.45993929836462,0.4782683704412076,0.6776147890466889,10.462500000000002,172.0
2022-02-18,484.0,5.0,3.55,4.4,3.38,4.7,39.09094840360993,0.46208581911420554,0.6648553979642865,8.6625,127.0
2022-02-19,480.0,6.1,3.09,8.5,2.94,7.3,40.52730614306844,0.479064699639842,0.6518989958787126,7.5375,-4.0
2022-02-20,474.0,3.7,2.4,1.9,2.27,2.8,37.24821022160817,0.4403032014746531,0.6387494220515272,5.8375,-6.0
2022-02-21,477.0,21.4,3.55,23.9,3.61,22.65,54.310978688366944,0.6419985725337539,0.6254105729852463,8.95,3.0
2022-02-22,500.0,2.2,0.34,3.7,0.0,2.95,49.1143318851119,0.5805701116548776,0.6118864012687243,0.42500000000000004,23.0
2022-02-23,485.0,0.7,-0.38,0.7,-0.55,0.7,42.44718210234512,0.5017591466018428,0.5981809144059164,0.0,-15.0
2022-02-24,406.0,0.0,4.09,0.0,3.63,0.0,36.080104786993346,0.42649527461156633,0.5842981736283683,9.65,-79.0
2022-02-25,333.0,2.1,3.86,2.0,3.75,2.05,32.718089068944344,0.3867535990986222,0.5702422926917871,9.5125,-73.0
2022-02-26,331.0,0.7,2.51,0.0,2.73,0.35,28.160375708602693,0.3328778350814273,0.5560174366570446,6.550000000000001,-2.0
2022-02-27,310.0,0.3,-0.46,0.0,0.17,0.15,24.086319352312287,0.28471927803961256,0.5416278206559814,0.0,-21.0
2022-02-28,257.0,0.0,-0.3,0.0,0.03,0.0,20.473371449465443,0.24201138633367064,0.5270777086423722,0.0,-53.0
2022-03-01,228.0,0.0,-1.13,0.0,-0.85,0.0,17.402365732045627,0.20570967838362006,0.5123714121284237,0.0,-29.0
2022-03-02,208.0,0.0,-0.25,0.0,-0.19,0.0,14.792010872238782,0.17485322662607702,0.49751328890718066,0.0,-20.0
2022-03-03,195.0,0.3,1.54,0.0,1.78,0.15,12.723209241402964,0.1503983608525648,0.48250774176121847,4.15,-13.0
2022-03-04,188.0,0.1,0.45,0.0,0.53,0.05,10.86472785519252,0.12842964613147986,0.46735921715800227,1.225,-7.0
2022-03-05,176.0,0.0,-2.37,0.0,-2.15,0.0,9.235018676913642,0.10916519921175788,0.45207220393230435,0.0,-12.0
2022-03-06,168.0,0.0,0.27,0.0,-0.36,0.0,7.849765875376595,0.0927904193299942,0.43665123195606403,0.0,-8.0
2022-03-07,162.0,0.0,1.19,0.0,0.72,0.0,6.672300994070105,0.07887185643049506,0.4211008707960896,2.3874999999999997,-6.0
2022-03-08,157.0,0.0,1.07,0.0,0.78,0.0,5.671455844959589,0.06704107796592079,0.40542572835999735,2.3125,-5.0
2022-03-09,155.0,0.0,-0.04,0.0,-0.06,0.0,4.8207374682156505,0.05698491627103267,0.38963044953078796,0.0,-2.0
2022-03-10,150.0,0.0,-1.58,0.0,-1.93,0.0,4.097626847983303,0.04843717883037778,0.37371971479046906,0.0,-5.0
2022-03-11,145.0,0.0,-2.02,0.0,-1.68,0.0,3.4829828207858076,0.04117160200582111,0.35769823883312546,0.0,-5.0
2022-03-12,141.0,0.0,-0.55,0.0,-0.29,0.0,2.9605353976679365,0.03499586170494794,0.3415707691678556,0.0,-4.0
2022-03-13,140.0,0.0,0.95,0.0,2.26,0.0,2.516455088017746,0.029746482449205754,0.3253420847119801,4.0125,-1.0
2022-03-14,138.0,0.0,2.43,0.0,2.68,0.0,2.1389868248150843,0.02528451008182489,0.30901699437494745,6.3875,-2.0
2022-03-15,136.0,0.0,4.23,0.0,4.08,0.0,1.8181388010928217,0.021491833569551158,0.29260033563334836,10.387500000000001,-2.0
2022-03-16,135.0,0.0,5.2,0.0,5.09,0.0,1.5454179809288984,0.018268058534118482,0.27609697309746883,12.862499999999999,-1.0
2022-03-17,134.0,0.0,4.04,0.0,3.5,0.0,1.3136052837895635,0.015527849754000709,0.2595117970697999,9.425,-1.0
2022-03-18,126.0,0.0,3.27,0.0,3.31,0.0,1.116564491221129,0.013198672290900604,0.2428497220959356,8.225,-8.0
2022-03-19,129.0,0.0,3.36,0.0,4.28,0.0,0.9490798175379597,0.011218871447265513,0.22611568550828828,9.55,3.0
2022-03-20,129.0,0.0,2.69,0.0,3.88,0.0,0.8067178449072657,0.009536040730175686,0.20931464596304847,8.2125,0.0
2022-03-21,128.0,0.0,3.85,0.0,5.0,0.0,0.6857101681711758,0.008105634620649333,0.19245158197082998,11.0625,-1.0
2022-03-22,122.0,0.0,4.09,0.0,5.06,0.0,0.5828536429454995,0.0068897894275519326,0.1755314904214282,11.437499999999998,-6.0
2022-03-23,122.0,0.0,2.33,0.0,3.1,0.0,0.4954255965036745,0.005856321013419143,0.15855938510313478,6.7875,0.0
2022-03-24,127.0,0.0,3.07,0.0,2.84,0.0,0.4211117570281233,0.004977872861406271,0.141540295217043,7.3875,5.0
2022-03-25,125.0,0.0,4.84,0.0,4.61,0.0,0.3579449934739048,0.00423119193219533,0.12447926388678915,11.8125,-2.0
2022-03-26,123.0,0.0,5.12,0.0,5.1,0.0,0.3042532444528191,0.003596513142366031,0.10738134666416309,12.774999999999999,-2.0
2022-03-27,122.0,0.0,2.64,0.0,2.4,0.0,0.25861525778489625,0.0030570361710111262,0.09025161003104117,6.3,-1.0
2022-03-28,121.0,0.0,5.32,0.0,4.98,0.0,0.21982296911716181,0.0025984807453594575,0.07309512989807777,12.875,-1.0
2022-03-29,121.0,0.0,1.35,0.0,1.25,0.0,0.18684952374958755,0.002208708633555539,0.055916990100603484,3.25,0.0
2022-03-30,120.0,0.0,-2.17,0.0,-1.53,0.0,0.1588220951871494,0.001877402338522208,0.03872228089217446,0.0,-1.0
2022-03-31,118.0,0.0,-1.87,0.0,-0.95,0.0,0.134998780909077,0.0015957919877438768,0.021516097436222254,0.0,-2.0
2022-04-01,117.0,0.0,0.12,0.0,0.43,0.0,0.11474896377271544,0.0013564231895822952,0.004303538296244289,0.6875,-1.0
2022-04-02,115.0,0.0,0.73,0.0,0.83,0.0,0.09753661920680812,0.0011529597111449507,-0.01291029607500882,1.9500000000000002,-2.0
2022-04-03,114.0,0.0,0.57,0.0,0.19,0.0,0.0829061263257869,0.0009800157544732082,-0.030120304846908114,0.95,-1.0
2022-04-04,114.0,13.9,3.03,11.4,2.32,12.65,12.72047020737692,0.15036598331164566,-0.04732138832243185,6.6875,0.0
2022-04-05,123.0,2.0,2.63,1.4,2.24,1.7,12.51239967627038,0.1479064256460912,-0.06450844944931623,6.0875,9.0
2022-04-06,145.0,9.4,3.53,9.3,3.65,9.350000000000001,19.985539724829824,0.2362448308707357,-0.08167639533042241,8.975,22.0
2022-04-07,189.0,14.2,8.7,12.9,9.36,13.55,30.53770876610535,0.3609797854828647,-0.09882013873287143,22.575,44.0
2022-04-08,284.0,4.0,4.41,2.0,4.74,3.0,28.957052451189547,0.3422951820684216,-0.11593459959550041,11.4375,95.0
2022-04-09,297.0,2.8,3.52,2.0,3.51,2.4,27.013494583511115,0.3193207962845476,-0.1330147065341959,8.7875,13.0
2022-04-10,252.0,0.1,4.5,0.2,4.4,0.15000000000000002,23.111470395984444,0.27319579506226477,-0.1500553983446526,11.125,-45.0
2022-04-11,214.0,0.0,3.74,0.0,3.05,0.0,19.644749836586776,0.23221642580292504,-0.16705162550211924,8.4875,-38.0
2022-04-12,191.0,0.0,3.56,0.0,3.6,0.0,16.69803736109876,0.19738396193248625,-0.18399835165768005,8.95,-23.0
2022-04-13,172.0,0.0,5.48,0.0,6.06,0.0,14.193331756933945,0.16777636764261333,-0.20089055513063506,14.424999999999999,-19.0
2022-04-14,163.0,2.6,7.45,4.2,8.04,3.4000000000000004,15.464331993393854,0.1828005921586061,-0.21772323039653177,19.362499999999997,-9.0
2022-04-15,158.0,0.0,5.08,0.0,5.0,0.0,13.144682194384776,0.1553805033348152,-0.23449138957040985,12.6,-5.0
2022-04-16,153.0,0.0,4.5,0.0,4.59,0.0,11.17297986522706,0.13207342783459292,-0.25119006388481935,11.3625,-5.0
2022-04-17,147.0,0.0,4.23,0.0,4.67,0.0,9.497032885443,0.11226241365940398,-0.2678143051621742,11.125,-6.0
2022-04-18,142.0,0.0,6.55,0.0,6.71,0.0,8.07247795262655,0.09542305161049337,-0.2843591872810034,16.575,-5.0
2022-04-19,136.0,0.0,8.92,0.0,9.53,0.0,6.861606259732567,0.08110959386891937,-0.30081980763566735,23.0625,-6.0
2022-04-20,132.0,0.0,11.88,0.0,12.38,0.0,5.8323653207726815,0.06894315478858146,-0.3171912885891061,30.325000000000003,-4.0
2022-04-21,128.0,0.0,12.59,0.0,12.95,0.0,4.957510522656779,0.05860168157029424,-0.3334687789181868,31.924999999999997,-4.0
2022-04-22,125.0,0.0,10.92,0.0,11.04,0.0,4.213883944258262,0.0498114293347501,-0.3496474552512284,27.450000000000003,-3.0
2022-04-23,122.0,0.0,10.17,0.0,10.29,0.0,3.5818013526195225,0.04233971493453758,-0.36572252349726897,25.575000000000003,-3.0
2022-04-24,121.0,0.0,8.25,0.0,8.15,0.0,3.044531149726594,0.03598875769435694,-0.3816892202666588,20.5,-1.0
2022-04-25,119.0,0.1,7.94,0.1,8.3,0.1,2.6878514772676048,0.03177252285380295,-0.39754281428255595,20.300000000000004,-2.0
2022-04-26,118.0,0.0,6.9,0.0,7.61,0.0,2.284673755677464,0.027006644425732508,-0.4132786077829042,18.137500000000003,-1.0
2022-04-27,116.0,0.0,5.19,0.0,5.69,0.0,1.9419726923258442,0.02295564776187263,-0.4288919379124835,13.600000000000001,-2.0
2022-04-28,114.0,0.0,5.09,0.0,4.93,0.0,1.6506767884769675,0.019512300597591736,-0.4443781781046132,12.524999999999999,-2.0
2022-04-29,112.0,0.1,8.37,0.0,8.03,0.05,1.4530752702054224,0.01717649491475275,-0.45973273945210397,20.5,-2.0
2022-04-30,111.0,0.0,8.88,0.0,8.46,0.0,1.235113979674609,0.014600020677539837,-0.47495107206704995,21.675000000000004,-1.0
2022-05-01,110.0,0.0,8.54,0.0,8.06,0.0,1.0498468827234175,0.012410017575908861,-0.49002866642905923,20.75,-1.0
2022-05-02,110.0,0.0,7.49,0.0,7.59,0.0,0.8923698503149049,0.010548514939522531,-0.5049610547215204,18.85,0.0
2022-05-03,109.0,0.0,7.96,0.0,8.2,0.0,0.7585143727676692,0.008966237698594153,-0.5197438121555155,20.2,-1.0
2022-05-04,108.0,0.0,6.0,0.0,5.99,0.0,0.6447372168525188,0.00762130204380503,-0.5343725582809787,14.9875,-1.0
2022-05-05,107.0,0.4,9.44,0.0,9.85,0.2,0.7480266343246411,0.008842264364433382,-0.548842958284719,24.112499999999997,-1.0
2022-05-06,107.0,0.0,9.12,0.0,10.29,0.0,0.635822639175945,0.0075159247097683745,-0.5631507242749186,24.262499999999996,0.0
2022-05-07,103.0,0.0,9.81,0.0,9.97,0.0,0.5404492432995532,0.006388536003303118,-0.5772916165517272,24.725,-4.0
2022-05-08,102.0,0.1,9.46,0.0,9.8,0.05,0.5093818568046202,0.006021295009607427,-0.5912614448635781,24.075000000000003,-1.0
2022-05-09,102.0,0.0,6.2,0.0,6.98,0.0,0.43297457828392716,0.005118100758166312,-0.6050560696488488,16.475,0.0
2022-05-10,107.0,0.0,12.6,0.0,12.83,0.0,0.3680283915413381,0.004350385644441366,-0.6186714032625031,31.7875,5.0
2022-05-11,106.0,0.4,13.39,1.2,13.58,0.8,1.1128241328101374,0.013154458306571581,-0.6321034111873487,33.7125,-1.0
2022-05-12,105.0,5.5,10.51,4.3,10.72,4.9,5.845900512888617,0.06910315142696394,-0.6453481132295501,26.5375,-1.0
2022-05-13,105.0,0.0,9.8,0.0,9.68,0.0,4.969015435955325,0.05873767871291934,-0.6584015846980488,24.35,0.0
2022-05-14,105.0,0.3,9.55,0.6,9.44,0.44999999999999996,4.6736631205620265,0.05524638156717943,-0.6712599575675313,23.737500000000004,0.0
2022-05-15,105.0,0.0,9.84,0.0,9.87,0.0,3.9726136524777225,0.04695942433210252,-0.6839194216246106,24.637500000000003,0.0
2022-05-16,104.0,0.0,9.1,0.0,9.21,0.0,3.376721604606064,0.039915510682287145,-0.6963762255968722,22.887500000000003,-1.0
2022-05-17,98.0,0.0,7.6,0.0,7.52,0.0,2.8702133639151546,0.03392818407994407,-0.7086266782644596,18.9,-6.0
2022-05-18,98.0,0.0,6.91,0.0,7.09,0.0,2.4396813593278814,0.02883895646795246,-0.7206671495538609,17.5,0.0
2022-05-19,104.0,0.9,13.67,0.5,13.43,0.7,2.7737291554286987,0.03278766469295646,-0.7324940716135789,33.875,6.0
2022-05-20,104.0,0.2,13.64,0.3,13.86,0.25,2.6076697821143937,0.030824712023011864,-0.7441039398713607,34.375,0.0
2022-05-21,101.0,0.4,9.3,4.4,9.48,2.4000000000000004,4.616519314797235,0.05457089674594935,-0.7554933140726803,23.475,-3.0
2022-05-22,98.0,1.4,11.03,1.4,10.99,1.4,5.324041417577649,0.06293436562445068,-0.766658819300159,27.525,-3.0
2022-05-23,100.0,0.0,11.87,0.0,12.27,0.0,4.525435204941002,0.05349421078078308,-0.777597146973627,30.175,2.0
2022-05-24,106.0,0.0,16.31,0.0,15.73,0.0,3.8466199241998513,0.04547007916366561,-0.7883050558305255,40.05,6.0
2022-05-25,103.0,4.1,12.7,3.8,13.26,3.9499999999999997,7.219626935569874,0.08534168042629811,-0.7987793728863649,32.45,-3.0
2022-05-26,103.0,5.3,10.9,4.3,10.6,4.8,10.936682895234393,0.1292802114151319,-0.8090169943749473,26.875,0.0
2022-05-27,98.0,0.5,10.4,2.4,10.2,1.45,10.746180460949233,0.12702832250005563,-0.8190148866680801,25.75,-5.0
2022-05-28,98.0,0.5,9.97,1.8,9.84,1.15,10.284253391806848,0.12156798048144214,-0.8287700871745037,24.762500000000003,0.0
2022-05-29,100.0,2.3,10.16,3.0,10.35,2.65,11.391615383035822,0.13465787196961398,-0.8382797052177743,25.637499999999996,2.0
2022-05-30,106.0,12.7,10.04,11.6,10.08,12.149999999999999,21.832873075580444,0.2580817670265175,-0.8475409228928311,25.15,6.0
2022-05-31,108.0,1.3,10.85,0.5,11.13,0.9,19.457942114243377,0.23000821129493582,-0.8565509959010036,27.475,2.0
2022-06-01,110.0,7.2,11.72,10.8,11.87,9.0,25.53925079710687,0.3018940728246552,-0.865307254363206,29.4875,2.0
2022-06-02,121.0,1.5,12.04,0.1,11.9,0.8,22.50836317754084,0.26606659240975333,-0.8738071036110808,29.924999999999997,11.0
2022-06-03,144.0,0.0,11.58,0.0,11.45,0.0,19.132108700909715,0.22615660354829034,-0.8820480249558537,28.7875,23.0
2022-06-04,132.0,0.0,11.58,0.0,11.6,0.0,16.262292395773258,0.1922331130160468,-0.8900275764346767,28.975,-12.0
2022-06-05,120.0,0.0,14.16,0.0,14.52,0.0,13.822948536407269,0.16339814606363978,-0.8977433935342337,35.85,-12.0
2022-06-06,110.0,0.0,18.05,0.0,18.45,0.0,11.749506255946178,0.1388884241540938,-0.9051931898913974,45.625,-10.0
2022-06-07,113.0,0.3,17.07,0.1,17.48,0.2,10.187080317554251,0.12041931815817884,-0.9123747579707273,43.1875,3.0
2022-06-08,110.0,1.7,15.74,2.8,15.73,2.25,10.909018269921113,0.12895319374044192,-0.9192859697186104,39.3375,-3.0
2022-06-09,108.0,0.1,19.23,0.0,19.56,0.05,9.322665529432946,0.11020125408617543,-0.9259247771938498,48.4875,-2.0
2022-06-10,104.0,0.9,16.69,1.9,16.87,1.4,9.324265700018003,0.11022016936364283,-0.9322892131745133,41.95,-4.0
2022-06-11,102.0,0.0,16.45,0.0,16.37,0.0,7.925625845015302,0.0936871439590964,-0.9383773917408641,41.025,-2.0
2022-06-12,102.0,0.0,16.0,0.0,15.79,0.0,6.736781968263007,0.07963407236523194,-0.9441875088341993,39.7375,0.0
2022-06-13,102.0,0.0,15.23,0.0,15.01,0.0,5.726264673023556,0.06768896151044715,-0.9497178427914316,37.800000000000004,0.0
2022-06-14,107.0,0.0,14.38,0.0,14.12,0.0,4.867324972070022,0.05753561728388007,-0.9549667548552551,35.625,5.0
2022-06-15,104.0,0.0,14.94,0.0,15.25,0.0,4.137226226259519,0.048905274691298066,-0.9599326896597447,37.7375,-3.0
2022-06-16,100.0,0.0,14.14,0.0,14.26,0.0,3.516642292320591,0.04156948348760335,-0.9646141756912435,35.5,-4.0
2022-06-17,96.0,0.0,16.45,0.0,16.2,0.0,2.989145948472502,0.03533406096446285,-0.9690098257244062,40.8125,-4.0
2022-06-18,98.0,0.6,16.3,0.1,15.92,0.35,2.890774056201627,0.034171227667391856,-0.9731183372332619,40.275,2.0
2022-06-19,100.0,11.7,12.52,12.5,12.47,12.1,14.557157947771383,0.17207707996282895,-0.9769384927771817,31.237500000000004,2.0
2022-06-20,102.0,0.0,13.24,0.0,13.22,0.0,12.373584255605676,0.14626551796840462,-0.980469160361632,33.075,2.0
2022-06-21,109.0,1.3,14.25,1.5,14.03,1.4,11.917546617264826,0.14087479366353767,-0.9837092937736097,35.35,7.0
2022-06-22,108.0,0.0,15.34,0.0,15.92,0.0,10.129914624675102,0.11974357461400703,-0.986657932891657,39.074999999999996,-1.0
2022-06-23,104.0,0.0,15.36,0.0,15.82,0.0,8.610427430973836,0.10178203842190596,-0.9893142039703663,38.975,-4.0
2022-06-24,97.0,0.0,20.92,0.0,20.31,0.0,7.31886331632776,0.08651473265862006,-0.99167731989929,51.53750000000001,-7.0
2022-06-25,98.0,0.0,23.98,0.0,23.15,0.0,6.221033818878595,0.07353752275982704,-0.993746580436178,58.912499999999994,1.0
2022-06-26,99.0,0.0,24.76,0.0,24.65,0.0,5.287878746046806,0.06250689434585298,-0.9955213724144752,61.762499999999996,1.0
2022-06-27,99.0,0.0,26.13,0.0,25.37,0.0,4.494696934139784,0.05313086019397503,-0.9970011699250151,64.375,0.0
2022-06-28,99.0,7.9,25.37,6.1,24.97,7.0,10.820492394018817,0.12790674811684746,-0.9981855344718586,62.925000000000004,0.0
2022-06-29,108.0,9.4,21.56,17.1,21.12,13.25,22.447418534915997,0.2653461787012611,-0.99907411510223,53.35,9.0
2022-06-30,128.0,0.0,23.12,0.0,23.25,0.0,19.080305754678598,0.22554425189607194,-0.9996666485105112,57.962500000000006,20.0
2022-07-01,124.0,3.7,23.55,5.4,23.39,4.550000000000001,20.76825989147681,0.24549720013044082,-0.9999629591162655,58.675,-4.0
2022-07-02,119.0,10.9,18.66,4.3,18.69,7.6,25.253020907755285,0.2985106099444407,-0.9999629591162655,46.6875,-5.0
2022-07-03,117.0,0.0,18.07,0.0,18.33,0.0,21.465067771591993,0.25373401845277455,-0.9996666485105112,45.5,-2.0
2022-07-04,112.0,0.0,19.78,0.0,19.85,0.0,18.245307605853196,0.2156739156848584,-0.99907411510223,49.5375,-5.0
2022-07-05,107.0,0.0,18.4,0.0,17.76,0.0,15.508511464975216,0.18332282833212965,-0.9981855344718586,45.199999999999996,-5.0
2022-07-06,107.0,0.0,16.48,3.6,15.96,1.8,14.982234745228935,0.17710182272710215,-0.9970011699250151,40.55,0.0
2022-07-07,106.0,1.7,16.66,2.2,15.98,1.9500000000000002,14.684899533444593,0.1735870861832281,-0.9955213724144752,40.8,-1.0
2022-07-08,108.0,6.9,16.55,4.3,16.52,5.6,18.082164603427906,0.21374543681731883,-0.9937465804361781,41.3375,2.0
2022-07-09,114.0,4.0,16.33,0.3,15.61,2.15,17.519839912913717,0.20709831578711138,-0.99167731989929,39.925,6.0
2022-07-10,114.0,32.2,13.62,6.9,13.42,19.55,34.44186392597666,0.4071299764777572,-0.9893142039703664,33.8,0.0
2022-07-11,124.0,1.8,15.44,4.4,14.73,3.1,32.37558433708016,0.3827049232276798,-0.9866579328916572,37.712500000000006,10.0
2022-07-12,138.0,1.4,17.28,2.4,16.6,1.9,29.419246686518136,0.3477586822019193,-0.9837092937736098,42.35,14.0
2022-07-13,144.0,0.0,18.96,2.3,18.5,1.15,26.156359683540412,0.3091887862280262,-0.9804691603616321,46.825,6.0
2022-07-14,212.0,0.0,17.3,0.2,16.9,0.1,22.33290573100935,0.2639925471074218,-0.9769384927771817,42.75,68.0
2022-07-15,186.0,0.9,15.51,2.0,14.59,1.45,20.432969871357948,0.24153380783850206,-0.973118337233262,37.625,-26.0
2022-07-16,154.0,2.1,14.74,10.9,13.7,6.5,23.868024390654256,0.2821388595466977,-0.9690098257244063,35.55,-32.0
2022-07-17,156.0,0.1,15.15,0.2,14.73,0.15000000000000002,20.437820732056114,0.24159114883509233,-0.9646141756912435,37.35,2.0
2022-07-18,151.0,0.0,17.57,0.0,17.05,0.0,17.372147622247695,0.20535247650982846,-0.9599326896597445,43.275000000000006,-5.0
2022-07-19,134.0,0.0,19.09,0.0,18.95,0.0,14.76632547891054,0.17454960503335418,-0.9549667548552553,47.55,-17.0
2022-07-20,132.0,0.0,19.22,0.0,19.43,0.0,12.551376657073959,0.14836716427835106,-0.9497178427914317,48.3125,-2.0
2022-07-21,128.0,0.0,21.32,0.0,21.21,0.0,10.668670158512866,0.1261120896365984,-0.9441875088341994,53.1625,-4.0
2022-07-22,120.0,0.4,21.62,0.0,22.18,0.2,9.268369634735935,0.10955943381830772,-0.9383773917408642,54.75,-8.0
2022-07-23,115.0,0.0,18.87,0.1,18.79,0.05,7.9281141895255445,0.09371655815236135,-0.9322892131745134,47.074999999999996,-5.0
2022-07-24,109.0,0.8,18.34,1.3,17.6,1.05,7.788897061096712,0.09207090197230244,-0.9259247771938499,44.925,-6.0
2022-07-25,114.0,0.0,19.71,0.0,19.34,0.0,6.620562501932205,0.07826026667645707,-0.9192859697186105,48.8125,5.0
2022-07-26,117.0,2.8,18.8,2.6,18.47,2.7,8.327478126642374,0.09843735464217643,-0.9123747579707274,46.58749999999999,3.0
2022-07-27,114.0,1.0,16.18,2.4,14.99,1.7,8.778356407646017,0.10376709127704235,-0.9051931898913975,38.962500000000006,-3.0
2022-07-28,115.0,6.0,15.97,35.1,15.3,20.55,28.011602946499114,0.33111922378019404,-0.8977433935342336,39.087500000000006,1.0
2022-07-29,112.0,0.0,14.92,0.0,15.49,0.0,23.809862504524247,0.281451340213165,-0.8900275764346766,38.0125,-3.0
2022-07-30,116.0,0.0,16.81,0.0,17.0,0.0,20.23838312884561,0.2392336391811902,-0.8820480249558535,42.2625,4.0
2022-07-31,114.0,0.3,16.4,0.3,16.38,0.3,17.502625659518767,0.20689482974481033,-0.8738071036110807,40.975,-2.0
2022-08-01,105.0,0.0,17.37,0.0,17.16,0.0,14.877231810590951,0.17586060528308875,-0.8653072543632061,43.1625,-9.0
2022-08-02,111.0,0.0,16.09,0.0,15.69,0.0,12.645647039002307,0.14948151449062544,-0.8565509959010037,39.725,6.0
2022-08-03,112.0,0.0,19.4,0.0,19.17,0.0,10.748799983151962,0.12705928731703162,-0.8475409228928312,48.2125,1.0
2022-08-04,106.0,0.0,23.76,0.0,22.98,0.0,9.136479985679166,0.10800039421947687,-0.8382797052177745,58.425000000000004,-6.0
2022-08-05,101.0,0.0,25.0,0.0,24.02,0.0,7.766007987827291,0.09180033508655534,-0.828770087174504,61.27499999999999,-5.0
2022-08-06,110.0,2.8,17.97,0.8,16.87,1.7999999999999998,8.401106789653198,0.099307703468364,-0.8190148866680802,43.550000000000004,9.0
2022-08-07,103.0,0.0,15.9,0.1,15.06,0.05,7.190940771205218,0.08500258735490916,-0.8090169943749472,38.7,-7.0
2022-08-08,100.0,3.0,16.62,3.1,15.86,3.05,9.162299655524436,0.10830560306645914,-0.7987793728863648,40.60000000000001,-3.0
2022-08-09,110.0,0.0,16.68,0.3,16.82,0.15,7.937954707195771,0.0938328808268896,-0.7883050558305253,41.875,10.0
2022-08-10,102.0,0.0,16.28,0.0,16.75,0.0,6.747261501116405,0.07975794870285617,-0.7775971469736268,41.2875,-8.0
2022-08-11,100.0,0.0,16.67,0.0,17.26,0.0,5.735172275948944,0.06779425639742774,-0.7666588193001592,42.41250000000001,-2.0
2022-08-12,101.0,0.0,19.07,0.0,20.01,0.0,4.874896434556602,0.05762511793781357,-0.7554933140726804,48.849999999999994,1.0
2022-08-13,108.0,0.0,21.14,0.0,21.5,0.0,4.143661969373111,0.048981350247141536,-0.7441039398713608,53.3,7.0
2022-08-14,98.0,0.0,22.85,0.0,23.09,0.0,3.5221126739671447,0.041634147710070304,-0.7324940716135792,57.425,-10.0
2022-08-15,98.0,0.0,25.43,0.0,24.75,0.0,2.993795772872073,0.03538902555355976,-0.7206671495538615,62.725,0.0
2022-08-16,104.0,0.0,24.82,0.0,24.19,0.0,2.544726406941262,0.03008067172052579,-0.7086266782644601,61.2625,6.0
2022-08-17,99.0,0.1,23.62,0.1,23.35,0.1,2.2630174459000725,0.026750649776046475,-0.6963762255968726,58.7125,-5.0
2022-08-18,95.0,0.0,24.91,0.0,24.27,0.0,1.9235648290150615,0.022738052309639503,-0.6839194216246105,61.475,-4.0
2022-08-19,96.0,0.0,25.95,0.0,24.97,0.0,1.6350301046628022,0.019327344463193577,-0.6712599575675315,63.650000000000006,1.0
2022-08-20,96.0,0.4,23.28,2.1,22.66,1.25,2.639775588963382,0.031204227963708947,-0.6584015846980489,57.425,0.0
2022-08-21,96.0,9.8,20.89,5.9,20.6,7.8500000000000005,10.093809250618875,0.1193167806367175,-0.64534811322955,51.862500000000004,0.0
2022-08-22,98.0,1.4,18.55,61.3,18.48,31.349999999999998,39.92973786302604,0.4720009716046696,-0.6321034111873488,46.2875,2.0
2022-08-23,118.0,0.0,22.36,0.0,22.37,0.0,33.940277183572135,0.40120082586396916,-0.6186714032625032,55.91250000000001,20.0
2022-08-24,106.0,0.0,23.13,0.0,23.53,0.0,28.849235606036313,0.3410207019843738,-0.6050560696488494,58.324999999999996,-12.0
2022-08-25,99.0,0.0,21.92,1.8,21.69,0.9,25.421850265130864,0.30050630600911366,-0.5912614448635782,54.5125,-7.0
2022-08-26,97.0,3.1,22.6,0.0,22.65,1.55,23.158572725361235,0.27375258171853967,-0.5772916165517278,56.5625,-2.0
2022-08-27,97.0,0.0,22.74,0.0,22.93,0.0,19.68478681655705,0.23268969446075874,-0.5631507242749187,57.087500000000006,0.0
2022-08-28,100.0,0.0,22.35,0.0,22.55,0.0,16.73206879407349,0.1977862402916449,-0.5488429582847199,56.12500000000001,3.0
2022-08-29,94.0,3.6,17.9,17.5,18.32,10.55,24.77225847496247,0.292827619082651,-0.5343725582809785,45.275,-6.0
2022-08-30,95.0,0.0,16.29,0.0,15.82,0.0,21.0564197037181,0.24890347622025336,-0.5197438121555157,40.1375,1.0
2022-08-31,100.0,0.0,14.0,0.0,13.76,0.0,17.897956748160382,0.21156795478721532,-0.5049610547215202,34.699999999999996,5.0
2022-09-01,94.0,0.0,11.73,0.0,11.53,0.0,15.213263235936324,0.17983276156913303,-0.4900286664290594,29.074999999999996,-6.0
2022-09-02,94.0,1.0,10.87,0.6,11.07,0.8,13.731273750545876,0.16231447784255948,-0.4749510720670502,27.424999999999997,0.0
2022-09-03,93.0,0.0,9.9,0.0,10.73,0.0,11.671582687963994,0.13796730616617556,-0.4597327394521046,25.7875,-1.0
2022-09-04,94.0,0.0,11.61,0.0,12.03,0.0,9.920845284769396,0.11727221024124923,-0.44437817810461344,29.55,1.0
2022-09-05,93.0,0.3,9.93,0.0,10.56,0.15,8.582718492053987,0.10145449692546119,-0.4288919379124841,25.612500000000004,-1.0
2022-09-06,93.0,0.0,8.62,0.0,9.64,0.0,7.295310718245888,0.086236322386642,-0.41327860778290443,22.824999999999996,0.0
2022-09-07,93.0,0.0,11.1,0.0,11.31,0.0,6.201014110509005,0.0733008740286457,-0.3975428142825566,28.0125,0.0
2022-09-08,93.0,0.0,11.8,0.0,11.98,0.0,5.270861993932654,0.062305742924348845,-0.3816892202666586,29.725,0.0
2022-09-09,92.0,1.9,12.0,0.4,11.62,1.15,5.630232694842755,0.06655378784209136,-0.3657225234972692,29.525,-1.0
2022-09-10,92.0,0.0,12.93,0.0,12.54,0.0,4.785697790616342,0.05657071966577766,-0.34964745525122826,31.8375,0.0
2022-09-11,92.0,0.0,12.63,0.0,12.27,0.0,4.06784312202389,0.04808511171591101,-0.33346877891818705,31.125,0.0
2022-09-12,91.0,0.0,11.92,0.0,11.83,0.0,3.457666653720307,0.040872344958524355,-0.31719128858910595,29.6875,-1.0
2022-09-13,91.0,10.1,10.49,0.8,10.72,5.45,8.38901665566226,0.09916478855592131,-0.300819807635668,26.512500000000003,0.0
2022-09-14,93.0,17.0,15.12,8.9,14.54,12.95,20.08066415731292,0.23736927663367519,-0.2843591872810036,37.074999999999996,2.0
2022-09-15,96.0,16.3,13.62,14.5,12.93,15.4,32.468564533715984,0.383804022432955,-0.26781430516217486,33.1875,3.0
2022-09-16,110.0,12.0,12.21,54.2,11.14,33.1,60.69827985365859,0.7175015063694637,-0.25119006388481957,29.1875,14.0
2022-09-17,120.0,5.5,12.36,9.3,11.66,7.4,58.993537875609796,0.697350112620411,-0.23449138957041052,30.025,10.0
2022-09-18,135.0,11.7,10.67,0.1,10.77,5.8999999999999995,56.04450719426833,0.662490245729723,-0.21772323039653224,26.799999999999997,15.0
2022-09-19,124.0,3.8,10.18,2.3,10.03,3.05,50.68783111512808,0.5991701126850508,-0.20089055513063528,25.262500000000003,-11.0
2022-09-20,116.0,6.7,11.28,1.6,11.09,4.15,47.23465644785886,0.5583508665466747,-0.18399835165767986,27.9625,-8.0
2022-09-21,110.0,1.4,10.67,1.1,10.57,1.25,41.39945798068003,0.4893742217346679,-0.1670516255021195,26.550000000000004,-6.0
2022-09-22,103.0,0.0,9.46,0.0,10.03,0.0,35.18953928357803,0.4159680884744677,-0.15005539834465262,24.362500000000004,-7.0
2022-09-23,104.0,0.0,8.25,0.0,8.99,0.0,29.911108391041324,0.35357287520329755,-0.13301470653419636,21.550000000000004,1.0
2022-09-24,98.0,0.2,8.8,0.0,9.33,0.1,25.524442132385126,0.30171902273640244,-0.11593459959550066,22.6625,-6.0
2022-09-25,96.0,0.0,10.0,0.0,10.35,0.0,21.695775812527355,0.25646116932594204,-0.09882013873287211,25.4375,-2.0
2022-09-26,97.0,0.3,10.78,0.2,11.02,0.25,18.69140944064825,0.22094719096104962,-0.08167639533042288,27.249999999999996,1.0
2022-09-27,104.0,0.0,11.82,0.0,11.3,0.0,15.887698024551012,0.18780511231689218,-0.06450844944931625,28.900000000000002,7.0
2022-09-28,95.0,3.5,10.82,4.8,10.56,4.15,17.65454332086836,0.20869061623373977,-0.04732138832243232,26.725,-9.0
2022-09-29,94.0,0.1,10.32,4.0,9.93,2.05,17.056361822738104,0.2016196394774696,-0.03012030484690836,25.3125,-1.0
2022-09-30,102.0,0.0,8.65,0.2,9.7,0.1,14.597907549327388,0.17255877236944872,-0.012910296075008843,22.9375,8.0
2022-10-01,94.0,0.0,10.45,0.0,10.6,0.0,12.40822141692828,0.14667495651403142,0.004303538296243821,26.312499999999996,-8.0
2022-10-02,94.0,17.5,10.85,19.0,10.47,18.25,28.796988204389038,0.34040309651884504,0.021516097436222233,26.65,0.0
2022-10-03,98.0,0.1,10.47,0.5,10.13,0.3,24.777439973730683,0.292888868481817,0.03872228089217399,25.75,4.0
2022-10-04,111.0,0.0,11.72,0.0,10.5,0.0,21.06082397767108,0.24895553820954444,0.05591699010060302,27.775,13.0
2022-10-05,104.0,0.0,13.24,0.0,12.21,0.0,17.90170038102042,0.21161220747811277,0.07309512989807776,31.812500000000004,-7.0
2022-10-06,99.0,0.1,14.0,0.2,13.25,0.15000000000000002,15.366445323867357,0.18164349457679518,0.0902516100310407,34.0625,-5.0
2022-10-07,101.0,0.0,12.38,0.0,12.15,0.0,13.061478525287253,0.15439697039027592,0.10738134666416306,30.6625,2.0
2022-10-08,100.0,0.0,11.69,0.0,11.32,0.0,11.102256746494165,0.1312374248317345,0.12447926388678869,28.762499999999996,-1.0
2022-10-09,99.0,0.3,10.35,0.5,9.21,0.4,9.83691823452004,0.11628012636137254,0.141540295217043,24.450000000000003,-1.0
2022-10-10,95.0,0.0,9.86,0.0,9.43,0.0,8.361380499342033,0.09883810740716666,0.15855938510313475,24.112499999999997,-4.0
2022-10-11,98.0,0.9,11.02,2.4,10.0,1.65,8.757173424440728,0.10351669172048428,0.17553149042142777,26.275,3.0
2022-10-12,94.0,0.6,9.59,1.5,7.71,1.05,8.493597410774619,0.10040101550520694,0.19245158197082995,21.625,-4.0
2022-10-13,98.0,2.8,9.97,1.0,9.94,1.9,9.119557799158425,0.1078003606378174,0.20931464596304888,24.8875,4.0
2022-10-14,93.0,0.0,10.18,0.0,10.12,0.0,7.751624129284661,0.09163030654214477,0.22611568550828803,25.374999999999996,-5.0
2022-10-15,100.0,0.7,11.53,1.5,11.2,1.1,7.688880509891961,0.09088862751041812,0.2428497220959358,28.412499999999994,7.0
2022-10-16,93.0,1.0,13.47,0.3,13.53,0.65,7.185548433408167,0.0849388456722525,0.25951179706979943,33.75,-7.0
2022-10-17,93.0,0.1,13.37,0.0,13.05,0.05,6.1577161683969415,0.0727890582282144,0.27609697309746883,33.025000000000006,0.0
2022-10-18,98.0,0.5,13.22,1.5,13.26,1.0,6.2340587431374,0.07369148762997776,0.2926003356333479,33.1,5.0
2022-10-19,94.0,0.3,7.17,0.1,6.77,0.2,5.49894993166679,0.0650019221126802,0.30901699437494723,17.425,-4.0
2022-10-20,96.0,0.0,7.02,0.1,6.62,0.05,4.724107441916771,0.05584267320257794,0.3253420847119795,17.05,2.0
2022-10-21,96.0,0.0,6.97,0.0,6.9,0.0,4.015491325629255,0.04746627222219125,0.341570769167856,17.337500000000002,0.0
2022-10-22,94.0,1.3,7.51,0.7,7.37,1.0,4.413167626784867,0.05216711952485809,0.35769823883312546,18.599999999999998,-2.0
2022-10-23,94.0,0.4,10.81,0.5,10.67,0.45,4.201192482767137,0.049661406257327366,0.3737197147904692,26.85,0.0
2022-10-24,94.0,0.8,10.94,0.3,10.8,0.55,4.121013610352066,0.048713628793525796,0.38963044953078774,27.175000000000004,0.0
2022-10-25,98.0,3.0,12.57,4.9,12.4,3.95,7.452861568799257,0.08809869761167927,0.4054257283599973,31.2125,4.0
2022-10-26,94.0,0.2,12.34,1.3,12.17,0.75,7.084932333479368,0.08374948407192402,0.42110087079608916,30.637499999999996,-4.0
2022-10-27,98.0,0.1,11.85,0.6,11.58,0.35,6.372192483457463,0.07532433730873385,0.4366512319560638,29.2875,4.0
2022-10-28,94.0,0.4,12.38,0.2,12.32,0.30000000000000004,5.716363610938843,0.06757192315322243,0.45207220393230374,30.875000000000004,-4.0
2022-10-29,98.0,0.9,12.51,0.8,12.35,0.8500000000000001,5.7089090692980164,0.06748380459583525,0.46735921715800205,31.075,4.0
2022-10-30,94.0,0.0,9.07,0.0,9.43,0.0,4.852572708903314,0.057361233906459974,0.48250774176121763,23.125,-4.0
2022-10-31,98.0,0.0,6.87,0.0,6.93,0.0,4.124686802567817,0.04875704882049098,0.4975132889071803,17.25,4.0
2022-11-01,94.0,0.4,10.03,0.7,9.66,0.55,4.055983782182644,0.047944924972214864,0.5123714121284235,24.612499999999997,-4.0
2022-11-02,96.0,1.4,11.03,4.6,10.88,3.0,6.447586214855248,0.07621555063436922,0.5270777086423724,27.3875,2.0
2022-11-03,96.0,0.7,7.78,1.0,7.83,0.85,6.33044828262696,0.07483088795481002,0.5416278206559811,19.5125,0.0
2022-11-04,98.0,0.0,6.13,0.0,5.84,0.0,5.380881040232915,0.06360625476158852,0.5560174366570446,14.962499999999999,2.0
2022-11-05,98.0,2.9,6.57,3.3,6.57,3.0999999999999996,7.673748884197978,0.09070975976893636,0.5702422926917867,16.425,0.0
2022-11-06,95.0,0.0,7.33,0.9,6.97,0.45,6.972686551568281,0.0824226504647939,0.5842981736283683,17.875,-3.0
2022-11-07,96.0,0.0,6.85,0.2,6.1,0.1,6.0267835688330385,0.07124133170867436,0.5981809144059159,16.1875,1.0
2022-11-08,99.0,2.4,11.14,5.0,10.44,3.7,8.822766033508083,0.10429204805555665,0.6118864012687242,26.974999999999998,3.0
2022-11-09,100.0,1.3,9.66,2.6,9.24,1.9500000000000002,9.44935112848187,0.11169877771241443,0.6254105729852457,23.625,1.0
2022-11-10,104.0,1.1,10.94,2.0,10.1,1.55,9.58194845920959,0.11326618266634533,0.6387494220515268,26.299999999999997,4.0
2022-11-11,110.0,1.6,11.76,2.5,11.44,2.05,10.19465619032815,0.12050887094518435,0.6518989958787125,29.0,6.0
2022-11-12,111.0,0.0,11.08,0.0,11.62,0.0,8.665457761778928,0.1024325403034067,0.6648553979642867,28.375,1.0
2022-11-13,110.0,0.0,7.17,0.0,8.18,0.0,7.365639097512089,0.0870676592578957,0.6776147890466887,19.1875,-1.0
2022-11-14,108.0,0.0,3.84,0.0,4.18,0.0,6.260793232885275,0.07400751036921134,0.690173388242972,10.024999999999999,-2.0
2022-11-15,100.0,0.3,6.54,0.1,6.25,0.2,5.521674247952484,0.06527054144102874,0.7025274741691566,15.987499999999999,-8.0
2022-11-16,106.0,0.0,1.64,0.0,1.3,0.0,4.693423110759611,0.05547996022487443,0.7146733860429608,3.675,6.0
2022-11-17,102.0,0.0,-0.71,0.0,-1.0,0.0,3.9894096441456695,0.047157966191143263,0.726607524768565,0.0,-4.0
2022-11-18,101.0,0.0,-1.77,0.0,-1.85,0.0,3.390998197523819,0.04008427126247177,0.7383263540031063,0.0,-1.0
2022-11-19,100.0,0.2,-5.83,0.0,-5.05,0.1,2.982348467895246,0.03525370938670056,0.749826401204568,0.0,-1.0
2022-11-20,100.0,0.6,-4.2,1.0,-4.31,0.8,3.334996197710959,0.039422283487491896,0.7611042586607742,0.0,0.0
2022-11-21,98.0,0.1,-1.91,0.6,-1.97,0.35,3.1847467680543153,0.037646216811966546,0.7721565844991641,0.0,-2.0
2022-11-22,99.0,0.0,-2.01,0.0,-2.37,0.0,2.707034752846168,0.03199928429017156,0.7829801036770625,0.0,1.0
2022-11-23,100.0,0.0,-4.52,0.0,-4.92,0.0,2.3009795399192425,0.027199391646645827,0.7935716089521472,0.0,1.0
2022-11-24,99.0,0.0,-2.97,0.0,-3.08,0.0,1.955832608931356,0.023119482899648953,0.8039279618328208,0.0,-1.0
2022-11-25,98.0,0.0,-0.69,0.1,-0.97,0.05,1.7124577175916527,0.020242599871501385,0.8140460935082175,0.0,-1.0
2022-11-26,98.0,0.0,-0.21,0.0,-0.36,0.0,1.4555890599529047,0.01720620989077618,0.8239230057575536,0.0,0.0
2022-11-27,98.0,2.9,0.31,2.4,-0.07,2.65,3.887250700959969,0.045950366967547895,0.8335557718385695,0.3,0.0
2022-11-28,98.0,0.7,-0.0,0.7,-0.27,0.7,4.004163095815974,0.04733236361761258,0.8429415373547832,0.0,0.0
2022-11-29,98.0,0.0,-0.08,0.0,-0.14,0.0,3.4035386314435776,0.040232509074970696,0.8520775211013093,0.0,0.0
2022-11-30,98.0,0.0,0.67,0.0,0.55,0.0,2.893007836727041,0.03419763271372509,0.8609610158889945,1.5250000000000004,0.0
2022-12-01,98.0,0.0,-0.44,0.0,-0.7,0.0,2.4590566612179847,0.029067987806666324,0.8695893893466109,0.0,0.0
2022-12-02,99.0,0.0,-4.08,0.0,-3.99,0.0,2.090198162035287,0.024707789635666375,0.8779600847008883,0.0,1.0
2022-12-03,98.0,1.6,-4.45,2.0,-4.6,1.8,3.576668437729994,0.04227903983510837,0.8860706215341377,0.0,-1.0
2022-12-04,98.0,2.5,-0.75,0.8,-0.74,1.65,4.690168172070495,0.05544148428423473,0.893918596519257,0.0,0.0
2022-12-05,99.0,0.4,-2.0,0.2,-2.19,0.30000000000000004,4.286642946259921,0.05067149808239818,0.9015016841318838,0.0,1.0
2022-12-06,98.0,0.9,-0.59,0.7,-0.61,0.8,4.443646504320933,0.05252740387883488,0.9088176373395028,0.0,-1.0
2022-12-07,99.0,17.9,0.38,13.4,0.19,15.649999999999999,19.42709952867279,0.22964362762533963,0.9158642882672868,0.7125000000000001,1.0
2022-12-08,100.0,17.8,-0.25,20.8,-0.39,19.3,35.813034599371875,0.4233382945062524,0.9226395488404875,0.0,1.0
2022-12-09,100.0,0.7,-10.63,0.4,-10.71,0.55,30.991079409466092,0.36633898380511204,0.9291414114031743,0.0,0.0
2022-12-10,104.0,0.0,-9.03,0.0,-9.48,0.0,26.342417498046178,0.31138813623434525,0.935367949313148,0.0,4.0
2022-12-11,108.0,0.0,-6.74,0.0,-6.62,0.0,22.39105487333925,0.2646799157991934,0.941317317512847,0.0,4.0
2022-12-12,106.0,13.4,-3.08,6.5,-3.5,9.95,28.98239664233836,0.3425947703824699,0.946987753076075,0.0,-2.0
2022-12-13,107.0,5.9,-1.66,4.4,-2.89,5.15,29.78503714598761,0.3520826137254764,0.9523775757303973,0.0,1.0
2022-12-14,104.0,1.4,-2.73,1.0,-5.24,1.2,26.517281574089466,0.3134551674298495,0.9574851883550389,0.0,-3.0
2022-12-15,106.0,0.0,-9.82,0.0,-10.85,0.0,22.539689337976046,0.2664368923153721,0.9623090774541487,0.0,2.0
2022-12-16,104.0,13.1,-5.73,1.0,-6.2,7.05,26.20873593727964,0.3098079148268348,0.9668478136052773,0.0,-2.0
2022-12-17,106.0,0.0,-10.3,0.0,-9.69,0.0,22.277425546687695,0.2633367276028096,0.9711000518829505,0.0,2.0
2022-12-18,104.0,0.0,-5.0,0.0,-7.53,0.0,18.93581171468454,0.22383621846238813,0.9750645322571945,0.0,-2.0
2022-12-19,104.0,0.0,-6.35,0.0,-7.57,0.0,16.095439957481858,0.1902607856930299,0.9787400799669153,0.0,0.0
2022-12-20,104.0,9.4,0.66,3.2,-0.0,6.300000000000001,19.98112396385958,0.23619263309584723,0.9821256058680006,0.8250000000000001,0.0
2022-12-21,122.0,10.3,2.23,7.1,1.68,8.7,25.683955369280643,0.3036045949146312,0.9852201067560606,4.8875,18.0
2022-12-22,186.0,1.4,1.92,1.7,1.85,1.5499999999999998,23.381362063888545,0.2763861272882296,0.9880226656636976,4.7125,64.0
2022-12-23,265.0,3.8,3.39,3.6,2.84,3.7,23.57415775430526,0.2786651242981786,0.9905324521322227,7.7875000000000005,79.0
2022-12-24,294.0,0.2,-3.6,0.0,-2.81,0.1,20.138034091159472,0.23804743446705134,0.9927487224577402,0.0,29.0
2022-12-25,262.0,0.0,-1.5,0.0,-1.57,0.0,17.117328977485553,0.20234031929699367,0.9946708199115211,0.0,-32.0
2022-12-26,198.0,1.6,0.68,2.5,0.53,2.05,16.59972963086272,0.19622188708123542,0.9962981749346077,1.5125,-64.0
2022-12-27,172.0,0.5,4.28,0.6,3.75,0.55,14.659770186233311,0.17329003749384767,0.9976303053065857,10.037500000000001,-26.0
2022-12-28,190.0,9.0,2.23,5.4,1.83,7.2,19.660804658298314,0.2324062064489383,0.9986668162884759,5.075000000000001,18.0
2022-12-29,228.0,8.6,5.03,7.9,4.58,8.25,24.961683959553568,0.29506677760356065,0.9994074007397048,12.0125,38.0
2022-12-30,305.0,5.1,5.27,5.1,5.06,5.1,26.31743136562053,0.3110927804566037,0.9998518392091162,12.912499999999998,77.0
2022-12-31,352.0,8.3,6.17,8.0,6.17,8.15,30.51981666077745,0.3607682866964767,1.0,15.425,47.0
2023-01-01,382.0,8.0,8.56,17.8,9.26,12.9,38.84184416166083,0.45914121064634744,0.9998518392091162,22.275,30.0
2023-01-02,450.0,8.5,6.82,6.5,6.87,7.5,40.515567537411705,0.4789259400693618,0.9994074007397048,17.1125,68.0
2023-01-03,456.0,1.3,3.67,0.6,3.67,0.95,35.38823240679995,0.4183167977881533,0.998666816288476,9.175,6.0
2023-01-04,414.0,10.3,1.13,9.8,0.89,10.05,40.12999754577996,0.4743681988866853,0.9976303053065857,2.525,-42.0
2023-01-05,356.0,4.0,-0.46,5.7,-0.03,4.85,38.96049791391297,0.46054379151326086,0.9962981749346078,0.0,-58.0
2023-01-06,328.0,0.0,-8.85,0.0,-9.16,0.0,33.11642322682602,0.39146222278627174,0.9946708199115211,0.0,-28.0
2023-01-07,234.0,0.0,-6.56,0.0,-6.96,0.0,28.148959742802116,0.33274288936833096,0.9927487224577402,0.0,-94.0
2023-01-08,201.0,0.6,-0.04,0.1,-0.5,0.35,24.2766157813818,0.2869687318106798,0.9905324521322229,0.0,-33.0
2023-01-09,186.0,3.4,0.28,1.3,0.1,2.35,22.98512341417453,0.27170227415866727,0.9880226656636976,0.475,-15.0
2023-01-10,166.0,0.3,2.3,0.4,2.35,0.35,19.88735490204835,0.23508420888246562,0.9852201067560606,5.8125,-20.0
2023-01-11,160.0,1.3,2.55,1.2,2.49,1.25,18.154251666741096,0.21459756272009017,0.9821256058680006,6.3,-6.0
2023-01-12,168.0,6.8,4.64,5.6,4.66,6.199999999999999,21.63111391672993,0.2556968147552489,0.9787400799669153,11.625,8.0
2023-01-13,228.0,10.0,6.35,9.4,6.43,9.7,28.08644682922044,0.3320039374611181,0.9750645322571948,15.975,60.0
2023-01-14,311.0,4.5,5.41,4.0,5.16,4.25,28.123479804837373,0.33244169641993143,0.9711000518829505,13.2125,83.0
2023-01-15,357.0,14.4,4.25,13.2,4.01,13.8,37.70495783411177,0.44570231823367995,0.9668478136052775,10.325,46.0
2023-01-16,393.0,0.0,3.12,0.0,2.5,0.0,32.049214158995,0.3788469704986279,0.9623090774541486,7.025,36.0
2023-01-17,345.0,1.0,2.34,0.3,2.3,0.65,27.891832035145747,0.32970343721223083,0.9574851883550393,5.8,-48.0
2023-01-18,267.0,2.7,0.32,8.5,0.36,5.6,29.30805722987388,0.3464443351919711,0.9523775757303974,0.8499999999999999,-78.0
2023-01-19,231.0,0.0,0.85,0.0,0.13,0.0,24.911848645392798,0.29447768491317544,0.9469877530760753,1.225,-36.0
2023-01-20,214.0,0.0,-3.03,0.0,-3.73,0.0,21.175071348583877,0.2503060321761991,0.9413173175128471,0.0,-17.0
2023-01-21,194.0,0.0,-1.45,0.0,-1.3,0.0,17.998810646296295,0.21276012734976923,0.9353679493131483,0.0,-20.0
2023-01-22,174.0,0.0,-2.17,0.0,-2.27,0.0,15.298989049351851,0.18084610824730385,0.9291414114031743,0.0,-20.0
2023-01-23,166.0,0.0,-3.67,0.0,-3.26,0.0,13.004140691949074,0.15371919201020826,0.9226395488404876,0.0,-8.0
2023-01-24,158.0,0.0,-0.09,0.0,-0.59,0.0,11.053519588156712,0.13066131320867702,0.9158642882672872,0.0,-8.0
2023-01-25,150.0,0.0,2.36,0.1,1.47,0.05,9.445491649933206,0.11165315563417526,0.9088176373395029,4.7875,-8.0
2023-01-26,158.0,1.5,0.07,1.3,-1.03,1.4,9.428667902443225,0.1114542856794427,0.901501684131884,0.0,8.0
2023-01-27,162.0,0.1,-0.51,0.3,-0.58,0.2,8.21436771707674,0.0971003004547254,0.893918596519257,0.0,4.0
2023-01-28,157.0,1.3,-0.49,0.4,-0.94,0.8500000000000001,7.832212559515229,0.09258292530211278,0.886070621534138,0.0,-5.0
2023-01-29,151.0,3.2,3.32,4.9,3.12,4.050000000000001,10.707380675587945,0.12656967845757774,0.8779600847008882,8.049999999999999,-6.0
2023-01-30,232.0,16.6,3.83,15.4,3.36,16.0,25.101273574249753,0.2967168368648695,0.869589389346611,8.987499999999999,81.0
2023-01-31,333.0,3.2,2.63,3.6,2.16,3.4000000000000004,24.736082538112292,0.2923999909975239,0.8609610158889943,5.9875,101.0
2023-02-01,319.0,3.6,2.24,7.5,1.82,5.55,26.57567015739545,0.3141453665026705,0.8520775211013093,5.075000000000001,-14.0
2023-02-02,303.0,0.4,1.07,0.5,0.98,0.45,23.039319633786132,0.2723429161884679,0.8429415373547828,2.5625,-16.0
2023-02-03,266.0,0.0,-0.25,0.0,-0.32,0.0,19.58342168871821,0.2314914787601977,0.8335557718385699,0.0,-37.0
2023-02-04,220.0,0.0,-2.17,0.0,-2.21,0.0,16.64590843541048,0.19676775694616805,0.8239230057575542,0.0,-46.0
2023-02-05,190.0,0.0,-1.88,0.0,-2.04,0.0,14.149022170098908,0.16725259340424284,0.8140460935082178,0.0,-30.0
2023-02-06,169.0,0.6,0.89,0.3,0.57,0.44999999999999996,12.47666884458407,0.14748405905480438,0.8039279618328213,1.825,-21.0
2023-02-07,162.0,0.0,0.92,0.0,0.87,0.0,10.605168517896459,0.12536145019658373,0.7935716089521474,2.2375,-7.0
2023-02-08,151.0,0.0,1.49,0.0,0.25,0.0,9.014393240211989,0.10655723266709616,0.7829801036770629,2.175,-11.0
2023-02-09,147.0,0.0,0.78,0.0,-0.33,0.0,7.66223425418019,0.09057364776703172,0.7721565844991642,0.5625,-4.0
2023-02-10,144.0,0.6,3.09,0.7,2.73,0.6499999999999999,7.162899116053161,0.08467111289037406,0.7611042586607747,7.275,-3.0
2023-02-11,170.0,5.2,2.5,9.6,2.62,7.4,13.488464248645187,0.15944427816318485,0.7498264012045686,6.4,26.0
2023-02-12,257.0,0.5,1.07,0.4,1.12,0.45,11.915194611348408,0.1408469910999051,0.7383263540031065,2.7375000000000007,87.0
2023-02-13,242.0,0.0,3.74,0.0,3.43,0.0,10.127915419646147,0.11971994243491933,0.7266075247685656,8.9625,-15.0
2023-02-14,211.0,0.0,2.85,0.0,2.59,0.0,8.608728106699225,0.10176195106968143,0.7146733860429609,6.799999999999999,-31.0
2023-02-15,196.0,0.0,2.3,0.0,1.97,0.0,7.3174188906943405,0.08649765840922921,0.702527474169157,5.3374999999999995,-15.0
2023-02-16,184.0,0.0,2.44,0.3,1.78,0.15,6.36980605709019,0.07529612786824416,0.6901733882429719,5.2749999999999995,-12.0
2023-02-17,176.0,10.4,4.0,11.1,3.84,10.75,16.16433514852666,0.19107518114995944,0.6776147890466889,9.8,-8.0
2023-02-18,282.0,2.5,3.99,8.2,3.72,5.35,19.08968487624766,0.22565512050504158,0.6648553979642865,9.637500000000001,106.0
2023-02-19,359.0,0.0,2.1,0.0,1.61,0.0,16.22623214481051,0.19180685242928533,0.6518989958787126,4.6375,77.0
2023-02-20,321.0,12.8,2.54,12.3,2.05,12.55,26.342297323088935,0.3113867156716364,0.6387494220515272,5.7375,-38.0
2023-02-21,297.0,0.0,2.12,0.0,2.07,0.0,22.390952724625595,0.26467870832089097,0.6254105729852463,5.237499999999999,-24.0
2023-02-22,276.0,0.3,-1.65,0.0,-1.41,0.15,19.182309815931756,0.22675002029315663,0.6118864012687243,0.0,-21.0
2023-02-23,234.0,0.2,-1.31,0.0,-1.54,0.1,16.404963343541993,0.1939195960627827,0.5981809144059164,0.0,-42.0
2023-02-24,194.0,8.7,1.93,6.4,1.59,7.55,21.494218842010692,0.2540786070801315,0.5842981736283683,4.4,-40.0
2023-02-25,193.0,8.9,-0.26,6.1,-0.33,7.5,25.770086015709087,0.3046227270380782,0.5702422926917871,0.0,-1.0
2023-02-26,185.0,0.0,-1.89,0.0,-2.14,0.0,21.904573113352722,0.25892931798236646,0.5560174366570446,0.0,-8.0
2023-02-27,171.0,0.0,-4.64,0.0,-5.55,0.0,18.618887146349813,0.22008992028501148,0.5416278206559814,0.0,-14.0
2023-02-28,158.0,0.0,1.25,0.0,-0.21,0.0,15.82605407439734,0.18707643224225975,0.5270777086423722,1.3,-13.0
2023-03-01,164.0,0.0,1.61,0.0,1.08,0.0,13.45214596323774,0.1590149674059208,0.5123714121284237,3.3625000000000007,6.0
2023-03-02,169.0,0.0,2.76,0.0,1.88,0.0,11.434324068752078,0.13516272229503265,0.49751328890718066,5.8,5.0
2023-03-03,170.0,0.0,3.48,0.0,3.13,0.0,9.719175458439267,0.11488831395077777,0.48250774176121847,8.2625,1.0
2023-03-04,166.0,1.3,0.5,0.6,0.11,0.95,9.211299139673375,0.10888481558735684,0.46735921715800227,0.7625,-4.0
2023-03-05,159.0,0.3,0.03,0.2,-0.68,0.25,8.079604268722369,0.0955072902832522,0.45207220393230435,0.0,-7.0
2023-03-06,152.0,2.1,-1.41,2.1,-2.48,2.1,8.967663628414012,0.10600485182635495,0.43665123195606403,0.0,-7.0
2023-03-07,145.0,3.8,-1.01,7.9,-1.2,5.85,13.47251408415191,0.15925573464797554,0.4211008707960896,0.0,-7.0
2023-03-08,143.0,3.9,-0.32,5.3,-0.81,4.6,16.051636971529124,0.18974299987635865,0.40542572835999735,0.0,-2.0
2023-03-09,136.0,0.3,-1.83,0.0,-3.99,0.15,13.793891425799755,0.16305466811530417,0.38963044953078796,0.0,-7.0
2023-03-10,135.0,0.0,-3.39,0.0,-3.9,0.0,11.724807711929792,0.13859646789800853,0.37371971479046906,0.0,-1.0
2023-03-11,139.0,0.2,-1.62,1.6,-1.98,0.9,10.866086555140322,0.12844570703570324,0.35769823883312546,0.0,4.0
2023-03-12,134.0,3.4,-1.74,3.1,-2.67,3.25,12.486173571869275,0.1475964124223332,0.3415707691678556,0.0,-5.0
2023-03-13,134.0,10.0,0.69,9.0,0.15,9.5,20.113247536088885,0.23775443785094075,0.3253420847119801,1.05,0.0
2023-03-14,219.0,9.7,7.31,7.8,7.4,8.75,25.84626040567555,0.3055231683632605,0.30901699437494745,18.387500000000003,85.0
2023-03-15,421.0,0.5,2.49,0.6,2.23,0.55,22.519321344824217,0.26619612658356895,0.29260033563334836,5.9,202.0
2023-03-16,439.0,2.7,0.25,1.8,0.58,2.25,21.391423143100585,0.25286348090202354,0.27609697309746883,1.0374999999999999,18.0
2023-03-17,343.0,0.0,1.82,0.0,2.25,0.0,18.182709671635497,0.21493395876672,0.2595117970697999,5.0875,-96.0
2023-03-18,258.0,0.0,6.5,0.0,6.39,0.0,15.45530322089017,0.18269386495171197,0.2428497220959356,16.1125,-85.0
2023-03-19,227.0,0.0,7.3,0.0,8.11,0.0,13.137007737756646,0.1552897852089552,0.22611568550828828,19.2625,-31.0
2023-03-20,212.0,5.3,5.84,3.4,6.32,4.35,15.516456577093148,0.18341674581919246,0.20931464596304847,15.2,-15.0
2023-03-21,204.0,0.9,2.67,0.5,2.76,0.7,13.888988090529175,0.16417878564151042,0.19245158197082998,6.7875,-8.0
2023-03-22,191.0,6.3,5.67,6.0,5.51,6.15,17.955639876949796,0.21224981483165634,0.1755314904214282,13.975,-13.0
2023-03-23,192.0,12.6,7.42,9.9,7.85,11.25,26.512293895407325,0.3133962091368575,0.15855938510313478,19.0875,1.0
2023-03-24,245.0,6.2,7.15,6.0,7.41,6.1,28.635449811096223,0.3384935853959016,0.141540295217043,18.2,53.0
2023-03-25,275.0,0.7,6.73,0.1,6.92,0.39999999999999997,24.74013233943179,0.29244786284091456,0.12447926388678915,17.0625,30.0
2023-03-26,255.0,2.1,5.22,2.7,5.38,2.4000000000000004,23.42911248851702,0.27695057494116665,0.10738134666416309,13.25,-20.0
2023-03-27,222.0,0.2,0.6,0.8,0.34,0.5,20.414745615239468,0.2413183827679894,0.09025161003104117,1.1749999999999998,-33.0
2023-03-28,198.0,2.0,-0.54,0.5,-1.19,1.25,18.602533772953546,0.2198966105227854,0.07309512989807777,0.0,-24.0
2023-03-29,181.0,0.6,1.36,0.0,1.03,0.3,16.112153707010513,0.19045835538516623,0.055916990100603484,2.9875000000000003,-17.0
2023-03-30,170.0,2.2,5.72,1.8,5.62,2.0,15.695330650958937,0.18553117834938235,0.03872228089217446,14.175,-11.0
2023-03-31,166.0,3.2,5.95,2.4,5.88,2.8,16.141031053315096,0.19079970837776247,0.021516097436222254,14.7875,-4.0
2023-04-01,170.0,0.0,2.27,0.7,2.64,0.35,14.06987639531783,0.16631702796869652,0.004303538296244289,6.1375,4.0
2023-04-02,169.0,0.0,2.36,0.0,2.64,0.0,11.959394936020155,0.14136947377339204,-0.01291029607500882,6.25,-1.0
2023-04-03,159.0,0.0,0.52,0.0,0.48,0.0,10.165485695617132,0.12016405270738323,-0.030120304846908114,1.25,-10.0
2023-04-04,153.0,0.0,0.25,0.0,-0.05,0.0,8.640662841274562,0.10213944480127574,-0.04732138832243185,0.25,-6.0
2023-04-05,147.0,0.7,-0.11,0.1,-0.1,0.39999999999999997,7.744563415083378,0.09154684333548259,-0.06450844944931623,0.0,-6.0
2023-04-06,143.0,0.0,1.08,0.0,1.55,0.0,6.5828789028208705,0.0778148168351602,-0.08167639533042241,3.2874999999999996,-4.0
2023-04-07,140.0,0.0,9.77,0.0,10.01,0.0,5.59544706739774,0.06614259430988617,-0.09882013873287143,24.725,-3.0
2023-04-08,136.0,3.5,8.84,3.7,9.07,3.6,8.35613000728808,0.09877604245298714,-0.11593459959550041,22.3875,-4.0
2023-04-09,134.0,0.0,9.25,0.0,9.98,0.0,7.102710506194867,0.08395963608503908,-0.1330147065341959,24.0375,-2.0
2023-04-10,132.0,0.0,8.55,0.0,8.98,0.0,6.0373039302656375,0.07136569067228321,-0.1500553983446526,21.9125,-2.0
2023-04-11,130.0,0.0,10.98,0.0,11.31,0.0,5.131708340725791,0.060660837071440724,-0.16705162550211924,27.862499999999997,-2.0
2023-04-12,128.0,0.0,12.76,0.0,12.4,0.0,4.361952089616922,0.05156171151072461,-0.18399835165768005,31.45,-2.0
2023-04-13,125.0,1.2,10.68,0.2,10.55,0.7,4.407659276174384,0.05210200647931278,-0.20089055513063506,26.5375,-3.0
2023-04-14,123.0,0.0,10.83,0.0,10.42,0.0,3.746510384748226,0.04428670550741587,-0.21772323039653177,26.5625,-2.0
2023-04-15,121.0,0.0,10.45,0.0,10.22,0.0,3.184533827035992,0.03764369968130349,-0.23449138957040985,25.837500000000002,-2.0
2023-04-16,120.0,0.4,5.9,0.2,5.81,0.30000000000000004,3.006853752980593,0.035543381169906615,-0.25119006388481935,14.637500000000001,-1.0
2023-04-17,118.0,0.0,7.51,0.0,7.64,0.0,2.555825690033504,0.030211873994420626,-0.2678143051621742,18.9375,-2.0
2023-04-18,115.0,0.9,9.32,0.0,9.47,0.45,2.622451836528479,0.030999447556455523,-0.2843591872810034,23.487499999999997,-3.0
2023-04-19,115.0,0.0,10.26,0.0,10.53,0.0,2.229084061049207,0.026349530422987193,-0.30081980763566735,25.987499999999997,0.0
2023-04-20,114.0,0.0,12.15,0.0,12.47,0.0,1.8947214518918258,0.022397100859539113,-0.3171912885891061,30.775000000000002,-1.0
2023-04-21,112.0,0.0,9.61,0.0,10.96,0.0,1.610513234108052,0.019037535730608245,-0.3334687789181868,25.7125,-2.0
2023-04-22,110.0,0.0,9.85,0.0,10.96,0.0,1.3689362489918442,0.01618190537101701,-0.3496474552512284,26.012500000000003,-2.0
2023-04-23,109.0,0.0,14.61,0.0,14.91,0.0,1.1635958116430676,0.01375461956536446,-0.36572252349726897,36.9,-1.0
2023-04-24,110.0,0.1,13.17,1.2,13.08,0.65,1.6390564398966074,0.01937493891895688,-0.3816892202666588,32.8125,1.0
2023-04-25,109.0,0.8,8.19,0.6,8.23,0.7,2.0931979739121163,0.02474324977631022,-0.39754281428255595,20.525000000000002,-1.0
2023-04-26,109.0,0.0,6.3,0.1,6.09,0.05,1.8292182778252988,0.021622801716663462,-0.4132786077829042,15.4875,0.0
2023-04-27,108.0,0.1,6.11,0.0,5.31,0.05,1.6048355361515039,0.018970420865963716,-0.4288919379124835,14.275,-1.0
2023-04-28,107.0,0.0,5.25,0.0,5.37,0.0,1.3641102057287782,0.01612485773606916,-0.4443781781046132,13.275000000000002,-1.0
2023-04-29,106.0,2.0,8.94,2.4,9.16,2.2,3.3594936748694613,0.03971186297484894,-0.45973273945210397,22.625,-1.0
2023-04-30,106.0,0.0,6.58,0.0,6.33,0.0,2.855569623639042,0.0337550835286216,-0.47495107206704995,16.1375,0.0
2023-05-01,104.0,0.0,6.55,0.0,6.57,0.0,2.427234180093186,0.028691820999328363,-0.49002866642905923,16.400000000000002,-2.0
2023-05-02,104.0,0.2,7.15,0.0,7.6,0.1,2.1631490530792084,0.025570126663028665,-0.5049610547215204,18.4375,0.0
2023-05-03,96.0,0.0,5.88,0.0,5.6,0.0,1.838676695117327,0.02173460766357436,-0.5197438121555155,14.350000000000001,-8.0
2023-05-04,97.0,0.4,5.98,0.2,6.35,0.30000000000000004,1.8628751908497279,0.022020652954836864,-0.5343725582809787,15.4125,1.0
2023-05-05,98.0,0.0,4.22,0.0,4.53,0.0,1.5834439122222685,0.018717555011611334,-0.548842958284719,10.9375,1.0
2023-05-06,99.0,0.0,5.82,0.0,5.95,0.0,1.3459273253889281,0.015909921759869633,-0.5631507242749186,14.712499999999999,1.0
2023-05-07,105.0,0.0,8.21,0.0,8.11,0.0,1.1440382265805888,0.013523433495889187,-0.5772916165517272,20.4,6.0
2023-05-08,103.0,0.0,9.7,0.0,9.72,0.0,0.9724324925935005,0.011494918471505808,-0.5912614448635781,24.275000000000002,-2.0
2023-05-09,92.0,0.0,11.86,0.0,11.73,0.0,0.8265676187044754,0.009770680700779936,-0.6050560696488488,29.4875,-11.0
2023-05-10,101.0,0.0,13.23,0.0,12.78,0.0,0.7025824758988041,0.008305078595662947,-0.6186714032625031,32.512499999999996,9.0
2023-05-11,100.0,0.0,13.68,0.0,13.3,0.0,0.5971951045139835,0.007059316806313505,-0.6321034111873487,33.725,-1.0
2023-05-12,91.0,0.0,14.35,0.0,15.04,0.0,0.507615838836886,0.0060004192853664795,-0.6453481132295501,36.7375,-9.0
2023-05-13,100.0,0.0,17.23,0.0,17.26,0.0,0.4314734630113531,0.005100356392561507,-0.6584015846980488,43.112500000000004,9.0
2023-05-14,92.0,1.5,17.98,0.1,18.4,0.8,1.1667524435596501,0.013791933442473703,-0.6712599575675313,45.474999999999994,-8.0
2023-05-15,94.0,6.7,16.35,7.1,16.47,6.9,7.891739577025703,0.09328658156447178,-0.6839194216246106,41.025,2.0
2023-05-16,94.0,1.3,11.6,1.1,11.55,1.2000000000000002,7.907978640471848,0.09347854009299565,-0.6963762255968722,28.9375,0.0
2023-05-17,102.0,0.0,9.13,0.0,8.97,0.0,6.721781844401071,0.07945675907904631,-0.7086266782644596,22.625,8.0
2023-05-18,95.0,0.0,9.58,0.0,10.12,0.0,5.71351456774091,0.06753824521718936,-0.7206671495538609,24.625,-7.0
2023-05-19,99.0,0.0,10.89,0.0,11.75,0.0,4.856487382579774,0.057407508434610954,-0.7324940716135789,28.3,4.0
2023-05-20,93.0,0.0,15.81,0.0,15.78,0.0,4.1280142751928075,0.04879638216941931,-0.7441039398713607,39.4875,-6.0
2023-05-21,95.0,0.0,17.01,0.0,16.91,0.0,3.5088121339138865,0.04147692484400642,-0.7554933140726803,42.400000000000006,2.0
2023-05-22,94.0,0.0,15.64,0.0,16.18,0.0,2.9824903138268035,0.03525538611740545,-0.766658819300159,39.775,-1.0
2023-05-23,89.0,0.0,18.15,0.0,17.9,0.0,2.535116766752783,0.029967078199794637,-0.777597146973627,45.0625,-5.0
2023-05-24,99.0,0.0,18.66,0.0,18.67,0.0,2.1548492517398654,0.02547201646982544,-0.7883050558305255,46.662499999999994,10.0
2023-05-25,90.0,0.0,15.17,0.0,15.39,0.0,1.8316218639788855,0.02165121399935162,-0.7987793728863649,38.2,-9.0
2023-05-26,91.0,0.0,12.21,0.0,12.32,0.0,1.5568785843820527,0.01840353189944888,-0.8090169943749473,30.6625,1.0
2023-05-27,95.0,0.0,10.2,0.0,10.69,0.0,1.3233467967247448,0.015643002114531547,-0.8190148866680801,26.1125,4.0
2023-05-28,96.0,0.0,12.47,0.0,13.03,0.0,1.124844777216033,0.013296551797351815,-0.8287700871745037,31.875,1.0
2023-05-29,94.0,0.0,13.21,0.0,13.11,0.0,0.956118060633628,0.011302069027749042,-0.8382797052177743,32.9,-2.0
2023-05-30,97.0,0.0,12.56,0.0,13.29,0.0,0.8127003515385838,0.009606758673586685,-0.8475409228928311,32.3125,3.0
2023-05-31,89.0,0.0,11.39,0.0,11.64,0.0,0.6907952988077962,0.008165744872548682,-0.8565509959010036,28.7875,-8.0
2023-06-01,97.0,0.0,13.4,0.3,13.4,0.15,0.7371760039866267,0.008714001362065708,-0.865307254363206,33.5,8.0
2023-06-02,90.0,0.0,8.06,0.0,8.31,0.0,0.6265996033886327,0.007406901157755852,-0.8738071036110808,20.462500000000002,-7.0
2023-06-03,96.0,0.0,9.62,0.0,9.3,0.0,0.5326096628803378,0.0062958659840924745,-0.8820480249558537,23.650000000000002,6.0
2023-06-04,90.0,0.0,12.25,0.0,12.0,0.0,0.45271821344828717,0.005351486086478604,-0.8900275764346767,30.3125,-6.0
2023-06-05,91.0,0.0,12.11,0.0,12.64,0.0,0.38481048143104407,0.004548763173506813,-0.8977433935342337,30.9375,1.0
2023-06-06,97.0,0.0,16.16,0.0,16.46,0.0,0.32708890921638745,0.0038664486974807908,-0.9051931898913974,40.775000000000006,6.0
2023-06-07,91.0,0.0,17.54,0.0,18.17,0.0,0.2780255728339293,0.0032864813928586718,-0.9123747579707273,44.6375,-6.0
2023-06-08,92.0,0.0,19.33,0.0,19.96,0.0,0.2363217369088399,0.002793509183929871,-0.9192859697186104,49.1125,1.0
2023-06-09,92.0,0.0,16.75,0.0,17.47,0.0,0.2008734763725139,0.00237448280634039,-0.9259247771938498,42.775,0.0
2023-06-10,92.0,0.0,15.31,0.0,15.45,0.0,0.1707424549166368,0.0020183103853893313,-0.9322892131745133,38.449999999999996,0.0
2023-06-11,91.0,0.0,15.47,0.0,15.55,0.0,0.1451310866791413,0.0017155638275809318,-0.9383773917408641,38.775000000000006,-1.0
2023-06-12,91.0,0.0,17.24,0.0,17.03,0.0,0.1233614236772701,0.0014582292534437921,-0.9441875088341993,42.83749999999999,0.0
2023-06-13,91.0,0.0,17.74,0.0,17.5,0.0,0.10485721012567958,0.0012394948654272232,-0.9497178427914316,44.05,0.0
2023-06-14,92.0,0.0,18.96,0.0,18.92,0.0,0.08912862860682765,0.0010535706356131398,-0.9549667548552551,47.35,1.0
2023-06-15,91.0,3.8,18.75,5.2,18.48,4.5,4.575759334315803,0.054089081652251035,-0.9599326896597447,46.53750000000001,-1.0
2023-06-16,92.0,0.0,18.95,0.0,19.1,0.0,3.8893954341684327,0.04597571940441338,-0.9646141756912435,47.5625,1.0
2023-06-17,94.0,12.3,16.47,14.7,16.66,13.5,16.80598611904317,0.198660001329691,-0.9690098257244062,41.412499999999994,2.0
2023-06-18,98.0,5.3,17.28,3.4,17.74,4.35,18.635088201186694,0.2202814295218179,-0.9731183372332619,43.77499999999999,4.0
2023-06-19,108.0,8.5,16.49,11.0,16.66,9.75,25.58982497100869,0.30249189941950155,-0.9769384927771817,41.4375,10.0
2023-06-20,105.0,0.0,16.94,0.0,17.39,0.0,21.751351225357386,0.25711811450657635,-0.980469160361632,42.912499999999994,-3.0
2023-06-21,118.0,0.0,22.61,0.2,22.45,0.1,18.58864854155378,0.21973247614418948,-0.9837092937736097,56.325,13.0
2023-06-22,110.0,0.2,18.43,0.1,18.28,0.15000000000000002,15.950351260320714,0.1885457229429604,-0.986657932891657,45.8875,-8.0
2023-06-23,98.0,0.0,18.07,0.0,17.73,0.0,13.557798571272606,0.16026386450151633,-0.9893142039703663,44.75,-12.0
2023-06-24,97.0,0.0,18.72,0.0,18.38,0.0,11.524128785581714,0.13622428482628887,-0.99167731989929,46.37499999999999,-1.0
2023-06-25,96.0,0.0,19.24,0.0,19.23,0.0,9.795509467744457,0.11579064210234553,-0.993746580436178,48.0875,-1.0
2023-06-26,96.0,0.0,17.51,0.6,17.91,0.3,8.626183047582789,0.10196828222779236,-0.9955213724144752,44.275000000000006,0.0
2023-06-27,96.0,0.1,16.81,1.1,16.23,0.6000000000000001,7.93225559044537,0.09376551277522083,-0.9970011699250151,41.3,0.0
2023-06-28,97.0,0.2,18.53,0.0,18.48,0.1,6.842417251878564,0.08088276467253724,-0.9981855344718586,46.2625,1.0
2023-06-29,101.0,0.0,20.33,0.0,19.95,0.0,5.81605466409678,0.06875034997165666,-0.99907411510223,50.35,4.0
2023-06-30,94.0,10.7,18.9,5.0,18.74,7.85,12.793646464482261,0.15123098434347304,-0.9996666485105112,47.05,-7.0
2023-07-01,96.0,0.0,17.98,0.0,17.8,0.0,10.874599494809923,0.1285463366919521,-0.9999629591162655,44.725,2.0
2023-07-02,97.0,18.9,17.1,12.2,16.52,15.549999999999999,24.793409570588434,0.2930776417028897,-0.9999629591162655,42.025000000000006,1.0
2023-07-03,104.0,0.7,16.58,0.3,16.48,0.5,21.57439813500017,0.25502638951545403,-0.9996666485105112,41.325,7.0
2023-07-04,98.0,1.0,16.29,1.2,16.05,1.1,19.438238414750145,0.229775298037731,-0.99907411510223,40.425000000000004,-6.0
2023-07-05,103.0,0.0,18.55,0.0,18.06,0.0,16.52250265253762,0.19530900333207132,-0.9981855344718586,45.7625,5.0
2023-07-06,96.0,0.6,16.87,1.0,16.52,0.8,14.844127254656978,0.17546928334105705,-0.9970011699250151,41.7375,-7.0
2023-07-07,96.0,0.0,16.49,0.0,15.9,0.0,12.617508166458432,0.1491488908398985,-0.9955213724144752,40.4875,0.0
2023-07-08,100.0,0.0,17.28,0.0,17.03,0.0,10.724881941489667,0.12677655721391373,-0.9937465804361781,42.8875,4.0
2023-07-09,93.0,0.0,17.5,0.0,17.98,0.0,9.116149650266216,0.10776007363182666,-0.99167731989929,44.35000000000001,-7.0
2023-07-10,93.0,0.0,17.21,0.0,16.86,0.0,7.7487272027262835,0.09159606258705266,-0.9893142039703664,42.5875,0.0
2023-07-11,93.0,0.0,17.72,0.0,17.56,0.0,6.58641812231734,0.07785665319899475,-0.9866579328916572,44.1,0.0
2023-07-12,92.0,0.0,20.28,0.0,19.8,0.0,5.598455403969739,0.06617815521914554,-0.9837092937736098,50.099999999999994,-1.0
2023-07-13,92.0,0.0,18.58,0.0,18.36,0.0,4.758687093374278,0.0562514319362737,-0.9804691603616321,46.175,0.0
2023-07-14,91.0,0.0,16.87,0.4,16.01,0.2,4.244884029368136,0.050177874773031754,-0.9769384927771817,41.1,-1.0
2023-07-15,90.0,0.0,19.11,0.0,18.55,0.0,3.608151424962916,0.04265119355707699,-0.973118337233262,47.074999999999996,-1.0
2023-07-16,90.0,0.0,21.63,0.1,21.72,0.05,3.116928711218478,0.03684455393031521,-0.9690098257244063,54.18749999999999,0.0
2023-07-17,90.0,0.1,20.18,0.5,19.3,0.3,2.949389404535706,0.03486410728156658,-0.9646141756912435,49.35000000000001,0.0
2023-07-18,90.0,4.6,17.44,3.1,17.02,3.8499999999999996,6.35698099385535,0.07514452551291438,-0.9599326896597445,43.075,0.0
2023-07-19,91.0,0.0,16.88,0.9,16.05,0.45,5.853433844777047,0.0691922013471752,-0.9549667548552553,41.1625,1.0
2023-07-20,90.0,0.1,16.79,0.2,15.6,0.15000000000000002,5.125418768060491,0.06058648936549826,-0.9497178427914317,40.4875,-1.0
2023-07-21,90.0,0.2,16.44,0.9,15.47,0.55,4.906605952851416,0.05799994943547105,-0.9441875088341994,39.8875,0.0
2023-07-22,90.0,1.4,15.37,1.1,14.91,1.25,5.420615059923704,0.0640759421901448,-0.9383773917408642,37.85,0.0
2023-07-23,101.0,8.4,15.37,7.2,14.8,7.800000000000001,12.407522800935148,0.14666669832238818,-0.9322892131745134,37.712500000000006,11.0
2023-07-24,99.0,2.6,18.41,6.1,18.33,4.35,14.896394380794876,0.1760871219656105,-0.9259247771938499,45.925,-2.0
2023-07-25,99.0,1.3,17.98,4.5,17.62,2.9,15.561935223675643,0.18395433926515595,-0.9192859697186105,44.5,0.0
2023-07-26,99.0,0.0,15.9,0.0,15.63,0.0,13.227644940124296,0.15636118837538254,-0.9123747579707274,39.4125,0.0
2023-07-27,93.0,0.0,15.62,0.6,15.08,0.3,11.543498199105652,0.13645324655987381,-0.9051931898913975,38.375,-6.0
2023-07-28,93.0,1.1,14.88,1.8,14.55,1.4500000000000002,11.261973469239805,0.1331254023730863,-0.8977433935342336,36.7875,0.0
2023-07-29,97.0,0.0,17.29,0.0,16.5,0.0,9.572677448853835,0.11315659201712333,-0.8900275764346766,42.2375,4.0
2023-07-30,96.0,10.0,17.34,7.2,17.27,8.6,16.736775831525758,0.19784188118411636,-0.8820480249558535,43.2625,-1.0
2023-07-31,94.0,9.5,17.05,15.4,17.1,12.45,26.676259456796892,0.3153344112996432,-0.8738071036110807,42.68750000000001,-2.0
2023-08-01,103.0,12.1,17.57,11.3,17.78,11.7,34.37482053827736,0.4063374707958444,-0.8653072543632061,44.1875,9.0
2023-08-02,104.0,3.5,18.48,4.8,18.43,4.15,33.368597457535756,0.39444312094084916,-0.8565509959010037,46.137499999999996,1.0
2023-08-03,104.0,12.9,17.94,22.2,18.36,17.55,45.913307838905396,0.5427314845864434,-0.8475409228928312,45.375,0.0
2023-08-04,108.0,1.5,18.59,0.5,18.09,1.0,40.026311663069585,0.4731425500344723,-0.8382797052177745,45.85,4.0
2023-08-05,107.0,0.0,18.5,0.2,17.99,0.1,34.12236491360915,0.40335324634290104,-0.828770087174504,45.6125,-1.0
2023-08-06,106.0,9.6,23.75,7.7,23.93,8.65,37.65401017656777,0.44510007676782715,-0.8190148866680802,59.6,-1.0
2023-08-07,103.0,4.9,17.68,4.8,17.49,4.85,36.85590865008261,0.4356658877122314,-0.8090169943749472,43.962500000000006,-3.0
2023-08-08,111.0,35.9,14.91,26.3,14.76,31.1,62.42752235257022,0.7379425155848577,-0.7987793728863648,37.087500000000006,8.0
2023-08-09,126.0,17.0,13.9,4.3,14.32,10.65,63.71339399968468,0.7531425318954813,-0.7883050558305253,35.275,15.0
2023-08-10,125.0,7.8,14.13,0.0,14.35,3.9,58.05638489973198,0.6862722258415417,-0.7775971469736268,35.6,-1.0
2023-08-11,117.0,0.0,15.22,0.0,15.3,0.0,49.34792716477218,0.5833313919653104,-0.7666588193001592,38.150000000000006,-8.0
2023-08-12,106.0,0.0,16.84,0.0,16.91,0.0,41.94573809005635,0.4958316831705138,-0.7554933140726804,42.1875,-11.0
2023-08-13,106.0,0.1,17.56,0.1,17.34,0.1,35.7538773765479,0.4226390095085363,-0.7441039398713608,43.625,0.0
2023-08-14,98.0,0.0,18.0,0.0,17.75,0.0,30.39079577006571,0.3592431580822558,-0.7324940716135792,44.6875,-8.0
2023-08-15,97.0,0.0,24.1,0.0,23.62,0.0,25.832176404555852,0.3053566843699174,-0.7206671495538615,59.65,-1.0
2023-08-16,96.0,0.0,22.21,0.0,22.89,0.0,21.957349943872472,0.25955318171442976,-0.7086266782644601,56.375,-1.0
2023-08-17,95.0,2.8,18.66,3.5,19.34,3.15,21.8137474522916,0.2578556870856512,-0.6963762255968726,47.5,-1.0
2023-08-18,100.0,2.8,20.07,0.9,21.3,1.8499999999999999,20.39168533444786,0.24104579207439525,-0.6839194216246105,51.712500000000006,5.0
2023-08-19,94.0,0.0,23.38,6.0,22.84,3.0,20.33293253428068,0.24035128767122252,-0.6712599575675315,57.775,-6.0
2023-08-20,94.0,0.0,22.2,0.0,22.33,0.0,17.282992654138578,0.20429859452053914,-0.6584015846980489,55.6625,0.0
2023-08-21,93.0,0.0,18.2,0.4,18.15,0.2,14.89054375601779,0.17601796296965735,-0.64534811322955,45.43749999999999,-1.0
2023-08-22,91.0,0.0,17.82,0.0,17.1,0.0,12.65696219261512,0.14961526852420876,-0.6321034111873488,43.650000000000006,-2.0
2023-08-23,92.0,0.0,18.34,0.0,17.78,0.0,10.758417863722851,0.1271729782455774,-0.6186714032625032,45.150000000000006,1.0
2023-08-24,89.0,0.0,17.85,1.2,17.51,0.6,9.744655184164422,0.11518950439033811,-0.6050560696488494,44.2,-3.0
2023-08-25,88.0,0.0,18.34,0.0,18.4,0.0,8.28295690653976,0.0979110787317874,-0.5912614448635782,45.925,-1.0
2023-08-26,89.0,7.5,19.41,4.6,19.72,6.05,13.090513370558796,0.15474018514479224,-0.5772916165517278,48.912499999999994,1.0
2023-08-27,91.0,3.7,18.86,1.0,19.15,2.35,13.476936364974975,0.15930800949266286,-0.5631507242749187,47.512499999999996,2.0
2023-08-28,96.0,16.2,16.39,18.9,16.56,17.549999999999997,29.005395910228728,0.34286663985548493,-0.5488429582847199,41.1875,5.0
2023-08-29,117.0,3.3,15.48,8.3,15.7,5.800000000000001,30.45458652369442,0.35999721506593624,-0.5343725582809785,38.975,21.0
2023-08-30,122.0,21.9,17.66,18.9,17.67,20.4,46.28639854514026,0.5471417107803546,-0.5197438121555157,44.162499999999994,5.0
2023-08-31,169.0,10.2,16.87,12.7,16.61,11.45,50.793438763369224,0.6004184783204503,-0.5049610547215202,41.85000000000001,47.0
2023-09-01,189.0,26.2,14.1,24.8,13.97,25.5,68.67442294886385,0.8117858040402687,-0.4900286664290594,35.0875,20.0
2023-09-02,272.0,11.8,16.14,15.6,15.67,13.7,72.07325950653427,0.8519627308973671,-0.4749510720670502,39.7625,83.0
2023-09-03,269.0,0.0,15.23,0.0,14.73,0.0,61.26227058055413,0.7241683212627621,-0.4597327394521046,37.45,-3.0
2023-09-04,206.0,0.0,15.84,0.0,15.31,0.0,52.07292999347101,0.6155430730733477,-0.44437817810461344,38.9375,-63.0
2023-09-05,164.0,0.0,18.47,0.0,17.85,0.0,44.26199049445035,0.5232116121123455,-0.4288919379124841,45.4,-42.0
2023-09-06,143.0,0.0,16.58,0.0,16.17,0.0,37.6226919202828,0.44472987029549366,-0.41327860778290443,40.9375,-21.0
2023-09-07,128.0,0.0,14.7,0.0,15.06,0.0,31.979288132240377,0.3780203897511696,-0.3975428142825566,37.199999999999996,-15.0
2023-09-08,119.0,0.0,15.05,0.0,15.5,0.0,27.18239491240432,0.32131733128849416,-0.3816892202666586,38.1875,-9.0
2023-09-09,110.0,0.0,17.0,0.0,17.14,0.0,23.10503567554367,0.27311973159522,-0.3657225234972692,42.675,-9.0
2023-09-10,107.0,0.0,18.36,0.0,18.55,0.0,19.63928032421212,0.232151771855937,-0.34964745525122826,46.137499999999996,-3.0
2023-09-11,102.0,0.0,18.2,0.0,18.33,0.0,16.6933882755803,0.19732900607754644,-0.33346877891818705,45.6625,-5.0
2023-09-12,102.0,0.0,18.58,0.0,18.37,0.0,14.189380034243255,0.16772965516591448,-0.31719128858910595,46.1875,0.0
2023-09-13,97.0,5.1,20.13,4.5,20.15,4.8,16.860973029106766,0.19930998994380583,-0.300819807635668,50.35,-5.0
2023-09-14,99.0,0.0,14.79,0.0,14.99,0.0,14.331827074740751,0.16941349145223494,-0.2843591872810036,37.225,2.0
2023-09-15,99.0,0.0,12.3,0.0,12.65,0.0,12.182053013529638,0.1440014677343997,-0.26781430516217486,31.187500000000004,0.0
2023-09-16,94.0,0.0,14.64,0.0,14.39,0.0,10.354745061500191,0.12240124757423973,-0.25119006388481957,36.2875,-5.0
2023-09-17,94.0,0.0,15.89,0.0,15.96,0.0,8.801533302275162,0.10404106043810377,-0.23449138957041052,39.8125,0.0
2023-09-18,94.0,0.0,17.55,0.0,17.37,0.0,7.481303306933888,0.0884349013723882,-0.21772323039653224,43.650000000000006,0.0
2023-09-19,94.0,4.0,17.48,3.3,16.9,3.65,10.009107810893804,0.11831554286291364,-0.20089055513063528,42.974999999999994,0.0
2023-09-20,94.0,0.5,16.81,0.0,15.87,0.25,8.757741639259732,0.10352340846747546,-0.18399835165767986,40.85,0.0
2023-09-21,94.0,0.0,18.64,0.0,18.61,0.0,7.444080393370772,0.08799489719735414,-0.1670516255021195,46.5625,0.0
2023-09-22,96.0,1.5,19.81,0.3,20.3,0.9,7.227468334365156,0.08543437194014698,-0.15005539834465262,50.1375,2.0
2023-09-23,93.0,4.3,15.55,8.4,15.41,6.35,12.493348084210382,0.14768122081269652,-0.13301470653419636,38.7,-3.0
2023-09-24,97.0,1.6,14.47,0.0,13.78,0.8,11.419345871578825,0.13498566819958846,-0.11593459959550066,35.3125,4.0
2023-09-25,97.0,0.0,12.88,0.0,12.83,0.0,9.706443990842,0.1147378179696502,-0.09882013873287211,32.1375,0.0
2023-09-26,97.0,0.0,15.56,0.0,15.35,0.0,8.2504773922157,0.09752714527420266,-0.08167639533042288,38.6375,0.0
2023-09-27,97.0,0.0,18.09,0.0,18.16,0.0,7.012905783383345,0.08289807348307225,-0.06450844944931625,45.3125,0.0
2023-09-28,94.0,0.0,18.65,0.0,18.48,0.0,5.960969915875843,0.07046336246061143,-0.04732138832243232,46.412499999999994,-3.0
2023-09-29,93.0,0.0,18.03,0.0,17.81,0.0,5.066824428494466,0.0598938580915197,-0.03012030484690836,44.800000000000004,-1.0
2023-09-30,94.0,4.4,16.23,7.4,15.8,5.9,10.206800764220297,0.12065242938016536,-0.012910296075008843,40.0375,1.0
2023-10-01,94.0,0.0,13.81,0.5,13.01,0.25,8.925780649587253,0.10550976200713945,0.004303538296243821,33.525,0.0
2023-10-02,93.0,2.3,13.62,2.5,12.85,2.4,9.986913552149165,0.11805318923245779,0.021516097436222233,33.0875,-1.0
2023-10-03,95.0,3.2,18.32,2.3,18.2,2.75,11.23887651932679,0.13285237822157683,0.03872228089217399,45.64999999999999,2.0
2023-10-04,95.0,2.2,14.14,4.9,13.8,3.5500000000000003,13.103045041427773,0.15488831937112443,0.05591699010060302,34.925000000000004,0.0
2023-10-05,123.0,35.6,12.1,23.7,11.56,29.65,40.7875882852136,0.48214143969772305,0.07309512989807776,29.575,28.0
2023-10-06,204.0,15.2,10.93,16.4,10.38,15.799999999999999,50.46945004243156,0.5965886762917939,0.0902516100310407,26.637500000000003,81.0
2023-10-07,270.0,0.7,11.04,4.5,10.52,2.6,45.49903253606683,0.5378344240016132,0.10738134666416306,26.95,66.0
2023-10-08,261.0,5.2,7.02,5.5,6.3,5.35,44.02417765565681,0.5204004769289473,0.12447926388678869,16.65,-9.0
2023-10-09,230.0,0.8,5.45,0.6,4.38,0.7,38.120551007308286,0.4506149570848021,0.141540295217043,12.2875,-31.0
2023-10-10,196.0,0.2,8.05,3.2,7.38,1.7000000000000002,34.10246835621204,0.40311805335327416,0.15855938510313475,19.2875,-34.0
2023-10-11,172.0,8.3,12.65,7.5,12.26,7.9,36.887098102780236,0.4360345716246477,0.17553149042142777,31.1375,-24.0
2023-10-12,188.0,0.0,12.45,2.4,12.09,1.2,32.5540333873632,0.38481433164414514,0.19245158197082995,30.674999999999997,16.0
2023-10-13,199.0,7.5,11.87,4.2,10.84,5.85,33.52092837925872,0.3962437924930972,0.20931464596304888,28.387500000000003,11.0
2023-10-14,204.0,7.3,14.13,6.9,13.78,7.1,35.59278912236991,0.42073481938470086,0.22611568550828803,34.8875,5.0
2023-10-15,259.0,6.1,9.09,9.2,8.64,7.6499999999999995,37.90387075401442,0.44805362571736146,0.2428497220959358,22.1625,55.0
2023-10-16,284.0,0.3,7.62,0.5,4.71,0.4,32.61829014091226,0.38557389711415546,0.25951179706979943,15.4125,25.0
2023-10-17,250.0,0.3,9.52,0.8,7.3,0.55,28.27554661977542,0.3342392460218297,0.27609697309746883,21.025,-34.0
2023-10-18,210.0,6.9,7.6,5.7,7.52,6.300000000000001,30.334214626809107,0.35857432437532705,0.2926003356333479,18.9,-40.0
2023-10-19,195.0,0.0,1.89,0.0,2.17,0.0,25.78408243278774,0.304788175719028,0.30901699437494723,5.074999999999999,-15.0
2023-10-20,178.0,0.0,2.8,0.0,2.85,0.0,21.91647006786958,0.2590699493611738,0.3253420847119795,7.0625,-17.0
2023-10-21,168.0,16.9,5.03,14.8,5.25,15.85,34.47899955768914,0.4075689489125268,0.341570769167856,12.850000000000001,-10.0
2023-10-22,211.0,0.1,8.18,0.1,8.1,0.1,29.40714962403577,0.34761568538924736,0.35769823883312546,20.35,43.0
2023-10-23,218.0,1.6,9.83,3.4,9.41,2.5,27.496077180430404,0.3250253029208491,0.3737197147904692,24.050000000000004,7.0
2023-10-24,195.0,0.1,8.49,2.9,7.85,1.5,24.871665603365845,0.294002689686715,0.38963044953078774,20.425,-23.0
2023-10-25,182.0,4.5,5.54,2.6,5.78,3.55,24.690915762860968,0.29186608411649184,0.4054257283599973,14.15,-13.0
2023-10-26,180.0,2.9,2.39,1.3,2.28,2.1,23.087278398431824,0.2729098265846087,0.42110087079608916,5.8375,-2.0
2023-10-27,188.0,0.0,1.18,0.0,1.13,0.0,19.62418663866705,0.23197335259691743,0.4366512319560638,2.8874999999999993,8.0
2023-10-28,182.0,0.0,1.34,0.0,1.13,0.0,16.680558642866995,0.19717734970737982,0.45207220393230374,3.0874999999999995,-6.0
2023-10-29,165.0,3.3,2.32,3.2,1.85,3.25,17.428474846436945,0.2060183086932583,0.46735921715800205,5.2125,-17.0
2023-10-30,163.0,5.7,10.08,10.6,10.05,8.15,22.964203619471405,0.2714549856976331,0.48250774176121763,25.1625,-2.0
2023-10-31,197.0,4.7,10.59,7.0,10.72,5.85,25.369573076550694,0.299888348438562,0.4975132889071803,26.637500000000003,34.0
2023-11-01,237.0,2.6,7.5,5.0,7.49,3.8,25.36413711506809,0.2998240910895607,0.5123714121284235,18.7375,40.0
2023-11-02,246.0,0.0,7.74,0.0,7.21,0.0,21.559516547807874,0.25485047742612654,0.5270777086423724,18.6875,9.0
2023-11-03,214.0,9.7,9.82,6.2,9.77,7.949999999999999,26.27558906563669,0.310598171493372,0.5416278206559811,24.4875,-32.0
2023-11-04,220.0,11.3,9.17,24.5,8.72,17.9,40.23425070579118,0.47560055340368607,0.5560174366570446,22.3625,6.0
2023-11-05,292.0,0.0,6.87,0.1,6.98,0.05,34.2491130999225,0.4048515097999329,0.5702422926917867,17.3125,72.0
2023-11-06,282.0,16.4,9.43,10.7,9.21,13.549999999999999,42.66174613493413,0.5042954625726823,0.5842981736283683,23.3,-10.0
2023-11-07,327.0,47.1,9.11,21.9,9.11,34.5,70.76248421469401,0.8364683338786257,0.5981809144059159,22.775,45.0
2023-11-08,486.0,17.4,7.64,30.3,7.15,23.85,83.99811158248991,0.9929238808403252,0.6118864012687242,18.487499999999997,159.0
2023-11-09,520.0,4.0,7.88,10.1,7.48,7.05,78.44839484511643,0.9273218550730449,0.6254105729852457,19.2,34.0
2023-11-10,499.0,0.5,7.09,0.2,6.93,0.35,67.03113561834896,0.7923608526596865,0.6387494220515268,17.525,-21.0
2023-11-11,434.0,0.5,6.47,2.9,6.1,1.7,58.67646527559661,0.693602064591926,0.6518989958787125,15.7125,-65.0
2023-11-12,330.0,3.4,6.4,4.5,5.75,3.95,53.82499548425712,0.6362538680403194,0.6648553979642867,15.1875,-104.0
2023-11-13,272.0,4.6,5.31,6.7,4.83,5.65,51.40124616161855,0.6076032408026462,0.6776147890466887,12.675,-58.0
2023-11-14,244.0,0.0,3.25,0.0,3.44,0.0,43.69105923737577,0.5164627546822492,0.690173388242972,8.362499999999999,-28.0
2023-11-15,216.0,0.0,1.77,0.0,1.77,0.0,37.1374003517694,0.4389933414799118,0.7025274741691566,4.425,-28.0
2023-11-16,193.0,0.0,0.28,0.0,0.86,0.0,31.56679029900399,0.37314434025792503,0.7146733860429608,1.4250000000000003,-23.0
2023-11-17,178.0,0.0,-0.04,0.0,0.34,0.0,26.83177175415339,0.3171726892192363,0.726607524768565,0.37500000000000006,-15.0
2023-11-18,166.0,0.0,-0.71,0.0,-0.46,0.0,22.80700599103038,0.2695967858363508,0.7383263540031063,0.0,-12.0
2023-11-19,158.0,0.0,-0.17,0.0,-0.42,0.0,19.385955092375823,0.2291572679608982,0.749826401204568,0.0,-8.0
2023-11-20,153.0,0.0,0.05,0.0,-0.04,0.0,16.47806182851945,0.19478367776676347,0.7611042586607742,0.012500000000000002,-5.0
2023-11-21,147.0,0.0,-1.8,0.0,-2.46,0.0,14.006352554241532,0.16556612610174895,0.7721565844991641,0.0,-6.0
2023-11-22,141.0,5.0,-2.68,1.1,-2.58,3.05,14.955399671105301,0.17678461100127293,0.7829801036770625,0.0,-6.0
2023-11-23,233.0,33.3,6.13,33.8,5.25,33.55,46.262089720439505,0.5468543613137319,0.7935716089521472,14.224999999999998,92.0
2023-11-24,427.0,3.6,3.06,1.2,2.13,2.4,41.72277626237358,0.4931960986430614,0.8039279618328208,6.487499999999999,194.0
2023-11-25,456.0,0.9,-1.35,1.5,-1.58,1.2,36.66435982301754,0.4334016296097968,0.8140460935082175,0.0,29.0
2023-11-26,374.0,0.3,-6.27,0.0,-6.14,0.15,31.31470584956491,0.3701645033887266,0.8239230057575536,0.0,-82.0
2023-11-27,258.0,0.1,-7.8,0.0,-7.4,0.05,26.667499972130173,0.3152308672872174,0.8335557718385695,0.0,-116.0
2023-11-28,204.0,10.4,-3.63,9.6,-4.7,10.0,32.66737497631065,0.38615411855409004,0.8429415373547832,0.0,-54.0
2023-11-29,192.0,0.0,-5.4,0.0,-5.71,0.0,27.76726872986405,0.32823100077097656,0.8520775211013093,0.0,-12.0
2023-11-30,178.0,1.6,-6.18,3.3,-5.26,2.45,26.05217842038444,0.3079572815885191,0.8609610158889945,0.0,-14.0
2023-12-01,170.0,3.5,-1.52,8.1,-1.65,5.8,27.944351657326774,0.33032426053901526,0.8695893893466109,0.0,-8.0
2023-12-02,163.0,0.1,-3.08,0.0,-3.22,0.05,23.80269890872776,0.28136666086496276,0.8779600847008883,0.0,-7.0
2023-12-03,157.0,4.0,-3.86,1.9,-4.92,2.95,23.182294072418593,0.27403298673640514,0.8860706215341377,0.0,-6.0
2023-12-04,153.0,6.9,-2.62,5.1,-2.59,6.0,25.704949961555805,0.30385276754191753,0.893918596519257,0.0,-4.0
2023-12-05,150.0,0.0,-2.74,0.0,-3.55,0.0,21.849207467322433,0.25827485241062986,0.9015016841318838,0.0,-3.0
2023-12-06,143.0,0.0,-5.94,0.0,-6.23,0.0,18.571826347224068,0.2195336245490354,0.9088176373395028,0.0,-7.0
2023-12-07,141.0,0.5,-3.06,0.5,-3.12,0.5,16.28605239514046,0.19251397493467787,0.9158642882672868,0.0,-2.0
2023-12-08,145.0,1.0,-4.88,0.0,-5.15,0.5,14.34314453586939,0.16954727276247394,0.9226395488404875,0.0,4.0
2023-12-09,141.0,0.0,-4.35,0.0,-4.51,0.0,12.191672855488981,0.14411518184810285,0.9291414114031743,0.0,-4.0
2023-12-10,142.0,0.6,-1.94,0.3,-2.13,0.44999999999999996,10.812921927165632,0.1278172592320854,0.935367949313148,0.0,1.0
2023-12-11,142.0,2.3,-0.81,1.8,-0.9,2.05,11.240983638090785,0.13287728602606338,0.941317317512847,0.0,0.0
2023-12-12,142.0,0.0,-0.48,0.1,-0.55,0.05,9.604836092377168,0.11353673252895366,0.946987753076075,0.0,0.0
2023-12-13,142.0,0.0,-0.62,0.0,-0.49,0.0,8.164110678520592,0.0965062226496106,0.9523775757303973,0.0,0.0
2023-12-14,141.0,0.0,-1.03,0.0,-1.15,0.0,6.939494076742503,0.08203028925216901,0.9574851883550389,0.0,-1.0
2023-12-15,139.0,2.9,-0.24,2.5,-0.95,2.7,8.598569965231128,0.10164187383153159,0.9623090774541487,0.0,-2.0
2023-12-16,146.0,2.3,5.12,2.4,4.37,2.3499999999999996,9.65878447044646,0.11417444487639135,0.9668478136052773,11.8625,7.0
2023-12-17,272.0,4.4,7.17,4.8,6.94,4.6,12.80996679987949,0.15142390357051205,0.9711000518829505,17.6375,126.0
2023-12-18,409.0,4.0,6.77,4.7,6.64,4.35,15.238471779897566,0.18013074642651578,0.9750645322571945,16.7625,137.0
2023-12-19,461.0,8.1,6.81,10.1,6.67,9.1,22.05270101291293,0.2606803065000977,0.9787400799669153,16.85,52.0
2023-12-20,454.0,14.1,4.24,12.8,3.49,13.45,32.19479586097599,0.38056786095422285,0.9821256058680006,9.662500000000001,-7.0
2023-12-21,460.0,15.0,3.17,15.1,2.8,15.05,42.41557648182959,0.5013855432578221,0.9852201067560606,7.4624999999999995,6.0
2023-12-22,488.0,15.2,2.43,17.7,1.56,16.45,52.50324000955514,0.6206296766062751,0.9880226656636976,4.987500000000001,28.0
2023-12-23,500.0,12.0,1.7,7.0,1.32,9.5,54.12775400812187,0.6398327124072913,0.9905324521322227,3.775,12.0
2023-12-24,478.0,2.6,0.65,3.5,0.1,3.05,49.05859090690358,0.5799112093609838,0.9927487224577402,0.9375,-22.0
2023-12-25,452.0,8.6,5.39,7.5,5.17,8.05,49.749802270868045,0.5880818724516003,0.9946708199115211,13.2,-26.0
2023-12-26,497.0,4.8,3.36,5.6,2.96,5.199999999999999,47.48733193023784,0.561337689891037,0.9962981749346077,7.9,45.0
2023-12-27,496.0,0.0,2.4,0.0,1.81,0.0,40.364232140702164,0.4771370364073815,0.9976303053065857,5.2625,-1.0
2023-12-28,448.0,1.3,2.74,0.9,2.0,1.1,35.40959731959684,0.41856934789586936,0.9986668162884759,5.925000000000001,-48.0
2023-12-29,391.0,11.6,6.27,10.5,5.92,11.05,41.14815772165731,0.4864036546142395,0.9994074007397048,15.237499999999999,-57.0
2023-12-30,453.0,3.6,5.03,8.0,4.63,5.8,40.77593406340871,0.4820036776108776,0.9998518392091162,12.075,62.0
2023-12-31,471.0,0.2,1.74,0.2,1.62,0.2,34.85954395389741,0.41206728359644507,1.0,4.2,18.0
2024-01-01,439.0,0.0,-1.42,0.0,-1.35,0.0,29.630612360812794,0.3502571910569783,0.9998518392091162,0.0,-32.0
2024-01-02,338.0,0.0,-7.35,0.0,-7.26,0.0,25.186020506690873,0.2977186123984315,0.9994074007397048,0.0,-101.0
2024-01-03,243.0,0.0,-9.86,0.0,-9.81,0.0,21.40811743068724,0.2530608205386668,0.998666816288476,0.0,-95.0
2024-01-04,194.0,1.7,-11.7,0.7,-11.76,1.2,19.396899816084154,0.22928664322106138,0.9976303053065857,0.0,-49.0
2024-01-05,180.0,0.9,-8.63,0.4,-9.09,0.65,17.13736484367153,0.20257715902629927,0.9962981749346078,0.0,-14.0
2024-01-06,171.0,0.0,-8.16,0.0,-8.63,0.0,14.5667601171208,0.17219058517235436,0.9946708199115211,0.0,-9.0
2024-01-07,152.0,0.0,-17.16,0.0,-16.98,0.0,12.38174609955268,0.14636199739650121,0.9927487224577402,0.0,-19.0
2024-01-08,138.0,0.0,-15.44,0.0,-15.87,0.0,10.524484184619778,0.12440769778702603,0.9905324521322229,0.0,-14.0
2024-01-09,140.0,1.4,0.76,1.1,-1.48,1.25,10.195811556926811,0.12052252828896654,0.9880226656636976,0.0,2.0
2024-01-10,152.0,0.8,2.3,0.5,1.77,0.65,9.316439823387789,0.11012766133401863,0.9852201067560606,5.0875,12.0
2024-01-11,154.0,0.0,0.51,0.0,0.44,0.0,7.91897384987962,0.09360851213391584,0.9821256058680006,1.1875,2.0
2024-01-12,147.0,2.3,-1.21,3.5,-1.57,2.9,9.631127772397678,0.1138475209082155,0.9787400799669153,0.0,-7.0
2024-01-13,143.0,1.4,-4.6,2.0,-5.12,1.7,9.886458606538024,0.11686573260317555,0.9750645322571948,0.0,-4.0
2024-01-14,139.0,3.8,0.33,5.0,0.11,4.4,12.80348981555732,0.15134734051107954,0.9711000518829505,0.55,-4.0
2024-01-15,137.0,10.9,0.19,13.0,-0.3,11.95,22.83296634322372,0.26990365765956414,0.9668478136052775,0.0,-2.0
2024-01-16,134.0,1.8,-7.64,1.6,-8.8,1.7000000000000002,21.108021391740163,0.24951344884182192,0.9623090774541486,0.0,-3.0
2024-01-17,128.0,0.0,-7.63,0.0,-8.46,0.0,17.941818182979137,0.2120864315155486,0.9574851883550393,0.0,-6.0
2024-01-18,123.0,0.1,-2.31,0.3,-4.68,0.2,15.450545455532266,0.18263762441541542,0.9523775757303974,0.0,-5.0
2024-01-19,123.0,6.1,-0.36,6.1,-2.3,6.1,19.232963637202424,0.22734878838267578,0.9469877530760753,0.0,0.0
2024-01-20,122.0,2.2,-1.89,2.9,-2.69,2.55,18.89801909162206,0.223389479872063,0.9413173175128471,0.0,-1.0
2024-01-21,122.0,0.0,-2.11,0.0,-2.75,0.0,16.06331622787875,0.18988105789125356,0.9353679493131483,0.0,0.0
2024-01-22,126.0,7.0,1.92,6.9,1.29,6.95,20.603818793696938,0.24355337675273442,0.9291414114031743,4.0125,4.0
2024-01-23,188.0,0.0,3.98,0.7,3.59,0.35,17.8632459746424,0.21115764608742274,0.9226395488404876,9.4625,62.0
2024-01-24,365.0,19.8,3.51,22.0,3.25,20.9,36.083759078446036,0.42653847121661576,0.9158642882672872,8.45,177.0
2024-01-25,501.0,1.7,1.96,1.4,1.78,1.5499999999999998,32.22119521667913,0.38087992214491645,0.9088176373395029,4.675000000000001,136.0
2024-01-26,477.0,0.5,0.11,0.4,-0.3,0.45,27.838015934177257,0.32906728848437694,0.901501684131884,0.0,-24.0
2024-01-27,382.0,1.1,0.8,1.2,0.5,1.15,24.812313544050667,0.29330110156811523,0.893918596519257,1.625,-95.0
2024-01-28,278.0,0.0,2.72,0.0,2.21,0.0,21.090466512443065,0.24930593633289794,0.886070621534138,6.1625,-104.0
2024-01-29,243.0,0.0,2.24,0.0,1.65,0.0,17.926896535576606,0.21191004588296325,0.8779600847008882,4.8625,-35.0
2024-01-30,225.0,0.0,2.03,0.0,1.53,0.0,15.237862055240115,0.18012353900051875,0.869589389346611,4.449999999999999,-18.0
2024-01-31,214.0,2.2,3.59,3.1,3.07,2.6500000000000004,15.602182746954098,0.1844300967108291,0.8609610158889943,8.325,-11.0
2024-02-01,248.0,3.1,3.35,2.9,2.82,3.0,16.261855334910983,0.1922279466121913,0.8520775211013093,7.7125,34.0
2024-02-02,259.0,9.9,2.74,7.9,2.1,8.9,22.722577034674337,0.26859876903072283,0.8429415373547828,6.05,11.0
2024-02-03,305.0,0.3,5.18,0.4,5.11,0.35,19.664190479473188,0.23244622952371286,0.8335557718385699,12.862499999999999,46.0
2024-02-04,336.0,1.7,3.92,3.0,3.74,2.35,19.06456190755221,0.22535814721474542,0.8239230057575542,9.575,31.0
2024-02-05,360.0,0.0,2.41,0.1,2.05,0.05,16.25487762141938,0.19214546453933337,0.8140460935082178,5.575,24.0
2024-02-06,351.0,4.3,-0.12,5.5,-0.08,4.9,18.716645978206472,0.22124550672481144,0.8039279618328213,0.0,-9.0
2024-02-07,283.0,0.0,-0.68,0.0,-0.7,0.0,15.909149081475501,0.18805868071608975,0.7935716089521474,0.0,-68.0
2024-02-08,240.0,8.5,-1.19,7.2,-1.3,7.85,21.372776719254176,0.25264306547624116,0.7829801036770629,0.0,-43.0
2024-02-09,214.0,0.2,-1.55,0.5,-1.26,0.35,18.51686021136605,0.21888388150240343,0.7721565844991642,0.0,-26.0
2024-02-10,193.0,3.3,-1.57,7.1,-1.34,5.199999999999999,20.939331179661142,0.24751939758421965,0.7611042586607747,0.0,-21.0
2024-02-11,190.0,1.4,0.91,0.7,0.84,1.0499999999999998,18.84843150271197,0.222803315489382,0.7498264012045686,2.1875,-3.0
2024-02-12,201.0,2.1,2.01,2.1,1.94,2.1,18.121166777305177,0.21420647325156533,0.7383263540031065,4.9375,11.0
2024-02-13,290.0,2.5,2.73,1.6,2.43,2.05,17.4529917607094,0.20630811794262133,0.7266075247685656,6.45,89.0
2024-02-14,329.0,0.8,3.61,0.3,3.63,0.55,15.385042996602989,0.18186333372602567,0.7146733860429609,9.05,39.0
2024-02-15,312.0,1.8,4.31,3.4,4.12,2.6,15.67728654711254,0.18531788282071018,0.702527474169157,10.5375,-17.0
2024-02-16,286.0,2.5,7.91,1.8,7.57,2.15,15.47569356504566,0.18293489488999407,0.6901733882429719,19.35,-26.0
2024-02-17,303.0,6.6,4.05,5.8,3.99,6.199999999999999,19.35433953028881,0.22878354709966722,0.6776147890466889,10.049999999999999,17.0
2024-02-18,314.0,0.0,0.82,0.0,0.53,0.0,16.45118860074549,0.19446601503471714,0.6648553979642865,1.6875,11.0
2024-02-19,271.0,2.5,0.69,1.6,0.46,2.05,16.033510310633666,0.1895287284583004,0.6518989958787126,1.4375,-43.0
2024-02-20,230.0,0.1,0.86,0.1,0.58,0.1,13.728483764038616,0.1622814980031549,0.6387494220515272,1.7999999999999998,-41.0
2024-02-21,215.0,7.7,3.4,7.7,3.1,7.7,19.369211199432822,0.22895934194984718,0.6254105729852463,8.125,-15.0
2024-02-22,230.0,0.8,5.45,0.8,5.27,0.8,17.2638295195179,0.20407207116616652,0.6118864012687243,13.399999999999999,15.0
2024-02-23,237.0,6.2,5.7,4.6,5.88,5.4,20.074255091590214,0.23729351642561738,0.5981809144059164,14.475,7.0
2024-02-24,244.0,9.3,5.05,6.5,5.16,7.9,24.963116827851678,0.2950837152361394,0.5842981736283683,12.762500000000001,7.0
2024-02-25,268.0,0.0,5.16,0.0,4.96,0.0,21.218649303673924,0.25082115795071847,0.5702422926917871,12.650000000000002,24.0
2024-02-26,251.0,0.7,4.74,0.2,5.21,0.44999999999999996,18.485851908122836,0.2185173389193087,0.5560174366570446,12.4375,-17.0
2024-02-27,234.0,0.3,5.74,1.4,6.48,0.85,16.56297412190441,0.19578740799700858,0.5416278206559814,15.275,-17.0
2024-02-28,214.0,0.6,3.97,1.7,4.32,1.15,15.228528003618749,0.18001320315385214,0.5270777086423722,10.3625,-20.0
2024-02-29,206.0,0.0,2.48,0.0,2.19,0.0,12.944248803075936,0.15301122268077433,0.5123714121284237,5.8375,-8.0
2024-03-01,197.0,0.0,7.58,0.0,7.28,0.0,11.002611482614546,0.13005953927865818,0.49751328890718066,18.575,-9.0
2024-03-02,187.0,0.0,6.52,0.0,6.3,0.0,9.352219760222363,0.11055060838685944,0.48250774176121847,16.025,-10.0
2024-03-03,177.0,0.0,5.79,0.0,5.49,0.0,7.949386796189009,0.09396801712883052,0.46735921715800227,14.100000000000001,-10.0
2024-03-04,167.0,0.0,2.58,0.0,2.63,0.0,6.756978776760657,0.07987281455950594,0.45207220393230435,6.5125,-10.0
2024-03-05,160.0,0.0,3.2,0.0,3.28,0.0,5.743431960246558,0.06789189237558005,0.43665123195606403,8.100000000000001,-7.0
2024-03-06,155.0,0.0,1.16,0.0,1.11,0.0,4.881917166209575,0.05770810851924304,0.4211008707960896,2.8375,-5.0
2024-03-07,151.0,0.0,-0.61,0.0,0.35,0.0,4.1496295912781385,0.04905189224135659,0.40542572835999735,0.0,-4.0
2024-03-08,147.0,0.4,-1.25,0.0,-1.98,0.2,3.7271851525864177,0.0440582660323522,0.38963044953078796,0.0,-4.0
2024-03-09,144.0,0.0,-1.58,0.0,-2.1,0.0,3.168107379698455,0.03744952612749937,0.37371971479046906,0.0,-3.0
2024-03-10,140.0,0.0,0.9,0.0,0.74,0.0,2.6928912727436867,0.03183209720837447,0.35769823883312546,2.0500000000000003,-4.0
2024-03-11,137.0,0.0,3.05,0.0,2.6,0.0,2.2889575818321335,0.027057282627118293,0.3415707691678556,7.0625,-3.0
2024-03-12,136.0,3.4,2.04,2.2,1.8,2.8,4.745613944557313,0.05609689701383802,0.3253420847119801,4.8,-1.0
2024-03-13,131.0,0.8,3.43,0.4,3.2,0.6000000000000001,4.633771852873716,0.05477483534335963,0.30901699437494745,8.287500000000001,-5.0
2024-03-14,137.0,0.0,6.51,0.0,6.38,0.0,3.9387060749426586,0.046558610041855686,0.29260033563334836,16.1125,6.0
2024-03-15,132.0,0.0,8.52,0.0,8.3,0.0,3.3479001637012598,0.03957481853557733,0.27609697309746883,21.025,-5.0
2024-03-16,135.0,4.8,6.97,3.8,6.68,4.3,7.145715139146071,0.0844679847400215,0.2595117970697999,17.0625,3.0
2024-03-17,134.0,0.6,2.18,0.2,2.06,0.4,6.47385786827416,0.07652610228341648,0.2428497220959356,5.300000000000001,-1.0
2024-03-18,137.0,0.1,0.89,0.0,1.2,0.05,5.5527791880330355,0.06563822634770378,0.22611568550828828,2.6125,3.0
2024-03-19,137.0,0.0,0.92,0.0,0.62,0.0,4.71986230982808,0.055792492395548204,0.20931464596304847,1.925,0.0
2024-03-20,135.0,0.0,1.91,0.0,1.46,0.0,4.011882963353868,0.047423618536215975,0.19245158197082998,4.2125,-2.0
2024-03-21,128.0,4.7,4.77,4.6,4.7,4.65,8.060100518850788,0.0952767405881628,0.1755314904214282,11.837499999999999,-7.0
2024-03-22,140.0,11.4,4.34,11.5,4.34,11.45,18.30108544102317,0.21633325365708714,0.15855938510313478,10.85,12.0
2024-03-23,166.0,0.0,4.66,0.0,4.6,0.0,15.555922624869693,0.18388326560852405,0.141540295217043,11.575,26.0
2024-03-24,177.0,1.3,3.64,0.0,3.5,0.65,13.87253423113924,0.16398428805564255,0.12447926388678915,8.925,11.0
2024-03-25,167.0,0.3,4.2,0.2,3.87,0.25,12.041654096468353,0.14234184188129503,0.10738134666416309,10.0875,-10.0
2024-03-26,159.0,0.1,5.1,0.0,4.48,0.05,10.2854059819981,0.12158160500590055,0.09025161003104117,11.975,-8.0
2024-03-27,151.0,0.0,9.62,0.0,9.3,0.0,8.742595084698385,0.10334436425501548,0.07309512989807777,23.650000000000002,-8.0
2024-03-28,146.0,4.9,11.47,4.7,11.18,4.800000000000001,12.231205821993628,0.14458249266954168,0.055916990100603484,28.3125,-5.0
2024-03-29,143.0,1.9,7.54,1.1,7.78,1.5,11.896524948694584,0.14062630097310372,0.03872228089217446,19.15,-3.0
2024-03-30,140.0,0.4,10.77,0.0,11.53,0.2,10.312046206390395,0.12189651345433726,0.021516097436222254,27.874999999999996,-3.0
2024-03-31,138.0,0.1,15.04,0.0,15.11,0.05,8.815239275431836,0.10420307584298645,0.004303538296244289,37.6875,-2.0
2024-04-01,135.0,0.3,13.62,0.0,13.85,0.15,7.64295338411706,0.09034573268693781,-0.01291029607500882,34.3375,-3.0
2024-04-02,131.0,2.1,8.22,0.7,8.37,1.4,7.896510376499501,0.09334297617429087,-0.030120304846908114,20.7375,-4.0
2024-04-03,130.0,2.7,2.06,1.1,2.0,1.9000000000000001,8.612033820024577,0.10180102720653875,-0.04732138832243185,5.075000000000001,-1.0
2024-04-04,128.0,0.5,3.72,0.1,3.19,0.3,7.62022874702089,0.09007710956635659,-0.06450844944931623,8.6375,-2.0
2024-04-05,127.0,2.3,6.81,2.4,6.97,2.3499999999999996,8.827194434967755,0.10434439525099257,-0.08167639533042241,17.224999999999998,-1.0
2024-04-06,135.0,8.3,6.59,9.4,6.88,8.850000000000001,16.353115269722593,0.19330671096690413,-0.09882013873287143,16.8375,8.0
2024-04-07,149.0,0.0,10.26,0.0,10.37,0.0,13.900147979264204,0.1643107043218685,-0.11593459959550041,25.787499999999998,14.0
2024-04-08,150.0,0.1,11.18,0.0,11.17,0.05,11.865125782374575,0.140255138080388,-0.1330147065341959,27.9375,1.0
2024-04-09,145.0,0.0,17.66,0.0,18.22,0.0,10.085356915018389,0.11921686736832982,-0.1500553983446526,44.849999999999994,-5.0
2024-04-10,139.0,0.0,9.19,0.0,9.5,0.0,8.572553377765631,0.10133433726308036,-0.16705162550211924,23.362499999999997,-6.0
2024-04-11,130.0,0.3,8.75,0.0,8.94,0.15,7.436670371100787,0.08790730489401763,-0.18399835165768005,22.112499999999997,-9.0
2024-04-12,127.0,8.3,7.34,7.7,7.53,8.0,14.321169815435669,0.1692875142478792,-0.20089055513063506,18.587500000000002,-3.0
2024-04-13,134.0,3.3,7.63,3.1,7.83,3.2,15.372994343120318,0.18172090914588301,-0.21772323039653177,19.325000000000003,7.0
2024-04-14,158.0,4.4,8.17,3.6,8.19,4.0,17.06704519165227,0.20174592531798266,-0.23449138957040985,20.45,24.0
2024-04-15,164.0,0.0,5.25,0.0,5.33,0.0,14.506988412904429,0.17148403652028524,-0.25119006388481935,13.225,6.0
2024-04-16,155.0,0.0,6.08,0.0,5.45,0.0,12.330940150968765,0.14576143104224246,-0.2678143051621742,14.412500000000001,-9.0
2024-04-17,142.0,0.1,4.96,0.0,4.46,0.05,10.53129912832345,0.12448825579270588,-0.2843591872810034,11.775,-13.0
2024-04-18,135.0,0.1,4.82,3.0,4.68,1.55,10.501604259074933,0.12413723903459306,-0.30081980763566735,11.875,-7.0
2024-04-19,133.0,0.4,4.09,1.0,3.99,0.7,9.626363620213692,0.11379120487460095,-0.3171912885891061,10.1,-2.0
2024-04-20,134.0,0.0,2.71,0.0,2.47,0.0,8.182409077181637,0.0967225241434108,-0.3334687789181868,6.475,1.0
2024-04-21,131.0,0.0,2.8,0.0,2.73,0.0,6.955047715604391,0.08221414552189918,-0.3496474552512284,6.9125,-3.0
2024-04-22,130.0,8.0,1.11,8.0,0.86,8.0,13.911790558263732,0.1644483287815785,-0.36572252349726897,2.4625000000000004,-1.0
2024-04-23,144.0,1.0,2.3,2.2,1.84,1.6,13.42502197452417,0.15869434048193456,-0.3816892202666588,5.175,14.0
2024-04-24,181.0,1.2,5.4,2.7,4.78,1.9500000000000002,13.361268678345546,0.15794072627483566,-0.39754281428255595,12.725,37.0
2024-04-25,200.0,0.0,4.11,0.0,4.07,0.0,11.357078376593714,0.13424961733361032,-0.4132786077829042,10.225,19.0
2024-04-26,200.0,0.0,6.51,0.0,6.77,0.0,9.653516620104657,0.11411217473356877,-0.4288919379124835,16.599999999999998,0.0
2024-04-27,180.0,0.0,11.37,0.0,10.96,0.0,8.205489127088958,0.09699534852353345,-0.4443781781046132,27.912499999999998,-20.0
2024-04-28,162.0,0.0,15.31,0.0,14.57,0.0,6.974665758025614,0.08244604624500342,-0.45973273945210397,37.35,-18.0
2024-04-29,149.0,0.0,16.08,0.0,16.88,0.0,5.928465894321771,0.07007913930825291,-0.47495107206704995,41.19999999999999,-13.0
2024-04-30,145.0,0.0,17.61,0.0,17.5,0.0,5.039196010173505,0.05956726841201496,-0.49002866642905923,43.8875,-4.0
2024-05-01,136.0,0.0,18.17,0.0,17.9,0.0,4.283316608647479,0.05063217815021272,-0.5049610547215204,45.0875,-9.0
2024-05-02,129.0,0.0,17.45,0.0,17.59,0.0,3.640819117350357,0.04303735142768081,-0.5197438121555155,43.8,-7.0
2024-05-03,124.0,0.0,15.68,0.0,15.72,0.0,3.094696249747803,0.036581748713528685,-0.5343725582809787,39.25,-5.0
2024-05-04,120.0,0.0,14.75,0.0,15.31,0.0,2.6304918122856327,0.03109448640649938,-0.548842958284719,37.575,-4.0
2024-05-05,116.0,0.3,15.76,0.3,15.83,0.3,2.5359180404427875,0.029976549886323128,-0.5631507242749186,39.4875,-4.0
2024-05-06,114.0,20.8,10.76,15.8,11.44,18.3,20.45553033437637,0.2418004902920928,-0.5772916165517272,27.75,-2.0
2024-05-07,120.0,0.0,7.49,0.0,7.44,0.0,17.387200784219914,0.20553041674827888,-0.5912614448635781,18.6625,6.0
2024-05-08,119.0,0.0,7.88,0.0,7.98,0.0,14.779120666586927,0.17470085423603704,-0.6050560696488488,19.825,-1.0
2024-05-09,117.0,3.9,8.62,1.1,8.61,2.5,15.062252566598888,0.1780476964406203,-0.6186714032625031,21.537499999999994,-2.0
2024-05-10,115.0,3.6,8.9,3.5,9.26,3.55,16.352914681609054,0.19330433985731138,-0.6321034111873487,22.7,-2.0
2024-05-11,113.0,0.0,8.41,0.0,8.38,0.0,13.899977479367696,0.16430868887871466,-0.6453481132295501,20.987499999999997,-2.0
2024-05-12,112.0,0.0,8.53,0.0,8.89,0.0,11.81498085746254,0.13966238554690746,-0.6584015846980488,21.775000000000002,-1.0
2024-05-13,110.0,0.0,12.02,0.0,12.17,0.0,10.042733728843158,0.11871302771487133,-0.6712599575675313,30.237499999999997,-2.0
2024-05-14,108.0,0.0,15.22,0.0,15.14,0.0,8.536323669516685,0.10090607355764063,-0.6839194216246106,37.95,-2.0
2024-05-15,106.0,0.0,14.73,0.0,15.0,0.0,7.255875119089182,0.08577016252399453,-0.6963762255968722,37.1625,-2.0
2024-05-16,105.0,0.0,15.09,0.0,14.59,0.0,6.167493851225804,0.07290463814539534,-0.7086266782644596,37.1,-1.0
2024-05-17,99.0,0.0,16.37,0.0,16.16,0.0,5.242369773541933,0.06196894242358603,-0.7206671495538609,40.6625,-6.0
2024-05-18,104.0,2.9,17.32,5.8,17.53,4.35,8.806014307510642,0.10409402945162866,-0.7324940716135789,43.5625,5.0
2024-05-19,97.0,0.0,19.15,0.0,18.82,0.0,7.485112161384046,0.08847992503388435,-0.7441039398713607,47.4625,-7.0
2024-05-20,104.0,11.0,17.57,1.8,18.2,6.4,12.762345337176438,0.15086098034917306,-0.7554933140726803,44.71249999999999,7.0
2024-05-21,102.0,0.0,18.41,0.8,17.99,0.4,11.247993536599973,0.1329601485511953,-0.766658819300159,45.5,-2.0
2024-05-22,99.0,0.0,19.79,0.0,19.3,0.0,9.560794506109977,0.11301612626851602,-0.777597146973627,48.862500000000004,-3.0
2024-05-23,105.0,0.3,20.66,0.1,20.33,0.2,8.32667533019348,0.09842786495543772,-0.7883050558305255,51.2375,6.0
2024-05-24,94.0,0.1,22.91,5.4,21.31,2.75,9.827674030664458,0.11617085258610976,-0.7987793728863649,55.275,-11.0
2024-05-25,102.0,6.2,21.14,0.0,20.55,3.1,11.453522926064789,0.13538966791977944,-0.8090169943749473,52.1125,8.0
2024-05-26,96.0,0.0,20.3,0.0,19.84,0.0,9.735494487155071,0.11508121773181251,-0.8190148866680801,50.175,-6.0
2024-05-27,102.0,0.0,22.23,0.0,21.19,0.0,8.27517031408181,0.09781903507204064,-0.8287700871745037,54.275000000000006,6.0
2024-05-28,95.0,0.0,22.27,0.0,21.23,0.0,7.033894766969539,0.08314617981123454,-0.8382797052177743,54.375,-7.0
2024-05-29,94.0,0.3,18.26,0.1,18.7,0.2,6.178810551924108,0.07303841046674846,-0.8475409228928311,46.2,-1.0
2024-05-30,101.0,0.4,19.53,6.4,19.63,3.4000000000000004,8.651988969135491,0.10227332855912098,-0.8565509959010036,48.949999999999996,7.0
2024-05-31,110.0,0.2,19.74,0.0,19.94,0.1,7.454190623765167,0.08811440808885239,-0.865307254363206,49.6,9.0
2024-06-01,101.0,0.0,18.77,1.7,19.27,0.85,7.186062030200391,0.08494491679112072,-0.8738071036110808,47.55,-9.0
2024-06-02,111.0,18.9,17.81,0.8,18.15,9.85,15.958152725670331,0.1886379424120085,-0.8820480249558537,44.94999999999999,10.0
2024-06-03,114.0,0.0,17.75,0.0,17.6,0.0,13.56442981681978,0.16034225105020725,-0.8900275764346767,44.1875,3.0
2024-06-04,120.0,0.0,16.07,0.0,16.08,0.0,11.529765344296813,0.13629091339267616,-0.8977433935342337,40.1875,6.0
2024-06-05,111.0,0.1,17.25,0.6,16.79,0.35,10.15030054265229,0.11998455223137315,-0.9051931898913974,42.55,-9.0
2024-06-06,114.0,1.3,15.34,4.1,15.26,2.6999999999999997,11.327755461254446,0.13390299736385508,-0.9123747579707273,38.25,3.0
2024-06-07,104.0,0.0,14.35,0.6,13.54,0.3,9.928592142066279,0.11736378420007548,-0.9192859697186104,34.8625,-10.0
2024-06-08,103.0,5.7,15.01,2.0,14.9,3.85,12.289303320756336,0.14526925089364692,-0.9259247771938498,37.3875,-1.0
2024-06-09,111.0,14.3,13.99,8.2,13.78,11.25,21.695907822642887,0.2564627297895496,-0.9322892131745133,34.7125,8.0
2024-06-10,106.0,16.9,13.52,0.0,13.73,8.45,26.891521649246453,0.3178789800702793,-0.9383773917408641,34.0625,-5.0
2024-06-11,107.0,2.8,13.4,3.0,13.37,2.9,25.757793401859484,0.3044774186541244,-0.9441875088341993,33.4625,1.0
2024-06-12,112.0,1.0,13.72,0.9,13.59,0.95,22.84412439158056,0.2700355545852015,-0.9497178427914316,34.1375,5.0
2024-06-13,105.0,2.0,13.23,1.7,13.03,1.85,21.26750573284348,0.25139867944901306,-0.9549667548552551,32.824999999999996,-7.0
2024-06-14,104.0,0.0,12.92,0.0,12.99,0.0,18.077379872916957,0.21368887753166108,-0.9599326896597447,32.3875,-1.0
2024-06-15,110.0,0.0,17.78,0.0,17.58,0.0,15.365772891979413,0.18163554590191192,-0.9646141756912435,44.2,6.0
2024-06-16,103.0,0.4,18.61,0.0,18.95,0.2,13.260906958182499,0.15675437164382422,-0.9690098257244062,46.95,-7.0
2024-06-17,102.0,0.0,17.63,0.0,18.04,0.0,11.271770914455123,0.13324121589725058,-0.9731183372332619,44.587500000000006,-1.0
2024-06-18,102.0,0.0,17.93,0.0,18.2,0.0,9.581005277286854,0.11325503351266297,-0.9769384927771817,45.162499999999994,0.0
2024-06-19,103.0,3.8,14.5,1.5,14.9,2.65,10.793854485693826,0.1275918670461517,-0.980469160361632,36.75,1.0
2024-06-20,103.0,0.0,15.24,0.0,14.92,0.0,9.174776312839752,0.10845308698922893,-0.9837092937736097,37.7,0.0
2024-06-21,109.0,0.0,15.99,0.0,16.12,0.0,7.798559865913789,0.09218512394084458,-0.986657932891657,40.1375,6.0
2024-06-22,102.0,3.0,16.6,3.4,16.77,3.2,9.82877588602672,0.11618387738490359,-0.9893142039703663,41.712500000000006,-7.0
2024-06-23,103.0,7.9,15.03,11.2,14.71,9.55,17.904459503122713,0.2116448224759253,-0.99167731989929,37.175000000000004,1.0
2024-06-24,106.0,0.0,16.88,0.8,16.72,0.4,15.618790577654305,0.18462641435893473,-0.993746580436178,41.99999999999999,3.0
2024-06-25,107.0,0.0,19.09,0.0,19.99,0.0,13.275971991006159,0.15693245220509452,-0.9955213724144752,48.849999999999994,1.0
2024-06-26,107.0,0.0,21.69,0.0,21.82,0.0,11.284576192355235,0.13339258437433035,-0.9970011699250151,54.3875,0.0
2024-06-27,105.0,0.0,24.27,0.0,24.1,0.0,9.59188976350195,0.11338369671818078,-0.9981855344718586,60.462500000000006,-2.0
2024-06-28,107.0,4.2,25.13,2.1,24.88,3.1500000000000004,11.303106298976658,0.1336116248388396,-0.99907411510223,62.512499999999996,2.0
2024-06-29,103.0,0.0,18.12,0.0,18.29,0.0,9.60764035413016,0.11356988111301365,-0.9996666485105112,45.512499999999996,-4.0
2024-06-30,106.0,20.1,21.33,14.6,21.44,17.35,25.51649430101064,0.301625073105584,-0.9999629591162655,53.46249999999999,3.0
2024-07-01,109.0,0.7,16.45,11.1,16.53,5.8999999999999995,27.58902015585904,0.32612396214211997,-0.9999629591162655,41.22500000000001,3.0
2024-07-02,114.0,18.9,14.01,10.4,13.8,14.649999999999999,38.10066713248018,0.45037991401313643,-0.9996666485105112,34.7625,5.0
2024-07-03,122.0,2.3,15.32,0.7,15.46,1.5,33.88556706260815,0.40055410911515926,-0.99907411510223,38.475,8.0
2024-07-04,125.0,2.0,16.36,0.0,16.56,1.0,29.802732003216928,0.35229178088388086,-0.9981855344718586,41.150000000000006,3.0
2024-07-05,122.0,8.3,15.37,7.2,15.56,7.75,33.08232220273439,0.3910591218052641,-0.9970011699250151,38.6625,-3.0
2024-07-06,118.0,0.0,19.84,0.0,19.7,0.0,28.11997387232423,0.33240025353447444,-0.9955213724144752,49.425,-4.0
2024-07-07,115.0,1.5,17.78,2.1,17.72,1.8,25.701977791475596,0.30381763414909524,-0.9937465804361781,44.375,-3.0
2024-07-08,112.0,0.0,17.6,0.0,17.73,0.0,21.846681122754255,0.25824498902673093,-0.99167731989929,44.162499999999994,-3.0
2024-07-09,111.0,0.0,20.14,0.0,21.01,0.0,18.569678954341118,0.21950824067272132,-0.9893142039703664,51.43750000000001,-1.0
2024-07-10,109.0,0.2,24.15,0.0,24.14,0.1,15.884227111189949,0.18776408338541264,-0.9866579328916572,60.3625,-2.0
2024-07-11,104.0,6.9,20.63,7.3,20.57,7.1,20.601593044511453,0.24352706664316895,-0.9837092937736098,51.5,-5.0
2024-07-12,108.0,0.0,18.83,0.0,19.56,0.0,17.511354087834736,0.2069980066466936,-0.9804691603616321,47.9875,4.0
2024-07-13,110.0,16.3,19.55,15.3,19.73,15.8,30.684650974659526,0.3627167581984189,-0.9769384927771817,49.1,2.0
2024-07-14,111.0,0.0,18.33,0.0,18.48,0.0,26.081953328460596,0.30830924446865604,-0.973118337233262,46.0125,1.0
2024-07-15,112.0,1.9,19.39,4.2,19.2,3.05,25.219660329191505,0.298116261613144,-0.9690098257244063,48.237500000000004,1.0
2024-07-16,110.0,9.5,24.13,11.9,23.95,10.7,32.13671127981278,0.3798812554263245,-0.9646141756912435,60.099999999999994,-2.0
2024-07-17,108.0,0.0,19.81,0.0,19.81,0.0,27.31620458784086,0.3228990671123758,-0.9599326896597445,49.525,-2.0
2024-07-18,107.0,0.0,18.51,1.2,17.97,0.6,23.818773899664734,0.2815566799271168,-0.9549667548552553,45.60000000000001,-1.0
2024-07-19,103.0,0.0,16.93,0.0,16.64,0.0,20.245957814715023,0.23932317793804928,-0.9497178427914317,41.9625,-4.0
2024-07-20,99.0,0.0,18.17,0.0,18.16,0.0,17.20906414250777,0.20342470124734188,-0.9441875088341994,45.412499999999994,-4.0
2024-07-21,99.0,0.0,18.48,0.0,19.12,0.0,14.627704521131605,0.1729109960602406,-0.9383773917408642,47.0,0.0
2024-07-22,99.0,0.0,21.49,0.0,21.67,0.0,12.433548842961864,0.1469743466512045,-0.9322892131745134,53.949999999999996,0.0
2024-07-23,100.0,3.1,18.91,7.7,18.92,5.4,15.968516516517584,0.18876045058789967,-0.9259247771938499,47.287499999999994,1.0
2024-07-24,100.0,0.0,18.0,0.0,18.09,0.0,13.573239039039946,0.1604463829997147,-0.9192859697186105,45.112500000000004,0.0
2024-07-25,100.0,0.2,18.42,0.0,18.53,0.1,11.637253183183953,0.13756150436335704,-0.9123747579707274,46.1875,0.0
2024-07-26,99.0,0.0,18.05,0.0,18.4,0.0,9.89166520570636,0.1169272787088535,-0.9051931898913975,45.5625,-1.0
2024-07-27,99.0,0.0,19.57,0.0,19.74,0.0,8.407915424850406,0.09938818690252547,-0.8977433935342336,49.1375,0.0
2024-07-28,103.0,76.1,15.84,78.8,15.85,77.44999999999999,84.59672811112283,1.0,-0.8900275764346766,39.6125,4.0
2024-07-29,161.0,0.0,17.31,0.0,16.99,0.0,71.9072188944544,0.85,-0.8820480249558535,42.875,58.0
2024-07-30,241.0,0.0,17.99,0.0,17.52,0.0,61.12113606028624,0.7224999999999999,-0.8738071036110807,44.387499999999996,80.0
2024-07-31,217.0,0.0,18.09,0.0,17.4,0.0,51.952965651243304,0.6141249999999999,-0.8653072543632061,44.3625,-24.0
2024-08-01,170.0,0.0,17.3,0.0,17.0,0.0,44.160020803556804,0.5220062499999999,-0.8565509959010037,42.875,-47.0
2024-08-02,144.0,0.0,16.75,0.0,16.69,0.0,37.53601768302328,0.4437053124999999,-0.8475409228928312,41.8,-26.0
2024-08-03,127.0,0.0,16.98,0.0,16.85,0.0,31.905615030569788,0.3771495156249999,-0.8382797052177745,42.287499999999994,-17.0
2024-08-04,120.0,0.0,17.97,0.0,17.62,0.0,27.11977277598432,0.3205770882812499,-0.828770087174504,44.487500000000004,-7.0
2024-08-05,114.0,15.7,17.76,15.8,17.35,15.75,38.80180685958667,0.45866793818099194,-0.8190148866680802,43.8875,-6.0
2024-08-06,110.0,0.0,18.09,0.2,17.85,0.1,33.08153583064867,0.3910498262674427,-0.8090169943749472,44.925,-4.0
2024-08-07,108.0,0.0,18.83,0.0,18.89,0.0,28.119305456051368,0.3323923523273263,-0.7987793728863648,47.15,-2.0
2024-08-08,106.0,0.0,20.55,0.0,20.06,0.0,23.901409637643663,0.28253349947822737,-0.7883050558305253,50.7625,-2.0
2024-08-09,104.0,4.3,19.78,2.8,19.58,3.55,23.866198191997114,0.28211727243927737,-0.7775971469736268,49.2,-2.0
2024-08-10,103.0,4.5,19.04,14.5,18.63,9.5,29.786268463197548,0.35209716886534326,-0.7666588193001592,47.087500000000006,-1.0
2024-08-11,102.0,0.0,18.23,0.4,17.8,0.2,25.518328193717913,0.30164675116274087,-0.7554933140726804,45.0375,-1.0
2024-08-12,101.0,0.0,16.43,0.0,16.18,0.0,21.690578964660226,0.25639973848832975,-0.7441039398713608,40.7625,-1.0
2024-08-13,99.0,0.0,17.64,0.0,16.72,0.0,18.436992119961193,0.21793977771508027,-0.7324940716135792,42.95,-2.0
2024-08-14,98.0,0.0,18.4,0.0,18.74,0.0,15.671443301967013,0.18524881105781824,-0.7206671495538615,46.425,-1.0
2024-08-15,96.0,0.0,21.59,0.0,21.16,0.0,13.320726806671962,0.1574614893991455,-0.7086266782644601,53.4375,-2.0
2024-08-16,95.0,0.0,20.63,0.0,20.49,0.0,11.322617785671167,0.13384226598927368,-0.6963762255968726,51.4,-1.0
2024-08-17,94.0,0.5,19.19,2.7,19.42,1.6,11.224225117820492,0.13267918710847545,-0.6839194216246105,48.2625,-1.0
2024-08-18,94.0,0.0,18.88,0.5,19.43,0.25,9.790591350147418,0.11573250607620301,-0.6712599575675315,47.8875,0.0
2024-08-19,94.0,0.0,18.02,2.2,18.61,1.1,9.422002647625305,0.11137549711436764,-0.6584015846980489,45.787499999999994,0.0
2024-08-20,94.0,0.0,17.35,0.0,18.56,0.0,8.008702250481509,0.0946691725472125,-0.64534811322955,44.887499999999996,0.0
2024-08-21,95.0,2.6,19.35,1.3,19.4,1.9500000000000002,8.757396912909282,0.1035193335303219,-0.6321034111873488,48.4375,1.0
2024-08-22,96.0,9.7,16.82,19.8,15.05,14.75,22.19378737597289,0.2623480585067076,-0.6186714032625032,39.8375,1.0
2024-08-23,98.0,2.6,18.0,1.4,17.38,2.0,20.864719269576955,0.24663742600269253,-0.6050560696488494,44.224999999999994,2.0
2024-08-24,99.0,0.0,19.65,0.0,19.26,0.0,17.735011379140413,0.20964181210228866,-0.5912614448635782,48.637499999999996,1.0
2024-08-25,99.0,0.0,21.16,0.0,20.91,0.0,15.074759672269352,0.17819554028694537,-0.5772916165517278,52.5875,0.0
2024-08-26,97.0,0.0,16.18,0.0,15.93,0.0,12.813545721428948,0.15146620924390355,-0.5631507242749187,40.1375,-2.0
2024-08-27,96.0,0.0,15.39,0.0,15.44,0.0,10.891513863214605,0.12874627785731801,-0.5488429582847199,38.537499999999994,-1.0
2024-08-28,95.0,0.0,17.67,0.0,17.89,0.0,9.257786783732413,0.1094343361787203,-0.5343725582809785,44.45,-1.0
2024-08-29,94.0,0.0,21.3,0.0,20.85,0.0,7.8691187661725515,0.09301918575191226,-0.5197438121555157,52.68750000000001,-1.0
2024-08-30,94.0,0.7,24.25,6.5,23.9,3.6,10.28875095124667,0.12162114517870931,-0.5049610547215202,60.1875,0.0
2024-08-31,95.0,13.9,16.28,6.0,16.28,9.95,18.695438308559666,0.22099481535505838,-0.4900286664290594,40.7,1.0
2024-09-01,95.0,0.0,14.81,0.0,14.41,0.0,15.891122562275715,0.1878455930517996,-0.4749510720670502,36.525,0.0
2024-09-02,94.0,0.0,15.74,0.0,15.65,0.0,13.507454177934358,0.15966875409402967,-0.4597327394521046,39.2375,-1.0
2024-09-03,93.0,0.0,18.52,0.0,19.35,0.0,11.481336051244204,0.13571844097992522,-0.44437817810461344,47.337500000000006,-1.0
2024-09-04,93.0,0.0,21.35,0.0,21.62,0.0,9.759135643557574,0.11536067483293644,-0.4288919379124841,53.7125,0.0
2024-09-05,92.0,0.0,20.65,0.0,21.25,0.0,8.295265297023938,0.09805657360799598,-0.41327860778290443,52.375,-1.0
2024-09-06,92.0,0.0,20.05,0.0,20.24,0.0,7.050975502470347,0.08334808756679658,-0.3975428142825566,50.3625,0.0
2024-09-07,91.0,0.0,21.04,0.0,21.1,0.0,5.993329177099795,0.07084587443177709,-0.3816892202666586,52.675,-1.0
2024-09-08,91.0,0.0,20.3,0.0,20.15,0.0,5.094329800534826,0.06021899326701053,-0.3657225234972692,50.5625,0.0
2024-09-09,90.0,0.0,20.55,0.0,20.26,0.0,4.330180330454602,0.051186144276958945,-0.34964745525122826,51.0125,-1.0
2024-09-10,90.0,13.6,16.07,15.9,15.59,14.75,18.43065328088641,0.2178648476413491,-0.33346877891818705,39.575,0.0
2024-09-11,92.0,0.0,16.65,0.2,16.27,0.1,15.766055288753448,0.1863671993087463,-0.31719128858910595,41.150000000000006,2.0
2024-09-12,92.0,3.5,14.96,0.0,15.1,1.75,15.15114699544043,0.17909849865042649,-0.300819807635668,37.575,0.0
2024-09-13,92.0,0.1,16.68,0.1,16.47,0.1,12.978474946124365,0.15341580266646207,-0.2843591872810036,41.4375,0.0
2024-09-14,94.0,32.1,16.35,8.5,16.64,20.3,31.331703704205708,0.3703654314272019,-0.26781430516217486,41.237500000000004,2.0
2024-09-15,95.0,0.4,16.68,0.7,17.4,0.55,27.18194814857485,0.32131205018791914,-0.25119006388481957,42.599999999999994,1.0
2024-09-16,96.0,0.0,18.87,0.0,19.3,0.0,23.104655926288622,0.2731152426597313,-0.23449138957041052,47.712500000000006,1.0
2024-09-17,96.0,0.0,18.56,0.0,18.56,0.0,19.638957537345327,0.23214795626077156,-0.21772323039653224,46.4,0.0
2024-09-18,94.0,0.0,17.81,0.0,18.67,0.0,16.693113906743527,0.19732576282165581,-0.20089055513063528,45.60000000000001,-2.0
2024-09-19,92.0,0.0,17.2,0.0,17.78,0.0,14.189146820731997,0.16772689839840743,-0.18399835165767986,43.72500000000001,-2.0
2024-09-20,91.0,0.0,16.22,0.0,17.4,0.0,12.060774797622198,0.14256786363864632,-0.1670516255021195,42.025,-1.0
2024-09-21,91.0,0.0,13.9,0.0,14.48,0.0,10.251658577978867,0.12118268409284937,-0.15005539834465262,35.475,0.0
2024-09-22,91.0,0.0,12.71,0.0,12.47,0.0,8.713909791282036,0.10300528147892195,-0.13301470653419636,31.475,0.0
2024-09-23,91.0,0.0,15.47,0.0,15.84,0.0,7.406823322589731,0.08755448925708366,-0.11593459959550066,39.1375,0.0
2024-09-24,91.0,0.0,17.3,0.0,17.35,0.0,6.295799824201271,0.07442131586852112,-0.09882013873287211,43.31250000000001,0.0
2024-09-25,91.0,0.0,16.54,0.0,15.95,0.0,5.351429850571081,0.06325811848824295,-0.08167639533042288,40.6125,0.0
2024-09-26,91.0,3.5,16.57,3.1,16.44,3.3,7.848715372985418,0.09277800156379173,-0.06450844944931625,41.2625,0.0
2024-09-27,92.0,23.1,16.39,8.1,15.91,15.600000000000001,22.271408067037605,0.2632655962507532,-0.04732138832243232,40.375,1.0
2024-09-28,95.0,12.8,12.84,26.3,11.99,19.55,38.480696856981965,0.4548721648718528,-0.03012030484690836,31.037499999999998,3.0
2024-09-29,101.0,0.9,9.6,0.0,8.84,0.45,33.15859232843467,0.39196069480227286,-0.012910296075008843,23.049999999999997,6.0
2024-09-30,101.0,0.0,6.96,0.0,7.43,0.0,28.18480347916947,0.33316659058193193,0.004303538296243821,17.9875,0.0
2024-10-01,98.0,3.8,5.88,4.2,6.1,4.0,27.95708295729405,0.33047475453862424,0.021516097436222233,14.975000000000001,-3.0
2024-10-02,97.0,0.3,7.95,0.0,7.85,0.15,23.91352051369994,0.2826766595782299,0.03872228089217399,19.75,-1.0
2024-10-03,96.0,1.6,9.08,3.8,8.75,2.7,23.026492436644947,0.2721912886086833,0.05591699010060302,22.287499999999998,-1.0
2024-10-04,95.0,0.0,8.34,0.0,9.38,0.0,19.572518571148205,0.23136259531738082,0.07309512989807776,22.15,-1.0
2024-10-05,94.0,0.0,6.57,0.0,7.84,0.0,16.636640785475972,0.19665820601977368,0.0902516100310407,18.0125,-1.0
2024-10-06,94.0,0.0,6.6,0.0,7.81,0.0,14.141144667654576,0.16715947511680762,0.10738134666416306,18.0125,0.0
2024-10-07,93.0,0.0,7.53,0.0,8.01,0.0,12.019972967506389,0.14208555384928648,0.12447926388678869,19.424999999999997,-1.0
2024-10-08,93.0,0.0,11.15,0.0,10.77,0.0,10.21697702238043,0.1207727207718935,0.141540295217043,27.400000000000002,0.0
2024-10-09,93.0,4.6,12.64,3.6,12.48,4.1,12.784430469023365,0.15112204401369111,0.15855938510313475,31.400000000000002,0.0
2024-10-10,96.0,0.1,15.73,0.4,15.53,0.25,11.11676589866986,0.1314089344456363,0.17553149042142777,39.074999999999996,3.0
2024-10-11,96.0,0.0,11.82,1.1,10.72,0.55,9.999251013869381,0.11819902775358843,0.19245158197082995,28.174999999999997,0.0
2024-10-12,95.0,0.4,9.14,0.9,8.0,0.65,9.149363361788975,0.10815268587894726,0.20931464596304888,21.425,-1.0
2024-10-13,95.0,3.3,7.93,4.7,7.9,4.0,11.77695885752063,0.1392129355410873,0.22611568550828803,19.7875,0.0
2024-10-14,95.0,1.2,7.28,1.1,7.53,1.15,11.160415028892535,0.13192490156631906,0.2428497220959358,18.5125,0.0
2024-10-15,95.0,2.5,5.84,3.8,6.19,3.15,12.636352774558654,0.1493716489597571,0.25951179706979943,15.037500000000001,0.0
2024-10-16,93.0,0.0,4.81,0.0,4.9,0.0,10.740899858374856,0.12696590161579355,0.27609697309746883,12.137500000000001,-2.0
2024-10-17,92.0,0.0,7.69,0.0,7.26,0.0,9.129764879618628,0.10792101637342451,0.2926003356333479,18.6875,-1.0
2024-10-18,92.0,0.0,9.31,0.0,8.7,0.0,7.760300147675834,0.09173286391741084,0.30901699437494723,22.512499999999996,0.0
2024-10-19,92.0,0.0,8.95,0.0,8.2,0.0,6.596255125524459,0.07797293432979921,0.3253420847119795,21.4375,0.0
2024-10-20,92.0,0.0,8.4,0.0,8.18,0.0,5.606816856695789,0.06627699418032931,0.341570769167856,20.724999999999998,0.0
2024-10-21,91.0,1.8,10.09,0.5,9.29,1.15,5.915794328191421,0.06992935140967477,0.35769823883312546,24.224999999999998,-1.0
2024-10-22,91.0,2.1,12.4,2.4,12.24,2.25,7.278425178962707,0.08603672200421349,0.3737197147904692,30.8,0.0
2024-10-23,92.0,0.0,11.53,0.0,11.18,0.0,6.186661402118301,0.07313121370358147,0.38963044953078774,28.387500000000003,1.0
2024-10-24,91.0,0.0,11.65,0.0,11.31,0.0,5.258662191800556,0.06216153164804425,0.4054257283599973,28.700000000000003,-1.0
2024-10-25,91.0,0.0,9.0,0.0,8.44,0.0,4.469862863030473,0.05283730190083761,0.42110087079608916,21.799999999999997,0.0
2024-10-26,91.0,0.7,7.84,1.7,7.28,1.2,4.999383433575902,0.05909665237890661,0.4366512319560638,18.900000000000002,0.0
2024-10-27,91.0,1.0,10.6,0.6,10.24,0.8,5.049475918539517,0.05968878503086703,0.45207220393230374,26.05,0.0
2024-10-28,91.0,1.7,10.28,0.6,9.59,1.15,5.44205453075859,0.06432937363263184,0.46735921715800205,24.8375,0.0
2024-10-29,92.0,1.1,9.44,1.0,9.29,1.05,5.6757463511448005,0.06709179513053236,0.48250774176121763,23.412499999999994,1.0
2024-10-30,92.0,1.2,11.65,1.0,11.28,1.1,5.92438439847308,0.07003089281054758,0.4975132889071803,28.6625,0.0
2024-10-31,92.0,4.7,10.48,7.8,9.72,6.25,11.285726738702117,0.13340618473893748,0.5123714121284235,25.250000000000004,0.0
2024-11-01,96.0,1.0,11.65,1.6,11.39,1.3,10.8928677278968,0.12876228160489103,0.5270777086423724,28.799999999999997,4.0
2024-11-02,99.0,0.0,6.15,0.0,5.2,0.0,9.258937568712279,0.10944793936415737,0.5416278206559811,14.187500000000002,3.0
2024-11-03,100.0,2.4,8.7,5.3,7.91,3.8499999999999996,11.720096933405436,0.13854078278311655,0.5560174366570446,20.7625,1.0
2024-11-04,99.0,0.0,4.72,0.0,4.17,0.0,9.96208239339462,0.11775966536564905,0.5702422926917867,11.1125,-1.0
2024-11-05,99.0,0.5,8.95,0.0,8.22,0.25,8.717770034385428,0.10305091259480058,0.5842981736283683,21.462500000000002,0.0
2024-11-06,98.0,0.0,9.08,0.0,8.8,0.0,7.410104529227613,0.0875932757055805,0.5981809144059159,22.35,-1.0
2024-11-07,98.0,0.4,8.13,0.3,7.89,0.35,6.64858884984347,0.07859156019734184,0.6118864012687242,20.025,0.0
2024-11-08,97.0,0.0,5.59,0.4,5.46,0.2,5.85130052236695,0.06916698379493967,0.6254105729852457,13.8125,-1.0
2024-11-09,96.0,0.2,4.01,0.4,4.17,0.30000000000000004,5.273605444011907,0.062338172666497375,0.6387494220515268,10.225,-1.0
2024-11-10,95.0,0.0,2.36,0.0,2.08,0.0,4.482564627410121,0.05298744676652277,0.6518989958787125,5.549999999999999,-1.0
2024-11-11,94.0,0.0,1.62,0.1,1.16,0.05,3.860179933298603,0.045630369158344126,0.6648553979642867,3.4750000000000005,-1.0
2024-11-12,93.0,0.0,2.08,0.0,1.54,0.0,3.2811529433038125,0.03878581378459251,0.6776147890466887,4.525,-1.0
2024-11-13,93.0,0.3,1.92,0.1,1.45,0.2,2.988980001808241,0.03533209934410274,0.690173388242972,4.2125,0.0
2024-11-14,93.0,5.2,4.68,8.4,3.97,6.800000000000001,9.340633001537006,0.11041364376725692,0.7025274741691566,10.8125,0.0
2024-11-15,94.0,0.2,7.15,0.4,6.07,0.30000000000000004,8.239538051306456,0.09739783364296706,0.7146733860429608,16.525000000000002,1.0
2024-11-16,97.0,7.5,8.71,4.7,8.23,6.1,13.103607343610488,0.15489496622609472,0.726607524768565,21.175,3.0
2024-11-17,118.0,17.4,7.23,19.1,6.75,18.25,29.388066242068916,0.3473901047740989,0.7383263540031063,17.475,21.0
2024-11-18,176.0,22.9,5.34,18.3,4.8,20.6,45.57985630575858,0.538789824659492,0.749826401204568,12.675,58.0
2024-11-19,284.0,7.7,3.08,11.6,2.31,9.65,48.392877859894796,0.572041956472925,0.7611042586607742,6.737500000000001,108.0
2024-11-20,334.0,11.4,3.92,9.4,3.8,10.4,51.533946180910576,0.6091718596163397,0.7721565844991641,9.65,50.0
2024-11-21,356.0,3.2,2.15,6.5,1.46,4.85,48.65385425377399,0.5751269031334671,0.7829801036770625,4.5125,22.0
2024-11-22,307.0,13.6,0.82,21.9,-0.03,17.75,59.10577611570789,0.6986768570773676,0.7935716089521472,0.9874999999999999,-49.0
2024-11-23,237.0,3.6,2.46,3.6,0.71,3.6,53.839909698351704,0.6364301658053463,0.8039279618328208,3.9625,-70.0
2024-11-24,201.0,0.0,1.2,0.8,0.49,0.4,46.163923243598944,0.5456939561889426,0.8140460935082175,2.1125,-36.0
2024-11-25,200.0,0.1,5.77,0.0,5.21,0.05,39.2893347570591,0.4644309021674009,0.8239230057575536,13.725000000000001,-1.0
2024-11-26,255.0,5.5,7.16,5.3,6.1,5.4,38.79593454350024,0.45859852277666663,0.8335557718385695,16.575,55.0
2024-11-27,315.0,13.9,6.0,7.2,4.35,10.55,43.5265443619752,0.5145180591949194,0.8429415373547832,12.9375,60.0
2024-11-28,349.0,6.6,3.78,5.2,3.79,5.9,42.897562707678915,0.5070830003180551,0.8520775211013093,9.4625,34.0
2024-11-29,325.0,0.1,4.07,0.0,3.46,0.05,36.512928301527076,0.4316115896771466,0.8609610158889945,9.4125,-24.0
2024-11-30,274.0,0.0,5.73,0.0,4.7,0.0,31.035989056298014,0.3668698512255746,0.8695893893466109,13.0375,-51.0
2024-12-01,222.0,0.0,4.15,0.0,2.5,0.0,26.38059069785331,0.31183937354173835,0.8779600847008883,8.3125,-52.0
2024-12-02,193.0,0.0,2.6,0.0,2.14,0.0,22.423502093175312,0.2650634675104776,0.8860706215341377,5.925000000000001,-29.0
2024-12-03,177.0,5.3,4.45,1.9,4.26,3.5999999999999996,22.659976779199013,0.26785878467348984,0.893918596519257,10.887500000000001,-16.0
2024-12-04,163.0,2.3,0.05,0.8,0.1,1.5499999999999998,20.810980262319163,0.24600218858325942,0.9015016841318838,0.18750000000000003,-14.0
2024-12-05,157.0,3.2,2.11,0.3,1.82,1.75,19.43933322297129,0.2297882395337627,0.9088176373395028,4.9125,-6.0
2024-12-06,162.0,0.0,0.63,0.0,0.28,0.0,16.523433239525595,0.19532000360369828,0.9158642882672868,1.1375,5.0
2024-12-07,163.0,0.0,-0.1,0.0,-0.3,0.0,14.044918253596755,0.16602200306314355,0.9226395488404875,0.0,1.0
2024-12-08,155.0,0.0,1.3,0.0,1.16,0.0,11.938180515557242,0.141118702603672,0.9291414114031743,3.075,-8.0
2024-12-09,146.0,0.0,1.06,0.0,0.76,0.0,10.147453438223655,0.1199508972131212,0.935367949313148,2.275,-9.0
2024-12-10,139.0,0.0,-2.69,0.0,-2.64,0.0,8.625335422490107,0.10195826263115301,0.941317317512847,0.0,-7.0
2024-12-11,134.0,0.0,1.26,0.0,0.81,0.0,7.33153510911659,0.08666452323648005,0.946987753076075,2.5875000000000004,-5.0
2024-12-12,130.0,0.0,0.67,0.0,0.69,0.0,6.231804842749101,0.07366484475100804,0.9523775757303973,1.6999999999999997,-4.0
2024-12-13,126.0,0.3,-0.97,0.0,-1.67,0.15,5.447034116336736,0.06438823625875617,0.9574851883550389,0.0,-4.0
2024-12-14,122.0,9.4,2.83,6.3,1.36,7.85,12.479978998886224,0.1475231876875076,0.9623090774541487,5.237500000000001,-4.0
2024-12-15,139.0,3.4,2.86,2.9,2.14,3.15,13.75798214905329,0.1626301921627674,0.9668478136052773,6.25,17.0
2024-12-16,162.0,1.7,7.67,2.5,7.28,2.1,13.794284826695296,0.16305931842394286,0.9711000518829505,18.6875,23.0
2024-12-17,200.0,0.0,5.71,0.0,5.1,0.0,11.725142102691002,0.13860042066035144,0.9750645322571945,13.5125,38.0
2024-12-18,206.0,8.9,2.84,5.9,2.29,7.4,17.36637078728735,0.20528418976766563,0.9787400799669153,6.4125,6.0
2024-12-19,217.0,10.0,8.55,6.9,8.28,8.45,23.211415169194247,0.27437722105167794,0.9821256058680006,21.037499999999998,11.0
2024-12-20,289.0,2.7,4.75,3.0,4.37,2.85,22.57970289381511,0.2669098840815135,0.9852201067560606,11.400000000000002,72.0
2024-12-21,298.0,5.8,4.1,3.8,2.5,4.8,23.992747459742844,0.283613184522065,0.9880226656636976,8.25,9.0
2024-12-22,312.0,13.2,4.1,7.1,3.7,10.149999999999999,30.543835340781417,0.36105220642410984,0.9905324521322227,9.75,14.0
2024-12-23,343.0,6.2,3.74,3.6,3.51,4.9,30.862260039664207,0.3648162373268715,0.9927487224577402,9.0625,31.0
2024-12-24,313.0,0.7,1.87,0.8,1.43,0.75,26.982921033714575,0.31895939282983743,0.9946708199115211,4.125,-30.0
2024-12-25,252.0,2.4,4.96,1.7,3.49,2.05,24.98548287865739,0.29534809958415265,0.9962981749346077,10.5625,-61.0
2024-12-26,218.0,3.8,5.81,3.0,5.51,3.4,24.637660446858778,0.2912365643089145,0.9976303053065857,14.15,-34.0
2024-12-27,206.0,1.2,4.83,1.3,4.69,1.25,22.19201137982996,0.26232706483257173,0.9986668162884759,11.899999999999999,-12.0
2024-12-28,196.0,2.4,4.6,1.5,4.37,1.95,20.813209672855464,0.2460285419728772,0.9994074007397048,11.212499999999999,-10.0
2024-12-29,188.0,1.7,5.29,2.0,4.7,1.85,19.541228221927145,0.23099271872853736,0.9998518392091162,12.4875,-8.0
2024-12-30,192.0,12.5,5.98,15.5,6.11,14.0,30.610043988638072,0.3618348448231941,1.0,15.1125,4.0
2024-12-31,323.0,3.4,4.26,7.0,4.3,5.2,31.21853739034236,0.3690277164068917,0.9998518392091162,10.7,131.0
