timestamp,water_level_cm,precip_birstono-ams,temp_birstono-ams,precip_alytaus-ams,temp_alytaus-ams,Pt,API_t,API_norm,S_t,SMI_t,delta_WL_t
2022-01-01,287.0,0.7,2.84,1.4,2.65,1.0499999999999998,1.0499999999999998,0.013359336976599696,0.9998518392091162,6.862500000000001,0.0
2022-01-02,267.0,9.5,0.11,12.2,-0.16,10.85,11.7425,0.17186802045779298,0.9994074007397048,0.0,-20.0
2022-01-03,263.0,3.8,5.59,4.3,5.57,4.05,14.031125,0.20579525316596653,0.998666816288476,13.95,-4.0
2022-01-04,264.0,2.0,4.52,3.8,4.51,2.9,14.82645625,0.21758547148431603,0.9976303053065857,11.2875,1.0
2022-01-05,278.0,1.5,1.82,1.7,1.82,1.6,14.2024878125,0.20833558459519352,0.9962981749346078,4.55,14.0
2022-01-06,218.0,1.1,0.17,0.3,0.04,0.7000000000000001,12.772114640624999,0.18713132288271048,0.9946708199115211,0.2625,-60.0
2022-01-07,144.0,0.0,-1.8,0.0,-2.01,0.0,10.856297444531249,0.1587306998718663,0.9927487224577402,0.0,-74.0
2022-01-08,136.0,0.0,-1.57,0.0,-2.01,0.0,9.227852827851562,0.13459017031264875,0.9905324521322229,0.0,-8.0
2022-01-09,154.0,0.0,-1.93,0.0,-2.6,0.0,7.843674903673827,0.11407072018731383,0.9880226656636976,0.0,18.0
2022-01-10,163.0,0.0,-3.23,0.0,-3.43,0.0,6.667123668122753,0.09662918758077915,0.9852201067560606,0.0,9.0
2022-01-11,196.0,0.0,-5.15,0.0,-5.54,0.0,5.66705511790434,0.08180388486522468,0.9821256058680006,0.0,33.0
2022-01-12,245.0,0.0,-7.67,0.0,-8.27,0.0,4.816996850218689,0.06920237755700337,0.9787400799669153,0.0,49.0
2022-01-13,311.0,0.6,2.87,0.0,2.47,0.3,4.394447322685886,0.06293838229725823,0.9750645322571948,6.675,66.0
2022-01-14,253.0,1.3,4.58,0.5,4.2,0.9,4.635280224283003,0.0665085582309608,0.9711000518829505,10.975000000000001,-58.0
2022-01-15,185.0,0.0,1.92,0.0,1.26,0.0,3.9399881906405523,0.05620134991787908,0.9668478136052775,3.9749999999999996,-68.0
2022-01-16,142.0,0.2,-0.73,0.7,-1.13,0.44999999999999996,3.7989899620444696,0.05411115178012407,0.9623090774541486,0.0,-43.0
2022-01-17,122.0,6.0,0.54,3.4,0.26,4.7,7.929141467737799,0.11533770101980775,0.9574851883550393,1.0,-20.0
2022-01-18,119.0,0.0,-0.59,0.0,-0.79,0.0,6.7397702475771295,0.09770612128839899,0.9523775757303974,0.0,-3.0
2022-01-19,115.0,0.3,0.47,0.0,0.25,0.15,5.87880471044056,0.08494292149282302,0.9469877530760753,0.8999999999999999,-4.0
2022-01-20,118.0,6.3,-0.26,2.5,-0.46,4.4,9.396984003874476,0.1370974193233589,0.9413173175128471,0.0,3.0
2022-01-21,128.0,3.9,-0.21,1.7,-0.55,2.8,10.787436403293304,0.15770988406735184,0.9353679493131483,0.0,10.0
2022-01-22,133.0,0.2,-1.7,0.5,-2.05,0.35,9.519320942799308,0.13891097715642825,0.9291414114031743,0.0,5.0
2022-01-23,129.0,0.0,-5.12,0.0,-4.9,0.0,8.09142280137941,0.1177434060045264,0.9226395488404876,0.0,-4.0
2022-01-24,120.0,0.4,-2.6,0.4,-3.3,0.4,7.277709381172499,0.10568068512840047,0.9158642882672872,0.0,-9.0
2022-01-25,135.0,1.1,1.27,0.4,0.99,0.75,6.936052973996624,0.10061587266131022,0.9088176373395029,2.8249999999999997,15.0
2022-01-26,143.0,1.5,0.05,0.9,-0.26,1.2,7.09564502789713,0.10298171099264797,0.901501684131884,0.0,8.0
2022-01-27,127.0,3.6,2.07,1.6,2.07,2.6,8.631298273712561,0.12574667468475226,0.893918596519257,5.175,-16.0
2022-01-28,99.0,2.2,1.82,1.7,1.51,1.9500000000000002,9.286603532655677,0.13546110759318114,0.886070621534138,4.1625,-28.0
2022-01-29,84.0,6.3,0.62,3.8,0.31,5.05,12.943613002757324,0.18967366373852304,0.8779600847008882,1.1624999999999999,-15.0
2022-01-30,86.0,9.8,1.53,3.0,1.23,6.4,17.402071052343725,0.255767123247157,0.869589389346611,3.4499999999999997,2.0
2022-01-31,96.0,4.1,-1.29,2.3,-1.72,3.1999999999999997,17.991760394492164,0.26450884700557087,0.8609610158889943,0.0,10.0
2022-02-01,100.0,1.6,-1.84,1.6,-2.22,1.6,16.89299633531834,0.24822045378826016,0.8520775211013093,0.0,4.0
2022-02-02,109.0,1.4,-1.62,0.7,-1.57,1.0499999999999998,15.40904688502059,0.22622196197443398,0.8429415373547828,0.0,9.0
2022-02-03,112.0,0.3,-3.7,0.0,-3.85,0.15,13.247689852267502,0.19418138607595276,0.8335557718385699,0.0,3.0
2022-02-04,113.0,0.6,-2.11,0.4,-1.84,0.5,11.760536374427376,0.1721353968398605,0.8239230057575542,0.0,1.0
2022-02-05,111.0,2.4,2.0,0.9,1.86,1.65,11.64645591826327,0.17044423547278018,0.8140460935082178,4.825,-2.0
2022-02-06,112.0,3.3,1.9,0.6,1.93,1.95,11.849487530523778,0.17345403426300485,0.8039279618328213,4.7875,1.0
2022-02-07,114.0,4.1,2.07,2.9,1.71,3.5,13.57206440094521,0.19899000732128452,0.7935716089521474,4.725,2.0
2022-02-08,118.0,1.2,2.36,0.9,1.93,1.05,12.58625474080343,0.18437608247750464,0.7829801036770629,5.3625,4.0
2022-02-09,122.0,2.5,4.25,2.6,4.16,2.55,13.248316529682914,0.1941906761215066,0.7721565844991642,10.5125,4.0
2022-02-10,132.0,0.5,3.9,1.4,3.73,0.95,12.211069050230476,0.17881422230694574,0.7611042586607747,9.5375,10.0
2022-02-11,140.0,1.9,2.14,1.2,2.0,1.5499999999999998,11.929408692695905,0.17463880846905497,0.7498264012045686,5.175000000000001,8.0
2022-02-12,162.0,0.4,0.08,0.6,-0.33,0.5,10.63999738879152,0.1555242058739974,0.7383263540031065,0.0,22.0
2022-02-13,177.0,0.0,0.72,0.0,0.47,0.0,9.043997780472791,0.1318646504144602,0.7266075247685656,1.4874999999999998,15.0
2022-02-14,189.0,0.0,2.39,0.0,2.22,0.0,7.687398113401873,0.11175402827385356,0.7146733860429609,5.7625,12.0
2022-02-15,195.0,0.2,2.59,0.4,2.58,0.30000000000000004,6.8342883963915915,0.09910728540658088,0.702527474169157,6.4625,6.0
2022-02-16,188.0,1.6,5.25,1.6,5.05,1.6,7.409145136932853,0.10762912642911868,0.6901733882429719,12.875,-7.0
2022-02-17,187.0,15.9,5.13,5.6,5.21,10.75,17.047773366392924,0.2505149128416864,0.6776147890466889,12.925,-1.0
2022-02-18,186.0,5.0,3.3,1.5,3.17,3.25,17.740607361433987,0.26078568248629475,0.6648553979642865,8.0875,-1.0
2022-02-19,180.0,5.9,3.97,3.3,3.88,4.6,19.67951625721889,0.28952862346930514,0.6518989958787126,9.8125,-6.0
2022-02-20,183.0,2.6,2.4,0.1,2.56,1.35,18.077588818636055,0.2657811921555651,0.6387494220515272,6.2,3.0
2022-02-21,186.0,6.2,4.47,2.5,4.55,4.35,19.715950495840644,0.2900687350613158,0.6254105729852463,11.274999999999999,3.0
2022-02-22,188.0,1.6,1.37,0.1,1.3,0.8500000000000001,17.60855792146455,0.25882814375503593,0.6118864012687243,3.3375,2.0
2022-02-23,203.0,1.0,0.92,1.0,0.72,1.0,15.967274233244865,0.23449728412081952,0.5981809144059164,2.0500000000000003,15.0
2022-02-24,205.0,0.0,2.33,0.0,1.92,0.0,13.572183098258135,0.198991766924259,0.5842981736283683,5.3125,2.0
2022-02-25,208.0,1.4,3.57,0.0,3.71,0.7,12.236355633519414,0.1791890778624161,0.5702422926917871,9.1,3.0
2022-02-26,202.0,0.0,2.49,0.0,2.52,0.0,10.400902288491501,0.15197979160461608,0.5560174366570446,6.262499999999999,-6.0
2022-02-27,203.0,0.0,-1.86,0.0,-1.98,0.0,8.840766945217776,0.12885189828548607,0.5416278206559814,0.0,1.0
2022-02-28,199.0,0.0,-2.41,0.0,-2.92,0.0,7.51465190343511,0.10919318896422556,0.5270777086423722,0.0,-4.0
2022-03-01,195.0,0.0,-1.65,0.0,-2.19,0.0,6.387454117919843,0.0924832860411541,0.5123714121284237,0.0,-4.0
2022-03-02,196.0,0.0,-2.37,0.0,-2.47,0.0,5.429336000231866,0.07827986855654338,0.49751328890718066,0.0,1.0
2022-03-03,189.0,0.0,-0.45,0.0,-0.97,0.0,4.614935600197086,0.06620696369462427,0.48250774176121847,0.0,-7.0
2022-03-04,184.0,0.0,1.31,0.0,0.96,0.0,3.9226952601675227,0.05594499456199302,0.46735921715800227,2.8375,-5.0
2022-03-05,182.0,0.0,-1.62,0.0,-2.07,0.0,3.3342909711423943,0.04722232079925646,0.45207220393230435,0.0,-2.0
2022-03-06,185.0,0.0,-1.73,0.0,-2.46,0.0,2.834147325471035,0.03980804810093039,0.43665123195606403,0.0,3.0
2022-03-07,178.0,0.0,1.3,0.0,0.78,0.0,2.40902522665038,0.03350591630735322,0.4211008707960896,2.6,-7.0
2022-03-08,169.0,1.7,0.7,1.5,0.37,1.6,3.647671442652823,0.05186796269477516,0.40542572835999735,1.3375,-9.0
2022-03-09,163.0,1.0,-1.27,1.0,-1.28,1.0,4.100520726254899,0.05858113021959785,0.38963044953078796,0.0,-6.0
2022-03-10,157.0,0.0,-4.52,0.0,-4.37,0.0,3.4854426173166644,0.049463036108220566,0.37371971479046906,0.0,-6.0
2022-03-11,154.0,0.0,-3.47,0.0,-3.9,0.0,2.962626224719165,0.04171265611354988,0.35769823883312546,0.0,-3.0
2022-03-12,143.0,0.0,-0.17,0.0,-0.33,0.0,2.51823229101129,0.03512483311807979,0.3415707691678556,0.0,-11.0
2022-03-13,140.0,0.0,-0.0,0.0,-0.27,0.0,2.1404974473595964,0.029525183571930208,0.3253420847119801,0.0,-3.0
2022-03-14,130.0,0.0,0.23,0.0,0.24,0.0,1.8194228302556568,0.02476548145770307,0.30901699437494745,0.5874999999999999,-10.0
2022-03-15,127.0,0.0,1.79,0.0,2.26,0.0,1.546509405717308,0.02071973466061,0.29260033563334836,5.0625,-3.0
2022-03-16,125.0,0.0,3.0,0.0,3.85,0.0,1.3145329948597118,0.017280849883080894,0.27609697309746883,8.5625,-2.0
2022-03-17,123.0,0.0,0.63,0.0,1.37,0.0,1.117353045630755,0.014357797822181155,0.2595117970697999,2.5,-2.0
2022-03-18,118.0,0.0,0.43,0.0,1.1,0.0,0.9497500887861418,0.011873203570416378,0.2428497220959356,1.9125,-5.0
2022-03-19,112.0,0.0,1.44,0.0,1.4,0.0,0.8072875754682205,0.009761298456416314,0.22611568550828828,3.55,-6.0
2022-03-20,110.0,0.0,2.26,0.0,2.12,0.0,0.6861944391479874,0.007966179109516263,0.20931464596304847,5.475,-2.0
2022-03-21,103.0,0.0,3.75,0.0,3.81,0.0,0.5832652732757893,0.006440327664651217,0.19245158197082998,9.450000000000001,-7.0
2022-03-22,101.0,0.0,4.77,0.0,4.97,0.0,0.49577548228442087,0.005143353936515929,0.1755314904214282,12.174999999999997,-2.0
2022-03-23,105.0,0.0,6.65,0.0,6.12,0.0,0.4214091599417577,0.004040926267600934,0.15855938510313478,15.962499999999999,4.0
2022-03-24,103.0,0.0,4.48,0.0,4.23,0.0,0.35819778595049406,0.0031038627490231883,0.141540295217043,10.887500000000001,-2.0
2022-03-25,93.0,0.0,7.08,0.0,7.18,0.0,0.30446811805791996,0.0023073587582321045,0.12447926388678915,17.825,-10.0
2022-03-26,92.0,0.0,7.0,0.0,6.76,0.0,0.25879790034923195,0.0016303303660596831,0.10738134666416309,17.2,-1.0
2022-03-27,93.0,0.0,2.84,0.0,2.5,0.0,0.21997821529684713,0.0010548562327131249,0.09025161003104117,6.675,1.0
2022-03-28,88.0,0.0,8.06,0.0,8.59,0.0,0.18698148300232006,0.0005657032193685508,0.07309512989807777,20.8125,-5.0
2022-03-29,87.0,0.0,4.72,0.0,4.73,0.0,0.15893426055197205,0.00014992315802566254,0.055916990100603484,11.8125,-1.0
2022-03-30,86.0,0.0,-0.94,0.3,-0.97,0.15,0.28509412146917623,0.0020201530820056937,0.03872228089217446,0.0,-1.0
2022-03-31,84.0,0.0,-0.08,0.0,-0.14,0.0,0.2423300032487998,0.0013862055412672343,0.021516097436222254,0.0,-2.0
2022-04-01,81.0,0.0,2.09,0.0,1.99,0.0,0.20598050276147983,0.0008473501316395437,0.004303538296244289,5.1,-3.0
2022-04-02,79.0,0.0,2.53,0.0,2.3,0.0,0.17508342734725785,0.00038932303345600653,-0.01291029607500882,6.0375,-2.0
2022-04-03,79.0,0.0,0.95,0.0,0.21,0.0,0.14882091324516916,0.0,-0.030120304846908114,1.45,0.0
2022-04-04,79.0,1.0,2.69,0.3,2.43,0.65,0.7764977762583938,0.009304861651422167,-0.04732138832243185,6.4,0.0
2022-04-05,79.0,3.0,2.47,1.3,2.16,2.15,2.8100231098196344,0.03945042381634587,-0.06450844944931623,5.787500000000001,0.0
2022-04-06,78.0,3.8,4.05,1.4,3.67,2.5999999999999996,4.988519643346689,0.07174508058489547,-0.08167639533042241,9.65,-1.0
2022-04-07,78.0,0.5,11.68,0.0,11.86,0.25,4.490241696844685,0.06435846554559269,-0.09882013873287143,29.424999999999997,0.0
2022-04-08,84.0,0.7,7.1,0.5,6.61,0.6,4.416705442317983,0.06326834303980212,-0.11593459959550041,17.137500000000003,6.0
2022-04-09,85.0,0.0,4.92,0.0,4.99,0.0,3.7541996259702852,0.0534471670053942,-0.1330147065341959,12.3875,1.0
2022-04-10,86.0,0.3,3.91,0.1,3.33,0.2,3.3910696820747424,0.04806402467764278,-0.1500553983446526,9.05,1.0
2022-04-11,90.0,0.0,3.87,0.0,3.19,0.0,2.882409229763531,0.040523496397558756,-0.16705162550211924,8.825000000000001,4.0
2022-04-12,92.0,0.0,4.29,0.0,3.72,0.0,2.450047845299001,0.03411404735948734,-0.18399835165768005,10.0125,2.0
2022-04-13,92.0,0.0,6.07,0.0,5.75,0.0,2.082540668504151,0.028666015677126625,-0.20089055513063506,14.775,0.0
2022-04-14,87.0,0.0,9.89,0.0,10.07,0.0,1.7701595682285283,0.024035188747120025,-0.21772323039653177,24.950000000000003,-5.0
2022-04-15,88.0,3.8,7.7,5.4,7.59,4.6,6.104635632994249,0.08829070379100666,-0.23449138957040985,19.112499999999997,1.0
2022-04-16,84.0,0.0,4.86,0.0,4.27,0.0,5.188940288045112,0.07471617364391805,-0.25119006388481935,11.412499999999998,-4.0
2022-04-17,82.0,0.0,5.01,0.0,4.0,0.0,4.410599244838345,0.06317782301889274,-0.2678143051621742,11.2625,-2.0
2022-04-18,89.0,0.0,6.78,0.0,5.9,0.0,3.749009358112593,0.05337022498762122,-0.2843591872810034,15.85,7.0
2022-04-19,88.0,5.1,7.0,7.0,6.38,6.05,9.236657954395703,0.1347207000312737,-0.30081980763566735,16.724999999999998,-1.0
2022-04-20,92.0,4.1,8.88,4.8,8.17,4.449999999999999,12.301159261236347,0.18014974540641576,-0.3171912885891061,21.3125,4.0
2022-04-21,96.0,0.0,10.95,0.0,10.45,0.0,10.455985372050895,0.15279635901701583,-0.3334687789181868,26.75,4.0
2022-04-22,99.0,0.2,9.97,0.3,9.36,0.25,9.13758756624326,0.13325205221289496,-0.3496474552512284,24.162499999999998,3.0
2022-04-23,106.0,8.6,7.53,6.2,6.87,7.4,15.166949431306772,0.22263303995784978,-0.36572252349726897,18.0,7.0
2022-04-24,113.0,3.1,7.71,4.1,7.21,3.5999999999999996,16.491907016610757,0.24227459081265035,-0.3816892202666588,18.65,7.0
2022-04-25,119.0,0.0,8.5,0.0,8.09,0.0,14.018120964119143,0.20560247761231523,-0.39754281428255595,20.7375,6.0
2022-04-26,120.0,0.0,10.59,0.0,10.33,0.0,11.91540281950127,0.17443118139203032,-0.4132786077829042,26.150000000000002,1.0
2022-04-27,119.0,0.0,7.71,0.0,7.77,0.0,10.12809239657608,0.14793557960478815,-0.4288919379124835,19.35,-1.0
2022-04-28,129.0,0.0,5.78,0.0,6.05,0.0,8.608878537089668,0.12541431808563233,-0.4443781781046132,14.7875,10.0
2022-04-29,131.0,0.0,6.3,0.0,6.5,0.0,7.317546756526217,0.10627124579434986,-0.45973273945210397,16.0,2.0
2022-04-30,129.0,0.0,6.86,0.0,6.95,0.0,6.219914743047284,0.08999963434675978,-0.47495107206704995,17.2625,-2.0
2022-05-01,130.0,0.0,8.61,0.0,9.03,0.0,5.286927531590192,0.07616876461630821,-0.49002866642905923,22.05,1.0
2022-05-02,123.0,0.0,8.43,0.0,8.37,0.0,4.493888401851663,0.06441252534542438,-0.5049610547215204,20.999999999999996,-7.0
2022-05-03,125.0,0.1,9.03,0.0,8.8,0.05,3.8698051415739134,0.05516093629054694,-0.5197438121555155,22.287499999999998,2.0
2022-05-04,119.0,0.0,6.17,0.0,5.75,0.0,3.2893343703378264,0.04655587126852729,-0.5343725582809787,14.9,-6.0
2022-05-05,120.0,0.1,10.67,0.0,11.3,0.05,2.8459342147871522,0.03998278032518442,-0.548842958284719,27.4625,1.0
2022-05-06,121.0,11.1,10.77,5.9,10.62,8.5,10.91904408256908,0.15966087401152004,-0.5631507242749186,26.7375,1.0
2022-05-07,118.0,0.3,13.43,0.6,13.12,0.44999999999999996,9.731187470183716,0.14205174725971886,-0.5772916165517272,33.1875,-3.0
2022-05-08,113.0,0.0,11.28,0.0,11.6,0.0,8.271509349656158,0.12041306059232341,-0.5912614448635781,28.599999999999998,-5.0
2022-05-09,112.0,0.0,8.11,0.0,7.38,0.0,7.030782947207734,0.10202017692503729,-0.6050560696488488,19.362499999999997,-1.0
2022-05-10,106.0,0.0,10.23,0.0,10.07,0.0,5.976165505126573,0.0863862258078441,-0.6186714032625031,25.375,-6.0
2022-05-11,100.0,0.2,14.68,0.0,14.67,0.1,5.179740679357587,0.07457979600897752,-0.6321034111873487,36.6875,-6.0
2022-05-12,100.0,10.5,13.09,13.8,13.12,12.15,16.552779577453947,0.2431769830950336,-0.6453481132295501,32.7625,0.0
2022-05-13,97.0,0.0,12.08,0.0,11.76,0.0,14.069862640835854,0.20636951105234097,-0.6584015846980488,29.8,-3.0
2022-05-14,92.0,3.9,10.63,3.2,10.52,3.55,15.509383244710477,0.22770937691759408,-0.6712599575675313,26.4375,-5.0
2022-05-15,91.0,0.1,11.96,0.0,11.79,0.05,13.232975758003906,0.1939632601268912,-0.6839194216246106,29.6875,-1.0
2022-05-16,91.0,0.0,10.95,0.1,10.86,0.05,11.29802939430332,0.16527906085479374,-0.6963762255968722,27.2625,0.0
2022-05-17,86.0,0.5,7.26,0.2,7.07,0.35,9.953324985157822,0.14534477742575388,-0.7086266782644596,17.9125,-5.0
2022-05-18,83.0,0.0,10.4,0.0,9.59,0.0,8.460326237384148,0.12321213623345317,-0.7206671495538609,24.987500000000004,-3.0
2022-05-19,80.0,0.0,13.89,0.0,13.7,0.0,7.191277301776526,0.1043993912199976,-0.7324940716135789,34.4875,-3.0
2022-05-20,81.0,0.1,16.51,0.0,16.32,0.05,6.162585706510047,0.08914977228393418,-0.7441039398713607,41.037499999999994,1.0
2022-05-21,79.0,23.2,11.84,32.6,11.47,27.9,33.13819785053354,0.48904397542150285,-0.7554933140726803,29.137500000000003,-2.0
2022-05-22,75.0,0.6,11.15,2.0,10.21,1.3,29.467468172953506,0.4346280269895593,-0.766658819300159,26.7,-4.0
2022-05-23,74.0,0.0,12.58,0.0,12.24,0.0,25.04734794701048,0.3691028983626878,-0.777597146973627,31.025,-1.0
2022-05-24,77.0,0.0,14.45,0.0,14.88,0.0,21.290245754958907,0.313406539029847,-0.7883050558305255,36.662499999999994,3.0
2022-05-25,73.0,21.1,15.05,21.4,15.52,21.25,39.34670889171507,0.5810807218808095,-0.7987793728863649,38.2125,-4.0
2022-05-26,78.0,3.6,12.78,8.0,12.29,5.8,39.2447025579578,0.5795685507636146,-0.8090169943749473,31.3375,5.0
2022-05-27,81.0,2.8,11.0,4.9,10.9,3.85,37.20799717426413,0.5493758466244195,-0.8190148866680801,27.375,3.0
2022-05-28,76.0,3.7,9.22,14.5,9.16,9.1,40.726797598124506,0.6015395522703558,-0.8287700871745037,22.975,-5.0
2022-05-29,81.0,5.3,11.12,4.1,10.91,4.699999999999999,39.31777795840583,0.5806518414365047,-0.8382797052177743,27.5375,5.0
2022-05-30,80.0,25.1,10.87,17.9,10.53,21.5,54.92011126464495,0.8119453005533377,-0.8475409228928311,26.75,-1.0
2022-05-31,89.0,0.3,12.82,0.0,12.99,0.15,46.83209457494821,0.692046223868021,-0.8565509959010036,32.2625,9.0
2022-06-01,96.0,14.0,12.79,9.1,13.28,11.55,51.35728038870597,0.7591288748707345,-0.865307254363206,32.5875,7.0
2022-06-02,93.0,5.8,11.98,1.8,12.03,3.8,47.45368833040008,0.7012609077900978,-0.8738071036110808,30.012499999999996,-3.0
2022-06-03,99.0,0.0,13.62,0.0,13.38,0.0,40.33563508084006,0.5957408470431454,-0.8820480249558537,33.75,6.0
2022-06-04,101.0,0.8,15.96,0.0,16.16,0.4,34.685289818714054,0.5119785100112266,-0.8900275764346767,40.150000000000006,2.0
2022-06-05,102.0,0.0,15.91,0.0,15.59,0.0,29.482496345906945,0.434850808931105,-0.8977433935342337,39.375,1.0
2022-06-06,104.0,0.0,17.68,0.0,17.53,0.0,25.060121894020902,0.3692922630130016,-0.9051931898913974,44.0125,2.0
2022-06-07,101.0,0.1,19.35,0.0,19.39,0.05,21.351103609917768,0.3143087133079876,-0.9123747579707273,48.425000000000004,-3.0
2022-06-08,95.0,1.8,18.97,10.5,18.38,6.15,24.2984380684301,0.3580008437543328,-0.9192859697186104,46.68749999999999,-6.0
2022-06-09,92.0,1.1,20.75,1.2,20.47,1.15,21.803672358165585,0.32101772209634327,-0.9259247771938498,51.525,-3.0
2022-06-10,91.0,0.0,21.46,1.7,20.49,0.85,19.383121504440748,0.2851347827348093,-0.9322892131745133,52.4375,-1.0
2022-06-11,83.0,0.0,17.19,0.0,16.35,0.0,16.475653278774637,0.2420336407461503,-0.9383773917408641,41.92500000000001,-8.0
2022-06-12,80.0,0.0,18.0,0.0,17.56,0.0,14.004305286958441,0.20539767005579018,-0.9441875088341993,44.45,-3.0
2022-06-13,74.0,26.2,15.49,11.8,15.51,19.0,30.903659493914674,0.4559185386110389,-0.9497178427914316,38.75,-6.0
2022-06-14,70.0,11.1,13.67,8.4,13.35,9.75,36.01811056982747,0.5317366266888421,-0.9549667548552551,33.775,-4.0
2022-06-15,69.0,1.1,15.72,9.3,14.78,5.2,35.81539398435335,0.5287314979459563,-0.9599326896597447,38.125,-1.0
2022-06-16,60.0,5.7,14.55,4.5,14.16,5.1,35.54308488670035,0.5246947098637559,-0.9646141756912435,35.8875,-9.0
2022-06-17,62.0,0.0,16.37,0.0,16.05,0.0,30.211622153695295,0.4456595788057548,-0.9690098257244062,40.525000000000006,2.0
2022-06-18,57.0,0.1,17.37,0.1,17.41,0.1,25.779878830641003,0.3799621460572017,-0.9731183372332619,43.475,-5.0
2022-06-19,54.0,0.1,19.69,0.0,20.26,0.05,21.96289700604485,0.3233781138955576,-0.9769384927771817,49.9375,-3.0
2022-06-20,53.0,3.1,14.79,2.4,14.69,2.75,21.418462455138123,0.3153072601283469,-0.980469160361632,36.849999999999994,-1.0
2022-06-21,55.0,45.5,12.98,53.3,12.31,49.4,67.6056930868674,1.0,-0.9837092937736097,31.612499999999997,2.0
2022-06-22,77.0,0.0,16.64,0.0,16.29,0.0,57.464839123837294,0.8496690754215624,-0.986657932891657,41.1625,22.0
2022-06-23,68.0,0.0,18.07,0.0,17.7,0.0,48.8451132552617,0.7218877895298905,-0.9893142039703663,44.71249999999999,-9.0
2022-06-24,66.0,0.0,20.17,0.0,20.35,0.0,41.51834626697244,0.6132736965219693,-0.99167731989929,50.650000000000006,-2.0
2022-06-25,63.0,0.0,22.41,0.0,22.38,0.0,35.29059432692657,0.5209517174652363,-0.993746580436178,55.9875,-3.0
2022-06-26,59.0,0.0,23.65,0.0,23.74,0.0,29.997005177887587,0.4424780352670132,-0.9955213724144752,59.2375,-4.0
2022-06-27,54.0,0.0,24.39,0.0,24.45,0.0,25.497454401204447,0.37577540539852355,-0.9970011699250151,61.050000000000004,-5.0
2022-06-28,56.0,10.8,23.31,6.0,24.03,8.4,30.07283624102378,0.44360217667311064,-0.9981855344718586,59.175000000000004,2.0
2022-06-29,48.0,0.0,23.55,0.0,23.27,0.0,25.561910804870212,0.3767309255937064,-0.99907411510223,58.525,-8.0
2022-06-30,45.0,0.0,24.4,0.0,24.89,0.0,21.727624184139678,0.3198903621762128,-0.9996666485105112,61.6125,-3.0
2022-07-01,45.0,0.0,25.0,0.0,25.47,0.0,18.468480556518728,0.2715758832713433,-0.9999629591162655,63.0875,0.0
2022-07-02,40.0,1.1,22.28,2.7,21.83,1.9000000000000001,17.598208473040916,0.25867472056640967,-0.9999629591162655,55.1375,-5.0
2022-07-03,33.0,0.0,19.95,0.6,19.14,0.3,15.258477202084778,0.2239898738552536,-0.9996666485105112,48.862500000000004,-7.0
2022-07-04,33.0,0.0,22.3,0.0,21.31,0.0,12.96970562177206,0.19006046819852793,-0.99907411510223,54.5125,0.0
2022-07-05,38.0,0.1,20.25,0.0,19.66,0.05,11.074249778506251,0.16196168771568498,-0.9981855344718586,49.887499999999996,5.0
2022-07-06,33.0,23.8,15.34,25.6,15.1,24.700000000000003,34.11311231173032,0.5034963867145661,-0.9970011699250151,38.05,-5.0
2022-07-07,35.0,0.2,16.18,0.0,15.57,0.1,29.09614546497077,0.42912343277969117,-0.9955213724144752,39.6875,2.0
2022-07-08,44.0,12.8,17.2,0.3,17.55,6.550000000000001,31.281723645225156,0.46152306990827147,-0.9937465804361781,43.4375,9.0
2022-07-09,45.0,0.0,16.56,0.0,16.46,0.0,26.589465098441384,0.3919636848435932,-0.99167731989929,41.27499999999999,1.0
2022-07-10,49.0,0.0,16.29,0.0,15.65,0.0,22.601045333675174,0.33283820753861654,-0.9893142039703664,39.925,4.0
2022-07-11,51.0,1.3,16.65,0.8,15.7,1.05,20.2608885336239,0.29814705266223684,-0.9866579328916572,40.43749999999999,2.0
2022-07-12,53.0,33.0,16.12,28.7,15.82,30.85,48.071755253580314,0.7104233089401161,-0.9837092937736098,39.925000000000004,2.0
2022-07-13,53.0,0.4,17.85,0.9,17.42,0.65,41.51099196554326,0.6131646742505208,-0.9804691603616321,44.087500000000006,0.0
2022-07-14,62.0,0.0,17.77,0.0,17.3,0.0,35.28434317071177,0.520859048534505,-0.9769384927771817,43.8375,9.0
2022-07-15,67.0,1.6,15.15,2.3,14.48,1.95,31.941691695105003,0.4713066253654709,-0.973118337233262,37.0375,5.0
2022-07-16,69.0,3.1,14.8,0.5,15.22,1.8,28.950437940839254,0.42696342269567056,-0.9690098257244063,37.525000000000006,2.0
2022-07-17,74.0,1.6,15.2,1.0,14.85,1.3,25.907872249713368,0.3818595571726019,-0.9646141756912435,37.5625,5.0
2022-07-18,75.0,0.7,15.24,0.7,14.84,0.7,22.721691412256362,0.3346266995735076,-0.9599326896597445,37.599999999999994,1.0
2022-07-19,71.0,0.0,19.61,0.0,19.22,0.0,19.313437700417907,0.28410177005904386,-0.9549667548552553,48.537499999999994,-4.0
2022-07-20,72.0,0.0,19.0,0.0,18.64,0.0,16.41642204535522,0.24115557997174963,-0.9497178427914317,47.05,1.0
2022-07-21,63.0,0.0,21.67,0.0,20.87,0.0,13.953958738551936,0.2046513183975496,-0.9441875088341994,53.17500000000001,-9.0
2022-07-22,62.0,0.0,23.32,0.0,23.73,0.0,11.860864927769146,0.17362269605947958,-0.9383773917408642,58.8125,-1.0
2022-07-23,59.0,0.0,21.86,0.0,21.36,0.0,10.081735188603774,0.14724836707212002,-0.9322892131745134,54.025,-3.0
2022-07-24,55.0,12.4,17.98,5.8,17.88,9.1,17.669474910313205,0.25973119465090116,-0.9259247771938499,44.825,-4.0
2022-07-25,50.0,0.0,18.5,0.0,18.37,0.0,15.019053673766225,0.22044059087482842,-0.9192859697186105,46.087500000000006,-5.0
2022-07-26,42.0,0.9,20.4,1.5,20.71,1.2,13.96619562270129,0.20483272147413845,-0.9123747579707274,51.3875,-8.0
2022-07-27,44.0,4.8,17.57,6.7,16.9,5.75,17.621266279296094,0.2590165360925703,-0.9051931898913975,43.0875,2.0
2022-07-28,45.0,0.7,16.5,0.0,15.92,0.35,15.32807633740168,0.22502163137786396,-0.8977433935342336,40.525000000000006,1.0
2022-07-29,37.0,0.0,16.37,0.0,15.83,0.0,13.028864886791427,0.19093746209274676,-0.8900275764346766,40.25,-8.0
2022-07-30,35.0,0.0,17.9,0.0,17.96,0.0,11.074535153772713,0.16196591820039713,-0.8820480249558535,44.825,-2.0
2022-07-31,37.0,20.8,16.72,16.3,17.01,18.55,27.963354880706806,0.4123306206055904,-0.8738071036110807,42.16250000000001,2.0
2022-08-01,40.0,2.6,17.55,2.4,17.24,2.5,26.268851648600783,0.3872108192050056,-0.8653072543632061,43.4875,3.0
2022-08-02,48.0,0.0,18.15,0.0,17.72,0.0,22.328523901310664,0.32879827174581716,-0.8565509959010037,44.8375,8.0
2022-08-03,45.0,0.0,18.34,0.0,18.57,0.0,18.979245316114064,0.27914760640550695,-0.8475409228928312,46.137499999999996,-3.0
2022-08-04,44.0,0.0,19.95,0.0,20.18,0.0,16.132358518696954,0.23694454086624334,-0.8382797052177745,50.162499999999994,-1.0
2022-08-05,42.0,0.0,22.48,0.0,22.55,0.0,13.71250474089241,0.2010719351578692,-0.828770087174504,56.2875,-2.0
2022-08-06,37.0,3.4,17.5,1.4,17.53,2.4,14.055629029758549,0.206158507923695,-0.8190148866680802,43.7875,-5.0
2022-08-07,39.0,0.0,16.32,0.0,16.3,0.0,11.947284675294766,0.17490380715670314,-0.8090169943749472,40.775000000000006,2.0
2022-08-08,36.0,0.0,16.89,0.0,16.01,0.0,10.15519197400055,0.14833731150476004,-0.7987793728863648,41.12500000000001,-3.0
2022-08-09,34.0,0.1,17.82,5.7,16.55,2.9,11.531913177900467,0.1687462210722905,-0.7883050558305253,42.962500000000006,-2.0
2022-08-10,30.0,0.0,18.37,0.0,17.31,0.0,9.802126201215398,0.14310336333300933,-0.7775971469736268,44.6,-4.0
2022-08-11,30.0,0.0,19.04,0.0,18.53,0.0,8.331807271033087,0.1213069342546203,-0.7666588193001592,46.9625,0.0
2022-08-12,27.0,0.0,20.54,0.0,20.53,0.0,7.0820361803781235,0.10277996953798965,-0.7554933140726804,51.3375,-3.0
2022-08-13,23.0,0.0,21.31,0.0,21.52,0.0,6.019730753321405,0.0870320495288536,-0.7441039398713608,53.537499999999994,-4.0
2022-08-14,22.0,0.0,22.48,0.0,23.27,0.0,5.116771140323194,0.07364631752108795,-0.7324940716135792,57.1875,-1.0
2022-08-15,21.0,0.0,24.29,0.0,24.99,0.0,4.3492554692747145,0.06226844531448714,-0.7206671495538615,61.6,-1.0
2022-08-16,18.0,0.3,24.5,0.2,25.07,0.25,3.9468671488835074,0.05630332556574561,-0.7086266782644601,61.9625,-3.0
2022-08-17,13.0,0.1,23.46,0.1,23.62,0.1,3.4548370765509815,0.04900933080319383,-0.6963762255968726,58.849999999999994,-5.0
2022-08-18,13.0,0.0,24.21,0.0,24.52,0.0,2.9366115150683343,0.04132700660427715,-0.6839194216246105,60.91250000000001,0.0
2022-08-19,14.0,0.0,24.94,0.0,25.4,0.0,2.4961197878080843,0.034797031035197976,-0.6712599575675315,62.925000000000004,1.0
2022-08-20,11.0,0.0,21.72,0.0,22.05,0.0,2.1217018196368715,0.029246551801480666,-0.6584015846980489,54.71249999999999,-3.0
2022-08-21,8.0,0.0,20.57,0.0,20.76,0.0,1.8034465466913407,0.02452864445282096,-0.64534811322955,51.662499999999994,-3.0
2022-08-22,7.0,0.0,21.84,0.0,22.04,0.0,1.5329295646876395,0.02051842320646021,-0.6321034111873488,54.849999999999994,-1.0
2022-08-23,3.0,0.0,23.72,0.0,24.49,0.0,1.3029901299844935,0.01710973514705357,-0.6186714032625032,60.26249999999999,-4.0
2022-08-24,3.0,0.0,23.83,0.0,24.19,0.0,1.1075416104868194,0.01421235029655793,-0.6050560696488494,60.02499999999999,0.0
2022-08-25,4.0,2.8,23.96,3.0,23.75,2.9,3.841410368913796,0.054740004045318695,-0.5912614448635782,59.6375,1.0
2022-08-26,7.0,11.6,21.49,23.4,21.1,17.5,20.765198813576728,0.3056230927409233,-0.5772916165517278,53.237500000000004,3.0
2022-08-27,3.0,0.0,22.26,0.0,22.23,0.0,17.650418991540217,0.2594487042513472,-0.5631507242749187,55.612500000000004,-4.0
2022-08-28,2.0,0.0,21.44,0.0,21.41,0.0,15.002856142809184,0.22020047403520754,-0.5488429582847199,53.5625,-1.0
2022-08-29,1.0,0.2,19.37,1.8,18.6,1.0,13.752427721387807,0.20166376485896537,-0.5343725582809785,47.4625,-1.0
2022-08-30,2.0,0.3,18.28,0.9,17.87,0.6,12.289563563179636,0.1799778474561689,-0.5197438121555157,45.18750000000001,1.0
2022-08-31,1.0,0.1,14.14,0.0,13.93,0.05,10.49612902870269,0.1533914600846798,-0.5049610547215202,35.0875,-1.0
2022-09-01,0.0,0.0,12.37,0.0,11.64,0.0,8.921709674397286,0.13005181649354022,-0.4900286664290594,30.012499999999996,-1.0
2022-09-02,0.0,0.0,11.59,0.0,11.01,0.0,7.583453223237693,0.11021311944107157,-0.4749510720670502,28.25,0.0
2022-09-03,0.0,0.0,11.52,0.0,11.36,0.0,6.445935239752039,0.09335022694647323,-0.4597327394521046,28.599999999999998,0.0
2022-09-04,0.0,0.0,10.88,0.0,10.65,0.0,5.479044953789233,0.07901676832606465,-0.44437817810461344,26.9125,0.0
2022-09-05,0.0,0.1,10.65,0.0,9.7,0.05,4.707188210720848,0.06757454282409117,-0.4288919379124841,25.4375,0.0
2022-09-06,0.0,0.0,10.21,0.0,9.59,0.0,4.001109979112721,0.05710743682203989,-0.41327860778290443,24.75,0.0
2022-09-07,0.0,0.1,12.22,0.0,11.23,0.05,3.4509434822458127,0.048951611045670126,-0.3975428142825566,29.312500000000004,0.0
2022-09-08,0.0,0.0,12.9,0.0,12.15,0.0,2.933301959908941,0.041277944810382,-0.3816892202666586,31.3125,0.0
2022-09-09,0.0,0.0,11.69,0.0,11.5,0.0,2.4933066659225998,0.034755328510387096,-0.3657225234972692,28.987499999999997,0.0
2022-09-10,0.0,0.0,11.67,0.0,11.52,0.0,2.1193106660342096,0.029211104655391423,-0.34964745525122826,28.987499999999997,0.0
2022-09-11,0.0,7.4,9.95,10.9,9.51,9.15,10.951414066129079,0.16014073592205577,-0.33346877891818705,24.325000000000003,0.0
2022-09-12,0.0,0.0,11.27,0.1,10.98,0.05,9.358701956209718,0.13652991528068364,-0.31719128858910595,27.8125,0.0
2022-09-13,1.0,0.2,12.2,0.6,11.95,0.4,8.354896662778259,0.12164921801313411,-0.300819807635668,30.1875,1.0
2022-09-14,2.0,2.0,13.98,1.4,14.0,1.7,8.80166216336152,0.12827219779543655,-0.2843591872810036,34.975,1.0
2022-09-15,1.0,0.9,14.23,1.8,13.85,1.35,8.831412838857291,0.12871323033277685,-0.26781430516217486,35.099999999999994,-1.0
2022-09-16,1.0,0.1,12.17,0.0,12.27,0.05,7.556700913028697,0.10981653552979653,-0.25119006388481957,30.549999999999997,0.0
2022-09-17,5.0,3.4,11.49,3.8,11.75,3.5999999999999996,10.023195776074392,0.1463805620488051,-0.23449138957041052,29.050000000000004,4.0
2022-09-18,6.0,0.0,9.72,0.0,9.61,0.0,8.519716409663232,0.12409255316304671,-0.21772323039653224,24.162499999999998,1.0
2022-09-19,6.0,1.0,11.65,2.0,11.5,1.5,8.741758948213747,0.12738417537136695,-0.20089055513063528,28.9375,0.0
2022-09-20,6.0,0.1,11.94,4.9,11.26,2.5,9.930495105981684,0.14500634075591573,-0.18399835165767986,29.0,0.0
2022-09-21,6.0,0.0,11.23,0.4,10.5,0.2,8.64092084008443,0.12588932236558606,-0.1670516255021195,27.1625,0.0
2022-09-22,11.0,2.6,9.19,0.3,8.72,1.45,8.794782714071765,0.12817021486815158,-0.15005539834465262,22.3875,5.0
2022-09-23,3.0,0.5,8.83,0.0,8.04,0.25,7.725565306961,0.11231982968636037,-0.13301470653419636,21.0875,-8.0
2022-09-24,6.0,0.0,9.21,0.0,8.87,0.0,6.56673051091685,0.0951409306549687,-0.11593459959550066,22.599999999999998,3.0
2022-09-25,9.0,0.0,9.7,0.0,9.4,0.0,5.581720934279322,0.08053886647828579,-0.09882013873287211,23.875,3.0
2022-09-26,8.0,0.0,11.14,0.0,11.05,0.0,4.744462794137424,0.06812711192810532,-0.08167639533042288,27.7375,-1.0
2022-09-27,7.0,0.0,10.85,0.0,11.28,0.0,4.03279337501681,0.057577120560451917,-0.06450844944931625,27.662499999999998,-1.0
2022-09-28,7.0,10.7,10.11,6.4,10.33,8.55,11.97787436876429,0.17535727753687125,-0.04732138832243232,25.549999999999997,0.0
2022-09-29,10.0,0.2,9.76,1.0,9.14,0.6,10.781193213449646,0.15761733323238888,-0.03012030484690836,23.625,3.0
2022-09-30,14.0,0.0,8.11,0.0,7.33,0.0,9.164014231432198,0.13364380866909295,-0.012910296075008843,19.3,4.0
2022-10-01,12.0,5.3,9.18,5.9,8.8,5.6,13.389412096717368,0.19628231723216022,0.004303538296243821,22.475,-2.0
2022-10-02,12.0,1.4,8.38,1.1,8.55,1.25,12.631000282209763,0.1850394032032443,0.021516097436222233,21.1625,0.0
2022-10-03,17.0,6.5,8.89,10.6,8.44,8.55,19.2863502398783,0.2837002177832447,0.03872228089217399,21.662499999999998,5.0
2022-10-04,20.0,0.0,11.32,0.0,10.85,0.0,16.393397703896554,0.2408142605373204,0.05591699010060302,27.712500000000002,3.0
2022-10-05,14.0,0.0,11.61,0.0,11.68,0.0,13.934388048312071,0.20436119687828477,0.07309512989807776,29.112499999999997,-6.0
2022-10-06,27.0,0.0,12.11,0.0,11.73,0.0,11.84422984106526,0.17337609276810445,0.0902516100310407,29.8,13.0
2022-10-07,22.0,0.0,10.6,0.0,10.4,0.0,10.067595364905472,0.14703875427445118,0.10738134666416306,26.25,-5.0
2022-10-08,24.0,1.4,13.21,3.0,12.97,2.2,10.757456060169652,0.15726544687129437,0.12447926388678869,32.725,2.0
2022-10-09,33.0,0.1,9.91,1.1,9.53,0.6000000000000001,9.743837651144203,0.14223927716664853,0.141540295217043,24.299999999999997,9.0
2022-10-10,31.0,0.0,7.4,0.0,7.28,0.0,8.282262003472573,0.12057246101321366,0.15855938510313475,18.35,-2.0
2022-10-11,30.0,0.6,8.81,0.4,8.53,0.5,7.539922702951687,0.10956781053653229,0.17553149042142777,21.675,-1.0
2022-10-12,36.0,0.3,7.53,0.1,7.74,0.2,6.608934297508934,0.09576657167911015,0.19245158197082995,19.0875,6.0
2022-10-13,28.0,0.3,7.73,0.0,7.57,0.15,5.767594152882594,0.08329430432492752,0.20931464596304888,19.125,-8.0
2022-10-14,30.0,0.0,8.47,0.0,8.93,0.0,4.902455029950205,0.07046923409775079,0.22611568550828803,21.75,2.0
2022-10-15,34.0,0.0,10.41,0.0,10.16,0.0,4.167086775457674,0.059567924404650564,0.2428497220959358,25.7125,4.0
2022-10-16,26.0,0.2,14.3,0.1,14.1,0.15000000000000002,3.692023759139023,0.05252545414163686,0.25951179706979943,35.5,-8.0
2022-10-17,26.0,0.0,13.7,0.0,14.36,0.0,3.1382201952681696,0.044315711441953724,0.27609697309746883,35.074999999999996,0.0
2022-10-18,28.0,0.0,14.17,0.0,13.83,0.0,2.667487165977944,0.037337430147223065,0.2926003356333479,35.0,2.0
2022-10-19,24.0,1.1,7.4,3.7,6.89,2.4000000000000004,4.667364091081253,0.06698417866464577,0.30901699437494723,17.862499999999997,-4.0
2022-10-20,27.0,0.0,5.43,0.0,5.11,0.0,3.9672594774190646,0.056605627286511306,0.3253420847119795,13.174999999999999,3.0
2022-10-21,26.0,0.0,7.82,0.0,7.45,0.0,3.3721705558062047,0.047783858615097,0.341570769167856,19.0875,-1.0
2022-10-22,29.0,0.3,7.77,0.2,7.36,0.25,3.116344972435274,0.043991426871263985,0.35769823883312546,18.912499999999998,3.0
2022-10-23,26.0,0.7,10.84,1.2,10.7,0.95,3.5988932265699827,0.05114486044423953,0.3737197147904692,26.924999999999997,-3.0
2022-10-24,31.0,0.1,11.42,0.1,11.2,0.1,3.1590592425844854,0.04462463544991365,0.38963044953078774,28.275,5.0
2022-10-25,30.0,11.2,11.96,4.5,11.88,7.85,10.535200356196812,0.1539706646376801,0.4054257283599973,29.800000000000004,-1.0
2022-10-26,33.0,2.4,11.4,1.7,11.29,2.05,11.004920302767289,0.16093392770391743,0.42110087079608916,28.362499999999997,3.0
2022-10-27,29.0,0.0,11.55,0.0,11.21,0.0,9.354182257352194,0.1364629139698922,0.4366512319560638,28.450000000000003,-4.0
2022-10-28,29.0,0.1,12.34,0.0,11.97,0.05,8.001054918749364,0.11640376662134458,0.45207220393230374,30.387500000000003,0.0
2022-10-29,36.0,0.0,13.29,0.0,13.07,0.0,6.80089668093696,0.0986122770497053,0.46735921715800205,32.95,7.0
2022-10-30,34.0,0.0,11.18,0.0,10.87,0.0,5.780762178796416,0.08348951091381189,0.48250774176121763,27.562499999999996,-2.0
2022-10-31,32.0,0.0,4.18,0.0,4.23,0.0,4.913647851976954,0.07063515969830252,0.4975132889071803,10.5125,-2.0
2022-11-01,37.0,0.0,6.9,0.0,6.83,0.0,4.176600674180411,0.05970896116511953,0.5123714121284235,17.1625,5.0
2022-11-02,37.0,2.3,9.1,3.1,9.38,2.7,6.250110573053349,0.09044726598210075,0.5270777086423724,23.1,0.0
2022-11-03,36.0,0.0,9.15,0.0,9.08,0.0,5.3125939870953465,0.07654925150634802,0.5416278206559811,22.7875,-1.0
2022-11-04,34.0,0.0,6.23,0.0,6.45,0.0,4.515704889031045,0.06473593920195822,0.5560174366570446,15.85,-2.0
2022-11-05,34.0,8.6,7.17,7.7,6.92,8.15,11.988349155676389,0.17551255877916097,0.5702422926917867,17.6125,0.0
2022-11-06,35.0,1.8,6.28,2.0,6.25,1.9,12.090096782324931,0.1770208947480547,0.5842981736283683,15.662500000000001,1.0
2022-11-07,37.0,0.0,6.86,0.0,6.58,0.0,10.276582264976192,0.1501368359574089,0.5981809144059159,16.8,2.0
2022-11-08,35.0,0.0,9.62,0.1,9.38,0.05,8.785094925229764,0.12802660031073382,0.6118864012687242,23.75,-2.0
2022-11-09,35.0,0.4,8.75,0.0,8.3,0.2,7.6673306864452995,0.11145654298718145,0.6254105729852457,21.3125,0.0
2022-11-10,35.0,6.2,9.29,9.3,8.93,7.75,14.267231083478505,0.20929535739361008,0.6387494220515268,22.775,0.0
2022-11-11,36.0,1.4,9.24,0.3,8.91,0.85,12.977146420956728,0.19017077273748603,0.6518989958787125,22.6875,1.0
2022-11-12,39.0,0.5,11.83,0.4,11.35,0.45,11.480574457813217,0.16798516117678997,0.6648553979642867,28.975,3.0
2022-11-13,36.0,0.0,9.57,0.4,9.41,0.2,9.958488289141235,0.14542131972332917,0.6776147890466887,23.725,-3.0
2022-11-14,38.0,0.0,3.5,0.0,3.34,0.0,8.464715045770049,0.12327719718639218,0.690173388242972,8.55,2.0
2022-11-15,38.0,1.1,5.2,1.6,4.85,1.35,8.545007788904542,0.12446747981508913,0.7025274741691566,12.5625,0.0
2022-11-16,37.0,0.8,1.76,0.2,1.55,0.5,7.7632566205688605,0.11287857651812644,0.7146733860429608,4.1375,-1.0
2022-11-17,34.0,0.2,-1.17,0.7,-1.7,0.44999999999999996,7.048768127483531,0.10228679439033433,0.726607524768565,0.0,-3.0
2022-11-18,34.0,0.3,-2.19,3.0,-3.16,1.65,7.641452908361002,0.11107292339068292,0.7383263540031063,0.0,0.0
2022-11-19,34.0,0.2,-4.72,0.2,-5.65,0.2,6.695234972106851,0.09704591760513818,0.749826401204568,0.0,0.0
2022-11-20,30.0,0.0,-4.94,0.0,-5.4,0.0,5.690949726290824,0.08215810538592987,0.7611042586607742,0.0,-4.0
2022-11-21,31.0,0.0,-1.3,0.0,-1.59,0.0,4.8373072673472,0.06950346499960278,0.7721565844991641,0.0,1.0
2022-11-22,35.0,0.0,-1.62,0.0,-1.87,0.0,4.1117111772451205,0.05874702067122476,0.7829801036770625,0.0,4.0
2022-11-23,29.0,0.0,-3.89,0.0,-4.09,0.0,3.4949545006583524,0.04960404299210344,0.7935716089521472,0.0,-6.0
2022-11-24,31.0,1.5,-2.07,0.9,-2.31,1.2,4.1707113255596,0.05962165577382221,0.8039279618328208,0.0,2.0
2022-11-25,32.0,0.1,-0.86,0.2,-1.25,0.15000000000000002,3.6951046267256595,0.05257112580543276,0.8140460935082175,0.0,1.0
2022-11-26,34.0,2.3,-0.55,2.3,-0.73,2.3,5.44083893271681,0.07845039132337635,0.8239230057575536,0.0,2.0
2022-11-27,36.0,0.7,-0.17,0.3,-0.38,0.5,5.124713092809288,0.07376405130017058,0.8335557718385695,0.0,2.0
2022-11-28,30.0,1.5,-0.35,1.4,-0.34,1.45,5.806006128887895,0.08386373446254841,0.8429415373547832,0.0,-6.0
2022-11-29,23.0,0.0,0.24,0.0,0.15,0.0,4.9351052095547105,0.07095324971472855,0.8520775211013093,0.48750000000000004,-7.0
2022-11-30,19.0,0.0,0.34,0.0,0.18,0.0,4.194839428121504,0.05997933767908165,0.8609610158889945,0.65,-4.0
2022-12-01,18.0,0.0,-2.11,0.0,-2.45,0.0,3.565613513903278,0.0506515124487818,0.8695893893466109,0.0,-1.0
2022-12-02,25.0,0.0,-5.0,0.0,-5.39,0.0,3.030771486817786,0.04272286100302693,0.8779600847008883,0.0,7.0
2022-12-03,45.0,0.2,-4.69,1.0,-4.69,0.6,3.1761557637951183,0.04487807917862122,0.8860706215341377,0.0,20.0
2022-12-04,34.0,0.0,-0.65,0.0,-1.02,0.0,2.6997323992258506,0.037815442723390436,0.893918596519257,0.0,-11.0
2022-12-05,34.0,0.0,-2.83,0.0,-3.15,0.0,2.294772539341973,0.031812201736444265,0.9015016841318838,0.0,0.0
2022-12-06,31.0,0.8,-1.86,1.2,-2.24,1.0,2.950556658440677,0.04153373340501659,0.9088176373395028,0.0,-3.0
2022-12-07,22.0,5.2,-0.19,5.1,-0.49,5.15,7.657973159674576,0.11131782432933086,0.9158642882672868,0.0,-9.0
2022-12-08,18.0,2.5,0.23,0.8,-0.12,1.65,8.15927718572339,0.11874929883882998,0.9226395488404875,0.1375,-4.0
2022-12-09,13.0,1.7,0.09,3.7,-0.04,2.7,9.635385607864881,0.14063155300475463,0.9291414114031743,0.06249999999999999,-5.0
2022-12-10,13.0,0.0,-2.04,0.0,-1.68,0.0,8.19007776668515,0.11920589547560384,0.935367949313148,0.0,0.0
2022-12-11,19.0,11.8,-3.72,13.5,-3.81,12.65,19.611566101682378,0.2885213108954043,0.941317317512847,0.0,6.0
2022-12-12,19.0,2.1,-3.99,0.9,-4.25,1.5,18.16983118643002,0.2671486194438709,0.946987753076075,0.0,0.0
2022-12-13,29.0,3.4,-2.36,5.0,-2.19,4.2,19.644356508465517,0.28900740528025426,0.9523775757303973,0.0,10.0
2022-12-14,12.0,0.0,-6.45,0.0,-6.4,0.0,16.69770303219569,0.24532536990977852,0.9574851883550389,0.0,-17.0
2022-12-15,11.0,0.0,-8.05,0.1,-7.68,0.05,14.243047577366337,0.208936854170248,0.9623090774541487,0.0,-1.0
2022-12-16,21.0,0.0,-5.24,0.0,-5.4,0.0,12.106590440761385,0.17726540146627318,0.9668478136052773,0.0,10.0
2022-12-17,29.0,0.0,-8.13,0.0,-8.35,0.0,10.290601874647177,0.1503446666678946,0.9711000518829505,0.0,8.0
2022-12-18,50.0,0.0,-8.53,0.0,-8.58,0.0,8.7470115934501,0.12746204208927278,0.9750645322571945,0.0,21.0
2022-12-19,136.0,0.0,-8.28,0.0,-8.51,0.0,7.434959854432585,0.10801181119744427,0.9787400799669153,0.0,86.0
2022-12-20,145.0,2.9,-0.38,2.7,-0.6,2.8,9.119715876267698,0.13298711716032444,0.9821256058680006,0.0,9.0
2022-12-21,209.0,3.0,1.79,3.4,1.6,3.2,10.951758494827544,0.16014584183176322,0.9852201067560606,4.2375,64.0
2022-12-22,273.0,5.3,2.16,3.2,2.01,4.25,13.558994720603412,0.19879625863533656,0.9880226656636976,5.2125,64.0
2022-12-23,254.0,3.2,3.0,5.0,2.95,4.1,15.6251455125129,0.2294254699422524,0.9905324521322227,7.4375,-19.0
2022-12-24,254.0,0.0,-0.08,0.4,0.02,0.2,13.481373685635964,0.19764558217397224,0.9927487224577402,0.0,0.0
2022-12-25,266.0,0.0,-2.2,0.0,-2.03,0.0,11.45916763279057,0.1676678202694388,0.9946708199115211,0.0,12.0
2022-12-26,236.0,4.3,-0.62,6.8,-0.54,5.55,15.290292487871984,0.22446151276708037,0.9962981749346077,0.0,-30.0
2022-12-27,193.0,0.8,2.87,0.4,2.76,0.6000000000000001,13.596748614691185,0.19935593317806663,0.9976303053065857,7.0375,-43.0
2022-12-28,144.0,2.5,1.75,1.4,1.36,1.95,13.507236322487506,0.19802897731249833,0.9986668162884759,3.8875,-49.0
2022-12-29,106.0,4.0,3.75,4.8,3.48,4.4,15.88115087411438,0.23322056677008293,0.9994074007397048,9.037500000000001,-38.0
2022-12-30,83.0,1.4,4.55,1.5,4.58,1.45,14.948978242997223,0.21940177261197388,0.9998518392091162,11.412499999999998,-23.0
2022-12-31,92.0,2.7,5.51,2.1,5.49,2.4000000000000004,15.10663150654764,0.221738869759684,1.0,13.75,9.0
2023-01-01,102.0,2.1,11.59,0.1,11.94,1.1,13.940636780565493,0.204453829875518,0.9998518392091162,29.4125,10.0
2023-01-02,108.0,3.6,7.31,4.7,7.88,4.15,15.999541263480669,0.23497561982178047,0.9994074007397048,18.9875,6.0
2023-01-03,138.0,1.5,5.43,0.5,5.47,1.0,14.59961007395857,0.21422263877755238,0.998666816288476,13.624999999999998,30.0
2023-01-04,140.0,6.8,1.44,3.9,1.27,5.35,17.759668562864782,0.26106825119748156,0.9976303053065857,3.3875,2.0
2023-01-05,129.0,11.6,2.35,11.1,2.97,11.35,26.445718278435066,0.3898327407992809,0.9962981749346078,6.65,-11.0
2023-01-06,123.0,0.0,-10.06,0.0,-9.88,0.0,22.478860536669806,0.3310269051009511,0.9946708199115211,0.0,-6.0
2023-01-07,127.0,1.3,-7.72,1.2,-7.84,1.25,20.357031456169334,0.29957230289171655,0.9927487224577402,0.0,4.0
2023-01-08,128.0,0.0,-2.4,0.0,-2.79,0.0,17.303476737743935,0.25430553287952146,0.9905324521322229,0.0,1.0
2023-01-09,131.0,3.6,-0.21,1.9,-0.49,2.75,17.457955227082344,0.2565955662647162,0.9880226656636976,0.0,3.0
2023-01-10,124.0,3.1,1.75,4.1,1.65,3.5999999999999996,18.439261943019993,0.27114273817348683,0.9852201067560606,4.25,-7.0
2023-01-11,122.0,0.0,0.61,0.0,0.2,0.0,15.673372651566993,0.2301404028690262,0.9821256058680006,1.0125000000000002,-2.0
2023-01-12,120.0,0.1,3.46,0.2,3.06,0.15000000000000002,13.472366753831944,0.19751206083635617,0.9787400799669153,8.149999999999999,-2.0
2023-01-13,122.0,5.3,5.03,3.9,4.55,4.6,16.05151174075715,0.23574604506685734,0.9750645322571948,11.975,2.0
2023-01-14,131.0,0.5,5.7,0.3,5.49,0.4,14.043784979643577,0.20598292833138176,0.9711000518829505,13.9875,9.0
2023-01-15,125.0,7.2,4.45,5.1,4.06,6.15,18.087217232697043,0.2659239265242178,0.9668478136052775,10.6375,-6.0
2023-01-16,133.0,0.0,3.75,0.0,3.52,0.0,15.374134647792486,0.22570441296714758,0.9623090774541486,9.087499999999999,8.0
2023-01-17,133.0,1.8,2.99,1.8,2.68,1.8,14.868014450623614,0.21820154215709567,0.9574851883550393,7.0875,0.0
2023-01-18,139.0,9.4,2.48,8.5,2.63,8.95,21.58781228303007,0.317817750497009,0.9523775757303974,6.387499999999999,6.0
2023-01-19,147.0,3.0,1.8,3.0,1.74,3.0,21.34964044057556,0.3142870228664498,0.9469877530760753,4.425,8.0
2023-01-20,156.0,4.3,0.29,2.9,0.19,3.5999999999999996,21.747194374489226,0.3201804762849604,0.9413173175128471,0.6,9.0
2023-01-21,165.0,2.5,0.71,1.6,0.76,2.05,20.53511521831584,0.3022122676041057,0.9353679493131483,1.8375,9.0
2023-01-22,167.0,0.0,0.36,0.0,0.12,0.0,17.454847935568466,0.25654950288505224,0.9291414114031743,0.6,2.0
2023-01-23,175.0,0.0,-0.29,0.0,-0.5,0.0,14.836620745233196,0.2177361528738568,0.9226395488404876,0.0,8.0
2023-01-24,175.0,0.0,-1.52,0.0,-1.71,0.0,12.611127633448216,0.18474480536434068,0.9158642882672872,0.0,0.0
2023-01-25,176.0,0.0,-0.88,0.0,-1.24,0.0,10.719458488430984,0.15670215998125198,0.9088176373395029,0.0,1.0
2023-01-26,177.0,0.6,-0.3,3.6,-0.65,2.1,11.211539715166335,0.16399691307132735,0.901501684131884,0.0,1.0
2023-01-27,177.0,1.1,-0.06,0.6,-0.35,0.8500000000000001,10.379808757891384,0.15166709506354573,0.893918596519257,0.0,0.0
2023-01-28,172.0,0.0,-0.98,0.0,-1.44,0.0,8.822837444207677,0.12858610622557626,0.886070621534138,0.0,-5.0
2023-01-29,169.0,0.9,-0.37,0.4,-0.67,0.65,8.149411827576525,0.118603051943162,0.8779600847008882,0.0,-3.0
2023-01-30,168.0,4.3,0.96,1.2,0.86,2.75,9.677000053440047,0.14124845746881068,0.869589389346611,2.275,-1.0
2023-01-31,167.0,0.8,1.85,0.4,1.62,0.6000000000000001,8.82545004542404,0.1286248361745374,0.8609610158889943,4.3375,-1.0
2023-02-01,165.0,10.9,1.16,6.0,1.13,8.45,15.951632538610433,0.23426540715809624,0.8520775211013093,2.8625,-2.0
2023-02-02,165.0,1.4,1.07,1.8,0.85,1.6,15.158887657818868,0.2225135299179067,0.8429415373547828,2.4,0.0
2023-02-03,162.0,0.0,-0.77,0.0,-0.92,0.0,12.885054509146038,0.1888055758517831,0.8335557718385699,0.0,-3.0
2023-02-04,163.0,0.1,-2.32,0.0,-2.68,0.05,11.002296332774133,0.16089502922095186,0.8239230057575542,0.0,1.0
2023-02-05,159.0,0.0,-5.22,0.0,-5.62,0.0,9.351951882858012,0.13642985025937146,0.8140460935082178,0.0,-4.0
2023-02-06,158.0,0.1,-1.42,0.1,-2.3,0.1,8.04915910042931,0.11711687679277581,0.8039279618328213,0.0,-1.0
2023-02-07,157.0,0.0,-0.29,0.0,-0.4,0.0,6.841785235364914,0.09921842069542183,0.7935716089521474,0.0,-1.0
2023-02-08,147.0,0.0,0.24,0.0,-0.38,0.0,5.8155174500601765,0.08400473301267095,0.7829801036770629,0.0,-10.0
2023-02-09,145.0,0.0,-0.03,0.0,-0.3,0.0,4.94318983255115,0.0710730984823327,0.7721565844991642,0.0,-2.0
2023-02-10,145.0,0.1,0.54,0.2,0.47,0.15000000000000002,4.351711357668478,0.06230485210766668,0.7611042586607747,1.2625,0.0
2023-02-11,136.0,5.6,1.8,2.2,1.66,3.9,7.598954654018206,0.1104429170922377,0.7498264012045686,4.325,-9.0
2023-02-12,137.0,0.0,-0.21,0.0,-0.79,0.0,6.459111455915475,0.09354555494996446,0.7383263540031065,0.0,1.0
2023-02-13,128.0,0.0,3.87,0.0,3.48,0.0,5.490244737528154,0.07918279712903217,0.7266075247685656,9.1875,-9.0
2023-02-14,133.0,0.0,2.1,0.0,2.18,0.0,4.666708026898931,0.06697445298123975,0.7146733860429609,5.3500000000000005,5.0
2023-02-15,128.0,0.0,0.65,0.0,0.4,0.0,3.966701822864091,0.056597360455616176,0.702527474169157,1.3125,-5.0
2023-02-16,124.0,0.3,0.53,0.1,0.35,0.2,3.5716965494344777,0.050741689110331466,0.6901733882429719,1.1,-4.0
2023-02-17,129.0,6.4,3.07,5.3,2.85,5.85,8.885942067019306,0.12952158723408208,0.6776147890466889,7.4,5.0
2023-02-18,132.0,5.3,4.05,0.9,4.0,3.1,10.65305075696641,0.15571771274370955,0.6648553979642865,10.0625,3.0
2023-02-19,130.0,0.0,2.05,0.0,1.75,0.0,9.055093143421448,0.13202913125371551,0.6518989958787126,4.75,-2.0
2023-02-20,129.0,9.8,0.92,7.6,0.67,8.7,16.39682917190823,0.24086512960226675,0.6387494220515272,1.9875,-1.0
2023-02-21,141.0,0.3,2.35,0.2,2.19,0.25,14.187304796121996,0.2081105072103583,0.6254105729852463,5.675,12.0
2023-02-22,145.0,0.0,-2.15,0.0,-2.64,0.0,12.059209076703697,0.17656300655036694,0.6118864012687243,0.0,4.0
2023-02-23,147.0,0.0,-2.27,0.0,-2.28,0.0,10.250327715198141,0.1497476309893743,0.5981809144059164,0.0,2.0
2023-02-24,155.0,4.7,1.57,5.9,1.48,5.300000000000001,14.01277855791842,0.20552328025215638,0.5842981736283683,3.8125,8.0
2023-02-25,159.0,0.4,0.73,1.8,0.4,1.1,13.010861774230657,0.19067057879411956,0.5702422926917871,1.4124999999999999,4.0
2023-02-26,157.0,0.1,-1.92,0.0,-2.43,0.05,11.109232508096058,0.16248028172193785,0.5560174366570446,0.0,-2.0
2023-02-27,150.0,0.0,-2.12,0.0,-2.76,0.0,9.44284763188165,0.13777731488520956,0.5416278206559814,0.0,-7.0
2023-02-28,155.0,0.0,-0.45,0.0,-1.42,0.0,8.026420487099402,0.11677979307399053,0.5270777086423722,0.0,5.0
2023-03-01,153.0,0.0,2.45,0.1,1.84,0.05,6.872457414034492,0.09967311385982816,0.5123714121284237,5.3625,-2.0
2023-03-02,145.0,0.0,2.09,0.0,1.65,0.0,5.841588801929318,0.08439122220241634,0.49751328890718066,4.675,-8.0
2023-03-03,142.0,0.4,3.07,0.0,2.5,0.2,5.165350481639921,0.0743664715951116,0.48250774176121847,6.9625,-3.0
2023-03-04,141.0,0.2,1.02,0.0,0.48,0.1,4.490547909393932,0.0643630049281549,0.46735921715800227,1.875,-1.0
2023-03-05,141.0,0.3,-0.43,0.0,-1.04,0.15,3.966965722984842,0.05660127258661554,0.45207220393230435,0.0,0.0
2023-03-06,139.0,1.0,-2.32,0.0,-1.88,0.5,3.8719208645371155,0.05519230037392389,0.43665123195606403,0.0,-2.0
2023-03-07,131.0,0.4,-1.58,1.4,-1.47,0.8999999999999999,4.191132734856549,0.05992438859612663,0.4211008707960896,0.0,-8.0
2023-03-08,129.0,1.0,0.09,0.3,-0.24,0.65,4.212462824628067,0.06024059195812981,0.40542572835999735,0.0,-2.0
2023-03-09,132.0,0.0,-2.33,0.0,-2.41,0.0,3.5805934009338567,0.05087357858597273,0.38963044953078796,0.0,3.0
2023-03-10,127.0,6.9,-2.64,8.0,-2.52,7.45,10.493504390793778,0.15335255170033968,0.37371971479046906,0.0,-5.0
2023-03-11,121.0,4.0,0.06,7.2,0.05,5.6,14.51947873217471,0.21303474880871992,0.35769823883312546,0.1375,-6.0
2023-03-12,129.0,0.8,-1.75,0.0,-1.91,0.4,12.741556922348503,0.18667832651196495,0.3415707691678556,0.0,8.0
2023-03-13,124.0,6.4,0.6,2.7,0.44,4.550000000000001,15.380323383996227,0.22579615656575103,0.3253420847119801,1.3,-5.0
2023-03-14,134.0,6.0,7.79,2.6,7.9,4.3,17.373274876396792,0.25534024048459997,0.30901699437494745,19.6125,10.0
2023-03-15,144.0,0.2,3.49,0.0,3.3,0.1,14.867283644937272,0.21819070848422004,0.29260033563334836,8.4875,10.0
2023-03-16,137.0,0.0,0.7,0.0,0.47,0.0,12.63719109819668,0.18513117763314943,0.27609697309746883,1.4625,-7.0
2023-03-17,148.0,0.0,2.66,0.0,2.57,0.0,10.741612433467179,0.15703057640973941,0.2595117970697999,6.5375000000000005,11.0
2023-03-18,153.0,0.0,6.55,0.0,6.2,0.0,9.130370568447102,0.1331450653698409,0.2428497220959356,15.9375,5.0
2023-03-19,153.0,0.0,8.02,0.0,8.07,0.0,7.760814983180037,0.11284238098592715,0.22611568550828828,20.1125,0.0
2023-03-20,151.0,2.3,8.3,1.5,8.96,1.9,8.49669273570303,0.12375124362380596,0.20931464596304847,21.575000000000003,-2.0
2023-03-21,151.0,0.4,6.51,0.2,5.94,0.30000000000000004,7.522188825347575,0.10930491845404042,0.19245158197082998,15.5625,0.0
2023-03-22,149.0,0.8,7.03,1.0,7.17,0.9,7.293860501545439,0.10592011396422568,0.1755314904214282,17.75,-2.0
2023-03-23,148.0,3.0,11.36,1.9,11.3,2.45,8.649781426313623,0.12602067423447183,0.15855938510313478,28.325,-1.0
2023-03-24,148.0,5.2,10.35,3.6,10.62,4.4,11.752314212366581,0.1720135091537604,0.141540295217043,26.2125,0.0
2023-03-25,147.0,4.2,9.42,2.4,9.75,3.3,13.289467080511592,0.1948007036769314,0.12447926388678915,23.962500000000002,-1.0
2023-03-26,147.0,1.8,7.15,1.3,6.96,1.55,12.846047018434854,0.18822731763354278,0.10738134666416309,17.6375,0.0
2023-03-27,151.0,0.1,2.95,0.0,2.7,0.05,10.969139965669626,0.1604035097354476,0.09025161003104117,7.0625,4.0
2023-03-28,150.0,0.0,0.12,0.0,-0.53,0.0,9.323768970819183,0.13601205869669286,0.07309512989807777,0.0,-1.0
2023-03-29,150.0,0.0,0.6,0.0,0.29,0.0,7.925203625196305,0.11527932531375132,0.055916990100603484,1.1124999999999998,0.0
2023-03-30,150.0,0.2,5.88,0.3,5.73,0.25,6.986423081416859,0.10136257356512016,0.03872228089217446,14.5125,0.0
2023-03-31,155.0,7.9,7.4,12.3,7.42,10.100000000000001,16.038459619204332,0.23555255667742794,0.021516097436222254,18.525,5.0
2023-04-01,150.0,1.8,5.43,4.8,5.38,3.3,16.93269067632368,0.24880889407204881,0.004303538296244289,13.5125,-5.0
2023-04-02,149.0,1.9,3.35,2.2,3.03,2.05,16.442787074875127,0.24154642272313084,-0.01291029607500882,7.975,-1.0
2023-04-03,150.0,0.0,1.1,0.0,0.75,0.0,13.976369013643858,0.2049835347362236,-0.030120304846908114,2.3125,1.0
2023-04-04,151.0,3.5,0.06,3.2,-0.49,3.35,15.229913661597278,0.22356643974739898,-0.04732138832243185,0.0,1.0
2023-04-05,153.0,0.0,1.47,0.2,0.43,0.1,13.045426612357685,0.19118297785759916,-0.06450844944931623,2.375,2.0
2023-04-06,154.0,0.0,3.52,0.1,3.6,0.05,11.138612620504032,0.16291582092589552,-0.08167639533042241,8.9,1.0
2023-04-07,154.0,0.0,9.85,0.0,10.59,0.0,9.467820727428427,0.13814752320857357,-0.09882013873287143,25.549999999999997,0.0
2023-04-08,153.0,0.5,10.64,4.4,9.9,2.45,10.497647618314161,0.1534139720921675,-0.11593459959550041,25.674999999999997,-1.0
2023-04-09,152.0,1.0,9.74,0.0,10.57,0.5,9.423000475567036,0.13748309495364305,-0.1330147065341959,25.387500000000003,-1.0
2023-04-10,149.0,0.4,10.59,1.0,9.56,0.7,8.70955040423198,0.12690670668739257,-0.1500553983446526,25.1875,-3.0
2023-04-11,148.0,0.0,10.59,0.0,11.25,0.0,7.403117843597182,0.10753977610584609,-0.16705162550211924,27.3,-1.0
2023-04-12,148.0,0.6,11.96,0.8,12.63,0.7,6.992650167057605,0.10145488566676517,-0.18399835165768005,30.737500000000004,0.0
2023-04-13,148.0,1.6,10.2,1.4,10.08,1.5,7.443752641998964,0.10814215799952764,-0.20089055513063506,25.35,0.0
2023-04-14,149.0,0.0,10.84,0.0,10.65,0.0,6.327189745699119,0.09158990972116089,-0.21772323039653177,26.862500000000004,1.0
2023-04-15,151.0,0.0,9.45,0.0,8.86,0.0,5.378111283844251,0.07752049868454915,-0.23449138957040985,22.8875,2.0
2023-04-16,148.0,3.2,5.61,3.4,5.62,3.3,7.871394591267613,0.11448164477810185,-0.25119006388481935,14.037500000000001,-3.0
2023-04-17,147.0,0.0,9.58,0.2,9.33,0.1,6.790685402577471,0.09846090213369663,-0.2678143051621742,23.6375,-1.0
2023-04-18,150.0,0.8,9.24,2.6,8.86,1.7000000000000002,7.4720825921908505,0.10856212929791471,-0.2843591872810034,22.625,3.0
2023-04-19,147.0,5.5,12.05,11.4,12.12,8.45,14.801270203362222,0.21721210631296695,-0.30081980763566735,30.212500000000002,-3.0
2023-04-20,147.0,0.0,12.14,0.0,13.27,0.0,12.581079672857888,0.18429936578758427,-0.3171912885891061,31.7625,0.0
2023-04-21,149.0,0.0,10.78,0.0,11.03,0.0,10.693917721929203,0.156323536341009,-0.3334687789181868,27.2625,2.0
2023-04-22,144.0,0.0,11.45,0.0,11.17,0.0,9.089830063639823,0.13254408131142006,-0.3496474552512284,28.275,-5.0
2023-04-23,148.0,0.0,13.63,0.0,14.2,0.0,7.72635555409385,0.11233154453626945,-0.36572252349726897,34.787499999999994,4.0
2023-04-24,141.0,0.0,15.38,0.0,16.22,0.0,6.567402220979772,0.09515088827739142,-0.3816892202666588,39.5,-7.0
2023-04-25,137.0,2.4,12.75,1.0,12.89,1.7,7.282291887832806,0.10574861752005528,-0.39754281428255595,32.05,-4.0
2023-04-26,130.0,5.9,5.43,6.9,4.98,6.4,12.589948104657886,0.18443083396145946,-0.4132786077829042,13.0125,-7.0
2023-04-27,129.0,0.0,5.66,0.0,5.35,0.0,10.701455888959202,0.15643528428880293,-0.4288919379124835,13.7625,-1.0
2023-04-28,125.0,0.0,5.81,0.5,5.23,0.25,9.346237505615322,0.13634513869391404,-0.4443781781046132,13.799999999999999,-4.0
2023-04-29,125.0,0.0,9.12,0.0,9.24,0.0,7.944301879773024,0.11556244331138932,-0.45973273945210397,22.95,0.0
2023-04-30,118.0,1.7,9.72,1.0,9.03,1.35,8.10265659780707,0.11790993902133667,-0.47495107206704995,23.4375,-7.0
2023-05-01,119.0,0.0,7.56,0.0,7.5,0.0,6.887258108136009,0.09989252358969856,-0.49002866642905923,18.825,1.0
2023-05-02,110.0,1.9,10.7,1.3,10.43,1.6,7.454169391915608,0.10829657888476871,-0.5049610547215204,26.412499999999998,-9.0
2023-05-03,112.0,0.0,7.47,0.0,7.17,0.0,6.336043983128267,0.09172116747361579,-0.5197438121555155,18.3,2.0
2023-05-04,106.0,0.1,8.51,0.9,8.28,0.5,5.8856373856590265,0.0850442110278741,-0.5343725582809787,20.987499999999997,-6.0
2023-05-05,106.0,0.0,7.05,0.0,6.67,0.0,5.002791777810172,0.07195665479525537,-0.548842958284719,17.15,0.0
2023-05-06,105.0,0.0,7.04,0.0,7.48,0.0,4.252373011138646,0.06083223199752946,-0.5631507242749186,18.15,-1.0
2023-05-07,102.0,0.0,7.44,0.0,8.34,0.0,3.614517059467849,0.05137647261946244,-0.5772916165517272,19.725,-3.0
2023-05-08,94.0,0.0,8.6,0.0,8.63,0.0,3.0723395005476717,0.04333907714810547,-0.5912614448635781,21.5375,-8.0
2023-05-09,89.0,0.0,10.43,0.0,10.55,0.0,2.611488575465521,0.03650729099745204,-0.6050560696488488,26.225,-5.0
2023-05-10,85.0,0.0,11.2,0.0,11.33,0.0,2.219765289145693,0.03070027276939663,-0.6186714032625031,28.1625,-4.0
2023-05-11,81.0,0.0,11.74,0.0,11.64,0.0,1.886800495773839,0.025764307275549528,-0.6321034111873487,29.225,-4.0
2023-05-12,76.0,0.0,13.92,0.0,13.65,0.0,1.6037804214077631,0.021568736605779494,-0.6453481132295501,34.4625,-5.0
2023-05-13,74.0,0.1,15.08,0.0,14.83,0.05,1.4132133581965987,0.01874371586184879,-0.6584015846980488,37.3875,-2.0
2023-05-14,69.0,0.0,16.9,0.1,17.04,0.05,1.251231354467109,0.0163424482295077,-0.6712599575675313,42.425,-5.0
2023-05-15,64.0,2.6,17.94,4.0,18.27,3.3,4.3635466512970424,0.062480301891316634,-0.6839194216246106,45.2625,-5.0
2023-05-16,66.0,1.2,14.45,0.4,14.35,0.8,4.509014653602486,0.06463676123516279,-0.6963762255968722,36.0,2.0
2023-05-17,65.0,16.8,10.71,19.0,10.7,17.9,21.732662455562114,0.31996505095528144,-0.7086266782644596,26.7625,-1.0
2023-05-18,62.0,0.0,10.95,0.0,10.53,0.0,18.472763087227797,0.2716393687335516,-0.7206671495538609,26.849999999999994,-3.0
2023-05-19,66.0,0.0,13.2,0.0,12.79,0.0,15.701848624143627,0.2305625388450813,-0.7324940716135789,32.4875,4.0
2023-05-20,69.0,0.0,15.79,0.0,15.61,0.0,13.346571330522083,0.1956472334398815,-0.7441039398713607,39.25,3.0
2023-05-21,63.0,0.0,15.7,0.0,15.44,0.0,11.34458563094377,0.16596922384546164,-0.7554933140726803,38.925,-6.0
2023-05-22,61.0,0.0,16.37,0.0,16.02,0.0,9.642897786302205,0.1407429156902048,-0.766658819300159,40.4875,-2.0
2023-05-23,59.0,0.0,16.88,0.0,16.62,0.0,8.196463118356874,0.11930055375823648,-0.777597146973627,41.875,-2.0
2023-05-24,56.0,0.0,18.67,0.0,18.43,0.0,6.966993650603343,0.1010745461160634,-0.7883050558305255,46.375,-3.0
2023-05-25,52.0,0.0,18.79,0.8,18.35,0.4,6.321944603012842,0.09151215422320691,-0.7987793728863649,46.425,-4.0
2023-05-26,51.0,0.0,15.2,0.0,14.25,0.0,5.373652912560916,0.07745440651128828,-0.8090169943749473,36.8125,-1.0
2023-05-27,45.0,0.0,11.78,0.0,11.24,0.0,4.567604975676778,0.06550532095615742,-0.8190148866680801,28.775,-6.0
2023-05-28,41.0,0.0,12.83,0.0,12.66,0.0,3.882464229325261,0.055348598234296206,-0.8287700871745037,31.862500000000004,-4.0
2023-05-29,37.0,0.0,15.49,0.0,15.11,0.0,3.3000945949264717,0.046715383920714164,-0.8382797052177743,38.25,-4.0
2023-05-30,37.0,0.0,15.15,0.0,14.85,0.0,2.8050804056875007,0.039377151754169434,-0.8475409228928311,37.5,0.0
2023-05-31,32.0,0.0,14.98,0.0,14.46,0.0,2.3843183448343757,0.03313965441260641,-0.8565509959010036,36.800000000000004,-5.0
2023-06-01,28.0,2.1,15.31,1.2,15.58,1.65,3.676670593109219,0.052297854409614195,-0.865307254363206,38.6125,-4.0
2023-06-02,28.0,0.8,9.81,0.3,9.48,0.55,3.675170004142836,0.05227560924884657,-0.8738071036110808,24.112499999999997,0.0
2023-06-03,26.0,0.0,9.7,0.0,8.97,0.0,3.1238945035214103,0.04410334328308197,-0.8820480249558537,23.337500000000002,-2.0
2023-06-04,23.0,0.0,13.18,0.0,12.58,0.0,2.655310327993199,0.037156917212182075,-0.8900275764346767,32.199999999999996,-3.0
2023-06-05,23.0,0.0,13.62,0.0,13.44,0.0,2.257013778794219,0.031252455051917157,-0.8977433935342337,33.824999999999996,0.0
2023-06-06,20.0,0.0,15.96,0.0,16.06,0.0,1.9184617119750862,0.026233662215691976,-0.9051931898913974,40.02499999999999,-3.0
2023-06-07,18.0,0.0,18.66,0.0,18.89,0.0,1.6306924551788233,0.021967688304900576,-0.9123747579707273,46.9375,-2.0
2023-06-08,18.0,0.0,20.07,0.0,20.1,0.0,1.3860885869019999,0.018341610480727882,-0.9192859697186104,50.212500000000006,0.0
2023-06-09,13.0,0.0,19.65,0.0,19.83,0.0,1.1781752988666998,0.015259444330181095,-0.9259247771938498,49.349999999999994,-5.0
2023-06-10,12.0,0.0,16.73,0.0,17.0,0.0,1.0014490040366948,0.012639603102216325,-0.9322892131745133,42.16250000000001,-1.0
2023-06-11,10.0,0.0,15.8,0.0,16.85,0.0,0.8512316534311906,0.01041273805844627,-0.9383773917408641,40.81250000000001,-2.0
2023-06-12,7.0,0.1,15.48,1.0,15.58,0.55,1.273546905416512,0.016673260350353842,-0.9441875088341993,38.825,-3.0
2023-06-13,5.0,0.0,17.74,0.0,18.22,0.0,1.0825148696040352,0.013841346719363158,-0.9497178427914316,44.94999999999999,-2.0
2023-06-14,2.0,0.1,17.16,0.1,17.98,0.1,1.02013763916343,0.012916648783768738,-0.9549667548552551,43.925,-3.0
2023-06-15,3.0,4.0,17.64,3.8,18.07,3.9,4.767116993288916,0.06846294426692447,-0.9599326896597447,44.6375,1.0
2023-06-16,6.0,2.9,19.7,7.2,18.91,5.05,9.102049444295577,0.13272522491120486,-0.9646141756912435,48.2625,3.0
2023-06-17,11.0,25.9,18.35,31.8,18.7,28.85,36.58674202765124,0.5401661823367857,-0.9690098257244062,46.3125,5.0
2023-06-18,11.0,19.3,19.05,14.6,18.7,16.95,48.04873072350355,0.7100819867095581,-0.9731183372332619,47.1875,0.0
2023-06-19,17.0,0.0,18.59,0.0,19.0,0.0,40.84142111497802,0.6032387641246868,-0.9769384927771817,46.987500000000004,6.0
2023-06-20,16.0,0.0,20.9,0.0,20.71,0.0,34.715207947731315,0.5124220249275462,-0.980469160361632,52.0125,-1.0
2023-06-21,16.0,0.0,22.63,0.0,22.81,0.0,29.507926755571617,0.4352277966099766,-0.9837092937736097,56.8,0.0
2023-06-22,18.0,0.6,20.4,0.6,20.23,0.6,25.681737742235875,0.3785072744445285,-0.986657932891657,50.787499999999994,2.0
2023-06-23,20.0,0.1,18.97,0.1,18.61,0.1,21.929477080900494,0.32288268735015924,-0.9893142039703663,46.974999999999994,2.0
2023-06-24,12.0,0.0,20.69,0.0,20.25,0.0,18.64005551876542,0.2741193596691977,-0.99167731989929,51.175,-8.0
2023-06-25,16.0,4.8,18.93,5.4,18.47,5.1,20.944047190950606,0.308274392328511,-0.993746580436178,46.75,4.0
2023-06-26,9.0,0.0,17.83,0.0,17.04,0.0,17.802440112308016,0.26170230890079677,-0.9955213724144752,43.5875,-7.0
2023-06-27,8.0,19.2,16.05,9.2,15.82,14.2,29.332074095461813,0.43262090639340695,-0.9970011699250151,39.8375,-1.0
2023-06-28,15.0,6.2,16.88,13.9,16.35,10.05,34.98226298114254,0.5163809252560979,-0.9981855344718586,41.53750000000001,7.0
2023-06-29,15.0,0.4,19.37,0.0,19.08,0.2,29.93492353397116,0.4415577191907409,-0.99907411510223,48.0625,0.0
2023-06-30,14.0,0.0,21.04,0.0,20.19,0.0,25.444685003875485,0.37499313673369217,-0.9996666485105112,51.53750000000001,-1.0
2023-07-01,18.0,2.5,18.68,2.2,18.29,2.35,23.97798225329416,0.35325031493777065,-0.9999629591162655,46.2125,4.0
2023-07-02,20.0,3.2,16.46,12.5,17.05,7.85,28.231284915300037,0.41630249220235854,-0.9999629591162655,41.8875,2.0
2023-07-03,29.0,0.2,17.9,0.2,17.84,0.2,24.19659217800503,0.35649105109506246,-0.9996666485105112,44.675,9.0
2023-07-04,28.0,1.0,19.21,0.0,19.22,0.5,21.067103351304276,0.3100986121061038,-0.99907411510223,48.0375,-1.0
2023-07-05,23.0,0.0,19.08,0.0,19.02,0.0,17.907037848608635,0.2632528957117506,-0.9981855344718586,47.62499999999999,-5.0
2023-07-06,18.0,2.7,18.63,1.9,18.54,2.3,17.52098217131734,0.2575298957437465,-0.9970011699250151,46.462500000000006,-5.0
2023-07-07,22.0,0.0,17.23,0.0,16.7,0.0,14.892834845619738,0.21856948680374697,-0.9955213724144752,42.4125,4.0
2023-07-08,18.0,0.0,18.47,0.0,17.7,0.0,12.658909618776777,0.1854531392047473,-0.9937465804361781,45.212500000000006,-4.0
2023-07-09,17.0,1.1,17.36,4.2,17.05,2.6500000000000004,13.41007317596026,0.19658860299041053,-0.99167731989929,43.012499999999996,-1.0
2023-07-10,14.0,0.0,16.84,0.0,16.58,0.0,11.398562199566221,0.16676938796341134,-0.9893142039703664,41.775000000000006,-3.0
2023-07-11,10.0,0.0,16.69,0.0,16.56,0.0,9.688777869631288,0.14142305519046203,-0.9866579328916572,41.5625,-4.0
2023-07-12,8.0,0.0,19.78,0.0,20.05,0.0,8.235461189186594,0.11987867233345512,-0.9837092937736098,49.787499999999994,-2.0
2023-07-13,12.0,0.0,21.57,0.5,20.83,0.25,7.250142010808605,0.10527201853186838,-0.9804691603616321,53.0,4.0
2023-07-14,4.0,0.0,18.96,0.1,18.54,0.05,6.212620709187314,0.08989150549902433,-0.9769384927771817,46.875,-8.0
2023-07-15,5.0,0.0,19.26,0.0,18.93,0.0,5.2807276028092165,0.07607685509573309,-0.973118337233262,47.7375,1.0
2023-07-16,2.0,0.0,24.11,1.0,24.02,0.5,4.988618462387834,0.0717465455066738,-0.9690098257244063,60.162499999999994,-3.0
2023-07-17,2.0,10.2,22.18,0.3,23.15,5.25,9.490325693029657,0.1384811432664871,-0.9646141756912435,56.662499999999994,0.0
2023-07-18,2.0,2.8,17.91,2.9,17.72,2.8499999999999996,10.916776839075208,0.15962726374438468,-0.9599326896597445,44.537499999999994,0.0
2023-07-19,0.0,0.0,17.06,0.1,17.02,0.05,9.329260313213927,0.1360934639296632,-0.9549667548552553,42.599999999999994,-2.0
2023-07-20,0.0,0.0,17.04,0.0,17.1,0.0,7.929871266231838,0.11534851976177611,-0.9497178427914317,42.675,0.0
2023-07-21,0.0,0.9,16.57,0.0,16.92,0.45,7.190390576297062,0.10438624614743655,-0.9441875088341994,41.862500000000004,0.0
2023-07-22,0.0,2.4,15.17,0.8,15.84,1.6,7.711831989852502,0.11211624305884597,-0.9383773917408642,38.762499999999996,0.0
2023-07-23,0.0,1.1,16.74,0.6,17.0,0.8500000000000001,7.4050571913746275,0.10756852555293657,-0.9322892131745134,42.175,0.0
2023-07-24,1.0,0.4,19.67,0.2,20.35,0.30000000000000004,6.594298612668433,0.09554960809380143,-0.9259247771938499,50.025000000000006,1.0
2023-07-25,0.0,0.2,21.38,0.0,21.7,0.1,5.705153820768167,0.08236867095204127,-0.9192859697186105,53.849999999999994,-1.0
2023-07-26,0.0,0.0,18.84,0.0,18.38,0.0,4.849380747652942,0.06968244573079747,-0.9123747579707274,46.525,0.0
2023-07-27,0.0,1.6,15.75,1.9,15.02,1.75,5.871973635505001,0.08484165568082426,-0.9051931898913975,38.4625,0.0
2023-07-28,0.0,2.1,17.02,1.1,16.82,1.6,6.591177590179251,0.09550334116222553,-0.8977433935342336,42.300000000000004,0.0
2023-07-29,0.0,0.0,19.25,0.0,19.03,0.0,5.602500951652363,0.0808469154094541,-0.8900275764346766,47.85,0.0
2023-07-30,0.0,4.0,17.79,2.5,18.05,3.25,8.012125808904509,0.11656788466889724,-0.8820480249558535,44.800000000000004,0.0
2023-07-31,0.0,5.3,18.47,2.9,18.82,4.1,10.910306937568832,0.159531352070779,-0.8738071036110807,46.6125,0.0
2023-08-01,2.0,0.3,20.57,0.0,20.55,0.15,9.423760896933507,0.13749436765784603,-0.8653072543632061,51.400000000000006,2.0
2023-08-02,2.0,1.7,20.15,0.4,19.95,1.05,9.060196762393481,0.13210478876358192,-0.8565509959010037,50.12499999999999,0.0
2023-08-03,5.0,0.1,20.16,0.3,19.99,0.2,7.901167248034459,0.11492300317210234,-0.8475409228928312,50.1875,3.0
2023-08-04,4.0,0.0,21.31,0.0,21.25,0.0,6.715992160829289,0.09735362811784938,-0.8382797052177745,53.2,-1.0
2023-08-05,4.0,13.0,19.96,6.5,19.79,9.75,15.458593336704896,0.22695645276963095,-0.828770087174504,49.6875,0.0
2023-08-06,6.0,0.0,26.86,1.7,27.0,0.85,13.98980433619916,0.2051827038071038,-0.8190148866680802,67.325,2.0
2023-08-07,10.0,17.4,17.47,13.5,17.18,15.45,27.341333685769285,0.40310960019811365,-0.8090169943749472,43.3125,4.0
2023-08-08,15.0,0.0,16.03,0.0,15.55,0.0,23.24013363290389,0.342312235589959,-0.7987793728863648,39.475,5.0
2023-08-09,15.0,1.5,16.0,3.8,15.77,2.65,22.404113587968304,0.3299188349178404,-0.7883050558305253,39.7125,0.0
2023-08-10,10.0,0.5,16.78,0.0,16.74,0.25,19.293496549773057,0.2838061567285958,-0.7775971469736268,41.89999999999999,-5.0
2023-08-11,8.0,0.0,18.22,0.5,18.12,0.25,16.649472067307098,0.244610380267738,-0.7666588193001592,45.425000000000004,-2.0
2023-08-12,13.0,0.0,17.79,0.0,17.17,0.0,14.152051257211033,0.2075878986491397,-0.7554933140726804,43.7,5.0
2023-08-13,18.0,0.3,20.55,0.0,20.27,0.15,12.179243568629378,0.17834243224945262,-0.7441039398713608,51.025,5.0
2023-08-14,20.0,0.0,19.8,0.0,19.9,0.0,10.352357033334972,0.15126014283359715,-0.7324940716135792,49.625,2.0
2023-08-15,21.0,1.2,24.85,0.0,25.89,0.6,9.399503478334726,0.1371347687346059,-0.7206671495538615,63.425000000000004,1.0
2023-08-16,17.0,0.0,25.91,0.0,27.22,0.0,7.989577956584517,0.11623362884597742,-0.7086266782644601,66.4125,-4.0
2023-08-17,17.0,0.0,25.7,0.0,26.64,0.0,6.791141263096839,0.09846765994064319,-0.6963762255968726,65.42500000000001,0.0
2023-08-18,17.0,0.0,24.97,0.0,25.71,0.0,5.772470073632313,0.08336658637110911,-0.6839194216246105,63.35,0.0
2023-08-19,12.0,0.0,23.94,0.0,23.33,0.0,4.906599562587465,0.07053067383700512,-0.6712599575675315,59.08749999999999,-5.0
2023-08-20,12.0,0.0,24.38,0.2,24.32,0.1,4.270609628199345,0.0611025768337644,-0.6584015846980489,60.875,0.0
2023-08-21,8.0,0.0,20.3,0.0,20.07,0.0,3.6300181839694434,0.051606265730262134,-0.64534811322955,50.462500000000006,-4.0
2023-08-22,7.0,0.0,18.64,0.0,18.23,0.0,3.085515456374027,0.04353440129228521,-0.6321034111873488,46.087500000000006,-1.0
2023-08-23,1.0,0.0,18.62,0.0,18.18,0.0,2.622688137917923,0.03667331652000483,-0.6186714032625032,46.0,-6.0
2023-08-24,0.0,1.1,17.13,0.4,17.05,0.75,2.9792849172302347,0.04195960934417393,-0.6050560696488494,42.725,-1.0
2023-08-25,0.0,0.0,19.89,0.0,20.37,0.0,2.5323921796456994,0.03533474336411024,-0.5912614448635782,50.325,0.0
2023-08-26,0.0,8.2,21.64,0.2,22.38,4.199999999999999,6.352533352698844,0.0919656106124577,-0.5772916165517278,55.02499999999999,0.0
2023-08-27,0.0,0.0,21.3,0.0,21.7,0.0,5.399653349794017,0.07783984444215143,-0.5631507242749187,53.75,0.0
2023-08-28,0.0,0.0,20.2,0.0,20.19,0.0,4.589705347324914,0.06583294319739111,-0.5488429582847199,50.4875,0.0
2023-08-29,0.0,1.5,18.86,1.8,19.71,1.65,5.551249545226177,0.0800871498766812,-0.5343725582809785,48.2125,0.0
2023-08-30,0.0,12.3,21.77,7.4,22.15,9.850000000000001,14.568562113442251,0.21376237491538566,-0.5197438121555157,54.900000000000006,0.0
2023-08-31,0.0,1.8,17.84,0.4,17.81,1.1,13.483277796425913,0.19767380925786443,-0.5049610547215202,44.5625,0.0
2023-09-01,0.0,0.0,16.45,0.0,16.25,0.0,11.460786126962025,0.16769181329074717,-0.4900286664290594,40.875,0.0
2023-09-02,0.0,0.0,16.76,1.5,16.3,0.75,10.491668207917721,0.1533253315993049,-0.4749510720670502,41.325,0.0
2023-09-03,0.0,2.2,15.78,1.7,15.18,1.9500000000000002,10.867917976730062,0.15890296597055087,-0.4597327394521046,38.7,0.0
2023-09-04,0.0,0.0,15.05,0.0,14.9,0.0,9.237730280220553,0.13473659649653064,-0.44437817810461344,37.4375,0.0
2023-09-05,0.0,0.0,18.97,0.0,18.46,0.0,7.852070738187471,0.11419518244361344,-0.4288919379124841,46.7875,0.0
2023-09-06,0.0,0.0,18.55,0.0,18.14,0.0,6.67426012745935,0.09673498049863383,-0.41327860778290443,45.8625,0.0
2023-09-07,0.0,0.0,15.42,0.0,15.27,0.0,5.673121108340448,0.08189380884540115,-0.3975428142825566,38.3625,0.0
2023-09-08,0.0,0.0,16.53,0.0,16.68,0.0,4.822152942089381,0.06927881294015337,-0.3816892202666586,41.5125,0.0
2023-09-09,0.0,0.0,17.0,0.0,16.99,0.0,4.0988300007759735,0.05855606642069276,-0.3657225234972692,42.4875,0.0
2023-09-10,0.0,0.0,18.35,0.0,18.82,0.0,3.484005500659577,0.049441731879151234,-0.34964745525122826,46.462500000000006,0.0
2023-09-11,0.0,0.0,18.88,0.0,20.27,0.0,2.9614046755606407,0.04169454751884095,-0.33346877891818705,48.9375,0.0
2023-09-12,0.0,0.0,19.88,0.0,21.28,0.0,2.5171939742265446,0.0351094408125772,-0.31719128858910595,51.449999999999996,0.0
2023-09-13,0.0,0.0,21.62,0.0,22.05,0.0,2.139614878092563,0.029512100112253012,-0.300819807635668,54.587500000000006,0.0
2023-09-14,0.0,3.1,15.97,1.7,15.92,2.4,4.218672646378678,0.060332648134921237,-0.2843591872810036,39.8625,0.0
2023-09-15,0.0,0.0,12.51,0.0,11.79,0.0,3.5858717494218766,0.05095182633624545,-0.26781430516217486,30.374999999999996,0.0
2023-09-16,0.0,0.0,13.85,0.0,13.8,0.0,3.047990987008595,0.042978127807371015,-0.25119006388481957,34.5625,0.0
2023-09-17,0.0,0.0,15.61,0.0,16.38,0.0,2.5907923389573053,0.036200484057827755,-0.23449138957041052,39.9875,0.0
2023-09-18,0.0,0.0,19.38,0.0,19.4,0.0,2.2021734881137096,0.03043948687071599,-0.21772323039653224,48.475,0.0
2023-09-19,0.0,6.3,18.86,0.5,18.85,3.4,5.271847464896653,0.07594521338709133,-0.20089055513063528,47.1375,0.0
2023-09-20,0.0,0.0,16.43,0.0,16.73,0.0,4.481070345162155,0.06422250680059002,-0.18399835165767986,41.449999999999996,0.0
2023-09-21,0.0,0.0,17.77,0.0,18.24,0.0,3.8089097933878313,0.05425820620206391,-0.1670516255021195,45.012499999999996,0.0
2023-09-22,0.0,0.0,21.38,0.0,21.7,0.0,3.2375733243796567,0.04578855069331672,-0.15005539834465262,53.849999999999994,0.0
2023-09-23,0.0,20.2,18.73,4.1,18.6,12.149999999999999,14.901937325722706,0.21870442457672196,-0.13301470653419636,46.662499999999994,0.0
2023-09-24,0.0,0.0,14.98,0.0,14.6,0.0,12.6666467268643,0.18556783631177606,-0.11593459959550066,36.974999999999994,0.0
2023-09-25,0.0,0.0,12.17,0.0,11.77,0.0,10.766649717834655,0.15740173628657203,-0.09882013873287211,29.924999999999997,0.0
2023-09-26,0.0,0.0,15.47,0.0,15.77,0.0,9.151652260159457,0.13346055126514864,-0.08167639533042288,39.050000000000004,0.0
2023-09-27,1.0,0.0,18.28,0.0,19.67,0.0,7.778904421135538,0.11311054399693872,-0.06450844944931625,47.4375,1.0
2023-09-28,0.0,0.0,18.14,0.0,19.35,0.0,6.612068757965207,0.0958130378189603,-0.04732138832243232,46.862500000000004,-1.0
2023-09-29,0.0,0.0,17.74,0.0,18.2,0.0,5.6202584442704255,0.08111015756767866,-0.03012030484690836,44.925,0.0
2023-09-30,0.0,0.0,15.65,0.2,15.5,0.1,4.877219677629861,0.0700951380048369,-0.012910296075008843,38.9375,0.0
2023-10-01,1.0,1.0,12.71,0.0,13.47,0.5,4.645636725985382,0.06666208597941205,0.004303538296243821,32.725,1.0
2023-10-02,0.0,0.0,13.2,0.0,12.9,0.0,3.9487912170875745,0.05633184850406263,0.021516097436222233,32.625,-1.0
2023-10-03,0.0,0.0,19.73,0.0,19.57,0.0,3.356472534524438,0.04755114665001563,0.03872228089217399,49.125,0.0
2023-10-04,2.0,8.6,13.2,12.3,13.35,10.45,13.303001654345772,0.19500134407720587,0.05591699010060302,33.1875,2.0
2023-10-05,7.0,2.8,11.43,1.3,11.28,2.05,13.357551406193906,0.19581000522751435,0.07309512989807776,28.387500000000003,5.0
2023-10-06,0.0,0.6,11.26,0.1,10.95,0.35,11.70391869526482,0.1712960801425664,0.0902516100310407,27.762500000000003,-7.0
2023-10-07,3.0,5.2,11.41,0.9,11.39,3.0500000000000003,12.998330890975097,0.1904848173905474,0.10738134666416306,28.5,3.0
2023-10-08,2.0,4.0,5.72,2.3,5.39,3.15,14.198581257328833,0.2082776727020789,0.12447926388678869,13.8875,-1.0
2023-10-09,1.0,0.0,5.0,0.0,4.63,0.0,12.068794068729508,0.17670509721832944,0.141540295217043,12.037499999999998,-1.0
2023-10-10,1.0,0.0,5.8,0.0,5.52,0.0,10.25847495842008,0.1498684080571424,0.15855938510313475,14.15,0.0
2023-10-11,1.0,0.0,11.55,0.0,11.33,0.0,8.719703714657069,0.12705722227013344,0.17553149042142777,28.6,0.0
2023-10-12,5.0,7.6,12.82,5.4,12.96,6.5,13.911748157458508,0.20402557664977355,0.19245158197082995,32.225,4.0
2023-10-13,3.0,0.2,11.59,0.0,11.61,0.1,11.92498593383973,0.17457324422461756,0.20931464596304888,29.0,-2.0
2023-10-14,4.0,1.6,15.11,2.4,15.21,2.0,12.13623804376377,0.17770490602744046,0.22611568550828803,37.9,1.0
2023-10-15,4.0,0.0,8.75,0.0,8.68,0.0,10.315802337199203,0.15071824554488675,0.2428497220959358,21.7875,0.0
2023-10-16,5.0,0.2,6.84,0.1,6.08,0.15000000000000002,8.918431986619323,0.13000322711083764,0.25951179706979943,16.15,1.0
2023-10-17,5.0,0.0,6.95,0.0,6.65,0.0,7.580667188626425,0.11017181846577438,0.27609697309746883,17.0,0.0
2023-10-18,2.0,9.9,6.83,4.8,6.96,7.35,13.79356711033246,0.20227362694742343,0.2926003356333479,17.237499999999997,-3.0
2023-10-19,5.0,0.1,3.32,0.0,2.9,0.05,11.774532043782592,0.17234287265224615,0.30901699437494723,7.7749999999999995,3.0
2023-10-20,7.0,1.1,3.0,1.5,2.53,1.3,11.308352237215203,0.16543208963569117,0.3253420847119795,6.9125,2.0
2023-10-21,8.0,9.4,5.74,7.1,5.53,8.25,17.862099401632925,0.26258671529858163,0.341570769167856,14.087499999999999,1.0
2023-10-22,18.0,23.2,8.48,34.4,8.35,28.799999999999997,43.98278449138798,0.6498072348406821,0.35769823883312546,21.037499999999998,10.0
2023-10-23,18.0,6.4,9.7,7.8,9.39,7.1,44.48536681767978,0.6572576592392259,0.3737197147904692,23.8625,0.0
2023-10-24,28.0,0.0,6.67,0.0,6.73,0.0,37.81256179502781,0.5583380857749043,0.38963044953078774,16.75,10.0
2023-10-25,27.0,19.1,6.85,16.8,7.06,17.950000000000003,50.09067752577364,0.7403523911394356,0.4054257283599973,17.3875,-1.0
2023-10-26,35.0,1.7,3.32,3.5,3.37,2.6,45.177075896907596,0.6675117528095218,0.42110087079608916,8.362499999999999,8.0
2023-10-27,39.0,0.1,3.85,0.0,4.2,0.05,38.450514512371456,0.5677952796350297,0.4366512319560638,10.0625,4.0
2023-10-28,44.0,0.3,2.21,0.2,2.0,0.25,32.93293733551574,0.48600113473820683,0.45207220393230374,5.2625,5.0
2023-10-29,47.0,3.5,3.29,2.0,3.48,2.75,30.742996735188377,0.4535368278445987,0.46735921715800205,8.462499999999999,3.0
2023-10-30,48.0,1.7,10.08,1.3,10.22,1.5,27.631547224910122,0.4074118088506862,0.48250774176121763,25.375,1.0
2023-10-31,54.0,0.0,11.88,0.1,12.03,0.05,23.536815141173605,0.3467103272700195,0.4975132889071803,29.8875,6.0
2023-11-01,53.0,0.3,8.69,0.0,8.45,0.15,20.15629286999756,0.2965964965772004,0.5123714121284235,21.425,-1.0
2023-11-02,55.0,0.0,6.39,0.0,6.69,0.0,17.132848939497926,0.2517760975121827,0.5270777086423724,16.35,2.0
2023-11-03,49.0,2.1,9.47,3.3,9.3,2.7,17.262921598573236,0.25370433187710445,0.5416278206559811,23.462500000000006,-6.0
2023-11-04,50.0,0.8,9.43,1.0,9.05,0.9,15.57348335878725,0.2286596153738301,0.5560174366570446,23.1,1.0
2023-11-05,51.0,1.5,6.85,1.6,6.65,1.55,14.787460854969163,0.21700739257590668,0.5702422926917867,16.875,1.0
2023-11-06,46.0,6.0,9.11,5.6,9.15,5.8,18.36934172672379,0.2701062208544472,0.5842981736283683,22.824999999999996,-5.0
2023-11-07,47.0,0.5,8.7,0.0,8.83,0.25,15.86394046771522,0.23296543477471165,0.5981809144059159,21.9125,1.0
2023-11-08,45.0,1.3,7.62,0.7,7.45,1.0,14.484349397557937,0.21251398148754386,0.6118864012687242,18.8375,-2.0
2023-11-09,50.0,0.3,7.74,0.0,7.62,0.15,12.461696987924245,0.18252960266209617,0.6254105729852457,19.2,5.0
2023-11-10,48.0,0.0,7.05,0.0,6.79,0.0,10.592442439735608,0.1548192376843441,0.6387494220515268,17.3,-2.0
2023-11-11,51.0,2.4,5.65,2.2,5.44,2.3,11.303576073775268,0.16536128642045103,0.6518989958787125,13.8625,3.0
2023-11-12,51.0,0.0,6.14,0.0,5.73,0.0,9.608039662708977,0.14022616887894576,0.6648553979642867,14.837500000000002,0.0
2023-11-13,51.0,1.4,5.31,0.8,5.21,1.1,9.26683371330263,0.13516803412689052,0.6776147890466887,13.149999999999999,0.0
2023-11-14,53.0,0.9,3.85,0.5,3.41,0.7,8.576808656307234,0.12493890498465292,0.690173388242972,9.075,2.0
2023-11-15,50.0,3.3,3.22,4.7,3.0,4.0,11.29028735786115,0.16516429068842367,0.7025274741691566,7.775,-3.0
2023-11-16,51.0,0.0,1.93,0.0,1.38,0.0,9.596744254181978,0.14005872250672252,0.7146733860429608,4.137499999999999,1.0
2023-11-17,51.0,0.2,1.18,0.4,0.93,0.30000000000000004,8.457232616054682,0.12316627550451954,0.726607524768565,2.6374999999999997,0.0
2023-11-18,58.0,0.0,-0.46,0.0,-0.86,0.0,7.18864772364648,0.104360409600404,0.7383263540031063,0.0,7.0
2023-11-19,54.0,0.0,0.05,0.0,-0.4,0.0,6.110350565099508,0.0883754235819058,0.749826401204568,0.0,-4.0
2023-11-20,53.0,0.0,-0.46,0.0,-0.88,0.0,5.1937979803345815,0.07478818546618232,0.7611042586607742,0.0,-1.0
2023-11-21,56.0,0.0,-2.86,0.0,-3.05,0.0,4.414728283284394,0.06323903306781736,0.7721565844991641,0.0,3.0
2023-11-22,51.0,0.1,-4.44,0.1,-4.75,0.1,3.8525190407917353,0.05490468217995482,0.7829801036770625,0.0,-5.0
2023-11-23,50.0,17.2,1.7,10.2,1.48,13.7,16.974641184672976,0.24943078042695305,0.7935716089521472,3.9749999999999996,-1.0
2023-11-24,52.0,1.4,1.3,6.4,1.02,3.9000000000000004,18.32844500697203,0.2694999561636311,0.8039279618328208,2.9000000000000004,2.0
2023-11-25,51.0,0.8,-0.62,0.3,-0.95,0.55,16.129178255926224,0.23689739573976096,0.8140460935082175,0.0,-1.0
2023-11-26,54.0,0.0,-5.19,0.0,-5.87,0.0,13.70980151753729,0.2010318618003592,0.8239230057575536,0.0,3.0
2023-11-27,56.0,0.0,-5.2,0.0,-5.91,0.0,11.653331289906696,0.1705461579518677,0.8335557718385695,0.0,2.0
2023-11-28,53.0,0.0,-5.48,0.0,-5.99,0.0,9.905331596420691,0.14463330968064994,0.8429415373547832,0.0,-3.0
2023-11-29,57.0,0.0,-5.94,0.0,-6.47,0.0,8.419531856957587,0.12260738865011483,0.8520775211013093,0.0,4.0
2023-11-30,51.0,0.0,-3.85,0.0,-4.16,0.0,7.156602078413949,0.10388535577416001,0.8609610158889945,0.0,-6.0
2023-12-01,50.0,0.1,-2.48,0.1,-3.44,0.1,6.183111766651856,0.08945405648034606,0.8695893893466109,0.0,-1.0
2023-12-02,46.0,0.0,-1.23,0.0,-1.85,0.0,5.255645001654077,0.07570502342985654,0.8779600847008883,0.0,-4.0
2023-12-03,40.0,1.1,-3.11,1.3,-3.39,1.2000000000000002,5.667298251405966,0.08180748914591235,0.8860706215341377,0.0,-6.0
2023-12-04,31.0,1.3,-1.29,0.3,-1.6,0.8,5.61720351369507,0.08106487040156914,0.893918596519257,0.0,-9.0
2023-12-05,17.0,0.2,-2.41,0.1,-3.29,0.15000000000000002,4.92462298664081,0.07079785823901766,0.9015016841318838,0.0,-14.0
2023-12-06,23.0,0.0,-5.52,0.0,-4.94,0.0,4.185929538644689,0.0598472549247274,0.9088176373395028,0.0,6.0
2023-12-07,27.0,0.0,-3.08,0.0,-3.65,0.0,3.5580401078479853,0.050539242107580686,0.9158642882672868,0.0,4.0
2023-12-08,38.0,0.0,-4.24,0.0,-4.81,0.0,3.0243340916707875,0.042627431213005974,0.9226395488404875,0.0,11.0
2023-12-09,44.0,1.5,-3.78,2.0,-4.35,1.75,4.320683977920169,0.06184489334070147,0.9291414114031743,0.0,6.0
2023-12-10,50.0,0.3,-1.82,0.4,-2.49,0.35,4.022581381232143,0.05742573503877545,0.935367949313148,0.0,6.0
2023-12-11,52.0,5.3,-0.45,3.5,-0.93,4.4,7.819194174047322,0.11370781083741845,0.941317317512847,0.0,2.0
2023-12-12,42.0,2.1,1.18,2.2,0.83,2.1500000000000004,8.796315047940224,0.12819293062444273,0.946987753076075,2.5124999999999997,-10.0
2023-12-13,28.0,0.0,0.71,0.0,0.53,0.0,7.47686779074919,0.1086330664523387,0.9523775757303973,1.55,-14.0
2023-12-14,31.0,0.0,0.29,0.0,0.24,0.0,6.355337622136811,0.09200718190605028,0.9574851883550389,0.6625000000000001,3.0
2023-12-15,31.0,0.7,-0.97,1.4,-1.41,1.0499999999999998,6.452036978816289,0.09344068087455554,0.9623090774541487,0.0,0.0
2023-12-16,35.0,2.0,3.37,0.9,3.23,1.45,6.934231431993846,0.10058886960077563,0.9668478136052773,8.25,4.0
2023-12-17,48.0,4.2,6.84,3.6,6.37,3.9000000000000004,9.794096717194769,0.14298433196138033,0.9711000518829505,16.512500000000003,13.0
2023-12-18,59.0,1.5,6.92,0.5,6.51,1.0,9.324982209615554,0.13603004409621225,0.9750645322571945,16.7875,11.0
2023-12-19,73.0,5.5,6.75,1.8,6.37,3.65,11.57623487817322,0.1694032586556323,0.9787400799669153,16.400000000000002,14.0
2023-12-20,99.0,3.4,3.77,2.5,3.5,2.95,12.78979964644724,0.18739349047590576,0.9821256058680006,9.087499999999999,26.0
2023-12-21,137.0,5.3,2.86,3.3,2.46,4.3,15.171329699480154,0.22269797430823157,0.9852201067560606,6.65,38.0
2023-12-22,134.0,3.4,2.62,2.3,2.07,2.8499999999999996,15.74563024455813,0.23121157012986746,0.9880226656636976,5.862499999999999,-3.0
2023-12-23,121.0,5.7,0.68,0.6,0.37,3.15,16.53378570787441,0.24289541253050093,0.9905324521322227,1.3125,-13.0
2023-12-24,111.0,1.9,0.09,0.7,-0.19,1.2999999999999998,15.35371785169325,0.22540174853220776,0.9927487224577402,0.0,-10.0
2023-12-25,114.0,11.3,4.51,7.7,4.47,9.5,22.550660173939264,0.3320912834949664,0.9946708199115211,11.225000000000001,3.0
2023-12-26,119.0,5.1,3.51,4.5,3.31,4.8,23.968061147848374,0.3531032416281714,0.9962981749346077,8.525,5.0
2023-12-27,123.0,1.0,2.37,0.8,1.92,0.9,21.272851975671117,0.313148688662237,0.9976303053065857,5.3625,4.0
2023-12-28,124.0,0.0,1.76,0.1,1.48,0.05,18.13192417932045,0.2665866751098377,0.9986668162884759,4.050000000000001,1.0
2023-12-29,125.0,2.4,5.25,0.6,5.31,1.5,16.912135552422384,0.2485041790261393,0.9994074007397048,13.2,1.0
2023-12-30,125.0,2.2,4.84,2.4,4.44,2.3,16.675315219559025,0.2449934865609769,0.9998518392091162,11.600000000000001,0.0
2023-12-31,127.0,1.0,2.45,1.4,1.8,1.2,15.37401793662517,0.22570268280736466,1.0,5.3125,2.0
2024-01-01,132.0,0.1,-0.28,0.0,-0.53,0.05,13.117915246131396,0.1922575701331962,0.9998518392091162,0.0,5.0
2024-01-02,127.0,1.7,-5.47,1.2,-5.34,1.45,12.600227959211686,0.1845832254706202,0.9994074007397048,0.0,-5.0
2024-01-03,133.0,1.3,-7.38,1.6,-7.38,1.4500000000000002,12.160193765329932,0.17806003250743058,0.998666816288476,0.0,6.0
2024-01-04,131.0,2.9,-7.47,2.5,-7.88,2.7,13.036164700530442,0.19104567662306512,0.9976303053065857,0.0,-2.0
2024-01-05,129.0,1.1,-6.8,0.4,-6.71,0.75,11.830739995450875,0.17317611543177516,0.9962981749346078,0.0,-2.0
2024-01-06,126.0,0.0,-7.92,0.0,-8.11,0.0,10.056128996133243,0.14686877353857128,0.9946708199115211,0.0,-3.0
2024-01-07,110.0,0.0,-17.04,0.0,-16.51,0.0,8.547709646713257,0.12450753292934798,0.9927487224577402,0.0,-16.0
2024-01-08,94.0,0.0,-18.93,0.0,-19.04,0.0,7.265553199706268,0.10550047841150818,0.9905324521322229,0.0,-16.0
2024-01-09,140.0,0.3,-5.47,0.5,-6.89,0.4,6.575720219750328,0.09527419667433498,0.9880226656636976,0.0,46.0
2024-01-10,231.0,1.3,1.17,0.5,0.46,0.9,6.489362186787779,0.09399400045147605,0.9852201067560606,2.0374999999999996,91.0
2024-01-11,246.0,0.4,0.15,0.0,-0.35,0.2,5.715957858769612,0.08252883310681235,0.9821256058680006,0.0,15.0
2024-01-12,232.0,5.3,-4.12,4.1,-4.5,4.699999999999999,9.55856417995417,0.13949273014749278,0.9787400799669153,0.0,-14.0
2024-01-13,253.0,0.3,-7.09,0.4,-7.52,0.35,8.474779552961044,0.12342639632454806,0.9750645322571948,0.0,21.0
2024-01-14,256.0,6.4,-0.81,5.8,-1.11,6.1,13.303562620016887,0.19500965999303535,0.9711000518829505,0.0,3.0
2024-01-15,281.0,5.7,0.37,1.8,-0.01,3.75,15.058028227014354,0.2210183608186796,0.9668478136052775,0.44999999999999996,25.0
2024-01-16,283.0,2.2,-5.88,0.6,-5.92,1.4000000000000001,14.199323992962201,0.20828868322790725,0.9623090774541486,0.0,2.0
2024-01-17,252.0,0.0,-11.31,0.0,-10.79,0.0,12.06942539401787,0.17671445616528353,0.9574851883550393,0.0,-31.0
2024-01-18,225.0,1.7,-4.3,1.2,-4.47,1.45,11.709011584915189,0.17137157859789443,0.9523775757303974,0.0,-27.0
2024-01-19,235.0,1.2,-4.42,0.0,-4.08,0.6,10.55265984717791,0.1542294891342586,0.9469877530760753,0.0,10.0
2024-01-20,256.0,6.3,-1.89,4.2,-2.18,5.25,14.219760870101224,0.2085916453499342,0.9413173175128471,0.0,21.0
2024-01-21,263.0,0.0,-3.1,0.0,-3.66,0.0,12.08679673958604,0.1769719739690065,0.9353679493131483,0.0,7.0
2024-01-22,265.0,1.5,0.34,0.0,-0.25,0.75,11.023777228648134,0.16121346817582533,0.9291414114031743,0.11250000000000003,2.0
2024-01-23,284.0,2.2,3.02,1.0,2.69,1.6,10.970210644350914,0.16041938178297643,0.9226395488404876,7.1375,19.0
2024-01-24,303.0,12.7,2.96,6.2,2.76,9.45,18.774679047698278,0.276115057432746,0.9158642882672872,7.1499999999999995,19.0
2024-01-25,292.0,4.7,2.17,3.3,1.71,4.0,19.958477190543537,0.2936640202693028,0.9088176373395029,4.85,-11.0
2024-01-26,296.0,0.0,-0.09,0.0,-0.59,0.0,16.964705611962007,0.24928349265046978,0.901501684131884,0.0,4.0
2024-01-27,300.0,0.6,-0.08,0.5,-0.59,0.55,14.969999770167705,0.21971340175357382,0.893918596519257,0.0,4.0
2024-01-28,313.0,0.6,1.06,0.7,0.65,0.6499999999999999,13.37449980464255,0.19606125314195993,0.886070621534138,2.1375,13.0
2024-01-29,320.0,0.0,1.9,0.0,1.36,0.0,11.368324833946167,0.16632114059222833,0.8779600847008882,4.074999999999999,7.0
2024-01-30,322.0,0.0,1.07,0.0,1.51,0.0,9.663076108854241,0.14104204492495648,0.869589389346611,3.225,2.0
2024-01-31,322.0,0.4,1.99,0.2,1.55,0.30000000000000004,8.513614692526106,0.12400209956001838,0.8609610158889943,4.425,0.0
2024-02-01,321.0,3.6,2.05,1.1,1.84,2.35,9.58657248864719,0.13990793334014798,0.8520775211013093,4.8625,-1.0
2024-02-02,298.0,3.4,1.56,2.0,1.28,2.7,10.848586615350111,0.1586163923308749,0.8429415373547828,3.55,-23.0
2024-02-03,265.0,1.6,5.23,1.3,5.1,1.4500000000000002,10.671298623047594,0.1559882243386471,0.8335557718385699,12.9125,-33.0
2024-02-04,198.0,10.7,3.52,2.3,3.4,6.5,15.570603829590455,0.22861692840801015,0.8239230057575542,8.65,-67.0
2024-02-05,160.0,1.1,1.89,3.0,1.39,2.05,15.285013255151885,0.22438325190869798,0.8140460935082178,4.1,-38.0
2024-02-06,172.0,7.8,0.45,6.2,0.42,7.0,19.9922612668791,0.29416484509629165,0.8039279618328213,1.0875,12.0
2024-02-07,185.0,5.7,1.02,5.3,0.88,5.5,22.493422076847235,0.33124276954453147,0.7935716089521474,2.375,13.0
2024-02-08,202.0,0.0,-0.96,0.3,-1.62,0.15,19.269408765320147,0.2834490725105356,0.7829801036770629,0.0,17.0
2024-02-09,211.0,0.0,-0.65,0.1,-1.22,0.05,16.428997450522125,0.24134200138089146,0.7721565844991642,0.0,9.0
2024-02-10,226.0,0.0,0.12,0.1,-0.33,0.05,14.014647832943806,0.20555099092069398,0.7611042586607747,0.0,15.0
2024-02-11,234.0,1.9,1.56,1.3,1.16,1.6,13.512450658002235,0.19810627611611478,0.7498264012045686,3.3999999999999995,8.0
2024-02-12,233.0,4.5,3.51,1.9,3.35,3.2,14.685583059301901,0.21549712694418502,0.7383263540031065,8.575,-1.0
2024-02-13,236.0,0.6,3.73,0.2,3.59,0.4,12.882745600406617,0.1887713479271103,0.7266075247685656,9.15,3.0
2024-02-14,233.0,0.1,2.4,0.0,2.86,0.05,11.000333760345624,0.16086593548498,0.7146733860429609,6.574999999999999,-3.0
2024-02-15,231.0,0.2,3.42,1.9,3.38,1.05,10.400283696293782,0.1519706214166458,0.702527474169157,8.5,-2.0
2024-02-16,221.0,0.0,5.89,0.0,5.28,0.0,8.840241141849715,0.12884410362571133,0.6901733882429719,13.9625,-10.0
2024-02-17,208.0,3.8,4.16,4.2,3.62,4.0,11.514204970572258,0.16848370953332334,0.6776147890466889,9.725,-13.0
2024-02-18,203.0,0.0,0.28,0.0,-0.35,0.0,9.78707422498642,0.14288022852488722,0.6648553979642865,0.0,-5.0
2024-02-19,196.0,2.7,0.41,2.7,-0.32,2.7,11.019013091238456,0.1611428432379033,0.6518989958787126,0.11249999999999996,-7.0
2024-02-20,199.0,1.8,0.46,2.5,0.02,2.15,11.516161127552687,0.1685127081648548,0.6387494220515272,0.6000000000000001,3.0
2024-02-21,195.0,2.5,2.93,4.5,2.67,3.5,13.288736958419785,0.194789880137857,0.6254105729852463,7.0,-4.0
2024-02-22,194.0,2.4,5.62,1.9,5.25,2.15,13.445426414656817,0.19711268952981548,0.6118864012687243,13.587500000000002,-1.0
2024-02-23,199.0,7.8,7.17,6.9,7.08,7.35,18.778612452458294,0.2761733673518583,0.5981809144059164,17.8125,5.0
2024-02-24,201.0,0.4,7.6,0.3,7.52,0.35,16.31182058458955,0.2396049379482588,0.5842981736283683,18.9,2.0
2024-02-25,204.0,0.0,4.73,0.0,4.84,0.0,13.865047496901118,0.2033332726775824,0.5702422926917871,11.9625,3.0
2024-02-26,205.0,2.2,8.06,3.6,8.77,2.9000000000000004,14.68529037236595,0.21549278806918948,0.5560174366570446,21.037499999999998,1.0
2024-02-27,210.0,8.4,7.45,7.7,7.71,8.05,20.532496816511056,0.3021734516655598,0.5416278206559814,18.95,5.0
2024-02-28,214.0,8.6,7.32,4.8,8.11,6.699999999999999,24.152622294034398,0.3558392289373813,0.5270777086423722,19.2875,4.0
2024-02-29,215.0,0.0,3.86,0.0,3.67,0.0,20.529728949929236,0.30213242001833646,0.5123714121284237,9.4125,1.0
2024-03-01,219.0,0.0,7.67,0.0,7.44,0.0,17.45026960743985,0.2564816324371484,0.49751328890718066,18.8875,4.0
2024-03-02,223.0,0.0,5.35,0.0,6.02,0.0,14.832729166323873,0.21767846299313853,0.48250774176121847,14.212499999999999,4.0
2024-03-03,225.0,0.0,4.87,0.0,4.61,0.0,12.607819791375292,0.18469576896573014,0.46735921715800227,11.850000000000001,2.0
2024-03-04,224.0,0.0,3.31,0.0,2.8,0.0,10.716646822668997,0.15666047904243302,0.45207220393230435,7.637499999999999,-1.0
2024-03-05,221.0,0.0,4.42,0.0,4.22,0.0,9.109149799268646,0.13283048260763045,0.43665123195606403,10.8,-3.0
2024-03-06,220.0,0.0,1.08,0.0,1.0,0.0,7.742777329378349,0.11257498563804826,0.4211008707960896,2.6,-1.0
2024-03-07,218.0,0.0,-0.21,0.0,-0.69,0.0,6.581360729971596,0.09535781321390341,0.40542572835999735,0.0,-2.0
2024-03-08,214.0,0.0,-0.26,0.0,-1.26,0.0,5.594156620475856,0.0807232166533803,0.38963044953078796,0.0,-4.0
2024-03-09,212.0,0.0,-1.13,0.0,-1.35,0.0,4.755033127404478,0.06828380957693564,0.37371971479046906,0.0,-2.0
2024-03-10,208.0,0.0,1.56,0.0,0.87,0.0,4.041778158293806,0.05771031356195769,0.35769823883312546,3.0375,-4.0
2024-03-11,204.0,0.0,2.63,0.0,2.04,0.0,3.4355114345497353,0.04872284194922643,0.3415707691678556,5.8375,-4.0
2024-03-12,199.0,0.7,2.06,0.6,1.59,0.6499999999999999,3.570184719367275,0.05071927730826463,0.3253420847119801,4.5625,-5.0
2024-03-13,190.0,0.0,3.0,0.0,2.3,0.0,3.0346570114621834,0.04278046113358733,0.30901699437494745,6.625,-9.0
2024-03-14,182.0,0.0,4.09,0.0,3.43,0.0,2.5794584597428556,0.03603246738511162,0.29260033563334836,9.399999999999999,-8.0
2024-03-15,174.0,0.0,6.08,0.0,5.61,0.0,2.192539690781427,0.030296672698907273,0.27609697309746883,14.6125,-8.0
2024-03-16,168.0,4.1,8.05,1.9,7.89,3.0,4.863658737164213,0.0698941067380633,0.2595117970697999,19.925,-6.0
2024-03-17,163.0,1.6,3.72,1.4,3.07,1.5,5.6341099265895815,0.08131549591013107,0.2428497220959356,8.4875,-5.0
2024-03-18,156.0,0.0,2.4,0.0,1.72,0.0,4.788993437601144,0.0687872469451738,0.22611568550828828,5.15,-7.0
2024-03-19,153.0,0.0,2.62,0.0,2.01,0.0,4.0706444219609725,0.058138235324960125,0.20931464596304847,5.7875,-3.0
2024-03-20,150.0,0.0,3.36,0.0,3.28,0.0,3.4600477586668266,0.0490865754477785,0.19245158197082998,8.299999999999999,-3.0
2024-03-21,148.0,1.2,5.4,1.0,4.91,1.1,4.041040594866803,0.05769937971039835,0.1755314904214282,12.887500000000001,-2.0
2024-03-22,146.0,1.3,6.81,0.2,6.16,0.75,4.1848845056367825,0.05983176305600843,0.15855938510313478,16.2125,-2.0
2024-03-23,142.0,8.9,6.93,9.9,6.62,9.4,12.957151829791265,0.18987436718944936,0.141540295217043,16.9375,-4.0
2024-03-24,141.0,2.7,3.4,3.8,3.1,3.25,14.263579055322575,0.20924121868189322,0.12447926388678915,8.125,-1.0
2024-03-25,140.0,0.2,3.78,0.9,3.08,0.55,12.674042197024189,0.18567746888028375,0.10738134666416309,8.575,-1.0
2024-03-26,141.0,0.0,4.59,0.0,4.63,0.0,10.77293586747056,0.15749492396980355,0.09025161003104117,11.524999999999999,1.0
2024-03-27,139.0,0.0,9.28,0.0,9.7,0.0,9.156995487349976,0.1335397607958954,0.07309512989807777,23.724999999999994,-2.0
2024-03-28,136.0,2.0,10.98,3.3,10.88,2.65,10.43344616424748,0.15246223134288642,0.055916990100603484,27.325,-3.0
2024-03-29,134.0,0.8,10.05,0.3,9.64,0.55,9.418429239610358,0.137415329642128,0.03872228089217446,24.6125,-2.0
2024-03-30,133.0,0.0,13.12,0.0,13.65,0.0,8.005664853668804,0.11647210561737117,0.021516097436222254,33.4625,-1.0
2024-03-31,128.0,0.0,15.81,0.0,18.18,0.0,6.804815125618483,0.0986703651963279,0.004303538296244289,42.487500000000004,-5.0
2024-04-01,126.0,0.0,16.03,0.0,16.39,0.0,5.78409285677571,0.08353888583844109,-0.01291029607500882,40.525000000000006,-2.0
2024-04-02,121.0,0.2,11.37,0.0,11.54,0.1,5.016478928259353,0.07215955703498497,-0.030120304846908114,28.637499999999996,-5.0
2024-04-03,120.0,1.0,4.05,0.1,3.67,0.55,4.81400708902045,0.06915805648041173,-0.04732138832243185,9.65,-1.0
2024-04-04,119.0,0.0,5.05,0.0,4.89,0.0,4.091906025667382,0.05845342342991236,-0.06450844944931623,12.424999999999999,-1.0
2024-04-05,118.0,1.8,9.89,2.5,9.77,2.15,5.6281201218172745,0.08122670132806253,-0.08167639533042241,24.575,-1.0
2024-04-06,116.0,6.8,10.53,10.6,9.9,8.7,13.483902103544683,0.19768306416546175,-0.09882013873287143,25.5375,-2.0
2024-04-07,114.0,0.0,12.71,0.0,12.73,0.0,11.46131678801298,0.16769967996220486,-0.11593459959550041,31.8,-2.0
2024-04-08,114.0,0.0,14.85,0.0,15.5,0.0,9.742119269811033,0.14221380338943654,-0.1330147065341959,37.9375,0.0
2024-04-09,118.0,0.0,18.68,0.0,19.75,0.0,8.280801379339378,0.12055080830258344,-0.1500553983446526,48.0375,4.0
2024-04-10,117.0,0.0,12.99,0.0,12.93,0.0,7.038681172438471,0.10213726247875832,-0.16705162550211924,32.400000000000006,-1.0
2024-04-11,117.0,0.0,11.62,0.0,11.0,0.0,5.9828789965727,0.08648574852850696,-0.18399835165768005,28.275,0.0
2024-04-12,115.0,0.8,12.85,0.2,12.45,0.5,5.5854471470867955,0.0805941049245316,-0.20089055513063506,31.624999999999996,-2.0
2024-04-13,117.0,1.6,11.16,1.1,11.01,1.35,6.097630075023776,0.08818685139250763,-0.21772323039653177,27.712500000000002,2.0
2024-04-14,112.0,1.9,10.85,3.7,10.4,2.8,7.982985563770209,0.11613590132612829,-0.23449138957040985,26.5625,-5.0
2024-04-15,114.0,0.0,7.66,0.0,7.39,0.0,6.785537729204678,0.09838459154877144,-0.25119006388481935,18.8125,2.0
2024-04-16,114.0,10.1,5.1,6.1,5.26,8.1,13.867707069823975,0.20337269894857835,-0.2678143051621742,12.95,0.0
2024-04-17,111.0,1.1,6.94,0.0,6.51,0.55,12.33755100935038,0.1806892271069661,-0.2843591872810034,16.8125,-3.0
2024-04-18,112.0,8.1,6.34,4.4,6.07,6.25,16.736918357947822,0.24590670913421214,-0.30081980763566735,15.5125,1.0
2024-04-19,109.0,2.1,5.43,3.3,4.87,2.7,16.926380604255648,0.24871535175582946,-0.3171912885891061,12.875,-3.0
2024-04-20,111.0,9.1,3.63,3.6,4.12,6.35,20.7374235136173,0.30521134373649367,-0.3334687789181868,9.6875,2.0
2024-04-21,107.0,1.2,4.93,0.8,4.31,1.0,18.626809986574706,0.2739230041050586,-0.3496474552512284,11.549999999999997,-4.0
2024-04-22,110.0,22.8,1.33,15.3,0.84,19.05,34.8827884885885,0.514906286878291,-0.36572252349726897,2.7125,3.0
2024-04-23,107.0,0.0,3.13,0.0,2.25,0.0,29.650370215300228,0.4373394192681097,-0.3816892202666588,6.725,-3.0
2024-04-24,111.0,8.8,5.31,8.2,4.53,8.5,33.702814683005194,0.4974140171130066,-0.39754281428255595,12.3,4.0
2024-04-25,118.0,0.4,5.96,0.7,5.49,0.55,29.197392480554413,0.43062434754673007,-0.4132786077829042,14.3125,7.0
2024-04-26,118.0,0.0,7.8,0.0,7.37,0.0,24.81778360847125,0.3656997708362829,-0.4288919379124835,18.9625,0.0
2024-04-27,123.0,0.0,10.51,0.0,10.89,0.0,21.09511606720056,0.3105138806324028,-0.4443781781046132,26.75,5.0
2024-04-28,126.0,0.0,13.23,0.0,13.75,0.0,17.930848657120475,0.2636058739591048,-0.45973273945210397,33.725,3.0
2024-04-29,126.0,0.0,16.8,0.0,17.43,0.0,15.241221358552403,0.22373406828680148,-0.47495107206704995,42.78750000000001,0.0
2024-04-30,125.0,0.0,17.47,0.0,17.94,0.0,12.955038154769543,0.18984303346534365,-0.49002866642905923,44.262499999999996,-1.0
2024-05-01,124.0,0.0,16.05,0.0,17.04,0.0,11.011782431554112,0.1610356538671045,-0.5049610547215204,41.362500000000004,-1.0
2024-05-02,122.0,0.0,17.26,0.0,18.19,0.0,9.360015066820996,0.13654938120860122,-0.5197438121555155,44.3125,-2.0
2024-05-03,116.0,0.0,16.2,0.0,17.0,0.0,7.956012806797846,0.11573604944887343,-0.5343725582809787,41.5,-6.0
2024-05-04,111.0,0.0,16.65,0.0,16.2,0.0,6.762610885778169,0.09804471745310481,-0.548842958284719,41.06249999999999,-5.0
2024-05-05,108.0,1.1,16.38,1.3,16.61,1.2000000000000002,6.948219252911444,0.10079622906567338,-0.5631507242749186,41.2375,-3.0
2024-05-06,104.0,6.3,14.31,6.7,13.91,6.5,12.405986364974726,0.18170373242598248,-0.5772916165517272,35.275,-4.0
2024-05-07,105.0,0.7,8.47,2.0,7.94,1.35,11.895088410228517,0.1741300347687409,-0.5912614448635781,20.5125,1.0
2024-05-08,94.0,0.0,7.58,0.0,6.73,0.0,10.11082514869424,0.14767960497499213,-0.6050560696488488,17.8875,-11.0
2024-05-09,95.0,1.2,7.8,0.0,7.97,0.6,9.194201376390103,0.13409131155479165,-0.6186714032625031,19.7125,1.0
2024-05-10,91.0,4.8,10.77,4.2,10.29,4.5,12.315071169931587,0.18035597952677987,-0.6321034111873487,26.325,-4.0
2024-05-11,86.0,0.0,8.42,0.0,7.59,0.0,10.467810494441848,0.15297165801932527,-0.6453481132295501,20.012499999999996,-5.0
2024-05-12,78.0,0.0,9.27,0.0,8.33,0.0,8.89763892027557,0.12969498473798888,-0.6584015846980488,22.0,-8.0
2024-05-13,80.0,0.0,12.58,0.0,11.62,0.0,7.562993082234234,0.10990981244885292,-0.6712599575675313,30.25,2.0
2024-05-14,75.0,0.0,15.08,0.0,14.37,0.0,6.428544119899099,0.09309241600308739,-0.6839194216246106,36.8125,-5.0
2024-05-15,73.0,0.0,14.52,0.0,14.35,0.0,5.464262501914234,0.07879762902418667,-0.6963762255968722,36.0875,-2.0
2024-05-16,68.0,0.0,13.5,0.0,13.28,0.0,4.644623126627099,0.06664706009212107,-0.7086266782644596,33.475,-5.0
2024-05-17,65.0,0.0,15.64,0.0,15.11,0.0,3.947929657633034,0.0563190764998653,-0.7206671495538609,38.4375,-3.0
2024-05-18,64.0,0.1,17.54,0.0,17.26,0.05,3.4057402089880786,0.04828150477182172,-0.7324940716135789,43.5,-1.0
2024-05-19,57.0,1.9,18.72,0.2,18.72,1.05,3.9448791776398666,0.05627385531046126,-0.7441039398713607,46.8,-7.0
2024-05-20,57.0,6.7,16.22,1.0,15.5,3.85,7.203147300993887,0.10457535548923928,-0.7554933140726803,39.65,0.0
2024-05-21,52.0,2.3,17.82,0.2,18.09,1.25,7.3726752058448035,0.1070884857217615,-0.766658819300159,44.887499999999996,-5.0
2024-05-22,51.0,1.3,19.3,0.3,20.3,0.8,7.066773924968083,0.10255371749104092,-0.777597146973627,49.5,-1.0
2024-05-23,49.0,0.0,21.5,0.0,21.85,0.0,6.00675783622287,0.08683973528894717,-0.7883050558305255,54.1875,-2.0
2024-05-24,49.0,0.0,21.78,0.0,21.85,0.0,5.105744160789439,0.07348285041716748,-0.7987793728863649,54.5375,0.0
2024-05-25,44.0,0.3,19.37,6.2,17.04,3.25,7.589882536671023,0.11030842942545363,-0.8090169943749473,45.512499999999996,-5.0
2024-05-26,43.0,0.0,20.03,0.0,19.57,0.0,6.4514001561703695,0.09343124043319798,-0.8190148866680801,49.5,-1.0
2024-05-27,41.0,0.0,20.11,0.0,19.71,0.0,5.4836901327448135,0.07908562978978066,-0.8287700871745037,49.775,-2.0
2024-05-28,42.0,0.0,21.36,0.0,21.36,0.0,4.661136612833092,0.06689186074287597,-0.8382797052177743,53.4,1.0
2024-05-29,37.0,0.3,20.54,0.1,20.56,0.2,4.161966120908128,0.05949201435450227,-0.8475409228928311,51.37499999999999,-5.0
2024-05-30,35.0,0.1,20.47,1.0,20.31,0.55,4.087671202771908,0.058390645202001434,-0.8565509959010036,50.975,-2.0
2024-05-31,32.0,4.0,19.08,0.6,18.75,2.3,5.774520522356122,0.08339698281045974,-0.865307254363206,47.287499999999994,-3.0
2024-06-01,32.0,0.0,19.96,0.0,19.93,0.0,4.908342444002703,0.07055651081045317,-0.8738071036110808,49.8625,0.0
2024-06-02,31.0,22.8,18.9,19.6,18.06,21.200000000000003,25.372091077402303,0.37391698356895103,-0.8820480249558537,46.19999999999999,-1.0
2024-06-03,28.0,0.9,18.97,1.5,18.38,1.2,22.766277415791954,0.3352876552641426,-0.8900275764346767,46.68749999999999,-3.0
2024-06-04,27.0,0.0,18.28,0.0,17.48,0.0,19.35133580342316,0.2846635823960836,-0.8977433935342337,44.7,-1.0
2024-06-05,26.0,0.0,19.11,0.0,18.42,0.0,16.448635432909686,0.24163312045823343,-0.9051931898913974,46.9125,-1.0
2024-06-06,30.0,0.1,16.26,0.1,15.65,0.1,14.081340117973232,0.20653965646180847,-0.9123747579707273,39.8875,4.0
2024-06-07,33.0,4.4,14.68,3.8,14.0,4.1,16.069139100277248,0.23600735809475357,-0.9192859697186104,35.85,3.0
2024-06-08,25.0,0.0,15.17,0.0,14.88,0.0,13.65876823523566,0.2002753298021029,-0.9259247771938498,37.5625,-8.0
2024-06-09,26.0,10.6,15.2,8.5,15.01,9.55,21.159952999950313,0.31147504189975117,-0.9322892131745133,37.7625,1.0
2024-06-10,33.0,0.6,14.86,2.1,14.57,1.35,19.335960049957766,0.28443564782144426,-0.9383773917408641,36.7875,7.0
2024-06-11,33.0,0.9,16.5,0.0,16.52,0.45,16.8855660424641,0.24811030499815442,-0.9441875088341993,41.27499999999999,0.0
2024-06-12,25.0,0.0,15.61,0.0,14.82,0.0,14.352731136094484,0.21056283466999368,-0.9497178427914316,38.0375,-8.0
2024-06-13,31.0,4.8,15.5,5.9,14.55,5.35,17.54982146568031,0.2579574177060566,-0.9549667548552551,37.5625,6.0
2024-06-14,25.0,0.9,14.79,0.4,14.0,0.65,15.567348245828263,0.22856866670157033,-0.9599326896597447,35.9875,-6.0
2024-06-15,24.0,0.0,16.75,0.0,16.68,0.0,13.232246008954023,0.19395244211789717,-0.9646141756912435,41.7875,-1.0
2024-06-16,29.0,0.0,19.1,0.0,19.14,0.0,11.247409107610919,0.16452865122177499,-0.9690098257244062,47.800000000000004,5.0
2024-06-17,25.0,0.0,20.25,0.0,19.62,0.0,9.560297741469281,0.13951842896007113,-0.9731183372332619,49.837500000000006,-4.0
2024-06-18,25.0,0.0,21.15,0.0,20.74,0.0,8.126253080248889,0.11825974003762285,-0.9769384927771817,52.3625,0.0
2024-06-19,24.0,9.5,18.68,9.3,17.9,9.4,16.307315118211555,0.23953814762382158,-0.980469160361632,45.724999999999994,-1.0
2024-06-20,25.0,0.0,17.29,0.0,16.45,0.0,13.861217850479822,0.20327650090181076,-0.9837092937736097,42.175,1.0
2024-06-21,23.0,0.0,18.31,0.0,17.56,0.0,11.782035172907849,0.17245410118810153,-0.986657932891657,44.8375,-2.0
2024-06-22,22.0,14.5,18.86,3.9,18.55,9.2,19.21472989697167,0.2826384973002331,-0.9893142039703663,46.762499999999996,-1.0
2024-06-23,26.0,1.8,15.94,1.6,15.82,1.7000000000000002,18.032520412425917,0.2651130851894707,-0.99167731989929,39.699999999999996,4.0
2024-06-24,23.0,0.0,18.09,0.9,17.27,0.45,15.77764235056203,0.23168612676097697,-0.993746580436178,44.2,-3.0
2024-06-25,25.0,0.0,21.33,0.0,20.95,0.0,13.410995997977725,0.19660228316839282,-0.9955213724144752,52.85,2.0
2024-06-26,26.0,0.0,22.16,0.0,22.56,0.0,11.399346598281067,0.1667810161146963,-0.9970011699250151,55.9,1.0
2024-06-27,25.0,0.0,24.47,0.0,24.62,0.0,9.689444608538906,0.14143293911905425,-0.9981855344718586,61.362500000000004,-1.0
2024-06-28,21.0,0.7,25.87,0.8,26.12,0.75,8.98602791725807,0.13100528855336593,-0.99907411510223,64.9875,-4.0
2024-06-29,18.0,15.4,21.19,8.7,20.67,12.05,19.68812372966936,0.28965622310701616,-0.9996666485105112,52.325,-3.0
2024-06-30,19.0,0.0,23.58,0.0,23.79,0.0,16.734905170218955,0.2458768650625261,-0.9999629591162655,59.2125,1.0
2024-07-01,15.0,0.1,21.81,0.0,21.16,0.05,14.274669394686113,0.20940562505008345,-0.9999629591162655,53.7125,-4.0
2024-07-02,13.0,0.2,17.44,0.0,16.78,0.1,12.233468985483196,0.17914628536488097,-0.9996666485105112,42.775,-2.0
2024-07-03,12.0,0.0,17.85,0.0,17.07,0.0,10.398448637660715,0.1519434179817112,-0.99907411510223,43.650000000000006,-1.0
2024-07-04,4.0,0.0,18.6,0.0,18.23,0.0,8.838681342011608,0.1288209807060169,-0.9981855344718586,46.037499999999994,-8.0
2024-07-05,4.0,0.7,17.74,0.3,17.36,0.5,8.012879140709867,0.11657905227541507,-0.9970011699250151,43.87499999999999,0.0
2024-07-06,6.0,0.3,21.24,0.0,21.64,0.15,6.960947269603387,0.10098491283178669,-0.9955213724144752,53.599999999999994,2.0
2024-07-07,4.0,0.5,22.1,1.4,21.53,0.95,6.866805179162879,0.09958932351068382,-0.9937465804361781,54.5375,-2.0
2024-07-08,0.0,0.0,20.25,0.1,19.72,0.05,5.886784402288447,0.08506121473101746,-0.99167731989929,49.9625,-4.0
2024-07-09,7.0,0.0,21.93,0.0,22.25,0.0,5.00376674194518,0.07197110794292724,-0.9893142039703664,55.225,7.0
2024-07-10,9.0,0.0,24.27,0.0,24.89,0.0,4.2532017306534025,0.06084451717305055,-0.9866579328916572,61.449999999999996,2.0
2024-07-11,18.0,14.0,23.32,19.4,23.45,16.7,20.31522147105539,0.2989524996935141,-0.9837092937736098,58.46249999999999,9.0
2024-07-12,18.0,0.0,23.08,0.0,23.05,0.0,17.267938250397084,0.2537787001610494,-0.9804691603616321,57.662499999999994,0.0
2024-07-13,26.0,13.8,23.49,11.5,24.01,12.65,27.32774751283752,0.40290819487803303,-0.9769384927771817,59.375,8.0
2024-07-14,29.0,0.0,20.01,0.0,19.48,0.0,23.22858538591189,0.34214104106789045,-0.973118337233262,49.362500000000004,3.0
2024-07-15,27.0,0.0,21.19,0.0,20.46,0.0,19.744297578025108,0.2904889603292693,-0.9690098257244063,52.06250000000001,-2.0
2024-07-16,22.0,6.4,25.0,15.1,24.7,10.75,27.53265294132134,0.40594577165681445,-0.9646141756912435,62.125,-5.0
2024-07-17,22.0,0.0,24.1,0.0,23.89,0.0,23.40275500012314,0.3447229813298547,-0.9599326896597445,59.987500000000004,0.0
2024-07-18,22.0,0.0,21.47,0.0,20.95,0.0,19.89234175010467,0.2926836095519389,-0.9549667548552553,53.025000000000006,0.0
2024-07-19,20.0,0.0,19.33,0.0,18.67,0.0,16.90849048758897,0.24845014354071046,-0.9497178427914317,47.5,-2.0
2024-07-20,13.0,0.0,19.93,0.0,19.59,0.0,14.372216914450625,0.2108516974311663,-0.9441875088341994,49.39999999999999,-7.0
2024-07-21,14.0,0.0,21.6,0.0,20.87,0.0,12.216384377283031,0.17889301823805376,-0.9383773917408642,53.0875,1.0
2024-07-22,12.0,0.0,22.56,0.0,21.6,0.0,10.383926720690576,0.15172814092390807,-0.9322892131745134,55.199999999999996,-2.0
2024-07-23,8.0,0.2,21.72,0.0,20.69,0.1,8.926337712586989,0.1301204238576319,-0.9259247771938499,53.012499999999996,-4.0
2024-07-24,6.0,13.9,20.3,1.0,19.87,7.45,15.03738705569894,0.22071237018124998,-0.9192859697186105,50.212500000000006,-2.0
2024-07-25,7.0,6.2,18.33,17.8,17.18,12.0,24.781778997344098,0.3651660281653437,-0.9123747579707274,44.387499999999996,1.0
2024-07-26,11.0,3.1,19.49,5.2,18.6,4.15,25.214512147742482,0.37158098836813236,-0.9051931898913975,47.612500000000004,4.0
2024-07-27,18.0,0.1,21.48,0.0,21.41,0.05,21.48233532558111,0.31625412985984874,-0.8977433935342336,53.6125,7.0
2024-07-28,18.0,30.4,18.05,11.7,17.68,21.049999999999997,39.309985026743945,0.5805363167848158,-0.8900275764346766,44.66250000000001,0.0
2024-07-29,20.0,29.0,15.9,23.9,15.85,26.45,59.86348727273236,0.8852273228114113,-0.8820480249558535,39.6875,2.0
2024-07-30,21.0,0.0,18.28,0.0,17.5,0.0,50.8839641818225,0.7521122998112619,-0.8738071036110807,44.725,1.0
2024-07-31,19.0,0.0,19.0,0.0,17.99,0.0,43.25136955454912,0.638964530261135,-0.8653072543632061,46.2375,-2.0
2024-08-01,19.0,0.0,19.56,0.0,18.58,0.0,36.76366412136675,0.5427889261435271,-0.8565509959010037,47.675,0.0
2024-08-02,24.0,0.0,18.04,0.0,17.01,0.0,31.24911450316174,0.4610396626435604,-0.8475409228928312,43.8125,5.0
2024-08-03,24.0,0.0,18.56,0.0,17.91,0.0,26.561747327687478,0.3915527886685887,-0.8382797052177745,45.5875,0.0
2024-08-04,24.0,0.0,19.19,0.0,18.17,0.0,22.577485228534357,0.3324889457898628,-0.828770087174504,46.7,0.0
2024-08-05,21.0,1.8,19.05,0.8,18.26,1.3,20.490862444254205,0.3015562518026653,-0.8190148866680802,46.6375,-3.0
2024-08-06,24.0,3.7,19.45,0.0,19.06,1.85,19.267233077616076,0.2834168194926596,-0.8090169943749472,48.137499999999996,3.0
2024-08-07,21.0,0.0,19.33,0.3,18.3,0.15,16.527148115973663,0.24279701496644454,-0.7987793728863648,47.037499999999994,-3.0
2024-08-08,18.0,0.0,20.05,0.0,19.48,0.0,14.048075898577613,0.20604653814304028,-0.7883050558305253,49.4125,-3.0
2024-08-09,21.0,4.2,19.97,0.0,20.3,2.1,14.04086451379097,0.2059396345088474,-0.7775971469736268,50.33749999999999,3.0
2024-08-10,17.0,0.6,19.07,0.2,19.12,0.4,12.334734836722324,0.18064747935707332,-0.7666588193001592,47.7375,-4.0
2024-08-11,12.0,3.7,16.45,8.4,16.44,6.050000000000001,16.534524611213975,0.24290636624530795,-0.7554933140726804,41.1125,-5.0
2024-08-12,13.0,0.0,17.27,0.0,16.48,0.0,14.054345919531878,0.20613948673007415,-0.7441039398713608,42.1875,1.0
2024-08-13,13.0,0.0,17.45,0.0,16.42,0.0,11.946194031602095,0.17488763914212543,-0.7324940716135792,42.337500000000006,0.0
2024-08-14,7.0,0.0,18.06,0.0,17.69,0.0,10.154264926861782,0.148323568692369,-0.7206671495538615,44.6875,-6.0
2024-08-15,10.0,0.0,20.04,0.0,20.07,0.0,8.631125187832515,0.12574410881007606,-0.7086266782644601,50.1375,3.0
2024-08-16,9.0,4.4,22.64,0.4,23.2,2.4000000000000004,9.736456409657638,0.14212985552807084,-0.6963762255968726,57.300000000000004,-1.0
2024-08-17,8.0,6.8,22.19,0.2,22.0,3.5,11.775987948208993,0.17236445539659062,-0.6839194216246105,55.2375,-1.0
2024-08-18,7.0,0.0,22.62,0.0,23.03,0.0,10.009589755977643,0.1461788625086644,-0.6712599575675315,57.06250000000001,-1.0
2024-08-19,7.0,2.7,22.97,2.2,22.61,2.45,10.958151292580997,0.16024061049724475,-0.6584015846980489,56.974999999999994,0.0
2024-08-20,7.0,0.0,20.32,0.0,20.08,0.0,9.314428598693848,0.13587359434422044,-0.64534811322955,50.5,0.0
2024-08-21,6.0,5.1,21.66,1.9,21.54,3.5,11.41726430888977,0.16704663339031778,-0.6321034111873488,54.0,-1.0
2024-08-22,7.0,2.4,17.52,2.4,16.89,2.4,12.104674662556304,0.17723700142127627,-0.6186714032625032,43.012499999999996,1.0
2024-08-23,25.0,0.0,18.59,0.3,18.5,0.15,10.438973463172859,0.15254416960576872,-0.6050560696488494,46.362500000000004,18.0
2024-08-24,24.0,0.0,21.75,0.0,21.59,0.0,8.87312744369693,0.1293316195864658,-0.5912614448635782,54.175000000000004,-1.0
2024-08-25,21.0,0.0,23.25,0.0,23.55,0.0,7.54215832714239,0.10960095207005832,-0.5772916165517278,58.5,-3.0
2024-08-26,22.0,0.0,19.6,0.0,19.23,0.0,6.410834578071031,0.09282988468111197,-0.5631507242749187,48.537499999999994,1.0
2024-08-27,20.0,0.0,18.73,0.0,18.55,0.0,5.449209391360377,0.07857447740050756,-0.5488429582847199,46.6,-2.0
2024-08-28,17.0,0.0,18.29,0.0,19.06,0.0,4.63182798265632,0.06645738121199382,-0.5343725582809785,46.68749999999999,-3.0
2024-08-29,16.0,0.0,21.27,0.0,21.98,0.0,3.937053785257872,0.05615784945175715,-0.5197438121555157,54.0625,-1.0
2024-08-30,19.0,0.0,22.73,0.0,22.8,0.0,3.346495717469191,0.04740324745555597,-0.5049610547215202,56.9125,3.0
2024-08-31,16.0,0.2,18.12,0.4,18.19,0.30000000000000004,3.144521359848812,0.044409121711027934,-0.4900286664290594,45.3875,-3.0
2024-09-01,15.0,0.0,15.87,0.0,15.12,0.0,2.6728431558714902,0.037416828875936135,-0.4749510720670502,38.7375,-1.0
2024-09-02,9.0,0.0,17.82,0.0,17.79,0.0,2.2719166824907666,0.03147337996610811,-0.4597327394521046,44.5125,-6.0
2024-09-03,11.0,0.0,20.82,0.0,21.81,0.0,1.9311291801171515,0.026421448392754284,-0.44437817810461344,53.287499999999994,2.0
2024-09-04,11.0,0.0,20.45,0.0,21.84,0.0,1.6414598030995788,0.02212730655540354,-0.4288919379124841,52.8625,0.0
2024-09-05,8.0,0.0,20.53,0.0,22.41,0.0,1.395240832634642,0.0184772859936554,-0.41327860778290443,53.675,-3.0
2024-09-06,4.0,0.0,20.2,0.0,21.24,0.0,1.1859547077394457,0.015374768516169484,-0.3975428142825566,51.8,-4.0
2024-09-07,1.0,0.0,19.63,0.0,19.88,0.0,1.0080615015785288,0.012737628660306456,-0.3816892202666586,49.387499999999996,-3.0
2024-09-08,2.0,0.0,19.23,0.0,20.03,0.0,0.8568522763417494,0.010496059782822881,-0.3657225234972692,49.075,1.0
2024-09-09,4.0,0.0,19.46,0.0,20.2,0.0,0.728324434890487,0.008590726236961846,-0.34964745525122826,49.574999999999996,2.0
2024-09-10,0.0,5.0,17.99,5.3,17.91,5.15,5.769075769656914,0.08331626823648433,-0.33346877891818705,44.875,-4.0
2024-09-11,0.0,0.1,16.83,0.3,16.52,0.2,5.103714404208377,0.0734527607240694,-0.31719128858910595,41.68749999999999,0.0
2024-09-12,0.0,4.5,16.47,4.5,15.9,4.5,8.83815724357712,0.12881321132066595,-0.300819807635668,40.4625,0.0
2024-09-13,0.0,31.9,17.88,31.3,17.33,31.6,39.112433657040555,0.5776077586803883,-0.2843591872810036,44.01249999999999,0.0
2024-09-14,5.0,0.0,19.5,0.1,19.39,0.05,33.295568608484466,0.4913768846252662,-0.26781430516217486,48.6125,5.0
2024-09-15,2.0,0.6,16.72,0.6,17.2,0.6,28.901233317211798,0.4262339992575246,-0.25119006388481957,42.400000000000006,-3.0
2024-09-16,2.0,0.0,17.56,0.0,20.6,0.0,24.566048319630028,0.3619679747904583,-0.23449138957041052,47.699999999999996,0.0
2024-09-17,6.0,0.0,16.6,0.0,16.9,0.0,20.881141071685523,0.30734185399345193,-0.21772323039653224,41.875,4.0
2024-09-18,4.0,0.0,17.04,0.0,17.07,0.0,17.748969910932693,0.26090965131599647,-0.20089055513063528,42.6375,-2.0
2024-09-19,5.0,0.0,16.28,0.0,15.84,0.0,15.08662442429279,0.22144227904015945,-0.18399835165767986,40.150000000000006,1.0
2024-09-20,6.0,0.0,15.51,0.0,14.95,0.0,12.823630760648872,0.18789501260569794,-0.1670516255021195,38.075,1.0
2024-09-21,5.0,0.0,14.63,0.0,13.88,0.0,10.90008614655154,0.15937983613640563,-0.15005539834465262,35.6375,-1.0
2024-09-22,2.0,0.0,13.95,0.0,13.45,0.0,9.265073224568809,0.13514193613750716,-0.13301470653419636,34.25,-3.0
2024-09-23,1.0,0.0,15.71,0.0,16.25,0.0,7.8753122408834875,0.11453972113844349,-0.11593459959550066,39.95,-1.0
2024-09-24,1.0,0.0,17.51,0.0,18.59,0.0,6.694015404750965,0.09702783838923937,-0.09882013873287211,45.125,0.0
2024-09-25,5.0,4.4,16.92,3.3,16.7,3.85,9.53991309403832,0.13921624110620068,-0.08167639533042288,42.025000000000006,4.0
2024-09-26,2.0,0.0,17.38,0.0,17.11,0.0,8.108926129932572,0.11800288036183296,-0.06450844944931625,43.1125,-3.0
2024-09-27,0.0,2.6,18.1,2.2,17.74,2.4000000000000004,9.292587210442687,0.1355498113470642,-0.04732138832243232,44.800000000000004,-2.0
2024-09-28,0.0,0.3,15.1,0.4,14.32,0.35,8.248699128876284,0.12007491534418377,-0.03012030484690836,36.775000000000006,0.0
2024-09-29,0.0,0.0,9.51,0.0,9.22,0.0,7.011394259544841,0.10173275346411859,-0.012910296075008843,23.4125,0.0
2024-09-30,0.0,0.0,8.05,0.0,7.27,0.0,5.9596851206131145,0.08614191586606319,0.004303538296243821,19.15,0.0
2024-10-01,0.0,0.3,8.48,0.2,8.0,0.25,5.315732352521147,0.07659577553458524,0.021516097436222233,20.6,0.0
2024-10-02,0.0,0.1,9.89,0.2,9.72,0.15000000000000002,4.668372499642976,0.06699912760208135,0.03872228089217399,24.5125,0.0
2024-10-03,3.0,21.1,8.83,18.5,8.53,19.8,23.768116624696532,0.3501392067313677,0.05591699010060302,21.7,3.0
2024-10-04,8.0,0.2,9.79,0.1,9.15,0.15000000000000002,20.35289913099205,0.2995110441193464,0.07309512989807776,23.674999999999997,5.0
2024-10-05,7.0,0.0,10.53,0.0,9.92,0.0,17.29996426134324,0.2542534629230068,0.0902516100310407,25.5625,-1.0
2024-10-06,4.0,0.0,9.62,0.0,9.11,0.0,14.704969622141755,0.21578451890611822,0.10738134666416306,23.412499999999994,-3.0
2024-10-07,4.0,0.0,9.15,0.1,8.22,0.05,12.549224178820491,0.1838271308171367,0.12447926388678869,21.712500000000002,0.0
2024-10-08,10.0,0.0,9.28,0.0,8.81,0.0,10.666840551997417,0.15592213661612858,0.141540295217043,22.6125,6.0
2024-10-09,10.0,7.1,14.87,2.0,14.62,4.55,13.616814469197806,0.19965339515429012,0.15855938510313475,36.8625,0.0
2024-10-10,10.0,0.0,16.67,0.0,16.4,0.0,11.574292298818134,0.169374461302709,0.17553149042142777,41.3375,0.0
2024-10-11,12.0,0.5,11.33,0.7,10.94,0.6,10.438148453995414,0.15253193943335097,0.19245158197082995,27.8375,2.0
2024-10-12,17.0,0.0,7.66,0.0,6.83,0.0,8.872426185896101,0.12932122393991072,0.20931464596304888,18.1125,5.0
2024-10-13,15.0,4.9,6.74,4.7,5.99,4.800000000000001,12.341562258011686,0.18074869100637406,0.22611568550828803,15.912500000000001,-2.0
2024-10-14,16.0,0.6,8.0,3.0,7.45,1.8,12.290327919309934,0.1799891784904382,0.2428497220959358,19.3125,1.0
2024-10-15,24.0,0.1,8.71,0.3,8.2,0.2,10.646778731413443,0.15562473443993016,0.25951179706979943,21.1375,8.0
2024-10-16,24.0,0.0,4.62,0.0,3.95,0.0,9.049761921701426,0.13195009969550303,0.27609697309746883,10.7125,0.0
2024-10-17,20.0,0.0,4.32,0.0,4.85,0.0,7.692297633446212,0.11182666016273995,0.2926003356333479,11.4625,-4.0
2024-10-18,24.0,0.0,6.08,0.0,7.27,0.0,6.53845298842928,0.09472173655989136,0.30901699437494723,16.6875,4.0
2024-10-19,20.0,0.0,4.54,0.0,6.01,0.0,5.557685040164888,0.08018255149747004,0.3253420847119795,13.1875,-4.0
2024-10-20,24.0,0.0,6.04,0.0,6.9,0.0,4.724032284140154,0.06782424419441194,0.341570769167856,16.175,4.0
2024-10-21,23.0,0.0,9.45,0.1,9.23,0.05,4.065427441519131,0.05806089731218637,0.35769823883312546,23.35,-1.0
2024-10-22,20.0,0.0,13.03,0.3,12.69,0.15,3.6056133252912614,0.05124448111304229,0.3737197147904692,32.15,-3.0
2024-10-23,19.0,0.0,10.41,0.0,10.2,0.0,3.064771326497572,0.043226884367648336,0.38963044953078774,25.7625,-1.0
2024-10-24,23.0,0.0,10.17,0.0,9.51,0.0,2.605055627522936,0.03641192713406348,0.4054257283599973,24.6,4.0
2024-10-25,20.0,0.0,7.63,0.0,7.5,0.0,2.2142972833944956,0.030619213485516352,0.42110087079608916,18.912499999999998,-3.0
2024-10-26,18.0,0.1,5.82,0.0,5.48,0.05,1.9321526908853213,0.02643662120962512,0.4366512319560638,14.125,-2.0
2024-10-27,20.0,0.0,10.01,0.1,9.18,0.05,1.6923297872525231,0.022881417775117575,0.45207220393230374,23.987499999999997,2.0
2024-10-28,22.0,0.0,9.54,0.0,9.33,0.0,1.4384803191646447,0.019118280530412333,0.46735921715800205,23.5875,2.0
2024-10-29,17.0,0.0,9.28,0.0,9.03,0.0,1.222708271289948,0.015919613872412877,0.48250774176121763,22.8875,-5.0
2024-10-30,16.0,2.1,11.4,2.4,11.05,2.25,3.2893020305964558,0.04655539185493564,0.4975132889071803,28.062500000000004,-1.0
2024-10-31,19.0,0.8,9.7,0.0,9.39,0.4,3.1959067260069873,0.045170873101248316,0.5123714121284235,23.8625,3.0
2024-11-01,20.0,3.4,11.76,2.2,11.74,2.8,5.516520717105939,0.07957231977855786,0.5270777086423724,29.375,1.0
2024-11-02,15.0,0.0,5.11,0.0,4.05,0.0,4.689042609540048,0.06730554723333658,0.5416278206559811,11.45,-5.0
2024-11-03,14.0,0.7,5.28,0.6,4.54,0.6499999999999999,4.635686218109041,0.06651457679975827,0.5560174366570446,12.275,-1.0
2024-11-04,17.0,0.0,3.27,0.5,2.72,0.25,4.1903332853926845,0.05991253732822606,0.5702422926917867,7.487500000000001,3.0
2024-11-05,16.0,0.0,5.79,0.0,4.79,0.0,3.561783292583782,0.050594732150554544,0.5842981736283683,13.225,-1.0
2024-11-06,16.0,0.0,6.58,0.0,5.8,0.0,3.0275157986962142,0.04267459774953375,0.5981809144059159,15.474999999999998,0.0
2024-11-07,19.0,0.7,5.01,0.5,3.99,0.6,3.173388428891782,0.04483705541315203,0.6118864012687242,11.25,3.0
2024-11-08,15.0,0.3,6.19,0.1,5.49,0.2,2.897380164558015,0.040745429824236935,0.6254105729852457,14.6,-4.0
2024-11-09,17.0,0.0,4.37,0.2,3.75,0.1,2.5627731398743125,0.035785119422911446,0.6387494220515268,10.150000000000002,2.0
2024-11-10,15.0,0.0,2.89,0.0,2.37,0.0,2.1783571688931658,0.030086426931037125,0.6518989958787125,6.574999999999999,-2.0
2024-11-11,16.0,0.0,2.5,0.0,1.81,0.0,1.8516035935591908,0.025242538312943947,0.6648553979642867,5.387500000000001,1.0
2024-11-12,17.0,0.1,1.25,0.1,0.58,0.1,1.6738630545253121,0.022607661638312408,0.6776147890466887,2.2875,1.0
2024-11-13,17.0,0.0,0.5,0.2,-0.04,0.1,1.5227835963465153,0.020368016464875596,0.690173388242972,0.5750000000000001,0.0
2024-11-14,17.0,2.4,2.25,2.3,1.63,2.3499999999999996,3.6443660568945377,0.0518189627092766,0.7025274741691566,4.85,0.0
2024-11-15,16.0,0.0,4.61,0.0,4.36,0.0,3.097711148360357,0.04371519372444751,0.7146733860429608,11.2125,-1.0
2024-11-16,15.0,0.8,7.22,0.1,6.87,0.45,3.083054476106304,0.04349791901570724,0.726607524768565,17.6125,-1.0
2024-11-17,15.0,3.0,4.95,2.9,4.6,2.95,5.570596304690358,0.08037395178196945,0.7383263540031063,11.9375,0.0
2024-11-18,19.0,0.4,4.79,0.2,4.27,0.30000000000000004,5.0350068589868044,0.0724342203884794,0.749826401204568,11.325,4.0
2024-11-19,19.0,4.3,3.46,2.6,3.12,3.45,7.729755830138783,0.11238195120256406,0.7611042586607742,8.225,0.0
2024-11-20,20.0,6.2,5.11,4.8,4.63,5.5,12.070292455617967,0.176727309734863,0.7721565844991641,12.175,1.0
2024-11-21,23.0,1.5,0.79,1.0,0.39,1.25,11.509748587275272,0.16841764683054167,0.7829801036770625,1.475,3.0
2024-11-22,25.0,0.0,-0.76,0.0,-1.55,0.0,9.783286299183981,0.14282407522752283,0.7935716089521472,0.0,2.0
2024-11-23,24.0,0.4,-0.38,0.8,-0.85,0.6000000000000001,8.915793354306384,0.12996411126944274,0.8039279618328208,0.0,-1.0
2024-11-24,25.0,0.0,1.55,0.0,0.95,0.0,7.578424351160426,0.11013857000058871,0.8140460935082175,3.125,1.0
2024-11-25,22.0,0.0,5.03,0.0,4.44,0.0,6.441660698486362,0.0932868599220628,0.8239230057575536,11.8375,-3.0
2024-11-26,26.0,6.5,4.61,5.9,3.85,6.2,11.675411593713408,0.17087348270167055,0.8335557718385695,10.575000000000001,4.0
2024-11-27,28.0,1.1,4.82,0.9,4.43,1.0,10.924099854656397,0.15973582222545893,0.8429415373547832,11.5625,2.0
2024-11-28,27.0,3.5,4.79,2.8,4.34,3.15,12.435484876457938,0.1821410268117537,0.8520775211013093,11.412499999999998,-1.0
2024-11-29,26.0,0.1,3.96,0.1,3.49,0.1,10.670162144989247,0.1559713768623007,0.8609610158889945,9.3125,-1.0
2024-11-30,30.0,0.0,4.26,0.0,3.73,0.0,9.069637823240859,0.13224474575451797,0.8695893893466109,9.9875,4.0
2024-12-01,25.0,0.0,2.4,0.0,2.39,0.0,7.709192149754729,0.11207710931290266,0.8779600847008883,5.9875,-5.0
2024-12-02,30.0,0.0,3.77,0.0,3.25,0.0,6.55281332729152,0.09493461833752966,0.8860706215341377,8.774999999999999,5.0
2024-12-03,29.0,8.5,4.16,4.7,3.5,6.6,12.169891328197792,0.178203791957808,0.893918596519257,9.575,-1.0
2024-12-04,30.0,1.8,3.2,0.4,2.63,1.1,11.444407628968122,0.1674490137439234,0.9015016841318838,7.2875,1.0
2024-12-05,29.0,0.1,0.85,0.0,0.27,0.05,9.777746484622904,0.14274195142927112,0.9088176373395028,1.4000000000000001,-1.0
2024-12-06,28.0,0.0,-0.72,0.0,-1.35,0.0,8.311084511929469,0.12099973413644285,0.9158642882672868,0.0,-1.0
2024-12-07,29.0,0.0,0.46,0.0,-0.15,0.0,7.064421835140048,0.10251884943753882,0.9226395488404875,0.38750000000000007,1.0
2024-12-08,27.0,0.3,2.61,0.0,2.15,0.15,6.154758559869041,0.08903374041959188,0.9291414114031743,5.949999999999999,-2.0
2024-12-09,24.0,0.2,2.22,0.0,1.44,0.1,5.331544775888684,0.07683018342896314,0.935367949313148,4.575,-3.0
2024-12-10,23.0,0.0,-0.52,0.0,-0.84,0.0,4.531813059505382,0.06497473133618106,0.941317317512847,0.0,-1.0
2024-12-11,24.0,0.0,-0.29,0.0,-0.78,0.0,3.8520411005795743,0.0548975970573163,0.946987753076075,0.0,1.0
2024-12-12,33.0,0.0,-0.16,0.0,-0.73,0.0,3.274234935492638,0.04633203292028124,0.9523775757303973,0.0,9.0
2024-12-13,18.0,0.0,-3.78,0.0,-4.45,0.0,2.783099695168742,0.03905130340380145,0.9574851883550389,0.0,-15.0
2024-12-14,21.0,0.3,-1.26,0.2,-1.89,0.25,2.6156347408934306,0.03656875494166277,0.9623090774541487,0.0,3.0
2024-12-15,23.0,0.9,1.29,0.9,0.89,0.9,3.123289529759416,0.044094374978704665,0.9668478136052773,2.725,2.0
2024-12-16,20.0,7.3,6.13,5.4,5.62,6.35,9.004796100295504,0.1312835134759376,0.9711000518829505,14.6875,-3.0
2024-12-17,16.0,0.4,4.86,0.8,4.12,0.6000000000000001,8.254076685251178,0.12015463378059531,0.9750645322571945,11.225000000000001,-4.0
2024-12-18,27.0,4.5,2.2,3.2,1.71,3.85,10.865965182463501,0.15887401718885322,0.9787400799669153,4.8875,11.0
2024-12-19,32.0,3.8,8.14,0.9,7.76,2.35,11.586070405093976,0.16954906332465758,0.9821256058680006,19.875,5.0
2024-12-20,30.0,1.5,5.38,1.2,4.97,1.35,11.19815984432988,0.1637985660326147,0.9852201067560606,12.9375,-2.0
2024-12-21,33.0,0.2,1.71,0.0,1.33,0.1,9.618435867680397,0.14038028520003254,0.9880226656636976,3.8,3.0
2024-12-22,37.0,0.0,3.03,0.0,2.3,0.0,8.175670487528336,0.11899231784159003,0.9905324521322227,6.6625,4.0
2024-12-23,31.0,2.1,2.35,1.4,1.68,1.75,8.699319914399085,0.12675504697499793,0.9927487224577402,5.0375000000000005,-6.0
2024-12-24,37.0,0.0,2.18,0.0,1.7,0.0,7.394421927239223,0.10741086535031064,0.9946708199115211,4.85,6.0
2024-12-25,39.0,0.0,0.9,0.0,0.57,0.0,6.285258638153339,0.09096831096932644,0.9962981749346077,1.8375,2.0
2024-12-26,37.0,0.1,2.28,0.3,1.81,0.2,5.5424698424303385,0.07995699704698518,0.9976303053065857,5.1125,-2.0
2024-12-27,38.0,0.1,3.88,0.1,3.31,0.1,4.811099366065787,0.06911495156224745,0.9986668162884759,8.987499999999999,1.0
2024-12-28,38.0,2.6,3.35,1.5,2.76,2.05,6.139434461155918,0.0888065715897997,0.9994074007397048,7.637499999999999,0.0
2024-12-29,36.0,0.0,2.29,0.0,1.75,0.0,5.21851929198253,0.07515466127289212,0.9998518392091162,5.05,-2.0
2024-12-30,41.0,7.3,3.74,2.0,3.12,4.65,9.085741398185151,0.1324834697632868,1.0,8.575000000000001,5.0
2024-12-31,36.0,3.7,5.34,4.8,4.43,4.25,11.972880188457378,0.17528324237713158,0.9998518392091162,12.212499999999999,-5.0
