timestamp,water_level_cm,precip_kauno-ams,temp_kauno-ams,Pt,API_t,API_norm,SMI_t,S_t,delta_WL_t
2022-01-01,0.0,0.9,2.28,0.9,0.9,0.014918008231133532,5.699999999999999,0.9998518392091162,0.0
2022-01-02,0.0,15.3,-0.15,15.3,16.065,0.30098874718608865,0.0,0.9994074007397048,0.0
2022-01-03,13.0,8.0,5.15,8.0,21.655250000000002,0.40644255189712974,12.875,0.998666816288476,13.0
2022-01-04,92.0,2.0,4.35,2.0,20.406962500000002,0.38289500639411406,10.875,0.9976303053065857,79.0
2022-01-05,127.0,0.8,2.0,0.8,18.145918125,0.3402429368150705,5.0,0.9962981749346078,35.0
2022-01-06,141.0,0.2,-0.02,0.2,15.62403040625,0.29267034972214345,0.0,0.9946708199115211,14.0
2022-01-07,107.0,0.0,-2.19,0.0,13.2804258453125,0.24846087470957542,0.0,0.9927487224577402,-34.0
2022-01-08,109.0,0.0,-1.71,0.0,11.288361968515625,0.21088282094889263,0.0,0.9905324521322229,2.0
2022-01-09,76.0,0.0,-1.32,0.0,9.595107673238282,0.17894147525231224,0.0,0.9880226656636976,-33.0
2022-01-10,113.0,0.1,-1.63,0.1,8.255841522252538,0.15367771940200892,0.0,0.9852201067560606,37.0
2022-01-11,118.0,0.0,-4.95,0.0,7.017465293914658,0.1303171389374611,0.0,0.9821256058680006,5.0
2022-01-12,93.0,0.0,-6.48,0.0,5.964845499827459,0.11046064554259546,0.0,0.9787400799669153,-25.0
2022-01-13,0.0,0.2,2.85,0.2,5.27011867485334,0.09735540214053968,7.125,0.9750645322571948,-93.0
2022-01-14,0.0,1.1,4.3,1.1,5.57960087362534,0.10319343717490238,10.75,0.9711000518829505,0.0
2022-01-15,8.0,0.0,1.61,0.0,4.742660742581539,0.08740549904442055,4.025,0.9668478136052775,8.0
2022-01-16,34.0,0.2,-0.69,0.2,4.231261631194308,0.077758527617091,0.0,0.9623090774541486,26.0
2022-01-17,56.0,6.2,0.4,6.2,9.796572386515162,0.18274188141126152,1.0,0.9574851883550393,22.0
2022-01-18,72.0,0.0,-0.65,0.0,8.327086528537889,0.15502167664532582,0.0,0.9523775757303974,16.0
2022-01-19,53.0,0.0,0.95,0.0,7.078023549257205,0.13145950259428046,2.375,0.9469877530760753,-19.0
2022-01-20,22.0,3.5,-0.42,3.5,9.516320016868624,0.17745523436354227,0.0,0.9413173175128471,-31.0
2022-01-21,25.0,2.2,-0.35,2.2,10.288872014338331,0.19202856247414468,0.0,0.9353679493131483,3.0
2022-01-22,16.0,0.2,-2.0,0.2,8.94554121218758,0.16668813153235648,0.0,0.9291414114031743,-9.0
2022-01-23,2.0,0.0,-4.46,0.0,7.6037100303594425,0.14137598924825653,0.0,0.9226395488404876,-14.0
2022-01-24,0.0,0.8,-2.01,0.8,7.263153525805526,0.13495177224109164,0.0,0.9158642882672872,-2.0
2022-01-25,2.0,1.9,1.12,1.9,8.073680496934697,0.15024145569469163,2.8000000000000003,0.9088176373395029,2.0
2022-01-26,0.0,0.9,-1.07,0.9,7.762628422394493,0.1443738067123515,0.0,0.901501684131884,-2.0
2022-01-27,0.0,3.2,2.12,3.2,9.798234159035319,0.18277322888853262,5.300000000000001,0.893918596519257,0.0
2022-01-28,0.0,1.1,1.71,1.1,9.428499035180021,0.17579858991069636,4.275,0.886070621534138,0.0
2022-01-29,28.0,5.1,0.2,5.1,13.114224179903017,0.24532566645113593,0.5,0.8779600847008882,28.0
2022-01-30,9.0,9.9,1.34,9.9,21.047090552917567,0.39497030511643016,3.35,0.869589389346611,-19.0
2022-01-31,81.0,3.9,-1.5,3.9,21.79002696997993,0.40898496847452953,0.0,0.8609610158889943,72.0
2022-02-01,81.0,1.6,-2.11,1.6,20.121522924482942,0.3775105085177438,0.0,0.8520775211013093,0.0
2022-02-02,73.0,3.1,-2.17,3.1,20.203294485810503,0.3790530374313261,0.0,0.8429415373547828,-8.0
2022-02-03,68.0,0.4,-4.47,0.4,17.572800312938924,0.32943171122954074,0.0,0.8335557718385699,-5.0
2022-02-04,88.0,0.7,-1.78,0.7,15.636880265998084,0.2929127479333931,0.0,0.8239230057575542,20.0
2022-02-05,0.0,3.6,1.64,3.6,16.891348226098373,0.3165768808935781,4.1,0.8140460935082178,-88.0
2022-02-06,0.0,3.9,1.4,3.9,18.257645992183615,0.3423505578851053,3.5,0.8039279618328213,0.0
2022-02-07,59.0,4.6,1.76,4.6,20.118999093356074,0.3774628992704335,4.4,0.7935716089521474,59.0
2022-02-08,109.0,1.5,1.9,1.5,18.60114922935266,0.34883036170247217,4.75,0.7829801036770629,50.0
2022-02-09,83.0,2.3,3.78,2.3,18.11097684494976,0.33958380870402505,9.45,0.7721565844991642,-26.0
2022-02-10,110.0,0.0,3.58,0.0,15.394330318207297,0.2883373148441748,8.95,0.7611042586607747,27.0
2022-02-11,166.0,0.8,1.71,0.8,13.885180770476202,0.25986889899762217,4.275,0.7498264012045686,56.0
2022-02-12,178.0,0.1,0.02,0.1,11.902403654904772,0.22246602958552236,0.05,0.7383263540031065,12.0
2022-02-13,132.0,0.0,0.18,0.0,10.117043106669056,0.18878720259344753,0.44999999999999996,0.7266075247685656,-46.0
2022-02-14,133.0,0.0,1.46,0.0,8.599486640668697,0.1601601996501839,3.65,0.7146733860429609,1.0
2022-02-15,157.0,0.9,2.22,0.9,8.209563644568393,0.1528047390745199,5.550000000000001,0.702527474169157,24.0
2022-02-16,151.0,3.3,4.35,3.3,10.278129097883134,0.19182590938816582,10.875,0.6901733882429719,-6.0
2022-02-17,148.0,13.1,4.98,13.1,21.836409733200664,0.4098599273501859,12.450000000000001,0.6776147890466889,-3.0
2022-02-18,180.0,4.4,2.63,4.4,22.960948273220566,0.43107308733217203,6.574999999999999,0.6648553979642865,32.0
2022-02-19,221.0,12.6,3.28,12.6,32.11680603223748,0.6037880886436409,8.2,0.6518989958787126,41.0
2022-02-20,241.0,2.8,1.97,2.8,30.099285127401856,0.5657298165629686,4.925,0.6387494220515272,20.0
2022-02-21,252.0,9.3,4.12,9.3,34.88439235829158,0.6559955047607477,10.3,0.6254105729852463,11.0
2022-02-22,266.0,1.5,0.93,1.5,31.151733504547842,0.5855830763692393,2.325,0.6118864012687243,14.0
2022-02-23,276.0,1.5,0.15,1.5,27.978973478865665,0.5257325122364571,0.375,0.5981809144059164,10.0
2022-02-24,272.0,0.0,2.27,0.0,23.782127457035816,0.4465637128467421,5.675,0.5842981736283683,-4.0
2022-02-25,258.0,1.5,3.23,1.5,21.714808338480445,0.40756605324233447,8.075,0.5702422926917871,-14.0
2022-02-26,239.0,0.0,2.89,0.0,18.45758708770838,0.34612222270173787,7.2250000000000005,0.5560174366570446,-19.0
2022-02-27,208.0,0.0,-1.13,0.0,15.688949024552121,0.29389496674223065,0.0,0.5416278206559814,-31.0
2022-02-28,201.0,0.0,-1.16,0.0,13.335606670869304,0.24950179917664955,0.0,0.5270777086423722,-7.0
2022-03-01,194.0,0.0,-0.37,0.0,11.335265670238908,0.21176760674590564,0.0,0.5123714121284237,-7.0
2022-03-02,189.0,0.0,-0.27,0.0,9.63497581970307,0.1796935431797733,0.0,0.49751328890718066,-5.0
2022-03-03,157.0,0.0,0.91,0.0,8.18972944674761,0.1524305891485608,2.275,0.48250774176121847,-32.0
2022-03-04,145.0,0.0,1.03,0.0,6.961270029735468,0.1292570782220302,2.575,0.46735921715800227,-12.0
2022-03-05,99.0,0.0,-1.82,0.0,5.917079525275148,0.1095595939344792,0.0,0.45207220393230435,-46.0
2022-03-06,59.0,0.0,-1.32,0.0,5.029517596483876,0.09281673229006084,0.0,0.43665123195606403,-40.0
2022-03-07,90.0,0.2,0.75,0.2,4.475089957011295,0.08235807587588526,1.875,0.4211008707960896,31.0
2022-03-08,112.0,1.9,0.14,1.9,5.703826463459601,0.10553681378426619,0.35000000000000003,0.40542572835999735,22.0
2022-03-09,112.0,1.5,-1.08,1.5,6.34825249394066,0.11769318903922993,0.0,0.38963044953078796,0.0
2022-03-10,96.0,0.0,-3.8,0.0,5.396014619849561,0.09973028812909895,0.0,0.37371971479046906,-16.0
2022-03-11,58.0,0.0,-2.14,0.0,4.586612426872127,0.08446182235548762,0.0,0.35769823883312546,-38.0
2022-03-12,52.0,0.0,0.74,0.0,3.8986205628413075,0.07148362644791798,1.85,0.3415707691678556,-6.0
2022-03-13,50.0,0.0,0.96,0.0,3.3138274784151114,0.0604521599264838,2.4,0.3253420847119801,-2.0
2022-03-14,55.0,0.0,1.14,0.0,2.8167533566528444,0.05107541338326474,2.8499999999999996,0.30901699437494745,5.0
2022-03-15,74.0,0.0,2.96,0.0,2.3942403531549177,0.04310517882152854,7.4,0.29260033563334836,19.0
2022-03-16,63.0,0.0,3.91,0.0,2.03510430018168,0.03633047944405278,9.775,0.27609697309746883,-11.0
2022-03-17,34.0,0.0,1.19,0.0,1.729838655154428,0.03057198497319838,2.9749999999999996,0.2595117970697999,-29.0
2022-03-18,16.0,0.0,0.94,0.0,1.470362856881264,0.025677264672972138,2.3499999999999996,0.2428497220959356,-18.0
2022-03-19,28.0,0.0,2.43,0.0,1.2498084283490742,0.02151675241777983,6.075,0.22611568550828828,12.0
2022-03-20,0.0,0.0,3.17,0.0,1.062337164096713,0.01798031700086637,7.925,0.20931464596304847,-28.0
2022-03-21,10.0,0.0,4.77,0.0,0.902986589482206,0.01497434689648993,11.924999999999999,0.19245158197082998,10.0
2022-03-22,0.0,0.0,5.83,0.0,0.767538601059875,0.012419272307769954,14.575,0.1755314904214282,-10.0
2022-03-23,0.0,0.0,6.44,0.0,0.6524078109008937,0.010247458907357976,16.1,0.15855938510313478,0.0
2022-03-24,22.0,0.0,5.28,0.0,0.5545466392657596,0.008401417517007794,13.200000000000001,0.141540295217043,22.0
2022-03-25,15.0,0.0,7.23,0.0,0.4713646433758957,0.0068322823352101394,18.075000000000003,0.12447926388678915,-7.0
2022-03-26,0.0,0.0,6.13,0.0,0.40065994686951134,0.0054985174306821346,15.325,0.10738134666416309,-15.0
2022-03-27,0.0,0.0,2.37,0.0,0.3405609548390846,0.004364817261833329,5.925000000000001,0.09025161003104117,0.0
2022-03-28,0.0,0.0,6.91,0.0,0.2894768116132219,0.003401172118311845,17.275,0.07309512989807777,0.0
2022-03-29,21.0,0.0,3.79,0.0,0.24605528987123862,0.002582073746318584,9.475,0.055916990100603484,21.0
2022-03-30,57.0,0.0,-1.56,0.0,0.20914699639055281,0.0018858401301243117,0.0,0.03872228089217446,36.0
2022-03-31,9.0,0.0,-0.21,0.0,0.17777494693196988,0.00129404155635918,0.0,0.021516097436222254,-48.0
2022-04-01,0.0,0.0,1.57,0.0,0.1511087048921744,0.0007910127686588186,3.9250000000000003,0.004303538296244289,-9.0
2022-04-02,0.0,0.0,1.62,0.0,0.12844239915834824,0.0003634382991135112,4.050000000000001,-0.01291029607500882,0.0
2022-04-03,0.0,0.0,0.5,0.0,0.109176039284596,0.0,1.25,-0.030120304846908114,0.0
2022-04-04,0.0,0.8,2.21,0.8,0.8927996333919066,0.014782181380073601,5.525,-0.04732138832243185,0.0
2022-04-05,0.0,6.1,2.21,6.1,6.85887968838312,0.12732559911800673,5.525,-0.06450844944931623,0.0
2022-04-06,41.0,3.8,3.61,3.8,9.630047735125652,0.1796005803840796,9.025,-0.08167639533042241,41.0
2022-04-07,2.0,0.9,10.84,0.9,9.085540574856804,0.16932906269833126,27.1,-0.09882013873287143,-39.0
2022-04-08,0.0,1.5,6.26,1.5,9.222709488628283,0.17191660061618524,15.649999999999999,-0.11593459959550041,-2.0
2022-04-09,0.0,0.5,4.4,0.5,8.33930306533404,0.15525212792846102,11.0,-0.1330147065341959,0.0
2022-04-10,0.0,1.0,3.71,1.0,8.088407605533934,0.1505192661028455,9.275,-0.1500553983446526,0.0
2022-04-11,2.0,0.0,4.14,0.0,6.875146464703844,0.1276324536331722,10.35,-0.16705162550211924,2.0
2022-04-12,15.0,0.0,4.64,0.0,5.843874494998268,0.10817866303394988,11.6,-0.18399835165768005,13.0
2022-04-13,17.0,0.0,6.7,0.0,4.967293320748527,0.0916429410246109,16.75,-0.20089055513063506,2.0
2022-04-14,8.0,0.0,10.3,0.0,4.222199322636248,0.07758757731667279,25.75,-0.21772323039653177,-9.0
2022-04-15,0.0,2.5,7.24,2.5,6.08886942424081,0.11280021795967564,18.1,-0.23449138957040985,-8.0
2022-04-16,0.0,0.0,4.73,0.0,5.175539010604688,0.0955712627114778,11.825000000000001,-0.25119006388481935,0.0
2022-04-17,0.0,0.0,5.12,0.0,4.399208159013985,0.08092665075050964,12.8,-0.2678143051621742,0.0
2022-04-18,0.0,0.0,7.13,0.0,3.739326935161887,0.06847873058368671,17.825,-0.2843591872810034,0.0
2022-04-19,1.0,1.4,8.33,1.4,4.578427894887604,0.08430743032694736,20.825,-0.30081980763566735,1.0
2022-04-20,0.0,0.0,10.14,0.0,3.891663710654463,0.07135239322365877,25.35,-0.3171912885891061,-1.0
2022-04-21,0.0,0.0,11.36,0.0,3.3079141540562937,0.060340611685863466,28.4,-0.3334687789181868,0.0
2022-04-22,22.0,0.0,10.51,0.0,2.8117270309478495,0.05098059737873746,26.275,-0.3496474552512284,22.0
2022-04-23,0.0,16.7,7.64,16.7,19.089967976305672,0.35805137984661217,19.099999999999998,-0.36572252349726897,-22.0
2022-04-24,0.0,3.1,7.25,3.1,19.326472779859824,0.36251277806086424,18.125,-0.3816892202666588,0.0
2022-04-25,38.0,0.0,8.39,0.0,16.42750186288085,0.30782693879748807,20.975,-0.39754281428255595,38.0
2022-04-26,62.0,0.0,10.02,0.0,13.96337658344872,0.2613439754236183,25.049999999999997,-0.4132786077829042,24.0
2022-04-27,59.0,0.0,6.74,0.0,11.868870095931412,0.2218334565558291,16.85,-0.4288919379124835,-3.0
2022-04-28,59.0,0.0,5.84,0.0,10.0885395815417,0.18824951551820823,14.6,-0.4443781781046132,0.0
2022-04-29,51.0,0.1,6.25,0.1,8.675258644310444,0.16158955362802052,15.625,-0.45973273945210397,-8.0
2022-04-30,25.0,0.0,6.96,0.0,7.3739698476638775,0.13704219802957096,17.4,-0.47495107206704995,-26.0
2022-05-01,0.0,0.0,8.06,0.0,6.267874370514296,0.11617694577088883,20.150000000000002,-0.49002866642905923,-25.0
2022-05-02,26.0,0.0,8.19,0.0,5.327693214937151,0.09844148135100901,20.474999999999998,-0.5049610547215204,26.0
2022-05-03,36.0,1.6,8.34,1.6,6.128539232696578,0.11354854446275135,20.85,-0.5197438121555155,10.0
2022-05-04,55.0,0.0,6.0,0.0,5.209258347792091,0.09620734023909215,15.0,-0.5343725582809787,19.0
2022-05-05,47.0,0.0,10.65,0.0,4.427869595623277,0.08146731664898184,26.625,-0.548842958284719,-8.0
2022-05-06,28.0,5.8,11.93,5.8,9.563689156279786,0.17834880012120868,29.825,-0.5631507242749186,-19.0
2022-05-07,0.0,0.0,12.74,0.0,8.129135782837817,0.15128755754878087,31.85,-0.5772916165517272,-28.0
2022-05-08,0.0,0.0,10.35,0.0,6.909765415412145,0.12828550136221728,25.875,-0.5912614448635781,0.0
2022-05-09,19.0,0.0,7.57,0.0,5.873300603100323,0.1087337536036382,18.925,-0.6050560696488488,19.0
2022-05-10,0.0,0.0,10.4,0.0,4.992305512635275,0.09211476800884599,26.0,-0.6186714032625031,-19.0
2022-05-11,0.0,0.8,14.14,0.8,5.043459685739983,0.09307973418759269,35.35,-0.6321034111873487,0.0
2022-05-12,5.0,5.3,12.52,5.3,9.586940732878986,0.17878741507007787,31.299999999999997,-0.6453481132295501,5.0
2022-05-13,11.0,0.0,11.3,0.0,8.148899622947138,0.15166038025531967,28.25,-0.6584015846980488,6.0
2022-05-14,0.0,0.2,10.63,0.2,7.126564679505067,0.13237517664635526,26.575000000000003,-0.6712599575675313,-11.0
2022-05-15,0.0,0.7,11.69,0.7,6.757579977579306,0.12541469353768556,29.224999999999998,-0.6839194216246106,0.0
2022-05-16,0.0,0.0,10.37,0.0,5.7439429809424105,0.10629356695278624,25.924999999999997,-0.6963762255968722,0.0
2022-05-17,3.0,0.1,7.14,0.1,4.982351533801048,0.09192699734741182,17.849999999999998,-0.7086266782644596,3.0
2022-05-18,0.0,0.0,9.99,0.0,4.234998803730891,0.07782902519105356,24.975,-0.7206671495538609,-3.0
2022-05-19,0.0,0.0,13.73,0.0,3.5997489831712572,0.06584574885814903,34.325,-0.7324940716135789,0.0
2022-05-20,0.0,0.5,15.84,0.5,3.5597866356955685,0.06509190393413025,39.6,-0.7441039398713607,0.0
2022-05-21,0.0,7.6,11.48,7.6,10.625818640341233,0.19838468316580501,28.700000000000003,-0.7554933140726803,0.0
2022-05-22,0.0,0.5,11.9,0.5,9.531945844290048,0.17774999809563782,29.75,-0.766658819300159,0.0
2022-05-23,0.0,0.0,12.71,0.0,8.10215396764654,0.15077857582704568,31.775000000000002,-0.777597146973627,0.0
2022-05-24,4.0,0.0,14.56,0.0,6.886830872499559,0.12785286689874234,36.4,-0.7883050558305255,4.0
2022-05-25,6.0,23.9,14.29,23.9,29.753806241624623,0.559212744347497,35.724999999999994,-0.7987793728863649,2.0
2022-05-26,0.0,5.5,12.32,5.5,30.79073530538093,0.5787732496895766,30.8,-0.8090169943749473,-6.0
2022-05-27,0.0,2.8,10.33,2.8,28.97212500957379,0.5444672034520139,25.825,-0.8190148866680801,0.0
2022-05-28,0.0,1.6,9.46,1.6,26.226306258137722,0.4926704082486055,23.650000000000002,-0.8287700871745037,0.0
2022-05-29,0.0,2.7,10.4,2.7,24.992360319417063,0.46939340023539844,26.0,-0.8382797052177743,0.0
2022-05-30,21.0,24.2,10.39,24.2,45.4435062715045,0.8551813616590247,25.975,-0.8475409228928311,21.0
2022-05-31,46.0,0.2,12.4,0.2,38.82698033077883,0.7303680108395045,31.0,-0.8565509959010036,25.0
2022-06-01,38.0,14.3,12.05,14.3,47.30293328116201,0.890257369485304,30.125,-0.865307254363206,-8.0
2022-06-02,67.0,0.0,12.17,0.0,40.207493288987706,0.7564098415082618,30.425,-0.8738071036110808,29.0
2022-06-03,49.0,0.0,12.98,0.0,34.176369295639546,0.642639442727776,32.45,-0.8820480249558537,-18.0
2022-06-04,43.0,0.5,15.83,0.5,29.549913901293614,0.5553665437233132,39.575,-0.8900275764346767,-6.0
2022-06-05,25.0,0.0,15.63,0.0,25.11742681609957,0.47175263961056974,39.075,-0.8977433935342337,-18.0
2022-06-06,35.0,0.0,17.72,0.0,21.349812793684634,0.4006808211147378,44.3,-0.9051931898913974,10.0
2022-06-07,55.0,0.1,18.7,0.1,18.24734087463194,0.3421561633850707,46.75,-0.9123747579707273,20.0
2022-06-08,47.0,0.0,18.44,0.0,15.51023974343715,0.29052381632306357,46.1,-0.9192859697186104,-8.0
2022-06-09,10.0,7.9,20.36,7.9,21.083703781921578,0.3956609726717684,50.9,-0.9259247771938498,-37.0
2022-06-10,19.0,0.1,20.94,0.1,18.021148214633342,0.3378892922085467,52.35,-0.9322892131745133,9.0
2022-06-11,0.0,0.0,17.2,0.0,15.317975982438341,0.2868969758230182,43.0,-0.9383773917408641,-19.0
2022-06-12,0.0,0.0,17.51,0.0,13.02027958507259,0.24355350689531896,43.775000000000006,-0.9441875088341993,0.0
2022-06-13,0.0,11.9,14.94,11.9,22.967237647311702,0.43119172932978594,37.35,-0.9497178427914316,0.0
2022-06-14,21.0,1.5,13.5,1.5,21.022152000214945,0.3944998672529217,33.75,-0.9549667548552551,21.0
2022-06-15,24.0,10.6,15.11,10.6,28.468829200182704,0.5349730917404781,37.775,-0.9599326896597447,3.0
2022-06-16,23.0,0.3,14.47,0.3,24.498504820155297,0.4600773694005299,36.175000000000004,-0.9646141756912435,-1.0
2022-06-17,21.0,0.5,15.93,0.5,21.323729097132002,0.40018878139515396,39.825,-0.9690098257244062,-2.0
2022-06-18,6.0,0.0,16.5,0.0,18.125169732562203,0.33985154163163445,41.25,-0.9731183372332619,-15.0
2022-06-19,0.0,1.2,17.83,1.2,16.60639427267787,0.3112015437341229,44.574999999999996,-0.9769384927771817,-6.0
2022-06-20,0.0,4.0,14.03,4.0,18.115435131776188,0.3396679092913583,35.074999999999996,-0.980469160361632,0.0
2022-06-21,36.0,24.7,13.42,24.7,40.09811986200976,0.7543466343155406,33.55,-0.9837092937736097,36.0
2022-06-22,82.0,0.0,16.49,0.0,34.083401882708294,0.640885716613963,41.224999999999994,-0.986657932891657,46.0
2022-06-23,130.0,0.0,17.97,0.0,28.97089160030205,0.5444439365676221,44.925,-0.9893142039703663,48.0
2022-06-24,121.0,0.0,20.55,0.0,24.625257860256742,0.4624684235282323,51.375,-0.99167731989929,-9.0
2022-06-25,88.0,0.0,22.8,0.0,20.93146918121823,0.39278923744475097,57.0,-0.993746580436178,-33.0
2022-06-26,33.0,0.0,23.75,0.0,17.791748804035496,0.33356192927379186,59.375,-0.9955213724144752,-55.0
2022-06-27,57.0,0.0,24.22,0.0,15.122986483430171,0.2832187173284766,60.55,-0.9970011699250151,24.0
2022-06-28,45.0,0.0,23.92,0.0,12.854538510915646,0.2404269871749586,59.800000000000004,-0.9981855344718586,-12.0
2022-06-29,6.0,0.0,23.38,0.0,10.926357734278298,0.2040540165444683,58.449999999999996,-0.99907411510223,-39.0
2022-06-30,0.0,0.0,24.29,0.0,9.287404074136553,0.17313699150855158,60.724999999999994,-0.9996666485105112,-6.0
2022-07-01,0.0,0.0,24.45,0.0,7.89429346301607,0.14685752022802237,61.125,-0.9999629591162655,0.0
2022-07-02,0.0,0.4,21.39,0.4,7.110149443563659,0.13206552160673257,53.475,-0.9999629591162655,0.0
2022-07-03,0.0,0.0,19.52,0.0,6.04362702702911,0.11194677081147619,48.8,-0.9996666485105112,0.0
2022-07-04,0.0,0.0,21.5,0.0,5.137082972974744,0.09484583263550828,53.75,-0.99907411510223,0.0
2022-07-05,0.0,0.0,19.53,0.0,4.366520527028532,0.08031003518593556,48.825,-0.9981855344718586,0.0
2022-07-06,0.0,10.4,15.34,10.4,14.111542447974253,0.26413895849995983,38.35,-0.9970011699250151,0.0
2022-07-07,0.0,0.0,15.69,0.0,11.994811080778115,0.22420919217071938,39.225,-0.9955213724144752,0.0
2022-07-08,0.0,1.7,16.93,1.7,11.895589418661396,0.22233748665129513,42.325,-0.9937465804361781,0.0
2022-07-09,0.0,1.1,15.5,1.1,11.211251005862186,0.20942820900904446,38.75,-0.99167731989929,0.0
2022-07-10,0.0,0.1,15.86,0.1,9.629563354982858,0.17959144309523134,39.65,-0.9893142039703664,0.0
2022-07-11,0.0,0.0,16.37,0.0,8.18512885173543,0.15234380407670015,40.925000000000004,-0.9866579328916572,0.0
2022-07-12,0.0,34.4,16.38,34.4,41.35735952397511,0.7781007800867122,40.949999999999996,-0.9837092937736098,0.0
2022-07-13,0.0,0.0,17.7,0.0,35.15375559537885,0.6610767405194589,44.25,-0.9804691603616321,0.0
2022-07-14,3.0,0.0,17.45,0.0,29.88069225607202,0.5616063068872936,43.625,-0.9769384927771817,3.0
2022-07-15,14.0,0.2,14.51,0.2,25.598588417661215,0.4808292142835331,36.275,-0.973118337233262,11.0
2022-07-16,0.0,11.5,13.61,11.5,33.25880015501203,0.6253305286426077,34.025,-0.9690098257244063,-14.0
2022-07-17,0.0,1.7,15.0,1.7,29.969980131760227,0.5632906226524004,37.5,-0.9646141756912435,0.0
2022-07-18,7.0,0.1,15.03,0.1,25.574483111996194,0.4803744946920839,37.574999999999996,-0.9599326896597445,7.0
2022-07-19,10.0,0.0,19.5,0.0,21.738310645196766,0.4080093979340248,48.75,-0.9549667548552553,3.0
2022-07-20,17.0,0.0,18.97,0.0,18.47756404841725,0.3464990656896746,47.425,-0.9497178427914317,7.0
2022-07-21,23.0,0.0,21.69,0.0,15.705929441154662,0.2942152832819769,54.225,-0.9441875088341994,6.0
2022-07-22,11.0,0.0,23.71,0.0,13.350040024981462,0.24977406823543385,59.275000000000006,-0.9383773917408642,-12.0
2022-07-23,0.0,0.0,20.93,0.0,11.347534021234242,0.21199903544587229,52.325,-0.9322892131745134,-11.0
2022-07-24,0.0,9.2,17.63,9.2,18.845403918049104,0.3534379528194259,44.074999999999996,-0.9259247771938499,0.0
2022-07-25,0.0,0.0,18.3,0.0,16.018593330341737,0.3001133373422655,45.75,-0.9192859697186105,0.0
2022-07-26,0.0,3.1,19.98,3.1,16.715804330790476,0.31326544193216954,49.95,-0.9123747579707274,0.0
2022-07-27,0.0,3.0,17.12,3.0,17.208433681171904,0.3225583428417979,42.800000000000004,-0.9051931898913975,0.0
2022-07-28,0.0,1.2,16.29,1.2,15.827168628996118,0.29650232476276184,40.724999999999994,-0.8977433935342336,0.0
2022-07-29,0.0,0.0,16.36,0.0,13.4530933346467,0.2517180534941011,40.9,-0.8900275764346766,0.0
2022-07-30,0.0,0.0,17.93,0.0,11.435129334449694,0.2136514229157394,44.825,-0.8820480249558535,0.0
2022-07-31,0.0,29.7,16.47,29.7,39.41985993428224,0.7415520204857652,41.175,-0.8738071036110807,0.0
2022-08-01,0.0,1.6,17.39,1.6,35.10688094413991,0.6601925027272941,43.475,-0.8653072543632061,0.0
2022-08-02,0.0,0.0,17.61,0.0,29.840848802518924,0.5608547047639536,44.025,-0.8565509959010037,0.0
2022-08-03,0.0,0.0,18.06,0.0,25.364721482141086,0.47641757649511407,45.15,-0.8475409228928312,0.0
2022-08-04,0.0,0.0,20.74,0.0,21.56001325981992,0.40464601746660045,51.849999999999994,-0.8382797052177745,0.0
2022-08-05,0.0,0.0,22.93,0.0,18.326011270846934,0.3436401922923639,57.325,-0.828770087174504,0.0
2022-08-06,0.0,27.8,17.27,27.8,43.377109580219894,0.8162011026118857,43.175,-0.8190148866680802,0.0
2022-08-07,0.0,0.0,15.97,0.0,36.87054314318691,0.6934620146658563,39.925000000000004,-0.8090169943749472,0.0
2022-08-08,0.0,0.0,16.52,0.0,31.33996167170887,0.5891337899117315,41.3,-0.7987793728863648,0.0
2022-08-09,0.0,1.2,17.65,1.2,27.83896742095254,0.5230914547722053,44.125,-0.7883050558305253,0.0
2022-08-10,0.0,0.0,18.19,0.0,23.663122307809658,0.4443188140021281,45.475,-0.7775971469736268,0.0
2022-08-11,0.0,0.0,19.1,0.0,20.11365396163821,0.3773620693475624,47.75,-0.7666588193001592,0.0
2022-08-12,0.0,0.0,21.13,0.0,17.09660586739248,0.3204488363911816,52.824999999999996,-0.7554933140726804,0.0
2022-08-13,0.0,0.0,22.23,0.0,14.532114987283608,0.2720725883782578,55.575,-0.7441039398713608,0.0
2022-08-14,0.0,0.0,23.17,0.0,12.352297739191066,0.23095277756727264,57.925000000000004,-0.7324940716135792,0.0
2022-08-15,0.0,0.0,24.74,0.0,10.499453078312406,0.19600093837793528,61.849999999999994,-0.7206671495538615,0.0
2022-08-16,0.0,0.0,24.6,0.0,8.924535116565545,0.1662918750669985,61.5,-0.7086266782644601,0.0
2022-08-17,0.0,0.1,23.95,0.1,7.685854849080713,0.14292555924449227,59.875,-0.6963762255968726,0.0
2022-08-18,0.0,0.0,24.4,0.0,6.532976621718606,0.12117780280357193,61.0,-0.6839194216246105,0.0
2022-08-19,0.0,0.0,24.84,0.0,5.553030128460815,0.10269220982878965,62.1,-0.6712599575675315,0.0
2022-08-20,0.0,0.0,21.62,0.0,4.720075609191692,0.08697945580022472,54.050000000000004,-0.6584015846980489,0.0
2022-08-21,0.0,0.0,20.46,0.0,4.012064267812939,0.07362361487594452,51.150000000000006,-0.64534811322955,0.0
2022-08-22,0.0,0.0,22.63,0.0,3.4102546276409975,0.06227115009030635,56.574999999999996,-0.6321034111873488,0.0
2022-08-23,0.0,0.0,23.6,0.0,2.898716433494848,0.05262155502251391,59.0,-0.6186714032625032,0.0
2022-08-24,0.0,0.0,24.16,0.0,2.4639089684706206,0.04441939921489034,60.4,-0.6050560696488494,0.0
2022-08-25,0.0,0.1,23.76,0.1,2.1943226232000277,0.03933395477020032,59.400000000000006,-0.5912614448635782,0.0
2022-08-26,0.0,0.0,22.16,0.0,1.8651742297200236,0.033124939000423785,55.4,-0.5772916165517278,0.0
2022-08-27,0.0,0.0,23.32,0.0,1.58539809526202,0.027847275596113732,58.3,-0.5631507242749187,0.0
2022-08-28,0.0,0.0,22.2,0.0,1.347588380972717,0.02336126170245019,55.5,-0.5488429582847199,0.0
2022-08-29,0.0,0.2,19.0,0.2,1.3454501238268093,0.023320925876416196,47.5,-0.5343725582809785,0.0
2022-08-30,0.0,0.4,17.4,0.4,1.543632605252788,0.027059416407867326,43.5,-0.5197438121555157,0.0
2022-08-31,0.0,0.0,14.12,0.0,1.3120877144648697,0.022691581392440742,35.3,-0.5049610547215202,0.0
2022-09-01,0.0,0.0,12.13,0.0,1.1152745572951392,0.018978921629328144,30.325000000000003,-0.4900286664290594,0.0
2022-09-02,0.0,0.3,10.8,0.3,1.2479833737008683,0.02148232480605247,27.0,-0.4749510720670502,0.0
2022-09-03,0.0,0.0,11.27,0.0,1.060785867645738,0.017951053530898115,28.174999999999997,-0.4597327394521046,0.0
2022-09-04,0.0,0.0,11.87,0.0,0.9016679874988773,0.014949472947016913,29.674999999999997,-0.44437817810461344,0.0
2022-09-05,0.0,0.1,11.3,0.1,0.8664177893740457,0.0142845174425079,28.25,-0.4288919379124841,0.0
2022-09-06,0.0,0.0,10.41,0.0,0.7364551209679389,0.011832917271885231,26.025,-0.41327860778290443,0.0
2022-09-07,0.0,0.0,11.8,0.0,0.625986852822748,0.009749057126855963,29.5,-0.3975428142825566,0.0
2022-09-08,0.0,0.0,12.69,0.0,0.5320888248993358,0.007977776003581084,31.724999999999998,-0.3816892202666586,0.0
2022-09-09,0.0,0.0,11.77,0.0,0.45227550116443543,0.006472187048797436,29.424999999999997,-0.3657225234972692,0.0
2022-09-10,0.0,0.0,12.29,0.0,0.3844341759897701,0.005192436437231335,30.724999999999998,-0.34964745525122826,0.0
2022-09-11,0.0,6.6,9.62,6.6,6.926769049591305,0.12860625587554086,24.049999999999997,-0.33346877891818705,0.0
2022-09-12,0.0,0.0,10.63,0.0,5.887753692152609,0.10900639493996324,26.575000000000003,-0.31719128858910595,0.0
2022-09-13,0.0,0.3,11.72,0.3,5.304590638329717,0.0980056771200923,29.3,-0.300819807635668,0.0
2022-09-14,0.0,1.6,13.65,1.6,6.10890204258026,0.11317811086647214,34.125,-0.2843591872810036,0.0
2022-09-15,0.0,0.5,14.0,0.5,5.69256673619322,0.10532441164120487,35.0,-0.26781430516217486,0.0
2022-09-16,0.0,0.0,11.62,0.0,4.838681725764237,0.08921682734077767,29.049999999999997,-0.25119006388481957,0.0
2022-09-17,0.0,0.5,11.55,0.5,4.612879466899602,0.08495732064436459,28.875,-0.23449138957041052,0.0
2022-09-18,0.0,0.0,9.97,0.0,3.9209475468646615,0.0719047999934634,24.925,-0.21772323039653224,0.0
2022-09-19,0.0,0.8,11.21,0.8,4.132805414834962,0.0759012613745175,28.025000000000002,-0.20089055513063528,0.0
2022-09-20,0.0,0.7,11.55,0.7,4.2128846026097175,0.07741186555662345,28.875,-0.18399835165767986,0.0
2022-09-21,0.0,1.1,11.1,1.1,4.68095191221826,0.08624143107857359,27.75,-0.1670516255021195,0.0
2022-09-22,0.0,0.3,9.71,0.3,4.278809125385521,0.0786554578379111,24.275000000000002,-0.15005539834465262,0.0
2022-09-23,0.0,0.2,9.45,0.2,3.836987756577693,0.07032099259155795,23.625,-0.13301470653419636,0.0
2022-09-24,0.0,0.0,10.22,0.0,3.261439593091039,0.05946392114857778,25.55,-0.11593459959550066,0.0
2022-09-25,0.0,0.0,9.8,0.0,2.7722236541273833,0.05023541042204463,24.5,-0.09882013873287211,0.0
2022-09-26,0.0,0.0,11.09,0.0,2.3563901060082757,0.04239117630449145,27.725,-0.08167639533042288,0.0
2022-09-27,0.0,0.0,10.68,0.0,2.002931590107034,0.03572357730457124,26.7,-0.06450844944931625,0.0
2022-09-28,0.0,8.6,10.0,8.6,10.302491851590979,0.19228548544857996,25.0,-0.04732138832243232,0.0
2022-09-29,0.0,4.4,9.36,4.4,13.157118073852333,0.24613481171580695,23.4,-0.03012030484690836,0.0
2022-09-30,0.0,0.0,8.86,0.0,11.183550362774483,0.20890566740418942,22.15,-0.012910296075008843,0.0
2022-10-01,0.0,3.8,9.49,3.8,13.306017808358309,0.2489436384273349,23.725,0.004303538296243821,0.0
2022-10-02,0.0,0.3,8.47,0.3,11.610115137104563,0.2169523340843582,21.175,0.021516097436222233,0.0
2022-10-03,0.0,1.4,9.07,1.4,11.268597866538878,0.21050999330251813,22.675,0.03872228089217399,0.0
2022-10-04,0.0,0.0,11.22,0.0,9.578308186558045,0.17862457175289392,28.05,0.05591699010060302,0.0
2022-10-05,0.0,0.0,11.42,0.0,8.141561958574338,0.1515219634357133,28.55,0.07309512989807776,0.0
2022-10-06,0.0,0.0,11.72,0.0,6.920327664788187,0.12848474636610985,29.3,0.0902516100310407,0.0
2022-10-07,0.0,0.0,10.79,0.0,5.882278515069959,0.10890311185694689,26.974999999999998,0.10738134666416306,0.0
2022-10-08,0.0,3.2,12.52,3.2,8.199936737809466,0.15262313826143872,31.299999999999997,0.12447926388678869,0.0
2022-10-09,0.0,0.8,10.2,0.8,7.769946227138046,0.1445118489022965,25.5,0.141540295217043,0.0
2022-10-10,0.0,0.0,7.46,0.0,6.604454293067339,0.12252614901270556,18.65,0.15855938510313475,0.0
2022-10-11,0.0,0.0,8.82,0.0,5.613786149107238,0.10383830410655323,22.05,0.17553149042142777,0.0
2022-10-12,0.0,0.0,7.92,0.0,4.771718226741152,0.08795363593632376,19.8,0.19245158197082995,0.0
2022-10-13,0.0,0.9,8.03,0.9,4.95596049272998,0.09142915991773881,20.075,0.20931464596304888,0.0
2022-10-14,0.0,0.0,8.65,0.0,4.212566418820483,0.07740586337583151,21.625,0.22611568550828803,0.0
2022-10-15,0.0,0.4,9.97,0.4,3.98068145599741,0.07303161328237033,24.925,0.2428497220959358,0.0
2022-10-16,0.0,0.9,13.95,0.9,4.283579237597799,0.0787454406618784,34.875,0.25951179706979943,0.0
2022-10-17,0.0,0.0,13.71,0.0,3.641042351958129,0.06662470200835015,34.275000000000006,0.27609697309746883,0.0
2022-10-18,0.0,0.0,13.93,0.0,3.0948859991644095,0.05632207415285114,34.825,0.2926003356333479,0.0
2022-10-19,0.0,1.1,7.29,1.1,3.730653099289748,0.0683151083853671,18.225,0.30901699437494723,0.0
2022-10-20,0.0,0.0,5.2,0.0,3.171055134396286,0.057758919573315554,13.0,0.3253420847119795,0.0
2022-10-21,0.0,0.0,7.43,0.0,2.695396864236843,0.04878615908307173,18.575,0.341570769167856,0.0
2022-10-22,0.0,0.0,7.55,0.0,2.2910873346013165,0.04115931266636449,18.875,0.35769823883312546,0.0
2022-10-23,0.0,0.1,10.73,0.1,2.047424234411119,0.03656288120395334,26.825000000000003,0.3737197147904692,0.0
2022-10-24,0.0,0.0,10.85,0.0,1.740310599249451,0.030769526469113854,27.125,0.38963044953078774,0.0
2022-10-25,0.0,3.6,12.13,3.6,5.079264009362033,0.09375514264894068,30.325000000000003,0.4054257283599973,0.0
2022-10-26,0.0,1.0,11.44,1.0,5.317374407957728,0.09824682861525319,28.599999999999998,0.42110087079608916,0.0
2022-10-27,0.0,0.0,11.3,0.0,4.519768246764069,0.08320088176871873,28.25,0.4366512319560638,0.0
2022-10-28,0.0,0.0,11.98,0.0,3.841803009749458,0.07041182694916442,29.950000000000003,0.45207220393230374,0.0
2022-10-29,0.0,0.2,12.68,0.2,3.4655325582870398,0.0633139063361233,31.7,0.46735921715800205,0.0
2022-10-30,0.0,0.0,10.7,0.0,2.9457026745439836,0.05350789783145832,26.75,0.48250774176121763,0.0
2022-10-31,0.0,0.0,4.74,0.0,2.503847273362386,0.04517279060249308,11.850000000000001,0.4975132889071803,0.0
2022-11-01,0.0,0.0,7.34,0.0,2.128270182358028,0.03808794945787263,18.35,0.5123714121284235,0.0
2022-11-02,0.0,0.9,8.95,0.9,2.709029655004324,0.04904332641105535,22.375,0.5270777086423724,0.0
2022-11-03,0.0,0.0,8.79,0.0,2.3026752067536753,0.041377904895150565,21.974999999999998,0.5416278206559811,0.0
2022-11-04,0.0,0.0,5.31,0.0,1.957273925740624,0.034862296606631496,13.274999999999999,0.5560174366570446,0.0
2022-11-05,0.0,11.1,6.64,11.1,12.76368283687953,0.23871309665008145,16.599999999999998,0.5702422926917867,0.0
2022-11-06,0.0,2.0,6.17,2.0,12.8491304113476,0.24032496943412293,15.425,0.5842981736283683,0.0
2022-11-07,0.0,0.0,6.29,0.0,10.92176084964546,0.20396730146475803,15.725,0.5981809144059159,0.0
2022-11-08,0.0,0.1,9.34,0.1,9.383496722198641,0.17494967168258785,23.35,0.6118864012687242,0.0
2022-11-09,0.0,0.8,8.43,0.8,8.775972213868846,0.16348940231027329,21.075,0.6254105729852457,0.0
2022-11-10,0.0,4.0,9.12,4.0,11.45957638178852,0.2141125890810862,22.799999999999997,0.6387494220515268,0.0
2022-11-11,0.0,0.5,9.41,0.5,10.240639924520242,0.19111871812362685,23.525,0.6518989958787125,0.0
2022-11-12,0.0,0.6,11.57,0.6,9.304543935842204,0.1734603158015764,28.925,0.6648553979642867,0.0
2022-11-13,0.0,0.2,8.95,0.2,8.108862345465873,0.15090512186067348,22.375,0.6776147890466887,0.0
2022-11-14,0.0,0.1,3.05,0.1,6.992532993645992,0.129846819019116,7.625,0.690173388242972,0.0
2022-11-15,0.0,1.1,5.03,1.1,7.043653044599093,0.1308111415216922,12.575000000000001,0.7025274741691566,0.0
2022-11-16,0.0,0.2,1.21,0.2,6.187105087909229,0.11465332372277191,3.025,0.7146733860429608,0.0
2022-11-17,0.0,0.4,-1.6,0.4,5.659039324722845,0.1046919545772697,0.0,0.726607524768565,0.0
2022-11-18,0.0,1.2,-2.57,1.2,6.010183426014418,0.11131589473791288,0.0,0.7383263540031063,0.0
2022-11-19,0.0,0.4,-4.78,0.4,5.508655912112255,0.1018551399401395,0.0,0.749826401204568,0.0
2022-11-20,0.0,0.2,-6.05,0.2,4.882357525295417,0.0900407223784521,0.0,0.7611042586607742,0.0
2022-11-21,0.0,0.0,-1.66,0.0,4.150003896501104,0.07622569146743781,0.0,0.7721565844991641,0.0
2022-11-22,0.0,0.0,-2.37,0.0,3.5275033120259387,0.06448291519307565,0.0,0.7829801036770625,0.0
2022-11-23,0.0,0.0,-4.17,0.0,2.9983778152220477,0.05450155535986781,0.0,0.7935716089521472,0.0
2022-11-24,0.0,1.4,-2.29,1.4,3.9486211429387406,0.0724268313867013,0.0,0.8039279618328208,0.0
2022-11-25,0.0,0.0,-0.94,0.0,3.3563279714979295,0.061253884124449626,0.0,0.8140460935082175,0.0
2022-11-26,0.0,1.9,-0.69,1.9,4.75287877577324,0.08759825079554591,0.0,0.8239230057575536,0.0
2022-11-27,0.0,2.3,-0.49,2.3,6.3399469594072535,0.11753651443313777,0.0,0.8335557718385695,0.0
2022-11-28,0.0,1.4,-0.74,1.4,6.788954915496165,0.12600654659898075,0.0,0.8429415373547832,0.0
2022-11-29,0.0,0.0,-0.1,0.0,5.77061167817174,0.10679664205488715,0.0,0.8520775211013093,0.0
2022-11-30,0.0,0.0,0.18,0.0,4.905019926445979,0.09046822319240759,0.44999999999999996,0.8609610158889945,0.0
2022-12-01,0.0,0.0,-2.36,0.0,4.169266937479082,0.07658906715929997,0.0,0.8695893893466109,0.0
2022-12-02,0.0,0.0,-5.05,0.0,3.5438768968572196,0.06479178453115848,0.0,0.8779600847008883,0.0
2022-12-03,0.0,0.3,-4.5,0.3,3.3122953623286366,0.060423258272608256,0.0,0.8860706215341377,0.0
2022-12-04,0.0,0.0,-1.06,0.0,2.8154510579793413,0.05105084697747053,0.0,0.893918596519257,0.0
2022-12-05,0.0,0.0,-3.25,0.0,2.39313339928244,0.04308429737660347,0.0,0.9015016841318838,0.0
2022-12-06,0.0,1.4,-2.06,1.4,3.434163389390074,0.06272216210092661,0.0,0.9088176373395028,0.0
2022-12-07,0.0,4.2,-0.56,4.2,7.119038880981563,0.13223321088672157,0.0,0.9158642882672868,0.0
2022-12-08,0.0,1.8,-0.08,1.8,7.851183048834328,0.14604429055168705,0.0,0.9226395488404875,0.0
2022-12-09,0.0,0.1,-1.69,0.1,6.773505591509179,0.1257151124064775,0.0,0.9291414114031743,0.0
2022-12-10,0.0,0.2,-4.75,0.2,5.957479752782802,0.11032169897483941,0.0,0.935367949313148,0.0
2022-12-11,0.0,7.5,-4.61,7.5,12.56385778986538,0.2349436209586178,0.0,0.941317317512847,0.0
2022-12-12,0.0,1.6,-4.46,1.6,12.279279121385573,0.22957536312921878,0.0,0.946987753076075,0.0
2022-12-13,0.0,1.3,-2.55,1.3,11.737387253177737,0.21935317999885962,0.0,0.9523775757303973,0.0
2022-12-14,0.0,0.0,-8.28,0.0,9.976779165201076,0.1861412804447842,0.0,0.9574851883550389,0.0
2022-12-15,0.0,0.0,-9.18,0.0,8.480262290420916,0.1579111658238201,0.0,0.9623090774541487,0.0
2022-12-16,0.0,0.0,-6.14,0.0,7.208222946857778,0.1339155683960006,0.0,0.9668478136052773,0.0
2022-12-17,0.0,0.0,-8.58,0.0,6.126989504829111,0.11351931058235402,0.0,0.9711000518829505,0.0
2022-12-18,0.0,0.0,-8.84,0.0,5.207941079104744,0.09618249144075443,0.0,0.9750645322571945,0.0
2022-12-19,0.0,0.0,-9.7,0.0,4.426749917239032,0.08144619517039478,0.0,0.9787400799669153,0.0
2022-12-20,0.0,4.7,-0.56,4.7,8.462737429653178,0.15758057895471955,0.0,0.9821256058680006,0.0
2022-12-21,0.0,2.5,1.35,2.5,9.6933268152052,0.1807942693520154,3.375,0.9852201067560606,0.0
2022-12-22,0.0,3.5,1.4,3.5,11.73932779292442,0.21938978610761697,3.5,0.9880226656636976,0.0
2022-12-23,0.0,1.8,2.55,1.8,11.778428623985757,0.22012737948944813,6.375,0.9905324521322227,0.0
2022-12-24,0.0,0.0,-0.89,0.0,10.011664330387893,0.1867993500117844,0.0,0.9927487224577402,0.0
2022-12-25,0.0,0.0,-2.98,0.0,8.50991468082971,0.15847052495577027,0.0,0.9946708199115211,0.0
2022-12-26,0.0,4.6,-0.96,4.6,11.833427478705254,0.22116487128049875,0.0,0.9962981749346077,0.0
2022-12-27,0.0,1.1,2.48,1.1,11.158413356899464,0.20843148594386754,6.2,0.9976303053065857,0.0
2022-12-28,0.0,1.4,1.43,1.4,10.884651353364545,0.20326727238310108,3.5749999999999997,0.9986668162884759,0.0
2022-12-29,42.0,2.9,3.58,2.9,12.151953650359863,0.22717351073329972,8.95,0.9994074007397048,42.0
2022-12-30,3.0,2.5,4.45,2.5,12.829160602805883,0.23994826136380853,11.125,0.9998518392091162,-39.0
2022-12-31,3.0,1.4,5.21,1.4,12.304786512385,0.2300565314900509,13.025,1.0,0.0
2023-01-01,22.0,2.9,11.36,2.9,13.35906853552725,0.2499443809742071,28.4,0.9998518392091162,19.0
2023-01-02,81.0,3.4,7.43,3.4,14.755208255198163,0.2762809929946899,18.575,0.9994074007397048,59.0
2023-01-03,119.0,1.1,4.9,1.1,13.641927016918437,0.25528018940093,12.25,0.998666816288476,38.0
2023-01-04,157.0,6.3,0.87,6.3,17.895637964380672,0.33552168191931475,2.175,0.9976303053065857,38.0
2023-01-05,138.0,12.6,0.71,12.6,27.81129226972357,0.5225693940427123,1.775,0.9962981749346078,-19.0
2023-01-06,147.0,0.0,-10.84,0.0,23.639598429265032,0.443875062382059,0.0,0.9946708199115211,9.0
2023-01-07,136.0,0.7,-8.41,0.7,20.793658664875277,0.39018959641303375,0.0,0.9927487224577402,-11.0
2023-01-08,88.0,0.0,-2.95,0.0,17.674609865143985,0.33135223439683215,0.0,0.9905324521322229,-48.0
2023-01-09,59.0,3.6,-0.71,3.6,18.62341838537239,0.3492504443875013,0.0,0.9880226656636976,-29.0
2023-01-10,84.0,1.5,1.31,1.5,17.329905627566532,0.3248497750519798,3.2750000000000004,0.9852201067560606,25.0
2023-01-11,42.0,0.0,0.48,0.0,14.730419783431552,0.2758133862399363,1.2,0.9821256058680006,-42.0
2023-01-12,52.0,1.7,3.15,1.7,14.220856815916818,0.2662010516101295,7.875,0.9787400799669153,10.0
2023-01-13,81.0,5.1,4.75,5.1,17.187728293529297,0.3221677588956542,11.875,0.9750645322571948,29.0
2023-01-14,95.0,0.0,5.1,0.0,14.609569049499902,0.27353367250705957,12.75,0.9711000518829505,14.0
2023-01-15,68.0,8.0,4.23,8.0,20.418133692074917,0.38310573841995504,10.575000000000001,0.9668478136052775,-27.0
2023-01-16,120.0,0.0,3.08,0.0,17.35541363826368,0.3253309551027153,7.7,0.9623090774541486,52.0
2023-01-17,141.0,3.1,2.56,3.1,17.85210159252413,0.33470041702855186,6.4,0.9574851883550393,21.0
2023-01-18,150.0,8.7,2.12,8.7,23.87428635364551,0.4483021872057535,5.300000000000001,0.9523775757303974,9.0
2023-01-19,168.0,0.4,1.39,0.4,20.693143400598682,0.38829348853780404,3.4749999999999996,0.9469877530760753,18.0
2023-01-20,186.0,2.1,0.25,2.1,19.68917189050888,0.3693546905304772,0.625,0.9413173175128471,18.0
2023-01-21,169.0,0.3,0.04,0.3,17.035796106932548,0.31930172837202914,0.1,0.9353679493131483,-17.0
2023-01-22,130.0,0.0,-0.2,0.0,14.480426690892665,0.27109754656197826,0.0,0.9291414114031743,-39.0
2023-01-23,143.0,0.0,-0.93,0.0,12.308362687258764,0.230123992023435,0.0,0.9226395488404876,13.0
2023-01-24,174.0,0.0,-2.19,0.0,10.462108284169949,0.19529647066567324,0.0,0.9158642882672872,31.0
2023-01-25,166.0,0.0,-1.12,0.0,8.892792041544457,0.16569307751157578,0.0,0.9088176373395029,-8.0
2023-01-26,165.0,0.7,-1.14,0.7,8.258873235312787,0.153734909273123,0.0,0.901501684131884,-1.0
2023-01-27,151.0,1.0,-0.47,1.0,8.02004225001587,0.14922963024580818,0.0,0.893918596519257,-14.0
2023-01-28,137.0,0.0,-1.48,0.0,6.8170359125134885,0.12653626315469046,0.0,0.886070621534138,-14.0
2023-01-29,99.0,0.2,-0.1,0.2,5.994480525636465,0.11101967711082043,0.0,0.8779600847008882,-38.0
2023-01-30,92.0,2.0,0.94,2.0,7.0953084467909955,0.1317855628257511,2.3499999999999996,0.869589389346611,-7.0
2023-01-31,92.0,0.5,1.7,0.5,6.531012179772346,0.121140745806592,4.25,0.8609610158889943,0.0
2023-02-01,111.0,7.5,0.95,7.5,13.051360352806494,0.24413981076560748,2.375,0.8520775211013093,19.0
2023-02-02,115.0,1.0,0.56,1.0,12.09365629988552,0.22607379651441997,1.4000000000000001,0.8429415373547828,4.0
2023-02-03,120.0,0.0,-1.12,0.0,10.279607854902691,0.19185380448301048,0.0,0.8335557718385699,5.0
2023-02-04,106.0,0.0,-2.76,0.0,8.737666676667287,0.1627668112563124,0.0,0.8239230057575542,-14.0
2023-02-05,51.0,0.0,-5.4,0.0,7.427016675167193,0.13804286701361906,0.0,0.8140460935082178,-55.0
2023-02-06,84.0,0.0,-1.26,0.0,6.312964173892114,0.11702751440732972,0.0,0.8039279618328213,33.0
2023-02-07,117.0,0.0,-0.63,0.0,5.366019547808297,0.09916446469198378,0.0,0.7935716089521474,33.0
2023-02-08,95.0,0.0,0.0,0.0,4.561116615637053,0.08398087243393973,0.0,0.7829801036770629,-22.0
2023-02-09,74.0,0.0,-0.76,0.0,3.8769491232914945,0.07107481901460228,0.0,0.7721565844991642,-21.0
2023-02-10,82.0,0.1,0.79,0.1,3.3954067547977704,0.06199106159995546,1.975,0.7611042586607747,8.0
2023-02-11,13.0,2.8,1.78,2.8,5.686095741578105,0.10520234357583595,4.45,0.7498264012045686,-69.0
2023-02-12,34.0,0.0,-0.19,0.0,4.833181380341389,0.08911306948521408,0.0,0.7383263540031065,21.0
2023-02-13,62.0,0.0,3.35,0.0,4.108204173290181,0.07543718650818548,8.375,0.7266075247685656,28.0
2023-02-14,72.0,0.0,2.78,0.0,3.491973547296654,0.06381268597771118,6.949999999999999,0.7146733860429609,10.0
2023-02-15,94.0,0.0,0.66,0.0,2.968177515202156,0.05393186052680802,1.6500000000000001,0.702527474169157,22.0
2023-02-16,95.0,0.0,0.33,0.0,2.5229508879218323,0.04553315889354032,0.8250000000000001,0.6901733882429719,1.0
2023-02-17,64.0,4.2,2.89,4.2,6.344508254733558,0.11762255816044326,7.2250000000000005,0.6776147890466889,-31.0
2023-02-18,36.0,3.0,3.6,3.0,8.392832016523524,0.15626189163583057,9.0,0.6648553979642865,-28.0
2023-02-19,57.0,0.0,1.35,0.0,7.133907214044996,0.13251368533620952,3.375,0.6518989958787126,21.0
2023-02-20,93.0,5.4,0.68,5.4,11.463821131938246,0.21419266153819216,1.7000000000000002,0.6387494220515272,36.0
2023-02-21,100.0,0.4,1.64,0.4,10.14424796214751,0.1893003917203769,4.1,0.6254105729852463,7.0
2023-02-22,146.0,0.0,-2.66,0.0,8.622610767825384,0.16059641040807388,0.0,0.6118864012687243,46.0
2023-02-23,148.0,0.0,-2.83,0.0,7.329219152651576,0.13619802629261635,0.0,0.5981809144059164,2.0
2023-02-24,124.0,2.8,1.32,2.8,9.02983627975384,0.16827826356459769,3.3000000000000003,0.5842981736283683,-24.0
2023-02-25,68.0,0.1,0.23,0.1,7.775360837790763,0.14461398946745155,0.5750000000000001,0.5702422926917871,-56.0
2023-02-26,41.0,0.2,-2.3,0.2,6.809056712122149,0.12638574447666737,0.0,0.5560174366570446,-27.0
2023-02-27,89.0,0.0,-2.09,0.0,5.787698205303826,0.10711896025092077,0.0,0.5416278206559814,48.0
2023-02-28,100.0,0.0,-0.36,0.0,4.919543474508252,0.09074219365903617,0.0,0.5270777086423722,11.0
2023-03-01,97.0,0.0,1.88,0.0,4.181611953332014,0.07682194205593426,4.699999999999999,0.5123714121284237,-3.0
2023-03-02,101.0,0.0,1.9,0.0,3.554370160332212,0.06498972819329762,4.75,0.49751328890718066,4.0
2023-03-03,78.0,0.0,2.97,0.0,3.02121463628238,0.054932346410056496,7.425000000000001,0.48250774176121847,-23.0
2023-03-04,36.0,0.1,0.55,0.1,2.6680324408400233,0.04826995988609155,1.375,0.46735921715800227,-42.0
2023-03-05,48.0,0.0,-0.73,0.0,2.26782757471402,0.04072054334893133,0.0,0.45207220393230435,12.0
2023-03-06,82.0,0.1,-2.04,0.1,2.027653438506917,0.036189927284135164,0.0,0.43665123195606403,34.0
2023-03-07,103.0,1.2,-1.38,1.2,2.923505422730879,0.05308917153874852,0.0,0.4211008707960896,21.0
2023-03-08,81.0,0.1,-0.96,0.1,2.5849796093212474,0.04670326124547977,0.0,0.40542572835999735,-22.0
2023-03-09,64.0,0.0,-2.9,0.0,2.19723266792306,0.039388849504411315,0.0,0.38963044953078796,-17.0
2023-03-10,50.0,3.3,-3.31,3.3,5.167647767734601,0.09542240325357348,0.0,0.37371971479046906,-14.0
2023-03-11,0.0,2.1,-0.76,2.1,6.492500602574411,0.12041426803888122,0.0,0.35769823883312546,-50.0
2023-03-12,0.0,0.9,-2.27,0.9,6.41862551218825,0.11902069720491264,0.0,0.3415707691678556,0.0
2023-03-13,10.0,4.3,-0.29,4.3,9.755831685360011,0.18197335371689968,0.0,0.3253420847119801,10.0
2023-03-14,52.0,3.4,7.1,3.4,11.69245693255601,0.2185056198259786,17.75,0.30901699437494745,42.0
2023-03-15,104.0,0.0,3.53,0.0,9.938588392672608,0.18542085429783534,8.825,0.29260033563334836,52.0
2023-03-16,125.0,0.0,1.43,0.0,8.447800133771716,0.15729880359891352,3.5749999999999997,0.27609697309746883,21.0
2023-03-17,159.0,0.0,2.21,0.0,7.180630113705958,0.13339506050483002,5.525,0.2595117970697999,34.0
2023-03-18,107.0,0.0,5.62,0.0,6.103535596650064,0.11307687887485902,14.05,0.2428497220959356,-52.0
2023-03-19,129.0,0.0,7.58,0.0,5.188005257152555,0.09580642448938369,18.95,0.22611568550828828,22.0
2023-03-20,140.0,0.4,7.77,0.4,4.809804468579672,0.0886720902288897,19.424999999999997,0.20931464596304847,11.0
2023-03-21,146.0,0.1,5.73,0.1,4.188333798292721,0.07694874213209978,14.325000000000001,0.19245158197082998,6.0
2023-03-22,135.0,0.4,6.27,0.4,3.9600837285488124,0.07264306022519836,15.674999999999999,0.1755314904214282,-11.0
2023-03-23,127.0,3.1,10.38,3.1,6.46607116926649,0.11991570638266244,25.950000000000003,0.15855938510313478,-8.0
2023-03-24,117.0,4.4,9.6,4.4,9.896160493876517,0.18462049950977705,24.0,0.141540295217043,-10.0
2023-03-25,89.0,0.2,9.36,0.2,8.611736419795038,0.160391278012644,23.4,0.12447926388678915,-28.0
2023-03-26,110.0,0.2,6.82,0.2,7.519975956825783,0.13979643974008096,17.05,0.10738134666416309,21.0
2023-03-27,108.0,0.0,2.24,0.0,6.391979563301915,0.11851805122482233,5.6000000000000005,0.09025161003104117,-2.0
2023-03-28,117.0,0.0,-0.44,0.0,5.433182628806628,0.10043142098685248,0.0,0.07309512989807777,9.0
2023-03-29,153.0,0.0,0.59,0.0,4.618205234485633,0.08505778528457812,1.4749999999999999,0.055916990100603484,36.0
2023-03-30,147.0,0.3,5.08,0.3,4.225474449312788,0.07764935891301496,12.7,0.03872228089217446,-6.0
2023-03-31,120.0,6.2,7.37,6.2,9.79165328191587,0.18264908801279686,18.425,0.021516097436222254,-27.0
2023-04-01,79.0,0.0,5.41,0.0,8.322905289628489,0.15494280225663085,13.525,0.004303538296244289,-41.0
2023-04-02,70.0,0.0,3.0,0.0,7.074469496184215,0.13139245936388974,7.5,-0.01291029607500882,-9.0
2023-04-03,118.0,0.0,0.58,0.0,6.013299071756583,0.11137466790505979,1.45,-0.030120304846908114,48.0
2023-04-04,150.0,0.5,-0.35,0.5,5.6113042109930955,0.10379148512400439,0.0,-0.04732138832243185,32.0
2023-04-05,150.0,0.0,1.12,0.0,4.769608579344131,0.08791383980115725,2.8000000000000003,-0.06450844944931623,0.0
2023-04-06,133.0,0.1,3.35,0.1,4.15416729244251,0.07630422926852717,8.375,-0.08167639533042241,-17.0
2023-04-07,102.0,0.0,10.52,0.0,3.5310421985761336,0.06454967232400159,26.299999999999997,-0.09882013873287143,-31.0
2023-04-08,77.0,6.0,10.93,6.0,9.001385868789713,0.1677415784285555,27.325,-0.11593459959550041,-25.0
2023-04-09,80.0,1.2,10.78,1.2,8.851177988471255,0.16490807501150578,26.95,-0.1330147065341959,3.0
2023-04-10,100.0,0.0,10.79,0.0,7.523501290200566,0.13986294120553344,26.974999999999998,-0.1500553983446526,20.0
2023-04-11,111.0,0.0,10.77,0.0,6.394976096670481,0.11857457747045694,26.924999999999997,-0.16705162550211924,11.0
2023-04-12,116.0,0.3,12.1,0.3,5.735729682169909,0.10613863227101195,30.25,-0.18399835165768005,5.0
2023-04-13,105.0,1.1,9.93,1.1,5.9753702298444225,0.11065918278580378,24.825,-0.20089055513063506,-11.0
2023-04-14,111.0,0.0,10.57,0.0,5.079064695367759,0.09375138281368672,26.425,-0.21772323039653177,6.0
2023-04-15,87.0,0.0,9.3,0.0,4.317204991062595,0.07937975283738723,23.25,-0.23449138957040985,-24.0
2023-04-16,89.0,2.8,4.64,2.8,6.4696242424032055,0.11998273112765295,11.6,-0.25119006388481935,2.0
2023-04-17,106.0,0.0,8.59,0.0,5.499180606042724,0.10167639890425852,21.475,-0.2678143051621742,17.0
2023-04-18,95.0,1.0,9.69,1.0,5.674303515136316,0.10497989643227337,24.224999999999998,-0.2843591872810034,-11.0
2023-04-19,52.0,1.5,11.8,1.5,6.323157987865868,0.11721980929003603,29.5,-0.30081980763566735,-43.0
2023-04-20,69.0,0.0,12.46,0.0,5.374684289685988,0.09932791534228415,31.150000000000002,-0.3171912885891061,17.0
2023-04-21,75.0,0.0,11.45,0.0,4.56848164623309,0.08411980548669505,28.625,-0.3334687789181868,6.0
2023-04-22,73.0,0.0,11.74,0.0,3.883209399298127,0.0711929121094443,29.35,-0.3496474552512284,-2.0
2023-04-23,53.0,0.0,13.04,0.0,3.300727989403408,0.06020505273878117,32.599999999999994,-0.36572252349726897,-20.0
2023-04-24,82.0,0.0,14.46,0.0,2.8056187909928965,0.050865372273717506,36.150000000000006,-0.3816892202666588,29.0
2023-04-25,69.0,6.7,12.43,6.7,9.084775972343962,0.1693146393283441,31.075,-0.39754281428255595,-13.0
2023-04-26,60.0,3.7,5.31,3.7,11.422059576492368,0.21340487657107637,13.274999999999999,-0.4132786077829042,-9.0
2023-04-27,21.0,0.0,5.28,0.0,9.708750640018513,0.18108522253116846,13.200000000000001,-0.4288919379124835,-39.0
2023-04-28,27.0,0.0,5.8,0.0,8.252438044015737,0.1536135165972467,14.5,-0.4443781781046132,6.0
2023-04-29,0.0,0.0,8.65,0.0,7.014572337413376,0.13026256655341323,21.625,-0.45973273945210397,-27.0
2023-04-30,0.0,1.8,9.08,1.8,7.762386486801369,0.14436924286837494,22.7,-0.47495107206704995,0.0
2023-05-01,2.0,0.0,7.17,0.0,6.598028513781164,0.12240493388387222,17.925,-0.49002866642905923,2.0
2023-05-02,57.0,0.0,9.91,0.0,5.6083242367139885,0.10373527124704489,24.775,-0.5049610547215204,55.0
2023-05-03,29.0,0.0,7.4,0.0,4.76707560120689,0.08786605800574167,18.5,-0.5197438121555155,-28.0
2023-05-04,20.0,0.0,7.64,0.0,4.052014261025856,0.0743772267506339,19.099999999999998,-0.5343725582809787,-9.0
2023-05-05,8.0,0.0,5.75,0.0,3.4442121218719772,0.06291172018379233,14.375,-0.548842958284719,-12.0
2023-05-06,0.0,0.0,6.68,0.0,2.9275803035911805,0.053166039601976994,16.7,-0.5631507242749186,-8.0
2023-05-07,0.0,0.0,8.11,0.0,2.4884432580525035,0.04488221110743396,20.275,-0.5772916165517272,0.0
2023-05-08,0.0,0.0,8.99,0.0,2.115176769344628,0.03784095688707238,22.475,-0.5912614448635781,0.0
2023-05-09,17.0,0.0,10.76,0.0,1.7979002539429336,0.031855890799765044,26.9,-0.6050560696488488,17.0
2023-05-10,0.0,0.0,11.74,0.0,1.5282152158514934,0.0267685846255538,29.35,-0.6186714032625031,-17.0
2023-05-11,2.0,0.0,11.97,0.0,1.2989829334737695,0.022444374377474246,29.925,-0.6321034111873487,2.0
2023-05-12,0.0,0.0,14.72,0.0,1.1041354934527041,0.018768795666606625,36.800000000000004,-0.6453481132295501,-2.0
2023-05-13,0.0,0.0,16.63,0.0,0.9385151694347985,0.01564455376236915,41.574999999999996,-0.6584015846980488,0.0
2023-05-14,0.0,0.0,18.06,0.0,0.7977378940195787,0.012988948143767292,45.15,-0.6712599575675313,0.0
2023-05-15,0.0,3.8,17.78,3.8,4.478077209916641,0.08241442705597611,44.45,-0.6839194216246106,0.0
2023-05-16,0.0,0.3,13.55,0.3,4.106365628429145,0.07540250441870323,33.875,-0.6963762255968722,0.0
2023-05-17,0.0,10.2,9.91,10.2,13.690410784164772,0.2561947813642323,24.775,-0.7086266782644596,0.0
2023-05-18,0.0,0.0,10.9,0.0,11.636849166540056,0.21745664160535097,27.25,-0.7206671495538609,0.0
2023-05-19,0.0,0.0,12.69,0.0,9.891321791559047,0.18452922281030182,31.724999999999998,-0.7324940716135789,0.0
2023-05-20,0.0,0.0,15.75,0.0,8.40762352282519,0.15654091683451007,39.375,-0.7441039398713607,0.0
2023-05-21,0.0,0.0,16.06,0.0,7.146479994401411,0.13275085675508708,40.15,-0.7554933140726803,0.0
2023-05-22,0.0,0.0,16.27,0.0,6.074507995241199,0.11252930568757753,40.675,-0.766658819300159,0.0
2023-05-23,0.0,0.0,17.0,0.0,5.16333179595502,0.09534098728019443,42.5,-0.777597146973627,0.0
2023-05-24,0.0,0.0,18.63,0.0,4.388832026561767,0.08073091663391878,46.574999999999996,-0.7883050558305255,0.0
2023-05-25,0.0,0.0,18.48,0.0,3.7305072225775016,0.06831235658458447,46.2,-0.7987793728863649,0.0
2023-05-26,0.0,0.0,14.45,0.0,3.170931139190876,0.05775658054265031,36.125,-0.8090169943749473,0.0
2023-05-27,0.0,0.0,11.09,0.0,2.6952914683122446,0.04878417090700627,27.725,-0.8190148866680801,0.0
2023-05-28,0.0,0.0,12.7,0.0,2.290997748065408,0.04115762271670884,31.75,-0.8287700871745037,0.0
2023-05-29,0.0,0.0,14.9,0.0,1.9473480858555965,0.03467505675495604,37.25,-0.8382797052177743,0.0
2023-05-30,0.0,0.0,14.55,0.0,1.655245872977257,0.029164875687466146,36.375,-0.8475409228928311,0.0
2023-05-31,0.0,0.0,14.15,0.0,1.4069589920306684,0.02448122178009974,35.375,-0.8565509959010036,0.0
2023-06-01,0.0,0.0,14.49,0.0,1.1959151432260682,0.020500115958838293,36.225,-0.865307254363206,0.0
2023-06-02,0.0,1.1,9.27,1.1,2.116527871742158,0.037866443920456176,23.174999999999997,-0.8738071036110808,0.0
2023-06-03,0.0,0.0,9.85,0.0,1.7990486909808343,0.03187755477814127,24.625,-0.8820480249558537,0.0
2023-06-04,0.0,0.0,13.11,0.0,1.529191387333709,0.026786999007173594,32.775,-0.8900275764346767,0.0
2023-06-05,0.0,0.0,12.9,0.0,1.2998126792336526,0.02246002660185107,32.25,-0.8977433935342337,0.0
2023-06-06,0.0,0.0,15.78,0.0,1.1048407773486046,0.018782100057326924,39.449999999999996,-0.9051931898913974,0.0
2023-06-07,0.0,0.0,19.03,0.0,0.9391146607463139,0.0156558624944814,47.575,-0.9123747579707273,0.0
2023-06-08,0.0,0.0,20.48,0.0,0.7982474616343668,0.012998560566062703,51.2,-0.9192859697186104,0.0
2023-06-09,0.0,0.0,19.15,0.0,0.6785103423892117,0.010739853926906812,47.875,-0.9259247771938498,0.0
2023-06-10,0.0,0.0,16.28,0.0,0.5767337910308299,0.008819953283624305,40.7,-0.9322892131745133,0.0
2023-06-11,0.0,0.0,16.22,0.0,0.4902237223762054,0.007188037736834173,40.55,-0.9383773917408641,0.0
2023-06-12,0.0,0.0,16.03,0.0,0.41669016401977454,0.005800909522062562,40.075,-0.9441875088341993,0.0
2023-06-13,0.0,0.0,18.01,0.0,0.35418663941680834,0.004621850539506693,45.025000000000006,-0.9497178427914316,0.0
2023-06-14,0.0,0.0,17.88,0.0,0.30105864350428707,0.003619650404334204,44.699999999999996,-0.9549667548552551,0.0
2023-06-15,0.0,0.8,17.91,0.8,1.055899846978644,0.017858884223757674,44.775,-0.9599326896597447,0.0
2023-06-16,0.0,3.3,19.62,3.3,4.197514869931847,0.07712193276501789,49.050000000000004,-0.9646141756912435,0.0
2023-06-17,0.0,12.3,17.9,12.3,15.86788763944207,0.29727044328619,44.75,-0.9690098257244062,0.0
2023-06-18,0.0,31.0,18.56,31.0,44.48770449352576,0.8371512316939183,46.4,-0.9731183372332619,0.0
2023-06-19,0.0,0.0,18.39,0.0,37.8145488194969,0.711269624385584,45.975,-0.9769384927771817,0.0
2023-06-20,0.0,0.0,20.6,0.0,32.142366496572365,0.6042702581735,51.5,-0.980469160361632,0.0
2023-06-21,0.0,0.0,22.18,0.0,27.321011522086508,0.5133207968932285,55.45,-0.9837092937736097,0.0
2023-06-22,0.0,0.1,19.96,0.1,23.32285979377353,0.4379001427967878,49.900000000000006,-0.986657932891657,0.0
2023-06-23,0.0,0.0,18.27,0.0,19.824430824707502,0.3719061988230231,45.675,-0.9893142039703663,0.0
2023-06-24,0.0,0.0,20.21,0.0,16.850766201001377,0.3158113464453232,50.525000000000006,-0.99167731989929,0.0
2023-06-25,0.0,3.0,18.55,3.0,17.32315127085117,0.3247223616779785,46.375,-0.993746580436178,0.0
2023-06-26,0.0,0.1,16.78,0.1,14.824678580223495,0.27759147286382524,41.95,-0.9955213724144752,0.0
2023-06-27,0.0,6.4,16.11,6.4,19.00097679318997,0.3563726608545657,40.275,-0.9970011699250151,0.0
2023-06-28,0.0,2.8,17.06,2.8,18.950830274211476,0.3554267029422547,42.65,-0.9981855344718586,0.0
2023-06-29,0.0,3.1,19.3,3.1,19.208205733079755,0.3602818026921603,48.25,-0.99907411510223,0.0
2023-06-30,0.0,0.0,20.47,0.0,16.32697487311779,0.3059306097340898,51.175,-0.9996666485105112,0.0
2023-07-01,0.0,1.2,17.95,1.2,15.077928642150122,0.2823687516212099,44.875,-0.9999629591162655,0.0
2023-07-02,0.0,7.3,15.97,7.3,20.1162393458276,0.3774108397244527,39.925000000000004,-0.9999629591162655,0.0
2023-07-03,0.0,0.0,16.9,0.0,17.09880344395346,0.3204902912115383,42.25,-0.9996666485105112,0.0
2023-07-04,0.0,0.2,17.15,0.2,14.73398292736044,0.275880600959141,42.875,-0.99907411510223,0.0
2023-07-05,0.0,0.0,18.02,0.0,12.523885488256374,0.2341895882610234,45.05,-0.9981855344718586,0.0
2023-07-06,0.0,6.7,17.66,6.7,17.34530266501792,0.3251402229175541,44.15,-0.9970011699250151,0.0
2023-07-07,0.0,0.0,16.54,0.0,14.74350726526523,0.2760602669256745,41.349999999999994,-0.9955213724144752,0.0
2023-07-08,0.0,0.0,18.19,0.0,12.531981175475444,0.2343423043325768,45.475,-0.9937465804361781,0.0
2023-07-09,0.0,4.6,16.72,4.6,15.252183999154127,0.28565588375078427,41.8,-0.99167731989929,0.0
2023-07-10,0.0,0.0,16.18,0.0,12.964356399281007,0.24249857863392013,40.45,-0.9893142039703664,0.0
2023-07-11,0.0,0.0,16.97,0.0,11.019702939388855,0.20581486928458562,42.425,-0.9866579328916572,0.0
2023-07-12,0.0,0.1,19.58,0.1,9.466747498480526,0.1765201043294413,48.949999999999996,-0.9837092937736098,0.0
2023-07-13,0.0,0.0,20.56,0.0,8.046735373708447,0.1497331661257786,51.4,-0.9804691603616321,0.0
2023-07-14,0.0,0.2,17.95,0.2,7.0397250676521805,0.13073704463624536,44.875,-0.9769384927771817,0.0
2023-07-15,0.0,0.0,18.6,0.0,5.983766307504354,0.11081756538656208,46.5,-0.973118337233262,0.0
2023-07-16,0.0,0.5,23.5,0.5,5.5862013613787,0.10331794798328134,58.75,-0.9690098257244063,0.0
2023-07-17,0.0,0.0,23.02,0.0,4.748271157171895,0.08751133323154264,57.55,-0.9646141756912435,0.0
2023-07-18,0.0,0.5,17.7,0.5,4.536030483596111,0.08350765065151482,44.25,-0.9599326896597445,0.0
2023-07-19,0.0,0.3,15.81,0.3,4.155625911056695,0.07633174447491116,39.525,-0.9549667548552553,0.0
2023-07-20,0.0,2.2,16.25,2.2,5.732282024398191,0.10607359606880823,40.625,-0.9497178427914317,0.0
2023-07-21,0.0,3.7,15.39,3.7,8.572439720738462,0.15964998980047088,38.475,-0.9441875088341994,0.0
2023-07-22,0.0,3.0,14.8,3.0,10.286573762627693,0.1919852085298541,37.0,-0.9383773917408642,0.0
2023-07-23,0.0,0.7,16.07,0.7,9.443587698233538,0.17608322063865953,40.175,-0.9322892131745134,0.0
2023-07-24,0.0,0.1,19.18,0.1,8.127049543498506,0.15124820298040412,47.95,-0.9259247771938499,0.0
2023-07-25,0.0,1.0,20.12,1.0,7.90799211197373,0.14711592989699712,50.300000000000004,-0.9192859697186105,0.0
2023-07-26,0.0,0.0,18.14,0.0,6.721793295177671,0.12473961785820108,45.35,-0.9123747579707274,0.0
2023-07-27,0.0,0.0,16.32,0.0,5.71352430090102,0.10571975262522444,40.8,-0.9051931898913975,0.0
2023-07-28,0.0,0.1,16.89,0.1,4.956495655765867,0.0914392551689843,42.225,-0.8977433935342336,0.0
2023-07-29,0.0,0.0,18.85,0.0,4.213021307400987,0.07741444433939017,47.125,-0.8900275764346766,0.0
2023-07-30,0.0,3.4,17.77,3.4,6.981068111290838,0.1296305468550955,44.425,-0.8820480249558535,0.0
2023-07-31,0.0,1.0,18.65,1.0,6.933907894597213,0.1287409221904848,46.625,-0.8738071036110807,0.0
2023-08-01,0.0,0.0,19.91,0.0,5.8938217104076305,0.10912086130766559,49.775,-0.8653072543632061,0.0
2023-08-02,0.0,0.0,20.46,0.0,5.009748453846486,0.09244380955726927,51.150000000000006,-0.8565509959010037,0.0
2023-08-03,0.0,0.0,20.1,0.0,4.258286185769513,0.0782683155694324,50.25,-0.8475409228928312,0.0
2023-08-04,0.0,0.0,20.53,0.0,3.619543257904086,0.06621914567977104,51.325,-0.8382797052177745,0.0
2023-08-05,0.0,17.8,19.0,17.8,20.876611769218474,0.39175441381218085,47.5,-0.828770087174504,0.0
2023-08-06,0.0,0.1,26.72,0.1,17.845120003835703,0.3345687171778972,66.8,-0.8190148866680802,0.0
2023-08-07,0.0,15.5,17.4,15.5,30.668352003260345,0.5764646257744178,43.5,-0.8090169943749472,0.0
2023-08-08,0.0,0.0,15.35,0.0,26.068099202771293,0.48968600935400863,38.375,-0.7987793728863648,0.0
2023-08-09,0.0,4.9,15.06,4.9,27.057884322355598,0.5083571969943713,37.65,-0.7883050558305253,0.0
2023-08-10,0.0,1.8,16.15,1.8,24.79920167400226,0.46574967874318934,40.375,-0.7775971469736268,0.0
2023-08-11,0.0,0.2,18.15,0.2,21.27932142290192,0.3993510803610445,45.375,-0.7666588193001592,0.0
2023-08-12,0.0,0.0,17.35,0.0,18.087423209466632,0.33913949575264135,43.375,-0.7554933140726804,0.0
2023-08-13,0.0,0.0,20.07,0.0,15.374309728046637,0.2879596488354986,50.175,-0.7441039398713608,0.0
2023-08-14,0.0,0.0,19.08,0.0,13.06816326883964,0.24445677895592732,47.699999999999996,-0.7324940716135792,0.0
2023-08-15,0.0,5.2,23.48,5.2,16.307938778513694,0.3055715151313723,58.7,-0.7206671495538615,0.0
2023-08-16,0.0,0.0,26.47,0.0,13.86174796173664,0.25942686530741993,66.175,-0.7086266782644601,0.0
2023-08-17,0.0,0.0,24.76,0.0,11.782485767476144,0.2202039129570605,61.900000000000006,-0.6963762255968726,0.0
2023-08-18,0.0,0.0,25.71,0.0,10.015112902354723,0.18686440345925492,64.275,-0.6839194216246105,0.0
2023-08-19,0.0,0.0,23.66,0.0,8.512845967001514,0.1585258203861202,59.15,-0.6712599575675315,0.0
2023-08-20,0.0,0.5,24.41,0.5,7.735919071951287,0.14386996473290575,61.025,-0.6584015846980489,0.0
2023-08-21,0.0,0.0,19.89,0.0,6.5755312111585935,0.12198054746872339,49.725,-0.64534811322955,0.0
2023-08-22,0.0,0.0,18.19,0.0,5.5892015294848045,0.1033745427941684,45.475,-0.6321034111873488,0.0
2023-08-23,0.0,0.0,18.38,0.0,4.750821300062084,0.08755943882079666,45.949999999999996,-0.6186714032625032,0.0
2023-08-24,0.0,1.5,17.18,1.5,5.538198105052771,0.10241242032028083,42.95,-0.6050560696488494,0.0
2023-08-25,0.0,0.0,19.31,0.0,4.7074683892948554,0.08674163471799222,48.275,-0.5912614448635782,0.0
2023-08-26,0.0,3.9,21.47,3.9,7.901348130900628,0.14699059863585734,53.675,-0.5772916165517278,0.0
2023-08-27,0.0,0.2,20.35,0.2,6.9161459112655335,0.12840586226981227,50.875,-0.5631507242749187,0.0
2023-08-28,0.0,0.0,19.28,0.0,5.878724024575703,0.10883606037509394,48.2,-0.5488429582847199,0.0
2023-08-29,0.0,12.6,18.13,12.6,17.596915420889346,0.3298866157301247,45.324999999999996,-0.5343725582809785,0.0
2023-08-30,0.0,29.9,20.75,29.9,44.85737810775594,0.8441247103615725,51.875,-0.5197438121555157,0.0
2023-08-31,0.0,2.1,17.79,2.1,40.22877139159255,0.7568112290806804,44.474999999999994,-0.5049610547215202,0.0
2023-09-01,0.0,0.0,15.65,0.0,34.19445568285367,0.6429806221643319,39.125,-0.4900286664290594,0.0
2023-09-02,0.0,0.5,16.06,0.5,29.56528733042562,0.5556565462443858,40.15,-0.4749510720670502,0.0
2023-09-03,0.0,0.0,16.02,0.0,25.130494230861775,0.47199914175348134,40.05,-0.4597327394521046,0.0
2023-09-04,0.0,0.0,15.97,0.0,21.36092009623251,0.40089034793621264,39.925000000000004,-0.44437817810461344,0.0
2023-09-05,0.0,0.0,19.09,0.0,18.156782081797633,0.3404478731915343,47.725,-0.4288919379124841,0.0
2023-09-06,0.0,0.0,17.88,0.0,15.433264769527987,0.28907176965855763,44.699999999999996,-0.41327860778290443,0.0
2023-09-07,0.0,0.0,15.38,0.0,13.118275054098788,0.2454020816555275,38.45,-0.3975428142825566,0.0
2023-09-08,0.0,0.0,16.57,0.0,11.15053379598397,0.20828284685295187,41.425,-0.3816892202666586,0.0
2023-09-09,0.0,0.0,17.41,0.0,9.477953726586374,0.1767314972707626,43.525,-0.3657225234972692,0.0
2023-09-10,0.0,0.0,18.53,0.0,8.056260667598417,0.14991285012590172,46.325,-0.34964745525122826,0.0
2023-09-11,0.0,0.0,19.51,0.0,6.847821567458655,0.12711700005277,48.775000000000006,-0.33346877891818705,0.0
2023-09-12,0.0,0.0,20.09,0.0,5.820648332339856,0.107740527490608,50.225,-0.31719128858910595,0.0
2023-09-13,0.0,0.0,21.0,0.0,4.947551082488878,0.09127052581277031,52.5,-0.300819807635668,0.0
2023-09-14,0.0,2.5,16.03,2.5,6.705418420115546,0.12443072418135855,40.075,-0.2843591872810036,0.0
2023-09-15,0.0,0.0,12.94,0.0,5.699605657098214,0.10545719299990827,32.35,-0.26781430516217486,0.0
2023-09-16,0.0,0.0,13.8,0.0,4.844664808533482,0.08932969149567555,34.5,-0.25119006388481957,0.0
2023-09-17,0.0,0.0,16.24,0.0,4.1179650872534594,0.07562131521707773,40.599999999999994,-0.23449138957041052,0.0
2023-09-18,0.0,0.0,18.37,0.0,3.5002703241654403,0.06396919538026957,45.925000000000004,-0.21772323039653224,0.0
2023-09-19,0.0,0.5,18.35,0.5,3.4752297755406243,0.06349683347793271,45.875,-0.20089055513063528,0.0
2023-09-20,0.0,0.0,16.87,0.0,2.9539453092095305,0.05366338590199631,42.175000000000004,-0.18399835165767986,0.0
2023-09-21,0.0,0.0,17.82,0.0,2.510853512828101,0.04530495546245038,44.55,-0.1670516255021195,0.0
2023-09-22,0.0,0.0,20.82,0.0,2.134225485903886,0.03820028958883634,52.05,-0.15005539834465262,0.0
2023-09-23,0.0,8.1,18.37,8.1,9.914091663018302,0.18495875093125524,45.925000000000004,-0.13301470653419636,0.0
2023-09-24,0.0,0.0,15.02,0.0,8.426977913565556,0.15690601573732046,37.55,-0.11593459959550066,0.0
2023-09-25,0.0,0.0,12.07,0.0,7.162931226530723,0.13306119082247592,30.175,-0.09882013873287211,0.0
2023-09-26,0.0,0.0,15.31,0.0,6.088491542551114,0.11279308964485803,38.275,-0.08167639533042288,0.0
2023-09-27,0.0,0.0,18.36,0.0,5.175217811168446,0.09556520364388284,45.9,-0.06450844944931625,0.0
2023-09-28,0.0,0.0,18.41,0.0,4.3989351394931795,0.08092150054305393,46.025,-0.04732138832243232,0.0
2023-09-29,0.0,0.0,18.23,0.0,3.7390948685692025,0.06847435290734935,45.575,-0.03012030484690836,0.0
2023-09-30,0.0,0.0,15.66,0.0,3.178230638283822,0.057894277417000456,39.15,-0.012910296075008843,0.0
2023-10-01,0.0,1.9,12.65,1.9,4.601496042541248,0.0847425850942141,31.625,0.004303538296243821,0.0
2023-10-02,0.0,0.0,12.94,0.0,3.911271636160061,0.0717222747758355,32.35,0.021516097436222233,0.0
2023-10-03,0.0,0.2,19.29,0.2,3.524580890736052,0.06442778698879371,48.224999999999994,0.03872228089217399,0.0
2023-10-04,0.0,12.5,12.75,12.5,15.495893757125645,0.2902531953599795,31.875,0.05591699010060302,0.0
2023-10-05,0.0,6.7,11.12,6.7,19.8715096935568,0.37279428895166683,27.799999999999997,0.07309512989807776,0.0
2023-10-06,0.0,2.1,10.44,2.1,18.99078323952328,0.3561803708822606,26.099999999999998,0.0902516100310407,0.0
2023-10-07,0.0,4.6,11.16,4.6,20.74216575359479,0.38921824031801555,27.9,0.10738134666416306,0.0
2023-10-08,0.0,2.3,5.1,2.3,19.930840890555572,0.37391350552723696,12.75,0.12447926388678869,0.0
2023-10-09,0.0,0.4,5.03,0.4,17.341214756972235,0.32506310911106495,12.575000000000001,0.141540295217043,0.0
2023-10-10,0.0,0.0,6.3,0.0,14.7400325434264,0.2759947201901587,15.75,0.15855938510313475,0.0
2023-10-11,0.0,0.4,11.48,0.4,12.929027661912441,0.24183214157454846,28.700000000000003,0.17553149042142777,0.0
2023-10-12,0.0,10.5,12.59,10.5,21.489673512625572,0.40331913692207083,31.475,0.19245158197082995,0.0
2023-10-13,0.0,0.2,11.01,0.2,18.466222485731734,0.3462851198130937,27.525,0.20931464596304888,0.0
2023-10-14,0.0,1.5,14.31,1.5,17.196289112871973,0.3223292491637333,35.775,0.22611568550828803,0.0
2023-10-15,0.0,0.5,8.28,0.5,15.116845745941177,0.28310287919387683,20.7,0.2428497220959358,0.0
2023-10-16,0.0,0.0,6.23,0.0,12.84931888405,0.2403285247605488,15.575000000000001,0.25951179706979943,0.0
2023-10-17,0.0,0.0,6.73,0.0,10.9219210514425,0.20397032349222,16.825000000000003,0.27609697309746883,0.0
2023-10-18,0.0,8.4,6.86,8.4,17.683632893726127,0.33152244372450146,17.150000000000002,0.2926003356333479,0.0
2023-10-19,0.0,0.1,2.97,0.1,15.131087959667207,0.2833715426033697,7.425000000000001,0.30901699437494723,0.0
2023-10-20,0.0,0.0,2.82,0.0,12.861424765717125,0.24055688865861777,7.05,0.3253420847119795,0.0
2023-10-21,0.0,6.8,5.36,6.8,17.732211050859554,0.3324388162472993,13.4,0.341570769167856,0.0
2023-10-22,0.0,17.8,7.98,17.8,32.872379393230624,0.6180411337945798,19.950000000000003,0.35769823883312546,0.0
2023-10-23,0.0,4.3,9.53,4.3,32.241522484246026,0.6061407248181168,23.825,0.3737197147904692,0.0
2023-10-24,0.0,0.0,7.21,0.0,27.40529411160912,0.5149106935411527,18.025,0.38963044953078774,0.0
2023-10-25,0.0,8.8,6.47,8.8,32.09449999486775,0.6033673102332543,16.175,0.4054257283599973,0.0
2023-10-26,0.0,0.7,2.6,0.7,27.980324995637588,0.5257580070865497,6.5,0.42110087079608916,0.0
2023-10-27,0.0,0.1,2.37,0.1,23.88327624629195,0.4484717714611108,5.925000000000001,0.4366512319560638,0.0
2023-10-28,0.0,0.3,1.51,0.3,20.600784809348156,0.3865512471630677,3.775,0.45207220393230374,0.0
2023-10-29,0.0,3.3,2.65,3.3,20.810667087945934,0.39051044126343143,6.625,0.46735921715800205,0.0
2023-10-30,0.0,4.7,10.56,4.7,22.38906702475404,0.42028518813380067,26.400000000000002,0.48250774176121763,0.0
2023-10-31,0.0,0.0,11.3,0.0,19.030706971040935,0.3569334873594841,28.25,0.4975132889071803,0.0
2023-11-01,0.0,0.7,8.1,0.7,16.876100925384794,0.3162892576438451,20.25,0.5123714121284235,0.0
2023-11-02,0.0,0.0,6.03,0.0,14.344685786577074,0.2685369464430218,15.075000000000001,0.5270777086423724,0.0
2023-11-03,0.0,1.7,8.73,1.7,13.892982918590512,0.2600160777827522,21.825000000000003,0.5416278206559811,0.0
2023-11-04,0.0,0.7,8.6,0.7,12.509035480801934,0.23390945950362294,21.5,0.5560174366570446,0.0
2023-11-05,0.0,0.5,6.09,0.5,11.132680158681644,0.20794605798278307,15.225,0.5702422926917867,0.0
2023-11-06,0.0,5.2,8.79,5.2,14.662778134879396,0.27453740230419965,21.974999999999998,0.5842981736283683,0.0
2023-11-07,0.0,0.0,8.51,0.0,12.463361414647487,0.2330478694043232,21.275,0.5981809144059159,0.0
2023-11-08,0.0,0.5,7.52,0.5,11.093857202450364,0.2072137063983783,18.799999999999997,0.6118864012687242,0.0
2023-11-09,0.0,0.0,7.31,0.0,9.429778622082809,0.17582272788437506,18.275,0.6254105729852457,0.0
2023-11-10,0.0,0.0,6.2,0.0,8.015311828770388,0.14914039614747232,15.5,0.6387494220515268,0.0
2023-11-11,0.0,3.2,5.41,3.2,10.01301505445483,0.1868248299083853,13.525,0.6518989958787125,0.0
2023-11-12,0.0,0.0,5.69,0.0,8.511062796286605,0.15849218286788103,14.225000000000001,0.6648553979642867,0.0
2023-11-13,0.0,0.3,4.96,0.3,7.534403376843614,0.14006859685882245,12.4,0.6776147890466887,0.0
2023-11-14,0.0,0.2,3.6,0.2,6.604242870317072,0.1225221607593326,9.0,0.690173388242972,0.0
2023-11-15,0.0,2.1,2.56,2.1,7.713606439769512,0.14344906191877646,6.4,0.7025274741691566,0.0
2023-11-16,0.0,0.1,1.75,0.1,6.6565654738040845,0.12350916806850351,4.375,0.7146733860429608,0.0
2023-11-17,0.0,0.2,0.7,0.2,5.858080652733472,0.10844664628756152,1.75,0.726607524768565,0.0
2023-11-18,0.0,0.0,-0.97,0.0,4.979368554823451,0.09187072679018081,0.0,0.7383263540031063,0.0
2023-11-19,0.0,0.0,-0.35,0.0,4.232463271599934,0.07778119521740721,0.0,0.749826401204568,0.0
2023-11-20,0.0,0.0,-0.33,0.0,3.5975937808599436,0.06580509338054964,0.0,0.7611042586607742,0.0
2023-11-21,0.0,0.0,-2.81,0.0,3.057954713730952,0.05562540681922071,0.0,0.7721565844991641,0.0
2023-11-22,0.0,0.2,-4.3,0.2,2.7992615066713094,0.05074544922567114,0.0,0.7829801036770625,0.0
2023-11-23,0.0,13.4,1.92,13.4,15.779372280670614,0.2956007001874354,4.8,0.7935716089521472,0.0
2023-11-24,0.0,1.0,1.0,1.0,14.412466438570021,0.26981555252297373,2.5,0.8039279618328208,0.0
2023-11-25,0.0,0.4,-1.16,0.4,12.650596472784517,0.2365798490574412,0.0,0.8140460935082175,0.0
2023-11-26,0.0,0.0,-5.73,0.0,10.75300700186684,0.2007839491445785,0.0,0.8239230057575536,0.0
2023-11-27,0.0,0.0,-5.42,0.0,9.140055951586813,0.17035743421864524,0.0,0.8335557718385695,0.0
2023-11-28,0.0,0.0,-5.77,0.0,7.769047558848791,0.144494896531602,0.0,0.8429415373547832,0.0
2023-11-29,0.0,0.0,-6.75,0.0,6.603690425021472,0.1225117394976152,0.0,0.8520775211013093,0.0
2023-11-30,0.0,0.0,-4.77,0.0,5.61313686126825,0.10382605601872642,0.0,0.8609610158889945,0.0
2023-12-01,0.0,0.1,-2.2,0.1,4.871166332078013,0.08982961305346099,0.0,0.8695893893466109,0.0
2023-12-02,0.0,0.0,-2.17,0.0,4.140491382266311,0.07604624854119535,0.0,0.8779600847008883,0.0
2023-12-03,0.0,0.0,-3.34,0.0,3.5194176749263644,0.06433038870576956,0.0,0.8860706215341377,0.0
2023-12-04,0.0,0.4,-1.77,0.4,3.3915050236874094,0.061917459812817675,0.0,0.893918596519257,0.0
2023-12-05,0.0,0.1,-2.71,0.1,2.982779270134298,0.05420730627843855,0.0,0.9015016841318838,0.0
2023-12-06,0.0,0.0,-5.64,0.0,2.535362379614153,0.04576728778242628,0.0,0.9088176373395028,0.0
2023-12-07,0.0,0.0,-3.33,0.0,2.15505802267203,0.03859327206081585,0.0,0.9158642882672868,0.0
2023-12-08,0.0,0.0,-4.64,0.0,1.8317993192712254,0.03249535869744699,0.0,0.9226395488404875,0.0
2023-12-09,0.0,0.4,-4.16,0.4,1.9570294213805415,0.0348576843057435,0.0,0.9291414114031743,0.0
2023-12-10,0.0,0.0,-2.3,0.0,1.6634750081734602,0.029320109105635487,0.0,0.935367949313148,0.0
2023-12-11,0.0,5.2,-1.15,5.2,6.613953756947441,0.12270534575862423,0.0,0.941317317512847,0.0
2023-12-12,0.0,0.8,0.48,0.8,6.421860693405325,0.1190817252749042,1.2,0.946987753076075,0.0
2023-12-13,0.0,0.0,0.3,0.0,5.458581589394526,0.10091054392942207,0.75,0.9523775757303973,0.0
2023-12-14,0.0,1.1,-0.75,1.1,5.739794350985347,0.1062153076954524,0.0,0.9574851883550389,0.0
2023-12-15,0.0,0.2,-2.15,0.2,5.078825198337546,0.0937468649704681,0.0,0.9623090774541487,0.0
2023-12-16,0.0,0.5,2.97,0.5,4.817001418586914,0.08880785262960145,7.425000000000001,0.9668478136052773,0.0
2023-12-17,0.0,1.6,6.47,1.6,5.694451205798877,0.10535996004955493,16.175,0.9711000518829505,0.0
2023-12-18,0.0,0.3,6.5,0.3,5.140283524929045,0.09490620746324523,16.25,0.9750645322571945,0.0
2023-12-19,0.0,1.7,6.67,1.7,6.069240996189689,0.11242994964994214,16.675,0.9787400799669153,0.0
2023-12-20,51.0,1.0,3.45,1.0,6.158854846761235,0.11412041456610444,8.625,0.9821256058680006,51.0
2023-12-21,94.0,5.1,2.47,5.1,10.33502661974705,0.1928992174082328,6.175000000000001,0.9852201067560606,43.0
2023-12-22,100.0,2.3,2.22,2.3,11.084772626784993,0.20704233605392167,5.550000000000001,0.9880226656636976,6.0
2023-12-23,76.0,3.6,0.47,3.6,13.022056732767243,0.24358703079602728,1.1749999999999998,0.9905324521322227,-24.0
2023-12-24,78.0,0.4,-0.23,0.4,11.468748222852158,0.21428560558953677,0.0,0.9927487224577402,2.0
2023-12-25,40.0,11.3,4.2,11.3,21.048435989424334,0.394995685269131,10.5,0.9946708199115211,-38.0
2023-12-26,92.0,4.6,3.04,4.6,22.491170591010686,0.4222112575468554,7.6,0.9962981749346077,52.0
2023-12-27,113.0,0.6,1.95,0.6,19.717495002359083,0.3698889743113207,4.875,0.9976303053065857,21.0
2023-12-28,148.0,0.0,1.31,0.0,16.75987075200522,0.31409670561037606,3.2750000000000004,0.9986668162884759,35.0
2023-12-29,123.0,4.2,5.19,4.2,18.445890139204437,0.3459015728697536,12.975000000000001,0.9994074007397048,-25.0
2023-12-30,108.0,1.5,4.33,1.5,17.17900661832377,0.3220032342618942,10.825,0.9998518392091162,-15.0
2023-12-31,118.0,0.0,1.75,0.0,14.602155625575202,0.27339382656836353,4.375,1.0,10.0
2024-01-01,113.0,0.0,-1.06,0.0,12.41183228173892,0.2320758300288625,0.0,0.9998518392091162,-5.0
2024-01-02,122.0,1.0,-6.51,1.0,11.550057439478083,0.21581941288818676,0.0,0.9994074007397048,9.0
2024-01-03,140.0,0.3,-9.05,0.3,10.11754882355637,0.1887967423760823,0.0,0.998666816288476,18.0
2024-01-04,132.0,4.7,-8.73,4.7,13.299916500022917,0.248828544079554,0.0,0.9976303053065857,-8.0
2024-01-05,90.0,0.7,-8.74,0.7,12.004929025019479,0.22440005585590447,0.0,0.9962981749346078,-42.0
2024-01-06,33.0,0.0,-8.93,0.0,10.204189671266557,0.1904311249232723,0.0,0.9946708199115211,-57.0
2024-01-07,0.0,0.0,-19.06,0.0,8.673561220576573,0.16155753363053496,0.0,0.9927487224577402,-33.0
2024-01-08,0.0,0.0,-20.05,0.0,7.372527037490087,0.13701498103170826,0.0,0.9905324521322229,0.0
2024-01-09,0.0,0.0,-5.46,0.0,6.266647981866574,0.11615381132270552,0.0,0.9880226656636976,0.0
2024-01-10,0.0,0.0,1.01,0.0,5.326650784586588,0.09842181707005321,2.525,0.9852201067560606,0.0
2024-01-11,0.0,0.1,-0.15,0.1,4.627653166898599,0.08523600994708876,0.0,0.9821256058680006,0.0
2024-01-12,0.0,1.7,-3.58,1.7,5.63350519186381,0.10421028176120914,0.0,0.9787400799669153,0.0
2024-01-13,0.0,0.2,-7.61,0.2,4.988479413084239,0.09204259292636131,0.0,0.9750645322571948,0.0
2024-01-14,0.0,3.2,-1.19,3.2,7.440207501121603,0.13829169717044099,0.0,0.9711000518829505,0.0
2024-01-15,0.0,2.0,-0.07,2.0,8.324176375953362,0.15496677987642854,0.0,0.9668478136052775,0.0
2024-01-16,0.0,0.8,-6.54,0.8,7.875549919560357,0.14650394427503785,0.0,0.9623090774541486,0.0
2024-01-17,0.0,0.0,-11.17,0.0,6.694217431626304,0.12421943007953569,0.0,0.9574851883550393,0.0
2024-01-18,0.0,0.4,-4.1,0.4,6.090084816882358,0.1128231449805189,0.0,0.9523775757303974,0.0
2024-01-19,0.0,0.1,-3.31,0.1,5.276572094350004,0.09747713867098458,0.0,0.9469877530760753,0.0
2024-01-20,0.0,4.2,-2.3,4.2,8.685086280197503,0.16177494097127082,0.0,0.9413173175128471,0.0
2024-01-21,0.0,0.0,-3.45,0.0,7.382323338167877,0.13719977727133373,0.0,0.9353679493131483,0.0
2024-01-22,0.0,1.2,-0.06,1.2,7.474974837442696,0.13894754402786733,0.0,0.9291414114031743,0.0
2024-01-23,0.0,1.4,2.64,1.4,7.753728611826292,0.1442059217545009,6.6000000000000005,0.9226395488404876,0.0
2024-01-24,21.0,6.2,2.66,6.2,12.790669320052348,0.2392221664280599,6.65,0.9158642882672872,21.0
2024-01-25,38.0,2.7,1.85,2.7,13.572068922044497,0.25396239468793474,4.625,0.9088176373395029,17.0
2024-01-26,103.0,0.0,-0.55,0.0,11.536258583737823,0.21555911293049806,0.0,0.901501684131884,65.0
2024-01-27,83.0,0.7,-0.48,0.7,10.505819796177148,0.1961210393792069,0.0,0.893918596519257,-20.0
2024-01-28,62.0,0.0,0.96,0.0,8.929946826750575,0.16639396091807937,2.4,0.886070621534138,-21.0
2024-01-29,73.0,0.0,1.55,0.0,7.590454802737988,0.141125944226121,3.875,0.8779600847008882,11.0
2024-01-30,77.0,0.0,1.07,0.0,6.4518865823272895,0.11964813003795634,2.6750000000000003,0.869589389346611,4.0
2024-01-31,97.0,0.1,1.83,0.1,5.584103594978195,0.10327837596980641,4.575,0.8609610158889943,20.0
2024-02-01,106.0,3.0,1.73,3.0,7.746488055731466,0.14406933677378927,4.325,0.8520775211013093,9.0
2024-02-02,116.0,2.6,1.16,2.6,9.184514847371746,0.17119610149001466,2.9,0.8429415373547828,10.0
2024-02-03,81.0,0.7,4.98,0.7,8.506837620265983,0.15841247965479605,12.450000000000001,0.8335557718385699,-35.0
2024-02-04,77.0,7.0,2.94,7.0,14.230811977226086,0.2663888445776309,7.35,0.8239230057575542,-4.0
2024-02-05,172.0,1.1,1.43,1.1,13.196190180642173,0.24687186324642987,3.5749999999999997,0.8140460935082178,95.0
2024-02-06,201.0,5.3,0.02,5.3,16.516761653545846,0.30951072477008945,0.05,0.8039279618328213,29.0
2024-02-07,205.0,1.5,0.25,1.5,15.539247405513969,0.2910710133771797,0.625,0.7935716089521474,4.0
2024-02-08,202.0,0.0,-1.24,0.0,13.208360294686873,0.24710143881635624,0.0,0.7829801036770629,-3.0
2024-02-09,191.0,0.0,-1.37,0.0,11.227106250483843,0.20972730043965634,0.0,0.7721565844991642,-11.0
2024-02-10,176.0,0.3,-0.34,0.3,9.843040312911267,0.18361844679483144,0.0,0.7611042586607747,-15.0
2024-02-11,171.0,1.2,0.97,1.2,9.566584265974576,0.17840341312284036,2.425,0.7498264012045686,-5.0
2024-02-12,190.0,5.1,2.67,5.1,13.231596626078389,0.24753976618145834,6.675,0.7383263540031065,19.0
2024-02-13,177.0,1.2,3.12,1.2,12.44685713216663,0.2327365346014732,7.800000000000001,0.7266075247685656,-13.0
2024-02-14,176.0,0.2,2.64,0.2,10.779828562341633,0.20128990784058573,6.6000000000000005,0.7146733860429609,-1.0
2024-02-15,172.0,1.3,3.1,1.3,10.462854277990388,0.19531054300352152,7.75,0.702527474169157,-4.0
2024-02-16,174.0,0.0,5.58,0.0,8.89342613629183,0.16570503899874678,13.95,0.6901733882429719,2.0
2024-02-17,177.0,3.4,3.94,3.4,10.959412215848054,0.20467755231554863,9.85,0.6776147890466889,3.0
2024-02-18,165.0,0.0,0.35,0.0,9.315500383470846,0.17366699691396986,0.875,0.6648553979642865,-12.0
2024-02-19,178.0,1.7,-0.22,1.7,9.618175325950219,0.17937662068305807,0.0,0.6518989958787126,13.0
2024-02-20,180.0,0.4,-0.07,0.4,8.575449027057687,0.15970675699351292,0.0,0.6387494220515272,2.0
2024-02-21,171.0,1.9,2.35,1.9,9.189131672999034,0.1712831927342497,5.875,0.6254105729852463,-9.0
2024-02-22,169.0,0.5,5.1,0.5,8.310761922049178,0.1547137312288158,12.75,0.6118864012687243,-2.0
2024-02-23,147.0,7.2,6.95,7.2,14.2641476337418,0.26701768439912765,17.375,0.5981809144059164,-22.0
2024-02-24,169.0,0.5,7.0,0.5,12.62452548868053,0.2360880491439621,17.5,0.5842981736283683,22.0
2024-02-25,161.0,0.0,4.36,0.0,10.730846665378449,0.20036591921812127,10.9,0.5702422926917871,-8.0
2024-02-26,187.0,0.0,8.07,0.0,9.121219665571681,0.17000210878115657,20.175,0.5560174366570446,26.0
2024-02-27,194.0,6.2,7.38,6.2,13.95303671573593,0.26114892540071727,18.45,0.5416278206559814,7.0
2024-02-28,203.0,7.9,7.0,7.9,19.76008120837554,0.37069231538777403,17.5,0.5270777086423722,9.0
2024-02-29,211.0,0.0,2.8,0.0,16.796069027119206,0.3147795455253614,7.0,0.5123714121284237,8.0
2024-03-01,221.0,0.0,6.81,0.0,14.276658673051324,0.2672536911423107,17.025,0.49751328890718066,10.0
2024-03-02,224.0,0.0,5.82,0.0,12.135159872093626,0.22685671491671758,14.55,0.48250774176121847,3.0
2024-03-03,218.0,0.0,4.43,0.0,10.314885891279582,0.19251928512496347,11.075,0.46735921715800227,-6.0
2024-03-04,205.0,0.0,2.71,0.0,8.767653007587645,0.16333246980197247,6.775,0.45207220393230435,-13.0
2024-03-05,194.0,0.0,3.75,0.0,7.452505056449498,0.1385236767774301,9.375,0.43665123195606403,-11.0
2024-03-06,185.0,0.0,1.28,0.0,6.334629297982073,0.11743620270656911,3.2,0.4211008707960896,-9.0
2024-03-07,161.0,0.0,0.06,0.0,5.384434903284762,0.09951184974633727,0.15,0.40542572835999735,-24.0
2024-03-08,159.0,0.0,-0.32,0.0,4.576769667792048,0.08427614973014019,0.0,0.38963044953078796,-2.0
2024-03-09,151.0,0.0,-1.45,0.0,3.890254217623241,0.07132580471637268,0.0,0.37371971479046906,-8.0
2024-03-10,145.0,0.0,0.75,0.0,3.3067160849797546,0.060318011454670285,1.875,0.35769823883312546,-6.0
2024-03-11,140.0,0.0,2.07,0.0,2.810708672232791,0.050961387182223254,5.175,0.3415707691678556,-5.0
2024-03-12,136.0,0.4,1.9,0.4,2.789102371397872,0.05055380851780332,4.75,0.3253420847119801,-4.0
2024-03-13,129.0,0.0,2.66,0.0,2.3707370156881913,0.04266181468588633,6.65,0.30901699437494745,-7.0
2024-03-14,106.0,0.0,3.65,0.0,2.0151264633349624,0.0359536199287569,9.125,0.29260033563334836,-23.0
2024-03-15,80.0,0.0,5.52,0.0,1.7128574938347179,0.030251654385196874,13.799999999999999,0.27609697309746883,-26.0
2024-03-16,48.0,2.6,7.31,2.6,4.05592886975951,0.07445107145971114,18.275,0.2595117970697999,-32.0
2024-03-17,37.0,0.3,3.08,0.3,3.7475395392955835,0.068633652161878,7.7,0.2428497220959356,-11.0
2024-03-18,83.0,0.0,1.91,0.0,3.185408608401246,0.05802968178334982,4.7749999999999995,0.22611568550828828,46.0
2024-03-19,117.0,0.0,2.18,0.0,2.707597317141059,0.04901630696160086,5.45,0.20931464596304847,34.0
2024-03-20,84.0,0.0,2.97,0.0,2.3014577195699,0.04135493836311425,7.425000000000001,0.19245158197082998,-33.0
2024-03-21,66.0,0.4,5.02,0.4,2.3562390616344153,0.042388327021560666,12.549999999999999,0.1755314904214282,-18.0
2024-03-22,46.0,1.5,5.98,1.5,3.502803202389253,0.06401697529093024,14.950000000000001,0.15855938510313478,-20.0
2024-03-23,13.0,5.2,6.07,5.2,8.177382722030865,0.15219768201612477,15.175,0.141540295217043,-33.0
2024-03-24,20.0,1.3,2.82,1.3,8.250775313726235,0.1535821510527297,7.05,0.12447926388678915,7.0
2024-03-25,55.0,0.2,2.97,0.2,7.2131590166673,0.1340086818241538,7.425000000000001,0.10738134666416309,35.0
2024-03-26,85.0,0.0,4.58,0.0,6.131185164167205,0.11359845699628424,11.45,0.09025161003104117,30.0
2024-03-27,17.0,0.0,8.35,0.0,5.211507389542124,0.09624976589259512,20.875,0.07309512989807777,-68.0
2024-03-28,29.0,1.3,10.4,1.3,5.729781281110805,0.1060264223477295,26.0,0.055916990100603484,12.0
2024-03-29,31.0,0.3,9.18,0.3,5.170314088944184,0.09547270041669362,22.95,0.03872228089217446,2.0
2024-03-30,64.0,0.0,13.47,0.0,4.394766975602556,0.08084287279994308,33.675000000000004,0.021516097436222254,33.0
2024-03-31,40.0,0.0,15.5,0.0,3.735551929262172,0.06840751932570512,38.75,0.004303538296244289,-24.0
2024-04-01,38.0,0.0,15.33,0.0,3.1752191398728464,0.05783746887260287,38.325,-0.01291029607500882,-2.0
2024-04-02,38.0,0.1,11.0,0.1,2.7989362688919193,0.05073931397925596,27.5,-0.030120304846908114,0.0
2024-04-03,34.0,1.6,3.01,1.6,3.9790958285581315,0.07300170219676125,7.5249999999999995,-0.04732138832243185,-4.0
2024-04-04,32.0,0.0,3.72,0.0,3.382231454274412,0.06174252431300058,9.3,-0.06450844944931623,-2.0
2024-04-05,55.0,5.8,8.91,5.8,8.674896736133249,0.1615827266356246,22.275,-0.08167639533042241,23.0
2024-04-06,37.0,2.8,9.83,2.8,10.173662225713262,0.1898552588561547,24.575,-0.09882013873287143,-18.0
2024-04-07,15.0,0.0,11.75,0.0,8.647612891856273,0.16106804747348502,29.375,-0.11593459959550041,-22.0
2024-04-08,68.0,0.0,14.3,0.0,7.350470958077832,0.1365989177982158,35.75,-0.1330147065341959,53.0
2024-04-09,84.0,0.0,18.92,0.0,6.247900314366157,0.11580015757423694,47.300000000000004,-0.1500553983446526,16.0
2024-04-10,49.0,0.0,12.67,0.0,5.310715267211233,0.0981212113838549,31.675,-0.16705162550211924,-35.0
2024-04-11,54.0,0.0,10.72,0.0,4.514107977129548,0.08309410712203019,26.8,-0.18399835165768005,5.0
2024-04-12,81.0,0.8,11.67,0.8,4.636991780560116,0.08541217243379927,29.175,-0.20089055513063506,27.0
2024-04-13,55.0,0.1,10.63,0.1,4.041443013476099,0.0741778120062729,26.575000000000003,-0.21772323039653177,-26.0
2024-04-14,55.0,3.2,10.07,3.2,6.635226561454684,0.12310663338836582,25.175,-0.23449138957040985,0.0
2024-04-15,60.0,0.0,7.07,0.0,5.639942577236481,0.10433171582586447,17.675,-0.25119006388481935,5.0
2024-04-16,64.0,9.3,4.72,9.3,14.093951190651008,0.2638071191342093,11.799999999999999,-0.2678143051621742,4.0
2024-04-17,75.0,0.0,6.42,0.0,11.979858512053356,0.22392712870983136,16.05,-0.2843591872810034,11.0
2024-04-18,52.0,1.4,6.57,1.4,11.582879735245353,0.21643856873417033,16.425,-0.30081980763566735,-23.0
2024-04-19,45.0,4.1,5.21,4.1,13.945447774958549,0.2610057685331887,13.025,-0.3171912885891061,-7.0
2024-04-20,24.0,5.0,1.58,5.0,16.853630608714766,0.31586538028846445,3.95,-0.3334687789181868,-21.0
2024-04-21,17.0,0.6,4.27,0.6,14.92558601740755,0.2794949786416883,10.674999999999999,-0.3496474552512284,-7.0
2024-04-22,63.0,17.5,0.98,17.5,30.186748114796416,0.5673797078544405,2.45,-0.36572252349726897,46.0
2024-04-23,96.0,0.2,2.52,0.2,25.858735897576953,0.4857366051056079,6.3,-0.3816892202666588,33.0
2024-04-24,93.0,9.7,4.97,9.7,31.679925512940407,0.5955468269891512,12.424999999999999,-0.39754281428255595,-3.0
2024-04-25,120.0,0.8,5.42,0.8,27.727936685999346,0.5209969843208522,13.55,-0.4132786077829042,27.0
2024-04-26,143.0,0.0,7.68,0.0,23.568746183099442,0.4425385141184778,19.2,-0.4288919379124835,23.0
2024-04-27,154.0,0.0,10.57,0.0,20.033434255634525,0.3758488144464596,26.425,-0.4443781781046132,11.0
2024-04-28,105.0,0.0,13.84,0.0,17.028419117289346,0.3191625697252442,34.6,-0.45973273945210397,-49.0
2024-04-29,131.0,0.0,15.72,0.0,14.474156249695943,0.27097926171221104,39.300000000000004,-0.47495107206704995,26.0
2024-04-30,144.0,0.0,16.74,0.0,12.30303281224155,0.23002344990113288,41.849999999999994,-0.49002866642905923,13.0
2024-05-01,115.0,0.0,16.96,0.0,10.457577890405318,0.19521100986171647,42.400000000000006,-0.5049610547215204,-29.0
2024-05-02,118.0,0.0,17.8,0.0,8.88894120684452,0.16562043582821248,44.5,-0.5197438121555155,3.0
2024-05-03,94.0,0.0,15.35,0.0,7.555600025817841,0.14046844789973414,38.375,-0.5343725582809787,-24.0
2024-05-04,80.0,0.0,16.22,0.0,6.422260021945165,0.11908925816052754,40.55,-0.548842958284719,-14.0
2024-05-05,32.0,0.4,16.07,0.4,5.85892101865339,0.10846249884936196,40.175,-0.5631507242749186,-48.0
2024-05-06,87.0,1.5,12.99,1.5,6.4800828658553815,0.12018002134456134,32.475,-0.5772916165517272,55.0
2024-05-07,66.0,0.9,7.43,0.9,6.408070435977074,0.11882158751474074,18.575,-0.5912614448635781,-21.0
2024-05-08,32.0,0.0,7.09,0.0,5.446859870580513,0.10068942683328315,17.725,-0.6050560696488488,-34.0
2024-05-09,44.0,0.4,7.73,0.4,5.029830889993437,0.09282264222120425,19.325000000000003,-0.6186714032625031,12.0
2024-05-10,28.0,4.0,10.49,4.0,8.27535625649442,0.15404584300537752,26.225,-0.6321034111873487,-16.0
2024-05-11,0.0,0.0,8.58,0.0,7.034052818020258,0.13063004400032444,21.45,-0.6453481132295501,-28.0
2024-05-12,0.0,0.0,9.61,0.0,5.978944895317219,0.11072661484602928,24.025,-0.6584015846980488,0.0
2024-05-13,0.0,0.0,12.75,0.0,5.082103161019636,0.0938087000648784,31.875,-0.6712599575675313,0.0
2024-05-14,12.0,0.0,15.39,0.0,4.3197876868666905,0.07942847250090015,38.475,-0.6839194216246106,12.0
2024-05-15,0.0,0.0,13.96,0.0,3.6718195338366866,0.06720527907151863,34.900000000000006,-0.6963762255968722,-12.0
2024-05-16,0.0,0.0,13.37,0.0,3.1210466037611835,0.05681556465654435,33.425,-0.7086266782644596,0.0
2024-05-17,0.0,0.0,16.0,0.0,2.6528896131970057,0.047984307403816207,40.0,-0.7206671495538609,0.0
2024-05-18,0.0,4.6,16.0,4.6,6.854956171217454,0.12725158636133777,40.0,-0.7324940716135789,0.0
2024-05-19,0.0,0.0,18.1,0.0,5.826712745534836,0.10785492585289062,45.25,-0.7441039398713607,0.0
2024-05-20,0.0,0.0,17.39,0.0,4.952705833704611,0.09136776442071055,43.475,-0.7554933140726803,0.0
2024-05-21,0.0,0.0,18.51,0.0,4.20979995864892,0.0773536772033575,46.275000000000006,-0.766658819300159,0.0
2024-05-22,0.0,1.5,19.66,1.5,5.078329964851582,0.09373752294545755,49.15,-0.777597146973627,0.0
2024-05-23,0.0,0.0,20.62,0.0,4.316580470123845,0.07936797194939244,51.550000000000004,-0.7883050558305255,0.0
2024-05-24,0.0,0.0,21.3,0.0,3.669093399605268,0.06715385360273708,53.25,-0.7987793728863649,0.0
2024-05-25,0.0,10.6,18.55,10.6,13.718729389664478,0.25672898013782114,46.375,-0.8090169943749473,0.0
2024-05-26,0.0,0.0,19.56,0.0,11.660919981214807,0.2179107105629015,48.9,-0.8190148866680801,0.0
2024-05-27,0.0,0.0,19.67,0.0,9.911781984032586,0.1849151814242198,49.175000000000004,-0.8287700871745037,0.0
2024-05-28,0.0,0.0,20.61,0.0,8.425014686427698,0.15686898165634033,51.525,-0.8382797052177743,0.0
2024-05-29,0.0,0.4,20.01,0.4,7.561262483463543,0.14057526382080285,50.025000000000006,-0.8475409228928311,0.0
2024-05-30,0.0,0.8,19.95,0.8,7.227073110944011,0.13427115562775602,49.875,-0.8565509959010036,0.0
2024-05-31,0.0,16.5,19.48,16.5,22.64301214430241,0.4250755783746979,48.7,-0.865307254363206,0.0
2024-06-01,0.0,3.1,18.94,3.1,22.34656032265705,0.4194833468097371,47.35,-0.8738071036110808,0.0
2024-06-02,0.0,0.5,18.77,0.5,19.494576274258492,0.3656838621929801,46.925,-0.8820480249558537,0.0
2024-06-03,0.0,0.4,18.24,0.4,16.970389833119714,0.3180679122769466,45.599999999999994,-0.8900275764346767,0.0
2024-06-04,0.0,0.0,17.44,0.0,14.424831358151756,0.27004880288115807,43.6,-0.8977433935342337,0.0
2024-06-05,0.0,0.0,18.75,0.0,12.261106654428993,0.22923255989473784,46.875,-0.9051931898913974,0.0
2024-06-06,0.0,0.0,15.64,0.0,10.421940656264644,0.19453875335628068,39.1,-0.9123747579707273,0.0
2024-06-07,0.0,2.1,13.8,2.1,10.958649557824947,0.2046631656261823,34.5,-0.9192859697186104,0.0
2024-06-08,0.0,0.0,13.99,0.0,9.314852124151205,0.1736547682280085,34.975,-0.9259247771938498,0.0
2024-06-09,0.0,3.8,14.12,3.8,11.717624305528524,0.21898037412758112,35.3,-0.9322892131745133,0.0
2024-06-10,0.0,0.0,14.72,0.0,9.959980659699244,0.18582439545419746,36.800000000000004,-0.9383773917408641,0.0
2024-06-11,0.0,1.7,15.92,1.7,10.165983560744356,0.1897104094422515,39.8,-0.9441875088341993,0.0
2024-06-12,0.0,0.0,14.28,0.0,8.641086026632703,0.16094492547166728,35.699999999999996,-0.9497178427914316,0.0
2024-06-13,0.0,0.5,15.03,0.5,7.844923122637797,0.14592620405562076,37.574999999999996,-0.9549667548552551,0.0
2024-06-14,0.0,1.6,14.05,1.6,8.268184654242127,0.1539105587616713,35.125,-0.9599326896597447,0.0
2024-06-15,0.0,0.0,16.1,0.0,7.0279569561058075,0.13051505239317412,40.25,-0.9646141756912435,0.0
2024-06-16,0.0,0.0,18.92,0.0,5.973763412689936,0.11062887197995154,47.300000000000004,-0.9690098257244062,0.0
2024-06-17,0.0,0.0,19.62,0.0,5.077698900786446,0.09372561862871233,49.050000000000004,-0.9731183372332619,0.0
2024-06-18,0.0,0.0,19.92,0.0,4.316044065668479,0.079357853280159,49.800000000000004,-0.9769384927771817,0.0
2024-06-19,0.0,6.6,17.48,6.6,10.268637455818206,0.1916468601920293,43.7,-0.980469160361632,0.0
2024-06-20,0.0,0.0,16.2,0.0,8.728341837445475,0.16259090860897843,40.5,-0.9837092937736097,0.0
2024-06-21,0.0,0.0,17.46,0.0,7.419090561828654,0.1378933497633852,43.650000000000006,-0.986657932891657,0.0
2024-06-22,0.0,13.6,17.93,13.6,19.906226977554354,0.37344919162807233,44.825,-0.9893142039703663,0.0
2024-06-23,0.0,0.3,15.32,0.3,17.2202929309212,0.322782054304985,38.3,-0.99167731989929,0.0
2024-06-24,0.0,0.0,17.74,0.0,14.63724899128302,0.27405582360499076,44.349999999999994,-0.993746580436178,0.0
2024-06-25,0.0,0.0,20.39,0.0,12.441661642590567,0.23263852750999567,50.975,-0.9955213724144752,0.0
2024-06-26,0.0,0.0,22.0,0.0,10.575412396201981,0.19743382582924981,55.0,-0.9970011699250151,0.0
2024-06-27,0.0,0.0,24.08,0.0,8.989100536771684,0.16750982940061585,60.199999999999996,-0.9981855344718586,0.0
2024-06-28,0.0,1.0,25.25,1.0,8.640735456255932,0.1609383123541771,63.125,-0.99907411510223,0.0
2024-06-29,0.0,1.6,20.41,1.6,8.944625137817543,0.16667085081544422,51.025,-0.9996666485105112,0.0
2024-06-30,0.0,0.0,22.6,0.0,7.602931367144911,0.1413613006388811,56.5,-0.9999629591162655,0.0
2024-07-01,0.0,0.3,20.27,0.3,6.762491662073174,0.12550734696417248,50.675,-0.9999629591162655,0.0
2024-07-02,0.0,0.0,16.33,0.0,5.748117912762198,0.10637232236530014,40.824999999999996,-0.9996666485105112,0.0
2024-07-03,0.0,0.0,16.35,0.0,4.885900225847868,0.09010755145625862,40.875,-0.99907411510223,0.0
2024-07-04,0.0,1.6,17.33,1.6,5.753015191970688,0.10646470405221352,43.324999999999996,-0.9981855344718586,0.0
2024-07-05,0.0,1.2,15.98,1.2,6.0900629131750845,0.11282273179161513,39.95,-0.9970011699250151,0.0
2024-07-06,0.0,0.0,20.06,0.0,5.176553476198822,0.09559039946862638,50.15,-0.9955213724144752,0.0
2024-07-07,0.0,3.5,20.63,3.5,7.900070454768999,0.1469664967067363,51.574999999999996,-0.9937465804361781,0.0
2024-07-08,0.0,0.0,19.32,0.0,6.715059886553649,0.12461259964647939,48.3,-0.99167731989929,0.0
2024-07-09,0.0,0.0,21.52,0.0,5.707800903570602,0.105611787145261,53.8,-0.9893142039703664,0.0
2024-07-10,0.0,0.0,24.36,0.0,4.851630768035012,0.08946109651922536,60.9,-0.9866579328916572,0.0
2024-07-11,0.0,9.7,22.99,9.7,13.82388615282976,0.2587126446907261,57.474999999999994,-0.9837092937736098,0.0
2024-07-12,0.0,0.0,22.63,0.0,11.750303229905295,0.21959682543287068,56.574999999999996,-0.9804691603616321,0.0
2024-07-13,0.0,24.0,23.21,24.0,33.9877577454195,0.6390814970932961,58.025000000000006,-0.9769384927771817,0.0
2024-07-14,0.0,0.0,19.24,0.0,28.889594083606575,0.5429103499750553,48.099999999999994,-0.973118337233262,0.0
2024-07-15,0.0,0.0,20.98,0.0,24.556154971065588,0.46116487492455044,52.45,-0.9690098257244063,0.0
2024-07-16,0.0,3.8,24.93,3.8,24.67273172540575,0.4633639648196418,62.325,-0.9646141756912435,0.0
2024-07-17,0.0,0.4,23.18,0.4,21.371821966594887,0.40109599950960906,57.95,-0.9599326896597445,0.0
2024-07-18,0.0,0.0,20.33,0.0,18.166048671605655,0.34062267702892124,50.824999999999996,-0.9549667548552553,0.0
2024-07-19,0.0,0.0,18.67,0.0,15.441141370864806,0.28922035292033654,46.675000000000004,-0.9497178427914317,0.0
2024-07-20,0.0,2.8,18.71,2.8,15.924970165235084,0.29834724119815986,46.775000000000006,-0.9441875088341994,0.0
2024-07-21,0.0,0.0,20.57,0.0,13.536224640449822,0.2532862324641894,51.425,-0.9383773917408642,0.0
2024-07-22,0.0,0.0,22.26,0.0,11.505790944382348,0.21498437504031448,55.650000000000006,-0.9322892131745134,0.0
2024-07-23,0.0,0.1,21.06,0.1,9.879922302724994,0.1843141842218108,52.65,-0.9259247771938499,0.0
2024-07-24,0.0,0.0,20.15,0.0,8.397933957316244,0.1563581340342927,50.375,-0.9192859697186105,0.0
2024-07-25,0.0,21.1,18.24,21.1,28.238243863718807,0.5306233576425946,45.599999999999994,-0.9123747579707274,0.0
2024-07-26,0.0,0.0,19.44,0.0,24.002507284160984,0.45072093144195885,48.6,-0.9051931898913975,0.0
2024-07-27,0.0,0.0,21.16,0.0,20.402131191536835,0.3828038691714185,52.9,-0.8977433935342336,0.0
2024-07-28,0.0,16.8,17.77,16.8,34.14181151280631,0.641987548862181,44.425,-0.8900275764346766,0.0
2024-07-29,0.0,24.1,16.0,24.1,53.12053978588537,1.0,40.0,-0.8820480249558535,0.0
2024-07-30,0.0,0.0,17.87,0.0,45.152458818002565,0.8496910774457536,44.675000000000004,-0.8738071036110807,0.0
2024-07-31,0.0,0.0,17.93,0.0,38.379589995302176,0.7219284932746439,44.825,-0.8653072543632061,0.0
2024-08-01,0.0,0.0,18.42,0.0,32.622651496006846,0.6133302967292008,46.050000000000004,-0.8565509959010037,0.0
2024-08-02,0.0,0.0,18.18,0.0,27.72925377160582,0.5210218296655742,45.45,-0.8475409228928312,0.0
2024-08-03,0.0,0.0,18.54,0.0,23.569865705864945,0.4425596326614916,46.349999999999994,-0.8382797052177745,0.0
2024-08-04,0.0,0.0,18.97,0.0,20.034385849985203,0.37586676520802137,47.425,-0.828770087174504,0.0
2024-08-05,0.0,0.0,18.72,0.0,17.029227972487423,0.3191778278725717,46.8,-0.8190148866680802,0.0
2024-08-06,0.0,0.0,19.4,0.0,14.474843776614309,0.2709922311374394,48.5,-0.8090169943749472,0.0
2024-08-07,0.0,3.4,19.03,3.4,15.703617210122163,0.2941716656334374,47.575,-0.7987793728863648,0.0
2024-08-08,0.0,0.0,20.54,0.0,13.348074628603838,0.24973699323417528,51.349999999999994,-0.7883050558305253,0.0
2024-08-09,0.0,15.9,19.75,15.9,27.245863434313264,0.5119032123894143,49.375,-0.7775971469736268,0.0
2024-08-10,0.0,0.2,18.66,0.2,23.358983919166274,0.43858158396033564,46.65,-0.7666588193001592,0.0
2024-08-11,0.0,5.1,16.58,5.1,24.955136331291335,0.4686912113933294,41.449999999999996,-0.7554933140726804,0.0
2024-08-12,0.0,0.0,16.71,0.0,21.211865881597635,0.39807860713008353,41.775000000000006,-0.7441039398713608,0.0
2024-08-13,0.0,0.0,17.35,0.0,18.03008599935799,0.3380578935063245,43.375,-0.7324940716135792,0.0
2024-08-14,0.0,0.0,18.45,0.0,15.32557309945429,0.2870402869261293,46.125,-0.7206671495538615,0.0
2024-08-15,0.0,0.0,20.72,0.0,13.026737134536146,0.2436753213329634,51.8,-0.7086266782644601,0.0
2024-08-16,0.0,0.0,22.92,0.0,11.072726564355724,0.2068151005787724,57.300000000000004,-0.6963762255968726,0.0
2024-08-17,0.0,2.2,22.07,2.2,11.611817579702365,0.21698444875709028,55.175,-0.6839194216246105,0.0
2024-08-18,0.0,0.0,22.09,0.0,9.87004494274701,0.18412785888928024,55.225,-0.6712599575675315,0.0
2024-08-19,0.0,3.7,22.01,3.7,12.089538201334957,0.22599611319787208,55.025000000000006,-0.6584015846980489,0.0
2024-08-20,0.0,0.0,20.59,0.0,10.276107471134713,0.19178777366394478,51.475,-0.64534811322955,0.0
2024-08-21,0.0,5.5,21.18,5.5,14.234691350464505,0.2664620246085571,52.95,-0.6321034111873488,0.0
2024-08-22,0.0,4.1,16.43,4.1,16.199487647894827,0.3035257060264175,41.075,-0.6186714032625032,0.0
2024-08-23,0.0,0.0,17.92,0.0,13.769564500710603,0.25768792756820835,44.800000000000004,-0.6050560696488494,0.0
2024-08-24,0.0,0.0,21.48,0.0,11.704129825604012,0.2187258158787306,53.7,-0.5912614448635782,0.0
2024-08-25,0.0,0.0,23.27,0.0,9.94851035176341,0.18560802094267453,58.175,-0.5772916165517278,0.0
2024-08-26,0.0,0.0,19.25,0.0,8.456233798998898,0.15745789524702686,48.125,-0.5631507242749187,0.0
2024-08-27,0.0,0.0,18.4,0.0,7.187798729149064,0.13353028840572637,46.0,-0.5488429582847199,0.0
2024-08-28,0.0,0.0,18.62,0.0,6.109628919776704,0.11319182259062092,46.550000000000004,-0.5343725582809785,0.0
2024-08-29,0.0,0.0,21.73,0.0,5.193184581810199,0.09590412664778131,54.325,-0.5197438121555157,0.0
2024-08-30,0.0,0.0,23.53,0.0,4.414206894538669,0.08120958509636762,58.825,-0.5049610547215202,0.0
2024-08-31,0.0,0.8,17.96,0.8,4.552075860357869,0.08381032871198608,44.900000000000006,-0.4900286664290594,0.0
2024-09-01,0.0,0.0,15.61,0.0,3.8692644813041883,0.07092985685094168,39.025,-0.4749510720670502,0.0
2024-09-02,0.0,0.0,17.77,0.0,3.28887480910856,0.05998145576905394,44.425,-0.4597327394521046,0.0
2024-09-03,0.0,0.0,21.76,0.0,2.795543587742276,0.050675314849449364,54.400000000000006,-0.44437817810461344,0.0
2024-09-04,0.0,0.0,22.22,0.0,2.3762120495809347,0.042765095067785475,55.55,-0.4288919379124841,0.0
2024-09-05,0.0,0.0,21.52,0.0,2.0197802421437943,0.03604140825337117,53.8,-0.41327860778290443,0.0
2024-09-06,0.0,0.0,20.68,0.0,1.716813205822225,0.030326274461119008,51.7,-0.3975428142825566,0.0
2024-09-07,0.0,0.0,19.72,0.0,1.4592912249488912,0.025468410737704672,49.3,-0.3816892202666586,0.0
2024-09-08,0.0,0.0,18.85,0.0,1.2403975412065575,0.021339226572802485,47.125,-0.3657225234972692,0.0
2024-09-09,0.0,0.0,19.39,0.0,1.0543379100255739,0.01782942003263563,48.475,-0.34964745525122826,0.0
2024-09-10,0.0,6.8,17.34,6.8,7.696187223521737,0.14312046791521452,43.35,-0.33346877891818705,0.0
2024-09-11,0.0,0.0,16.1,0.0,6.541759139993476,0.12134347517368585,40.25,-0.31719128858910595,0.0
2024-09-12,0.0,1.7,16.57,1.7,7.260495268994455,0.13490162720381665,41.425,-0.300819807635668,0.0
2024-09-13,0.0,21.5,17.6,21.5,27.671420978645287,0.51993087880385,44.0,-0.2843591872810036,0.0
2024-09-14,0.0,2.0,19.43,2.0,25.520707831848494,0.4793600842648262,48.575,-0.26781430516217486,0.0
2024-09-15,0.0,0.0,17.86,0.0,21.69260165707122,0.40714714907085575,44.65,-0.25119006388481957,0.0
2024-09-16,0.0,0.0,19.38,0.0,18.438711408510535,0.3457661541559809,48.449999999999996,-0.23449138957041052,0.0
2024-09-17,0.0,0.0,18.06,0.0,15.672904697233955,0.2935923084783373,45.15,-0.21772323039653224,0.0
2024-09-18,0.0,0.0,18.41,0.0,13.321968992648861,0.24924453965234017,46.025,-0.20089055513063528,0.0
2024-09-19,0.0,0.0,17.52,0.0,11.323673643751532,0.21154893615024264,43.8,-0.18399835165767986,0.0
2024-09-20,0.0,0.0,16.12,0.0,9.6251225971888,0.17950767317345975,40.300000000000004,-0.1670516255021195,0.0
2024-09-21,0.0,0.0,15.52,0.0,8.18135420761048,0.1522725996431943,38.8,-0.15005539834465262,0.0
2024-09-22,0.0,0.0,14.75,0.0,6.954151076468908,0.12912278714246866,36.875,-0.13301470653419636,0.0
2024-09-23,0.0,0.0,15.88,0.0,5.9110284149985715,0.10944544651685188,39.7,-0.11593459959550066,0.0
2024-09-24,0.0,0.0,17.06,0.0,5.024374152748786,0.09271970698507763,42.65,-0.09882013873287211,0.0
2024-09-25,0.0,3.0,16.16,3.0,7.270718029836468,0.1350944681367698,40.4,-0.08167639533042288,0.0
2024-09-26,0.0,0.0,16.27,0.0,6.180110325360998,0.11452137536200785,40.675,-0.06450844944931625,0.0
2024-09-27,0.0,5.2,17.14,5.2,10.453093776556848,0.19512642207654074,42.85,-0.04732138832243232,0.0
2024-09-28,0.0,0.0,14.25,0.0,8.88512971007332,0.1655485362108131,35.625,-0.03012030484690836,0.0
2024-09-29,0.0,0.0,9.53,0.0,7.5523602535623215,0.14040733322494467,23.825,-0.012910296075008843,0.0
2024-09-30,0.0,0.0,7.74,0.0,6.419506215527973,0.11903731068695649,19.35,0.004303538296243821,0.0
2024-10-01,0.0,0.4,7.34,0.4,5.856580283198777,0.10841834349682657,18.35,0.021516097436222233,0.0
2024-10-02,0.0,0.0,9.3,0.0,4.978093240718961,0.0918466694180561,23.25,0.03872228089217399,0.0
2024-10-03,0.0,12.2,8.4,12.2,16.431379254611116,0.3079000814494825,21.0,0.05591699010060302,0.0
2024-10-04,0.0,0.3,9.69,0.3,14.26667236641945,0.2670653106531837,24.224999999999998,0.07309512989807776,0.0
2024-10-05,0.0,0.0,9.6,0.0,12.126671511456532,0.2266965915009596,24.0,0.0902516100310407,0.0
2024-10-06,0.0,0.0,8.47,0.0,10.307670784738052,0.1923831802215692,21.175,0.10738134666416306,0.0
2024-10-07,0.0,0.0,9.03,0.0,8.761520167027344,0.16321678063408732,22.575,0.12447926388678869,0.0
2024-10-08,0.0,0.1,8.91,0.1,7.547292141973242,0.14031172897651775,22.275,0.141540295217043,0.0
2024-10-09,0.0,2.7,13.97,2.7,9.115198320677255,0.16988852285412387,34.925000000000004,0.15855938510313475,0.0
2024-10-10,0.0,0.1,16.01,0.1,7.847918572575666,0.1459827098635488,40.025000000000006,0.17553149042142777,0.0
2024-10-11,0.0,0.4,11.02,0.4,7.0707307866893165,0.13132193279693005,27.549999999999997,0.19245158197082995,0.0
2024-10-12,0.0,0.0,7.57,0.0,6.010121168685919,0.11131472032314407,18.925,0.20931464596304888,0.0
2024-10-13,0.0,6.7,6.71,6.7,11.808602993383031,0.22069658517035667,16.775,0.22611568550828803,0.0
2024-10-14,0.0,0.9,7.67,0.9,10.937312544375576,0.20426066676666677,19.175,0.2428497220959358,0.0
2024-10-15,0.0,0.0,7.7,0.0,9.29671566271924,0.17331264419742026,19.25,0.25951179706979943,0.0
2024-10-16,0.0,0.0,4.88,0.0,7.902208313311354,0.14700682501356074,12.2,0.27609697309746883,0.0
2024-10-17,0.0,0.0,4.26,0.0,6.716877066314651,0.12464687870728015,10.649999999999999,0.2926003356333479,0.0
2024-10-18,0.0,0.0,6.0,0.0,5.709345506367453,0.10564092434694164,15.0,0.30901699437494723,0.0
2024-10-19,0.0,0.0,4.79,0.0,4.852943680412335,0.08948586314065392,11.975,0.3253420847119795,0.0
2024-10-20,0.0,0.0,4.83,0.0,4.125002128350485,0.07575406111530936,12.075,0.341570769167856,0.0
2024-10-21,0.0,0.0,8.72,0.0,3.5062518090979125,0.06408202939376646,21.8,0.35769823883312546,0.0
2024-10-22,0.0,0.2,12.45,0.2,3.1803140377332255,0.05793357841403503,31.125,0.3737197147904692,0.0
2024-10-23,0.0,0.0,10.65,0.0,2.7032669320732414,0.048934619097683284,26.625,0.38963044953078774,0.0
2024-10-24,0.0,0.0,9.78,0.0,2.297776892262255,0.0412855036787843,24.45,0.4054257283599973,0.0
2024-10-25,0.0,0.0,7.1,0.0,1.9531103584229168,0.034783755572720176,17.75,0.42110087079608916,0.0
2024-10-26,0.0,0.7,5.66,0.7,2.3601438046594794,0.04246198562509573,14.15,0.4366512319560638,0.0
2024-10-27,0.0,0.3,9.32,0.3,2.3061222339605574,0.04144292920245492,23.3,0.45207220393230374,0.0
2024-10-28,0.0,0.0,9.27,0.0,1.9602038988664736,0.0349175672678402,23.174999999999997,0.46735921715800205,0.0
2024-10-29,0.0,0.0,9.41,0.0,1.6661733140365025,0.029371009623417682,23.525,0.48250774176121763,0.0
2024-10-30,0.0,1.5,11.05,1.5,2.916247316931027,0.0529522555025087,27.625,0.4975132889071803,0.0
2024-10-31,0.0,2.4,8.9,2.4,4.878810219391372,0.08997380642584615,22.25,0.5123714121284235,0.0
2024-11-01,0.0,3.3,11.33,3.3,7.446988686482666,0.13841961663679309,28.325,0.5270777086423724,0.0
2024-11-02,0.0,0.0,4.58,0.0,6.329940383510266,0.11734775158702763,11.45,0.5416278206559811,0.0
2024-11-03,0.0,0.5,4.78,0.5,5.880449325983726,0.10886860625367706,11.950000000000001,0.5560174366570446,0.0
2024-11-04,0.0,0.0,3.65,0.0,4.998381927086167,0.09222939276137902,9.125,0.5702422926917867,0.0
2024-11-05,0.0,0.0,5.77,0.0,4.248624638023242,0.07808606129292568,14.424999999999999,0.5842981736283683,0.0
2024-11-06,0.0,0.0,6.81,0.0,3.6113309423197553,0.06606422954474032,17.025,0.5981809144059159,0.0
2024-11-07,0.0,0.4,5.08,0.4,3.4696313009717916,0.06339122452594283,12.7,0.6118864012687242,0.0
2024-11-08,0.0,0.3,5.64,0.3,3.2491866058260226,0.059232782268174945,14.1,0.6254105729852457,0.0
2024-11-09,0.0,0.1,3.89,0.1,2.8618086149521194,0.05192533036549223,9.725,0.6387494220515268,0.0
2024-11-10,0.0,0.0,2.31,0.0,2.4325373227093015,0.043827608256421915,5.775,0.6518989958787125,0.0
2024-11-11,0.0,0.0,1.88,0.0,2.067656724302906,0.03694454446371214,4.699999999999999,0.6648553979642867,0.0
2024-11-12,0.0,0.0,0.95,0.0,1.7575082156574702,0.031093940239908836,2.375,0.6776147890466887,0.0
2024-11-13,0.0,0.0,0.23,0.0,1.4938819833088497,0.026120926649676027,0.5750000000000001,0.690173388242972,0.0
2024-11-14,0.0,1.6,1.99,1.6,2.8697996858125223,0.05207607296661831,4.975,0.7025274741691566,0.0
2024-11-15,0.0,0.0,4.04,0.0,2.439329732940644,0.043955739467379074,10.1,0.7146733860429608,0.0
2024-11-16,0.0,1.2,7.15,1.2,3.2734302729995477,0.05969011189450586,17.875,0.726607524768565,0.0
2024-11-17,0.0,2.8,4.64,2.8,5.582415732049615,0.10324653632620379,11.6,0.7383263540031063,0.0
2024-11-18,0.0,0.0,4.31,0.0,4.745053372242173,0.08745063332302673,10.774999999999999,0.749826401204568,0.0
2024-11-19,0.0,6.5,2.89,6.5,10.533295366405847,0.19663933523667693,7.2250000000000005,0.7611042586607742,0.0
2024-11-20,0.0,6.2,4.59,6.2,15.15330106144497,0.2837905678879096,11.475,0.7721565844991641,0.0
2024-11-21,0.0,0.5,0.58,0.5,13.380305902228224,0.2503450001094267,1.45,0.7829801036770625,0.0
2024-11-22,0.0,0.0,-1.2,0.0,11.37326001689399,0.2124843275387662,0.0,0.7935716089521472,0.0
2024-11-23,0.0,0.1,-0.82,0.1,9.767271014359892,0.18218914384549478,0.0,0.8039279618328208,0.0
2024-11-24,0.0,0.0,0.79,0.0,8.302180362205908,0.15455184971442407,1.975,0.8140460935082175,0.0
2024-11-25,0.0,0.0,4.55,0.0,7.056853307875022,0.131060149703014,11.375,0.8239230057575536,0.0
2024-11-26,0.0,7.7,4.56,7.7,13.698325311693768,0.25634408006114623,11.399999999999999,0.8335557718385695,0.0
2024-11-27,0.0,0.6,4.84,0.6,12.243576514939702,0.22890187344846785,12.1,0.8429415373547832,0.0
2024-11-28,0.0,6.7,4.27,6.7,17.10704003769875,0.32064566532688193,10.674999999999999,0.8520775211013093,0.0
2024-11-29,0.0,0.0,3.6,0.0,14.540984032043935,0.2722398929736031,9.0,0.8609610158889945,0.0
2024-11-30,0.0,0.0,3.65,0.0,12.359836427237346,0.23109498647331617,9.125,0.8695893893466109,0.0
2024-12-01,0.0,0.0,2.09,0.0,10.505860963151743,0.19612181594807226,5.225,0.8779600847008883,0.0
2024-12-02,0.0,0.0,3.07,0.0,8.929981818678982,0.16639462100161495,7.675,0.8860706215341377,0.0
2024-12-03,0.0,8.9,3.89,8.9,16.490484545877134,0.3090150365664372,9.725,0.893918596519257,0.0
2024-12-04,0.0,5.3,1.86,5.3,19.316911863995564,0.36233242209209565,4.65,0.9015016841318838,0.0
2024-12-05,0.0,0.1,0.53,0.1,16.51937508439623,0.30956002421582485,1.3250000000000002,0.9088176373395028,0.0
2024-12-06,0.0,0.0,-1.05,0.0,14.041468821736796,0.2628170980292046,0.0,0.9158642882672868,0.0
2024-12-07,0.0,0.0,-0.07,0.0,11.935248498476277,0.22308561077057745,0.0,0.9226395488404875,0.0
2024-12-08,0.0,0.1,1.98,0.1,10.244961223704834,0.19120023459253435,4.95,0.9291414114031743,0.0
2024-12-09,0.0,0.0,1.92,0.0,8.708217040149108,0.1622112768494077,4.8,0.935367949313148,0.0
2024-12-10,0.0,0.0,-2.07,0.0,7.401984484126742,0.13757066276775007,0.0,0.941317317512847,0.0
2024-12-11,0.0,0.0,-0.82,0.0,6.291686811507731,0.11662614079834106,0.0,0.946987753076075,0.0
2024-12-12,0.0,0.0,-0.4,0.0,5.347933789781571,0.09882329712434343,0.0,0.9523775757303973,0.0
2024-12-13,0.0,0.0,-3.63,0.0,4.545743721314335,0.08369088000144542,0.0,0.9574851883550389,0.0
2024-12-14,0.0,0.1,-1.62,0.1,3.963882163117185,0.07271471343877213,0.0,0.9623090774541487,0.0
2024-12-15,0.0,0.1,0.8,0.1,3.4692998386496074,0.06338497186049984,2.0,0.9668478136052773,0.0
2024-12-16,0.0,4.9,5.87,4.9,7.848904862852167,0.14600131512488893,14.675,0.9711000518829505,0.0
2024-12-17,0.0,0.7,4.32,0.7,7.371569133424342,0.13699691124443916,10.8,0.9750645322571945,0.0
2024-12-18,0.0,2.5,1.61,2.5,8.76583376341069,0.16329815179827706,4.025,0.9787400799669153,0.0
2024-12-19,0.0,4.0,7.62,4.0,11.450958698899086,0.21395002614588943,19.05,0.9821256058680006,0.0
2024-12-20,0.0,0.7,4.8,0.7,10.433314894064223,0.1947533156122896,12.0,0.9852201067560606,0.0
2024-12-21,0.0,0.0,1.19,0.0,8.86831765995459,0.16523139571619966,2.9749999999999996,0.9880226656636976,0.0
2024-12-22,0.0,0.6,2.57,0.6,8.138070010961401,0.1514560917552633,6.425,0.9905324521322227,0.0
2024-12-23,0.0,1.2,2.1,1.2,8.117359509317192,0.15106541133920745,5.25,0.9927487224577402,0.0
2024-12-24,0.0,0.1,1.79,0.1,6.9997555829196125,0.12998306507586987,4.475,0.9946708199115211,0.0
2024-12-25,0.0,0.0,1.1,0.0,5.94979224548167,0.1101766827602429,2.75,0.9962981749346077,0.0
2024-12-26,0.0,0.0,2.82,0.0,5.057323408659419,0.09334125779195997,7.05,0.9976303053065857,0.0
2024-12-27,0.0,0.0,3.45,0.0,4.298724897360507,0.07903114656891949,8.625,0.9986668162884759,0.0
2024-12-28,0.0,2.4,3.28,2.4,6.053916162756431,0.11214086383229534,8.2,0.9994074007397048,0.0
2024-12-29,0.0,0.0,2.38,0.0,5.145828738342966,0.09501081170320456,5.949999999999999,0.9998518392091162,0.0
2024-12-30,0.0,1.6,4.04,1.6,5.97395442759152,0.11063247526211754,10.1,1.0,0.0
2024-12-31,0.0,1.7,4.74,1.7,6.777861263452793,0.1257972772789836,11.850000000000001,0.9998518392091162,0.0
