timestamp,water_level_cm,precip_kauno-ams,temp_kauno-ams,Pt,API_t,API_norm,SMI_t,S_t,delta_WL_t
2016-04-01,484.0,0.0,0.0,0.0,0.0,0.0,0.0,-0.01291029607500882,0.0
2016-04-02,480.0,0.0,0.0,0.0,0.0,0.0,0.0,-0.030120304846908114,-4.0
2016-04-03,480.0,0.0,0.0,0.0,0.0,0.0,0.0,-0.04732138832243185,0.0
2016-04-04,482.0,0.0,0.0,0.0,0.0,0.0,0.0,-0.06450844944931623,2.0
2016-04-05,481.0,0.0,0.0,0.0,0.0,0.0,0.0,-0.08167639533042241,-1.0
2016-04-06,488.0,0.0,0.0,0.0,0.0,0.0,0.0,-0.09882013873287143,7.0
2016-04-07,484.0,0.0,0.0,0.0,0.0,0.0,0.0,-0.11593459959550041,-4.0
2016-04-08,484.0,0.0,0.0,0.0,0.0,0.0,0.0,-0.1330147065341959,0.0
2016-04-09,483.0,0.0,9.04,0.0,0.0,0.0,22.599999999999998,-0.1500553983446526,-1.0
2016-04-10,488.0,0.0,9.75,0.0,0.0,0.0,24.375,-0.16705162550211924,5.0
2016-04-11,486.0,0.0,10.13,0.0,0.0,0.0,25.325000000000003,-0.18399835165768005,-2.0
2016-04-12,488.0,0.7,9.76,0.7,0.7,0.010836329987157448,24.4,-0.20089055513063506,2.0
2016-04-13,492.0,12.9,7.87,12.9,13.495000000000001,0.2089089616809854,19.675,-0.21772323039653177,4.0
2016-04-14,495.0,2.0,6.54,2.0,13.47075,0.20853356024928743,16.35,-0.23449138957040985,3.0
2016-04-15,490.0,0.0,5.47,0.0,11.4501375,0.17725352621189433,13.674999999999999,-0.25119006388481935,-5.0
2016-04-16,482.0,0.0,9.33,0.0,9.732616875,0.15066549728011017,23.325,-0.2678143051621742,-8.0
2016-04-17,480.0,9.5,10.03,9.5,17.77272434375,0.2751301510852304,25.075,-0.2843591872810034,-2.0
2016-04-18,485.0,0.0,6.25,0.0,15.1068156921875,0.23386062842244587,15.625,-0.30081980763566735,5.0
2016-04-19,485.0,0.6,6.43,0.6,13.440793338359374,0.20806981700521393,16.075,-0.3171912885891061,0.0
2016-04-20,485.0,0.7,5.59,0.7,12.124674337605466,0.18769567444158927,13.975,-0.3334687789181868,0.0
2016-04-21,489.0,0.0,7.17,0.0,10.305973186964646,0.1595413232753509,17.925,-0.3496474552512284,4.0
2016-04-22,489.0,3.0,5.73,3.0,11.760077208919949,0.182051539014723,14.325000000000001,-0.36572252349726897,0.0
2016-04-23,484.0,0.0,6.45,0.0,9.996065627581956,0.15474380816251457,16.125,-0.3816892202666588,-5.0
2016-04-24,481.0,1.9,5.73,1.9,10.396655783444663,0.16094513261756474,14.325000000000001,-0.39754281428255595,-3.0
2016-04-25,480.0,0.0,3.61,0.0,8.837157415927964,0.13680336272493004,9.025,-0.4132786077829042,-1.0
2016-04-26,486.0,1.7,3.74,1.7,9.211583803538769,0.1425996597135729,9.350000000000001,-0.4288919379124835,6.0
2016-04-27,482.0,0.0,8.5,0.0,7.829846233007953,0.12120971075653696,21.25,-0.4443781781046132,-4.0
2016-04-28,483.0,2.9,6.24,2.9,9.55536929805676,0.14792162123270872,15.600000000000001,-0.45973273945210397,1.0
2016-04-29,482.0,0.0,6.13,0.0,8.122063903348247,0.1257333780478024,15.325,-0.47495107206704995,-1.0
2016-04-30,482.0,3.9,8.26,3.9,10.803754317846009,0.16724720984050925,20.65,-0.49002866642905923,0.0
2016-05-01,486.0,1.6,10.88,1.6,10.783191170169108,0.16692888262079275,27.200000000000003,-0.5049610547215204,4.0
2016-05-02,484.0,0.0,13.1,0.0,9.165712494643742,0.14188955022767383,32.75,-0.5197438121555155,-2.0
2016-05-03,491.0,0.2,12.74,0.2,7.990855620447181,0.12370221197556774,31.85,-0.5343725582809787,7.0
2016-05-04,494.0,0.0,13.52,0.0,6.792227277380103,0.10514688017923259,33.8,-0.548842958284719,3.0
2016-05-05,490.0,0.0,14.75,0.0,5.773393185773088,0.0893748481523477,36.875,-0.5631507242749186,-4.0
2016-05-06,486.0,0.0,15.28,0.0,4.907384207907125,0.07596862092949555,38.199999999999996,-0.5772916165517272,-4.0
2016-05-07,490.0,0.0,16.24,0.0,4.171276576721056,0.0645733277900712,40.599999999999994,-0.5912614448635781,4.0
2016-05-08,490.0,0.0,17.82,0.0,3.545585090212897,0.054887328621560524,44.55,-0.6050560696488488,0.0
2016-05-09,486.0,0.0,18.63,0.0,3.0137473266809627,0.04665422932832645,46.574999999999996,-0.6186714032625031,-4.0
2016-05-10,484.0,0.0,18.08,0.0,2.5616852276788182,0.03965609492907748,45.199999999999996,-0.6321034111873487,-2.0
2016-05-11,488.0,0.5,17.5,0.5,2.6774324435269956,0.041447916394828324,43.75,-0.6453481132295501,4.0
2016-05-12,480.0,0.0,16.05,0.0,2.2758175769979463,0.035230728935604076,40.125,-0.6584015846980488,-8.0
2016-05-13,488.0,0.0,16.82,0.0,1.9344449404482542,0.02994611959526346,42.05,-0.6712599575675313,8.0
2016-05-14,490.0,15.1,14.51,15.1,16.744278199381014,0.25920931995037033,36.275,-0.6839194216246106,2.0
2016-05-15,496.0,15.7,9.99,15.7,29.932636469473863,0.4633713230983461,24.975,-0.6963762255968722,6.0
2016-05-16,478.0,0.0,8.01,0.0,25.442740999052784,0.3938656246335942,20.025,-0.7086266782644596,-18.0
2016-05-17,481.0,0.0,8.09,0.0,21.626329849194867,0.3347857809385551,20.225,-0.7206671495538609,3.0
2016-05-18,486.0,0.0,9.08,0.0,18.382380371815636,0.2845679137977718,22.7,-0.7324940716135789,5.0
2016-05-19,508.0,0.0,12.1,0.0,15.62502331604329,0.24188272672810604,30.25,-0.7441039398713607,22.0
2016-05-20,500.0,0.0,12.99,0.0,13.281269818636796,0.20560031771889012,32.475,-0.7554933140726803,-8.0
2016-05-21,488.0,0.0,14.08,0.0,11.289079345841277,0.1747602700610566,35.2,-0.766658819300159,-12.0
2016-05-22,476.0,0.0,15.02,0.0,9.595717443965086,0.1485462295518981,37.55,-0.777597146973627,-12.0
2016-05-23,480.0,0.0,17.55,0.0,8.156359827370322,0.12626429511911338,43.875,-0.7883050558305255,4.0
2016-05-24,486.0,0.0,18.3,0.0,6.932905853264773,0.10732465085124637,45.75,-0.7987793728863649,6.0
2016-05-25,486.0,0.4,17.52,0.4,6.292969975275057,0.09741814178764939,43.8,-0.8090169943749473,0.0
2016-05-26,495.0,0.0,12.97,0.0,5.349024478983798,0.08280542051950197,32.425000000000004,-0.8190148866680801,9.0
2016-05-27,495.0,0.0,16.25,0.0,4.546670807136229,0.07038460744157668,40.625,-0.8287700871745037,0.0
2016-05-28,488.0,0.0,19.64,0.0,3.864670186065794,0.05982691632534017,49.1,-0.8382797052177743,-7.0
2016-05-29,479.0,0.0,21.68,0.0,3.284969658155925,0.05085287887653915,54.2,-0.8475409228928311,-9.0
2016-05-30,482.0,0.0,22.03,0.0,2.7922242094325362,0.043224947045058276,55.075,-0.8565509959010036,3.0
2016-05-31,482.0,0.0,23.44,0.0,2.3733905780176556,0.03674120498829953,58.6,-0.865307254363206,0.0
2016-06-01,490.0,0.0,22.87,0.0,2.0173819913150073,0.031230024240054603,57.175000000000004,-0.8738071036110808,8.0
2016-06-02,490.0,0.0,20.67,0.0,1.714774692617756,0.02654552060404641,51.675000000000004,-0.8820480249558537,0.0
2016-06-03,491.0,0.0,19.96,0.0,1.4575584887250925,0.022563692513439447,49.900000000000006,-0.8900275764346767,1.0
2016-06-04,493.0,0.0,18.07,0.0,1.2389247154163285,0.019179138636423527,45.175,-0.8977433935342337,2.0
2016-06-05,480.0,0.0,13.01,0.0,1.0530860081038793,0.01630226784096,32.525,-0.9051931898913974,-13.0
2016-06-06,478.0,0.0,11.23,0.0,0.8951231068882974,0.013856927664815999,28.075000000000003,-0.9123747579707273,-2.0
2016-06-07,484.0,0.0,12.61,0.0,0.7608546408550528,0.0117783885150936,31.525,-0.9192859697186104,6.0
2016-06-08,482.0,0.0,16.47,0.0,0.6467264447267949,0.010011630237829559,41.175,-0.9259247771938498,-2.0
2016-06-09,489.0,0.0,12.29,0.0,0.5497174780177756,0.008509885702155124,30.724999999999998,-0.9322892131745133,7.0
2016-06-10,483.0,12.6,10.28,12.6,13.06725985631511,0.20228734261566594,25.7,-0.9383773917408641,-6.0
2016-06-11,481.0,5.9,8.68,5.9,17.007170877867843,0.2632790225436431,21.7,-0.9441875088341993,-2.0
2016-06-12,488.0,0.0,11.02,0.0,14.456095246187665,0.22378716916209662,27.549999999999997,-0.9497178427914316,7.0
2016-06-13,495.0,0.0,13.6,0.0,12.287680959259514,0.19021909378778212,34.0,-0.9549667548552551,7.0
2016-06-14,492.0,0.0,17.57,0.0,10.444528815370587,0.1616862297196148,43.925,-0.9599326896597447,-3.0
2016-06-15,492.0,30.2,16.0,30.2,39.077849493064996,0.6049435318504653,40.0,-0.9646141756912435,0.0
2016-06-16,502.0,3.1,16.68,3.1,36.31617206910525,0.5621914634445928,41.7,-0.9690098257244062,10.0
2016-06-17,506.0,9.0,18.98,9.0,39.86874625873946,0.6171869866199283,47.45,-0.9731183372332619,4.0
2016-06-18,490.0,9.1,16.04,9.1,42.988434319928544,0.6654812284599859,40.099999999999994,-0.9769384927771817,-16.0
2016-06-19,476.0,0.0,18.4,0.0,36.54016917193926,0.565659044190988,46.0,-0.980469160361632,-14.0
2016-06-20,479.0,0.0,18.75,0.0,31.059143796148373,0.4808101875623398,46.875,-0.9837092937736097,3.0
2016-06-21,492.0,6.5,16.87,6.5,32.900272226726116,0.5093117235944509,42.175000000000004,-0.986657932891657,13.0
2016-06-22,501.0,0.0,18.03,0.0,27.965231392717197,0.43291496505528315,45.075,-0.9893142039703663,9.0
2016-06-23,492.0,0.0,19.38,0.0,23.770446683809617,0.3679777202969907,48.449999999999996,-0.99167731989929,-9.0
2016-06-24,493.0,0.0,22.24,0.0,20.204879681238175,0.3127810622524421,55.599999999999994,-0.993746580436178,1.0
2016-06-25,491.0,0.0,24.36,0.0,17.17414772905245,0.2658639029145758,60.9,-0.9955213724144752,-2.0
2016-06-26,474.0,7.5,24.62,7.5,22.098025569694585,0.3420878530540764,61.550000000000004,-0.9970011699250151,-17.0
2016-06-27,475.0,0.0,18.44,0.0,18.783321734240396,0.29077467509596494,46.1,-0.9981855344718586,1.0
2016-06-28,485.0,0.0,17.23,0.0,15.965823474104337,0.2471584738315702,43.075,-0.99907411510223,10.0
2016-06-29,487.0,0.0,19.88,0.0,13.570949952988686,0.21008470275683466,49.699999999999996,-0.9996666485105112,2.0
2016-06-30,495.0,0.0,22.5,0.0,11.535307460040382,0.17857199734330945,56.25,-0.9999629591162655,8.0
2016-07-01,506.0,11.2,20.56,11.2,21.005011341034326,0.32516747753633224,51.4,-0.9999629591162655,11.0
2016-07-02,494.0,0.0,23.69,0.0,17.854259639879178,0.2763923559058824,59.225,-0.9996666485105112,-12.0
2016-07-03,480.0,46.5,16.51,46.5,61.6761206938973,0.9547754230954592,41.275000000000006,-0.99907411510223,-14.0
2016-07-04,461.0,0.0,14.45,0.0,52.4247025898127,0.8115591096311402,36.125,-0.9981855344718586,-19.0
2016-07-05,464.0,0.0,14.5,0.0,44.5609972013408,0.6898252431864692,36.25,-0.9970011699250151,3.0
2016-07-06,464.0,1.9,14.22,1.9,39.77684762113967,0.6157643523879262,35.550000000000004,-0.9955213724144752,0.0
2016-07-07,468.0,14.8,14.22,14.8,48.61032047796873,0.7525106764010662,35.550000000000004,-0.9937465804361781,4.0
2016-07-08,468.0,1.8,14.74,1.8,43.118772406273415,0.6674989234793111,36.85,-0.99167731989929,0.0
2016-07-09,465.0,1.5,16.14,1.5,38.1509565453324,0.5905947920727518,40.35,-0.9893142039703664,-3.0
2016-07-10,456.0,0.2,17.0,0.2,32.62831306353254,0.505101667543884,42.5,-0.9866579328916572,-9.0
2016-07-11,466.0,20.6,19.39,20.6,48.33406610400266,0.7482341284629349,48.475,-0.9837092937736098,10.0
2016-07-12,467.0,0.0,19.08,0.0,41.08395618840226,0.6359990091934946,47.699999999999996,-0.9804691603616321,1.0
2016-07-13,470.0,5.5,16.39,5.5,40.421362760141925,0.6257417505707076,40.975,-0.9769384927771817,3.0
2016-07-14,462.0,13.0,15.63,13.0,47.35815834612063,0.7331266163180254,39.075,-0.973118337233262,-8.0
2016-07-15,465.0,0.4,15.17,0.4,40.654434594202534,0.6293498124344116,37.925,-0.9690098257244063,3.0
2016-07-16,468.0,0.0,17.47,0.0,34.55626940507215,0.5349473405692498,43.675,-0.9646141756912435,3.0
2016-07-17,462.0,0.5,17.57,0.5,29.872828994311327,0.4624454751889747,43.925,-0.9599326896597445,-6.0
2016-07-18,460.0,0.6,16.32,0.6,25.991904645164627,0.4023669367567635,40.8,-0.9549667548552553,-2.0
2016-07-19,472.0,0.0,16.75,0.0,22.093118948389932,0.34201189624324896,41.875,-0.9497178427914317,12.0
2016-07-20,483.0,0.0,17.38,0.0,18.779151106131444,0.29071011180676165,43.449999999999996,-0.9441875088341994,11.0
2016-07-21,490.0,0.0,16.9,0.0,15.962278440211726,0.24710359503574736,42.25,-0.9383773917408642,7.0
2016-07-22,507.0,10.1,19.29,10.1,23.667936674179966,0.366390817023657,48.224999999999994,-0.9322892131745134,17.0
2016-07-23,504.0,0.0,19.37,0.0,20.11774617305297,0.31143219447010845,48.425000000000004,-0.9259247771938499,-3.0
2016-07-24,495.0,0.0,21.08,0.0,17.100084247095026,0.26471736529959217,52.699999999999996,-0.9192859697186105,-9.0
2016-07-25,506.0,0.0,21.1,0.0,14.535071610030771,0.22500976050465335,52.75,-0.9123747579707274,11.0
2016-07-26,518.0,0.0,22.21,0.0,12.354810868526155,0.19125829642895534,55.525000000000006,-0.9051931898913975,12.0
2016-07-27,528.0,0.0,22.13,0.0,10.501589238247231,0.16256955196461204,55.324999999999996,-0.8977433935342336,10.0
2016-07-28,518.0,21.6,20.87,21.6,30.52635085251015,0.47256230163077867,52.175000000000004,-0.8900275764346766,-10.0
2016-07-29,502.0,0.0,19.29,0.0,25.947398224633627,0.4016779563861619,48.224999999999994,-0.8820480249558535,-16.0
2016-07-30,490.0,12.7,18.39,12.7,34.75528849093858,0.5380282498380942,45.975,-0.8738071036110807,-12.0
2016-07-31,475.0,0.9,19.85,0.9,30.441995217297794,0.47125643663158245,49.625,-0.8653072543632061,-15.0
2016-08-01,482.0,11.7,17.42,11.7,37.57569593470312,0.5816894866364767,43.550000000000004,-0.8565509959010037,7.0
2016-08-02,493.0,16.6,17.38,16.6,48.53934154449765,0.751411889050739,43.449999999999996,-0.8475409228928312,11.0
2016-08-03,506.0,0.3,15.95,0.3,41.558440312823,0.6433442471161955,39.875,-0.8382797052177745,13.0
2016-08-04,511.0,0.0,18.31,0.0,35.32467426589955,0.5468426100487662,45.775,-0.828770087174504,5.0
2016-08-05,520.0,0.0,23.32,0.0,30.02597312601462,0.4648162185414513,58.3,-0.8190148866680802,9.0
2016-08-06,514.0,7.0,17.7,7.0,32.52207715711243,0.5034570856318081,44.25,-0.8090169943749472,-6.0
2016-08-07,512.0,5.4,14.93,5.4,33.043765583545564,0.5115330684022515,37.325,-0.7987793728863648,-2.0
2016-08-08,498.0,0.0,18.57,0.0,28.08720074601373,0.43480310814191375,46.425,-0.7883050558305253,-14.0
2016-08-09,498.0,1.3,17.67,1.3,25.17412063411167,0.3897072547539191,44.175000000000004,-0.7775971469736268,0.0
2016-08-10,513.0,5.0,14.05,5.0,26.39800253899492,0.4086535235919559,35.125,-0.7666588193001592,15.0
2016-08-11,528.0,1.7,13.58,1.7,24.13830215814568,0.37367229645054484,33.95,-0.7554933140726804,15.0
2016-08-12,516.0,0.0,13.49,0.0,20.51755683442383,0.31762145198296315,33.725,-0.7441039398713608,-12.0
2016-08-13,501.0,1.1,15.17,1.1,18.539923309260256,0.2870067527367661,37.925,-0.7324940716135792,-15.0
2016-08-14,498.0,2.8,16.53,2.8,18.558934812871218,0.287301059774881,41.325,-0.7206671495538615,-3.0
2016-08-15,506.0,2.4,14.38,2.4,18.175094590940535,0.28135903219318864,35.95,-0.7086266782644601,8.0
2016-08-16,511.0,12.0,13.69,12.0,27.448830402299457,0.4249208342869095,34.225,-0.6963762255968726,5.0
2016-08-17,512.0,6.4,13.64,6.4,29.731505841954537,0.4602577261693126,34.1,-0.6839194216246105,1.0
2016-08-18,518.0,2.0,14.32,2.0,27.271779965661356,0.42218001006436556,35.8,-0.6712599575675315,6.0
2016-08-19,518.0,0.0,17.28,0.0,23.18101297081215,0.3588530085547107,43.2,-0.6584015846980489,0.0
2016-08-20,506.0,0.0,18.68,0.0,19.703861025190328,0.3050250572715041,46.7,-0.64534811322955,-12.0
2016-08-21,502.0,4.4,21.35,4.4,21.148281871411776,0.3273853728857681,53.375,-0.6321034111873488,-4.0
2016-08-22,513.0,31.7,17.83,31.7,49.67603959070001,0.769008510657033,44.574999999999996,-0.6186714032625032,11.0
2016-08-23,508.0,1.7,16.53,1.7,43.92463365209501,0.6799740354558605,41.325,-0.6050560696488494,-5.0
2016-08-24,511.0,1.4,17.44,1.4,38.735938604280754,0.5996505901117962,43.6,-0.5912614448635782,3.0
2016-08-25,507.0,0.0,17.49,0.0,32.92554781363864,0.5097030015950268,43.724999999999994,-0.5772916165517278,-4.0
2016-08-26,505.0,0.0,19.05,0.0,27.98671564159284,0.43324755135577275,47.625,-0.5631507242749187,-2.0
2016-08-27,507.0,0.0,21.12,0.0,23.788708295353914,0.36826041865240683,52.800000000000004,-0.5488429582847199,2.0
2016-08-28,498.0,0.0,18.86,0.0,20.220402051050826,0.31302135585454577,47.15,-0.5343725582809785,-9.0
2016-08-29,506.0,0.0,19.67,0.0,17.1873417433932,0.2660681524763639,49.175000000000004,-0.5197438121555157,8.0
2016-08-30,507.0,0.0,14.64,0.0,14.609240481884221,0.22615792960490932,36.6,-0.5049610547215202,1.0
2016-08-31,502.0,0.0,14.4,0.0,12.417854409601588,0.19223424016417293,36.0,-0.4900286664290594,-5.0
2016-09-01,498.0,0.0,17.65,0.0,10.55517624816135,0.163399104139547,44.125,-0.4749510720670502,-4.0
2016-09-02,500.0,0.0,15.94,0.0,8.971899810937147,0.13888923851861493,39.85,-0.4597327394521046,2.0
2016-09-03,506.0,1.5,15.16,1.5,9.126114839296575,0.14127655985616008,37.9,-0.44437817810461344,6.0
2016-09-04,496.0,8.0,14.57,8.0,15.757197613402088,0.24392884715953547,36.425,-0.4288919379124841,-10.0
2016-09-05,502.0,5.2,14.9,5.2,18.593617971391776,0.28783797141877476,37.25,-0.41327860778290443,6.0
2016-09-06,510.0,0.0,14.31,0.0,15.804575275683009,0.24466227570595855,35.775,-0.3975428142825566,8.0
2016-09-07,506.0,0.0,15.43,0.0,13.433888984330556,0.20796293435006474,38.575,-0.3816892202666586,-4.0
2016-09-08,514.0,0.0,16.52,0.0,11.418805636680972,0.17676849419755503,41.3,-0.3657225234972692,8.0
2016-09-09,518.0,0.0,17.66,0.0,9.705984791178826,0.15025322006792177,44.15,-0.34964745525122826,4.0
2016-09-10,522.0,0.0,18.79,0.0,8.250087072502001,0.1277152370577335,46.974999999999994,-0.33346877891818705,4.0
2016-09-11,500.0,0.0,19.17,0.0,7.012574011626701,0.10855795149907348,47.925000000000004,-0.31719128858910595,-22.0
2016-09-12,508.0,0.0,18.14,0.0,5.9606879098826955,0.09227425877421244,45.35,-0.300819807635668,8.0
2016-09-13,514.0,0.0,14.47,0.0,5.066584723400291,0.07843311995808058,36.175000000000004,-0.2843591872810036,6.0
2016-09-14,508.0,0.0,13.22,0.0,4.306597014890247,0.06666815196436848,33.050000000000004,-0.26781430516217486,-6.0
2016-09-15,498.0,0.0,13.45,0.0,3.66060746265671,0.05666792916971321,33.625,-0.25119006388481957,-10.0
2016-09-16,494.0,0.0,13.33,0.0,3.1115163432582036,0.04816773979425623,33.325,-0.23449138957041052,-4.0
2016-09-17,492.0,0.0,11.3,0.0,2.644788891769473,0.040942578825117794,28.25,-0.21772323039653224,-2.0
2016-09-18,484.0,0.0,10.61,0.0,2.248070558004052,0.03480119200135012,26.525,-0.20089055513063528,-8.0
2016-09-19,486.0,0.0,10.96,0.0,1.9108599743034442,0.029581013201147605,27.400000000000002,-0.18399835165767986,2.0
2016-09-20,492.0,0.0,11.42,0.0,1.6242309781579276,0.025143861220975467,28.55,-0.1670516255021195,6.0
2016-09-21,496.0,0.2,10.91,0.2,1.5805963314342384,0.02446837631987413,27.275,-0.15005539834465262,4.0
2016-09-22,498.0,0.0,9.46,0.0,1.3435068817191025,0.02079811987189301,23.650000000000002,-0.13301470653419636,2.0
2016-09-23,500.0,2.3,10.1,2.3,3.441980849461237,0.053283486134626384,25.25,-0.11593459959550066,2.0
2016-09-24,491.0,1.6,12.55,1.6,4.525683722042052,0.07005971747079232,31.375,-0.09882013873287211,-9.0
2016-09-25,476.0,0.0,11.06,0.0,3.846831163735744,0.05955075985017347,27.650000000000002,-0.08167639533042288,-15.0
2016-09-26,481.0,0.0,8.21,0.0,3.2698064891753824,0.05061814587264745,20.525000000000002,-0.06450844944931625,5.0
2016-09-27,490.0,0.0,8.04,0.0,2.779335515799075,0.043025423991750335,20.099999999999998,-0.04732138832243232,9.0
2016-09-28,478.0,2.6,8.86,2.6,4.962435188429214,0.07682083605957259,22.15,-0.03012030484690836,-12.0
2016-09-29,479.0,1.1,14.66,1.1,5.318069910164832,0.08232622920188412,36.65,-0.012910296075008843,1.0
2016-09-30,480.0,0.0,14.26,0.0,4.520359423640107,0.0699772948216015,35.65,0.004303538296243821,1.0
2016-10-01,482.0,0.0,12.5,0.0,3.842305510094091,0.05948070059836128,31.25,0.021516097436222233,2.0
2016-10-02,476.0,0.3,13.86,0.3,3.565959683579977,0.05520273693167456,34.65,0.03872228089217399,-6.0
2016-10-03,486.0,0.0,11.07,0.0,3.0310657310429803,0.046922326391923376,27.675,0.05591699010060302,10.0
2016-10-04,488.0,0.0,7.52,0.0,2.576405871386533,0.03988397743313486,18.799999999999997,0.07309512989807776,2.0
2016-10-05,482.0,2.2,7.05,2.2,4.389944990678553,0.06795841792065947,17.625,0.0902516100310407,-6.0
2016-10-06,486.0,1.1,7.85,1.1,4.831453242076771,0.07479317378380798,19.625,0.10738134666416306,4.0
2016-10-07,494.0,17.0,6.42,17.0,21.106735255765255,0.3267422116900605,16.05,0.12447926388678869,8.0
2016-10-08,498.0,10.2,6.0,10.2,28.140724967400466,0.4356316883208457,15.0,0.141540295217043,4.0
2016-10-09,495.0,20.4,6.8,20.4,44.31961622229039,0.6860885518413072,17.0,0.15855938510313475,-3.0
2016-10-10,506.0,0.4,6.04,0.4,38.07167378894683,0.5893674576292012,15.1,0.17553149042142777,11.0
2016-10-11,506.0,0.0,4.65,0.0,32.360922720604805,0.5009623389848209,11.625,0.19245158197082995,0.0
2016-10-12,506.0,0.0,4.63,0.0,27.506784312514082,0.42581798813709776,11.575,0.20931464596304888,0.0
2016-10-13,516.0,0.0,2.62,0.0,23.38076666563697,0.3619452899165331,6.550000000000001,0.22611568550828803,10.0
2016-10-14,518.0,0.0,-0.77,0.0,19.873651665791424,0.30765349642905315,0.0,0.2428497220959358,2.0
2016-10-15,520.0,0.0,1.4,0.0,16.89260391592271,0.26150547196469515,3.5,0.25951179706979943,2.0
2016-10-16,520.0,0.0,3.43,0.0,14.358713328534302,0.22227965116999085,8.575000000000001,0.27609697309746883,0.0
2016-10-17,516.0,0.0,2.76,0.0,12.204906329254156,0.1889377034944922,6.8999999999999995,0.2926003356333479,-4.0
2016-10-18,508.0,0.0,3.62,0.0,10.374170379866031,0.16059704797031837,9.05,0.30901699437494723,-8.0
2016-10-19,503.0,0.0,4.01,0.0,8.818044822886126,0.1365074907747706,10.024999999999999,0.3253420847119795,-5.0
2016-10-20,500.0,0.0,4.48,0.0,7.495338099453207,0.11603136715855501,11.200000000000001,0.341570769167856,-3.0
2016-10-21,497.0,3.2,2.31,3.2,9.571037384535225,0.1481641705974915,5.775,0.35769823883312546,-3.0
2016-10-22,492.0,11.3,3.22,11.3,19.435381776854943,0.3008688719434095,8.05,0.3737197147904692,-5.0
2016-10-23,496.0,0.9,4.4,0.9,17.4200745103267,0.2696709654211005,11.0,0.38963044953078774,4.0
2016-10-24,498.0,7.7,3.3,7.7,22.507063333777694,0.3484199504666673,8.25,0.4054257283599973,2.0
2016-10-25,504.0,14.6,4.39,14.6,33.731003833711036,0.5221718404859511,10.975,0.42110087079608916,6.0
2016-10-26,507.0,0.0,4.3,0.0,28.671353258654378,0.4438460644130584,10.75,0.4366512319560638,3.0
2016-10-27,499.0,0.0,2.92,0.0,24.37065026985622,0.3772691547510996,7.3,0.45207220393230374,-8.0
2016-10-28,484.0,10.4,6.48,10.4,31.115052729377787,0.4816756842047739,16.200000000000003,0.46735921715800205,-15.0
2016-10-29,484.0,1.0,6.03,1.0,27.44779481997112,0.42490480298428274,15.075000000000001,0.48250774176121763,0.0
2016-10-30,498.0,0.3,5.05,0.3,23.630625596975452,0.36581322395970783,12.625,0.4975132889071803,14.0
2016-10-31,509.0,0.5,2.85,0.5,20.586031757429133,0.3186814760708641,7.125,0.5123714121284235,11.0
2016-11-01,503.0,8.7,-0.3,8.7,26.19812699381476,0.4055593559291913,0.0,0.5270777086423724,-6.0
2016-11-02,506.0,7.7,3.18,7.7,29.968407944742545,0.4639250823985445,7.95,0.5416278206559811,3.0
2016-11-03,500.0,2.5,1.45,2.5,27.973146753031163,0.43303749856432516,3.625,0.5560174366570446,-6.0
2016-11-04,493.0,0.0,0.1,0.0,23.777174740076486,0.3680818737796763,0.25,0.5702422926917867,-7.0
2016-11-05,498.0,1.4,0.91,1.4,21.61059852906501,0.3345422526870398,2.275,0.5842981736283683,5.0
2016-11-06,500.0,13.0,0.38,13.0,31.36900874970526,0.48560704311690783,0.95,0.5981809144059159,2.0
2016-11-07,508.0,1.0,0.06,1.0,27.66365743724947,0.4282464580595966,0.15,0.6118864012687242,8.0
2016-11-08,501.0,0.0,0.09,0.0,23.51410882166205,0.3640094893506571,0.22499999999999998,0.6254105729852457,-7.0
2016-11-09,492.0,4.0,-1.45,4.0,23.98699249841274,0.3713299515889582,0.0,0.6387494220515268,-9.0
2016-11-10,478.0,1.7,-1.71,1.7,22.088943623650827,0.3419472602479968,0.0,0.6518989958787125,-14.0
2016-11-11,464.0,0.0,-2.08,0.0,18.7756020801032,0.29065517121079726,0.0,0.6648553979642867,-14.0
2016-11-12,464.0,0.0,-1.18,0.0,15.959261768087721,0.24705689552917767,0.0,0.6776147890466887,0.0
2016-11-13,484.0,0.5,-0.2,0.5,14.065372502874563,0.2177385969049135,0.0,0.690173388242972,20.0
2016-11-14,488.0,0.0,0.35,0.0,11.955566627443378,0.18507780736917648,0.875,0.7025274741691566,4.0
2016-11-15,500.0,1.6,0.31,1.6,11.762231633326872,0.1820848905201599,0.775,0.7146733860429608,12.0
2016-11-16,504.0,2.7,0.91,2.7,12.69789688832784,0.19656942974974317,2.275,0.726607524768565,4.0
2016-11-17,492.0,2.2,3.85,2.2,12.993212355078665,0.20114105238977656,9.625,0.7383263540031063,-12.0
2016-11-18,484.0,0.3,5.89,0.3,11.344230501816865,0.17561403595437755,14.725,0.749826401204568,-8.0
2016-11-19,481.0,6.6,6.33,6.6,16.242595926544332,0.2514430418687054,15.825,0.7611042586607742,-3.0
2016-11-20,488.0,4.2,6.21,4.2,18.006206537562683,0.2787445655113443,15.525,0.7721565844991641,7.0
2016-11-21,496.0,0.0,5.25,0.0,15.30527555692828,0.23693288068464263,13.125,0.7829801036770625,8.0
2016-11-22,502.0,0.0,1.53,0.0,13.009484223389038,0.20139294858194623,3.825,0.7935716089521472,6.0
2016-11-23,496.0,0.0,1.84,0.0,11.058061589880682,0.1711840062946543,4.6000000000000005,0.8039279618328208,-6.0
2016-11-24,496.0,0.0,2.74,0.0,9.39935235139858,0.14550640535045617,6.8500000000000005,0.8140460935082175,0.0
2016-11-25,500.0,0.0,1.85,0.0,7.989449498688793,0.12368044454788774,4.625,0.8239230057575536,4.0
2016-11-26,492.0,1.4,2.91,1.4,8.191032073885474,0.12680103784001948,7.275,0.8335557718385695,-8.0
2016-11-27,478.0,0.6,2.02,0.6,7.562377262802652,0.1170691650101515,5.05,0.8429415373547832,-14.0
2016-11-28,478.0,2.4,-1.99,2.4,8.828020673382253,0.1366619216431686,0.0,0.8520775211013093,0.0
2016-11-29,480.0,1.5,-4.57,1.5,9.003817572374915,0.1393833405120307,0.0,0.8609610158889945,2.0
2016-11-30,476.0,2.8,-0.09,2.8,10.453244936518677,0.16182115938385586,0.0,0.8695893893466109,-4.0
2016-12-01,478.0,0.0,0.13,0.0,8.885258196040876,0.1375479854762775,0.325,0.8779600847008883,2.0
2016-12-02,482.0,1.5,-0.78,1.5,9.052469466634744,0.14013649477017323,0.0,0.8860706215341377,4.0
2016-12-03,480.0,0.5,-2.23,0.5,8.194599046639532,0.12685625625975971,0.0,0.893918596519257,-2.0
2016-12-04,482.0,0.0,-4.71,0.0,6.9654091896436015,0.10782781782079574,0.0,0.9015016841318838,2.0
2016-12-05,486.0,4.9,1.41,4.9,10.82059781119706,0.16750795505777852,3.525,0.9088176373395028,4.0
2016-12-06,491.0,0.0,-1.09,0.0,9.1975081395175,0.14238176179911172,0.0,0.9158642882672868,5.0
2016-12-07,486.0,0.0,-3.5,0.0,7.817881918589875,0.12102449752924496,0.0,0.9226395488404875,-5.0
2016-12-08,479.0,7.1,4.52,7.1,13.745199630801395,0.21278216991245522,11.299999999999999,0.9291414114031743,-7.0
2016-12-09,484.0,0.8,6.45,0.8,12.483419686181186,0.1932492215537669,16.125,0.935367949313148,5.0
2016-12-10,486.0,5.8,2.79,5.8,16.41090673325401,0.25404857250000645,6.975,0.941317317512847,2.0
2016-12-11,495.0,10.5,-1.63,10.5,24.449270723265908,0.37848623643236723,0.0,0.946987753076075,9.0
2016-12-12,504.0,0.0,-6.3,0.0,20.781880114776023,0.32171330096751216,0.0,0.9523775757303973,9.0
2016-12-13,500.0,0.9,-2.35,0.9,18.564598097559617,0.2873887300915877,0.0,0.9574851883550389,-4.0
2016-12-14,494.0,2.5,-0.08,2.5,18.279908382925676,0.2829815991034119,0.0,0.9623090774541487,-6.0
2016-12-15,500.0,0.0,-1.35,0.0,15.537922125486824,0.24053435923790012,0.0,0.9668478136052773,6.0
2016-12-16,496.0,0.0,-0.05,0.0,13.207233806663801,0.2044542053522151,0.0,0.9711000518829505,-4.0
2016-12-17,494.0,0.0,-0.09,0.0,11.22614873566423,0.17378607454938283,0.0,0.9750645322571945,-2.0
2016-12-18,478.0,1.0,-0.14,1.0,10.542226425314595,0.1631986347772003,0.0,0.9787400799669153,-16.0
2016-12-19,478.0,2.3,2.35,2.3,11.260892461517404,0.17432392380413758,5.875,0.9821256058680006,0.0
2016-12-20,480.0,0.3,3.5,0.3,9.871758592289794,0.15281947665658444,8.75,0.9852201067560606,2.0
2016-12-21,484.0,0.0,0.82,0.0,8.390994803446324,0.12989655515809675,2.05,0.9880226656636976,4.0
2016-12-22,498.0,0.0,-0.42,0.0,7.132345582929375,0.11041207188438223,0.0,0.9905324521322227,14.0
2016-12-23,500.0,2.0,1.04,2.0,8.062493745489968,0.12481120392217475,2.6,0.9927487224577402,2.0
2016-12-24,476.0,0.6,1.43,0.6,7.453119683666473,0.11537780617998349,3.5749999999999997,0.9946708199115211,-24.0
2016-12-25,469.0,1.1,2.3,1.1,7.435151731116502,0.11509965380423338,5.75,0.9962981749346077,-7.0
2016-12-26,476.0,6.6,5.24,6.6,12.919878971449027,0.2000058170410829,13.100000000000001,0.9976303053065857,7.0
2016-12-27,488.0,8.1,1.67,8.1,19.081897125731672,0.29539676290774236,4.175,0.9986668162884759,12.0
2016-12-28,499.0,0.0,0.62,0.0,16.21961255687192,0.251087248471581,1.55,0.9994074007397048,11.0
2016-12-29,506.0,0.0,0.17,0.0,13.786670673341131,0.21342416120084381,0.42500000000000004,0.9998518392091162,7.0
2016-12-30,486.0,0.0,0.62,0.0,11.718670072339961,0.18141053702071724,1.55,1.0,-20.0
2016-12-31,484.0,0.0,0.97,0.0,9.960869561488966,0.15419895646760964,2.425,0.9998518392091162,-2.0
2017-01-01,492.0,1.3,2.28,1.3,9.766739127265621,0.1511937258307606,5.699999999999999,0.9998518392091162,8.0
2017-01-02,496.0,2.5,1.23,2.5,10.801728258175778,0.16721584548170884,3.075,0.9994074007397048,4.0
2017-01-03,497.0,0.0,-1.65,0.0,9.18146901944941,0.1421334686594525,0.0,0.998666816288476,1.0
2017-01-04,487.0,5.8,-1.38,5.8,13.604248666531998,0.21060018253983917,0.0,0.9976303053065857,-10.0
2017-01-05,487.0,0.0,-14.03,0.0,11.563611366552198,0.1790101551588633,0.0,0.9962981749346078,0.0
2017-01-06,479.0,0.0,-17.51,0.0,9.829069661569369,0.1521586318850338,0.0,0.9946708199115211,-8.0
2017-01-07,456.0,0.0,-17.88,0.0,8.354709212333963,0.12933483710227875,0.0,0.9927487224577402,-23.0
2017-01-08,466.0,0.0,-9.76,0.0,7.101502830483868,0.10993461153693691,0.0,0.9905324521322229,10.0
2017-01-09,470.0,0.0,-6.07,0.0,6.036277405911288,0.09344441980639638,0.0,0.9880226656636976,4.0
2017-01-10,472.0,0.0,-8.43,0.0,5.130835795024595,0.07942775683543693,0.0,0.9852201067560606,2.0
2017-01-11,477.0,0.0,-8.92,0.0,4.3612104257709055,0.06751359331012138,0.0,0.9821256058680006,5.0
2017-01-12,486.0,1.7,-4.4,1.7,5.407028861905269,0.08370335571098554,0.0,0.9787400799669153,9.0
2017-01-13,488.0,1.6,0.13,1.6,6.195974532619479,0.09591660661069759,0.325,0.9750645322571948,2.0
2017-01-14,469.0,3.2,-0.57,3.2,8.466578352726557,0.13106662413181272,0.0,0.9711000518829505,-19.0
2017-01-15,466.0,0.0,-1.95,0.0,7.196591599817574,0.11140663051204082,0.0,0.9668478136052775,-3.0
2017-01-16,477.0,0.0,-3.07,0.0,6.1171028598449375,0.0946956359352347,0.0,0.9623090774541486,11.0
2017-01-17,482.0,0.0,-4.04,0.0,5.1995374308681965,0.08049129054494948,0.0,0.9574851883550393,5.0
2017-01-18,492.0,0.0,-5.14,0.0,4.419606816237967,0.06841759696320705,0.0,0.9523775757303974,10.0
2017-01-19,494.0,0.8,-1.92,0.8,4.556665793802272,0.07053933454690593,0.0,0.9469877530760753,2.0
2017-01-20,492.0,0.4,1.1,0.4,4.273165924731931,0.06615062292896001,2.75,0.9413173175128471,-2.0
2017-01-21,484.0,0.0,0.94,0.0,3.632191036022141,0.05622802948961601,2.3499999999999996,0.9353679493131483,-8.0
2017-01-22,478.0,0.0,-0.59,0.0,3.0873623806188197,0.047793825066173606,0.0,0.9291414114031743,-6.0
2017-01-23,488.0,0.0,-1.19,0.0,2.624258023525997,0.04062475130624757,0.0,0.9226395488404876,10.0
2017-01-24,485.0,0.4,0.59,0.4,2.630619319997097,0.0407232271744004,1.4749999999999999,0.9158642882672872,-3.0
2017-01-25,484.0,0.2,-3.39,0.2,2.4360264219975325,0.03771083738028532,0.0,0.9088176373395029,-1.0
2017-01-26,476.0,0.5,-3.17,0.5,2.5706224586979025,0.039794447478354984,0.0,0.901501684131884,-8.0
2017-01-27,476.0,0.0,0.74,0.0,2.185029089893217,0.03382528035660174,1.85,0.893918596519257,0.0
2017-01-28,486.0,0.0,0.11,0.0,1.8572747264092344,0.028751488303111476,0.275,0.886070621534138,10.0
2017-01-29,480.0,0.0,-0.82,0.0,1.5786835174478493,0.024438765057644755,0.0,0.8779600847008882,-6.0
2017-01-30,487.0,0.0,-1.9,0.0,1.3418809898306718,0.02077295029899804,0.0,0.869589389346611,7.0
2017-01-31,488.0,0.0,-3.81,0.0,1.140598841356071,0.017657007754148333,0.0,0.8609610158889943,1.0
2017-02-01,486.0,0.0,-3.94,0.0,0.9695090151526603,0.015008456591026084,0.0,0.8520775211013093,-2.0
2017-02-02,478.0,0.0,-1.75,0.0,0.8240826628797613,0.01275718810237217,0.0,0.8429415373547828,-8.0
2017-02-03,470.0,0.0,-1.53,0.0,0.7004702634477971,0.010843609887016345,0.0,0.8335557718385699,-8.0
2017-02-04,466.0,0.0,-2.39,0.0,0.5953997239306275,0.009217068403963892,0.0,0.8239230057575542,-4.0
2017-02-05,476.0,0.0,-1.81,0.0,0.5060897653410333,0.007834508143369308,0.0,0.8140460935082178,10.0
2017-02-06,480.0,0.0,-5.75,0.0,0.4301763005398783,0.006659331921863912,0.0,0.8039279618328213,4.0
2017-02-07,478.0,0.0,-9.39,0.0,0.36564985545889656,0.005660432133584325,0.0,0.7935716089521474,-2.0
2017-02-08,470.0,0.0,-10.51,0.0,0.3108023771400621,0.004811367313546677,0.0,0.7829801036770629,-8.0
2017-02-09,466.0,0.0,-6.22,0.0,0.26418202056905277,0.004089662216514675,0.0,0.7721565844991642,-4.0
2017-02-10,466.0,0.0,-6.37,0.0,0.22455471748369485,0.0034762128840374737,0.0,0.7611042586607747,0.0
2017-02-11,470.0,0.0,-4.18,0.0,0.19087150986114063,0.0029547809514318527,0.0,0.7498264012045686,4.0
2017-02-12,468.0,0.0,-4.55,0.0,0.16224078338196954,0.0025115638087170747,0.0,0.7383263540031065,-2.0
2017-02-13,471.0,0.0,-6.18,0.0,0.1379046658746741,0.0021348292374095135,0.0,0.7266075247685656,3.0
2017-02-14,484.0,0.0,0.83,0.0,0.11721896599347298,0.0018146048517980863,2.0749999999999997,0.7146733860429609,13.0
2017-02-15,488.0,0.0,-1.36,0.0,0.09963612109445202,0.0015424141240283733,0.0,0.702527474169157,4.0
2017-02-16,478.0,0.0,-0.32,0.0,0.08469070293028422,0.0013110520054241172,0.0,0.6901733882429719,-10.0
2017-02-17,486.0,0.6,2.38,0.6,0.6719870974907416,0.010402677050745456,5.949999999999999,0.6776147890466889,8.0
2017-02-18,497.0,0.6,1.88,0.6,1.1711890328671304,0.018130558339268594,4.699999999999999,0.6648553979642865,11.0
2017-02-19,497.0,0.5,1.64,0.5,1.4955106779370608,0.02315121029349077,4.1,0.6518989958787126,0.0
2017-02-20,506.0,7.5,3.1,7.5,8.771184076246502,0.1357820643261541,7.75,0.6387494220515272,9.0
2017-02-21,505.0,1.7,3.82,1.7,9.155506464809527,0.14173155607461338,9.549999999999999,0.6254105729852463,-1.0
2017-02-22,510.0,3.6,-0.16,3.6,11.382180495088098,0.1762015197402311,0.0,0.6118864012687243,5.0
2017-02-23,513.0,2.0,2.71,2.0,11.674853420824883,0.1807322345996463,6.775,0.5981809144059164,3.0
2017-02-24,507.0,11.1,-0.53,11.1,21.02362540770115,0.325455632063196,0.0,0.5842981736283683,-6.0
2017-02-25,504.0,0.0,-0.97,0.0,17.870081596545976,0.2766372872537166,0.0,0.5702422926917871,-3.0
2017-02-26,512.0,1.5,1.54,1.5,16.68956935706408,0.2583624012809965,3.85,0.5560174366570446,8.0
2017-02-27,518.0,1.0,5.03,1.0,15.186133953504468,0.23508851249907195,12.575000000000001,0.5416278206559814,6.0
2017-02-28,510.0,0.0,5.98,0.0,12.908213860478797,0.19982523562421114,14.950000000000001,0.5270777086423722,-8.0
2017-03-01,514.0,1.4,3.83,1.4,12.371981781406978,0.19152411025489438,9.575,0.5123714121284237,4.0
2017-03-02,515.0,7.6,2.98,7.6,18.11618451419593,0.2804470764343696,7.45,0.49751328890718066,1.0
2017-03-03,523.0,3.5,2.65,3.5,18.89875683706654,0.2925616649050014,6.625,0.48250774176121847,8.0
2017-03-04,517.0,0.0,3.62,0.0,16.06394331150656,0.24867741516925124,9.05,0.46735921715800227,-6.0
2017-03-05,499.0,0.0,3.5,0.0,13.654351814780576,0.21137580289386354,8.75,0.45207220393230435,-18.0
2017-03-06,506.0,10.7,1.05,10.7,22.306199042563488,0.3453104765491907,2.625,0.43665123195606403,7.0
2017-03-07,508.0,0.0,0.46,0.0,18.960269186178966,0.29351390506681213,1.1500000000000001,0.4211008707960896,2.0
2017-03-08,510.0,0.0,1.28,0.0,16.11622880825212,0.2494868193067903,3.2,0.40542572835999735,2.0
2017-03-09,510.0,3.0,1.63,3.0,16.698794487014304,0.25850521064144655,4.074999999999999,0.38963044953078796,0.0
2017-03-10,502.0,0.5,2.05,0.5,14.693975313962158,0.22746966475034203,5.125,0.37371971479046906,-8.0
2017-03-11,494.0,0.0,3.36,0.0,12.489879016867834,0.1933492150377907,8.4,0.35769823883312546,-8.0
2017-03-12,480.0,0.0,2.47,0.0,10.616397164337657,0.1643468327821221,6.175000000000001,0.3415707691678556,-14.0
2017-03-13,477.0,0.0,2.6,0.0,9.023937589687009,0.13969480786480376,6.5,0.3253420847119801,-3.0
2017-03-14,487.0,0.0,3.59,0.0,7.670346951233957,0.1187405866850832,8.975,0.30901699437494745,10.0
2017-03-15,490.0,0.9,4.8,0.9,7.419794908548863,0.11486192295152316,12.0,0.29260033563334836,3.0
2017-03-16,499.0,0.0,4.3,0.0,6.306825672266534,0.09763263450879468,10.75,0.27609697309746883,9.0
2017-03-17,488.0,5.0,2.9,5.0,10.360801821426554,0.1603900963836001,7.25,0.2595117970697999,-11.0
2017-03-18,475.0,1.3,3.38,1.3,10.10668154821257,0.1564561947593525,8.45,0.2428497220959356,-13.0
2017-03-19,474.0,3.7,3.59,3.7,12.290679315980686,0.19026550976328188,8.975,0.22611568550828828,-1.0
2017-03-20,473.0,0.0,3.47,0.0,10.447077418583582,0.16172568329878959,8.675,0.20931464596304847,-1.0
2017-03-21,463.0,3.5,6.5,3.5,12.380015805796045,0.19164848073975838,16.25,0.19245158197082998,-10.0
2017-03-22,466.0,1.5,5.38,1.5,12.023013434926638,0.186121915744132,13.45,0.1755314904214282,3.0
2017-03-23,473.0,0.0,5.82,0.0,10.219561419687642,0.1582036283825122,14.55,0.15855938510313478,7.0
2017-03-24,492.0,0.0,5.55,0.0,8.686627206734496,0.13447308412513537,13.875,0.141540295217043,19.0
2017-03-25,501.0,7.4,1.84,7.4,14.783633125724322,0.22885760994202953,4.6000000000000005,0.12447926388678915,9.0
2017-03-26,482.0,0.0,3.83,0.0,12.566088156865673,0.1945289684507251,9.575,0.10738134666416309,-19.0
2017-03-27,481.0,0.0,7.9,0.0,10.681174933335821,0.16534962318311633,19.75,0.09025161003104117,-1.0
2017-03-28,478.0,0.0,6.48,0.0,9.078998693335448,0.14054717970564887,16.200000000000003,0.07309512989807777,-3.0
2017-03-29,484.0,0.0,2.73,0.0,7.717148889335131,0.11946510274980154,6.825,0.055916990100603484,6.0
2017-03-30,481.0,0.7,3.7,0.7,7.259576555934861,0.11238166732448875,9.25,0.03872228089217446,-3.0
2017-03-31,486.0,2.4,8.37,2.4,8.57064007254463,0.13267754861035524,20.924999999999997,0.021516097436222254,5.0
2017-04-01,482.0,2.4,13.05,2.4,9.685044061662936,0.14992904770334178,32.625,0.004303538296244289,-4.0
2017-04-02,478.0,7.3,13.65,7.3,15.532287452413495,0.24044713184248248,34.125,-0.01291029607500882,-4.0
2017-04-03,482.0,0.9,10.75,0.9,14.102444334551471,0.21831248633531256,26.875,-0.030120304846908114,4.0
2017-04-04,478.0,0.0,6.43,0.0,11.98707768436875,0.18556561338501565,16.075,-0.04732138832243185,-4.0
2017-04-05,482.0,11.0,7.73,11.0,21.189016031713436,0.3280159568897375,19.325000000000003,-0.06450844944931623,4.0
2017-04-06,489.0,0.0,5.61,0.0,18.01066362695642,0.27881356335627683,14.025,-0.08167639533042241,7.0
2017-04-07,490.0,0.0,4.81,0.0,15.309064082912956,0.2369915288528353,12.024999999999999,-0.09882013873287143,1.0
2017-04-08,491.0,0.0,6.02,0.0,13.012704470476011,0.20144279952490998,15.049999999999999,-0.11593459959550041,1.0
2017-04-09,484.0,0.0,7.35,0.0,11.060798799904608,0.17122637959617348,18.375,-0.1330147065341959,-7.0
2017-04-10,485.0,0.9,11.1,0.9,10.301678979918917,0.15947484692594988,27.75,-0.1500553983446526,1.0
2017-04-11,482.0,0.3,5.32,0.3,9.056427132931079,0.14019776131012487,13.3,-0.16705162550211924,-3.0
2017-04-12,486.0,5.1,5.14,5.1,12.797963062991418,0.1981185013057533,12.85,-0.18399835165768005,4.0
2017-04-13,482.0,0.4,5.53,0.4,11.278268603542704,0.17459291467398025,13.825000000000001,-0.20089055513063506,-4.0
2017-04-14,484.0,0.6,2.8,0.6,10.186528313011298,0.15769226031901815,7.0,-0.21772323039653177,2.0
2017-04-15,482.0,1.6,4.4,1.6,10.258549066059603,0.1588071755275253,11.0,-0.23449138957040985,-2.0
2017-04-16,486.0,13.8,0.67,13.8,22.519766706150662,0.3486166046595005,1.675,-0.25119006388481935,4.0
2017-04-17,484.0,0.0,-0.52,0.0,19.14180170022806,0.2963241139605754,0.0,-0.2678143051621742,-2.0
2017-04-18,486.0,0.0,0.95,0.0,16.270531445193853,0.25187549686648913,2.375,-0.2843591872810034,2.0
2017-04-19,487.0,0.0,1.6,0.0,13.829951728414775,0.21409417233651573,4.0,-0.30081980763566735,1.0
2017-04-20,479.0,0.0,2.99,0.0,11.755458969152558,0.18198004648603835,7.4750000000000005,-0.3171912885891061,-8.0
2017-04-21,481.0,2.0,4.55,2.0,11.992140123779674,0.18564398233358245,11.375,-0.3334687789181868,2.0
2017-04-22,480.0,1.3,5.12,1.3,11.493319105212723,0.1779219978168375,12.8,-0.3496474552512284,-1.0
2017-04-23,484.0,0.0,4.27,0.0,9.769321239430814,0.15123369814431187,10.674999999999999,-0.36572252349726897,4.0
2017-04-24,479.0,3.6,3.69,3.6,11.903923053516191,0.1842783404994748,9.225,-0.3816892202666588,-5.0
2017-04-25,480.0,9.3,7.5,9.3,19.418334595488766,0.30060497353964544,18.75,-0.39754281428255595,1.0
2017-04-26,490.0,0.0,5.37,0.0,16.50558440616545,0.2555142275086986,13.425,-0.4132786077829042,10.0
2017-04-27,478.0,0.0,6.58,0.0,14.029746745240633,0.21718709338239384,16.45,-0.4288919379124835,-12.0
2017-04-28,482.0,9.9,4.56,9.9,21.825284733454538,0.3378656963362615,11.399999999999999,-0.4443781781046132,4.0
2017-04-29,490.0,3.3,4.95,3.3,21.851492023436357,0.3382713975395646,12.375,-0.45973273945210397,8.0
2017-04-30,488.0,0.0,5.4,0.0,18.573768219920904,0.2875306879086299,13.5,-0.47495107206704995,-2.0
2017-05-01,488.0,0.0,6.44,0.0,15.787702986932768,0.2444010847223354,16.1,-0.49002866642905923,0.0
2017-05-02,485.0,0.0,9.1,0.0,13.419547538892852,0.20774092201398506,22.75,-0.5049610547215204,-3.0
2017-05-03,492.0,0.0,11.25,0.0,11.406615408058924,0.17657978371188732,28.125,-0.5197438121555155,7.0
2017-05-04,484.0,0.0,13.23,0.0,9.695623096850085,0.1500928161551042,33.075,-0.5343725582809787,-8.0
2017-05-05,484.0,0.0,14.55,0.0,8.241279632322572,0.12757889373183856,36.375,-0.548842958284719,0.0
2017-05-06,484.0,0.0,16.05,0.0,7.005087687474186,0.10844205967206277,40.125,-0.5631507242749186,0.0
2017-05-07,486.0,2.9,11.8,2.9,8.854324534353058,0.13706911781090564,29.5,-0.5772916165517272,2.0
2017-05-08,484.0,0.5,6.95,0.5,8.0261758542001,0.12424898584438226,17.375,-0.5912614448635781,-2.0
2017-05-09,484.0,3.1,2.87,3.1,9.922249476070084,0.15360109933942218,7.175000000000001,-0.6050560696488488,0.0
2017-05-10,486.0,0.0,2.77,0.0,8.43391205465957,0.13056093443850886,6.925,-0.6186714032625031,2.0
2017-05-11,484.0,0.0,4.64,0.0,7.168825246460635,0.11097679427273252,11.6,-0.6321034111873487,-2.0
2017-05-12,488.0,0.0,8.75,0.0,6.09350145949154,0.09433027513182264,21.875,-0.6453481132295501,4.0
2017-05-13,487.0,0.0,12.08,0.0,5.1794762405678085,0.08018073386204924,30.2,-0.6584015846980488,-1.0
2017-05-14,482.0,0.0,13.92,0.0,4.402554804482637,0.06815362378274185,34.8,-0.6712599575675313,-5.0
2017-05-15,481.0,0.0,14.62,0.0,3.7421715838102414,0.057930580215330575,36.55,-0.6839194216246106,-1.0
2017-05-16,482.0,0.0,12.12,0.0,3.180845846238705,0.04924099318303099,30.299999999999997,-0.6963762255968722,1.0
2017-05-17,478.0,0.0,12.89,0.0,2.703718969302899,0.041854844205576336,32.225,-0.7086266782644596,-4.0
2017-05-18,482.0,0.5,16.32,0.5,2.798161123907464,0.043316853279852345,40.8,-0.7206671495538609,4.0
2017-05-19,482.0,0.0,18.1,0.0,2.3784369553213445,0.036819325287874495,45.25,-0.7324940716135789,0.0
2017-05-20,481.0,0.0,19.79,0.0,2.0216714120231427,0.031296426494693316,49.474999999999994,-0.7441039398713607,-1.0
2017-05-21,484.0,0.0,18.52,0.0,1.7184207002196712,0.026601962520489318,46.3,-0.7554933140726803,3.0
2017-05-22,488.0,0.0,15.85,0.0,1.4606575951867204,0.02261166814241592,39.625,-0.766658819300159,4.0
2017-05-23,488.0,0.0,13.62,0.0,1.2415589559087123,0.01921991792105353,34.05,-0.777597146973627,0.0
2017-05-24,482.0,0.0,13.85,0.0,1.0553251125224055,0.0163369302328955,34.625,-0.7883050558305255,-6.0
2017-05-25,484.0,0.7,13.59,0.7,1.5970263456440446,0.024722720685118625,33.975,-0.7987793728863649,2.0
2017-05-26,482.0,1.9,12.22,1.9,3.2574723937974377,0.05042720826177819,30.55,-0.8090169943749473,-2.0
2017-05-27,489.0,0.0,14.28,0.0,2.7688515347278218,0.04286312702251146,35.699999999999996,-0.8190148866680801,7.0
2017-05-28,482.0,0.0,19.57,0.0,2.3535238045186486,0.03643365796913474,48.925,-0.8287700871745037,-7.0
2017-05-29,485.0,0.3,18.37,0.3,2.3004952338408513,0.03561275069683201,45.925000000000004,-0.8382797052177743,3.0
2017-05-30,488.0,0.0,16.5,0.0,1.9554209487647236,0.030270838092307205,41.25,-0.8475409228928311,3.0
2017-05-31,482.0,0.9,15.1,0.9,2.562107806450015,0.039662636647663556,37.75,-0.8565509959010036,-6.0
2017-06-01,482.0,4.0,11.9,4.0,6.177791635482512,0.09563512679141371,29.75,-0.865307254363206,0.0
2017-06-02,486.0,0.0,9.96,0.0,5.2511228901601354,0.08128985777270166,24.900000000000002,-0.8738071036110808,4.0
2017-06-03,486.0,0.0,10.52,0.0,4.463454456636115,0.06909637910679642,26.299999999999997,-0.8820480249558537,0.0
2017-06-04,488.0,0.3,14.97,0.3,4.093936288140698,0.06337606366384443,37.425000000000004,-0.8900275764346767,2.0
2017-06-05,488.0,1.0,13.46,1.0,4.479845844919593,0.0693501255244927,33.650000000000006,-0.8977433935342337,0.0
2017-06-06,490.0,0.0,16.32,0.0,3.807868968181654,0.058947606695818784,40.8,-0.9051931898913974,2.0
2017-06-07,480.0,1.8,15.31,1.8,5.036688622954406,0.07797031422985085,38.275,-0.9123747579707273,-10.0
2017-06-08,490.0,0.0,15.05,0.0,4.281185329511245,0.06627476709537321,37.625,-0.9192859697186104,10.0
2017-06-09,485.0,0.0,15.5,0.0,3.639007530084558,0.05633355203106723,38.75,-0.9259247771938498,-5.0
2017-06-10,491.0,0.0,18.44,0.0,3.0931564005718744,0.04788351922640714,46.1,-0.9322892131745133,6.0
2017-06-11,488.0,3.1,15.57,3.1,5.729182940486093,0.08869045271414334,38.925,-0.9383773917408641,-3.0
2017-06-12,482.0,6.1,14.63,6.1,10.969805499413178,0.1698177604093939,36.575,-0.9441875088341993,-6.0
2017-06-13,484.0,7.4,12.96,7.4,16.7243346745012,0.25890058478364925,32.400000000000006,-0.9497178427914316,2.0
2017-06-14,484.0,0.0,13.7,0.0,14.21568447332602,0.22006549706610185,34.25,-0.9549667548552551,0.0
2017-06-15,488.0,1.8,14.64,1.8,13.883331802327117,0.21492052104459144,36.6,-0.9599326896597447,4.0
2017-06-16,488.0,1.3,15.59,1.3,13.10083203197805,0.20280705572119512,38.975,-0.9646141756912435,0.0
2017-06-17,484.0,0.0,18.09,0.0,11.135707227181342,0.17238599736301585,45.225,-0.9690098257244062,-4.0
2017-06-18,494.0,0.0,18.05,0.0,9.46535114310414,0.14652809775856346,45.125,-0.9731183372332619,10.0
2017-06-19,486.0,0.0,19.3,0.0,8.045548471638519,0.12454888309477895,48.25,-0.9769384927771817,-8.0
2017-06-20,492.0,0.0,18.7,0.0,6.8387162008927405,0.10586655063056209,46.75,-0.980469160361632,6.0
2017-06-21,485.0,1.1,14.76,1.1,6.912908770758829,0.1070150865872252,36.9,-0.9837092937736097,-7.0
2017-06-22,490.0,0.2,14.67,0.2,6.0759724551450045,0.0940589178811864,36.675,-0.986657932891657,5.0
2017-06-23,480.0,0.0,16.41,0.0,5.164576586873253,0.07995008019900843,41.025,-0.9893142039703663,-10.0
2017-06-24,484.0,9.9,15.08,9.9,14.289890098842266,0.22121423513038393,37.7,-0.99167731989929,4.0
2017-06-25,485.0,3.8,16.65,3.8,15.946406584015925,0.24685789121968107,41.625,-0.993746580436178,1.0
2017-06-26,486.0,4.4,14.78,4.4,17.954445596413535,0.27794328174171856,36.949999999999996,-0.9955213724144752,1.0
2017-06-27,488.0,0.0,14.49,0.0,15.261278756951505,0.23625178948046077,36.225,-0.9970011699250151,2.0
2017-06-28,483.0,0.0,16.88,0.0,12.97208694340878,0.20081402105839166,42.199999999999996,-0.9981855344718586,-5.0
2017-06-29,489.0,26.3,18.45,26.3,37.326273901897466,0.5778283159885486,46.125,-0.99907411510223,6.0
2017-06-30,482.0,9.9,16.88,9.9,41.62733281661284,0.644410735551493,42.199999999999996,-0.9996666485105112,-7.0
2017-07-01,481.0,2.0,15.66,2.0,37.383232894120916,0.5787100680392189,39.15,-0.9999629591162655,-1.0
2017-07-02,486.0,2.9,14.44,2.9,34.67574796000278,0.5367969249229884,36.1,-0.9999629591162655,5.0
2017-07-03,493.0,0.0,14.14,0.0,29.474385766002364,0.4562773861845401,35.35,-0.9996666485105112,7.0
2017-07-04,494.0,5.6,12.77,5.6,30.653227901102007,0.47452641815411867,31.924999999999997,-0.99907411510223,1.0
2017-07-05,496.0,6.1,13.5,6.1,32.155243715936706,0.49777833103337293,33.75,-0.9981855344718586,2.0
2017-07-06,502.0,4.9,13.21,4.9,32.2319571585462,0.49896589128846913,33.025000000000006,-0.9970011699250151,6.0
2017-07-07,503.0,0.0,14.8,0.0,27.39716358476427,0.4241210075951988,37.0,-0.9955213724144752,1.0
2017-07-08,504.0,7.6,16.27,7.6,30.88758904704963,0.4781544391736284,40.675,-0.9937465804361781,1.0
2017-07-09,496.0,4.3,16.74,4.3,30.554450689992187,0.47299730036155135,41.849999999999994,-0.99167731989929,-8.0
2017-07-10,494.0,0.0,17.58,0.0,25.971283086493358,0.40204770530731865,43.949999999999996,-0.9893142039703664,-2.0
2017-07-11,498.0,14.9,19.58,14.9,36.97559062351935,0.5723995735235722,48.949999999999996,-0.9866579328916572,4.0
2017-07-12,506.0,1.1,17.7,1.1,32.52925202999145,0.5035681560462838,44.25,-0.9837092937736098,8.0
2017-07-13,502.0,13.2,14.8,13.2,40.84986422549272,0.6323751552543101,37.0,-0.9804691603616321,-4.0
2017-07-14,514.0,0.0,15.34,0.0,34.72238459166881,0.5375188819661636,38.35,-0.9769384927771817,12.0
2017-07-15,514.0,0.0,16.26,0.0,29.51402690291849,0.45689104967123906,40.650000000000006,-0.973118337233262,0.0
2017-07-16,504.0,0.0,16.52,0.0,25.086922867480716,0.38835739222055315,41.3,-0.9690098257244063,-10.0
2017-07-17,504.0,0.9,14.59,0.9,22.223884437358606,0.3440362076566726,36.475,-0.9646141756912435,0.0
2017-07-18,508.0,0.0,15.38,0.0,18.890301771754814,0.2924307765081717,38.45,-0.9599326896597445,4.0
2017-07-19,510.0,0.0,17.15,0.0,16.05675650599159,0.2485661600319459,42.875,-0.9549667548552553,2.0
2017-07-20,514.0,0.0,16.72,0.0,13.648243030092852,0.211281236027154,41.8,-0.9497178427914317,4.0
2017-07-21,518.0,0.4,16.16,0.4,12.001006575578923,0.18578123918717088,40.4,-0.9441875088341994,4.0
2017-07-22,514.0,0.0,18.48,0.0,10.200855589242085,0.15791405330909525,46.2,-0.9383773917408642,-4.0
2017-07-23,495.0,0.0,19.48,0.0,8.670727250855773,0.13422694531273097,48.7,-0.9322892131745134,-19.0
2017-07-24,520.0,8.3,18.03,8.3,15.670118163227407,0.24258081622068822,45.075,-0.9259247771938499,25.0
2017-07-25,517.0,0.0,18.62,0.0,13.319600438743295,0.20619369378758498,46.550000000000004,-0.9192859697186105,-3.0
2017-07-26,498.0,4.9,18.26,4.9,16.2216603729318,0.2511189496295494,45.650000000000006,-0.9123747579707274,-19.0
2017-07-27,502.0,0.0,18.83,0.0,13.78841131699203,0.21345110718511695,47.074999999999996,-0.9051931898913975,4.0
2017-07-28,505.0,0.0,18.44,0.0,11.720149619443227,0.18143344110734944,46.1,-0.8977433935342336,3.0
2017-07-29,500.0,0.0,18.63,0.0,9.962127176526742,0.15421842494124702,46.574999999999996,-0.8900275764346766,-5.0
2017-07-30,496.0,0.0,20.18,0.0,8.46780810004773,0.13108566120005993,50.45,-0.8820480249558535,-4.0
2017-07-31,496.0,0.0,20.75,0.0,7.19763688504057,0.11142281202005094,51.875,-0.8738071036110807,0.0
2017-08-01,500.0,2.0,20.55,2.0,8.117991352284484,0.12567033303749314,51.375,-0.8653072543632061,4.0
2017-08-02,515.0,2.6,22.03,2.6,9.500292649441812,0.147069008748454,55.075,-0.8565509959010037,15.0
2017-08-03,514.0,1.7,18.93,1.7,9.77524875202554,0.15132545883356827,47.325,-0.8475409228928312,-1.0
2017-08-04,509.0,0.0,20.26,0.0,8.308961439221708,0.12862664000853302,50.650000000000006,-0.8382797052177745,-5.0
2017-08-05,506.0,0.0,18.7,0.0,7.062617223338451,0.10933264400725305,46.75,-0.828770087174504,-3.0
2017-08-06,492.0,0.0,17.32,0.0,6.003224639837684,0.0929327474061651,43.3,-0.8190148866680802,-14.0
2017-08-07,502.0,0.0,16.16,0.0,5.102740943862031,0.07899283529524033,40.4,-0.8090169943749472,10.0
2017-08-08,502.0,0.0,16.21,0.0,4.337329802282726,0.06714391000095428,40.525000000000006,-0.7987793728863648,0.0
2017-08-09,500.0,0.0,19.07,0.0,3.686730331940317,0.05707232350081113,47.675,-0.7883050558305253,-2.0
2017-08-10,499.0,0.5,19.58,0.5,3.633720782149269,0.05625171068080192,48.949999999999996,-0.7775971469736268,-1.0
2017-08-11,501.0,0.3,20.96,0.3,3.3886626648268785,0.052458095501749104,52.400000000000006,-0.7666588193001592,2.0
2017-08-12,486.0,3.9,24.05,3.9,6.780363265102847,0.10496321967636395,60.125,-0.7554933140726804,-15.0
2017-08-13,481.0,0.0,17.06,0.0,5.7633087753374195,0.08921873672490936,42.65,-0.7441039398713608,-5.0
2017-08-14,486.0,0.0,16.47,0.0,4.898812459036806,0.07583592621617295,41.175,-0.7324940716135792,5.0
2017-08-15,496.0,0.0,17.38,0.0,4.163990590181285,0.06446053728374701,43.449999999999996,-0.7206671495538615,10.0
2017-08-16,500.0,0.0,19.97,0.0,3.5393920016540923,0.05479145669118495,49.925,-0.7086266782644601,4.0
2017-08-17,499.0,0.0,18.2,0.0,3.0084832014059786,0.046572738187507214,45.5,-0.6963762255968726,-1.0
2017-08-18,488.0,0.0,20.46,0.0,2.557210721195082,0.03958682745938113,51.150000000000006,-0.6839194216246105,-11.0
2017-08-19,494.0,1.2,21.26,1.2,3.373629113015819,0.052225369032743864,53.150000000000006,-0.6712599575675315,6.0
2017-08-20,473.0,22.7,15.76,22.7,25.567584746063446,0.3957982646899381,39.4,-0.6584015846980489,-21.0
2017-08-21,478.0,3.2,14.67,3.2,24.932447034153927,0.38596603349916714,36.675,-0.64534811322955,5.0
2017-08-22,484.0,0.0,14.49,0.0,21.19257997903084,0.3280711284742921,36.225,-0.6321034111873488,6.0
2017-08-23,490.0,0.2,14.0,0.2,18.213692982176212,0.2819565534851932,35.0,-0.6186714032625032,6.0
2017-08-24,490.0,0.0,14.48,0.0,15.48163903484978,0.23966307046241425,36.2,-0.6050560696488494,0.0
2017-08-25,502.0,0.8,14.21,0.8,13.959393179622312,0.21609798702123204,35.525000000000006,-0.5912614448635782,12.0
2017-08-26,500.0,2.0,16.16,2.0,13.865484202678966,0.2146442317884971,40.4,-0.5772916165517278,-2.0
2017-08-27,500.0,13.2,13.67,13.2,24.98566157227712,0.38678981963519155,34.175,-0.5631507242749187,0.0
2017-08-28,503.0,0.7,13.54,0.7,21.937812336435552,0.33960767667707026,33.849999999999994,-0.5488429582847199,3.0
2017-08-29,504.0,0.0,12.31,0.0,18.64714048597022,0.2886665251755097,30.775000000000002,-0.5343725582809785,1.0
2017-08-30,508.0,0.0,14.99,0.0,15.850069413074685,0.24536654639918326,37.475,-0.5197438121555157,4.0
2017-08-31,506.0,0.0,17.09,0.0,13.472559001113481,0.20856156443930574,42.725,-0.5049610547215202,-2.0
2017-09-01,508.0,14.3,16.1,14.3,25.75167515094646,0.39864807093962634,40.25,-0.4900286664290594,2.0
2017-09-02,504.0,2.9,16.09,2.9,24.78892387830449,0.3837442273883347,40.225,-0.4749510720670502,-4.0
2017-09-03,504.0,3.4,14.63,3.4,24.470585296558816,0.37881619607484923,36.575,-0.4597327394521046,0.0
2017-09-04,514.0,4.5,17.06,4.5,25.299997502074994,0.391655888009634,42.65,-0.44437817810461344,10.0
2017-09-05,512.0,0.0,13.35,0.0,21.504997876763746,0.3329075048081889,33.375,-0.4288919379124841,-2.0
2017-09-06,509.0,0.0,9.67,0.0,18.279248195249185,0.2829713790869606,24.175,-0.41327860778290443,-3.0
2017-09-07,506.0,0.0,9.48,0.0,15.537360965961806,0.2405256722239165,23.700000000000003,-0.3975428142825566,-3.0
2017-09-08,516.0,0.0,12.14,0.0,13.206756821067534,0.204446821390329,30.35,-0.3816892202666586,10.0
2017-09-09,510.0,0.0,15.6,0.0,11.225743297907403,0.17377979818177963,39.0,-0.3657225234972692,-6.0
2017-09-10,504.0,0.0,17.0,0.0,9.541881803221292,0.1477128284545127,42.5,-0.34964745525122826,-6.0
2017-09-11,499.0,3.2,16.74,3.2,11.310599532738099,0.17509341269905557,41.849999999999994,-0.33346877891818705,-5.0
2017-09-12,494.0,6.7,16.05,6.7,16.314009602827383,0.2525485592427042,40.125,-0.31719128858910595,-5.0
2017-09-13,512.0,1.5,14.79,1.5,15.366908162403275,0.23788698247163598,36.974999999999994,-0.300819807635668,18.0
2017-09-14,510.0,0.0,13.7,0.0,13.061871938042783,0.20220393510089055,34.25,-0.2843591872810036,-2.0
2017-09-15,506.0,0.0,12.1,0.0,11.102591147336366,0.17187334483575697,30.25,-0.26781430516217486,-4.0
2017-09-16,497.0,0.2,13.27,0.2,9.63720247523591,0.1491884373924384,33.175,-0.25119006388481957,-9.0
2017-09-17,503.0,7.1,13.03,7.1,15.291622103950523,0.23672151879616962,32.574999999999996,-0.23449138957041052,6.0
2017-09-18,511.0,23.3,12.54,23.3,36.29787878835795,0.5619082748349851,31.349999999999998,-0.21772323039653224,8.0
2017-09-19,499.0,0.5,11.6,0.5,31.353196970104257,0.48536226931484977,29.0,-0.20089055513063528,-12.0
2017-09-20,508.0,0.5,11.12,0.5,27.150217424588618,0.4202981646227347,27.799999999999997,-0.18399835165767986,9.0
2017-09-21,511.0,19.0,11.65,19.0,42.07768481090032,0.6513823967235981,29.125,-0.1670516255021195,3.0
2017-09-22,508.0,0.0,14.69,0.0,35.76603208926527,0.5536750372150584,36.725,-0.15005539834465262,-3.0
2017-09-23,518.0,0.0,14.31,0.0,30.40112727587548,0.4706237816327996,35.775,-0.13301470653419636,10.0
2017-09-24,514.0,0.0,14.55,0.0,25.84095818449416,0.40003021438787967,36.375,-0.11593459959550066,-4.0
2017-09-25,510.0,0.0,14.16,0.0,21.964814456820033,0.3400256822296977,35.4,-0.09882013873287211,-4.0
2017-09-26,519.0,0.0,13.61,0.0,18.670092288297027,0.289021829895243,34.025,-0.08167639533042288,9.0
2017-09-27,507.0,0.0,12.24,0.0,15.869578445052474,0.24566855541095656,30.6,-0.06450844944931625,-12.0
2017-09-28,488.0,0.0,10.99,0.0,13.489141678294603,0.20881827209931308,27.475,-0.04732138832243232,-19.0
2017-09-29,480.0,0.0,9.46,0.0,11.465770426550412,0.1774955312844161,23.650000000000002,-0.03012030484690836,-8.0
2017-09-30,490.0,0.0,7.98,0.0,9.74590486256785,0.15087120159175368,19.950000000000003,-0.012910296075008843,10.0
2017-10-01,494.0,0.0,7.12,0.0,8.284019133182673,0.12824052135299063,17.8,0.004303538296243821,4.0
2017-10-02,496.0,0.0,7.8,0.0,7.041416263205272,0.10900444315004204,19.5,0.021516097436222233,2.0
2017-10-03,492.0,10.3,9.03,10.3,16.28520382372448,0.25210263220285245,22.575,0.03872228089217399,-4.0
2017-10-04,491.0,0.5,10.29,0.5,14.342423250165808,0.22202747307753706,25.724999999999998,0.05591699010060302,-1.0
2017-10-05,495.0,12.5,8.18,12.5,24.691059762640936,0.38222924474371806,20.45,0.07309512989807776,4.0
2017-10-06,482.0,3.5,8.74,3.5,24.487400798244796,0.3790765079679476,21.85,0.0902516100310407,-13.0
2017-10-07,480.0,0.0,9.12,0.0,20.814290678508076,0.32221503177275546,22.799999999999997,0.10738134666416306,-2.0
2017-10-08,490.0,8.5,7.5,8.5,26.192147076731864,0.405466783993754,18.75,0.12447926388678869,10.0
2017-10-09,504.0,2.1,5.82,2.1,24.363325015222085,0.3771557563561633,14.55,0.141540295217043,14.0
2017-10-10,494.0,3.2,7.48,3.2,23.90882626293877,0.37011990141545853,18.700000000000003,0.15855938510313475,-10.0
2017-10-11,498.0,6.3,9.26,6.3,26.622502323497955,0.41212888608755677,23.15,0.17553149042142777,4.0
2017-10-12,496.0,8.5,10.97,8.5,31.12912697497326,0.4818935601613351,27.425,0.19245158197082995,-2.0
2017-10-13,511.0,0.0,9.48,0.0,26.45975792872727,0.40960952613713486,23.700000000000003,0.20931464596304888,15.0
2017-10-14,500.0,6.2,10.27,6.2,28.690794239418178,0.44414701995995914,25.674999999999997,0.22611568550828803,-11.0
2017-10-15,494.0,0.0,12.06,0.0,24.387175103505452,0.37752496696596527,30.150000000000002,0.2428497220959358,-6.0
2017-10-16,505.0,0.0,13.06,0.0,20.729098837979635,0.3208962219210705,32.65,0.25951179706979943,11.0
2017-10-17,507.0,0.0,13.3,0.0,17.619734012282688,0.2727617886329099,33.25,0.27609697309746883,2.0
2017-10-18,496.0,0.0,12.33,0.0,14.976773910440285,0.2318475203379734,30.825,0.2926003356333479,-11.0
2017-10-19,486.0,0.0,8.46,0.0,12.730257823874242,0.19707039228727738,21.150000000000002,0.30901699437494723,-10.0
2017-10-20,482.0,0.0,6.27,0.0,10.820719150293105,0.16750983344418577,15.674999999999999,0.3253420847119795,-4.0
2017-10-21,476.0,5.0,5.69,5.0,14.19761127774914,0.21978571547868256,14.225000000000001,0.341570769167856,-6.0
2017-10-22,474.0,0.0,2.48,0.0,12.067969586086768,0.18681785815688015,6.2,0.35769823883312546,-2.0
2017-10-23,489.0,0.5,2.2,0.5,10.757774148173752,0.16653541513846057,5.5,0.3737197147904692,15.0
2017-10-24,492.0,0.0,2.02,0.0,9.14410802594769,0.1415551028676915,5.05,0.38963044953078774,3.0
2017-10-25,487.0,13.3,2.46,13.3,21.072491822055536,0.3262121071935293,6.15,0.4054257283599973,-5.0
2017-10-26,499.0,8.6,9.23,8.6,26.511618048747202,0.4104123452424342,23.075000000000003,0.42110087079608916,12.0
2017-10-27,512.0,7.6,6.22,7.6,30.13487534143512,0.4665020761737785,15.549999999999999,0.4366512319560638,13.0
2017-10-28,512.0,8.6,5.34,8.6,34.21464404021985,0.5296588188756461,13.35,0.45207220393230374,0.0
2017-10-29,509.0,5.6,5.3,5.6,34.68244743418688,0.5369006359415588,13.25,0.46735921715800205,-3.0
2017-10-30,512.0,0.0,3.47,0.0,29.480080319058843,0.45636554055032497,8.675,0.48250774176121763,3.0
2017-10-31,518.0,0.0,2.28,0.0,25.058068271200014,0.38791070946777617,5.699999999999999,0.4975132889071803,6.0
2017-11-01,512.0,3.9,5.72,3.9,25.19935803052001,0.39009794154748695,14.299999999999999,0.5123714121284235,-6.0
2017-11-02,493.0,6.3,9.11,6.3,27.71945432594201,0.42911022019978096,22.775,0.5270777086423724,-19.0
2017-11-03,503.0,0.0,7.68,0.0,23.56153617705071,0.3647436871698138,19.2,0.5416278206559811,10.0
2017-11-04,514.0,0.0,6.52,0.0,20.027305750493102,0.3100321340943417,16.299999999999997,0.5560174366570446,11.0
2017-11-05,506.0,0.0,5.78,0.0,17.023209887919137,0.26352731398019047,14.450000000000001,0.5702422926917867,-8.0
2017-11-06,514.0,0.0,5.92,0.0,14.469728404731265,0.22399821688316188,14.8,0.5842981736283683,8.0
2017-11-07,507.0,0.0,5.75,0.0,12.299269144021576,0.19039848435068762,14.375,0.5981809144059159,-7.0
2017-11-08,498.0,0.0,5.89,0.0,10.45437877241834,0.16183871169808448,14.725,0.6118864012687242,-9.0
2017-11-09,488.0,0.0,3.16,0.0,8.886221956555588,0.13756290494337178,7.9,0.6254105729852457,-10.0
2017-11-10,489.0,2.6,5.08,2.6,10.15328866307225,0.15717769486845082,12.7,0.6387494220515268,1.0
2017-11-11,492.0,7.6,4.44,7.6,16.23029536361141,0.25125262335589266,11.100000000000001,0.6518989958787125,3.0
2017-11-12,489.0,0.0,3.82,0.0,13.7957510590697,0.21356472985250874,9.549999999999999,0.6648553979642867,-3.0
2017-11-13,498.0,0.0,1.7,0.0,11.726388400209244,0.18153002037463242,4.25,0.6776147890466887,9.0
2017-11-14,495.0,1.7,1.81,1.7,11.667430140177856,0.1806173187158199,4.525,0.690173388242972,-3.0
2017-11-15,488.0,3.5,4.9,3.5,13.417315619151177,0.20770637084423416,12.25,0.7025274741691566,-7.0
2017-11-16,484.0,0.5,4.94,0.5,11.9047182762785,0.1842906509227115,12.350000000000001,0.7146733860429608,-4.0
2017-11-17,483.0,0.5,4.0,0.5,10.619010534836724,0.1643872889894172,10.0,0.726607524768565,-1.0
2017-11-18,484.0,0.0,2.45,0.0,9.026158954611216,0.13972919564100464,6.125,0.7383263540031063,1.0
2017-11-19,489.0,1.4,2.62,1.4,9.072235111419532,0.14044247626916884,6.550000000000001,0.749826401204568,5.0
2017-11-20,509.0,1.1,2.37,1.1,8.811399844706603,0.13640462338004092,5.925000000000001,0.7611042586607742,20.0
2017-11-21,504.0,0.0,1.38,0.0,7.489689868000612,0.11594392987303478,3.4499999999999997,0.7721565844991641,-5.0
2017-11-22,512.0,0.0,-0.56,0.0,6.36623638780052,0.09855234039207957,0.0,0.7829801036770625,8.0
2017-11-23,502.0,0.4,1.78,0.4,5.811300929630442,0.0899616778973576,4.45,0.7935716089521472,-10.0
2017-11-24,496.0,1.5,4.54,1.5,6.439605790185876,0.09968813332809136,11.35,0.8039279618328208,-6.0
2017-11-25,489.0,0.9,6.14,0.9,6.373664921657995,0.0986673375980801,15.35,0.8140460935082175,-7.0
2017-11-26,476.0,2.0,4.49,2.0,7.417615183409295,0.11482817977881793,11.225000000000001,0.8239230057575536,-13.0
2017-11-27,482.0,0.0,1.68,0.0,6.304972905897901,0.09760395281199523,4.2,0.8335557718385695,6.0
2017-11-28,492.0,1.5,0.96,1.5,6.859226970013216,0.10618406700553334,2.4,0.8429415373547832,10.0
2017-11-29,497.0,3.5,1.03,3.5,9.330342924511234,0.14443810689049058,2.575,0.8520775211013093,5.0
2017-11-30,494.0,10.0,0.69,10.0,17.930791485834547,0.27757710495916627,1.7249999999999999,0.8609610158889945,-3.0
2017-12-01,482.0,4.6,0.42,4.6,19.841172762959363,0.30715070770232594,1.05,0.8695893893466109,-12.0
2017-12-02,482.0,0.0,1.69,0.0,16.86499684851546,0.2610781015469771,4.225,0.8779600847008883,0.0
2017-12-03,478.0,0.0,-1.05,0.0,14.33524732123814,0.22191638631493052,0.0,0.8860706215341377,-4.0
2017-12-04,478.0,0.0,-0.73,0.0,12.18496022305242,0.18862892836769093,0.0,0.893918596519257,0.0
2017-12-05,496.0,1.7,0.6,1.7,12.057216189594556,0.18665139050991963,1.5,0.9015016841318838,18.0
2017-12-06,500.0,0.6,1.57,0.6,10.848633761155371,0.16794196477956663,3.9250000000000003,0.9088176373395028,4.0
2017-12-07,509.0,11.6,3.53,11.6,20.821338696982068,0.3223241384212408,8.825,0.9158642882672868,9.0
2017-12-08,503.0,2.1,2.78,2.1,19.79813789243476,0.30648450761952706,6.949999999999999,0.9226395488404875,-6.0
2017-12-09,504.0,0.0,0.62,0.0,16.828417208569544,0.260511831476598,1.55,0.9291414114031743,1.0
2017-12-10,504.0,0.0,-0.65,0.0,14.304154627284111,0.22143505675510827,0.0,0.935367949313148,0.0
2017-12-11,514.0,1.3,-0.12,1.3,13.458531433191496,0.20834441107513446,0.0,0.941317317512847,10.0
2017-12-12,510.0,0.0,4.42,0.0,11.43975171821277,0.17709274941386427,11.05,0.946987753076075,-4.0
2017-12-13,511.0,0.0,1.0,0.0,9.723788960480855,0.15052883700178463,2.5,0.9523775757303973,1.0
2017-12-14,504.0,4.2,-0.63,4.2,12.465220616408725,0.19296749137446162,0.0,0.9574851883550389,-7.0
2017-12-15,510.0,2.1,0.51,2.1,12.695437523947415,0.1965313576297647,1.275,0.9623090774541487,6.0
2017-12-16,508.0,0.0,-1.32,0.0,10.791121895355303,0.1670516539853,0.0,0.9668478136052773,-2.0
2017-12-17,483.0,0.0,0.04,0.0,9.172453611052008,0.141993905887505,0.1,0.9711000518829505,-25.0
2017-12-18,478.0,0.0,-1.1,0.0,7.796585569394207,0.12069482000437926,0.0,0.9750645322571945,-5.0
2017-12-19,476.0,0.3,-0.61,0.3,6.927097733985075,0.10723473842678984,0.0,0.9787400799669153,-2.0
2017-12-20,469.0,0.6,-0.71,0.6,6.488033073887314,0.10043781050890631,0.0,0.9821256058680006,-7.0
2017-12-21,463.0,5.1,-1.02,5.1,10.614828112804215,0.16432254312471747,0.0,0.9852201067560606,-6.0
2017-12-22,464.0,0.9,0.81,0.9,9.922603895883583,0.15360658592521229,2.0250000000000004,0.9880226656636976,1.0
2017-12-23,457.0,7.2,0.54,7.2,15.634213311501046,0.24202499219004991,1.35,0.9905324521322227,-7.0
2017-12-24,458.0,4.7,4.14,4.7,17.989081314775888,0.2784794589895996,10.35,0.9927487224577402,1.0
2017-12-25,488.0,5.9,4.88,5.9,21.190719117559503,0.32804232146148665,12.2,0.9946708199115211,30.0
2017-12-26,510.0,0.3,4.2,0.3,18.31211124992558,0.2834801146653312,10.5,0.9962981749346077,22.0
2017-12-27,511.0,0.0,1.75,0.0,15.565294562436742,0.2409580974655315,4.375,0.9976303053065857,1.0
2017-12-28,508.0,0.0,3.55,0.0,13.23050037807123,0.20481438284570178,8.875,0.9986668162884759,-3.0
2017-12-29,499.0,15.1,2.39,15.1,26.345925321360546,0.4078473437132429,5.9750000000000005,0.9994074007397048,-9.0
2017-12-30,499.0,0.0,0.62,0.0,22.394036523156466,0.34667024215625647,1.55,0.9998518392091162,0.0
2017-12-31,499.0,0.6,0.07,0.6,19.634931044682997,0.30395798867895296,0.17500000000000002,1.0,0.0
2018-01-01,497.0,3.4,5.05,3.4,20.089691387980544,0.31099789317187476,12.625,0.9998518392091162,-2.0
2018-01-02,501.0,0.0,1.83,0.0,17.07623767978346,0.2643482091960935,4.575,0.9994074007397048,4.0
2018-01-03,495.0,0.0,2.68,0.0,14.514802027815941,0.22469597781667947,6.7,0.998666816288476,-6.0
2018-01-04,482.0,0.3,3.54,0.3,12.63758172364355,0.195635722567245,8.85,0.9976303053065857,-13.0
2018-01-05,467.0,3.7,3.93,3.7,14.441944465097016,0.22356810839999047,9.825000000000001,0.9962981749346078,-15.0
2018-01-06,468.0,0.6,4.07,0.6,12.875652795332464,0.19932117498612686,10.175,0.9946708199115211,1.0
2018-01-07,478.0,0.9,-0.56,0.9,11.844304876032593,0.18335542300741026,0.0,0.9927487224577402,10.0
2018-01-08,496.0,0.0,-0.82,0.0,10.067659144627704,0.15585210955629872,0.0,0.9905324521322229,18.0
2018-01-09,504.0,0.0,-0.93,0.0,8.557510272933548,0.13247429312285391,0.0,0.9880226656636976,8.0
2018-01-10,512.0,0.0,-4.48,0.0,7.273883731993516,0.11260314915442582,0.0,0.9852201067560606,8.0
2018-01-11,509.0,0.0,-4.87,0.0,6.182801172194488,0.09571267678126194,0.0,0.9821256058680006,-3.0
2018-01-12,495.0,0.0,-2.07,0.0,5.255380996365315,0.08135577526407266,0.0,0.9787400799669153,-14.0
2018-01-13,490.0,0.0,-5.45,0.0,4.467073846910518,0.06915240897446175,0.0,0.9750645322571948,-5.0
2018-01-14,489.0,0.0,-7.33,0.0,3.79701276987394,0.05877954762829249,0.0,0.9711000518829505,-1.0
2018-01-15,479.0,0.0,-8.39,0.0,3.227460854392849,0.049962615484048616,0.0,0.9668478136052775,-10.0
2018-01-16,469.0,0.0,-7.86,0.0,2.7433417262339215,0.04246822316144132,0.0,0.9623090774541486,-10.0
2018-01-17,454.0,6.2,-6.28,6.2,8.531840467298833,0.13207691243061967,0.0,0.9574851883550393,-15.0
2018-01-18,473.0,0.8,-1.68,0.8,8.052064397204008,0.12464975269420665,0.0,0.9523775757303974,19.0
2018-01-19,484.0,7.8,-1.95,7.8,14.644254737623406,0.22669996678983007,0.0,0.9469877530760753,11.0
2018-01-20,503.0,3.0,-3.15,3.0,15.447616526979894,0.23913638600203033,0.0,0.9413173175128471,19.0
2018-01-21,504.0,0.0,-3.58,0.0,13.13047404793291,0.20326592810172578,0.0,0.9353679493131483,1.0
2018-01-22,497.0,0.0,-8.6,0.0,11.160902940742973,0.17277603888646692,0.0,0.9291414114031743,-7.0
2018-01-23,480.0,0.0,-9.61,0.0,9.486767499631528,0.1468596330534969,0.0,0.9226395488404876,-17.0
2018-01-24,479.0,1.8,-4.21,1.8,9.863752374686799,0.15269553663387722,0.0,0.9158642882672872,-1.0
2018-01-25,475.0,0.4,1.99,0.4,8.78418951848378,0.13598339470288562,4.975,0.9088176373395029,-4.0
2018-01-26,482.0,5.0,1.16,5.0,12.466561090711213,0.1929882425485774,2.9,0.901501684131884,7.0
2018-01-27,501.0,3.6,0.61,3.6,14.19657692710453,0.21976970324310052,1.525,0.893918596519257,19.0
2018-01-28,494.0,10.0,2.23,10.0,22.06709038803885,0.3416089618588847,5.575,0.886070621534138,-7.0
2018-01-29,488.0,9.0,3.45,9.0,27.75702682983302,0.4296918602720763,8.625,0.8779600847008882,-6.0
2018-01-30,487.0,0.7,1.65,0.7,24.293472805358064,0.3760744112184223,4.125,0.869589389346611,-1.0
2018-01-31,485.0,0.0,0.75,0.0,20.649451884554352,0.3196632495356589,1.875,0.8609610158889943,-2.0
2018-02-01,486.0,12.0,0.71,12.0,29.5520341018712,0.4574794190280092,1.775,0.8520775211013093,1.0
2018-02-02,501.0,0.5,0.19,0.5,25.61922898659052,0.3965977418789203,0.475,0.8429415373547828,15.0
2018-02-03,498.0,0.0,-0.07,0.0,21.77634463860194,0.3371080805970822,0.0,0.8335557718385699,-3.0
2018-02-04,485.0,0.0,-2.34,0.0,18.50989294281165,0.2865418685075199,0.0,0.8239230057575542,-13.0
2018-02-05,496.0,1.3,-5.87,1.3,17.033409001389902,0.2636852010646843,0.0,0.8140460935082178,11.0
2018-02-06,503.0,1.7,-4.73,1.7,16.178397651181417,0.25044922230236405,0.0,0.8039279618328213,7.0
2018-02-07,505.0,0.0,-6.5,0.0,13.751638003504203,0.2128818389570094,0.0,0.7935716089521474,2.0
2018-02-08,494.0,0.0,-4.32,0.0,11.688892302978573,0.180949563113458,0.0,0.7829801036770629,-11.0
2018-02-09,485.0,0.0,-6.18,0.0,9.935558457531787,0.1538071286464393,0.0,0.7721565844991642,-9.0
2018-02-10,484.0,0.0,-6.02,0.0,8.44522468890202,0.1307360593494734,0.0,0.7611042586607747,-1.0
2018-02-11,477.0,0.0,-4.32,0.0,7.178440985566716,0.1111256504470524,0.0,0.7498264012045686,-7.0
2018-02-12,483.0,0.0,-1.3,0.0,6.101674837731709,0.09445680287999454,0.0,0.7383263540031065,6.0
2018-02-13,494.0,0.0,-1.28,0.0,5.186423612071953,0.08028828244799537,0.0,0.7266075247685656,11.0
2018-02-14,496.0,0.0,-1.51,0.0,4.408460070261159,0.06824504008079604,0.0,0.7146733860429609,2.0
2018-02-15,481.0,0.0,-5.23,0.0,3.7471910597219855,0.05800828406867664,0.0,0.702527474169157,-15.0
2018-02-16,471.0,0.7,-2.98,0.7,3.8851124007636875,0.06014337144553259,0.0,0.6901733882429719,-10.0
2018-02-17,475.0,3.4,-1.01,3.4,6.702345540649134,0.10375546852346744,0.0,0.6776147890466889,4.0
2018-02-18,477.0,0.3,-2.82,0.3,5.996993709551763,0.0928362896680148,0.0,0.6648553979642865,2.0
2018-02-19,479.0,1.2,-1.32,1.2,6.2974446531189985,0.09748741191008249,0.0,0.6518989958787126,2.0
2018-02-20,485.0,2.5,-4.7,2.5,7.852827955151149,0.12156547864913243,0.0,0.6387494220515272,6.0
2018-02-21,495.0,0.1,-8.53,0.1,6.774903761878476,0.10487870399278505,0.0,0.6254105729852463,10.0
2018-02-22,489.0,0.0,-12.74,0.0,5.7586681975967045,0.08914689839386729,0.0,0.6118864012687243,-6.0
2018-02-23,473.0,0.0,-12.51,0.0,4.8948679679571985,0.07577486363478719,0.0,0.5981809144059164,-16.0
2018-02-24,463.0,0.0,-12.19,0.0,4.160637772763619,0.06440863408956912,0.0,0.5842981736283683,-10.0
2018-02-25,473.0,0.0,-15.0,0.0,3.5365421068490757,0.05474733897613374,0.0,0.5702422926917871,10.0
2018-02-26,477.0,0.0,-14.02,0.0,3.006060790821714,0.04653523812971368,0.0,0.5560174366570446,4.0
2018-02-27,465.0,0.0,-14.6,0.0,2.555151672198457,0.039554952410256625,0.0,0.5416278206559814,-12.0
2018-02-28,475.0,0.6,-14.77,0.6,2.7718789213686885,0.04290999239485309,0.0,0.5270777086423722,10.0
2018-03-01,481.0,4.0,-12.84,4.0,6.356097083163386,0.09839537917652484,0.0,0.5123714121284237,6.0
2018-03-02,482.0,0.3,-8.75,0.3,5.702682520688877,0.08828021372311358,0.0,0.49751328890718066,1.0
2018-03-03,487.0,0.9,-11.43,0.9,5.747280142585546,0.08897060593384898,0.0,0.48250774176121847,5.0
2018-03-04,487.0,0.0,-8.73,0.0,4.885188121197714,0.07562501504377164,0.0,0.46735921715800227,0.0
2018-03-05,484.0,0.0,-8.24,0.0,4.152409903018057,0.06428126278720589,0.0,0.45207220393230435,-3.0
2018-03-06,491.0,0.0,-3.2,0.0,3.5295484175653487,0.05463907336912501,0.0,0.43665123195606403,7.0
2018-03-07,496.0,4.4,-2.72,4.4,7.400116154930547,0.11455728656874595,0.0,0.4211008707960896,5.0
2018-03-08,485.0,2.7,-0.08,2.7,8.990098731690965,0.13917096639104137,0.0,0.40542572835999735,-11.0
2018-03-09,488.0,2.7,1.58,2.7,10.341583921937321,0.16009259423999248,3.95,0.38963044953078796,3.0
2018-03-10,491.0,0.0,0.84,0.0,8.790346333646722,0.13607870510399359,2.1,0.37371971479046906,3.0
2018-03-11,498.0,2.2,1.11,2.2,9.671794383599714,0.14972393644088938,2.7750000000000004,0.35769823883312546,7.0
2018-03-12,493.0,0.9,3.28,0.9,9.121025226059757,0.1411977702439584,8.2,0.3415707691678556,-5.0
2018-03-13,489.0,0.0,6.33,0.0,7.752871442150793,0.12001810470736465,15.825,0.3253420847119801,-4.0
2018-03-14,488.0,0.0,1.97,0.0,6.589940725828174,0.10201538900125995,4.925,0.30901699437494745,-1.0
2018-03-15,496.0,0.0,-2.3,0.0,5.601449616953948,0.08671308065107096,0.0,0.29260033563334836,8.0
2018-03-16,487.0,0.0,-5.31,0.0,4.761232174410856,0.07370611855341032,0.0,0.27609697309746883,-9.0
2018-03-17,471.0,0.0,-6.28,0.0,4.047047348249228,0.06265020077039878,0.0,0.2595117970697999,-16.0
2018-03-18,492.0,0.0,-4.23,0.0,3.4399902460118437,0.053252670654838956,0.0,0.2428497220959356,21.0
2018-03-19,509.0,0.0,-1.47,0.0,2.923991709110067,0.04526477005661311,0.0,0.22611568550828828,17.0
2018-03-20,509.0,0.0,-0.22,0.0,2.485392952743557,0.03847505454812115,0.0,0.20931464596304847,0.0
2018-03-21,511.0,0.0,-1.8,0.0,2.112584009832023,0.03270379636590297,0.0,0.19245158197082998,2.0
2018-03-22,494.0,1.5,-0.43,1.5,3.2956964083572196,0.05101893402635491,0.0,0.1755314904214282,-17.0
2018-03-23,490.0,0.0,0.65,0.0,2.8013419471036367,0.04336609392240168,1.625,0.15855938510313478,-4.0
2018-03-24,481.0,0.0,0.62,0.0,2.381140655038091,0.03686117983404143,1.55,0.141540295217043,-9.0
2018-03-25,472.0,0.0,2.9,0.0,2.023969556782377,0.031332002858935205,7.25,0.12447926388678915,-9.0
2018-03-26,470.0,0.0,3.29,0.0,1.7203741232650205,0.026632202430094922,8.225,0.10738134666416309,-2.0
2018-03-27,484.0,0.0,-0.53,0.0,1.4623180047752673,0.022637372065580683,0.0,0.09025161003104117,14.0
2018-03-28,487.0,0.0,-2.0,0.0,1.2429703040589772,0.019241766255743583,0.0,0.07309512989807777,3.0
2018-03-29,489.0,1.0,-0.37,1.0,2.0565247584501307,0.03183597272760697,0.0,0.055916990100603484,2.0
2018-03-30,474.0,1.5,2.1,1.5,3.248046044682611,0.050281283933803315,5.25,0.03872228089217446,-15.0
2018-03-31,470.0,0.0,3.43,0.0,2.760839137980219,0.04273909134373281,8.575000000000001,0.021516097436222254,-4.0
2018-04-01,480.0,20.1,3.22,20.1,22.446713267283187,0.34748570298769393,8.05,0.004303538296244289,10.0
2018-04-02,493.0,13.9,1.62,13.9,32.97970627719071,0.5105414001416663,4.050000000000001,-0.01291029607500882,13.0
2018-04-03,481.0,1.2,3.64,1.2,29.2327503356121,0.4525367558126862,9.1,-0.030120304846908114,-12.0
2018-04-04,474.0,0.0,10.66,0.0,24.847837785270283,0.3846562424407833,26.65,-0.04732138832243185,-7.0
2018-04-05,490.0,0.0,12.21,0.0,21.12066211747974,0.3269578060746658,30.525000000000002,-0.06450844944931623,16.0
2018-04-06,492.0,0.9,5.62,0.9,18.852562799857775,0.2918465594326683,14.05,-0.08167639533042241,2.0
2018-04-07,487.0,0.0,5.55,0.0,16.02467837987911,0.24806957551776804,13.875,-0.09882013873287143,-5.0
2018-04-08,483.0,0.0,11.03,0.0,13.620976622897242,0.21085913919010282,27.575,-0.11593459959550041,-4.0
2018-04-09,492.0,5.9,14.42,5.9,17.477830129462657,0.27056504963191447,36.05,-0.1330147065341959,9.0
2018-04-10,486.0,0.0,10.54,0.0,14.856155610043258,0.22998029218712732,26.349999999999998,-0.1500553983446526,-6.0
2018-04-11,480.0,0.0,7.23,0.0,12.62773226853677,0.19548324835905823,18.075000000000003,-0.16705162550211924,-6.0
2018-04-12,484.0,0.0,9.5,0.0,10.733572428256254,0.16616076110519948,23.75,-0.18399835165768005,4.0
2018-04-13,483.0,0.0,11.68,0.0,9.123536564017815,0.14123664693941956,29.2,-0.20089055513063506,-1.0
2018-04-14,483.0,3.8,12.63,3.8,11.555006079415143,0.17887694125736134,31.575000000000003,-0.21772323039653177,0.0
2018-04-15,485.0,0.0,13.51,0.0,9.821755167502872,0.15204540006875714,33.775,-0.23449138957040985,2.0
2018-04-16,491.0,0.0,14.85,0.0,8.34849189237744,0.12923859005844357,37.125,-0.25119006388481935,6.0
2018-04-17,489.0,5.8,11.6,5.8,12.896218108520824,0.1996395357289816,29.0,-0.2678143051621742,-2.0
2018-04-18,489.0,0.0,10.4,0.0,10.9617853922427,0.16969360536963435,26.0,-0.2843591872810034,0.0
2018-04-19,484.0,0.0,11.17,0.0,9.317517583406294,0.14423956456418918,27.925,-0.30081980763566735,-5.0
2018-04-20,485.0,0.0,12.83,0.0,7.91988994589535,0.1226036298795608,32.075,-0.3171912885891061,1.0
2018-04-21,484.0,0.0,13.45,0.0,6.731906454011047,0.10421308539762668,33.625,-0.3334687789181868,-1.0
2018-04-22,487.0,0.0,10.71,0.0,5.7221204859093895,0.08858112258798267,26.775000000000002,-0.3496474552512284,3.0
2018-04-23,494.0,2.3,11.11,2.3,7.163802413022981,0.1108990384433026,27.775,-0.36572252349726897,7.0
2018-04-24,488.0,0.2,10.84,0.2,6.289232051069534,0.09736027695885219,27.1,-0.3816892202666588,-6.0
2018-04-25,490.0,3.1,9.88,3.1,8.445847243409103,0.13074569678672163,24.700000000000003,-0.39754281428255595,2.0
2018-04-26,483.0,5.4,7.64,5.4,12.578970156897737,0.194728387883928,19.099999999999998,-0.4132786077829042,-7.0
2018-04-27,482.0,2.2,7.75,2.2,12.892124633363078,0.19957616680383364,19.375,-0.4288919379124835,-1.0
2018-04-28,482.0,0.0,10.44,0.0,10.958305938358617,0.1696397417832586,26.099999999999998,-0.4443781781046132,0.0
2018-04-29,490.0,0.0,14.3,0.0,9.314560047604823,0.1441937805157698,35.75,-0.45973273945210397,8.0
2018-04-30,486.0,0.0,19.05,0.0,7.9173760404641,0.12256471343840433,47.625,-0.47495107206704995,-4.0
2018-05-01,482.0,1.5,17.73,1.5,8.229769634394485,0.12740071353798108,44.325,-0.49002866642905923,-4.0
2018-05-02,488.0,0.0,12.98,0.0,6.995304189235312,0.1082906065072839,32.45,-0.5049610547215204,6.0
2018-05-03,488.0,0.0,18.65,0.0,5.946008560850015,0.09204701553119132,46.625,-0.5197438121555155,0.0
2018-05-04,486.0,0.0,13.53,0.0,5.054107276722513,0.07823996320151262,33.824999999999996,-0.5343725582809787,-2.0
2018-05-05,483.0,0.0,11.65,0.0,4.2959911852141355,0.06650396872128572,29.125,-0.548842958284719,-3.0
2018-05-06,478.0,0.0,13.11,0.0,3.651592507432015,0.056528373413092865,32.775,-0.5631507242749186,-5.0
2018-05-07,488.0,0.0,16.2,0.0,3.1038536313172127,0.04804911740112893,40.5,-0.5772916165517272,10.0
2018-05-08,483.0,0.0,17.52,0.0,2.638275586619631,0.04084174979095959,43.8,-0.5912614448635781,-5.0
2018-05-09,484.0,0.0,18.58,0.0,2.242534248626686,0.03471548732231565,46.449999999999996,-0.6050560696488488,1.0
2018-05-10,485.0,0.0,20.33,0.0,1.906154111332683,0.029508164223968302,50.824999999999996,-0.6186714032625031,1.0
2018-05-11,482.0,0.0,17.66,0.0,1.6202309946327804,0.025081939590373054,44.15,-0.6321034111873487,-3.0
2018-05-12,485.0,0.0,17.19,0.0,1.3771963454378633,0.021319648651817093,42.975,-0.6453481132295501,3.0
2018-05-13,488.0,0.0,18.46,0.0,1.1706168936221837,0.01812170135404453,46.150000000000006,-0.6584015846980488,3.0
2018-05-14,483.0,0.0,17.31,0.0,0.9950243595788562,0.01540344615093785,43.275,-0.6712599575675313,-5.0
2018-05-15,483.0,0.5,14.24,0.5,1.3457707056420278,0.02083316493340964,35.6,-0.6839194216246106,0.0
2018-05-16,486.0,1.7,17.32,1.7,2.8439050997957236,0.04402499159078057,43.3,-0.6963762255968722,3.0
2018-05-17,484.0,12.6,15.86,12.6,15.017319334826364,0.23247518262099756,39.65,-0.7086266782644596,-2.0
2018-05-18,485.0,0.0,15.44,0.0,12.764721434602409,0.1976039052278479,38.6,-0.7206671495538609,1.0
2018-05-19,491.0,0.0,14.31,0.0,10.850013219412046,0.1679633194436707,35.775,-0.7324940716135789,6.0
2018-05-20,484.0,0.0,14.02,0.0,9.222511236500239,0.1427688215271201,35.05,-0.7441039398713607,-7.0
2018-05-21,486.0,0.0,16.23,0.0,7.839134551025203,0.12135349829805207,40.575,-0.7554933140726803,2.0
2018-05-22,489.0,0.7,15.57,0.7,7.363264368371422,0.11398680354050171,38.925,-0.766658819300159,3.0
2018-05-23,491.0,0.0,15.98,0.0,6.2587747131157085,0.09688878300942644,39.95,-0.777597146973627,2.0
2018-05-24,490.0,0.0,18.33,0.0,5.319958506148352,0.08235546555801247,45.824999999999996,-0.7883050558305255,-1.0
2018-05-25,487.0,1.1,19.2,1.1,5.6219647302261,0.08703066427555804,48.0,-0.7987793728863649,-3.0
2018-05-26,489.0,0.0,20.54,0.0,4.778670020692185,0.07397606463422432,51.349999999999994,-0.8090169943749473,2.0
2018-05-27,493.0,0.0,20.37,0.0,4.061869517588357,0.06287965493909067,50.925000000000004,-0.8190148866680801,4.0
2018-05-28,490.0,0.0,22.42,0.0,3.452589089950103,0.05344770669822707,56.050000000000004,-0.8287700871745037,-3.0
2018-05-29,488.0,0.0,22.74,0.0,2.9347007264575877,0.04543055069349301,56.849999999999994,-0.8382797052177743,-2.0
2018-05-30,489.0,0.0,22.83,0.0,2.4944956174889494,0.03861596808946906,57.074999999999996,-0.8475409228928311,1.0
2018-05-31,493.0,0.0,19.97,0.0,2.120321274865607,0.032823572876048694,49.925,-0.8565509959010036,4.0
2018-06-01,488.0,0.0,18.64,0.0,1.8022730836357657,0.02790003694464139,46.6,-0.865307254363206,-5.0
2018-06-02,491.0,25.1,17.81,25.1,26.6319321210904,0.41227486379959083,44.525,-0.8738071036110808,3.0
2018-06-03,490.0,0.0,20.36,0.0,22.63714230292684,0.3504336342296522,50.9,-0.8820480249558537,-1.0
2018-06-04,488.0,0.0,19.52,0.0,19.241570957487813,0.29786858909520436,48.8,-0.8900275764346767,-2.0
2018-06-05,494.0,0.0,11.97,0.0,16.35533531386464,0.2531883007309237,29.925,-0.8977433935342337,6.0
2018-06-06,494.0,0.0,11.01,0.0,13.902035016784943,0.21521005562128512,27.525,-0.9051931898913974,0.0
2018-06-07,491.0,0.0,14.63,0.0,11.816729764267201,0.18292854727809235,36.575,-0.9123747579707273,-3.0
2018-06-08,495.0,0.0,19.01,0.0,10.04422029962712,0.15548926518637848,47.525000000000006,-0.9192859697186104,4.0
2018-06-09,495.0,0.0,18.11,0.0,8.537587254683052,0.1321658754084217,45.275,-0.9259247771938498,0.0
2018-06-10,499.0,0.0,19.69,0.0,7.256949166480593,0.11234099409715843,49.225,-0.9322892131745133,4.0
2018-06-11,494.0,0.4,19.54,0.4,6.5684067915085045,0.10168203354667464,48.849999999999994,-0.9383773917408641,-5.0
2018-06-12,494.0,0.0,15.58,0.0,5.5831457727822285,0.08642972851467344,38.95,-0.9441875088341993,0.0
2018-06-13,496.0,0.0,18.07,0.0,4.745673906864894,0.07346526923747243,45.175,-0.9497178427914316,2.0
2018-06-14,495.0,2.1,18.49,2.1,6.13382282083516,0.09495446881332391,46.224999999999994,-0.9549667548552551,-1.0
2018-06-15,491.0,0.0,19.11,0.0,5.213749397709886,0.08071129849132533,47.775,-0.9599326896597447,-4.0
2018-06-16,493.0,0.0,20.0,0.0,4.4316869880534036,0.06860460371762653,50.0,-0.9646141756912435,2.0
2018-06-17,491.0,0.0,20.36,0.0,3.766933939845393,0.05831391315998255,50.9,-0.9690098257244062,-2.0
2018-06-18,487.0,0.0,21.62,0.0,3.201893848868584,0.049566826185985166,54.050000000000004,-0.9731183372332619,-4.0
2018-06-19,486.0,1.1,18.65,1.1,3.8216097715382964,0.05916032080933481,46.625,-0.9769384927771817,-1.0
2018-06-20,485.0,0.0,17.94,0.0,3.248368305807552,0.05028627268793459,44.85,-0.980469160361632,-1.0
2018-06-21,485.0,6.2,21.49,6.2,8.96111305993642,0.13872225452813897,53.724999999999994,-0.9837092937736097,0.0
2018-06-22,483.0,0.0,13.7,0.0,7.616946100945956,0.1179139163489181,34.25,-0.986657932891657,-2.0
2018-06-23,479.0,2.7,14.31,2.7,9.174404185804063,0.1420241017041877,35.775,-0.9893142039703663,-4.0
2018-06-24,480.0,14.0,12.15,14.0,21.798243557933453,0.3374470861917085,30.375,-0.99167731989929,1.0
2018-06-25,486.0,3.6,11.91,3.6,22.128507024243437,0.342559720339762,29.775,-0.993746580436178,6.0
2018-06-26,487.0,2.4,14.48,2.4,21.20923097060692,0.3283288936733375,36.2,-0.9955213724144752,1.0
2018-06-27,490.0,0.0,20.17,0.0,18.027846325015883,0.2790795596223369,50.425000000000004,-0.9970011699250151,3.0
2018-06-28,499.0,0.0,22.19,0.0,15.3236693762635,0.23721762567898633,55.475,-0.9981855344718586,9.0
2018-06-29,497.0,0.0,18.5,0.0,13.025118969823975,0.2016349818271384,46.25,-0.99907411510223,-2.0
2018-06-30,499.0,0.0,14.89,0.0,11.071351124350379,0.17138973455306764,37.225,-0.9996666485105112,2.0
2018-07-01,489.0,0.8,12.1,0.8,10.210648455697822,0.15806565149828744,30.25,-0.9999629591162655,-10.0
2018-07-02,493.0,17.9,11.76,17.9,26.579051187343147,0.4114562420165705,29.4,-0.9999629591162655,4.0
2018-07-03,491.0,11.4,13.74,11.4,33.99219350924167,0.526215179790649,34.35,-0.9996666485105112,-2.0
2018-07-04,490.0,5.3,15.74,5.3,34.19336448285542,0.5293294012962438,39.35,-0.99907411510223,-1.0
2018-07-05,493.0,0.0,16.65,0.0,29.064359810427106,0.4499299911018072,41.625,-0.9981855344718586,3.0
2018-07-06,492.0,0.0,17.85,0.0,24.70470583886304,0.3824404924365361,44.625,-0.9970011699250151,-1.0
2018-07-07,490.0,0.0,19.22,0.0,20.998999963033583,0.3250744185710557,48.05,-0.9955213724144752,-2.0
2018-07-08,490.0,0.0,18.82,0.0,17.849149968578544,0.2763132557853973,47.05,-0.9937465804361781,0.0
2018-07-09,492.0,0.0,18.14,0.0,15.171777473291762,0.2348662674175877,45.35,-0.99167731989929,2.0
2018-07-10,501.0,0.0,19.98,0.0,12.896010852297998,0.19963632730494954,49.95,-0.9893142039703664,9.0
2018-07-11,504.0,0.0,21.04,0.0,10.961609224453298,0.1696908782092071,52.599999999999994,-0.9866579328916572,3.0
2018-07-12,495.0,48.3,19.69,48.3,57.6173678407853,0.8919440155916899,49.225,-0.9837092937736098,-9.0
2018-07-13,500.0,5.7,18.7,5.7,54.674762664667504,0.8463911002912186,46.75,-0.9804691603616321,5.0
2018-07-14,503.0,14.7,18.91,14.7,61.17354826496738,0.9469953649778422,47.275,-0.9769384927771817,3.0
2018-07-15,499.0,12.6,19.9,12.6,64.59751602522228,1.0,49.75,-0.973118337233262,-4.0
2018-07-16,495.0,1.7,20.79,1.7,56.60788862143894,0.8763168013973824,51.974999999999994,-0.9690098257244063,-4.0
2018-07-17,491.0,9.2,22.55,9.2,57.316705328223094,0.8872896181618444,56.375,-0.9646141756912435,-4.0
2018-07-18,484.0,0.0,24.51,0.0,48.71919952898963,0.7541961754375677,61.275000000000006,-0.9599326896597445,-7.0
2018-07-19,490.0,4.0,21.38,4.0,45.41131959964118,0.7029886347628321,53.449999999999996,-0.9549667548552553,6.0
2018-07-20,499.0,0.0,22.13,0.0,38.599621659695,0.5975403395484074,55.324999999999996,-0.9497178427914317,9.0
2018-07-21,501.0,0.0,22.02,0.0,32.80967841074075,0.5079092886161463,55.05,-0.9441875088341994,2.0
2018-07-22,487.0,0.0,22.46,0.0,27.88822664912964,0.43172289532372427,56.150000000000006,-0.9383773917408642,-14.0
2018-07-23,479.0,0.0,23.06,0.0,23.704992651760193,0.36696446102516567,57.65,-0.9322892131745134,-8.0
2018-07-24,487.0,1.7,20.69,1.7,21.849243753996163,0.33823659326877314,51.725,-0.9259247771938499,8.0
2018-07-25,495.0,0.3,22.27,0.3,18.871857190896737,0.2921452457015246,55.675,-0.9192859697186105,8.0
2018-07-26,491.0,0.6,22.59,0.6,16.641078612262227,0.2576117416924309,56.475,-0.9123747579707274,-4.0
2018-07-27,489.0,0.0,22.73,0.0,14.144916820422893,0.21896998043856628,56.825,-0.9051931898913975,-2.0
2018-07-28,481.0,3.1,23.8,3.1,15.123179297359458,0.23411394474447858,59.5,-0.8977433935342336,-8.0
2018-07-29,480.0,0.2,24.7,0.2,13.054702402755538,0.20209294731485175,61.75,-0.8900275764346766,-1.0
2018-07-30,493.0,0.0,24.92,0.0,11.096497042342207,0.171779005217624,62.300000000000004,-0.8820480249558535,13.0
2018-07-31,489.0,0.0,24.71,0.0,9.432022485990876,0.1460121544349804,61.775000000000006,-0.8738071036110807,-4.0
2018-08-01,489.0,0.0,23.3,0.0,8.017219113092244,0.12411033126973332,58.25,-0.8653072543632061,0.0
2018-08-02,493.0,0.0,24.44,0.0,6.814636246128407,0.10549378157927332,61.1,-0.8565509959010037,4.0
2018-08-03,478.0,0.0,25.01,0.0,5.792440809209146,0.08966971434238233,62.525000000000006,-0.8475409228928312,-15.0
2018-08-04,478.0,0.0,22.62,0.0,4.923574687827774,0.07621925719102497,56.550000000000004,-0.8382797052177745,0.0
2018-08-05,465.0,5.4,20.77,5.4,9.585038484653609,0.14838091422758584,51.925,-0.828770087174504,-13.0
2018-08-06,461.0,0.0,19.35,0.0,8.147282711955567,0.12612377709344796,48.375,-0.8190148866680802,-4.0
2018-08-07,475.0,0.0,20.07,0.0,6.925190305162232,0.10720521052943077,50.175,-0.8090169943749472,14.0
2018-08-08,481.0,0.0,22.3,0.0,5.886411759387897,0.09112442895001616,55.75,-0.7987793728863648,6.0
2018-08-09,490.0,0.0,24.13,0.0,5.003449995479713,0.07745576460751373,60.324999999999996,-0.7883050558305253,9.0
2018-08-10,487.0,1.1,23.96,1.1,5.352932496157756,0.0828659184676341,59.900000000000006,-0.7775971469736268,-3.0
2018-08-11,479.0,17.5,16.8,17.5,22.04999262173409,0.34134428037642517,42.0,-0.7666588193001592,-8.0
2018-08-12,469.0,0.0,16.53,0.0,18.742493728473978,0.2901426383199614,41.325,-0.7554933140726804,-10.0
2018-08-13,471.0,0.2,16.38,0.2,16.13111966920288,0.24971733685401218,40.949999999999996,-0.7441039398713608,2.0
2018-08-14,474.0,19.9,18.9,19.9,33.61145171882245,0.5203211173893865,47.25,-0.7324940716135792,3.0
2018-08-15,474.0,0.0,18.87,0.0,28.569733960999084,0.4422729497809785,47.175000000000004,-0.7206671495538615,0.0
2018-08-16,481.0,0.0,18.68,0.0,24.284273866849222,0.3759320073138317,46.7,-0.7086266782644601,7.0
2018-08-17,484.0,0.0,19.77,0.0,20.641632786821837,0.31954220621675694,49.425,-0.6963762255968726,3.0
2018-08-18,495.0,0.0,20.83,0.0,17.54538786879856,0.2716108752842434,52.074999999999996,-0.6839194216246105,11.0
2018-08-19,481.0,0.0,18.6,0.0,14.913579688478775,0.23086924399160685,46.5,-0.6712599575675315,-14.0
2018-08-20,484.0,0.0,21.12,0.0,12.676542735206958,0.1962388573928658,52.800000000000004,-0.6584015846980489,3.0
2018-08-21,489.0,0.0,17.8,0.0,10.775061324925915,0.16680302878393594,44.5,-0.64534811322955,5.0
2018-08-22,494.0,0.0,15.15,0.0,9.158802126187027,0.14178257446634554,37.875,-0.6321034111873488,5.0
2018-08-23,495.0,0.0,17.89,0.0,7.784981807258973,0.12051518829639371,44.725,-0.6186714032625032,1.0
2018-08-24,499.0,7.4,21.56,7.4,14.017234536170127,0.2169933984875991,53.9,-0.6050560696488494,4.0
2018-08-25,501.0,9.3,15.89,9.3,21.21464935574461,0.32841277282955106,39.725,-0.5912614448635782,2.0
2018-08-26,494.0,5.4,13.02,5.4,23.43245195238292,0.36274540252033305,32.55,-0.5772916165517278,-7.0
2018-08-27,488.0,0.0,14.08,0.0,19.917584159525482,0.3083335921422831,35.2,-0.5631507242749187,-6.0
2018-08-28,492.0,0.0,15.43,0.0,16.92994653559666,0.26208355332094063,38.575,-0.5488429582847199,4.0
2018-08-29,498.0,0.0,15.0,0.0,14.39045455525716,0.22277102032279952,37.5,-0.5343725582809785,6.0
2018-08-30,503.0,0.0,16.42,0.0,12.231886371968585,0.1893553672743796,41.050000000000004,-0.5197438121555157,5.0
2018-08-31,506.0,0.0,16.22,0.0,10.397103416173296,0.16095206218322264,40.55,-0.5049610547215202,3.0
2018-09-01,505.0,0.0,17.02,0.0,8.837537903747302,0.13680925285573925,42.55,-0.4900286664290594,-1.0
2018-09-02,491.0,0.0,17.68,0.0,7.511907218185207,0.11628786492737836,44.2,-0.4749510720670502,-14.0
2018-09-03,483.0,0.0,17.82,0.0,6.3851211354574255,0.0988446851882716,44.55,-0.4597327394521046,-8.0
2018-09-04,490.0,4.4,18.05,4.4,9.827352965138811,0.15213205661502052,45.125,-0.44437817810461344,7.0
2018-09-05,496.0,35.2,18.19,35.2,43.55325002036799,0.6742248417626849,45.475,-0.4288919379124841,6.0
2018-09-06,509.0,0.0,19.37,0.0,37.020262517312794,0.5730911154982822,48.425000000000004,-0.41327860778290443,13.0
2018-09-07,511.0,0.0,17.86,0.0,31.467223139715873,0.4871274481735398,44.65,-0.3975428142825566,2.0
2018-09-08,506.0,0.0,16.0,0.0,26.747139668758493,0.4140583309475089,40.0,-0.3816892202666586,-5.0
2018-09-09,499.0,0.0,17.09,0.0,22.73506871844472,0.3519495813053825,42.725,-0.3657225234972692,-7.0
2018-09-10,499.0,0.0,17.02,0.0,19.32480841067801,0.2991571441095751,42.55,-0.34964745525122826,0.0
2018-09-11,506.0,0.0,17.29,0.0,16.42608714907631,0.2542835724931389,43.224999999999994,-0.33346877891818705,7.0
2018-09-12,509.0,0.6,18.26,0.6,14.562174076714863,0.225429319465303,45.650000000000006,-0.31719128858910595,3.0
2018-09-13,513.0,0.0,14.38,0.0,12.377847965207632,0.19161492154550752,35.95,-0.300819807635668,4.0
2018-09-14,519.0,0.0,13.88,0.0,10.521170770426487,0.1628726833136814,34.7,-0.2843591872810036,6.0
2018-09-15,516.0,0.0,13.32,0.0,8.942995154862514,0.1384417808166292,33.3,-0.26781430516217486,-3.0
2018-09-16,500.0,0.0,13.25,0.0,7.601545881633136,0.1176755136941348,33.125,-0.25119006388481957,-16.0
2018-09-17,491.0,0.0,14.96,0.0,6.461313999388166,0.10002418664001458,37.400000000000006,-0.23449138957041052,-9.0
2018-09-18,500.0,0.0,16.59,0.0,5.4921168994799405,0.08502055864401238,41.475,-0.21772323039653224,9.0
2018-09-19,502.0,0.0,18.63,0.0,4.668299364557949,0.07226747484741053,46.574999999999996,-0.20089055513063528,2.0
2018-09-20,507.0,0.0,18.72,0.0,3.968054459874257,0.06142735362029895,46.8,-0.18399835165767986,5.0
2018-09-21,508.0,0.0,19.97,0.0,3.372846290893118,0.0522132505772541,49.925,-0.1670516255021195,1.0
2018-09-22,484.0,1.5,12.87,1.5,4.3669193472591505,0.06760197010600338,32.175,-0.15005539834465262,-24.0
2018-09-23,468.0,1.5,9.88,1.5,5.2118814451702775,0.08068238170544026,24.700000000000003,-0.13301470653419636,-16.0
2018-09-24,479.0,5.4,8.99,5.4,9.830099228394737,0.15217457006483884,22.475,-0.11593459959550066,11.0
2018-09-25,496.0,0.0,6.78,0.0,8.355584344135526,0.129348384555113,16.95,-0.09882013873287211,17.0
2018-09-26,502.0,2.5,7.52,2.5,9.602246692515196,0.14864730539740836,18.799999999999997,-0.08167639533042288,6.0
2018-09-27,503.0,1.1,13.43,1.1,9.261909688637916,0.1433787281390445,33.575,-0.06450844944931625,1.0
2018-09-28,503.0,3.1,11.57,3.1,10.972623235342228,0.1698613802898851,28.925,-0.04732138832243232,0.0
2018-09-29,507.0,0.0,7.19,0.0,9.326729750040894,0.14438217324640235,17.975,-0.03012030484690836,4.0
2018-09-30,501.0,0.0,9.04,0.0,7.927720287534759,0.12272484725944198,22.599999999999998,-0.012910296075008843,-6.0
2018-10-01,497.0,0.0,7.92,0.0,6.738562244404545,0.10431612017052568,19.8,0.004303538296243821,-4.0
2018-10-02,509.0,1.8,8.01,1.8,7.527777907743864,0.1165335506833517,20.025,0.021516097436222233,12.0
2018-10-03,499.0,7.2,7.83,7.2,13.598611221582285,0.21051291223446844,19.575,0.03872228089217399,-10.0
2018-10-04,499.0,0.0,7.03,0.0,11.558819538344942,0.17893597539929815,17.575,0.05591699010060302,0.0
2018-10-05,503.0,0.0,11.27,0.0,9.8249966075932,0.1520955790894034,28.174999999999997,0.07309512989807776,4.0
2018-10-06,508.0,0.0,11.41,0.0,8.35124711645422,0.1292812422259929,28.525,0.0902516100310407,5.0
2018-10-07,500.0,0.6,11.04,0.6,7.698560048986086,0.11917733873822892,27.599999999999998,0.10738134666416306,-8.0
2018-10-08,494.0,0.0,7.05,0.0,6.543776041638173,0.10130073792749458,17.625,0.12447926388678869,-6.0
2018-10-09,496.0,0.2,9.46,0.2,5.7622096353924475,0.08920172152041539,23.650000000000002,0.141540295217043,2.0
2018-10-10,504.0,0.0,11.83,0.0,4.89787819008358,0.07582146329235308,29.575,0.15855938510313475,8.0
2018-10-11,499.0,0.0,10.26,0.0,4.163196461571043,0.0644482437985001,25.65,0.17553149042142777,-5.0
2018-10-12,490.0,0.0,11.9,0.0,3.5387169923353863,0.05478100722872509,29.75,0.19245158197082995,-9.0
2018-10-13,493.0,0.0,10.95,0.0,3.007909443485078,0.04656385614441632,27.375,0.20931464596304888,3.0
2018-10-14,480.0,0.0,10.95,0.0,2.5567230269623162,0.039579277722753874,27.375,0.22611568550828803,-13.0
2018-10-15,486.0,0.0,9.41,0.0,2.173214572917969,0.03364238606434079,23.525,0.2428497220959358,6.0
2018-10-16,491.0,0.0,9.3,0.0,1.8472323869802734,0.02859602815468967,23.25,0.25951179706979943,5.0
2018-10-17,495.0,0.0,9.22,0.0,1.5701475289332323,0.024306623931486217,23.05,0.27609697309746883,4.0
2018-10-18,490.0,0.0,10.04,0.0,1.3346253995932473,0.020660630341763284,25.099999999999998,0.2926003356333479,-5.0
2018-10-19,490.0,0.0,8.76,0.0,1.1344315896542603,0.01756153579049879,21.9,0.30901699437494723,0.0
2018-10-20,487.0,0.0,5.95,0.0,0.9642668512061212,0.014927305421923973,14.875,0.3253420847119795,-3.0
2018-10-21,485.0,0.0,3.83,0.0,0.819626823525203,0.012688209608635377,9.575,0.341570769167856,-2.0
2018-10-22,478.0,1.2,6.47,1.2,1.8966827999964226,0.029361543859609984,16.175,0.35769823883312546,-7.0
2018-10-23,478.0,8.7,4.85,8.7,10.312180379996958,0.15963741354962532,12.125,0.3737197147904692,0.0
2018-10-24,498.0,1.5,5.3,1.5,10.265353322997415,0.15891250863251893,13.25,0.38963044953078774,20.0
2018-10-25,500.0,1.9,3.23,1.9,10.625550324547802,0.16448852801706845,8.075,0.4054257283599973,2.0
2018-10-26,492.0,0.5,4.78,0.5,9.531717775865632,0.14755548451962064,11.950000000000001,0.42110087079608916,-8.0
2018-10-27,487.0,3.1,6.76,3.1,11.201960109485787,0.17341162321337483,16.9,0.4366512319560638,-5.0
2018-10-28,489.0,0.0,3.59,0.0,9.521666093062919,0.1473998797313686,8.975,0.45207220393230374,2.0
2018-10-29,486.0,10.0,1.72,10.0,18.093416179103478,0.28009461187391255,4.3,0.46735921715800205,-3.0
2018-10-30,484.0,0.0,9.02,0.0,15.379403752237955,0.23808042009282562,22.549999999999997,0.48250774176121763,-2.0
2018-10-31,487.0,0.0,11.6,0.0,13.072493189402262,0.2023683570789018,29.0,0.4975132889071803,3.0
2018-11-01,488.0,0.3,11.33,0.3,11.411619210991924,0.17665724494013402,28.325,0.5123714121284235,1.0
2018-11-02,487.0,0.0,11.82,0.0,9.699876329343136,0.15015865819911392,29.55,0.5270777086423724,-1.0
2018-11-03,493.0,0.8,7.03,0.8,9.044894879941666,0.14001923659742677,17.575,0.5416278206559811,6.0
2018-11-04,494.0,0.0,2.79,0.0,7.688160647950416,0.11901635110781277,6.975,0.5560174366570446,1.0
2018-11-05,491.0,0.0,7.9,0.0,6.534936550757854,0.10116389844164085,19.75,0.5702422926917867,-3.0
2018-11-06,490.0,0.0,8.79,0.0,5.5546960681441755,0.08598931367539472,21.974999999999998,0.5842981736283683,-1.0
2018-11-07,486.0,0.0,7.34,0.0,4.721491657922549,0.07309091662408551,18.35,0.5981809144059159,-4.0
2018-11-08,479.0,0.0,4.55,0.0,4.013267909234166,0.062127279130472675,11.375,0.6118864012687242,-7.0
2018-11-09,487.0,0.6,4.31,0.6,4.011277722849041,0.06209647010703672,10.774999999999999,0.6254105729852457,8.0
2018-11-10,499.0,0.9,5.87,0.9,4.309586064421684,0.06671442386018364,14.675,0.6387494220515268,12.0
2018-11-11,486.0,0.0,4.09,0.0,3.6631481547584315,0.056707260281156094,10.225,0.6518989958787125,-13.0
2018-11-12,485.0,0.0,3.96,0.0,3.1136759315446665,0.048201171238982675,9.9,0.6648553979642867,-1.0
2018-11-13,484.0,19.8,6.33,19.8,22.446624541812966,0.3474843294755888,15.825,0.6776147890466887,-1.0
2018-11-14,491.0,0.5,7.72,0.5,19.57963086054102,0.30310191575936296,19.3,0.690173388242972,7.0
2018-11-15,492.0,0.0,6.98,0.0,16.642686231459866,0.2576366283954585,17.450000000000003,0.7025274741691566,1.0
2018-11-16,483.0,0.0,1.84,0.0,14.146283296740885,0.2189911341361397,4.6000000000000005,0.7146733860429608,-9.0
2018-11-17,477.0,0.0,-0.71,0.0,12.024340802229752,0.18614246401571874,0.0,0.726607524768565,-6.0
2018-11-18,478.0,0.3,3.94,0.3,10.52068968189529,0.1628652358364284,9.85,0.7383263540031063,1.0
2018-11-19,481.0,0.0,3.41,0.0,8.942586229610995,0.13843545046096414,8.525,0.749826401204568,3.0
2018-11-20,487.0,0.0,0.7,0.0,7.601198295169346,0.11767013289181952,1.75,0.7611042586607742,6.0
2018-11-21,493.0,0.0,-1.87,0.0,6.461018550893944,0.10001961295804658,0.0,0.7721565844991641,6.0
2018-11-22,500.0,0.0,-3.1,0.0,5.491865768259852,0.08501667101433959,0.0,0.7829801036770625,7.0
2018-11-23,489.0,0.0,-2.75,0.0,4.668085903020874,0.07226417036218864,0.0,0.7935716089521472,-11.0
2018-11-24,485.0,1.3,-1.45,1.3,5.267873017567743,0.08154915764115275,0.0,0.8039279618328208,-4.0
2018-11-25,482.0,1.6,-0.24,1.6,6.077692064932581,0.09408553825133972,0.0,0.8140460935082175,-3.0
2018-11-26,479.0,0.0,-2.59,0.0,5.166038255192694,0.07997270751363876,0.0,0.8239230057575536,-3.0
2018-11-27,474.0,0.0,-1.7,0.0,4.39113251691379,0.06797680138659294,0.0,0.8335557718385695,-5.0
2018-11-28,468.0,0.0,-4.83,0.0,3.7324626393767213,0.057780281178604,0.0,0.8429415373547832,-6.0
2018-11-29,462.0,0.0,-5.61,0.0,3.172593243470213,0.0491132390018134,0.0,0.8520775211013093,-6.0
2018-11-30,465.0,0.0,-6.08,0.0,2.696704256949681,0.041746253151541395,0.0,0.8609610158889945,3.0
2018-12-01,468.0,0.0,-8.98,0.0,2.292198618407229,0.035484315178810184,0.0,0.8695893893466109,3.0
2018-12-02,474.0,0.0,-5.21,0.0,1.9483688256461444,0.030161667901988654,0.0,0.8779600847008883,6.0
2018-12-03,479.0,5.0,0.3,5.0,6.656113501799223,0.10303977476781499,0.75,0.8860706215341377,5.0
2018-12-04,477.0,7.3,3.9,7.3,12.957696476529339,0.2005912498472847,9.75,0.893918596519257,-2.0
2018-12-05,488.0,0.0,0.67,0.0,11.014042005049937,0.17050256237019198,1.675,0.9015016841318838,11.0
2018-12-06,491.0,0.0,-2.15,0.0,9.361935704292446,0.14492717801466318,0.0,0.9088176373395028,3.0
2018-12-07,491.0,6.6,-0.88,6.6,14.557645348648578,0.22535921261994818,0.0,0.9158642882672868,0.0
2018-12-08,484.0,7.9,2.04,7.9,20.27399854635129,0.31385105486773285,5.1,0.9226395488404875,-7.0
2018-12-09,473.0,1.6,1.94,1.6,18.832898764398596,0.2915421508939328,4.85,0.9291414114031743,-11.0
2018-12-10,487.0,1.5,2.17,1.5,17.507963949738805,0.27103153537518027,5.425,0.935367949313148,14.0
2018-12-11,497.0,0.7,-0.17,0.7,15.581769357277983,0.24121313505606065,0.0,0.941317317512847,10.0
2018-12-12,501.0,0.7,-0.15,0.7,13.944503953686285,0.215867494784809,0.0,0.946987753076075,4.0
2018-12-13,502.0,0.0,-0.74,0.0,11.852828360633342,0.18348737056708764,0.0,0.9523775757303973,1.0
2018-12-14,493.0,0.0,-0.37,0.0,10.074904106538341,0.1559642649820245,0.0,0.9574851883550389,-9.0
2018-12-15,495.0,0.0,-0.59,0.0,8.563668490557589,0.13256962523472082,0.0,0.9623090774541487,2.0
2018-12-16,501.0,6.9,-1.6,6.9,14.17911821697395,0.21949943418006468,0.0,0.9668478136052773,6.0
2018-12-17,492.0,4.7,-2.83,4.7,16.752250484427858,0.2593327346811121,0.0,0.9711000518829505,-9.0
2018-12-18,494.0,0.0,-2.83,0.0,14.23941291176368,0.22043282447894533,0.0,0.9750645322571945,2.0
2018-12-19,502.0,0.0,-3.11,0.0,12.103500974999127,0.18736790080710353,0.0,0.9787400799669153,8.0
2018-12-20,495.0,0.6,-5.92,0.6,10.887975828749257,0.16855099853217292,0.0,0.9821256058680006,-7.0
2018-12-21,477.0,6.6,-4.13,6.6,15.854779454436867,0.2454394600598315,0.0,0.9852201067560606,-18.0
2018-12-22,469.0,4.1,0.37,4.1,17.576562536271336,0.27209347383277893,0.925,0.9880226656636976,-8.0
2018-12-23,477.0,1.6,-1.04,1.6,16.540078155830635,0.256048207014222,0.0,0.9905324521322227,8.0
2018-12-24,472.0,2.9,-2.95,2.9,16.959066432456037,0.26253434305174095,0.0,0.9927487224577402,-5.0
2018-12-25,471.0,0.0,-2.03,0.0,14.41520646758763,0.22315419159397976,0.0,0.9946708199115211,-1.0
2018-12-26,466.0,2.1,2.0,2.1,14.352925497449485,0.22219005281635515,5.0,0.9962981749346077,-5.0
2018-12-27,479.0,3.4,1.05,3.4,15.599986672832062,0.24149514768866662,2.625,0.9976303053065857,13.0
2018-12-28,488.0,2.4,1.77,2.4,15.659988671907252,0.24242400691990643,4.425,0.9986668162884759,9.0
2018-12-29,493.0,1.2,1.66,1.2,14.510990371121164,0.22463697157419038,4.1499999999999995,0.9994074007397048,5.0
2018-12-30,504.0,4.1,2.93,4.1,16.43434181545299,0.254411358619984,7.325,0.9998518392091162,11.0
2018-12-31,502.0,4.1,-0.1,4.1,18.06919054313504,0.2797195876089086,0.0,1.0,-2.0
2019-01-01,504.0,8.5,2.25,8.5,23.858811961664784,0.3693456564544842,5.625,0.9998518392091162,2.0
2019-01-02,515.0,1.4,0.15,1.4,21.679990167415063,0.3356164679606264,0.375,0.9994074007397048,11.0
2019-01-03,514.0,5.4,-3.95,5.4,23.827991642302806,0.36886854338174707,0.0,0.998666816288476,-1.0
2019-01-04,510.0,3.2,-3.78,3.2,23.453792895957385,0.3630757703872048,0.0,0.9976303053065857,-4.0
2019-01-05,505.0,2.1,-2.14,2.1,22.03572396156378,0.34112339479059645,0.0,0.9962981749346078,-5.0
2019-01-06,501.0,0.0,-6.81,0.0,18.730365367329213,0.289954885572007,0.0,0.9946708199115211,-4.0
2019-01-07,503.0,0.5,-6.68,0.5,16.420810562229832,0.2542018884413184,0.0,0.9927487224577402,2.0
2019-01-08,495.0,0.2,-4.23,0.2,14.157688977895356,0.21916769945716563,0.0,0.9905324521322229,-8.0
2019-01-09,478.0,0.0,-6.65,0.0,12.034035631211053,0.1862925445385908,0.0,0.9880226656636976,-17.0
2019-01-10,493.0,0.0,-13.66,0.0,10.228930286529394,0.15834866285780216,0.0,0.9852201067560606,15.0
2019-01-11,489.0,2.6,-11.48,2.6,11.294590743549984,0.17484558909571662,0.0,0.9821256058680006,-4.0
2019-01-12,473.0,0.0,-1.69,0.0,9.600402132017486,0.14861875073135913,0.0,0.9787400799669153,-16.0
2019-01-13,477.0,4.9,0.31,4.9,13.060341812214864,0.2021802480317574,0.775,0.9750645322571948,4.0
2019-01-14,478.0,4.4,-0.58,4.4,15.501290540382634,0.23996728503198347,0.0,0.9711000518829505,1.0
2019-01-15,486.0,0.8,-2.69,0.8,13.97609695932524,0.2163565694053659,0.0,0.9668478136052775,8.0
2019-01-16,495.0,0.2,-1.36,0.2,12.079682415426452,0.18699917827660598,0.0,0.9623090774541486,9.0
2019-01-17,489.0,4.4,2.0,4.4,14.667730053112484,0.22706337574010477,5.0,0.9574851883550393,-6.0
2019-01-18,493.0,3.5,-1.28,3.5,15.96757054514561,0.24718551931487628,0.0,0.9523775757303974,4.0
2019-01-19,488.0,0.9,-2.22,0.9,14.47243496337377,0.22404011568684729,0.0,0.9469877530760753,-5.0
2019-01-20,492.0,3.9,-2.61,3.9,16.201569718867702,0.2508079368336974,0.0,0.9413173175128471,4.0
2019-01-21,494.0,0.6,-4.83,0.6,14.371334261037546,0.2224750291547777,0.0,0.9353679493131483,2.0
2019-01-22,498.0,0.0,-4.08,0.0,12.215634121881914,0.18910377478156104,0.0,0.9291414114031743,4.0
2019-01-23,490.0,0.0,-9.22,0.0,10.383289003599627,0.16073820856432688,0.0,0.9226395488404876,-8.0
2019-01-24,489.0,0.0,-12.62,0.0,8.825795653059682,0.13662747727967783,0.0,0.9158642882672872,-1.0
2019-01-25,486.0,7.1,-8.38,7.1,14.60192630510073,0.22604470270032315,0.0,0.9088176373395029,-3.0
2019-01-26,484.0,0.1,-7.45,0.1,12.51163735933562,0.19368604443629717,0.0,0.901501684131884,-2.0
2019-01-27,478.0,0.5,-9.45,0.5,11.134891755435277,0.17237337347596504,0.0,0.893918596519257,-6.0
2019-01-28,473.0,0.4,-5.64,0.4,9.864657992119986,0.15270955601866026,0.0,0.886070621534138,-5.0
2019-01-29,481.0,2.9,-2.2,2.9,11.284959293301988,0.17469648970551352,0.0,0.8779600847008882,8.0
2019-01-30,493.0,0.0,-2.43,0.0,9.592215399306689,0.14849201624968647,0.0,0.869589389346611,12.0
2019-01-31,498.0,0.9,-1.8,0.9,9.053383089410685,0.14015063808143594,0.0,0.8609610158889943,5.0
2019-02-01,499.0,2.1,0.59,2.1,9.795375625999082,0.1516370323306929,1.4749999999999999,0.8520775211013093,1.0
2019-02-02,497.0,2.9,1.55,2.9,11.22606928209922,0.17378484457074123,3.875,0.8429415373547828,-2.0
2019-02-03,499.0,0.1,1.67,0.1,9.642158889784335,0.14926516502615253,4.175,0.8335557718385699,2.0
2019-02-04,501.0,16.2,-0.65,16.2,24.395835056316685,0.37765902711787347,0.0,0.8239230057575542,2.0
2019-02-05,495.0,0.0,-1.64,0.0,20.73645979786918,0.3210101730501924,0.0,0.8140460935082178,-6.0
2019-02-06,502.0,0.4,0.4,0.4,18.025990828188803,0.27905083565675354,1.0,0.8039279618328213,7.0
2019-02-07,510.0,0.0,0.55,0.0,15.322092203960482,0.23719321030824048,1.375,0.7935716089521474,8.0
2019-02-08,508.0,0.0,0.52,0.0,13.02377837336641,0.2016142287620044,1.3,0.7829801036770629,-2.0
2019-02-09,505.0,1.0,1.4,1.0,12.070211617361448,0.18685256585792867,3.5,0.7721565844991642,-3.0
2019-02-10,504.0,0.2,2.76,0.2,10.45967987475723,0.16192077526128434,6.8999999999999995,0.7611042586607747,-1.0
2019-02-11,507.0,3.2,2.25,3.2,12.090727893543644,0.18717016748481144,5.625,0.7498264012045686,3.0
2019-02-12,510.0,0.7,0.65,0.7,10.977118709512096,0.16993097234924714,1.625,0.7383263540031065,3.0
2019-02-13,498.0,1.4,0.75,1.4,10.730550903085282,0.16611398647117498,1.875,0.7266075247685656,-12.0
2019-02-14,488.0,0.0,2.43,0.0,9.120968267622489,0.14119688850049872,6.075,0.7146733860429609,-10.0
2019-02-15,489.0,0.3,3.21,0.3,8.052823027479116,0.1246614966484914,8.025,0.702527474169157,1.0
2019-02-16,486.0,0.0,4.23,0.0,6.844899573357249,0.10596227215121769,10.575000000000001,0.6901733882429719,-3.0
2019-02-17,497.0,0.0,4.3,0.0,5.818164637353661,0.09006793132853502,10.75,0.6776147890466889,11.0
2019-02-18,494.0,0.0,1.87,0.0,4.945439941750611,0.07655774162925476,4.675000000000001,0.6648553979642865,-3.0
2019-02-19,479.0,0.3,3.79,0.3,4.503623950488019,0.06971822180793402,9.475,0.6518989958787126,-15.0
2019-02-20,472.0,1.1,2.95,1.1,4.928080357914816,0.07628900708799133,7.375,0.6387494220515272,-7.0
2019-02-21,481.0,0.0,-1.87,0.0,4.188868304227593,0.06484565602479261,0.0,0.6254105729852463,9.0
2019-02-22,495.0,0.0,-4.45,0.0,3.560538058593454,0.055118807621073726,0.0,0.6118864012687243,14.0
2019-02-23,498.0,0.0,-2.99,0.0,3.026457349804436,0.04685098647791267,0.0,0.5981809144059164,3.0
2019-02-24,498.0,0.0,1.6,0.0,2.5724887473337703,0.03982333850622577,4.0,0.5842981736283683,0.0
2019-02-25,490.0,0.0,2.0,0.0,2.186615435233705,0.033849837730291904,5.0,0.5702422926917871,-8.0
2019-02-26,492.0,0.0,3.48,0.0,1.8586231199486491,0.02877236207074812,8.7,0.5560174366570446,2.0
2019-02-27,504.0,0.0,3.75,0.0,1.5798296519563517,0.0244565077601359,9.375,0.5416278206559814,12.0
2019-02-28,484.0,0.8,3.89,0.8,2.142855204162899,0.03317240872429546,9.725,0.5270777086423722,-20.0
2019-03-01,492.0,0.0,-1.87,0.0,1.8214269235384641,0.028196547415651137,0.0,0.5123714121284237,8.0
2019-03-02,499.0,0.0,-2.19,0.0,1.5482128850076944,0.023967065303303465,0.0,0.49751328890718066,7.0
2019-03-03,503.0,3.5,2.23,3.5,4.81598095225654,0.07455365544359518,5.575,0.48250774176121847,4.0
2019-03-04,512.0,4.4,5.75,4.4,8.493583809418059,0.13148468133204558,14.375,0.46735921715800227,9.0
2019-03-05,492.0,1.4,4.28,1.4,8.61954623800535,0.13343463910655365,10.700000000000001,0.45207220393230435,-20.0
2019-03-06,490.0,0.0,0.03,0.0,7.326614302304548,0.1134194432405706,0.075,0.43665123195606403,-2.0
2019-03-07,493.0,0.0,5.22,0.0,6.227622156958866,0.09640652675448501,13.049999999999999,0.4211008707960896,3.0
2019-03-08,482.0,1.4,7.13,1.4,6.6934788334150355,0.10361820771562716,17.825,0.40542572835999735,-11.0
2019-03-09,485.0,2.5,4.61,2.5,8.18945700840278,0.1267766550838454,11.525,0.38963044953078796,3.0
2019-03-10,498.0,0.3,2.58,0.3,7.261038457142362,0.11240429824433605,6.45,0.37371971479046906,13.0
2019-03-11,505.0,0.7,-0.37,0.7,6.871882688571008,0.10637998349484308,0.0,0.35769823883312546,7.0
2019-03-12,498.0,0.0,-1.57,0.0,5.841100285285356,0.09042298597061663,0.0,0.3415707691678556,-7.0
2019-03-13,495.0,0.8,1.22,0.8,5.764935242492553,0.08924391520320407,3.05,0.3253420847119801,-3.0
2019-03-14,491.0,3.5,3.03,3.5,8.40019495611867,0.1300389778585107,7.574999999999999,0.30901699437494745,-4.0
2019-03-15,488.0,3.0,3.53,3.0,10.140165712700869,0.15697454541040887,8.825,0.29260033563334836,-3.0
2019-03-16,491.0,9.0,3.35,9.0,17.619140855795738,0.2727526062908719,8.375,0.27609697309746883,3.0
2019-03-17,495.0,0.9,4.65,0.9,15.876269727426378,0.24577213961644354,11.625,0.2595117970697999,4.0
2019-03-18,496.0,0.4,5.78,0.4,13.89482926831242,0.21509850723806698,14.450000000000001,0.2428497220959356,1.0
2019-03-19,496.0,0.0,3.52,0.0,11.810604878065558,0.18283373115235693,8.8,0.22611568550828828,0.0
2019-03-20,491.0,0.2,3.84,0.2,10.239014146355723,0.15850476576154834,9.6,0.20931464596304847,-5.0
2019-03-21,485.0,1.9,6.4,1.9,10.603162024402366,0.16414194657674347,16.0,0.19245158197082998,-6.0
2019-03-22,485.0,0.0,6.19,0.0,9.01268772074201,0.13952065459023194,15.475000000000001,0.1755314904214282,0.0
2019-03-23,475.0,0.0,6.03,0.0,7.660784562630708,0.11859255640169715,15.075000000000001,0.15855938510313478,-10.0
2019-03-24,477.0,0.0,4.37,0.0,6.511666878236102,0.10080367294144257,10.925,0.141540295217043,2.0
2019-03-25,477.0,0.2,3.55,0.2,5.734916846500687,0.08877921628227117,8.875,0.12447926388678915,0.0
2019-03-26,476.0,3.9,0.26,3.9,8.774679319525584,0.13583617233980771,0.65,0.10738134666416309,-1.0
2019-03-27,479.0,2.7,1.01,2.7,10.158477421596746,0.15725801929644387,2.525,0.09025161003104117,3.0
2019-03-28,480.0,0.0,2.94,0.0,8.634705808357234,0.13366931640197727,7.35,0.07309512989807777,1.0
2019-03-29,476.0,0.0,7.07,0.0,7.339499937103649,0.11361891894168069,17.675,0.055916990100603484,-4.0
2019-03-30,481.0,0.0,8.92,0.0,6.238574946538101,0.09657608110042858,22.3,0.03872228089217446,5.0
2019-03-31,479.0,0.0,6.62,0.0,5.302788704557385,0.08208966893536428,16.55,0.021516097436222254,-2.0
2019-04-01,484.0,0.0,3.4,0.0,4.507370398873777,0.06977621859505964,8.5,0.004303538296244289,5.0
2019-04-02,481.0,0.0,3.98,0.0,3.831264839042711,0.059309785805800694,9.95,-0.01291029607500882,-3.0
2019-04-03,481.0,0.0,6.6,0.0,3.256575113186304,0.050413317934930583,16.5,-0.030120304846908114,0.0
2019-04-04,479.0,0.0,7.35,0.0,2.7680888462083586,0.042851320244691,18.375,-0.04732138832243185,-2.0
2019-04-05,480.0,0.0,8.32,0.0,2.352875519277105,0.03642362220798735,20.8,-0.06450844944931623,1.0
2019-04-06,480.0,0.0,9.62,0.0,1.9999441913855391,0.030960078876789247,24.049999999999997,-0.08167639533042241,0.0
2019-04-07,482.0,0.0,9.46,0.0,1.6999525626777083,0.026316067045270862,23.650000000000002,-0.09882013873287143,2.0
2019-04-08,485.0,0.6,6.1,0.6,2.044959678276052,0.03165693983461519,15.25,-0.11593459959550041,3.0
2019-04-09,483.0,0.0,2.48,0.0,1.7382157265346443,0.02690839885942291,6.2,-0.1330147065341959,-2.0
2019-04-10,483.0,0.0,2.31,0.0,1.4774833675544476,0.022872139030509473,5.775,-0.1500553983446526,0.0
2019-04-11,483.0,0.0,2.16,0.0,1.2558608624212804,0.019441318175933052,5.4,-0.16705162550211924,0.0
2019-04-12,482.0,0.0,0.97,0.0,1.0674817330580884,0.016525120449543095,2.425,-0.18399835165768005,-1.0
2019-04-13,484.0,0.0,3.59,0.0,0.907359473099375,0.014046352382111629,8.975,-0.20089055513063506,2.0
2019-04-14,484.0,0.0,4.73,0.0,0.7712555521344687,0.011939399524794883,11.825000000000001,-0.21772323039653177,0.0
2019-04-15,487.0,0.0,3.89,0.0,0.6555672193142984,0.01014848959607565,9.725,-0.23449138957040985,3.0
2019-04-16,488.0,0.0,8.16,0.0,0.5572321364171536,0.008626216156664304,20.4,-0.25119006388481935,1.0
2019-04-17,485.0,0.0,11.28,0.0,0.4736473159545806,0.007332283733164658,28.2,-0.2678143051621742,-3.0
2019-04-18,485.0,0.0,11.74,0.0,0.4026002185613935,0.006232441173189959,29.35,-0.2843591872810034,0.0
2019-04-19,487.0,0.0,12.18,0.0,0.3422101857771845,0.0052975749972114655,30.45,-0.30081980763566735,2.0
2019-04-20,491.0,0.0,11.33,0.0,0.2908786579106068,0.004502938747629745,28.325,-0.3171912885891061,4.0
2019-04-21,490.0,0.0,8.41,0.0,0.24724685922401576,0.0038274979354852834,21.025,-0.3334687789181868,-1.0
2019-04-22,490.0,0.0,11.45,0.0,0.21015983034041338,0.0032533732451624905,28.625,-0.3496474552512284,0.0
2019-04-23,486.0,0.0,12.74,0.0,0.17863585578935137,0.002765367258388117,31.85,-0.36572252349726897,-4.0
2019-04-24,485.0,0.0,14.48,0.0,0.15184047742094867,0.002350562169629899,36.2,-0.3816892202666588,-1.0
2019-04-25,484.0,0.0,15.79,0.0,0.12906440580780637,0.0019979778441854145,39.474999999999994,-0.39754281428255595,-1.0
2019-04-26,491.0,0.0,18.11,0.0,0.10970474493663541,0.0016982811675576024,45.275,-0.4132786077829042,7.0
2019-04-27,489.0,0.0,19.79,0.0,0.0932490331961401,0.0014435389924239619,49.474999999999994,-0.4288919379124835,-2.0
2019-04-28,486.0,0.0,16.75,0.0,0.07926167821671909,0.0012270081435603677,41.875,-0.4443781781046132,-3.0
2019-04-29,490.0,0.0,13.32,0.0,0.06737242648421123,0.0010429569220263126,33.3,-0.45973273945210397,4.0
2019-04-30,491.0,0.0,12.11,0.0,0.05726656251157954,0.0008865133837223656,30.275,-0.47495107206704995,1.0
2019-05-01,484.0,0.0,12.34,0.0,0.04867657813484261,0.0007535363761640108,30.85,-0.49002866642905923,-7.0
2019-05-02,487.0,1.7,8.4,1.7,1.7413750914146162,0.026957307317121783,21.0,-0.5049610547215204,3.0
2019-05-03,491.0,0.0,6.81,0.0,1.4801688277024236,0.022913711219553514,17.025,-0.5197438121555155,4.0
2019-05-04,490.0,0.0,7.41,0.0,1.25814350354706,0.019476654536620487,18.525,-0.5343725582809787,-1.0
2019-05-05,489.0,0.4,5.31,0.4,1.469421978015001,0.022747344920217384,13.274999999999999,-0.548842958284719,-1.0
2019-05-06,494.0,0.0,8.53,0.0,1.2490086813127508,0.019335243182184776,21.325,-0.5631507242749186,5.0
2019-05-07,491.0,0.0,8.01,0.0,1.0616573791158381,0.01643495670485706,20.025,-0.5772916165517272,-3.0
2019-05-08,485.0,0.0,7.29,0.0,0.9024087722484624,0.0139697131991285,18.225,-0.5912614448635781,-6.0
2019-05-09,480.0,0.0,10.44,0.0,0.767047456411193,0.011874256219259223,26.099999999999998,-0.6050560696488488,-5.0
2019-05-10,475.0,0.0,12.18,0.0,0.651990337949514,0.010093117786370339,30.45,-0.6186714032625031,-5.0
2019-05-11,483.0,2.7,12.0,2.7,3.254191787257087,0.050376422926022096,30.0,-0.6321034111873487,8.0
2019-05-12,475.0,0.0,11.38,0.0,2.766063019168524,0.04281995948711878,28.450000000000003,-0.6453481132295501,-8.0
2019-05-13,477.0,1.8,8.54,1.8,4.151153566293245,0.06426181410245582,21.349999999999998,-0.6584015846980488,2.0
2019-05-14,478.0,0.0,8.16,0.0,3.528480531349258,0.05462254198708745,20.4,-0.6712599575675313,1.0
2019-05-15,480.0,0.0,13.73,0.0,2.999208451646869,0.04642916068902433,34.325,-0.6839194216246106,2.0
2019-05-16,485.0,0.3,14.37,0.3,2.8493271838998386,0.044108928008738155,35.925,-0.6963762255968722,5.0
2019-05-17,484.0,1.2,16.02,1.2,3.621928106314863,0.05606915449969735,40.05,-0.7086266782644596,-1.0
2019-05-18,477.0,0.2,19.57,0.2,3.278638890367634,0.050754875606787736,48.925,-0.7206671495538609,-7.0
2019-05-19,482.0,0.2,20.6,0.2,2.986843056812489,0.04623773854781456,51.5,-0.7324940716135789,5.0
2019-05-20,483.0,1.6,20.63,1.6,4.1388165982906155,0.06407083202200226,51.574999999999996,-0.7441039398713607,1.0
2019-05-21,484.0,0.0,21.26,0.0,3.517994108547023,0.05446020721870192,53.150000000000006,-0.7554933140726803,1.0
2019-05-22,487.0,0.0,19.0,0.0,2.9902949922649698,0.04629117613589663,47.5,-0.766658819300159,3.0
2019-05-23,484.0,0.0,18.9,0.0,2.5417507434252244,0.039347499715512144,47.25,-0.777597146973627,-3.0
2019-05-24,481.0,0.0,15.12,0.0,2.160488131911441,0.03344537475818532,37.8,-0.7883050558305255,-3.0
2019-05-25,487.0,0.0,14.13,0.0,1.8364149121247246,0.028428568544457522,35.325,-0.7987793728863649,6.0
2019-05-26,482.0,0.0,12.8,0.0,1.560952675306016,0.024164283262788893,32.0,-0.8090169943749473,-5.0
2019-05-27,482.0,0.6,16.25,0.6,1.9268097740101133,0.029827923619505512,40.625,-0.8190148866680801,0.0
2019-05-28,483.0,18.6,16.56,18.6,20.2377883079086,0.31329050330676333,41.4,-0.8287700871745037,1.0
2019-05-29,484.0,0.2,13.38,0.2,17.402120061722307,0.2693930220927938,33.45,-0.8382797052177743,1.0
2019-05-30,486.0,0.0,12.08,0.0,14.79180205246396,0.22898406877887473,30.2,-0.8475409228928311,2.0
2019-05-31,484.0,0.5,14.93,0.5,13.073031744594367,0.202376694167156,37.325,-0.8565509959010036,-2.0
2019-06-01,487.0,0.0,16.1,0.0,11.112076982905212,0.17202019004208258,40.25,-0.865307254363206,3.0
2019-06-02,484.0,0.0,16.71,0.0,9.44526543546943,0.14621716153577022,41.775000000000006,-0.8738071036110808,-3.0
2019-06-03,486.0,0.0,17.1,0.0,8.028475620149015,0.12428458730540466,42.75,-0.8820480249558537,2.0
2019-06-04,487.0,0.0,20.35,0.0,6.824204277126663,0.10564189920959396,50.875,-0.8900275764346767,1.0
2019-06-05,487.0,0.0,22.89,0.0,5.800573635557663,0.08979561432815487,57.225,-0.8977433935342337,0.0
2019-06-06,487.0,0.0,22.43,0.0,4.930487590224014,0.07632627217893165,56.075,-0.9051931898913974,0.0
2019-06-07,485.0,8.3,21.1,8.3,12.490914451690411,0.1933652440569588,52.75,-0.9123747579707273,-2.0
2019-06-08,483.0,0.0,21.9,0.0,10.617277283936849,0.16436045744841496,54.75,-0.9192859697186104,-2.0
2019-06-09,479.0,0.0,18.64,0.0,9.02468569134632,0.1397063888311527,46.6,-0.9259247771938498,-4.0
2019-06-10,485.0,0.0,19.94,0.0,7.670982837644372,0.11875043050647978,49.85,-0.9322892131745133,6.0
2019-06-11,486.0,0.0,24.42,0.0,6.520335411997716,0.10093786593050781,61.050000000000004,-0.9383773917408641,1.0
2019-06-12,486.0,0.0,25.98,0.0,5.542285100198058,0.08579718604093163,64.95,-0.9441875088341993,0.0
2019-06-13,487.0,1.1,25.03,1.1,5.810942335168349,0.0899561266860393,62.575,-0.9497178427914316,1.0
2019-06-14,490.0,0.0,22.23,0.0,4.939300984893096,0.0764627076831334,55.575,-0.9549667548552551,3.0
2019-06-15,488.0,0.0,21.88,0.0,4.1984058371591315,0.06499330153066339,54.699999999999996,-0.9599326896597447,-2.0
2019-06-16,481.0,10.3,19.48,10.3,13.868644961585263,0.21469316182638062,48.7,-0.9646141756912435,-7.0
2019-06-17,483.0,3.6,17.76,3.6,15.388348217347472,0.23821888462923327,44.400000000000006,-0.9690098257244062,2.0
2019-06-18,485.0,0.0,18.97,0.0,13.08009598474535,0.20248605193484825,47.425,-0.9731183372332619,2.0
2019-06-19,485.0,0.0,22.0,0.0,11.118081587033547,0.172113144144621,55.0,-0.9769384927771817,0.0
2019-06-20,484.0,22.1,21.5,22.1,31.550369348978517,0.48841459068889875,53.75,-0.980469160361632,-1.0
2019-06-21,484.0,0.0,21.32,0.0,26.817813946631738,0.4151524020855639,53.3,-0.9837092937736097,0.0
2019-06-22,481.0,0.0,19.0,0.0,22.795141854636977,0.35287954177272934,47.5,-0.986657932891657,-3.0
2019-06-23,478.0,0.0,18.57,0.0,19.37587057644143,0.2999476105068199,46.425,-0.9893142039703663,-3.0
2019-06-24,478.0,0.0,20.1,0.0,16.469489989975212,0.2549554689307969,50.25,-0.99167731989929,0.0
2019-06-25,481.0,0.0,21.77,0.0,13.99906649147893,0.21671214859117735,54.425,-0.993746580436178,3.0
2019-06-26,485.0,0.0,24.45,0.0,11.89920651775709,0.18420532630250075,61.125,-0.9955213724144752,4.0
2019-06-27,486.0,3.9,18.57,3.9,14.014325540093527,0.21694836585700283,46.425,-0.9970011699250151,1.0
2019-06-28,486.0,0.0,16.07,0.0,11.912176709079498,0.18440611097845241,40.175,-0.9981855344718586,0.0
2019-06-29,484.0,0.0,16.3,0.0,10.125350202717573,0.15674519433168457,40.75,-0.99907411510223,-2.0
2019-06-30,483.0,0.0,21.58,0.0,8.606547672309937,0.13323341518193185,53.949999999999996,-0.9996666485105112,-1.0
2019-07-01,475.0,0.0,20.29,0.0,7.315565521463446,0.11324840290464208,50.724999999999994,-0.9999629591162655,-8.0
2019-07-02,473.0,1.7,16.02,1.7,7.918230693243929,0.12257794386632814,40.05,-0.9999629591162655,-2.0
2019-07-03,477.0,3.0,13.3,3.0,9.73049608925734,0.1506326665170537,33.25,-0.9996666485105112,4.0
2019-07-04,474.0,1.0,13.18,1.0,9.270921675868738,0.14351823794972057,32.95,-0.99907411510223,-3.0
2019-07-05,477.0,5.4,13.83,5.4,13.280283424488427,0.20558504787247708,34.575,-0.9981855344718586,3.0
2019-07-06,478.0,0.0,15.32,0.0,11.288240910815164,0.17474729069160552,38.3,-0.9970011699250151,1.0
2019-07-07,467.0,3.1,14.07,3.1,12.695004774192888,0.19652465845956196,35.175,-0.9955213724144752,-11.0
2019-07-08,468.0,7.2,13.3,7.2,17.990754058063956,0.2785053538442472,33.25,-0.9937465804361781,1.0
2019-07-09,470.0,1.7,15.21,1.7,16.99214094935436,0.26304635216499245,38.025000000000006,-0.99167731989929,2.0
2019-07-10,473.0,2.1,14.16,2.1,16.543319806951207,0.2560983893017159,35.4,-0.9893142039703664,3.0
2019-07-11,480.0,0.0,15.66,0.0,14.061821835908525,0.2176836309064585,39.15,-0.9866579328916572,7.0
2019-07-12,477.0,0.0,15.64,0.0,11.952548560522246,0.18503108627048973,39.1,-0.9837092937736098,-3.0
2019-07-13,477.0,0.6,15.08,0.6,10.759666276443909,0.16656470617605124,37.7,-0.9804691603616321,0.0
2019-07-14,467.0,0.0,16.82,0.0,9.145716334977323,0.14158000024964354,42.05,-0.9769384927771817,-10.0
2019-07-15,470.0,0.0,17.49,0.0,7.773858884730724,0.120343000212197,43.724999999999994,-0.973118337233262,3.0
2019-07-16,470.0,9.4,13.73,9.4,16.007780052021115,0.24780798143648175,34.325,-0.9690098257244063,0.0
2019-07-17,473.0,0.4,14.08,0.4,14.006613044217948,0.21682897278509947,35.2,-0.9646141756912435,3.0
2019-07-18,474.0,0.0,16.92,0.0,11.905621087585256,0.18430462686733456,42.300000000000004,-0.9599326896597445,1.0
2019-07-19,475.0,0.0,17.91,0.0,10.119777924447467,0.15665893283723437,44.775,-0.9549667548552553,1.0
2019-07-20,478.0,0.0,20.46,0.0,8.601811235780346,0.13316009291164918,51.150000000000006,-0.9497178427914317,3.0
2019-07-21,463.0,12.5,21.62,12.5,19.811539550413293,0.3066919716027134,54.050000000000004,-0.9441875088341994,-15.0
2019-07-22,476.0,5.6,18.0,5.6,22.4398086178513,0.347378815759566,45.0,-0.9383773917408642,13.0
2019-07-23,483.0,0.0,18.62,0.0,19.073837325173603,0.29527199339563104,46.550000000000004,-0.9322892131745134,7.0
2019-07-24,484.0,0.0,21.51,0.0,16.212761726397563,0.2509811943862864,53.775000000000006,-0.9259247771938499,1.0
2019-07-25,485.0,2.2,20.64,2.2,15.980847467437929,0.24739105233083827,51.6,-0.9192859697186105,1.0
2019-07-26,484.0,0.0,19.4,0.0,13.58372034732224,0.21028239448121255,48.5,-0.9123747579707274,-1.0
2019-07-27,482.0,4.2,18.93,4.2,15.746162295223904,0.24375801523197535,47.325,-0.9051931898913975,-2.0
2019-07-28,471.0,0.0,22.9,0.0,13.384237950940317,0.20719431294717905,57.25,-0.8977433935342336,-11.0
2019-07-29,479.0,0.0,24.31,0.0,11.37660225829927,0.17611516600510219,60.775,-0.8900275764346766,8.0
2019-07-30,486.0,0.0,19.49,0.0,9.67011191955438,0.14969789110433687,48.724999999999994,-0.8820480249558535,7.0
2019-07-31,480.0,0.0,15.4,0.0,8.219595131621222,0.12724320743868633,38.5,-0.8738071036110807,-6.0
2019-08-01,480.0,1.9,14.42,1.9,8.886655861878038,0.13756962200231074,36.05,-0.8653072543632061,0.0
2019-08-02,482.0,0.6,15.92,0.6,8.153657482596332,0.12622246154809907,39.8,-0.8565509959010037,2.0
2019-08-03,477.0,1.1,15.84,1.1,8.030608860206883,0.12431761086713163,39.6,-0.8475409228928312,-5.0
2019-08-04,465.0,0.0,15.09,0.0,6.82601753117585,0.10566996923706189,37.725,-0.8382797052177745,-12.0
2019-08-05,474.0,0.0,15.14,0.0,5.802114901499473,0.0898194738515026,37.85,-0.828770087174504,9.0
2019-08-06,479.0,3.6,17.61,3.6,8.531797666274551,0.13207624985058694,44.025,-0.8190148866680802,5.0
2019-08-07,481.0,1.4,19.79,1.4,8.652028016333368,0.1339374723473138,49.474999999999994,-0.8090169943749472,2.0
2019-08-08,483.0,16.6,17.35,16.6,23.954223813883363,0.3708226769049505,43.375,-0.7987793728863648,2.0
2019-08-09,483.0,4.0,15.97,4.0,24.36109024180086,0.3771211610101077,39.925000000000004,-0.7883050558305253,0.0
2019-08-10,477.0,3.0,16.75,3.0,23.70692670553073,0.3669944010892663,41.875,-0.7775971469736268,-6.0
2019-08-11,467.0,0.4,19.34,0.4,20.550887699701118,0.31813742948996626,48.35,-0.7666588193001592,-10.0
2019-08-12,477.0,0.0,21.22,0.0,17.46825454474595,0.2704168150664713,53.05,-0.7554933140726804,10.0
2019-08-13,482.0,0.0,19.04,0.0,14.848016363034057,0.22985429280650063,47.599999999999994,-0.7441039398713608,5.0
2019-08-14,484.0,2.6,14.8,2.6,15.220813908578949,0.23562537455211033,37.0,-0.7324940716135792,2.0
2019-08-15,482.0,0.0,15.3,0.0,12.937691822292106,0.20028156836929378,38.25,-0.7206671495538615,-2.0
2019-08-16,482.0,0.0,17.17,0.0,10.997038048948289,0.1702393331138997,42.925000000000004,-0.7086266782644601,0.0
2019-08-17,479.0,0.0,18.73,0.0,9.347482341606046,0.14470343314681475,46.825,-0.6963762255968726,-3.0
2019-08-18,476.0,0.0,21.58,0.0,7.945359990365139,0.12299791817479254,53.949999999999996,-0.6839194216246105,-3.0
2019-08-19,484.0,0.5,22.23,0.5,7.2535559918103685,0.11228846615368612,55.575,-0.6712599575675315,8.0
2019-08-20,488.0,0.0,20.12,0.0,6.165522593038813,0.0954451962306332,50.300000000000004,-0.6584015846980489,4.0
2019-08-21,491.0,28.3,14.19,28.3,33.54069420408299,0.5192257577054036,35.475,-0.64534811322955,3.0
2019-08-22,494.0,0.0,15.91,0.0,28.50959007347054,0.44134189404959306,39.775,-0.6321034111873488,3.0
2019-08-23,498.0,0.0,17.2,0.0,24.233151562449958,0.3751406099421541,43.0,-0.6186714032625032,4.0
2019-08-24,496.0,0.0,19.15,0.0,20.598178828082464,0.31886951845083095,47.875,-0.6050560696488494,-2.0
2019-08-25,484.0,0.0,20.8,0.0,17.508452003870094,0.2710390906832063,52.0,-0.5912614448635782,-12.0
2019-08-26,495.0,0.0,20.88,0.0,14.88218420328958,0.23038322708072537,52.199999999999996,-0.5772916165517278,11.0
2019-08-27,500.0,0.0,21.29,0.0,12.649856572796143,0.19582574301861655,53.224999999999994,-0.5631507242749187,5.0
2019-08-28,499.0,0.0,22.05,0.0,10.752378086876721,0.16645188156582408,55.125,-0.5488429582847199,-1.0
2019-08-29,499.0,4.2,19.49,4.2,13.339521373845212,0.20650207925389513,48.724999999999994,-0.5343725582809785,0.0
2019-08-30,497.0,0.0,19.76,0.0,11.33859316776843,0.17552676736581085,49.400000000000006,-0.5197438121555157,-2.0
2019-08-31,496.0,0.0,18.9,0.0,9.637804192603165,0.14919775226093923,47.25,-0.5049610547215202,-1.0
2019-09-01,478.0,0.0,20.43,0.0,8.192133563712689,0.1268180894217983,51.075,-0.4900286664290594,-18.0
2019-09-02,485.0,0.0,19.03,0.0,6.963313529155785,0.10779537600852857,47.575,-0.4749510720670502,7.0
2019-09-03,486.0,0.5,15.05,0.5,6.418816499782418,0.09936630531236175,37.625,-0.4597327394521046,1.0
2019-09-04,486.0,0.0,14.31,0.0,5.455994024815055,0.0844613595155075,35.775,-0.44437817810461344,0.0
2019-09-05,487.0,0.0,17.66,0.0,4.637594921092797,0.07179215558818136,44.15,-0.4288919379124841,1.0
2019-09-06,483.0,0.3,15.44,0.3,4.241955682928877,0.06566747367302163,38.6,-0.41327860778290443,-4.0
2019-09-07,479.0,0.0,15.7,0.0,3.605662330489545,0.055817352622068384,39.25,-0.3975428142825566,-4.0
2019-09-08,479.0,0.0,19.36,0.0,3.0648129809161135,0.04744474972875813,48.4,-0.3816892202666586,0.0
2019-09-09,480.0,0.0,19.96,0.0,2.6050910337786966,0.04032803726944441,49.900000000000006,-0.3657225234972692,1.0
2019-09-10,482.0,0.0,17.4,0.0,2.214327378711892,0.034278831679027746,43.5,-0.34964745525122826,2.0
2019-09-11,476.0,0.0,15.98,0.0,1.8821782719051081,0.029137006927173584,39.95,-0.33346877891818705,-6.0
2019-09-12,476.0,0.0,16.36,0.0,1.5998515311193418,0.024766455888097543,40.9,-0.31719128858910595,0.0
2019-09-13,482.0,0.2,14.88,0.2,1.5598738014514404,0.024147581786927896,37.2,-0.300819807635668,6.0
2019-09-14,481.0,0.9,11.97,0.9,2.225892731233724,0.034457868788091144,29.925,-0.2843591872810036,-1.0
2019-09-15,467.0,0.0,13.82,0.0,1.8920088215486655,0.02928918846987747,34.55,-0.26781430516217486,-14.0
2019-09-16,471.0,1.6,13.06,1.6,3.2082074983163658,0.04966456445575573,32.65,-0.25119006388481957,4.0
2019-09-17,477.0,3.3,8.44,3.3,6.02697637356891,0.09330043544113463,21.099999999999998,-0.23449138957041052,6.0
2019-09-18,476.0,1.2,8.65,1.2,6.322929917533574,0.09788193581723434,21.625,-0.21772323039653224,-1.0
2019-09-19,480.0,2.3,8.17,2.3,7.674490429903537,0.11880472968816652,20.425,-0.20089055513063528,4.0
2019-09-20,481.0,0.0,7.57,0.0,6.523316865418007,0.10098402023494155,18.925,-0.18399835165767986,1.0
2019-09-21,481.0,0.0,11.4,0.0,5.544819335605306,0.08583641719970031,28.5,-0.1670516255021195,0.0
2019-09-22,467.0,0.5,10.7,0.5,5.21309643526451,0.08070119032485773,26.75,-0.15005539834465262,-14.0
2019-09-23,474.0,0.0,5.26,0.0,4.4311319699748335,0.06859601177612906,13.149999999999999,-0.13301470653419636,7.0
2019-09-24,481.0,0.0,5.68,0.0,3.766462174478608,0.05830661000970971,14.2,-0.11593459959550066,7.0
2019-09-25,482.0,0.0,6.47,0.0,3.201492848306817,0.049560618508253246,16.175,-0.09882013873287211,1.0
2019-09-26,482.0,0.0,10.33,0.0,2.721268921060794,0.04212652573201526,25.825,-0.08167639533042288,0.0
2019-09-27,482.0,0.0,10.61,0.0,2.313078582901675,0.035807546872212964,26.525,-0.06450844944931625,0.0
2019-09-28,484.0,13.9,10.3,13.9,15.866116795466423,0.2456149674435075,25.75,-0.04732138832243232,2.0
2019-09-29,478.0,1.3,12.64,1.3,14.78619927614646,0.22889733516027377,31.6,-0.03012030484690836,-6.0
2019-09-30,477.0,17.4,13.41,17.4,29.96826938472449,0.4639229374241464,33.525,-0.012910296075008843,-1.0
2019-10-01,481.0,4.3,10.96,4.3,29.773028977015816,0.46090052387449165,27.400000000000002,0.004303538296243821,4.0
2019-10-02,485.0,11.3,10.85,11.3,36.607074630463444,0.5666947722288596,27.125,0.021516097436222233,4.0
2019-10-03,491.0,0.7,8.74,0.7,31.816013435893925,0.49252688638168807,21.85,0.03872228089217399,6.0
2019-10-04,496.0,0.3,7.74,0.3,27.343611420509838,0.42329199484750235,19.35,0.05591699010060302,5.0
2019-10-05,501.0,0.0,4.64,0.0,23.242069707433362,0.359798195620377,11.6,0.07309512989807776,5.0
2019-10-06,496.0,0.2,2.1,0.2,19.95575925131836,0.30892456055936546,5.25,0.0902516100310407,-5.0
2019-10-07,493.0,1.4,2.62,1.4,18.362395363620603,0.2842585364497755,6.550000000000001,0.10738134666416306,-3.0
2019-10-08,501.0,2.3,5.07,2.3,17.908036059077514,0.2772248402258265,12.675,0.12447926388678869,8.0
2019-10-09,503.0,1.1,10.51,1.1,16.321830650215887,0.2526696327432,26.275,0.141540295217043,2.0
2019-10-10,503.0,6.7,9.73,6.7,20.573556052683504,0.318488346280227,24.325000000000003,0.15855938510313475,0.0
2019-10-11,506.0,1.6,10.59,1.6,19.08752264478098,0.29548384859455284,26.475,0.17553149042142777,3.0
2019-10-12,511.0,9.8,11.1,9.8,26.02439424806383,0.4028698911255742,27.75,0.19245158197082995,5.0
2019-10-13,502.0,0.1,11.44,0.1,22.220735110854257,0.34398745459776053,28.599999999999998,0.20931464596304888,-9.0
2019-10-14,505.0,0.0,14.6,0.0,18.887624844226117,0.29238933640809645,36.5,0.22611568550828803,3.0
2019-10-15,505.0,0.0,11.28,0.0,16.0544811175922,0.24853093594688197,28.2,0.2428497220959358,0.0
2019-10-16,504.0,0.0,15.66,0.0,13.646308949953369,0.21125129555484967,39.15,0.25951179706979943,-1.0
2019-10-17,502.0,1.9,11.71,1.9,13.499362607460364,0.20897649690104958,29.275000000000002,0.27609697309746883,-2.0
2019-10-18,499.0,0.2,12.37,0.2,11.674458216341309,0.1807261166479371,30.924999999999997,0.2926003356333479,-3.0
2019-10-19,496.0,0.0,11.42,0.0,9.923289483890112,0.15361719915074656,28.55,0.30901699437494723,-3.0
2019-10-20,486.0,0.0,13.19,0.0,8.434796061306596,0.13057461927813457,32.975,0.3253420847119795,-10.0
2019-10-21,494.0,0.0,12.2,0.0,7.169576652110607,0.11098842638641439,30.5,0.341570769167856,8.0
2019-10-22,489.0,0.0,12.77,0.0,6.094140154294015,0.09434016242845222,31.924999999999997,0.35769823883312546,-5.0
2019-10-23,490.0,0.0,9.96,0.0,5.180019131149913,0.08018913806418439,24.900000000000002,0.3737197147904692,1.0
2019-10-24,500.0,0.0,9.03,0.0,4.4030162614774255,0.06816076735455673,22.575,0.38963044953078774,10.0
2019-10-25,507.0,0.0,10.24,0.0,3.7425638222558115,0.05793665225137321,25.6,0.4054257283599973,7.0
2019-10-26,501.0,0.0,11.86,0.0,3.1811792489174398,0.04924615441366723,29.65,0.42110087079608916,-6.0
2019-10-27,503.0,0.9,10.41,0.9,3.604002361579824,0.055791655520819584,26.025,0.4366512319560638,2.0
2019-10-28,503.0,1.7,6.54,1.7,4.76340200734285,0.07373970859007901,16.35,0.45207220393230374,0.0
2019-10-29,505.0,0.0,3.11,0.0,4.048891706241422,0.06267875230156715,7.7749999999999995,0.46735921715800205,2.0
2019-10-30,509.0,0.0,-0.19,0.0,3.4415579503052087,0.053276939456332086,0.0,0.48250774176121763,4.0
2019-10-31,507.0,2.2,1.64,2.2,5.125324257759427,0.0793424356403771,4.1,0.4975132889071803,-2.0
2019-11-01,508.0,0.0,3.99,0.0,4.356525619095513,0.06744107029432055,9.975000000000001,0.5123714121284235,1.0
2019-11-02,499.0,1.8,3.35,1.8,5.503046776231186,0.08518975828857733,8.375,0.5270777086423724,-9.0
2019-11-03,499.0,0.2,8.8,0.2,4.877589759796509,0.07550738882733572,22.0,0.5416278206559811,0.0
2019-11-04,501.0,6.6,11.49,6.6,10.745951295827032,0.16635239181071987,28.725,0.5560174366570446,2.0
2019-11-05,502.0,0.8,9.97,0.8,9.934058601452978,0.15378391016729184,24.925,0.5702422926917867,1.0
2019-11-06,503.0,1.2,7.72,1.2,9.64394981123503,0.14929288933446797,19.3,0.5842981736283683,1.0
2019-11-07,511.0,0.0,6.29,0.0,8.197357339549775,0.12689895593429776,15.725,0.5981809144059159,8.0
2019-11-08,515.0,0.0,5.27,0.0,6.967753738617309,0.1078641125441531,13.174999999999999,0.6118864012687242,4.0
2019-11-09,516.0,1.1,8.58,1.1,7.022590677824713,0.10871301421377756,21.45,0.6254105729852457,1.0
2019-11-10,503.0,3.8,7.68,3.8,9.769202076151005,0.15123185344056564,19.2,0.6387494220515268,-13.0
2019-11-11,498.0,0.3,4.96,0.3,8.603821764728355,0.13319121684754828,12.4,0.6518989958787125,-5.0
2019-11-12,500.0,0.0,5.4,0.0,7.313248500019101,0.11321253432041603,13.5,0.6648553979642867,2.0
2019-11-13,506.0,0.8,10.67,0.8,7.016261225016236,0.10861503130053356,26.675,0.6776147890466887,6.0
2019-11-14,512.0,1.6,8.98,1.6,7.563822041263801,0.11709153086181343,22.450000000000003,0.690173388242972,6.0
2019-11-15,511.0,0.0,7.12,0.0,6.429248735074231,0.09952780123254142,17.8,0.7025274741691566,-1.0
2019-11-16,508.0,0.0,7.34,0.0,5.464861424813097,0.0845986310476602,18.35,0.7146733860429608,-3.0
2019-11-17,498.0,0.0,7.29,0.0,4.645132211091132,0.07190883639051117,18.225,0.726607524768565,-10.0
2019-11-18,506.0,0.0,8.37,0.0,3.9483623794274623,0.06112251093193449,20.924999999999997,0.7383263540031063,8.0
2019-11-19,509.0,0.0,6.76,0.0,3.356108022513343,0.05195413429214432,16.9,0.749826401204568,3.0
2019-11-20,510.0,0.0,5.25,0.0,2.8526918191363415,0.04416101414832267,13.125,0.7611042586607742,1.0
2019-11-21,511.0,0.0,3.26,0.0,2.42478804626589,0.03753686202607427,8.149999999999999,0.7721565844991641,1.0
2019-11-22,510.0,0.0,-0.87,0.0,2.0610698393260067,0.03190633272216313,0.0,0.7829801036770625,-1.0
2019-11-23,508.0,0.0,-2.89,0.0,1.7519093634271057,0.02712038281383866,0.0,0.7935716089521472,-2.0
2019-11-24,503.0,0.0,-1.83,0.0,1.4891229589130397,0.02305232539176286,0.0,0.8039279618328208,-5.0
2019-11-25,504.0,0.0,-2.13,0.0,1.2657545150760836,0.019594476582998427,0.0,0.8140460935082175,1.0
2019-11-26,507.0,0.0,-0.86,0.0,1.075891337814671,0.016655305095548665,0.0,0.8239230057575536,3.0
2019-11-27,504.0,0.0,0.44,0.0,0.9145076371424704,0.014157009331216365,1.1,0.8335557718385695,-3.0
2019-11-28,505.0,1.6,2.73,1.6,2.3773314915711,0.0368022121878938,6.825,0.8429415373547832,1.0
2019-11-29,499.0,0.4,5.13,0.4,2.4207317678354348,0.037474068923799696,12.825,0.8520775211013093,-6.0
2019-11-30,498.0,0.8,0.43,0.8,2.8576220026601193,0.044237335713409674,1.075,0.8609610158889945,-1.0
2019-12-01,500.0,0.0,-1.13,0.0,2.4289787022611016,0.03760173535639823,0.0,0.8695893893466109,2.0
2019-12-02,505.0,1.4,0.16,1.4,3.464631896921936,0.053634135027253386,0.4,0.8779600847008883,5.0
2019-12-03,506.0,0.0,-1.01,0.0,2.9449371123836454,0.045589014773165376,0.0,0.8860706215341377,1.0
2019-12-04,498.0,1.3,2.89,1.3,3.8031965455260988,0.05887527539048298,7.2250000000000005,0.893918596519257,-8.0
2019-12-05,496.0,0.0,2.35,0.0,3.232717063697184,0.050043984081910534,5.875,0.9015016841318838,-2.0
2019-12-06,501.0,0.9,0.52,0.9,3.6478095041426064,0.056469810738826384,1.3,0.9088176373395028,5.0
2019-12-07,504.0,6.6,2.39,6.6,9.700638078521216,0.15017045043548696,5.9750000000000005,0.9158642882672868,3.0
2019-12-08,504.0,0.9,4.38,0.9,9.145542366743033,0.14157730713936634,10.95,0.9226395488404875,0.0
2019-12-09,512.0,0.3,5.82,0.3,8.073711011731579,0.12498485249152887,14.55,0.9291414114031743,8.0
2019-12-10,512.0,0.3,2.8,0.3,7.1626543599718415,0.11088126604086701,7.0,0.935367949313148,0.0
2019-12-11,506.0,0.0,-3.39,0.0,6.088256205976065,0.09424907613473696,0.0,0.941317317512847,-6.0
2019-12-12,506.0,1.1,-0.27,1.1,6.275017775079656,0.09714023326577384,0.0,0.946987753076075,0.0
2019-12-13,506.0,0.0,1.75,0.0,5.333765108817707,0.08256919827590777,4.375,0.9523775757303973,0.0
2019-12-14,511.0,3.8,1.61,3.8,8.333700342495051,0.12900960989337631,4.025,0.9574851883550389,5.0
2019-12-15,511.0,4.7,2.99,4.7,11.783645291120793,0.18241638403742702,7.4750000000000005,0.9623090774541487,0.0
2019-12-16,506.0,0.0,3.63,0.0,10.016098497452674,0.15505392643181296,9.075,0.9668478136052773,-5.0
2019-12-17,507.0,2.8,4.38,2.8,11.31368372283477,0.1751411574156708,10.95,0.9711000518829505,1.0
2019-12-18,509.0,0.0,5.99,0.0,9.616631164409554,0.14886998380332014,14.975000000000001,0.9750645322571945,2.0
2019-12-19,504.0,0.0,2.8,0.0,8.17413648974812,0.1265394862328221,7.0,0.9787400799669153,-5.0
2019-12-20,507.0,0.0,2.95,0.0,6.9480160162859015,0.10755856329789878,7.375,0.9821256058680006,3.0
2019-12-21,507.0,0.0,4.6,0.0,5.905813613843016,0.09142477880321397,11.5,0.9852201067560606,0.0
2019-12-22,505.0,4.4,5.92,4.4,9.419941571766564,0.14582513618772155,14.8,0.9880226656636976,-2.0
2019-12-23,505.0,0.6,5.46,0.6,8.60695033600158,0.13323964860569829,13.65,0.9905324521322227,0.0
2019-12-24,509.0,8.2,5.44,8.2,15.515907785601343,0.24019356687868793,13.600000000000001,0.9927487224577402,4.0
2019-12-25,508.0,2.9,4.02,2.9,16.088521617761142,0.24905789893653704,10.049999999999999,0.9946708199115211,-1.0
2019-12-26,511.0,0.0,2.69,0.0,13.67524337509697,0.2116992140960565,6.725,0.9962981749346077,3.0
2019-12-27,507.0,0.3,0.74,0.3,11.923956868832425,0.1845884734047155,1.85,0.9976303053065857,-4.0
2019-12-28,512.0,0.0,-0.65,0.0,10.135363338507561,0.15690020239400818,0.0,0.9986668162884759,5.0
2019-12-29,504.0,0.0,-1.59,0.0,8.615058837731427,0.13336517203490694,0.0,0.9994074007397048,-8.0
2019-12-30,491.0,0.4,2.53,0.4,7.722800012071713,0.11955258479376087,6.324999999999999,0.9998518392091162,-13.0
2019-12-31,495.0,0.9,3.95,0.9,7.464380010260956,0.11555212134389917,9.875,1.0,4.0
2020-01-01,500.0,0.4,1.87,0.4,6.744723008721813,0.10441149170640428,4.675000000000001,0.9998518392091162,5.0
2020-01-02,508.0,0.0,2.25,0.0,5.733014557413541,0.08874976795044363,5.625,0.9994074007397048,8.0
2020-01-03,508.0,0.8,0.8,0.8,5.67306237380151,0.08782167988605702,2.0,0.998666816288476,0.0
2020-01-04,495.0,2.7,1.86,2.7,7.5221030177312835,0.11644570071075579,4.65,0.9976303053065857,-13.0
2020-01-05,491.0,0.0,-0.6,0.0,6.393787565071591,0.09897884560414241,0.0,0.9962981749346078,-4.0
2020-01-06,496.0,1.4,0.05,1.4,6.834719430310852,0.10580467873783593,0.125,0.9946708199115211,5.0
2020-01-07,501.0,0.0,0.81,0.0,5.809511515764224,0.08993397692716054,2.0250000000000004,0.9927487224577402,5.0
2020-01-08,496.0,1.6,1.88,1.6,6.5380847883995905,0.10121263464444635,4.699999999999999,0.9905324521322229,-5.0
2020-01-09,503.0,3.1,3.43,3.1,8.657372070139651,0.13402020081947666,8.575000000000001,0.9880226656636976,7.0
2020-01-10,508.0,15.7,5.69,15.7,23.058766259618704,0.3569605718370865,14.225000000000001,0.9852201067560606,5.0
2020-01-11,508.0,2.5,3.18,2.5,22.0999513206759,0.34211766458708587,7.95,0.9821256058680006,0.0
2020-01-12,491.0,2.6,2.93,2.6,21.384958622574516,0.3310492405656078,7.325,0.9787400799669153,-17.0
2020-01-13,497.0,3.4,3.21,3.4,21.577214829188335,0.33402545727553135,8.025,0.9750645322571948,6.0
2020-01-14,492.0,0.0,2.85,0.0,18.340632604810086,0.28392163868420167,7.125,0.9711000518829505,-5.0
2020-01-15,492.0,0.0,4.49,0.0,15.589537714088573,0.2413333928815714,11.225000000000001,0.9668478136052775,0.0
2020-01-16,497.0,0.0,5.16,0.0,13.251107056975286,0.2051333839493357,12.9,0.9623090774541486,5.0
2020-01-17,494.0,0.0,1.54,0.0,11.263440998428992,0.17436337635693533,3.85,0.9574851883550393,-3.0
2020-01-18,498.0,0.0,1.34,0.0,9.573924848664642,0.14820886990339502,3.35,0.9523775757303974,4.0
2020-01-19,499.0,0.0,2.33,0.0,8.137836121364947,0.12597753941788575,5.825,0.9469877530760753,1.0
2020-01-20,497.0,0.0,3.16,0.0,6.917160703160205,0.1070809085052029,7.9,0.9413173175128471,-2.0
2020-01-21,487.0,2.2,4.0,2.2,8.079586597686173,0.12507580933191728,10.0,0.9353679493131483,-10.0
2020-01-22,493.0,3.8,3.81,3.8,10.667648608033247,0.1651402292909844,9.525,0.9291414114031743,6.0
2020-01-23,495.0,0.2,1.55,0.2,9.267501316828259,0.14346528917938173,3.875,0.9226395488404876,2.0
2020-01-24,479.0,2.2,3.11,2.2,10.07737611930402,0.1560025329049693,7.7749999999999995,0.9158642882672872,-16.0
2020-01-25,479.0,0.6,3.75,0.6,9.165769701408417,0.14189043581535885,9.375,0.9088176373395029,0.0
2020-01-26,487.0,0.0,2.44,0.0,7.790904246197154,0.12060687044305501,6.1,0.901501684131884,8.0
2020-01-27,487.0,0.0,0.28,0.0,6.62226860926758,0.10251583987659676,0.7000000000000001,0.893918596519257,0.0
2020-01-28,482.0,2.6,1.2,2.6,8.228928317877443,0.12738768956169205,3.0,0.886070621534138,-5.0
2020-01-29,480.0,1.1,2.29,1.1,8.094589070195827,0.12530805467868567,5.725,0.8779600847008882,-2.0
2020-01-30,484.0,1.4,2.48,1.4,8.280400709666452,0.1281845064511977,6.2,0.869589389346611,4.0
2020-01-31,485.0,4.5,3.08,4.5,11.538340603216483,0.1786189518295302,7.7,0.8609610158889943,1.0
2020-02-01,486.0,4.0,6.05,4.0,13.80758951273401,0.21374799469600037,15.125,0.8520775211013093,1.0
2020-02-02,476.0,3.8,4.92,3.8,15.53645108582391,0.24051158685045504,12.3,0.8429415373547828,-10.0
2020-02-03,486.0,0.0,2.62,0.0,13.205983422950323,0.2044348488228868,6.550000000000001,0.8335557718385699,10.0
2020-02-04,492.0,0.0,0.6,0.0,11.225085909507774,0.17376962149945377,1.5,0.8239230057575542,6.0
2020-02-05,490.0,0.0,-1.82,0.0,9.541323023081608,0.1477041782745357,0.0,0.8140460935082178,-2.0
2020-02-06,480.0,1.2,0.77,1.2,9.310124569619365,0.14412511722562524,1.925,0.8039279618328213,-10.0
2020-02-07,478.0,0.0,-1.87,0.0,7.9136058841764605,0.12250634964178145,0.0,0.7935716089521474,-2.0
2020-02-08,476.0,0.0,0.15,0.0,6.726565001549991,0.10413039719551423,0.375,0.7829801036770629,-2.0
2020-02-09,479.0,0.0,0.9,0.0,5.717580251317492,0.08851083761618708,2.25,0.7721565844991642,3.0
2020-02-10,470.0,11.9,3.58,11.9,16.75994321361987,0.2594518217554357,8.95,0.7611042586607747,-9.0
2020-02-11,481.0,4.5,2.18,4.5,18.745951731576888,0.29019616983813246,5.45,0.7498264012045686,11.0
2020-02-12,473.0,6.2,2.36,6.2,22.134058971840354,0.34264566710580713,5.8999999999999995,0.7383263540031065,-8.0
2020-02-13,468.0,3.0,2.31,3.0,21.8139501260643,0.3376902312706108,5.775,0.7266075247685656,-5.0
2020-02-14,471.0,0.0,-0.15,0.0,18.541857607154654,0.2870366965800192,0.0,0.7146733860429609,3.0
2020-02-15,476.0,0.0,-0.59,0.0,15.760578966081455,0.2439811920930163,0.0,0.702527474169157,5.0
2020-02-16,473.0,0.6,4.22,0.6,13.996492121169236,0.2166722961251988,10.549999999999999,0.6901733882429719,-3.0
2020-02-17,473.0,1.6,7.32,1.6,13.497018302993851,0.20894020596277887,18.3,0.6776147890466889,0.0
2020-02-18,477.0,3.8,4.05,3.8,15.272465557544773,0.23642496642721675,10.125,0.6648553979642865,4.0
2020-02-19,472.0,0.1,4.01,0.1,13.081595723913058,0.20250926860415674,10.024999999999999,0.6518989958787126,-5.0
2020-02-20,471.0,0.0,2.65,0.0,11.119356365326098,0.17213287831353322,6.625,0.6387494220515272,-1.0
2020-02-21,460.0,0.5,1.88,0.5,9.951452910527182,0.15405318227161569,4.699999999999999,0.6254105729852463,-11.0
2020-02-22,459.0,5.2,3.48,5.2,13.658734973948103,0.21144365626404293,8.7,0.6118864012687243,-1.0
2020-02-23,453.0,1.9,3.62,1.9,13.509924727855887,0.20914000350386383,9.05,0.5981809144059164,-6.0
2020-02-24,465.0,0.0,2.72,0.0,11.483436018677503,0.17776900297828424,6.800000000000001,0.5842981736283683,12.0
2020-02-25,471.0,5.8,0.61,5.8,15.560920615875876,0.24089038671084614,1.525,0.5702422926917871,6.0
2020-02-26,470.0,0.0,3.05,0.0,13.226782523494494,0.2047568287042192,7.625,0.5560174366570446,-1.0
2020-02-27,470.0,0.3,1.1,0.3,11.54276514497032,0.1786874458216538,2.75,0.5416278206559814,0.0
2020-02-28,460.0,0.5,0.67,0.5,10.311350373224771,0.1596245646535182,1.675,0.5270777086423722,-10.0
2020-02-29,467.0,0.3,2.76,0.3,9.064647817241056,0.14032502137855796,6.8999999999999995,0.5123714121284237,7.0
2020-03-01,458.0,3.3,5.15,3.3,11.004950644654897,0.1703618238255165,12.875,0.49751328890718066,-9.0
2020-03-02,474.0,1.7,5.93,1.7,11.054208047956662,0.1711243516490714,14.825,0.48250774176121847,16.0
2020-03-03,483.0,1.0,6.26,1.0,10.396076840763163,0.16093617031193563,15.649999999999999,0.46735921715800227,9.0
2020-03-04,476.0,1.5,6.04,1.5,10.336665314648688,0.16001645188048266,15.1,0.45207220393230435,-7.0
2020-03-05,468.0,0.0,3.44,0.0,8.786165517451384,0.13601398409841023,8.6,0.43665123195606403,-8.0
2020-03-06,463.0,0.0,3.46,0.0,7.468240689833676,0.11561188648364872,8.65,0.4211008707960896,-5.0
2020-03-07,460.0,3.3,4.34,3.3,9.648004586358624,0.14935565916484364,10.85,0.40542572835999735,-3.0
2020-03-08,462.0,1.9,4.7,1.9,10.10080389840483,0.15636520596954445,11.75,0.38963044953078796,2.0
2020-03-09,479.0,0.0,4.05,0.0,8.585683313644106,0.1329104250741128,10.125,0.37371971479046906,17.0
2020-03-10,486.0,0.0,3.54,0.0,7.2978308165974894,0.11297386131299586,8.85,0.35769823883312546,7.0
2020-03-11,481.0,4.5,6.1,4.5,10.703156194107866,0.16568990346205864,15.25,0.3415707691678556,-5.0
2020-03-12,476.0,10.1,4.95,10.1,19.197682764991683,0.29718917918602156,12.375,0.3253420847119801,-5.0
2020-03-13,470.0,0.0,4.83,0.0,16.31803035024293,0.2526108023081183,12.075,0.30901699437494745,-6.0
2020-03-14,470.0,0.8,-0.71,0.8,14.67032579770649,0.2271035590900805,0.0,0.29260033563334836,0.0
2020-03-15,466.0,0.0,-0.2,0.0,12.469776928050516,0.19303802522656843,0.0,0.27609697309746883,-4.0
2020-03-16,478.0,0.5,4.13,0.5,11.099310388842937,0.17182255714769562,10.325,0.2595117970697999,12.0
2020-03-17,480.0,0.0,4.87,0.0,9.434413830516496,0.14604917357554126,12.175,0.2428497220959356,2.0
2020-03-18,482.0,0.0,9.07,0.0,8.01925175593902,0.12414179753921005,22.675,0.22611568550828828,2.0
2020-03-19,480.0,0.0,6.43,0.0,6.816363992548167,0.10552052790832854,16.075,0.20931464596304847,-2.0
2020-03-20,471.0,0.0,4.15,0.0,5.793909393665942,0.08969244872207925,10.375,0.19245158197082998,-9.0
2020-03-21,472.0,0.0,0.83,0.0,4.924822984616051,0.07623858141376737,2.0749999999999997,0.1755314904214282,1.0
2020-03-22,475.0,0.0,-0.69,0.0,4.186099536923643,0.06480279420170226,0.0,0.15855938510313478,3.0
2020-03-23,474.0,0.0,-0.9,0.0,3.558184606385096,0.055082375071446914,0.0,0.141540295217043,-1.0
2020-03-24,475.0,0.0,0.02,0.0,3.0244569154273315,0.04682001881072988,0.05,0.12447926388678915,1.0
2020-03-25,472.0,0.0,1.92,0.0,2.5707883781132317,0.039797015989120395,4.8,0.10738134666416309,-3.0
2020-03-26,473.0,0.0,3.4,0.0,2.1851701213962467,0.03382746359075233,8.5,0.09025161003104117,1.0
2020-03-27,471.0,0.0,5.88,0.0,1.8573946031868096,0.02875334405213948,14.7,0.07309512989807777,-2.0
2020-03-28,473.0,0.0,8.19,0.0,1.5787854127087881,0.024440342444318558,20.474999999999998,0.055916990100603484,2.0
2020-03-29,470.0,0.4,2.19,0.4,1.7419676008024698,0.026966479641760743,5.475,0.03872228089217446,-3.0
2020-03-30,476.0,0.0,-0.32,0.0,1.4806724606820993,0.02292150769549663,0.0,0.021516097436222254,6.0
2020-03-31,476.0,0.0,0.44,0.0,1.2585715915797844,0.019483281541172136,1.1,0.004303538296244289,0.0
2020-04-01,475.0,0.0,1.92,0.0,1.0697858528428168,0.016560789309996316,4.8,-0.01291029607500882,-1.0
2020-04-02,477.0,0.3,4.99,0.3,1.2093179749163943,0.018720812336564346,12.475000000000001,-0.030120304846908114,2.0
2020-04-03,476.0,0.5,4.95,0.5,1.527920278678935,0.023652926191192157,12.375,-0.04732138832243185,-1.0
2020-04-04,477.0,0.1,3.62,0.1,1.3987322368770947,0.021653034403535824,9.05,-0.06450844944931623,1.0
2020-04-05,474.0,0.0,4.65,0.0,1.1889224013455304,0.01840507924300545,11.625,-0.08167639533042241,-3.0
2020-04-06,477.0,0.0,6.97,0.0,1.0105840411437008,0.01564431735655463,17.425,-0.09882013873287143,3.0
2020-04-07,474.0,0.0,11.06,0.0,0.8589964349721456,0.013297669753071435,27.650000000000002,-0.11593459959550041,-3.0
2020-04-08,481.0,0.0,8.95,0.0,0.7301469697263238,0.01130301929011072,22.375,-0.1330147065341959,7.0
2020-04-09,479.0,0.0,9.28,0.0,0.6206249242673751,0.009607566396594111,23.2,-0.1500553983446526,-2.0
2020-04-10,479.0,0.0,6.19,0.0,0.5275311856272689,0.008166431437104995,15.475000000000001,-0.16705162550211924,0.0
2020-04-11,478.0,0.0,5.39,0.0,0.4484015077831785,0.0069414667215392445,13.475,-0.18399835165768005,-1.0
2020-04-12,477.0,0.0,8.53,0.0,0.3811412816157017,0.005900246713308358,21.325,-0.20089055513063506,-1.0
2020-04-13,474.0,0.0,6.73,0.0,0.3239700893733464,0.005015209706312104,16.825000000000003,-0.21772323039653177,-3.0
2020-04-14,481.0,0.7,2.27,0.7,0.9753745759673444,0.015099258237522737,5.675,-0.23449138957040985,7.0
2020-04-15,482.0,1.6,4.62,1.6,2.429068389572243,0.03760312375825421,11.55,-0.25119006388481935,1.0
2020-04-16,479.0,0.0,7.68,0.0,2.0647081311364066,0.03196265519451608,19.2,-0.2678143051621742,-3.0
2020-04-17,480.0,0.0,5.13,0.0,1.7550019114659456,0.02716825691533867,12.825,-0.2843591872810034,1.0
2020-04-18,479.0,0.0,4.66,0.0,1.4917516247460538,0.023093018378037868,11.65,-0.30081980763566735,-1.0
2020-04-19,473.0,0.0,3.93,0.0,1.2679888810341458,0.019629065621332188,9.825000000000001,-0.3171912885891061,-6.0
2020-04-20,478.0,0.0,6.2,0.0,1.0777905488790238,0.016684705778132358,15.5,-0.3334687789181868,5.0
2020-04-21,481.0,0.0,8.56,0.0,0.9161219665471703,0.014181999911412505,21.400000000000002,-0.3496474552512284,3.0
2020-04-22,482.0,0.0,10.38,0.0,0.7787036715650947,0.012054699924700629,25.950000000000003,-0.36572252349726897,1.0
2020-04-23,480.0,0.0,10.07,0.0,0.6618981208303305,0.010246494935995535,25.175,-0.3816892202666588,-2.0
2020-04-24,485.0,0.0,10.13,0.0,0.5626134027057809,0.008709520695596204,25.325000000000003,-0.39754281428255595,5.0
2020-04-25,480.0,0.0,7.37,0.0,0.47822139229991373,0.007403092591256774,18.425,-0.4132786077829042,-5.0
2020-04-26,479.0,0.0,7.46,0.0,0.40648818345492665,0.006292628702568257,18.65,-0.4288919379124835,-1.0
2020-04-27,480.0,0.0,8.21,0.0,0.34551495593668763,0.005348734397183018,20.525000000000002,-0.4443781781046132,1.0
2020-04-28,483.0,0.8,12.58,0.8,1.0936877125461846,0.01693080136578551,31.45,-0.45973273945210397,3.0
2020-04-29,482.0,0.0,6.77,0.0,0.9296345556642569,0.014391181160917681,16.924999999999997,-0.47495107206704995,-1.0
2020-04-30,486.0,0.0,8.33,0.0,0.7901893723146184,0.01223250398678003,20.825,-0.49002866642905923,4.0
2020-05-01,479.0,0.0,10.13,0.0,0.6716609664674256,0.010397628388763024,25.325000000000003,-0.5049610547215204,-7.0
2020-05-02,478.0,4.2,11.18,4.2,4.770911821497312,0.07385596405339327,27.95,-0.5197438121555155,-1.0
2020-05-03,478.0,0.0,11.31,0.0,4.055275048272715,0.06277756944538426,28.275000000000002,-0.5343725582809787,0.0
2020-05-04,482.0,0.0,10.68,0.0,3.4469837910318075,0.05336093402857663,26.7,-0.548842958284719,4.0
2020-05-05,483.0,1.0,11.22,1.0,3.9299362223770364,0.06083726533451506,28.05,-0.5631507242749186,1.0
2020-05-06,488.0,21.6,10.61,21.6,24.940445789020483,0.38608985799519624,26.525,-0.5772916165517272,5.0
2020-05-07,488.0,0.0,9.16,0.0,21.19937892066741,0.3281763792959168,22.9,-0.5912614448635781,0.0
2020-05-08,489.0,0.0,9.45,0.0,18.019472082567297,0.27894992240152927,23.625,-0.6050560696488488,1.0
2020-05-09,484.0,0.0,11.46,0.0,15.316551270182202,0.23710743404129989,28.650000000000002,-0.6186714032625031,-5.0
2020-05-10,479.0,0.0,12.17,0.0,13.019068579654872,0.2015413189351049,30.425,-0.6321034111873487,-5.0
2020-05-11,481.0,18.4,10.32,18.4,29.46620829270664,0.4561507950429778,25.8,-0.6453481132295501,2.0
2020-05-12,482.0,10.8,3.42,10.8,35.846277048800644,0.5549172670169603,8.55,-0.6584015846980488,1.0
2020-05-13,481.0,6.1,4.93,6.1,36.569335491480544,0.5661105525667883,12.325,-0.6712599575675313,-1.0
2020-05-14,482.0,0.0,6.03,0.0,31.08393516775846,0.48119396968177003,15.075000000000001,-0.6839194216246106,1.0
2020-05-15,485.0,0.0,8.22,0.0,26.421344892594693,0.40901487422950455,20.55,-0.6963762255968722,3.0
2020-05-16,477.0,3.7,8.81,3.7,26.15814315870549,0.4049403873129111,22.025000000000002,-0.7086266782644596,-8.0
2020-05-17,475.0,4.4,9.54,4.4,26.634421684899664,0.41231340342096406,23.849999999999998,-0.7206671495538609,-2.0
2020-05-18,484.0,10.6,9.21,10.6,33.23925843216471,0.5145593898562036,23.025000000000002,-0.7324940716135789,9.0
2020-05-19,486.0,4.9,9.1,4.9,33.15336966734,0.5132297912878752,22.75,-0.7441039398713607,2.0
2020-05-20,488.0,0.0,9.04,0.0,28.180364217239,0.4362453225946939,22.599999999999998,-0.7554933140726803,2.0
2020-05-21,487.0,0.0,8.92,0.0,23.953309584653148,0.37080852420548976,22.3,-0.766658819300159,-1.0
2020-05-22,488.0,0.0,10.26,0.0,20.360313146955175,0.3151872455746663,25.65,-0.777597146973627,1.0
2020-05-23,483.0,0.0,12.23,0.0,17.306266174911897,0.2679091587384663,30.575000000000003,-0.7883050558305255,-5.0
2020-05-24,476.0,8.2,10.18,8.2,22.910326248675112,0.3546626504915408,25.45,-0.7987793728863649,-7.0
2020-05-25,481.0,0.0,11.74,0.0,19.473777311373844,0.3014632529178096,29.35,-0.8090169943749473,5.0
2020-05-26,484.0,0.0,13.73,0.0,16.552710714667768,0.2562437649801382,34.325,-0.8190148866680801,3.0
2020-05-27,483.0,0.0,15.26,0.0,14.069804107467602,0.21780720023311745,38.15,-0.8287700871745037,-1.0
2020-05-28,488.0,0.0,14.48,0.0,11.959333491347461,0.18513612019814984,36.2,-0.8382797052177743,5.0
2020-05-29,488.0,0.0,12.68,0.0,10.165433467645341,0.15736570216842735,31.7,-0.8475409228928311,0.0
2020-05-30,490.0,0.5,14.6,0.5,9.14061844749854,0.1415010825482757,36.5,-0.8565509959010036,2.0
2020-05-31,482.0,0.0,16.37,0.0,7.769525680373758,0.12027592016603433,40.925000000000004,-0.865307254363206,-8.0
2020-06-01,488.0,0.0,12.81,0.0,6.604096828317694,0.10223453214112918,32.025,-0.8738071036110808,6.0
2020-06-02,489.0,0.0,13.27,0.0,5.61348230407004,0.0868993523199598,33.175,-0.8820480249558537,1.0
2020-06-03,489.0,0.7,12.11,0.7,5.471459958459533,0.08470077945912327,30.275,-0.8900275764346767,0.0
2020-06-04,487.0,0.0,12.97,0.0,4.650740964690603,0.07199566254025477,32.425000000000004,-0.8977433935342337,-2.0
2020-06-05,486.0,7.3,15.77,7.3,11.253129819987013,0.17420375445385852,39.425,-0.9051931898913974,-1.0
2020-06-06,480.0,0.2,17.12,0.2,9.76516034698896,0.15116928556782472,42.800000000000004,-0.9123747579707273,-6.0
2020-06-07,485.0,14.0,18.98,14.0,22.300386294940616,0.3452204924758,47.45,-0.9192859697186104,5.0
2020-06-08,493.0,6.0,20.33,6.0,24.955328350699524,0.38632024706577955,50.824999999999996,-0.9259247771938498,8.0
2020-06-09,499.0,0.4,16.8,0.4,21.612029098094595,0.3345643985700026,42.0,-0.9322892131745133,6.0
2020-06-10,499.0,0.4,19.86,0.4,18.770224733380402,0.2905719273485921,49.65,-0.9383773917408641,0.0
2020-06-11,493.0,6.5,22.24,6.5,22.454691023373343,0.34760920241276533,55.599999999999994,-0.9441875088341993,-6.0
2020-06-12,491.0,0.0,20.95,0.0,19.086487369867342,0.29546782205085054,52.375,-0.9497178427914316,-2.0
2020-06-13,488.0,0.0,17.58,0.0,16.22351426438724,0.251147648743223,43.949999999999996,-0.9549667548552551,-3.0
2020-06-14,476.0,0.0,14.02,0.0,13.789987124729155,0.21347550143173952,35.05,-0.9599326896597447,-12.0
2020-06-15,479.0,0.0,16.33,0.0,11.72148905601978,0.1814541762169786,40.824999999999996,-0.9646141756912435,3.0
2020-06-16,489.0,0.0,19.05,0.0,9.963265697616814,0.1542360497844318,47.625,-0.9690098257244062,10.0
2020-06-17,491.0,0.0,21.77,0.0,8.468775842974292,0.13110064231676702,54.425,-0.9731183372332619,2.0
2020-06-18,484.0,1.9,22.98,1.9,9.098459466528148,0.14084844164867932,57.45,-0.9769384927771817,-7.0
2020-06-19,487.0,0.0,22.27,0.0,7.733690546548925,0.11972117540137743,55.675,-0.980469160361632,3.0
2020-06-20,490.0,0.0,23.05,0.0,6.573636964566586,0.10176299909117081,57.625,-0.9837092937736097,3.0
2020-06-21,477.0,0.0,21.5,0.0,5.587591419881598,0.08649854922749518,53.75,-0.986657932891657,-13.0
2020-06-22,484.0,0.0,20.97,0.0,4.7494527068993575,0.07352376684337089,52.425,-0.9893142039703663,7.0
2020-06-23,486.0,0.0,20.54,0.0,4.037034800864454,0.06249520181686526,51.349999999999994,-0.99167731989929,2.0
2020-06-24,489.0,0.0,21.84,0.0,3.431479580734786,0.053120921544335474,54.6,-0.993746580436178,3.0
2020-06-25,484.0,0.0,22.48,0.0,2.916757643624568,0.04515278331268515,56.2,-0.9955213724144752,-5.0
2020-06-26,483.0,0.0,22.98,0.0,2.4792439970808826,0.03837986581578238,57.45,-0.9970011699250151,-1.0
2020-06-27,490.0,10.4,20.21,10.4,12.507357397518751,0.19361978860975426,50.525000000000006,-0.9981855344718586,7.0
2020-06-28,478.0,0.0,20.78,0.0,10.631253787890937,0.16457682031829113,51.95,-0.99907411510223,-12.0
2020-06-29,479.0,34.8,21.73,34.8,43.836565719707295,0.6786107023463749,54.325,-0.9996666485105112,1.0
2020-06-30,477.0,16.7,17.09,16.7,53.9610808617512,0.8353429695451748,42.725,-0.9999629591162655,-2.0
2020-07-01,481.0,0.0,18.19,0.0,45.86691873248852,0.7100415241133987,45.475,-0.9999629591162655,4.0
2020-07-02,493.0,0.0,18.97,0.0,38.98688092261524,0.6035352954963888,47.425,-0.9996666485105112,12.0
2020-07-03,496.0,1.4,17.42,1.4,34.53884878422296,0.5346776611462455,43.550000000000004,-0.99907411510223,3.0
2020-07-04,490.0,0.0,18.15,0.0,29.358021466589513,0.45447601197430865,45.375,-0.9981855344718586,-6.0
2020-07-05,477.0,1.0,19.74,1.0,25.954318246601087,0.40178508158838727,49.349999999999994,-0.9970011699250151,-13.0
2020-07-06,480.0,9.9,18.0,9.9,31.961170509610923,0.49477398631135594,45.0,-0.9955213724144752,3.0
2020-07-07,480.0,0.0,14.5,0.0,27.166994933169285,0.4205578883646526,36.25,-0.9937465804361781,0.0
2020-07-08,481.0,3.8,13.8,3.8,26.891945693193893,0.4162999964688094,34.5,-0.99167731989929,1.0
2020-07-09,489.0,0.3,13.96,0.3,23.15815383921481,0.35849913842155545,34.900000000000006,-0.9893142039703664,8.0
2020-07-10,496.0,7.4,16.99,7.4,27.084430763332584,0.41927975609398654,42.474999999999994,-0.9866579328916572,7.0
2020-07-11,488.0,0.0,15.84,0.0,23.021766148832697,0.35638779267988857,39.6,-0.9837092937736098,-8.0
2020-07-12,470.0,0.0,14.28,0.0,19.56850122650779,0.3029296237779053,35.699999999999996,-0.9804691603616321,-18.0
2020-07-13,475.0,0.0,14.8,0.0,16.63322604253162,0.25749018021121944,37.0,-0.9769384927771817,5.0
2020-07-14,490.0,0.0,15.38,0.0,14.138242136151877,0.21886665317953655,38.45,-0.973118337233262,15.0
2020-07-15,490.0,0.0,17.9,0.0,12.017505815729095,0.18603665520260604,44.75,-0.9690098257244063,0.0
2020-07-16,489.0,0.0,19.27,0.0,10.21487994336973,0.15813115692221513,48.175,-0.9646141756912435,-1.0
2020-07-17,493.0,0.0,19.63,0.0,8.68264795186427,0.13441148338388284,49.074999999999996,-0.9599326896597445,4.0
2020-07-18,487.0,0.0,20.9,0.0,7.380250759084629,0.11424976087630041,52.25,-0.9549667548552553,-6.0
2020-07-19,470.0,0.0,21.52,0.0,6.273213145221934,0.09711229674485534,53.8,-0.9497178427914317,-17.0
2020-07-20,471.0,1.4,21.28,1.4,6.7322311734386435,0.10421811220744193,53.2,-0.9441875088341994,1.0
2020-07-21,468.0,3.0,16.87,3.0,8.722396497422846,0.1350268096070004,42.175000000000004,-0.9383773917408642,-3.0
2020-07-22,464.0,12.0,13.74,12.0,19.414037022809417,0.3005384450886494,34.35,-0.9322892131745134,-4.0
2020-07-23,474.0,5.0,13.31,5.0,21.501931469388005,0.3328600353764767,33.275,-0.9259247771938499,10.0
2020-07-24,476.0,0.4,15.47,0.4,18.6766417489798,0.28912321863409507,38.675000000000004,-0.9192859697186105,2.0
2020-07-25,479.0,7.3,17.7,7.3,23.17514548663283,0.35876217713362274,44.25,-0.9123747579707274,3.0
2020-07-26,470.0,0.0,19.4,0.0,19.698873663637904,0.3049478505635793,48.5,-0.9051931898913975,-9.0
2020-07-27,473.0,0.0,21.14,0.0,16.74404261409222,0.25920567297904246,52.85,-0.8977433935342336,3.0
2020-07-28,478.0,4.9,19.98,4.9,19.132436221978388,0.29617913194228823,49.95,-0.8900275764346766,5.0
2020-07-29,485.0,0.0,18.18,0.0,16.26257078868163,0.251752262150945,45.45,-0.8820480249558535,7.0
2020-07-30,481.0,2.3,15.65,2.3,16.123185170379383,0.24959450707182054,39.125,-0.8738071036110807,-4.0
2020-07-31,480.0,0.6,15.36,0.6,14.304707394822474,0.2214436138571824,38.4,-0.8653072543632061,-1.0
2020-08-01,486.0,8.1,16.27,8.1,20.2590012855991,0.3136188902014269,40.675,-0.8565509959010037,6.0
2020-08-02,474.0,0.0,17.23,0.0,17.220151092759235,0.26657605667121287,43.075,-0.8475409228928312,-12.0
2020-08-03,474.0,0.0,20.02,0.0,14.63712842884535,0.22658964817053093,50.05,-0.8382797052177745,0.0
2020-08-04,482.0,15.2,18.82,15.2,27.641559164518547,0.42790436638037016,47.05,-0.828770087174504,8.0
2020-08-05,485.0,0.0,17.94,0.0,23.495325289840764,0.36371871142331463,44.85,-0.8190148866680802,3.0
2020-08-06,481.0,0.0,18.56,0.0,19.971026496364647,0.3091609047098174,46.4,-0.8090169943749472,-4.0
2020-08-07,481.0,0.0,21.69,0.0,16.97537252190995,0.2627867690033448,54.225,-0.7987793728863648,0.0
2020-08-08,485.0,0.0,23.5,0.0,14.429066643623457,0.22336875365284306,58.75,-0.7883050558305253,4.0
2020-08-09,473.0,0.0,22.79,0.0,12.264706647079938,0.1898634406049166,56.974999999999994,-0.7775971469736268,-12.0
2020-08-10,475.0,0.0,22.35,0.0,10.425000650017948,0.16138392451417913,55.875,-0.7666588193001592,2.0
2020-08-11,477.0,0.0,18.45,0.0,8.861250552515255,0.13717633583705224,46.125,-0.7554933140726804,2.0
2020-08-12,476.0,0.0,15.62,0.0,7.532062969637966,0.1165998854614944,39.05,-0.7441039398713608,-1.0
2020-08-13,480.0,0.0,15.82,0.0,6.402253524192271,0.09910990264227024,39.55,-0.7324940716135792,4.0
2020-08-14,482.0,0.0,18.37,0.0,5.44191549556343,0.0842434172459297,45.925000000000004,-0.7206671495538615,2.0
2020-08-15,477.0,0.0,20.32,0.0,4.625628171228915,0.07160690465904024,50.8,-0.7086266782644601,-5.0
2020-08-16,470.0,0.0,21.96,0.0,3.931783945544578,0.0608658689601842,54.900000000000006,-0.6963762255968726,-7.0
2020-08-17,472.0,0.0,22.16,0.0,3.342016353712891,0.05173598861615657,55.4,-0.6839194216246105,2.0
2020-08-18,479.0,0.0,19.79,0.0,2.8407139006559574,0.043975590323733084,49.474999999999994,-0.6712599575675315,7.0
2020-08-19,483.0,0.9,19.8,0.9,3.3146068155575636,0.05131167604437555,49.5,-0.6584015846980489,4.0
2020-08-20,479.0,0.0,19.04,0.0,2.817415793223929,0.04361492463771922,47.599999999999994,-0.64534811322955,-4.0
2020-08-21,481.0,0.0,20.83,0.0,2.3948034242403398,0.03707268594206133,52.074999999999996,-0.6321034111873488,2.0
2020-08-22,477.0,8.2,21.46,8.2,10.235582910604288,0.1584516486145965,53.650000000000006,-0.6186714032625032,-4.0
2020-08-23,458.0,7.4,19.86,7.4,16.100245474013647,0.24923938975807153,49.65,-0.6050560696488494,-19.0
2020-08-24,470.0,1.8,18.28,1.8,15.4852086529116,0.23971832983276567,45.7,-0.5912614448635782,12.0
2020-08-25,475.0,0.2,16.17,0.2,13.362427354974859,0.2068566746398958,40.425000000000004,-0.5772916165517278,5.0
2020-08-26,469.0,5.5,14.37,5.5,16.85806325172863,0.26097076620014853,35.925,-0.5631507242749187,-6.0
2020-08-27,475.0,8.4,16.35,8.4,22.729353763969335,0.35186111111601565,40.875,-0.5488429582847199,6.0
2020-08-28,485.0,0.0,14.7,0.0,19.319950699373933,0.29908194444861325,36.75,-0.5343725582809785,10.0
2020-08-29,487.0,2.5,14.66,2.5,18.921958094467843,0.29292083130688357,36.65,-0.5197438121555157,2.0
2020-08-30,478.0,16.6,15.55,16.6,32.68366438029767,0.5059585320205849,38.875,-0.5049610547215202,-9.0
2020-08-31,480.0,17.7,13.71,17.7,45.481114723253015,0.7040690961784782,34.275000000000006,-0.4900286664290594,2.0
2020-09-01,491.0,0.0,13.73,0.0,38.65894751476506,0.5984587317517065,34.325,-0.4749510720670502,11.0
2020-09-02,493.0,0.5,14.84,0.5,33.3601053875503,0.516430157694063,37.1,-0.4597327394521046,2.0
2020-09-03,500.0,0.0,16.48,0.0,28.356089579417752,0.4389656340399535,41.2,-0.44437817810461344,7.0
2020-09-04,495.0,0.3,16.41,0.3,24.40267614250509,0.37776493035702796,41.025,-0.4288919379124841,-5.0
2020-09-05,492.0,1.6,16.67,1.6,22.34227472112933,0.3458689450598337,41.675000000000004,-0.41327860778290443,-3.0
2020-09-06,485.0,0.2,15.28,0.2,19.190933512959926,0.29708469758290357,38.199999999999996,-0.3975428142825566,-7.0
2020-09-07,493.0,2.4,11.63,2.4,18.712293486015934,0.2896751243300078,29.075000000000003,-0.3816892202666586,8.0
2020-09-08,493.0,0.8,13.14,0.8,16.705449463113542,0.25860823280868656,32.85,-0.3657225234972692,0.0
2020-09-09,502.0,0.0,16.46,0.0,14.19963204364651,0.21981699788738354,41.150000000000006,-0.34964745525122826,9.0
2020-09-10,498.0,2.4,14.19,2.4,14.469687237099533,0.22399757958881583,35.475,-0.33346877891818705,-4.0
2020-09-11,504.0,0.0,11.67,0.0,12.299234151534604,0.19039794265049348,29.175,-0.31719128858910595,6.0
2020-09-12,503.0,0.0,14.85,0.0,10.454349028804414,0.16183825125291945,37.125,-0.300819807635668,-1.0
2020-09-13,491.0,0.0,15.01,0.0,8.88619667448375,0.13756251356498153,37.525,-0.2843591872810036,-12.0
2020-09-14,494.0,0.0,16.13,0.0,7.553267173311188,0.11692813653023429,40.324999999999996,-0.26781430516217486,3.0
2020-09-15,504.0,0.0,17.58,0.0,6.420277097314509,0.09938891605069913,43.949999999999996,-0.25119006388481957,10.0
2020-09-16,506.0,0.0,19.78,0.0,5.457235532717332,0.08448057864309426,49.45,-0.23449138957041052,2.0
2020-09-17,500.0,5.1,11.91,5.1,9.738650202809733,0.15075889603877726,29.775,-0.21772323039653224,-6.0
2020-09-18,500.0,0.0,11.48,0.0,8.277852672388272,0.12814506163296066,28.700000000000003,-0.20089055513063528,0.0
2020-09-19,495.0,0.0,12.66,0.0,7.036174771530031,0.10892330238801655,31.65,-0.18399835165767986,-5.0
2020-09-20,485.0,0.0,11.23,0.0,5.980748555800526,0.09258480702981406,28.075000000000003,-0.1670516255021195,-10.0
2020-09-21,481.0,0.0,13.53,0.0,5.0836362724304465,0.07869708597534195,33.824999999999996,-0.15005539834465262,-4.0
2020-09-22,480.0,0.0,14.62,0.0,4.321090831565879,0.06689252307904064,36.55,-0.13301470653419636,-1.0
2020-09-23,486.0,0.0,16.18,0.0,3.6729272068309973,0.056858644617184546,40.45,-0.11593459959550066,6.0
2020-09-24,491.0,0.0,16.69,0.0,3.1219881258063475,0.048329847924606865,41.725,-0.09882013873287211,5.0
2020-09-25,495.0,0.0,18.5,0.0,2.653689906935395,0.04108037073591583,46.25,-0.08167639533042288,4.0
2020-09-26,497.0,0.0,20.17,0.0,2.255636420895086,0.034918315125528454,50.425000000000004,-0.06450844944931625,2.0
2020-09-27,483.0,0.0,18.18,0.0,1.917290957760823,0.02968056785669919,45.45,-0.04732138832243232,-14.0
2020-09-28,487.0,0.0,11.85,0.0,1.6296973140966995,0.02522848267819431,29.625,-0.03012030484690836,4.0
2020-09-29,496.0,0.0,12.55,0.0,1.3852427169821946,0.02144421027646516,31.375,-0.012910296075008843,9.0
2020-09-30,499.0,0.0,13.31,0.0,1.1774563094348653,0.01822757873499539,33.275,0.004303538296243821,3.0
2020-10-01,502.0,0.0,13.63,0.0,1.0008378630196355,0.015493441924746078,34.075,0.021516097436222233,3.0
2020-10-02,507.0,0.0,13.15,0.0,0.8507121835666902,0.013169425636034168,32.875,0.03872228089217399,5.0
2020-10-03,509.0,1.6,14.1,1.6,2.3231053560316868,0.03596276604698893,35.25,0.05591699010060302,2.0
2020-10-04,489.0,0.0,17.93,0.0,1.9746395526269338,0.030568351139940587,44.825,0.07309512989807776,-20.0
2020-10-05,485.0,0.9,14.84,0.9,2.578443619732894,0.03991552273815194,37.1,0.0902516100310407,-4.0
2020-10-06,487.0,0.0,13.82,0.0,2.19167707677296,0.03392819432742915,34.55,0.10738134666416306,2.0
2020-10-07,489.0,0.0,13.47,0.0,1.8629255152570159,0.028838965178314774,33.675000000000004,0.12447926388678869,2.0
2020-10-08,493.0,0.0,11.03,0.0,1.5834866879684635,0.02451312040156756,27.575,0.141540295217043,4.0
2020-10-09,493.0,0.6,10.85,0.6,1.945963684773194,0.030124435187467383,27.125,0.15855938510313475,0.0
2020-10-10,491.0,2.2,11.06,2.2,3.854069132057215,0.059662807011842116,27.650000000000002,0.17553149042142777,-2.0
2020-10-11,482.0,3.6,11.35,3.6,6.875958762248633,0.10644308303687554,28.375,0.19245158197082995,-9.0
2020-10-12,486.0,6.3,8.83,6.3,12.144564947911338,0.18800359046576123,22.075,0.20931464596304888,4.0
2020-10-13,498.0,6.9,7.77,6.9,17.222880205724636,0.26661830462644903,19.424999999999997,0.22611568550828803,12.0
2020-10-14,497.0,11.3,8.67,11.3,25.93944817486594,0.40155488586802335,21.675,0.2428497220959358,-1.0
2020-10-15,498.0,0.0,6.56,0.0,22.04853094863605,0.34132165298781986,16.4,0.25951179706979943,1.0
2020-10-16,501.0,0.0,6.06,0.0,18.74125130634064,0.29012340503964684,15.149999999999999,0.27609697309746883,3.0
2020-10-17,502.0,0.0,5.25,0.0,15.930063610389544,0.2466048942836998,13.125,0.2926003356333479,1.0
2020-10-18,492.0,3.2,4.66,3.2,16.740554068831113,0.25915166865386463,11.65,0.30901699437494723,-10.0
2020-10-19,485.0,0.0,4.89,0.0,14.229470958506445,0.22027891835578492,12.225,0.3253420847119795,-7.0
2020-10-20,483.0,0.0,5.74,0.0,12.095050314730479,0.18723708060241717,14.350000000000001,0.341570769167856,-2.0
2020-10-21,478.0,3.9,8.59,3.9,14.180792767520908,0.21952535701193182,21.475,0.35769823883312546,-5.0
2020-10-22,480.0,0.2,12.3,0.2,12.25367385239277,0.18969264774218703,30.75,0.3737197147904692,2.0
2020-10-23,487.0,0.0,11.62,0.0,10.415622774533855,0.16123875058085896,29.049999999999997,0.38963044953078774,7.0
2020-10-24,496.0,3.8,9.65,3.8,12.653279358353775,0.19587872935258482,24.125,0.4054257283599973,9.0
2020-10-25,497.0,0.0,10.83,0.0,10.755287454600708,0.1664969199496971,27.075,0.42110087079608916,1.0
2020-10-26,506.0,0.0,10.68,0.0,9.141994336410601,0.1415223819572425,26.7,0.4366512319560638,9.0
2020-10-27,520.0,0.3,12.61,0.3,8.070695185949011,0.12493816608672362,31.525,0.45207220393230374,14.0
2020-10-28,520.0,4.7,10.0,4.7,11.56009090805666,0.17895565680177222,25.0,0.46735921715800205,0.0
2020-10-29,520.0,0.7,9.4,0.7,10.52607727184816,0.16294863826866385,23.5,0.48250774176121763,0.0
2020-10-30,520.0,2.3,7.99,2.3,11.247165681070936,0.17411142677188157,19.975,0.4975132889071803,0.0
2020-10-31,500.0,0.0,8.53,0.0,9.560090828910296,0.14799471275609935,21.325,0.5123714121284235,-20.0
2020-11-01,481.0,0.0,8.4,0.0,8.12607720457375,0.12579550584268442,21.0,0.5270777086423724,-19.0
2020-11-02,470.0,0.0,6.81,0.0,6.907165623887687,0.10692617996628176,17.025,0.5416278206559811,-11.0
2020-11-03,471.0,1.2,9.67,1.2,7.071090780304535,0.10946381866360942,24.175,0.5560174366570446,1.0
2020-11-04,476.0,5.0,5.98,5.0,11.010427163258854,0.17044660291519262,14.950000000000001,0.5702422926917867,5.0
2020-11-05,477.0,1.0,7.0,1.0,10.358863088770025,0.16036008388813866,17.5,0.5842981736283683,1.0
2020-11-06,476.0,0.9,10.07,0.9,9.705033625454522,0.1502384955741203,25.175,0.5981809144059159,-1.0
2020-11-07,484.0,0.0,9.25,0.0,8.249278581636343,0.12770272123800225,23.125,0.6118864012687242,8.0
2020-11-08,476.0,0.2,7.2,0.2,7.2118867943908915,0.1116434073343469,18.0,0.6254105729852457,-8.0
2020-11-09,472.0,0.0,3.22,0.0,6.130103775232258,0.09489689623419487,8.05,0.6387494220515268,-4.0
2020-11-10,481.0,0.1,3.31,0.1,5.310588208947419,0.08221040894008812,8.275,0.6518989958787125,9.0
2020-11-11,488.0,0.0,4.45,0.0,4.513999977605305,0.06987884759907488,11.125,0.6648553979642867,7.0
2020-11-12,488.0,0.0,3.98,0.0,3.8368999809645095,0.059397020459213655,9.95,0.6776147890466887,0.0
2020-11-13,492.0,2.1,3.75,2.1,5.361364983819833,0.08299645735180394,9.375,0.690173388242972,4.0
2020-11-14,503.0,0.0,4.37,0.0,4.557160236246857,0.07054698874903335,10.925,0.7025274741691566,11.0
2020-11-15,482.0,0.4,5.77,0.4,4.273586200809829,0.06615712900076832,14.424999999999999,0.7146733860429608,-21.0
2020-11-16,474.0,0.0,4.87,0.0,3.6325482706883547,0.056233559650653075,12.175,0.726607524768565,-8.0
2020-11-17,486.0,2.0,6.88,2.0,5.087666030085101,0.07875946852350496,17.2,0.7383263540031063,12.0
2020-11-18,490.0,4.7,9.14,4.7,9.024516125572337,0.13970376387303637,22.85,0.749826401204568,4.0
2020-11-19,488.0,1.3,8.43,1.3,8.970838706736487,0.13887281212537333,21.075,0.7611042586607742,-2.0
2020-11-20,493.0,0.3,3.04,0.3,7.925212900726013,0.12268603172963481,7.6,0.7721565844991641,5.0
2020-11-21,507.0,0.1,1.56,0.1,6.836430965617111,0.10583117411121207,3.9000000000000004,0.7829801036770625,14.0
2020-11-22,483.0,6.7,4.21,6.7,12.510966320774545,0.19367565644303728,10.525,0.7935716089521472,-24.0
2020-11-23,485.0,0.7,5.58,0.7,11.334321372658362,0.17546063796373912,13.95,0.8039279618328208,2.0
2020-11-24,488.0,1.1,4.88,1.1,10.734173166759607,0.16617006082042565,12.2,0.8140460935082175,3.0
2020-11-25,496.0,0.2,6.39,0.2,9.324047191745665,0.14434064597940677,15.975,0.8239230057575536,8.0
2020-11-26,497.0,0.3,0.6,0.3,8.225440112983815,0.12733369050556323,1.5,0.8335557718385695,1.0
2020-11-27,498.0,0.9,3.35,0.9,7.891624096036243,0.1221660611989312,8.375,0.8429415373547832,1.0
2020-11-28,505.0,0.1,0.92,0.1,6.807880481630806,0.10538919916011401,2.3000000000000003,0.8520775211013093,7.0
2020-11-29,487.0,0.7,0.82,0.7,6.486698409386185,0.10041714927325435,2.05,0.8609610158889945,-18.0
2020-11-30,481.0,0.0,0.48,0.0,5.513693647978257,0.08535457688226619,1.2,0.8695893893466109,-6.0
2020-12-01,483.0,0.0,-0.14,0.0,4.686639600781518,0.07255139034992626,0.0,0.8779600847008883,2.0
2020-12-02,487.0,0.0,-3.41,0.0,3.9836436606642907,0.06166868179743732,0.0,0.8860706215341377,4.0
2020-12-03,488.0,0.0,-0.22,0.0,3.3860971115646468,0.05241837952782172,0.0,0.893918596519257,1.0
2020-12-04,487.0,0.0,2.18,0.0,2.87818254482995,0.04455562259864846,5.45,0.9015016841318838,-1.0
2020-12-05,485.0,0.0,5.02,0.0,2.4464551631054574,0.037872279208851195,12.549999999999999,0.9088176373395028,-2.0
2020-12-06,470.0,0.0,2.07,0.0,2.079486888639639,0.03219143732752352,5.175,0.9158642882672868,-15.0
2020-12-07,476.0,0.0,-2.04,0.0,1.767563855343693,0.027362721728394986,0.0,0.9226395488404875,6.0
2020-12-08,485.0,0.0,-4.44,0.0,1.502429277042139,0.02325831346913574,0.0,0.9291414114031743,9.0
2020-12-09,494.0,0.0,-4.4,0.0,1.2770648854858182,0.019769566448765378,0.0,0.935367949313148,9.0
2020-12-10,494.0,1.4,-2.6,1.4,2.4855051526629452,0.03847679145576546,0.0,0.941317317512847,0.0
2020-12-11,489.0,0.2,0.24,0.2,2.3126793797635035,0.03580136701944563,0.6,0.946987753076075,-5.0
2020-12-12,480.0,0.0,-1.15,0.0,1.9657774727989779,0.030431161966528786,0.0,0.9523775757303973,-9.0
2020-12-13,469.0,0.7,-2.04,0.7,2.370910851879131,0.036702817658706914,0.0,0.9574851883550389,-11.0
2020-12-14,464.0,0.1,-0.62,0.1,2.1152742240972615,0.03274544215092337,0.0,0.9623090774541487,-5.0
2020-12-15,468.0,0.0,-1.29,0.0,1.7979830904826721,0.027833625828284865,0.0,0.9668478136052773,4.0
2020-12-16,473.0,0.5,1.76,0.5,2.0282856269102716,0.0313988176591546,4.4,0.9711000518829505,5.0
2020-12-17,479.0,0.0,3.48,0.0,1.7240427828737308,0.02668899501028141,8.7,0.9750645322571945,6.0
2020-12-18,481.0,1.9,3.66,1.9,3.365436365442671,0.05209854143816656,9.15,0.9787400799669153,2.0
2020-12-19,479.0,0.0,3.37,0.0,2.8606209106262703,0.04428376022244157,8.425,0.9821256058680006,-2.0
2020-12-20,466.0,0.0,1.75,0.0,2.43152777403233,0.03764119618907534,4.375,0.9852201067560606,-13.0
2020-12-21,476.0,0.2,0.78,0.2,2.2667986079274804,0.03509111104275903,1.9500000000000002,0.9880226656636976,10.0
2020-12-22,480.0,1.9,1.24,1.9,3.8267788167383583,0.05924034006577253,3.1,0.9905324521322227,4.0
2020-12-23,492.0,0.9,3.84,0.9,4.152761994227604,0.06428671332510907,9.6,0.9927487224577402,12.0
2020-12-24,503.0,2.6,2.97,2.6,6.1298476950934635,0.09489293199292753,7.425000000000001,0.9946708199115211,11.0
2020-12-25,514.0,1.0,0.69,1.0,6.210370540829444,0.09613946360421331,1.7249999999999999,0.9962981749346077,11.0
2020-12-26,519.0,0.4,0.05,0.4,5.6788149597050275,0.0879107326276713,0.125,0.9976303053065857,5.0
2020-12-27,502.0,0.0,-0.92,0.0,4.826992715749273,0.0747241227335206,0.0,0.9986668162884759,-17.0
2020-12-28,494.0,0.6,1.33,0.6,4.702943808386881,0.07280378716962745,3.325,0.9994074007397048,-8.0
2020-12-29,507.0,4.0,3.64,4.0,7.997502237128849,0.12380510473508304,9.1,0.9998518392091162,13.0
2020-12-30,507.0,0.4,2.57,0.4,7.197876901559522,0.11142652758891056,6.425,1.0,0.0
2020-12-31,501.0,0.2,1.22,0.2,6.318195366325594,0.09780864273261897,3.05,0.9998518392091162,-6.0
2021-01-01,506.0,0.0,-1.69,0.0,5.370466061376755,0.08313734632272612,0.0,0.9998518392091162,5.0
2021-01-02,498.0,0.4,-1.0,0.4,4.964896152170242,0.07685893293840718,0.0,0.9994074007397048,-8.0
2021-01-03,496.0,0.0,-0.64,0.0,4.220161729344706,0.0653300929976461,0.0,0.998666816288476,-2.0
2021-01-04,499.0,0.5,-1.02,0.5,4.087137469942999,0.06327081475311164,0.0,0.9976303053065857,3.0
2021-01-05,507.0,0.8,1.3,0.8,4.2740668494515495,0.06616456966832483,3.25,0.9962981749346078,8.0
2021-01-06,510.0,2.3,0.12,2.3,5.932956822033817,0.09184496846159344,0.3,0.9946708199115211,3.0
2021-01-07,507.0,1.8,0.38,1.8,6.843013298728744,0.10593307173075929,0.95,0.9927487224577402,-3.0
2021-01-08,508.0,6.7,-0.71,6.7,12.516561303919431,0.19376226941965238,0.0,0.9905324521322229,1.0
2021-01-09,516.0,0.9,-3.48,0.9,11.539077108331517,0.17863035327590696,0.0,0.9880226656636976,8.0
2021-01-10,506.0,0.0,-3.42,0.0,9.80821554208179,0.15183580028452093,0.0,0.9852201067560606,-10.0
2021-01-11,510.0,0.0,-0.91,0.0,8.336983210769521,0.12906043024184277,0.0,0.9821256058680006,4.0
2021-01-12,500.0,2.8,-1.41,2.8,9.886435729154092,0.15304668565419616,0.0,0.9787400799669153,-10.0
2021-01-13,489.0,2.9,-1.03,2.9,11.303470369780978,0.174983049895719,0.0,0.9750645322571948,-11.0
2021-01-14,499.0,0.4,-6.24,0.4,10.007949814313832,0.15492778097545115,0.0,0.9711000518829505,10.0
2021-01-15,509.0,0.1,-12.03,0.1,8.606757342166757,0.13323666097015596,0.0,0.9668478136052775,10.0
2021-01-16,516.0,0.9,-15.46,0.9,8.215743740841743,0.127183586093835,0.0,0.9623090774541486,7.0
2021-01-17,499.0,0.0,-20.59,0.0,6.983382179715481,0.10810604817975975,0.0,0.9574851883550393,-17.0
2021-01-18,483.0,0.5,-15.45,0.5,6.435874852758159,0.09963037665790825,0.0,0.9523775757303974,-16.0
2021-01-19,462.0,0.4,-11.95,0.4,5.8704936248444355,0.09087800872331198,0.0,0.9469877530760753,-21.0
2021-01-20,451.0,2.4,-7.23,2.4,7.38991958111777,0.114399438799355,0.0,0.9413173175128471,-11.0
2021-01-21,452.0,0.0,1.97,0.0,6.281431643950104,0.09723952297945175,4.925,0.9353679493131483,1.0
2021-01-22,448.0,0.0,1.69,0.0,5.339216897357589,0.08265359453253399,4.225,0.9291414114031743,-4.0
2021-01-23,456.0,0.0,1.57,0.0,4.53833436275395,0.07025555535265389,3.9250000000000003,0.9226395488404876,8.0
2021-01-24,458.0,8.1,1.42,8.1,11.957584208340858,0.18510904047257773,3.55,0.9158642882672872,2.0
2021-01-25,465.0,5.5,0.69,5.5,15.66394657708973,0.24248527715792817,1.7249999999999999,0.9088176373395029,7.0
2021-01-26,475.0,11.6,-0.13,11.6,24.91435459052627,0.38568595394284805,0.0,0.901501684131884,10.0
2021-01-27,485.0,2.3,0.27,2.3,23.47720140194733,0.3634381450949382,0.675,0.893918596519257,10.0
2021-01-28,491.0,0.6,-2.19,0.6,20.55562119165523,0.31821070617683245,0.0,0.886070621534138,6.0
2021-01-29,495.0,1.3,-3.63,1.3,18.772278012906945,0.29060371308359995,0.0,0.8779600847008882,4.0
2021-01-30,501.0,0.0,-3.12,0.0,15.956436310970902,0.24701315612105995,0.0,0.869589389346611,6.0
2021-01-31,497.0,0.1,-2.23,0.1,13.662970864325267,0.21150922984392345,0.0,0.8609610158889943,-4.0
2021-02-01,512.0,0.5,-6.25,0.5,12.113525234676477,0.1875230810724474,0.0,0.8520775211013093,15.0
2021-02-02,524.0,1.1,-5.55,1.1,11.396496449475004,0.17642313746282767,0.0,0.8429415373547828,12.0
2021-02-03,524.0,0.0,-2.47,0.0,9.687021982053754,0.14995966684340353,0.0,0.8335557718385699,0.0
2021-02-04,507.0,0.4,-4.94,0.4,8.63396868474569,0.133657905380983,0.0,0.8239230057575542,-17.0
2021-02-05,500.0,0.0,-8.75,0.0,7.338873382033837,0.11360921957383553,0.0,0.8140460935082178,-7.0
2021-02-06,498.0,0.0,-14.64,0.0,6.238042374728761,0.0965678366377602,0.0,0.8039279618328213,-2.0
2021-02-07,490.0,0.3,-16.36,0.3,5.602336018519447,0.08672680256516364,0.0,0.7935716089521474,-8.0
2021-02-08,500.0,1.1,-12.15,1.1,5.8619856157415295,0.09074630073163652,0.0,0.7829801036770629,10.0
2021-02-09,506.0,3.9,-9.17,3.9,8.8826877733803,0.13750819412176823,0.0,0.7721565844991642,6.0
2021-02-10,509.0,1.1,-11.41,1.1,8.650284607373255,0.13391048355475044,0.0,0.7611042586607747,3.0
2021-02-11,511.0,0.0,-12.63,0.0,7.3527419162672665,0.11382391102153785,0.0,0.7498264012045686,2.0
2021-02-12,516.0,0.0,-13.53,0.0,6.249830628827176,0.09675032436830718,0.0,0.7383263540031065,5.0
2021-02-13,517.0,0.5,-4.98,0.5,5.812356034503099,0.08997801141817356,0.0,0.7266075247685656,1.0
2021-02-14,501.0,2.9,-1.85,2.9,7.840502629327634,0.1213746767950998,0.0,0.7146733860429609,-16.0
2021-02-15,504.0,0.0,-8.97,0.0,6.664427234928489,0.10316847527583484,0.0,0.702527474169157,3.0
2021-02-16,501.0,0.0,-10.55,0.0,5.6647631496892155,0.08769320398445961,0.0,0.6901733882429719,-3.0
2021-02-17,499.0,0.0,-7.77,0.0,4.815048677235833,0.07453922338679066,0.0,0.6776147890466889,-2.0
2021-02-18,496.0,0.0,-15.57,0.0,4.0927913756504575,0.06335833987877205,0.0,0.6648553979642865,-3.0
2021-02-19,491.0,0.0,-11.53,0.0,3.4788726693028886,0.05385458889695624,0.0,0.6518989958787126,-5.0
2021-02-20,486.0,0.4,-0.8,0.4,3.357041768907455,0.051968589126502776,0.0,0.6387494220515272,-5.0
2021-02-21,472.0,0.0,0.97,0.0,2.8534855035713367,0.04417330075752736,2.425,0.6254105729852463,-14.0
2021-02-22,481.0,0.0,0.31,0.0,2.425462678035636,0.03754730564389825,0.775,0.6118864012687243,9.0
2021-02-23,482.0,0.0,0.59,0.0,2.0616432763302908,0.031915209797313514,1.4749999999999999,0.5981809144059164,1.0
2021-02-24,481.0,0.0,4.68,0.0,1.7523967848807471,0.02712792832771649,11.7,0.5842981736283683,-1.0
2021-02-25,480.0,0.0,7.17,0.0,1.489537267148635,0.023058739078559015,17.925,0.5702422926917871,-1.0
2021-02-26,479.0,0.0,4.58,0.0,1.2661066770763398,0.019599928216775163,11.45,0.5560174366570446,-1.0
2021-02-27,491.0,0.1,3.8,0.1,1.176190675514889,0.01820798612528138,9.5,0.5416278206559814,12.0
2021-02-28,489.0,0.0,3.23,0.0,0.9997620741876556,0.015476788206489175,8.075,0.5270777086423722,-2.0
2021-03-01,493.0,0.0,1.52,0.0,0.8497977630595073,0.013155269975515799,3.8,0.5123714121284237,4.0
2021-03-02,477.0,0.0,3.59,0.0,0.7223280986005811,0.011181979479188428,8.975,0.49751328890718066,-16.0
2021-03-03,471.0,0.0,0.19,0.0,0.6139788838104939,0.009504682557310164,0.475,0.48250774176121847,-6.0
2021-03-04,467.0,0.1,-0.08,0.1,0.6218820512389198,0.009627027314736131,0.0,0.46735921715800227,-4.0
2021-03-05,468.0,0.0,-1.75,0.0,0.5285997435530818,0.00818297321752571,0.0,0.45207220393230435,1.0
2021-03-06,480.0,0.0,-1.03,0.0,0.4493097820201195,0.006955527234896854,0.0,0.43665123195606403,12.0
2021-03-07,469.0,2.2,0.03,2.2,2.581913314717102,0.03996923525215717,0.075,0.4211008707960896,-11.0
2021-03-08,485.0,0.0,-2.8,0.0,2.1946263175095364,0.03397384996433359,0.0,0.40542572835999735,16.0
2021-03-09,490.0,0.0,-4.55,0.0,1.865432369883106,0.028877772469683552,0.0,0.38963044953078796,5.0
2021-03-10,495.0,0.0,-2.98,0.0,1.58561751440064,0.024546106599231017,0.0,0.37371971479046906,5.0
2021-03-11,487.0,0.4,-1.89,0.4,1.7477748872405439,0.027056379173436333,0.0,0.35769823883312546,-8.0
2021-03-12,489.0,5.2,2.82,5.2,6.685608654154462,0.1034963736305905,7.05,0.3415707691678556,2.0
2021-03-13,494.0,1.3,2.64,1.3,6.982767356031292,0.10809653041929432,6.6000000000000005,0.3253420847119801,5.0
2021-03-14,503.0,2.2,4.14,2.2,8.1353522526266,0.12593908795889502,10.35,0.30901699437494745,9.0
2021-03-15,503.0,0.6,2.66,0.6,7.5150494147326095,0.11633650761119572,6.65,0.29260033563334836,0.0
2021-03-16,508.0,3.0,2.87,3.0,9.387792002522719,0.14532744570019115,7.175000000000001,0.27609697309746883,5.0
2021-03-17,492.0,0.0,0.93,0.0,7.979623202144311,0.12352832884516249,2.325,0.2595117970697999,-16.0
2021-03-18,480.0,0.0,-0.31,0.0,6.782679721822665,0.10499907951838812,0.0,0.2428497220959356,-12.0
2021-03-19,481.0,0.0,-2.48,0.0,5.765277763549265,0.0892492175906299,0.0,0.22611568550828828,1.0
2021-03-20,473.0,0.0,-2.27,0.0,4.9004860990168755,0.07586183495203543,0.0,0.20931464596304847,-8.0
2021-03-21,466.0,2.2,-0.26,2.2,6.365413184164344,0.09853959681172494,0.0,0.19245158197082998,-7.0
2021-03-22,484.0,0.7,0.84,0.7,6.110601206539693,0.09459498727712366,2.1,0.1755314904214282,18.0
2021-03-23,481.0,0.0,2.05,0.0,5.194011025558739,0.0804057391855551,5.125,0.15855938510313478,-3.0
2021-03-24,478.0,0.0,3.44,0.0,4.414909371724928,0.06834487830772185,8.6,0.141540295217043,-3.0
2021-03-25,475.0,0.0,5.35,0.0,3.752672965966189,0.058093146561563565,13.375,0.12447926388678915,-3.0
2021-03-26,478.0,0.0,7.13,0.0,3.1897720210712603,0.04937917457732903,17.825,0.10738134666416309,3.0
2021-03-27,470.0,0.5,7.82,0.5,3.2113062179105714,0.049712534095842136,19.55,0.09025161003104117,-8.0
2021-03-28,480.0,1.5,4.76,1.5,4.229610285223986,0.06547636109680322,11.899999999999999,0.07309512989807777,10.0
2021-03-29,493.0,2.0,4.95,2.0,5.5951687424403875,0.08661584975273258,12.375,0.055916990100603484,13.0
2021-03-30,479.0,0.1,9.87,0.1,4.855893431074329,0.07517151943084519,24.674999999999997,0.03872228089217446,-14.0
2021-03-31,469.0,0.0,10.21,0.0,4.127509416413179,0.0638957915162184,25.525000000000002,0.021516097436222254,-10.0
2021-04-01,477.0,2.9,3.03,2.9,6.408383003951203,0.09920478987843792,7.574999999999999,0.004303538296244289,8.0
2021-04-02,481.0,0.0,3.67,0.0,5.447125553358522,0.08432407139667224,9.175,-0.01291029607500882,4.0
2021-04-03,479.0,1.0,2.59,1.0,5.630056720354744,0.08715593209739632,6.475,-0.030120304846908114,-2.0
2021-04-04,481.0,0.0,3.66,0.0,4.785548212301532,0.07408254228278688,9.15,-0.04732138832243185,2.0
2021-04-05,474.0,4.8,3.81,4.8,8.867715980456303,0.1372764237094485,9.525,-0.06450844944931623,-7.0
2021-04-06,481.0,0.0,1.97,0.0,7.537558583387858,0.11668496015303123,4.925,-0.08167639533042241,7.0
2021-04-07,474.0,0.0,2.05,0.0,6.406924795879679,0.09918221613007654,5.125,-0.09882013873287143,-7.0
2021-04-08,475.0,0.3,3.42,0.3,5.745886076497727,0.08894902513363254,8.55,-0.11593459959550041,1.0
2021-04-09,471.0,0.0,4.73,0.0,4.884003165023068,0.07560667136358766,11.825000000000001,-0.1330147065341959,-4.0
2021-04-10,469.0,0.0,6.92,0.0,4.151402690269608,0.0642656706590495,17.3,-0.1500553983446526,-2.0
2021-04-11,480.0,0.0,11.39,0.0,3.5286922867291666,0.054625820060192086,28.475,-0.16705162550211924,11.0
2021-04-12,480.0,0.0,11.79,0.0,2.9993884437197913,0.04643194705116327,29.474999999999998,-0.18399835165768005,0.0
2021-04-13,480.0,3.3,4.09,3.3,5.849480177161823,0.09055271064723104,10.225,-0.20089055513063506,0.0
2021-04-14,479.0,4.2,4.46,4.2,9.17205815058755,0.1419877839730911,11.15,-0.21772323039653177,-1.0
2021-04-15,477.0,2.2,5.92,2.2,9.996249427999416,0.15474665347962224,14.8,-0.23449138957040985,-2.0
2021-04-16,478.0,0.1,8.99,0.1,8.596812013799504,0.1330827025987014,22.475,-0.25119006388481935,1.0
2021-04-17,476.0,1.0,11.07,1.0,8.307290211729578,0.12860076861912112,27.675,-0.2678143051621742,-2.0
2021-04-18,476.0,0.0,12.91,0.0,7.061196679970141,0.10931065332625295,32.275,-0.2843591872810034,0.0
2021-04-19,479.0,0.0,11.84,0.0,6.00201717797462,0.092914055327315,29.6,-0.30081980763566735,3.0
2021-04-20,478.0,0.0,10.97,0.0,5.101714601278427,0.07897694702821775,27.425,-0.3171912885891061,-1.0
2021-04-21,485.0,0.0,10.34,0.0,4.336457411086663,0.06713040497398508,25.85,-0.3334687789181868,7.0
2021-04-22,479.0,0.8,6.36,0.8,4.485988799423663,0.06944522135606726,15.9,-0.3496474552512284,-6.0
2021-04-23,480.0,2.4,2.68,2.4,6.213090479510114,0.09618156953719699,6.7,-0.36572252349726897,1.0
2021-04-24,483.0,0.0,3.22,0.0,5.281126907583596,0.08175433410661744,8.05,-0.3816892202666588,3.0
2021-04-25,481.0,0.7,2.48,0.7,5.188957871446057,0.08032751397778227,6.2,-0.39754281428255595,-2.0
2021-04-26,486.0,4.4,1.34,4.4,8.810614190729147,0.1363924610861046,3.35,-0.4132786077829042,5.0
2021-04-27,484.0,0.2,3.45,0.2,7.689022062119776,0.1190296862052339,8.625,-0.4288919379124835,-2.0
2021-04-28,487.0,0.0,5.92,0.0,6.535668752801809,0.1011752332744488,14.8,-0.4443781781046132,3.0
2021-04-29,484.0,0.8,10.07,0.8,6.355318439881537,0.09838332541146141,25.175,-0.45973273945210397,-3.0
2021-04-30,481.0,4.6,9.45,4.6,10.002020673899306,0.15483599508677687,23.625,-0.47495107206704995,-3.0
2021-05-01,485.0,0.0,7.71,0.0,8.50171757281441,0.13161059582376033,19.275,-0.49002866642905923,4.0
2021-05-02,485.0,24.4,7.75,24.4,31.626459936892246,0.48959250885968447,19.375,-0.5049610547215204,0.0
2021-05-03,488.0,15.8,3.47,15.8,42.68249094635841,0.6607450808122857,8.675,-0.5197438121555155,3.0
2021-05-04,492.0,0.3,7.39,0.3,36.580117304404645,0.5662774601135102,18.474999999999998,-0.5343725582809787,4.0
2021-05-05,489.0,2.2,10.45,2.2,33.293099708743945,0.5153928781989785,26.125,-0.548842958284719,-3.0
2021-05-06,488.0,1.8,6.65,1.8,30.099134752432352,0.46594879500753655,16.625,-0.5631507242749186,-1.0
2021-05-07,492.0,0.1,6.08,0.1,25.6842645395675,0.3976045228974286,15.2,-0.5772916165517272,4.0
2021-05-08,493.0,0.7,5.75,0.7,22.531624858632373,0.3488001744499717,14.375,-0.5912614448635781,1.0
2021-05-09,484.0,0.0,8.68,0.0,19.151881129837516,0.29648014828247593,21.7,-0.6050560696488488,-9.0
2021-05-10,493.0,0.0,16.07,0.0,16.27909896036189,0.25200812604010453,40.175,-0.6186714032625031,9.0
2021-05-11,492.0,0.0,17.42,0.0,13.837234116307606,0.21420690713408888,43.550000000000004,-0.6321034111873487,-1.0
2021-05-12,490.0,0.0,17.32,0.0,11.761648998861464,0.18207587106397552,43.3,-0.6453481132295501,-2.0
2021-05-13,488.0,6.1,11.45,6.1,16.097401649032243,0.2491953660067512,28.625,-0.6584015846980488,-2.0
2021-05-14,489.0,10.3,13.4,10.3,23.982791401677407,0.37126491663105526,33.5,-0.6712599575675313,1.0
2021-05-15,481.0,0.0,14.75,0.0,20.385372691425797,0.31557517913639704,36.875,-0.6839194216246106,-8.0
2021-05-16,485.0,9.1,15.39,9.1,26.427566787711925,0.4091111920989843,38.475,-0.6963762255968722,4.0
2021-05-17,493.0,4.1,14.68,4.1,26.563431769555137,0.41121444606605884,36.7,-0.7086266782644596,8.0
2021-05-18,489.0,0.0,12.86,0.0,22.578917004121866,0.34953227915615,32.15,-0.7206671495538609,-4.0
2021-05-19,486.0,0.0,13.41,0.0,19.192079453503585,0.2971024372827275,33.525,-0.7324940716135789,-3.0
2021-05-20,485.0,1.9,11.92,1.9,18.213267535478046,0.2819499673697457,29.8,-0.7441039398713607,-1.0
2021-05-21,487.0,4.2,10.75,4.2,19.68127740515634,0.3046754521872286,26.875,-0.7554933140726803,2.0
2021-05-22,492.0,14.0,12.33,14.0,30.72908579438289,0.47570073410229324,30.825,-0.766658819300159,5.0
2021-05-23,486.0,4.1,11.65,4.1,30.219722925225454,0.46781555676887143,29.125,-0.777597146973627,-6.0
2021-05-24,490.0,0.5,12.51,0.5,26.186764486441636,0.4053834589586532,31.275,-0.7883050558305255,4.0
2021-05-25,486.0,4.4,13.25,4.4,26.65874981347539,0.41269001431984487,33.125,-0.7987793728863649,-4.0
2021-05-26,489.0,7.5,11.95,7.5,30.15993734145408,0.466890047748555,29.875,-0.8090169943749473,3.0
2021-05-27,493.0,5.8,11.5,5.8,31.435946740235966,0.48664327476557634,28.75,-0.8190148866680801,4.0
2021-05-28,491.0,4.4,11.37,4.4,31.12055472920057,0.4817608577557296,28.424999999999997,-0.8287700871745037,-2.0
2021-05-29,490.0,0.0,10.95,0.0,26.452471519820485,0.4094967290923701,27.375,-0.8382797052177743,-1.0
2021-05-30,488.0,0.0,12.18,0.0,22.484600791847413,0.3480722197285146,30.45,-0.8475409228928311,-2.0
2021-05-31,486.0,0.0,13.72,0.0,19.1119106730703,0.29586138676923746,34.300000000000004,-0.8565509959010036,-2.0
2021-06-01,492.0,0.0,14.58,0.0,16.245124072109757,0.2514821787538518,36.45,-0.865307254363206,6.0
2021-06-02,492.0,0.0,16.27,0.0,13.808355461293292,0.21375985194077404,40.675,-0.8738071036110808,0.0
2021-06-03,485.0,0.0,17.97,0.0,11.737102142099298,0.18169587414965793,44.925,-0.8820480249558537,-7.0
2021-06-04,484.0,0.0,18.07,0.0,9.976536820784403,0.15444149302720925,45.175,-0.8900275764346767,-1.0
2021-06-05,489.0,0.0,18.29,0.0,8.480056297666742,0.13127526907312784,45.724999999999994,-0.8977433935342337,5.0
2021-06-06,490.0,0.0,19.1,0.0,7.208047853016731,0.11158397871215867,47.75,-0.9051931898913974,1.0
2021-06-07,489.0,0.0,19.73,0.0,6.126840675064221,0.09484638190533487,49.325,-0.9123747579707273,-1.0
2021-06-08,489.0,0.0,18.85,0.0,5.207814573804588,0.08061942461953463,47.125,-0.9192859697186104,0.0
2021-06-09,485.0,1.4,18.8,1.4,5.8266423877339,0.09019917090091933,47.0,-0.9259247771938498,-4.0
2021-06-10,488.0,0.0,18.89,0.0,4.952646029573815,0.07666929526578144,47.225,-0.9322892131745133,3.0
2021-06-11,492.0,4.5,17.5,4.5,8.709749125137742,0.1348310223219264,43.75,-0.9383773917408641,4.0
2021-06-12,495.0,1.2,16.78,1.2,8.60328675636708,0.13318293466590733,41.95,-0.9441875088341993,3.0
2021-06-13,480.0,0.0,15.08,0.0,7.312793742912017,0.11320549446602121,37.7,-0.9497178427914316,-15.0
2021-06-14,484.0,0.0,15.44,0.0,6.215874681475214,0.09622467029611803,38.6,-0.9549667548552551,4.0
2021-06-15,486.0,0.1,17.61,0.1,5.383493479253931,0.0833390168927228,44.025,-0.9599326896597447,2.0
2021-06-16,490.0,0.0,15.94,0.0,4.575969457365842,0.07083816435881439,39.85,-0.9646141756912435,4.0
2021-06-17,491.0,0.0,19.25,0.0,3.8895740387609656,0.06021243970499223,48.125,-0.9690098257244062,1.0
2021-06-18,494.0,0.0,21.55,0.0,3.306137932946821,0.0511805737492434,53.875,-0.9731183372332619,3.0
2021-06-19,496.0,0.0,23.13,0.0,2.810217243004798,0.04350348768685689,57.824999999999996,-0.9769384927771817,2.0
2021-06-20,483.0,0.0,24.51,0.0,2.3886846565540782,0.03697796453382836,61.275000000000006,-0.980469160361632,-13.0
2021-06-21,489.0,0.0,25.53,0.0,2.0303819580709663,0.0314312698537541,63.825,-0.9837092937736097,6.0
2021-06-22,486.0,0.0,25.27,0.0,1.7258246643603212,0.026716579375690983,63.175,-0.986657932891657,-3.0
2021-06-23,487.0,21.3,24.31,21.3,22.766950964706275,0.3524431335071283,60.775,-0.9893142039703663,1.0
2021-06-24,487.0,1.4,21.2,1.4,20.751908320000332,0.32124932345537394,53.0,-0.99167731989929,0.0
2021-06-25,493.0,3.6,21.7,3.6,21.239122072000285,0.3287916220138776,54.25,-0.993746580436178,6.0
2021-06-26,491.0,2.2,20.08,2.2,20.25325376120024,0.3135299158142908,50.199999999999996,-0.9955213724144752,-2.0
2021-06-27,479.0,0.0,19.5,0.0,17.215265697020204,0.26650042844214716,48.75,-0.9970011699250151,-12.0
2021-06-28,482.0,4.6,18.55,4.6,19.232975842467173,0.29773553266285974,46.375,-0.9981855344718586,3.0
2021-06-29,494.0,0.0,19.63,0.0,16.348029466097096,0.25307520276343076,49.074999999999996,-0.99907411510223,12.0
2021-06-30,496.0,0.0,22.78,0.0,13.89582504618253,0.21511392234891613,56.95,-0.9996666485105112,2.0
2021-07-01,492.0,7.0,22.4,7.0,18.81145128925515,0.2912101338681532,56.0,-0.9999629591162655,-4.0
2021-07-02,494.0,8.9,21.57,8.9,24.88973359586688,0.3853048093389321,53.925,-0.9999629591162655,2.0
2021-07-03,496.0,0.6,21.2,0.6,21.75627355648685,0.3367973707842273,53.0,-0.9996666485105112,2.0
2021-07-04,496.0,0.0,21.18,0.0,18.49283252301382,0.28627776516659315,52.95,-0.99907411510223,0.0
2021-07-05,490.0,3.7,21.9,3.7,19.41890764456175,0.3006138446094364,54.75,-0.9981855344718586,-6.0
2021-07-06,491.0,5.8,20.39,5.8,22.306071497877486,0.34530850209732555,50.975,-0.9970011699250151,1.0
2021-07-07,506.0,0.0,23.33,0.0,18.960160773195863,0.2935122267827267,58.324999999999996,-0.9955213724144752,15.0
2021-07-08,512.0,0.0,24.82,0.0,16.116136657216483,0.2494853927653177,62.05,-0.9937465804361781,6.0
2021-07-09,515.0,0.0,25.0,0.0,13.69871615863401,0.21206258385052001,62.5,-0.99167731989929,3.0
2021-07-10,509.0,0.0,24.32,0.0,11.643908734838908,0.180253196272942,60.8,-0.9893142039703664,-6.0
2021-07-11,512.0,0.0,21.94,0.0,9.89732242461307,0.1532152168320007,54.85,-0.9866579328916572,3.0
2021-07-12,511.0,0.0,26.26,0.0,8.41272406092111,0.1302329343072006,65.65,-0.9837092937736098,-1.0
2021-07-13,509.0,0.6,24.32,0.6,7.750815451782944,0.11998627700725546,60.8,-0.9804691603616321,-2.0
2021-07-14,504.0,0.0,25.0,0.0,6.588193134015502,0.10198833545616715,62.5,-0.9769384927771817,-5.0
2021-07-15,517.0,0.0,26.6,0.0,5.599964163913176,0.08669008513774207,66.5,-0.973118337233262,13.0
2021-07-16,512.0,0.0,27.42,0.0,4.7599695393262,0.07368657236708075,68.55000000000001,-0.9690098257244063,-5.0
2021-07-17,503.0,2.9,23.86,2.9,6.945974108427269,0.1075269536016709,59.65,-0.9646141756912435,-9.0
2021-07-18,484.0,0.0,22.38,0.0,5.904077992163178,0.09139791056142027,55.949999999999996,-0.9599326896597445,-19.0
2021-07-19,482.0,0.0,20.47,0.0,5.018466293338702,0.07768822397720723,51.175,-0.9549667548552553,-2.0
2021-07-20,488.0,0.0,19.6,0.0,4.2656963493378965,0.06603499038062614,49.0,-0.9497178427914317,6.0
2021-07-21,491.0,0.6,19.1,0.6,4.225841896937212,0.06541802466966717,47.75,-0.9441875088341994,3.0
2021-07-22,494.0,0.0,18.91,0.0,3.59196561239663,0.0556053209692171,47.275,-0.9383773917408642,3.0
2021-07-23,493.0,0.0,20.41,0.0,3.053170770537135,0.04726452282383453,51.025,-0.9322892131745134,-1.0
2021-07-24,481.0,0.0,20.06,0.0,2.595195154956565,0.04017484440025935,50.15,-0.9259247771938499,-12.0
2021-07-25,472.0,0.0,22.01,0.0,2.20591588171308,0.03414861774022045,55.025000000000006,-0.9192859697186105,-9.0
2021-07-26,472.0,0.0,24.93,0.0,1.875028499456118,0.029026325079187378,62.325,-0.9123747579707274,0.0
2021-07-27,481.0,6.4,22.25,6.4,7.993774224537701,0.12374739334274881,55.625,-0.9051931898913975,9.0
2021-07-28,491.0,3.0,23.31,3.0,9.794708090857046,0.15162669857201128,58.275,-0.8977433935342336,10.0
2021-07-29,485.0,1.7,21.2,1.7,10.02550187722849,0.15519949518359197,53.0,-0.8900275764346766,-6.0
2021-07-30,481.0,0.0,19.85,0.0,8.521676595644216,0.13191957090605316,49.625,-0.8820480249558535,-4.0
2021-07-31,476.0,14.3,20.7,14.3,21.543425106297583,0.33350237643636166,51.75,-0.8738071036110807,-5.0
2021-08-01,471.0,0.1,20.23,0.1,18.411911340352948,0.28502506711192993,50.575,-0.8653072543632061,-5.0
2021-08-02,475.0,11.6,16.62,11.6,27.250124639300005,0.42184477540374954,41.550000000000004,-0.8565509959010037,4.0
2021-08-03,477.0,0.1,17.33,0.1,23.262605943405006,0.36011610623420964,43.324999999999996,-0.8475409228928312,2.0
2021-08-04,483.0,1.0,16.75,1.0,20.773215051894255,0.3215791617093031,41.875,-0.8382797052177745,6.0
2021-08-05,490.0,0.0,17.7,0.0,17.657232794110115,0.2733422874529076,44.25,-0.828770087174504,7.0
2021-08-06,490.0,17.7,14.29,17.7,32.708647874993595,0.5063452882959526,35.724999999999994,-0.8190148866680802,0.0
2021-08-07,483.0,0.7,16.56,0.7,28.502350693744553,0.44122982503871716,41.4,-0.8090169943749472,-7.0
2021-08-08,471.0,0.4,17.82,0.4,24.626998089682868,0.38123753984699954,44.55,-0.7987793728863648,-12.0
2021-08-09,478.0,9.7,17.42,9.7,30.632948376230438,0.47421248154913137,43.550000000000004,-0.7883050558305253,7.0
2021-08-10,490.0,0.0,18.6,0.0,26.03800611979587,0.40308060931676165,46.5,-0.7775971469736268,12.0
2021-08-11,500.0,3.4,16.35,3.4,25.53230520182649,0.39525212071401217,40.875,-0.7666588193001592,10.0
2021-08-12,507.0,0.3,17.18,0.3,22.002459421552516,0.3406084440299778,42.95,-0.7554933140726804,7.0
2021-08-13,515.0,0.0,18.41,0.0,18.70209050831964,0.28951717742548116,46.025,-0.7441039398713608,8.0
2021-08-14,515.0,0.0,19.4,0.0,15.896776932071692,0.24608960081165895,48.5,-0.7324940716135792,0.0
2021-08-15,496.0,0.0,17.77,0.0,13.512260392260938,0.2091761606899101,44.425,-0.7206671495538615,-19.0
2021-08-16,497.0,12.5,20.29,12.5,23.985421333421797,0.37130562921423516,50.724999999999994,-0.7086266782644601,1.0
2021-08-17,494.0,7.1,16.95,7.1,27.48760813340853,0.42552113184469686,42.375,-0.6963762255968726,-3.0
2021-08-18,495.0,0.3,15.3,0.3,23.66446691339725,0.3663371034910598,38.25,-0.6839194216246105,1.0
2021-08-19,496.0,2.8,15.59,2.8,22.914796876387662,0.3547318579160307,38.975,-0.6712599575675315,1.0
2021-08-20,504.0,0.4,16.55,0.4,19.87757734492951,0.307714267792716,41.375,-0.6584015846980489,8.0
2021-08-21,505.0,2.9,15.23,2.9,19.79594074319008,0.3064504947134608,38.075,-0.64534811322955,1.0
2021-08-22,496.0,0.0,14.29,0.0,16.82654963171157,0.26048292050644173,35.724999999999994,-0.6321034111873488,-9.0
2021-08-23,499.0,0.0,15.0,0.0,14.302567186954832,0.22141048243047542,37.5,-0.6186714032625032,3.0
2021-08-24,501.0,0.0,12.49,0.0,12.157182108911607,0.1881989100659041,31.225,-0.6050560696488494,2.0
2021-08-25,507.0,2.9,12.92,2.9,13.233604792574866,0.20486244064567077,32.3,-0.5912614448635782,6.0
2021-08-26,508.0,3.7,12.63,3.7,14.948564073688637,0.2314108187666524,31.575000000000003,-0.5772916165517278,1.0
2021-08-27,513.0,0.8,15.91,0.8,13.50627946263534,0.2090835730798345,39.775,-0.5631507242749187,5.0
2021-08-28,515.0,4.9,15.25,4.9,16.38033754324004,0.2535753470279614,38.125,-0.5488429582847199,2.0
2021-08-29,511.0,1.3,15.65,1.3,15.223286911754034,0.23566365780705964,39.125,-0.5343725582809785,-4.0
2021-08-30,518.0,2.7,16.48,2.7,15.639793874990929,0.24211138194360798,41.2,-0.5197438121555157,7.0
2021-08-31,523.0,28.1,14.53,28.1,41.39382479374229,0.6407959212793872,36.324999999999996,-0.5049610547215202,5.0
2021-09-01,523.0,0.0,14.35,0.0,35.184751074680946,0.5446765330874792,35.875,-0.4900286664290594,0.0
2021-09-02,519.0,0.0,12.4,0.0,29.907038413478805,0.46297505312435727,31.0,-0.4749510720670502,-4.0
2021-09-03,521.0,1.3,12.86,1.3,26.720982651456985,0.41365340798899614,32.15,-0.4597327394521046,2.0
2021-09-04,521.0,0.0,9.98,0.0,22.712835253738437,0.3516053967906467,24.950000000000003,-0.44437817810461344,0.0
2021-09-05,511.0,0.0,9.79,0.0,19.30590996567767,0.2988645872720497,24.474999999999998,-0.4288919379124841,-10.0
2021-09-06,500.0,0.0,10.33,0.0,16.41002347082602,0.2540348991812422,25.825,-0.41327860778290443,-11.0
2021-09-07,496.0,0.0,12.63,0.0,13.948519950202115,0.21592966430405586,31.575000000000003,-0.3975428142825566,-4.0
2021-09-08,497.0,0.0,15.59,0.0,11.856241957671799,0.1835402146584475,38.975,-0.3816892202666586,1.0
2021-09-09,501.0,0.0,17.17,0.0,10.077805664021028,0.15600918245968035,42.925000000000004,-0.3657225234972692,4.0
2021-09-10,505.0,0.0,17.18,0.0,8.566134814417873,0.1326078050907283,42.95,-0.34964745525122826,4.0
2021-09-11,514.0,0.0,18.51,0.0,7.281214592255192,0.11271663432711905,46.275000000000006,-0.33346877891818705,9.0
2021-09-12,515.0,1.2,16.88,1.2,7.3890324034169135,0.11438570487032111,42.199999999999996,-0.31719128858910595,1.0
2021-09-13,506.0,2.1,15.91,2.1,8.380677542904376,0.12973683910124528,39.775,-0.300819807635668,-9.0
2021-09-14,504.0,0.0,11.38,0.0,7.12357591146872,0.11027631323605849,28.450000000000003,-0.2843591872810036,-2.0
2021-09-15,504.0,0.0,11.68,0.0,6.055039524748412,0.09373486625064971,29.2,-0.26781430516217486,0.0
2021-09-16,498.0,3.3,12.87,3.3,8.446783596036148,0.1307601919667945,32.175,-0.25119006388481957,-6.0
2021-09-17,499.0,2.0,10.38,2.0,9.179766056630726,0.14210710599222517,25.950000000000003,-0.23449138957041052,1.0
2021-09-18,491.0,0.2,8.2,0.2,8.002801148136117,0.12388713437543637,20.5,-0.21772323039653224,-8.0
2021-09-19,486.0,0.0,7.23,0.0,6.802380975915699,0.1053040642191209,18.075000000000003,-0.20089055513063528,-5.0
2021-09-20,492.0,4.1,5.59,4.1,9.882023829528343,0.15297838736817496,13.975,-0.18399835165767986,6.0
2021-09-21,505.0,0.0,6.9,0.0,8.39972025509909,0.1300316292629487,17.25,-0.1670516255021195,13.0
2021-09-22,521.0,0.0,7.35,0.0,7.139762216834227,0.1105268848735064,18.375,-0.15005539834465262,16.0
2021-09-23,525.0,7.4,8.61,7.4,13.468797884309094,0.2085033405781449,21.525,-0.13301470653419636,4.0
2021-09-24,506.0,5.8,10.27,5.8,17.248478201662728,0.26701457367072773,25.674999999999997,-0.11593459959550066,-19.0
2021-09-25,510.0,0.5,12.92,0.5,15.161206471413319,0.23470262332523104,32.3,-0.09882013873287211,4.0
2021-09-26,513.0,0.0,11.14,0.0,12.887025500701322,0.19949722982644638,27.85,-0.08167639533042288,3.0
2021-09-27,510.0,0.0,9.59,0.0,10.953971675596122,0.1695726453524794,23.975,-0.06450844944931625,-3.0
2021-09-28,501.0,0.0,10.89,0.0,9.310875924256704,0.1441367485496075,27.225,-0.04732138832243232,-9.0
2021-09-29,492.0,0.0,9.57,0.0,7.914244535618199,0.12251623626716637,23.925,-0.03012030484690836,-9.0
2021-09-30,480.0,2.9,10.32,2.9,9.627107855275469,0.1490321679167437,25.8,-0.012910296075008843,-12.0
2021-10-01,471.0,1.5,10.0,1.5,9.683041676984148,0.14989804984456953,25.0,0.004303538296243821,-9.0
2021-10-02,479.0,0.0,9.77,0.0,8.230585425436526,0.12741334236788412,24.424999999999997,0.021516097436222233,8.0
2021-10-03,473.0,0.0,11.94,0.0,6.995997611621047,0.10830134101270149,29.849999999999998,0.03872228089217399,-6.0
2021-10-04,493.0,0.0,11.77,0.0,5.94659796987789,0.09205613986079626,29.424999999999997,0.05591699010060302,20.0
2021-10-05,500.0,0.0,12.88,0.0,5.054608274396206,0.07824771888167682,32.2,0.07309512989807776,7.0
2021-10-06,489.0,0.0,12.07,0.0,4.296417033236775,0.06651056104942529,30.175,0.0902516100310407,-11.0
2021-10-07,485.0,0.0,8.32,0.0,3.6519544782512585,0.0565339768920115,20.8,0.10738134666416306,-4.0
2021-10-08,475.0,0.0,5.93,0.0,3.1041613065135696,0.04805388035820977,14.825,0.12447926388678869,-10.0
2021-10-09,471.0,0.0,5.77,0.0,2.638537110536534,0.040845798304478306,14.424999999999999,0.141540295217043,-4.0
2021-10-10,470.0,0.0,5.06,0.0,2.242756543956054,0.03471892855880656,12.649999999999999,0.15855938510313475,-1.0
2021-10-11,477.0,0.0,5.07,0.0,1.9063430623626458,0.029511089274985573,12.675,0.17553149042142777,7.0
2021-10-12,482.0,0.0,5.3,0.0,1.620391603008249,0.02508442588373774,13.25,0.19245158197082995,5.0
2021-10-13,478.0,0.4,4.5,0.4,1.7773328625570115,0.027513950565267047,11.25,0.20931464596304888,-4.0
2021-10-14,475.0,0.2,6.14,0.2,1.7107329331734598,0.026482952262521973,15.35,0.22611568550828803,-3.0
2021-10-15,485.0,3.8,10.06,3.8,5.2541229931974405,0.0813363007819984,25.150000000000002,0.2428497220959358,10.0
2021-10-16,481.0,0.0,8.37,0.0,4.4660045442178244,0.06913585566469864,20.924999999999997,0.25951179706979943,-4.0
2021-10-17,483.0,3.4,7.61,3.4,7.196103862585151,0.11139908010975859,19.025000000000002,0.27609697309746883,2.0
2021-10-18,502.0,0.4,6.26,0.4,6.516688283197379,0.10088140665738478,15.649999999999999,0.2926003356333479,19.0
2021-10-19,503.0,0.0,4.86,0.0,5.539185040717772,0.08574919565877706,12.15,0.30901699437494723,1.0
2021-10-20,495.0,2.9,11.58,2.9,7.608307284610106,0.1177801833996128,28.95,0.3253420847119795,-8.0
2021-10-21,486.0,3.6,12.63,3.6,10.06706119191859,0.15584285296648062,31.575000000000003,0.341570769167856,-9.0
2021-10-22,481.0,3.5,7.29,3.5,12.057002013130802,0.18664807495729577,18.225,0.35769823883312546,-5.0
2021-10-23,482.0,2.4,5.31,2.4,12.648451711161181,0.19580399509824123,13.274999999999999,0.3737197147904692,1.0
2021-10-24,465.0,0.0,3.44,0.0,10.751183954487004,0.16643339583350503,8.6,0.38963044953078774,-17.0
2021-10-25,467.0,0.0,4.12,0.0,9.138506361313953,0.14146838645847926,10.3,0.4054257283599973,2.0
2021-10-26,476.0,2.7,5.58,2.7,10.46773040711686,0.1620454012973147,13.95,0.42110087079608916,9.0
2021-10-27,478.0,0.5,9.78,0.5,9.397570846049332,0.14547882680782995,24.45,0.4366512319560638,2.0
2021-10-28,480.0,2.5,11.78,2.5,10.487935219141931,0.16235818131221777,29.45,0.45207220393230374,2.0
2021-10-29,492.0,0.0,10.12,0.0,8.914744936270642,0.13800445411538512,25.299999999999997,0.46735921715800205,12.0
2021-10-30,498.0,0.0,9.07,0.0,7.577533195830045,0.11730378599807734,22.675,0.48250774176121763,6.0
2021-10-31,495.0,0.0,8.79,0.0,6.440903216455538,0.09970821809836573,21.974999999999998,0.4975132889071803,-3.0
2021-11-01,488.0,0.0,6.71,0.0,5.474767733987208,0.08475198538361088,16.775,0.5123714121284235,-7.0
2021-11-02,500.0,0.0,6.39,0.0,4.653552573889127,0.07203918757606925,15.975,0.5270777086423724,12.0
2021-11-03,508.0,6.5,6.83,6.5,10.455519687805758,0.16185637360612087,17.075,0.5416278206559811,8.0
2021-11-04,512.0,0.7,7.51,0.7,9.587191734634894,0.1484142475523602,18.775,0.5560174366570446,4.0
2021-11-05,502.0,0.1,8.35,0.1,8.24911297443966,0.12770015756052866,20.875,0.5702422926917867,-10.0
2021-11-06,496.0,1.3,8.24,1.3,8.311746028273712,0.12866974675974177,20.6,0.5842981736283683,-6.0
2021-11-07,502.0,2.6,7.05,2.6,9.664984124032655,0.14961851041236532,17.625,0.5981809144059159,6.0
2021-11-08,510.0,1.4,4.88,1.4,9.615236505427756,0.1488483938248254,12.2,0.6118864012687242,8.0
2021-11-09,504.0,0.0,0.53,0.0,8.172951029613593,0.1265211347511016,1.3250000000000002,0.6254105729852457,-6.0
2021-11-10,485.0,0.0,3.27,0.0,6.947008375171554,0.10754296453843636,8.175,0.6387494220515268,-19.0
2021-11-11,490.0,0.4,4.83,0.4,6.304957118895821,0.09760370842176089,12.075,0.6518989958787125,5.0
2021-11-12,492.0,0.0,5.8,0.0,5.359213551061448,0.08296315215849674,14.5,0.6648553979642867,2.0
2021-11-13,505.0,0.0,3.78,0.0,4.55533151840223,0.07051867933472224,9.45,0.6776147890466887,13.0
2021-11-14,514.0,0.0,3.76,0.0,3.8720317906418957,0.059940877434513894,9.399999999999999,0.690173388242972,9.0
2021-11-15,512.0,0.0,1.7,0.0,3.2912270220456112,0.05094974581933681,4.25,0.7025274741691566,-2.0
2021-11-16,506.0,0.0,2.75,0.0,2.7975429687387696,0.04330728394643629,6.875,0.7146733860429608,-6.0
2021-11-17,496.0,0.0,3.91,0.0,2.377911523427954,0.03681119135447084,9.775,0.726607524768565,-10.0
2021-11-18,484.0,3.8,5.25,3.8,5.8212247949137605,0.09011530401015494,13.125,0.7383263540031063,-12.0
2021-11-19,490.0,4.9,8.86,4.9,9.848041075676697,0.15245231831873385,22.15,0.749826401204568,6.0
2021-11-20,491.0,9.1,7.72,9.1,17.47083491432519,0.2704567604039706,19.3,0.7611042586607742,1.0
2021-11-21,495.0,4.2,6.03,4.2,19.05020967717641,0.2949062262663197,15.075000000000001,0.7721565844991641,4.0
2021-11-22,501.0,0.0,-1.08,0.0,16.19267822559995,0.2506702923263717,0.0,0.7829801036770625,6.0
2021-11-23,503.0,0.9,0.38,0.9,14.663776491759956,0.22700217274661838,0.95,0.7935716089521472,2.0
2021-11-24,506.0,0.3,4.08,0.3,12.764210017995962,0.1975959882576931,10.2,0.8039279618328208,3.0
2021-11-25,506.0,0.3,4.42,0.3,11.149578515296568,0.1726007314421066,11.05,0.8140460935082175,0.0
2021-11-26,504.0,0.0,1.94,0.0,9.477141738002082,0.1467106217257906,4.85,0.8239230057575536,-2.0
2021-11-27,506.0,8.9,0.52,8.9,16.95557047730177,0.26248022401792387,1.3,0.8335557718385695,2.0
2021-11-28,516.0,0.1,0.93,0.1,14.512234905706503,0.22465623755625774,2.325,0.8429415373547832,10.0
2021-11-29,513.0,13.0,-0.23,13.0,25.335399669850528,0.3922039302557431,0.0,0.8520775211013093,-3.0
2021-11-30,504.0,0.0,-2.58,0.0,21.535089719372948,0.33337334071738167,0.0,0.8609610158889945,-9.0
2021-12-01,499.0,2.9,-3.18,2.9,21.204826261467005,0.3282607066994267,0.0,0.8695893893466109,-5.0
2021-12-02,500.0,9.8,1.78,9.8,27.824102322246954,0.430730220514717,4.45,0.8779600847008883,1.0
2021-12-03,496.0,0.1,-0.12,0.1,23.75048697390991,0.36766873457853194,0.0,0.8860706215341377,-4.0
2021-12-04,495.0,1.3,-0.92,1.3,21.487913927823424,0.3326430372250445,0.0,0.893918596519257,-1.0
2021-12-05,486.0,0.7,-1.51,0.7,18.96472683864991,0.2935829116284453,0.0,0.9015016841318838,-9.0
2021-12-06,499.0,0.3,-8.76,0.3,16.42001781285242,0.25418961630724596,0.0,0.9088176373395028,13.0
2021-12-07,491.0,0.0,-10.76,0.0,13.957015140924558,0.21606117386115903,0.0,0.9158642882672868,-8.0
2021-12-08,499.0,0.5,-11.74,0.5,12.363462869785874,0.19139223348709763,0.0,0.9226395488404875,8.0
2021-12-09,498.0,0.0,-7.73,0.0,10.508943439317992,0.16268339846403299,0.0,0.9291414114031743,-1.0
2021-12-10,486.0,4.0,0.25,4.0,12.932601923420293,0.20020277433532774,0.625,0.935367949313148,-12.0
2021-12-11,496.0,0.9,0.75,0.9,11.892711634907249,0.184104782454231,1.875,0.941317317512847,10.0
2021-12-12,488.0,0.0,-1.16,0.0,10.10880488967116,0.15648906508609636,0.0,0.946987753076075,-8.0
2021-12-13,505.0,0.0,-1.82,0.0,8.592484156220486,0.13301570532318188,0.0,0.9523775757303973,17.0
2021-12-14,509.0,0.6,-1.56,0.6,7.903611532787413,0.12235163237083956,0.0,0.9574851883550389,4.0
2021-12-15,514.0,0.4,2.33,0.4,7.118069802869301,0.11019107607930359,5.825,0.9623090774541487,5.0
2021-12-16,507.0,0.1,5.2,0.1,6.150359332438906,0.09521046180843054,13.0,0.9668478136052773,-7.0
2021-12-17,514.0,0.0,2.53,0.0,5.22780543257307,0.08092889253716597,6.324999999999999,0.9711000518829505,7.0
2021-12-18,509.0,4.9,2.92,4.9,9.343634617687108,0.1446438685666932,7.3,0.9750645322571945,-5.0
2021-12-19,499.0,0.4,2.88,0.4,8.342089425034041,0.12913947684577917,7.199999999999999,0.9787400799669153,-10.0
2021-12-20,512.0,1.4,-3.51,1.4,8.490776011278935,0.1314412152932272,0.0,0.9821256058680006,13.0
2021-12-21,507.0,0.4,-7.37,0.4,7.6171596095870955,0.11791722156333309,0.0,0.9852201067560606,-5.0
2021-12-22,500.0,0.0,-11.15,0.0,6.474585668149031,0.10022963832883312,0.0,0.9880226656636976,-7.0
2021-12-23,496.0,0.2,-5.99,0.2,5.703397817926676,0.08829128686155314,0.0,0.9905324521322227,-4.0
2021-12-24,472.0,1.8,-4.38,1.8,6.647888145237674,0.10291244237072503,0.0,0.9927487224577402,-24.0
2021-12-25,467.0,0.1,-5.94,0.1,5.750704923452023,0.08902362315613876,0.0,0.9946708199115211,-5.0
2021-12-26,473.0,0.4,-3.2,0.4,5.28809918493422,0.08186226824680792,0.0,0.9962981749346077,6.0
2021-12-27,464.0,0.0,-5.97,0.0,4.494884307194087,0.06958292800978674,0.0,0.9976303053065857,-9.0
2021-12-28,462.0,0.0,-8.83,0.0,3.8206516611149737,0.05914548880831873,0.0,0.9986668162884759,-2.0
2021-12-29,466.0,0.0,-7.65,0.0,3.2475539119477275,0.050273665487070913,0.0,0.9994074007397048,4.0
2021-12-30,470.0,0.4,-3.24,0.4,3.160420825155568,0.04892480422810024,0.0,0.9998518392091162,4.0
2021-12-31,466.0,7.3,3.64,7.3,9.986357701382232,0.15459352488852715,9.1,1.0,-4.0
2022-01-01,472.0,0.9,2.28,0.9,9.388404046174898,0.14533692042445054,5.699999999999999,0.9998518392091162,6.0
2022-01-02,496.0,15.3,-0.15,15.3,23.280143439248665,0.36038759493722433,0.0,0.9994074007397048,24.0
2022-01-03,510.0,8.0,5.15,8.0,27.788121923361366,0.4301732269784401,12.875,0.998666816288476,14.0
2022-01-04,510.0,2.0,4.35,2.0,25.61990363485716,0.3966081857521239,10.875,0.9976303053065857,0.0
2022-01-05,500.0,0.8,2.0,0.8,22.576918089628585,0.34950133501748526,5.0,0.9962981749346078,-10.0
2022-01-06,491.0,0.2,-0.02,0.2,19.390380376184297,0.3001722290469075,0.0,0.9946708199115211,-9.0
2022-01-07,494.0,0.0,-2.19,0.0,16.48182331975665,0.2551463946898713,0.0,0.9927487224577402,3.0
2022-01-08,507.0,0.0,-1.71,0.0,14.009549821793152,0.21687443548639063,0.0,0.9905324521322229,13.0
2022-01-09,488.0,0.0,-1.32,0.0,11.90811734852418,0.18434327016343202,0.0,0.9880226656636976,-19.0
2022-01-10,497.0,0.1,-1.63,0.1,10.221899746245551,0.1582398267799397,0.0,0.9852201067560606,9.0
2022-01-11,491.0,0.0,-4.95,0.0,8.688614784308719,0.13450385276294874,0.0,0.9821256058680006,-6.0
2022-01-12,473.0,0.0,-6.48,0.0,7.385322566662411,0.11432827484850643,0.0,0.9787400799669153,-18.0
2022-01-13,471.0,0.2,2.85,0.2,6.477524181663049,0.10027512790327545,7.125,0.9750645322571948,-2.0
2022-01-14,485.0,1.1,4.3,1.1,6.605895554413591,0.10226237726903153,10.75,0.9711000518829505,14.0
2022-01-15,503.0,0.0,1.61,0.0,5.615011221251552,0.0869230206786768,4.025,0.9668478136052775,18.0
2022-01-16,521.0,0.2,-0.69,0.2,4.972759538063819,0.07698066185892026,0.0,0.9623090774541486,18.0
2022-01-17,515.0,6.2,0.4,6.2,10.426845607354245,0.16141248532347677,1.0,0.9574851883550393,-6.0
2022-01-18,511.0,0.0,-0.65,0.0,8.862818766251108,0.13720061252495525,0.0,0.9523775757303974,-4.0
2022-01-19,502.0,0.0,0.95,0.0,7.533395951313441,0.11662052064621194,2.375,0.9469877530760753,-9.0
2022-01-20,489.0,3.5,-0.42,3.5,9.903386558616425,0.1533090924850674,0.0,0.9413173175128471,-13.0
2022-01-21,483.0,2.2,-0.35,2.2,10.617878574823962,0.16436976571480214,0.0,0.9353679493131483,-6.0
2022-01-22,496.0,0.2,-2.0,0.2,9.225196788600366,0.14281039513962676,0.0,0.9291414114031743,13.0
2022-01-23,486.0,0.0,-4.46,0.0,7.841417270310311,0.12138883586868275,0.0,0.9226395488404876,-10.0
2022-01-24,484.0,0.8,-2.01,0.8,7.465204679763764,0.11556488761656028,0.0,0.9158642882672872,-2.0
2022-01-25,482.0,1.9,1.12,1.9,8.245423977799199,0.12764305015350358,2.8000000000000003,0.9088176373395029,-2.0
2022-01-26,496.0,0.9,-1.07,0.9,7.908610381129319,0.12242901689968048,0.0,0.901501684131884,14.0
2022-01-27,492.0,3.2,2.12,3.2,9.92231882395992,0.15360217287744815,5.300000000000001,0.893918596519257,-4.0
2022-01-28,501.0,1.1,1.71,1.1,9.53397100036593,0.14759036549707832,4.275,0.886070621534138,9.0
2022-01-29,510.0,5.1,0.2,5.1,13.20387535031104,0.2044022148646637,0.5,0.8779600847008882,9.0
2022-01-30,502.0,9.9,1.34,9.9,21.123294047764382,0.3269985495961909,3.35,0.869589389346611,-8.0
2022-01-31,511.0,3.9,-1.5,3.9,21.854799940599722,0.3383226056566394,0.0,0.8609610158889943,9.0
2022-02-01,517.0,1.6,-2.11,1.6,20.176579949509765,0.31234296906450343,0.0,0.8520775211013093,6.0
2022-02-02,509.0,3.1,-2.17,3.1,20.2500929570833,0.31348098507652516,0.0,0.8429415373547828,-8.0
2022-02-03,506.0,0.4,-4.47,0.4,17.612579013520804,0.27265102587913637,0.0,0.8335557718385699,-3.0
2022-02-04,497.0,0.7,-1.78,0.7,15.670692161492683,0.24258970198442334,0.0,0.8239230057575542,-9.0
2022-02-05,495.0,3.6,1.64,3.6,16.92008833726878,0.26193094376356957,4.1,0.8140460935082178,-2.0
2022-02-06,497.0,3.9,1.4,3.9,18.28207508667846,0.2830151406989113,3.5,0.8039279618328213,2.0
2022-02-07,511.0,4.6,1.76,4.6,20.13976382367669,0.3117730380811093,4.4,0.7935716089521474,14.0
2022-02-08,510.0,1.5,1.9,1.5,18.61879925012519,0.2882277894842803,4.75,0.7829801036770629,-1.0
2022-02-09,520.0,2.3,3.78,2.3,18.12597936260641,0.28059870530515557,9.45,0.7721565844991642,10.0
2022-02-10,524.0,0.0,3.58,0.0,15.407082458215449,0.23850889950938223,8.95,0.7611042586607747,4.0
2022-02-11,522.0,0.8,1.71,0.8,13.896020089483132,0.21511694171115486,4.275,0.7498264012045686,-2.0
2022-02-12,505.0,0.1,0.02,0.1,11.911617076060661,0.1843974475955041,0.05,0.7383263540031065,-17.0
2022-02-13,501.0,0.0,0.18,0.0,10.124874514651562,0.1567378304561785,0.44999999999999996,0.7266075247685656,-4.0
2022-02-14,510.0,0.0,1.46,0.0,8.606143337453828,0.13322715588775172,3.65,0.7146733860429609,9.0
2022-02-15,509.0,0.9,2.22,0.9,8.215221836835754,0.1271755067737914,5.550000000000001,0.702527474169157,-1.0
2022-02-16,499.0,3.3,4.35,3.3,10.282938561310392,0.15918473641146497,10.875,0.6901733882429719,-10.0
2022-02-17,490.0,13.1,4.98,13.1,21.840497777113832,0.33810120142369177,12.450000000000001,0.6776147890466889,-9.0
2022-02-18,487.0,4.4,2.63,4.4,22.964423110546754,0.3555000954151276,6.574999999999999,0.6648553979642865,-3.0
2022-02-19,483.0,12.6,3.28,12.6,32.11975964396474,0.4972290208716926,8.2,0.6518989958787126,-4.0
2022-02-20,486.0,2.8,1.97,2.8,30.10179569737003,0.46598998768956845,4.925,0.6387494220515272,3.0
2022-02-21,486.0,9.3,4.12,9.3,34.886526342764526,0.540059873651225,10.3,0.6254105729852463,0.0
2022-02-22,488.0,1.5,0.93,1.5,31.153547391349846,0.4822715997188786,2.325,0.6118864012687243,2.0
2022-02-23,497.0,1.5,0.15,1.5,27.980515282647367,0.43315156687638423,0.375,0.5981809144059164,9.0
2022-02-24,486.0,0.0,2.27,0.0,23.783437990250263,0.3681788318449266,5.675,0.5842981736283683,-11.0
2022-02-25,470.0,1.5,3.23,1.5,21.715922291712722,0.33617271418352496,8.075,0.5702422926917871,-16.0
2022-02-26,478.0,0.0,2.89,0.0,18.458533947955814,0.28574680705599625,7.2250000000000005,0.5560174366570446,8.0
2022-02-27,482.0,0.0,-1.13,0.0,15.689753855762442,0.2428847859975968,0.0,0.5416278206559814,4.0
2022-02-28,478.0,0.0,-1.16,0.0,13.336290777398075,0.20645206809795727,0.0,0.5270777086423722,-4.0
2022-03-01,484.0,0.0,-0.37,0.0,11.335847160788363,0.17548425788326366,0.0,0.5123714121284237,6.0
2022-03-02,480.0,0.0,-0.27,0.0,9.635470086670109,0.14916161920077411,0.0,0.49751328890718066,-4.0
2022-03-03,482.0,0.0,0.91,0.0,8.190149573669592,0.12678737632065798,2.275,0.48250774176121847,2.0
2022-03-04,477.0,0.0,1.03,0.0,6.9616271376191525,0.10776926987255928,2.575,0.46735921715800227,-5.0
2022-03-05,481.0,0.0,-1.82,0.0,5.91738306697628,0.09160387939167539,0.0,0.45207220393230435,4.0
2022-03-06,492.0,0.0,-1.32,0.0,5.029775606929838,0.07786329748292409,0.0,0.43665123195606403,11.0
2022-03-07,506.0,0.2,0.75,0.2,4.475309265890362,0.06927989714253047,1.875,0.4211008707960896,14.0
2022-03-08,511.0,1.9,0.14,1.9,5.704012876006807,0.08830080825057823,0.35000000000000003,0.40542572835999735,5.0
2022-03-09,509.0,1.5,-1.08,1.5,6.348410944605786,0.09827639412832889,0.0,0.38963044953078796,-2.0
2022-03-10,504.0,0.0,-3.8,0.0,5.3961493029149175,0.08353493500907955,0.0,0.37371971479046906,-5.0
2022-03-11,497.0,0.0,-2.14,0.0,4.586726907477679,0.0710046947577176,0.0,0.35769823883312546,-7.0
2022-03-12,497.0,0.0,0.74,0.0,3.8987178713560273,0.06035399054405997,1.85,0.3415707691678556,0.0
2022-03-13,494.0,0.0,0.96,0.0,3.313910190652623,0.05130089196245097,2.4,0.3253420847119801,-3.0
2022-03-14,496.0,0.0,1.14,0.0,2.8168236620547296,0.04360575816808332,2.8499999999999996,0.30901699437494745,2.0
2022-03-15,495.0,0.0,2.96,0.0,2.39430011274652,0.037064894442870824,7.4,0.29260033563334836,-1.0
2022-03-16,489.0,0.0,3.91,0.0,2.035155095834542,0.0315051602764402,9.775,0.27609697309746883,-6.0
2022-03-17,484.0,0.0,1.19,0.0,1.7298818314593607,0.026779386234974167,2.9749999999999996,0.2595117970697999,-5.0
2022-03-18,488.0,0.0,0.94,0.0,1.4703995567404566,0.022762478299728044,2.3499999999999996,0.2428497220959356,4.0
2022-03-19,489.0,0.0,2.43,0.0,1.249839623229388,0.019348106554768835,6.075,0.22611568550828828,1.0
2022-03-20,481.0,0.0,3.17,0.0,1.0623636797449798,0.01644589057155351,7.925,0.20931464596304847,-8.0
2022-03-21,482.0,0.0,4.77,0.0,0.9030091277832328,0.013979006985820483,11.924999999999999,0.19245158197082998,1.0
2022-03-22,497.0,0.0,5.83,0.0,0.7675577586157479,0.01188215593794741,14.575,0.1755314904214282,15.0
2022-03-23,506.0,0.0,6.44,0.0,0.6524240948233857,0.0100998325472553,16.1,0.15855938510313478,9.0
2022-03-24,499.0,0.0,5.28,0.0,0.5545604805998778,0.008584857665167004,13.200000000000001,0.141540295217043,-7.0
2022-03-25,498.0,0.0,7.23,0.0,0.47137640850989615,0.007297129015391954,18.075000000000003,0.12447926388678915,-1.0
2022-03-26,497.0,0.0,6.13,0.0,0.4006699472334117,0.00620255966308316,15.325,0.10738134666416309,-1.0
2022-03-27,504.0,0.0,2.37,0.0,0.3405694551483999,0.005272175713620686,5.925000000000001,0.09025161003104117,7.0
2022-03-28,499.0,0.0,6.91,0.0,0.28948403687613994,0.0044813493565775825,17.275,0.07309512989807777,-5.0
2022-03-29,503.0,0.0,3.79,0.0,0.24606143134471894,0.0038091469530909454,9.475,0.055916990100603484,4.0
2022-03-30,502.0,0.0,-1.56,0.0,0.2091522166430111,0.0032377749101273035,0.0,0.03872228089217446,-1.0
2022-03-31,483.0,0.0,-0.21,0.0,0.17777938414655942,0.0027521086736082075,0.0,0.021516097436222254,-19.0
2022-04-01,481.0,0.0,1.57,0.0,0.1511124765245755,0.002339292372566976,3.9250000000000003,0.004303538296244289,-2.0
2022-04-02,489.0,0.0,1.62,0.0,0.12844560504588917,0.00198839851668193,4.050000000000001,-0.01291029607500882,8.0
2022-04-03,487.0,0.0,0.5,0.0,0.10917876428900579,0.0016901387391796403,1.25,-0.030120304846908114,-2.0
2022-04-04,497.0,0.8,2.21,0.8,0.892801949645655,0.013820995056482637,5.525,-0.04732138832243185,10.0
2022-04-05,501.0,6.1,2.21,6.1,6.858881657198807,0.1061787214003823,5.525,-0.06450844944931623,4.0
2022-04-06,499.0,3.8,3.61,3.8,9.630049408618985,0.14907770454917968,9.025,-0.08167639533042241,-2.0
2022-04-07,488.0,0.9,10.84,0.9,9.085541997326137,0.14064847313600515,27.1,-0.09882013873287143,-11.0
2022-04-08,486.0,1.5,6.26,1.5,9.222710697727216,0.14277190928094174,15.649999999999999,-0.11593459959550041,-2.0
2022-04-09,485.0,0.5,4.4,0.5,8.339304093068133,0.12909635859391294,11.0,-0.1330147065341959,-1.0
2022-04-10,485.0,1.0,3.71,1.0,8.088408479107912,0.1252123762150509,9.275,-0.1500553983446526,0.0
2022-04-11,491.0,0.0,4.14,0.0,6.875147207241725,0.10643051978279328,10.35,-0.16705162550211924,6.0
2022-04-12,490.0,0.0,4.64,0.0,5.843875126155466,0.09046594181537428,11.6,-0.18399835165768005,-1.0
2022-04-13,483.0,0.0,6.7,0.0,4.967293857232146,0.07689605054306814,16.75,-0.20089055513063506,-7.0
2022-04-14,482.0,0.0,10.3,0.0,4.222199778647324,0.06536164296160792,25.75,-0.21772323039653177,-1.0
2022-04-15,483.0,2.5,7.24,2.5,6.088869811850225,0.09425857504292903,18.1,-0.23449138957040985,1.0
2022-04-16,482.0,0.0,4.73,0.0,5.1755393400726915,0.08011978878648969,11.825000000000001,-0.25119006388481935,-1.0
2022-04-17,487.0,0.0,5.12,0.0,4.399208439061788,0.06810182046851623,12.8,-0.2678143051621742,5.0
2022-04-18,483.0,0.0,7.13,0.0,3.7393271732025193,0.05788654739823879,17.825,-0.2843591872810034,-4.0
2022-04-19,489.0,1.4,8.33,1.4,4.578428097222141,0.07087622526281787,20.825,-0.30081980763566735,6.0
2022-04-20,487.0,0.0,10.14,0.0,3.8916638826388197,0.06024479147339518,25.35,-0.3171912885891061,-2.0
2022-04-21,485.0,0.0,11.36,0.0,3.3079143002429965,0.051208072752385904,28.4,-0.3334687789181868,-2.0
2022-04-22,483.0,0.0,10.51,0.0,2.811727155206547,0.04352686183952802,26.275,-0.3496474552512284,-2.0
2022-04-23,484.0,16.7,7.64,16.7,19.089968081925566,0.2955217051143551,19.099999999999998,-0.36572252349726897,1.0
2022-04-24,479.0,3.1,7.25,3.1,19.32647286963673,0.29918291071889913,18.125,-0.3816892202666588,-5.0
2022-04-25,485.0,0.0,8.39,0.0,16.42750193919122,0.25430547411106424,20.975,-0.39754281428255595,6.0
2022-04-26,485.0,0.0,10.02,0.0,13.963376648312536,0.2161596529944046,25.049999999999997,-0.4132786077829042,0.0
2022-04-27,485.0,0.0,6.74,0.0,11.868870151065655,0.1837357050452439,16.85,-0.4288919379124835,0.0
2022-04-28,479.0,0.0,5.84,0.0,10.088539628405806,0.1561753492884573,14.6,-0.4443781781046132,-6.0
2022-04-29,480.0,0.1,6.25,0.1,8.675258684144936,0.1342970940362112,15.625,-0.45973273945210397,1.0
2022-04-30,485.0,0.0,6.96,0.0,7.3739698815231955,0.11415252993077953,17.4,-0.47495107206704995,5.0
2022-05-01,479.0,0.0,8.06,0.0,6.267874399294716,0.09702965044116259,20.150000000000002,-0.49002866642905923,-6.0
2022-05-02,485.0,0.0,8.19,0.0,5.327693239400508,0.08247520287498819,20.474999999999998,-0.5049610547215204,6.0
2022-05-03,481.0,1.6,8.34,1.6,6.128539253490432,0.09487267670009986,20.85,-0.5197438121555155,-4.0
2022-05-04,485.0,0.0,6.0,0.0,5.209258365466868,0.08064177519508488,15.0,-0.5343725582809787,4.0
2022-05-05,482.0,0.0,10.65,0.0,4.427869610646837,0.06854550891582215,26.625,-0.548842958284719,-3.0
2022-05-06,482.0,5.8,11.93,5.8,9.563689169049812,0.1480504167577534,29.825,-0.5631507242749186,0.0
2022-05-07,483.0,0.0,12.74,0.0,8.12913579369234,0.1258428542440904,31.85,-0.5772916165517272,1.0
2022-05-08,487.0,0.0,10.35,0.0,6.909765424638489,0.10696642610747682,25.875,-0.5912614448635781,4.0
2022-05-09,486.0,0.0,7.57,0.0,5.8733006109427155,0.0909214621913553,18.925,-0.6050560696488488,-1.0
2022-05-10,482.0,0.0,10.4,0.0,4.992305519301308,0.07728324286265201,26.0,-0.6186714032625031,-4.0
2022-05-11,481.0,0.8,14.14,0.8,5.043459691406111,0.07807513356143414,35.35,-0.6321034111873487,-1.0
2022-05-12,485.0,5.3,12.52,5.3,9.586940737695194,0.1484103620014111,31.299999999999997,-0.6453481132295501,4.0
2022-05-13,485.0,0.0,11.3,0.0,8.148899627040915,0.12614880770119946,28.25,-0.6584015846980488,0.0
2022-05-14,487.0,0.2,10.63,0.2,7.126564682984778,0.11032258082806452,26.575000000000003,-0.6712599575675313,2.0
2022-05-15,484.0,0.7,11.69,0.7,6.757579980537061,0.10461052369101229,29.224999999999998,-0.6839194216246106,-3.0
2022-05-16,485.0,0.0,10.37,0.0,5.743942983456502,0.08891894513736044,25.924999999999997,-0.6963762255968722,1.0
2022-05-17,485.0,0.1,7.14,0.1,4.982351535938026,0.07712915050777887,17.849999999999998,-0.7086266782644596,0.0
2022-05-18,487.0,0.0,9.99,0.0,4.234998805547322,0.06555977793161204,24.975,-0.7206671495538609,2.0
2022-05-19,485.0,0.0,13.73,0.0,3.599748984715224,0.05572581124187023,34.325,-0.7324940716135789,-2.0
2022-05-20,486.0,0.5,15.84,0.5,3.5597866370079405,0.05510717526070216,39.6,-0.7441039398713607,1.0
2022-05-21,483.0,7.6,11.48,7.6,10.62581864145675,0.16449268168930628,28.700000000000003,-0.7554933140726803,-3.0
2022-05-22,488.0,0.5,11.9,0.5,9.531945845238237,0.1475590151410228,29.75,-0.766658819300159,5.0
2022-05-23,492.0,0.0,12.71,0.0,8.102153968452502,0.12542516286986938,31.775000000000002,-0.777597146973627,4.0
2022-05-24,485.0,0.0,14.56,0.0,6.886830873184627,0.10661138843938898,36.4,-0.7883050558305255,-7.0
2022-05-25,486.0,23.9,14.29,23.9,29.75380624220693,0.46060294687785636,35.724999999999994,-0.7987793728863649,1.0
2022-05-26,482.0,5.5,12.32,5.5,30.79073530587589,0.476655097602415,30.8,-0.8090169943749473,-4.0
2022-05-27,485.0,2.8,10.33,2.8,28.972125009994507,0.4485021529106825,25.825,-0.8190148866680801,3.0
2022-05-28,488.0,1.6,9.46,1.6,26.22630625849533,0.40599558423044,23.650000000000002,-0.8287700871745037,3.0
2022-05-29,487.0,2.7,10.4,2.7,24.99236031972103,0.3868935194034813,26.0,-0.8382797052177743,-1.0
2022-05-30,494.0,24.2,10.39,24.2,45.44350627176287,0.7034868996204022,25.975,-0.8475409228928311,7.0
2022-05-31,492.0,0.2,12.4,0.2,38.826980330998445,0.601059958959387,31.0,-0.8565509959010036,-2.0
2022-06-01,494.0,14.3,12.05,14.3,47.30293328134867,0.7322717062816952,30.125,-0.865307254363206,2.0
2022-06-02,488.0,0.0,12.17,0.0,40.20749328914637,0.622430950339441,30.425,-0.8738071036110808,-6.0
2022-06-03,478.0,0.0,12.98,0.0,34.176369295774414,0.5290663077885248,32.45,-0.8820480249558537,-10.0
2022-06-04,484.0,0.5,15.83,0.5,29.54991390140825,0.45744659732535853,39.575,-0.8900275764346767,6.0
2022-06-05,487.0,0.0,15.63,0.0,25.11742681619701,0.3888296077265547,39.075,-0.8977433935342337,3.0
2022-06-06,484.0,0.0,17.72,0.0,21.34981279376746,0.3305051665675715,44.3,-0.9051931898913974,-3.0
2022-06-07,485.0,0.1,18.7,0.1,18.247340874702342,0.2824774387234583,46.75,-0.9123747579707273,1.0
2022-06-08,485.0,0.0,18.44,0.0,15.51023974349699,0.24010582291493957,46.1,-0.9192859697186104,0.0
2022-06-09,485.0,7.9,20.36,7.9,21.083703781972442,0.32638567361847554,50.9,-0.9259247771938498,0.0
2022-06-10,488.0,0.1,20.94,0.1,18.021148214676575,0.2789758697167267,52.35,-0.9322892131745133,3.0
2022-06-11,483.0,0.0,17.2,0.0,15.317975982475089,0.2371294892592177,43.0,-0.9383773917408641,-5.0
2022-06-12,484.0,0.0,17.51,0.0,13.020279585103825,0.20156006587033504,43.775000000000006,-0.9441875088341993,1.0
2022-06-13,490.0,11.9,14.94,11.9,22.96723764733825,0.3555436657714614,37.35,-0.9497178427914316,6.0
2022-06-14,498.0,1.5,13.5,1.5,21.02215200023751,0.32543282302107956,33.75,-0.9549667548552551,8.0
2022-06-15,486.0,10.6,15.11,10.6,28.46882920020188,0.4407108965163018,37.775,-0.9599326896597447,-12.0
2022-06-16,493.0,0.3,14.47,0.3,24.4985048201716,0.379248403461924,36.175000000000004,-0.9646141756912435,7.0
2022-06-17,495.0,0.5,15.93,0.5,21.32372909714586,0.3301013786477479,39.825,-0.9690098257244062,2.0
2022-06-18,494.0,0.0,16.5,0.0,18.125169732573983,0.2805861718505857,41.25,-0.9731183372332619,-1.0
2022-06-19,487.0,1.2,17.83,1.2,16.606394272687886,0.2570748117652678,44.574999999999996,-0.9769384927771817,-7.0
2022-06-20,490.0,4.0,14.03,4.0,18.115435131784704,0.28043547564137733,35.074999999999996,-0.980469160361632,3.0
2022-06-21,500.0,24.7,13.42,24.7,40.098119862017,0.6207377981277264,33.55,-0.9837092937736097,10.0
2022-06-22,502.0,0.0,16.49,0.0,34.08340188271445,0.5276271284085674,41.224999999999994,-0.986657932891657,2.0
2022-06-23,497.0,0.0,17.97,0.0,28.97089160030728,0.4484830591472823,44.925,-0.9893142039703663,-5.0
2022-06-24,492.0,0.0,20.55,0.0,24.625257860261186,0.38121060027518994,51.375,-0.99167731989929,-5.0
2022-06-25,482.0,0.0,22.8,0.0,20.931469181222006,0.3240290102339114,57.0,-0.993746580436178,-10.0
2022-06-26,486.0,0.0,23.75,0.0,17.791748804038704,0.2754246586988247,59.375,-0.9955213724144752,4.0
2022-06-27,491.0,0.0,24.22,0.0,15.122986483432898,0.234110959894001,60.55,-0.9970011699250151,5.0
2022-06-28,485.0,0.0,23.92,0.0,12.854538510917964,0.19899431590990085,59.800000000000004,-0.9981855344718586,-6.0
2022-06-29,489.0,0.0,23.38,0.0,10.926357734280268,0.16914516852341568,58.449999999999996,-0.99907411510223,4.0
2022-06-30,487.0,0.0,24.29,0.0,9.287404074138228,0.14377339324490335,60.724999999999994,-0.9996666485105112,-2.0
2022-07-01,491.0,0.0,24.45,0.0,7.894293463017494,0.12220738425816785,61.125,-0.9999629591162655,4.0
2022-07-02,489.0,0.4,21.39,0.4,7.11014944356487,0.11006846518353264,53.475,-0.9999629591162655,-2.0
2022-07-03,482.0,0.0,19.52,0.0,6.04362702703014,0.09355819540600276,48.8,-0.9996666485105112,-7.0
2022-07-04,494.0,0.0,21.5,0.0,5.137082972975619,0.07952446609510233,53.75,-0.99907411510223,12.0
2022-07-05,509.0,0.0,19.53,0.0,4.366520527029276,0.06759579618083698,48.825,-0.9981855344718586,15.0
2022-07-06,516.0,10.4,15.34,10.4,14.111542447974884,0.21845332942005066,38.35,-0.9970011699250151,7.0
2022-07-07,508.0,0.0,15.69,0.0,11.994811080778652,0.18568533000704307,39.225,-0.9955213724144752,-8.0
2022-07-08,513.0,1.7,16.93,1.7,11.895589418661853,0.18414933190336896,42.325,-0.9937465804361781,5.0
2022-07-09,519.0,1.1,15.5,1.1,11.211251005862575,0.17355545066911104,38.75,-0.99167731989929,6.0
2022-07-10,510.0,0.1,15.86,0.1,9.629563354983189,0.14907018020976687,39.65,-0.9893142039703664,-9.0
2022-07-11,520.0,0.0,16.37,0.0,8.18512885173571,0.12670965317830185,40.925000000000004,-0.9866579328916572,10.0
2022-07-12,527.0,34.4,16.38,34.4,41.357359523975354,0.6402314217132941,40.949999999999996,-0.9837092937736098,7.0
2022-07-13,527.0,0.0,17.7,0.0,35.15375559537905,0.5441967084563,44.25,-0.9804691603616321,0.0
2022-07-14,521.0,0.0,17.45,0.0,29.880692256072194,0.46256720218785496,43.625,-0.9769384927771817,-6.0
2022-07-15,516.0,0.2,14.51,0.2,25.598588417661365,0.3962782161417217,36.275,-0.973118337233262,-5.0
2022-07-16,514.0,11.5,13.61,11.5,33.25880015501216,0.5148619049380501,34.025,-0.9690098257244063,-2.0
2022-07-17,511.0,1.7,15.0,1.7,29.969980131760334,0.46394942059472494,37.5,-0.9646141756912435,-3.0
2022-07-18,516.0,0.1,15.03,0.1,25.574483111996283,0.3959050546465387,37.574999999999996,-0.9599326896597445,5.0
2022-07-19,521.0,0.0,19.5,0.0,21.73831064519684,0.33651929644955786,48.75,-0.9549667548552553,5.0
2022-07-20,525.0,0.0,18.97,0.0,18.477564048417314,0.2860414019821242,47.425,-0.9497178427914317,4.0
2022-07-21,516.0,0.0,21.69,0.0,15.705929441154716,0.24313519168480555,54.225,-0.9441875088341994,-9.0
2022-07-22,502.0,0.0,23.71,0.0,13.350040024981508,0.2066649129320847,59.275000000000006,-0.9383773917408642,-14.0
2022-07-23,497.0,0.0,20.93,0.0,11.347534021234281,0.175665175992272,52.325,-0.9322892131745134,-5.0
2022-07-24,488.0,9.2,17.63,9.2,18.845403918049136,0.29173573656750046,44.074999999999996,-0.9259247771938499,-9.0
2022-07-25,493.0,0.0,18.3,0.0,16.018593330341766,0.2479753760823754,45.75,-0.9192859697186105,5.0
2022-07-26,499.0,3.1,19.98,3.1,16.7158043307905,0.2587685310417164,49.95,-0.9123747579707274,6.0
2022-07-27,511.0,3.0,17.12,3.0,17.208433681171925,0.2663946656161337,42.800000000000004,-0.9051931898913975,12.0
2022-07-28,510.0,1.2,16.29,1.2,15.827168628996136,0.24501203146598352,40.724999999999994,-0.8977433935342336,-1.0
2022-07-29,510.0,0.0,16.36,0.0,13.453093334646715,0.208260226746086,40.9,-0.8900275764346766,0.0
2022-07-30,504.0,0.0,17.93,0.0,11.435129334449707,0.17702119273417308,44.825,-0.8820480249558535,-6.0
2022-07-31,492.0,29.7,16.47,29.7,39.41985993428225,0.6102380147077274,41.175,-0.8738071036110807,-12.0
2022-08-01,494.0,1.6,17.39,1.6,35.10688094413992,0.5434710667579282,43.475,-0.8653072543632061,2.0
2022-08-02,500.0,0.0,17.61,0.0,29.840848802518927,0.461950406744239,44.025,-0.8565509959010037,6.0
2022-08-03,505.0,0.0,18.06,0.0,25.36472148214109,0.39265784573260315,45.15,-0.8475409228928312,5.0
2022-08-04,512.0,0.0,20.74,0.0,21.560013259819925,0.3337591688727127,51.849999999999994,-0.8382797052177745,7.0
2022-08-05,511.0,0.0,22.93,0.0,18.326011270846937,0.2836952935418058,57.325,-0.828770087174504,-1.0
2022-08-06,493.0,27.8,17.27,27.8,43.377109580219894,0.6714981047147879,43.175,-0.8190148866680802,-18.0
2022-08-07,479.0,0.0,15.97,0.0,36.87054314318691,0.5707733890075696,39.925000000000004,-0.8090169943749472,-14.0
2022-08-08,489.0,0.0,16.52,0.0,31.33996167170887,0.48515738065643416,41.3,-0.7987793728863648,10.0
2022-08-09,505.0,1.2,17.65,1.2,27.83896742095254,0.43096033925023897,44.125,-0.7883050558305253,16.0
2022-08-10,506.0,0.0,18.19,0.0,23.663122307809658,0.3663162883627031,45.475,-0.7775971469736268,1.0
2022-08-11,509.0,0.0,19.1,0.0,20.11365396163821,0.31136884510829765,47.75,-0.7666588193001592,3.0
2022-08-12,515.0,0.0,21.13,0.0,17.09660586739248,0.26466351834205304,52.824999999999996,-0.7554933140726804,6.0
2022-08-13,520.0,0.0,22.23,0.0,14.532114987283608,0.22496399059074507,55.575,-0.7441039398713608,5.0
2022-08-14,510.0,0.0,23.17,0.0,12.352297739191066,0.19121939200213328,57.925000000000004,-0.7324940716135792,-10.0
2022-08-15,506.0,0.0,24.74,0.0,10.499453078312406,0.1625364832018133,61.849999999999994,-0.7206671495538615,-4.0
2022-08-16,515.0,0.0,24.6,0.0,8.924535116565545,0.13815601072154132,61.5,-0.7086266782644601,9.0
2022-08-17,534.0,0.1,23.95,0.1,7.685854849080713,0.1189806562543326,59.875,-0.6963762255968726,19.0
2022-08-18,530.0,0.0,24.4,0.0,6.532976621718606,0.1011335578161827,61.0,-0.6839194216246105,-4.0
2022-08-19,520.0,0.0,24.84,0.0,5.553030128460815,0.0859635241437553,62.1,-0.6712599575675315,-10.0
2022-08-20,513.0,0.0,21.62,0.0,4.720075609191692,0.073068995522192,54.050000000000004,-0.6584015846980489,-7.0
2022-08-21,508.0,0.0,20.46,0.0,4.012064267812939,0.0621086461938632,51.150000000000006,-0.64534811322955,-5.0
2022-08-22,507.0,0.0,22.63,0.0,3.4102546276409975,0.05279234926478372,56.574999999999996,-0.6321034111873488,-1.0
2022-08-23,513.0,0.0,23.6,0.0,2.898716433494848,0.04487349687506616,59.0,-0.6186714032625032,6.0
2022-08-24,522.0,0.0,24.16,0.0,2.4639089684706206,0.03814247234380623,60.4,-0.6050560696488494,9.0
2022-08-25,532.0,0.1,23.76,0.1,2.1943226232000277,0.03396914863325779,59.400000000000006,-0.5912614448635782,10.0
2022-08-26,531.0,0.0,22.16,0.0,1.8651742297200236,0.028873776338269125,55.4,-0.5772916165517278,-1.0
2022-08-27,528.0,0.0,23.32,0.0,1.58539809526202,0.024542709887528755,58.3,-0.5631507242749187,-3.0
2022-08-28,521.0,0.0,22.2,0.0,1.347588380972717,0.020861303404399442,55.5,-0.5488429582847199,-7.0
2022-08-29,528.0,0.2,19.0,0.2,1.3454501238268093,0.02082820217578451,47.5,-0.5343725582809785,7.0
2022-08-30,513.0,0.4,17.4,0.4,1.543632605252788,0.023896160413506805,43.5,-0.5197438121555157,-15.0
2022-08-31,504.0,0.0,14.12,0.0,1.3120877144648697,0.020311736351480782,35.3,-0.5049610547215202,-9.0
2022-09-01,502.0,0.0,12.13,0.0,1.1152745572951392,0.017264975898758667,30.325000000000003,-0.4900286664290594,-2.0
2022-09-02,499.0,0.3,10.8,0.3,1.2479833737008683,0.01931937093701234,27.0,-0.4749510720670502,-3.0
2022-09-03,491.0,0.0,11.27,0.0,1.060785867645738,0.01642146529646049,28.174999999999997,-0.4597327394521046,-8.0
2022-09-04,486.0,0.0,11.87,0.0,0.9016679874988773,0.013958245501991417,29.674999999999997,-0.44437817810461344,-5.0
2022-09-05,493.0,0.1,11.3,0.1,0.8664177893740457,0.013412555817715197,28.25,-0.4288919379124841,7.0
2022-09-06,493.0,0.0,10.41,0.0,0.7364551209679389,0.011400672445057918,26.025,-0.41327860778290443,0.0
2022-09-07,501.0,0.0,11.8,0.0,0.625986852822748,0.00969057157829923,29.5,-0.3975428142825566,8.0
2022-09-08,512.0,0.0,12.69,0.0,0.5320888248993358,0.008236985841554346,31.724999999999998,-0.3816892202666586,11.0
2022-09-09,489.0,0.0,11.77,0.0,0.45227550116443543,0.007001437965321193,29.424999999999997,-0.3657225234972692,-23.0
2022-09-10,492.0,0.0,12.29,0.0,0.3844341759897701,0.005951222270523014,30.724999999999998,-0.34964745525122826,3.0
2022-09-11,496.0,6.6,9.62,6.6,6.926769049591305,0.10722965023742907,24.049999999999997,-0.33346877891818705,4.0
2022-09-12,507.0,0.0,10.63,0.0,5.887753692152609,0.09114520270181471,26.575000000000003,-0.31719128858910595,11.0
2022-09-13,520.0,0.3,11.72,0.3,5.304590638329717,0.08211756371960999,29.3,-0.300819807635668,13.0
2022-09-14,507.0,1.6,13.65,1.6,6.10890204258026,0.09456868341802838,34.125,-0.2843591872810036,-13.0
2022-09-15,497.0,0.5,14.0,0.5,5.69256673619322,0.08812361661043658,35.0,-0.26781430516217486,-10.0
2022-09-16,491.0,0.0,11.62,0.0,4.838681725764237,0.07490507411887108,29.049999999999997,-0.25119006388481957,-6.0
2022-09-17,492.0,0.5,11.55,0.5,4.612879466899602,0.07140954870615289,28.875,-0.23449138957041052,1.0
2022-09-18,482.0,0.0,9.97,0.0,3.9209475468646615,0.06069811640022996,24.925,-0.21772323039653224,-10.0
2022-09-19,491.0,0.8,11.21,0.8,4.132805414834962,0.0639777760683754,28.025000000000002,-0.20089055513063528,9.0
2022-09-20,498.0,0.7,11.55,0.7,4.2128846026097175,0.06521743964527653,28.875,-0.18399835165767986,7.0
2022-09-21,500.0,1.1,11.1,1.1,4.68095191221826,0.07246334224973248,27.75,-0.1670516255021195,2.0
2022-09-22,502.0,0.3,9.71,0.3,4.278809125385521,0.06623798233534009,24.275000000000002,-0.15005539834465262,2.0
2022-09-23,512.0,0.2,9.45,0.2,3.836987756577693,0.05939837926708406,23.625,-0.13301470653419636,10.0
2022-09-24,511.0,0.0,10.22,0.0,3.261439593091039,0.05048862237702145,25.55,-0.11593459959550066,-1.0
2022-09-25,504.0,0.0,9.8,0.0,2.7722236541273833,0.04291532902046823,24.5,-0.09882013873287211,-7.0
2022-09-26,501.0,0.0,11.09,0.0,2.3563901060082757,0.03647802966739799,27.725,-0.08167639533042288,-3.0
2022-09-27,495.0,0.0,10.68,0.0,2.002931590107034,0.031006325217288293,26.7,-0.06450844944931625,-6.0
2022-09-28,498.0,8.6,10.0,8.6,10.302491851590979,0.15948743056262943,25.0,-0.04732138832243232,3.0
2022-09-29,509.0,4.4,9.36,4.4,13.157118073852333,0.2036783901832247,23.4,-0.03012030484690836,11.0
2022-09-30,510.0,0.0,8.86,0.0,11.183550362774483,0.173126631655741,22.15,-0.012910296075008843,1.0
2022-10-01,507.0,3.8,9.49,3.8,13.306017808358309,0.20598342826623453,23.725,0.004303538296243821,-3.0
2022-10-02,489.0,0.3,8.47,0.3,11.610115137104563,0.17973005544936685,21.175,0.021516097436222233,-18.0
2022-10-03,493.0,1.4,9.07,1.4,11.268597866538878,0.1744432071062767,22.675,0.03872228089217399,4.0
2022-10-04,502.0,0.0,11.22,0.0,9.578308186558045,0.14827672604033518,28.05,0.05591699010060302,9.0
2022-10-05,507.0,0.0,11.42,0.0,8.141561958574338,0.1260352171342849,28.55,0.07309512989807776,5.0
2022-10-06,498.0,0.0,11.72,0.0,6.920327664788187,0.10712993456414216,29.3,0.0902516100310407,-9.0
2022-10-07,497.0,0.0,10.79,0.0,5.882278515069959,0.09106044437952084,26.974999999999998,0.10738134666416306,-1.0
2022-10-08,498.0,3.2,12.52,3.2,8.199936737809466,0.1269388862353125,31.299999999999997,0.12447926388678869,1.0
2022-10-09,500.0,0.8,10.2,0.8,7.769946227138046,0.12028243042819556,25.5,0.141540295217043,2.0
2022-10-10,490.0,0.0,7.46,0.0,6.604454293067339,0.10224006586396622,18.65,0.15855938510313475,-10.0
2022-10-11,497.0,0.0,8.82,0.0,5.613786149107238,0.08690405598437129,22.05,0.17553149042142777,7.0
2022-10-12,503.0,0.0,7.92,0.0,4.771718226741152,0.07386844758671558,19.8,0.19245158197082995,6.0
2022-10-13,499.0,0.9,8.03,0.9,4.95596049272998,0.07672060471791069,20.075,0.20931464596304888,-4.0
2022-10-14,501.0,0.0,8.65,0.0,4.212566418820483,0.0652125140102241,21.625,0.22611568550828803,2.0
2022-10-15,507.0,0.4,9.97,0.4,3.98068145599741,0.061622825472780446,24.925,0.2428497220959358,6.0
2022-10-16,489.0,0.9,13.95,0.9,4.283579237597799,0.06631182592106581,34.875,0.25951179706979943,-18.0
2022-10-17,493.0,0.0,13.71,0.0,3.641042351958129,0.05636505203290594,34.275000000000006,0.27609697309746883,4.0
2022-10-18,500.0,0.0,13.93,0.0,3.0948859991644095,0.04791029422797005,34.825,0.2926003356333479,7.0
2022-10-19,503.0,1.1,7.29,1.1,3.730653099289748,0.05775226864502196,18.225,0.30901699437494723,3.0
2022-10-20,510.0,0.0,5.2,0.0,3.171055134396286,0.04908942834826867,13.0,0.3253420847119795,7.0
2022-10-21,515.0,0.0,7.43,0.0,2.695396864236843,0.04172601409602837,18.575,0.341570769167856,5.0
2022-10-22,514.0,0.0,7.55,0.0,2.2910873346013165,0.03546711198162411,18.875,0.35769823883312546,-1.0
2022-10-23,500.0,0.1,10.73,0.1,2.047424234411119,0.03169509232540298,26.825000000000003,0.3737197147904692,-14.0
2022-10-24,500.0,0.0,10.85,0.0,1.740310599249451,0.026940828476592536,27.125,0.38963044953078774,0.0
2022-10-25,492.0,3.6,12.13,3.6,5.079264009362033,0.07862940128191338,30.325000000000003,0.4054257283599973,-8.0
2022-10-26,491.0,1.0,11.44,1.0,5.317374407957728,0.0823154624998513,28.599999999999998,0.42110087079608916,-1.0
2022-10-27,496.0,0.0,11.3,0.0,4.519768246764069,0.06996814312487361,28.25,0.4366512319560638,5.0
2022-10-28,496.0,0.0,11.98,0.0,3.841803009749458,0.05947292165614256,29.950000000000003,0.45207220393230374,0.0
2022-10-29,494.0,0.2,12.68,0.2,3.4655325582870398,0.05364807768976617,31.7,0.46735921715800205,-2.0
2022-10-30,494.0,0.0,10.7,0.0,2.9457026745439836,0.045600866036301244,26.75,0.48250774176121763,0.0
2022-10-31,505.0,0.0,4.74,0.0,2.503847273362386,0.03876073613085605,11.850000000000001,0.4975132889071803,11.0
2022-11-01,508.0,0.0,7.34,0.0,2.128270182358028,0.03294662571122764,18.35,0.5123714121284235,3.0
2022-11-02,506.0,0.9,8.95,0.9,2.709029655004324,0.04193705612374593,22.375,0.5270777086423724,-2.0
2022-11-03,500.0,0.0,8.79,0.0,2.3026752067536753,0.03564649770518404,21.974999999999998,0.5416278206559811,-6.0
2022-11-04,501.0,0.0,5.31,0.0,1.957273925740624,0.030299523049406436,13.274999999999999,0.5560174366570446,1.0
2022-11-05,506.0,11.1,6.64,11.1,12.76368283687953,0.19758782724549215,16.599999999999998,0.5702422926917867,5.0
2022-11-06,493.0,2.0,6.17,2.0,12.8491304113476,0.19891059597911817,15.425,0.5842981736283683,-13.0
2022-11-07,486.0,0.0,6.29,0.0,10.92176084964546,0.16907400658225047,15.725,0.5981809144059159,-7.0
2022-11-08,481.0,0.1,9.34,0.1,9.383496722198641,0.14526095273593537,23.35,0.6118864012687242,-5.0
2022-11-09,481.0,0.8,8.43,0.8,8.775972213868846,0.13585618695372503,21.075,0.6254105729852457,0.0
2022-11-10,495.0,4.0,9.12,4.0,11.45957638178852,0.17739964455156598,22.799999999999997,0.6387494220515268,14.0
2022-11-11,496.0,0.5,9.41,0.5,10.240639924520242,0.15852993357394354,23.525,0.6518989958787125,1.0
2022-11-12,494.0,0.6,11.57,0.6,9.304543935842204,0.14403872638398696,28.925,0.6648553979642867,-2.0
2022-11-13,500.0,0.2,8.95,0.2,8.108862345465873,0.1255290117084339,22.375,0.6776147890466887,6.0
2022-11-14,492.0,0.1,3.05,0.1,6.992532993645992,0.1082477070931913,7.625,0.690173388242972,-8.0
2022-11-15,491.0,1.1,5.03,1.1,7.043653044599093,0.10903906958046003,12.575000000000001,0.7025274741691566,-1.0
2022-11-16,490.0,0.2,1.21,0.2,6.187105087909229,0.095779303425436,3.025,0.7146733860429608,-1.0
2022-11-17,493.0,0.4,-1.6,0.4,5.659039324722845,0.08760459647571057,0.0,0.726607524768565,3.0
2022-11-18,501.0,1.2,-2.57,1.2,6.010183426014418,0.0930404726966239,0.0,0.7383263540031063,8.0
2022-11-19,506.0,0.4,-4.78,0.4,5.508655912112255,0.08527659035622029,0.0,0.749826401204568,5.0
2022-11-20,503.0,0.2,-6.05,0.2,4.882357525295417,0.07558119608483223,0.0,0.7611042586607742,-3.0
2022-11-21,503.0,0.0,-1.66,0.0,4.150003896501104,0.0642440166721074,0.0,0.7721565844991641,0.0
2022-11-22,502.0,0.0,-2.37,0.0,3.5275033120259387,0.05460741417129128,0.0,0.7829801036770625,-1.0
2022-11-23,504.0,0.0,-4.17,0.0,2.9983778152220477,0.04641630204559759,0.0,0.7935716089521472,2.0
2022-11-24,501.0,1.4,-2.29,1.4,3.9486211429387406,0.06112651671307285,0.0,0.8039279618328208,-3.0
2022-11-25,505.0,0.0,-0.94,0.0,3.3563279714979295,0.05195753920611192,0.0,0.8140460935082175,4.0
2022-11-26,503.0,1.9,-0.69,1.9,4.75287877577324,0.07357680400462249,0.0,0.8239230057575536,-2.0
2022-11-27,495.0,2.3,-0.49,2.3,6.3399469594072535,0.09814536764744644,0.0,0.8335557718385695,-8.0
2022-11-28,497.0,1.4,-0.74,1.4,6.788954915496165,0.10509622247464435,0.0,0.8429415373547832,2.0
2022-11-29,505.0,0.0,-0.1,0.0,5.77061167817174,0.0893317891034477,0.0,0.8520775211013093,8.0
2022-11-30,510.0,0.0,0.18,0.0,4.905019926445979,0.07593202073793055,0.44999999999999996,0.8609610158889945,5.0
2022-12-01,514.0,0.0,-2.36,0.0,4.169266937479082,0.06454221762724097,0.0,0.8695893893466109,4.0
2022-12-02,523.0,0.0,-5.05,0.0,3.5438768968572196,0.05486088498315482,0.0,0.8779600847008883,9.0
2022-12-03,508.0,0.3,-4.5,0.3,3.3122953623286366,0.05127589365874907,0.0,0.8860706215341377,-15.0
2022-12-04,502.0,0.0,-1.06,0.0,2.8154510579793413,0.04358450960993671,0.0,0.893918596519257,-6.0
2022-12-05,502.0,0.0,-3.25,0.0,2.39313339928244,0.03704683316844621,0.0,0.9015016841318838,0.0
2022-12-06,508.0,1.4,-2.06,1.4,3.434163389390074,0.05316246816749417,0.0,0.9088176373395028,6.0
2022-12-07,502.0,4.2,-0.56,4.2,7.119038880981563,0.11020607786531474,0.0,0.9158642882672868,-6.0
2022-12-08,496.0,1.8,-0.08,1.8,7.851183048834328,0.1215400147239224,0.0,0.9226395488404875,-6.0
2022-12-09,503.0,0.1,-1.69,0.1,6.773505591509179,0.10485705965635653,0.0,0.9291414114031743,7.0
2022-12-10,507.0,0.2,-4.75,0.2,5.957479752782802,0.09222459498994802,0.0,0.935367949313148,4.0
2022-12-11,506.0,7.5,-4.61,7.5,12.56385778986538,0.19449444131814275,0.0,0.941317317512847,-1.0
2022-12-12,504.0,1.6,-4.46,1.6,12.279279121385573,0.1900890293767812,0.0,0.946987753076075,-2.0
2022-12-13,502.0,1.3,-2.55,1.3,11.737387253177737,0.18170028780355643,0.0,0.9523775757303973,-2.0
2022-12-14,494.0,0.0,-8.28,0.0,9.976779165201076,0.15444524463302298,0.0,0.9574851883550389,-8.0
2022-12-15,489.0,0.0,-9.18,0.0,8.480262290420916,0.13127845793806953,0.0,0.9623090774541487,-5.0
2022-12-16,497.0,0.0,-6.14,0.0,7.208222946857778,0.11158668924735911,0.0,0.9668478136052773,8.0
2022-12-17,489.0,0.0,-8.58,0.0,6.126989504829111,0.09484868586025523,0.0,0.9711000518829505,-8.0
2022-12-18,486.0,0.0,-8.84,0.0,5.207941079104744,0.08062138298121695,0.0,0.9750645322571945,-3.0
2022-12-19,467.0,0.0,-9.7,0.0,4.426749917239032,0.0685281755340344,0.0,0.9787400799669153,-19.0
2022-12-20,466.0,4.7,-0.56,4.7,8.462737429653178,0.1310071648319864,0.0,0.9821256058680006,-1.0
2022-12-21,470.0,2.5,1.35,2.5,9.6933268152052,0.15005726863275073,3.375,0.9852201067560606,4.0
2022-12-22,480.0,3.5,1.4,3.5,11.73932779292442,0.1817303282736254,3.5,0.9880226656636976,10.0
2022-12-23,484.0,1.8,2.55,1.8,11.778428623985757,0.18233562757098642,6.375,0.9905324521322227,4.0
2022-12-24,484.0,0.0,-0.89,0.0,10.011664330387893,0.15498528343533846,0.0,0.9927487224577402,0.0
2022-12-25,495.0,0.0,-2.98,0.0,8.50991468082971,0.1317374909200377,0.0,0.9946708199115211,11.0
2022-12-26,491.0,4.6,-0.96,4.6,11.833427478705254,0.18318703576906673,0.0,0.9962981749346077,-4.0
2022-12-27,496.0,1.1,2.48,1.1,11.158413356899464,0.1727374989549541,6.2,0.9976303053065857,5.0
2022-12-28,507.0,1.4,1.43,1.4,10.884651353364545,0.1684995340860259,3.5749999999999997,0.9986668162884759,11.0
2022-12-29,504.0,2.9,3.58,2.9,12.151953650359863,0.18811797106277428,8.95,0.9994074007397048,-3.0
2022-12-30,497.0,2.5,4.45,2.5,12.829160602805883,0.19860145392892045,11.125,0.9998518392091162,-7.0
2022-12-31,498.0,1.4,5.21,1.4,12.304786512385,0.19048389581389727,13.025,1.0,1.0
2023-01-01,512.0,2.9,11.36,2.9,13.35906853552725,0.20680467853146497,28.4,0.9998518392091162,14.0
2023-01-02,521.0,3.4,7.43,3.4,14.755208255198163,0.22841757954650999,18.575,0.9994074007397048,9.0
2023-01-03,516.0,1.1,4.9,1.1,13.641927016918437,0.21118346116578088,12.25,0.998666816288476,-5.0
2023-01-04,507.0,6.3,0.87,6.3,17.895637964380672,0.2770329118753308,2.175,0.9976303053065857,-9.0
2023-01-05,499.0,12.6,0.71,12.6,27.81129226972357,0.43053191486286524,1.775,0.9962981749346078,-8.0
2023-01-06,509.0,0.0,-10.84,0.0,23.639598429265032,0.36595212763343543,0.0,0.9946708199115211,10.0
2023-01-07,497.0,0.7,-8.41,0.7,20.793658664875277,0.32189563847557756,0.0,0.9927487224577402,-12.0
2023-01-08,477.0,0.0,-2.95,0.0,17.674609865143985,0.2736112927042409,0.0,0.9905324521322229,-20.0
2023-01-09,490.0,3.6,-0.71,3.6,18.62341838537239,0.28829929587541453,0.0,0.9880226656636976,13.0
2023-01-10,495.0,1.5,1.31,1.5,17.329905627566532,0.26827510860943976,3.2750000000000004,0.9852201067560606,5.0
2023-01-11,495.0,0.0,0.48,0.0,14.730419783431552,0.2280338423180238,1.2,0.9821256058680006,0.0
2023-01-12,494.0,1.7,3.15,1.7,14.220856815916818,0.22014556736770258,7.875,0.9787400799669153,-1.0
2023-01-13,496.0,5.1,4.75,5.1,17.187728293529297,0.26607413645469435,11.875,0.9750645322571948,2.0
2023-01-14,498.0,0.0,5.1,0.0,14.609569049499902,0.2261630159864902,12.75,0.9711000518829505,2.0
2023-01-15,498.0,8.0,4.23,8.0,20.418133692074917,0.31608233487031606,10.575000000000001,0.9668478136052775,0.0
2023-01-16,505.0,0.0,3.08,0.0,17.35541363826368,0.2686699846397687,7.7,0.9623090774541486,7.0
2023-01-17,502.0,3.1,2.56,3.1,17.85210159252413,0.2763589483155007,6.4,0.9574851883550393,-3.0
2023-01-18,503.0,8.7,2.12,8.7,23.87428635364551,0.3695852073371324,5.300000000000001,0.9523775757303974,1.0
2023-01-19,498.0,0.4,1.39,0.4,20.693143400598682,0.32033961480065254,3.4749999999999996,0.9469877530760753,-5.0
2023-01-20,494.0,2.1,0.25,2.1,19.68917189050888,0.304797662542027,0.625,0.9413173175128471,-4.0
2023-01-21,490.0,0.3,0.04,0.3,17.035796106932548,0.2637221545837904,0.1,0.9353679493131483,-4.0
2023-01-22,481.0,0.0,-0.2,0.0,14.480426690892665,0.22416383139622184,0.0,0.9291414114031743,-9.0
2023-01-23,509.0,0.0,-0.93,0.0,12.308362687258764,0.19053925668678856,0.0,0.9226395488404876,28.0
2023-01-24,512.0,0.0,-2.19,0.0,10.462108284169949,0.16195836818377024,0.0,0.9158642882672872,3.0
2023-01-25,494.0,0.0,-1.12,0.0,8.892792041544457,0.13766461295620472,0.0,0.9088176373395029,-18.0
2023-01-26,486.0,0.7,-1.14,0.7,8.258873235312787,0.12785125099993144,0.0,0.901501684131884,-8.0
2023-01-27,488.0,1.0,-0.47,1.0,8.02004225001587,0.12415403476016666,0.0,0.893918596519257,2.0
2023-01-28,479.0,0.0,-1.48,0.0,6.8170359125134885,0.10553092954614166,0.0,0.886070621534138,-9.0
2023-01-29,473.0,0.2,-0.1,0.2,5.994480525636465,0.09279738439626539,0.0,0.8779600847008882,-6.0
2023-01-30,469.0,2.0,0.94,2.0,7.0953084467909955,0.10983871955727544,2.3499999999999996,0.869589389346611,-4.0
2023-01-31,475.0,0.5,1.7,0.5,6.531012179772346,0.10110314732879658,4.25,0.8609610158889943,6.0
2023-02-01,483.0,7.5,0.95,7.5,13.051360352806494,0.20204121080616405,2.375,0.8520775211013093,8.0
2023-02-02,485.0,1.0,0.56,1.0,12.09365629988552,0.18721550059546438,1.4000000000000001,0.8429415373547828,2.0
2023-02-03,486.0,0.0,-1.12,0.0,10.279607854902691,0.1591331755061447,0.0,0.8335557718385699,1.0
2023-02-04,481.0,0.0,-2.76,0.0,8.737666676667287,0.13526319918022298,0.0,0.8239230057575542,-5.0
2023-02-05,485.0,0.0,-5.4,0.0,7.427016675167193,0.11497371930318953,0.0,0.8140460935082178,4.0
2023-02-06,503.0,0.0,-1.26,0.0,6.312964173892114,0.0977276614077111,0.0,0.8039279618328213,18.0
2023-02-07,501.0,0.0,-0.63,0.0,5.366019547808297,0.08306851219655444,0.0,0.7935716089521474,-2.0
2023-02-08,500.0,0.0,0.0,0.0,4.561116615637053,0.07060823536707127,0.0,0.7829801036770629,-1.0
2023-02-09,484.0,0.0,-0.76,0.0,3.8769491232914945,0.06001700006201058,0.0,0.7721565844991642,-16.0
2023-02-10,476.0,0.1,0.79,0.1,3.3954067547977704,0.05256249719373148,1.975,0.7611042586607747,-8.0
2023-02-11,487.0,2.8,1.78,2.8,5.686095741578105,0.08802344256330155,4.45,0.7498264012045686,11.0
2023-02-12,500.0,0.0,-0.19,0.0,4.833181380341389,0.07481992617880633,0.0,0.7383263540031065,13.0
2023-02-13,500.0,0.0,3.35,0.0,4.108204173290181,0.06359693725198538,8.375,0.7266075247685656,0.0
2023-02-14,495.0,0.0,2.78,0.0,3.491973547296654,0.054057396664187574,6.949999999999999,0.7146733860429609,-5.0
2023-02-15,495.0,0.0,0.66,0.0,2.968177515202156,0.04594878716455944,1.6500000000000001,0.702527474169157,0.0
2023-02-16,478.0,0.0,0.33,0.0,2.5229508879218323,0.03905646908987552,0.8250000000000001,0.6901733882429719,-17.0
2023-02-17,493.0,4.2,2.89,4.2,6.344508254733558,0.0982159786493389,7.2250000000000005,0.6776147890466889,15.0
2023-02-18,484.0,3.0,3.6,3.0,8.392832016523524,0.12992499608261285,9.0,0.6648553979642865,-9.0
2023-02-19,484.0,0.0,1.35,0.0,7.133907214044996,0.11043624667022091,3.375,0.6518989958787126,0.0
2023-02-20,496.0,5.4,0.68,5.4,11.463821131938246,0.17746535528490237,1.7000000000000002,0.6387494220515272,12.0
2023-02-21,503.0,0.4,1.64,0.4,10.14424796214751,0.157037740556257,4.1,0.6254105729852463,7.0
2023-02-22,507.0,0.0,-2.66,0.0,8.622610767825384,0.13348207947281845,0.0,0.6118864012687243,4.0
2023-02-23,489.0,0.0,-2.83,0.0,7.329219152651576,0.11345976755189568,0.0,0.5981809144059164,-18.0
2023-02-24,481.0,2.8,1.32,2.8,9.02983627975384,0.13978612236774113,3.3000000000000003,0.5842981736283683,-8.0
2023-02-25,481.0,0.1,0.23,0.1,7.775360837790763,0.12036625115360244,0.5750000000000001,0.5702422926917871,0.0
2023-02-26,493.0,0.2,-2.3,0.2,6.809056712122149,0.10540740776260707,0.0,0.5560174366570446,12.0
2023-02-27,511.0,0.0,-2.09,0.0,5.787698205303826,0.089596296598216,0.0,0.5416278206559814,18.0
2023-02-28,513.0,0.0,-0.36,0.0,4.919543474508252,0.0761568521084836,0.0,0.5270777086423722,2.0
2023-03-01,508.0,0.0,1.88,0.0,4.181611953332014,0.06473332429221106,4.699999999999999,0.5123714121284237,-5.0
2023-03-02,501.0,0.0,1.9,0.0,3.554370160332212,0.0550233256483794,4.75,0.49751328890718066,-7.0
2023-03-03,493.0,0.0,2.97,0.0,3.02121463628238,0.04676982680112249,7.425000000000001,0.48250774176121847,-8.0
2023-03-04,487.0,0.1,0.55,0.1,2.6680324408400233,0.04130239992197661,1.375,0.46735921715800227,-6.0
2023-03-05,495.0,0.0,-0.73,0.0,2.26782757471402,0.03510703993368012,0.0,0.45207220393230435,8.0
2023-03-06,499.0,0.1,-2.04,0.1,2.027653438506917,0.0313890310846506,0.0,0.43665123195606403,4.0
2023-03-07,494.0,1.2,-1.38,1.2,2.923505422730879,0.04525724211422291,0.0,0.4211008707960896,-5.0
2023-03-08,475.0,0.1,-0.96,0.1,2.5849796093212474,0.04001670293811197,0.0,0.40542572835999735,-19.0
2023-03-09,474.0,0.0,-2.9,0.0,2.19723266792306,0.03401419749739517,0.0,0.38963044953078796,-1.0
2023-03-10,474.0,3.3,-3.31,3.3,5.167647767734601,0.07999762352652816,0.0,0.37371971479046906,0.0
2023-03-11,474.0,2.1,-0.76,2.1,6.492500602574411,0.10050696995902128,0.0,0.35769823883312546,0.0
2023-03-12,488.0,0.9,-2.27,0.9,6.41862551218825,0.09936334873437053,0.0,0.3415707691678556,14.0
2023-03-13,497.0,4.3,-0.29,4.3,9.755831685360011,0.1510248734881821,0.0,0.3253420847119801,9.0
2023-03-14,498.0,3.4,7.1,3.4,11.69245693255601,0.18100474525971955,17.75,0.30901699437494745,1.0
2023-03-15,503.0,0.0,3.53,0.0,9.938588392672608,0.15385403347076163,8.825,0.29260033563334836,5.0
2023-03-16,502.0,0.0,1.43,0.0,8.447800133771716,0.13077592845014738,3.5749999999999997,0.27609697309746883,-1.0
2023-03-17,499.0,0.0,2.21,0.0,7.180630113705958,0.11115953918262525,5.525,0.2595117970697999,-3.0
2023-03-18,498.0,0.0,5.62,0.0,6.103535596650064,0.09448560830523146,14.05,0.2428497220959356,-1.0
2023-03-19,508.0,0.0,7.58,0.0,5.188005257152555,0.08031276705944675,18.95,0.22611568550828828,10.0
2023-03-20,509.0,0.4,7.77,0.4,4.809804468579672,0.0744580405646197,19.424999999999997,0.20931464596304847,1.0
2023-03-21,514.0,0.1,5.73,0.1,4.188333798292721,0.06483738162094924,14.325000000000001,0.19245158197082998,5.0
2023-03-22,506.0,0.4,6.27,0.4,3.9600837285488124,0.06130396294189682,15.674999999999999,0.1755314904214282,-8.0
2023-03-23,484.0,3.1,10.38,3.1,6.46607116926649,0.10009782987230956,25.950000000000003,0.15855938510313478,-22.0
2023-03-24,488.0,4.4,9.6,4.4,9.896160493876517,0.1531972295964528,24.0,0.141540295217043,4.0
2023-03-25,488.0,0.2,9.36,0.2,8.611736419795038,0.13331373943902985,23.4,0.12447926388678915,0.0
2023-03-26,490.0,0.2,6.82,0.2,7.519975956825783,0.11641277280522036,17.05,0.10738134666416309,2.0
2023-03-27,496.0,0.0,2.24,0.0,6.391979563301915,0.09895085688443732,5.6000000000000005,0.09025161003104117,6.0
2023-03-28,494.0,0.0,-0.44,0.0,5.433182628806628,0.08410822835177172,0.0,0.07309512989807777,-2.0
2023-03-29,494.0,0.0,0.59,0.0,4.618205234485633,0.07149199409900595,1.4749999999999999,0.055916990100603484,0.0
2023-03-30,483.0,0.3,5.08,0.3,4.225474449312788,0.06541233640722253,12.7,0.03872228089217446,-11.0
2023-03-31,480.0,6.2,7.37,6.2,9.79165328191587,0.1515794086895337,18.425,0.021516097436222254,-3.0
2023-04-01,479.0,0.0,5.41,0.0,8.322905289628489,0.12884249738610362,13.525,0.004303538296244289,-1.0
2023-04-02,483.0,0.0,3.0,0.0,7.074469496184215,0.10951612277818809,7.5,-0.01291029607500882,4.0
2023-04-03,486.0,0.0,0.58,0.0,6.013299071756583,0.09308870436145987,1.45,-0.030120304846908114,3.0
2023-04-04,484.0,0.5,-0.35,0.5,5.6113042109930955,0.08686563441235336,0.0,-0.04732138832243185,-2.0
2023-04-05,485.0,0.0,1.12,0.0,4.769608579344131,0.07383578925050034,2.8000000000000003,-0.06450844944931623,1.0
2023-04-06,485.0,0.1,3.35,0.1,4.15416729244251,0.06430846800394778,8.375,-0.08167639533042241,0.0
2023-04-07,482.0,0.0,10.52,0.0,3.5310421985761336,0.05466219780335561,26.299999999999997,-0.09882013873287143,-3.0
2023-04-08,481.0,6.0,10.93,6.0,9.001385868789713,0.13934569659420182,27.325,-0.11593459959550041,-1.0
2023-04-09,489.0,1.2,10.78,1.2,8.851177988471255,0.13702040779734143,26.95,-0.1330147065341959,8.0
2023-04-10,490.0,0.0,10.79,0.0,7.523501290200566,0.11646734662774022,26.974999999999998,-0.1500553983446526,1.0
2023-04-11,491.0,0.0,10.77,0.0,6.394976096670481,0.09899724463357919,26.924999999999997,-0.16705162550211924,1.0
2023-04-12,489.0,0.3,12.1,0.3,5.735729682169909,0.08879179936160979,30.25,-0.18399835165768005,-2.0
2023-04-13,486.0,1.1,9.93,1.1,5.9753702298444225,0.09250154800861574,24.825,-0.20089055513063506,-3.0
2023-04-14,488.0,0.0,10.57,0.0,5.079064695367759,0.07862631580732336,26.425,-0.21772323039653177,2.0
2023-04-15,482.0,0.0,9.3,0.0,4.317204991062595,0.06683236843622486,23.25,-0.23449138957040985,-6.0
2023-04-16,480.0,2.8,4.64,2.8,6.4696242424032055,0.10015283311942093,11.6,-0.25119006388481935,-2.0
2023-04-17,482.0,0.0,8.59,0.0,5.499180606042724,0.08512990815150778,21.475,-0.2678143051621742,2.0
2023-04-18,487.0,1.0,9.69,1.0,5.674303515136316,0.08784089333900655,24.224999999999998,-0.2843591872810034,5.0
2023-04-19,486.0,1.5,11.8,1.5,6.323157987865868,0.09788546645349296,29.5,-0.30081980763566735,-1.0
2023-04-20,479.0,0.0,12.46,0.0,5.374684289685988,0.08320264648546902,31.150000000000002,-0.3171912885891061,-7.0
2023-04-21,479.0,0.0,11.45,0.0,4.56848164623309,0.07072224951264866,28.625,-0.3334687789181868,0.0
2023-04-22,475.0,0.0,11.74,0.0,3.883209399298127,0.06011391208575136,29.35,-0.3496474552512284,-4.0
2023-04-23,477.0,0.0,13.04,0.0,3.300727989403408,0.05109682527288866,32.599999999999994,-0.36572252349726897,2.0
2023-04-24,486.0,0.0,14.46,0.0,2.8056187909928965,0.04343230148195536,36.150000000000006,-0.3816892202666588,9.0
2023-04-25,487.0,6.7,12.43,6.7,9.084775972343962,0.14063661470816907,31.075,-0.39754281428255595,1.0
2023-04-26,483.0,3.7,5.31,3.7,11.422059576492368,0.17681886671977592,13.274999999999999,-0.4132786077829042,-4.0
2023-04-27,483.0,0.0,5.28,0.0,9.708750640018513,0.15029603671180955,13.200000000000001,-0.4288919379124835,0.0
2023-04-28,485.0,0.0,5.8,0.0,8.252438044015737,0.12775163120503813,14.5,-0.4443781781046132,2.0
2023-04-29,487.0,0.0,8.65,0.0,7.014572337413376,0.1085888865242824,21.625,-0.45973273945210397,2.0
2023-04-30,480.0,1.8,9.08,1.8,7.762386486801369,0.1201654020840449,22.7,-0.47495107206704995,-7.0
2023-05-01,483.0,0.0,7.17,0.0,6.598028513781164,0.10214059177143817,17.925,-0.49002866642905923,3.0
2023-05-02,478.0,0.0,9.91,0.0,5.6083242367139885,0.08681950300572243,24.775,-0.5049610547215204,-5.0
2023-05-03,479.0,0.0,7.4,0.0,4.76707560120689,0.07379657755486406,18.5,-0.5197438121555155,1.0
2023-05-04,482.0,0.0,7.64,0.0,4.052014261025856,0.06272709092163445,19.099999999999998,-0.5343725582809787,3.0
2023-05-05,484.0,0.0,5.75,0.0,3.4442121218719772,0.053318027283389274,14.375,-0.548842958284719,2.0
2023-05-06,484.0,0.0,6.68,0.0,2.9275803035911805,0.04532032319088088,16.7,-0.5631507242749186,0.0
2023-05-07,482.0,0.0,8.11,0.0,2.4884432580525035,0.03852227471224875,20.275,-0.5772916165517272,-2.0
2023-05-08,485.0,0.0,8.99,0.0,2.115176769344628,0.03274393350541144,22.475,-0.5912614448635781,3.0
2023-05-09,481.0,0.0,10.76,0.0,1.7979002539429336,0.02783234347959972,26.9,-0.6050560696488488,-4.0
2023-05-10,482.0,0.0,11.74,0.0,1.5282152158514934,0.02365749195765976,29.35,-0.6186714032625031,1.0
2023-05-11,484.0,0.0,11.97,0.0,1.2989829334737695,0.020108868164010796,29.925,-0.6321034111873487,2.0
2023-05-12,482.0,0.0,14.72,0.0,1.1041354934527041,0.017092537939409177,36.800000000000004,-0.6453481132295501,-2.0
2023-05-13,484.0,0.0,16.63,0.0,0.9385151694347985,0.0145286572484978,41.574999999999996,-0.6584015846980488,2.0
2023-05-14,481.0,0.0,18.06,0.0,0.7977378940195787,0.012349358661223131,45.15,-0.6712599575675313,-3.0
2023-05-15,482.0,3.8,17.78,3.8,4.478077209916641,0.06932274622089438,44.45,-0.6839194216246106,1.0
2023-05-16,485.0,0.3,13.55,0.3,4.106365628429145,0.0635684757108277,33.875,-0.6963762255968722,3.0
2023-05-17,482.0,10.2,9.91,10.2,13.690410784164772,0.21193401273849777,24.775,-0.7086266782644596,-3.0
2023-05-18,484.0,0.0,10.9,0.0,11.636849166540056,0.1801439108277231,27.25,-0.7206671495538609,2.0
2023-05-19,487.0,0.0,12.69,0.0,9.891321791559047,0.15312232420356464,31.724999999999998,-0.7324940716135789,3.0
2023-05-20,483.0,0.0,15.75,0.0,8.40762352282519,0.13015397557302993,39.375,-0.7441039398713607,-4.0
2023-05-21,480.0,0.0,16.06,0.0,7.146479994401411,0.11063087923707544,40.15,-0.7554933140726803,-3.0
2023-05-22,480.0,0.0,16.27,0.0,6.074507995241199,0.09403624735151413,40.675,-0.766658819300159,0.0
2023-05-23,487.0,0.0,17.0,0.0,5.16333179595502,0.07993081024878701,42.5,-0.777597146973627,7.0
2023-05-24,487.0,0.0,18.63,0.0,4.388832026561767,0.06794118871146895,46.574999999999996,-0.7883050558305255,0.0
2023-05-25,482.0,0.0,18.48,0.0,3.7305072225775016,0.05775001040474861,46.2,-0.7987793728863649,-5.0
2023-05-26,484.0,0.0,14.45,0.0,3.170931139190876,0.049087508844036315,36.125,-0.8090169943749473,2.0
2023-05-27,484.0,0.0,11.09,0.0,2.6952914683122446,0.041724382517430866,27.725,-0.8190148866680801,0.0
2023-05-28,481.0,0.0,12.7,0.0,2.290997748065408,0.03546572513981623,31.75,-0.8287700871745037,-3.0
2023-05-29,483.0,0.0,14.9,0.0,1.9473480858555965,0.030145866368843796,37.25,-0.8382797052177743,2.0
2023-05-30,490.0,0.0,14.55,0.0,1.655245872977257,0.02562398641351723,36.375,-0.8475409228928311,7.0
2023-05-31,486.0,0.0,14.15,0.0,1.4069589920306684,0.021780388451489642,35.375,-0.8565509959010036,-4.0
2023-06-01,490.0,0.0,14.49,0.0,1.1959151432260682,0.018513330183766198,36.225,-0.865307254363206,4.0
2023-06-02,489.0,1.1,9.27,1.1,2.116527871742158,0.03276484920744869,23.174999999999997,-0.8738071036110808,-1.0
2023-06-03,485.0,0.0,9.85,0.0,1.7990486909808343,0.027850121826331384,24.625,-0.8820480249558537,-4.0
2023-06-04,475.0,0.0,13.11,0.0,1.529191387333709,0.023672603552381676,32.775,-0.8900275764346767,-10.0
2023-06-05,477.0,0.0,12.9,0.0,1.2998126792336526,0.020121713019524423,32.25,-0.8977433935342337,2.0
2023-06-06,488.0,0.0,15.78,0.0,1.1048407773486046,0.01710345606659576,39.449999999999996,-0.9051931898913974,11.0
2023-06-07,492.0,0.0,19.03,0.0,0.9391146607463139,0.014537937656606393,47.575,-0.9123747579707273,4.0
2023-06-08,492.0,0.0,20.48,0.0,0.7982474616343668,0.012357247008115434,51.2,-0.9192859697186104,0.0
2023-06-09,492.0,0.0,19.15,0.0,0.6785103423892117,0.010503659956898118,47.875,-0.9259247771938498,0.0
2023-06-10,489.0,0.0,16.28,0.0,0.5767337910308299,0.008928110963363399,40.7,-0.9322892131745133,-3.0
2023-06-11,478.0,0.0,16.22,0.0,0.4902237223762054,0.007588894318858889,40.55,-0.9383773917408641,-11.0
2023-06-12,480.0,0.0,16.03,0.0,0.41669016401977454,0.006450560171030056,40.075,-0.9441875088341993,2.0
2023-06-13,490.0,0.0,18.01,0.0,0.35418663941680834,0.005482976145375546,45.025000000000006,-0.9497178427914316,10.0
2023-06-14,493.0,0.0,17.88,0.0,0.30105864350428707,0.004660529723569214,44.699999999999996,-0.9549667548552551,3.0
2023-06-15,496.0,0.8,17.91,0.8,1.055899846978644,0.016345827393213774,44.775,-0.9599326896597447,3.0
2023-06-16,493.0,3.3,19.62,3.3,4.197514869931847,0.06497950893797397,49.050000000000004,-0.9646141756912435,-3.0
2023-06-17,495.0,12.3,17.9,12.3,15.86788763944207,0.24564238094304447,44.75,-0.9690098257244062,2.0
2023-06-18,491.0,31.0,18.56,31.0,44.48770449352576,0.6886906375185605,46.4,-0.9731183372332619,-4.0
2023-06-19,488.0,0.0,18.39,0.0,37.8145488194969,0.5853870418907765,45.975,-0.9769384927771817,-3.0
2023-06-20,493.0,0.0,20.6,0.0,32.142366496572365,0.49757898560716,51.5,-0.980469160361632,5.0
2023-06-21,492.0,0.0,22.18,0.0,27.321011522086508,0.42294213776608597,55.45,-0.9837092937736097,-1.0
2023-06-22,493.0,0.1,19.96,0.1,23.32285979377353,0.36104886424219557,49.900000000000006,-0.986657932891657,1.0
2023-06-23,481.0,0.0,18.27,0.0,19.824430824707502,0.30689153460586627,45.675,-0.9893142039703663,-12.0
2023-06-24,477.0,0.0,20.21,0.0,16.850766201001377,0.26085780441498635,50.525000000000006,-0.99167731989929,-4.0
2023-06-25,478.0,3.0,18.55,3.0,17.32315127085117,0.26817054798341317,46.375,-0.993746580436178,1.0
2023-06-26,490.0,0.1,16.78,0.1,14.824678580223495,0.22949301292692367,41.95,-0.9955213724144752,12.0
2023-06-27,487.0,6.4,16.11,6.4,19.00097679318997,0.29414407801332465,40.275,-0.9970011699250151,-3.0
2023-06-28,486.0,2.8,17.06,2.8,18.950830274211476,0.2933677862599558,42.65,-0.9981855344718586,-1.0
2023-06-29,492.0,3.1,19.3,3.1,19.208205733079755,0.2973520796926597,48.25,-0.99907411510223,6.0
2023-06-30,496.0,0.0,20.47,0.0,16.32697487311779,0.2527492677387607,51.175,-0.9996666485105112,4.0
2023-07-01,487.0,1.2,17.95,1.2,15.077928642150122,0.23341344327021651,44.875,-0.9999629591162655,-9.0
2023-07-02,476.0,7.3,15.97,7.3,20.1162393458276,0.311408868074326,39.925000000000004,-0.9999629591162655,-11.0
2023-07-03,476.0,0.0,16.9,0.0,17.09880344395346,0.26469753786317707,42.25,-0.9996666485105112,0.0
2023-07-04,480.0,0.2,17.15,0.2,14.73398292736044,0.22808900146574546,42.875,-0.99907411510223,4.0
2023-07-05,487.0,0.0,18.02,0.0,12.523885488256374,0.19387565124588366,45.05,-0.9981855344718586,7.0
2023-07-06,501.0,6.7,17.66,6.7,17.34530266501792,0.26851346200750814,44.15,-0.9970011699250151,14.0
2023-07-07,511.0,0.0,16.54,0.0,14.74350726526523,0.22823644270638188,41.349999999999994,-0.9955213724144752,10.0
2023-07-08,516.0,0.0,18.19,0.0,12.531981175475444,0.1940009763004246,45.475,-0.9937465804361781,5.0
2023-07-09,504.0,4.6,16.72,4.6,15.252183999154127,0.23611099834239554,41.8,-0.99167731989929,-12.0
2023-07-10,503.0,0.0,16.18,0.0,12.964356399281007,0.20069434859103621,40.45,-0.9893142039703664,-1.0
2023-07-11,511.0,0.0,16.97,0.0,11.019702939388855,0.17059019630238076,42.425,-0.9866579328916572,8.0
2023-07-12,514.0,0.1,19.58,0.1,9.466747498480526,0.14654971399804612,48.949999999999996,-0.9837092937736098,3.0
2023-07-13,514.0,0.0,20.56,0.0,8.046735373708447,0.12456725689833921,51.4,-0.9804691603616321,0.0
2023-07-14,518.0,0.2,17.95,0.2,7.0397250676521805,0.10897826264563332,44.875,-0.9769384927771817,4.0
2023-07-15,509.0,0.0,18.6,0.0,5.983766307504354,0.09263152324878833,46.5,-0.973118337233262,-9.0
2023-07-16,499.0,0.5,23.5,0.5,5.5862013613787,0.08647703046658253,58.75,-0.9690098257244063,-10.0
2023-07-17,505.0,0.0,23.02,0.0,4.748271157171895,0.07350547589659515,57.55,-0.9646141756912435,6.0
2023-07-18,512.0,0.5,17.7,0.5,4.536030483596111,0.07021989021721835,44.25,-0.9599326896597445,7.0
2023-07-19,496.0,0.3,15.81,0.3,4.155625911056695,0.06433104810770307,39.525,-0.9549667548552553,-16.0
2023-07-20,491.0,2.2,16.25,2.2,5.732282024398191,0.08873842799404245,40.625,-0.9497178427914317,-5.0
2023-07-21,494.0,3.7,15.39,3.7,8.572439720738462,0.1327054080127683,38.475,-0.9441875088341994,3.0
2023-07-22,495.0,3.0,14.8,3.0,10.286573762627693,0.15924101104152785,37.0,-0.9383773917408642,1.0
2023-07-23,481.0,0.7,16.07,0.7,9.443587698233538,0.1461911893724561,40.175,-0.9322892131745134,-14.0
2023-07-24,481.0,0.1,19.18,0.1,8.127049543498506,0.12581055810761016,47.95,-0.9259247771938499,0.0
2023-07-25,482.0,1.0,20.12,1.0,7.90799211197373,0.12241944580169356,50.300000000000004,-0.9192859697186105,1.0
2023-07-26,485.0,0.0,18.14,0.0,6.721793295177671,0.10405652893143953,45.35,-0.9123747579707274,3.0
2023-07-27,491.0,0.0,16.32,0.0,5.71352430090102,0.0884480495917236,40.8,-0.9051931898913975,6.0
2023-07-28,490.0,0.1,16.89,0.1,4.956495655765867,0.07672888929398755,42.225,-0.8977433935342336,-1.0
2023-07-29,486.0,0.0,18.85,0.0,4.213021307400987,0.06521955589988943,47.125,-0.8900275764346766,-4.0
2023-07-30,471.0,3.4,17.77,3.4,6.981068111290838,0.10807022530967075,44.425,-0.8820480249558535,-15.0
2023-07-31,466.0,1.0,18.65,1.0,6.933907894597213,0.10734016292344507,46.625,-0.8738071036110807,-5.0
2023-08-01,467.0,0.0,19.91,0.0,5.8938217104076305,0.0912391384849283,49.775,-0.8653072543632061,1.0
2023-08-02,471.0,0.0,20.46,0.0,5.009748453846486,0.07755326771218905,51.150000000000006,-0.8565509959010037,4.0
2023-08-03,470.0,0.0,20.1,0.0,4.258286185769513,0.06592027755536069,50.25,-0.8475409228928312,-1.0
2023-08-04,484.0,0.0,20.53,0.0,3.619543257904086,0.05603223592205659,51.325,-0.8382797052177745,14.0
2023-08-05,497.0,17.8,19.0,17.8,20.876611769218474,0.32317979163575183,47.5,-0.828770087174504,13.0
2023-08-06,488.0,0.1,26.72,0.1,17.845120003835703,0.2762508700314115,66.8,-0.8190148866680802,-9.0
2023-08-07,476.0,15.5,17.4,15.5,30.668352003260345,0.4747605463851861,43.5,-0.8090169943749472,-12.0
2023-08-08,472.0,0.0,15.35,0.0,26.068099202771293,0.4035464644274082,38.375,-0.7987793728863648,-4.0
2023-08-09,473.0,4.9,15.06,4.9,27.057884322355598,0.4188688046733991,37.65,-0.7883050558305253,1.0
2023-08-10,486.0,1.8,16.15,1.8,24.79920167400226,0.3839033325107941,40.375,-0.7775971469736268,13.0
2023-08-11,499.0,0.2,18.15,0.2,21.27932142290192,0.32941392691621996,45.375,-0.7666588193001592,13.0
2023-08-12,495.0,0.0,17.35,0.0,18.087423209466632,0.28000183787878696,43.375,-0.7554933140726804,-4.0
2023-08-13,484.0,0.0,20.07,0.0,15.374309728046637,0.2380015621969689,50.175,-0.7441039398713608,-11.0
2023-08-14,488.0,0.0,19.08,0.0,13.06816326883964,0.20230132786742358,47.699999999999996,-0.7324940716135792,4.0
2023-08-15,496.0,5.2,23.48,5.2,16.307938778513694,0.25245458002047966,58.7,-0.7206671495538615,8.0
2023-08-16,506.0,0.0,26.47,0.0,13.86174796173664,0.2145863930174077,66.175,-0.7086266782644601,10.0
2023-08-17,512.0,0.0,24.76,0.0,11.782485767476144,0.18239843406479656,61.900000000000006,-0.6963762255968726,6.0
2023-08-18,513.0,0.0,25.71,0.0,10.015112902354723,0.15503866895507706,64.275,-0.6839194216246105,1.0
2023-08-19,498.0,0.0,23.66,0.0,8.512845967001514,0.1317828686118155,59.15,-0.6712599575675315,-15.0
2023-08-20,492.0,0.5,24.41,0.5,7.735919071951287,0.11975567402515565,61.025,-0.6584015846980489,-6.0
2023-08-21,489.0,0.0,19.89,0.0,6.5755312111585935,0.1017923229213823,49.725,-0.64534811322955,-3.0
2023-08-22,477.0,0.0,18.19,0.0,5.5892015294848045,0.08652347448317495,45.475,-0.6321034111873488,-12.0
2023-08-23,467.0,0.0,18.38,0.0,4.750821300062084,0.07354495331069871,45.949999999999996,-0.6186714032625032,-10.0
2023-08-24,476.0,1.5,17.18,1.5,5.538198105052771,0.08573391742943129,42.95,-0.6050560696488494,9.0
2023-08-25,488.0,0.0,19.31,0.0,4.7074683892948554,0.0728738298150166,48.275,-0.5912614448635782,12.0
2023-08-26,493.0,3.9,21.47,3.9,7.901348130900628,0.12231659384264133,53.675,-0.5772916165517278,5.0
2023-08-27,491.0,0.2,20.35,0.2,6.9161459112655335,0.10706519904829011,50.875,-0.5631507242749187,-2.0
2023-08-28,472.0,0.0,19.28,0.0,5.878724024575703,0.0910054191910466,48.2,-0.5488429582847199,-19.0
2023-08-29,478.0,12.6,18.13,12.6,17.596915420889346,0.27240854608122367,45.324999999999996,-0.5343725582809785,6.0
2023-08-30,489.0,29.9,20.75,29.9,44.85737810775594,0.6944133593347653,51.875,-0.5197438121555157,11.0
2023-08-31,498.0,2.1,17.79,2.1,40.22877139159255,0.622760345396023,44.474999999999994,-0.5049610547215202,9.0
2023-09-01,483.0,0.0,15.65,0.0,34.19445568285367,0.5293462935866196,39.125,-0.4900286664290594,-15.0
2023-09-02,475.0,0.5,16.06,0.5,29.56528733042562,0.45768458525373906,40.15,-0.4749510720670502,-8.0
2023-09-03,478.0,0.0,16.02,0.0,25.130494230861775,0.3890318974656782,40.05,-0.4597327394521046,3.0
2023-09-04,481.0,0.0,15.97,0.0,21.36092009623251,0.33067711284582646,39.925000000000004,-0.44437817810461344,3.0
2023-09-05,484.0,0.0,19.09,0.0,18.156782081797633,0.2810755459189525,47.725,-0.4288919379124841,3.0
2023-09-06,489.0,0.0,17.88,0.0,15.433264769527987,0.2389142140311096,44.699999999999996,-0.41327860778290443,5.0
2023-09-07,492.0,0.0,15.38,0.0,13.118275054098788,0.20307708192644314,38.45,-0.3975428142825566,3.0
2023-09-08,495.0,0.0,16.57,0.0,11.15053379598397,0.17261551963747668,41.425,-0.3816892202666586,3.0
2023-09-09,493.0,0.0,17.41,0.0,9.477953726586374,0.14672319169185516,43.525,-0.3657225234972692,-2.0
2023-09-10,477.0,0.0,18.53,0.0,8.056260667598417,0.12471471293807689,46.325,-0.34964745525122826,-16.0
2023-09-11,477.0,0.0,19.51,0.0,6.847821567458655,0.10600750599736534,48.775000000000006,-0.33346877891818705,0.0
2023-09-12,489.0,0.0,20.09,0.0,5.820648332339856,0.09010638009776055,50.225,-0.31719128858910595,12.0
2023-09-13,490.0,0.0,21.0,0.0,4.947551082488878,0.07659042308309646,52.5,-0.300819807635668,1.0
2023-09-14,496.0,2.5,16.03,2.5,6.705418420115546,0.1038030381461943,40.075,-0.2843591872810036,6.0
2023-09-15,488.0,0.0,12.94,0.0,5.699605657098214,0.08823258242426515,32.35,-0.26781430516217486,-8.0
2023-09-16,479.0,0.0,13.8,0.0,4.844664808533482,0.07499769506062538,34.5,-0.25119006388481957,-9.0
2023-09-17,466.0,0.0,16.24,0.0,4.1179650872534594,0.06374804080153157,40.599999999999994,-0.23449138957041052,-13.0
2023-09-18,473.0,0.0,18.37,0.0,3.5002703241654403,0.05418583468130184,45.925000000000004,-0.21772323039653224,7.0
2023-09-19,481.0,0.5,18.35,0.5,3.4752297755406243,0.05379819518421902,45.875,-0.20089055513063528,8.0
2023-09-20,495.0,0.0,16.87,0.0,2.9539453092095305,0.04572846590658617,42.175000000000004,-0.18399835165767986,14.0
2023-09-21,493.0,0.0,17.82,0.0,2.510853512828101,0.03886919602059824,44.55,-0.1670516255021195,-2.0
2023-09-22,471.0,0.0,20.82,0.0,2.134225485903886,0.03303881661750851,52.05,-0.15005539834465262,-22.0
2023-09-23,469.0,8.1,18.37,8.1,9.914091663018302,0.15347481254770412,45.925000000000004,-0.13301470653419636,-2.0
2023-09-24,469.0,0.0,15.02,0.0,8.426977913565556,0.1304535906655485,37.55,-0.11593459959550066,0.0
2023-09-25,467.0,0.0,12.07,0.0,7.162931226530723,0.11088555206571622,30.175,-0.09882013873287211,-2.0
2023-09-26,469.0,0.0,15.31,0.0,6.088491542551114,0.09425271925585878,38.275,-0.08167639533042288,2.0
2023-09-27,474.0,0.0,18.36,0.0,5.175217811168446,0.08011481136747996,45.9,-0.06450844944931625,5.0
2023-09-28,485.0,0.0,18.41,0.0,4.3989351394931795,0.06809758966235796,46.025,-0.04732138832243232,11.0
2023-09-29,490.0,0.0,18.23,0.0,3.7390948685692025,0.05788295121300427,45.575,-0.03012030484690836,5.0
2023-09-30,486.0,0.0,15.66,0.0,3.178230638283822,0.04920050853105363,39.15,-0.012910296075008843,-4.0
2023-10-01,472.0,1.9,12.65,1.9,4.601496042541248,0.07123332793082293,31.625,0.004303538296243821,-14.0
2023-10-02,476.0,0.0,12.94,0.0,3.911271636160061,0.060548328741199496,32.35,0.021516097436222233,4.0
2023-10-03,479.0,0.2,19.29,0.2,3.524580890736052,0.05456217371206456,48.224999999999994,0.03872228089217399,3.0
2023-10-04,473.0,12.5,12.75,12.5,15.495893757125645,0.23988374028306647,31.875,0.05591699010060302,-6.0
2023-10-05,482.0,6.7,11.12,6.7,19.8715096935568,0.3076203376891135,27.799999999999997,0.07309512989807776,9.0
2023-10-06,490.0,2.1,10.44,2.1,18.99078323952328,0.29398627699721885,26.099999999999998,0.0902516100310407,8.0
2023-10-07,474.0,4.6,11.16,4.6,20.74216575359479,0.3210985039346707,27.9,0.10738134666416306,-16.0
2023-10-08,471.0,2.3,5.1,2.3,19.930840890555572,0.30853881258798743,12.75,0.12447926388678869,-3.0
2023-10-09,481.0,0.4,5.03,0.4,17.341214756972235,0.26845017926387926,12.575000000000001,0.141540295217043,10.0
2023-10-10,501.0,0.0,6.3,0.0,14.7400325434264,0.2281826523742974,15.75,0.15855938510313475,20.0
2023-10-11,501.0,0.4,11.48,0.4,12.929027661912441,0.20014744308224278,28.700000000000003,0.17553149042142777,0.0
2023-10-12,497.0,10.5,12.59,10.5,21.489673512625572,0.33267027642726804,31.475,0.19245158197082995,-4.0
2023-10-13,499.0,0.2,11.01,0.2,18.466222485731734,0.2858658292452228,27.525,0.20931464596304888,2.0
2023-10-14,482.0,1.5,14.31,1.5,17.196289112871973,0.26620666197377674,35.775,0.22611568550828803,-17.0
2023-10-15,472.0,0.5,8.28,0.5,15.116845745941177,0.2340158983828227,20.7,0.2428497220959358,-10.0
2023-10-16,476.0,0.0,6.23,0.0,12.84931888405,0.19891351362539927,15.575000000000001,0.25951179706979943,4.0
2023-10-17,479.0,0.0,6.73,0.0,10.9219210514425,0.16907648658158939,16.825000000000003,0.27609697309746883,3.0
2023-10-18,486.0,8.4,6.86,8.4,17.683632893726127,0.2737509734402404,17.150000000000002,0.2926003356333479,7.0
2023-10-19,492.0,0.1,2.97,0.1,15.131087959667207,0.2342363745652268,7.425000000000001,0.30901699437494723,6.0
2023-10-20,502.0,0.0,2.82,0.0,12.861424765717125,0.19910091838044278,7.05,0.3253420847119795,10.0
2023-10-21,486.0,6.8,5.36,6.8,17.732211050859554,0.2745029862129058,13.4,0.341570769167856,-16.0
2023-10-22,479.0,17.8,7.98,17.8,32.872379393230624,0.5088799293829737,19.950000000000003,0.35769823883312546,-7.0
2023-10-23,488.0,4.3,9.53,4.3,32.241522484246026,0.4991139670394948,23.825,0.3737197147904692,9.0
2023-10-24,490.0,0.0,7.21,0.0,27.40529411160912,0.42424687198357053,18.025,0.38963044953078774,2.0
2023-10-25,497.0,8.8,6.47,8.8,32.09449999486775,0.49683798959601433,16.175,0.4054257283599973,7.0
2023-10-26,498.0,0.7,2.6,0.7,27.980324995637588,0.43314862114376956,6.5,0.42110087079608916,1.0
2023-10-27,500.0,0.1,2.37,0.1,23.88327624629195,0.36972437511322664,5.925000000000001,0.4366512319560638,2.0
2023-10-28,505.0,0.3,1.51,0.3,20.600784809348156,0.31890986026931006,3.775,0.45207220393230374,5.0
2023-10-29,482.0,3.3,2.65,3.3,20.810667087945934,0.32215893688265584,6.625,0.46735921715800205,-23.0
2023-10-30,482.0,4.7,10.56,4.7,22.38906702475404,0.3465933119783146,26.400000000000002,0.48250774176121763,0.0
2023-10-31,495.0,0.0,11.3,0.0,19.030706971040935,0.29460431518156743,28.25,0.4975132889071803,13.0
2023-11-01,495.0,0.7,8.1,0.7,16.876100925384794,0.2612499978914897,20.25,0.5123714121284235,0.0
2023-11-02,490.0,0.0,6.03,0.0,14.344685786577074,0.22206249820776625,15.075000000000001,0.5270777086423724,-5.0
2023-11-03,497.0,1.7,8.73,1.7,13.892982918590512,0.2150699248739837,21.825000000000003,0.5416278206559811,7.0
2023-11-04,502.0,0.7,8.6,0.7,12.509035480801934,0.19364576613004356,21.5,0.5560174366570446,5.0
2023-11-05,498.0,0.5,6.09,0.5,11.132680158681644,0.1723391369156495,15.225,0.5702422926917867,-4.0
2023-11-06,496.0,5.2,8.79,5.2,14.662778134879396,0.22698671771147166,21.974999999999998,0.5842981736283683,-2.0
2023-11-07,483.0,0.0,8.51,0.0,12.463361414647487,0.1929387100547509,21.275,0.5981809144059159,-13.0
2023-11-08,477.0,0.5,7.52,0.5,11.093857202450364,0.17173813925165074,18.799999999999997,0.6118864012687242,-6.0
2023-11-09,482.0,0.0,7.31,0.0,9.429778622082809,0.14597741836390313,18.275,0.6254105729852457,5.0
2023-11-10,483.0,0.0,6.2,0.0,8.015311828770388,0.12408080560931767,15.5,0.6387494220515268,1.0
2023-11-11,497.0,3.2,5.41,3.2,10.01301505445483,0.15500619328063978,13.525,0.6518989958787125,14.0
2023-11-12,500.0,0.0,5.69,0.0,8.511062796286605,0.1317552642885438,14.225000000000001,0.6648553979642867,3.0
2023-11-13,496.0,0.3,4.96,0.3,7.534403376843614,0.11663611606832971,12.4,0.6776147890466887,-4.0
2023-11-14,491.0,0.2,3.6,0.2,6.604242870317072,0.10223679294012523,9.0,0.690173388242972,-5.0
2023-11-15,492.0,2.1,2.56,2.1,7.713606439769512,0.11941026396057881,6.4,0.7025274741691566,1.0
2023-11-16,480.0,0.1,1.75,0.1,6.6565654738040845,0.10304677150751447,4.375,0.7146733860429608,-12.0
2023-11-17,480.0,0.2,0.7,0.2,5.858080652733472,0.09068585006343229,1.75,0.726607524768565,0.0
2023-11-18,489.0,0.0,-0.97,0.0,4.979368554823451,0.07708297255391745,0.0,0.7383263540031063,9.0
2023-11-19,477.0,0.0,-0.35,0.0,4.232463271599934,0.06552052667082983,0.0,0.749826401204568,-12.0
2023-11-20,474.0,0.0,-0.33,0.0,3.5975937808599436,0.055692447670205356,0.0,0.7611042586607742,-3.0
2023-11-21,475.0,0.0,-2.81,0.0,3.057954713730952,0.04733858051967456,0.0,0.7721565844991641,1.0
2023-11-22,470.0,0.2,-4.3,0.2,2.7992615066713094,0.04333388772376836,0.0,0.7829801036770625,-5.0
2023-11-23,468.0,13.4,1.92,13.4,15.779372280670614,0.24427212146221713,4.8,0.7935716089521472,-2.0
2023-11-24,471.0,1.0,1.0,1.0,14.412466438570021,0.2231117746531095,2.5,0.8039279618328208,3.0
2023-11-25,476.0,0.4,-1.16,0.4,12.650596472784517,0.19583719701923302,0.0,0.8140460935082175,5.0
2023-11-26,477.0,0.0,-5.73,0.0,10.75300700186684,0.16646161746634805,0.0,0.8239230057575536,1.0
2023-11-27,484.0,0.0,-5.42,0.0,9.140055951586813,0.14149237484639585,0.0,0.8335557718385695,7.0
2023-11-28,480.0,0.0,-5.77,0.0,7.769047558848791,0.12026851861943647,0.0,0.8429415373547832,-4.0
2023-11-29,474.0,0.0,-6.75,0.0,6.603690425021472,0.10222824082652099,0.0,0.8520775211013093,-6.0
2023-11-30,482.0,0.0,-4.77,0.0,5.61313686126825,0.08689400470254283,0.0,0.8609610158889945,8.0
2023-12-01,485.0,0.1,-2.2,0.1,4.871166332078013,0.0754079511381839,0.0,0.8695893893466109,3.0
2023-12-02,484.0,0.0,-2.17,0.0,4.140491382266311,0.06409675846745631,0.0,0.8779600847008883,-1.0
2023-12-03,475.0,0.0,-3.34,0.0,3.5194176749263644,0.05448224469733787,0.0,0.8860706215341377,-9.0
2023-12-04,476.0,0.4,-1.77,0.4,3.3915050236874094,0.05250209655682715,0.0,0.893918596519257,1.0
2023-12-05,483.0,0.1,-2.71,0.1,2.982779270134298,0.04617482921432557,0.0,0.9015016841318838,7.0
2023-12-06,483.0,0.0,-5.64,0.0,2.535362379614153,0.03924860483217674,0.0,0.9088176373395028,0.0
2023-12-07,486.0,0.0,-3.33,0.0,2.15505802267203,0.03336131410735022,0.0,0.9158642882672868,3.0
2023-12-08,484.0,0.0,-4.64,0.0,1.8317993192712254,0.028357116991247686,0.0,0.9226395488404875,-2.0
2023-12-09,490.0,0.4,-4.16,0.4,1.9570294213805415,0.030295738006650502,0.0,0.9291414114031743,6.0
2023-12-10,487.0,0.0,-2.3,0.0,1.6634750081734602,0.025751377305652925,0.0,0.935367949313148,-3.0
2023-12-11,481.0,5.2,-1.15,5.2,6.613953756947441,0.10238712204297461,0.0,0.941317317512847,-6.0
2023-12-12,486.0,0.8,0.48,0.8,6.421860693405325,0.09941343086470836,1.2,0.946987753076075,5.0
2023-12-13,489.0,0.0,0.3,0.0,5.458581589394526,0.0845014162350021,0.75,0.9523775757303973,3.0
2023-12-14,491.0,1.1,-0.75,1.1,5.739794350985347,0.08885472235099921,0.0,0.9574851883550389,2.0
2023-12-15,500.0,0.2,-2.15,0.2,5.078825198337546,0.07862260828039432,0.0,0.9623090774541487,9.0
2023-12-16,505.0,0.5,2.97,0.5,4.817001418586914,0.07456945274344763,7.425000000000001,0.9668478136052773,5.0
2023-12-17,497.0,1.6,6.47,1.6,5.694451205798877,0.08815278908829038,16.175,0.9711000518829505,-8.0
2023-12-18,506.0,0.3,6.5,0.3,5.140283524929045,0.0795740121481143,16.25,0.9750645322571945,9.0
2023-12-19,498.0,1.7,6.67,1.7,6.069240996189689,0.09395471172327953,16.675,0.9787400799669153,-8.0
2023-12-20,497.0,1.0,3.45,1.0,6.158854846761235,0.09534197637501253,8.625,0.9821256058680006,-1.0
2023-12-21,493.0,5.1,2.47,5.1,10.33502661974705,0.15999108411090776,6.175000000000001,0.9852201067560606,-4.0
2023-12-22,495.0,2.3,2.22,2.3,11.084772626784993,0.17159750573778895,5.550000000000001,0.9880226656636976,2.0
2023-12-23,486.0,3.6,0.47,3.6,13.022056732767243,0.20158757695393034,1.1749999999999998,0.9905324521322227,-9.0
2023-12-24,493.0,0.4,-0.23,0.4,11.468748222852158,0.17754162897493075,0.0,0.9927487224577402,7.0
2023-12-25,489.0,11.3,4.2,11.3,21.048435989424334,0.3258397115642328,10.5,0.9946708199115211,-4.0
2023-12-26,494.0,4.6,3.04,4.6,22.491170591010686,0.3481739233166326,7.6,0.9962981749346077,5.0
2023-12-27,503.0,0.6,1.95,0.6,19.717495002359083,0.30523611766527264,4.875,0.9976303053065857,9.0
2023-12-28,501.0,0.0,1.31,0.0,16.75987075200522,0.25945070001548176,3.2750000000000004,0.9986668162884759,-2.0
2023-12-29,494.0,4.2,5.19,4.2,18.445890139204437,0.28555107493610415,12.975000000000001,0.9994074007397048,-7.0
2023-12-30,493.0,1.5,4.33,1.5,17.17900661832377,0.2659391208110259,10.825,0.9998518392091162,-1.0
2023-12-31,487.0,0.0,1.75,0.0,14.602155625575202,0.226048252689372,4.375,1.0,-6.0
2024-01-01,487.0,0.0,-1.06,0.0,12.41183228173892,0.19214101478596618,0.0,0.9998518392091162,0.0
2024-01-02,493.0,1.0,-6.51,1.0,11.550057439478083,0.1788003339782962,0.0,0.9994074007397048,6.0
2024-01-03,491.0,0.3,-9.05,0.3,10.11754882355637,0.15662442530461923,0.0,0.998666816288476,-2.0
2024-01-04,489.0,4.7,-8.73,4.7,13.299916500022917,0.20588897713698354,0.0,0.9976303053065857,-2.0
2024-01-05,474.0,0.7,-8.74,0.7,12.004929025019479,0.18584196055359345,0.0,0.9962981749346078,-15.0
2024-01-06,477.0,0.0,-8.93,0.0,10.204189671266557,0.15796566647055443,0.0,0.9946708199115211,3.0
2024-01-07,485.0,0.0,-19.06,0.0,8.673561220576573,0.13427081649997127,0.0,0.9927487224577402,8.0
2024-01-08,476.0,0.0,-20.05,0.0,7.372527037490087,0.11413019402497557,0.0,0.9905324521322229,-9.0
2024-01-09,464.0,0.0,-5.46,0.0,6.266647981866574,0.09701066492122923,0.0,0.9880226656636976,-12.0
2024-01-10,467.0,0.0,1.01,0.0,5.326650784586588,0.08245906518304484,2.525,0.9852201067560606,3.0
2024-01-11,467.0,0.1,-0.15,0.1,4.627653166898599,0.0716382525466106,0.0,0.9821256058680006,0.0
2024-01-12,492.0,1.7,-3.58,1.7,5.63350519186381,0.0872093160620014,0.0,0.9787400799669153,25.0
2024-01-13,502.0,0.2,-7.61,0.2,4.988479413084239,0.07722401293474618,0.0,0.9750645322571948,10.0
2024-01-14,488.0,3.2,-1.19,3.2,7.440207501121603,0.11517791950725402,0.0,0.9711000518829505,-14.0
2024-01-15,482.0,2.0,-0.07,2.0,8.324176375953362,0.12886217440161576,0.0,0.9668478136052775,-6.0
2024-01-16,489.0,0.8,-6.54,0.8,7.875549919560357,0.12191722536955334,0.0,0.9623090774541486,7.0
2024-01-17,494.0,0.0,-11.17,0.0,6.694217431626304,0.10362964156412033,0.0,0.9574851883550393,5.0
2024-01-18,495.0,0.4,-4.1,0.4,6.090084816882358,0.09427738389359226,0.0,0.9523775757303974,1.0
2024-01-19,486.0,0.1,-3.31,0.1,5.276572094350004,0.0816838234505759,0.0,0.9469877530760753,-9.0
2024-01-20,483.0,4.2,-2.3,4.2,8.685086280197503,0.1344492298559342,0.0,0.9413173175128471,-3.0
2024-01-21,485.0,0.0,-3.45,0.0,7.382323338167877,0.11428184537754407,0.0,0.9353679493131483,2.0
2024-01-22,478.0,1.2,-0.06,1.2,7.474974837442696,0.11571613426318238,0.0,0.9291414114031743,-7.0
2024-01-23,482.0,1.4,2.64,1.4,7.753728611826292,0.12003137409801992,6.6000000000000005,0.9226395488404876,4.0
2024-01-24,487.0,6.2,2.66,6.2,12.790669320052348,0.19800559072671148,6.65,0.9158642882672872,5.0
2024-01-25,490.0,2.7,1.85,2.7,13.572068922044497,0.21010202492531208,4.625,0.9088176373395029,3.0
2024-01-26,495.0,0.0,-0.55,0.0,11.536258583737823,0.17858672118651528,0.0,0.901501684131884,5.0
2024-01-27,492.0,0.7,-0.48,0.7,10.505819796177148,0.1626350429956954,0.0,0.893918596519257,-3.0
2024-01-28,498.0,0.0,0.96,0.0,8.929946826750575,0.1382397865463411,2.4,0.886070621534138,6.0
2024-01-29,491.0,0.0,1.55,0.0,7.590454802737988,0.11750381856438992,3.875,0.8779600847008882,-7.0
2024-01-30,503.0,0.0,1.07,0.0,6.4518865823272895,0.09987824577973142,2.6750000000000003,0.869589389346611,12.0
2024-01-31,516.0,0.1,1.83,0.1,5.584103594978195,0.08644455605379418,4.575,0.8609610158889943,13.0
2024-02-01,511.0,3.0,1.73,3.0,7.746488055731466,0.11991928687639984,4.325,0.8520775211013093,-5.0
2024-02-02,501.0,2.6,1.16,2.6,9.184514847371746,0.14218061951152466,2.9,0.8429415373547828,-10.0
2024-02-03,498.0,0.7,4.98,0.7,8.506837620265983,0.1316898565719534,12.450000000000001,0.8335557718385699,-3.0
2024-02-04,509.0,7.0,2.94,7.0,14.230811977226086,0.2202996779577349,7.35,0.8239230057575542,11.0
2024-02-05,521.0,1.1,1.43,1.1,13.196190180642173,0.20428324481532206,3.5749999999999997,0.8140460935082178,12.0
2024-02-06,531.0,5.3,0.02,5.3,16.516761653545846,0.25568725656721586,0.05,0.8039279618328213,10.0
2024-02-07,530.0,1.5,0.25,1.5,15.539247405513969,0.24055487519747087,0.625,0.7935716089521474,-1.0
2024-02-08,534.0,0.0,-1.24,0.0,13.208360294686873,0.20447164391785022,0.0,0.7829801036770629,4.0
2024-02-09,529.0,0.0,-1.37,0.0,11.227106250483843,0.1738008973301727,0.0,0.7721565844991642,-5.0
2024-02-10,532.0,0.3,-0.34,0.3,9.843040312911267,0.1523749041537143,0.0,0.7611042586607747,3.0
2024-02-11,535.0,1.2,0.97,1.2,9.566584265974576,0.14809523422292706,2.425,0.7498264012045686,3.0
2024-02-12,520.0,5.1,2.67,5.1,13.231596626078389,0.2048313532816351,6.675,0.7383263540031065,-15.0
2024-02-13,513.0,1.2,3.12,1.2,12.44685713216663,0.19268321598165972,7.800000000000001,0.7266075247685656,-7.0
2024-02-14,505.0,0.2,2.64,0.2,10.779828562341633,0.16687682786645572,6.6000000000000005,0.7146733860429609,-8.0
2024-02-15,508.0,1.3,3.1,1.3,10.462854277990388,0.16196991651977977,7.75,0.702527474169157,3.0
2024-02-16,509.0,0.0,5.58,0.0,8.89342613629183,0.1376744290418128,13.95,0.6901733882429719,1.0
2024-02-17,495.0,3.4,3.94,3.4,10.959412215848054,0.16965686748030562,9.85,0.6776147890466889,-14.0
2024-02-18,500.0,0.0,0.35,0.0,9.315500383470846,0.14420833735825977,0.875,0.6648553979642865,5.0
2024-02-19,498.0,1.7,-0.22,1.7,9.618175325950219,0.1488938881519032,0.0,0.6518989958787126,-2.0
2024-02-20,506.0,0.4,-0.07,0.4,8.575449027057687,0.13275199349320768,0.0,0.6387494220515272,8.0
2024-02-21,509.0,1.9,2.35,1.9,9.189131672999034,0.1422520901486539,5.875,0.6254105729852463,3.0
2024-02-22,508.0,0.5,5.1,0.5,8.310761922049178,0.12865451233146827,12.75,0.6118864012687243,-1.0
2024-02-23,497.0,7.2,6.95,7.2,14.2641476337418,0.22081572963536747,17.375,0.5981809144059164,-11.0
2024-02-24,496.0,0.5,7.0,0.5,12.62452548868053,0.1954336058951748,17.5,0.5842981736283683,-1.0
2024-02-25,488.0,0.0,4.36,0.0,10.730846665378449,0.16611856501089858,10.9,0.5702422926917871,-8.0
2024-02-26,492.0,0.0,8.07,0.0,9.121219665571681,0.14120078025926378,20.175,0.5560174366570446,4.0
2024-02-27,502.0,6.2,7.38,6.2,13.95303671573593,0.21599958596376878,18.45,0.5416278206559814,10.0
2024-02-28,515.0,7.9,7.0,7.9,19.76008120837554,0.30589537220998037,17.5,0.5270777086423722,13.0
2024-02-29,521.0,0.0,2.8,0.0,16.796069027119206,0.26001106637848326,7.0,0.5123714121284237,6.0
2024-03-01,509.0,0.0,6.81,0.0,14.276658673051324,0.22100940642171077,17.025,0.49751328890718066,-12.0
2024-03-02,493.0,0.0,5.82,0.0,12.135159872093626,0.18785799545845416,14.55,0.48250774176121847,-16.0
2024-03-03,483.0,0.0,4.43,0.0,10.314885891279582,0.15967929613968604,11.075,0.46735921715800227,-10.0
2024-03-04,482.0,0.0,2.71,0.0,8.767653007587645,0.13572740171873313,6.775,0.45207220393230435,-1.0
2024-03-05,486.0,0.0,3.75,0.0,7.452505056449498,0.11536829146092316,9.375,0.43665123195606403,4.0
2024-03-06,488.0,0.0,1.28,0.0,6.334629297982073,0.09806304774178469,3.2,0.4211008707960896,2.0
2024-03-07,501.0,0.0,0.06,0.0,5.384434903284762,0.08335359058051699,0.15,0.40542572835999735,13.0
2024-03-08,520.0,0.0,-0.32,0.0,4.576769667792048,0.07085055199343944,0.0,0.38963044953078796,19.0
2024-03-09,516.0,0.0,-1.45,0.0,3.890254217623241,0.06022296919442352,0.0,0.37371971479046906,-4.0
2024-03-10,488.0,0.0,0.75,0.0,3.3067160849797546,0.05118952381525999,1.875,0.35769823883312546,-28.0
2024-03-11,474.0,0.0,2.07,0.0,2.810708672232791,0.04351109524297099,5.175,0.3415707691678556,-14.0
2024-03-12,477.0,0.4,1.9,0.4,2.789102371397872,0.04317661952061531,4.75,0.3253420847119801,3.0
2024-03-13,483.0,0.0,2.66,0.0,2.3707370156881913,0.03670012659252301,6.65,0.30901699437494745,6.0
2024-03-14,490.0,0.0,3.65,0.0,2.0151264633349624,0.031195107603644554,9.125,0.29260033563334836,7.0
2024-03-15,480.0,0.0,5.52,0.0,1.7128574938347179,0.026515841463097867,13.799999999999999,0.27609697309746883,-10.0
2024-03-16,481.0,2.6,7.31,2.6,4.05592886975951,0.062787690910218,18.275,0.2595117970697999,1.0
2024-03-17,495.0,0.3,3.08,0.3,3.7475395392955835,0.05801367869675277,7.7,0.2428497220959356,14.0
2024-03-18,512.0,0.0,1.91,0.0,3.185408608401246,0.04931162689223986,4.7749999999999995,0.22611568550828828,17.0
2024-03-19,508.0,0.0,2.18,0.0,2.707597317141059,0.041914882858403876,5.45,0.20931464596304847,-4.0
2024-03-20,490.0,0.0,2.97,0.0,2.3014577195699,0.0356276504296433,7.425000000000001,0.19245158197082998,-18.0
2024-03-21,481.0,0.4,5.02,0.4,2.3562390616344153,0.03647569142928678,12.549999999999999,0.1755314904214282,-9.0
2024-03-22,480.0,1.5,5.98,1.5,3.502803202389253,0.05422504483023115,14.950000000000001,0.15855938510313478,-1.0
2024-03-23,479.0,5.2,6.07,5.2,8.177382722030865,0.1265897394388661,15.175,0.141540295217043,-1.0
2024-03-24,483.0,1.3,2.82,1.3,8.250775313726235,0.12772589135632859,7.05,0.12447926388678915,4.0
2024-03-25,486.0,0.2,2.97,0.2,7.2131590166673,0.11166310193492428,7.425000000000001,0.10738134666416309,3.0
2024-03-26,482.0,0.0,4.58,0.0,6.131185164167205,0.09491363664468563,11.45,0.09025161003104117,-4.0
2024-03-27,478.0,0.0,8.35,0.0,5.211507389542124,0.08067659114798278,20.875,0.07309512989807777,-4.0
2024-03-28,483.0,1.3,10.4,1.3,5.729781281110805,0.08869971530907778,26.0,0.055916990100603484,5.0
2024-03-29,487.0,0.3,9.18,0.3,5.170314088944184,0.08003889943578357,22.95,0.03872228089217446,4.0
2024-03-30,483.0,0.0,13.47,0.0,4.394766975602556,0.06803306452041603,33.675000000000004,0.021516097436222254,-4.0
2024-03-31,482.0,0.0,15.5,0.0,3.735551929262172,0.05782810484235362,38.75,0.004303538296244289,-1.0
2024-04-01,480.0,0.0,15.33,0.0,3.1752191398728464,0.04915388911600058,38.325,-0.01291029607500882,-2.0
2024-04-02,478.0,0.1,11.0,0.1,2.7989362688919193,0.04332885288962299,27.5,-0.030120304846908114,-2.0
2024-04-03,476.0,1.6,3.01,1.6,3.9790958285581315,0.06159827921253942,7.5249999999999995,-0.04732138832243185,-2.0
2024-04-04,481.0,0.0,3.72,0.0,3.382231454274412,0.05235853733065851,9.3,-0.06450844944931623,5.0
2024-04-05,485.0,5.8,8.91,5.8,8.674896736133249,0.1342914909103643,22.275,-0.08167639533042241,4.0
2024-04-06,484.0,2.8,9.83,2.8,10.173662225713262,0.15749308722243943,24.575,-0.09882013873287143,-1.0
2024-04-07,485.0,0.0,11.75,0.0,8.647612891856273,0.13386912413907354,29.375,-0.11593459959550041,1.0
2024-04-08,479.0,0.0,14.3,0.0,7.350470958077832,0.1137887555182125,35.75,-0.1330147065341959,-6.0
2024-04-09,484.0,0.0,18.92,0.0,6.247900314366157,0.09672044219048062,47.300000000000004,-0.1500553983446526,5.0
2024-04-10,479.0,0.0,12.67,0.0,5.310715267211233,0.08221237586190852,31.675,-0.16705162550211924,-5.0
2024-04-11,482.0,0.0,10.72,0.0,4.514107977129548,0.06988051948262225,26.8,-0.18399835165768005,3.0
2024-04-12,481.0,0.8,11.67,0.8,4.636991780560116,0.07178281868840886,29.175,-0.20089055513063506,-1.0
2024-04-13,487.0,0.1,10.63,0.1,4.041443013476099,0.06256344302617002,26.575000000000003,-0.21772323039653177,6.0
2024-04-14,485.0,3.2,10.07,3.2,6.635226561454684,0.10271643508496428,25.175,-0.23449138957040985,-2.0
2024-04-15,482.0,0.0,7.07,0.0,5.639942577236481,0.08730896982221964,17.675,-0.25119006388481935,-3.0
2024-04-16,480.0,9.3,4.72,9.3,14.093951190651008,0.2181810084639785,11.799999999999999,-0.2678143051621742,-2.0
2024-04-17,482.0,0.0,6.42,0.0,11.979858512053356,0.1854538571943817,16.05,-0.2843591872810034,2.0
2024-04-18,482.0,1.4,6.57,1.4,11.582879735245353,0.17930843858953935,16.425,-0.30081980763566735,0.0
2024-04-19,482.0,4.1,5.21,4.1,13.945447774958549,0.21588210558303064,13.025,-0.3171912885891061,0.0
2024-04-20,487.0,5.0,1.58,5.0,16.853630608714766,0.26090214679670065,3.95,-0.3334687789181868,5.0
2024-04-21,479.0,0.6,4.27,0.6,14.92558601740755,0.2310551076233305,10.674999999999999,-0.3496474552512284,-8.0
2024-04-22,483.0,17.5,0.98,17.5,30.186748114796416,0.4673050911587671,2.45,-0.36572252349726897,4.0
2024-04-23,488.0,0.2,2.52,0.2,25.858735897576953,0.400305421766997,6.3,-0.3816892202666588,5.0
2024-04-24,485.0,9.7,4.97,9.7,31.679925512940407,0.49042018118112923,12.424999999999999,-0.39754281428255595,-3.0
2024-04-25,485.0,0.8,5.42,0.8,27.727936685999346,0.42924153113213975,13.55,-0.4132786077829042,0.0
2024-04-26,488.0,0.0,7.68,0.0,23.568746183099442,0.36485530146231876,19.2,-0.4288919379124835,3.0
2024-04-27,482.0,0.0,10.57,0.0,20.033434255634525,0.31012700624297096,26.425,-0.4443781781046132,-6.0
2024-04-28,485.0,0.0,13.84,0.0,17.028419117289346,0.2636079553065253,34.6,-0.45973273945210397,3.0
2024-04-29,486.0,0.0,15.72,0.0,14.474156249695943,0.22406676201054648,39.300000000000004,-0.47495107206704995,1.0
2024-04-30,487.0,0.0,16.74,0.0,12.30303281224155,0.1904567477089645,41.849999999999994,-0.49002866642905923,1.0
2024-05-01,489.0,0.0,16.96,0.0,10.457577890405318,0.16188823555261983,42.400000000000006,-0.5049610547215204,2.0
2024-05-02,480.0,0.0,17.8,0.0,8.88894120684452,0.13760500021972683,44.5,-0.5197438121555155,-9.0
2024-05-03,482.0,0.0,15.35,0.0,7.555600025817841,0.11696425018676782,38.375,-0.5343725582809787,2.0
2024-05-04,481.0,0.0,16.22,0.0,6.422260021945165,0.09941961265875264,40.55,-0.548842958284719,-1.0
2024-05-05,484.0,0.4,16.07,0.4,5.85892101865339,0.09069885932402971,40.175,-0.5631507242749186,3.0
2024-05-06,490.0,1.5,12.99,1.5,6.4800828658553815,0.10031473754076264,32.475,-0.5772916165517272,6.0
2024-05-07,491.0,0.9,7.43,0.9,6.408070435977074,0.09919995117885068,18.575,-0.5912614448635781,1.0
2024-05-08,485.0,0.0,7.09,0.0,5.446859870580513,0.08431995850202308,17.725,-0.6050560696488488,-6.0
2024-05-09,486.0,0.4,7.73,0.4,5.029830889993437,0.07786415329080959,19.325000000000003,-0.6186714032625031,1.0
2024-05-10,488.0,4.0,10.49,4.0,8.27535625649442,0.12810641593808786,26.225,-0.6321034111873487,2.0
2024-05-11,480.0,0.0,8.58,0.0,7.034052818020258,0.10889045354737469,21.45,-0.6453481132295501,-8.0
2024-05-12,478.0,0.0,9.61,0.0,5.978944895317219,0.09255688551526847,24.025,-0.6584015846980488,-2.0
2024-05-13,485.0,0.0,12.75,0.0,5.082103161019636,0.0786733526879782,31.875,-0.6712599575675313,7.0
2024-05-14,488.0,0.0,15.39,0.0,4.3197876868666905,0.06687234978478147,38.475,-0.6839194216246106,3.0
2024-05-15,487.0,0.0,13.96,0.0,3.6718195338366866,0.05684149731706425,34.900000000000006,-0.6963762255968722,-1.0
2024-05-16,485.0,0.0,13.37,0.0,3.1210466037611835,0.04831527271950461,33.425,-0.7086266782644596,-2.0
2024-05-17,488.0,0.0,16.0,0.0,2.6528896131970057,0.04106798181157891,40.0,-0.7206671495538609,3.0
2024-05-18,485.0,4.6,16.0,4.6,6.854956171217454,0.10611795302687672,40.0,-0.7324940716135789,-3.0
2024-05-19,488.0,0.0,18.1,0.0,5.826712745534836,0.09020026007284522,45.25,-0.7441039398713607,3.0
2024-05-20,490.0,0.0,17.39,0.0,4.952705833704611,0.07667022106191844,43.475,-0.7554933140726803,2.0
2024-05-21,491.0,0.0,18.51,0.0,4.20979995864892,0.06516968790263068,46.275000000000006,-0.766658819300159,1.0
2024-05-22,485.0,1.5,19.66,1.5,5.078329964851582,0.07861494183257348,49.15,-0.777597146973627,-6.0
2024-05-23,482.0,0.0,20.62,0.0,4.316580470123845,0.06682270055768745,51.550000000000004,-0.7883050558305255,-3.0
2024-05-24,486.0,0.0,21.3,0.0,3.669093399605268,0.05679929547403434,53.25,-0.7987793728863649,4.0
2024-05-25,491.0,10.6,18.55,10.6,13.718729389664478,0.21237239810131342,46.375,-0.8090169943749473,5.0
2024-05-26,484.0,0.0,19.56,0.0,11.660919981214807,0.18051653838611642,48.9,-0.8190148866680801,-7.0
2024-05-27,488.0,0.0,19.67,0.0,9.911781984032586,0.15343905762819895,49.175000000000004,-0.8287700871745037,4.0
2024-05-28,490.0,0.0,20.61,0.0,8.425014686427698,0.1304231989839691,51.525,-0.8382797052177743,2.0
2024-05-29,491.0,0.4,20.01,0.4,7.561262483463543,0.11705190770046371,50.025000000000006,-0.8475409228928311,1.0
2024-05-30,486.0,0.8,19.95,0.8,7.227073110944011,0.11187849867357409,49.875,-0.8565509959010036,-5.0
2024-05-31,487.0,16.5,19.48,16.5,22.64301214430241,0.3505245021412493,48.7,-0.865307254363206,1.0
2024-06-01,487.0,3.1,18.94,3.1,22.34656032265705,0.3459352881917592,47.35,-0.8738071036110808,0.0
2024-06-02,480.0,0.5,18.77,0.5,19.494576274258492,0.30178523066810775,46.925,-0.8820480249558537,-7.0
2024-06-03,489.0,0.4,18.24,0.4,16.970389833119714,0.2627096346319815,45.599999999999994,-0.8900275764346767,9.0
2024-06-04,493.0,0.0,17.44,0.0,14.424831358151756,0.22330318943718427,43.6,-0.8977433935342337,4.0
2024-06-05,487.0,0.0,18.75,0.0,12.261106654428993,0.18980771102160662,46.875,-0.9051931898913974,-6.0
2024-06-06,486.0,0.0,15.64,0.0,10.421940656264644,0.16133655436836564,39.1,-0.9123747579707273,-1.0
2024-06-07,490.0,2.1,13.8,2.1,10.958649557824947,0.1696450611745831,34.5,-0.9192859697186104,4.0
2024-06-08,489.0,0.0,13.99,0.0,9.314852124151205,0.14419830199839567,34.975,-0.9259247771938498,-1.0
2024-06-09,481.0,3.8,14.12,3.8,11.717624305528524,0.18139434805749102,35.3,-0.9322892131745133,-8.0
2024-06-10,482.0,0.0,14.72,0.0,9.959980659699244,0.15418519584886736,36.800000000000004,-0.9383773917408641,1.0
2024-06-11,486.0,1.7,15.92,1.7,10.165983560744356,0.1573742178689196,39.8,-0.9441875088341993,4.0
2024-06-12,489.0,0.0,14.28,0.0,8.641086026632703,0.13376808518858166,35.699999999999996,-0.9497178427914316,3.0
2024-06-13,490.0,0.5,15.03,0.5,7.844923122637797,0.12144310811540687,37.574999999999996,-0.9549667548552551,1.0
2024-06-14,493.0,1.6,14.05,1.6,8.268184654242127,0.1279953961544557,35.125,-0.9599326896597447,3.0
2024-06-15,486.0,0.0,16.1,0.0,7.0279569561058075,0.10879608673128735,40.25,-0.9646141756912435,-7.0
2024-06-16,477.0,0.0,18.92,0.0,5.973763412689936,0.09247667372159425,47.300000000000004,-0.9690098257244062,-9.0
2024-06-17,483.0,0.0,19.62,0.0,5.077698900786446,0.07860517266335512,49.050000000000004,-0.9731183372332619,6.0
2024-06-18,490.0,0.0,19.92,0.0,4.316044065668479,0.06681439676385185,49.800000000000004,-0.9769384927771817,7.0
2024-06-19,494.0,6.6,17.48,6.6,10.268637455818206,0.15896334855675856,43.7,-0.980469160361632,4.0
2024-06-20,489.0,0.0,16.2,0.0,8.728341837445475,0.13511884627324477,40.5,-0.9837092937736097,-5.0
2024-06-21,487.0,0.0,17.46,0.0,7.419090561828654,0.11485101933225807,43.650000000000006,-0.986657932891657,-2.0
2024-06-22,486.0,13.6,17.93,13.6,19.906226977554354,0.30815777761147833,44.825,-0.9893142039703663,-1.0
2024-06-23,480.0,0.3,15.32,0.3,17.2202929309212,0.26657825239282407,38.3,-0.99167731989929,-6.0
2024-06-24,482.0,0.0,17.74,0.0,14.63724899128302,0.22659151453390045,44.349999999999994,-0.993746580436178,2.0
2024-06-25,486.0,0.0,20.39,0.0,12.441661642590567,0.1926027873538154,50.975,-0.9955213724144752,4.0
2024-06-26,493.0,0.0,22.0,0.0,10.575412396201981,0.16371236925074306,55.0,-0.9970011699250151,7.0
2024-06-27,494.0,0.0,24.08,0.0,8.989100536771684,0.1391555138631316,60.199999999999996,-0.9981855344718586,1.0
2024-06-28,495.0,1.0,25.25,1.0,8.640735456255932,0.1337626581938868,63.125,-0.99907411510223,1.0
2024-06-29,490.0,1.6,20.41,1.6,8.944625137817543,0.13846701372116366,51.025,-0.9996666485105112,-5.0
2024-06-30,481.0,0.0,22.6,0.0,7.602931367144911,0.11769696166298911,56.5,-0.9999629591162655,-9.0
2024-07-01,487.0,0.3,20.27,0.3,6.762491662073174,0.10468655883660821,50.675,-0.9999629591162655,6.0
2024-07-02,500.0,0.0,16.33,0.0,5.748117912762198,0.08898357501111699,40.824999999999996,-0.9996666485105112,13.0
2024-07-03,503.0,0.0,16.35,0.0,4.885900225847868,0.07563603875944944,40.875,-0.99907411510223,3.0
2024-07-04,505.0,1.6,17.33,1.6,5.753015191970688,0.0890593872018919,43.324999999999996,-0.9981855344718586,2.0
2024-07-05,497.0,1.2,15.98,1.2,6.0900629131750845,0.09427704481387802,39.95,-0.9970011699250151,-8.0
2024-07-06,491.0,0.0,20.06,0.0,5.176553476198822,0.08013548809179633,50.15,-0.9955213724144752,-6.0
2024-07-07,480.0,3.5,20.63,3.5,7.900070454768999,0.12229681481381412,51.574999999999996,-0.9937465804361781,-11.0
2024-07-08,480.0,0.0,19.32,0.0,6.715059886553649,0.103952292591742,48.3,-0.99167731989929,0.0
2024-07-09,485.0,0.0,21.52,0.0,5.707800903570602,0.08835944870298071,53.8,-0.9893142039703664,5.0
2024-07-10,486.0,0.0,24.36,0.0,4.851630768035012,0.0751055313975336,60.9,-0.9866579328916572,1.0
2024-07-11,504.0,9.7,22.99,9.7,13.82388615282976,0.21400027436708535,57.474999999999994,-0.9837092937736098,18.0
2024-07-12,512.0,0.0,22.63,0.0,11.750303229905295,0.18190023321202253,56.574999999999996,-0.9804691603616321,8.0
2024-07-13,505.0,24.0,23.21,24.0,33.9877577454195,0.5261465120756174,58.025000000000006,-0.9769384927771817,-7.0
2024-07-14,496.0,0.0,19.24,0.0,28.889594083606575,0.44722453526427475,48.099999999999994,-0.973118337233262,-9.0
2024-07-15,495.0,0.0,20.98,0.0,24.556154971065588,0.38014085497463357,52.45,-0.9690098257244063,-1.0
2024-07-16,492.0,3.8,24.93,3.8,24.67273172540575,0.38194551808729327,62.325,-0.9646141756912435,-3.0
2024-07-17,497.0,0.4,23.18,0.4,21.371821966594887,0.3308458789382892,57.95,-0.9599326896597445,5.0
2024-07-18,498.0,0.0,20.33,0.0,18.166048671605655,0.28121899709754583,50.824999999999996,-0.9549667548552553,1.0
2024-07-19,504.0,0.0,18.67,0.0,15.441141370864806,0.23903614753291397,46.675000000000004,-0.9497178427914317,6.0
2024-07-20,505.0,2.8,18.71,2.8,15.924970165235084,0.24652604535160666,46.775000000000006,-0.9441875088341994,1.0
2024-07-21,498.0,0.0,20.57,0.0,13.536224640449822,0.20954713854886567,51.425,-0.9383773917408642,-7.0
2024-07-22,495.0,0.0,22.26,0.0,11.505790944382348,0.1781150677665358,55.650000000000006,-0.9322892131745134,-3.0
2024-07-23,499.0,0.1,21.06,0.1,9.879922302724994,0.1529458547425779,52.65,-0.9259247771938499,4.0
2024-07-24,506.0,0.0,20.15,0.0,8.397933957316244,0.1300039765311912,50.375,-0.9192859697186105,7.0
2024-07-25,508.0,21.1,18.24,21.1,28.238243863718807,0.4371413268072585,45.599999999999994,-0.9123747579707274,2.0
2024-07-26,512.0,0.0,19.44,0.0,24.002507284160984,0.37157012778616966,48.6,-0.9051931898913975,4.0
2024-07-27,506.0,0.0,21.16,0.0,20.402131191536835,0.3158346086182442,52.9,-0.8977433935342336,-6.0
2024-07-28,499.0,16.8,17.77,16.8,34.14181151280631,0.5285313370172864,44.425,-0.8900275764346766,-7.0
2024-07-29,493.0,24.1,16.0,24.1,53.12053978588537,0.8223309974511143,40.0,-0.8820480249558535,-6.0
2024-07-30,489.0,0.0,17.87,0.0,45.152458818002565,0.6989813478334471,44.675000000000004,-0.8738071036110807,-4.0
2024-07-31,485.0,0.0,17.93,0.0,38.379589995302176,0.5941341456584299,44.825,-0.8653072543632061,-4.0
2024-08-01,488.0,0.0,18.42,0.0,32.622651496006846,0.5050140238096654,46.050000000000004,-0.8565509959010037,3.0
2024-08-02,495.0,0.0,18.18,0.0,27.72925377160582,0.4292619202382156,45.45,-0.8475409228928312,7.0
2024-08-03,494.0,0.0,18.54,0.0,23.569865705864945,0.3648726322024832,46.349999999999994,-0.8382797052177745,-1.0
2024-08-04,489.0,0.0,18.97,0.0,20.034385849985203,0.31014173737211076,47.425,-0.828770087174504,-5.0
2024-08-05,494.0,0.0,18.72,0.0,17.029227972487423,0.26362047676629413,46.8,-0.8190148866680802,5.0
2024-08-06,502.0,0.0,19.4,0.0,14.474843776614309,0.22407740525135,48.5,-0.8090169943749472,8.0
2024-08-07,505.0,3.4,19.03,3.4,15.703617210122163,0.24309939725841226,47.575,-0.7987793728863648,3.0
2024-08-08,501.0,0.0,20.54,0.0,13.348074628603838,0.20663448766965042,51.349999999999994,-0.7883050558305253,-4.0
2024-08-09,501.0,15.9,19.75,15.9,27.245863434313264,0.42177880994177924,49.375,-0.7775971469736268,0.0
2024-08-10,499.0,0.2,18.66,0.2,23.358983919166274,0.3616080827325573,46.65,-0.7666588193001592,-2.0
2024-08-11,486.0,5.1,16.58,5.1,24.955136331291335,0.3863172745148209,41.449999999999996,-0.7554933140726804,-13.0
2024-08-12,485.0,0.0,16.71,0.0,21.211865881597635,0.32836968333759775,41.775000000000006,-0.7441039398713608,-1.0
2024-08-13,490.0,0.0,17.35,0.0,18.03008599935799,0.2791142308369581,43.375,-0.7324940716135792,5.0
2024-08-14,495.0,0.0,18.45,0.0,15.32557309945429,0.23724709621141435,46.125,-0.7206671495538615,5.0
2024-08-15,500.0,0.0,20.72,0.0,13.026737134536146,0.2016600317797022,51.8,-0.7086266782644601,5.0
2024-08-16,500.0,0.0,22.92,0.0,11.072726564355724,0.17141102701274685,57.300000000000004,-0.6963762255968726,0.0
2024-08-17,504.0,2.2,22.07,2.2,11.611817579702365,0.17975641006332965,55.175,-0.6839194216246105,4.0
2024-08-18,494.0,0.0,22.09,0.0,9.87004494274701,0.15279294855383022,55.225,-0.6712599575675315,-10.0
2024-08-19,488.0,3.7,22.01,3.7,12.089538201334957,0.18715175048858787,55.025000000000006,-0.6584015846980489,-6.0
2024-08-20,494.0,0.0,20.59,0.0,10.276107471134713,0.1590789879152997,51.475,-0.64534811322955,6.0
2024-08-21,506.0,5.5,21.18,5.5,14.234691350464505,0.22035973248424182,52.95,-0.6321034111873488,12.0
2024-08-22,511.0,4.1,16.43,4.1,16.199487647894827,0.2507757053935277,41.075,-0.6186714032625032,5.0
2024-08-23,503.0,0.0,17.92,0.0,13.769564500710603,0.21315934958449856,44.800000000000004,-0.6050560696488494,-8.0
2024-08-24,492.0,0.0,21.48,0.0,11.704129825604012,0.18118544714682377,53.7,-0.5912614448635782,-11.0
2024-08-25,489.0,0.0,23.27,0.0,9.94851035176341,0.1540076300748002,58.175,-0.5772916165517278,-3.0
2024-08-26,494.0,0.0,19.25,0.0,8.456233798998898,0.13090648556358017,48.125,-0.5631507242749187,5.0
2024-08-27,500.0,0.0,18.4,0.0,7.187798729149064,0.11127051272904315,46.0,-0.5488429582847199,6.0
2024-08-28,496.0,0.0,18.62,0.0,6.109628919776704,0.09457993581968667,46.550000000000004,-0.5343725582809785,-4.0
2024-08-29,499.0,0.0,21.73,0.0,5.193184581810199,0.08039294544673367,54.325,-0.5197438121555157,3.0
2024-08-30,506.0,0.0,23.53,0.0,4.414206894538669,0.06833400362972362,58.825,-0.5049610547215202,7.0
2024-08-31,508.0,0.8,17.96,0.8,4.552075860357869,0.07046828021344502,44.900000000000006,-0.4900286664290594,2.0
2024-09-01,492.0,0.0,15.61,0.0,3.8692644813041883,0.05989803818142827,39.025,-0.4749510720670502,-16.0
2024-09-02,485.0,0.0,17.77,0.0,3.28887480910856,0.050913332454214026,44.425,-0.4597327394521046,-7.0
2024-09-03,487.0,0.0,21.76,0.0,2.795543587742276,0.04327633258608193,54.400000000000006,-0.44437817810461344,2.0
2024-09-04,492.0,0.0,22.22,0.0,2.3762120495809347,0.03678488269816964,55.55,-0.4288919379124841,5.0
2024-09-05,490.0,0.0,21.52,0.0,2.0197802421437943,0.031267150293444186,53.8,-0.41327860778290443,-2.0
2024-09-06,492.0,0.0,20.68,0.0,1.716813205822225,0.026577077749427556,51.7,-0.3975428142825566,2.0
2024-09-07,487.0,0.0,19.72,0.0,1.4592912249488912,0.022590516087013422,49.3,-0.3816892202666586,-5.0
2024-09-08,485.0,0.0,18.85,0.0,1.2403975412065575,0.01920193867396141,47.125,-0.3657225234972692,-2.0
2024-09-09,482.0,0.0,19.39,0.0,1.0543379100255739,0.016321647872867197,48.475,-0.34964745525122826,-3.0
2024-09-10,484.0,6.8,17.34,6.8,7.696187223521737,0.11914060628146661,43.35,-0.33346877891818705,2.0
2024-09-11,488.0,0.0,16.1,0.0,6.541759139993476,0.10126951533924661,40.25,-0.31719128858910595,4.0
2024-09-12,496.0,1.7,16.57,1.7,7.260495268994455,0.112395889435742,41.425,-0.300819807635668,8.0
2024-09-13,508.0,21.5,17.6,21.5,27.671420978645287,0.4283666413402166,44.0,-0.2843591872810036,12.0
2024-09-14,509.0,2.0,19.43,2.0,25.520707831848494,0.395072587959634,48.575,-0.26781430516217486,1.0
2024-09-15,489.0,0.0,17.86,0.0,21.69260165707122,0.33581169976568886,44.65,-0.25119006388481957,-20.0
2024-09-16,494.0,0.0,19.38,0.0,18.438711408510535,0.2854399448008355,48.449999999999996,-0.23449138957041052,5.0
2024-09-17,494.0,0.0,18.06,0.0,15.672904697233955,0.2426239530807102,45.15,-0.21772323039653224,0.0
2024-09-18,500.0,0.0,18.41,0.0,13.321968992648861,0.20623036011860366,46.025,-0.20089055513063528,6.0
2024-09-19,505.0,0.0,17.52,0.0,11.323673643751532,0.1752958061008131,43.8,-0.18399835165767986,5.0
2024-09-20,509.0,0.0,16.12,0.0,9.6251225971888,0.14900143518569112,40.300000000000004,-0.1670516255021195,4.0
2024-09-21,502.0,0.0,15.52,0.0,8.18135420761048,0.12665121990783745,38.8,-0.15005539834465262,-7.0
2024-09-22,493.0,0.0,14.75,0.0,6.954151076468908,0.10765353692166182,36.875,-0.13301470653419636,-9.0
2024-09-23,496.0,0.0,15.88,0.0,5.9110284149985715,0.09150550638341255,39.7,-0.11593459959550066,3.0
2024-09-24,496.0,0.0,17.06,0.0,5.024374152748786,0.07777968042590067,42.65,-0.09882013873287211,0.0
2024-09-25,492.0,3.0,16.16,3.0,7.270718029836468,0.11255414259269035,40.4,-0.08167639533042288,-4.0
2024-09-26,484.0,0.0,16.27,0.0,6.180110325360998,0.0956710212037868,40.675,-0.06450844944931625,-8.0
2024-09-27,488.0,5.2,17.14,5.2,10.453093776556848,0.1618188193563884,42.85,-0.04732138832243232,4.0
2024-09-28,484.0,0.0,14.25,0.0,8.88512971007332,0.1375459964529301,35.625,-0.03012030484690836,-4.0
2024-09-29,487.0,0.0,9.53,0.0,7.5523602535623215,0.1169140969849906,23.825,-0.012910296075008843,3.0
2024-09-30,484.0,0.0,7.74,0.0,6.419506215527973,0.09937698243724201,19.35,0.004303538296243821,-3.0
2024-10-01,483.0,0.4,7.34,0.4,5.856580283198777,0.09066262363574568,18.35,0.021516097436222233,-1.0
2024-10-02,494.0,0.0,9.3,0.0,4.978093240718961,0.07706323009038382,23.25,0.03872228089217399,11.0
2024-10-03,500.0,12.2,8.4,12.2,16.431379254611116,0.25436549678157033,21.0,0.05591699010060302,6.0
2024-10-04,506.0,0.3,9.69,0.3,14.26667236641945,0.22085481368740228,24.224999999999998,0.07309512989807776,6.0
2024-10-05,495.0,0.0,9.6,0.0,12.126671511456532,0.18772659163429195,24.0,0.0902516100310407,-11.0
2024-10-06,488.0,0.0,8.47,0.0,10.307670784738052,0.15956760288914815,21.175,0.10738134666416306,-7.0
2024-10-07,486.0,0.0,9.03,0.0,8.761520167027344,0.13563246245577593,22.575,0.12447926388678869,-2.0
2024-10-08,492.0,0.1,8.91,0.1,7.547292141973242,0.11683564022843201,22.275,0.141540295217043,6.0
2024-10-09,484.0,2.7,13.97,2.7,9.115198320677255,0.14110756700177451,34.925000000000004,0.15855938510313475,-8.0
2024-10-10,492.0,0.1,16.01,0.1,7.847918572575666,0.12148947909253081,40.025000000000006,0.17553149042142777,8.0
2024-10-11,490.0,0.4,11.02,0.4,7.0707307866893165,0.10945824579274117,27.549999999999997,0.19245158197082995,-2.0
2024-10-12,489.0,0.0,7.57,0.0,6.010121168685919,0.09303950892382999,18.925,0.20931464596304888,-1.0
2024-10-13,484.0,6.7,6.71,6.7,11.808602993383031,0.1828027410337625,16.775,0.22611568550828803,-5.0
2024-10-14,488.0,0.9,7.67,0.9,10.937312544375576,0.16931475414790056,19.175,0.2428497220959358,4.0
2024-10-15,493.0,0.0,7.7,0.0,9.29671566271924,0.14391754102571547,19.25,0.25951179706979943,5.0
2024-10-16,493.0,0.0,4.88,0.0,7.902208313311354,0.12232990987185816,12.2,0.27609697309746883,0.0
2024-10-17,486.0,0.0,4.26,0.0,6.716877066314651,0.10398042339107944,10.649999999999999,0.2926003356333479,-7.0
2024-10-18,484.0,0.0,6.0,0.0,5.709345506367453,0.08838335988241751,15.0,0.30901699437494723,-2.0
2024-10-19,488.0,0.0,4.79,0.0,4.852943680412335,0.07512585590005488,11.975,0.3253420847119795,4.0
2024-10-20,492.0,0.0,4.83,0.0,4.125002128350485,0.06385697751504665,12.075,0.341570769167856,4.0
2024-10-21,498.0,0.0,8.72,0.0,3.5062518090979125,0.054278430887789664,21.8,0.35769823883312546,6.0
2024-10-22,496.0,0.2,12.45,0.2,3.1803140377332255,0.0492327605366662,31.125,0.3737197147904692,-2.0
2024-10-23,488.0,0.0,10.65,0.0,2.7032669320732414,0.041847846456166266,26.625,0.38963044953078774,-8.0
2024-10-24,489.0,0.0,9.78,0.0,2.297776892262255,0.03557066948774132,24.45,0.4054257283599973,1.0
2024-10-25,488.0,0.0,7.1,0.0,1.9531103584229168,0.030235069064580122,17.75,0.42110087079608916,-1.0
2024-10-26,490.0,0.7,5.66,0.7,2.3601438046594794,0.03653613869205055,14.15,0.4366512319560638,2.0
2024-10-27,492.0,0.3,9.32,0.3,2.3061222339605574,0.03569985931131045,23.3,0.45207220393230374,2.0
2024-10-28,476.0,0.0,9.27,0.0,1.9602038988664736,0.03034488041461388,23.174999999999997,0.46735921715800205,-16.0
2024-10-29,485.0,0.0,9.41,0.0,1.6661733140365025,0.025793148352421795,23.525,0.48250774176121763,9.0
2024-10-30,483.0,1.5,11.05,1.5,2.916247316931027,0.04514488321489592,27.625,0.4975132889071803,-2.0
2024-10-31,479.0,2.4,8.9,2.4,4.878810219391372,0.07552628211720135,22.25,0.5123714121284235,-4.0
2024-11-01,477.0,3.3,11.33,3.3,7.446988686482666,0.1152828954533634,28.325,0.5270777086423724,-2.0
2024-11-02,468.0,0.0,4.58,0.0,6.329940383510266,0.09799046113535888,11.45,0.5416278206559811,-9.0
2024-11-03,469.0,0.5,4.78,0.5,5.880449325983726,0.09103212767016751,11.950000000000001,0.5560174366570446,1.0
2024-11-04,475.0,0.0,3.65,0.0,4.998381927086167,0.07737730851964239,9.125,0.5702422926917867,6.0
2024-11-05,482.0,0.0,5.77,0.0,4.248624638023242,0.06577071224169602,14.424999999999999,0.5842981736283683,7.0
2024-11-06,493.0,0.0,6.81,0.0,3.6113309423197553,0.055905105405441614,17.025,0.5981809144059159,11.0
2024-11-07,502.0,0.4,5.08,0.4,3.4696313009717916,0.05371152815871534,12.7,0.6118864012687242,9.0
2024-11-08,512.0,0.3,5.64,0.3,3.2491866058260226,0.05029894035797551,14.1,0.6254105729852457,10.0
2024-11-09,501.0,0.1,3.89,0.1,2.8618086149521194,0.04430214644530168,9.725,0.6387494220515268,-11.0
2024-11-10,493.0,0.0,2.31,0.0,2.4325373227093015,0.03765682447850643,5.775,0.6518989958787125,-8.0
2024-11-11,500.0,0.0,1.88,0.0,2.067656724302906,0.032008300806730464,4.699999999999999,0.6648553979642867,7.0
2024-11-12,497.0,0.0,0.95,0.0,1.7575082156574702,0.02720705568572089,2.375,0.6776147890466887,-3.0
2024-11-13,495.0,0.0,0.23,0.0,1.4938819833088497,0.02312599733286276,0.5750000000000001,0.690173388242972,-2.0
2024-11-14,489.0,1.6,1.99,1.6,2.8697996858125223,0.044425851989293226,4.975,0.7025274741691566,-6.0
2024-11-15,498.0,0.0,4.04,0.0,2.439329732940644,0.037761974190899245,10.1,0.7146733860429608,9.0
2024-11-16,483.0,1.2,7.15,1.2,3.2734302729995477,0.050674243754534276,17.875,0.726607524768565,-15.0
2024-11-17,474.0,2.8,4.64,2.8,5.582415732049615,0.08641842713998392,11.6,0.7383263540031063,-9.0
2024-11-18,483.0,0.0,4.31,0.0,4.745053372242173,0.07345566306898633,10.774999999999999,0.749826401204568,9.0
2024-11-19,493.0,6.5,2.89,6.5,10.533295366405847,0.1630603777751004,7.2250000000000005,0.7611042586607742,10.0
2024-11-20,496.0,6.2,4.59,6.2,15.15330106144497,0.23458024385222992,11.475,0.7721565844991641,3.0
2024-11-21,497.0,0.5,0.58,0.5,13.380305902228224,0.20713344297950786,1.45,0.7829801036770625,1.0
2024-11-22,497.0,0.0,-1.2,0.0,11.37326001689399,0.1760634265325817,0.0,0.7935716089521472,0.0
2024-11-23,490.0,0.1,-0.82,0.1,9.767271014359892,0.15120195969371691,0.0,0.8039279618328208,-7.0
2024-11-24,477.0,0.0,0.79,0.0,8.302180362205908,0.1285216657396594,1.975,0.8140460935082175,-13.0
2024-11-25,471.0,0.0,4.55,0.0,7.056853307875022,0.10924341587871048,11.375,0.8239230057575536,-6.0
2024-11-26,475.0,7.7,4.56,7.7,13.698325311693768,0.21205653335563585,11.399999999999999,0.8335557718385695,4.0
2024-11-27,485.0,0.6,4.84,0.6,12.243576514939702,0.18953633619842541,12.1,0.8429415373547832,10.0
2024-11-28,494.0,6.7,4.27,6.7,17.10704003769875,0.2648250442171686,10.674999999999999,0.8520775211013093,9.0
2024-11-29,509.0,0.0,3.6,0.0,14.540984032043935,0.22510128758459333,9.0,0.8609610158889945,15.0
2024-11-30,509.0,0.0,3.65,0.0,12.359836427237346,0.19133609444690433,9.125,0.8695893893466109,0.0
2024-12-01,494.0,0.0,2.09,0.0,10.505860963151743,0.1626356802798687,5.225,0.8779600847008883,-15.0
2024-12-02,488.0,0.0,3.07,0.0,8.929981818678982,0.13824032823788837,7.675,0.8860706215341377,-6.0
2024-12-03,491.0,8.9,3.89,8.9,16.490484545877134,0.25528047455320696,9.725,0.893918596519257,3.0
2024-12-04,492.0,5.3,1.86,5.3,19.316911863995564,0.29903490184441806,4.65,0.9015016841318838,1.0
2024-12-05,499.0,0.1,0.53,0.1,16.51937508439623,0.25572771370877784,1.3250000000000002,0.9088176373395028,7.0
2024-12-06,493.0,0.0,-1.05,0.0,14.041468821736796,0.21736855665246116,0.0,0.9158642882672868,-6.0
2024-12-07,500.0,0.0,-0.07,0.0,11.935248498476277,0.18476327315459198,0.0,0.9226395488404875,7.0
2024-12-08,494.0,0.1,1.98,0.1,10.244961223704834,0.15859682932242566,4.95,0.9291414114031743,-6.0
2024-12-09,492.0,0.0,1.92,0.0,8.708217040149108,0.13480730492406182,4.8,0.935367949313148,-2.0
2024-12-10,496.0,0.0,-2.07,0.0,7.401984484126742,0.11458620918545254,0.0,0.941317317512847,4.0
2024-12-11,500.0,0.0,-0.82,0.0,6.291686811507731,0.09739827780763466,0.0,0.946987753076075,4.0
2024-12-12,496.0,0.0,-0.4,0.0,5.347933789781571,0.08278853613648945,0.0,0.9523775757303973,-4.0
2024-12-13,493.0,0.0,-3.63,0.0,4.545743721314335,0.07037025571601603,0.0,0.9574851883550389,-3.0
2024-12-14,484.0,0.1,-1.62,0.1,3.963882163117185,0.061362764499636124,0.0,0.9623090774541487,-9.0
2024-12-15,474.0,0.1,0.8,0.1,3.4692998386496074,0.0537063969657132,2.0,0.9668478136052773,-10.0
2024-12-16,480.0,4.9,5.87,4.9,7.848904862852167,0.12150474733095837,14.675,0.9711000518829505,6.0
2024-12-17,487.0,0.7,4.32,0.7,7.371569133424342,0.11411536521847206,10.8,0.9750645322571945,7.0
2024-12-18,502.0,2.5,1.61,2.5,8.76583376341069,0.13569923896126357,4.025,0.9787400799669153,15.0
2024-12-19,494.0,4.0,7.62,4.0,11.450958698899086,0.17726623875797373,19.05,0.9821256058680006,-8.0
2024-12-20,496.0,0.7,4.8,0.7,10.433314894064223,0.1615126329314351,12.0,0.9852201067560606,2.0
2024-12-21,496.0,0.0,1.19,0.0,8.86831765995459,0.13728573799171986,2.9749999999999996,0.9880226656636976,0.0
2024-12-22,496.0,0.6,2.57,0.6,8.138070010961401,0.12598116013909683,6.425,0.9905324521322227,0.0
2024-12-23,494.0,1.2,2.1,1.2,8.117359509317192,0.12566055181050223,5.25,0.9927487224577402,-2.0
2024-12-24,497.0,0.1,1.79,0.1,6.9997555829196125,0.10835951617994938,4.475,0.9946708199115211,3.0
2024-12-25,492.0,0.0,1.1,0.0,5.94979224548167,0.09210558875295696,2.75,0.9962981749346077,-5.0
2024-12-26,511.0,0.0,2.82,0.0,5.057323408659419,0.07828975044001342,7.05,0.9976303053065857,19.0
2024-12-27,508.0,0.0,3.45,0.0,4.298724897360507,0.06654628787401141,8.625,0.9986668162884759,-3.0
2024-12-28,498.0,2.4,3.28,2.4,6.053916162756431,0.09371747607744951,8.2,0.9994074007397048,-10.0
2024-12-29,493.0,0.0,2.38,0.0,5.145828738342966,0.0796598546658321,5.949999999999999,0.9998518392091162,-5.0
2024-12-30,478.0,1.6,4.04,1.6,5.97395442759152,0.09247963072231714,10.1,1.0,-15.0
2024-12-31,488.0,1.7,4.74,1.7,6.777861263452793,0.10492448751135196,11.850000000000001,0.9998518392091162,10.0
