timestamp,water_level_cm,precip_vilniaus-ams,temp_vilniaus-ams,Pt,API_t,API_norm,SMI_t,S_t,delta_WL_t
2016-04-01,271.0,0.0,0.0,0.0,0.0,0.0,0.0,-0.01291029607500882,0.0
2016-04-02,272.0,0.0,0.0,0.0,0.0,0.0,0.0,-0.030120304846908114,1.0
2016-04-03,272.0,0.0,0.0,0.0,0.0,0.0,0.0,-0.04732138832243185,0.0
2016-04-04,272.0,0.0,0.0,0.0,0.0,0.0,0.0,-0.06450844944931623,0.0
2016-04-05,271.0,0.0,0.0,0.0,0.0,0.0,0.0,-0.08167639533042241,-1.0
2016-04-06,270.0,0.0,0.0,0.0,0.0,0.0,0.0,-0.09882013873287143,-1.0
2016-04-07,270.0,0.0,0.0,0.0,0.0,0.0,0.0,-0.11593459959550041,0.0
2016-04-08,267.0,0.0,0.0,0.0,0.0,0.0,0.0,-0.1330147065341959,-3.0
2016-04-09,267.0,0.0,0.0,0.0,0.0,0.0,0.0,-0.1500553983446526,0.0
2016-04-10,265.0,0.0,0.0,0.0,0.0,0.0,0.0,-0.16705162550211924,-2.0
2016-04-11,266.0,0.0,0.0,0.0,0.0,0.0,0.0,-0.18399835165768005,1.0
2016-04-12,266.0,0.3,9.67,0.3,0.3,0.0031365366109787577,24.175,-0.20089055513063506,0.0
2016-04-13,268.0,3.5,8.63,3.5,3.755,0.03925898324741745,21.575000000000003,-0.21772323039653177,2.0
2016-04-14,268.0,0.6,5.58,0.6,3.79175,0.03964320898226235,13.95,-0.23449138957040985,0.0
2016-04-15,270.0,0.0,5.04,0.0,3.2229875,0.033696727634923,12.6,-0.25119006388481935,2.0
2016-04-16,270.0,0.0,8.31,0.0,2.7395393749999997,0.028642218489684543,20.775000000000002,-0.2678143051621742,0.0
2016-04-17,270.0,6.0,10.8,6.0,8.32860846875,0.08707661793580702,27.0,-0.2843591872810034,0.0
2016-04-18,271.0,0.0,5.65,0.0,7.0793171984375,0.07401512524543596,14.125,-0.30081980763566735,1.0
2016-04-19,273.0,4.7,4.45,4.7,10.717419618671876,0.11205193003062112,11.125,-0.3171912885891061,2.0
2016-04-20,274.0,1.7,4.46,1.7,10.809806675871094,0.11301784798824091,11.15,-0.3334687789181868,1.0
2016-04-21,278.0,0.0,6.29,0.0,9.18833567449043,0.09606517079000478,15.725,-0.3496474552512284,4.0
2016-04-22,280.0,8.8,4.6,8.8,16.610085323316866,0.17366046909354763,11.5,-0.36572252349726897,2.0
2016-04-23,283.0,0.0,6.15,0.0,14.118572524819337,0.14761139872951548,15.375,-0.3816892202666588,3.0
2016-04-24,286.0,3.3,5.24,3.3,15.300786646096437,0.1599715916408545,13.100000000000001,-0.39754281428255595,3.0
2016-04-25,288.0,6.3,1.57,6.3,19.30566864918197,0.20184312172528024,3.9250000000000003,-0.4132786077829042,2.0
2016-04-26,293.0,1.0,2.55,1.0,17.409818351804674,0.18202177550308404,6.375,-0.4288919379124835,5.0
2016-04-27,296.0,0.0,8.78,0.0,14.798345599033972,0.15471850917762145,21.95,-0.4443781781046132,3.0
2016-04-28,296.0,1.7,6.99,1.7,14.278593759178875,0.14928444026319118,17.475,-0.45973273945210397,0.0
2016-04-29,296.0,0.0,6.64,0.0,12.136804695302043,0.12689177422371248,16.599999999999998,-0.47495107206704995,0.0
2016-04-30,295.0,2.4,8.09,2.4,12.716283991006737,0.13295030097798569,20.225,-0.49002866642905923,-1.0
2016-05-01,291.0,2.1,10.54,2.1,12.908841392355725,0.13496351210813912,26.349999999999998,-0.5049610547215204,-4.0
2016-05-02,288.0,0.0,11.81,0.0,10.972515183502367,0.11471898529191826,29.525000000000002,-0.5197438121555155,-3.0
2016-05-03,284.0,0.8,11.83,0.8,10.126637905977011,0.10587523512740721,29.575,-0.5343725582809787,-4.0
2016-05-04,283.0,0.0,11.87,0.0,8.607642220080459,0.08999394985829612,29.674999999999997,-0.548842958284719,-1.0
2016-05-05,282.0,0.0,14.53,0.0,7.31649588706839,0.0764948573795517,36.324999999999996,-0.5631507242749186,-1.0
2016-05-06,280.0,0.0,15.22,0.0,6.219021504008132,0.06502062877261895,38.050000000000004,-0.5772916165517272,-2.0
2016-05-07,277.0,0.0,16.3,0.0,5.286168278406912,0.0552675344567261,40.75,-0.5912614448635781,-3.0
2016-05-08,276.0,0.0,17.73,0.0,4.493243036645874,0.04697740428821718,44.325,-0.6050560696488488,-1.0
2016-05-09,272.0,0.0,17.95,0.0,3.819256581148993,0.0399307936449846,44.875,-0.6186714032625031,-4.0
2016-05-10,270.0,0.0,17.43,0.0,3.246368093976644,0.03394117459823691,43.575,-0.6321034111873487,-2.0
2016-05-11,267.0,0.0,15.83,0.0,2.7594128798801476,0.028849998408501377,39.575,-0.6453481132295501,-3.0
2016-05-12,266.0,0.0,15.45,0.0,2.3455009478981252,0.024522498647226165,38.625,-0.6584015846980488,-1.0
2016-05-13,264.0,0.0,15.84,0.0,1.9936758057134063,0.02084412385014224,39.6,-0.6712599575675313,-2.0
2016-05-14,262.0,7.1,14.87,7.1,8.794624434856395,0.0919488717324515,37.175,-0.6839194216246106,-2.0
2016-05-15,263.0,6.7,10.48,6.7,14.175430769627937,0.14820585861777605,26.200000000000003,-0.6963762255968722,1.0
2016-05-16,260.0,0.2,8.6,0.2,12.249116154183746,0.1280660042324288,21.5,-0.7086266782644596,-3.0
2016-05-17,257.0,0.0,8.22,0.0,10.411748731056184,0.10885610359756448,20.55,-0.7206671495538609,-3.0
2016-05-18,255.0,0.0,9.36,0.0,8.849986421397755,0.0925276880579298,23.4,-0.7324940716135789,-2.0
2016-05-19,254.0,0.0,11.71,0.0,7.522488458188092,0.07864853484924034,29.275000000000002,-0.7441039398713607,-1.0
2016-05-20,253.0,0.0,12.61,0.0,6.394115189459878,0.06685125462185429,31.525,-0.7554933140726803,-1.0
2016-05-21,253.0,0.0,14.42,0.0,5.434997911040896,0.05682356642857614,36.05,-0.766658819300159,0.0
2016-05-22,250.0,0.0,14.73,0.0,4.619748224384762,0.04830003146428972,36.825,-0.777597146973627,-3.0
2016-05-23,248.0,0.0,17.25,0.0,3.9267859907270473,0.041055026744646256,43.125,-0.7883050558305255,-2.0
2016-05-24,248.0,0.0,17.43,0.0,3.33776809211799,0.03489677273294932,43.575,-0.7987793728863649,0.0
2016-05-25,247.0,13.1,15.14,13.1,15.93710287830029,0.16662435550241267,37.85,-0.8090169943749473,-1.0
2016-05-26,247.0,0.0,13.96,0.0,13.546537446555247,0.14163070217705076,34.900000000000006,-0.8190148866680801,0.0
2016-05-27,245.0,0.0,16.81,0.0,11.51455682957196,0.12038609685049316,42.025,-0.8287700871745037,-2.0
2016-05-28,244.0,0.0,20.09,0.0,9.787373305136166,0.10232818232291918,50.225,-0.8382797052177743,-1.0
2016-05-29,243.0,0.0,20.97,0.0,8.31926730936574,0.0869789549744813,52.425,-0.8475409228928311,-1.0
2016-05-30,242.0,0.0,20.75,0.0,7.071377212960879,0.0739321117283091,51.875,-0.8565509959010036,-1.0
2016-05-31,241.0,0.0,22.8,0.0,6.0106706310167475,0.06284229496906274,57.0,-0.865307254363206,-1.0
2016-06-01,240.0,0.0,22.64,0.0,5.109070036364235,0.05341595072370332,56.6,-0.8738071036110808,-1.0
2016-06-02,238.0,0.0,20.7,0.0,4.3427095309096,0.045403558115147825,51.75,-0.8820480249558537,-2.0
2016-06-03,236.0,0.0,20.19,0.0,3.69130310127316,0.03859302439787565,50.475,-0.8900275764346767,-2.0
2016-06-04,235.0,0.0,18.11,0.0,3.137607636082186,0.03280407073819431,45.275,-0.8977433935342337,-1.0
2016-06-05,232.0,0.0,13.2,0.0,2.666966490669858,0.02788346012746516,33.0,-0.9051931898913974,-3.0
2016-06-06,229.0,0.0,10.44,0.0,2.2669215170693793,0.023700941108345384,26.099999999999998,-0.9123747579707273,-3.0
2016-06-07,226.0,0.0,12.15,0.0,1.9268832895089723,0.020145799942093576,30.375,-0.9192859697186104,-3.0
2016-06-08,222.0,0.0,17.12,0.0,1.6378507960826263,0.017123929950779538,42.800000000000004,-0.9259247771938498,-4.0
2016-06-09,223.0,0.0,12.68,0.0,1.3921731766702323,0.014555340458162607,31.7,-0.9322892131745133,1.0
2016-06-10,224.0,6.5,11.69,6.5,7.683347200169697,0.0803303326273113,29.224999999999998,-0.9383773917408641,1.0
2016-06-11,222.0,6.8,8.6,6.8,13.330845120144243,0.13937561258206646,21.5,-0.9441875088341993,-2.0
2016-06-12,225.0,0.0,10.78,0.0,11.331218352122606,0.11846927069475649,26.95,-0.9497178427914316,3.0
2016-06-13,225.0,0.0,13.77,0.0,9.631535599304215,0.10069888009054301,34.425,-0.9549667548552551,0.0
2016-06-14,222.0,0.0,17.22,0.0,8.186805259408581,0.08559404807696154,43.05,-0.9599326896597447,-3.0
2016-06-15,226.0,4.2,17.24,4.2,11.158784470497295,0.11666645341911994,43.099999999999994,-0.9646141756912435,4.0
2016-06-16,227.0,0.0,18.53,0.0,9.4849667999227,0.09916648540625193,46.325,-0.9690098257244062,1.0
2016-06-17,228.0,9.0,20.28,9.0,17.062221779934298,0.17838761092467692,50.7,-0.9731183372332619,1.0
2016-06-18,230.0,0.0,17.38,0.0,14.502888512944153,0.15162946928597537,43.449999999999996,-0.9769384927771817,2.0
2016-06-19,231.0,0.0,19.27,0.0,12.32745523600253,0.12888504889307906,48.175,-0.980469160361632,1.0
2016-06-20,231.0,2.5,17.93,2.5,12.97833695060215,0.13569009665060686,44.825,-0.9837092937736097,0.0
2016-06-21,228.0,0.0,17.85,0.0,11.031586408011828,0.11533658215301583,44.625,-0.986657932891657,-3.0
2016-06-22,229.0,0.0,19.05,0.0,9.376848446810053,0.09803609483006344,47.625,-0.9893142039703663,1.0
2016-06-23,229.0,0.0,20.2,0.0,7.970321179788544,0.08333068060555392,50.5,-0.99167731989929,0.0
2016-06-24,227.0,0.0,23.15,0.0,6.774773002820263,0.07083107851472084,57.875,-0.993746580436178,-2.0
2016-06-25,226.0,0.0,26.26,0.0,5.758557052397223,0.06020641673751271,65.65,-0.9955213724144752,-1.0
2016-06-26,226.0,0.0,26.87,0.0,4.89477349453764,0.051175454226885804,67.175,-0.9970011699250151,0.0
2016-06-27,225.0,0.0,19.01,0.0,4.160557470356994,0.043499136092852934,47.525000000000006,-0.9981855344718586,-1.0
2016-06-28,221.0,0.0,18.47,0.0,3.536473849803445,0.03697426567892499,46.175,-0.99907411510223,-4.0
2016-06-29,220.0,0.0,20.82,0.0,3.006002772332928,0.03142812582708624,52.05,-0.9996666485105112,-1.0
2016-06-30,220.0,0.9,22.95,0.9,3.4551023564829886,0.03612351678595958,57.375,-0.9999629591162655,0.0
2016-07-01,219.0,0.9,21.44,0.9,3.8368370030105403,0.040114599101001916,53.6,-0.9999629591162655,-1.0
2016-07-02,220.0,0.0,25.2,0.0,3.2613114525589593,0.034097409235851625,63.0,-0.9996666485105112,1.0
2016-07-03,221.0,15.9,17.5,15.9,18.672114734675116,0.19521923823234805,43.75,-0.99907411510223,1.0
2016-07-04,223.0,5.0,14.59,5.0,20.871297524473846,0.21821196268047513,36.475,-0.9981855344718586,2.0
2016-07-05,225.0,1.6,14.84,1.6,19.34060289580277,0.20220836353695726,37.1,-0.9970011699250151,2.0
2016-07-06,228.0,1.8,14.2,1.8,18.239512461432355,0.1906963286722862,35.5,-0.9955213724144752,3.0
2016-07-07,229.0,9.1,13.64,9.1,24.6035855922175,0.25723348990446554,34.1,-0.9937465804361781,1.0
2016-07-08,231.0,0.8,14.97,0.8,21.713047753384874,0.2270125640480724,37.425000000000004,-0.99167731989929,2.0
2016-07-09,233.0,2.3,16.11,2.3,20.756090590377145,0.21700746012503205,40.275,-0.9893142039703664,2.0
2016-07-10,232.0,0.6,17.16,0.6,18.242677001820574,0.1907294143282348,42.9,-0.9866579328916572,-1.0
2016-07-11,233.0,14.1,19.84,14.1,29.60627545154749,0.3095372228950012,49.6,-0.9837092937736098,1.0
2016-07-12,232.0,0.1,19.42,0.1,25.265334133815365,0.2641521516644106,48.550000000000004,-0.9804691603616321,-1.0
2016-07-13,234.0,7.0,15.92,7.0,28.47553401374306,0.29771518317092005,39.8,-0.9769384927771817,2.0
2016-07-14,237.0,6.8,15.88,6.8,31.004203911681604,0.3241527355441339,39.7,-0.973118337233262,3.0
2016-07-15,241.0,0.0,15.63,0.0,26.35357332492936,0.2755298252125138,39.075,-0.9690098257244063,4.0
2016-07-16,245.0,0.0,17.25,0.0,22.400537326189955,0.2342003514306367,43.125,-0.9646141756912435,4.0
2016-07-17,251.0,3.0,17.8,3.0,22.04045672726146,0.23043566482582875,44.5,-0.9599326896597445,6.0
2016-07-18,252.0,0.0,16.53,0.0,18.734388218172242,0.19587031510195446,41.325,-0.9549667548552553,1.0
2016-07-19,248.0,1.0,15.94,1.0,16.924229985446406,0.17694488987325716,39.85,-0.9497178427914317,-4.0
2016-07-20,245.0,0.8,16.45,0.8,15.185595487629445,0.15876725402154526,41.125,-0.9441875088341994,-3.0
2016-07-21,243.0,1.7,15.78,1.7,14.607756164485028,0.15272587338052643,39.449999999999996,-0.9383773917408642,-2.0
2016-07-22,244.0,4.4,18.93,4.4,16.816592739812272,0.17581952933446923,47.325,-0.9322892131745134,1.0
2016-07-23,242.0,0.0,19.84,0.0,14.29410382884043,0.14944659993429885,49.6,-0.9259247771938499,-2.0
2016-07-24,243.0,0.0,19.88,0.0,12.149988254514366,0.12702960994415402,49.699999999999996,-0.9192859697186105,1.0
2016-07-25,242.0,3.0,21.66,3.0,13.32749001633721,0.13934053456231849,54.15,-0.9123747579707274,-1.0
2016-07-26,244.0,0.0,22.5,0.0,11.328366513886628,0.11843945437797071,56.25,-0.9051931898913975,2.0
2016-07-27,243.0,0.0,22.7,0.0,9.629111536803634,0.1006735362212751,56.75,-0.8977433935342336,-1.0
2016-07-28,244.0,4.8,22.24,4.8,12.98474480628309,0.13575709156374396,55.599999999999994,-0.8900275764346766,1.0
2016-07-29,244.0,3.4,18.8,3.4,14.437033085340627,0.1509409427536083,47.0,-0.8820480249558535,0.0
2016-07-30,244.0,1.3,19.39,1.3,13.571478122539533,0.14189145998814168,48.475,-0.8738071036110807,0.0
2016-07-31,248.0,0.0,20.68,0.0,11.535756404158603,0.12060774098992041,51.7,-0.8653072543632061,4.0
2016-08-01,253.0,5.0,18.05,5.0,14.805392943534812,0.15479219002441166,45.125,-0.8565509959010037,5.0
2016-08-02,254.0,0.0,17.73,0.0,12.58458400200459,0.13157336152074992,44.325,-0.8475409228928312,1.0
2016-08-03,256.0,1.0,16.01,1.0,11.696896401703901,0.12229247932923328,40.025000000000006,-0.8382797052177745,2.0
2016-08-04,258.0,0.0,17.85,0.0,9.942361941448315,0.10394860742984827,44.625,-0.828770087174504,2.0
2016-08-05,258.0,0.0,23.56,0.0,8.451007650231068,0.08835631631537104,58.9,-0.8190148866680802,0.0
2016-08-06,259.0,14.5,17.93,14.5,21.683356502696405,0.22670213839870532,44.825,-0.8090169943749472,1.0
2016-08-07,258.0,1.6,15.07,1.6,20.030853027291947,0.2094250128974529,37.675,-0.7987793728863648,-1.0
2016-08-08,254.0,0.0,17.45,0.0,17.026225073198155,0.17801126096283498,43.625,-0.7883050558305253,-4.0
2016-08-09,254.0,4.6,17.84,4.6,19.072291312218432,0.1994031331867507,44.6,-0.7775971469736268,0.0
2016-08-10,254.0,1.7,13.88,1.7,17.911447615385665,0.18726637067095103,34.7,-0.7666588193001592,0.0
2016-08-11,255.0,6.5,13.44,6.5,21.724730473077813,0.22713470830818144,33.6,-0.7554933140726804,1.0
2016-08-12,257.0,0.0,13.31,0.0,18.46602090211614,0.1930645020619542,33.275,-0.7441039398713608,2.0
2016-08-13,261.0,0.2,14.5,0.2,15.896117766798717,0.16619585115998023,36.25,-0.7324940716135792,4.0
2016-08-14,268.0,3.5,16.7,3.5,17.01170010177891,0.1778594006140687,41.75,-0.7206671495538615,7.0
2016-08-15,270.0,0.0,14.58,0.0,14.459945086512073,0.1511804905219584,36.45,-0.7086266782644601,2.0
2016-08-16,271.0,20.4,13.06,20.4,32.69095332353526,0.3417879064902202,32.65,-0.6963762255968726,1.0
2016-08-17,268.0,1.2,13.75,1.2,28.98731032500497,0.30306586696060217,34.375,-0.6839194216246105,-3.0
2016-08-18,269.0,0.0,14.53,0.0,24.639213776254223,0.2576059869165118,36.324999999999996,-0.6712599575675315,1.0
2016-08-19,270.0,0.0,17.3,0.0,20.94333170981609,0.21896508887903504,43.25,-0.6584015846980489,1.0
2016-08-20,268.0,0.0,18.91,0.0,17.801831953343676,0.18612032554717978,47.275,-0.64534811322955,-2.0
2016-08-21,265.0,0.0,21.76,0.0,15.131557160342124,0.1582022767151028,54.400000000000006,-0.6321034111873488,-3.0
2016-08-22,264.0,0.0,20.53,0.0,12.861823586290805,0.1344719352078374,51.325,-0.6186714032625032,-1.0
2016-08-23,262.0,2.5,17.54,2.5,13.432550048347185,0.14043895001815143,43.849999999999994,-0.6050560696488494,-2.0
2016-08-24,260.0,0.0,16.84,0.0,11.417667541095106,0.1193731075154287,42.1,-0.5912614448635782,-2.0
2016-08-25,258.0,0.0,17.22,0.0,9.70501740993084,0.10146714138811438,43.05,-0.5772916165517278,-2.0
2016-08-26,255.0,0.0,19.2,0.0,8.249264798441214,0.08624707017989723,48.0,-0.5631507242749187,-3.0
2016-08-27,254.0,0.0,21.25,0.0,7.011875078675032,0.07331000965291265,53.125,-0.5488429582847199,-1.0
2016-08-28,252.0,0.0,19.68,0.0,5.960093816873777,0.062313508204975755,49.2,-0.5343725582809785,-2.0
2016-08-29,250.0,0.0,21.25,0.0,5.06607974434271,0.05296648197422939,53.125,-0.5197438121555157,-2.0
2016-08-30,249.0,0.3,15.05,0.3,4.606167782691304,0.04815804628907374,37.625,-0.5049610547215202,-1.0
2016-08-31,250.0,0.0,14.61,0.0,3.915242615287608,0.040934339345712674,36.525,-0.4900286664290594,1.0
2016-09-01,248.0,0.0,16.99,0.0,3.327956222994467,0.034794188443855775,42.474999999999994,-0.4749510720670502,-2.0
2016-09-02,248.0,0.0,16.04,0.0,2.828762789545297,0.02957506017727741,40.099999999999994,-0.4597327394521046,0.0
2016-09-03,248.0,0.6,14.39,0.6,3.0044483711135026,0.03141187437264332,35.975,-0.44437817810461344,0.0
2016-09-04,249.0,13.4,14.26,13.4,15.953781115446478,0.16679872850713134,35.65,-0.4288919379124841,1.0
2016-09-05,251.0,9.8,14.6,9.8,23.360713948129508,0.2442391151897011,36.5,-0.41327860778290443,2.0
2016-09-06,250.0,0.0,14.87,0.0,19.85660685591008,0.2076032479112459,37.175,-0.3975428142825566,-1.0
2016-09-07,253.0,0.0,15.16,0.0,16.87811582752357,0.17646276072455902,37.9,-0.3816892202666586,3.0
2016-09-08,258.0,0.0,16.56,0.0,14.346398453395032,0.14999334661587516,41.4,-0.3657225234972692,5.0
2016-09-09,261.0,0.0,18.54,0.0,12.194438685385776,0.12749434462349388,46.349999999999994,-0.34964745525122826,3.0
2016-09-10,261.0,0.0,19.12,0.0,10.36527288257791,0.1083701929299698,47.800000000000004,-0.33346877891818705,0.0
2016-09-11,260.0,0.0,18.78,0.0,8.810481950191223,0.09211466399047431,46.95,-0.31719128858910595,-1.0
2016-09-12,258.0,0.0,19.19,0.0,7.488909657662539,0.07829746439190317,47.975,-0.300819807635668,-2.0
2016-09-13,256.0,0.0,13.9,0.0,6.365573209013158,0.06655284473311769,34.75,-0.2843591872810036,-2.0
2016-09-14,253.0,0.0,13.16,0.0,5.410737227661184,0.056569918023150034,32.9,-0.26781430516217486,-3.0
2016-09-15,251.0,0.0,12.35,0.0,4.599126643512006,0.04808443031967753,30.875,-0.25119006388481957,-2.0
2016-09-16,250.0,0.0,11.94,0.0,3.909257646985205,0.040871765771725896,29.849999999999998,-0.23449138957041052,-1.0
2016-09-17,248.0,0.0,10.17,0.0,3.322868999937424,0.03474100090596701,25.425,-0.21772323039653224,-2.0
2016-09-18,248.0,0.0,9.53,0.0,2.8244386499468104,0.029529850770071957,23.825,-0.20089055513063528,0.0
2016-09-19,247.0,0.0,9.6,0.0,2.400772852454789,0.025100373154561165,24.0,-0.18399835165767986,-1.0
2016-09-20,246.0,0.0,10.61,0.0,2.0406569245865707,0.02133531718137699,26.525,-0.1670516255021195,-1.0
2016-09-21,248.0,5.5,9.6,5.5,7.234558385898585,0.07563819080544767,24.0,-0.15005539834465262,2.0
2016-09-22,245.0,0.0,8.8,0.0,6.149374628013797,0.06429246218463051,22.0,-0.13301470653419636,-3.0
2016-09-23,245.0,0.0,9.45,0.0,5.226968433811727,0.054648592856935935,23.625,-0.11593459959550066,0.0
2016-09-24,246.0,1.3,11.52,1.3,5.742923168739968,0.06004296257597016,28.799999999999997,-0.09882013873287211,1.0
2016-09-25,246.0,0.0,10.08,0.0,4.881484693428972,0.05103651818957464,25.2,-0.08167639533042288,0.0
2016-09-26,247.0,0.0,9.56,0.0,4.149261989414627,0.04338104046113844,23.900000000000002,-0.06450844944931625,1.0
2016-09-27,245.0,0.0,10.02,0.0,3.5268726910024326,0.036873884391967676,25.049999999999997,-0.04732138832243232,-2.0
2016-09-28,246.0,3.8,8.45,3.8,6.797841787352068,0.07107226547223679,21.125,-0.03012030484690836,1.0
2016-09-29,247.0,1.2,14.45,1.2,6.9781655192492575,0.07295757209531631,36.125,-0.012910296075008843,1.0
2016-09-30,246.0,0.0,14.64,0.0,5.9314406913618685,0.06201393628101885,36.6,0.004303538296243821,-1.0
2016-10-01,247.0,0.0,12.55,0.0,5.041724587657588,0.05271184583886602,31.375,0.021516097436222233,1.0
2016-10-02,248.0,1.1,15.03,1.1,5.385465899508949,0.056305703203291556,37.574999999999996,0.03872228089217399,1.0
2016-10-03,247.0,0.0,12.57,0.0,4.577646014582607,0.047859847722797826,31.425,0.05591699010060302,-1.0
2016-10-04,245.0,0.0,8.06,0.0,3.8909991123952157,0.04068087056437815,20.150000000000002,0.07309512989807776,-2.0
2016-10-05,243.0,0.8,7.04,0.8,4.107349245535933,0.04294283760899811,17.6,0.0902516100310407,-2.0
2016-10-06,242.0,4.5,7.6,4.5,7.9912468587055425,0.08354946113232976,19.0,0.10738134666416306,-1.0
2016-10-07,247.0,12.6,6.61,12.6,19.39255982989971,0.2027515796235881,16.525000000000002,0.12447926388678869,5.0
2016-10-08,247.0,0.3,4.69,0.3,16.783675855414753,0.17547537929102866,11.725000000000001,0.141540295217043,0.0
2016-10-09,254.0,25.8,6.8,25.8,40.06612447710254,0.41889622094154755,17.0,0.15855938510313475,7.0
2016-10-10,255.0,0.5,5.49,0.5,34.55620580553716,0.36128934881861335,13.725000000000001,0.17553149042142777,1.0
2016-10-11,261.0,0.0,4.43,0.0,29.372774934706587,0.30709594649582134,11.075,0.19245158197082995,6.0
2016-10-12,267.0,0.0,3.88,0.0,24.966858694500598,0.26103155452144816,9.7,0.20931464596304888,6.0
2016-10-13,271.0,0.0,2.23,0.0,21.22182989032551,0.22187682134323092,5.575,0.22611568550828803,4.0
2016-10-14,270.0,0.0,-0.93,0.0,18.03855540677668,0.18859529814174628,0.0,0.2428497220959358,-1.0
2016-10-15,270.0,0.0,2.31,0.0,15.332772095760179,0.16030600342048432,5.775,0.25951179706979943,0.0
2016-10-16,270.0,0.0,3.76,0.0,13.032856281396151,0.13626010290741167,9.399999999999999,0.27609697309746883,0.0
2016-10-17,267.0,0.0,2.76,0.0,11.077927839186728,0.11582108747129992,6.8999999999999995,0.2926003356333479,-3.0
2016-10-18,264.0,0.0,3.23,0.0,9.416238663308718,0.09844792435060493,8.075,0.30901699437494723,-3.0
2016-10-19,262.0,0.0,3.27,0.0,8.00380286381241,0.08368073569801418,8.175,0.3253420847119795,-2.0
2016-10-20,260.0,0.0,3.52,0.0,6.803232434240549,0.07112862534331206,8.8,0.341570769167856,-2.0
2016-10-21,258.0,0.0,2.25,0.0,5.782747569104466,0.060459331541815244,5.625,0.35769823883312546,-2.0
2016-10-22,257.0,6.7,3.45,6.7,11.615335433738796,0.12143974945573521,8.625,0.3737197147904692,-1.0
2016-10-23,256.0,2.8,3.26,2.8,12.673035118677976,0.13249812873984335,8.149999999999999,0.38963044953078774,-1.0
2016-10-24,257.0,5.6,2.45,5.6,16.37207985087628,0.17117209283380364,6.125,0.4054257283599973,1.0
2016-10-25,264.0,24.5,4.62,24.5,38.416267873244834,0.4016467688053316,11.55,0.42110087079608916,7.0
2016-10-26,270.0,0.2,3.83,0.2,32.85382769225811,0.34349077789185106,9.575,0.4366512319560638,6.0
2016-10-27,284.0,0.0,3.56,0.0,27.92575353841939,0.29196716120807337,8.9,0.45207220393230374,14.0
2016-10-28,292.0,13.0,4.99,13.0,36.73689050765648,0.38408867350260856,12.475000000000001,0.46735921715800205,8.0
2016-10-29,301.0,0.9,5.58,0.9,32.12635693150801,0.33588498231015357,13.95,0.48250774176121763,9.0
2016-10-30,301.0,0.8,4.44,0.8,28.107403391781812,0.29386633259290723,11.100000000000001,0.4975132889071803,0.0
2016-10-31,298.0,1.5,2.65,1.5,25.39129288301454,0.2654690657588649,6.625,0.5123714121284235,-3.0
2016-11-01,296.0,6.5,0.24,6.5,28.082598950562357,0.2936069991329083,0.6,0.5270777086423724,-2.0
2016-11-02,297.0,2.7,1.85,2.7,26.570209107978002,0.2777947787617808,4.625,0.5416278206559811,1.0
2016-11-03,298.0,3.4,1.14,3.4,25.9846777417813,0.27167297687193964,2.8499999999999996,0.5560174366570446,1.0
2016-11-04,300.0,0.4,-0.08,0.4,22.486976080514104,0.23510407915578702,0.0,0.5702422926917867,2.0
2016-11-05,300.0,0.0,0.15,0.0,19.113929668436988,0.19983846728241894,0.375,0.5842981736283683,0.0
2016-11-06,303.0,11.5,0.93,11.5,27.74684021817144,0.2900966006109085,2.325,0.5981809144059159,3.0
2016-11-07,303.0,1.0,1.58,1.0,24.584814185445723,0.2570372325558681,3.95,0.6118864012687242,0.0
2016-11-08,303.0,0.3,-0.6,0.3,21.197092057628865,0.2216181842834666,0.0,0.6254105729852457,0.0
2016-11-09,306.0,3.2,-1.84,3.2,21.217528248984532,0.22183184715805335,0.0,0.6387494220515268,3.0
2016-11-10,307.0,1.5,-1.56,1.5,19.534899011636853,0.20423975313923914,0.0,0.6518989958787125,1.0
2016-11-11,305.0,0.0,-2.2,0.0,16.604664159891325,0.17360379016835326,0.0,0.6648553979642867,-2.0
2016-11-12,301.0,0.0,-1.73,0.0,14.113964535907625,0.14756322164310026,0.0,0.6776147890466887,-4.0
2016-11-13,296.0,0.0,-1.3,0.0,11.996869855521481,0.12542873839663524,0.0,0.690173388242972,-5.0
2016-11-14,292.0,1.0,0.14,1.0,11.19733937719326,0.1170695496737358,0.35000000000000003,0.7025274741691566,-4.0
2016-11-15,289.0,1.0,0.08,1.0,10.51773847061427,0.10996423925927129,0.2,0.7146733860429608,-3.0
2016-11-16,287.0,3.7,0.26,3.7,12.640077700022129,0.13215355490578526,0.65,0.726607524768565,-2.0
2016-11-17,289.0,3.0,1.74,3.0,13.74406604501881,0.14369588777970507,4.35,0.7383263540031063,2.0
2016-11-18,295.0,0.6,4.06,0.6,12.282456138265989,0.12841457783470683,10.149999999999999,0.749826401204568,6.0
2016-11-19,301.0,3.0,4.96,3.0,13.44008771752609,0.14051775726928836,12.4,0.7611042586607742,6.0
2016-11-20,305.0,5.2,6.68,5.2,16.624074559897178,0.1738067282691936,16.7,0.7721565844991641,4.0
2016-11-21,307.0,0.0,3.84,0.0,14.130463375912601,0.14773571902881455,9.6,0.7829801036770625,2.0
2016-11-22,308.0,0.0,0.04,0.0,12.010893869525711,0.1255753611744924,0.1,0.7935716089521472,1.0
2016-11-23,308.0,0.0,0.58,0.0,10.209259789096855,0.10673905699831852,1.45,0.8039279618328208,0.0
2016-11-24,305.0,0.0,1.67,0.0,8.677870820732327,0.09072819844857075,4.175,0.8140460935082175,-3.0
2016-11-25,297.0,0.0,1.34,0.0,7.376190197622478,0.07711896868128514,3.35,0.8239230057575536,-8.0
2016-11-26,297.0,1.1,2.4,1.1,7.369761667979105,0.07705175761934781,6.0,0.8335557718385695,0.0
2016-11-27,299.0,2.7,2.2,2.7,8.96429741778224,0.09372282347525446,5.5,0.8429415373547832,2.0
2016-11-28,299.0,5.3,-3.06,5.3,12.919652805114904,0.13507654674792435,0.0,0.8520775211013093,0.0
2016-11-29,298.0,3.8,-6.32,3.8,14.781704884347668,0.15454452847479996,0.0,0.8609610158889945,-1.0
2016-11-30,296.0,3.7,-2.14,3.7,16.26444915169552,0.17004680073898465,0.0,0.8695893893466109,-2.0
2016-12-01,294.0,0.3,-0.07,0.3,14.124781778941191,0.14767631723911573,0.0,0.8779600847008883,-2.0
2016-12-02,293.0,4.1,-1.38,4.1,16.106064512100012,0.1683908700032914,0.0,0.8860706215341377,-1.0
2016-12-03,292.0,0.0,-3.38,0.0,13.69015483528501,0.1431322395027977,0.0,0.893918596519257,-1.0
2016-12-04,287.0,0.0,-6.34,0.0,11.636631609992259,0.12166240357737802,0.0,0.9015016841318838,-5.0
2016-12-05,287.0,3.1,0.54,3.1,12.99113686849342,0.13582392135421847,1.35,0.9088176373395028,0.0
2016-12-06,292.0,0.2,-1.89,0.2,11.242466338219407,0.11754135755840488,0.0,0.9158642882672868,5.0
2016-12-07,292.0,0.0,-6.2,0.0,9.556096387486495,0.09991015392464414,0.0,0.9226395488404875,0.0
2016-12-08,288.0,13.5,3.48,13.5,21.62268192936352,0.22606777832999161,8.7,0.9291414114031743,-4.0
2016-12-09,301.0,3.5,6.11,3.5,21.87927963995899,0.22875053870857837,15.275,0.935367949313148,13.0
2016-12-10,313.0,5.5,2.5,5.5,24.097387693965143,0.25194112910356886,6.25,0.941317317512847,12.0
2016-12-11,320.0,6.7,-2.47,6.7,27.18277953987037,0.28419927738322576,0.0,0.946987753076075,7.0
2016-12-12,326.0,0.0,-7.08,0.0,23.105362608889813,0.24156938577574188,0.0,0.9523775757303973,6.0
2016-12-13,321.0,1.2,-3.41,1.2,20.83955821755634,0.21788012435329565,0.0,0.9574851883550389,-5.0
2016-12-14,320.0,5.1,-1.38,5.1,22.81362448492289,0.23851922808694018,0.0,0.9623090774541487,-1.0
2016-12-15,320.0,0.0,-4.73,0.0,19.391580812184458,0.20274134387389917,0.0,0.9668478136052773,0.0
2016-12-16,310.0,0.2,-0.59,0.2,16.682843690356787,0.17442116670013344,0.0,0.9711000518829505,-10.0
2016-12-17,310.0,0.0,-0.4,0.0,14.180417136803268,0.14825799169511342,0.0,0.9750645322571945,0.0
2016-12-18,310.0,0.7,-0.71,0.7,12.753354566282777,0.1333378783664635,0.0,0.9787400799669153,0.0
2016-12-19,303.0,2.1,1.81,2.1,12.94035138134036,0.13529295288834528,4.525,0.9821256058680006,-7.0
2016-12-20,303.0,0.5,2.18,0.5,11.499298674139306,0.12022657097339141,5.45,0.9852201067560606,0.0
2016-12-21,307.0,0.0,0.16,0.0,9.774403873018409,0.10219258532738269,0.4,0.9880226656636976,4.0
2016-12-22,311.0,0.0,-0.73,0.0,8.308243292065647,0.08686369752827527,0.0,0.9905324521322227,4.0
2016-12-23,313.0,2.3,-0.14,2.3,9.3620067982558,0.09788092358320447,0.0,0.9927487224577402,2.0
2016-12-24,314.0,0.4,0.55,0.4,8.35770577851743,0.08738083386036213,1.375,0.9946708199115211,1.0
2016-12-25,313.0,0.6,1.32,0.6,7.704049911739815,0.08054678200326533,3.3000000000000003,0.9962981749346077,-1.0
2016-12-26,313.0,7.0,4.22,7.0,13.548442424978841,0.14165061895894654,10.549999999999999,0.9976303053065857,0.0
2016-12-27,317.0,9.0,0.96,9.0,20.516176061232017,0.2144991244444673,2.4,0.9986668162884759,4.0
2016-12-28,324.0,0.9,-0.23,0.9,18.338749652047213,0.19173386561073347,0.0,0.9994074007397048,7.0
2016-12-29,326.0,0.0,-1.0,0.0,15.58793720424013,0.16297378576912344,0.0,0.9998518392091162,2.0
2016-12-30,326.0,0.0,-0.48,0.0,13.24974662360411,0.13852771790375493,0.0,1.0,0.0
2016-12-31,326.0,0.0,0.63,0.0,11.262284630063494,0.11774856021819169,1.575,0.9998518392091162,0.0
2017-01-01,323.0,0.0,1.64,0.0,9.57294193555397,0.10008627618546294,4.1,0.9998518392091162,-3.0
2017-01-02,322.0,5.5,0.53,5.5,13.637000645220875,0.1425765059589207,1.3250000000000002,0.9994074007397048,-1.0
2017-01-03,322.0,0.0,-1.88,0.0,11.591450548437743,0.12119003006508261,0.0,0.998666816288476,0.0
2017-01-04,322.0,7.0,-1.04,7.0,16.852732966172084,0.17619737981149125,0.0,0.9976303053065857,0.0
2017-01-05,320.0,0.0,-14.39,0.0,14.32482302124627,0.14976777283976755,0.0,0.9962981749346078,-2.0
2017-01-06,317.0,0.0,-19.05,0.0,12.17609956805933,0.12730260691380244,0.0,0.9946708199115211,-3.0
2017-01-07,300.0,0.0,-20.26,0.0,10.34968463285043,0.10820721587673206,0.0,0.9927487224577402,-17.0
2017-01-08,331.0,0.0,-11.21,0.0,8.797231937922865,0.09197613349522224,0.0,0.9905324521322229,31.0
2017-01-09,361.0,0.0,-7.45,0.0,7.477647147234435,0.0781797134709389,0.0,0.9880226656636976,30.0
2017-01-10,373.0,0.0,-11.09,0.0,6.356000075149269,0.06645275645029806,0.0,0.9852201067560606,12.0
2017-01-11,383.0,0.0,-8.22,0.0,5.4026000638768785,0.05648484298275335,0.0,0.9821256058680006,10.0
2017-01-12,394.0,2.1,-5.3,2.1,6.692210054295346,0.06996787281219165,0.0,0.9787400799669153,11.0
2017-01-13,412.0,3.7,-0.26,3.7,9.388378546151046,0.09815664342576759,0.0,0.9750645322571948,18.0
2017-01-14,436.0,5.0,-0.56,5.0,12.98012176422839,0.13570875709488175,0.0,0.9711000518829505,24.0
2017-01-15,439.0,0.2,-2.17,0.2,11.23310349959413,0.11744346793796866,0.0,0.9668478136052775,3.0
2017-01-16,437.0,0.0,-5.05,0.0,9.54813797465501,0.09982694774727335,0.0,0.9623090774541486,-2.0
2017-01-17,429.0,0.0,-4.61,0.0,8.115917278456758,0.08485290558518234,0.0,0.9574851883550393,-8.0
2017-01-18,421.0,0.0,-7.1,0.0,6.898529686688244,0.072124969747405,0.0,0.9523775757303974,-8.0
2017-01-19,409.0,1.1,-4.42,1.1,6.963750233685007,0.07280685852554968,0.0,0.9469877530760753,-12.0
2017-01-20,410.0,1.2,0.42,1.2,7.119187698632255,0.07443197619063226,1.05,0.9413173175128471,1.0
2017-01-21,416.0,0.2,0.46,0.2,6.251309543837417,0.06535820416935659,1.1500000000000001,0.9353679493131483,6.0
2017-01-22,412.0,0.0,-0.68,0.0,5.313613112261804,0.0555544735439531,0.0,0.9291414114031743,-4.0
2017-01-23,410.0,0.0,-1.79,0.0,4.5165711454225335,0.04722130251236013,0.0,0.9226395488404876,-2.0
2017-01-24,408.0,1.0,-0.03,1.0,4.8390854736091535,0.050593229172101975,0.0,0.9158642882672872,-2.0
2017-01-25,408.0,0.0,-5.29,0.0,4.113222652567781,0.04300424479628668,0.0,0.9088176373395029,0.0
2017-01-26,390.0,1.1,-7.3,1.1,4.596239254682613,0.04805424231709912,0.0,0.901501684131884,-18.0
2017-01-27,388.0,1.3,0.02,1.3,5.206803366480221,0.05443776461710887,0.05,0.893918596519257,-2.0
2017-01-28,390.0,0.0,0.2,0.0,4.425782861508188,0.046272099924542544,0.5,0.886070621534138,2.0
2017-01-29,379.0,0.0,-0.88,0.0,3.7619154322819597,0.039331284935861154,0.0,0.8779600847008882,-11.0
2017-01-30,373.0,0.0,-2.94,0.0,3.1976281174396655,0.03343159219548198,0.0,0.869589389346611,-6.0
2017-01-31,361.0,0.0,-5.02,0.0,2.7179838998237154,0.02841685336615968,0.0,0.8609610158889943,-12.0
2017-02-01,350.0,0.0,-5.57,0.0,2.310286314850158,0.024154325361235726,0.0,0.8520775211013093,-11.0
2017-02-02,342.0,0.0,-3.1,0.0,1.9637433676226344,0.02053117655705037,0.0,0.8429415373547828,-8.0
2017-02-03,339.0,0.0,-2.43,0.0,1.6691818624792392,0.017451500073492814,0.0,0.8335557718385699,-3.0
2017-02-04,343.0,0.0,-1.77,0.0,1.4188045831073532,0.01483377506246889,0.0,0.8239230057575542,4.0
2017-02-05,336.0,0.0,-1.84,0.0,1.2059838956412503,0.012608708803098558,0.0,0.8140460935082178,-7.0
2017-02-06,351.0,0.2,-7.0,0.2,1.2250863112950627,0.012808426889952946,0.0,0.8039279618328213,15.0
2017-02-07,329.0,0.0,-11.01,0.0,1.0413233646008033,0.010887162856460004,0.0,0.7935716089521474,-22.0
2017-02-08,313.0,0.0,-12.25,0.0,0.8851248599106828,0.009254088427991003,0.0,0.7829801036770629,-16.0
2017-02-09,311.0,0.0,-9.21,0.0,0.7523561309240804,0.007865975163792352,0.0,0.7721565844991642,-2.0
2017-02-10,296.0,0.0,-8.48,0.0,0.6395027112854683,0.006686078889223499,0.0,0.7611042586607747,-15.0
2017-02-11,298.0,0.0,-4.65,0.0,0.5435773045926481,0.005683167055839974,0.0,0.7498264012045686,2.0
2017-02-12,317.0,0.0,-6.48,0.0,0.4620407089037509,0.004830691997463978,0.0,0.7383263540031065,19.0
2017-02-13,325.0,0.0,-6.57,0.0,0.3927346025681882,0.004106088197844381,0.0,0.7266075247685656,8.0
2017-02-14,326.0,0.0,-0.06,0.0,0.33382441218295994,0.003490174968167724,0.0,0.7146733860429609,1.0
2017-02-15,327.0,0.0,-0.75,0.0,0.28375075035551595,0.0029666487229425653,0.0,0.702527474169157,1.0
2017-02-16,322.0,0.0,-1.76,0.0,0.24118813780218853,0.00252165141450118,0.0,0.6901733882429719,-5.0
2017-02-17,316.0,0.0,1.15,0.0,0.20500991713186026,0.0021434037023260032,2.875,0.6776147890466889,-6.0
2017-02-18,323.0,0.2,1.1,0.2,0.3742584295620812,0.003912917554296275,2.75,0.6648553979642865,7.0
2017-02-19,326.0,0.7,0.83,0.7,1.0181196651277689,0.010644565346768933,2.0749999999999997,0.6518989958787126,3.0
2017-02-20,321.0,6.0,1.8,6.0,6.865401715358604,0.07177861276432876,4.5,0.6387494220515272,-5.0
2017-02-21,330.0,5.4,3.39,5.4,11.235591458054813,0.11746947984729708,8.475,0.6254105729852463,9.0
2017-02-22,310.0,4.3,-0.43,4.3,13.85025273934659,0.1448060826275647,0.0,0.6118864012687243,-20.0
2017-02-23,303.0,4.3,1.84,4.3,16.072714828444603,0.1680421949907922,4.6000000000000005,0.5981809144059164,-7.0
2017-02-24,316.0,11.3,-0.01,11.3,24.961807604177913,0.2609787447557066,0.0,0.5842981736283683,13.0
2017-02-25,321.0,0.4,-1.46,0.4,21.617536463551225,0.22601398185698895,0.0,0.5702422926917871,5.0
2017-02-26,321.0,2.1,0.62,2.1,20.474905994018542,0.21406764085529192,1.55,0.5560174366570446,0.0
2017-02-27,327.0,1.0,4.67,1.0,18.40367009491576,0.19241261676359397,11.675,0.5416278206559814,6.0
2017-02-28,328.0,0.0,6.32,0.0,15.643119580678396,0.1635507242490549,15.8,0.5270777086423722,1.0
2017-03-01,324.0,0.4,4.73,0.4,13.696651643576637,0.14320016442633499,11.825000000000001,0.5123714121284237,-4.0
2017-03-02,320.0,10.0,3.33,10.0,21.64215389704014,0.2262713601283433,8.325,0.49751328890718066,-4.0
2017-03-03,325.0,1.8,2.03,1.8,20.195830812484118,0.21114987577496436,5.074999999999999,0.48250774176121847,5.0
2017-03-04,332.0,0.0,3.83,0.0,17.1664561906115,0.17947739440871968,9.575,0.46735921715800227,7.0
2017-03-05,333.0,0.3,3.86,0.3,14.891487762019773,0.1556923218583905,9.65,0.45207220393230435,1.0
2017-03-06,334.0,10.2,1.39,10.2,22.857764597716805,0.23898071835290965,3.4749999999999996,0.43665123195606403,1.0
2017-03-07,338.0,0.0,1.96,0.0,19.429099908059285,0.20313361059997323,4.9,0.4211008707960896,4.0
2017-03-08,345.0,0.0,2.57,0.0,16.51473492185039,0.17266356900997723,6.425,0.40542572835999735,7.0
2017-03-09,348.0,3.9,3.75,3.9,17.937524683572832,0.18753900960120448,9.375,0.38963044953078796,3.0
2017-03-10,361.0,4.2,2.72,4.2,19.446895981036906,0.20331967071472642,6.800000000000001,0.37371971479046906,13.0
2017-03-11,381.0,0.6,1.48,0.6,17.12986158388137,0.17909479332947498,3.7,0.35769823883312546,20.0
2017-03-12,385.0,0.0,2.67,0.0,14.560382346299166,0.15223057433005374,6.675,0.3415707691678556,4.0
2017-03-13,388.0,0.0,3.34,0.0,12.37632499435429,0.12939598818054565,8.35,0.3253420847119801,3.0
2017-03-14,387.0,0.0,3.02,0.0,10.519876245201147,0.10998658995346382,7.55,0.30901699437494745,-1.0
2017-03-15,382.0,0.6,3.89,0.6,9.541894808420974,0.09976167468240175,9.725,0.29260033563334836,-5.0
2017-03-16,374.0,0.8,3.0,0.8,8.910610587157828,0.09316152110931818,7.5,0.27609697309746883,-8.0
2017-03-17,368.0,3.5,1.89,3.5,11.074018999084153,0.11578022007100595,4.725,0.2595117970697999,-6.0
2017-03-18,364.0,0.0,2.75,0.0,9.41291614922153,0.09841318706035507,6.875,0.2428497220959356,-4.0
2017-03-19,361.0,3.9,2.06,3.9,11.9009787268383,0.12442618494402564,5.15,0.22611568550828828,-3.0
2017-03-20,357.0,0.0,2.52,0.0,10.115831917812555,0.1057622572024218,6.3,0.20931464596304847,-4.0
2017-03-21,354.0,5.9,5.8,5.9,14.498457130140672,0.1515831386379741,14.5,0.19245158197082998,-3.0
2017-03-22,353.0,4.2,4.52,4.2,16.523688560619572,0.17275718039598062,11.299999999999999,0.1755314904214282,-1.0
2017-03-23,354.0,0.0,4.8,0.0,14.045135276526636,0.14684360333658353,12.0,0.15855938510313478,1.0
2017-03-24,353.0,0.9,4.48,0.9,12.83836498504764,0.13422667266903227,11.200000000000001,0.141540295217043,-1.0
2017-03-25,352.0,4.7,0.55,4.7,15.612610237290493,0.16323174534067794,1.375,0.12447926388678915,-1.0
2017-03-26,350.0,0.0,2.68,0.0,13.27071870169692,0.13874698353957626,6.7,0.10738134666416309,-2.0
2017-03-27,346.0,0.0,7.73,0.0,11.280110896442382,0.11793493600863983,19.325000000000003,0.09025161003104117,-4.0
2017-03-28,343.0,0.0,5.95,0.0,9.588094261976025,0.10024469560734385,14.875,0.07309512989807777,-3.0
2017-03-29,339.0,0.0,2.05,0.0,8.14988012267962,0.08520799126624228,5.125,0.055916990100603484,-4.0
2017-03-30,334.0,0.0,2.17,0.0,6.927398104277677,0.07242679257630592,5.425,0.03872228089217446,-5.0
2017-03-31,331.0,5.5,7.57,5.5,11.388288388636026,0.11906594489113727,18.925,0.021516097436222254,-3.0
2017-04-01,327.0,3.1,11.71,3.1,12.780045130340621,0.13361693147091383,29.275000000000002,0.004303538296244289,-4.0
2017-04-02,325.0,2.0,14.34,2.0,12.863038360789528,0.13448463582346848,35.85,-0.01291029607500882,-2.0
2017-04-03,326.0,0.6,10.48,0.6,11.533582606671098,0.12058501367190572,26.200000000000003,-0.030120304846908114,1.0
2017-04-04,326.0,0.0,7.51,0.0,9.803545215670434,0.10249726162111987,18.775,-0.04732138832243185,0.0
2017-04-05,322.0,5.0,8.86,5.0,13.333013433319868,0.13939828256093117,22.15,-0.06450844944931623,-4.0
2017-04-06,322.0,3.4,5.47,3.4,14.733061418321888,0.15403595510121743,13.674999999999999,-0.08167639533042241,0.0
2017-04-07,322.0,0.0,5.46,0.0,12.523102205573604,0.1309305618360348,13.65,-0.09882013873287143,0.0
2017-04-08,321.0,0.0,4.41,0.0,10.644636874737563,0.11129097756062957,11.025,-0.11593459959550041,-1.0
2017-04-09,319.0,0.0,6.57,0.0,9.047941343526928,0.09459733092653513,16.425,-0.1330147065341959,-2.0
2017-04-10,316.0,0.0,11.4,0.0,7.6907501419978885,0.08040773128755486,28.5,-0.1500553983446526,-3.0
2017-04-11,313.0,1.2,5.37,1.2,7.737137620698205,0.08089271803833667,13.425,-0.16705162550211924,-3.0
2017-04-12,311.0,4.3,4.76,4.3,10.876566977593473,0.11371583508994834,11.899999999999999,-0.18399835165768005,-2.0
2017-04-13,309.0,1.9,5.25,1.9,11.145081930954452,0.11652319169598824,13.125,-0.20089055513063506,-2.0
2017-04-14,307.0,0.9,2.62,0.9,10.373319641311285,0.10845432277452628,6.550000000000001,-0.21772323039653177,-2.0
2017-04-15,305.0,2.4,4.42,2.4,11.217321695114594,0.11727846724617741,11.05,-0.23449138957040985,-2.0
2017-04-16,307.0,11.0,0.18,11.0,20.534723440847404,0.21469303956180524,0.44999999999999996,-0.25119006388481935,2.0
2017-04-17,309.0,0.0,-1.19,0.0,17.454514924720293,0.18248908362753447,0.0,-0.2678143051621742,2.0
2017-04-18,309.0,0.0,-0.13,0.0,14.836337686012248,0.15511572108340427,0.0,-0.2843591872810034,0.0
2017-04-19,310.0,0.0,0.85,0.0,12.61088703311041,0.13184836292089364,2.125,-0.30081980763566735,1.0
2017-04-20,309.0,0.0,2.31,0.0,10.719253978143849,0.11207110848275958,5.775,-0.3171912885891061,-1.0
2017-04-21,306.0,2.0,3.3,2.0,11.111365881422271,0.11617068628353737,8.25,-0.3334687789181868,-3.0
2017-04-22,306.0,7.5,4.78,7.5,16.944660999208928,0.17715849861547567,11.950000000000001,-0.3496474552512284,0.0
2017-04-23,307.0,0.0,3.03,0.0,14.402961849327589,0.15058472382315433,7.574999999999999,-0.36572252349726897,1.0
2017-04-24,306.0,0.9,3.16,0.9,13.142517571928451,0.13740662508261747,7.9,-0.3816892202666588,-1.0
2017-04-25,305.0,1.3,8.51,1.3,12.471139936139183,0.13038728996779944,21.275,-0.39754281428255595,-1.0
2017-04-26,305.0,0.7,5.57,0.7,11.300468945718304,0.11814778189824662,13.925,-0.4132786077829042,0.0
2017-04-27,304.0,0.0,5.94,0.0,9.605398603860559,0.10042561461350963,14.850000000000001,-0.4288919379124835,-1.0
2017-04-28,305.0,17.9,3.85,17.9,26.064588813281475,0.27250845687654907,9.625,-0.4443781781046132,1.0
2017-04-29,313.0,2.4,5.6,2.4,24.554900491289253,0.25672448123289676,14.0,-0.45973273945210397,8.0
2017-04-30,324.0,0.0,5.24,0.0,20.871665417595864,0.21821580904796223,13.100000000000001,-0.47495107206704995,11.0
2017-05-01,327.0,0.0,5.35,0.0,17.740915604956484,0.18548343769076792,13.375,-0.49002866642905923,3.0
2017-05-02,329.0,0.0,7.63,0.0,15.079778264213012,0.1576609220371527,19.075,-0.5049610547215204,2.0
2017-05-03,328.0,0.0,10.94,0.0,12.81781152458106,0.13401178373157982,27.349999999999998,-0.5197438121555155,-1.0
2017-05-04,325.0,0.0,13.05,0.0,10.8951397958939,0.11391001617184283,32.625,-0.5343725582809787,-3.0
2017-05-05,322.0,0.0,14.9,0.0,9.260868826509816,0.09682351374606642,37.25,-0.548842958284719,-3.0
2017-05-06,321.0,0.0,16.62,0.0,7.871738502533343,0.08229998668415645,41.550000000000004,-0.5631507242749186,-1.0
2017-05-07,322.0,2.1,11.81,2.1,8.790977727153342,0.09191074495838429,29.525000000000002,-0.5772916165517272,1.0
2017-05-08,325.0,0.2,7.39,0.2,7.67233106808034,0.08021515762194581,18.474999999999998,-0.5912614448635781,3.0
2017-05-09,323.0,0.7,2.57,0.7,7.221481407868289,0.07550146940427105,6.425,-0.6050560696488488,-2.0
2017-05-10,320.0,1.6,2.18,1.6,7.7382591966880465,0.08090444425218377,5.45,-0.6186714032625031,-3.0
2017-05-11,316.0,0.0,4.18,0.0,6.577520317184839,0.0687687776143562,10.45,-0.6321034111873487,-4.0
2017-05-12,313.0,0.0,8.3,0.0,5.590892269607113,0.05845346097220277,20.75,-0.6453481132295501,-3.0
2017-05-13,311.0,0.0,11.98,0.0,4.752258429166046,0.049685441826372356,29.950000000000003,-0.6584015846980488,-2.0
2017-05-14,309.0,0.0,13.92,0.0,4.039419664791139,0.0422326255524165,34.8,-0.6712599575675313,-2.0
2017-05-15,305.0,0.0,14.54,0.0,3.4335067150724683,0.03589773171955402,36.349999999999994,-0.6839194216246106,-4.0
2017-05-16,305.0,0.0,12.11,0.0,2.918480707811598,0.03051307196162092,30.275,-0.6963762255968722,0.0
2017-05-17,303.0,0.0,12.06,0.0,2.4807086016398583,0.025936111167377783,30.150000000000002,-0.7086266782644596,-2.0
2017-05-18,301.0,0.0,14.93,0.0,2.1086023113938794,0.022045694492271114,37.325,-0.7206671495538609,-2.0
2017-05-19,299.0,0.0,18.1,0.0,1.7923119646847974,0.018738840318430445,45.25,-0.7324940716135789,-2.0
2017-05-20,292.0,0.0,19.59,0.0,1.5234651699820778,0.01592801427066588,48.975,-0.7441039398713607,-7.0
2017-05-21,286.0,0.0,18.19,0.0,1.2949453944847662,0.013538812130065997,45.475,-0.7554933140726803,-6.0
2017-05-22,279.0,0.0,15.81,0.0,1.1007035853120513,0.011507990310556097,39.525,-0.766658819300159,-7.0
2017-05-23,272.0,0.0,14.39,0.0,0.9355980475152436,0.009781791763972683,35.975,-0.777597146973627,-7.0
2017-05-24,267.0,0.0,14.5,0.0,0.795258340387957,0.00831452299937678,36.25,-0.7883050558305255,-5.0
2017-05-25,267.0,0.0,13.93,0.0,0.6759695893297634,0.007067344549470262,34.825,-0.7987793728863649,0.0
2017-05-26,264.0,1.0,12.1,1.0,1.5745741509302988,0.016462364903645582,30.25,-0.8090169943749473,-3.0
2017-05-27,263.0,0.0,14.31,0.0,1.3383880282907539,0.013993010168098743,35.775,-0.8190148866680801,-1.0
2017-05-28,263.0,0.0,19.64,0.0,1.1376298240471407,0.011894058642883931,49.1,-0.8287700871745037,0.0
2017-05-29,260.0,0.9,19.21,0.9,1.8669853504400695,0.019519559679387614,48.025000000000006,-0.8382797052177743,-3.0
2017-05-30,260.0,0.0,16.59,0.0,1.586937547874059,0.01659162572747947,41.475,-0.8475409228928311,0.0
2017-05-31,258.0,1.4,15.32,1.4,2.74889691569295,0.028740052719591753,38.3,-0.8565509959010036,-2.0
2017-06-01,259.0,3.2,11.31,3.2,5.536562378339008,0.05788543532875975,28.275000000000002,-0.865307254363206,1.0
2017-06-02,258.0,0.0,9.76,0.0,4.706078021588157,0.04920262002944578,24.4,-0.8738071036110808,-1.0
2017-06-03,256.0,0.0,9.97,0.0,4.000166318349933,0.04182222702502891,24.925,-0.8820480249558537,-2.0
2017-06-04,255.0,0.7,14.82,0.7,4.100141370597443,0.04286747839689168,37.05,-0.8900275764346767,-1.0
2017-06-05,255.0,0.5,13.8,0.5,3.9851201650078267,0.04166491765565586,34.5,-0.8977433935342337,0.0
2017-06-06,253.0,0.0,15.97,0.0,3.3873521402566524,0.03541518000730748,39.925000000000004,-0.9051931898913974,-2.0
2017-06-07,254.0,8.1,14.98,8.1,10.979249319218154,0.11478939150263781,37.45,-0.9123747579707273,1.0
2017-06-08,254.0,0.0,14.35,0.0,9.33236192133543,0.09757098277724213,35.875,-0.9192859697186104,0.0
2017-06-09,253.0,0.0,15.66,0.0,7.932507633135115,0.08293533536065581,39.15,-0.9259247771938498,-1.0
2017-06-10,252.0,0.0,18.6,0.0,6.7426314881648475,0.07049503505655744,46.5,-0.9322892131745133,-1.0
2017-06-11,253.0,7.7,15.96,7.7,13.43123676494012,0.14042521947986195,39.900000000000006,-0.9383773917408641,1.0
2017-06-12,253.0,5.1,13.92,5.1,16.5165512501991,0.1726825589445215,34.8,-0.9441875088341993,0.0
2017-06-13,253.0,1.5,13.01,1.5,15.539068562669234,0.16246285815773706,32.525,-0.9497178427914316,0.0
2017-06-14,254.0,0.9,13.02,0.9,14.10820827826885,0.14750303926701278,32.55,-0.9549667548552551,1.0
2017-06-15,255.0,1.4,14.33,1.4,13.391977036528521,0.14001475422819507,35.825,-0.9599326896597447,1.0
2017-06-16,255.0,3.6,15.93,3.6,14.983180481049242,0.15665098042571088,39.825,-0.9646141756912435,0.0
2017-06-17,253.0,0.0,18.76,0.0,12.735703408891856,0.13315333336185425,46.900000000000006,-0.9690098257244062,-2.0
2017-06-18,252.0,0.0,18.85,0.0,10.825347897558078,0.11318033335757613,47.125,-0.9731183372332619,-1.0
2017-06-19,250.0,0.0,19.54,0.0,9.201545712924366,0.0962032833539397,48.849999999999994,-0.9769384927771817,-2.0
2017-06-20,249.0,1.2,18.46,1.2,9.02131385598571,0.09431893729476376,46.150000000000006,-0.980469160361632,-1.0
2017-06-21,247.0,0.0,14.55,0.0,7.668116777587853,0.0801710967005492,36.375,-0.9837092937736097,-2.0
2017-06-22,247.0,0.7,14.07,0.7,7.217899260949675,0.07546401762108391,35.175,-0.986657932891657,0.0
2017-06-23,247.0,0.1,15.27,0.1,6.235214371807223,0.06518992718158091,38.175,-0.9893142039703663,0.0
2017-06-24,250.0,6.7,15.29,6.7,11.99993221603614,0.12546075574953602,38.224999999999994,-0.99167731989929,3.0
2017-06-25,251.0,1.9,17.5,1.9,12.099942383630719,0.12650637425663777,43.75,-0.993746580436178,1.0
2017-06-26,251.0,0.0,15.58,0.0,10.28495102608611,0.1075304181181421,38.95,-0.9955213724144752,0.0
2017-06-27,249.0,0.0,14.94,0.0,8.742208372173193,0.09140085540042077,37.35,-0.9970011699250151,-2.0
2017-06-28,248.0,0.0,16.97,0.0,7.430877116347214,0.07769072709035765,42.425,-0.9981855344718586,-1.0
2017-06-29,262.0,65.7,18.59,65.7,72.01624554889514,0.7529386358311521,46.475,-0.99907411510223,14.0
2017-06-30,265.0,18.0,17.59,18.0,79.21380871656086,0.8281900371152047,43.975,-0.9996666485105112,3.0
2017-07-01,267.0,0.0,17.43,0.0,67.33173740907674,0.703961531547924,43.575,-0.9999629591162655,2.0
2017-07-02,267.0,5.7,14.26,5.7,62.93197679771523,0.6579614974243319,35.65,-0.9999629591162655,0.0
2017-07-03,268.0,0.0,14.18,0.0,53.492180278057944,0.559267272810682,35.45,-0.9996666485105112,1.0
2017-07-04,274.0,7.7,11.85,7.7,53.168353236349255,0.5558816215708678,29.625,-0.99907411510223,6.0
2017-07-05,274.0,0.0,14.01,0.0,45.19310025089686,0.47249937833523764,35.025,-0.9981855344718586,0.0
2017-07-06,276.0,1.8,12.7,1.8,40.21413521326233,0.42044369125082454,31.75,-0.9970011699250151,2.0
2017-07-07,274.0,0.0,14.62,0.0,34.18201493127298,0.35737713756320083,36.55,-0.9955213724144752,-2.0
2017-07-08,271.0,0.2,16.44,0.2,29.254712691582032,0.3058615913360399,41.1,-0.9937465804361781,-3.0
2017-07-09,270.0,3.3,16.26,3.3,28.166505787844727,0.2944842553564002,40.650000000000006,-0.99167731989929,-1.0
2017-07-10,269.0,0.0,17.63,0.0,23.941529919668017,0.2503116170529402,44.074999999999996,-0.9893142039703664,-1.0
2017-07-11,276.0,39.3,19.8,39.3,59.65030043171781,0.6236511705332164,49.5,-0.9866579328916572,7.0
2017-07-12,305.0,6.1,17.33,6.1,56.80275536696014,0.5938797393764688,43.324999999999996,-0.9837092937736098,29.0
2017-07-13,318.0,3.8,15.27,3.8,52.082342061916115,0.5445272422090627,38.175,-0.9804691603616321,13.0
2017-07-14,312.0,0.0,15.17,0.0,44.26999075262869,0.46284815587770317,37.925,-0.9769384927771817,-6.0
2017-07-15,308.0,0.0,16.11,0.0,37.62949213973439,0.3934209324960477,40.275,-0.973118337233262,-4.0
2017-07-16,304.0,0.0,15.78,0.0,31.98506831877423,0.3344077926216405,39.449999999999996,-0.9690098257244063,-4.0
2017-07-17,301.0,0.6,14.14,0.6,27.787308070958094,0.29051969695035196,35.35,-0.9646141756912435,-3.0
2017-07-18,300.0,0.0,15.07,0.0,23.61921186031438,0.24694174240779915,37.675,-0.9599326896597445,-1.0
2017-07-19,296.0,0.0,17.03,0.0,20.076330081267223,0.20990048104662928,42.575,-0.9549667548552553,-4.0
2017-07-20,290.0,0.0,17.36,0.0,17.06488056907714,0.1784154088896349,43.4,-0.9497178427914317,-6.0
2017-07-21,286.0,0.0,16.75,0.0,14.505148483715569,0.15165309755618966,41.875,-0.9441875088341994,-4.0
2017-07-22,282.0,0.0,19.06,0.0,12.329376211158234,0.1289051329227612,47.65,-0.9383773917408642,-4.0
2017-07-23,279.0,0.0,19.78,0.0,10.479969779484499,0.10956936298434704,49.45,-0.9322892131745134,-3.0
2017-07-24,278.0,16.4,17.54,16.4,25.30797431256182,0.2645979599368671,43.849999999999994,-0.9259247771938499,-1.0
2017-07-25,279.0,3.3,17.35,3.3,24.81177816567755,0.2594101686671033,43.375,-0.9192859697186105,1.0
2017-07-26,283.0,20.4,17.75,20.4,41.49001144082591,0.43378313291359333,44.375,-0.9123747579707274,4.0
2017-07-27,287.0,0.0,18.69,0.0,35.266509724702026,0.36871566297655434,46.725,-0.9051931898913975,4.0
2017-07-28,293.0,0.0,19.23,0.0,29.97653326599672,0.3134083135300712,48.075,-0.8977433935342336,6.0
2017-07-29,293.0,0.0,18.56,0.0,25.480053276097212,0.2663970665005605,46.4,-0.8900275764346766,0.0
2017-07-30,297.0,0.0,19.1,0.0,21.65804528468263,0.2264375065254764,47.75,-0.8820480249558535,4.0
2017-07-31,296.0,11.2,20.8,11.2,29.609338491980232,0.3095692473565285,52.0,-0.8738071036110807,-1.0
2017-08-01,293.0,1.8,22.01,1.8,26.967937718183197,0.2819530799189218,55.025000000000006,-0.8653072543632061,-3.0
2017-08-02,290.0,0.0,22.68,0.0,22.922747060455716,0.23966011793108352,56.7,-0.8565509959010037,-3.0
2017-08-03,289.0,4.1,19.63,4.1,23.58433500138736,0.246577100591464,49.074999999999996,-0.8475409228928312,-1.0
2017-08-04,286.0,2.4,20.55,2.4,22.44668475117925,0.23468282839057444,51.375,-0.8382797052177745,-3.0
2017-08-05,283.0,0.0,18.73,0.0,19.079682038502362,0.19948040413198825,46.825,-0.828770087174504,-3.0
2017-08-06,279.0,2.9,16.02,2.9,19.117729732727007,0.199878197418318,40.05,-0.8190148866680802,-4.0
2017-08-07,277.0,0.0,15.82,0.0,16.250070272817954,0.16989646780557027,39.55,-0.8090169943749472,-2.0
2017-08-08,275.0,0.0,16.52,0.0,13.812559731895261,0.14441199763473475,41.3,-0.7987793728863648,-2.0
2017-08-09,272.0,0.0,19.54,0.0,11.740675772110972,0.12275019798952454,48.849999999999994,-0.7883050558305253,-3.0
2017-08-10,272.0,20.1,21.15,20.1,30.079574406294327,0.3144856212266726,52.875,-0.7775971469736268,0.0
2017-08-11,271.0,0.0,20.63,0.0,25.567638245350178,0.26731277804267173,51.574999999999996,-0.7666588193001592,-1.0
2017-08-12,270.0,9.4,24.32,9.4,31.13249250854765,0.32549400848027205,60.8,-0.7554933140726804,-1.0
2017-08-13,271.0,10.2,16.12,10.2,36.662618632265506,0.38331215198150903,40.300000000000004,-0.7441039398713608,1.0
2017-08-14,267.0,0.0,15.65,0.0,31.163225837425678,0.3258153291842827,39.125,-0.7324940716135792,-4.0
2017-08-15,265.0,0.0,17.35,0.0,26.488741961811826,0.27694302980664026,43.375,-0.7206671495538615,-2.0
2017-08-16,264.0,0.0,20.36,0.0,22.515430667540052,0.23540157533564424,50.9,-0.7086266782644601,-1.0
2017-08-17,263.0,0.0,19.75,0.0,19.138116067409044,0.20009133903529758,49.375,-0.6963762255968726,-1.0
2017-08-18,262.0,0.0,21.77,0.0,16.267398657297687,0.17007763818000293,54.425,-0.6839194216246105,-1.0
2017-08-19,261.0,8.6,22.17,8.6,22.427288858703033,0.2344800419677269,55.425000000000004,-0.6712599575675315,-1.0
2017-08-20,261.0,14.5,15.09,14.5,33.56319552989758,0.3509073052032078,37.725,-0.6584015846980489,0.0
2017-08-21,263.0,5.1,14.04,5.1,33.62871620041294,0.3515923318093655,35.099999999999994,-0.64534811322955,2.0
2017-08-22,267.0,0.0,13.81,0.0,28.584408770350997,0.2988534820379607,34.525,-0.6321034111873488,4.0
2017-08-23,268.0,2.3,13.14,2.3,26.596747454798347,0.278072240416437,32.85,-0.6186714032625032,1.0
2017-08-24,279.0,15.3,13.08,15.3,37.907235336578594,0.3963247715138881,32.7,-0.6050560696488494,11.0
2017-08-25,303.0,0.0,13.6,0.0,32.22115003609181,0.3368760557868049,34.0,-0.5912614448635782,24.0
2017-08-26,316.0,0.3,15.65,0.3,27.687977530678037,0.289481184029763,39.125,-0.5772916165517278,13.0
2017-08-27,319.0,32.7,13.69,32.7,56.234780901076334,0.5879414970219832,34.225,-0.5631507242749187,3.0
2017-08-28,331.0,0.4,12.47,0.4,48.19956376591488,0.503932321283324,31.175,-0.5488429582847199,12.0
2017-08-29,346.0,0.0,12.1,0.0,40.96962920102765,0.4283424730908254,30.25,-0.5343725582809785,15.0
2017-08-30,342.0,0.0,14.2,0.0,34.824184820873505,0.36409110212720164,35.5,-0.5197438121555157,-4.0
2017-08-31,336.0,0.0,15.55,0.0,29.600557097742477,0.30947743680812134,38.875,-0.5049610547215202,-6.0
2017-09-01,331.0,0.2,15.87,0.2,25.360473533081105,0.2651468456942223,39.675,-0.4900286664290594,-5.0
2017-09-02,325.0,0.4,17.61,0.4,21.956402503118937,0.2295568676547273,44.025,-0.4749510720670502,-6.0
2017-09-03,320.0,4.9,14.57,4.9,23.562942127651098,0.24635343548583793,36.425,-0.4597327394521046,-5.0
2017-09-04,319.0,13.9,17.68,13.9,33.928500808503436,0.3547266164716447,44.2,-0.44437817810461344,-1.0
2017-09-05,325.0,0.5,12.35,0.5,29.33922568722792,0.30674518501919595,30.875,-0.4288919379124841,6.0
2017-09-06,322.0,0.0,9.86,0.0,24.93834183414373,0.26073340726631655,24.65,-0.41327860778290443,-3.0
2017-09-07,326.0,0.0,10.67,0.0,21.19759055902217,0.22162339617636906,26.675,-0.3975428142825566,4.0
2017-09-08,327.0,0.0,11.96,0.0,18.017951975168845,0.18837988674991368,29.900000000000002,-0.3816892202666586,1.0
2017-09-09,321.0,0.3,15.53,0.3,15.615259178893519,0.1632594403484054,38.824999999999996,-0.3657225234972692,-6.0
2017-09-10,316.0,0.9,17.07,0.9,14.172970302059491,0.14818013412908088,42.675,-0.34964745525122826,-5.0
2017-09-11,313.0,1.6,18.2,1.6,13.647024756750566,0.1426813092682721,45.5,-0.33346877891818705,-3.0
2017-09-12,311.0,14.3,17.41,14.3,25.899971043237983,0.2707873580013521,43.525,-0.31719128858910595,-2.0
2017-09-13,310.0,0.3,14.79,0.3,22.314975386752284,0.23330579091212802,36.974999999999994,-0.300819807635668,-1.0
2017-09-14,312.0,1.2,13.58,1.2,20.16772907873944,0.21085606871922385,33.95,-0.2843591872810036,2.0
2017-09-15,309.0,0.7,11.32,0.7,17.842569716928523,0.18654624383695734,28.3,-0.26781430516217486,-3.0
2017-09-16,305.0,0.8,12.71,0.8,15.966184259389244,0.16692840489069044,31.775000000000002,-0.25119006388481957,-4.0
2017-09-17,304.0,13.1,12.91,13.1,26.671256620480857,0.27885124283649265,32.275,-0.23449138957041052,-1.0
2017-09-18,306.0,13.3,12.4,13.3,35.970568127408725,0.37607667949774365,31.0,-0.21772323039653224,2.0
2017-09-19,310.0,0.8,11.68,0.8,31.374982908297415,0.32802927520235875,29.2,-0.20089055513063528,4.0
2017-09-20,314.0,0.0,10.58,0.0,26.668735472052802,0.27882488392200494,26.45,-0.18399835165767986,4.0
2017-09-21,316.0,7.9,11.47,7.9,30.56842515124488,0.3195966154228115,28.675,-0.1670516255021195,2.0
2017-09-22,323.0,1.2,15.1,1.2,27.183161378558147,0.28420326955330477,37.75,-0.15005539834465262,7.0
2017-09-23,331.0,0.0,14.0,0.0,23.105687171774424,0.24157277912030903,35.0,-0.13301470653419636,8.0
2017-09-24,336.0,0.0,13.83,0.0,19.63983409600826,0.2053368622522627,34.575,-0.11593459959550066,5.0
2017-09-25,334.0,0.0,13.69,0.0,16.693858981607022,0.1745363329144233,34.225,-0.09882013873287211,-2.0
2017-09-26,332.0,0.0,12.91,0.0,14.189780134365968,0.1483558829772598,32.275,-0.08167639533042288,-2.0
2017-09-27,328.0,0.0,11.63,0.0,12.061313114211073,0.12610250053067082,29.075000000000003,-0.06450844944931625,-4.0
2017-09-28,323.0,0.0,10.75,0.0,10.25211614707941,0.10718712545107019,26.875,-0.04732138832243232,-5.0
2017-09-29,318.0,0.0,9.0,0.0,8.7142987250175,0.09110905663340967,22.5,-0.03012030484690836,-5.0
2017-09-30,316.0,0.0,6.67,0.0,7.407153916264875,0.07744269813839821,16.675,-0.012910296075008843,-2.0
2017-10-01,313.0,0.0,7.2,0.0,6.2960808288251435,0.06582629341763849,18.0,0.004303538296243821,-3.0
2017-10-02,311.0,0.0,7.3,0.0,5.351668704501372,0.05595234940499271,18.25,0.021516097436222233,-2.0
2017-10-03,308.0,8.3,6.93,8.3,12.848918398826168,0.13433700989798947,17.325,0.03872228089217399,-3.0
2017-10-04,306.0,0.6,9.78,0.6,11.521580639002241,0.12045953163524854,24.45,0.05591699010060302,-2.0
2017-10-05,310.0,12.6,7.83,12.6,22.393343543151907,0.23412513955106912,19.575,0.07309512989807776,4.0
2017-10-06,309.0,0.9,8.17,0.9,19.93434201167912,0.20841597845134502,20.425,0.0902516100310407,-1.0
2017-10-07,308.0,0.2,8.84,0.2,17.14419070992725,0.17924460609096243,22.1,0.10738134666416306,-1.0
2017-10-08,309.0,8.4,7.17,8.4,22.972562103438165,0.24018094028472328,17.925,0.12447926388678869,1.0
2017-10-09,311.0,2.5,4.27,2.5,22.026677787922438,0.23029160433350443,10.674999999999999,0.141540295217043,2.0
2017-10-10,316.0,12.6,6.64,12.6,31.32267611973407,0.32748240134458656,16.599999999999998,0.15855938510313475,5.0
2017-10-11,320.0,6.4,8.1,6.4,33.02427470177396,0.3452728221771121,20.25,0.17553149042142777,4.0
2017-10-12,326.0,5.2,10.2,5.2,33.27063349650787,0.34784853344084377,25.5,0.19245158197082995,6.0
2017-10-13,333.0,8.6,8.52,8.6,36.880038472031686,0.3855853029394416,21.299999999999997,0.20931464596304888,7.0
2017-10-14,339.0,9.9,9.02,9.9,41.24803270122693,0.43125321566082436,22.549999999999997,0.22611568550828803,6.0
2017-10-15,342.0,0.0,11.22,0.0,35.060827796042894,0.3665652333117007,28.05,0.2428497220959358,3.0
2017-10-16,345.0,0.0,10.97,0.0,29.80170362663646,0.3115804483149456,27.425,0.25951179706979943,3.0
2017-10-17,345.0,0.0,12.52,0.0,25.33144808264099,0.2648433810677037,31.299999999999997,0.27609697309746883,0.0
2017-10-18,342.0,0.0,12.15,0.0,21.53173087024484,0.22511687390754817,30.375,0.2926003356333479,-3.0
2017-10-19,339.0,0.3,7.95,0.3,18.601971239708114,0.1944858794323947,19.875,0.30901699437494723,-3.0
2017-10-20,334.0,0.0,5.8,0.0,15.811675553751897,0.1653129975175355,14.5,0.3253420847119795,-5.0
2017-10-21,330.0,5.4,4.73,5.4,18.839924220689113,0.19697370688752283,11.825000000000001,0.341570769167856,-4.0
2017-10-22,328.0,0.0,0.46,0.0,16.013935587585745,0.1674276508543944,1.1500000000000001,0.35769823883312546,-2.0
2017-10-23,325.0,0.0,1.41,0.0,13.611845249447883,0.14231350322623523,3.525,0.3737197147904692,-3.0
2017-10-24,322.0,0.0,0.93,0.0,11.5700684620307,0.12096647774229995,2.325,0.38963044953078774,-3.0
2017-10-25,321.0,11.9,1.02,11.9,21.734558192726098,0.2272374583164457,2.55,0.4054257283599973,-1.0
2017-10-26,321.0,2.7,8.22,2.7,21.17437446381718,0.22138066906778764,20.55,0.42110087079608916,0.0
2017-10-27,323.0,4.7,5.92,4.7,22.6982182942446,0.23731264227962,14.8,0.4366512319560638,2.0
2017-10-28,326.0,7.7,4.2,7.7,26.99348555010791,0.2822201856194651,10.5,0.45207220393230374,3.0
2017-10-29,332.0,14.3,4.85,14.3,37.24446271759172,0.3893954028998661,12.125,0.46735921715800205,6.0
2017-10-30,344.0,2.6,2.4,2.6,34.257793309952966,0.3581694097600355,6.0,0.48250774176121763,12.0
2017-10-31,352.0,0.0,1.88,0.0,29.11912431346002,0.30444399829603014,4.699999999999999,0.4975132889071803,8.0
2017-11-01,354.0,7.5,4.44,7.5,32.25125566644101,0.3371908138260945,11.100000000000001,0.5123714121284235,2.0
2017-11-02,358.0,12.2,8.39,12.2,39.61356731647486,0.4141646805986498,20.975,0.5270777086423724,4.0
2017-11-03,365.0,1.1,7.12,1.1,34.77153221900363,0.3635406127491078,17.8,0.5416278206559811,7.0
2017-11-04,371.0,0.0,6.27,0.0,29.555802386153086,0.3090095208367416,15.674999999999999,0.5560174366570446,6.0
2017-11-05,368.0,0.0,6.04,0.0,25.122432028230122,0.26265809271123036,15.1,0.5702422926917867,-3.0
2017-11-06,368.0,0.0,5.62,0.0,21.354067223995603,0.2232593788045458,14.05,0.5842981736283683,0.0
2017-11-07,368.0,0.0,5.96,0.0,18.15095714039626,0.18977047198386393,14.9,0.5981809144059159,0.0
2017-11-08,366.0,0.0,5.53,0.0,15.428313569336822,0.16130490118628432,13.825000000000001,0.6118864012687242,-2.0
2017-11-09,364.0,0.0,1.96,0.0,13.114066533936299,0.1371091660083417,4.9,0.6254105729852457,-2.0
2017-11-10,362.0,1.4,4.09,1.4,12.546956553845854,0.13117996195832463,10.225,0.6387494220515268,-2.0
2017-11-11,361.0,7.0,3.62,7.0,17.664913070768975,0.18468882192074695,9.05,0.6518989958787125,-1.0
2017-11-12,361.0,0.0,2.8,0.0,15.015176110153629,0.15698549863263492,7.0,0.6648553979642867,0.0
2017-11-13,361.0,4.9,0.87,4.9,17.662899693630585,0.1846677718170594,2.175,0.6776147890466887,0.0
2017-11-14,361.0,0.0,1.33,0.0,15.013464739585997,0.15696760604450047,3.325,0.690173388242972,0.0
2017-11-15,361.0,1.8,3.53,1.8,14.561445028648098,0.15224168480369796,8.825,0.7025274741691566,0.0
2017-11-16,361.0,0.4,4.12,0.4,12.777228274350884,0.1335874808977816,10.3,0.7146733860429608,0.0
2017-11-17,360.0,0.2,3.42,0.2,11.060644033198251,0.11564038317043354,8.55,0.726607524768565,-1.0
2017-11-18,359.0,0.0,2.59,0.0,9.401547428218514,0.09829432569486851,6.475,0.7383263540031063,-1.0
2017-11-19,357.0,1.2,1.47,1.2,9.191315313985736,0.09609632328455327,3.675,0.749826401204568,-2.0
2017-11-20,354.0,0.9,1.55,0.9,8.712618016887875,0.09109148462480654,3.875,0.7611042586607742,-3.0
2017-11-21,351.0,0.6,0.6,0.6,8.005725314354693,0.08370083515304307,1.5,0.7721565844991641,-3.0
2017-11-22,347.0,0.0,-0.83,0.0,6.804866517201489,0.0711457098800866,0.0,0.7829801036770625,-4.0
2017-11-23,345.0,0.8,0.1,0.8,6.584136539621266,0.06883795102735031,0.25,0.7935716089521472,-2.0
2017-11-24,343.0,0.0,1.82,0.0,5.596516058678076,0.05851225837324776,4.55,0.8039279618328208,-2.0
2017-11-25,341.0,1.5,4.23,1.5,6.257038649876365,0.0654181026721544,10.575000000000001,0.8140460935082175,-2.0
2017-11-26,338.0,1.7,3.42,1.7,7.01848285239491,0.07337909473354419,8.55,0.8239230057575536,-3.0
2017-11-27,333.0,0.0,1.03,0.0,5.965710424535673,0.062372230523512553,2.575,0.8335557718385695,-5.0
2017-11-28,330.0,0.0,0.5,0.0,5.070853860855322,0.05301639594498567,1.25,0.8429415373547832,-3.0
2017-11-29,328.0,0.5,0.83,0.5,4.8102257817270235,0.05029149757153575,2.0749999999999997,0.8520775211013093,-2.0
2017-11-30,326.0,7.6,0.45,7.6,11.68869191446797,0.12220670041393392,1.125,0.8609610158889945,-2.0
2017-12-01,324.0,3.7,0.6,3.7,13.635388127297773,0.1425596468872485,1.5,0.8695893893466109,-2.0
2017-12-02,323.0,0.0,1.54,0.0,11.590079908203107,0.12117569985416123,3.85,0.8779600847008883,-1.0
2017-12-03,323.0,0.0,-0.9,0.0,9.85156792197264,0.10299934487603703,0.0,0.8860706215341377,0.0
2017-12-04,325.0,1.7,-1.41,1.7,10.073832733676744,0.10532315060684444,0.0,0.893918596519257,2.0
2017-12-05,325.0,1.8,0.36,1.8,10.362757823625232,0.10834389768169031,0.8999999999999999,0.9015016841318838,0.0
2017-12-06,325.0,1.3,1.08,1.3,10.108344150081448,0.10568397167701139,2.7,0.9088176373395028,0.0
2017-12-07,323.0,8.7,2.1,8.7,17.29209252756923,0.18079093764384366,5.25,0.9158642882672868,-2.0
2017-12-08,323.0,0.5,1.96,0.5,15.198278648433845,0.15889985801556503,4.9,0.9226395488404875,0.0
2017-12-09,326.0,0.0,0.55,0.0,12.918536851168769,0.13506487931323027,1.375,0.9291414114031743,3.0
2017-12-10,325.0,0.0,-1.61,0.0,10.980756323493454,0.11480514741624574,0.0,0.935367949313148,-1.0
2017-12-11,327.0,0.4,-0.88,0.4,9.733642874969435,0.10176642411844722,0.0,0.941317317512847,2.0
2017-12-12,329.0,0.0,4.07,0.0,8.27359644372402,0.08650146050068014,10.175,0.946987753076075,2.0
2017-12-13,329.0,0.0,0.81,0.0,7.0325569771654175,0.07352624142557812,2.0250000000000004,0.9523775757303973,0.0
2017-12-14,327.0,5.0,-0.89,5.0,10.977673430590604,0.11477291539472069,0.0,0.9574851883550389,-2.0
2017-12-15,326.0,10.3,0.38,10.3,19.631022416002015,0.20524473506244995,0.95,0.9623090774541487,-1.0
2017-12-16,325.0,0.3,-0.43,0.3,16.986369053601713,0.17759456141406124,0.0,0.9668478136052773,-1.0
2017-12-17,324.0,0.0,-0.29,0.0,14.438413695561456,0.15095537720195204,0.0,0.9711000518829505,-1.0
2017-12-18,322.0,0.0,-1.63,0.0,12.272651641227238,0.12831207062165925,0.0,0.9750645322571945,-2.0
2017-12-19,320.0,0.0,-0.67,0.0,10.431753895043153,0.10906526002841035,0.0,0.9787400799669153,-2.0
2017-12-20,319.0,0.0,-1.47,0.0,8.86699081078668,0.0927054710241488,0.0,0.9821256058680006,-1.0
2017-12-21,319.0,4.8,-2.15,4.8,12.336942189168678,0.12898423614618662,0.0,0.9852201067560606,0.0
2017-12-22,317.0,0.9,0.06,0.9,11.386400860793376,0.11904621055719489,0.15,0.9880226656636976,-2.0
2017-12-23,315.0,7.1,0.17,7.1,16.77844073167437,0.17542064543344627,0.42500000000000004,0.9905324521322227,-2.0
2017-12-24,320.0,4.9,2.93,4.9,19.16167462192321,0.200337646597749,7.325,0.9927487224577402,5.0
2017-12-25,330.0,5.2,3.43,5.2,21.487423428634727,0.2246536341983851,8.575000000000001,0.9946708199115211,10.0
2017-12-26,337.0,0.2,3.37,0.2,18.464309914339516,0.19304661347594648,8.425,0.9962981749346077,7.0
2017-12-27,345.0,0.4,0.66,0.4,16.09466342718859,0.16827167026919285,1.6500000000000001,0.9976303053065857,8.0
2017-12-28,348.0,0.0,2.15,0.0,13.6804639131103,0.14303091972881393,5.375,0.9986668162884759,3.0
2017-12-29,350.0,8.2,2.4,8.2,19.82839432614375,0.20730828246957786,6.0,0.9994074007397048,2.0
2017-12-30,350.0,0.0,0.1,0.0,16.854135177222187,0.17621204009914115,0.25,0.9998518392091162,0.0
2017-12-31,347.0,0.2,-0.46,0.2,14.526014900638858,0.15187125849158914,0.0,1.0,-3.0
2018-01-01,344.0,4.3,3.79,4.3,16.647112665543027,0.17404759447521295,9.475,0.9998518392091162,-3.0
2018-01-02,343.0,0.0,2.5,0.0,14.150045765711573,0.147940455303931,6.25,0.9994074007397048,-1.0
2018-01-03,343.0,1.6,1.91,1.6,13.627538900854836,0.14247758226689472,4.7749999999999995,0.998666816288476,0.0
2018-01-04,342.0,0.0,3.06,0.0,11.58340806572661,0.12110594492686051,7.65,0.9976303053065857,-1.0
2018-01-05,342.0,1.4,3.21,1.4,11.245896855867619,0.11757722403906563,8.025,0.9962981749346078,0.0
2018-01-06,343.0,1.2,3.83,1.2,10.759012327487476,0.11248678687712081,9.575,0.9946708199115211,1.0
2018-01-07,346.0,0.5,-0.99,0.5,9.645160478364353,0.10084132986385061,0.0,0.9927487224577402,3.0
2018-01-08,346.0,0.0,-2.1,0.0,8.1983864066097,0.08571513038427302,0.0,0.9905324521322229,0.0
2018-01-09,343.0,0.0,-1.87,0.0,6.968628445618244,0.07285786082663206,0.0,0.9880226656636976,-3.0
2018-01-10,340.0,0.0,-5.67,0.0,5.923334178775508,0.061929181702637254,0.0,0.9852201067560606,-3.0
2018-01-11,337.0,0.5,-5.17,0.5,5.534834051959182,0.0578673654655396,0.0,0.9821256058680006,-3.0
2018-01-12,334.0,0.0,-3.0,0.0,4.7046089441653045,0.04918726064570866,0.0,0.9787400799669153,-3.0
2018-01-13,326.0,0.0,-7.34,0.0,3.9989176025405087,0.04180917154885236,0.0,0.9750645322571948,-8.0
2018-01-14,318.0,0.0,-8.55,0.0,3.399079962159432,0.0355377958165245,0.0,0.9711000518829505,-8.0
2018-01-15,314.0,0.0,-9.73,0.0,2.889217967835517,0.030207126444045822,0.0,0.9668478136052775,-4.0
2018-01-16,316.0,0.0,-9.11,0.0,2.4558352726601895,0.025676057477438948,0.0,0.9623090774541486,2.0
2018-01-17,312.0,7.0,-6.52,7.0,9.08745998176116,0.09501050311199412,0.0,0.9574851883550393,-4.0
2018-01-18,309.0,0.2,-2.35,0.2,7.924340984496986,0.08284995205251416,0.0,0.9523775757303974,-3.0
2018-01-19,306.0,5.0,-2.25,5.0,11.735689836822438,0.12269806942761634,0.0,0.9469877530760753,-3.0
2018-01-20,308.0,2.3,-3.2,2.3,12.275336361299072,0.12834013969764435,0.0,0.9413173175128471,2.0
2018-01-21,304.0,0.0,-3.89,0.0,10.43403590710421,0.1090891187429977,0.0,0.9353679493131483,-4.0
2018-01-22,297.0,0.0,-7.35,0.0,8.868930521038578,0.09272575093154804,0.0,0.9291414114031743,-7.0
2018-01-23,298.0,0.0,-11.64,0.0,7.5385909428827915,0.07881688829181584,0.0,0.9226395488404876,1.0
2018-01-24,302.0,0.5,-6.7,0.5,6.907802301450372,0.07222191606634139,0.0,0.9158642882672872,4.0
2018-01-25,304.0,0.4,1.2,0.4,6.271631956232817,0.06557067747102852,3.0,0.9088176373395029,2.0
2018-01-26,307.0,1.0,0.39,1.0,6.330887162797894,0.0661901978869701,0.9750000000000001,0.901501684131884,3.0
2018-01-27,307.0,1.7,-0.3,1.7,7.08125408837821,0.07403537566613755,0.0,0.893918596519257,0.0
2018-01-28,304.0,8.9,1.19,8.9,14.919065975121478,0.15598065544192008,2.9749999999999996,0.886070621534138,-3.0
2018-01-29,317.0,8.5,2.51,8.5,21.181206078853258,0.22145209443669686,6.2749999999999995,0.8779600847008882,13.0
2018-01-30,334.0,1.8,1.11,1.8,19.80402516702527,0.2070534999370649,2.7750000000000004,0.869589389346611,17.0
2018-01-31,342.0,0.2,0.22,0.2,17.033421391971476,0.1780864993538243,0.55,0.8609610158889943,8.0
2018-02-01,341.0,9.2,0.26,9.2,23.678408183175755,0.24756064718743256,0.65,0.8520775211013093,-1.0
2018-02-02,341.0,7.7,0.23,7.7,27.826646955699392,0.2909309897911058,0.5750000000000001,0.8429415373547828,0.0
2018-02-03,332.0,0.0,-0.66,0.0,23.652649912344483,0.24729134132243993,0.0,0.8335557718385699,-9.0
2018-02-04,326.0,0.0,-3.2,0.0,20.10475242549281,0.2101976401240739,0.0,0.8239230057575542,-6.0
2018-02-05,321.0,0.0,-8.01,0.0,17.089039561668887,0.17866799410546283,0.0,0.8140460935082178,-5.0
2018-02-06,316.0,3.1,-5.98,3.1,17.625683627418553,0.18427867330309056,0.0,0.8039279618328213,-5.0
2018-02-07,311.0,0.0,-6.36,0.0,14.981831083305769,0.15663687230762696,0.0,0.7935716089521474,-5.0
2018-02-08,304.0,0.7,-3.55,0.7,13.434556420809903,0.14045992688710002,0.0,0.7829801036770629,-7.0
2018-02-09,311.0,0.0,-4.09,0.0,11.419372957688417,0.119390937854035,0.0,0.7721565844991642,7.0
2018-02-10,307.0,4.5,-4.92,4.5,14.206467014035153,0.1485303463406111,0.0,0.7611042586607747,-4.0
2018-02-11,298.0,0.0,-4.78,0.0,12.07549696192988,0.12625079438951944,0.0,0.7498264012045686,-9.0
2018-02-12,296.0,0.0,-2.15,0.0,10.264172417640399,0.10731317523109153,0.0,0.7383263540031065,-2.0
2018-02-13,294.0,0.0,-0.67,0.0,8.724546554994339,0.0912161989464278,0.0,0.7266075247685656,-2.0
2018-02-14,293.0,0.0,-2.69,0.0,7.415864571745187,0.07753376910446362,0.0,0.7146733860429609,-1.0
2018-02-15,291.0,0.0,-6.18,0.0,6.303484885983409,0.06590370373879409,0.0,0.702527474169157,-2.0
2018-02-16,293.0,0.9,-3.7,0.9,6.257962153085898,0.06542775801091125,0.0,0.6901733882429719,2.0
2018-02-17,295.0,4.2,-1.56,4.2,9.519267830123013,0.09952510686297716,0.0,0.6776147890466889,2.0
2018-02-18,294.0,2.7,-3.93,2.7,10.79137765560456,0.1128251703323394,0.0,0.6648553979642865,-1.0
2018-02-19,293.0,1.1,-1.89,1.1,10.272671007263876,0.10740202902274393,0.0,0.6518989958787126,-1.0
2018-02-20,290.0,1.2,-3.08,1.2,9.931770356174294,0.10383787111324737,0.0,0.6387494220515272,-3.0
2018-02-21,291.0,0.0,-7.65,0.0,8.44200480274815,0.08826219044626027,0.0,0.6254105729852463,1.0
2018-02-22,288.0,0.0,-11.6,0.0,7.175704082335927,0.07502286187932122,0.0,0.6118864012687243,-3.0
2018-02-23,285.0,0.0,-12.95,0.0,6.099348469985538,0.06376943259742303,0.0,0.5981809144059164,-3.0
2018-02-24,283.0,0.0,-13.17,0.0,5.184446199487707,0.054204017707809575,0.0,0.5842981736283683,-2.0
2018-02-25,279.0,0.0,-15.24,0.0,4.4067792695645505,0.04607341505163814,0.0,0.5702422926917871,-4.0
2018-02-26,278.0,0.5,-15.02,0.5,4.245762379129868,0.04438996381219035,0.0,0.5560174366570446,-1.0
2018-02-27,277.0,0.0,-15.4,0.0,3.6088980222603877,0.0377314692403618,0.0,0.5416278206559814,-1.0
2018-02-28,279.0,0.0,-14.62,0.0,3.0675633189213296,0.032071748854307525,0.0,0.5270777086423722,2.0
2018-03-01,281.0,2.5,-13.02,2.5,5.10742882108313,0.05339879161765104,0.0,0.5123714121284237,2.0
2018-03-02,298.0,0.0,-9.21,0.0,4.341314497920661,0.04538897287500339,0.0,0.49751328890718066,17.0
2018-03-03,389.0,2.7,-11.46,2.7,6.390117323232562,0.0668094564425617,0.0,0.48250774176121847,91.0
2018-03-04,394.0,0.0,-8.83,0.0,5.431599724747677,0.056788037976177444,0.0,0.46735921715800227,5.0
2018-03-05,393.0,0.0,-7.47,0.0,4.6168597660355255,0.048269832279750825,0.0,0.45207220393230435,-1.0
2018-03-06,403.0,0.0,-3.0,0.0,3.9243308011301967,0.041029357437788204,0.0,0.43665123195606403,10.0
2018-03-07,419.0,4.5,-2.85,4.5,7.835681180960667,0.08192300298680134,0.0,0.4211008707960896,16.0
2018-03-08,427.0,2.2,-0.9,2.2,8.860329003816567,0.09263582101929203,0.0,0.40542572835999735,8.0
2018-03-09,430.0,1.7,1.68,1.7,9.231279653244082,0.09651415532861118,4.2,0.38963044953078796,3.0
2018-03-10,438.0,0.0,1.08,0.0,7.846587705257469,0.0820370320293195,2.7,0.37371971479046906,8.0
2018-03-11,446.0,3.0,1.02,3.0,9.669599549468849,0.10109684333470915,2.55,0.35769823883312546,8.0
2018-03-12,450.0,0.0,2.8,0.0,8.219159617048522,0.0859323168345028,7.0,0.3415707691678556,4.0
2018-03-13,517.0,0.0,5.46,0.0,6.986285674491244,0.07304246930932737,13.65,0.3253420847119801,67.0
2018-03-14,345.0,0.0,2.88,0.0,5.938342823317557,0.06208609891292826,7.199999999999999,0.30901699437494745,-172.0
2018-03-15,388.0,0.0,-2.16,0.0,5.0475913998199236,0.05277318407598903,0.0,0.29260033563334836,43.0
2018-03-16,392.0,0.0,-6.11,0.0,4.290452689846935,0.044857206464590675,0.0,0.27609697309746883,4.0
2018-03-17,382.0,0.0,-7.44,0.0,3.646884786369895,0.03812862549490207,0.0,0.2595117970697999,-10.0
2018-03-18,362.0,0.0,-4.99,0.0,3.099852068414411,0.032409331670666765,0.0,0.2428497220959356,-20.0
2018-03-19,352.0,0.0,-2.08,0.0,2.6348742581522493,0.02754793192006675,0.0,0.22611568550828828,-10.0
2018-03-20,337.0,0.0,-0.97,0.0,2.2396431194294117,0.023415742132056737,0.0,0.20931464596304847,-15.0
2018-03-21,326.0,0.0,-3.02,0.0,1.903696651515,0.019903380812248225,0.0,0.19245158197082998,-11.0
2018-03-22,313.0,0.3,-1.6,0.3,1.91814215378775,0.02005441030138975,0.0,0.1755314904214282,-13.0
2018-03-23,318.0,0.0,0.14,0.0,1.6304208307195875,0.017046248756181288,0.35000000000000003,0.15855938510313478,5.0
2018-03-24,315.0,0.0,-0.34,0.0,1.3858577061116493,0.014489311442754093,0.0,0.141540295217043,-3.0
2018-03-25,312.0,0.0,2.26,0.0,1.177979050194902,0.01231591472634098,5.6499999999999995,0.12447926388678915,-3.0
2018-03-26,308.0,0.0,3.78,0.0,1.0012821926656665,0.01046852751738983,9.45,0.10738134666416309,-4.0
2018-03-27,306.0,0.0,-0.86,0.0,0.8510898637658165,0.008898248389781356,0.0,0.09025161003104117,-2.0
2018-03-28,305.0,0.0,-2.64,0.0,0.7234263842009441,0.007563511131314153,0.0,0.07309512989807777,-1.0
2018-03-29,304.0,0.5,-0.72,0.5,1.1149124265708026,0.011656545479914961,0.0,0.055916990100603484,-1.0
2018-03-30,302.0,3.4,2.1,3.4,4.347675562585182,0.04545547858235364,5.25,0.03872228089217446,-2.0
2018-03-31,302.0,0.0,3.51,0.0,3.6955242281974043,0.038637156795000585,8.774999999999999,0.021516097436222254,0.0
2018-04-01,310.0,12.7,3.19,12.7,15.841195593967793,0.16562163314051792,7.975,0.004303538296244289,8.0
2018-04-02,324.0,6.3,1.53,6.3,19.765016254872624,0.20664565699999413,3.825,-0.01291029607500882,14.0
2018-04-03,336.0,2.1,3.69,2.1,18.900263816641733,0.19760456472684634,9.225,-0.030120304846908114,12.0
2018-04-04,346.0,0.0,11.36,0.0,16.065224244145472,0.1679638800178194,28.4,-0.04732138832243185,10.0
2018-04-05,358.0,2.2,12.98,2.2,15.85544060752365,0.16577056649565736,32.45,-0.06450844944931623,12.0
2018-04-06,366.0,0.0,6.03,0.0,13.477124516395103,0.14090498152130876,15.075000000000001,-0.08167639533042241,8.0
2018-04-07,371.0,0.0,5.67,0.0,11.455555838935837,0.11976923429311244,14.175,-0.09882013873287143,5.0
2018-04-08,367.0,0.0,11.85,0.0,9.737222463095462,0.10180384914914557,29.625,-0.11593459959550041,-4.0
2018-04-09,362.0,5.7,15.51,5.7,13.976639093631142,0.14612746738537014,38.775,-0.1330147065341959,-5.0
2018-04-10,358.0,0.0,11.55,0.0,11.880143229586471,0.12420834727756462,28.875,-0.1500553983446526,-4.0
2018-04-11,356.0,0.0,6.66,0.0,10.0981217451485,0.10557709518592992,16.65,-0.16705162550211924,-2.0
2018-04-12,353.0,0.0,8.78,0.0,8.583403483376225,0.08974053090804043,21.95,-0.18399835165768005,-3.0
2018-04-13,352.0,0.0,11.38,0.0,7.295892960869791,0.07627945127183437,28.450000000000003,-0.20089055513063506,-1.0
2018-04-14,349.0,0.0,12.99,0.0,6.2015090167393225,0.06483753358105922,32.475,-0.21772323039653177,-3.0
2018-04-15,344.0,0.0,13.78,0.0,5.271282664228424,0.055111903543900324,34.449999999999996,-0.23449138957040985,-5.0
2018-04-16,338.0,0.0,16.49,0.0,4.48059026459416,0.04684511801231528,41.224999999999994,-0.25119006388481935,-6.0
2018-04-17,334.0,0.5,11.7,0.5,4.308501724905036,0.04504591132876592,29.25,-0.2678143051621742,-4.0
2018-04-18,329.0,0.0,10.47,0.0,3.6622264661692805,0.038289024629451024,26.175,-0.2843591872810034,-5.0
2018-04-19,322.0,0.0,10.08,0.0,3.112892496243888,0.03254567093503337,25.2,-0.30081980763566735,-7.0
2018-04-20,316.0,0.0,11.51,0.0,2.645958621807305,0.027663820294778364,28.775,-0.3171912885891061,-6.0
2018-04-21,312.0,0.0,13.34,0.0,2.249064828536209,0.023514247250561608,33.35,-0.3334687789181868,-4.0
2018-04-22,309.0,0.0,10.2,0.0,1.9117051042557778,0.019987110162977367,25.5,-0.3496474552512284,-3.0
2018-04-23,306.0,1.0,10.85,1.0,2.624949338617411,0.02744416567512662,27.125,-0.36572252349726897,-3.0
2018-04-24,305.0,1.0,11.12,1.0,3.2312069378247994,0.03378266286045349,27.799999999999997,-0.3816892202666588,-1.0
2018-04-25,302.0,4.2,9.85,4.2,6.94652589715108,0.07262677598508809,24.625,-0.39754281428255595,-3.0
2018-04-26,302.0,2.1,7.71,2.1,8.004547012578417,0.08368851586417617,19.275,-0.4132786077829042,0.0
2018-04-27,300.0,3.2,7.55,3.2,10.003864960691654,0.10459162900165649,18.875,-0.4288919379124835,-2.0
2018-04-28,300.0,0.0,9.05,0.0,8.503285216587907,0.08890288465140803,22.625,-0.4443781781046132,0.0
2018-04-29,300.0,0.0,14.94,0.0,7.227792434099721,0.07556745195369682,37.35,-0.45973273945210397,0.0
2018-04-30,298.0,0.0,19.69,0.0,6.143623568984762,0.0642323341606423,49.225,-0.47495107206704995,-2.0
2018-05-01,295.0,0.0,18.63,0.0,5.222080033637048,0.05459748403654595,46.574999999999996,-0.49002866642905923,-3.0
2018-05-02,292.0,0.0,14.82,0.0,4.4387680285914906,0.046407861431064054,37.05,-0.5049610547215204,-3.0
2018-05-03,289.0,0.0,20.09,0.0,3.772952824302767,0.03944668221640445,50.225,-0.5197438121555155,-3.0
2018-05-04,286.0,0.0,14.53,0.0,3.207009900657352,0.03352967988394378,36.324999999999996,-0.5343725582809787,-3.0
2018-05-05,284.0,0.0,11.89,0.0,2.725958415558749,0.02850022790135221,29.725,-0.548842958284719,-2.0
2018-05-06,282.0,0.0,12.57,0.0,2.3170646532249366,0.02422519371614938,31.425,-0.5631507242749186,-2.0
2018-05-07,278.0,0.0,15.53,0.0,1.969504955241196,0.02059141465872697,38.824999999999996,-0.5772916165517272,-4.0
2018-05-08,274.0,0.0,17.28,0.0,1.6740792119550165,0.017502702459917925,43.2,-0.5912614448635781,-4.0
2018-05-09,272.0,0.0,18.78,0.0,1.422967330161764,0.014877297090930235,46.95,-0.6050560696488488,-2.0
2018-05-10,268.0,0.0,19.22,0.0,1.2095222306374993,0.012645702527290699,48.05,-0.6186714032625031,-4.0
2018-05-11,266.0,0.0,16.34,0.0,1.0280938960418744,0.010748847148197094,40.85,-0.6321034111873487,-2.0
2018-05-12,264.0,0.0,17.02,0.0,0.8738798116355933,0.00913652007596753,42.55,-0.6453481132295501,-2.0
2018-05-13,262.0,0.0,17.9,0.0,0.7427978398902543,0.0077660420645724,44.75,-0.6584015846980488,-2.0
2018-05-14,262.0,0.0,16.73,0.0,0.6313781639067161,0.00660113575488654,41.825,-0.6712599575675313,0.0
2018-05-15,260.0,1.6,12.98,1.6,2.136671439320709,0.022339160650206937,32.45,-0.6839194216246106,-2.0
2018-05-16,260.0,0.5,16.44,0.5,2.3161707234226023,0.024215847570973822,41.1,-0.6963762255968722,0.0
2018-05-17,258.0,5.1,15.86,5.1,7.068745114909212,0.07390459282196664,39.65,-0.7086266782644596,-2.0
2018-05-18,260.0,4.9,15.53,4.9,10.90843334767283,0.11404900187799134,38.824999999999996,-0.7206671495538609,2.0
2018-05-19,263.0,0.0,14.73,0.0,9.272168345521905,0.09694165159629264,36.825,-0.7324940716135789,3.0
2018-05-20,260.0,0.0,13.71,0.0,7.881343093693619,0.08240040385684874,34.275000000000006,-0.7441039398713607,-3.0
2018-05-21,258.0,0.0,15.46,0.0,6.699141629639576,0.07004034327832143,38.650000000000006,-0.7554933140726803,-2.0
2018-05-22,256.0,0.7,13.97,0.7,6.394270385193639,0.06685287721219031,34.925000000000004,-0.766658819300159,-2.0
2018-05-23,256.0,3.9,15.39,3.9,9.335129827414594,0.09759992157308563,38.475,-0.777597146973627,0.0
2018-05-24,258.0,0.5,16.43,0.5,8.434860353302405,0.08818749435542071,41.075,-0.7883050558305255,2.0
2018-05-25,258.0,0.0,19.52,0.0,7.169631300307044,0.0749593702021076,48.8,-0.7987793728863649,0.0
2018-05-26,256.0,0.0,20.1,0.0,6.094186605260988,0.06371546467179147,50.25,-0.8090169943749473,-2.0
2018-05-27,254.0,0.0,20.03,0.0,5.1800586144718395,0.05415814497102275,50.075,-0.8190148866680801,-2.0
2018-05-28,254.0,0.0,22.0,0.0,4.403049822301063,0.046034423225369325,55.0,-0.8287700871745037,0.0
2018-05-29,253.0,0.0,22.72,0.0,3.7425923489559034,0.03912925974156393,56.8,-0.8382797052177743,-1.0
2018-05-30,251.0,0.0,22.76,0.0,3.181203496612518,0.03325987078032934,56.900000000000006,-0.8475409228928311,-2.0
2018-05-31,249.0,0.0,19.1,0.0,2.70402297212064,0.028270890163279938,47.75,-0.8565509959010036,-2.0
2018-06-01,247.0,0.0,17.91,0.0,2.298419526302544,0.024030256638787946,44.775,-0.865307254363206,-2.0
2018-06-02,246.0,0.0,18.79,0.0,1.9536565973571625,0.020425718142969753,46.974999999999994,-0.8738071036110808,-1.0
2018-06-03,246.0,0.0,21.02,0.0,1.6606081077535881,0.01736186042152429,52.55,-0.8820480249558537,0.0
2018-06-04,245.0,0.0,20.64,0.0,1.4115168915905498,0.014757581358295647,51.6,-0.8900275764346767,-1.0
2018-06-05,243.0,0.0,11.47,0.0,1.1997893578519674,0.0125439441545513,28.675,-0.8977433935342337,-2.0
2018-06-06,242.0,0.0,10.22,0.0,1.0198209541741723,0.010662352531368605,25.55,-0.9051931898913974,-1.0
2018-06-07,240.0,0.0,13.95,0.0,0.8668478110480464,0.009062999651663314,34.875,-0.9123747579707273,-2.0
2018-06-08,239.0,0.0,18.87,0.0,0.7368206393908394,0.007703549703913817,47.175000000000004,-0.9192859697186104,-1.0
2018-06-09,238.0,0.0,18.47,0.0,0.6262975434822134,0.0065480172483267434,46.175,-0.9259247771938498,-1.0
2018-06-10,238.0,0.0,19.67,0.0,0.5323529119598814,0.005565814661077732,49.175000000000004,-0.9322892131745133,0.0
2018-06-11,239.0,16.1,18.21,16.1,16.5524999751659,0.17305840725110944,45.525000000000006,-0.9383773917408641,1.0
2018-06-12,240.0,0.0,15.98,0.0,14.069624978891015,0.147099646163443,39.95,-0.9441875088341993,1.0
2018-06-13,238.0,0.0,17.78,0.0,11.959181232057363,0.12503469923892654,44.45,-0.9497178427914316,-2.0
2018-06-14,237.0,0.8,17.45,0.8,10.96530404724876,0.11464359198236428,43.625,-0.9549667548552551,-1.0
2018-06-15,236.0,0.0,17.98,0.0,9.320508440161445,0.09744705318500962,44.95,-0.9599326896597447,-1.0
2018-06-16,236.0,0.0,17.37,0.0,7.922432174137228,0.08282999520725817,43.425000000000004,-0.9646141756912435,0.0
2018-06-17,236.0,0.0,19.95,0.0,6.7340673480166435,0.07040549592616945,49.875,-0.9690098257244062,0.0
2018-06-18,236.0,3.5,20.13,3.5,9.223957245814148,0.09643759866532955,50.324999999999996,-0.9731183372332619,0.0
2018-06-19,236.0,0.0,19.32,0.0,7.840363658942025,0.08197195886553012,48.3,-0.9769384927771817,0.0
2018-06-20,235.0,0.0,18.51,0.0,6.664309110100722,0.0696761650357006,46.275000000000006,-0.980469160361632,-1.0
2018-06-21,234.0,2.0,21.74,2.0,7.664662743585613,0.08013498435353723,54.349999999999994,-0.9837092937736097,-1.0
2018-06-22,232.0,0.0,14.48,0.0,6.514963332047771,0.06811473670050665,36.2,-0.986657932891657,-2.0
2018-06-23,232.0,0.0,12.98,0.0,5.537718832240605,0.05789752619543064,32.45,-0.9893142039703663,0.0
2018-06-24,231.0,12.5,11.7,12.5,17.207061007404516,0.1799019227235643,29.25,-0.99167731989929,-1.0
2018-06-25,234.0,4.1,11.68,4.1,18.726001856293838,0.19578263466507267,29.2,-0.993746580436178,3.0
2018-06-26,235.0,0.0,15.04,0.0,15.917101577849762,0.16641523946531178,37.599999999999994,-0.9955213724144752,1.0
2018-06-27,234.0,0.0,20.32,0.0,13.529536341172298,0.14145295354551501,50.8,-0.9970011699250151,-1.0
2018-06-28,233.0,0.0,22.77,0.0,11.500105889996453,0.12023501051368776,56.925,-0.9981855344718586,-1.0
2018-06-29,231.0,0.0,19.6,0.0,9.775090006496985,0.10219975893663459,49.0,-0.99907411510223,-2.0
2018-06-30,230.0,0.0,14.36,0.0,8.308826505522436,0.08686979509613939,35.9,-0.9996666485105112,-1.0
2018-07-01,229.0,13.9,10.93,13.9,20.96250252969407,0.21916552214040094,27.325,-0.9999629591162655,-1.0
2018-07-02,233.0,7.3,11.19,7.3,25.11812715023996,0.2626130846864906,27.974999999999998,-0.9999629591162655,4.0
2018-07-03,237.0,15.5,13.35,15.5,36.85040807770396,0.38527551355075274,33.375,-0.9996666485105112,4.0
2018-07-04,240.0,8.2,13.75,8.2,39.52284686604837,0.4132161872182259,34.375,-0.99907411510223,3.0
2018-07-05,240.0,0.0,16.53,0.0,33.594419836141114,0.35123375913549204,41.325,-0.9981855344718586,0.0
2018-07-06,242.0,0.0,17.81,0.0,28.555256860719947,0.29854869526516825,44.525,-0.9970011699250151,2.0
2018-07-07,241.0,0.0,18.66,0.0,24.271968331611955,0.253766390975393,46.65,-0.9955213724144752,-1.0
2018-07-08,240.0,0.0,18.8,0.0,20.631173081870163,0.21570143232908406,47.0,-0.9937465804361781,-1.0
2018-07-09,237.0,0.0,18.04,0.0,17.536497119589637,0.18334621747972144,45.099999999999994,-0.99167731989929,-3.0
2018-07-10,235.0,0.0,19.0,0.0,14.90602255165119,0.15584428485776322,47.5,-0.9893142039703664,-2.0
2018-07-11,234.0,0.6,19.32,0.6,13.270119168903511,0.13874071535105623,48.3,-0.9866579328916572,-1.0
2018-07-12,233.0,9.2,20.15,9.2,20.47960129356798,0.21411673078507967,50.375,-0.9837092937736098,-1.0
2018-07-13,238.0,15.1,17.66,15.1,32.50766109953278,0.3398715639199152,44.15,-0.9804691603616321,5.0
2018-07-14,242.0,15.7,18.23,15.7,43.331511934602865,0.4530362453064829,45.575,-0.9769384927771817,4.0
2018-07-15,242.0,8.7,18.93,8.7,45.53178514441244,0.4760403702288945,47.325,-0.973118337233262,0.0
2018-07-16,247.0,4.8,20.2,4.8,43.50201737275057,0.45481890047022044,50.5,-0.9690098257244063,5.0
2018-07-17,252.0,4.7,21.74,4.7,41.67671476683799,0.4357351389716879,54.349999999999994,-0.9646141756912435,5.0
2018-07-18,252.0,0.0,23.85,0.0,35.42520755181229,0.3703748681259348,59.625,-0.9599326896597445,0.0
2018-07-19,251.0,0.8,20.04,0.8,30.91142641904045,0.32318273553632126,50.099999999999994,-0.9549667548552553,-1.0
2018-07-20,252.0,0.0,21.5,0.0,26.274712456184382,0.27470532520587304,53.75,-0.9497178427914317,1.0
2018-07-21,249.0,0.0,21.27,0.0,22.333505587756726,0.2334995264249921,53.175,-0.9441875088341994,-3.0
2018-07-22,247.0,0.0,22.44,0.0,18.983479749593215,0.19847459746124327,56.1,-0.9383773917408642,-2.0
2018-07-23,247.0,1.6,20.11,1.6,17.735957787154234,0.1854316031006102,50.275,-0.9322892131745134,0.0
2018-07-24,247.0,0.0,21.29,0.0,15.075564119081099,0.15761686263551863,53.224999999999994,-0.9259247771938499,0.0
2018-07-25,246.0,0.0,21.32,0.0,12.814229501218934,0.13397433324019084,53.3,-0.9192859697186105,-1.0
2018-07-26,246.0,0.0,21.65,0.0,10.892095076036094,0.11387818325416223,54.125,-0.9123747579707274,0.0
2018-07-27,246.0,0.0,22.35,0.0,9.25828081463068,0.09679645576603789,55.875,-0.9051931898913975,0.0
2018-07-28,245.0,0.0,23.85,0.0,7.869538692436078,0.0822769874011322,59.625,-0.8977433935342336,-1.0
2018-07-29,246.0,0.0,26.01,0.0,6.689107888570666,0.06993543929096237,65.025,-0.8900275764346766,1.0
2018-07-30,243.0,13.2,22.84,13.2,18.885741705285064,0.19745273428038335,57.1,-0.8820480249558535,-3.0
2018-07-31,242.0,0.0,22.85,0.0,16.052880449492303,0.16783482413832582,57.125,-0.8738071036110807,-1.0
2018-08-01,240.0,0.0,23.08,0.0,13.644948382068456,0.14265960051757695,57.699999999999996,-0.8653072543632061,-2.0
2018-08-02,238.0,0.0,24.47,0.0,11.598206124758187,0.1212606604399404,61.175,-0.8565509959010037,-2.0
2018-08-03,237.0,0.0,23.62,0.0,9.858475206044458,0.10307156137394932,59.050000000000004,-0.8475409228928312,-1.0
2018-08-04,236.0,0.0,22.88,0.0,8.37970392513779,0.08761082716785693,57.199999999999996,-0.8382797052177745,-1.0
2018-08-05,234.0,0.4,21.4,0.4,7.522748336367122,0.07865125190731674,53.5,-0.828770087174504,-2.0
2018-08-06,234.0,0.0,19.51,0.0,6.3943360859120535,0.06685356412121923,48.775000000000006,-0.8190148866680802,0.0
2018-08-07,234.0,1.1,18.56,1.1,6.535185673025245,0.06832616374329178,46.4,-0.8090169943749472,0.0
2018-08-08,233.0,0.0,21.96,0.0,5.554907822071458,0.05807723918179802,54.900000000000006,-0.7987793728863648,-1.0
2018-08-09,232.0,0.0,24.08,0.0,4.721671648760739,0.04936565330452831,60.199999999999996,-0.7883050558305253,-1.0
2018-08-10,232.0,0.0,23.67,0.0,4.013420901446628,0.04196080530884907,59.175000000000004,-0.7775971469736268,0.0
2018-08-11,233.0,15.3,17.86,15.3,18.711407766229634,0.19563005167243835,44.65,-0.7666588193001592,1.0
2018-08-12,237.0,0.0,16.89,0.0,15.90469660129519,0.1662855439215726,42.225,-0.7554933140726804,4.0
2018-08-13,234.0,0.0,15.99,0.0,13.51899211110091,0.1413427123333367,39.975,-0.7441039398713608,-3.0
2018-08-14,234.0,9.0,19.85,9.0,20.491143294435773,0.21423740381269893,49.625,-0.7324940716135792,0.0
2018-08-15,233.0,7.6,18.93,7.6,25.017471800270407,0.2615607207189226,47.325,-0.7206671495538615,-1.0
2018-08-16,233.0,0.0,18.34,0.0,21.264851030229845,0.22232661261108422,45.85,-0.7086266782644601,0.0
2018-08-17,232.0,0.0,19.79,0.0,18.07512337569537,0.1889776207194216,49.474999999999994,-0.6963762255968726,-1.0
2018-08-18,230.0,0.0,20.38,0.0,15.363854869341063,0.16063097761150835,50.949999999999996,-0.6839194216246105,-2.0
2018-08-19,228.0,0.0,18.9,0.0,13.059276638939902,0.1365363309697821,47.25,-0.6712599575675315,-2.0
2018-08-20,226.0,3.4,20.99,3.4,14.500385143098917,0.1516032962487407,52.474999999999994,-0.6584015846980489,-2.0
2018-08-21,225.0,0.0,17.56,0.0,12.32532737163408,0.1288628018114296,43.9,-0.64534811322955,-1.0
2018-08-22,223.0,0.0,14.95,0.0,10.476528265888968,0.10953338153971516,37.375,-0.6321034111873488,-2.0
2018-08-23,223.0,0.0,17.95,0.0,8.905049026005623,0.09310337430875788,44.875,-0.6186714032625032,0.0
2018-08-24,222.0,2.8,21.54,2.8,10.36929167210478,0.10841220986491261,53.849999999999994,-0.6050560696488494,-1.0
2018-08-25,223.0,3.3,17.19,3.3,12.113897921289063,0.12665228110594207,42.975,-0.5912614448635782,1.0
2018-08-26,225.0,3.7,14.28,3.7,13.996813233095704,0.14633839047545544,35.699999999999996,-0.5772916165517278,2.0
2018-08-27,226.0,0.0,13.92,0.0,11.897291248131348,0.12438763190413711,34.8,-0.5631507242749187,1.0
2018-08-28,226.0,0.0,15.33,0.0,10.112697560911645,0.10572948711851654,38.325,-0.5488429582847199,0.0
2018-08-29,228.0,3.4,15.22,3.4,11.995792926774898,0.12541747897516498,38.050000000000004,-0.5343725582809785,2.0
2018-08-30,228.0,0.0,16.22,0.0,10.196423987758664,0.10660485712889023,40.55,-0.5197438121555157,0.0
2018-08-31,227.0,4.0,18.01,4.0,12.666960389594864,0.13243461670594014,45.025000000000006,-0.5049610547215202,-1.0
2018-09-01,227.0,0.0,17.91,0.0,10.766916331155635,0.11256942420004912,44.775,-0.4900286664290594,0.0
2018-09-02,226.0,0.0,17.47,0.0,9.15187888148229,0.09568401057004175,43.675,-0.4749510720670502,-1.0
2018-09-03,225.0,0.0,18.04,0.0,7.7790970492599465,0.08133140898453549,45.099999999999994,-0.4597327394521046,-1.0
2018-09-04,225.0,2.6,17.83,2.6,9.212232491870955,0.09631501493200441,44.574999999999996,-0.44437817810461344,0.0
2018-09-05,229.0,7.7,17.2,7.7,15.530397618090312,0.16237220237399186,43.0,-0.4288919379124841,4.0
2018-09-06,231.0,0.0,19.23,0.0,13.200837975376764,0.13801637201789307,48.075,-0.41327860778290443,2.0
2018-09-07,232.0,0.0,18.25,0.0,11.220712279070248,0.1173139162152091,45.625,-0.3975428142825566,1.0
2018-09-08,232.0,0.0,16.19,0.0,9.537605437209711,0.09971682878292774,40.475,-0.3816892202666586,0.0
2018-09-09,230.0,0.0,17.41,0.0,8.106964621628254,0.08475930446548857,43.525,-0.3657225234972692,-2.0
2018-09-10,230.0,0.0,16.64,0.0,6.890919928384016,0.07204540879566529,41.6,-0.34964745525122826,0.0
2018-09-11,229.0,0.1,17.16,0.1,5.957281939126413,0.062284109679975073,42.9,-0.33346877891818705,-1.0
2018-09-12,229.0,0.4,18.57,0.4,5.463689648257452,0.057123542042617166,46.425,-0.31719128858910595,0.0
2018-09-13,228.0,0.5,14.28,0.5,5.144136201018834,0.05378257175452252,35.699999999999996,-0.300819807635668,-1.0
2018-09-14,227.0,0.3,13.66,0.3,4.672515770866009,0.0488517226023229,34.15,-0.2843591872810036,-1.0
2018-09-15,227.0,0.1,12.65,0.1,4.071638405236107,0.04256947641563404,31.625,-0.26781430516217486,0.0
2018-09-16,227.0,0.0,13.53,0.0,3.460892644450691,0.03618405495328894,33.824999999999996,-0.25119006388481957,0.0
2018-09-17,226.0,0.0,14.66,0.0,2.941758747783087,0.030756446710295596,36.65,-0.23449138957041052,-1.0
2018-09-18,227.0,0.0,16.47,0.0,2.500494935615624,0.026142979703751255,41.175,-0.21772323039653224,1.0
2018-09-19,227.0,0.0,19.26,0.0,2.1254206952732804,0.02222153274818857,48.150000000000006,-0.20089055513063528,0.0
2018-09-20,226.0,0.0,19.02,0.0,1.8066075909822883,0.018888302835960283,47.55,-0.18399835165767986,-1.0
2018-09-21,225.0,0.0,20.08,0.0,1.535616452334945,0.01605505741056624,50.199999999999996,-0.1670516255021195,-1.0
2018-09-22,226.0,5.6,12.73,5.6,6.905273984484703,0.07219548220391811,31.825000000000003,-0.15005539834465262,1.0
2018-09-23,226.0,0.7,9.57,0.7,6.569482886811998,0.0686847452989475,23.925,-0.13301470653419636,0.0
2018-09-24,229.0,9.5,8.48,9.5,15.084060453790197,0.15770569285176603,21.200000000000003,-0.11593459959550066,3.0
2018-09-25,230.0,1.3,6.04,1.3,14.121451385721668,0.14764149757157574,15.1,-0.09882013873287211,1.0
2018-09-26,231.0,4.3,6.29,4.3,16.303233677863417,0.17045229769320158,15.725,-0.08167639533042288,1.0
2018-09-27,231.0,0.0,12.88,0.0,13.857748626183904,0.14488445303922134,32.2,-0.06450844944931625,0.0
2018-09-28,233.0,0.5,11.65,0.5,12.279086332256318,0.12837934610163607,29.125,-0.04732138832243232,2.0
2018-09-29,231.0,0.0,6.84,0.0,10.43722338241787,0.10912244418639064,17.1,-0.03012030484690836,-2.0
2018-09-30,231.0,0.0,7.76,0.0,8.87163987505519,0.09275407755843205,19.4,-0.012910296075008843,0.0
2018-10-01,229.0,0.0,8.3,0.0,7.540893893796911,0.07884096592466724,20.75,0.004303538296243821,-2.0
2018-10-02,229.0,1.4,8.43,1.4,7.809759809727375,0.08165199188720136,21.075,0.021516097436222233,0.0
2018-10-03,231.0,5.9,7.13,5.9,12.538295838268269,0.13108941312003675,17.825,0.03872228089217399,2.0
2018-10-04,231.0,0.0,6.87,0.0,10.657551462528028,0.11142600115203122,17.175,0.05591699010060302,0.0
2018-10-05,230.0,0.0,9.86,0.0,9.058918743148825,0.09471210097922654,24.65,0.07309512989807776,-1.0
2018-10-06,231.0,0.0,12.05,0.0,7.7000809316765,0.08050528583234255,30.125,0.0902516100310407,1.0
2018-10-07,233.0,2.1,10.77,2.1,8.645068791925025,0.09038524923434248,26.924999999999997,0.10738134666416306,2.0
2018-10-08,231.0,0.0,7.33,0.0,7.348308473136271,0.0768274618491911,18.325,0.12447926388678869,-2.0
2018-10-09,230.0,0.0,7.88,0.0,6.24606220216583,0.06530334257181243,19.7,0.141540295217043,-1.0
2018-10-10,229.0,0.0,10.81,0.0,5.309152871840955,0.05550784118604056,27.025000000000002,0.15855938510313475,-1.0
2018-10-11,230.0,0.0,11.36,0.0,4.512779941064812,0.047181665008134484,28.4,0.17553149042142777,1.0
2018-10-12,236.0,0.0,11.38,0.0,3.8358629499050902,0.04010441525691431,28.450000000000003,0.19245158197082995,6.0
2018-10-13,238.0,0.0,11.47,0.0,3.260483507419327,0.03408875296837716,28.675,0.20931464596304888,2.0
2018-10-14,237.0,0.0,11.6,0.0,2.7714109813064276,0.028975440023120587,29.0,0.22611568550828803,-1.0
2018-10-15,238.0,0.0,11.43,0.0,2.3556993341104633,0.024629124019652497,28.575,0.2428497220959358,1.0
2018-10-16,238.0,0.0,11.5,0.0,2.0023444339938936,0.02093475541670462,28.75,0.25951179706979943,0.0
2018-10-17,239.0,0.0,10.75,0.0,1.7019927688948095,0.017794542104198927,26.875,0.27609697309746883,1.0
2018-10-18,237.0,0.0,11.55,0.0,1.446693853560588,0.015125360788569088,28.875,0.2926003356333479,-2.0
2018-10-19,238.0,0.0,7.64,0.0,1.2296897755264997,0.012856556670283723,19.099999999999998,0.30901699437494723,1.0
2018-10-20,237.0,0.0,6.66,0.0,1.0452363091975247,0.010928073169741166,16.65,0.3253420847119795,-1.0
2018-10-21,236.0,0.0,3.58,0.0,0.888450862817896,0.00928886219427999,8.95,0.341570769167856,-1.0
2018-10-22,233.0,2.1,6.61,2.1,2.855183233395212,0.0298512891419893,16.525000000000002,0.35769823883312546,-3.0
2018-10-23,235.0,8.3,4.13,8.3,10.726905748385931,0.11215110867443655,10.325,0.3737197147904692,2.0
2018-10-24,238.0,8.4,4.32,8.4,17.51786988612804,0.18315146748067626,10.8,0.38963044953078774,3.0
2018-10-25,239.0,1.9,3.36,1.9,16.79018940320883,0.17554347922810695,8.4,0.4054257283599973,1.0
2018-10-26,239.0,0.0,3.89,0.0,14.271660992727506,0.1492119573438909,9.725,0.42110087079608916,0.0
2018-10-27,239.0,1.9,6.14,1.9,14.03091184381838,0.1466948956118394,15.35,0.4366512319560638,0.0
2018-10-28,239.0,0.0,2.91,0.0,11.926275067245623,0.12469066127006348,7.275,0.45207220393230374,0.0
2018-10-29,240.0,8.2,1.71,8.2,18.337333807158778,0.19171906277964,4.275,0.46735921715800205,1.0
2018-10-30,242.0,0.0,7.86,0.0,15.58673373608496,0.16296120336269398,19.650000000000002,0.48250774176121763,2.0
2018-10-31,245.0,1.0,11.65,1.0,14.248723675672217,0.14897214489488575,29.125,0.4975132889071803,3.0
2018-11-01,247.0,0.0,11.55,0.0,12.111415124321384,0.1266263231606529,28.875,0.5123714121284235,2.0
2018-11-02,249.0,0.0,11.0,0.0,10.294702855673176,0.10763237468655494,27.5,0.5270777086423724,2.0
2018-11-03,249.0,1.7,9.87,1.7,10.4504974273222,0.10926122594578466,24.674999999999997,0.5416278206559811,0.0
2018-11-04,248.0,0.0,4.7,0.0,8.88292281322387,0.09287204205391697,11.75,0.5560174366570446,-1.0
2018-11-05,246.0,0.0,7.23,0.0,7.550484391240289,0.07894123574582942,18.075000000000003,0.5702422926917867,-2.0
2018-11-06,245.0,0.0,8.4,0.0,6.417911732554246,0.06710005038395501,21.0,0.5842981736283683,-1.0
2018-11-07,245.0,0.0,6.4,0.0,5.455224972671108,0.05703504282636175,16.0,0.5981809144059159,0.0
2018-11-08,244.0,0.0,3.21,0.0,4.636941226770442,0.048479786402407486,8.025,0.6118864012687242,-1.0
2018-11-09,243.0,0.0,2.38,0.0,3.9414000427548754,0.041207818442046365,5.949999999999999,0.6254105729852457,-1.0
2018-11-10,241.0,0.0,4.08,0.0,3.350190036341644,0.035026645675739404,10.2,0.6387494220515268,-2.0
2018-11-11,240.0,0.0,3.32,0.0,2.8476615308903974,0.029772648824378495,8.299999999999999,0.6518989958787125,-1.0
2018-11-12,239.0,0.0,2.8,0.0,2.4205123012568377,0.02530675150072172,7.0,0.6648553979642867,-1.0
2018-11-13,240.0,6.7,4.47,6.7,8.757435456068311,0.09156005642080571,11.174999999999999,0.6776147890466887,1.0
2018-11-14,242.0,5.5,6.5,5.5,12.943820137658065,0.1353292191589621,16.25,0.690173388242972,2.0
2018-11-15,243.0,0.0,5.28,0.0,11.002247117009356,0.11502983628511779,13.200000000000001,0.7025274741691566,1.0
2018-11-16,244.0,0.0,1.13,0.0,9.351910049457953,0.09777536084235011,2.8249999999999997,0.7146733860429608,1.0
2018-11-17,242.0,0.0,-1.05,0.0,7.94912354203926,0.0831090567159976,0.0,0.726607524768565,-2.0
2018-11-18,246.0,2.7,3.12,2.7,9.45675501073337,0.09887152770740679,7.800000000000001,0.7383263540031063,4.0
2018-11-19,248.0,0.6,2.33,0.6,8.638241759123364,0.09031387177325327,5.825,0.749826401204568,2.0
2018-11-20,248.0,0.0,-0.54,0.0,7.342505495254859,0.07676679100726527,0.0,0.7611042586607742,0.0
2018-11-21,247.0,0.0,-2.52,0.0,6.241129670966631,0.06525177235617549,0.0,0.7721565844991641,-1.0
2018-11-22,245.0,0.0,-3.47,0.0,5.304960220321636,0.055464006502749165,0.0,0.7829801036770625,-2.0
2018-11-23,244.0,0.0,-2.32,0.0,4.50921618727339,0.047144405527336786,0.0,0.7935716089521472,-1.0
2018-11-24,243.0,0.0,-3.19,0.0,3.8328337591823813,0.04007274469823626,0.0,0.8039279618328208,-1.0
2018-11-25,242.0,0.0,-0.92,0.0,3.2579086953050242,0.034061832993500823,0.0,0.8140460935082175,-1.0
2018-11-26,240.0,0.0,-2.56,0.0,2.7692223910092704,0.028952558044475697,0.0,0.8239230057575536,-2.0
2018-11-27,240.0,0.0,-2.8,0.0,2.3538390323578797,0.02460967433780434,0.0,0.8335557718385695,0.0
2018-11-28,240.0,0.0,-5.52,0.0,2.0007631775041976,0.02091822318713369,0.0,0.8429415373547832,0.0
2018-11-29,235.0,0.0,-6.2,0.0,1.700648700878568,0.017780489709063638,0.0,0.8520775211013093,-5.0
2018-11-30,242.0,0.0,-6.99,0.0,1.4455513957467827,0.01511341625270409,0.0,0.8609610158889945,7.0
2018-12-01,244.0,3.2,-8.67,3.2,4.428718686384766,0.046302794331905234,0.0,0.8695893893466109,2.0
2018-12-02,244.0,0.0,-6.55,0.0,3.764410883427051,0.039357375182119445,0.0,0.8779600847008883,0.0
2018-12-03,237.0,3.2,-0.55,3.2,6.399749250912993,0.06691015942190828,0.0,0.8860706215341377,-7.0
2018-12-04,237.0,6.6,2.9,6.6,12.039786863276044,0.1258774409501547,7.25,0.893918596519257,0.0
2018-12-05,242.0,0.2,1.0,0.2,10.433818833784636,0.10908684921495067,2.5,0.9015016841318838,5.0
2018-12-06,242.0,0.0,-2.85,0.0,8.868746008716942,0.09272382183270807,0.0,0.9088176373395028,0.0
2018-12-07,244.0,6.6,-2.42,6.6,14.138434107409399,0.1478190539993345,0.0,0.9158642882672868,2.0
2018-12-08,253.0,7.8,0.95,7.8,19.81766899129799,0.20719614778488205,2.375,0.9226395488404875,9.0
2018-12-09,255.0,1.0,1.12,1.0,17.84501864260329,0.1865718476537456,2.8000000000000003,0.9291414114031743,2.0
2018-12-10,252.0,2.2,2.33,2.2,17.368265846212797,0.18158733898619464,5.825,0.935367949313148,-3.0
2018-12-11,254.0,0.5,0.27,0.5,15.263025969280877,0.15957679915656336,0.675,0.941317317512847,2.0
2018-12-12,253.0,0.2,0.03,0.2,13.173572073888744,0.13773130369039802,0.075,0.946987753076075,-1.0
2018-12-13,253.0,0.0,-0.71,0.0,11.197536262805432,0.11707160813683833,0.0,0.9523775757303973,0.0
2018-12-14,254.0,0.0,-0.59,0.0,9.517905823384616,0.09951086691631256,0.0,0.9574851883550389,1.0
2018-12-15,255.0,0.0,-1.07,0.0,8.090219949876923,0.08458423687886567,0.0,0.9623090774541487,1.0
2018-12-16,256.0,4.7,-2.09,4.7,11.576686957395385,0.12103567491903636,0.0,0.9668478136052773,1.0
2018-12-17,256.0,8.8,-3.49,8.8,18.64018391378608,0.1948853976032245,0.0,0.9711000518829505,0.0
2018-12-18,255.0,0.7,-4.45,0.7,16.544156326718166,0.1729711733883579,0.0,0.9750645322571945,-1.0
2018-12-19,253.0,0.0,-4.9,0.0,14.06253287771044,0.1470254973801042,0.0,0.9787400799669153,-2.0
2018-12-20,254.0,0.0,-7.14,0.0,11.953152946053875,0.12497167277308859,0.0,0.9821256058680006,1.0
2018-12-21,258.0,5.2,-4.22,5.2,15.360180004145793,0.16059255644742376,0.0,0.9852201067560606,4.0
2018-12-22,259.0,3.0,0.16,3.0,16.056153003523924,0.1678690390900978,0.4,0.9880226656636976,1.0
2018-12-23,260.0,1.0,-1.53,1.0,14.647730052995335,0.15314380526317897,0.0,0.9905324521322227,1.0
2018-12-24,253.0,1.5,-3.47,1.5,13.950570545046034,0.1458549175285959,0.0,0.9927487224577402,-7.0
2018-12-25,248.0,0.2,-4.09,0.2,12.057984963289128,0.12606770430662567,0.0,0.9946708199115211,-5.0
2018-12-26,246.0,2.2,1.45,2.2,12.44928721879576,0.13015881714114275,3.625,0.9962981749346077,-2.0
2018-12-27,250.0,1.4,0.95,1.4,11.981894135976397,0.12527216542120553,2.375,0.9976303053065857,4.0
2018-12-28,250.0,2.5,0.96,2.5,12.684610015579937,0.13261914569951436,2.4,0.9986668162884759,0.0
2018-12-29,250.0,0.2,0.67,0.2,10.981918513242945,0.11481729825190636,1.675,0.9994074007397048,0.0
2018-12-30,250.0,2.7,1.38,2.7,12.034630736256503,0.12582353301292923,3.4499999999999997,0.9998518392091162,0.0
2018-12-31,252.0,8.0,-0.62,8.0,18.229436125818026,0.19059097935375668,0.0,1.0,2.0
2019-01-01,249.0,6.1,0.5,6.1,21.59502070694532,0.2257785768739279,1.25,0.9998518392091162,-3.0
2019-01-02,250.0,5.8,-0.33,5.8,24.155767600903523,0.25255149815509476,0.0,0.9994074007397048,1.0
2019-01-03,253.0,2.7,-4.41,2.7,23.232402460767993,0.24289760293063933,0.0,0.998666816288476,3.0
2019-01-04,256.0,2.8,-4.87,2.8,22.547542091652794,0.23573730419351183,0.0,0.9976303053065857,3.0
2019-01-05,260.0,1.5,-3.23,1.5,20.665410777904874,0.21605939161937884,0.0,0.9962981749346078,4.0
2019-01-06,262.0,0.0,-5.93,0.0,17.565599161219144,0.183650482876472,0.0,0.9946708199115211,2.0
2019-01-07,266.0,0.5,-7.21,0.5,15.430759287036272,0.16133047146329915,0.0,0.9927487224577402,4.0
2019-01-08,269.0,0.0,-5.48,0.0,13.116145393980831,0.13713090074380427,0.0,0.9905324521322229,3.0
2019-01-09,271.0,0.2,-8.8,0.2,11.348723584883706,0.1186522900395528,0.0,0.9880226656636976,2.0
2019-01-10,264.0,0.0,-9.69,0.0,9.64641504715115,0.10085444653361987,0.0,0.9852201067560606,-7.0
2019-01-11,267.0,6.2,-11.09,6.2,14.399452790078477,0.15054803618047122,0.0,0.9821256058680006,3.0
2019-01-12,261.0,0.8,-2.27,0.8,13.039534871566707,0.13632992838267724,0.0,0.9787400799669153,-6.0
2019-01-13,261.0,3.6,-0.34,3.6,14.6836046408317,0.15351887845702072,0.0,0.9750645322571948,0.0
2019-01-14,262.0,8.6,-0.8,8.6,21.081063944706944,0.220405096203192,0.0,0.9711000518829505,1.0
2019-01-15,264.0,0.9,-3.16,0.9,18.8189043530009,0.19675394160564946,0.0,0.9668478136052775,2.0
2019-01-16,262.0,0.2,-2.8,0.2,16.196068700050763,0.1693318747721212,0.0,0.9623090774541486,-2.0
2019-01-17,263.0,2.2,1.49,2.2,15.966658395043147,0.1669333620368139,3.725,0.9574851883550393,1.0
2019-01-18,264.0,6.2,-1.24,6.2,19.771659635786676,0.20671511435818615,0.0,0.9523775757303974,1.0
2019-01-19,264.0,0.0,-2.94,0.0,16.805910690418674,0.17570784720445823,0.0,0.9469877530760753,0.0
2019-01-20,261.0,2.0,-2.94,2.0,16.28502408685587,0.17026191419698117,0.0,0.9413173175128471,-3.0
2019-01-21,261.0,0.3,-4.78,0.3,14.14227047382749,0.14785916367841276,0.0,0.9353679493131483,0.0
2019-01-22,259.0,0.7,-4.19,0.7,12.720929902753365,0.13299887455226794,0.0,0.9291414114031743,-2.0
2019-01-23,260.0,0.0,-6.46,0.0,10.812790417340361,0.11304904336942775,0.0,0.9226395488404876,1.0
2019-01-24,263.0,0.0,-11.47,0.0,9.190871854739306,0.09609168686401358,0.0,0.9158642882672872,3.0
2019-01-25,263.0,6.1,-7.55,6.1,13.91224107652841,0.14545417825764628,0.0,0.9088176373395029,0.0
2019-01-26,267.0,0.7,-7.88,0.7,12.525404915049148,0.13095463694461643,0.0,0.901501684131884,4.0
2019-01-27,265.0,0.0,-7.44,0.0,10.646594177791775,0.11131144140292396,0.0,0.893918596519257,-2.0
2019-01-28,270.0,2.4,-7.08,2.4,11.449605051123008,0.11970701808031543,0.0,0.886070621534138,5.0
2019-01-29,270.0,0.0,-2.87,0.0,9.732164293454556,0.1017509653682681,0.0,0.8779600847008882,0.0
2019-01-30,273.0,0.0,-0.63,0.0,8.272339649436372,0.08648832056302788,0.0,0.869589389346611,3.0
2019-01-31,269.0,0.9,-0.99,0.9,7.931488702020916,0.08292468231150997,0.0,0.8609610158889943,-4.0
2019-02-01,276.0,3.9,0.44,3.9,10.641765396717778,0.11126095590750733,1.1,0.8520775211013093,7.0
2019-02-02,267.0,1.7,1.2,1.7,10.74550058721011,0.11234551998359417,3.0,0.8429415373547828,-9.0
2019-02-03,262.0,0.2,1.9,0.2,9.333675499128592,0.09758471639337421,4.75,0.8335557718385699,-5.0
2019-02-04,261.0,5.3,-0.65,5.3,13.233624174259303,0.13835915572832613,0.0,0.8239230057575542,-1.0
2019-02-05,263.0,0.0,-1.83,0.0,11.248580548120406,0.11760528236907719,0.0,0.8140460935082178,2.0
2019-02-06,264.0,0.4,-0.15,0.4,9.961293465902346,0.10414653882835397,0.0,0.8039279618328213,1.0
2019-02-07,265.0,0.0,0.25,0.0,8.467099446016993,0.08852455800410086,0.625,0.7935716089521474,1.0
2019-02-08,264.0,0.0,0.19,0.0,7.197034529114444,0.07524587430348573,0.475,0.7829801036770629,-1.0
2019-02-09,261.0,0.0,1.14,0.0,6.117479349747278,0.06395899315796287,2.8499999999999996,0.7721565844991642,-3.0
2019-02-10,261.0,0.0,2.29,0.0,5.1998574472851855,0.05436514418426844,5.725,0.7611042586607747,0.0
2019-02-11,259.0,2.4,2.01,2.4,6.819878830192408,0.07130266544445824,5.0249999999999995,0.7498264012045686,-2.0
2019-02-12,264.0,1.7,-0.07,1.7,7.496897005663547,0.07838097309000246,0.0,0.7383263540031065,5.0
2019-02-13,268.0,12.9,-0.3,12.9,19.272362454814015,0.2014949013985887,0.0,0.7266075247685656,4.0
2019-02-14,266.0,0.0,1.56,0.0,16.38150808659191,0.17127066618880035,3.9000000000000004,0.7146733860429609,-2.0
2019-02-15,270.0,0.2,2.37,0.2,14.124281873603122,0.14767109066779946,5.925000000000001,0.702527474169157,4.0
2019-02-16,274.0,0.0,2.42,0.0,12.005639592562654,0.12552042706762953,6.05,0.6901733882429719,4.0
2019-02-17,280.0,0.0,2.16,0.0,10.204793653678255,0.10669236300748511,5.4,0.6776147890466889,6.0
2019-02-18,283.0,0.0,-1.17,0.0,8.674074605626517,0.09068850855636233,0.0,0.6648553979642865,3.0
2019-02-19,280.0,0.3,2.27,0.3,7.672963414782539,0.08022176888388674,5.675,0.6518989958787126,-3.0
2019-02-20,284.0,1.5,2.22,1.5,8.022018902565158,0.08387118660619751,5.550000000000001,0.6387494220515272,4.0
2019-02-21,287.0,0.0,-2.82,0.0,6.818716067180384,0.0712905086152679,0.0,0.6254105729852463,3.0
2019-02-22,285.0,0.0,-5.43,0.0,5.795908657103326,0.0605969323229777,0.0,0.6118864012687243,-2.0
2019-02-23,278.0,0.0,-3.82,0.0,4.926522358537827,0.051507392474531045,0.0,0.5981809144059164,-7.0
2019-02-24,281.0,0.0,0.7,0.0,4.187544004757153,0.04378128360335139,1.75,0.5842981736283683,3.0
2019-02-25,280.0,0.0,1.73,0.0,3.55941240404358,0.037214091062848675,4.325,0.5702422926917871,-1.0
2019-02-26,274.0,0.0,2.24,0.0,3.025500543437043,0.03163197740342138,5.6000000000000005,0.5560174366570446,-6.0
2019-02-27,273.0,0.0,2.38,0.0,2.5716754619214863,0.02688718079290817,5.949999999999999,0.5416278206559814,-1.0
2019-02-28,277.0,0.3,3.19,0.3,2.4859241426332632,0.0259906402849507,7.975,0.5270777086423722,4.0
2019-03-01,281.0,0.7,-2.54,0.7,2.813035521238274,0.0294106296678252,0.0,0.5123714121284237,4.0
2019-03-02,280.0,0.0,-3.64,0.0,2.3910801930525327,0.024999035217651417,0.0,0.49751328890718066,-1.0
2019-03-03,278.0,2.6,0.14,2.6,4.632418164094653,0.04843249723015294,0.35000000000000003,0.48250774176121847,-2.0
2019-03-04,279.0,8.5,5.0,8.5,12.437555439480455,0.13003615995669482,12.5,0.46735921715800227,1.0
2019-03-05,281.0,2.6,4.02,2.6,13.171922123558387,0.13771405325833982,10.049999999999999,0.45207220393230435,2.0
2019-03-06,284.0,0.0,-0.92,0.0,11.196133805024628,0.11705694526958885,0.0,0.43665123195606403,3.0
2019-03-07,287.0,0.0,4.5,0.0,9.516713734270933,0.09949840347915051,11.25,0.4211008707960896,3.0
2019-03-08,291.0,2.5,7.22,2.5,10.589206674130294,0.11071144804876759,18.05,0.40542572835999735,4.0
2019-03-09,293.0,2.7,4.23,2.7,11.700825673010751,0.12233356034026129,10.575000000000001,0.38963044953078796,2.0
2019-03-10,293.0,4.4,2.13,4.4,14.345701822059139,0.14998606325024388,5.324999999999999,0.37371971479046906,0.0
2019-03-11,294.0,1.7,-0.47,1.7,13.893846548750266,0.14526186122492024,0.0,0.35769823883312546,1.0
2019-03-12,295.0,0.0,-2.15,0.0,11.809769566437726,0.12347258204118221,0.0,0.3415707691678556,1.0
2019-03-13,294.0,0.7,0.84,0.7,10.738304131472066,0.11227028016062196,2.1,0.3253420847119801,-1.0
2019-03-14,293.0,3.2,3.5,3.2,12.327558511751256,0.1288861286536354,8.75,0.30901699437494745,-1.0
2019-03-15,286.0,0.9,4.02,0.9,11.378424734988569,0.11896281918852639,10.049999999999999,0.29260033563334836,-7.0
2019-03-16,289.0,11.2,2.83,11.2,20.871661024740284,0.21821576312012106,7.075,0.27609697309746883,3.0
2019-03-17,293.0,0.0,4.33,0.0,17.74091187102924,0.1854833986521029,10.825,0.2595117970697999,4.0
2019-03-18,297.0,3.1,5.21,3.1,18.179775090374854,0.1900717671677346,13.025,0.2428497220959356,4.0
2019-03-19,300.0,0.0,2.99,0.0,15.452808826818625,0.16156100209257443,7.4750000000000005,0.22611568550828828,3.0
2019-03-20,301.0,0.0,3.64,0.0,13.13488750279583,0.13732685177868825,9.1,0.20931464596304847,1.0
2019-03-21,300.0,0.6,6.09,0.6,11.764654377376456,0.12300089723384253,15.225,0.19245158197082998,-1.0
2019-03-22,298.0,0.3,5.7,0.3,10.299956220769987,0.1076872992597449,14.25,0.1755314904214282,-2.0
2019-03-23,295.0,0.0,6.21,0.0,8.754962787654488,0.09153420437078316,15.525,0.15855938510313478,-3.0
2019-03-24,291.0,0.0,4.53,0.0,7.441718369506315,0.07780407371516569,11.325000000000001,0.141540295217043,-4.0
2019-03-25,288.0,0.0,2.9,0.0,6.3254606140803675,0.06613346265789083,7.25,0.12447926388678915,-3.0
2019-03-26,285.0,3.5,0.53,3.5,8.876641521968313,0.09280637038729272,1.3250000000000002,0.10738134666416309,-3.0
2019-03-27,281.0,0.2,0.03,0.2,7.745145293673066,0.08097643923651798,0.075,0.09025161003104117,-4.0
2019-03-28,281.0,0.0,2.69,0.0,6.583373499622106,0.06882997335104028,6.725,0.07309512989807777,0.0
2019-03-29,279.0,0.0,6.33,0.0,5.59586747467879,0.05850547734838424,15.825,0.055916990100603484,-2.0
2019-03-30,277.0,0.0,9.35,0.0,4.756487353476971,0.0497296557461266,23.375,0.03872228089217446,-2.0
2019-03-31,276.0,0.0,6.82,0.0,4.043014250455426,0.042270207384207614,17.05,0.021516097436222254,-1.0
2019-04-01,272.0,0.0,3.07,0.0,3.4365621128871116,0.03592967627657647,7.675,0.004303538296244289,-4.0
2019-04-02,272.0,0.0,4.21,0.0,2.921077795954045,0.03054022483509,10.525,-0.01291029607500882,0.0
2019-04-03,271.0,0.0,6.53,0.0,2.482916126560938,0.025959191109826498,16.325,-0.030120304846908114,-1.0
2019-04-04,268.0,0.0,7.27,0.0,2.1104787075767972,0.02206531244335252,18.174999999999997,-0.04732138832243185,-3.0
2019-04-05,260.0,0.0,8.25,0.0,1.7939069014402775,0.01875551557684964,20.625,-0.06450844944931623,-8.0
2019-04-06,259.0,0.0,9.28,0.0,1.524820866224236,0.015942188240322196,23.2,-0.08167639533042241,-1.0
2019-04-07,257.0,0.0,9.48,0.0,1.2960977362906005,0.013550860004273867,23.700000000000003,-0.09882013873287143,-2.0
2019-04-08,257.0,0.0,7.88,0.0,1.1016830758470104,0.011518231003632787,19.7,-0.11593459959550041,0.0
2019-04-09,259.0,0.0,1.68,0.0,0.9364306144699588,0.009790496353087867,4.2,-0.1330147065341959,2.0
2019-04-10,260.0,0.0,2.15,0.0,0.795966022299465,0.008321921900124688,5.375,-0.1500553983446526,1.0
2019-04-11,258.0,0.0,2.05,0.0,0.6765711189545452,0.0070736336151059846,5.125,-0.16705162550211924,-2.0
2019-04-12,257.0,0.0,0.59,0.0,0.5750854511113634,0.006012588572840087,1.4749999999999999,-0.18399835165768005,-1.0
2019-04-13,255.0,0.0,3.38,0.0,0.4888226334446589,0.005110700286914074,8.45,-0.20089055513063506,-2.0
2019-04-14,255.0,0.0,4.22,0.0,0.4154992384279601,0.004344095243876963,10.549999999999999,-0.21772323039653177,0.0
2019-04-15,251.0,0.0,3.39,0.0,0.35317435266376607,0.0036924809572954184,8.475,-0.23449138957040985,-4.0
2019-04-16,249.0,0.0,9.09,0.0,0.30019819976420115,0.0031386088137011054,22.725,-0.25119006388481935,-2.0
2019-04-17,250.0,0.0,11.13,0.0,0.255168469799571,0.0026678174916459395,27.825000000000003,-0.2678143051621742,1.0
2019-04-18,247.0,0.0,11.47,0.0,0.21689319932963533,0.0022676448678990487,28.675,-0.2843591872810034,-3.0
2019-04-19,244.0,0.0,11.72,0.0,0.18435921943019,0.001927498137714191,29.3,-0.30081980763566735,-3.0
2019-04-20,242.0,0.0,10.89,0.0,0.15670533651566151,0.0016383734170570625,27.225,-0.3171912885891061,-2.0
2019-04-21,244.0,0.6,7.2,0.6,0.7331995360383122,0.007665690626456018,18.0,-0.3334687789181868,2.0
2019-04-22,244.0,0.0,11.3,0.0,0.6232196056325654,0.006515837032487616,28.25,-0.3496474552512284,0.0
2019-04-23,245.0,0.0,13.06,0.0,0.5297366647876806,0.005538461477614473,32.65,-0.36572252349726897,1.0
2019-04-24,244.0,0.0,15.41,0.0,0.45027616506952844,0.004707692255972302,38.525,-0.3816892202666588,-1.0
2019-04-25,244.0,0.0,15.98,0.0,0.38273474030909915,0.004001538417576456,39.95,-0.39754281428255595,0.0
2019-04-26,242.0,0.0,18.41,0.0,0.32532452926273425,0.0034013076549399873,46.025,-0.4132786077829042,-2.0
2019-04-27,242.0,0.0,19.03,0.0,0.2765258498733241,0.0028911115066989897,47.575,-0.4288919379124835,0.0
2019-04-28,240.0,0.0,17.71,0.0,0.2350469723923255,0.002457444780694141,44.275000000000006,-0.4443781781046132,-2.0
2019-04-29,239.0,0.0,12.71,0.0,0.19978992653347666,0.0020888280635900196,31.775000000000002,-0.45973273945210397,-1.0
2019-04-30,237.0,0.0,11.82,0.0,0.16982143755345516,0.0017755038540515167,29.55,-0.47495107206704995,-2.0
2019-05-01,238.0,0.0,12.09,0.0,0.1443482219204369,0.0015091782759437892,30.225,-0.49002866642905923,1.0
2019-05-02,236.0,3.8,7.53,3.8,3.922695988632371,0.04101226527361648,18.825,-0.5049610547215204,-2.0
2019-05-03,235.0,3.9,5.97,3.9,7.234291590337515,0.07563540142529786,14.924999999999999,-0.5197438121555155,-1.0
2019-05-04,235.0,0.0,6.66,0.0,6.149147851786887,0.06429009121150318,16.65,-0.5343725582809787,0.0
2019-05-05,236.0,0.0,6.52,0.0,5.226775674018854,0.054646577529777696,16.299999999999997,-0.548842958284719,1.0
2019-05-06,233.0,0.2,7.19,0.2,4.642759322916026,0.048540615307630215,17.975,-0.5631507242749186,-3.0
2019-05-07,236.0,0.0,8.45,0.0,3.946345424478622,0.04125952301148568,21.125,-0.5772916165517272,3.0
2019-05-08,237.0,0.0,7.63,0.0,3.3543936108068286,0.03507059455976283,19.075,-0.5912614448635781,1.0
2019-05-09,235.0,0.0,10.7,0.0,2.851234569185804,0.029810005375798403,26.75,-0.6050560696488488,-2.0
2019-05-10,237.0,0.0,12.04,0.0,2.4235493838079334,0.02533850456942864,30.099999999999998,-0.6186714032625031,2.0
2019-05-11,236.0,0.3,12.14,0.3,2.3600169762367433,0.024674265494993103,30.35,-0.6321034111873487,-1.0
2019-05-12,234.0,0.0,11.76,0.0,2.006014429801232,0.02097312567074414,29.4,-0.6453481132295501,-2.0
2019-05-13,237.0,0.0,11.14,0.0,1.705112265331047,0.017827156820132518,27.85,-0.6584015846980488,3.0
2019-05-14,236.0,0.0,8.67,0.0,1.44934542553139,0.01515308329711264,21.675,-0.6712599575675313,-1.0
2019-05-15,234.0,0.0,14.19,0.0,1.2319436117016815,0.012880120802545744,35.475,-0.6839194216246106,-2.0
2019-05-16,236.0,1.7,13.34,1.7,2.747152069946429,0.02872181014437684,33.35,-0.6963762255968722,2.0
2019-05-17,236.0,1.7,15.87,1.7,4.035079259454465,0.04218724608493327,39.675,-0.7086266782644596,0.0
2019-05-18,236.0,0.0,19.72,0.0,3.429817370536295,0.03585915917219328,49.3,-0.7206671495538609,0.0
2019-05-19,232.0,0.0,20.42,0.0,2.9153447649558504,0.030480285296364287,51.050000000000004,-0.7324940716135789,-4.0
2019-05-20,235.0,2.2,20.75,2.2,4.678043050212473,0.04890951098242054,51.875,-0.7441039398713607,3.0
2019-05-21,233.0,0.0,21.45,0.0,3.976336592680602,0.04157308433505746,53.625,-0.7554933140726803,-2.0
2019-05-22,228.0,0.0,18.66,0.0,3.3798861037785115,0.035337121684798835,46.65,-0.766658819300159,-5.0
2019-05-23,231.0,0.0,18.5,0.0,2.8729031882117346,0.03003655343207901,46.25,-0.777597146973627,3.0
2019-05-24,230.0,0.0,16.27,0.0,2.4419677099799744,0.025531070417267158,40.675,-0.7883050558305255,-1.0
2019-05-25,225.0,0.0,15.77,0.0,2.075672553482978,0.021701409854677084,39.425,-0.7987793728863649,-5.0
2019-05-26,226.0,0.0,13.05,0.0,1.7643216704605313,0.01844619837647552,32.625,-0.8090169943749473,1.0
2019-05-27,223.0,0.0,18.12,0.0,1.4996734198914516,0.01567926862000419,45.300000000000004,-0.8190148866680801,-3.0
2019-05-28,228.0,11.8,16.97,11.8,13.074722406907735,0.1366978183588347,42.425,-0.8287700871745037,5.0
2019-05-29,227.0,3.0,14.04,3.0,14.113514045871575,0.14755851171479709,35.099999999999994,-0.8382797052177743,-1.0
2019-05-30,231.0,0.0,12.87,0.0,11.996486938990838,0.12542473495757753,32.175,-0.8475409228928311,4.0
2019-05-31,227.0,0.0,15.84,0.0,10.197013898142211,0.10661102471394088,39.6,-0.8565509959010036,-4.0
2019-06-01,230.0,0.0,16.92,0.0,8.66746181342088,0.09061937100684976,42.300000000000004,-0.865307254363206,3.0
2019-06-02,232.0,0.1,17.58,0.1,7.4673425414077474,0.07807197755948186,43.949999999999996,-0.8738071036110808,2.0
2019-06-03,228.0,0.0,18.3,0.0,6.347241160196585,0.06636118092555959,45.75,-0.8820480249558537,-4.0
2019-06-04,229.0,0.0,21.24,0.0,5.395154986167097,0.05640700378672565,53.099999999999994,-0.8900275764346767,1.0
2019-06-05,223.0,0.0,22.94,0.0,4.5858817382420325,0.0479459532187168,57.35,-0.8977433935342337,-6.0
2019-06-06,225.0,1.2,22.7,1.2,5.097999477505727,0.053300206679824304,56.75,-0.9051931898913974,2.0
2019-06-07,221.0,0.0,22.69,0.0,4.333299555879868,0.045305175677850654,56.725,-0.9123747579707273,-4.0
2019-06-08,222.0,0.0,22.55,0.0,3.6833046224978876,0.03850939932617306,56.375,-0.9192859697186104,1.0
2019-06-09,219.0,0.0,19.76,0.0,3.130808929123204,0.032732989427247096,49.400000000000006,-0.9259247771938498,-3.0
2019-06-10,218.0,0.0,20.6,0.0,2.6611875897547237,0.027823041013160035,51.5,-0.9322892131745133,-1.0
2019-06-11,217.0,0.0,25.92,0.0,2.262009451291515,0.02364958486118603,64.80000000000001,-0.9383773917408641,-1.0
2019-06-12,215.0,0.0,27.55,0.0,1.922708033597788,0.020102147132008124,68.875,-0.9441875088341993,-2.0
2019-06-13,218.0,0.0,26.77,0.0,1.6343018285581197,0.017086825062206906,66.925,-0.9497178427914316,3.0
2019-06-14,216.0,0.0,23.53,0.0,1.3891565542744018,0.01452380130287587,58.825,-0.9549667548552551,-2.0
2019-06-15,214.0,0.0,21.82,0.0,1.1807830711332414,0.012345231107444489,54.55,-0.9599326896597447,-2.0
2019-06-16,218.0,16.2,18.33,16.2,17.203665610463254,0.17986642343418074,45.824999999999996,-0.9646141756912435,4.0
2019-06-17,214.0,0.2,17.81,0.2,14.823115768893764,0.1549774843263728,44.525,-0.9690098257244062,-4.0
2019-06-18,213.0,0.0,19.62,0.0,12.5996484035597,0.13173086167741685,49.050000000000004,-0.9731183372332619,-1.0
2019-06-19,214.0,0.0,22.29,0.0,10.709701143025745,0.11197123242580433,55.724999999999994,-0.9769384927771817,1.0
2019-06-20,212.0,0.4,22.32,0.4,9.503245971571884,0.09935759637657203,55.8,-0.980469160361632,-2.0
2019-06-21,211.0,0.0,21.93,0.0,8.0777590758361,0.08445395692008623,54.825,-0.9837092937736097,-1.0
2019-06-22,214.0,0.6,20.01,0.6,7.466095214460685,0.07805893660403079,50.025000000000006,-0.986657932891657,3.0
2019-06-23,212.0,0.0,19.17,0.0,6.346180932291582,0.06635009611342618,47.925000000000004,-0.9893142039703663,-2.0
2019-06-24,209.0,0.0,20.27,0.0,5.394253792447844,0.05639758169641224,50.675,-0.99167731989929,-3.0
2019-06-25,210.0,0.0,22.46,0.0,4.585115723580667,0.04793794444195041,56.150000000000006,-0.993746580436178,1.0
2019-06-26,209.0,3.0,25.37,3.0,6.897348365043568,0.07211261888544543,63.425000000000004,-0.9955213724144752,-1.0
2019-06-27,208.0,5.8,18.34,5.8,11.662746110287031,0.12193543386488459,45.85,-0.9970011699250151,-1.0
2019-06-28,208.0,0.0,15.7,0.0,9.913334193743976,0.1036451187851519,39.25,-0.9981855344718586,0.0
2019-06-29,207.0,0.0,15.78,0.0,8.42633406468238,0.0880983509673791,39.449999999999996,-0.99907411510223,-1.0
2019-06-30,206.0,0.0,22.57,0.0,7.162383954980022,0.07488359832227225,56.425,-0.9996666485105112,-1.0
2019-07-01,209.0,0.0,21.32,0.0,6.088026361733019,0.0636510585739314,53.3,-0.9999629591162655,3.0
2019-07-02,207.0,0.9,16.72,0.9,6.074822407473066,0.06351300962077797,41.8,-0.9999629591162655,-2.0
2019-07-03,205.0,2.1,13.26,2.1,7.263599046352105,0.07594181445451256,33.15,-0.9996666485105112,-2.0
2019-07-04,206.0,0.0,13.0,0.0,6.17405918939929,0.06455054228633568,32.5,-0.99907411510223,1.0
2019-07-05,207.0,5.8,13.55,5.8,11.047950310989396,0.11550766875564132,33.875,-0.9981855344718586,1.0
2019-07-06,205.0,0.3,15.38,0.3,9.690757764340987,0.10131805505327388,38.45,-0.9970011699250151,-2.0
2019-07-07,207.0,4.1,14.59,4.1,12.337144099689837,0.1289863471453258,36.475,-0.9955213724144752,2.0
2019-07-08,208.0,1.7,13.47,1.7,12.186572484736361,0.1274121025357399,33.675000000000004,-0.9937465804361781,1.0
2019-07-09,206.0,0.0,14.77,0.0,10.358586612025906,0.1083002871553789,36.925,-0.99167731989929,-2.0
2019-07-10,209.0,7.7,13.98,7.7,16.50479862022202,0.17255968376386016,34.95,-0.9893142039703664,3.0
2019-07-11,210.0,0.4,15.28,0.4,14.429078827188716,0.1508577800139195,38.199999999999996,-0.9866579328916572,1.0
2019-07-12,213.0,0.0,15.6,0.0,12.264717003110409,0.12822911301183157,39.0,-0.9837092937736098,3.0
2019-07-13,213.0,0.0,14.32,0.0,10.425009452643847,0.10899474606005682,35.8,-0.9804691603616321,0.0
2019-07-14,212.0,0.0,15.5,0.0,8.86125803474727,0.0926455341510483,38.75,-0.9769384927771817,-1.0
2019-07-15,211.0,0.0,16.94,0.0,7.532069329535179,0.07874870402839104,42.35,-0.973118337233262,-1.0
2019-07-16,213.0,8.4,14.44,8.4,14.802258930104902,0.1547594235315376,36.1,-0.9690098257244063,2.0
2019-07-17,210.0,0.4,14.13,0.4,12.981920090589167,0.13572755881644533,35.325,-0.9646141756912435,-3.0
2019-07-18,215.0,0.0,16.43,0.0,11.034632077000792,0.11536842499397852,41.075,-0.9599326896597445,5.0
2019-07-19,217.0,0.0,18.45,0.0,9.379437265450672,0.09806316124488174,46.125,-0.9549667548552553,2.0
2019-07-20,215.0,0.0,20.5,0.0,7.972521675633072,0.08335368705814948,51.25,-0.9497178427914317,-2.0
2019-07-21,216.0,3.5,22.58,3.5,10.27664342428811,0.10744356112751256,56.449999999999996,-0.9441875088341994,1.0
2019-07-22,214.0,0.3,18.23,0.3,9.035146910644894,0.09446356356936443,45.575,-0.9383773917408642,-2.0
2019-07-23,213.0,0.0,18.2,0.0,7.67987487404816,0.08029402903395977,45.5,-0.9322892131745134,-1.0
2019-07-24,211.0,0.0,21.32,0.0,6.527893642940936,0.0682499246788658,53.3,-0.9259247771938499,-2.0
2019-07-25,213.0,6.4,19.38,6.4,11.948709596499796,0.12492521701124944,48.449999999999996,-0.9192859697186105,2.0
2019-07-26,210.0,0.0,18.71,0.0,10.156403157024826,0.10618643445956202,46.775000000000006,-0.9123747579707274,-3.0
2019-07-27,213.0,7.9,18.25,7.9,16.532942683471102,0.172853933379735,45.625,-0.9051931898913975,3.0
2019-07-28,216.0,0.0,22.46,0.0,14.053001280950436,0.14692584337277476,56.150000000000006,-0.8977433935342336,3.0
2019-07-29,214.0,0.0,23.43,0.0,11.94505108880787,0.12488696686685853,58.575,-0.8900275764346766,-2.0
2019-07-30,214.0,0.0,18.87,0.0,10.15329342548669,0.10615392183682974,47.175000000000004,-0.8820480249558535,0.0
2019-07-31,213.0,0.0,14.7,0.0,8.630299411663685,0.09023083356130528,36.75,-0.8738071036110807,-1.0
2019-08-01,212.0,2.9,13.94,2.9,10.235754499914131,0.10701606243323747,34.85,-0.8653072543632061,-1.0
2019-08-02,214.0,1.4,15.73,1.4,10.100391324927012,0.10560082391948605,39.325,-0.8565509959010037,2.0
2019-08-03,211.0,3.0,15.12,3.0,11.58533262618796,0.12112606644135072,37.8,-0.8475409228928312,-3.0
2019-08-04,212.0,0.0,14.69,0.0,9.847532732259765,0.10295715647514811,36.725,-0.8382797052177745,1.0
2019-08-05,210.0,0.0,14.71,0.0,8.3704028224208,0.08751358300387589,36.775000000000006,-0.828770087174504,-2.0
2019-08-06,209.0,0.5,17.27,0.5,7.61484239905768,0.07961410657159243,43.175,-0.8190148866680802,-1.0
2019-08-07,211.0,0.0,18.97,0.0,6.4726160391990275,0.06767199058585356,47.425,-0.8090169943749472,2.0
2019-08-08,220.0,34.6,17.25,34.6,40.101723633319175,0.4192684144641923,43.125,-0.7987793728863648,9.0
2019-08-09,218.0,0.0,16.41,0.0,34.0864650883213,0.35637815229456343,41.025,-0.7883050558305253,-2.0
2019-08-10,216.0,0.0,17.14,0.0,28.973495325073102,0.3029214294503789,42.85,-0.7775971469736268,-2.0
2019-08-11,217.0,5.4,19.39,5.4,30.027471026312135,0.3139408740304397,48.475,-0.7666588193001592,1.0
2019-08-12,215.0,0.0,21.15,0.0,25.523350372365314,0.2668497429258737,52.875,-0.7554933140726804,-2.0
2019-08-13,217.0,8.4,18.88,8.4,30.094847816510516,0.3146453065943979,47.199999999999996,-0.7441039398713608,2.0
2019-08-14,217.0,9.8,14.28,9.8,35.38062064403394,0.36990870656387764,35.699999999999996,-0.7324940716135792,0.0
2019-08-15,219.0,0.0,15.3,0.0,30.07352754742885,0.314422400579296,38.25,-0.7206671495538615,2.0
2019-08-16,219.0,0.0,16.72,0.0,25.562498415314522,0.2672590404924016,41.8,-0.7086266782644601,0.0
2019-08-17,219.0,0.0,18.55,0.0,21.72812365301734,0.22717018441854134,46.375,-0.6963762255968726,0.0
2019-08-18,219.0,0.0,20.07,0.0,18.46890510506474,0.19309465675576012,50.175,-0.6839194216246105,0.0
2019-08-19,218.0,6.8,22.5,6.8,22.49856933930503,0.23522528809124796,56.25,-0.6712599575675315,-1.0
2019-08-20,218.0,0.0,20.18,0.0,19.123783938409275,0.19994149487756077,50.45,-0.6584015846980489,0.0
2019-08-21,224.0,23.8,15.59,23.8,40.055216347647885,0.41878217511690813,38.975,-0.64534811322955,6.0
2019-08-22,221.0,0.0,15.34,0.0,34.0469338955007,0.3559648488493719,38.35,-0.6321034111873488,-3.0
2019-08-23,221.0,0.0,17.15,0.0,28.939893811175594,0.3025701215219661,42.875,-0.6186714032625032,0.0
2019-08-24,220.0,0.0,18.71,0.0,24.598909739499256,0.2571846032936712,46.775000000000006,-0.6050560696488494,-1.0
2019-08-25,219.0,0.0,20.24,0.0,20.90907327857437,0.21860691279962052,50.599999999999994,-0.5912614448635782,-1.0
2019-08-26,219.0,0.0,20.6,0.0,17.772712286788213,0.18581587587967743,51.5,-0.5772916165517278,0.0
2019-08-27,218.0,0.0,21.06,0.0,15.10680544376998,0.15794349449772582,52.65,-0.5631507242749187,-1.0
2019-08-28,217.0,0.0,20.62,0.0,12.840784627204483,0.13425197032306693,51.550000000000004,-0.5488429582847199,-1.0
2019-08-29,217.0,3.7,20.91,3.7,14.61466693312381,0.15279812631001158,52.275,-0.5343725582809785,0.0
2019-08-30,215.0,0.0,19.98,0.0,12.422466893155239,0.12987840736350983,49.95,-0.5197438121555157,-2.0
2019-08-31,214.0,0.0,18.95,0.0,10.559096859181953,0.11039664625898336,47.375,-0.5049610547215202,-1.0
2019-09-01,213.0,0.0,19.43,0.0,8.97523233030466,0.09383714932013586,48.575,-0.4900286664290594,-1.0
2019-09-02,214.0,0.4,19.5,0.4,8.02894748075896,0.08394362573675382,48.75,-0.4749510720670502,1.0
2019-09-03,212.0,3.4,13.18,3.4,10.224605358645116,0.10689949680066667,32.95,-0.4597327394521046,-2.0
2019-09-04,213.0,0.0,14.2,0.0,8.690914554848348,0.09086457228056666,35.5,-0.44437817810461344,1.0
2019-09-05,216.0,0.0,16.52,0.0,7.387277371621096,0.07723488643848166,41.3,-0.4288919379124841,3.0
2019-09-06,215.0,0.0,15.13,0.0,6.279185765877931,0.0656496534727094,37.825,-0.41327860778290443,-1.0
2019-09-07,217.0,0.0,15.28,0.0,5.337307900996241,0.05580220545180299,38.199999999999996,-0.3975428142825566,2.0
2019-09-08,217.0,0.0,19.75,0.0,4.536711715846805,0.04743187463403255,49.375,-0.3816892202666586,0.0
2019-09-09,217.0,0.0,20.74,0.0,3.8562049584697844,0.04031709343892766,51.849999999999994,-0.3657225234972692,0.0
2019-09-10,216.0,0.0,16.97,0.0,3.2777742146993165,0.034269529423088516,42.425,-0.34964745525122826,-1.0
2019-09-11,217.0,0.0,15.54,0.0,2.786108082494419,0.029129100009625233,38.849999999999994,-0.33346877891818705,1.0
2019-09-12,214.0,0.0,16.53,0.0,2.368191870120256,0.024759735008181447,41.325,-0.31719128858910595,-3.0
2019-09-13,214.0,1.8,14.65,1.8,3.812963089602217,0.039864994422826774,36.625,-0.300819807635668,0.0
2019-09-14,213.0,0.0,11.85,0.0,3.2410186261618845,0.03388524525940276,29.625,-0.2843591872810036,-1.0
2019-09-15,214.0,0.0,12.98,0.0,2.7548658322376016,0.028802458470492343,32.45,-0.26781430516217486,1.0
2019-09-16,212.0,3.0,12.53,3.0,5.341635957401961,0.05584745580970607,31.325,-0.25119006388481957,-2.0
2019-09-17,215.0,0.7,9.1,0.7,5.240390563791667,0.05478892286386726,22.75,-0.23449138957041052,3.0
2019-09-18,213.0,2.6,8.09,2.6,7.054331979222917,0.07375390172943641,20.225,-0.21772323039653224,-2.0
2019-09-19,217.0,0.1,8.73,0.1,6.096182182339479,0.06373632867368052,21.825000000000003,-0.20089055513063528,4.0
2019-09-20,216.0,0.5,6.73,0.5,5.681754854988557,0.059403440390926376,16.825000000000003,-0.18399835165767986,-1.0
2019-09-21,218.0,1.6,9.38,1.6,6.429491626740273,0.06722111959084079,23.450000000000003,-0.1670516255021195,2.0
2019-09-22,219.0,2.5,9.85,2.5,7.965067882729231,0.08327575674370431,24.625,-0.15005539834465262,1.0
2019-09-23,217.0,0.0,4.8,0.0,6.770307700319846,0.07078439323214866,12.0,-0.13301470653419636,-2.0
2019-09-24,218.0,0.0,5.1,0.0,5.75476154527187,0.06016673424732637,12.75,-0.11593459959550066,1.0
2019-09-25,219.0,0.0,6.25,0.0,4.891547313481089,0.05114172411022741,15.625,-0.09882013873287211,1.0
2019-09-26,220.0,0.0,10.08,0.0,4.157815216458926,0.0434704654936933,25.2,-0.08167639533042288,1.0
2019-09-27,219.0,0.0,10.43,0.0,3.5341429339900867,0.036949895669639306,26.075,-0.06450844944931625,-1.0
2019-09-28,221.0,12.2,8.92,12.2,15.204021493891574,0.1589599001656629,22.3,-0.04732138832243232,2.0
2019-09-29,222.0,5.8,11.95,5.8,18.723418269807837,0.19575562295306945,29.875,-0.03012030484690836,1.0
2019-09-30,227.0,15.1,12.9,15.1,31.01490552933666,0.32426462226270647,32.25,-0.012910296075008843,5.0
2019-10-01,229.0,2.8,10.73,2.8,29.16266969993616,0.30489927062576894,26.825000000000003,0.004303538296243821,2.0
2019-10-02,233.0,9.6,12.35,9.6,34.38826924494573,0.3595335515832238,30.875,0.021516097436222233,4.0
2019-10-03,234.0,0.2,8.05,0.2,29.430028858203872,0.3076945432530594,20.125,0.03872228089217399,1.0
2019-10-04,235.0,1.8,6.51,1.8,26.81552452947329,0.280359581430973,16.275,0.05591699010060302,1.0
2019-10-05,236.0,0.0,4.34,0.0,22.793195850052296,0.23830564421632705,10.85,0.07309512989807776,1.0
2019-10-06,234.0,0.3,1.23,0.3,19.67421647254445,0.20569633419485675,3.075,0.0902516100310407,-2.0
2019-10-07,233.0,2.4,2.0,2.4,19.123084001662782,0.1999341769534583,5.0,0.10738134666416306,-1.0
2019-10-08,234.0,2.1,4.23,2.1,18.354621401413365,0.19189980668729084,10.575000000000001,0.12447926388678869,1.0
2019-10-09,233.0,2.0,9.33,2.0,17.601428191201357,0.1840250797573889,23.325,0.141540295217043,-1.0
2019-10-10,234.0,11.8,9.24,11.8,26.761213962521154,0.2797917578256117,23.1,0.15855938510313475,1.0
2019-10-11,233.0,0.5,9.58,0.5,23.24703186814298,0.24305055517006788,23.95,0.17553149042142777,-1.0
2019-10-12,234.0,8.4,10.87,8.4,28.159977087921533,0.2944159970019629,27.174999999999997,0.19245158197082995,1.0
2019-10-13,236.0,1.2,10.95,1.2,25.135980524733302,0.2627997438955835,27.375,0.20931464596304888,2.0
2019-10-14,236.0,0.0,14.38,0.0,21.365583446023305,0.22337978231124594,35.95,0.22611568550828803,0.0
2019-10-15,237.0,0.0,11.45,0.0,18.16074592911981,0.18987281496455907,28.625,0.2428497220959358,1.0
2019-10-16,237.0,0.0,15.73,0.0,15.436634039751837,0.1613918927198752,39.325,0.25951179706979943,0.0
2019-10-17,236.0,0.4,11.95,0.4,13.52113893378906,0.14136515762653226,29.875,0.27609697309746883,-1.0
2019-10-18,235.0,0.0,13.07,0.0,11.492968093720702,0.12016038398255242,32.675,0.2926003356333479,-1.0
2019-10-19,233.0,0.0,12.79,0.0,9.769022879662597,0.10213632638516956,31.974999999999998,0.30901699437494723,-2.0
2019-10-20,233.0,0.0,12.6,0.0,8.303669447713206,0.08681587742739412,31.5,0.3253420847119795,0.0
2019-10-21,232.0,0.0,13.2,0.0,7.058119030556225,0.073793495813285,33.0,0.341570769167856,-1.0
2019-10-22,230.0,0.0,13.67,0.0,5.999401175972791,0.06272447144129224,34.175,0.35769823883312546,-2.0
2019-10-23,232.0,0.0,9.85,0.0,5.099490999576872,0.0533158007250984,24.625,0.3737197147904692,2.0
2019-10-24,231.0,0.0,8.97,0.0,4.334567349640341,0.045318430616333644,22.425,0.38963044953078774,-1.0
2019-10-25,230.0,0.0,9.69,0.0,3.68438224719429,0.0385206660238836,24.224999999999998,0.4054257283599973,-1.0
2019-10-26,231.0,0.0,11.7,0.0,3.1317249101151465,0.032742566120301055,29.25,0.42110087079608916,1.0
2019-10-27,232.0,0.7,10.77,0.7,3.3619661735978745,0.035149766627873,26.924999999999997,0.4366512319560638,1.0
2019-10-28,230.0,2.4,6.04,2.4,5.257671247558193,0.05496959452152211,15.1,0.45207220393230374,-2.0
2019-10-29,229.0,0.0,3.24,0.0,4.469020560424464,0.04672415534329379,8.100000000000001,0.46735921715800205,-1.0
2019-10-30,229.0,0.3,-0.48,0.3,4.098667476360794,0.04285206865277848,0.0,0.48250774176121763,0.0
2019-10-31,228.0,2.9,-0.07,2.9,6.383867354906675,0.0667441122609897,0.0,0.4975132889071803,-1.0
2019-11-01,228.0,0.0,3.72,0.0,5.426287251670674,0.05673249542184124,9.3,0.5123714121284235,0.0
2019-11-02,227.0,1.5,2.75,1.5,6.112344163920072,0.06390530416345884,6.875,0.5270777086423724,-1.0
2019-11-03,228.0,0.6,7.8,0.6,5.795492539332061,0.06059258176089753,19.5,0.5416278206559811,1.0
2019-11-04,228.0,4.6,12.58,4.6,9.526168658432251,0.09959725586510385,31.45,0.5560174366570446,0.0
2019-11-05,232.0,4.7,10.06,4.7,12.797243359667412,0.1337967410573388,25.150000000000002,0.5702422926917867,4.0
2019-11-06,234.0,1.1,7.35,1.1,11.9776568557173,0.12522786413899342,18.375,0.5842981736283683,2.0
2019-11-07,234.0,0.0,5.8,0.0,10.181008327359704,0.1064436845181444,14.5,0.5981809144059159,0.0
2019-11-08,233.0,0.0,6.68,0.0,8.653857078255749,0.09047713184042275,16.7,0.6118864012687242,-1.0
2019-11-09,235.0,4.7,8.88,4.7,12.055778516517385,0.12604463563635987,22.200000000000003,0.6254105729852457,2.0
2019-11-10,237.0,9.1,8.31,9.1,19.347411739039778,0.2022795508239282,20.775000000000002,0.6387494220515268,2.0
2019-11-11,240.0,2.4,5.15,2.4,18.84529997818381,0.19702991108816903,12.875,0.6518989958787125,3.0
2019-11-12,242.0,0.0,4.9,0.0,16.01850498145624,0.16747542442494368,12.25,0.6648553979642867,2.0
2019-11-13,244.0,0.0,10.42,0.0,13.615729234237802,0.1423541107612021,26.05,0.6776147890466887,2.0
2019-11-14,247.0,2.9,9.36,2.9,14.473369849102133,0.1513208480531498,23.4,0.690173388242972,3.0
2019-11-15,254.0,8.2,6.46,8.2,20.50236437173681,0.21435472154526336,16.15,0.7025274741691566,7.0
2019-11-16,256.0,0.0,6.61,0.0,17.42700971597629,0.18220151331347387,16.525000000000002,0.7146733860429608,2.0
2019-11-17,255.0,0.0,8.23,0.0,14.812958258579846,0.15487128631645278,20.575000000000003,0.726607524768565,-1.0
2019-11-18,255.0,0.0,7.75,0.0,12.591014519792868,0.13164059336898484,19.375,0.7383263540031063,0.0
2019-11-19,253.0,0.0,4.64,0.0,10.702362341823937,0.11189450436363711,11.6,0.749826401204568,-2.0
2019-11-20,251.0,0.0,4.56,0.0,9.097007990550347,0.09511032870909156,11.399999999999999,0.7611042586607742,-2.0
2019-11-21,250.0,0.0,1.97,0.0,7.7324567919677945,0.08084377940272781,4.925,0.7721565844991641,-1.0
2019-11-22,249.0,0.0,-2.3,0.0,6.5725882731726255,0.06871721249231864,0.0,0.7829801036770625,-1.0
2019-11-23,245.0,0.0,-4.1,0.0,5.586700032196732,0.05840963061847085,0.0,0.7935716089521472,-4.0
2019-11-24,244.0,0.0,-2.41,0.0,4.748695027367222,0.049648186025700224,0.0,0.8039279618328208,-1.0
2019-11-25,243.0,0.0,-2.43,0.0,4.036390773262139,0.04220095812184519,0.0,0.8140460935082175,-1.0
2019-11-26,242.0,0.0,-1.49,0.0,3.4309321572728178,0.03587081440356841,0.0,0.8239230057575536,-1.0
2019-11-27,241.0,0.0,-0.42,0.0,2.916292333681895,0.030490192243033145,0.0,0.8335557718385695,-1.0
2019-11-28,240.0,0.0,0.82,0.0,2.4788484836296107,0.025916663406578173,2.05,0.8429415373547832,-1.0
2019-11-29,242.0,1.6,2.95,1.6,3.707021211085169,0.03875735915414482,7.375,0.8520775211013093,2.0
2019-11-30,242.0,1.3,0.53,1.3,4.450968029422394,0.04653541392859772,1.3250000000000002,0.8609610158889945,0.0
2019-12-01,242.0,0.0,-1.24,0.0,3.7833228250090345,0.039555101839308056,0.0,0.8695893893466109,0.0
2019-12-02,241.0,1.1,-0.46,1.1,4.315824401257679,0.04512247080366729,0.0,0.8779600847008883,-1.0
2019-12-03,242.0,0.0,-1.5,0.0,3.668450741069027,0.0383541001831172,0.0,0.8860706215341377,1.0
2019-12-04,242.0,2.0,1.39,2.0,5.118183129908672,0.05351122922884133,3.4749999999999996,0.893918596519257,0.0
2019-12-05,242.0,0.0,1.72,0.0,4.350455660422371,0.045484544844515126,4.3,0.9015016841318838,0.0
2019-12-06,241.0,0.0,0.47,0.0,3.6978873113590156,0.03866186311783786,1.1749999999999998,0.9088176373395028,-1.0
2019-12-07,241.0,4.4,1.27,4.4,7.543204214655164,0.07886512061118398,3.175,0.9158642882672868,0.0
2019-12-08,243.0,0.7,3.98,0.7,7.111723582456889,0.07435393794512347,9.95,0.9226395488404875,2.0
2019-12-09,244.0,1.8,4.88,1.8,7.8449650450883555,0.0820200669192275,12.2,0.9291414114031743,1.0
2019-12-10,244.0,0.2,2.96,0.2,6.8682202883251025,0.07180808128866255,7.4,0.935367949313148,0.0
2019-12-11,243.0,0.0,-1.25,0.0,5.837987245076337,0.06103686909536316,0.0,0.941317317512847,-1.0
2019-12-12,243.0,0.4,1.47,0.4,5.362289158314887,0.05606338754569704,3.675,0.946987753076075,0.0
2019-12-13,243.0,0.0,1.45,0.0,4.557945784567654,0.04765387941384248,3.625,0.9523775757303973,0.0
2019-12-14,243.0,3.8,0.85,3.8,7.674253916882505,0.08023526124083037,2.125,0.9574851883550389,0.0
2019-12-15,243.0,3.2,2.53,3.2,9.72311582935013,0.10165636257181257,6.324999999999999,0.9623090774541487,0.0
2019-12-16,242.0,0.0,2.68,0.0,8.26464845494761,0.08640790818604067,6.7,0.9668478136052773,-1.0
2019-12-17,242.0,0.7,3.75,0.7,7.724951186705468,0.08076530738375168,9.375,0.9711000518829505,0.0
2019-12-18,243.0,0.0,5.95,0.0,6.566208508699647,0.06865051127618892,14.875,0.9750645322571945,1.0
2019-12-19,243.0,0.0,3.02,0.0,5.5812772323947,0.058352934584760575,7.55,0.9787400799669153,0.0
2019-12-20,243.0,0.0,2.17,0.0,4.744085647535495,0.04959999439704649,5.425,0.9821256058680006,0.0
2019-12-21,243.0,0.0,4.59,0.0,4.03247280040517,0.04215999523748951,11.475,0.9852201067560606,0.0
2019-12-22,242.0,1.8,5.67,1.8,5.227601880344395,0.05465521561773863,14.175,0.9880226656636976,-1.0
2019-12-23,245.0,0.0,5.36,0.0,4.4434615982927355,0.04645693327507784,13.4,0.9905324521322227,3.0
2019-12-24,245.0,9.5,5.37,9.5,13.276942358548824,0.13881205263147683,13.425,0.9927487224577402,0.0
2019-12-25,247.0,7.5,4.23,7.5,18.7854010047665,0.19640366001122422,10.575000000000001,0.9946708199115211,2.0
2019-12-26,252.0,5.2,1.52,5.2,21.167590854051525,0.22130974559983907,3.8,0.9962981749346077,5.0
2019-12-27,257.0,0.8,-0.15,0.8,18.792452225943798,0.19647738138913992,0.0,0.9976303053065857,5.0
2019-12-28,261.0,0.0,-1.05,0.0,15.973584392052228,0.16700577418076892,0.0,0.9986668162884759,4.0
2019-12-29,264.0,0.0,-2.8,0.0,13.577546733244393,0.14195490805365357,0.0,0.9994074007397048,3.0
2019-12-30,265.0,0.0,1.32,0.0,11.540914723257734,0.12066167184560554,3.3000000000000003,0.9998518392091162,1.0
2019-12-31,266.0,1.8,3.18,1.8,11.609777514769075,0.12138164073463727,7.95,1.0,1.0
2020-01-01,265.0,0.8,1.52,0.8,10.668310887553714,0.11153849225371837,3.8,0.9998518392091162,-1.0
2020-01-02,264.0,0.0,1.52,0.0,9.068064254420657,0.09480771841566062,3.8,0.9994074007397048,-1.0
2020-01-03,264.0,0.2,0.11,0.2,7.907854616257558,0.08267758506063069,0.275,0.998666816288476,0.0
2020-01-04,262.0,3.1,1.19,3.1,9.821676423818925,0.10268682561498325,2.9749999999999996,0.9976303053065857,-2.0
2020-01-05,264.0,0.0,-1.27,0.0,8.348424960246087,0.08728380177273577,0.0,0.9962981749346078,2.0
2020-01-06,263.0,0.9,-1.23,0.9,7.996161216209174,0.08360084133976169,0.0,0.9946708199115211,-1.0
2020-01-07,260.0,0.0,0.13,0.0,6.796737033777798,0.07106071513879743,0.325,0.9927487224577402,-3.0
2020-01-08,261.0,3.6,0.67,3.6,9.377226478711128,0.09804004719972291,1.675,0.9905324521322229,1.0
2020-01-09,261.0,1.0,2.75,1.0,8.970642506904458,0.09378916215636032,6.875,0.9880226656636976,0.0
2020-01-10,261.0,13.2,4.19,13.2,20.825046130868788,0.2177283987159716,10.475000000000001,0.9852201067560606,0.0
2020-01-11,265.0,1.6,2.82,1.6,19.301289211238473,0.20179733416712928,7.05,0.9821256058680006,4.0
2020-01-12,271.0,1.9,2.18,1.9,18.3060958295527,0.19139246591159198,5.45,0.9787400799669153,6.0
2020-01-13,275.0,3.8,2.25,3.8,19.360181455119793,0.20241305976391744,5.625,0.9750645322571948,4.0
2020-01-14,279.0,0.1,2.91,0.1,16.556154236851825,0.17309661300298942,7.275,0.9711000518829505,4.0
2020-01-15,281.0,0.0,3.35,0.0,14.07273110132405,0.147132121052541,8.375,0.9668478136052775,2.0
2020-01-16,281.0,0.0,4.79,0.0,11.961821436125442,0.12506230289465983,11.975,0.9623090774541486,0.0
2020-01-17,282.0,0.0,1.36,0.0,10.167548220706626,0.10630295746046087,3.4000000000000004,0.9574851883550393,1.0
2020-01-18,285.0,0.3,-0.3,0.3,8.942415987600633,0.0934940504523705,0.0,0.9523775757303974,3.0
2020-01-19,285.0,0.2,1.2,0.2,7.801053589460538,0.0815609672918341,3.0,0.9469877530760753,0.0
2020-01-20,284.0,0.0,2.29,0.0,6.630895551041457,0.06932682219805898,5.725,0.9413173175128471,-1.0
2020-01-21,283.0,0.6,3.4,0.6,6.236261218385238,0.06520087209030764,8.5,0.9353679493131483,-1.0
2020-01-22,285.0,4.6,2.79,4.6,9.900822035627453,0.10351430264510246,6.975,0.9291414114031743,2.0
2020-01-23,283.0,0.0,1.11,0.0,8.415698730283335,0.0879871572483371,2.7750000000000004,0.9226395488404876,-2.0
2020-01-24,285.0,0.4,2.5,0.4,7.553343920740835,0.07897113247572488,6.25,0.9158642882672872,2.0
2020-01-25,291.0,0.0,3.28,0.0,6.420342332629709,0.06712546260436614,8.2,0.9088176373395029,6.0
2020-01-26,290.0,0.0,2.12,0.0,5.457290982735253,0.05705664321371121,5.300000000000001,0.901501684131884,-1.0
2020-01-27,291.0,0.6,-0.24,0.6,5.238697335324964,0.054771219953612046,0.0,0.893918596519257,1.0
2020-01-28,291.0,0.0,0.86,0.0,4.45289273502622,0.046555536960570236,2.15,0.886070621534138,0.0
2020-01-29,289.0,4.3,1.14,4.3,8.084958824772286,0.08452923117384689,2.8499999999999996,0.8779600847008882,-2.0
2020-01-30,291.0,1.2,1.49,1.2,8.072215001056444,0.0843959929416849,3.725,0.869589389346611,2.0
2020-01-31,292.0,4.1,2.26,4.1,10.961382750897975,0.11460259435047516,5.6499999999999995,0.8609610158889943,1.0
2020-02-01,290.0,4.4,5.03,4.4,13.71717533826328,0.1434147421589257,12.575000000000001,0.8520775211013093,-2.0
2020-02-02,290.0,7.0,4.74,7.0,18.659599037523787,0.19508838509125784,11.850000000000001,0.8429415373547828,0.0
2020-02-03,291.0,0.0,2.06,0.0,15.860659181895219,0.16582512732756916,5.15,0.8335557718385699,1.0
2020-02-04,293.0,0.0,0.1,0.0,13.481560304610936,0.14095135822843377,0.25,0.8239230057575542,2.0
2020-02-05,294.0,0.0,-2.99,0.0,11.459326258919296,0.11980865449416872,0.0,0.8140460935082178,1.0
2020-02-06,294.0,3.9,-0.27,3.9,13.640427320081402,0.14261233226276726,0.0,0.8039279618328213,0.0
2020-02-07,292.0,0.0,-3.43,0.0,11.594363222069191,0.12122048242335218,0.0,0.7935716089521474,-2.0
2020-02-08,288.0,0.0,-0.15,0.0,9.855208738758812,0.10303741005984934,0.0,0.7829801036770629,-4.0
2020-02-09,287.0,0.0,0.74,0.0,8.37692742794499,0.08758179855087193,1.85,0.7721565844991642,-1.0
2020-02-10,284.0,8.8,2.52,8.8,15.920388313753243,0.16644960269028472,6.3,0.7611042586607747,-3.0
2020-02-11,286.0,3.0,1.78,3.0,16.532330066690257,0.17284752839652961,4.45,0.7498264012045686,2.0
2020-02-12,289.0,7.6,1.28,7.6,21.65248055668672,0.2263793266151787,3.2,0.7383263540031065,3.0
2020-02-13,290.0,2.6,1.63,2.6,21.004608473183712,0.21960574491805115,4.074999999999999,0.7266075247685656,1.0
2020-02-14,292.0,0.0,0.19,0.0,17.853917202206155,0.18666488318034347,0.475,0.7146733860429609,2.0
2020-02-15,294.0,0.0,-1.15,0.0,15.17582962187523,0.15866515070329193,0.0,0.702527474169157,2.0
2020-02-16,294.0,1.5,2.85,1.5,14.399455178593946,0.15054806115269195,7.125,0.6901733882429719,0.0
2020-02-17,293.0,0.3,6.74,0.3,12.539536901804855,0.13110238859076692,16.85,0.6776147890466889,-1.0
2020-02-18,293.0,3.0,3.33,3.0,13.658606366534126,0.14280239641193945,8.325,0.6648553979642865,0.0
2020-02-19,292.0,0.0,3.63,0.0,11.609815411554008,0.12138203695014854,9.075,0.6518989958787126,-1.0
2020-02-20,291.0,0.0,2.43,0.0,9.868343099820907,0.10317473140762626,6.075,0.6387494220515272,-1.0
2020-02-21,289.0,0.2,1.71,0.2,8.58809163484777,0.08978954610380148,4.275,0.6254105729852463,-2.0
2020-02-22,283.0,4.3,2.88,4.3,11.599877889620604,0.12127813894559346,7.199999999999999,0.6118864012687243,-6.0
2020-02-23,284.0,0.2,3.2,0.2,10.059896206177513,0.1051774425110736,8.0,0.5981809144059164,1.0
2020-02-24,284.0,0.5,2.05,0.5,9.050911775250885,0.09462838715271048,5.125,0.5842981736283683,0.0
2020-02-25,284.0,3.8,-0.05,3.8,11.493275008963252,0.12016359281886817,0.0,0.5702422926917871,0.0
2020-02-26,282.0,3.1,3.66,3.1,12.869283757618764,0.1345499322094851,9.15,0.5560174366570446,-2.0
2020-02-27,286.0,0.0,1.02,0.0,10.938891193975948,0.11436744237806233,2.55,0.5416278206559814,4.0
2020-02-28,284.0,0.3,0.47,0.3,9.598057514879557,0.10034886263233174,1.1749999999999998,0.5270777086423722,-2.0
2020-02-29,281.0,0.2,1.84,0.2,8.358348887647622,0.08738755764480115,4.6000000000000005,0.5123714121284237,-3.0
2020-03-01,280.0,1.8,4.25,1.8,8.904596554500479,0.09309864366395353,10.625,0.49751328890718066,-1.0
2020-03-02,279.0,0.3,5.3,0.3,7.868907071325407,0.08227038372533925,13.25,0.48250774176121847,-1.0
2020-03-03,276.0,0.3,5.72,0.3,6.988571010626596,0.07306636277751712,14.299999999999999,0.46735921715800227,-3.0
2020-03-04,278.0,6.4,5.86,6.4,12.340285359032606,0.12901918939510304,14.65,0.45207220393230435,2.0
2020-03-05,281.0,4.7,2.7,4.7,15.189242555177714,0.15880538455783813,6.75,0.43665123195606403,3.0
2020-03-06,285.0,0.0,2.85,0.0,12.910856171901056,0.1349845768741624,7.125,0.4211008707960896,4.0
2020-03-07,287.0,1.7,3.75,1.7,12.674227746115896,0.13251059780525098,9.375,0.40542572835999735,2.0
2020-03-08,288.0,1.8,4.83,1.8,12.573093584198512,0.1314532278003359,12.075,0.38963044953078796,1.0
2020-03-09,288.0,0.0,4.22,0.0,10.687129546568734,0.11173524363028549,10.549999999999999,0.37371971479046906,0.0
2020-03-10,287.0,0.0,3.5,0.0,9.084060114583423,0.09497495708574265,8.75,0.35769823883312546,-1.0
2020-03-11,287.0,6.2,5.3,6.2,13.92145109739591,0.1455504701497756,13.25,0.3415707691678556,0.0
2020-03-12,287.0,12.0,4.79,12.0,23.83323343278652,0.24917936406645955,11.975,0.3253420847119801,0.0
2020-03-13,288.0,0.0,4.32,0.0,20.258248417868543,0.21180245945649062,10.8,0.30901699437494745,1.0
2020-03-14,289.0,1.7,-0.79,1.7,18.91951115518826,0.19780579800022996,0.0,0.29260033563334836,1.0
2020-03-15,288.0,0.0,-0.54,0.0,16.08158448191002,0.16813492830019547,0.0,0.27609697309746883,-1.0
2020-03-16,287.0,0.8,3.77,0.8,14.469346809623518,0.15127878668444283,9.425,0.2595117970697999,-1.0
2020-03-17,286.0,0.0,4.43,0.0,12.29894478817999,0.1285869686817764,11.075,0.2428497220959356,-1.0
2020-03-18,286.0,0.0,8.13,0.0,10.45410306995299,0.10929892337950994,20.325000000000003,0.22611568550828828,0.0
2020-03-19,290.0,0.0,6.52,0.0,8.885987609460042,0.09290408487258345,16.299999999999997,0.20931464596304847,4.0
2020-03-20,289.0,0.0,3.2,0.0,7.553089468041035,0.07896847214169593,8.0,0.19245158197082998,-1.0
2020-03-21,287.0,0.2,0.14,0.2,6.62012604783488,0.06921422572776072,0.35000000000000003,0.1755314904214282,-2.0
2020-03-22,285.0,0.0,-1.28,0.0,5.627107140659648,0.0588320918685966,0.0,0.15855938510313478,-2.0
2020-03-23,281.0,0.0,-1.6,0.0,4.783041069560701,0.050007278088307114,0.0,0.141540295217043,-4.0
2020-03-24,281.0,0.0,-0.86,0.0,4.065584909126596,0.042506186375061046,0.0,0.12447926388678915,0.0
2020-03-25,280.0,0.0,1.77,0.0,3.455747172757606,0.03613025841880189,4.425,0.10738134666416309,-1.0
2020-03-26,273.0,0.0,3.82,0.0,2.937385096843965,0.030710719655981603,9.549999999999999,0.09025161003104117,-7.0
2020-03-27,268.0,0.0,6.05,0.0,2.4967773323173703,0.026104111707584362,15.125,0.07309512989807777,-5.0
2020-03-28,266.0,0.0,8.29,0.0,2.1222607324697647,0.022188494951446706,20.724999999999998,0.055916990100603484,-2.0
2020-03-29,266.0,0.5,2.83,0.5,2.3039216225993,0.02408778172702763,7.075,0.03872228089217446,0.0
2020-03-30,265.0,0.0,-1.0,0.0,1.9583333792094049,0.020474614467973485,0.0,0.021516097436222254,-1.0
2020-03-31,263.0,0.0,-0.65,0.0,1.6645833723279941,0.01740342229777746,0.0,0.004303538296244289,-2.0
2020-04-01,262.0,0.2,0.92,0.2,1.614895866478795,0.016883933360430012,2.3000000000000003,-0.01291029607500882,-1.0
2020-04-02,261.0,0.4,4.45,0.4,1.7726614865069759,0.018533392171003856,11.125,-0.030120304846908114,-1.0
2020-04-03,261.0,0.0,4.5,0.0,1.5067622635309295,0.01575338334535328,11.25,-0.04732138832243185,0.0
2020-04-04,260.0,0.0,3.67,0.0,1.28074792400129,0.013390375843550286,9.175,-0.06450844944931623,-1.0
2020-04-05,260.0,0.0,4.21,0.0,1.0886357354010965,0.011381819467017744,10.525,-0.08167639533042241,0.0
2020-04-06,258.0,0.0,7.89,0.0,0.925340375090932,0.009674546546965082,19.724999999999998,-0.09882013873287143,-2.0
2020-04-07,259.0,0.0,12.05,0.0,0.7865393188272922,0.00822336456492032,30.125,-0.11593459959550041,1.0
2020-04-08,257.0,0.0,8.77,0.0,0.6685584210031984,0.006989859880182272,21.924999999999997,-0.1330147065341959,-2.0
2020-04-09,257.0,0.0,9.28,0.0,0.5682746578527186,0.00594138089815493,23.2,-0.1500553983446526,0.0
2020-04-10,255.0,0.0,5.46,0.0,0.4830334591748108,0.005050173763431691,13.65,-0.16705162550211924,-2.0
2020-04-11,254.0,0.0,4.09,0.0,0.41057844029858914,0.004292647698916937,10.225,-0.18399835165768005,-1.0
2020-04-12,253.0,0.0,7.71,0.0,0.3489916742538008,0.0036487505440793966,19.275,-0.20089055513063506,-1.0
2020-04-13,253.0,1.5,6.68,1.5,1.7966429231157306,0.018784121017361276,16.7,-0.21772323039653177,0.0
2020-04-14,252.0,0.8,1.9,0.8,2.327146484648371,0.024330600494033773,4.75,-0.23449138957040985,-1.0
2020-04-15,252.0,3.0,3.27,3.0,4.978074511951116,0.05204637652971629,8.175,-0.25119006388481935,0.0
2020-04-16,252.0,0.0,7.3,0.0,4.2313633351584485,0.04423942005025885,18.25,-0.2678143051621742,0.0
2020-04-17,252.0,0.0,4.37,0.0,3.596658834884681,0.037603507042720016,10.925,-0.2843591872810034,0.0
2020-04-18,250.0,0.0,4.47,0.0,3.057160009651979,0.03196298098631201,11.174999999999999,-0.30081980763566735,-2.0
2020-04-19,252.0,0.0,3.67,0.0,2.598586008204182,0.027168533838365212,9.175,-0.3171912885891061,2.0
2020-04-20,250.0,0.0,5.51,0.0,2.2087981069735547,0.02309325376261043,13.774999999999999,-0.3334687789181868,-2.0
2020-04-21,250.0,0.0,8.54,0.0,1.8774783909275214,0.019629265698218865,21.349999999999998,-0.3496474552512284,0.0
2020-04-22,249.0,0.0,9.8,0.0,1.5958566322883931,0.016684875843486036,24.5,-0.36572252349726897,-1.0
2020-04-23,248.0,0.0,10.12,0.0,1.3564781374451342,0.01418214446696313,25.299999999999997,-0.3816892202666588,-1.0
2020-04-24,248.0,0.0,10.23,0.0,1.153006416828364,0.01205482279691866,25.575000000000003,-0.39754281428255595,0.0
2020-04-25,247.0,0.0,7.39,0.0,0.9800554543041093,0.01024659937738086,18.474999999999998,-0.4132786077829042,-1.0
2020-04-26,245.0,0.0,6.45,0.0,0.8330471361584929,0.00870960947077373,16.125,-0.4288919379124835,-2.0
2020-04-27,245.0,0.0,8.57,0.0,0.708090065734719,0.007403168050157671,21.425,-0.4443781781046132,0.0
2020-04-28,245.0,0.3,13.27,0.3,0.9018765558745112,0.00942922945361278,33.175,-0.45973273945210397,0.0
2020-04-29,244.0,0.0,6.75,0.0,0.7665950724933345,0.008014845035570862,16.875,-0.47495107206704995,-1.0
2020-04-30,243.0,0.0,8.47,0.0,0.6516058116193343,0.006812618280235232,21.175,-0.49002866642905923,-1.0
2020-05-01,242.0,0.0,10.48,0.0,0.5538649398764341,0.005790725538199947,26.200000000000003,-0.5049610547215204,-1.0
2020-05-02,243.0,11.1,9.87,11.1,11.570785198894969,0.120973971313684,24.674999999999997,-0.5197438121555155,1.0
2020-05-03,244.0,2.9,10.81,2.9,12.735167419060724,0.1331477295227594,27.025000000000002,-0.5343725582809787,1.0
2020-05-04,243.0,0.0,10.7,0.0,10.824892306201615,0.11317557009434548,26.75,-0.548842958284719,-1.0
2020-05-05,244.0,1.6,10.64,1.6,10.801158460271372,0.11292742983874703,26.6,-0.5631507242749186,1.0
2020-05-06,247.0,6.9,10.75,6.9,16.080984691230668,0.16812865741544641,26.875,-0.5772916165517272,3.0
2020-05-07,246.0,0.0,8.81,0.0,13.668836987546067,0.14290935880312944,22.025000000000002,-0.5912614448635781,-1.0
2020-05-08,245.0,0.0,9.61,0.0,11.618511439414156,0.12147295498266003,24.025,-0.6050560696488488,-1.0
2020-05-09,245.0,0.0,10.93,0.0,9.875734723502033,0.10325201173526102,27.325,-0.6186714032625031,0.0
2020-05-10,245.0,0.0,13.54,0.0,8.394374514976727,0.08776420997497186,33.849999999999994,-0.6321034111873487,0.0
2020-05-11,245.0,12.7,12.4,12.7,19.83521833773022,0.2073796283434935,31.0,-0.6453481132295501,0.0
2020-05-12,249.0,8.6,2.5,8.6,25.45993558707068,0.2661867336066938,6.25,-0.6584015846980488,4.0
2020-05-13,251.0,3.3,4.58,3.3,24.94094524901008,0.26076062628645613,11.45,-0.6712599575675313,2.0
2020-05-14,250.0,0.0,5.82,0.0,21.19980346165857,0.2216465323434877,14.55,-0.6839194216246106,-1.0
2020-05-15,250.0,0.0,8.63,0.0,18.01983294240978,0.18839955249196452,21.575000000000003,-0.6963762255968722,0.0
2020-05-16,249.0,2.4,8.73,2.4,17.716858001048312,0.18523191250599988,21.825000000000003,-0.7086266782644596,-1.0
2020-05-17,248.0,4.7,9.14,4.7,19.759329300891064,0.20658619920210042,22.85,-0.7206671495538609,-1.0
2020-05-18,250.0,12.8,8.04,12.8,29.595429905757406,0.3094238313902124,20.099999999999998,-0.7324940716135789,2.0
2020-05-19,249.0,3.1,8.49,3.1,28.256115419893796,0.2954211349951277,21.225,-0.7441039398713607,-1.0
2020-05-20,249.0,0.0,8.83,0.0,24.017698106909727,0.25110796474585856,22.075,-0.7554933140726803,0.0
2020-05-21,248.0,0.0,7.09,0.0,20.41504339087327,0.21344177003397977,17.725,-0.766658819300159,-1.0
2020-05-22,247.0,0.6,8.77,0.6,17.95278688224228,0.18769857775084034,21.924999999999997,-0.777597146973627,-1.0
2020-05-23,245.0,0.0,12.42,0.0,15.259868849905937,0.1595437910882143,31.05,-0.7883050558305255,-2.0
2020-05-24,245.0,2.4,10.33,2.4,15.370888522420046,0.16070451531281219,25.825,-0.7987793728863649,0.0
2020-05-25,244.0,0.0,11.55,0.0,13.065255244057038,0.13659883801589034,28.875,-0.8090169943749473,-1.0
2020-05-26,244.0,0.3,13.39,0.3,11.405466957448484,0.11924554892448558,33.475,-0.8190148866680801,0.0
2020-05-27,243.0,0.0,15.0,0.0,9.69464691383121,0.10135871658581273,37.5,-0.8287700871745037,-1.0
2020-05-28,241.0,0.0,14.62,0.0,8.240449876756529,0.08615490909794082,36.55,-0.8382797052177743,-2.0
2020-05-29,241.0,0.0,13.99,0.0,7.0043823952430495,0.0732316727332497,34.975,-0.8475409228928311,0.0
2020-05-30,240.0,4.4,14.7,4.4,10.353725035956593,0.10824945878428403,36.75,-0.8565509959010036,-1.0
2020-05-31,239.0,0.0,16.6,0.0,8.800666280563103,0.09201203996664142,41.5,-0.865307254363206,-1.0
2020-06-01,237.0,0.0,11.88,0.0,7.480566338478638,0.07821023397164521,29.700000000000003,-0.8738071036110808,-2.0
2020-06-02,236.0,0.3,12.03,0.3,6.658481387706842,0.06961523548687719,30.075,-0.8820480249558537,-1.0
2020-06-03,237.0,6.0,11.2,6.0,11.659709179550816,0.12190368238342077,28.0,-0.8900275764346767,1.0
2020-06-04,237.0,0.0,12.62,0.0,9.910752802618193,0.10361813002590764,31.549999999999997,-0.8977433935342337,0.0
2020-06-05,238.0,6.6,15.75,6.6,15.024139882225464,0.15707921596355418,39.375,-0.9051931898913974,1.0
2020-06-06,239.0,0.6,17.85,0.6,13.370518899891644,0.13979040679097857,44.625,-0.9123747579707273,1.0
2020-06-07,238.0,0.0,20.81,0.0,11.364941064907898,0.11882184577233178,52.025,-0.9192859697186104,-1.0
2020-06-08,242.0,14.7,21.64,14.7,24.36019990517171,0.25468886284444114,54.1,-0.9259247771938498,4.0
2020-06-09,245.0,8.0,19.79,8.0,28.706169919395954,0.30012650971054183,49.474999999999994,-0.9322892131745133,3.0
2020-06-10,245.0,0.6,20.9,0.6,25.00024443148656,0.26138060647591804,52.25,-0.9383773917408641,0.0
2020-06-11,249.0,6.0,23.38,6.0,27.250207766763577,0.2849042477241055,58.449999999999996,-0.9441875088341993,4.0
2020-06-12,249.0,0.0,20.9,0.0,23.16267660174904,0.2421686105654897,52.25,-0.9497178427914316,0.0
2020-06-13,248.0,0.0,17.53,0.0,19.688275111486686,0.20584331898066624,43.825,-0.9549667548552551,-1.0
2020-06-14,243.0,0.2,13.63,0.2,16.93503384476368,0.17705784554088547,34.075,-0.9599326896597447,-5.0
2020-06-15,241.0,0.0,16.1,0.0,14.394778768049127,0.15049916870975263,40.25,-0.9646141756912435,-2.0
2020-06-16,240.0,0.0,18.87,0.0,12.235561952841758,0.12792429340328973,47.175000000000004,-0.9690098257244062,-1.0
2020-06-17,238.0,0.0,23.88,0.0,10.400227659915494,0.10873564939279627,59.699999999999996,-0.9731183372332619,-2.0
2020-06-18,237.0,0.0,24.03,0.0,8.84019351092817,0.09242530198387683,60.075,-0.9769384927771817,-1.0
2020-06-19,236.0,0.0,23.26,0.0,7.514164484288944,0.0785615066862953,58.150000000000006,-0.980469160361632,-1.0
2020-06-20,240.0,1.1,22.13,1.1,7.487039811645602,0.07827791492360645,55.324999999999996,-0.9837092937736097,4.0
2020-06-21,236.0,0.0,20.39,0.0,6.363983839898761,0.06653622768506548,50.975,-0.986657932891657,-4.0
2020-06-22,235.0,0.0,20.19,0.0,5.409386263913947,0.05655579353230566,50.475,-0.9893142039703663,-1.0
2020-06-23,234.0,0.0,20.48,0.0,4.597978324326855,0.048072424502459805,51.2,-0.99167731989929,-1.0
2020-06-24,235.0,0.0,22.18,0.0,3.9082815756778264,0.04086156082709083,55.45,-0.993746580436178,1.0
2020-06-25,233.0,0.0,23.39,0.0,3.3220393393261523,0.03473232670302721,58.475,-0.9955213724144752,-2.0
2020-06-26,231.0,0.0,24.17,0.0,2.8237334384272295,0.029522477697573126,60.425000000000004,-0.9970011699250151,-2.0
2020-06-27,231.0,14.2,21.86,14.2,16.600173422663143,0.17355683896259835,54.65,-0.9981855344718586,0.0
2020-06-28,231.0,0.0,20.25,0.0,14.110147409263671,0.1475233131182086,50.625,-0.99907411510223,0.0
2020-06-29,232.0,0.6,22.4,0.6,12.59362529787412,0.13166788937243482,56.0,-0.9996666485105112,1.0
2020-06-30,235.0,9.5,18.13,9.5,20.204581503193,0.21124136531423024,45.324999999999996,-0.9999629591162655,3.0
2020-07-01,231.0,0.8,18.76,0.8,17.973894277714052,0.18791925814637242,46.900000000000006,-0.9999629591162655,-4.0
2020-07-02,230.0,1.1,19.87,1.1,16.377810136056944,0.17123200366467198,49.675000000000004,-0.9996666485105112,-1.0
2020-07-03,230.0,3.2,19.2,3.2,17.121138615648402,0.17900359363207793,48.0,-0.99907411510223,0.0
2020-07-04,230.0,0.0,19.12,0.0,14.552967823301142,0.15215305458726625,47.800000000000004,-0.9981855344718586,0.0
2020-07-05,228.0,0.2,20.38,0.2,12.570022649805969,0.13142112080649546,50.949999999999996,-0.9970011699250151,-2.0
2020-07-06,227.0,7.2,20.06,7.2,17.884519252335075,0.18698483134901134,50.15,-0.9955213724144752,-1.0
2020-07-07,226.0,0.0,14.82,0.0,15.201841364484814,0.15893710664665964,37.05,-0.9937465804361781,-1.0
2020-07-08,224.0,4.8,13.32,4.8,17.72156515981209,0.18528112642532082,33.3,-0.99167731989929,-2.0
2020-07-09,224.0,1.1,14.05,1.1,16.163330385840275,0.16898959170177813,35.125,-0.9893142039703664,0.0
2020-07-10,225.0,3.0,17.62,3.0,16.738830827964236,0.175006519056299,44.050000000000004,-0.9866579328916572,1.0
2020-07-11,225.0,0.0,16.28,0.0,14.228006203769601,0.14875554119785417,40.7,-0.9837092937736098,0.0
2020-07-12,224.0,0.6,14.43,0.6,12.69380527320416,0.13271528324013354,36.075,-0.9804691603616321,-1.0
2020-07-13,224.0,0.0,14.64,0.0,10.789734482223537,0.11280799075411352,36.6,-0.9769384927771817,0.0
2020-07-14,225.0,0.0,15.44,0.0,9.171274309890006,0.09588679214099648,38.6,-0.973118337233262,1.0
2020-07-15,223.0,0.0,17.1,0.0,7.795583163406505,0.08150377331984701,42.75,-0.9690098257244063,-2.0
2020-07-16,221.0,0.0,18.79,0.0,6.626245688895529,0.06927820732186996,46.974999999999994,-0.9646141756912435,-2.0
2020-07-17,220.0,0.0,19.7,0.0,5.6323088355612,0.058886476223589466,49.25,-0.9599326896597445,-1.0
2020-07-18,219.0,0.0,21.32,0.0,4.787462510227019,0.050053504790051044,53.3,-0.9549667548552553,-1.0
2020-07-19,219.0,0.0,21.95,0.0,4.069343133692966,0.04254547907154338,54.875,-0.9497178427914317,0.0
2020-07-20,220.0,8.1,21.09,8.1,11.55894166363902,0.12085014570723833,52.725,-0.9441875088341994,1.0
2020-07-21,219.0,1.8,17.2,1.8,11.625100414093168,0.12154184351702514,43.0,-0.9383773917408642,-1.0
2020-07-22,218.0,2.8,13.43,2.8,12.681335351979193,0.13258490869193978,33.575,-0.9322892131745134,-1.0
2020-07-23,218.0,5.9,12.41,5.9,16.679135049182314,0.1743823924040644,31.025,-0.9259247771938499,0.0
2020-07-24,218.0,0.0,15.32,0.0,14.177264791804966,0.1482250335434547,38.3,-0.9192859697186105,0.0
2020-07-25,218.0,0.4,18.07,0.4,12.45067507303422,0.13017332732657486,45.175,-0.9123747579707274,0.0
2020-07-26,218.0,0.0,20.03,0.0,10.583073812079087,0.11064732822758862,50.075,-0.9051931898913975,0.0
2020-07-27,217.0,21.4,21.58,21.4,30.395612740267225,0.31778984057660176,53.949999999999996,-0.8977433935342336,-1.0
2020-07-28,214.0,0.0,21.12,0.0,25.83627082922714,0.2701213644901114,52.800000000000004,-0.8900275764346766,-3.0
2020-07-29,213.0,1.8,19.08,1.8,23.760830204843067,0.24842237948246726,47.699999999999996,-0.8820480249558535,-1.0
2020-07-30,212.0,0.0,15.64,0.0,20.196705674116608,0.2111590225600972,39.1,-0.8738071036110807,-1.0
2020-07-31,213.0,2.8,14.72,2.8,19.967199822999117,0.20875951087855102,36.800000000000004,-0.8653072543632061,1.0
2020-08-01,216.0,0.2,16.35,0.2,17.172119849549247,0.17953660865408752,40.875,-0.8565509959010037,3.0
2020-08-02,216.0,0.0,17.32,0.0,14.59630187211686,0.15260611735597437,43.3,-0.8475409228928312,0.0
2020-08-03,215.0,0.0,20.5,0.0,12.40685659129933,0.12971519975257823,51.25,-0.8382797052177745,-1.0
2020-08-04,216.0,11.4,19.4,11.4,21.94582810260443,0.22944631100688428,48.5,-0.828770087174504,1.0
2020-08-05,216.0,0.0,18.52,0.0,18.653953887213767,0.19502936435585166,46.3,-0.8190148866680802,0.0
2020-08-06,215.0,0.0,19.39,0.0,15.855860804131702,0.1657749597024739,48.475,-0.8090169943749472,-1.0
2020-08-07,215.0,0.0,22.31,0.0,13.477481683511947,0.14090871574710281,55.775,-0.7987793728863648,0.0
2020-08-08,215.0,0.0,22.93,0.0,11.455859430985154,0.11977240838503739,57.325,-0.7883050558305253,0.0
2020-08-09,215.0,0.3,21.66,0.3,10.03748051633738,0.10494308373826053,54.15,-0.7775971469736268,0.0
2020-08-10,214.0,0.0,22.34,0.0,8.531858438886774,0.08920162117752146,55.85,-0.7666588193001592,-1.0
2020-08-11,208.0,0.0,17.7,0.0,7.252079673053758,0.07582137800089324,44.25,-0.7554933140726804,-6.0
2020-08-12,209.0,0.0,15.01,0.0,6.164267722095694,0.06444817130075925,37.525,-0.7441039398713608,1.0
2020-08-13,210.0,0.0,15.9,0.0,5.239627563781339,0.05478094560564536,39.75,-0.7324940716135792,1.0
2020-08-14,209.0,0.0,17.87,0.0,4.453683429214139,0.04656380376479856,44.675000000000004,-0.7206671495538615,-1.0
2020-08-15,209.0,0.0,20.35,0.0,3.785630914832018,0.03957923320007878,50.875,-0.7086266782644601,0.0
2020-08-16,210.0,0.0,21.67,0.0,3.2177862776072153,0.03364234822006696,54.175000000000004,-0.6963762255968726,1.0
2020-08-17,210.0,0.0,21.88,0.0,2.735118335966133,0.028595995987056914,54.699999999999996,-0.6839194216246105,0.0
2020-08-18,209.0,0.0,20.12,0.0,2.324850585571213,0.024306596588998378,50.300000000000004,-0.6712599575675315,-1.0
2020-08-19,208.0,0.7,19.5,0.7,2.676122997735531,0.027979192526265722,48.75,-0.6584015846980489,-1.0
2020-08-20,207.0,0.0,18.91,0.0,2.274704548075201,0.023782313647325862,47.275,-0.64534811322955,-1.0
2020-08-21,207.0,0.0,20.44,0.0,1.933498865863921,0.020214966600226984,51.1,-0.6321034111873488,0.0
2020-08-22,207.0,0.0,19.24,0.0,1.6434740359843327,0.017182721610192932,48.099999999999994,-0.6186714032625032,0.0
2020-08-23,208.0,1.7,20.19,1.7,3.0969529305866828,0.03237902083087695,50.475,-0.6050560696488494,1.0
2020-08-24,207.0,0.0,18.57,0.0,2.6324099909986804,0.027522167706245413,46.425,-0.5912614448635782,-1.0
2020-08-25,210.0,5.9,14.87,5.9,8.137548492348879,0.08507906256622418,37.175,-0.5772916165517278,3.0
2020-08-26,211.0,4.7,13.84,4.7,11.616916218496547,0.12145627675329108,34.6,-0.5631507242749187,1.0
2020-08-27,213.0,5.6,15.71,5.6,15.474378785722065,0.16178651864523425,39.275000000000006,-0.5488429582847199,2.0
2020-08-28,214.0,0.0,14.68,0.0,13.153221967863756,0.1375185408484491,36.7,-0.5343725582809785,1.0
2020-08-29,214.0,0.4,14.5,0.4,11.580238672684192,0.12107280853582009,36.25,-0.5197438121555157,0.0
2020-08-30,217.0,38.6,14.99,38.6,48.443202871781565,0.5064795978680473,37.475,-0.5049610547215202,3.0
2020-08-31,223.0,7.8,13.7,7.8,48.976722441014324,0.5120576100732879,34.25,-0.4900286664290594,6.0
2020-09-01,223.0,0.0,12.58,0.0,41.630214074862174,0.4352489685622946,31.45,-0.4749510720670502,0.0
2020-09-02,224.0,0.0,15.19,0.0,35.38568196363285,0.36996162327795046,37.975,-0.4597327394521046,1.0
2020-09-03,225.0,0.0,16.3,0.0,30.07782966908792,0.31446737978625783,40.75,-0.44437817810461344,1.0
2020-09-04,225.0,0.0,16.13,0.0,25.56615521872473,0.26729727281831916,40.324999999999996,-0.4288919379124841,0.0
2020-09-05,224.0,1.9,17.63,1.9,23.63123193591602,0.2470674137651034,44.074999999999996,-0.41327860778290443,-1.0
2020-09-06,224.0,7.5,15.44,7.5,27.586547145528616,0.28842071697480687,38.6,-0.3975428142825566,0.0
2020-09-07,222.0,0.0,11.67,0.0,23.448565073699324,0.24515760942858583,29.175,-0.3816892202666586,-2.0
2020-09-08,220.0,0.4,12.51,0.4,20.331280312644424,0.21256601682893628,31.275,-0.3657225234972692,-2.0
2020-09-09,221.0,0.0,16.41,0.0,17.28158826574776,0.18068111430459585,41.025,-0.34964745525122826,1.0
2020-09-10,221.0,1.3,14.48,1.3,15.989350025885598,0.1671706058064811,36.2,-0.33346877891818705,0.0
2020-09-11,218.0,0.0,11.08,0.0,13.590947522002757,0.1420950149355089,27.7,-0.31719128858910595,-3.0
2020-09-12,218.0,0.0,14.67,0.0,11.552305393702344,0.12078076269518259,36.675,-0.300819807635668,0.0
2020-09-13,217.0,0.0,15.14,0.0,9.819459584646992,0.1026636482909052,37.85,-0.2843591872810036,-1.0
2020-09-14,216.0,0.0,15.23,0.0,8.346540646949943,0.08726410104726942,38.075,-0.26781430516217486,-1.0
2020-09-15,218.0,0.0,17.91,0.0,7.094559549907451,0.074174485890179,44.775,-0.25119006388481957,2.0
2020-09-16,217.0,0.0,19.44,0.0,6.030375617421334,0.06304831300665215,48.6,-0.23449138957041052,-1.0
2020-09-17,217.0,2.9,12.15,2.9,8.025819274808134,0.08391091996178232,30.375,-0.21772323039653224,0.0
2020-09-18,215.0,0.0,11.06,0.0,6.821946383586914,0.07132428196751497,27.650000000000002,-0.20089055513063528,-2.0
2020-09-19,214.0,0.0,12.21,0.0,5.798654426048877,0.06062563967238773,30.525000000000002,-0.18399835165767986,-1.0
2020-09-20,213.0,0.0,10.12,0.0,4.9288562621415455,0.05153179372152957,25.299999999999997,-0.1670516255021195,-1.0
2020-09-21,214.0,0.0,12.36,0.0,4.189527822820313,0.04380202466330013,30.9,-0.15005539834465262,1.0
2020-09-22,214.0,0.0,14.77,0.0,3.561098649397266,0.03723172096380511,36.925,-0.13301470653419636,0.0
2020-09-23,215.0,0.0,16.52,0.0,3.026933851987676,0.03164696281923434,41.3,-0.11593459959550066,1.0
2020-09-24,216.0,0.0,16.92,0.0,2.5728937741895246,0.02689991839634919,42.300000000000004,-0.09882013873287211,1.0
2020-09-25,217.0,0.0,18.2,0.0,2.186959708061096,0.02286493063689681,45.5,-0.08167639533042288,1.0
2020-09-26,215.0,0.0,19.83,0.0,1.8589157518519315,0.01943519104136229,49.574999999999996,-0.06450844944931625,-2.0
2020-09-27,214.0,0.4,17.3,0.4,1.9800783890741416,0.02070196119979629,43.25,-0.04732138832243232,-1.0
2020-09-28,213.0,0.0,11.7,0.0,1.6830666307130202,0.017596667019826845,29.25,-0.03012030484690836,-1.0
2020-09-29,212.0,0.0,11.25,0.0,1.4306066361060672,0.014957166966852817,28.125,-0.012910296075008843,-1.0
2020-09-30,213.0,0.0,12.81,0.0,1.216015640690157,0.012713591921824894,32.025,0.004303538296243821,1.0
2020-10-01,214.0,0.0,13.63,0.0,1.0336132945866334,0.01080655313355116,34.075,0.021516097436222233,1.0
2020-10-02,212.0,0.2,12.85,0.2,1.0785713003986384,0.011276594570837656,32.125,0.03872228089217399,-2.0
2020-10-03,213.0,1.4,13.18,1.4,2.3167856053388425,0.02422227623644621,32.95,0.05591699010060302,1.0
2020-10-04,215.0,0.0,17.81,0.0,1.969267764538016,0.02058893480097928,44.525,0.07309512989807776,2.0
2020-10-05,215.0,1.1,15.21,1.1,2.7738775998573137,0.029001228821087834,38.025000000000006,0.0902516100310407,0.0
2020-10-06,217.0,0.0,13.65,0.0,2.357795959878717,0.02465104449792466,34.125,0.10738134666416306,2.0
2020-10-07,215.0,0.0,12.02,0.0,2.004126565896909,0.02095338782323596,30.049999999999997,0.12447926388678869,-2.0
2020-10-08,216.0,1.3,11.41,1.3,3.003507581012373,0.031402038297325185,28.525,0.141540295217043,1.0
2020-10-09,217.0,0.0,11.25,0.0,2.5529814438605167,0.026691732552726406,28.125,0.15855938510313475,1.0
2020-10-10,216.0,0.0,12.2,0.0,2.1700342272814392,0.022687972669817445,30.5,0.17553149042142777,-1.0
2020-10-11,218.0,4.7,11.19,4.7,6.544529093189223,0.06842385034134536,27.974999999999998,0.19245158197082995,2.0
2020-10-12,218.0,7.3,10.16,7.3,12.86284972921084,0.13448266365729333,25.4,0.20931464596304888,0.0
2020-10-13,223.0,11.7,7.74,11.7,22.63342226982921,0.23663519193687085,19.35,0.22611568550828803,5.0
2020-10-14,225.0,5.7,9.12,5.7,24.93840892935483,0.26073410875493663,22.799999999999997,0.2428497220959358,2.0
2020-10-15,226.0,0.0,7.64,0.0,21.197647589951604,0.22162399244169614,19.099999999999998,0.25951179706979943,1.0
2020-10-16,227.0,0.0,6.2,0.0,18.018000451458864,0.18838039357544173,15.5,0.27609697309746883,1.0
2020-10-17,227.0,0.0,4.39,0.0,15.315300383740034,0.16012333453912544,10.975,0.2926003356333479,0.0
2020-10-18,227.0,2.6,4.36,2.6,15.618005326179029,0.16328815165340588,10.9,0.30901699437494723,0.0
2020-10-19,225.0,0.0,4.55,0.0,13.275304527252175,0.138794928905395,11.375,0.3253420847119795,-2.0
2020-10-20,224.0,0.0,5.24,0.0,11.284008848164348,0.11797568956958573,13.100000000000001,0.341570769167856,-1.0
2020-10-21,223.0,2.8,7.35,2.8,12.391407520939694,0.12955367783661625,18.375,0.35769823883312546,-1.0
2020-10-22,223.0,0.6,11.78,0.6,11.132696392798739,0.11639369938308133,29.45,0.3737197147904692,0.0
2020-10-23,223.0,0.0,11.2,0.0,9.462791933878927,0.09893464447561913,28.0,0.38963044953078774,0.0
2020-10-24,224.0,4.2,8.96,4.2,12.24337314379709,0.12800596035797887,22.400000000000002,0.4054257283599973,1.0
2020-10-25,223.0,0.0,9.5,0.0,10.406867172227527,0.10880506630428205,23.75,0.42110087079608916,-1.0
2020-10-26,222.0,0.0,10.48,0.0,8.845837096393398,0.09248430635863975,26.200000000000003,0.4366512319560638,-1.0
2020-10-27,222.0,0.0,12.25,0.0,7.518961531934388,0.07861166040484378,30.625,0.45207220393230374,0.0
2020-10-28,223.0,0.0,10.8,0.0,6.39111730214423,0.06681991134411722,27.0,0.46735921715800205,1.0
2020-10-29,222.0,1.4,9.68,1.4,6.832449706822596,0.07143409549373383,24.2,0.48250774176121763,-1.0
2020-10-30,222.0,1.9,7.83,1.9,7.707582250799206,0.08058371303920589,19.575,0.4975132889071803,0.0
2020-10-31,222.0,0.0,7.89,0.0,6.551444913179325,0.06849615608332502,19.724999999999998,0.5123714121284235,0.0
2020-11-01,222.0,0.0,7.7,0.0,5.568728176202426,0.058221732670826254,19.25,0.5270777086423724,0.0
2020-11-02,224.0,0.0,7.14,0.0,4.733418949772062,0.04948847277020232,17.849999999999998,0.5416278206559811,2.0
2020-11-03,225.0,2.8,8.13,2.8,6.823406107306252,0.07133954355714037,20.325000000000003,0.5560174366570446,1.0
2020-11-04,223.0,2.5,7.17,2.5,8.299895191210314,0.08677641711505897,17.925,0.5702422926917867,-2.0
2020-11-05,223.0,0.3,6.36,0.3,7.354910912528767,0.07689649115877888,15.9,0.5842981736283683,0.0
2020-11-06,227.0,1.1,9.2,1.1,7.351674275649451,0.07686265172521747,23.0,0.5981809144059159,4.0
2020-11-07,227.0,0.2,8.93,0.2,6.448923134302033,0.06742427837375403,22.325,0.6118864012687242,0.0
2020-11-08,226.0,0.1,6.97,0.1,5.581584664156728,0.05835614882135051,17.425,0.6254105729852457,-1.0
2020-11-09,224.0,0.0,1.07,0.0,4.744346964533219,0.04960272649814793,2.6750000000000003,0.6387494220515268,-2.0
2020-11-10,222.0,0.0,1.5,0.0,4.032694919853236,0.04216231752342574,3.75,0.6518989958787125,-2.0
2020-11-11,225.0,0.0,3.6,0.0,3.42779068187525,0.03583796989491187,9.0,0.6648553979642867,3.0
2020-11-12,225.0,0.0,3.46,0.0,2.9136220795939622,0.030462274410675092,8.65,0.6776147890466887,0.0
2020-11-13,223.0,1.2,2.48,1.2,3.676578767654868,0.038439079692988855,6.2,0.690173388242972,-2.0
2020-11-14,223.0,0.5,2.39,0.5,3.6250919525066374,0.03790077875733846,5.9750000000000005,0.7025274741691566,0.0
2020-11-15,225.0,0.0,3.95,0.0,3.0813281596306417,0.032215661943737685,9.875,0.7146733860429608,2.0
2020-11-16,223.0,0.2,3.24,0.2,2.8191289356860456,0.029474337059496206,8.100000000000001,0.726607524768565,-2.0
2020-11-17,224.0,2.3,2.83,2.3,4.696259595333139,0.04909996718474225,7.075,0.7383263540031063,1.0
2020-11-18,226.0,7.6,7.44,7.6,11.591820656033168,0.12119389958515944,18.6,0.749826401204568,2.0
2020-11-19,225.0,1.2,7.48,1.2,11.053047557628192,0.11556096109130055,18.700000000000003,0.7611042586607742,-1.0
2020-11-20,226.0,0.3,2.6,0.3,9.695090423983963,0.10136335353858422,6.5,0.7721565844991641,1.0
2020-11-21,226.0,0.0,0.05,0.0,8.240826860386369,0.08615885050779659,0.125,0.7829801036770625,0.0
2020-11-22,227.0,6.5,2.41,6.5,13.504702831328412,0.14119331616950018,6.025,0.7935716089521472,1.0
2020-11-23,226.0,0.8,5.07,0.8,12.27899740662915,0.12837841637335184,12.675,0.8039279618328208,-1.0
2020-11-24,229.0,4.0,4.3,4.0,14.437147795634777,0.1509421420637325,10.75,0.8140460935082175,3.0
2020-11-25,228.0,0.8,6.13,0.8,13.071575626289562,0.13666491838344932,15.325,0.8239230057575536,-1.0
2020-11-26,230.0,0.0,0.37,0.0,11.110839282346127,0.11616518062593192,0.925,0.8335557718385695,2.0
2020-11-27,232.0,4.3,1.8,4.3,13.744213389994208,0.14369742828940432,4.5,0.8429415373547832,2.0
2020-11-28,234.0,2.0,-0.14,2.0,13.682581381495076,0.1430530581191854,0.0,0.8520775211013093,2.0
2020-11-29,234.0,2.9,-0.0,2.9,14.530194174270815,0.15191495330743557,0.0,0.8609610158889945,0.0
2020-11-30,236.0,0.7,-0.47,0.7,13.050665048130192,0.13644629573693734,0.0,0.8695893893466109,2.0
2020-12-01,237.0,0.0,-0.67,0.0,11.093065290910662,0.11597935137639673,0.0,0.8779600847008883,1.0
2020-12-02,237.0,0.0,-2.93,0.0,9.429105497274062,0.0985824486699372,0.0,0.8860706215341377,0.0
2020-12-03,235.0,0.0,-0.7,0.0,8.014739672682952,0.08379508136944662,0.0,0.893918596519257,-2.0
2020-12-04,234.0,0.0,1.18,0.0,6.812528721780509,0.07122581916402962,2.9499999999999997,0.9015016841318838,-1.0
2020-12-05,234.0,0.0,2.56,0.0,5.7906494135134325,0.06054194628942518,6.4,0.9088176373395028,0.0
2020-12-06,233.0,0.0,0.75,0.0,4.922052001486418,0.05146065434601141,1.875,0.9158642882672868,-1.0
2020-12-07,232.0,0.0,-2.8,0.0,4.183744201263456,0.0437415561941097,0.0,0.9226395488404875,-1.0
2020-12-08,227.0,0.0,-5.38,0.0,3.556182571073937,0.037180322764993244,0.0,0.9291414114031743,-5.0
2020-12-09,230.0,0.0,-5.07,0.0,3.0227551854128465,0.03160327435024426,0.0,0.935367949313148,3.0
2020-12-10,230.0,1.6,-3.49,1.6,4.16934190760092,0.043590978456261,0.0,0.941317317512847,0.0
2020-12-11,224.0,0.2,0.0,0.2,3.743940621460782,0.039143356095141024,0.0,0.946987753076075,-6.0
2020-12-12,220.0,0.0,-2.68,0.0,3.182349528241665,0.03327185268086987,0.0,0.9523775757303973,-4.0
2020-12-13,222.0,1.4,-2.44,1.4,4.1049970990054145,0.04291824562997359,0.0,0.9574851883550389,2.0
2020-12-14,226.0,0.0,-1.1,0.0,3.489247534154602,0.036480508785477546,0.0,0.9623090774541487,4.0
2020-12-15,235.0,0.0,-1.17,0.0,2.9658604040314116,0.031008432467655913,0.0,0.9668478136052773,9.0
2020-12-16,231.0,0.4,0.07,0.4,2.9209813434267,0.030539216412145867,0.17500000000000002,0.9711000518829505,-4.0
2020-12-17,232.0,0.0,2.37,0.0,2.482834141912695,0.02595833395032399,5.925000000000001,0.9750645322571945,1.0
2020-12-18,234.0,2.2,1.8,2.2,4.310409020625791,0.045065852338286284,4.5,0.9787400799669153,2.0
2020-12-19,234.0,0.0,2.52,0.0,3.6638476675319223,0.03830597448754334,6.3,0.9821256058680006,0.0
2020-12-20,235.0,0.0,0.31,0.0,3.114270517402134,0.03256007831441184,0.775,0.9852201067560606,1.0
2020-12-21,234.0,0.3,-0.2,0.3,2.9471299397918136,0.030812603178228818,0.0,0.9880226656636976,-1.0
2020-12-22,232.0,2.6,0.1,2.6,5.105060448823042,0.053374029996643736,0.25,0.9905324521322227,-2.0
2020-12-23,233.0,2.7,2.25,2.7,7.039301381499586,0.073596754995956,5.625,0.9927487224577402,1.0
2020-12-24,232.0,3.4,2.43,3.4,9.383406174274647,0.09810465667098851,6.075,0.9946708199115211,-1.0
2020-12-25,231.0,1.0,0.88,1.0,8.975895248133451,0.0938440802069361,2.2,0.9962981749346077,-1.0
2020-12-26,232.0,0.7,-0.42,0.7,8.329510960913433,0.0870860536015128,0.0,0.9976303053065857,1.0
2020-12-27,231.0,0.0,-1.51,0.0,7.080084316776418,0.07402314556128586,0.0,0.9986668162884759,-1.0
2020-12-28,231.0,0.8,0.88,0.8,6.818071669259955,0.07128377135636967,2.2,0.9994074007397048,0.0
2020-12-29,230.0,3.9,2.75,3.9,9.69536091887096,0.10136618159563807,6.875,0.9998518392091162,-1.0
2020-12-30,231.0,2.1,3.25,2.1,10.341056781040315,0.10811701063314365,8.125,1.0,1.0
2020-12-31,232.0,0.1,1.24,0.1,8.889898263884268,0.09294497124183168,3.1,0.9998518392091162,1.0
2021-01-01,234.0,1.8,-0.78,1.8,9.356413524301628,0.09782244522142948,0.0,0.9998518392091162,2.0
2021-01-02,233.0,0.3,-1.37,0.3,8.252951495656383,0.08628561504919381,0.0,0.9994074007397048,-1.0
2021-01-03,234.0,0.0,0.03,0.0,7.015008771307925,0.07334277279181473,0.075,0.998666816288476,1.0
2021-01-04,235.0,0.0,0.03,0.0,5.962757455611736,0.062341356873042514,0.075,0.9976303053065857,1.0
2021-01-05,234.0,0.5,0.94,0.5,5.568343837269976,0.058217714360384074,2.3499999999999996,0.9962981749346078,-1.0
2021-01-06,235.0,1.3,-0.45,1.3,6.033092261679479,0.06307671585390108,0.0,0.9946708199115211,1.0
2021-01-07,236.0,7.4,-0.12,7.4,12.528128422427557,0.13098311154662526,0.0,0.9927487224577402,1.0
2021-01-08,240.0,7.0,-1.56,7.0,17.64890915906342,0.18452149907080248,0.0,0.9905324521322229,4.0
2021-01-09,241.0,1.4,-3.26,1.4,16.401572785203907,0.1714804450614163,0.0,0.9880226656636976,1.0
2021-01-10,242.0,0.0,-4.38,0.0,13.94133686742332,0.14575837830220384,0.0,0.9852201067560606,1.0
2021-01-11,240.0,0.5,-2.61,0.5,12.350136337309822,0.1291221825751712,0.0,0.9821256058680006,-2.0
2021-01-12,240.0,0.0,-2.29,0.0,10.497615886713348,0.10975385518889551,0.0,0.9787400799669153,0.0
2021-01-13,239.0,4.2,-1.6,4.2,13.122973503706344,0.13720228946426377,0.0,0.9750645322571948,-1.0
2021-01-14,237.0,0.1,-6.91,0.1,11.254527478150392,0.11766745824828378,0.0,0.9711000518829505,-2.0
2021-01-15,241.0,0.1,-13.4,0.1,9.666348356427832,0.1010628517147008,0.0,0.9668478136052775,4.0
2021-01-16,228.0,0.2,-18.35,0.2,8.416396102963656,0.08799444836481483,0.0,0.9623090774541486,-13.0
2021-01-17,197.0,0.1,-20.18,0.1,7.253936687519107,0.0758407933137522,0.0,0.9574851883550393,-31.0
2021-01-18,194.0,0.0,-15.74,0.0,6.165846184391241,0.06446467431668937,0.0,0.9523775757303974,-3.0
2021-01-19,201.0,0.0,-13.14,0.0,5.240969256732555,0.05479497316918596,0.0,0.9469877530760753,7.0
2021-01-20,303.0,1.2,-10.01,1.2,5.654823868222672,0.0591218736377231,0.0,0.9413173175128471,102.0
2021-01-21,333.0,0.1,0.49,0.1,4.906600287989271,0.051299104795724214,1.225,0.9353679493131483,30.0
2021-01-22,277.0,0.0,0.46,0.0,4.17061024479088,0.043604239076365583,1.1500000000000001,0.9291414114031743,-56.0
2021-01-23,281.0,0.0,1.62,0.0,3.5450187080722477,0.03706360321491074,4.050000000000001,0.9226395488404876,4.0
2021-01-24,270.0,2.3,1.3,2.3,5.31326590186141,0.0555508434168446,3.25,0.9158642882672872,-11.0
2021-01-25,259.0,8.5,0.47,8.5,13.016276016582198,0.13608675421538272,1.1749999999999998,0.9088176373395029,-11.0
2021-01-26,260.0,15.6,-0.46,15.6,26.663834614094867,0.2787736448539707,0.0,0.901501684131884,1.0
2021-01-27,278.0,3.9,-0.15,3.9,26.564259421980633,0.2777325740685989,0.0,0.893918596519257,18.0
2021-01-28,275.0,0.0,-3.39,0.0,22.579620508683536,0.23607268795830905,0.0,0.886070621534138,-3.0
2021-01-29,276.0,1.2,-4.3,1.2,20.392677432381006,0.21320793120847772,0.0,0.8779600847008882,1.0
2021-01-30,279.0,0.2,-3.78,0.2,17.533775817523853,0.18331776593452523,0.0,0.869589389346611,3.0
2021-01-31,276.0,0.0,-3.12,0.0,14.903709444895275,0.15582010104434643,0.0,0.8609610158889943,-3.0
2021-02-01,276.0,0.0,-6.35,0.0,12.668153028160983,0.13244708588769447,0.0,0.8520775211013093,0.0
2021-02-02,294.0,1.3,-6.3,1.3,12.067930073936836,0.12617168165211493,0.0,0.8429415373547828,18.0
2021-02-03,304.0,0.1,-1.77,0.1,10.35774056284631,0.10829144160795726,0.0,0.8335557718385699,10.0
2021-02-04,295.0,0.9,-6.02,0.9,9.704079478419363,0.10145733519969993,0.0,0.8239230057575542,-9.0
2021-02-05,304.0,0.0,-8.89,0.0,8.248467556656458,0.08623873491974494,0.0,0.8140460935082178,9.0
2021-02-06,354.0,0.0,-15.2,0.0,7.011197423157989,0.07330292468178319,0.0,0.8039279618328213,50.0
2021-02-07,426.0,0.0,-18.17,0.0,5.95951780968429,0.062307485979515714,0.0,0.7935716089521474,72.0
2021-02-08,435.0,1.2,-13.24,1.2,6.265590138231647,0.06550750952650339,0.0,0.7829801036770629,9.0
2021-02-09,419.0,3.2,-9.81,3.2,8.525751617496901,0.08913777361463465,0.0,0.7721565844991642,-16.0
2021-02-10,415.0,0.2,-11.36,0.2,7.446888874872366,0.07785813197975862,0.0,0.7611042586607747,-4.0
2021-02-11,408.0,0.0,-12.7,0.0,6.329855543641511,0.06617941218279483,0.0,0.7498264012045686,-7.0
2021-02-12,404.0,0.0,-14.47,0.0,5.380377212095284,0.056252500355375594,0.0,0.7383263540031065,-4.0
2021-02-13,400.0,0.1,-9.48,0.1,4.67332063028099,0.04886013750572884,0.0,0.7266075247685656,-4.0
2021-02-14,402.0,0.6,-2.6,0.6,4.5723225357388415,0.04780419010182702,0.0,0.7146733860429609,2.0
2021-02-15,397.0,0.0,-8.0,0.0,3.886474155378015,0.040633561586552965,0.0,0.702527474169157,-5.0
2021-02-16,387.0,0.0,-10.03,0.0,3.303503032071313,0.03453852734857002,0.0,0.6901733882429719,-10.0
2021-02-17,383.0,0.0,-6.89,0.0,2.807977577260616,0.02935774824628452,0.0,0.6776147890466889,-4.0
2021-02-18,379.0,0.0,-14.46,0.0,2.3867809406715237,0.024954086009341844,0.0,0.6648553979642865,-4.0
2021-02-19,370.0,0.0,-11.33,0.0,2.028763799570795,0.021210973107940564,0.0,0.6518989958787126,-9.0
2021-02-20,364.0,1.0,-2.49,1.0,2.7244492296351757,0.02848444917834534,0.0,0.6387494220515272,-6.0
2021-02-21,364.0,0.0,1.34,0.0,2.3157818451898993,0.024211781801593536,3.35,0.6254105729852463,0.0
2021-02-22,354.0,0.0,1.37,0.0,1.9684145684114143,0.020580014531354506,3.4250000000000003,0.6118864012687243,-10.0
2021-02-23,347.0,0.0,0.58,0.0,1.6731523831497022,0.017493012351651332,1.45,0.5981809144059164,-7.0
2021-02-24,342.0,0.0,4.02,0.0,1.4221795256772467,0.01486906049890363,10.049999999999999,0.5842981736283683,-5.0
2021-02-25,341.0,0.4,7.58,0.4,1.6088525968256597,0.01682075023870643,18.95,0.5702422926917871,-1.0
2021-02-26,341.0,0.0,4.46,0.0,1.3675247073018106,0.014297637702900464,11.15,0.5560174366570446,0.0
2021-02-27,352.0,0.6,2.83,0.6,1.7623960012065392,0.01842606526942291,7.075,0.5416278206559814,11.0
2021-02-28,371.0,0.0,2.46,0.0,1.4980366010255584,0.015662155479009475,6.15,0.5270777086423722,19.0
2021-03-01,436.0,0.0,1.5,0.0,1.2733311108717247,0.013312832157158054,3.75,0.5123714121284237,65.0
2021-03-02,433.0,0.0,3.09,0.0,1.082331444240966,0.011315907333584346,7.725,0.49751328890718066,-3.0
2021-03-03,441.0,0.0,0.73,0.0,0.919981727604821,0.009618521233546694,1.825,0.48250774176121847,8.0
2021-03-04,355.0,0.0,-0.69,0.0,0.7819844684640979,0.00817574304851469,0.0,0.46735921715800227,-86.0
2021-03-05,294.0,0.0,-2.59,0.0,0.6646867981944832,0.006949381591237486,0.0,0.45207220393230435,-61.0
2021-03-06,285.0,0.0,-1.74,0.0,0.5649837784653107,0.005906974352551863,0.0,0.43665123195606403,-9.0
2021-03-07,276.0,2.4,-0.74,2.4,2.880236211695514,0.030113221087499146,0.0,0.4211008707960896,-9.0
2021-03-08,272.0,0.3,-3.99,0.3,2.7482007799411865,0.02873277453535303,0.0,0.40542572835999735,-4.0
2021-03-09,268.0,0.0,-5.37,0.0,2.3359706629500083,0.02442285835505007,0.0,0.38963044953078796,-4.0
2021-03-10,265.0,0.0,-4.58,0.0,1.9855750635075071,0.02075942960179256,0.0,0.37371971479046906,-3.0
2021-03-11,261.0,0.1,-2.87,0.1,1.787738803981381,0.018691027365183265,0.0,0.35769823883312546,-4.0
2021-03-12,260.0,3.1,1.83,3.1,4.619577983384174,0.04829825157385294,4.575,0.3415707691678556,-1.0
2021-03-13,260.0,3.0,2.07,3.0,6.926641285876547,0.07241887994756258,5.175,0.3253420847119801,0.0
2021-03-14,261.0,1.5,4.21,1.5,7.387645092995065,0.07723873101032197,10.525,0.30901699437494745,1.0
2021-03-15,262.0,0.1,3.27,0.1,6.379498329045805,0.06669843356243325,8.175,0.29260033563334836,1.0
2021-03-16,265.0,0.0,3.61,0.0,5.422573579688934,0.05669366852806827,9.025,0.27609697309746883,3.0
2021-03-17,266.0,0.0,0.27,0.0,4.609187542735594,0.04818961824885803,0.675,0.2595117970697999,1.0
2021-03-18,267.0,0.8,-1.5,0.8,4.717809411325255,0.04932527314080601,0.0,0.2428497220959356,1.0
2021-03-19,266.0,0.4,-1.6,0.4,4.410137999626467,0.04610853098432346,0.0,0.22611568550828828,-1.0
2021-03-20,266.0,0.0,-2.31,0.0,3.7486172996824965,0.039192251336674935,0.0,0.20931464596304847,0.0
2021-03-21,265.0,3.0,-1.72,3.0,6.186324704730122,0.06467877974596127,0.0,0.19245158197082998,-1.0
2021-03-22,264.0,0.3,-0.55,0.3,5.558375999020604,0.05811349939504584,0.0,0.1755314904214282,-1.0
2021-03-23,263.0,0.0,0.47,0.0,4.7246195991675135,0.04939647448578897,1.1749999999999998,0.15855938510313478,-1.0
2021-03-24,259.0,0.0,2.33,0.0,4.015926659292386,0.04198700331292062,5.825,0.141540295217043,-4.0
2021-03-25,261.0,0.0,4.25,0.0,3.413537660398528,0.03568895281598253,10.625,0.12447926388678915,2.0
2021-03-26,261.0,0.0,5.9,0.0,2.9015070113387487,0.030335609893585143,14.75,0.10738134666416309,0.0
2021-03-27,260.0,0.0,7.64,0.0,2.4662809596379365,0.025785268409547375,19.099999999999998,0.09025161003104117,-1.0
2021-03-28,260.0,0.1,4.86,0.1,2.196338815692246,0.022962990351774855,12.15,0.07309512989807777,0.0
2021-03-29,261.0,1.0,4.91,1.0,2.866887993338409,0.029973663835604486,12.275,0.055916990100603484,1.0
2021-03-30,261.0,0.9,9.21,0.9,3.3368547943376474,0.03488722409320008,23.025000000000002,0.03872228089217446,0.0
2021-03-31,260.0,0.0,11.11,0.0,2.8363265751870004,0.029654140479220072,27.775,0.021516097436222254,-1.0
2021-04-01,263.0,3.7,3.85,3.7,6.11087758890895,0.06388997094274174,9.625,0.004303538296244289,3.0
2021-04-02,264.0,0.1,2.99,0.1,5.294245950572607,0.05535198750499006,7.4750000000000005,-0.01291029607500882,1.0
2021-04-03,263.0,0.0,3.0,0.0,4.500109057986716,0.04704918937924155,7.5,-0.030120304846908114,-1.0
2021-04-04,262.0,0.0,2.87,0.0,3.8250926992887084,0.03999181097235532,7.175000000000001,-0.04732138832243185,-1.0
2021-04-05,260.0,1.9,4.71,1.9,5.151328794395402,0.05385777119603415,11.775,-0.06450844944931623,-2.0
2021-04-06,262.0,1.1,0.9,1.1,5.478629475236092,0.057279739756884475,2.25,-0.08167639533042241,2.0
2021-04-07,261.0,0.2,1.26,0.2,4.856835053950678,0.05077880320067098,3.15,-0.09882013873287143,-1.0
2021-04-08,259.0,1.2,2.3,1.2,5.328309795858076,0.05570812916448536,5.75,-0.11593459959550041,-2.0
2021-04-09,260.0,0.0,3.99,0.0,4.529063326479365,0.04735190978981256,9.975000000000001,-0.1330147065341959,1.0
2021-04-10,259.0,0.0,7.77,0.0,3.84970382750746,0.040249123321340674,19.424999999999997,-0.1500553983446526,-1.0
2021-04-11,257.0,0.0,13.02,0.0,3.272248253381341,0.034211754823139574,32.55,-0.16705162550211924,-2.0
2021-04-12,258.0,0.0,13.61,0.0,2.78141101537414,0.029079991599668637,34.025,-0.18399835165768005,1.0
2021-04-13,256.0,0.0,5.33,0.0,2.364199363068019,0.02471799285971834,13.325,-0.20089055513063506,-2.0
2021-04-14,253.0,5.0,3.77,5.0,7.009569458607816,0.07328590411373988,9.425,-0.21772323039653177,-3.0
2021-04-15,256.0,2.1,5.11,2.1,8.058134039816643,0.08424877477353021,12.775,-0.23449138957040985,3.0
2021-04-16,254.0,0.5,8.61,0.5,7.349413933844146,0.0768390195757986,21.525,-0.25119006388481935,-2.0
2021-04-17,257.0,2.0,10.55,2.0,8.247001843767524,0.08622341071262053,26.375,-0.2678143051621742,3.0
2021-04-18,255.0,0.0,12.62,0.0,7.009951567202395,0.07328989910572745,31.549999999999997,-0.2843591872810034,-2.0
2021-04-19,257.0,0.0,11.15,0.0,5.9584588321220355,0.06229641423986832,27.875,-0.30081980763566735,2.0
2021-04-20,256.0,0.0,9.4,0.0,5.06469000730373,0.05295195210388807,23.5,-0.3171912885891061,-1.0
2021-04-21,256.0,0.0,10.18,0.0,4.30498650620817,0.04500915928830486,25.45,-0.3334687789181868,0.0
2021-04-22,254.0,0.4,5.78,0.4,4.059238530276945,0.04243983420969748,14.450000000000001,-0.3496474552512284,-2.0
2021-04-23,253.0,2.3,2.24,2.3,5.750352750735402,0.060120639762413323,5.6000000000000005,-0.36572252349726897,-1.0
2021-04-24,252.0,0.4,2.78,0.4,5.287799838125092,0.05528459261268966,6.949999999999999,-0.3816892202666588,-1.0
2021-04-25,250.0,0.1,1.71,0.1,4.594629862406327,0.04803741592444579,4.275,-0.39754281428255595,-2.0
2021-04-26,250.0,0.2,1.15,0.2,4.105435383045378,0.04292282794309809,2.875,-0.4132786077829042,0.0
2021-04-27,250.0,1.6,2.52,1.6,5.089620075588571,0.053212599010186754,6.3,-0.4288919379124835,0.0
2021-04-28,249.0,0.0,5.52,0.0,4.3261770642502855,0.04523070915865874,13.799999999999999,-0.4443781781046132,-1.0
2021-04-29,248.0,0.0,10.16,0.0,3.6772505046127426,0.03844610278485993,25.4,-0.45973273945210397,-1.0
2021-04-30,247.0,1.9,10.27,1.9,5.0256629289208306,0.052543919236663066,25.674999999999997,-0.47495107206704995,-1.0
2021-05-01,246.0,0.0,8.17,0.0,4.271813489582706,0.044662331351163605,20.425,-0.49002866642905923,-1.0
2021-05-02,247.0,12.8,8.9,12.8,16.431041466145302,0.1717885437169161,22.25,-0.5049610547215204,1.0
2021-05-03,252.0,16.8,3.59,16.8,30.766385246223507,0.32166631237418913,8.975,-0.5197438121555155,5.0
2021-05-04,255.0,0.0,6.63,0.0,26.15142745928998,0.27341636551806076,16.575,-0.5343725582809787,3.0
2021-05-05,259.0,8.2,9.84,8.2,30.42871334039648,0.3181359113904377,24.6,-0.548842958284719,4.0
2021-05-06,263.0,5.5,7.17,5.5,31.36440633933701,0.32791869588314926,17.925,-0.5631507242749186,4.0
2021-05-07,268.0,7.3,4.82,7.3,33.95974538843645,0.3550532823678266,12.05,-0.5772916165517272,5.0
2021-05-08,271.0,0.0,4.72,0.0,28.865783580170984,0.3017952900126526,11.799999999999999,-0.5912614448635781,3.0
2021-05-09,274.0,0.0,8.5,0.0,24.535916043145335,0.2565259965107547,21.25,-0.6050560696488488,3.0
2021-05-10,273.0,0.0,16.13,0.0,20.855528636673533,0.21804709703414146,40.324999999999996,-0.6186714032625031,-1.0
2021-05-11,271.0,0.0,18.07,0.0,17.727199341172504,0.18534003247902026,45.175,-0.6321034111873487,-2.0
2021-05-12,268.0,0.0,17.63,0.0,15.068119439996629,0.15753902760716723,44.074999999999996,-0.6453481132295501,-3.0
2021-05-13,267.0,13.0,10.19,13.0,25.807901523997135,0.2698247599418383,25.474999999999998,-0.6584015846980488,-1.0
2021-05-14,270.0,13.2,11.57,13.2,35.13671629539756,0.3673586568336279,28.925,-0.6712599575675313,3.0
2021-05-15,273.0,5.2,13.88,5.2,35.06620885108793,0.3666214928988822,34.7,-0.6839194216246106,3.0
2021-05-16,281.0,7.7,15.68,7.7,37.50627752342474,0.392132708645838,39.2,-0.6963762255968722,8.0
2021-05-17,285.0,0.3,14.76,0.3,32.18033589491103,0.33644933895994106,36.9,-0.7086266782644596,4.0
2021-05-18,292.0,8.7,11.93,8.7,36.05328551067437,0.37694149983433384,29.825,-0.7206671495538609,7.0
2021-05-19,303.0,1.6,12.29,1.6,32.24529268407321,0.3371284701177371,30.724999999999998,-0.7324940716135789,11.0
2021-05-20,303.0,6.6,11.48,6.6,34.00849878146223,0.3555630050416092,28.700000000000003,-0.7441039398713607,0.0
2021-05-21,299.0,0.0,10.5,0.0,28.907223964242895,0.3022285542853678,26.25,-0.7554933140726803,-4.0
2021-05-22,294.0,9.7,12.68,9.7,34.27114036960646,0.35830895489754244,31.7,-0.766658819300159,-5.0
2021-05-23,294.0,6.5,11.0,6.5,35.63046931416549,0.37252090490078416,27.5,-0.777597146973627,0.0
2021-05-24,297.0,0.5,12.53,0.5,30.785898917040665,0.3218703301839645,31.325,-0.7883050558305255,3.0
2021-05-25,297.0,4.0,13.34,4.0,30.168014079484564,0.31541026880275325,33.35,-0.7987793728863649,0.0
2021-05-26,300.0,11.6,12.0,11.6,37.24281196756188,0.3893781441068522,30.0,-0.8090169943749473,3.0
2021-05-27,303.0,0.0,12.58,0.0,31.656390172427596,0.33097142249082434,31.45,-0.8190148866680801,3.0
2021-05-28,301.0,5.0,11.38,5.0,31.907931646563455,0.33360131930018,28.450000000000003,-0.8287700871745037,-2.0
2021-05-29,298.0,2.8,10.36,2.8,29.921741899578937,0.3128354631076214,25.9,-0.8382797052177743,-3.0
2021-05-30,295.0,0.0,12.46,0.0,25.433480614642097,0.2659101436414782,31.150000000000002,-0.8475409228928311,-3.0
2021-05-31,291.0,0.0,12.14,0.0,21.61845852244578,0.22602362209525645,30.35,-0.8565509959010036,-4.0
2021-06-01,287.0,0.0,13.24,0.0,18.375689744078915,0.192120078780968,33.1,-0.865307254363206,-4.0
2021-06-02,278.0,0.0,15.88,0.0,15.619336282467078,0.1633020669638228,39.7,-0.8738071036110808,-9.0
2021-06-03,272.0,0.0,17.12,0.0,13.276435840097015,0.13880675691924937,42.800000000000004,-0.8820480249558537,-6.0
2021-06-04,268.0,0.0,18.78,0.0,11.284970464082463,0.11798574338136196,46.95,-0.8900275764346767,-4.0
2021-06-05,265.0,5.4,17.59,5.4,14.992224894470093,0.1567455408717753,43.975,-0.8977433935342337,-3.0
2021-06-06,262.0,0.0,18.23,0.0,12.743391160299579,0.133233709741009,45.575,-0.9051931898913974,-3.0
2021-06-07,259.0,0.0,20.09,0.0,10.831882486254642,0.11324865327985766,50.225,-0.9123747579707273,-3.0
2021-06-08,256.0,0.0,19.35,0.0,9.207100113316445,0.09626135528787899,48.375,-0.9192859697186104,-3.0
2021-06-09,255.0,12.9,15.83,12.9,20.726035096318977,0.21669322626678372,39.575,-0.9259247771938498,-1.0
2021-06-10,258.0,2.8,17.45,2.8,20.41712983187113,0.21346358402923457,43.625,-0.9322892131745133,3.0
2021-06-11,258.0,2.5,17.0,2.5,19.85456035709046,0.20758185151633904,42.5,-0.9383773917408641,0.0
2021-06-12,255.0,9.5,17.23,9.5,26.37637630352689,0.2757682331365488,43.075,-0.9441875088341993,-3.0
2021-06-13,257.0,1.1,14.03,1.1,23.519919857997856,0.24590363240632193,35.074999999999996,-0.9497178427914316,2.0
2021-06-14,258.0,0.0,15.47,0.0,19.99193187929818,0.20901808754537365,38.675000000000004,-0.9549667548552551,1.0
2021-06-15,254.0,0.0,17.31,0.0,16.99314209740345,0.17766537441356758,43.275,-0.9599326896597447,-4.0
2021-06-16,253.0,0.0,16.5,0.0,14.444170782792932,0.15101556825153245,41.25,-0.9646141756912435,-1.0
2021-06-17,255.0,0.0,19.97,0.0,12.277545165373992,0.1283632330138026,49.925,-0.9690098257244062,2.0
2021-06-18,251.0,0.0,22.62,0.0,10.435913390567892,0.10910874806173218,56.550000000000004,-0.9731183372332619,-4.0
2021-06-19,248.0,0.0,23.84,0.0,8.870526381982708,0.09274243585247235,59.6,-0.9769384927771817,-3.0
2021-06-20,245.0,0.0,25.53,0.0,7.539947424685302,0.0788310704746015,63.825,-0.980469160361632,-3.0
2021-06-21,242.0,0.0,25.85,0.0,6.408955310982506,0.06700640990341127,64.625,-0.9837092937736097,-3.0
2021-06-22,240.0,0.0,26.33,0.0,5.44761201433513,0.056955448417899575,65.82499999999999,-0.986657932891657,-2.0
2021-06-23,237.0,13.3,25.56,13.3,17.93047021218486,0.18746525424193958,63.9,-0.9893142039703663,-3.0
2021-06-24,235.0,2.8,21.88,2.8,18.040899680357132,0.18861980780811705,54.699999999999996,-0.99167731989929,-2.0
2021-06-25,237.0,3.6,22.34,3.6,18.934764728303563,0.1979652759686446,55.85,-0.993746580436178,2.0
2021-06-26,240.0,0.1,19.67,0.1,16.194550019058028,0.16931599677700748,49.175000000000004,-0.9955213724144752,3.0
2021-06-27,252.0,1.0,18.9,1.0,14.765367516199323,0.1543737192970522,47.25,-0.9970011699250151,12.0
2021-06-28,267.0,0.0,19.22,0.0,12.550562388769425,0.13121766140249438,48.05,-0.9981855344718586,15.0
2021-06-29,267.0,0.0,20.62,0.0,10.66797803045401,0.11153501219212023,51.550000000000004,-0.99907411510223,0.0
2021-06-30,269.0,0.0,22.9,0.0,9.067781325885909,0.09480476036330218,57.25,-0.9996666485105112,2.0
2021-07-01,262.0,4.6,22.86,4.6,12.30761412700302,0.12867760767714778,57.15,-0.9999629591162655,-7.0
2021-07-02,256.0,0.0,22.59,0.0,10.461472007952567,0.10937596652557562,56.475,-0.9999629591162655,-6.0
2021-07-03,251.0,0.0,21.2,0.0,8.892251206759681,0.09296957154673927,53.0,-0.9996666485105112,-5.0
2021-07-04,246.0,0.0,21.94,0.0,7.558413525745729,0.07902413581472838,54.85,-0.99907411510223,-5.0
2021-07-05,242.0,1.8,22.57,1.8,8.224651496883869,0.08598973510839165,56.425,-0.9981855344718586,-4.0
2021-07-06,250.0,78.4,20.05,78.4,85.3909537723513,0.8927728425112483,50.125,-0.9970011699250151,8.0
2021-07-07,241.0,0.0,23.67,0.0,72.5823107064986,0.7588569161345612,59.175000000000004,-0.9955213724144752,-9.0
2021-07-08,239.0,0.0,25.16,0.0,61.69496410052381,0.645028378714377,62.9,-0.9937465804361781,-2.0
2021-07-09,237.0,0.0,25.55,0.0,52.440719485445236,0.5482741219072204,63.875,-0.99167731989929,-2.0
2021-07-10,235.0,0.0,24.82,0.0,44.57461156262845,0.4660330036211373,62.05,-0.9893142039703664,-2.0
2021-07-11,233.0,0.0,22.88,0.0,37.88841982823418,0.39612805307796667,57.199999999999996,-0.9866579328916572,-2.0
2021-07-12,230.0,0.0,26.32,0.0,32.20515685399905,0.33670884511627164,65.8,-0.9837092937736098,-3.0
2021-07-13,227.0,0.0,25.17,0.0,27.374383325899192,0.2862025183488309,62.925000000000004,-0.9804691603616321,-3.0
2021-07-14,226.0,0.7,22.63,0.7,23.96822582701431,0.25059072602212334,56.574999999999996,-0.9769384927771817,-1.0
2021-07-15,226.0,0.0,25.37,0.0,20.372991952962163,0.21300211711880485,63.425000000000004,-0.973118337233262,0.0
2021-07-16,225.0,0.0,27.72,0.0,17.31704316001784,0.1810517995509841,69.3,-0.9690098257244063,-1.0
2021-07-17,232.0,2.2,22.81,2.2,16.919486686015162,0.17689529809884738,57.025,-0.9646141756912435,7.0
2021-07-18,228.0,0.0,22.79,0.0,14.381563683112887,0.15036100338402025,56.974999999999994,-0.9599326896597445,-4.0
2021-07-19,228.0,0.0,20.31,0.0,12.224329130645954,0.12780685287641722,50.775,-0.9549667548552553,0.0
2021-07-20,229.0,0.0,19.52,0.0,10.39067976104906,0.10863582494495463,48.8,-0.9497178427914317,1.0
2021-07-21,227.0,0.0,18.45,0.0,8.832077796891701,0.09234045120321144,46.125,-0.9441875088341994,-2.0
2021-07-22,225.0,0.0,18.47,0.0,7.507266127357946,0.07848938352272972,46.175,-0.9383773917408642,-2.0
2021-07-23,224.0,0.0,20.12,0.0,6.381176208254254,0.06671597599432026,50.300000000000004,-0.9322892131745134,-1.0
2021-07-24,224.0,0.0,19.35,0.0,5.423999777016116,0.05670857959517222,48.375,-0.9259247771938499,0.0
2021-07-25,223.0,0.0,21.91,0.0,4.610399810463698,0.04820229265589639,54.775,-0.9192859697186105,-1.0
2021-07-26,222.0,0.0,24.54,0.0,3.9188398388941432,0.04097194875751192,61.349999999999994,-0.9123747579707274,-1.0
2021-07-27,222.0,1.4,21.4,1.4,4.731013863060022,0.04946332729511934,53.5,-0.9051931898913975,0.0
2021-07-28,221.0,0.0,23.22,0.0,4.0213617836010185,0.04204382820085144,58.05,-0.8977433935342336,-1.0
2021-07-29,221.0,4.4,20.74,4.4,7.818157516060866,0.0817397909317455,51.849999999999994,-0.8900275764346766,0.0
2021-07-30,221.0,0.0,19.94,0.0,6.645433888651736,0.06947882229198368,49.85,-0.8820480249558535,0.0
2021-07-31,221.0,0.0,20.05,0.0,5.648618805353975,0.059056998948186126,50.125,-0.8738071036110807,0.0
2021-08-01,220.0,9.0,20.26,9.0,13.801325984550878,0.14429454743532094,50.650000000000006,-0.8653072543632061,-1.0
2021-08-02,229.0,25.6,15.8,25.6,37.33112708686825,0.3903014894568768,39.5,-0.8565509959010037,9.0
2021-08-03,227.0,0.6,15.83,0.6,32.33145802383801,0.3380293392603028,39.575,-0.8475409228928312,-2.0
2021-08-04,236.0,12.9,14.98,12.9,40.381739320262305,0.42219601264334394,37.45,-0.8382797052177745,9.0
2021-08-05,235.0,0.0,16.18,0.0,34.32447842222296,0.35886661074684234,40.45,-0.828770087174504,-1.0
2021-08-06,243.0,25.4,14.6,25.4,54.57580665888951,0.5705967188643508,36.5,-0.8190148866680802,8.0
2021-08-07,247.0,1.9,15.86,1.9,48.289435660056085,0.5048719429042303,39.65,-0.8090169943749472,4.0
2021-08-08,254.0,2.3,18.11,2.3,43.34602031104767,0.4531879321527662,45.275,-0.7987793728863648,7.0
2021-08-09,256.0,0.0,17.68,0.0,36.84411726439052,0.3852097423298513,44.2,-0.7883050558305253,2.0
2021-08-10,255.0,0.0,19.22,0.0,31.31749967473194,0.3274282809803736,48.05,-0.7775971469736268,-1.0
2021-08-11,251.0,1.3,16.15,1.3,27.91987472352215,0.2919056974808922,40.375,-0.7666588193001592,-4.0
2021-08-12,248.0,3.9,15.95,3.9,27.631893514993823,0.28889481880148216,39.875,-0.7554933140726804,-3.0
2021-08-13,245.0,0.0,17.88,0.0,23.48710948774475,0.24556059598125982,44.699999999999996,-0.7441039398713608,-3.0
2021-08-14,243.0,0.0,19.73,0.0,19.964043064583038,0.20872650658407085,49.325,-0.7324940716135792,-2.0
2021-08-15,241.0,0.0,18.56,0.0,16.96943660489558,0.1774175305964602,46.4,-0.7206671495538615,-2.0
2021-08-16,239.0,0.0,20.22,0.0,14.424021114161244,0.15080490100699118,50.55,-0.7086266782644601,-2.0
2021-08-17,239.0,9.7,17.03,9.7,21.960417947037058,0.22959884961092236,42.575,-0.6963762255968726,0.0
2021-08-18,238.0,0.0,14.82,0.0,18.6663552549815,0.19515902216928402,37.05,-0.6839194216246105,-1.0
2021-08-19,239.0,0.1,15.47,0.1,15.966401966734274,0.166930681047551,38.675000000000004,-0.6712599575675315,1.0
2021-08-20,238.0,1.1,16.81,1.1,14.671441671724132,0.15339171313067376,42.025,-0.6584015846980489,-1.0
2021-08-21,239.0,5.8,15.31,5.8,18.270725420965512,0.19102266397332868,38.275,-0.64534811322955,1.0
2021-08-22,238.0,0.0,14.05,0.0,15.530116607820684,0.16236926437732938,35.125,-0.6321034111873488,-1.0
2021-08-23,236.0,0.0,15.09,0.0,13.200599116647581,0.13801387472072996,37.725,-0.6186714032625032,-2.0
2021-08-24,236.0,0.0,12.55,0.0,11.220509249150444,0.11731179351262047,31.375,-0.6050560696488494,0.0
2021-08-25,234.0,0.0,12.4,0.0,9.537432861777877,0.09971502448572739,31.0,-0.5912614448635782,-2.0
2021-08-26,232.0,2.4,12.87,2.4,10.506817932511195,0.10985006370069834,32.175,-0.5772916165517278,-2.0
2021-08-27,230.0,0.0,16.07,0.0,8.930795242634515,0.09337255414559359,40.175,-0.5631507242749187,-2.0
2021-08-28,230.0,1.7,14.16,1.7,9.291175956239337,0.0971403784859675,35.4,-0.5488429582847199,0.0
2021-08-29,234.0,7.4,14.75,7.4,15.297499562803438,0.15993722478388175,36.875,-0.5343725582809785,4.0
2021-08-30,241.0,16.0,14.75,16.0,29.00287462838292,0.3032285936518332,36.875,-0.5197438121555157,7.0
2021-08-31,250.0,20.0,15.63,20.0,44.65244343412548,0.4668467453359754,39.075,-0.5049610547215202,9.0
2021-09-01,257.0,0.4,13.99,0.4,38.354576919006654,0.4010017823502174,34.975,-0.4900286664290594,7.0
2021-09-02,254.0,0.0,11.42,0.0,32.60139038115565,0.34085151499768473,28.55,-0.4749510720670502,-3.0
2021-09-03,254.0,3.5,11.35,3.5,31.211181823982304,0.3263167148761176,28.375,-0.4597327394521046,0.0
2021-09-04,251.0,0.1,9.22,0.1,26.629504550384958,0.27841471984835947,23.05,-0.44437817810461344,-3.0
2021-09-05,249.0,0.0,8.64,0.0,22.635078867827215,0.2366525118711056,21.6,-0.4288919379124841,-2.0
2021-09-06,247.0,0.0,9.62,0.0,19.239817037653133,0.20115463509043974,24.049999999999997,-0.41327860778290443,-2.0
2021-09-07,245.0,0.0,11.36,0.0,16.35384448200516,0.17098143982687378,28.4,-0.3975428142825566,-2.0
2021-09-08,244.0,0.0,14.2,0.0,13.900767809704387,0.1453342238528427,35.5,-0.3816892202666586,-1.0
2021-09-09,242.0,0.0,16.3,0.0,11.815652638248729,0.12353409027491628,40.75,-0.3657225234972692,-2.0
2021-09-10,240.0,0.0,17.22,0.0,10.043304742511419,0.10500397673367884,43.05,-0.34964745525122826,-2.0
2021-09-11,241.0,0.0,17.63,0.0,8.536809031134705,0.08925338022362701,44.074999999999996,-0.33346877891818705,1.0
2021-09-12,238.0,0.0,16.97,0.0,7.256287676464499,0.07586537319008295,42.425,-0.31719128858910595,-3.0
2021-09-13,237.0,1.0,15.81,1.0,7.167844524994824,0.07494068924816637,39.525,-0.300819807635668,-1.0
2021-09-14,236.0,0.0,10.52,0.0,6.0926678462456,0.0636995858609414,26.299999999999997,-0.2843591872810036,-1.0
2021-09-15,235.0,0.0,10.02,0.0,5.17876766930876,0.0541446479818002,25.049999999999997,-0.26781430516217486,-1.0
2021-09-16,234.0,9.8,11.47,9.8,14.201952518912446,0.1484831467431696,28.675,-0.25119006388481957,-1.0
2021-09-17,234.0,1.1,9.42,1.1,13.171659641075578,0.13771130897194958,23.55,-0.23449138957041052,0.0
2021-09-18,236.0,8.2,6.54,8.2,19.395910694914242,0.2027866133262432,16.35,-0.21772323039653224,2.0
2021-09-19,239.0,9.0,6.09,9.0,25.486524090677104,0.26646471965666946,15.225,-0.20089055513063528,3.0
2021-09-20,243.0,2.0,5.02,2.0,23.663545477075537,0.24740525578136074,12.549999999999999,-0.18399835165767986,4.0
2021-09-21,248.0,0.0,5.58,0.0,20.114013655514206,0.2102944674141566,13.95,-0.1670516255021195,5.0
2021-09-22,254.0,0.1,6.13,0.1,17.196911607187076,0.1797958095056927,15.325,-0.15005539834465262,6.0
2021-09-23,257.0,9.8,8.85,9.8,24.417374866109014,0.25528663403847823,22.125,-0.13301470653419636,3.0
2021-09-24,262.0,6.3,9.96,6.3,27.054768636192662,0.2828609077632604,24.900000000000002,-0.11593459959550066,5.0
2021-09-25,266.0,1.5,11.93,1.5,24.49655334076376,0.2561144546536651,29.825,-0.09882013873287211,4.0
2021-09-26,268.0,0.0,10.69,0.0,20.822070339649198,0.21769728645561537,26.724999999999998,-0.08167639533042288,2.0
2021-09-27,267.0,0.0,8.86,0.0,17.698759788701818,0.18504269348727306,22.15,-0.06450844944931625,-1.0
2021-09-28,266.0,0.0,10.55,0.0,15.043945820396544,0.15728628946418208,26.375,-0.04732138832243232,-1.0
2021-09-29,266.0,0.0,9.28,0.0,12.787353947337062,0.13369334604455477,23.2,-0.03012030484690836,0.0
2021-09-30,264.0,0.0,9.97,0.0,10.869250855236501,0.11363934413787154,24.925,-0.012910296075008843,-2.0
2021-10-01,260.0,0.3,8.71,0.3,9.538863226951026,0.09972997912816957,21.775000000000002,0.004303538296243821,-4.0
2021-10-02,256.0,1.3,8.58,1.3,9.408033742908373,0.09836214090651875,21.45,0.021516097436222233,-4.0
2021-10-03,255.0,0.0,11.81,0.0,7.996828681472117,0.08360781977054094,29.525000000000002,0.03872228089217399,-1.0
2021-10-04,254.0,0.0,11.69,0.0,6.797304379251299,0.0710666468049598,29.224999999999998,0.05591699010060302,-1.0
2021-10-05,251.0,0.0,11.97,0.0,5.777708722363604,0.060406649784215824,29.925,0.07309512989807776,-3.0
2021-10-06,250.0,0.0,11.36,0.0,4.911052414009063,0.05134565231658345,28.4,0.0902516100310407,-1.0
2021-10-07,248.0,0.0,7.41,0.0,4.174394551907704,0.04364380446909594,18.525,0.10738134666416306,-2.0
2021-10-08,248.0,0.0,6.0,0.0,3.548235369121548,0.03709723379873154,15.0,0.12447926388678869,0.0
2021-10-09,246.0,0.0,5.1,0.0,3.0160000637533155,0.03153264872892181,12.75,0.141540295217043,-2.0
2021-10-10,245.0,0.0,4.8,0.0,2.563600054190318,0.026802751419583534,12.0,0.15855938510313475,-1.0
2021-10-11,243.0,0.0,3.94,0.0,2.17906004606177,0.022782338706646,9.85,0.17553149042142777,-2.0
2021-10-12,241.0,0.0,4.95,0.0,1.8522010391525046,0.0193649879006491,12.375,0.19245158197082995,-2.0
2021-10-13,242.0,0.1,4.96,0.1,1.674370883279629,0.01750575191921132,12.4,0.20931464596304888,1.0
2021-10-14,241.0,0.2,5.45,0.2,1.6232152507876845,0.016970913538648796,13.625,0.22611568550828803,-1.0
2021-10-15,241.0,4.1,8.74,4.1,5.479732963169532,0.0572912768578945,21.85,0.2428497220959358,0.0
2021-10-16,241.0,0.8,7.98,0.8,5.457773018694102,0.05706168295848701,19.950000000000003,0.25951179706979943,0.0
2021-10-17,241.0,0.9,7.33,0.9,5.539107065889986,0.05791204034765023,18.325,0.27609697309746883,0.0
2021-10-18,241.0,1.1,6.21,1.1,5.808241006006488,0.06072586853575814,15.525,0.2926003356333479,0.0
2021-10-19,242.0,0.0,4.24,0.0,4.937004855105515,0.05161698825539442,10.600000000000001,0.30901699437494723,1.0
2021-10-20,243.0,2.3,9.96,2.3,6.496454126839688,0.06792122070125574,24.900000000000002,0.3253420847119795,1.0
2021-10-21,242.0,2.4,12.01,2.4,7.921986007813734,0.08282533048389742,30.025,0.341570769167856,-1.0
2021-10-22,244.0,3.2,7.01,3.2,9.933688106641675,0.10385792142841958,17.525,0.35769823883312546,2.0
2021-10-23,245.0,2.6,5.15,2.6,11.043634890645423,0.11546255050930587,12.875,0.3737197147904692,1.0
2021-10-24,244.0,0.0,2.88,0.0,9.387089657048609,0.09814316793290997,7.199999999999999,0.38963044953078774,-1.0
2021-10-25,244.0,0.0,3.15,0.0,7.979026208491318,0.08342169274297348,7.875,0.4054257283599973,0.0
2021-10-26,243.0,0.9,4.89,0.9,7.68217227721762,0.08031804866446374,12.225,0.42110087079608916,-1.0
2021-10-27,244.0,2.1,9.2,2.1,8.629846435634978,0.09022609764164549,23.0,0.4366512319560638,1.0
2021-10-28,243.0,2.1,11.43,2.1,9.43536947028973,0.09864793927224996,28.575,0.45207220393230374,-1.0
2021-10-29,242.0,0.0,10.8,0.0,8.02006404974627,0.08385074838141247,27.0,0.46735921715800205,-1.0
2021-10-30,242.0,0.0,9.7,0.0,6.81705444228433,0.0712731361242006,24.25,0.48250774176121763,0.0
2021-10-31,242.0,0.0,8.31,0.0,5.79449627594168,0.0605821657055705,20.775000000000002,0.4975132889071803,0.0
2021-11-01,243.0,0.0,6.7,0.0,4.925321834550428,0.05149484084973493,16.75,0.5123714121284235,1.0
2021-11-02,245.0,0.5,5.9,0.5,4.686523559367864,0.04899817574057262,14.75,0.5270777086423724,2.0
2021-11-03,249.0,9.9,6.4,9.9,13.883545025462684,0.14515415754178573,16.0,0.5416278206559811,4.0
2021-11-04,251.0,0.2,8.0,0.2,12.00101327164328,0.12547205831783703,20.0,0.5560174366570446,2.0
2021-11-05,252.0,0.7,8.28,0.7,10.900861280896788,0.11396983499577858,20.7,0.5702422926917867,1.0
2021-11-06,252.0,1.9,7.33,1.9,11.165732088762269,0.11673909161594391,18.325,0.5842981736283683,0.0
2021-11-07,254.0,3.7,6.42,3.7,13.19087227544793,0.13791217940895703,16.05,0.5981809144059159,2.0
2021-11-08,259.0,6.1,4.35,6.1,17.31224143413074,0.18100159692084822,10.875,0.6118864012687242,5.0
2021-11-09,260.0,0.0,-0.37,0.0,14.71540521901113,0.153851357382721,0.0,0.6254105729852457,1.0
2021-11-10,260.0,0.3,1.11,0.3,12.808094436159461,0.1339101903862916,2.7750000000000004,0.6387494220515268,0.0
2021-11-11,260.0,0.5,2.68,0.5,11.386880270735542,0.1190512228466458,6.7,0.6518989958787125,0.0
2021-11-12,261.0,0.1,5.39,0.1,9.77884823012521,0.1022390516233085,13.475,0.6648553979642867,1.0
2021-11-13,260.0,0.0,2.2,0.0,8.312020995606428,0.08690319387981223,5.5,0.6776147890466887,-1.0
2021-11-14,258.0,0.0,2.94,0.0,7.065217846265464,0.07386771479784039,7.35,0.690173388242972,-2.0
2021-11-15,257.0,0.0,0.56,0.0,6.005435169325644,0.06278755757816433,1.4000000000000001,0.7025274741691566,-1.0
2021-11-16,255.0,0.0,1.37,0.0,5.104619893926797,0.053369423941439675,3.4250000000000003,0.7146733860429608,-2.0
2021-11-17,255.0,0.0,2.72,0.0,4.338926909837777,0.04536401035022372,6.800000000000001,0.726607524768565,0.0
2021-11-18,254.0,2.2,4.34,2.2,5.88808787336211,0.061560677278201054,10.85,0.7383263540031063,-1.0
2021-11-19,256.0,7.3,7.61,7.3,12.304874692357792,0.12864896655362065,19.025000000000002,0.749826401204568,2.0
2021-11-20,257.0,8.8,6.93,8.8,19.259143488504122,0.2013566954926211,17.325,0.7611042586607742,1.0
2021-11-21,262.0,6.0,5.78,6.0,22.370271965228504,0.2338839233883031,14.450000000000001,0.7721565844991641,5.0
2021-11-22,265.0,0.1,-2.31,0.1,19.11473117044423,0.19984684708371725,0.0,0.7829801036770625,3.0
2021-11-23,268.0,2.8,-1.44,2.8,19.047521494877596,0.19914416172362806,0.0,0.7935716089521472,3.0
2021-11-24,268.0,0.2,2.27,0.2,16.390393270645955,0.171363561872403,5.675,0.8039279618328208,0.0
2021-11-25,268.0,0.5,3.33,0.5,14.431834280049062,0.1508865886098405,8.325,0.8140460935082175,0.0
2021-11-26,268.0,1.4,1.26,1.4,13.667059138041703,0.1428907711695986,3.15,0.8239230057575536,0.0
2021-11-27,268.0,9.8,0.29,9.8,21.417000267335446,0.22391735145279823,0.725,0.8335557718385695,0.0
2021-11-28,269.0,0.1,0.59,0.1,18.30445022723513,0.1913752609385381,1.4749999999999999,0.8429415373547832,1.0
2021-11-29,274.0,10.7,-0.07,10.7,26.25878269314986,0.2745387775893331,0.0,0.8520775211013093,5.0
2021-11-30,280.0,1.1,-2.07,1.1,23.419965289177384,0.24485859519118858,0.0,0.8609610158889945,6.0
2021-12-01,288.0,0.7,-3.19,0.7,20.606970495800773,0.21544839133812738,0.0,0.8695893893466109,8.0
2021-12-02,290.0,5.7,1.59,5.7,23.215924921430656,0.24272532824600465,3.975,0.8779600847008883,2.0
2021-12-03,289.0,0.4,0.05,0.4,20.133536183216055,0.21049857782374226,0.125,0.8860706215341377,-1.0
2021-12-04,287.0,2.2,-1.44,2.2,19.313505755733647,0.20192505963069182,0.0,0.893918596519257,-2.0
2021-12-05,285.0,0.0,-0.97,0.0,16.4164798923736,0.17163630068608807,0.0,0.9015016841318838,-2.0
2021-12-06,283.0,0.6,-5.08,0.6,14.55400790851756,0.15216392880513235,0.0,0.9088176373395028,-2.0
2021-12-07,279.0,0.1,-11.0,0.1,12.470906722239926,0.13038485168802208,0.0,0.9158642882672868,-4.0
2021-12-08,279.0,0.0,-12.71,0.0,10.600270713903937,0.11082712393481878,0.0,0.9226395488404875,0.0
2021-12-09,278.0,0.0,-8.37,0.0,9.010230106818346,0.09420305534459596,0.0,0.9291414114031743,-1.0
2021-12-10,275.0,1.8,0.4,1.8,9.458695590795594,0.09889181670877911,1.0,0.935367949313148,-3.0
2021-12-11,267.0,3.2,1.62,3.2,11.239891252176257,0.11751443471956902,4.050000000000001,0.941317317512847,-8.0
2021-12-12,279.0,0.0,-1.09,0.0,9.553907564349817,0.09988726951163365,0.0,0.946987753076075,12.0
2021-12-13,294.0,0.0,-2.86,0.0,8.120821429697344,0.08490417908488859,0.0,0.9523775757303973,15.0
2021-12-14,300.0,0.1,-3.12,0.1,7.0026982152427415,0.07321406442581488,0.0,0.9574851883550389,6.0
2021-12-15,306.0,0.4,0.86,0.4,6.3522934829563305,0.06641400357658099,2.15,0.9623090774541487,6.0
2021-12-16,301.0,0.9,4.47,0.9,6.299449460512881,0.06586151287303013,11.174999999999999,0.9668478136052773,-5.0
2021-12-17,301.0,0.5,1.88,0.5,5.854532041435949,0.06120984696037353,4.699999999999999,0.9711000518829505,0.0
2021-12-18,301.0,3.4,2.05,3.4,8.376352235220557,0.08757578484074342,5.125,0.9750645322571945,0.0
2021-12-19,301.0,0.7,2.12,0.7,7.819899399937473,0.08175800254024901,5.300000000000001,0.9787400799669153,0.0
2021-12-20,303.0,0.9,-4.4,0.9,7.546914489946852,0.07890391199214794,0.0,0.9821256058680006,2.0
2021-12-21,298.0,0.9,-8.89,0.9,7.314877316454824,0.07647793502626202,0.0,0.9852201067560606,-5.0
2021-12-22,293.0,0.0,-11.45,0.0,6.2176457189866,0.06500624477232271,0.0,0.9880226656636976,-5.0
2021-12-23,290.0,0.3,-8.48,0.3,5.58499886113861,0.05839184466745306,0.0,0.9905324521322227,-3.0
2021-12-24,285.0,2.1,-5.13,2.1,6.847249031967818,0.0715888242441864,0.0,0.9927487224577402,-5.0
2021-12-25,286.0,0.1,-6.6,0.1,5.920161677172645,0.06189601281121803,0.0,0.9946708199115211,1.0
2021-12-26,290.0,0.9,-5.02,0.9,5.932137425596749,0.062021220722471605,0.0,0.9962981749346077,4.0
2021-12-27,292.0,0.0,-6.47,0.0,5.042316811757236,0.052718037614100856,0.0,0.9976303053065857,2.0
2021-12-28,287.0,0.0,-9.78,0.0,4.285969289993651,0.04481033197198573,0.0,0.9986668162884759,-5.0
2021-12-29,290.0,0.0,-8.66,0.0,3.6430738964946032,0.03808878217618787,0.0,0.9994074007397048,3.0
2021-12-30,291.0,0.3,-4.92,0.3,3.3966128120204124,0.03551200146073844,0.0,0.9998518392091162,1.0
2021-12-31,292.0,4.7,2.38,4.7,7.587120890217351,0.07932427481362822,5.949999999999999,1.0,1.0
2022-01-01,295.0,0.3,1.89,0.3,6.7490527566847485,0.07056217020256275,4.725,0.9998518392091162,3.0
2022-01-02,299.0,10.6,-1.9,10.6,16.336694843182038,0.17080213826009447,0.0,0.9994074007397048,4.0
2022-01-03,297.0,6.0,3.96,6.0,19.88619061670473,0.20791254974065543,9.9,0.998666816288476,-2.0
2022-01-04,319.0,3.4,3.74,3.4,20.303262024199018,0.21227308220398303,9.350000000000001,0.9976303053065857,22.0
2022-01-05,331.0,2.7,1.3,2.7,19.957772720569164,0.20866094937219437,3.25,0.9962981749346078,12.0
2022-01-06,337.0,1.0,-0.66,1.0,17.964106812483788,0.18781692900296107,0.0,0.9946708199115211,6.0
2022-01-07,332.0,0.0,-2.74,0.0,15.269490790611219,0.1596443896525169,0.0,0.9927487224577402,-5.0
2022-01-08,323.0,0.0,-3.22,0.0,12.979067172019535,0.13569773120463935,0.0,0.9905324521322229,-9.0
2022-01-09,317.0,0.0,-3.26,0.0,11.032207096216604,0.11534307152394344,0.0,0.9880226656636976,-6.0
2022-01-10,309.0,0.0,-2.79,0.0,9.377376031784113,0.09804161079535191,0.0,0.9852201067560606,-8.0
2022-01-11,303.0,0.0,-6.57,0.0,7.970769627016496,0.08333536917604913,0.0,0.9821256058680006,-6.0
2022-01-12,301.0,0.1,-10.28,0.1,6.875154182964021,0.07188057600330133,0.0,0.9787400799669153,-2.0
2022-01-13,300.0,0.6,1.4,0.6,6.443881055519418,0.06737156282476366,3.5,0.9750645322571948,-1.0
2022-01-14,302.0,0.7,3.5,0.7,6.1772988971915055,0.06458441382666621,8.75,0.9711000518829505,2.0
2022-01-15,304.0,0.0,1.52,0.0,5.25070406261278,0.05489675175266628,3.8,0.9668478136052775,2.0
2022-01-16,290.0,0.2,-1.27,0.2,4.663098453220862,0.04875326339708551,0.0,0.9623090774541486,-14.0
2022-01-17,286.0,4.0,-0.58,4.0,7.963633685237733,0.08326076203390612,0.0,0.9574851883550393,-4.0
2022-01-18,280.0,0.0,-2.42,0.0,6.769088632452073,0.0707716477288202,0.0,0.9523775757303974,-6.0
2022-01-19,278.0,0.1,-0.48,0.1,5.853725337584262,0.06120141277315675,0.0,0.9469877530760753,-2.0
2022-01-20,286.0,4.9,-1.1,4.9,9.875666536946623,0.10325129883650296,0.0,0.9413173175128471,8.0
2022-01-21,283.0,3.2,-1.69,3.2,11.594316556404628,0.12121999452813426,0.0,0.9353679493131483,-3.0
2022-01-22,278.0,0.5,-3.05,0.5,10.355169072943934,0.10826455636721204,0.0,0.9291414114031743,-5.0
2022-01-23,275.0,0.0,-6.05,0.0,8.801893712002343,0.09202487291213023,0.0,0.9226395488404876,-3.0
2022-01-24,274.0,0.2,-7.25,0.2,7.681609655201991,0.08031216638262986,0.0,0.9158642882672872,-1.0
2022-01-25,277.0,0.7,0.02,0.7,7.229368206921692,0.07558392685085248,0.05,0.9088176373395029,3.0
2022-01-26,274.0,1.3,-1.53,1.3,7.444962975883438,0.07783799647079923,0.0,0.901501684131884,-3.0
2022-01-27,278.0,2.5,1.0,2.5,8.828218529500923,0.09230010209166899,2.5,0.893918596519257,4.0
2022-01-28,277.0,5.0,0.52,5.0,12.503985750075785,0.13073069696089795,1.3,0.886070621534138,-1.0
2022-01-29,278.0,4.0,-0.6,4.0,14.628387887564417,0.1529415805631467,0.0,0.8779600847008882,1.0
2022-01-30,282.0,7.4,0.77,7.4,19.834129704429756,0.20736824654948408,1.925,0.869589389346611,4.0
2022-01-31,284.0,0.7,-2.77,0.7,17.55901024876529,0.18358159499267854,0.0,0.8609610158889943,2.0
2022-02-01,284.0,1.2,-3.73,1.2,16.125158711450496,0.16859050218769178,0.0,0.8520775211013093,0.0
2022-02-02,284.0,0.8,-2.64,0.8,14.506384904732922,0.1516660244888147,0.0,0.8429415373547828,0.0
2022-02-03,282.0,0.4,-4.48,0.4,12.730427169022985,0.13309816963013085,0.0,0.8335557718385699,-2.0
2022-02-04,278.0,0.8,-3.5,0.8,11.620863093669538,0.12149754181488792,0.0,0.8239230057575542,-4.0
2022-02-05,281.0,2.1,0.5,2.1,11.977733629619106,0.12522866681950603,1.25,0.8140460935082178,3.0
2022-02-06,279.0,1.9,0.91,1.9,12.08107358517624,0.12630909866611226,2.275,0.8039279618328213,-2.0
2022-02-07,280.0,2.7,1.17,2.7,12.968912547399803,0.13559156336500422,2.925,0.7935716089521474,1.0
2022-02-08,282.0,0.9,1.16,0.9,11.923575665289833,0.12466243869318988,2.9,0.7829801036770629,2.0
2022-02-09,285.0,1.7,2.74,1.7,11.835039315496358,0.12373678035142435,6.8500000000000005,0.7721565844991642,3.0
2022-02-10,291.0,0.0,2.65,0.0,10.059783418171904,0.10517626329871069,6.625,0.7611042586607747,6.0
2022-02-11,305.0,0.3,1.22,0.3,8.850815905446119,0.09253636041488285,3.05,0.7498264012045686,14.0
2022-02-12,308.0,0.2,-0.8,0.2,7.723193519629201,0.0807469307599696,0.0,0.7383263540031065,3.0
2022-02-13,308.0,0.0,-1.02,0.0,6.564714491684821,0.06863489114597417,0.0,0.7266075247685656,0.0
2022-02-14,305.0,0.0,0.61,0.0,5.580007317932098,0.05833965747407804,1.525,0.7146733860429609,-3.0
2022-02-15,299.0,0.0,1.19,0.0,4.743006220242283,0.04958870885296633,2.9749999999999996,0.702527474169157,-6.0
2022-02-16,296.0,2.9,3.3,2.9,6.93155528720594,0.07247025643114936,8.25,0.6901733882429719,-3.0
2022-02-17,313.0,10.9,3.95,10.9,16.79182199412505,0.17556054816537187,9.875,0.6776147890466889,17.0
2022-02-18,364.0,2.4,1.74,2.4,16.673048695006294,0.17431875882839615,4.35,0.6648553979642865,51.0
2022-02-19,374.0,5.8,2.57,5.8,19.97209139075535,0.2088106528163927,6.425,0.6518989958787126,10.0
2022-02-20,389.0,0.1,1.92,0.1,17.07627768214205,0.1785345670975934,4.8,0.6387494220515272,15.0
2022-02-21,391.0,7.2,3.0,7.2,21.71483602982074,0.22703126069644458,7.5,0.6254105729852463,2.0
2022-02-22,397.0,2.4,0.32,2.4,20.85761062534763,0.21806886447980794,0.8,0.6118864012687243,6.0
2022-02-23,394.0,1.3,-0.05,1.3,19.028969031545486,0.1989501934554114,0.0,0.5981809144059164,-3.0
2022-02-24,389.0,0.0,-0.03,0.0,16.174623676813663,0.16910766443709968,0.0,0.5842981736283683,-5.0
2022-02-25,381.0,1.3,1.83,1.3,15.048430125291613,0.15733317341910935,4.575,0.5702422926917871,-8.0
2022-02-26,372.0,0.0,1.74,0.0,12.791165606497872,0.13373319740624295,4.35,0.5560174366570446,-9.0
2022-02-27,362.0,0.0,-1.57,0.0,10.87249076552319,0.1136732177953065,0.0,0.5416278206559814,-10.0
2022-02-28,353.0,0.0,-2.3,0.0,9.241617150694712,0.09662223512601052,0.0,0.5270777086423722,-9.0
2022-03-01,346.0,0.0,-1.22,0.0,7.855374578090505,0.08212889985710894,0.0,0.5123714121284237,-7.0
2022-03-02,338.0,0.0,-0.51,0.0,6.677068391376928,0.06980956487854259,0.0,0.49751328890718066,-8.0
2022-03-03,331.0,0.0,-0.67,0.0,5.675508132670389,0.0593381301467612,0.0,0.48250774176121847,-7.0
2022-03-04,324.0,0.0,0.05,0.0,4.824181912769831,0.05043741062474702,0.125,0.46735921715800227,-7.0
2022-03-05,319.0,0.0,-2.59,0.0,4.100554625854356,0.04287179903103496,0.0,0.45207220393230435,-5.0
2022-03-06,314.0,0.0,-2.59,0.0,3.4854714319762024,0.03644102917637972,0.0,0.43665123195606403,-5.0
2022-03-07,309.0,0.6,0.21,0.6,3.562650717179772,0.03724794802188028,0.525,0.4211008707960896,-5.0
2022-03-08,306.0,0.1,-0.75,0.1,3.1282531096028063,0.032706268022257824,0.0,0.40542572835999735,-3.0
2022-03-09,304.0,0.5,-1.92,0.5,3.159015143162385,0.03302788883721708,0.0,0.38963044953078796,-2.0
2022-03-10,300.0,0.0,-4.52,0.0,2.685162871688027,0.028073705511634513,0.0,0.37371971479046906,-4.0
2022-03-11,296.0,0.0,-2.89,0.0,2.282388440934823,0.023862649684889336,0.0,0.35769823883312546,-4.0
2022-03-12,293.0,0.0,1.22,0.0,1.9400301747945994,0.020283252232155935,3.05,0.3415707691678556,-3.0
2022-03-13,291.0,0.0,0.95,0.0,1.6490256485754093,0.01724076439733254,2.375,0.3253420847119801,-2.0
2022-03-14,289.0,0.0,0.85,0.0,1.4016718012890979,0.01465464973773266,2.125,0.30901699437494745,-2.0
2022-03-15,288.0,0.0,2.88,0.0,1.1914210310957332,0.01245645227707276,7.199999999999999,0.29260033563334836,-1.0
2022-03-16,287.0,0.0,3.09,0.0,1.012707876431373,0.010587984435511845,7.725,0.27609697309746883,-1.0
2022-03-17,286.0,0.0,0.95,0.0,0.860801694966667,0.008999786770185068,2.375,0.2595117970697999,-1.0
2022-03-18,285.0,0.0,0.77,0.0,0.731681440721667,0.007649818754657307,1.925,0.2428497220959356,-1.0
2022-03-19,284.0,0.0,2.01,0.0,0.6219292246134169,0.006502345941458712,5.0249999999999995,0.22611568550828828,-1.0
2022-03-20,283.0,0.0,3.5,0.0,0.5286398409214044,0.005526994050239905,8.75,0.20931464596304847,-1.0
2022-03-21,280.0,0.0,5.43,0.0,0.4493438647831937,0.004697944942703919,13.575,0.19245158197082998,-3.0
2022-03-22,282.0,0.0,5.48,0.0,0.38194228506571465,0.003993253201298331,13.700000000000001,0.1755314904214282,2.0
2022-03-23,282.0,0.0,6.79,0.0,0.32465094230585745,0.0033942652211035812,16.975,0.15855938510313478,0.0
2022-03-24,282.0,0.0,4.6,0.0,0.27595330095997883,0.002885125437938044,11.5,0.141540295217043,0.0
2022-03-25,283.0,0.0,7.1,0.0,0.234560305815982,0.0024523566222473376,17.75,0.12447926388678915,1.0
2022-03-26,284.0,0.0,5.62,0.0,0.19937625994358468,0.002084503128910237,14.05,0.10738134666416309,1.0
2022-03-27,284.0,0.0,0.65,0.0,0.16946982095204696,0.001771827659573701,1.625,0.09025161003104117,0.0
2022-03-28,284.0,0.0,6.82,0.0,0.14404934780923992,0.0015060535106376457,17.05,0.07309512989807777,0.0
2022-03-29,284.0,0.0,3.52,0.0,0.12244194563785393,0.0012801454840419989,8.8,0.055916990100603484,0.0
2022-03-30,284.0,0.0,-1.48,0.0,0.10407565379217584,0.001088123661435699,0.0,0.03872228089217446,0.0
2022-03-31,282.0,0.0,-0.36,0.0,0.08846430572334947,0.0009249051122203443,0.0,0.021516097436222254,-2.0
2022-04-01,283.0,0.0,1.22,0.0,0.07519465986484705,0.0007861693453872926,3.05,0.004303538296244289,1.0
2022-04-02,282.0,0.0,1.85,0.0,0.06391546088512,0.0006682439435791988,4.625,-0.01291029607500882,-1.0
2022-04-03,282.0,0.0,0.11,0.0,0.054328141752352,0.000568007352042319,0.275,-0.030120304846908114,0.0
2022-04-04,282.0,0.0,1.6,0.0,0.046178920489499196,0.0004828062492359711,4.0,-0.04732138832243185,0.0
2022-04-05,285.0,2.5,1.28,2.5,2.5392520824160743,0.026548190403340225,3.2,-0.06450844944931623,3.0
2022-04-06,286.0,1.1,2.7,1.1,3.2583642700536632,0.03406659608309464,6.75,-0.08167639533042241,1.0
2022-04-07,287.0,0.2,10.26,0.2,2.969609629545614,0.031047631077949618,25.65,-0.09882013873287143,1.0
2022-04-08,287.0,3.5,6.25,3.5,6.024168185113772,0.06298341354434268,15.625,-0.11593459959550041,0.0
2022-04-09,287.0,0.0,3.84,0.0,5.120542957346706,0.05353590151269128,9.6,-0.1330147065341959,0.0
2022-04-10,287.0,0.0,3.38,0.0,4.3524615137447,0.045505516285787584,8.45,-0.1500553983446526,0.0
2022-04-11,287.0,0.0,3.43,0.0,3.699592286682995,0.038679688842919446,8.575000000000001,-0.16705162550211924,0.0
2022-04-12,287.0,0.0,4.64,0.0,3.1446534436805456,0.03287773551648153,11.6,-0.18399835165768005,0.0
2022-04-13,286.0,0.0,6.95,0.0,2.6729554271284637,0.0279460751890093,17.375,-0.20089055513063506,-1.0
2022-04-14,284.0,0.0,9.57,0.0,2.272012113059194,0.023754163910657905,23.925,-0.21772323039653177,-2.0
2022-04-15,284.0,4.0,7.66,4.0,5.931210296100315,0.06201152747044266,19.15,-0.23449138957040985,0.0
2022-04-16,283.0,0.0,3.85,0.0,5.041528751685267,0.052709798349876255,9.625,-0.25119006388481935,-1.0
2022-04-17,281.0,0.0,4.37,0.0,4.285299438932477,0.04480332859739482,10.925,-0.2678143051621742,-2.0
2022-04-18,280.0,0.0,6.04,0.0,3.6425045230926054,0.038082829307785594,15.1,-0.2843591872810034,-1.0
2022-04-19,279.0,7.5,6.46,7.5,10.596128844628716,0.1107838201860867,16.15,-0.30081980763566735,-1.0
2022-04-20,279.0,3.1,8.35,3.1,12.106709517934407,0.12657712547162087,20.875,-0.3171912885891061,0.0
2022-04-21,280.0,0.0,9.55,0.0,10.290703090244245,0.10759055665087772,23.875,-0.3334687789181868,1.0
2022-04-22,282.0,1.6,8.6,1.6,10.347097626707608,0.10818016841179943,21.5,-0.3496474552512284,2.0
2022-04-23,288.0,16.9,6.43,16.9,25.695032982701463,0.2686447055684995,16.075,-0.36572252349726897,6.0
2022-04-24,299.0,10.5,6.23,10.5,32.34077803529624,0.33812678111748107,15.575000000000001,-0.3816892202666588,11.0
2022-04-25,320.0,0.0,7.77,0.0,27.489661330001802,0.2874077639498589,19.424999999999997,-0.39754281428255595,21.0
2022-04-26,337.0,0.0,9.58,0.0,23.36621213050153,0.24429659935738005,23.95,-0.4132786077829042,17.0
2022-04-27,339.0,0.0,6.62,0.0,19.8612803109263,0.20765210945377302,16.55,-0.4288919379124835,2.0
2022-04-28,337.0,0.0,5.11,0.0,16.882088264287354,0.17650429303570705,12.775,-0.4443781781046132,-2.0
2022-04-29,332.0,0.0,5.75,0.0,14.34977502464425,0.150028649080351,14.375,-0.45973273945210397,-5.0
2022-04-30,329.0,0.0,6.4,0.0,12.197308770947613,0.12752435171829835,16.0,-0.47495107206704995,-3.0
2022-05-01,326.0,0.1,8.8,0.1,10.46771245530547,0.10944121116421318,22.0,-0.49002866642905923,-3.0
2022-05-02,322.0,0.0,8.01,0.0,8.89755558700965,0.0930250294895812,20.025,-0.5049610547215204,-4.0
2022-05-03,318.0,0.4,7.59,0.4,7.962922248958203,0.08325332388078237,18.975,-0.5197438121555155,-4.0
2022-05-04,314.0,0.0,5.29,0.0,6.768483911614473,0.07076532529866501,13.225,-0.5343725582809787,-4.0
2022-05-05,309.0,0.0,9.34,0.0,5.753211324872302,0.060150526503865265,23.35,-0.548842958284719,-5.0
2022-05-06,307.0,3.7,9.74,3.7,8.590229626141458,0.08981189906369016,24.35,-0.5631507242749186,-2.0
2022-05-07,301.0,0.2,12.97,0.2,7.501695182220239,0.07843113861145581,32.425000000000004,-0.5772916165517272,-6.0
2022-05-08,292.0,0.1,10.79,0.1,6.476440904887203,0.06771198002339703,26.974999999999998,-0.5912614448635781,-9.0
2022-05-09,284.0,0.0,7.91,0.0,5.504974769154122,0.05755518301988747,19.775,-0.6050560696488488,-8.0
2022-05-10,280.0,0.0,10.8,0.0,4.679228553781004,0.04892190556690435,27.0,-0.6186714032625031,-4.0
2022-05-11,276.0,0.0,14.63,0.0,3.9773442707138535,0.0415836197318687,36.575,-0.6321034111873487,-4.0
2022-05-12,277.0,8.5,12.7,8.5,11.880742630106775,0.1242146140831532,31.75,-0.6453481132295501,1.0
2022-05-13,276.0,0.0,11.57,0.0,10.098631235590759,0.10558242197068021,28.925,-0.6584015846980488,-1.0
2022-05-14,277.0,2.2,10.01,2.2,10.783836550252143,0.11274632715558906,25.025,-0.6712599575675313,1.0
2022-05-15,277.0,0.6,11.03,0.6,9.766261067714321,0.10210745130420822,27.575,-0.6839194216246106,0.0
2022-05-16,277.0,0.0,10.14,0.0,8.301321907557172,0.08679133360857696,25.35,-0.6963762255968722,0.0
2022-05-17,275.0,1.0,5.9,1.0,8.056123621423597,0.08422775560388629,14.75,-0.7086266782644596,-2.0
2022-05-18,274.0,0.0,10.01,0.0,6.847705078210057,0.07159359226330334,25.025,-0.7206671495538609,-1.0
2022-05-19,272.0,0.4,12.82,0.4,6.220549316478548,0.06503660223844618,32.05,-0.7324940716135789,-2.0
2022-05-20,271.0,2.9,16.43,2.9,8.187466919006766,0.08560096580880726,41.075,-0.7441039398713607,-1.0
2022-05-21,272.0,24.4,11.67,24.4,31.35934688115575,0.32786579863042514,29.175,-0.7554933140726803,1.0
2022-05-22,270.0,0.8,11.09,0.8,27.45544484898239,0.28705002646513805,27.725,-0.766658819300159,-2.0
2022-05-23,273.0,0.0,12.71,0.0,23.33712812163503,0.24399252249536735,31.775000000000002,-0.777597146973627,3.0
2022-05-24,274.0,0.0,14.91,0.0,19.836558903389776,0.20739364412106223,37.275,-0.7883050558305255,1.0
2022-05-25,275.0,8.1,15.95,8.1,24.96107506788131,0.2609710859993294,39.875,-0.7987793728863649,1.0
2022-05-26,280.0,10.9,12.09,10.9,32.11691380769911,0.33578625329832484,30.225,-0.8090169943749473,5.0
2022-05-27,281.0,3.6,10.35,3.6,30.899376736544248,0.32305675463532124,25.875,-0.8190148866680801,1.0
2022-05-28,282.0,5.0,8.45,5.0,31.26447022606261,0.3268738516230023,21.125,-0.8287700871745037,1.0
2022-05-29,285.0,4.1,9.46,4.1,30.674799692153215,0.320708774229595,23.650000000000002,-0.8382797052177743,3.0
2022-05-30,290.0,14.9,10.26,14.9,40.97357973833023,0.428383776440434,25.65,-0.8475409228928311,5.0
2022-05-31,293.0,0.1,12.45,0.1,34.9275427775807,0.3651717221780285,31.125,-0.8565509959010036,3.0
2022-06-01,294.0,7.2,13.87,7.2,36.88841136094359,0.38567284251481443,34.675,-0.865307254363206,1.0
2022-06-02,294.0,5.9,11.42,5.9,37.255149656802054,0.38950713615350785,28.55,-0.8738071036110808,0.0
2022-06-03,293.0,0.0,12.66,0.0,31.666877208281743,0.3310810657304816,31.65,-0.8820480249558537,-1.0
2022-06-04,289.0,0.0,15.1,0.0,26.916845627039482,0.2814189058709094,37.75,-0.8900275764346767,-4.0
2022-06-05,284.0,0.0,15.53,0.0,22.87931878298356,0.239206069990273,38.824999999999996,-0.8977433935342337,-5.0
2022-06-06,282.0,0.0,17.78,0.0,19.447420965536026,0.20332515949173202,44.45,-0.9051931898913974,-2.0
2022-06-07,278.0,0.0,19.38,0.0,16.53030782070562,0.1728263855679722,48.449999999999996,-0.9123747579707273,-4.0
2022-06-08,276.0,12.8,19.7,12.8,26.850761647599775,0.28072798980120334,49.25,-0.9192859697186104,-2.0
2022-06-09,278.0,3.9,20.15,3.9,26.72314740045981,0.2793937672737467,50.375,-0.9259247771938498,2.0
2022-06-10,275.0,0.0,21.39,0.0,22.714675290390836,0.2374847021826847,53.475,-0.9322892131745133,-3.0
2022-06-11,272.0,0.0,17.41,0.0,19.30747399683221,0.201861996855282,43.525,-0.9383773917408641,-3.0
2022-06-12,269.0,0.0,18.13,0.0,16.411352897307378,0.17158269732698966,45.324999999999996,-0.9441875088341993,-3.0
2022-06-13,268.0,8.4,15.72,8.4,22.34964996271127,0.23366831783534642,39.300000000000004,-0.9497178427914316,-1.0
2022-06-14,269.0,18.8,11.18,18.8,37.797202468304576,0.3951743644480466,27.95,-0.9549667548552551,1.0
2022-06-15,269.0,0.1,15.01,0.1,32.22762209805889,0.3369437219844992,37.525,-0.9599326896597447,0.0
2022-06-16,267.0,2.7,14.24,2.7,30.093478783350054,0.3146309931856331,35.6,-0.9646141756912435,-2.0
2022-06-17,267.0,2.0,15.37,2.0,27.579456965847545,0.28834658828097987,38.425,-0.9690098257244062,0.0
2022-06-18,265.0,0.2,16.14,0.2,23.64253842097041,0.24718562444615202,40.35,-0.9731183372332619,-2.0
2022-06-19,263.0,0.0,19.55,0.0,20.096157657824847,0.2101077807792292,48.875,-0.9769384927771817,-2.0
2022-06-20,261.0,1.8,14.89,1.8,18.88173400915112,0.19741083332821738,37.225,-0.980469160361632,-2.0
2022-06-21,271.0,54.4,12.68,54.4,70.44947390777845,0.7365578471197995,31.7,-0.9837092937736097,10.0
2022-06-22,292.0,0.0,16.21,0.0,59.88205282161169,0.6260741700518296,40.525000000000006,-0.986657932891657,21.0
2022-06-23,306.0,0.0,18.37,0.0,50.89974489836993,0.5321630445440552,45.925000000000004,-0.9893142039703663,14.0
2022-06-24,301.0,0.0,20.74,0.0,43.26478316361444,0.45233858786244685,51.849999999999994,-0.99167731989929,-5.0
2022-06-25,299.0,0.0,23.32,0.0,36.77506568907227,0.3844877996830798,58.3,-0.993746580436178,-2.0
2022-06-26,291.0,0.0,24.23,0.0,31.258805835711428,0.3268146297306178,60.575,-0.9955213724144752,-8.0
2022-06-27,283.0,0.0,24.95,0.0,26.569984960354713,0.27779243527102515,62.375,-0.9970011699250151,-8.0
2022-06-28,277.0,6.8,24.3,6.8,29.384487216301505,0.30721839982922317,60.75,-0.9981855344718586,-6.0
2022-06-29,275.0,4.4,22.57,4.4,29.37681413385628,0.3071381768158615,56.425,-0.99907411510223,-2.0
2022-06-30,279.0,0.0,23.97,0.0,24.970292013777836,0.2610674502934823,59.925,-0.9996666485105112,4.0
2022-07-01,276.0,0.0,24.71,0.0,21.22474821171116,0.2219073327494599,61.775000000000006,-0.9999629591162655,-3.0
2022-07-02,274.0,0.4,22.71,0.4,18.44103597995448,0.19280328165167923,56.775000000000006,-0.9999629591162655,-2.0
2022-07-03,270.0,0.1,18.49,0.1,15.774880582961309,0.16492830160758692,46.224999999999994,-0.9996666485105112,-4.0
2022-07-04,268.0,0.1,21.07,0.1,13.508648495517113,0.14123456857010847,52.675,-0.99907411510223,-2.0
2022-07-05,267.0,0.0,19.8,0.0,11.482351221189546,0.1200493832845922,49.5,-0.9981855344718586,-1.0
2022-07-06,274.0,35.5,14.63,35.5,45.25999853801112,0.4731988080910564,36.575,-0.9970011699250151,7.0
2022-07-07,273.0,0.0,15.23,0.0,38.47099875730945,0.402218986877398,38.075,-0.9955213724144752,-1.0
2022-07-08,275.0,9.2,16.0,9.2,41.90034894371303,0.4380732615824701,40.0,-0.9937465804361781,2.0
2022-07-09,276.0,0.3,15.97,0.3,35.91529660215607,0.3754988089560783,39.925000000000004,-0.99167731989929,1.0
2022-07-10,274.0,0.9,15.85,0.9,31.428002111832654,0.3285835974456028,39.625,-0.9893142039703664,-2.0
2022-07-11,269.0,0.0,16.68,0.0,26.713801795057755,0.2792960578287624,41.7,-0.9866579328916572,-5.0
2022-07-12,274.0,30.8,15.56,30.8,53.5067315257991,0.5594194078816005,38.9,-0.9837092937736098,5.0
2022-07-13,280.0,0.0,16.49,0.0,45.48072179692923,0.47550649669936046,41.224999999999994,-0.9804691603616321,6.0
2022-07-14,283.0,0.0,17.46,0.0,38.658613527389846,0.4041805221944564,43.650000000000006,-0.9769384927771817,3.0
2022-07-15,281.0,7.4,14.04,7.4,40.25982149828137,0.4209213469360973,35.099999999999994,-0.973118337233262,-2.0
2022-07-16,281.0,2.1,14.45,2.1,36.32084827353916,0.379738901172534,36.125,-0.9690098257244063,0.0
2022-07-17,282.0,1.0,14.56,1.0,31.872721032508288,0.33323318803324975,36.4,-0.9646141756912435,1.0
2022-07-18,279.0,0.1,14.35,0.1,27.191812877632046,0.2842937220319219,35.875,-0.9599326896597445,-3.0
2022-07-19,276.0,0.0,18.62,0.0,23.113040945987237,0.24164966372713356,46.550000000000004,-0.9549667548552553,-3.0
2022-07-20,272.0,0.0,17.95,0.0,19.64608480408915,0.2054022141680635,44.875,-0.9497178427914317,-4.0
2022-07-21,269.0,0.0,20.37,0.0,16.699172083475776,0.17459188204285397,50.925000000000004,-0.9441875088341994,-3.0
2022-07-22,266.0,0.0,22.88,0.0,14.194296270954409,0.14840309973642588,57.199999999999996,-0.9383773917408642,-3.0
2022-07-23,263.0,0.1,22.05,0.1,12.165151830311247,0.12718814697962158,55.125,-0.9322892131745134,-3.0
2022-07-24,263.0,9.8,17.79,9.8,20.140379055764562,0.2105701208913178,44.474999999999994,-0.9259247771938499,0.0
2022-07-25,261.0,0.0,17.98,0.0,17.119322197399878,0.17898460275762013,44.95,-0.9192859697186105,-2.0
2022-07-26,258.0,0.0,20.06,0.0,14.551423867789897,0.1521369123439771,50.15,-0.9123747579707274,-3.0
2022-07-27,256.0,4.1,16.82,4.1,16.468710287621413,0.17218237584242357,42.05,-0.9051931898913975,-2.0
2022-07-28,258.0,1.7,15.21,1.7,15.698403744478199,0.164128726928273,38.025000000000006,-0.8977433935342336,2.0
2022-07-29,257.0,0.0,15.76,0.0,13.343643182806469,0.13950941788903204,39.4,-0.8900275764346766,-1.0
2022-07-30,256.0,0.0,17.47,0.0,11.342096705385497,0.11858300520567722,43.675,-0.8820480249558535,-1.0
2022-07-31,257.0,11.2,16.2,11.2,20.840782199577674,0.21789292123469928,40.5,-0.8738071036110807,1.0
2022-08-01,257.0,1.5,17.26,1.5,19.214664869641023,0.20089166610438816,43.150000000000006,-0.8653072543632061,0.0
2022-08-02,259.0,0.0,18.51,0.0,16.33246513919487,0.17075791618872996,46.275000000000006,-0.8565509959010037,2.0
2022-08-03,262.0,0.0,18.23,0.0,13.88259536831564,0.14514422876042046,45.575,-0.8475409228928312,3.0
2022-08-04,263.0,0.0,19.64,0.0,11.800206063068293,0.12337259444635738,49.1,-0.8382797052177745,1.0
2022-08-05,262.0,0.0,23.43,0.0,10.030175153608049,0.10486670527940377,58.575,-0.828770087174504,-1.0
2022-08-06,268.0,29.3,18.58,29.3,37.825648880566845,0.39547177515975196,46.449999999999996,-0.8190148866680802,6.0
2022-08-07,266.0,0.0,16.12,0.0,32.15180154848182,0.3361510088857892,40.300000000000004,-0.8090169943749472,-2.0
2022-08-08,264.0,0.0,16.43,0.0,27.329031316209548,0.2857283575529208,41.075,-0.7987793728863648,-2.0
2022-08-09,262.0,0.0,17.08,0.0,23.229676618778115,0.24286910391998268,42.699999999999996,-0.7883050558305253,-2.0
2022-08-10,261.0,0.0,17.67,0.0,19.745225125961397,0.20643873833198526,44.175000000000004,-0.7775971469736268,-1.0
2022-08-11,260.0,0.0,18.96,0.0,16.783441357067186,0.17547292758218747,47.400000000000006,-0.7666588193001592,-1.0
2022-08-12,259.0,0.0,20.7,0.0,14.265925153507109,0.14915198844485933,51.75,-0.7554933140726804,-1.0
2022-08-13,257.0,0.0,21.62,0.0,12.126036380481041,0.12677919017813044,54.050000000000004,-0.7441039398713608,-2.0
2022-08-14,256.0,0.0,22.35,0.0,10.307130923408884,0.10776231165141086,55.875,-0.7324940716135792,-1.0
2022-08-15,255.0,0.0,24.3,0.0,8.76106128489755,0.09159796490369922,60.75,-0.7206671495538615,-1.0
2022-08-16,254.0,0.0,24.61,0.0,7.446902092162918,0.07785827016814434,61.525,-0.7086266782644601,-1.0
2022-08-17,253.0,0.0,24.15,0.0,6.32986677833848,0.06617952964292267,60.375,-0.6963762255968726,-1.0
2022-08-18,252.0,0.0,24.77,0.0,5.380386761587708,0.05625260019648428,61.925,-0.6839194216246105,-1.0
2022-08-19,250.0,0.0,24.39,0.0,4.573328747349552,0.047814710167011644,60.975,-0.6712599575675315,-2.0
2022-08-20,249.0,0.0,20.2,0.0,3.887329435247119,0.04064250364195989,50.5,-0.6584015846980489,-1.0
2022-08-21,248.0,0.0,19.87,0.0,3.304230019960051,0.03454612809566591,49.675000000000004,-0.64534811322955,-1.0
2022-08-22,249.0,0.0,22.43,0.0,2.8085955169660433,0.02936420888131602,56.075,-0.6321034111873488,1.0
2022-08-23,248.0,0.0,23.88,0.0,2.3873061894211367,0.024959577549118615,59.699999999999996,-0.6186714032625032,-1.0
2022-08-24,248.0,0.0,24.71,0.0,2.0292102610079663,0.021215640916750825,61.775000000000006,-0.6050560696488494,0.0
2022-08-25,248.0,21.4,23.53,21.4,23.12482872185677,0.24177290636238957,58.825,-0.5912614448635782,0.0
2022-08-26,250.0,0.5,20.06,0.5,20.15610441357825,0.21073453142632906,50.15,-0.5772916165517278,2.0
2022-08-27,247.0,0.0,23.1,0.0,17.132688751541515,0.1791243517123797,57.75,-0.5631507242749187,-3.0
2022-08-28,244.0,0.0,21.36,0.0,14.562785438810288,0.15225569895552274,53.4,-0.5488429582847199,-3.0
2022-08-29,243.0,0.5,20.47,0.5,12.878367622988744,0.13464490513049227,51.175,-0.5343725582809785,-1.0
2022-08-30,241.0,0.6,17.23,0.6,11.546612479540432,0.12072124258287593,43.075,-0.5197438121555157,-2.0
2022-08-31,240.0,0.7,13.52,0.7,10.514620607609366,0.10993164162106163,33.8,-0.5049610547215202,-1.0
2022-09-01,240.0,0.0,10.78,0.0,8.937427516467961,0.09344189537790239,26.95,-0.4900286664290594,0.0
2022-09-02,239.0,0.0,11.12,0.0,7.5968133889977665,0.07942561107121703,27.799999999999997,-0.4749510720670502,-1.0
2022-09-03,237.0,0.0,11.94,0.0,6.457291380648101,0.06751176941053447,29.849999999999998,-0.4597327394521046,-2.0
2022-09-04,235.0,0.0,11.47,0.0,5.4886976735508854,0.05738500399895429,28.675,-0.44437817810461344,-2.0
2022-09-05,234.0,0.0,9.75,0.0,4.665393022518253,0.04877725339911115,24.375,-0.4288919379124841,-1.0
2022-09-06,233.0,0.0,9.86,0.0,3.965584069140515,0.04146066538924448,24.65,-0.41327860778290443,-1.0
2022-09-07,234.0,0.0,10.67,0.0,3.3707464587694376,0.0352415655808578,26.675,-0.3975428142825566,1.0
2022-09-08,233.0,0.0,11.36,0.0,2.8651344899540216,0.02995533074372913,28.4,-0.3816892202666586,-1.0
2022-09-09,233.0,0.0,10.16,0.0,2.435364316460918,0.025462031132169757,25.4,-0.3657225234972692,0.0
2022-09-10,232.0,0.0,11.53,0.0,2.0700596689917803,0.021642726462344292,28.825,-0.34964745525122826,-1.0
2022-09-11,234.0,12.7,9.39,12.7,14.459550718643012,0.15117636735776005,23.475,-0.33346877891818705,2.0
2022-09-12,235.0,5.6,10.5,5.6,17.89061811084656,0.18704859565903287,26.25,-0.31719128858910595,1.0
2022-09-13,235.0,0.2,10.72,0.2,15.407025394219575,0.16108233071749709,26.8,-0.300819807635668,0.0
2022-09-14,237.0,1.8,12.73,1.8,14.89597158508664,0.15573920077574507,31.825000000000003,-0.2843591872810036,2.0
2022-09-15,237.0,2.0,12.82,2.0,14.661575847323643,0.15328856473257504,32.05,-0.26781430516217486,0.0
2022-09-16,237.0,0.0,11.17,0.0,12.462339470225096,0.13029528002268878,27.925,-0.25119006388481957,0.0
2022-09-17,237.0,1.0,11.04,1.0,11.59298854969133,0.1212061100558813,27.599999999999998,-0.23449138957041052,0.0
2022-09-18,236.0,0.0,9.21,0.0,9.85404026723763,0.1030251935474991,23.025000000000002,-0.21772323039653224,-1.0
2022-09-19,236.0,2.0,11.0,2.0,10.375934227151985,0.10848165858856595,27.5,-0.20089055513063528,0.0
2022-09-20,235.0,0.9,11.09,0.9,9.719544093079188,0.10161901963321733,27.725,-0.18399835165767986,-1.0
2022-09-21,235.0,2.3,9.57,2.3,10.561612479117308,0.1104229473724052,23.925,-0.1670516255021195,0.0
2022-09-22,236.0,1.0,9.1,1.0,9.97737060724971,0.10431462730314027,22.75,-0.15005539834465262,1.0
2022-09-23,237.0,0.0,8.27,0.0,8.480765016162254,0.08866743320766922,20.674999999999997,-0.13301470653419636,1.0
2022-09-24,237.0,0.0,7.9,0.0,7.2086502637379155,0.07536731822651883,19.75,-0.11593459959550066,0.0
2022-09-25,237.0,0.0,8.94,0.0,6.127352724177228,0.06406222049254101,22.349999999999998,-0.09882013873287211,0.0
2022-09-26,236.0,0.0,11.08,0.0,5.208249815550643,0.054452887418659855,27.7,-0.08167639533042288,-1.0
2022-09-27,236.0,0.0,10.61,0.0,4.427012343218046,0.04628495430586087,26.525,-0.06450844944931625,0.0
2022-09-28,238.0,7.5,9.03,7.5,11.262960491735338,0.11775562643445067,22.575,-0.04732138832243232,2.0
2022-09-29,239.0,3.5,8.41,3.5,13.073516417975037,0.13668520959736857,21.025,-0.03012030484690836,1.0
2022-09-30,240.0,0.0,6.71,0.0,11.112488955278781,0.11618242815776329,16.775,-0.012910296075008843,1.0
2022-10-01,241.0,8.1,7.68,8.1,17.545615611986964,0.18344155243052526,19.2,0.004303538296243821,1.0
2022-10-02,241.0,0.3,7.78,0.3,15.21377327018892,0.15906185617692523,19.45,0.021516097436222233,0.0
2022-10-03,243.0,19.6,6.48,19.6,32.53170727966058,0.34012296966766525,16.200000000000003,0.03872228089217399,2.0
2022-10-04,253.0,11.4,8.99,11.4,39.051951187711495,0.4082929154347083,22.475,0.05591699010060302,10.0
2022-10-05,258.0,0.0,10.56,0.0,33.19415850955477,0.347048978119502,26.400000000000002,0.07309512989807776,5.0
2022-10-06,259.0,0.0,11.24,0.0,28.215034733121552,0.2949916314015767,28.1,0.0902516100310407,1.0
2022-10-07,259.0,0.0,10.15,0.0,23.98277952315332,0.2507428866913402,25.375,0.10738134666416306,0.0
2022-10-08,258.0,0.8,11.53,0.8,21.18536259468032,0.22149555131691587,28.825,0.12447926388678869,-1.0
2022-10-09,256.0,0.0,9.91,0.0,18.007558205478272,0.18827121861937848,24.775,0.141540295217043,-2.0
2022-10-10,253.0,0.0,5.97,0.0,15.30642447465653,0.1600305358264717,14.924999999999999,0.15855938510313475,-3.0
2022-10-11,252.0,0.0,7.28,0.0,13.01046080345805,0.13602595545250093,18.2,0.17553149042142777,-1.0
2022-10-12,251.0,0.5,6.57,0.5,11.558891682939343,0.12084962315292373,16.425,0.19245158197082995,-1.0
2022-10-13,251.0,0.8,5.2,0.8,10.625057930498443,0.11108627730926186,13.0,0.20931464596304888,0.0
2022-10-14,251.0,0.0,7.72,0.0,9.031299240923676,0.09442333571287259,19.3,0.22611568550828803,0.0
2022-10-15,251.0,0.0,9.1,0.0,7.676604354785125,0.08025983535594171,22.75,0.2428497220959358,0.0
2022-10-16,249.0,0.9,12.45,0.9,7.425113701567357,0.07763046988548672,31.125,0.25951179706979943,-2.0
2022-10-17,247.0,0.0,13.46,0.0,6.311346646332253,0.06598589940266371,33.650000000000006,0.27609697309746883,-2.0
2022-10-18,247.0,0.0,13.62,0.0,5.364644649382415,0.05608801449226415,34.05,0.2926003356333479,0.0
2022-10-19,247.0,0.6,6.69,0.6,5.159947951975052,0.053947885540382046,16.725,0.30901699437494723,0.0
2022-10-20,247.0,0.0,4.95,0.0,4.3859557591787945,0.045855702709324736,12.375,0.3253420847119795,0.0
2022-10-21,244.0,0.0,6.24,0.0,3.728062395301975,0.03897734730292603,15.600000000000001,0.341570769167856,-3.0
2022-10-22,244.0,0.0,6.17,0.0,3.168853036006679,0.03313074520748712,15.425,0.35769823883312546,0.0
2022-10-23,243.0,0.6,9.28,0.6,3.293525080605677,0.03443420664832157,23.2,0.3737197147904692,-1.0
2022-10-24,243.0,0.0,9.7,0.0,2.7994963185148256,0.029269075651073336,24.25,0.38963044953078774,0.0
2022-10-25,244.0,3.8,11.39,3.8,6.179571870737602,0.06460817804247661,28.475,0.4054257283599973,1.0
2022-10-26,246.0,0.2,10.9,0.2,5.452636090126962,0.05700797574342429,27.25,0.42110087079608916,2.0
2022-10-27,247.0,0.0,10.28,0.0,4.634740676607917,0.04845677938191064,25.7,0.4366512319560638,1.0
2022-10-28,245.0,0.0,10.98,0.0,3.9395295751167296,0.041188262474624045,27.450000000000003,0.45207220393230374,-2.0
2022-10-29,245.0,0.3,12.45,0.3,3.6486001388492197,0.03814655971440919,31.125,0.46735921715800205,0.0
2022-10-30,243.0,0.0,10.53,0.0,3.1013101180218365,0.03242457575724781,26.325,0.48250774176121763,-2.0
2022-10-31,244.0,0.0,4.39,0.0,2.636113600318561,0.027560889393660637,10.975,0.4975132889071803,1.0
2022-11-01,242.0,0.0,6.07,0.0,2.2406965602707767,0.02342675598461154,15.175,0.5123714121284235,-2.0
2022-11-02,242.0,1.7,7.76,1.7,3.60459207623016,0.03768645004913277,19.4,0.5270777086423724,0.0
2022-11-03,242.0,0.1,8.81,0.1,3.163903264795636,0.03307899474542244,22.025000000000002,0.5416278206559811,0.0
2022-11-04,242.0,0.0,7.36,0.0,2.6893177750762907,0.028117145533609073,18.400000000000002,0.5560174366570446,0.0
2022-11-05,241.0,1.3,5.39,1.3,3.5859201088148467,0.03749123235114233,13.475,0.5702422926917867,-1.0
2022-11-06,242.0,4.0,5.75,4.0,7.048032092492619,0.0736880356448544,14.375,0.5842981736283683,1.0
2022-11-07,243.0,0.0,6.19,0.0,5.990827278618726,0.06263483029812625,15.475000000000001,0.5981809144059159,1.0
2022-11-08,242.0,0.1,8.83,0.1,5.192203186825917,0.05428511795706689,22.075,0.6118864012687242,-1.0
2022-11-09,243.0,0.1,7.35,0.1,4.513372708802029,0.04718786246716644,18.375,0.6254105729852457,1.0
2022-11-10,243.0,5.0,8.17,5.0,8.836366802481724,0.09238529328007077,20.425,0.6387494220515268,0.0
2022-11-11,245.0,0.3,8.57,0.3,7.810911782109465,0.08166403589903891,21.425,0.6518989958787125,2.0
2022-11-12,243.0,0.2,10.92,0.2,6.839275014793046,0.07150545492150225,27.3,0.6648553979642867,-2.0
2022-11-13,243.0,0.0,8.9,0.0,5.813383762574088,0.060779636683276905,22.25,0.6776147890466887,0.0
2022-11-14,243.0,0.0,1.63,0.0,4.941376198187975,0.05166269118078537,4.074999999999999,0.690173388242972,0.0
2022-11-15,242.0,0.8,3.56,0.8,5.000169768459779,0.052277385132944255,8.9,0.7025274741691566,-1.0
2022-11-16,242.0,0.2,0.67,0.2,4.450144303190812,0.046526801770321785,1.675,0.7146733860429608,0.0
2022-11-17,241.0,1.1,-2.45,1.1,4.88262265771219,0.05104841574502896,0.0,0.726607524768565,-1.0
2022-11-18,241.0,2.1,-4.3,2.1,6.250229259055361,0.06534690966012592,0.0,0.7383263540031063,0.0
2022-11-19,242.0,0.5,-5.43,0.5,5.812694870197057,0.06077243422940496,0.0,0.749826401204568,1.0
2022-11-20,241.0,0.0,-6.2,0.0,4.940790639667498,0.05165656909499421,0.0,0.7611042586607742,-1.0
2022-11-21,238.0,0.0,-2.74,0.0,4.199672043717373,0.04390808373074508,0.0,0.7721565844991641,-3.0
2022-11-22,240.0,0.0,-3.0,0.0,3.5697212371597673,0.037321871171133315,0.0,0.7829801036770625,2.0
2022-11-23,238.0,0.0,-4.35,0.0,3.034263051585802,0.03172359049546332,0.0,0.7935716089521472,-2.0
2022-11-24,239.0,1.4,-2.77,1.4,3.9791235938479317,0.041602222772378024,0.0,0.8039279618328208,1.0
2022-11-25,237.0,1.0,-1.4,1.0,4.3822550547707415,0.045817011393117175,0.0,0.8140460935082175,-2.0
2022-11-26,237.0,3.3,-1.35,3.3,7.0249167965551305,0.07344636240491594,0.0,0.8239230057575536,0.0
2022-11-27,239.0,0.0,-1.25,0.0,5.971179277071861,0.06242940804417855,0.0,0.8335557718385695,2.0
2022-11-28,239.0,1.6,-1.9,1.6,6.675502385511082,0.06979319209610514,0.0,0.8429415373547832,0.0
2022-11-29,240.0,0.0,-0.34,0.0,5.67417702768442,0.05932421328168938,0.0,0.8520775211013093,1.0
2022-11-30,239.0,0.0,-1.0,0.0,4.823050473531757,0.05042558128943597,0.0,0.8609610158889945,-1.0
2022-12-01,239.0,0.0,-4.93,0.0,4.0995929025019935,0.042861744096020574,0.0,0.8695893893466109,0.0
2022-12-02,237.0,0.0,-7.49,0.0,3.4846539671266945,0.03643248248161749,0.0,0.8779600847008883,-2.0
2022-12-03,234.0,0.3,-5.77,0.3,3.26195587205769,0.03410414672035362,0.0,0.8860706215341377,-3.0
2022-12-04,237.0,0.0,-2.45,0.0,2.7726624912490365,0.028988524712300578,0.0,0.893918596519257,3.0
2022-12-05,233.0,0.0,-5.29,0.0,2.3567631175616808,0.024640246005455488,0.0,0.9015016841318838,-4.0
2022-12-06,225.0,1.6,-3.94,1.6,3.6032486499274285,0.03767240436319054,0.0,0.9088176373395028,-8.0
2022-12-07,232.0,5.5,-2.32,5.5,8.562761352438315,0.0895247149099892,0.0,0.9158642882672868,7.0
2022-12-08,240.0,2.2,-1.05,2.2,9.478347149572567,0.0990972761540017,0.0,0.9226395488404875,8.0
2022-12-09,244.0,5.3,-0.38,5.3,13.356595077136681,0.1396448315248595,0.0,0.9291414114031743,4.0
2022-12-10,241.0,0.0,-2.23,0.0,11.35310581556618,0.11869810679613058,0.0,0.935367949313148,-3.0
2022-12-11,242.0,12.7,-3.8,12.7,22.35013994323125,0.2336734406414784,0.0,0.941317317512847,1.0
2022-12-12,242.0,0.8,-4.77,0.8,19.797618951746564,0.20698652217453334,0.0,0.946987753076075,0.0
2022-12-13,240.0,1.4,-2.89,1.4,18.227976108984578,0.1905757146995875,0.0,0.9523775757303973,-2.0
2022-12-14,240.0,0.0,-6.64,0.0,15.49377969263689,0.16198935749464938,0.0,0.9574851883550389,0.0
2022-12-15,240.0,0.7,-7.58,0.7,13.869712738741356,0.14500953929606905,0.0,0.9623090774541487,0.0
2022-12-16,243.0,0.0,-6.4,0.0,11.789255827930152,0.1232581084016587,0.0,0.9668478136052773,3.0
2022-12-17,248.0,0.0,-8.41,0.0,10.020867453740628,0.10476939214140989,0.0,0.9711000518829505,5.0
2022-12-18,247.0,0.0,-9.35,0.0,8.517737335679534,0.0890539833201984,0.0,0.9750645322571945,-1.0
2022-12-19,249.0,0.0,-11.33,0.0,7.240076735327604,0.07569588582216864,0.0,0.9787400799669153,2.0
2022-12-20,246.0,4.1,-2.27,4.1,10.254065225028462,0.10720750329888636,0.0,0.9821256058680006,-3.0
2022-12-21,242.0,1.2,1.06,1.2,9.915955441274193,0.10367252424796844,2.6500000000000004,0.9852201067560606,-4.0
2022-12-22,245.0,1.5,1.24,1.5,9.928562125083063,0.10380432866566695,3.1,0.9880226656636976,3.0
2022-12-23,257.0,5.0,2.18,5.0,13.439277806320604,0.1405092895487962,5.45,0.9905324521322227,12.0
2022-12-24,270.0,0.4,-1.03,0.4,11.823386135372512,0.12361494493111512,0.0,0.9927487224577402,13.0
2022-12-25,270.0,0.0,-4.5,0.0,10.049878215066636,0.10507270319144785,0.0,0.9946708199115211,0.0
2022-12-26,263.0,6.4,-3.08,6.4,14.942396482806641,0.15622457874694418,0.0,0.9962981749346077,-7.0
2022-12-27,266.0,0.4,1.84,0.4,13.101037010385646,0.13697294074954092,4.6000000000000005,0.9976303053065857,3.0
2022-12-28,273.0,1.3,0.99,1.3,12.435881458827799,0.1300186582846844,2.475,0.9986668162884759,7.0
2022-12-29,275.0,2.7,1.8,2.7,13.27049924000363,0.13874468904079057,4.5,0.9994074007397048,2.0
2022-12-30,276.0,6.1,2.92,6.1,17.379924354003087,0.18170923010790674,7.3,0.9998518392091162,1.0
2022-12-31,282.0,2.5,3.07,2.5,17.27293570090262,0.18059065068321034,7.675,1.0,6.0
2023-01-01,290.0,1.5,10.1,1.5,16.181995345767227,0.16918473613562257,25.25,0.9998518392091162,8.0
2023-01-02,304.0,5.6,6.31,5.6,19.354696043902145,0.20235570912021603,15.774999999999999,0.9994074007397048,14.0
2023-01-03,313.0,1.0,4.56,1.0,17.451491637316824,0.1824574747887795,11.399999999999999,0.998666816288476,9.0
2023-01-04,322.0,3.7,0.03,3.7,18.5337678917193,0.19377280510586725,0.075,0.9976303053065857,9.0
2023-01-05,328.0,15.9,-0.75,15.9,31.653702707961408,0.33094332472186133,0.0,0.9962981749346078,6.0
2023-01-06,321.0,0.0,-12.85,0.0,26.905647301767196,0.28130182601358217,0.0,0.9946708199115211,-7.0
2023-01-07,313.0,0.8,-10.9,0.8,23.669800206502117,0.2474706497408215,0.0,0.9927487224577402,-8.0
2023-01-08,306.0,0.0,-5.22,0.0,20.119330175526798,0.21035005227969827,0.0,0.9905324521322229,-7.0
2023-01-09,294.0,2.1,-2.2,2.1,19.20143064919778,0.20075330071459485,0.0,0.9880226656636976,-12.0
2023-01-10,293.0,5.3,0.28,5.3,21.621216051818113,0.22605245240136368,0.7000000000000001,0.9852201067560606,-1.0
2023-01-11,302.0,0.0,-2.02,0.0,18.378033644045395,0.19214458454115912,0.0,0.9821256058680006,9.0
2023-01-12,306.0,0.9,0.27,0.9,16.521328597438586,0.17273250669292153,0.675,0.9787400799669153,4.0
2023-01-13,304.0,1.7,2.54,1.7,15.743129307822796,0.16459633815119623,6.35,0.9750645322571948,-2.0
2023-01-14,318.0,0.2,3.86,0.2,13.581659911649377,0.14199791183583596,9.65,0.9711000518829505,14.0
2023-01-15,325.0,9.6,2.8,9.6,21.14441092490197,0.22106739661178082,7.0,0.9668478136052775,7.0
2023-01-16,329.0,0.2,2.25,0.2,18.172749286166674,0.18999831152733287,5.625,0.9623090774541486,4.0
2023-01-17,335.0,1.9,2.18,1.9,17.346836893241672,0.18136329666776507,5.45,0.9574851883550393,6.0
2023-01-18,340.0,7.9,2.85,7.9,22.64481135925542,0.2367542662567076,7.125,0.9523775757303974,5.0
2023-01-19,353.0,5.8,1.34,5.8,25.048089655367107,0.26188083413045743,3.35,0.9469877530760753,13.0
2023-01-20,366.0,2.6,0.13,2.6,23.890876207062043,0.24978202630603807,0.325,0.9413173175128471,13.0
2023-01-21,368.0,0.0,0.38,0.0,20.307244776002737,0.21231472236013235,0.95,0.9353679493131483,2.0
2023-01-22,370.0,0.2,-0.66,0.2,17.461158059602326,0.18255853841343167,0.0,0.9291414114031743,2.0
2023-01-23,364.0,0.0,-1.2,0.0,14.841984350661976,0.15517475765141692,0.0,0.9226395488404876,-6.0
2023-01-24,361.0,0.0,-2.73,0.0,12.61568669806268,0.13189854400370438,0.0,0.9158642882672872,-3.0
2023-01-25,357.0,0.0,-1.92,0.0,10.723333693353277,0.11211376240314871,0.0,0.9088176373395029,-4.0
2023-01-26,352.0,1.0,-0.91,1.0,10.114833639350286,0.10575182007927227,0.0,0.901501684131884,-5.0
2023-01-27,351.0,1.3,-0.64,1.3,9.897608593447742,0.10348070571495604,0.0,0.893918596519257,-1.0
2023-01-28,349.0,0.0,-1.6,0.0,8.41296730443058,0.08795859985771264,0.0,0.886070621534138,-2.0
2023-01-29,346.0,1.3,-1.69,1.3,8.451022208765993,0.08835646852663034,0.0,0.8779600847008882,-3.0
2023-01-30,343.0,2.7,0.05,2.7,9.883368877451094,0.10333182774644462,0.125,0.869589389346611,-3.0
2023-01-31,339.0,1.1,0.81,1.1,9.500863545833429,0.09933268782473335,2.0250000000000004,0.8609610158889943,-4.0
2023-02-01,336.0,5.3,0.26,5.3,13.375734013958414,0.13984493144498142,0.65,0.8520775211013093,-3.0
2023-02-02,337.0,0.8,0.33,0.8,12.169373911864653,0.1272322893575109,0.8250000000000001,0.8429415373547828,1.0
2023-02-03,333.0,0.0,-2.11,0.0,10.343967825084954,0.10814744595388426,0.0,0.8335557718385699,-4.0
2023-02-04,332.0,0.1,-3.88,0.1,8.89237265132221,0.09297084126446119,0.0,0.8239230057575542,-1.0
2023-02-05,332.0,0.0,-5.25,0.0,7.558516753623879,0.07902521507479202,0.0,0.8140460935082178,0.0
2023-02-06,328.0,0.1,-3.36,0.1,6.524739240580296,0.06821694501723279,0.0,0.8039279618328213,-4.0
2023-02-07,326.0,0.0,-0.72,0.0,5.546028354493251,0.05798440326464787,0.0,0.7935716089521474,-2.0
2023-02-08,323.0,0.0,-1.58,0.0,4.714124101319263,0.04928674277495068,0.0,0.7829801036770629,-3.0
2023-02-09,321.0,0.0,-1.39,0.0,4.007005486121374,0.04189373135870808,0.0,0.7721565844991642,-2.0
2023-02-10,320.0,0.0,-0.88,0.0,3.4059546632031674,0.035609671654901864,0.0,0.7611042586607747,-1.0
2023-02-11,319.0,5.0,0.51,5.0,7.895061463722692,0.08254383108964589,1.275,0.7498264012045686,-1.0
2023-02-12,318.0,0.0,-1.39,0.0,6.710802244164288,0.070162256426199,0.0,0.7383263540031065,-1.0
2023-02-13,316.0,0.0,2.26,0.0,5.7041819075396445,0.059637917962269145,5.6499999999999995,0.7266075247685656,-2.0
2023-02-14,318.0,0.0,2.01,0.0,4.848554621408698,0.050692230267928774,5.0249999999999995,0.7146733860429609,2.0
2023-02-15,320.0,0.0,-0.29,0.0,4.121271428197393,0.04308839572773946,0.0,0.702527474169157,2.0
2023-02-16,319.0,0.2,-0.51,0.2,3.7030807139677844,0.038716160775897714,0.0,0.6901733882429719,-1.0
2023-02-17,312.0,4.5,0.79,4.5,7.647618606872617,0.07995678582419442,1.975,0.6776147890466889,-7.0
2023-02-18,310.0,2.2,2.96,2.2,8.700475815841724,0.09096453643107615,7.4,0.6648553979642865,-2.0
2023-02-19,319.0,0.0,0.97,0.0,7.395404443465465,0.07731985596641473,2.425,0.6518989958787126,9.0
2023-02-20,321.0,7.5,0.26,7.5,13.786093776945645,0.14413529284592147,0.65,0.6387494220515272,2.0
2023-02-21,326.0,0.0,0.86,0.0,11.718179710403797,0.12251499891903322,2.15,0.6254105729852463,5.0
2023-02-22,328.0,0.2,-3.47,0.2,10.160452753843227,0.10622877348849741,0.0,0.6118864012687243,2.0
2023-02-23,326.0,0.0,-5.05,0.0,8.636384840766743,0.0902944574652228,0.0,0.5981809144059164,-2.0
2023-02-24,322.0,6.2,0.34,6.2,13.540927114651732,0.1415720454723337,0.8500000000000001,0.5842981736283683,-4.0
2023-02-25,319.0,0.5,0.15,0.5,12.009788047453972,0.1255637996697816,0.375,0.5702422926917871,-3.0
2023-02-26,316.0,0.3,-3.35,0.3,10.508319840335876,0.1098657663302931,0.0,0.5560174366570446,-3.0
2023-02-27,312.0,0.0,-3.87,0.0,8.932071864285493,0.09338590138074912,0.0,0.5416278206559814,-4.0
2023-02-28,307.0,0.0,-2.27,0.0,7.5922610846426695,0.07937801617363675,0.0,0.5270777086423722,-5.0
2023-03-01,304.0,0.0,1.33,0.0,6.453421921946269,0.06747131374759124,3.325,0.5123714121284237,-3.0
2023-03-02,301.0,0.0,1.27,0.0,5.485408633654329,0.057350616685452556,3.175,0.49751328890718066,-3.0
2023-03-03,299.0,0.7,1.66,0.7,5.36259733860618,0.05606660960825178,4.1499999999999995,0.48250774176121847,-2.0
2023-03-04,299.0,0.5,-0.32,0.5,5.058207737815253,0.05288417918531194,0.0,0.46735921715800227,0.0
2023-03-05,299.0,0.5,-1.78,0.5,4.799476577142965,0.05017911332581308,0.0,0.45207220393230435,0.0
2023-03-06,297.0,0.1,-2.85,0.1,4.17955509057152,0.0436977585306007,0.0,0.43665123195606403,-2.0
2023-03-07,296.0,1.8,-2.32,1.8,5.352621826985792,0.055962314416883145,0.0,0.4211008707960896,-1.0
2023-03-08,296.0,1.0,-0.85,1.0,5.549728552937923,0.05802308929094653,0.0,0.40542572835999735,0.0
2023-03-09,294.0,0.0,-3.32,0.0,4.717269269997234,0.04931962589730455,0.0,0.38963044953078796,-2.0
2023-03-10,292.0,6.5,-4.26,6.5,10.509678879497649,0.10987997525058195,0.0,0.37371971479046906,-2.0
2023-03-11,293.0,7.8,0.02,7.8,16.733227047573003,0.17494793084844237,0.05,0.35769823883312546,1.0
2023-03-12,295.0,0.9,-2.65,0.9,15.123242990437053,0.15811535105411229,0.0,0.3415707691678556,2.0
2023-03-13,296.0,3.9,-1.03,3.9,16.754756541871494,0.17517302433871929,0.0,0.3253420847119801,1.0
2023-03-14,303.0,0.8,6.66,0.8,15.04154306059077,0.1572611683171881,16.65,0.30901699437494745,7.0
2023-03-15,331.0,0.2,3.32,0.2,12.985311601502154,0.13576301747692904,8.299999999999999,0.29260033563334836,28.0
2023-03-16,348.0,0.0,0.72,0.0,11.037514861276831,0.11539856485538968,1.7999999999999998,0.27609697309746883,17.0
2023-03-17,355.0,0.0,1.69,0.0,9.381887632085306,0.09808878012708123,4.225,0.2595117970697999,7.0
2023-03-18,356.0,0.0,4.35,0.0,7.97460448727251,0.08337546310801905,10.875,0.2428497220959356,1.0
2023-03-19,353.0,0.0,7.18,0.0,6.778413814181633,0.07086914364181618,17.95,0.22611568550828828,-3.0
2023-03-20,352.0,0.6,7.97,0.6,6.361651742054387,0.06651184531750126,19.925,0.20931464596304847,-1.0
2023-03-21,354.0,0.0,5.77,0.0,5.407403980746229,0.05653506851987607,14.424999999999999,0.19245158197082998,2.0
2023-03-22,356.0,1.2,7.12,1.2,5.7962933836342945,0.06060095468580969,17.8,0.1755314904214282,2.0
2023-03-23,357.0,2.1,10.35,2.1,7.0268493760891495,0.07346656775978953,25.875,0.15855938510313478,1.0
2023-03-24,357.0,3.9,10.13,3.9,9.872821969675776,0.10322155853854495,25.325000000000003,0.141540295217043,0.0
2023-03-25,359.0,4.2,8.9,4.2,12.59189867422441,0.13164983731146582,22.25,0.12447926388678915,2.0
2023-03-26,361.0,4.4,6.38,4.4,15.103113873090749,0.15790489867576774,15.95,0.10738134666416309,2.0
2023-03-27,362.0,0.0,2.44,0.0,12.837646792127137,0.13421916387440258,6.1,0.09025161003104117,1.0
2023-03-28,362.0,0.0,-0.24,0.0,10.911999773308066,0.11408628929324219,0.0,0.07309512989807777,0.0
2023-03-29,361.0,0.0,-0.59,0.0,9.275199807311855,0.09697334589925585,0.0,0.055916990100603484,-1.0
2023-03-30,361.0,0.0,4.55,0.0,7.883919836215076,0.08242734401436747,11.375,0.03872228089217446,0.0
2023-03-31,364.0,2.0,6.03,2.0,8.701331860782815,0.09097348648540407,15.075000000000001,0.021516097436222254,3.0
2023-04-01,371.0,8.9,5.93,8.9,16.296132081665395,0.1703780496382966,14.825,0.004303538296244289,7.0
2023-04-02,380.0,0.7,2.48,0.7,14.551712269415583,0.15213992761816922,6.2,-0.01291029607500882,9.0
2023-04-03,393.0,0.0,-0.35,0.0,12.368955429003245,0.12931893847544382,0.0,-0.030120304846908114,13.0
2023-04-04,396.0,2.5,-1.0,2.5,13.013612114652759,0.13605890279561692,0.0,-0.04732138832243185,3.0
2023-04-05,396.0,0.2,0.45,0.2,11.261570297454844,0.11774109178359353,1.125,-0.06450844944931623,0.0
2023-04-06,393.0,0.1,5.08,0.1,9.672334752836617,0.10112544021971409,12.7,-0.08167639533042241,-3.0
2023-04-07,389.0,0.0,10.56,0.0,8.221484539911124,0.08595662418675697,26.400000000000002,-0.09882013873287143,-4.0
2023-04-08,386.0,0.0,10.53,0.0,6.988261858924456,0.07306313055874342,26.325,-0.11593459959550041,-3.0
2023-04-09,383.0,0.3,9.46,0.3,6.240022580085787,0.06524019758591067,23.650000000000002,-0.1330147065341959,-3.0
2023-04-10,380.0,0.0,10.85,0.0,5.304019193072919,0.05545416794802406,27.125,-0.1500553983446526,-3.0
2023-04-11,378.0,0.0,11.28,0.0,4.508416314111981,0.04713604275582046,28.2,-0.16705162550211924,-2.0
2023-04-12,375.0,0.9,12.02,0.9,4.732153866995184,0.049475246175383666,30.049999999999997,-0.18399835165768005,-3.0
2023-04-13,372.0,1.6,9.08,1.6,5.622330786945907,0.0587821545076295,22.7,-0.20089055513063506,-3.0
2023-04-14,368.0,0.1,10.01,0.1,4.878981168904021,0.05101034353514466,25.025,-0.21772323039653177,-4.0
2023-04-15,362.0,0.1,8.12,0.1,4.247133993568418,0.044404304208532544,20.299999999999997,-0.23449138957040985,-6.0
2023-04-16,358.0,7.1,5.23,7.1,10.710063894533155,0.11197502503708326,13.075000000000001,-0.25119006388481935,-4.0
2023-04-17,350.0,0.0,9.35,0.0,9.103554310353182,0.09517877128152077,23.375,-0.2678143051621742,-8.0
2023-04-18,339.0,0.0,9.26,0.0,7.738021163800204,0.08090195558929265,23.15,-0.2843591872810034,-11.0
2023-04-19,329.0,3.9,12.07,3.9,10.477317989230173,0.1095416381936226,30.175,-0.30081980763566735,-10.0
2023-04-20,323.0,0.0,12.68,0.0,8.905720290845647,0.09311039246457921,31.7,-0.3171912885891061,-6.0
2023-04-21,320.0,0.0,11.95,0.0,7.5698622472188,0.07914383359489233,29.875,-0.3334687789181868,-3.0
2023-04-22,317.0,0.0,11.74,0.0,6.434382910135979,0.06727225855565848,29.35,-0.3496474552512284,-3.0
2023-04-23,314.0,0.0,13.8,0.0,5.469225473615582,0.0571814197723097,34.5,-0.36572252349726897,-3.0
2023-04-24,306.0,0.0,15.05,0.0,4.648841652573244,0.04860420680646324,37.625,-0.3816892202666588,-8.0
2023-04-25,299.0,0.4,13.3,0.4,4.351515404687258,0.0454956246001321,33.25,-0.39754281428255595,-7.0
2023-04-26,295.0,3.4,5.46,3.4,7.098788093984169,0.0742186958345382,13.65,-0.4132786077829042,-4.0
2023-04-27,293.0,0.0,5.97,0.0,6.033969879886543,0.06308589145935747,14.924999999999999,-0.4288919379124835,-2.0
2023-04-28,292.0,0.0,5.14,0.0,5.128874397903561,0.053623007740453844,12.85,-0.4443781781046132,-1.0
2023-04-29,289.0,0.0,8.47,0.0,4.359543238218027,0.04557955657938577,21.175,-0.45973273945210397,-3.0
2023-04-30,291.0,2.0,8.1,2.0,5.705611752485323,0.05965286716566962,20.25,-0.47495107206704995,2.0
2023-05-01,294.0,0.0,7.7,0.0,4.849769989612525,0.05070493709081918,19.25,-0.49002866642905923,3.0
2023-05-02,292.0,2.2,10.35,2.2,6.322304491170646,0.0661004650077072,25.875,-0.5049610547215204,-2.0
2023-05-03,292.0,0.0,7.53,0.0,5.3739588174950494,0.05618539525655112,18.825,-0.5197438121555155,0.0
2023-05-04,290.0,0.0,7.8,0.0,4.567864994870792,0.04775758596806845,19.5,-0.5343725582809787,-2.0
2023-05-05,287.0,0.0,6.03,0.0,3.882685245640173,0.04059394807285818,15.075000000000001,-0.548842958284719,-3.0
2023-05-06,287.0,0.0,6.42,0.0,3.300282458794147,0.03450485586192945,16.05,-0.5631507242749186,0.0
2023-05-07,284.0,0.0,7.3,0.0,2.8052400899750247,0.029329127482640032,18.25,-0.5772916165517272,-3.0
2023-05-08,283.0,0.0,8.78,0.0,2.384454076478771,0.02492975836024403,21.95,-0.5912614448635781,-1.0
2023-05-09,279.0,0.0,10.53,0.0,2.0267859650069555,0.021190294606207426,26.325,-0.6050560696488488,-4.0
2023-05-10,275.0,0.0,11.42,0.0,1.722768070255912,0.01801175041527631,28.55,-0.6186714032625031,-4.0
2023-05-11,270.0,0.0,12.07,0.0,1.4643528597175253,0.015309987852984864,30.175,-0.6321034111873487,-5.0
2023-05-12,269.0,0.0,15.13,0.0,1.2446999307598965,0.013013489675037135,37.825,-0.6453481132295501,-1.0
2023-05-13,266.0,0.0,17.18,0.0,1.057994941145912,0.011061466223781563,42.95,-0.6584015846980488,-3.0
2023-05-14,264.0,0.0,18.68,0.0,0.8992956999740251,0.00940224629021433,46.7,-0.6712599575675313,-2.0
2023-05-15,261.0,1.1,18.76,1.1,1.8644013449779213,0.019492543586937625,46.900000000000006,-0.6839194216246106,-3.0
2023-05-16,260.0,2.6,13.73,2.6,4.184741143231233,0.04375197934404621,34.325,-0.6963762255968722,-1.0
2023-05-17,264.0,24.6,10.71,24.6,28.15702997174655,0.29438518454269746,26.775000000000002,-0.7086266782644596,4.0
2023-05-18,264.0,0.5,10.17,0.5,24.433475475984565,0.25545496787959077,25.425,-0.7206671495538609,0.0
2023-05-19,264.0,0.0,13.59,0.0,20.76845415458688,0.21713672269765213,33.975,-0.7324940716135789,0.0
2023-05-20,262.0,0.0,15.6,0.0,17.65318603139885,0.18456621429300432,39.0,-0.7441039398713607,-2.0
2023-05-21,260.0,0.0,15.12,0.0,15.005208126689022,0.15688128214905367,37.8,-0.7554933140726803,-2.0
2023-05-22,259.0,0.0,15.72,0.0,12.754426907685668,0.1333490898266956,39.300000000000004,-0.766658819300159,-1.0
2023-05-23,257.0,0.0,17.25,0.0,10.841262871532818,0.11334672635269127,43.125,-0.777597146973627,-2.0
2023-05-24,256.0,0.0,18.86,0.0,9.215073440802895,0.09634471739978757,47.15,-0.7883050558305255,-1.0
2023-05-25,254.0,0.0,19.23,0.0,7.83281242468246,0.08189300978981943,48.075,-0.7987793728863649,-2.0
2023-05-26,253.0,0.0,14.56,0.0,6.657890560980091,0.06960905832134652,36.4,-0.8090169943749473,-1.0
2023-05-27,251.0,0.0,10.89,0.0,5.659206976833077,0.059167699573144536,27.225,-0.8190148866680801,-2.0
2023-05-28,251.0,0.0,12.85,0.0,4.810325930308116,0.05029254463717286,32.125,-0.8287700871745037,0.0
2023-05-29,249.0,0.0,15.56,0.0,4.088777040761898,0.04274866294159693,38.9,-0.8382797052177743,-2.0
2023-05-30,249.0,0.0,15.28,0.0,3.475460484647613,0.036336363500357384,38.199999999999996,-0.8475409228928311,0.0
2023-05-31,250.0,0.0,14.31,0.0,2.954141411950471,0.030885908975303775,35.775,-0.8565509959010036,1.0
2023-06-01,251.0,0.6,15.32,0.6,3.1110202001579004,0.032526095850965726,38.3,-0.865307254363206,1.0
2023-06-02,248.0,1.9,9.28,1.9,4.544367170134215,0.047511913342853,23.2,-0.8738071036110808,-3.0
2023-06-03,247.0,0.0,9.17,0.0,3.862712094614083,0.04038512634142505,22.925,-0.8820480249558537,-1.0
2023-06-04,241.0,0.0,12.7,0.0,3.2833052804219705,0.03432735739021129,31.75,-0.8900275764346767,-6.0
2023-06-05,239.0,0.0,13.35,0.0,2.7908094883586747,0.029178253781679597,33.375,-0.8977433935342337,-2.0
2023-06-06,236.0,0.0,16.35,0.0,2.3721880651048735,0.024801515714427656,40.875,-0.9051931898913974,-3.0
2023-06-07,236.0,0.0,19.03,0.0,2.016359855339142,0.021081288357263504,47.575,-0.9123747579707273,0.0
2023-06-08,234.0,0.0,20.28,0.0,1.713905877038271,0.01791909510367398,50.7,-0.9192859697186104,-2.0
2023-06-09,232.0,0.0,19.62,0.0,1.4568199954825303,0.015231230838122884,49.050000000000004,-0.9259247771938498,-2.0
2023-06-10,230.0,0.0,16.07,0.0,1.2382969961601507,0.01294654621240445,40.175,-0.9322892131745133,-2.0
2023-06-11,229.0,0.0,15.29,0.0,1.052552446736128,0.011004564280543782,38.224999999999994,-0.9383773917408641,-1.0
2023-06-12,228.0,0.1,14.7,0.1,0.9946695797257088,0.0103993918421218,36.75,-0.9441875088341993,-1.0
2023-06-13,226.0,0.0,17.72,0.0,0.8454691427668525,0.00883948306580353,44.3,-0.9497178427914316,-2.0
2023-06-14,226.0,0.0,17.75,0.0,0.7186487713518246,0.007513560605933001,44.375,-0.9549667548552551,0.0
2023-06-15,225.0,4.7,19.05,4.7,5.310851455649051,0.055525600087043596,47.625,-0.9599326896597447,-1.0
2023-06-16,225.0,1.3,19.48,1.3,5.814223737301694,0.060788418721561675,48.7,-0.9646141756912435,0.0
2023-06-17,225.0,5.6,19.53,5.6,10.542090176706438,0.11021883931826422,48.825,-0.9690098257244062,0.0
2023-06-18,224.0,2.0,19.97,2.0,10.960776650200472,0.11459625749371631,49.925,-0.9731183372332619,-1.0
2023-06-19,223.0,0.0,18.97,0.0,9.316660152670401,0.09740681886965886,47.425,-0.9769384927771817,-1.0
2023-06-20,224.0,0.0,20.89,0.0,7.919161129769841,0.08279579603921003,52.225,-0.980469160361632,1.0
2023-06-21,226.0,0.0,22.58,0.0,6.731286960304365,0.07037642663332852,56.449999999999996,-0.9837092937736097,2.0
2023-06-22,224.0,0.1,20.48,0.1,5.82159391625871,0.06086547484198883,51.2,-0.986657932891657,-2.0
2023-06-23,224.0,0.0,19.56,0.0,4.9483548288199035,0.051735653615690505,48.9,-0.9893142039703663,0.0
2023-06-24,225.0,0.0,20.9,0.0,4.206101604496918,0.043975305573336926,52.25,-0.99167731989929,1.0
2023-06-25,224.0,1.5,18.3,1.5,5.07518636382238,0.05306169279223018,45.75,-0.993746580436178,-1.0
2023-06-26,222.0,0.1,17.4,0.1,4.413908409249022,0.04614795107705523,43.5,-0.9955213724144752,-2.0
2023-06-27,221.0,11.0,16.77,11.0,14.751822147861668,0.1542321008180514,41.925,-0.9970011699250151,-1.0
2023-06-28,223.0,6.2,15.95,6.2,18.739048825682417,0.195919042322238,39.875,-0.9981855344718586,2.0
2023-06-29,224.0,0.5,18.94,0.5,16.428191501830057,0.17175874699220026,47.35,-0.99907411510223,1.0
2023-06-30,224.0,0.0,20.05,0.0,13.963962776555547,0.1459949349433702,50.125,-0.9996666485105112,0.0
2023-07-01,223.0,1.3,17.93,1.3,13.169368360072216,0.1376873533494393,44.825,-0.9999629591162655,-1.0
2023-07-02,223.0,2.7,15.9,2.7,13.893963106061385,0.14526307984583225,39.75,-0.9999629591162655,0.0
2023-07-03,223.0,0.0,17.24,0.0,11.809868640152176,0.1234736178689574,43.099999999999994,-0.9996666485105112,0.0
2023-07-04,222.0,0.1,19.21,0.1,10.13838834412935,0.10599808739227337,48.025000000000006,-0.99907411510223,-1.0
2023-07-05,221.0,0.0,19.36,0.0,8.617630092509946,0.09009837428343236,48.4,-0.9981855344718586,-1.0
2023-07-06,221.0,1.3,18.73,1.3,8.624985578633455,0.09017527678849212,46.825,-0.9970011699250151,0.0
2023-07-07,224.0,0.0,17.43,0.0,7.331237741838436,0.0766489852702183,43.575,-0.9955213724144752,3.0
2023-07-08,222.0,0.0,17.95,0.0,6.23155208056267,0.06515163747968555,44.875,-0.9937465804361781,-2.0
2023-07-09,221.0,0.5,17.45,0.5,5.796819268478269,0.06060645287603064,43.625,-0.99167731989929,-1.0
2023-07-10,219.0,0.0,16.09,0.0,4.927296378206528,0.051515484944626044,40.225,-0.9893142039703664,-2.0
2023-07-11,217.0,0.0,15.51,0.0,4.1882019214755495,0.04378816220293214,38.775,-0.9866579328916572,-2.0
2023-07-12,215.0,0.0,19.15,0.0,3.559971633254217,0.037219937872492316,47.875,-0.9837092937736098,-2.0
2023-07-13,214.0,0.5,20.99,0.5,3.5259758882660845,0.0368645082099164,52.474999999999994,-0.9804691603616321,-1.0
2023-07-14,213.0,0.0,19.03,0.0,2.997079505026172,0.03133483197842894,47.575,-0.9769384927771817,-1.0
2023-07-15,212.0,0.0,18.91,0.0,2.547517579272246,0.0266346071816646,47.275,-0.973118337233262,-1.0
2023-07-16,211.0,0.0,24.5,0.0,2.165389942381409,0.02263941610441491,61.25,-0.9690098257244063,-1.0
2023-07-17,211.0,0.5,23.3,0.5,2.340581451024198,0.024471064707050603,58.25,-0.9646141756912435,0.0
2023-07-18,219.0,21.3,16.98,21.3,23.28949423337057,0.24349450438048484,42.45,-0.9599326896597445,8.0
2023-07-19,216.0,0.0,16.31,0.0,19.796070098364982,0.2069703287234121,40.775,-0.9549667548552553,-3.0
2023-07-20,215.0,0.0,16.99,0.0,16.826659583610233,0.17592477941490026,42.474999999999994,-0.9497178427914317,-1.0
2023-07-21,217.0,0.0,16.53,0.0,14.302660646068698,0.1495360625026652,41.325,-0.9441875088341994,2.0
2023-07-22,218.0,6.0,15.7,6.0,18.15726154915839,0.18983638534684058,39.25,-0.9383773917408642,1.0
2023-07-23,217.0,1.1,15.75,1.1,16.53367231678463,0.17286156178506992,39.375,-0.9322892131745134,-1.0
2023-07-24,220.0,0.5,19.09,0.5,14.553621469266936,0.15215988853560736,47.725,-0.9259247771938499,3.0
2023-07-25,219.0,0.0,21.24,0.0,12.370578248876896,0.12933590525526625,53.099999999999994,-0.9192859697186105,-1.0
2023-07-26,217.0,0.0,18.31,0.0,10.514991511545361,0.10993551946697631,45.775,-0.9123747579707274,-2.0
2023-07-27,217.0,6.5,14.31,6.5,15.437742784813556,0.16140348478480296,35.775,-0.9051931898913975,0.0
2023-07-28,217.0,2.0,16.35,2.0,15.122081367091523,0.15810320614027423,40.875,-0.8977433935342336,0.0
2023-07-29,218.0,0.1,18.62,0.1,12.953769162027793,0.13543323742289268,46.550000000000004,-0.8900275764346766,1.0
2023-07-30,219.0,9.9,16.39,9.9,20.910703787723627,0.2186239599717578,40.975,-0.8820480249558535,1.0
2023-07-31,220.0,1.1,18.2,1.1,18.874098219565084,0.1973310002162496,45.5,-0.8738071036110807,1.0
2023-08-01,219.0,0.3,19.99,0.3,16.34298348663032,0.1708678867947909,49.974999999999994,-0.8653072543632061,-1.0
2023-08-02,219.0,4.1,18.83,4.1,17.99153596363577,0.18810370412561525,47.074999999999996,-0.8565509959010037,0.0
2023-08-03,221.0,0.9,18.94,0.9,16.192805569090403,0.16929775833970923,47.35,-0.8475409228928312,2.0
2023-08-04,219.0,0.0,20.06,0.0,13.763884733726842,0.14390309458875283,50.15,-0.8382797052177745,-2.0
2023-08-05,223.0,22.9,19.9,22.9,34.59930202366782,0.3617399250384851,49.75,-0.828770087174504,4.0
2023-08-06,224.0,0.0,26.61,0.0,29.409406720117644,0.30747893628271233,66.525,-0.8190148866680802,1.0
2023-08-07,232.0,58.2,18.29,58.2,83.1979957121,0.8698451983701845,45.724999999999994,-0.8090169943749472,8.0
2023-08-08,233.0,0.0,14.72,0.0,70.71829635528499,0.7393684186146567,36.800000000000004,-0.7987793728863648,1.0
2023-08-09,231.0,1.8,15.2,1.8,61.910551901992235,0.6472823754883308,38.0,-0.7883050558305253,-2.0
2023-08-10,232.0,0.3,16.31,0.3,52.9239691166934,0.5533265557760598,40.775,-0.7775971469736268,1.0
2023-08-11,234.0,4.8,16.7,4.8,49.78537374918938,0.5205121581853109,41.75,-0.7666588193001592,2.0
2023-08-12,233.0,0.0,16.88,0.0,42.317567686810975,0.4424353344575143,42.199999999999996,-0.7554933140726804,-1.0
2023-08-13,231.0,0.0,19.36,0.0,35.969932533789326,0.37607003428888713,48.4,-0.7441039398713608,-2.0
2023-08-14,230.0,0.0,19.38,0.0,30.574442653720926,0.31965952914555407,48.449999999999996,-0.7324940716135792,-1.0
2023-08-15,229.0,0.0,23.87,0.0,25.988276255662786,0.2717105997737209,59.675000000000004,-0.7206671495538615,-1.0
2023-08-16,228.0,0.0,26.0,0.0,22.090034817313366,0.23095400980766279,65.0,-0.7086266782644601,-1.0
2023-08-17,226.0,0.0,26.23,0.0,18.77652959471636,0.19631090833651335,65.575,-0.6963762255968726,-2.0
2023-08-18,225.0,0.0,25.27,0.0,15.960050155508906,0.16686427208603635,63.175,-0.6839194216246105,-1.0
2023-08-19,224.0,0.0,23.89,0.0,13.56604263218257,0.1418346312731309,59.725,-0.6712599575675315,-1.0
2023-08-20,226.0,0.0,23.49,0.0,11.531136237355184,0.12055943658216126,58.724999999999994,-0.6584015846980489,2.0
2023-08-21,226.0,0.0,19.81,0.0,9.801465801751906,0.10247552109483705,49.525,-0.64534811322955,0.0
2023-08-22,225.0,0.0,18.09,0.0,8.33124593148912,0.08710419293061149,45.225,-0.6321034111873488,-1.0
2023-08-23,223.0,0.0,18.15,0.0,7.081559041765751,0.07403856399101977,45.375,-0.6186714032625032,-2.0
2023-08-24,222.0,0.6,16.55,0.6,6.619325185500888,0.06920585261432431,41.375,-0.6050560696488494,-1.0
2023-08-25,223.0,0.0,18.66,0.0,5.626426407675755,0.05882497472217566,46.65,-0.5912614448635782,1.0
2023-08-26,225.0,19.4,21.0,19.4,24.18246244652439,0.252830596023809,52.5,-0.5772916165517278,2.0
2023-08-27,226.0,0.0,20.87,0.0,20.55509307954573,0.21490600662023762,52.175000000000004,-0.5631507242749187,1.0
2023-08-28,227.0,0.2,19.49,0.2,17.67182911761387,0.18476113003452116,48.724999999999994,-0.5488429582847199,1.0
2023-08-29,228.0,0.7,18.7,0.7,15.72105474997179,0.16436554595496009,46.75,-0.5343725582809785,1.0
2023-08-30,229.0,5.4,22.55,5.4,18.762896537476024,0.19616837305933374,56.375,-0.5197438121555157,1.0
2023-08-31,231.0,3.7,17.43,3.7,19.64846205685462,0.20542706863583834,43.575,-0.5049610547215202,2.0
2023-09-01,233.0,0.6,14.72,0.6,17.30119274832643,0.18088608156242014,36.800000000000004,-0.4900286664290594,2.0
2023-09-02,235.0,0.2,15.7,0.2,14.906013836077463,0.15584419373537628,39.25,-0.4749510720670502,2.0
2023-09-03,235.0,0.0,15.35,0.0,12.670111760665844,0.13246756467506982,38.375,-0.4597327394521046,0.0
2023-09-04,234.0,0.0,14.52,0.0,10.769594996565967,0.11259742997380935,36.3,-0.44437817810461344,-1.0
2023-09-05,233.0,0.0,17.35,0.0,9.154155747081072,0.09570781547773795,43.375,-0.4288919379124841,-1.0
2023-09-06,232.0,0.0,17.52,0.0,7.781032385018911,0.08135164315607725,43.8,-0.41327860778290443,-1.0
2023-09-07,231.0,0.0,14.95,0.0,6.613877527266074,0.06914889668266566,37.375,-0.3975428142825566,-1.0
2023-09-08,230.0,0.0,15.4,0.0,5.621795898176162,0.05877656218026581,38.5,-0.3816892202666586,-1.0
2023-09-09,229.0,0.0,16.63,0.0,4.778526513449738,0.04996007785322594,41.574999999999996,-0.3657225234972692,-1.0
2023-09-10,228.0,0.0,16.94,0.0,4.061747536432278,0.042466066175242054,42.35,-0.34964745525122826,-1.0
2023-09-11,228.0,0.0,18.77,0.0,3.452485405967436,0.03609615624895574,46.925,-0.33346877891818705,0.0
2023-09-12,228.0,0.0,19.37,0.0,2.9346125950723203,0.030681732811612378,48.425000000000004,-0.31719128858910595,0.0
2023-09-13,227.0,0.0,20.68,0.0,2.4944207058114722,0.02607947288987052,51.7,-0.300819807635668,-1.0
2023-09-14,226.0,1.4,15.62,1.4,3.520257599939751,0.036804722807624146,39.05,-0.2843591872810036,-1.0
2023-09-15,224.0,0.0,12.02,0.0,2.9922189599487883,0.03128401438648052,30.049999999999997,-0.26781430516217486,-2.0
2023-09-16,222.0,0.0,13.01,0.0,2.54338611595647,0.026591412228508443,32.525,-0.25119006388481957,-2.0
2023-09-17,221.0,0.0,15.72,0.0,2.1618781985629996,0.022602700394232178,39.300000000000004,-0.23449138957041052,-1.0
2023-09-18,220.0,0.0,18.97,0.0,1.8375964687785495,0.01921229533509735,47.425,-0.21772323039653224,-1.0
2023-09-19,220.0,0.0,18.94,0.0,1.5619569984617672,0.016330451034832747,47.35,-0.20089055513063528,0.0
2023-09-20,220.0,0.0,16.77,0.0,1.327663448692502,0.013880883379607835,41.925,-0.18399835165767986,0.0
2023-09-21,221.0,0.0,17.26,0.0,1.1285139313886268,0.01179875087266666,43.150000000000006,-0.1670516255021195,1.0
2023-09-22,219.0,0.0,20.46,0.0,0.9592368416803327,0.01002893824176666,51.150000000000006,-0.15005539834465262,-2.0
2023-09-23,224.0,22.0,18.73,22.0,22.815351315428284,0.23853728231061058,46.825,-0.13301470653419636,5.0
2023-09-24,227.0,0.0,14.49,0.0,19.39304861811404,0.202756689964019,36.225,-0.11593459959550066,3.0
2023-09-25,225.0,0.0,12.19,0.0,16.484091325396935,0.17234318646941615,30.474999999999998,-0.09882013873287211,-2.0
2023-09-26,223.0,0.0,15.3,0.0,14.011477626587395,0.14649170849900373,38.25,-0.08167639533042288,-2.0
2023-09-27,222.0,0.0,17.82,0.0,11.909755982599284,0.12451795222415316,44.55,-0.06450844944931625,-1.0
2023-09-28,223.0,0.0,17.6,0.0,10.123292585209391,0.10584025939053018,44.0,-0.04732138832243232,1.0
2023-09-29,221.0,0.0,17.2,0.0,8.604798697427983,0.08996422048195066,43.0,-0.03012030484690836,-2.0
2023-09-30,219.0,0.2,13.95,0.2,7.514078892813785,0.07856061181697722,34.875,-0.012910296075008843,-2.0
2023-10-01,219.0,0.0,12.14,0.0,6.386967058891718,0.06677652004443065,30.35,0.004303538296243821,0.0
2023-10-02,221.0,0.0,12.25,0.0,5.42892200005796,0.056760042037766044,30.625,0.021516097436222233,2.0
2023-10-03,222.0,0.0,17.36,0.0,4.614583700049266,0.04824603573210114,43.4,0.03872228089217399,1.0
2023-10-04,226.0,8.5,12.66,8.5,12.422396145041876,0.12987766768335077,31.65,0.05591699010060302,4.0
2023-10-05,226.0,2.7,10.67,2.7,13.259036723285593,0.13862484702965697,26.675,0.07309512989807776,0.0
2023-10-06,226.0,1.0,9.86,1.0,12.270181214792753,0.12828624201180427,24.65,0.0902516100310407,0.0
2023-10-07,231.0,2.7,10.59,2.7,13.12965403257384,0.13727213520884243,26.475,0.10738134666416306,5.0
2023-10-08,229.0,0.0,5.2,0.0,11.160205927687763,0.11668131492751607,13.0,0.12447926388678869,-2.0
2023-10-09,228.0,0.6,4.53,0.6,10.086175038534597,0.10545219091034616,11.325000000000001,0.141540295217043,-1.0
2023-10-10,227.0,0.0,5.02,0.0,8.573248782754407,0.08963436227379423,12.549999999999999,0.15855938510313475,-1.0
2023-10-11,228.0,0.0,9.36,0.0,7.2872614653412455,0.07618920793272509,23.4,0.17553149042142777,1.0
2023-10-12,232.0,5.6,12.28,5.6,11.794172245540057,0.12330951014775313,30.7,0.19245158197082995,4.0
2023-10-13,233.0,0.2,9.98,0.2,10.225046408709048,0.10690410803290933,24.950000000000003,0.20931464596304888,1.0
2023-10-14,231.0,0.9,14.39,0.9,9.59128944740269,0.1002781016609092,35.975,0.22611568550828803,-2.0
2023-10-15,233.0,0.3,7.72,0.3,8.452596030292288,0.08837292302275158,19.3,0.2428497220959358,2.0
2023-10-16,232.0,0.8,6.05,0.8,7.984706625748444,0.08348108219861552,15.125,0.25951179706979943,-1.0
2023-10-17,232.0,0.0,5.93,0.0,6.787000631886177,0.07095891986882319,14.825,0.27609697309746883,0.0
2023-10-18,232.0,10.3,5.48,10.3,16.06895053710325,0.16800283886543707,13.700000000000001,0.2926003356333479,0.0
2023-10-19,234.0,0.0,2.61,0.0,13.658607956537763,0.1428024130356215,6.5249999999999995,0.30901699437494723,2.0
2023-10-20,231.0,0.5,1.84,0.5,12.109816763057099,0.1266096120985762,4.6000000000000005,0.3253420847119795,-3.0
2023-10-21,233.0,8.1,4.68,8.1,18.39334424859853,0.19230465878021621,11.7,0.341570769167856,2.0
2023-10-22,239.0,30.9,7.74,30.9,46.53434261130875,0.4865222308939959,19.35,0.35769823883312546,6.0
2023-10-23,245.0,12.0,8.45,12.0,51.55419121961244,0.5390053606990468,21.125,0.3737197147904692,6.0
2023-10-24,248.0,0.0,7.06,0.0,43.821062536670574,0.4581545565941898,17.65,0.38963044953078774,3.0
2023-10-25,252.0,21.6,6.17,21.6,58.84790315616999,0.615262009095532,15.425,0.4054257283599973,4.0
2023-10-26,256.0,2.0,1.56,2.0,52.02071768274449,0.5438829518043938,3.9000000000000004,0.42110087079608916,4.0
2023-10-27,258.0,0.0,2.39,0.0,44.217610030332814,0.4623005090337347,5.9750000000000005,0.4366512319560638,2.0
2023-10-28,258.0,0.2,1.05,0.2,37.784968525782894,0.39504645708599373,2.625,0.45207220393230374,0.0
2023-10-29,257.0,1.8,2.12,1.8,33.917223246915455,0.35460870818896717,5.300000000000001,0.46735921715800205,-1.0
2023-10-30,258.0,2.4,9.98,2.4,31.229639759878136,0.32650969484845216,24.950000000000003,0.48250774176121763,1.0
2023-10-31,258.0,0.2,11.2,0.2,26.745193795896416,0.27962426502850346,28.0,0.4975132889071803,0.0
2023-11-01,255.0,0.4,8.08,0.4,23.13341472651195,0.24186267408886628,20.2,0.5123714121284235,-3.0
2023-11-02,255.0,0.0,5.75,0.0,19.663402517535157,0.20558327297553633,14.375,0.5270777086423724,0.0
2023-11-03,251.0,0.2,8.62,0.2,16.91389213990488,0.17683680643652502,21.549999999999997,0.5416278206559811,-4.0
2023-11-04,252.0,3.9,8.07,3.9,18.276808318919148,0.1910862614137701,20.175,0.5560174366570446,1.0
2023-11-05,249.0,2.1,6.77,2.1,17.635287071081276,0.1843790784785559,16.924999999999997,0.5702422926917867,-3.0
2023-11-06,252.0,7.4,8.38,7.4,22.389994010419084,0.23409011977758187,20.950000000000003,0.5842981736283683,3.0
2023-11-07,253.0,0.5,8.11,0.5,19.53149490885622,0.20420416282924253,20.275,0.5981809144059159,1.0
2023-11-08,254.0,0.5,6.37,0.5,17.10177067252779,0.1788010994231541,15.925,0.6118864012687242,1.0
2023-11-09,256.0,0.5,5.94,0.5,15.03650507164862,0.1572084955279789,14.850000000000001,0.6254105729852457,2.0
2023-11-10,255.0,0.0,5.27,0.0,12.781029310901326,0.13362722119878206,13.174999999999999,0.6387494220515268,-1.0
2023-11-11,257.0,0.1,5.37,0.1,10.963874914266126,0.11462865022262432,13.425,0.6518989958787125,2.0
2023-11-12,254.0,1.2,5.25,1.2,10.519293677126207,0.1099804991331457,13.125,0.6648553979642867,-3.0
2023-11-13,255.0,1.1,4.6,1.1,10.041399625557275,0.10498405850342929,11.5,0.6776147890466887,1.0
2023-11-14,256.0,0.1,3.19,0.1,8.635189681723684,0.09028196193157448,7.975,0.690173388242972,1.0
2023-11-15,257.0,1.8,2.43,1.8,9.139911229465131,0.09555888730771085,6.075,0.7025274741691566,1.0
2023-11-16,255.0,0.0,0.68,0.0,7.768924545045361,0.08122505421155422,1.7000000000000002,0.7146733860429608,-2.0
2023-11-17,257.0,0.7,-0.33,0.7,7.303585863288557,0.0763598815054382,0.0,0.726607524768565,2.0
2023-11-18,254.0,0.0,-1.34,0.0,6.208047983795273,0.06490589927962245,0.0,0.7383263540031063,-3.0
2023-11-19,253.0,0.0,-0.55,0.0,5.276840786225982,0.05517001438767909,0.0,0.749826401204568,-1.0
2023-11-20,252.0,0.0,-1.54,0.0,4.485314668292085,0.04689451222952722,0.0,0.7611042586607742,-1.0
2023-11-21,252.0,0.0,-3.8,0.0,3.812517468048272,0.03986033539509814,0.0,0.7721565844991641,0.0
2023-11-22,250.0,0.0,-5.98,0.0,3.240639847841031,0.033881285085833414,0.0,0.7829801036770625,-2.0
2023-11-23,250.0,16.4,0.13,16.4,19.154543870664874,0.20026309372313048,0.325,0.7935716089521472,0.0
2023-11-24,253.0,2.1,0.87,2.1,18.381362290065145,0.19217938594151224,2.175,0.8039279618328208,3.0
2023-11-25,255.0,1.9,-0.8,1.9,17.524157946555373,0.18321720991981755,0.0,0.8140460935082175,2.0
2023-11-26,257.0,0.4,-4.77,0.4,15.295534254572067,0.15991667724648323,0.0,0.8239230057575536,2.0
2023-11-27,257.0,0.0,-6.36,0.0,13.001204116386257,0.13592917565951076,0.0,0.8335557718385695,0.0
2023-11-28,256.0,0.0,-6.37,0.0,11.051023498928318,0.11553979931058414,0.0,0.8429415373547832,-1.0
2023-11-29,257.0,4.0,-6.78,4.0,13.39336997408907,0.14002931756037995,0.0,0.8520775211013093,1.0
2023-11-30,254.0,0.0,-5.24,0.0,11.38436447797571,0.11902491992632297,0.0,0.8609610158889945,-3.0
2023-12-01,252.0,0.0,-4.14,0.0,9.676709806279353,0.10117118193737452,0.0,0.8695893893466109,-2.0
2023-12-02,245.0,0.0,-3.06,0.0,8.22520333533745,0.08599550464676835,0.0,0.8779600847008883,-7.0
2023-12-03,242.0,1.8,-5.42,1.8,8.791422835036833,0.09191539861562564,0.0,0.8860706215341377,-3.0
2023-12-04,248.0,1.5,-2.55,1.5,8.97270940978131,0.0938107718781756,0.0,0.893918596519257,6.0
2023-12-05,251.0,0.2,-3.5,0.2,7.826802998314113,0.08183018050376843,0.0,0.9015016841318838,3.0
2023-12-06,252.0,0.0,-5.61,0.0,6.652782548566996,0.06955565342820316,0.0,0.9088176373395028,1.0
2023-12-07,251.0,0.0,-4.4,0.0,5.6548651662819465,0.05912230541397269,0.0,0.9158642882672868,-1.0
2023-12-08,251.0,0.0,-5.5,0.0,4.806635391339654,0.05025395960187678,0.0,0.9226395488404875,0.0
2023-12-09,252.0,1.2,-4.98,1.2,5.2856400826387056,0.055262012105510294,0.0,0.9291414114031743,1.0
2023-12-10,254.0,0.7,-3.1,0.7,5.1927940702429,0.05429129571530085,0.0,0.935367949313148,2.0
2023-12-11,252.0,4.2,-2.26,4.2,8.613874959706465,0.09005911391170833,0.0,0.941317317512847,-2.0
2023-12-12,253.0,3.9,0.25,3.9,11.221793715750495,0.11732522276767594,0.625,0.946987753076075,1.0
2023-12-13,258.0,0.2,0.11,0.2,9.73852465838792,0.10181746375984371,0.275,0.9523775757303973,5.0
2023-12-14,258.0,5.5,-0.02,5.5,13.777745959629732,0.14404801539714437,0.0,0.9574851883550389,0.0
2023-12-15,256.0,0.0,-2.58,0.0,11.711084065685272,0.12244081308757272,0.0,0.9623090774541487,-2.0
2023-12-16,252.0,0.8,1.93,0.8,10.754421455832482,0.1124387887537135,4.825,0.9668478136052773,-4.0
2023-12-17,260.0,5.2,5.28,5.2,14.341258237457609,0.14993960503095494,13.200000000000001,0.9711000518829505,8.0
2023-12-18,276.0,1.4,5.83,1.4,13.590069501838968,0.1420858351275459,14.575,0.9750645322571945,16.0
2023-12-19,292.0,3.4,5.9,3.4,14.951559076563123,0.15632037478283994,14.75,0.9787400799669153,16.0
2023-12-20,299.0,2.3,3.03,2.3,15.008825215078655,0.15691909924958444,7.574999999999999,0.9821256058680006,7.0
2023-12-21,306.0,3.7,1.58,3.7,16.45750143281686,0.17206518589755146,3.95,0.9852201067560606,7.0
2023-12-22,309.0,2.4,1.42,2.4,16.388876217894328,0.1713477009007488,3.55,0.9880226656636976,3.0
2023-12-23,310.0,3.5,-0.03,3.5,17.43054478521018,0.182238472893722,0.0,0.9905324521322227,1.0
2023-12-24,311.0,1.1,-0.91,1.1,15.915963067428653,0.16640333619991915,0.0,0.9927487224577402,1.0
2023-12-25,313.0,6.0,2.93,6.0,19.528568607314355,0.20417356798950642,7.325,0.9946708199115211,2.0
2023-12-26,319.0,5.7,2.23,5.7,22.2992833162172,0.23314172839967684,5.575,0.9962981749346077,6.0
2023-12-27,327.0,0.9,1.5,0.9,19.854390818784616,0.20758007897266154,3.75,0.9976303053065857,8.0
2023-12-28,330.0,0.2,1.0,0.2,17.076232195966924,0.17853409153408148,2.5,0.9986668162884759,3.0
2023-12-29,329.0,1.7,4.53,1.7,16.214797366571887,0.16952768526618225,11.325000000000001,0.9994074007397048,-1.0
2023-12-30,329.0,3.9,3.98,3.9,17.682577761586103,0.18487350841897876,9.95,0.9998518392091162,0.0
2023-12-31,327.0,0.5,1.22,0.5,15.530191097348187,0.16237004317442985,3.05,1.0,-2.0
2024-01-01,326.0,0.0,-2.07,0.0,13.200662432745958,0.13801453669826538,0.0,0.9998518392091162,-1.0
2024-01-02,324.0,0.0,-7.95,0.0,11.220563067834064,0.11731235619352556,0.0,0.9994074007397048,-2.0
2024-01-03,318.0,0.2,-9.87,0.2,9.737478607658954,0.1018065271718159,0.0,0.998666816288476,-6.0
2024-01-04,310.0,3.6,-9.13,3.6,11.87685681651011,0.1241739874277886,0.0,0.9976303053065857,-8.0
2024-01-05,300.0,1.6,-8.3,1.6,11.695328294033592,0.12227608457217368,0.0,0.9962981749346078,-10.0
2024-01-06,287.0,0.0,-9.57,0.0,9.941029049928552,0.10393467188634761,0.0,0.9946708199115211,-13.0
2024-01-07,286.0,0.0,-17.91,0.0,8.44987469243927,0.08834447110339547,0.0,0.9927487224577402,-1.0
2024-01-08,275.0,0.0,-18.64,0.0,7.182393488573379,0.07509280043788615,0.0,0.9905324521322229,-11.0
2024-01-09,243.0,0.4,-5.57,0.4,6.505034465287372,0.06801092918684157,0.0,0.9880226656636976,-32.0
2024-01-10,257.0,0.9,0.34,0.9,6.429279295494267,0.06721889964175161,0.8500000000000001,0.9852201067560606,14.0
2024-01-11,268.0,0.9,-1.18,0.9,6.364887401170127,0.06654567452842515,0.0,0.9821256058680006,11.0
2024-01-12,289.0,5.0,-6.49,5.0,10.410154290994608,0.10883943353214068,0.0,0.9787400799669153,21.0
2024-01-13,297.0,0.1,-9.38,0.1,8.948631147345417,0.09355903070597915,0.0,0.9750645322571948,8.0
2024-01-14,294.0,5.4,-2.94,5.4,13.006336475243604,0.13598283509769993,0.0,0.9711000518829505,-3.0
2024-01-15,296.0,5.5,-0.57,5.5,16.55538600395706,0.17308858103432215,0.0,0.9668478136052775,2.0
2024-01-16,298.0,3.1,-6.49,3.1,17.172078103363503,0.179536172192621,0.0,0.9623090774541486,2.0
2024-01-17,296.0,0.0,-11.27,0.0,14.596266387858977,0.15260574636372784,0.0,0.9574851883550393,-2.0
2024-01-18,299.0,1.1,-5.33,1.1,13.50682642968013,0.1412155186494241,0.0,0.9523775757303974,3.0
2024-01-19,308.0,0.2,-4.47,0.2,11.68080246522811,0.12212421525932966,0.0,0.9469877530760753,9.0
2024-01-20,309.0,4.9,-3.47,4.9,14.828682095443893,0.15503568094974993,0.0,0.9413173175128471,1.0
2024-01-21,308.0,0.0,-4.57,0.0,12.604379781127308,0.13178032880728743,0.0,0.9353679493131483,-1.0
2024-01-22,320.0,0.5,-1.84,0.5,11.213722813958212,0.11724084050449224,0.0,0.9291414114031743,12.0
2024-01-23,310.0,0.4,1.76,0.4,9.93166439186448,0.10383676324345674,4.4,0.9226395488404876,-10.0
2024-01-24,299.0,8.5,1.9,8.5,16.941914733084808,0.17712978606800303,4.75,0.9158642882672872,-11.0
2024-01-25,307.0,4.6,1.25,4.6,19.000627523122084,0.1986538795261435,3.125,0.9088176373395029,8.0
2024-01-26,318.0,0.3,-1.51,0.3,16.45053339465377,0.17199233420820073,0.0,0.901501684131884,11.0
2024-01-27,319.0,0.0,-1.85,0.0,13.982953385455705,0.1461934840769706,0.0,0.893918596519257,1.0
2024-01-28,318.0,0.2,-0.1,0.2,12.085510377637348,0.1263554858727442,0.0,0.886070621534138,-1.0
2024-01-29,319.0,0.0,0.67,0.0,10.272683820991746,0.10740216299183257,1.675,0.8779600847008882,1.0
2024-01-30,319.0,0.0,0.15,0.0,8.731781247842985,0.09129183854305768,0.375,0.869589389346611,0.0
2024-01-31,316.0,0.1,0.36,0.1,7.522014060666537,0.07864357496525862,0.8999999999999999,0.8609610158889943,-3.0
2024-02-01,316.0,2.2,1.03,2.2,8.593711951566558,0.08984830720098073,2.575,0.8520775211013093,0.0
2024-02-02,315.0,1.7,0.29,1.7,9.004655158831573,0.09414476858304657,0.725,0.8429415373547828,-1.0
2024-02-03,319.0,2.2,3.66,2.2,9.853956885006838,0.10302432177610048,9.15,0.8335557718385699,4.0
2024-02-04,329.0,6.5,2.12,6.5,14.875863352255811,0.15552896674755848,5.300000000000001,0.8239230057575542,10.0
2024-02-05,347.0,6.2,0.32,6.2,18.84448384941744,0.19702137836231906,0.8,0.8140460935082178,18.0
2024-02-06,346.0,4.3,-1.1,4.3,20.317811272004825,0.21242519636533339,0.0,0.8039279618328213,-1.0
2024-02-07,348.0,5.9,-0.44,5.9,23.170139581204104,0.242246636926449,0.0,0.7935716089521474,2.0
2024-02-08,340.0,0.0,-2.93,0.0,19.69461864402349,0.20590964138748163,0.0,0.7829801036770629,-8.0
2024-02-09,335.0,0.0,-1.67,0.0,16.740425847419964,0.17502319517935938,0.0,0.7721565844991642,-5.0
2024-02-10,331.0,0.2,-1.24,0.2,14.429361970306967,0.15086074030977462,0.0,0.7611042586607747,-4.0
2024-02-11,324.0,0.6,0.7,0.6,12.864957674760921,0.13450470248526594,1.75,0.7498264012045686,-7.0
2024-02-12,319.0,0.4,2.07,0.4,11.335214023546783,0.1185110459271144,5.175,0.7383263540031065,-5.0
2024-02-13,320.0,0.4,2.14,0.4,10.034931920014765,0.10491643785268558,5.3500000000000005,0.7266075247685656,1.0
2024-02-14,324.0,0.0,0.8,0.0,8.529692132012551,0.08917897217478274,2.0,0.7146733860429609,4.0
2024-02-15,328.0,0.3,0.77,0.3,7.550238312210668,0.07893866295954409,1.925,0.702527474169157,4.0
2024-02-16,325.0,0.0,2.11,0.0,6.417702565379068,0.06709786351561248,5.2749999999999995,0.6901733882429719,-3.0
2024-02-17,328.0,2.8,2.12,2.8,8.255047180572209,0.08630752569073902,5.300000000000001,0.6776147890466889,3.0
2024-02-18,330.0,0.0,-0.82,0.0,7.016790103486377,0.07336139683712817,0.0,0.6648553979642865,2.0
2024-02-19,329.0,0.2,-1.18,0.2,6.1642715879634205,0.06444821171887812,0.0,0.6518989958787126,-1.0
2024-02-20,325.0,1.7,-0.55,1.7,6.939630849768907,0.07255468742325935,0.0,0.6387494220515272,-4.0
2024-02-21,323.0,2.5,1.39,2.5,8.39868622230357,0.0878092894012601,3.4749999999999996,0.6254105729852463,-2.0
2024-02-22,321.0,1.0,4.37,1.0,8.138883288958034,0.08509301802766693,10.925,0.6118864012687243,-2.0
2024-02-23,326.0,5.3,6.13,5.3,12.218050795614328,0.12774121211747494,15.325,0.5981809144059164,5.0
2024-02-24,336.0,1.6,7.01,1.6,11.985343176272178,0.12530822555840707,17.525,0.5842981736283683,10.0
2024-02-25,346.0,0.0,4.87,0.0,10.187541699831351,0.10651199172464601,12.175,0.5702422926917871,10.0
2024-02-26,354.0,7.6,8.15,7.6,16.25941044485665,0.16999412044407763,20.375,0.5560174366570446,8.0
2024-02-27,369.0,6.9,7.37,6.9,20.72049887812815,0.21663534442997742,18.425,0.5416278206559814,15.0
2024-02-28,382.0,3.9,7.56,3.9,21.512424046408928,0.22491501870820466,18.9,0.5270777086423722,13.0
2024-02-29,387.0,0.0,3.44,0.0,18.28556043944759,0.19117776590197397,8.6,0.5123714121284237,5.0
2024-03-01,387.0,0.0,5.76,0.0,15.542726373530451,0.16250110101667786,14.399999999999999,0.49751328890718066,0.0
2024-03-02,381.0,0.0,5.73,0.0,13.211317417500883,0.13812593586417618,14.325000000000001,0.48250774176121847,-6.0
2024-03-03,374.0,0.0,3.48,0.0,11.22961980487575,0.11740704548454975,8.7,0.46735921715800227,-7.0
2024-03-04,368.0,0.0,1.77,0.0,9.545176834144387,0.09979598866186729,4.425,0.45207220393230435,-6.0
2024-03-05,363.0,0.0,2.55,0.0,8.11340030902273,0.0848265903625872,6.375,0.43665123195606403,-5.0
2024-03-06,357.0,0.0,0.54,0.0,6.89639026266932,0.07210260180819912,1.35,0.4211008707960896,-6.0
2024-03-07,351.0,0.0,-0.15,0.0,5.861931723268922,0.061287211536969255,0.0,0.40542572835999735,-6.0
2024-03-08,345.0,0.0,-0.19,0.0,4.982641964778584,0.05209412980642387,0.0,0.38963044953078796,-6.0
2024-03-09,340.0,0.0,-1.15,0.0,4.235245670061796,0.044280010335460286,0.0,0.37371971479046906,-5.0
2024-03-10,334.0,0.0,0.16,0.0,3.5999588195525267,0.03763800878514124,0.4,0.35769823883312546,-6.0
2024-03-11,330.0,0.0,1.15,0.0,3.0599649966196476,0.03199230746737005,2.875,0.3415707691678556,-4.0
2024-03-12,327.0,0.6,1.8,0.6,3.2009702471267003,0.03346653456922206,4.5,0.3253420847119801,-3.0
2024-03-13,324.0,0.0,1.58,0.0,2.720824710057695,0.02844655438383875,3.95,0.30901699437494745,-3.0
2024-03-14,320.0,0.0,3.65,0.0,2.3127010035490407,0.024179571226262936,9.125,0.29260033563334836,-4.0
2024-03-15,315.0,0.0,5.03,0.0,1.9657958530166846,0.020552635542323495,12.575000000000001,0.27609697309746883,-5.0
2024-03-16,310.0,2.7,7.26,2.7,4.3709264750641825,0.045698569709783796,18.15,0.2595117970697999,-5.0
2024-03-17,306.0,0.3,3.7,0.3,4.015287503804555,0.041980320864294984,9.25,0.2428497220959356,-4.0
2024-03-18,304.0,0.0,2.18,0.0,3.4129943782338716,0.03568327273465074,5.45,0.22611568550828828,-2.0
2024-03-19,302.0,0.0,3.24,0.0,2.9010452214987907,0.030330781824453125,8.100000000000001,0.20931464596304847,-2.0
2024-03-20,300.0,0.0,4.68,0.0,2.465888438273972,0.025781164550785152,11.7,0.19245158197082998,-2.0
2024-03-21,300.0,0.0,4.58,0.0,2.096005172532876,0.021913989868167377,11.45,0.1755314904214282,0.0
2024-03-22,298.0,0.7,5.38,0.7,2.481604396652944,0.025945476813559368,13.45,0.15855938510313478,-2.0
2024-03-23,298.0,4.7,6.42,4.7,6.809363737155003,0.07119272886352601,16.05,0.141540295217043,0.0
2024-03-24,300.0,4.3,2.91,4.3,10.087959176581752,0.10547084429135929,7.275,0.12447926388678915,2.0
2024-03-25,301.0,0.8,3.02,0.8,9.37476530009449,0.09801431527693209,7.55,0.10738134666416309,1.0
2024-03-26,303.0,0.0,4.88,0.0,7.968550505080316,0.08331216798539227,12.2,0.09025161003104117,2.0
2024-03-27,306.0,0.0,8.87,0.0,6.773267929318268,0.07081534278758343,22.174999999999997,0.07309512989807777,3.0
2024-03-28,308.0,0.4,10.49,0.4,6.157277739920528,0.06437509018408426,26.225,0.055916990100603484,2.0
2024-03-29,306.0,0.4,9.24,0.4,5.633686078932449,0.05890087547110997,23.1,0.03872228089217446,-2.0
2024-03-30,304.0,0.0,12.67,0.0,4.7886331670925815,0.05006574415044347,31.675,0.021516097436222254,-2.0
2024-03-31,302.0,0.0,17.17,0.0,4.070338192028694,0.04255588252787695,42.925000000000004,0.004303538296244289,-2.0
2024-04-01,301.0,0.0,16.5,0.0,3.4597874632243895,0.0361725001486954,41.25,-0.01291029607500882,-1.0
2024-04-02,300.0,2.6,12.45,2.6,5.540819343740731,0.05792994242154033,31.125,-0.030120304846908114,-1.0
2024-04-03,304.0,1.7,2.8,1.7,6.409696442179621,0.06701415852052224,7.0,-0.04732138832243185,4.0
2024-04-04,318.0,0.0,2.31,0.0,5.448241975852678,0.0569620347424439,5.775,-0.06450844944931623,14.0
2024-04-05,326.0,2.5,7.05,2.5,7.131005679474776,0.07455553462256696,17.625,-0.08167639533042241,8.0
2024-04-06,334.0,12.5,9.18,12.5,18.561354827553558,0.19406122988663013,22.95,-0.09882013873287143,8.0
2024-04-07,343.0,0.0,10.72,0.0,15.777151603420524,0.16495204540363562,26.8,-0.11593459959550041,9.0
2024-04-08,355.0,0.0,15.4,0.0,13.410578862907446,0.14020923859309029,38.5,-0.1330147065341959,12.0
2024-04-09,368.0,0.0,19.46,0.0,11.398992033471329,0.11917785280412674,48.650000000000006,-0.1500553983446526,13.0
2024-04-10,374.0,0.0,15.38,0.0,9.689143228450629,0.10130117488350772,38.45,-0.16705162550211924,6.0
2024-04-11,373.0,0.0,10.21,0.0,8.235771744183035,0.08610599865098156,25.525000000000002,-0.18399835165768005,-1.0
2024-04-12,370.0,0.0,11.77,0.0,7.00040598255558,0.07319009885333433,29.424999999999997,-0.20089055513063506,-3.0
2024-04-13,366.0,1.8,10.28,1.8,7.750345085172243,0.08103080369120673,25.7,-0.21772323039653177,-4.0
2024-04-14,361.0,2.7,9.93,2.7,9.287793322396407,0.09710501263633455,24.825,-0.23449138957040985,-5.0
2024-04-15,355.0,0.0,7.18,0.0,7.894624324036946,0.08253926074088437,17.95,-0.25119006388481935,-6.0
2024-04-16,347.0,6.4,4.46,6.4,13.110430675431404,0.13707115266396522,11.15,-0.2678143051621742,-8.0
2024-04-17,339.0,0.6,6.52,0.6,11.743866074116692,0.12278355298632793,16.299999999999997,-0.2843591872810034,-8.0
2024-04-18,334.0,0.1,7.11,0.1,10.082286162999187,0.10541153224203832,17.775000000000002,-0.30081980763566735,-5.0
2024-04-19,330.0,0.5,4.87,0.5,9.069943238549309,0.09482736342403049,12.175,-0.3171912885891061,-4.0
2024-04-20,326.0,5.0,5.01,5.0,12.709451752766913,0.13287886909340524,12.524999999999999,-0.3334687789181868,-4.0
2024-04-21,325.0,4.0,5.0,4.0,14.803033989851876,0.15476752687577788,12.5,-0.3496474552512284,-1.0
2024-04-22,330.0,23.1,0.59,23.1,35.68257889137409,0.3730657168897755,1.4749999999999999,-0.36572252349726897,5.0
2024-04-23,339.0,0.0,1.99,0.0,30.33019205766798,0.3171058593563092,4.975,-0.3816892202666588,9.0
2024-04-24,345.0,13.4,4.33,13.4,39.18066324901778,0.40963861574324734,10.825,-0.39754281428255595,6.0
2024-04-25,354.0,1.8,5.92,1.8,35.103563761665114,0.3670120430476328,14.8,-0.4132786077829042,9.0
2024-04-26,369.0,0.0,7.48,0.0,29.838029197415345,0.3119602365904878,18.700000000000003,-0.4288919379124835,15.0
2024-04-27,372.0,0.0,11.19,0.0,25.362324817803042,0.26516620110191463,27.974999999999998,-0.4443781781046132,3.0
2024-04-28,372.0,0.0,14.85,0.0,21.557976095132585,0.22539127093662745,37.125,-0.45973273945210397,0.0
2024-04-29,368.0,0.0,16.78,0.0,18.324279680862695,0.19158258029613331,41.95,-0.47495107206704995,-4.0
2024-04-30,363.0,0.0,16.58,0.0,15.575637728733291,0.16284519325171332,41.449999999999996,-0.49002866642905923,-5.0
2024-05-01,358.0,0.0,17.2,0.0,13.239292069423296,0.13841841426395632,43.0,-0.5049610547215204,-5.0
2024-05-02,352.0,0.0,17.32,0.0,11.253398259009801,0.11765565212436285,43.3,-0.5197438121555155,-6.0
2024-05-03,346.0,0.0,14.59,0.0,9.565388520158331,0.10000730430570842,36.475,-0.5343725582809787,-6.0
2024-05-04,340.0,0.0,15.89,0.0,8.130580242134581,0.08500620865985216,39.725,-0.548842958284719,-6.0
2024-05-05,334.0,0.1,16.15,0.1,7.010993205814393,0.07330078956453391,40.375,-0.5631507242749186,-6.0
2024-05-06,327.0,3.3,12.07,3.3,9.259344224942234,0.09680757385062017,30.175,-0.5772916165517272,-7.0
2024-05-07,318.0,0.0,7.03,0.0,7.870442591200899,0.08228643777302713,17.575,-0.5912614448635781,-9.0
2024-05-08,310.0,0.0,6.74,0.0,6.689876202520764,0.06994347210707307,16.85,-0.6050560696488488,-8.0
2024-05-09,303.0,0.5,6.73,0.5,6.186394772142649,0.06467951230931003,16.825000000000003,-0.6186714032625031,-7.0
2024-05-10,301.0,3.6,9.71,3.6,8.858435556321252,0.09261602479465862,24.275000000000002,-0.6321034111873487,-2.0
2024-05-11,297.0,0.0,7.79,0.0,7.529670222873064,0.07872362107545983,19.475,-0.6453481132295501,-4.0
2024-05-12,293.0,0.0,9.03,0.0,6.400219689442104,0.06691507791414085,22.575,-0.6584015846980488,-4.0
2024-05-13,287.0,0.0,13.37,0.0,5.4401867360257885,0.05687781622701973,33.425,-0.6712599575675313,-6.0
2024-05-14,285.0,0.0,14.24,0.0,4.62415872562192,0.04834614379296677,35.6,-0.6839194216246106,-2.0
2024-05-15,282.0,0.0,13.69,0.0,3.9305349167786323,0.04109422222402175,34.225,-0.6963762255968722,-3.0
2024-05-16,279.0,0.0,13.25,0.0,3.3409546792618374,0.03493008889041849,33.125,-0.7086266782644596,-3.0
2024-05-17,277.0,0.0,16.13,0.0,2.8398114773725616,0.029690575556855715,40.324999999999996,-0.7206671495538609,-2.0
2024-05-18,276.0,1.3,16.44,1.3,3.713839755766677,0.03882864787090197,41.1,-0.7324940716135789,-1.0
2024-05-19,274.0,0.3,15.93,0.3,3.456763792401675,0.03614088730124543,39.825,-0.7441039398713607,-2.0
2024-05-20,273.0,0.2,16.39,0.2,3.1382492235414237,0.032810778613377785,40.975,-0.7554933140726803,-1.0
2024-05-21,272.0,9.5,16.59,9.5,12.16751184001021,0.1272128211690318,41.475,-0.766658819300159,-1.0
2024-05-22,270.0,0.0,19.35,0.0,10.342385064008678,0.108130897993677,48.375,-0.777597146973627,-2.0
2024-05-23,270.0,0.5,20.03,0.5,9.291027304407375,0.09713882431292338,50.075,-0.7883050558305255,0.0
2024-05-24,268.0,0.0,20.65,0.0,7.897373208746269,0.08256800066598487,51.625,-0.7987793728863649,-2.0
2024-05-25,267.0,9.9,17.91,9.9,16.61276722743433,0.17368850872838615,44.775,-0.8090169943749473,-1.0
2024-05-26,266.0,0.0,19.96,0.0,14.12085214331918,0.14763523241912824,49.900000000000006,-0.8190148866680801,-1.0
2024-05-27,263.0,0.0,20.42,0.0,12.002724321821303,0.125489947556259,51.050000000000004,-0.8287700871745037,-3.0
2024-05-28,260.0,0.0,21.23,0.0,10.202315673548107,0.10666645542282015,53.075,-0.8382797052177743,-3.0
2024-05-29,258.0,7.3,18.93,7.3,15.971968322515892,0.1669888779765469,47.325,-0.8475409228928311,-2.0
2024-05-30,258.0,0.0,20.17,0.0,13.576173074138508,0.14194054628006486,50.425000000000004,-0.8565509959010036,0.0
2024-05-31,256.0,1.3,18.47,1.3,12.839747113017731,0.13424112298562976,46.175,-0.865307254363206,-2.0
2024-06-01,256.0,0.2,19.25,0.2,11.11378504606507,0.11619597894510444,48.125,-0.8738071036110808,0.0
2024-06-02,256.0,2.6,18.48,2.6,12.046717289155309,0.125949899398488,46.2,-0.8820480249558537,0.0
2024-06-03,255.0,0.0,17.7,0.0,10.239709695782013,0.10705741448871481,44.25,-0.8900275764346767,-1.0
2024-06-04,255.0,0.0,18.14,0.0,8.703753241414711,0.09099880231540759,45.35,-0.8977433935342337,0.0
2024-06-05,255.0,0.0,18.35,0.0,7.398190255202504,0.07734898196809645,45.875,-0.9051931898913974,0.0
2024-06-06,257.0,0.0,16.34,0.0,6.288461716922129,0.06574663467288198,40.85,-0.9123747579707273,2.0
2024-06-07,256.0,6.9,14.25,6.9,12.245192459383809,0.1280249815244611,35.625,-0.9192859697186104,-1.0
2024-06-08,255.0,0.0,14.17,0.0,10.408413590476236,0.10882123429579194,35.425,-0.9259247771938498,-1.0
2024-06-09,255.0,8.4,13.97,8.4,17.2471515519048,0.18032107425882835,34.925000000000004,-0.9322892131745133,0.0
2024-06-10,254.0,1.1,14.63,1.1,15.760078819119078,0.16477354736025954,36.575,-0.9383773917408641,-1.0
2024-06-11,253.0,0.1,17.26,0.1,13.496066996251216,0.14110302745988018,43.150000000000006,-0.9441875088341993,-1.0
2024-06-12,251.0,0.0,14.92,0.0,11.471656946813534,0.11993757334089815,37.3,-0.9497178427914316,-2.0
2024-06-13,250.0,3.7,15.37,3.7,13.450908404791505,0.14063088887516814,38.425,-0.9549667548552551,-1.0
2024-06-14,251.0,8.8,13.15,8.8,20.233272144072778,0.21154132946593646,32.875,-0.9599326896597447,1.0
2024-06-15,251.0,0.0,16.36,0.0,17.19828132246186,0.17981013004604599,40.9,-0.9646141756912435,0.0
2024-06-16,249.0,6.3,19.18,6.3,20.91853912409258,0.21870587936969296,47.95,-0.9690098257244062,-2.0
2024-06-17,249.0,0.0,20.39,0.0,17.78075825547869,0.18589999746423902,50.975,-0.9731183372332619,0.0
2024-06-18,251.0,0.0,20.28,0.0,15.113644517156887,0.15801499784460316,50.7,-0.9769384927771817,2.0
2024-06-19,251.0,9.5,18.3,9.5,22.346597839583353,0.23363640751557335,45.75,-0.980469160361632,0.0
2024-06-20,249.0,0.0,16.78,0.0,18.99460816364585,0.19859094638823735,41.95,-0.9837092937736097,-2.0
2024-06-21,247.0,0.0,17.95,0.0,16.145416939098972,0.16880230443000174,44.875,-0.986657932891657,-2.0
2024-06-22,245.0,1.8,18.26,1.8,15.523604398234127,0.16230117843137404,45.650000000000006,-0.9893142039703663,-2.0
2024-06-23,244.0,0.0,16.09,0.0,13.195063738499007,0.1379560016666679,40.225,-0.99167731989929,-1.0
2024-06-24,244.0,0.1,17.38,0.1,11.315804177724155,0.11830811362032731,43.449999999999996,-0.993746580436178,0.0
2024-06-25,242.0,0.0,20.75,0.0,9.618433551065532,0.10056189657727821,51.875,-0.9955213724144752,-2.0
2024-06-26,242.0,0.0,21.97,0.0,8.175668518405702,0.08547761209068648,54.925,-0.9970011699250151,0.0
2024-06-27,240.0,0.0,24.57,0.0,6.949318240644847,0.07265597027708351,61.425,-0.9981855344718586,-2.0
2024-06-28,239.0,0.0,26.1,0.0,5.90692050454812,0.06175757473552099,65.25,-0.99907411510223,-1.0
2024-06-29,238.0,0.1,21.73,0.1,5.120882428865902,0.05353945072885242,54.325,-0.9996666485105112,-1.0
2024-06-30,235.0,0.0,23.25,0.0,4.352750064536017,0.04550853311952456,58.125,-0.9999629591162655,-3.0
2024-07-01,231.0,0.1,22.3,0.1,3.7998375548556145,0.03972776535525546,55.75,-0.9999629591162655,-4.0
2024-07-02,228.0,0.0,17.15,0.0,3.2298619216272724,0.03376860055196714,42.875,-0.9996666485105112,-3.0
2024-07-03,227.0,0.0,17.74,0.0,2.7453826333831812,0.02870331046917207,44.349999999999994,-0.99907411510223,-1.0
2024-07-04,228.0,1.4,16.67,1.4,3.7335752383757037,0.03903498475003046,41.675000000000004,-0.9981855344718586,1.0
2024-07-05,229.0,0.7,16.53,0.7,3.8735389526193478,0.040498322463142986,41.325,-0.9970011699250151,1.0
2024-07-06,230.0,0.0,20.18,0.0,3.2925081097264455,0.03442357409367154,50.45,-0.9955213724144752,1.0
2024-07-07,233.0,19.9,21.7,19.9,22.69863189326748,0.23731696650787842,54.25,-0.9937465804361781,3.0
2024-07-08,241.0,21.0,18.1,21.0,40.293837109277355,0.4212769843002097,45.25,-0.99167731989929,8.0
2024-07-09,245.0,0.0,21.38,0.0,34.24976154288575,0.3580854366551782,53.449999999999996,-0.9893142039703664,4.0
2024-07-10,241.0,0.0,23.43,0.0,29.11229731145289,0.3043726211569015,58.575,-0.9866579328916572,-4.0
2024-07-11,241.0,13.3,23.5,13.3,38.04545271473496,0.3977698510700912,58.75,-0.9837092937736098,0.0
2024-07-12,239.0,0.0,22.72,0.0,32.33863480752471,0.33810437340957755,56.8,-0.9804691603616321,-2.0
2024-07-13,238.0,9.8,23.99,9.8,37.287839586396004,0.3898489133567803,59.974999999999994,-0.9769384927771817,-1.0
2024-07-14,235.0,0.0,20.22,0.0,31.694663648436602,0.33137157635326325,50.55,-0.973118337233262,-3.0
2024-07-15,233.0,0.0,20.37,0.0,26.940464101171113,0.2816658399002738,50.925000000000004,-0.9690098257244063,-2.0
2024-07-16,232.0,5.4,23.97,5.4,28.299394485995442,0.2958736229128503,59.925,-0.9646141756912435,-1.0
2024-07-17,232.0,5.5,23.35,5.5,29.554485313096126,0.3089957506772,58.375,-0.9599326896597445,0.0
2024-07-18,230.0,0.0,21.43,0.0,25.121312516131706,0.26264638807561996,53.575,-0.9549667548552553,-2.0
2024-07-19,229.0,0.0,19.14,0.0,21.353115638711948,0.22324942986427695,47.85,-0.9497178427914317,-1.0
2024-07-20,229.0,0.0,18.29,0.0,18.150148292905154,0.1897620153846354,45.724999999999994,-0.9441875088341994,0.0
2024-07-21,228.0,0.0,20.77,0.0,15.42762604896938,0.16129771307694007,51.925,-0.9383773917408642,-1.0
2024-07-22,227.0,0.0,21.89,0.0,13.113482141623972,0.13710305611539905,54.725,-0.9322892131745134,-1.0
2024-07-23,226.0,0.0,22.12,0.0,11.146459820380377,0.1165375976980892,55.300000000000004,-0.9259247771938499,-1.0
2024-07-24,225.0,4.6,19.12,4.6,14.07449084732332,0.14715051941171678,47.800000000000004,-0.9192859697186105,-1.0
2024-07-25,229.0,19.6,18.35,19.6,31.563317220224825,0.3299983334172381,45.875,-0.9123747579707274,4.0
2024-07-26,228.0,0.4,18.22,0.4,27.228819637191098,0.28468063221929074,45.55,-0.9051931898913975,-1.0
2024-07-27,229.0,0.0,20.68,0.0,23.14449669161243,0.2419785373863971,51.7,-0.8977433935342336,1.0
2024-07-28,232.0,22.5,17.26,22.5,42.172822187870565,0.4409220026018444,43.150000000000006,-0.8900275764346766,3.0
2024-07-29,257.0,59.8,15.02,59.8,95.64689885968997,1.0,37.55,-0.8820480249558535,25.0
2024-07-30,259.0,0.1,17.34,0.1,81.39986403073647,0.8510455122036595,43.35,-0.8738071036110807,2.0
2024-07-31,265.0,0.0,17.72,0.0,69.189884426126,0.7233886853731106,44.3,-0.8653072543632061,6.0
2024-08-01,266.0,0.0,18.35,0.0,58.8114017622071,0.614880382567144,45.875,-0.8565509959010037,1.0
2024-08-02,266.0,0.0,17.1,0.0,49.98969149787603,0.5226483251820724,42.75,-0.8475409228928312,0.0
2024-08-03,261.0,0.0,17.85,0.0,42.49123777319463,0.4442510764047615,44.625,-0.8382797052177745,-5.0
2024-08-04,258.0,0.0,18.05,0.0,36.11755210721543,0.37761341494404727,45.125,-0.828770087174504,-3.0
2024-08-05,258.0,0.9,18.05,0.9,31.599919291133116,0.33038101253537644,45.125,-0.8190148866680802,0.0
2024-08-06,253.0,0.0,19.78,0.0,26.859931397463146,0.28082386065507,49.45,-0.8090169943749472,-5.0
2024-08-07,248.0,1.9,18.11,1.9,24.73094168784367,0.2585650134263416,45.275,-0.7987793728863648,-5.0
2024-08-08,246.0,0.0,19.04,0.0,21.02130043466712,0.21978026141239032,47.599999999999994,-0.7883050558305253,-2.0
2024-08-09,243.0,2.3,19.21,2.3,20.16810536946705,0.21086000288470222,48.025000000000006,-0.7775971469736268,-3.0
2024-08-10,242.0,0.0,18.34,0.0,17.142889564046992,0.1792310024519969,45.85,-0.7666588193001592,-1.0
2024-08-11,241.0,2.1,15.91,2.1,16.671456129439942,0.17430210836104865,39.775,-0.7554933140726804,-1.0
2024-08-12,240.0,0.0,16.25,0.0,14.17073771002395,0.14815679210689134,40.625,-0.7441039398713608,-1.0
2024-08-13,239.0,0.0,15.99,0.0,12.045127053520357,0.12593327329085763,39.975,-0.7324940716135792,-1.0
2024-08-14,237.0,0.0,17.4,0.0,10.238357995492303,0.10704328229722898,43.5,-0.7206671495538615,-2.0
2024-08-15,236.0,0.0,19.82,0.0,8.702604296168458,0.09098678995264464,49.55,-0.7086266782644601,-1.0
2024-08-16,235.0,0.7,21.54,0.7,8.09721365174319,0.08465735688536505,53.849999999999994,-0.6963762255968726,-1.0
2024-08-17,234.0,0.2,21.81,0.2,7.082631603981711,0.07404977775987946,54.525,-0.6839194216246105,-1.0
2024-08-18,233.0,0.0,23.33,0.0,6.020236863384454,0.06294231109589754,58.324999999999996,-0.6712599575675315,-1.0
2024-08-19,233.0,4.0,22.22,4.0,9.117201333876785,0.09532145257789634,55.55,-0.6584015846980489,0.0
2024-08-20,233.0,0.0,20.55,0.0,7.749621133795268,0.08102323469121189,51.375,-0.64534811322955,0.0
2024-08-21,233.0,3.8,21.3,3.8,10.387177963725978,0.10859921322659438,53.25,-0.6321034111873488,0.0
2024-08-22,234.0,3.3,16.75,3.3,12.12910126916708,0.12681123396337154,41.875,-0.6186714032625032,1.0
2024-08-23,236.0,0.0,16.96,0.0,10.309736078792017,0.10778954886886581,42.400000000000006,-0.6050560696488494,2.0
2024-08-24,237.0,0.0,21.11,0.0,8.763275666973215,0.09162111653853594,52.775,-0.5912614448635782,1.0
2024-08-25,239.0,0.0,22.97,0.0,7.448784316927232,0.07787794905775554,57.425,-0.5772916165517278,2.0
2024-08-26,243.0,0.0,18.72,0.0,6.3314666693881465,0.06619625669909221,46.8,-0.5631507242749187,4.0
2024-08-27,244.0,0.0,18.9,0.0,5.3817466689799245,0.05626681819422837,47.25,-0.5488429582847199,1.0
2024-08-28,244.0,0.0,19.39,0.0,4.574484668632936,0.047826795465094114,48.475,-0.5343725582809785,0.0
2024-08-29,245.0,0.0,22.01,0.0,3.8883119683379954,0.04065277614533,55.025000000000006,-0.5197438121555157,1.0
2024-08-30,246.0,0.0,23.45,0.0,3.305065173087296,0.0345548597235305,58.625,-0.5049610547215202,1.0
2024-08-31,246.0,0.0,18.58,0.0,2.8093053971242017,0.029371630765000923,46.449999999999996,-0.4900286664290594,0.0
2024-09-01,245.0,0.0,16.61,0.0,2.3879095875555714,0.024965886150250784,41.525,-0.4749510720670502,-1.0
2024-09-02,245.0,0.0,20.33,0.0,2.0297231494222356,0.021221003227713166,50.824999999999996,-0.4597327394521046,0.0
2024-09-03,244.0,0.0,21.98,0.0,1.7252646770089002,0.01803785274355619,54.95,-0.44437817810461344,-1.0
2024-09-04,244.0,0.0,21.78,0.0,1.4664749754575652,0.015332174832022762,54.45,-0.4288919379124841,0.0
2024-09-05,243.0,0.0,20.49,0.0,1.2465037291389305,0.013032348607219349,51.224999999999994,-0.41327860778290443,-1.0
2024-09-06,243.0,0.0,19.69,0.0,1.059528169768091,0.011077496316136446,49.225,-0.3975428142825566,0.0
2024-09-07,243.0,0.0,18.84,0.0,0.9005989443028772,0.009415871868715979,47.1,-0.3816892202666586,0.0
2024-09-08,242.0,0.0,19.02,0.0,0.7655091026574457,0.008003491088408582,47.55,-0.3657225234972692,-1.0
2024-09-09,243.0,0.0,18.95,0.0,0.6506827372588287,0.006802967425147294,47.375,-0.34964745525122826,1.0
2024-09-10,242.0,0.1,18.43,0.1,0.6530803266700044,0.006828034515034786,46.075,-0.33346877891818705,-1.0
2024-09-11,242.0,0.1,17.4,0.1,0.6551182776695037,0.006849341541439153,43.5,-0.31719128858910595,0.0
2024-09-12,243.0,10.2,16.1,10.2,10.756850536019078,0.11246418508350105,40.25,-0.300819807635668,1.0
2024-09-13,246.0,7.0,18.22,7.0,16.143322955616217,0.1687804115771469,45.55,-0.2843591872810036,3.0
2024-09-14,250.0,0.0,20.06,0.0,13.721824512273784,0.14346334984057488,50.15,-0.26781430516217486,4.0
2024-09-15,247.0,0.1,18.8,0.1,11.763550835432715,0.12298935956814822,47.0,-0.25119006388481957,-3.0
2024-09-16,243.0,0.0,19.5,0.0,9.999018210117807,0.10454095563292598,48.75,-0.23449138957041052,-4.0
2024-09-17,243.0,0.0,18.0,0.0,8.499165478600135,0.08885981228798707,45.0,-0.21772323039653224,0.0
2024-09-18,242.0,0.0,18.34,0.0,7.224290656810115,0.07553084044478901,45.85,-0.20089055513063528,-1.0
2024-09-19,241.0,0.0,16.97,0.0,6.1406470582885975,0.06420121437807065,42.425,-0.18399835165767986,-1.0
2024-09-20,241.0,0.0,16.11,0.0,5.219549999545308,0.054571032221360054,40.275,-0.1670516255021195,0.0
2024-09-21,240.0,0.0,14.42,0.0,4.4366174996135115,0.04638537738815605,36.05,-0.15005539834465262,-1.0
2024-09-22,239.0,0.0,14.38,0.0,3.7711248746714845,0.039427570779932634,35.95,-0.13301470653419636,-1.0
2024-09-23,239.0,0.0,15.94,0.0,3.205456143470762,0.033513435162942744,39.85,-0.11593459959550066,0.0
2024-09-24,238.0,0.0,18.07,0.0,2.7246377219501476,0.02848641988850133,45.175,-0.09882013873287211,-1.0
2024-09-25,239.0,0.3,16.14,0.3,2.6159420636576254,0.027349993516204887,40.35,-0.08167639533042288,1.0
2024-09-26,241.0,0.5,16.91,0.5,2.7235507541089814,0.02847505550707208,42.275,-0.06450844944931625,2.0
2024-09-27,242.0,1.1,17.02,1.1,3.4150181409926343,0.03570443142126672,42.55,-0.04732138832243232,1.0
2024-09-28,242.0,1.9,14.3,1.9,4.802765419843739,0.050213498577608845,35.75,-0.03012030484690836,0.0
2024-09-29,242.0,0.0,9.35,0.0,4.082350606867179,0.04268147379096752,23.375,-0.012910296075008843,0.0
2024-09-30,241.0,0.0,8.13,0.0,3.4699980158371018,0.036279252722322394,20.325000000000003,0.004303538296243821,-1.0
2024-10-01,240.0,0.0,7.9,0.0,2.9494983134615365,0.030837364813974033,19.75,0.021516097436222233,-1.0
2024-10-02,241.0,0.0,8.17,0.0,2.507073566442306,0.02621176009187793,20.425,0.03872228089217399,1.0
2024-10-03,243.0,18.0,7.89,18.0,20.13101253147596,0.21047219273682172,19.724999999999998,0.05591699010060302,2.0
2024-10-04,244.0,0.2,8.82,0.2,17.311360651754566,0.18099238823361763,22.05,0.07309512989807776,1.0
2024-10-05,245.0,0.0,9.21,0.0,14.71465655399138,0.15384352999857498,23.025000000000002,0.0902516100310407,1.0
2024-10-06,246.0,0.1,8.04,0.1,12.607458070892672,0.13181251270244831,20.099999999999998,0.10738134666416306,1.0
2024-10-07,246.0,0.9,8.72,0.9,11.616339360258772,0.12145024563001734,21.8,0.12447926388678869,0.0
2024-10-08,248.0,0.0,8.33,0.0,9.873888456219957,0.10323270878551474,20.825,0.141540295217043,2.0
2024-10-09,248.0,0.1,13.91,0.1,8.492805187786963,0.08879331467134711,34.775,0.15855938510313475,0.0
2024-10-10,248.0,0.0,15.93,0.0,7.218884409618918,0.07547431747064505,39.825,0.17553149042142777,0.0
2024-10-11,247.0,6.5,11.34,6.5,12.63605174817608,0.13211146308792138,28.35,0.19245158197082995,-1.0
2024-10-12,246.0,0.0,6.99,0.0,10.740643985949667,0.11229474362473316,17.475,0.20931464596304888,-1.0
2024-10-13,247.0,5.0,6.13,5.0,14.129547388057217,0.1477261422640025,15.325,0.22611568550828803,1.0
2024-10-14,250.0,1.0,7.21,1.0,13.010115279848634,0.13602234296099797,18.025,0.2428497220959358,3.0
2024-10-15,253.0,0.0,8.02,0.0,11.05859798787134,0.11561899151684828,20.049999999999997,0.25951179706979943,3.0
2024-10-16,253.0,0.0,4.36,0.0,9.399808289690638,0.09827614278932102,10.9,0.27609697309746883,0.0
2024-10-17,253.0,0.0,4.32,0.0,7.989837046237042,0.08353472137092287,10.8,0.2926003356333479,0.0
2024-10-18,254.0,0.0,5.95,0.0,6.791361489301486,0.07100451316528444,14.875,0.30901699437494723,1.0
2024-10-19,253.0,0.0,4.95,0.0,5.772657265906263,0.060353836190491776,12.375,0.3253420847119795,-1.0
2024-10-20,251.0,0.0,5.57,0.0,4.906758676020323,0.05130076076191801,13.925,0.341570769167856,-2.0
2024-10-21,250.0,0.0,8.05,0.0,4.170744874617275,0.0436056466476303,20.125,0.35769823883312546,-1.0
2024-10-22,249.0,0.0,11.4,0.0,3.545133143424683,0.03706479965048576,28.5,0.3737197147904692,-1.0
2024-10-23,246.0,0.1,10.25,0.1,3.1133631719109807,0.03255059190657248,25.625,0.38963044953078774,-3.0
2024-10-24,244.0,0.0,9.71,0.0,2.6463586961243335,0.027668003120586607,24.275000000000002,0.4054257283599973,-2.0
2024-10-25,243.0,0.0,7.85,0.0,2.2494048917056833,0.02351780265249861,19.625,0.42110087079608916,-1.0
2024-10-26,244.0,0.0,4.31,0.0,1.9119941579498307,0.01999013225462382,10.774999999999999,0.4366512319560638,1.0
2024-10-27,245.0,0.3,8.07,0.3,1.925195034257356,0.020128149027409004,20.175,0.45207220393230374,1.0
2024-10-28,243.0,0.3,8.82,0.3,1.9364157791187526,0.02024546328427641,22.05,0.46735921715800205,-2.0
2024-10-29,244.0,0.3,7.6,0.3,1.9459534122509397,0.020345180402613707,19.0,0.48250774176121763,1.0
2024-10-30,242.0,2.2,10.4,2.2,3.8540604004132986,0.04029467182273254,26.0,0.4975132889071803,-2.0
2024-10-31,245.0,4.5,8.43,4.5,7.775951340351304,0.08129852021400402,21.075,0.5123714121284235,3.0
2024-11-01,250.0,4.6,10.41,4.6,11.209558639298606,0.11719730355024435,26.025,0.5270777086423724,5.0
2024-11-02,249.0,0.0,4.2,0.0,9.528124843403814,0.0996177080177077,10.5,0.5416278206559811,-1.0
2024-11-03,246.0,2.2,3.7,2.2,10.298906116893242,0.10767632029556243,9.25,0.5560174366570446,-3.0
2024-11-04,247.0,0.0,2.43,0.0,8.754070199359255,0.09152487225122806,6.075,0.5702422926917867,1.0
2024-11-05,247.0,0.2,4.92,0.2,7.640959669455366,0.07988716582086301,12.3,0.5842981736283683,0.0
2024-11-06,248.0,0.0,6.83,0.0,6.494815719037061,0.06790409094773356,17.075,0.5981809144059159,1.0
2024-11-07,245.0,0.1,4.63,0.1,5.620593361181501,0.0587639895092331,11.575,0.6118864012687242,-3.0
2024-11-08,245.0,0.0,6.04,0.0,4.7775043570042754,0.049949391082848134,15.1,0.6254105729852457,0.0
2024-11-09,245.0,0.0,3.66,0.0,4.060878703453634,0.04245698242042091,9.15,0.6387494220515268,0.0
2024-11-10,245.0,0.0,1.55,0.0,3.4517468979355885,0.03608843505735777,3.875,0.6518989958787125,0.0
2024-11-11,243.0,0.0,1.33,0.0,2.93398486324525,0.030675169798754103,3.325,0.6648553979642867,-2.0
2024-11-12,243.0,0.0,0.62,0.0,2.4938871337584625,0.026073894328940986,1.55,0.6776147890466887,0.0
2024-11-13,243.0,0.2,-0.42,0.2,2.319804063694693,0.024253834586919012,0.0,0.690173388242972,0.0
2024-11-14,245.0,2.9,0.03,2.9,4.871833454140489,0.050935613305009154,0.075,0.7025274741691566,2.0
2024-11-15,244.0,0.0,3.45,0.0,4.141058436019415,0.043295271309257775,8.625,0.7146733860429608,-1.0
2024-11-16,245.0,0.5,6.32,0.5,4.019899670616503,0.042028541631167045,15.8,0.726607524768565,1.0
2024-11-17,246.0,2.5,3.89,2.5,5.916914720024028,0.06186206547798164,9.725,0.7383263540031063,1.0
2024-11-18,247.0,0.3,3.51,0.3,5.329377512020423,0.055719292267263146,8.774999999999999,0.749826401204568,1.0
2024-11-19,246.0,3.0,2.27,3.0,7.5299708852173595,0.07872676453696124,5.675,0.7611042586607742,-1.0
2024-11-20,250.0,5.1,4.25,5.1,11.500475252434754,0.12023887224305593,10.625,0.7721565844991641,4.0
2024-11-21,250.0,3.1,-0.33,3.1,12.87540396456954,0.1346139197200447,0.0,0.7829801036770625,0.0
2024-11-22,249.0,0.7,-1.86,0.7,11.644093369884107,0.12174041718765508,0.0,0.7935716089521472,-1.0
2024-11-23,250.0,0.1,-2.01,0.1,9.99747936440149,0.10452486681316639,0.0,0.8039279618328208,1.0
2024-11-24,250.0,0.0,0.25,0.0,8.497857459741267,0.08884613679119144,0.625,0.8140460935082175,0.0
2024-11-25,249.0,0.0,3.18,0.0,7.2231788407800765,0.07551921627251272,7.95,0.8239230057575536,-1.0
2024-11-26,248.0,1.7,2.03,1.7,7.839702014663065,0.08196504129384877,5.074999999999999,0.8335557718385695,-1.0
2024-11-27,247.0,2.6,3.88,2.6,9.263746712463606,0.09685360239492069,9.7,0.8429415373547832,-1.0
2024-11-28,248.0,4.9,3.53,4.9,12.774184705594065,0.1335556600150023,8.825,0.8520775211013093,1.0
2024-11-29,247.0,0.3,2.39,0.3,11.158056999754956,0.11665884762373073,5.9750000000000005,0.8609610158889945,-1.0
2024-11-30,246.0,0.0,2.85,0.0,9.484348449791712,0.09916002048017111,7.125,0.8695893893466109,-1.0
2024-12-01,246.0,0.0,1.72,0.0,8.061696182322954,0.08428601740814544,4.3,0.8779600847008883,0.0
2024-12-02,247.0,0.0,2.71,0.0,6.852441754974511,0.07164311479692362,6.775,0.8860706215341377,1.0
2024-12-03,247.0,4.0,3.12,4.0,9.824575491728334,0.1027171357237685,7.800000000000001,0.893918596519257,0.0
2024-12-04,250.0,0.8,1.79,0.8,9.150889167969085,0.09567366299447994,4.475,0.9015016841318838,3.0
2024-12-05,250.0,0.0,-0.92,0.0,7.778255792773722,0.08132261354530794,0.0,0.9088176373395028,0.0
2024-12-06,249.0,0.0,-2.29,0.0,6.611517423857664,0.06912422151351175,0.0,0.9158642882672868,-1.0
2024-12-07,248.0,0.0,-0.53,0.0,5.619789810279014,0.05875558828648498,0.0,0.9226395488404875,-1.0
2024-12-08,245.0,0.2,1.32,0.2,4.976821338737162,0.05203327445083141,3.3000000000000003,0.9291414114031743,-3.0
2024-12-09,242.0,0.0,0.73,0.0,4.230298137926588,0.0442282832832067,1.825,0.935367949313148,-3.0
2024-12-10,241.0,0.0,-1.69,0.0,3.5957534172375993,0.03759404079072569,0.0,0.941317317512847,-1.0
2024-12-11,240.0,0.0,-1.35,0.0,3.0563904046519594,0.03195493467211684,0.0,0.946987753076075,-1.0
2024-12-12,240.0,0.0,-1.0,0.0,2.5979318439541657,0.027161694471299312,0.0,0.9523775757303973,0.0
2024-12-13,236.0,0.0,-4.93,0.0,2.2082420673610406,0.023087440300604414,0.0,0.9574851883550389,-4.0
2024-12-14,235.0,0.1,-2.4,0.1,1.9770057572568844,0.02066983645917334,0.0,0.9623090774541487,-1.0
2024-12-15,244.0,1.5,0.15,1.5,3.180454893668352,0.03325204404519113,0.375,0.9668478136052773,9.0
2024-12-16,250.0,10.4,4.22,10.4,13.1033866596181,0.1369975066190094,10.549999999999999,0.9711000518829505,6.0
2024-12-17,248.0,0.5,3.82,0.5,11.637878660675383,0.12167544164445591,9.549999999999999,0.9750645322571945,-2.0
2024-12-18,248.0,5.7,1.25,5.7,15.592196861574077,0.16301832100638394,3.125,0.9787400799669153,0.0
2024-12-19,253.0,3.0,6.73,3.0,16.253367332337966,0.16993093896521394,16.825000000000003,0.9821256058680006,5.0
2024-12-20,255.0,0.0,4.57,0.0,13.81536223248727,0.14444129812043183,11.425,0.9852201067560606,2.0
2024-12-21,254.0,0.0,0.72,0.0,11.74305789761418,0.12277510340236707,1.7999999999999998,0.9880226656636976,-1.0
2024-12-22,255.0,0.4,1.02,0.4,10.381599212972054,0.10854088670665035,2.55,0.9905324521322227,1.0
2024-12-23,255.0,1.2,0.62,1.2,10.024359331026245,0.10480590014456782,1.55,0.9927487224577402,0.0
2024-12-24,254.0,0.3,0.19,0.3,8.820705431372309,0.09222155173386141,0.475,0.9946708199115211,-1.0
2024-12-25,252.0,0.0,0.84,0.0,7.497599616666462,0.07838831897378219,2.1,0.9962981749346077,-2.0
2024-12-26,252.0,0.1,1.32,0.1,6.472959674166492,0.06767558333137444,3.3000000000000003,0.9976303053065857,0.0
2024-12-27,251.0,0.0,2.6,0.0,5.502015723041518,0.05752424583166828,6.5,0.9986668162884759,-1.0
2024-12-28,251.0,3.0,2.35,3.0,7.67671336458529,0.08026097506670561,5.875,0.9994074007397048,0.0
2024-12-29,251.0,0.0,1.11,0.0,6.5252063598974965,0.06822182880669977,2.7750000000000004,0.9998518392091162,0.0
2024-12-30,251.0,0.6,2.82,0.6,6.146425405912871,0.06426162770765231,7.05,1.0,0.0
2024-12-31,256.0,3.1,4.02,3.1,8.32446159502594,0.08703326186495164,10.049999999999999,0.9998518392091162,5.0
