timestamp,water_level_cm,precip_vilniaus-ams,temp_vilniaus-ams,Pt,API_t,API_norm,SMI_t,S_t,delta_WL_t
2016-04-01,185.0,0.0,0.0,0.0,0.0,0.0,0.0,-0.01291029607500882,0.0
2016-04-02,185.0,0.0,0.0,0.0,0.0,0.0,0.0,-0.030120304846908114,0.0
2016-04-03,182.0,0.0,0.0,0.0,0.0,0.0,0.0,-0.04732138832243185,-3.0
2016-04-04,185.0,0.0,0.0,0.0,0.0,0.0,0.0,-0.06450844944931623,3.0
2016-04-05,184.0,0.0,0.0,0.0,0.0,0.0,0.0,-0.08167639533042241,-1.0
2016-04-06,184.0,0.0,0.0,0.0,0.0,0.0,0.0,-0.09882013873287143,0.0
2016-04-07,186.0,0.0,0.0,0.0,0.0,0.0,0.0,-0.11593459959550041,2.0
2016-04-08,186.0,0.0,0.0,0.0,0.0,0.0,0.0,-0.1330147065341959,0.0
2016-04-09,186.0,0.0,0.0,0.0,0.0,0.0,0.0,-0.1500553983446526,0.0
2016-04-10,186.0,0.0,9.3,0.0,0.0,0.0,23.25,-0.16705162550211924,0.0
2016-04-11,185.0,0.0,9.87,0.0,0.0,0.0,24.674999999999997,-0.18399835165768005,-1.0
2016-04-12,187.0,0.3,9.67,0.3,0.3,0.003513252712925393,24.175,-0.20089055513063506,2.0
2016-04-13,186.0,3.5,8.63,3.5,3.755,0.0439742131234495,21.575000000000003,-0.21772323039653177,-1.0
2016-04-14,186.0,0.6,5.58,0.6,3.79175,0.04440458658078286,13.95,-0.23449138957040985,0.0
2016-04-15,186.0,0.0,5.04,0.0,3.2229875,0.037743898593665434,12.6,-0.25119006388481935,0.0
2016-04-16,184.0,0.0,8.31,0.0,2.7395393749999997,0.03208231380461561,20.775000000000002,-0.2678143051621742,-2.0
2016-04-17,186.0,6.0,10.8,6.0,8.32860846875,0.09753502099243112,27.0,-0.2843591872810034,2.0
2016-04-18,188.0,0.0,5.65,0.0,7.0793171984375,0.08290476784356646,14.125,-0.30081980763566735,2.0
2016-04-19,188.0,4.7,4.45,4.7,10.717419618671876,0.125510011836196,11.125,-0.3171912885891061,0.0
2016-04-20,188.0,1.7,4.46,1.7,10.809806675871094,0.12659194210067715,11.15,-0.3334687789181868,0.0
2016-04-21,188.0,0.0,6.29,0.0,9.18833567449043,0.10760315078557557,15.725,-0.3496474552512284,0.0
2016-04-22,189.0,8.8,4.6,8.8,16.610085323316866,0.19451809108021745,11.5,-0.36572252349726897,1.0
2016-04-23,190.0,0.0,6.15,0.0,14.118572524819337,0.16534037741818483,15.375,-0.3816892202666588,1.0
2016-04-24,191.0,3.3,5.24,3.3,15.300786646096437,0.17918510064763643,13.100000000000001,-0.39754281428255595,1.0
2016-04-25,192.0,6.3,1.57,6.3,19.30566864918197,0.22608564252192423,3.9250000000000003,-0.4132786077829042,1.0
2016-04-26,196.0,1.0,2.55,1.0,17.409818351804674,0.20388363852005353,6.375,-0.4288919379124835,4.0
2016-04-27,196.0,0.0,8.78,0.0,14.798345599033972,0.1733010927420455,21.95,-0.4443781781046132,0.0
2016-04-28,194.0,1.7,6.99,1.7,14.278593759178875,0.16721436087064923,17.475,-0.45973273945210397,-2.0
2016-04-29,191.0,0.0,6.64,0.0,12.136804695302043,0.14213220674005184,16.599999999999998,-0.47495107206704995,-3.0
2016-04-30,189.0,2.4,8.09,2.4,12.716283991006737,0.1489183974324472,20.225,-0.49002866642905923,-2.0
2016-05-01,188.0,2.1,10.54,2.1,12.908841392355725,0.15117340680805785,26.349999999999998,-0.5049610547215204,-1.0
2016-05-02,186.0,0.0,11.81,0.0,10.972515183502367,0.12849739578684918,29.525000000000002,-0.5197438121555155,-2.0
2016-05-03,186.0,0.8,11.83,0.8,10.126637905977011,0.11859146031995618,29.575,-0.5343725582809787,0.0
2016-05-04,186.0,0.0,11.87,0.0,8.607642220080459,0.10080274127196275,29.674999999999997,-0.548842958284719,0.0
2016-05-05,186.0,0.0,14.53,0.0,7.31649588706839,0.08568233008116834,36.324999999999996,-0.5631507242749186,0.0
2016-05-06,184.0,0.0,15.22,0.0,6.219021504008132,0.07282998056899309,38.050000000000004,-0.5772916165517272,-2.0
2016-05-07,186.0,0.0,16.3,0.0,5.286168278406912,0.06190548348364412,40.75,-0.5912614448635781,2.0
2016-05-08,183.0,0.0,17.73,0.0,4.493243036645874,0.0526196609610975,44.325,-0.6050560696488488,-3.0
2016-05-09,184.0,0.0,17.95,0.0,3.819256581148993,0.04472671181693287,44.875,-0.6186714032625031,1.0
2016-05-10,183.0,0.0,17.43,0.0,3.246368093976644,0.03801770504439294,43.575,-0.6321034111873487,-1.0
2016-05-11,184.0,0.0,15.83,0.0,2.7594128798801476,0.032315049287734,39.575,-0.6453481132295501,1.0
2016-05-12,184.0,0.0,15.45,0.0,2.3455009478981252,0.027467791894573896,38.625,-0.6584015846980488,0.0
2016-05-13,184.0,0.0,15.84,0.0,1.9936758057134063,0.02334762311038781,39.6,-0.6712599575675313,0.0
2016-05-14,184.0,7.1,14.87,7.1,8.794624434856395,0.10299246051639727,37.175,-0.6839194216246106,0.0
2016-05-15,185.0,6.7,10.48,6.7,14.175430769627937,0.16600623536093814,26.200000000000003,-0.6963762255968722,1.0
2016-05-16,184.0,0.2,8.6,0.2,12.249116154183746,0.14344746853208099,21.5,-0.7086266782644596,-1.0
2016-05-17,185.0,0.0,8.22,0.0,10.411748731056184,0.12193034825226885,20.55,-0.7206671495538609,1.0
2016-05-18,185.0,0.0,9.36,0.0,8.849986421397755,0.10364079601442851,23.4,-0.7324940716135789,0.0
2016-05-19,183.0,0.0,11.71,0.0,7.522488458188092,0.08809467661226424,29.275000000000002,-0.7441039398713607,-2.0
2016-05-20,182.0,0.0,12.61,0.0,6.394115189459878,0.0748804751204246,31.525,-0.7554933140726803,-1.0
2016-05-21,182.0,0.0,14.42,0.0,5.434997911040896,0.06364840385236091,36.05,-0.766658819300159,0.0
2016-05-22,181.0,0.0,14.73,0.0,4.619748224384762,0.05410114327450677,36.825,-0.777597146973627,-1.0
2016-05-23,181.0,0.0,17.25,0.0,3.9267859907270473,0.04598597178333075,43.125,-0.7883050558305255,0.0
2016-05-24,181.0,0.0,17.43,0.0,3.33776809211799,0.03908807601583114,43.575,-0.7987793728863649,0.0
2016-05-25,183.0,13.1,15.14,13.1,15.93710287830029,0.18663689974453193,37.85,-0.8090169943749473,2.0
2016-05-26,183.0,0.0,13.96,0.0,13.546537446555247,0.15864136478285215,34.900000000000006,-0.8190148866680801,0.0
2016-05-27,182.0,0.0,16.81,0.0,11.51455682957196,0.13484516006542432,42.025,-0.8287700871745037,-1.0
2016-05-28,184.0,0.0,20.09,0.0,9.787373305136166,0.11461838605561067,50.225,-0.8382797052177743,2.0
2016-05-29,183.0,0.0,20.97,0.0,8.31926730936574,0.09742562814726907,52.425,-0.8475409228928311,-1.0
2016-05-30,183.0,0.0,20.75,0.0,7.071377212960879,0.08281178392517871,51.875,-0.8565509959010036,0.0
2016-05-31,183.0,0.0,22.8,0.0,6.0106706310167475,0.0703900163364019,57.0,-0.865307254363206,0.0
2016-06-01,183.0,0.0,22.64,0.0,5.109070036364235,0.059831513885941615,56.6,-0.8738071036110808,0.0
2016-06-02,184.0,0.0,20.7,0.0,4.3427095309096,0.05085678680305038,51.75,-0.8820480249558537,1.0
2016-06-03,186.0,0.0,20.19,0.0,3.69130310127316,0.04322826878259282,50.475,-0.8900275764346767,2.0
2016-06-04,186.0,0.0,18.11,0.0,3.137607636082186,0.036744028465203894,45.275,-0.8977433935342337,0.0
2016-06-05,186.0,0.0,13.2,0.0,2.666966490669858,0.03123242419542331,33.0,-0.9051931898913974,0.0
2016-06-06,186.0,0.0,10.44,0.0,2.2669215170693793,0.026547560566109813,26.099999999999998,-0.9123747579707273,0.0
2016-06-07,185.0,0.0,12.15,0.0,1.9268832895089723,0.02256542648119334,30.375,-0.9192859697186104,-1.0
2016-06-08,185.0,0.0,17.12,0.0,1.6378507960826263,0.019180612509014337,42.800000000000004,-0.9259247771938498,0.0
2016-06-09,185.0,0.0,12.68,0.0,1.3921731766702323,0.016303520632662185,31.7,-0.9322892131745133,0.0
2016-06-10,184.0,6.5,11.69,6.5,7.683347200169697,0.0899784679844797,29.224999999999998,-0.9383773917408641,-1.0
2016-06-11,185.0,6.8,8.6,6.8,13.330845120144243,0.15611542594644998,21.5,-0.9441875088341993,1.0
2016-06-12,186.0,0.0,10.78,0.0,11.331218352122606,0.13269811205448248,26.95,-0.9497178427914316,1.0
2016-06-13,185.0,0.0,13.77,0.0,9.631535599304215,0.1127933952463101,34.425,-0.9549667548552551,-1.0
2016-06-14,186.0,0.0,17.22,0.0,8.186805259408581,0.09587438595936358,43.05,-0.9599326896597447,1.0
2016-06-15,188.0,4.2,17.24,4.2,11.158784470497295,0.13067876604641454,43.099999999999994,-0.9646141756912435,2.0
2016-06-16,189.0,0.0,18.53,0.0,9.4849667999227,0.11107695113945236,46.325,-0.9690098257244062,1.0
2016-06-17,189.0,9.0,20.28,9.0,17.062221779934298,0.19981298985629634,50.7,-0.9731183372332619,0.0
2016-06-18,191.0,0.0,17.38,0.0,14.502888512944153,0.1698410413778519,43.449999999999996,-0.9769384927771817,2.0
2016-06-19,190.0,0.0,19.27,0.0,12.32745523600253,0.1443648851711741,48.175,-0.980469160361632,-1.0
2016-06-20,191.0,2.5,17.93,2.5,12.97833695060215,0.15198725833654292,44.825,-0.9837092937736097,1.0
2016-06-21,191.0,0.0,17.85,0.0,11.031586408011828,0.12918916958606147,44.625,-0.986657932891657,0.0
2016-06-22,191.0,0.0,19.05,0.0,9.376848446810053,0.10981079414815224,47.625,-0.9893142039703663,0.0
2016-06-23,190.0,0.0,20.2,0.0,7.970321179788544,0.09333917502592941,50.5,-0.99167731989929,-1.0
2016-06-24,190.0,0.0,23.15,0.0,6.774773002820263,0.07933829877203999,57.875,-0.993746580436178,0.0
2016-06-25,189.0,0.0,26.26,0.0,5.758557052397223,0.06743755395623399,65.65,-0.9955213724144752,-1.0
2016-06-26,189.0,0.0,26.87,0.0,4.89477349453764,0.0573219208627989,67.175,-0.9970011699250151,0.0
2016-06-27,190.0,0.0,19.01,0.0,4.160557470356994,0.04872363273337906,47.525000000000006,-0.9981855344718586,1.0
2016-06-28,189.0,0.0,18.47,0.0,3.536473849803445,0.04141508782337221,46.175,-0.99907411510223,-1.0
2016-06-29,189.0,0.0,20.82,0.0,3.006002772332928,0.03520282464986637,52.05,-0.9996666485105112,0.0
2016-06-30,189.0,0.9,22.95,0.9,3.4551023564829886,0.04046215909116259,57.375,-0.9999629591162655,0.0
2016-07-01,188.0,0.9,21.44,0.9,3.8368370030105403,0.04493259336626438,53.6,-0.9999629591162655,-1.0
2016-07-02,189.0,0.0,25.2,0.0,3.2613114525589593,0.03819270436132473,63.0,-0.9996666485105112,1.0
2016-07-03,191.0,15.9,17.5,15.9,18.672114734675116,0.21866619249217184,43.75,-0.99907411510223,2.0
2016-07-04,192.0,5.0,14.59,5.0,20.871297524473846,0.2444204755004359,36.475,-0.9981855344718586,1.0
2016-07-05,190.0,1.6,14.84,1.6,19.34060289580277,0.22649475197763932,37.1,-0.9970011699250151,-2.0
2016-07-06,191.0,1.8,14.2,1.8,18.239512461432355,0.21360005545854577,35.5,-0.9955213724144752,1.0
2016-07-07,190.0,9.1,13.64,9.1,24.6035855922175,0.28812871276516744,34.1,-0.9937465804361781,-1.0
2016-07-08,190.0,0.8,14.97,0.8,21.713047753384874,0.2542780797515267,37.425000000000004,-0.99167731989929,0.0
2016-07-09,190.0,2.3,16.11,2.3,20.756090590377145,0.24307130525455908,40.275,-0.9893142039703664,0.0
2016-07-10,190.0,0.6,17.16,0.6,18.242677001820574,0.213637114892226,42.9,-0.9866579328916572,0.0
2016-07-11,192.0,14.1,19.84,14.1,29.60627545154749,0.3467144251658856,49.6,-0.9837092937736098,2.0
2016-07-12,192.0,0.1,19.42,0.1,25.265334133815365,0.29587834562864457,48.550000000000004,-0.9804691603616321,0.0
2016-07-13,195.0,7.0,15.92,7.0,28.47553401374306,0.3334724904192737,39.8,-0.9769384927771817,3.0
2016-07-14,193.0,6.8,15.88,6.8,31.004203911681604,0.3630853450160249,39.7,-0.973118337233262,-2.0
2016-07-15,196.0,0.0,15.63,0.0,26.35357332492936,0.30862254326362115,39.075,-0.9690098257244063,3.0
2016-07-16,198.0,0.0,17.25,0.0,22.400537326189955,0.26232916177407795,43.125,-0.9646141756912435,2.0
2016-07-17,197.0,3.0,17.8,3.0,22.04045672726146,0.2581123146372202,44.5,-0.9599326896597445,-1.0
2016-07-18,199.0,0.0,16.53,0.0,18.734388218172242,0.21939546744163715,41.325,-0.9549667548552553,2.0
2016-07-19,197.0,1.0,15.94,1.0,16.924229985446406,0.19819698970180955,39.85,-0.9497178427914317,-2.0
2016-07-20,194.0,0.8,16.45,0.8,15.185595487629445,0.1778361151476725,41.125,-0.9441875088341994,-3.0
2016-07-21,193.0,1.7,15.78,1.7,14.607756164485028,0.1710691299154322,39.449999999999996,-0.9383773917408642,-1.0
2016-07-22,194.0,4.4,18.93,4.4,16.816592739812272,0.19693646688435643,47.325,-0.9322892131745134,1.0
2016-07-23,189.0,0.0,19.84,0.0,14.29410382884043,0.16739599685170295,49.6,-0.9259247771938499,-5.0
2016-07-24,193.0,0.0,19.88,0.0,12.149988254514366,0.14228659732394752,49.699999999999996,-0.9192859697186105,4.0
2016-07-25,190.0,3.0,21.66,3.0,13.32749001633721,0.1560761348546093,54.15,-0.9123747579707274,-3.0
2016-07-26,188.0,0.0,22.5,0.0,11.328366513886628,0.1326647146264179,56.25,-0.9051931898913975,-2.0
2016-07-27,190.0,0.0,22.7,0.0,9.629111536803634,0.11276500743245522,56.75,-0.8977433935342336,2.0
2016-07-28,189.0,4.8,22.24,4.8,12.98474480628309,0.15206229972439322,55.599999999999994,-0.8900275764346766,-1.0
2016-07-29,189.0,3.4,18.8,3.4,14.437033085340627,0.16906981884555536,47.0,-0.8820480249558535,0.0
2016-07-30,189.0,1.3,19.39,1.3,13.571478122539533,0.15893344110806545,48.475,-0.8738071036110807,0.0
2016-07-31,190.0,0.0,20.68,0.0,11.535756404158603,0.1350934249418556,51.7,-0.8653072543632061,1.0
2016-08-01,190.0,5.0,18.05,5.0,14.805392943534812,0.17338362308266717,45.125,-0.8565509959010037,0.0
2016-08-02,191.0,0.0,17.73,0.0,12.58458400200459,0.14737607962026708,44.325,-0.8475409228928312,1.0
2016-08-03,190.0,1.0,16.01,1.0,11.696896401703901,0.13698051005364498,40.025000000000006,-0.8382797052177745,-1.0
2016-08-04,188.0,0.0,17.85,0.0,9.942361941448315,0.11643343354559822,44.625,-0.828770087174504,-2.0
2016-08-05,187.0,0.0,23.56,0.0,8.451007650231068,0.0989684185137585,58.9,-0.8190148866680802,-1.0
2016-08-06,187.0,14.5,17.93,14.5,21.683356502696405,0.25393037019475534,44.825,-0.8090169943749472,0.0
2016-08-07,188.0,1.6,15.07,1.6,20.030853027291947,0.23457816246781082,37.675,-0.7987793728863648,1.0
2016-08-08,187.0,0.0,17.45,0.0,17.026225073198155,0.1993914380976392,43.625,-0.7883050558305253,-1.0
2016-08-09,187.0,4.6,17.84,4.6,19.072291312218432,0.22335259731451604,44.6,-0.7775971469736268,0.0
2016-08-10,187.0,1.7,13.88,1.7,17.911447615385665,0.20975813975724916,34.7,-0.7666588193001592,0.0
2016-08-11,189.0,6.5,13.44,6.5,21.724730473077813,0.2544148942403786,33.6,-0.7554933140726804,2.0
2016-08-12,188.0,0.0,13.31,0.0,18.46602090211614,0.2162526601043218,33.275,-0.7441039398713608,-1.0
2016-08-13,188.0,0.2,14.5,0.2,15.896117766798717,0.1861569295639571,36.25,-0.7324940716135792,0.0
2016-08-14,188.0,3.5,16.7,3.5,17.01170010177891,0.19922133844682646,41.75,-0.7206671495538615,0.0
2016-08-15,188.0,0.0,14.58,0.0,14.459945086512073,0.1693381376798025,36.45,-0.7086266782644601,0.0
2016-08-16,188.0,20.4,13.06,20.4,32.69095332353526,0.3828386015067588,32.65,-0.6963762255968726,0.0
2016-08-17,187.0,1.2,13.75,1.2,28.98731032500497,0.3394658221324465,34.375,-0.6839194216246105,-1.0
2016-08-18,188.0,0.0,14.53,0.0,24.639213776254223,0.28854594881257956,36.324999999999996,-0.6712599575675315,1.0
2016-08-19,189.0,0.0,17.3,0.0,20.94333170981609,0.2452640564906926,43.25,-0.6584015846980489,1.0
2016-08-20,188.0,0.0,18.91,0.0,17.801831953343676,0.20847444801708873,47.275,-0.64534811322955,-1.0
2016-08-21,187.0,0.0,21.76,0.0,15.131557160342124,0.1772032808145254,54.400000000000006,-0.6321034111873488,-1.0
2016-08-22,186.0,0.0,20.53,0.0,12.861823586290805,0.1506227886923466,51.325,-0.6186714032625032,-1.0
2016-08-23,185.0,2.5,17.54,2.5,13.432550048347185,0.15730647632953954,43.849999999999994,-0.6050560696488494,-1.0
2016-08-24,184.0,0.0,16.84,0.0,11.417667541095106,0.1337105048801086,42.1,-0.5912614448635782,-1.0
2016-08-25,183.0,0.0,17.22,0.0,9.70501740993084,0.1136539291480923,43.05,-0.5772916165517278,-1.0
2016-08-26,183.0,0.0,19.2,0.0,8.249264798441214,0.09660583977587846,48.0,-0.5631507242749187,0.0
2016-08-27,180.0,0.0,21.25,0.0,7.011875078675032,0.08211496380949669,53.125,-0.5488429582847199,-3.0
2016-08-28,182.0,0.0,19.68,0.0,5.960093816873777,0.0697977192380722,49.2,-0.5343725582809785,2.0
2016-08-29,178.0,0.0,21.25,0.0,5.06607974434271,0.05932806135236136,53.125,-0.5197438121555157,-4.0
2016-08-30,180.0,0.3,15.05,0.3,4.606167782691304,0.05394210486243255,37.625,-0.5049610547215202,2.0
2016-08-31,179.0,0.0,14.61,0.0,3.915242615287608,0.045850789133067664,36.525,-0.4900286664290594,-1.0
2016-09-01,181.0,0.0,16.99,0.0,3.327956222994467,0.038973170763107516,42.474999999999994,-0.4749510720670502,2.0
2016-09-02,178.0,0.0,16.04,0.0,2.828762789545297,0.03312719514864139,40.099999999999994,-0.4597327394521046,-3.0
2016-09-03,180.0,0.6,14.39,0.6,3.0044483711135026,0.03518462130219597,35.975,-0.44437817810461344,2.0
2016-09-04,181.0,13.4,14.26,13.4,15.953781115446478,0.18683221595086746,35.65,-0.4288919379124841,1.0
2016-09-05,184.0,9.8,14.6,9.8,23.360713948129508,0.27357363884713354,36.5,-0.41327860778290443,3.0
2016-09-06,180.0,0.0,14.87,0.0,19.85660685591008,0.2325375930200635,37.175,-0.3975428142825566,-4.0
2016-09-07,186.0,0.0,15.16,0.0,16.87811582752357,0.19765695406705397,37.9,-0.3816892202666586,6.0
2016-09-08,187.0,0.0,16.56,0.0,14.346398453395032,0.16800841095699587,41.4,-0.3657225234972692,1.0
2016-09-09,186.0,0.0,18.54,0.0,12.194438685385776,0.14280714931344646,46.349999999999994,-0.34964745525122826,-1.0
2016-09-10,185.0,0.0,19.12,0.0,10.36527288257791,0.1213860769164295,47.800000000000004,-0.33346877891818705,-1.0
2016-09-11,184.0,0.0,18.78,0.0,8.810481950191223,0.10317816537896507,46.95,-0.31719128858910595,-1.0
2016-09-12,183.0,0.0,19.19,0.0,7.488909657662539,0.0877014405721203,47.975,-0.300819807635668,-1.0
2016-09-13,182.0,0.0,13.9,0.0,6.365573209013158,0.07454622448630226,34.75,-0.2843591872810036,-1.0
2016-09-14,184.0,0.0,13.16,0.0,5.410737227661184,0.06336429081335691,32.9,-0.26781430516217486,2.0
2016-09-15,184.0,0.0,12.35,0.0,4.599126643512006,0.053859647191353374,30.875,-0.25119006388481957,0.0
2016-09-16,183.0,0.0,11.94,0.0,3.909257646985205,0.04578070011265037,29.849999999999998,-0.23449138957041052,-1.0
2016-09-17,182.0,0.0,10.17,0.0,3.322868999937424,0.03891359509575281,25.425,-0.21772323039653224,-1.0
2016-09-18,185.0,0.0,9.53,0.0,2.8244386499468104,0.03307655583138989,23.825,-0.20089055513063528,3.0
2016-09-19,184.0,0.0,9.6,0.0,2.400772852454789,0.028115072456681402,24.0,-0.18399835165767986,-1.0
2016-09-20,182.0,0.0,10.61,0.0,2.0406569245865707,0.023897811588179194,26.525,-0.1670516255021195,-2.0
2016-09-21,184.0,5.5,9.6,5.5,7.234558385898585,0.08472277292025118,24.0,-0.15005539834465262,2.0
2016-09-22,186.0,0.0,8.8,0.0,6.149374628013797,0.0720143569822135,22.0,-0.13301470653419636,2.0
2016-09-23,184.0,0.0,9.45,0.0,5.226968433811727,0.06121220343488148,23.625,-0.11593459959550066,-2.0
2016-09-24,182.0,1.3,11.52,1.3,5.742923168739968,0.06725446800899262,28.799999999999997,-0.09882013873287211,-2.0
2016-09-25,187.0,0.0,10.08,0.0,4.881484693428972,0.05716629780764372,25.2,-0.08167639533042288,5.0
2016-09-26,188.0,0.0,9.56,0.0,4.149261989414627,0.048591353136497165,23.900000000000002,-0.06450844944931625,1.0
2016-09-27,186.0,0.0,10.02,0.0,3.5268726910024326,0.04130265016602259,25.049999999999997,-0.04732138832243232,-2.0
2016-09-28,187.0,3.8,8.45,3.8,6.797841787352068,0.07960845367150751,21.125,-0.03012030484690836,1.0
2016-09-29,186.0,1.2,14.45,1.2,6.9781655192492575,0.08172019647248295,36.125,-0.012910296075008843,-1.0
2016-09-30,185.0,0.0,14.64,0.0,5.9314406913618685,0.06946216700161051,36.6,0.004303538296243821,-1.0
2016-10-01,190.0,0.0,12.55,0.0,5.041724587657588,0.05904284195136893,31.375,0.021516097436222233,5.0
2016-10-02,190.0,1.1,15.03,1.1,5.385465899508949,0.06306834227272336,37.574999999999996,0.03872228089217399,0.0
2016-10-03,189.0,0.0,12.57,0.0,4.577646014582607,0.05360809093181485,31.425,0.05591699010060302,-1.0
2016-10-04,186.0,0.0,8.06,0.0,3.8909991123952157,0.045566877292042625,20.150000000000002,0.07309512989807776,-3.0
2016-10-05,185.0,0.8,7.04,0.8,4.107349245535933,0.04810051959937061,17.6,0.0902516100310407,-1.0
2016-10-06,182.0,4.5,7.6,4.5,7.9912468587055425,0.0935842323533459,19.0,0.10738134666416306,-3.0
2016-10-07,185.0,12.6,6.61,12.6,19.39255982989971,0.2271032114432105,16.525000000000002,0.12447926388678869,3.0
2016-10-08,185.0,0.3,4.69,0.3,16.783675855414753,0.19655098243965433,11.725000000000001,0.141540295217043,0.0
2016-10-09,189.0,25.8,6.8,25.8,40.06612447710254,0.46920806838528994,17.0,0.15855938510313475,4.0
2016-10-10,189.0,0.5,5.49,0.5,34.55620580553716,0.4046822793157055,13.725000000000001,0.17553149042142777,0.0
2016-10-11,191.0,0.0,4.43,0.0,29.372774934706587,0.34397993741834965,11.075,0.19245158197082995,2.0
2016-10-12,195.0,0.0,3.88,0.0,24.966858694500598,0.2923829468055972,9.7,0.20931464596304888,4.0
2016-10-13,196.0,0.0,2.23,0.0,21.22182989032551,0.24852550478475763,5.575,0.22611568550828803,1.0
2016-10-14,193.0,0.0,-0.93,0.0,18.03855540677668,0.21124667906704395,0.0,0.2428497220959358,-3.0
2016-10-15,194.0,0.0,2.31,0.0,15.332772095760179,0.17955967720698737,5.775,0.25951179706979943,1.0
2016-10-16,194.0,0.0,3.76,0.0,13.032856281396151,0.15262572562593926,9.399999999999999,0.27609697309746883,0.0
2016-10-17,192.0,0.0,2.76,0.0,11.077927839186728,0.12973186678204837,6.8999999999999995,0.2926003356333479,-2.0
2016-10-18,193.0,0.0,3.23,0.0,9.416238663308718,0.1102720867647411,8.075,0.30901699437494723,1.0
2016-10-19,196.0,0.0,3.27,0.0,8.00380286381241,0.09373127375002993,8.175,0.3253420847119795,3.0
2016-10-20,193.0,0.0,3.52,0.0,6.803232434240549,0.07967158268752544,8.8,0.341570769167856,-3.0
2016-10-21,192.0,0.0,2.25,0.0,5.782747569104466,0.06772084528439662,5.625,0.35769823883312546,-1.0
2016-10-22,192.0,6.7,3.45,6.7,11.615335433738796,0.13602536241373755,8.625,0.3737197147904692,0.0
2016-10-23,190.0,2.8,3.26,2.8,12.673035118677976,0.14841191670564727,8.149999999999999,0.38963044953078774,-2.0
2016-10-24,190.0,5.6,2.45,5.6,16.37207985087628,0.19173084650774083,6.125,0.4054257283599973,0.0
2016-10-25,195.0,24.5,4.62,24.5,38.416267873244834,0.4498868577538201,11.55,0.42110087079608916,5.0
2016-10-26,197.0,0.2,3.83,0.2,32.85382769225811,0.3847459975660307,9.575,0.4366512319560638,2.0
2016-10-27,201.0,0.0,3.56,0.0,27.92575353841939,0.32703409793112603,8.9,0.45207220393230374,4.0
2016-10-28,202.0,13.0,4.99,13.0,36.73689050765648,0.43021993413489085,12.475000000000001,0.46735921715800205,1.0
2016-10-29,204.0,0.9,5.58,0.9,32.12635693150801,0.3762267021534334,13.95,0.48250774176121763,2.0
2016-10-30,202.0,0.8,4.44,0.8,28.107403391781812,0.3291613707315528,11.100000000000001,0.4975132889071803,-2.0
2016-10-31,198.0,1.5,2.65,1.5,25.39129288301454,0.2973534286864468,6.625,0.5123714121284235,-4.0
2016-11-01,198.0,6.5,0.24,6.5,28.082598950562357,0.32887088983019663,0.6,0.5270777086423724,0.0
2016-11-02,198.0,2.7,1.85,2.7,26.570209107978002,0.31115953077199565,4.625,0.5416278206559811,0.0
2016-11-03,198.0,3.4,1.14,3.4,25.9846777417813,0.30430246523601745,2.8499999999999996,0.5560174366570446,0.0
2016-11-04,200.0,0.4,-0.08,0.4,22.486976080514104,0.26334143240118196,0.0,0.5702422926917867,2.0
2016-11-05,200.0,0.0,0.15,0.0,19.113929668436988,0.22384021754100467,0.375,0.5842981736283683,0.0
2016-11-06,202.0,11.5,0.93,11.5,27.74684021817144,0.3249388722386607,2.325,0.5981809144059159,2.0
2016-11-07,201.0,1.0,1.58,1.0,24.584814185445723,0.28790888377927953,3.95,0.6118864012687242,-1.0
2016-11-08,200.0,0.3,-0.6,0.3,21.197092057628865,0.24823580392531303,0.0,0.6254105729852457,-1.0
2016-11-09,201.0,3.2,-1.84,3.2,21.217528248984532,0.24847512894105356,0.0,0.6387494220515268,1.0
2016-11-10,198.0,1.5,-1.56,1.5,19.534899011636853,0.2287701231645225,0.0,0.6518989958787125,-3.0
2016-11-11,194.0,0.0,-2.2,0.0,16.604664159891325,0.19445460468984413,0.0,0.6648553979642867,-4.0
2016-11-12,192.0,0.0,-1.73,0.0,14.113964535907625,0.16528641398636748,0.0,0.6776147890466887,-2.0
2016-11-13,190.0,0.0,-1.3,0.0,11.996869855521481,0.14049345188841236,0.0,0.690173388242972,-2.0
2016-11-14,190.0,1.0,0.14,1.0,11.19733937719326,0.1311302764815685,0.35000000000000003,0.7025274741691566,0.0
2016-11-15,189.0,1.0,0.08,1.0,10.51773847061427,0.1231715773857512,0.2,0.7146733860429608,-1.0
2016-11-16,189.0,3.7,0.26,3.7,12.640077700022129,0.14802595757063503,0.65,0.726607524768565,0.0
2016-11-17,190.0,3.0,1.74,3.0,13.74406604501881,0.1609545910642937,4.35,0.7383263540031063,1.0
2016-11-18,192.0,0.6,4.06,0.6,12.282456138265989,0.14383790783050043,10.149999999999999,0.749826401204568,2.0
2016-11-19,193.0,3.0,4.96,3.0,13.44008771752609,0.15739474878517928,12.4,0.7611042586607742,1.0
2016-11-20,194.0,5.2,6.68,5.2,16.624074559897178,0.1946819168247759,16.7,0.7721565844991641,1.0
2016-11-21,195.0,0.0,3.84,0.0,14.130463375912601,0.1654796293010595,9.6,0.7829801036770625,1.0
2016-11-22,195.0,0.0,0.04,0.0,12.010893869525711,0.14065768490590058,0.1,0.7935716089521472,0.0
2016-11-23,194.0,0.0,0.58,0.0,10.209259789096855,0.1195590321700155,1.45,0.8039279618328208,-1.0
2016-11-24,194.0,0.0,1.67,0.0,8.677870820732327,0.10162517734451318,4.175,0.8140460935082175,0.0
2016-11-25,192.0,0.0,1.34,0.0,7.376190197622478,0.08638140074283619,3.35,0.8239230057575536,-2.0
2016-11-26,191.0,1.1,2.4,1.1,7.369761667979105,0.08630611724547053,6.0,0.8335557718385695,-1.0
2016-11-27,190.0,2.7,2.2,2.7,8.96429741778224,0.10497947407497848,5.5,0.8429415373547832,-1.0
2016-11-28,191.0,5.3,-3.06,5.3,12.919652805114904,0.151300017558747,0.0,0.8520775211013093,1.0
2016-11-29,190.0,3.8,-6.32,3.8,14.781704884347668,0.17310621595532324,0.0,0.8609610158889945,-1.0
2016-11-30,190.0,3.7,-2.14,3.7,16.26444915169552,0.19047040035477128,0.0,0.8695893893466109,0.0
2016-12-01,189.0,0.3,-0.07,0.3,14.124781778941191,0.16541309301448098,0.0,0.8779600847008883,-1.0
2016-12-02,189.0,4.1,-1.38,4.1,16.106064512100012,0.18861558280562254,0.0,0.8860706215341377,0.0
2016-12-03,189.0,0.0,-3.38,0.0,13.69015483528501,0.16032324538477916,0.0,0.893918596519257,0.0
2016-12-04,187.0,0.0,-6.34,0.0,11.636631609992259,0.13627475857706228,0.0,0.9015016841318838,-2.0
2016-12-05,187.0,3.1,0.54,3.1,12.99113686849342,0.15213715615739867,1.35,0.9088176373395028,0.0
2016-12-06,189.0,0.2,-1.89,0.2,11.242466338219407,0.13165875120907247,0.0,0.9158642882672868,2.0
2016-12-07,190.0,0.0,-6.2,0.0,9.556096387486495,0.11190993852771158,0.0,0.9226395488404875,1.0
2016-12-08,194.0,13.5,3.48,13.5,21.62268192936352,0.25321981983019753,8.7,0.9291414114031743,4.0
2016-12-09,197.0,3.5,6.11,3.5,21.87927963995899,0.2562247951731308,15.275,0.935367949313148,3.0
2016-12-10,204.0,5.5,2.5,5.5,24.097387693965143,0.28220070896746,6.25,0.941317317512847,7.0
2016-12-11,207.0,6.7,-2.47,6.7,27.18277953987037,0.3183332465443415,0.0,0.946987753076075,3.0
2016-12-12,208.0,0.0,-7.08,0.0,23.105362608889813,0.27058325956269025,0.0,0.9523775757303973,1.0
2016-12-13,201.0,1.2,-3.41,1.2,20.83955821755634,0.24404878147998826,0.0,0.9574851883550389,-7.0
2016-12-14,202.0,5.1,-1.38,5.1,22.81362448492289,0.2671667603777217,0.0,0.9623090774541487,1.0
2016-12-15,199.0,0.0,-4.73,0.0,19.391580812184458,0.22709174632106346,0.0,0.9668478136052773,-3.0
2016-12-16,195.0,0.2,-0.59,0.2,16.682843690356787,0.1953701528481875,0.0,0.9711000518829505,-4.0
2016-12-17,194.0,0.0,-0.4,0.0,14.180417136803268,0.16606462992095938,0.0,0.9750645322571945,-1.0
2016-12-18,192.0,0.7,-0.71,0.7,12.753354566282777,0.14935252509630806,0.0,0.9787400799669153,-2.0
2016-12-19,192.0,2.1,1.81,2.1,12.94035138134036,0.15154241532233959,4.525,0.9821256058680006,0.0
2016-12-20,194.0,0.5,2.18,0.5,11.499298674139306,0.13466647421219763,5.45,0.9852201067560606,2.0
2016-12-21,197.0,0.0,0.16,0.0,9.774403873018409,0.11446650308036797,0.4,0.9880226656636976,3.0
2016-12-22,198.0,0.0,-0.73,0.0,8.308243292065647,0.09729652761831277,0.0,0.9905324521322227,1.0
2016-12-23,198.0,2.3,-0.14,2.3,9.3620067982558,0.1096369859413272,0.0,0.9927487224577402,0.0
2016-12-24,196.0,0.4,0.55,0.4,8.35770577851743,0.0978757750006953,1.375,0.9946708199115211,-2.0
2016-12-25,195.0,0.6,1.32,0.6,7.704049911739815,0.09022091417644179,3.3000000000000003,0.9962981749346077,-1.0
2016-12-26,196.0,7.0,4.22,7.0,13.548442424978841,0.15866367368490134,10.549999999999999,0.9976303053065857,1.0
2016-12-27,199.0,9.0,0.96,9.0,20.516176061232017,0.24026170401992794,2.4,0.9986668162884759,3.0
2016-12-28,204.0,0.9,-0.23,0.9,18.338749652047213,0.2147622065557149,0.0,0.9994074007397048,5.0
2016-12-29,204.0,0.0,-1.0,0.0,15.58793720424013,0.1825478755723577,0.0,0.9998518392091162,0.0
2016-12-30,203.0,0.0,-0.48,0.0,13.24974662360411,0.15516569423650403,0.0,1.0,-1.0
2016-12-31,200.0,0.0,0.63,0.0,11.262284630063494,0.13189084010102842,1.575,0.9998518392091162,-3.0
2017-01-01,197.0,0.0,1.64,0.0,9.57294193555397,0.11210721408587417,4.1,0.9998518392091162,-3.0
2017-01-02,196.0,5.5,0.53,5.5,13.637000645220875,0.1597007650432919,1.3250000000000002,0.9994074007397048,-1.0
2017-01-03,197.0,0.0,-1.88,0.0,11.591450548437743,0.1357456502867981,0.0,0.998666816288476,1.0
2017-01-04,197.0,7.0,-1.04,7.0,16.852732966172084,0.19735969937870426,0.0,0.9976303053065857,0.0
2017-01-05,194.0,0.0,-14.39,0.0,14.32482302124627,0.16775574447189862,0.0,0.9962981749346078,-3.0
2017-01-06,187.0,0.0,-19.05,0.0,12.17609956805933,0.14259238280111383,0.0,0.9946708199115211,-7.0
2017-01-07,194.0,0.0,-20.26,0.0,10.34968463285043,0.12120352538094674,0.0,0.9927487224577402,7.0
2017-01-08,208.0,0.0,-11.21,0.0,8.797231937922865,0.10302299657380472,0.0,0.9905324521322229,14.0
2017-01-09,218.0,0.0,-7.45,0.0,7.477647147234435,0.08756954708773401,0.0,0.9880226656636976,10.0
2017-01-10,223.0,0.0,-11.09,0.0,6.356000075149269,0.0744341150245739,0.0,0.9852201067560606,5.0
2017-01-11,230.0,0.0,-8.22,0.0,5.4026000638768785,0.06326899777088782,0.0,0.9821256058680006,7.0
2017-01-12,237.0,2.1,-5.3,2.1,6.692210054295346,0.07837141709573239,0.0,0.9787400799669153,7.0
2017-01-13,234.0,3.7,-0.26,3.7,9.388378546151046,0.10994582132411905,0.0,0.9750645322571948,-3.0
2017-01-14,226.0,5.0,-0.56,5.0,12.98012176422839,0.1520081600075911,0.0,0.9711000518829505,-8.0
2017-01-15,217.0,0.2,-2.17,0.2,11.23310349959413,0.131549104481736,0.0,0.9668478136052775,-9.0
2017-01-16,202.0,0.0,-5.05,0.0,9.54813797465501,0.1118167388094756,0.0,0.9623090774541486,-15.0
2017-01-17,195.0,0.0,-4.61,0.0,8.115917278456758,0.09504422798805424,0.0,0.9574851883550393,-7.0
2017-01-18,194.0,0.0,-7.1,0.0,6.898529686688244,0.08078759378984611,0.0,0.9523775757303974,-1.0
2017-01-19,193.0,1.1,-4.42,1.1,6.963750233685007,0.08155138133542895,0.0,0.9469877530760753,-1.0
2017-01-20,191.0,1.2,0.42,1.2,7.119187698632255,0.08337168498681619,1.05,0.9413173175128471,-2.0
2017-01-21,190.0,0.2,0.46,0.2,6.251309543837417,0.07320810071407735,1.1500000000000001,0.9353679493131483,-1.0
2017-01-22,188.0,0.0,-0.68,0.0,5.313613112261804,0.06222688560696575,0.0,0.9291414114031743,-2.0
2017-01-23,187.0,0.0,-1.79,0.0,4.5165711454225335,0.05289285276592088,0.0,0.9226395488404876,-1.0
2017-01-24,186.0,1.0,-0.03,1.0,4.8390854736091535,0.05666976722745073,0.0,0.9158642882672872,-1.0
2017-01-25,187.0,0.0,-5.29,0.0,4.113222652567781,0.04816930214333312,0.0,0.9088176373395029,1.0
2017-01-26,194.0,1.1,-7.3,1.1,4.596239254682613,0.05382583343589292,0.0,0.901501684131884,7.0
2017-01-27,192.0,1.3,0.02,1.3,5.206803366480221,0.06097605350985235,0.05,0.893918596519257,-2.0
2017-01-28,185.0,0.0,0.2,0.0,4.425782861508188,0.0518296454833745,0.5,0.886070621534138,-7.0
2017-01-29,184.0,0.0,-0.88,0.0,3.7619154322819597,0.04405519866086832,0.0,0.8779600847008882,-1.0
2017-01-30,183.0,0.0,-2.94,0.0,3.1976281174396655,0.03744691886173807,0.0,0.869589389346611,-1.0
2017-01-31,183.0,0.0,-5.02,0.0,2.7179838998237154,0.03182988103247736,0.0,0.8609610158889943,0.0
2017-02-01,182.0,0.0,-5.57,0.0,2.310286314850158,0.027055398877605753,0.0,0.8520775211013093,-1.0
2017-02-02,182.0,0.0,-3.1,0.0,1.9637433676226344,0.02299708904596489,0.0,0.8429415373547828,0.0
2017-02-03,182.0,0.0,-2.43,0.0,1.6691818624792392,0.019547525689070158,0.0,0.8335557718385699,0.0
2017-02-04,183.0,0.0,-1.77,0.0,1.4188045831073532,0.016615396835709634,0.0,0.8239230057575542,1.0
2017-02-05,181.0,0.0,-1.84,0.0,1.2059838956412503,0.014123087310353189,0.0,0.8140460935082178,-2.0
2017-02-06,179.0,0.2,-7.0,0.2,1.2250863112950627,0.014346792689083804,0.0,0.8039279618328213,-2.0
2017-02-07,181.0,0.0,-11.01,0.0,1.0413233646008033,0.012194773785721234,0.0,0.7935716089521474,2.0
2017-02-08,191.0,0.0,-12.25,0.0,0.8851248599106828,0.01036555771786305,0.0,0.7829801036770629,10.0
2017-02-09,198.0,0.0,-9.21,0.0,0.7523561309240804,0.008810724060183591,0.0,0.7721565844991642,7.0
2017-02-10,206.0,0.0,-8.48,0.0,0.6395027112854683,0.007489115451156053,0.0,0.7611042586607747,8.0
2017-02-11,209.0,0.0,-4.65,0.0,0.5435773045926481,0.006365748133482645,0.0,0.7498264012045686,3.0
2017-02-12,210.0,0.0,-6.48,0.0,0.4620407089037509,0.005410885913460248,0.0,0.7383263540031065,1.0
2017-02-13,214.0,0.0,-6.57,0.0,0.3927346025681882,0.0045992530264412105,0.0,0.7266075247685656,4.0
2017-02-14,213.0,0.0,-0.06,0.0,0.33382441218295994,0.003909365072475028,0.0,0.7146733860429609,-1.0
2017-02-15,191.0,0.0,-0.75,0.0,0.28375075035551595,0.0033229603116037743,0.0,0.702527474169157,-22.0
2017-02-16,174.0,0.0,-1.76,0.0,0.24118813780218853,0.0028245162648632078,0.0,0.6901733882429719,-17.0
2017-02-17,172.0,0.0,1.15,0.0,0.20500991713186026,0.0024008388251337267,2.875,0.6776147890466889,-2.0
2017-02-18,172.0,0.2,1.1,0.2,0.3742584295620812,0.004382881476647263,2.75,0.6648553979642865,0.0
2017-02-19,172.0,0.7,0.83,0.7,1.0181196651277689,0.011923038918642754,2.0749999999999997,0.6518989958787126,0.0
2017-02-20,172.0,6.0,1.8,6.0,6.865401715358604,0.08039963733935421,4.5,0.6387494220515272,0.0
2017-02-21,183.0,5.4,3.39,5.4,11.235591458054813,0.13157824057110815,8.475,0.6254105729852463,11.0
2017-02-22,191.0,4.3,-0.43,4.3,13.85025273934659,0.1621981267040392,0.0,0.6118864012687243,8.0
2017-02-23,193.0,4.3,1.84,4.3,16.072714828444603,0.18822502991703063,4.6000000000000005,0.5981809144059164,2.0
2017-02-24,199.0,11.3,-0.01,11.3,24.961807604177913,0.2923237942829992,0.0,0.5842981736283683,6.0
2017-02-25,200.0,0.4,-1.46,0.4,21.617536463551225,0.2531595620911165,0.0,0.5702422926917871,1.0
2017-02-26,198.0,2.1,0.62,2.1,20.474905994018542,0.23977839676792675,1.55,0.5560174366570446,-2.0
2017-02-27,198.0,1.0,4.67,1.0,18.40367009491576,0.21552247962915572,11.675,0.5416278206559814,0.0
2017-02-28,196.0,0.0,6.32,0.0,15.643119580678396,0.18319410768478236,15.8,0.5270777086423722,-2.0
2017-03-01,196.0,0.4,4.73,0.4,13.696651643576637,0.1603993284826322,11.825000000000001,0.5123714121284237,0.0
2017-03-02,196.0,10.0,3.33,10.0,21.64215389704014,0.2534478529744171,8.325,0.49751328890718066,0.0
2017-03-03,199.0,1.8,2.03,1.8,20.195830812484118,0.2365101913058069,5.074999999999999,0.48250774176121847,3.0
2017-03-04,202.0,0.0,3.83,0.0,17.1664561906115,0.20103366260993583,9.575,0.46735921715800227,3.0
2017-03-05,201.0,0.3,3.86,0.3,14.891487762019773,0.17439186593137085,9.65,0.45207220393230435,-1.0
2017-03-06,200.0,10.2,1.39,10.2,22.857764597716805,0.26768367828112855,3.4749999999999996,0.43665123195606403,-1.0
2017-03-07,202.0,0.0,1.96,0.0,19.429099908059285,0.2275311265389593,4.9,0.4211008707960896,2.0
2017-03-08,202.0,0.0,2.57,0.0,16.51473492185039,0.19340145755811536,6.425,0.40542572835999735,0.0
2017-03-09,202.0,3.9,3.75,3.9,17.937524683572832,0.21006352419242816,9.375,0.38963044953078796,0.0
2017-03-10,206.0,4.2,2.72,4.2,19.446895981036906,0.22773953354451942,6.800000000000001,0.37371971479046906,4.0
2017-03-11,210.0,0.6,1.48,0.6,17.12986158388137,0.20060510893869232,3.7,0.35769823883312546,4.0
2017-03-12,208.0,0.0,2.67,0.0,14.560382346299166,0.17051434259788847,6.675,0.3415707691678556,-2.0
2017-03-13,203.0,0.0,3.34,0.0,12.37632499435429,0.1449371912082052,8.35,0.3253420847119801,-5.0
2017-03-14,198.0,0.0,3.02,0.0,10.519876245201147,0.1231966125269744,7.55,0.30901699437494745,-5.0
2017-03-15,195.0,0.6,3.89,0.6,9.541894808420974,0.11174362607377902,9.725,0.29260033563334836,-3.0
2017-03-16,194.0,0.8,3.0,0.8,8.910610587157828,0.10435075606384656,7.5,0.27609697309746883,-1.0
2017-03-17,193.0,3.5,1.89,3.5,11.074018999084153,0.12968609097173248,4.725,0.2595117970697999,-1.0
2017-03-18,192.0,0.0,2.75,0.0,9.41291614922153,0.11023317732597261,6.875,0.2428497220959356,-1.0
2017-03-19,193.0,3.9,2.06,3.9,11.9009787268383,0.13937048599510682,5.15,0.22611568550828828,1.0
2017-03-20,192.0,0.0,2.52,0.0,10.115831917812555,0.1184649130958408,6.3,0.20931464596304847,-1.0
2017-03-21,193.0,5.9,5.8,5.9,14.498457130140672,0.16978914615233073,14.5,0.19245158197082998,1.0
2017-03-22,197.0,4.2,4.52,4.2,16.523688560619572,0.19350631221043663,11.299999999999999,0.1755314904214282,4.0
2017-03-23,199.0,0.0,4.8,0.0,14.045135276526636,0.16448036537887115,12.0,0.15855938510313478,2.0
2017-03-24,199.0,0.9,4.48,0.9,12.83836498504764,0.15034806871081666,11.200000000000001,0.141540295217043,0.0
2017-03-25,198.0,4.7,0.55,4.7,15.612610237290493,0.18283681757335862,1.375,0.12447926388678915,-1.0
2017-03-26,196.0,0.0,2.68,0.0,13.27071870169692,0.15541129493735484,6.7,0.10738134666416309,-2.0
2017-03-27,195.0,0.0,7.73,0.0,11.280110896442382,0.1320996006967516,19.325000000000003,0.09025161003104117,-1.0
2017-03-28,192.0,0.0,5.95,0.0,9.588094261976025,0.11228466059223888,14.875,0.07309512989807777,-3.0
2017-03-29,190.0,0.0,2.05,0.0,8.14988012267962,0.09544196150340303,5.125,0.055916990100603484,-2.0
2017-03-30,188.0,0.0,2.17,0.0,6.927398104277677,0.08112566727789258,5.425,0.03872228089217446,-2.0
2017-03-31,188.0,5.5,7.57,5.5,11.388288388636026,0.13336645025650756,18.925,0.021516097436222254,0.0
2017-04-01,190.0,3.1,11.71,3.1,12.780045130340621,0.14966509408492715,29.275000000000002,0.004303538296244289,2.0
2017-04-02,191.0,2.0,14.34,2.0,12.863038360789528,0.15063701472502403,35.85,-0.01291029607500882,1.0
2017-04-03,190.0,0.6,10.48,0.6,11.533582606671098,0.1350679679421212,26.200000000000003,-0.030120304846908114,-1.0
2017-04-04,190.0,0.0,7.51,0.0,9.803545215670434,0.11480777275080303,18.775,-0.04732138832243185,0.0
2017-04-05,189.0,5.0,8.86,5.0,13.333013433319868,0.15614081872027244,22.15,-0.06450844944931623,-1.0
2017-04-06,189.0,3.4,5.47,3.4,14.733061418321888,0.1725365599920527,13.674999999999999,-0.08167639533042241,0.0
2017-04-07,190.0,0.0,5.46,0.0,12.523102205573604,0.1466560759932448,13.65,-0.09882013873287143,1.0
2017-04-08,189.0,0.0,4.41,0.0,10.644636874737563,0.12465766459425806,11.025,-0.11593459959550041,-1.0
2017-04-09,188.0,0.0,6.57,0.0,9.047941343526928,0.10595901490511934,16.425,-0.1330147065341959,-1.0
2017-04-10,188.0,0.0,11.4,0.0,7.6907501419978885,0.09006516266935144,28.5,-0.1500553983446526,0.0
2017-04-11,187.0,1.2,5.37,1.2,7.737137620698205,0.0906083991206503,13.425,-0.16705162550211924,-1.0
2017-04-12,187.0,4.3,4.76,4.3,10.876566977593473,0.12737376147115004,11.899999999999999,-0.18399835165768005,0.0
2017-04-13,188.0,1.9,5.25,1.9,11.145081930954452,0.1305182977656717,13.125,-0.20089055513063506,1.0
2017-04-14,188.0,0.9,2.62,0.9,10.373319641311285,0.12148031123959713,6.550000000000001,-0.21772323039653177,0.0
2017-04-15,188.0,2.4,4.42,2.4,11.217321695114594,0.1313642862570607,11.05,-0.23449138957040985,0.0
2017-04-16,189.0,11.0,0.18,11.0,20.534723440847404,0.24047890945909933,0.44999999999999996,-0.25119006388481935,1.0
2017-04-17,188.0,0.0,-1.19,0.0,17.454514924720293,0.20440707304023442,0.0,-0.2678143051621742,-1.0
2017-04-18,191.0,0.0,-0.13,0.0,14.836337686012248,0.17374601208419926,0.0,-0.2843591872810034,3.0
2017-04-19,188.0,0.0,0.85,0.0,12.61088703311041,0.14768411027156936,2.125,-0.30081980763566735,-3.0
2017-04-20,187.0,0.0,2.31,0.0,10.719253978143849,0.12553149373083394,5.775,-0.3171912885891061,-1.0
2017-04-21,186.0,2.0,3.3,2.0,11.111365881422271,0.13012345442404483,8.25,-0.3334687789181868,-1.0
2017-04-22,186.0,7.5,4.78,7.5,16.944660999208928,0.19843625408357288,11.950000000000001,-0.3496474552512284,0.0
2017-04-23,187.0,0.0,3.03,0.0,14.402961849327589,0.16867081597103695,7.574999999999999,-0.36572252349726897,1.0
2017-04-24,186.0,0.9,3.16,0.9,13.142517571928451,0.15390995171415758,7.9,-0.3816892202666588,-1.0
2017-04-25,184.0,1.3,8.51,1.3,12.471139936139183,0.14604755404637731,21.275,-0.39754281428255595,-2.0
2017-04-26,183.0,0.7,5.57,0.7,11.300468945718304,0.13233801060291328,13.925,-0.4132786077829042,-1.0
2017-04-27,182.0,0.0,5.94,0.0,9.605398603860559,0.1124873090124763,14.850000000000001,-0.4288919379124835,-1.0
2017-04-28,183.0,17.9,3.85,17.9,26.064588813281475,0.3052382911984866,9.625,-0.4443781781046132,1.0
2017-04-29,190.0,2.4,5.6,2.4,24.554900491289253,0.28755856922211676,14.0,-0.45973273945210397,7.0
2017-04-30,197.0,0.0,5.24,0.0,20.871665417595864,0.24442478383879923,13.100000000000001,-0.47495107206704995,7.0
2017-05-01,198.0,0.0,5.35,0.0,17.740915604956484,0.20776106626297935,13.375,-0.49002866642905923,1.0
2017-05-02,195.0,0.0,7.63,0.0,15.079778264213012,0.17659690632353245,19.075,-0.5049610547215204,-3.0
2017-05-03,192.0,0.0,10.94,0.0,12.81781152458106,0.15010737037500257,27.349999999999998,-0.5197438121555155,-3.0
2017-05-04,188.0,0.0,13.05,0.0,10.8951397958939,0.1275912648187522,32.625,-0.5343725582809787,-4.0
2017-05-05,188.0,0.0,14.9,0.0,9.260868826509816,0.10845257509593936,37.25,-0.548842958284719,0.0
2017-05-06,187.0,0.0,16.62,0.0,7.871738502533343,0.09218468883154846,41.550000000000004,-0.5631507242749186,-1.0
2017-05-07,187.0,2.1,11.81,2.1,8.790977727153342,0.10294975449729395,29.525000000000002,-0.5772916165517272,0.0
2017-05-08,188.0,0.2,7.39,0.2,7.67233106808034,0.08984945979798344,18.474999999999998,-0.5912614448635781,1.0
2017-05-09,188.0,0.7,2.57,0.7,7.221481407868289,0.08456963049177851,6.425,-0.6050560696488488,0.0
2017-05-10,188.0,1.6,2.18,1.6,7.7382591966880465,0.0906215337202805,5.45,-0.6186714032625031,0.0
2017-05-11,189.0,0.0,4.18,0.0,6.577520317184839,0.07702830366223842,10.45,-0.6321034111873487,1.0
2017-05-12,188.0,0.0,8.3,0.0,5.590892269607113,0.06547405811290265,20.75,-0.6453481132295501,-1.0
2017-05-13,188.0,0.0,11.98,0.0,4.752258429166046,0.05565294939596726,29.950000000000003,-0.6584015846980488,0.0
2017-05-14,187.0,0.0,13.92,0.0,4.039419664791139,0.04730500698657217,34.8,-0.6712599575675313,-1.0
2017-05-15,187.0,0.0,14.54,0.0,3.4335067150724683,0.04020925593858635,36.349999999999994,-0.6839194216246106,0.0
2017-05-16,187.0,0.0,12.11,0.0,2.918480707811598,0.03417786754779839,30.275,-0.6963762255968722,0.0
2017-05-17,187.0,0.0,12.06,0.0,2.4807086016398583,0.02905118741562863,30.150000000000002,-0.7086266782644596,0.0
2017-05-18,187.0,0.0,14.93,0.0,2.1086023113938794,0.024693509303284338,37.325,-0.7206671495538609,0.0
2017-05-19,187.0,0.0,18.1,0.0,1.7923119646847974,0.020989482907791686,45.25,-0.7324940716135789,0.0
2017-05-20,187.0,0.0,19.59,0.0,1.5234651699820778,0.017841060471622934,48.975,-0.7441039398713607,0.0
2017-05-21,187.0,0.0,18.19,0.0,1.2949453944847662,0.015164901400879493,45.475,-0.7554933140726803,0.0
2017-05-22,186.0,0.0,15.81,0.0,1.1007035853120513,0.012890166190747569,39.525,-0.766658819300159,-1.0
2017-05-23,187.0,0.0,14.39,0.0,0.9355980475152436,0.010956641262135433,35.975,-0.777597146973627,1.0
2017-05-24,186.0,0.0,14.5,0.0,0.795258340387957,0.009313145072815117,36.25,-0.7883050558305255,-1.0
2017-05-25,186.0,0.0,13.93,0.0,0.6759695893297634,0.007916173311892849,34.825,-0.7987793728863649,0.0
2017-05-26,186.0,1.0,12.1,1.0,1.5745741509302988,0.018439589691526898,30.25,-0.8090169943749473,0.0
2017-05-27,187.0,0.0,14.31,0.0,1.3383880282907539,0.01567365123779786,35.775,-0.8190148866680801,1.0
2017-05-28,186.0,0.0,19.64,0.0,1.1376298240471407,0.013322603552128182,49.1,-0.8287700871745037,-1.0
2017-05-29,185.0,0.9,19.21,0.9,1.8669853504400695,0.02186397115808513,48.025000000000006,-0.8382797052177743,-1.0
2017-05-30,186.0,0.0,16.59,0.0,1.586937547874059,0.018584375484372362,41.475,-0.8475409228928311,1.0
2017-05-31,186.0,1.4,15.32,1.4,2.74889691569295,0.03219189848870167,38.3,-0.8565509959010036,0.0
2017-06-01,189.0,3.2,11.31,3.2,5.536562378339008,0.06483780931993395,28.275000000000002,-0.865307254363206,3.0
2017-06-02,189.0,0.0,9.76,0.0,4.706078021588157,0.05511213792194386,24.4,-0.8738071036110808,0.0
2017-06-03,187.0,0.0,9.97,0.0,4.000166318349933,0.046845317233652276,24.925,-0.8820480249558537,-2.0
2017-06-04,189.0,0.7,14.82,0.7,4.100141370597443,0.04801610931209702,37.05,-0.8900275764346767,2.0
2017-06-05,189.0,0.5,13.8,0.5,3.9851201650078267,0.046669114103491456,34.5,-0.8977433935342337,0.0
2017-06-06,188.0,0.0,15.97,0.0,3.3873521402566524,0.03966874698796773,39.925000000000004,-0.9051931898913974,-1.0
2017-06-07,190.0,8.1,14.98,8.1,10.979249319218154,0.12857625818875817,37.45,-0.9123747579707273,2.0
2017-06-08,189.0,0.0,14.35,0.0,9.33236192133543,0.10928981946044444,35.875,-0.9192859697186104,-1.0
2017-06-09,190.0,0.0,15.66,0.0,7.932507633135115,0.09289634654137777,39.15,-0.9259247771938498,1.0
2017-06-10,189.0,0.0,18.6,0.0,6.7426314881648475,0.0789618945601711,46.5,-0.9322892131745133,-1.0
2017-06-11,190.0,7.7,15.96,7.7,13.43123676494012,0.15729109667456384,39.900000000000006,-0.9383773917408641,1.0
2017-06-12,191.0,5.1,13.92,5.1,16.5165512501991,0.19342272829311094,34.8,-0.9441875088341993,1.0
2017-06-13,193.0,1.5,13.01,1.5,15.539068562669234,0.18197558261377125,32.525,-0.9497178427914316,2.0
2017-06-14,194.0,0.9,13.02,0.9,14.10820827826885,0.16521900336048173,32.55,-0.9549667548552551,1.0
2017-06-15,194.0,1.4,14.33,1.4,13.391977036528521,0.15683133218339462,35.825,-0.9599326896597447,0.0
2017-06-16,192.0,3.6,15.93,3.6,14.983180481049242,0.17546566491099014,39.825,-0.9646141756912435,-2.0
2017-06-17,192.0,0.0,18.76,0.0,12.735703408891856,0.14914581517434164,46.900000000000006,-0.9690098257244062,0.0
2017-06-18,190.0,0.0,18.85,0.0,10.825347897558078,0.12677394289819038,47.125,-0.9731183372332619,-2.0
2017-06-19,191.0,0.0,19.54,0.0,9.201545712924366,0.10775785146346183,48.849999999999994,-0.9769384927771817,1.0
2017-06-20,191.0,1.2,18.46,1.2,9.02131385598571,0.10564718459564411,46.150000000000006,-0.980469160361632,0.0
2017-06-21,191.0,0.0,14.55,0.0,7.668116777587853,0.08980010690629749,36.375,-0.9837092937736097,0.0
2017-06-22,191.0,0.7,14.07,0.7,7.217899260949675,0.08452768053384545,35.175,-0.986657932891657,0.0
2017-06-23,192.0,0.1,15.27,0.1,6.235214371807223,0.07301961269141043,38.175,-0.9893142039703663,1.0
2017-06-24,194.0,6.7,15.29,6.7,11.99993221603614,0.1405293147096993,38.224999999999994,-0.99167731989929,2.0
2017-06-25,194.0,1.9,17.5,1.9,12.099942383630719,0.14170051801843855,43.75,-0.993746580436178,0.0
2017-06-26,193.0,0.0,15.58,0.0,10.28495102608611,0.12044544031567277,38.95,-0.9955213724144752,-1.0
2017-06-27,193.0,0.0,14.94,0.0,8.742208372173193,0.10237862426832185,37.35,-0.9970011699250151,0.0
2017-06-28,192.0,0.0,16.97,0.0,7.430877116347214,0.08702183062807357,42.425,-0.9981855344718586,-1.0
2017-06-29,199.0,65.7,18.59,65.7,72.01624554889514,0.8433709001645237,46.475,-0.99907411510223,7.0
2017-06-30,203.0,18.0,17.59,18.0,79.21380871656086,0.9276604279153686,43.975,-0.9996666485105112,4.0
2017-07-01,205.0,0.0,17.43,0.0,67.33173740907674,0.7885113637280634,43.575,-0.9999629591162655,2.0
2017-07-02,205.0,5.7,14.26,5.7,62.93197679771523,0.7369864607144364,35.65,-0.9999629591162655,0.0
2017-07-03,204.0,0.0,14.18,0.0,53.492180278057944,0.6264384916072709,35.45,-0.9996666485105112,-1.0
2017-07-04,202.0,7.7,11.85,7.7,53.168353236349255,0.6226462041645987,29.625,-0.99907411510223,-2.0
2017-07-05,202.0,0.0,14.01,0.0,45.19310025089686,0.5292492735399088,35.025,-0.9981855344718586,0.0
2017-07-06,200.0,1.8,12.7,1.8,40.21413521326233,0.47094139878647484,31.75,-0.9970011699250151,-2.0
2017-07-07,199.0,0.0,14.62,0.0,34.18201493127298,0.4003001889685036,36.55,-0.9955213724144752,-1.0
2017-07-08,199.0,0.2,16.44,0.2,29.254712691582032,0.34259732909851165,41.1,-0.9937465804361781,0.0
2017-07-09,198.0,3.3,16.26,3.3,28.166505787844727,0.32985350957591425,40.650000000000006,-0.99167731989929,-1.0
2017-07-10,196.0,0.0,17.63,0.0,23.941529919668017,0.2803754831395271,44.074999999999996,-0.9893142039703664,-2.0
2017-07-11,202.0,39.3,19.8,39.3,59.65030043171781,0.6985552660618244,49.5,-0.9866579328916572,6.0
2017-07-12,221.0,6.1,17.33,6.1,56.80275536696014,0.6652081146487004,43.324999999999996,-0.9837092937736098,19.0
2017-07-13,223.0,3.8,15.27,3.8,52.082342061916115,0.6099280984817836,38.175,-0.9804691603616321,2.0
2017-07-14,221.0,0.0,15.17,0.0,44.26999075262869,0.5184388837095161,37.925,-0.9769384927771817,-2.0
2017-07-15,217.0,0.0,16.11,0.0,37.62949213973439,0.44067305115308864,40.275,-0.973118337233262,-4.0
2017-07-16,212.0,0.0,15.78,0.0,31.98506831877423,0.3745720934801253,39.449999999999996,-0.9690098257244063,-5.0
2017-07-17,208.0,0.6,14.14,0.6,27.787308070958094,0.3254127848839573,35.35,-0.9646141756912435,-4.0
2017-07-18,202.0,0.0,15.07,0.0,23.61921186031438,0.2766008671513637,37.675,-0.9599326896597445,-6.0
2017-07-19,200.0,0.0,17.03,0.0,20.076330081267223,0.23511073707865915,42.575,-0.9549667548552553,-2.0
2017-07-20,196.0,0.0,17.36,0.0,17.06488056907714,0.1998441265168603,43.4,-0.9497178427914317,-4.0
2017-07-21,197.0,0.0,16.75,0.0,14.505148483715569,0.16986750753933125,41.875,-0.9441875088341994,1.0
2017-07-22,194.0,0.0,19.06,0.0,12.329376211158234,0.14438738140843155,47.65,-0.9383773917408642,-3.0
2017-07-23,194.0,0.0,19.78,0.0,10.479969779484499,0.12272927419716682,49.45,-0.9322892131745134,0.0
2017-07-24,193.0,16.4,17.54,16.4,25.30797431256182,0.29637769804084657,43.849999999999994,-0.9259247771938499,-1.0
2017-07-25,198.0,3.3,17.35,3.3,24.81177816567755,0.2905668231768989,43.375,-0.9192859697186105,5.0
2017-07-26,206.0,20.4,17.75,20.4,41.49001144082591,0.4858829841792907,44.375,-0.9123747579707274,8.0
2017-07-27,205.0,0.0,18.69,0.0,35.266509724702026,0.41300053655239716,46.725,-0.9051931898913975,-1.0
2017-07-28,204.0,0.0,19.23,0.0,29.97653326599672,0.35105045606953755,48.075,-0.8977433935342336,-1.0
2017-07-29,202.0,0.0,18.56,0.0,25.480053276097212,0.29839288765910693,46.4,-0.8900275764346766,-2.0
2017-07-30,202.0,0.0,19.1,0.0,21.65804528468263,0.25363395451024084,47.75,-0.8820480249558535,0.0
2017-07-31,199.0,11.2,20.8,11.2,29.609338491980232,0.34675029594958606,52.0,-0.8738071036110807,-3.0
2017-08-01,198.0,1.8,22.01,1.8,26.967937718183197,0.3158172678347005,55.025000000000006,-0.8653072543632061,-1.0
2017-08-02,197.0,0.0,22.68,0.0,22.922747060455716,0.2684446776594954,56.7,-0.8565509959010037,-1.0
2017-08-03,195.0,4.1,19.63,4.1,23.58433500138736,0.2761924297538848,49.074999999999996,-0.8475409228928312,-2.0
2017-08-04,195.0,2.4,20.55,2.4,22.44668475117925,0.26286958699420515,51.375,-0.8382797052177745,0.0
2017-08-05,194.0,0.0,18.73,0.0,19.079682038502362,0.22343914894507438,46.825,-0.828770087174504,-1.0
2017-08-06,194.0,2.9,16.02,2.9,19.117729732727007,0.22388471949492533,40.05,-0.8190148866680802,0.0
2017-08-07,193.0,0.0,15.82,0.0,16.250070272817954,0.19030201157068652,39.55,-0.8090169943749472,-1.0
2017-08-08,193.0,0.0,16.52,0.0,13.812559731895261,0.16175670983508356,41.3,-0.7987793728863648,0.0
2017-08-09,191.0,0.0,19.54,0.0,11.740675772110972,0.13749320335982101,48.849999999999994,-0.7883050558305253,-2.0
2017-08-10,193.0,20.1,21.15,20.1,30.079574406294327,0.3522571546218492,52.875,-0.7775971469736268,2.0
2017-08-11,193.0,0.0,20.63,0.0,25.567638245350178,0.2994185814285718,51.574999999999996,-0.7666588193001592,0.0
2017-08-12,193.0,9.4,24.32,9.4,31.13249250854765,0.364587712552615,60.8,-0.7554933140726804,0.0
2017-08-13,197.0,10.2,16.12,10.2,36.662618632265506,0.42935014790918613,40.300000000000004,-0.7441039398713608,4.0
2017-08-14,195.0,0.0,15.65,0.0,31.163225837425678,0.3649476257228082,39.125,-0.7324940716135792,-2.0
2017-08-15,192.0,0.0,17.35,0.0,26.488741961811826,0.31020548186438696,43.375,-0.7206671495538615,-3.0
2017-08-16,192.0,0.0,20.36,0.0,22.515430667540052,0.2636746595847289,50.9,-0.7086266782644601,0.0
2017-08-17,192.0,0.0,19.75,0.0,19.138116067409044,0.22412346064701957,49.375,-0.6963762255968726,0.0
2017-08-18,191.0,0.0,21.77,0.0,16.267398657297687,0.19050494154996664,54.425,-0.6839194216246105,-1.0
2017-08-19,189.0,8.6,22.17,8.6,22.427288858703033,0.26264244475466625,55.425000000000004,-0.6712599575675315,-2.0
2017-08-20,190.0,14.5,15.09,14.5,33.56319552989758,0.3930532924995269,37.725,-0.6584015846980489,1.0
2017-08-21,191.0,5.1,14.04,5.1,33.62871620041294,0.39382059474432957,35.099999999999994,-0.64534811322955,1.0
2017-08-22,190.0,0.0,13.81,0.0,28.584408770350997,0.3347475055326801,34.525,-0.6321034111873488,-1.0
2017-08-23,192.0,2.3,13.14,2.3,26.596747454798347,0.31147031716853946,32.85,-0.6186714032625032,2.0
2017-08-24,200.0,15.3,13.08,15.3,37.907235336578594,0.44392565795245353,32.7,-0.6050560696488494,8.0
2017-08-25,206.0,0.0,13.6,0.0,32.22115003609181,0.3773368092595855,34.0,-0.5912614448635782,6.0
2017-08-26,211.0,0.3,15.65,0.3,27.687977530678037,0.32424954058357314,39.125,-0.5772916165517278,5.0
2017-08-27,211.0,32.7,13.69,32.7,56.234780901076334,0.658556655204905,34.225,-0.5631507242749187,0.0
2017-08-28,217.0,0.4,12.47,0.4,48.19956376591488,0.5644574938747364,31.175,-0.5488429582847199,6.0
2017-08-29,220.0,0.0,12.1,0.0,40.96962920102765,0.479788869793526,30.25,-0.5343725582809785,3.0
2017-08-30,218.0,0.0,14.2,0.0,34.824184820873505,0.4078205393244971,35.5,-0.5197438121555157,-2.0
2017-08-31,210.0,0.0,15.55,0.0,29.600557097742477,0.3466474584258225,38.875,-0.5049610547215202,-8.0
2017-09-01,205.0,0.2,15.87,0.2,25.360473533081105,0.2969925081372327,39.675,-0.4900286664290594,-5.0
2017-09-02,202.0,0.4,17.61,0.4,21.956402503118937,0.257127968867215,44.025,-0.4749510720670502,-3.0
2017-09-03,202.0,4.9,14.57,4.9,23.562942127651098,0.27594190118158085,36.425,-0.4597327394521046,0.0
2017-09-04,202.0,13.9,17.68,13.9,33.928500808503436,0.3973313250365536,44.2,-0.44437817810461344,0.0
2017-09-05,204.0,0.5,12.35,0.5,29.33922568722792,0.34358704746927954,30.875,-0.4288919379124841,2.0
2017-09-06,212.0,0.0,9.86,0.0,24.93834183414373,0.2920489903488876,24.65,-0.41327860778290443,8.0
2017-09-07,214.0,0.0,10.67,0.0,21.19759055902217,0.24824164179655445,26.675,-0.3975428142825566,2.0
2017-09-08,210.0,0.0,11.96,0.0,18.017951975168845,0.2110053955270713,29.900000000000002,-0.3816892202666586,-4.0
2017-09-09,207.0,0.3,15.53,0.3,15.615259178893519,0.182867838910936,38.824999999999996,-0.3657225234972692,-3.0
2017-09-10,205.0,0.9,17.07,0.9,14.172970302059491,0.16597742121307177,42.675,-0.34964745525122826,-2.0
2017-09-11,204.0,1.6,18.2,1.6,13.647024756750566,0.15981815583337974,45.5,-0.33346877891818705,-1.0
2017-09-12,205.0,14.3,17.41,14.3,25.899971043237983,0.3033104784411499,43.525,-0.31719128858910595,1.0
2017-09-13,206.0,0.3,14.79,0.3,22.314975386752284,0.26132715938790274,36.974999999999994,-0.300819807635668,1.0
2017-09-14,202.0,1.2,13.58,1.2,20.16772907873944,0.23618109633141893,33.95,-0.2843591872810036,-4.0
2017-09-15,200.0,0.7,11.32,0.7,17.842569716928523,0.20895152154519864,28.3,-0.26781430516217486,-2.0
2017-09-16,199.0,0.8,12.71,0.8,15.966184259389244,0.18697746721455322,31.775000000000002,-0.25119006388481957,-1.0
2017-09-17,200.0,13.1,12.91,13.1,26.671256620480857,0.31234288226344575,32.275,-0.23449138957041052,1.0
2017-09-18,201.0,13.3,12.4,13.3,35.970568127408725,0.4212456535302879,31.0,-0.21772323039653224,1.0
2017-09-19,203.0,0.8,11.68,0.8,31.374982908297415,0.3674274794018791,29.2,-0.20089055513063528,2.0
2017-09-20,206.0,0.0,10.58,0.0,26.668735472052802,0.3123133574915972,26.45,-0.18399835165767986,3.0
2017-09-21,205.0,7.9,11.47,7.9,30.56842515124488,0.35798200864155966,28.675,-0.1670516255021195,-1.0
2017-09-22,206.0,1.2,15.1,1.2,27.183161378558147,0.3183377181970272,37.75,-0.15005539834465262,1.0
2017-09-23,211.0,0.0,14.0,0.0,23.105687171774424,0.27058706046747316,35.0,-0.13301470653419636,5.0
2017-09-24,212.0,0.0,13.83,0.0,19.63983409600826,0.2299990013973522,34.575,-0.11593459959550066,1.0
2017-09-25,208.0,0.0,13.69,0.0,16.693858981607022,0.19549915118774935,34.225,-0.09882013873287211,-4.0
2017-09-26,205.0,0.0,12.91,0.0,14.189780134365968,0.16617427850958694,32.275,-0.08167639533042288,-3.0
2017-09-27,201.0,0.0,11.63,0.0,12.061313114211073,0.1412481367331489,29.075000000000003,-0.06450844944931625,-4.0
2017-09-28,198.0,0.0,10.75,0.0,10.25211614707941,0.12006091622317655,26.875,-0.04732138832243232,-3.0
2017-09-29,198.0,0.0,9.0,0.0,8.7142987250175,0.10205177878970008,22.5,-0.03012030484690836,0.0
2017-09-30,203.0,0.0,6.67,0.0,7.407153916264875,0.08674401197124507,16.675,-0.012910296075008843,5.0
2017-10-01,205.0,0.0,7.2,0.0,6.2960808288251435,0.0737324101755583,18.0,0.004303538296243821,2.0
2017-10-02,204.0,0.0,7.3,0.0,5.351668704501372,0.06267254864922456,18.25,0.021516097436222233,-1.0
2017-10-03,202.0,8.3,6.93,8.3,12.848918398826168,0.1504716580761101,17.325,0.03872228089217399,-2.0
2017-10-04,201.0,0.6,9.78,0.6,11.521580639002241,0.13492741479054435,24.45,0.05591699010060302,-1.0
2017-10-05,206.0,12.6,7.83,12.6,22.393343543151907,0.26224491651482923,19.575,0.07309512989807776,5.0
2017-10-06,209.0,0.9,8.17,0.9,19.93434201167912,0.23344793717638102,20.425,0.0902516100310407,3.0
2017-10-07,212.0,0.2,8.84,0.2,17.14419070992725,0.20077291507520745,22.1,0.10738134666416306,3.0
2017-10-08,214.0,8.4,7.17,8.4,22.972562103438165,0.26902805377583733,17.925,0.12447926388678869,2.0
2017-10-09,213.0,2.5,4.27,2.5,22.026677787922438,0.25795095165050663,10.674999999999999,0.141540295217043,-1.0
2017-10-10,212.0,12.6,6.64,12.6,31.32267611973407,0.36681492284579714,16.599999999999998,0.15855938510313475,-1.0
2017-10-11,212.0,6.4,8.1,6.4,33.02427470177396,0.3867420756280026,20.25,0.17553149042142777,0.0
2017-10-12,216.0,5.2,10.2,5.2,33.27063349650787,0.38962714464117576,25.5,0.19245158197082995,4.0
2017-10-13,219.0,8.6,8.52,8.6,36.880038472031686,0.4318963173821939,21.299999999999997,0.20931464596304888,3.0
2017-10-14,223.0,9.9,9.02,9.9,41.24803270122693,0.4830492093014028,22.549999999999997,0.22611568550828803,4.0
2017-10-15,224.0,0.0,11.22,0.0,35.060827796042894,0.4105918279061924,28.05,0.2428497220959358,1.0
2017-10-16,225.0,0.0,10.97,0.0,29.80170362663646,0.3490030537202635,27.425,0.25951179706979943,1.0
2017-10-17,220.0,0.0,12.52,0.0,25.33144808264099,0.296652595662224,31.299999999999997,0.27609697309746883,-5.0
2017-10-18,216.0,0.0,12.15,0.0,21.53173087024484,0.2521547063128904,30.375,0.2926003356333479,-4.0
2017-10-19,211.0,0.3,7.95,0.3,18.601971239708114,0.2178447530788822,19.875,0.30901699437494723,-5.0
2017-10-20,205.0,0.0,5.8,0.0,15.811675553751897,0.18516804011704988,14.5,0.3253420847119795,-6.0
2017-10-21,202.0,5.4,4.73,5.4,18.839924220689113,0.22063138293214948,11.825000000000001,0.341570769167856,-3.0
2017-10-22,203.0,0.0,0.46,0.0,16.013935587585745,0.18753667549232705,1.1500000000000001,0.35769823883312546,1.0
2017-10-23,202.0,0.0,1.41,0.0,13.611845249447883,0.159406174168478,3.525,0.3737197147904692,-1.0
2017-10-24,201.0,0.0,0.93,0.0,11.5700684620307,0.13549524804320628,2.325,0.38963044953078774,-1.0
2017-10-25,199.0,11.9,1.02,11.9,21.734558192726098,0.2545299851160993,2.55,0.4054257283599973,-2.0
2017-10-26,200.0,2.7,8.22,2.7,21.17437446381718,0.2479697617650129,20.55,0.42110087079608916,1.0
2017-10-27,203.0,4.7,5.92,4.7,22.6982182942446,0.2658152566694254,14.8,0.4366512319560638,3.0
2017-10-28,203.0,7.7,4.2,7.7,26.99348555010791,0.31611645446743003,10.5,0.45207220393230374,0.0
2017-10-29,207.0,14.3,4.85,14.3,37.24446271759172,0.4361640322800926,12.125,0.46735921715800205,4.0
2017-10-30,214.0,2.6,2.4,2.6,34.257793309952966,0.4011876176167654,6.0,0.48250774176121763,7.0
2017-10-31,217.0,0.0,1.88,0.0,29.11912431346002,0.3410094749742506,4.699999999999999,0.4975132889071803,3.0
2017-11-01,218.0,7.5,4.44,7.5,32.25125566644101,0.37768937155124777,11.100000000000001,0.5123714121284235,1.0
2017-11-02,221.0,12.2,8.39,12.2,39.61356731647486,0.4639082428108599,20.975,0.5270777086423724,3.0
2017-11-03,222.0,1.1,7.12,1.1,34.77153221900363,0.4072039330032907,17.8,0.5416278206559811,1.0
2017-11-04,225.0,0.0,6.27,0.0,29.555802386153086,0.34612334305279713,15.674999999999999,0.5560174366570446,3.0
2017-11-05,223.0,0.0,6.04,0.0,25.122432028230122,0.29420484159487753,15.1,0.5702422926917867,-2.0
2017-11-06,219.0,0.0,5.62,0.0,21.354067223995603,0.2500741153556459,14.05,0.5842981736283683,-4.0
2017-11-07,213.0,0.0,5.96,0.0,18.15095714039626,0.212562998052299,14.9,0.5981809144059159,-6.0
2017-11-08,208.0,0.0,5.53,0.0,15.428313569336822,0.18067854834445415,13.825000000000001,0.6118864012687242,-5.0
2017-11-09,204.0,0.0,1.96,0.0,13.114066533936299,0.15357676609278603,4.9,0.6254105729852457,-4.0
2017-11-10,202.0,1.4,4.09,1.4,12.546956553845854,0.14693543050585328,10.225,0.6387494220515268,-2.0
2017-11-11,202.0,7.0,3.62,7.0,17.664913070768975,0.20687101256490112,9.05,0.6518989958787125,0.0
2017-11-12,203.0,0.0,2.8,0.0,15.015176110153629,0.17584036068016595,7.0,0.6648553979642867,1.0
2017-11-13,202.0,4.9,0.87,4.9,17.662899693630585,0.20684743422258914,2.175,0.6776147890466887,-1.0
2017-11-14,203.0,0.0,1.33,0.0,15.013464739585997,0.17582031908920076,3.325,0.690173388242972,1.0
2017-11-15,202.0,1.8,3.53,1.8,14.561445028648098,0.17052678750337302,8.825,0.7025274741691566,-1.0
2017-11-16,202.0,0.4,4.12,0.4,12.777228274350884,0.14963210632843427,10.3,0.7146733860429608,0.0
2017-11-17,201.0,0.2,3.42,0.2,11.060644033198251,0.12952945885445272,8.55,0.726607524768565,-1.0
2017-11-18,200.0,0.0,2.59,0.0,9.401547428218514,0.11010004002628482,6.475,0.7383263540031063,-1.0
2017-11-19,199.0,1.2,1.47,1.2,9.191315313985736,0.10763804487404366,3.675,0.749826401204568,-1.0
2017-11-20,198.0,0.9,1.55,0.9,8.712618016887875,0.10203209628171328,3.875,0.7611042586607742,-1.0
2017-11-21,197.0,0.6,0.6,0.6,8.005725314354693,0.09375378726530707,1.5,0.7721565844991641,-1.0
2017-11-22,197.0,0.0,-0.83,0.0,6.804866517201489,0.079690719175511,0.0,0.7829801036770625,0.0
2017-11-23,196.0,0.8,0.1,0.8,6.584136539621266,0.07710578520031873,0.25,0.7935716089521472,-1.0
2017-11-24,195.0,0.0,1.82,0.0,5.596516058678076,0.06553991742027093,4.55,0.8039279618328208,-1.0
2017-11-25,196.0,1.5,4.23,1.5,6.257038649876365,0.07327519337185726,10.575000000000001,0.8140460935082175,1.0
2017-11-26,196.0,1.7,3.42,1.7,7.01848285239491,0.08219234640598923,8.55,0.8239230057575536,0.0
2017-11-27,195.0,0.0,1.03,0.0,5.965710424535673,0.06986349444509084,2.575,0.8335557718385695,-1.0
2017-11-28,195.0,0.0,0.5,0.0,5.070853860855322,0.0593839702783272,1.25,0.8429415373547832,0.0
2017-11-29,194.0,0.5,0.83,0.5,4.8102257817270235,0.05633179592478711,2.0749999999999997,0.8520775211013093,-1.0
2017-11-30,194.0,7.6,0.45,7.6,11.68869191446797,0.13688442859684566,1.125,0.8609610158889945,0.0
2017-12-01,197.0,3.7,0.6,3.7,13.635388127297773,0.15968188110006531,1.5,0.8695893893466109,3.0
2017-12-02,199.0,0.0,1.54,0.0,11.590079908203107,0.1357295989350555,3.85,0.8779600847008883,2.0
2017-12-03,199.0,0.0,-0.9,0.0,9.85156792197264,0.11537015909479717,0.0,0.8860706215341377,0.0
2017-12-04,199.0,1.7,-1.41,1.7,10.073832733676744,0.11797306727048816,0.0,0.893918596519257,0.0
2017-12-05,198.0,1.8,0.36,1.8,10.362757823625232,0.1213566234574673,0.8999999999999999,0.9015016841318838,-1.0
2017-12-06,199.0,1.3,1.08,1.3,10.108344150081448,0.11837722502819058,2.7,0.9088176373395028,1.0
2017-12-07,200.0,8.7,2.1,8.7,17.29209252756923,0.20250496994879838,5.25,0.9158642882672868,1.0
2017-12-08,203.0,0.5,1.96,0.5,15.198278648433845,0.1779846456446876,4.9,0.9226395488404875,3.0
2017-12-09,204.0,0.0,0.55,0.0,12.918536851168769,0.15128694879798446,1.375,0.9291414114031743,1.0
2017-12-10,203.0,0.0,-1.61,0.0,10.980756323493454,0.1285939064782868,0.0,0.935367949313148,-1.0
2017-12-11,201.0,0.4,-0.88,0.4,9.733642874969435,0.11398915745711097,0.0,0.941317317512847,-2.0
2017-12-12,199.0,0.0,4.07,0.0,8.27359644372402,0.09689078383854433,10.175,0.946987753076075,-2.0
2017-12-13,197.0,0.0,0.81,0.0,7.0325569771654175,0.08235716626276268,2.0250000000000004,0.9523775757303973,-2.0
2017-12-14,196.0,5.0,-0.89,5.0,10.977673430590604,0.12855780320543814,0.0,0.9574851883550389,-1.0
2017-12-15,196.0,10.3,0.38,10.3,19.631022416002015,0.22989580920172759,0.95,0.9623090774541487,0.0
2017-12-16,197.0,0.3,-0.43,0.3,16.986369053601713,0.19892469053439385,0.0,0.9668478136052773,1.0
2017-12-17,196.0,0.0,-0.29,0.0,14.438413695561456,0.16908598695423477,0.0,0.9711000518829505,-1.0
2017-12-18,195.0,0.0,-1.63,0.0,12.272651641227238,0.14372308891109956,0.0,0.9750645322571945,-1.0
2017-12-19,195.0,0.0,-0.67,0.0,10.431753895043153,0.12216462557443464,0.0,0.9787400799669153,0.0
2017-12-20,194.0,0.0,-1.47,0.0,8.86699081078668,0.10383993173826944,0.0,0.9821256058680006,-1.0
2017-12-21,195.0,4.8,-2.15,4.8,12.336942189168678,0.14447598538433531,0.0,0.9852201067560606,1.0
2017-12-22,194.0,0.9,0.06,0.9,11.386400860793376,0.1333443457154612,0.15,0.9880226656636976,-1.0
2017-12-23,194.0,7.1,0.17,7.1,16.77844073167437,0.19648967473070963,0.42500000000000004,0.9905324521322227,0.0
2017-12-24,201.0,4.9,2.93,4.9,19.16167462192321,0.22439935116555124,7.325,0.9927487224577402,7.0
2017-12-25,211.0,5.2,3.43,5.2,21.487423428634727,0.251635828848092,8.575000000000001,0.9946708199115211,10.0
2017-12-26,214.0,0.2,3.37,0.2,18.464309914339516,0.21623262299616178,8.425,0.9962981749346077,3.0
2017-12-27,216.0,0.4,0.66,0.4,16.09466342718859,0.1884820664973047,1.6500000000000001,0.9976303053065857,2.0
2017-12-28,214.0,0.0,2.15,0.0,13.6804639131103,0.160209756522709,5.375,0.9986668162884759,-2.0
2017-12-29,211.0,8.2,2.4,8.2,19.82839432614375,0.23220720053093,6.0,0.9994074007397048,-3.0
2017-12-30,208.0,0.0,0.1,0.0,16.854135177222187,0.1973761204512905,0.25,0.9998518392091162,-3.0
2017-12-31,207.0,0.2,-0.46,0.2,14.526014900638858,0.1701118708588805,0.0,1.0,-1.0
2018-01-01,206.0,4.3,3.79,4.3,16.647112665543027,0.1949517124486457,9.475,0.9998518392091162,-1.0
2018-01-02,206.0,0.0,2.5,0.0,14.150045765711573,0.16570895558134885,6.25,0.9994074007397048,0.0
2018-01-03,205.0,1.6,1.91,1.6,13.627538900854836,0.15958996004641526,4.7749999999999995,0.998666816288476,-1.0
2018-01-04,203.0,0.0,3.06,0.0,11.58340806572661,0.13565146603945297,7.65,0.9976303053065857,-2.0
2018-01-05,203.0,1.4,3.21,1.4,11.245896855867619,0.1316989254605202,8.025,0.9962981749346078,0.0
2018-01-06,201.0,1.2,3.83,1.2,10.759012327487476,0.12599709749314372,9.575,0.9946708199115211,-2.0
2018-01-07,200.0,0.5,-0.99,0.5,9.645160478364353,0.11295295405738115,0.0,0.9927487224577402,-1.0
2018-01-08,199.0,0.0,-2.1,0.0,8.1983864066097,0.09601001094877397,0.0,0.9905324521322229,-1.0
2018-01-09,198.0,0.0,-1.87,0.0,6.968628445618244,0.08160850930645787,0.0,0.9880226656636976,-1.0
2018-01-10,196.0,0.0,-5.67,0.0,5.923334178775508,0.06936723291048918,0.0,0.9852201067560606,-2.0
2018-01-11,195.0,0.5,-5.17,0.5,5.534834051959182,0.0648175691621248,0.0,0.9821256058680006,-1.0
2018-01-12,194.0,0.0,-3.0,0.0,4.7046089441653045,0.05509493378780608,0.0,0.9787400799669153,-1.0
2018-01-13,194.0,0.0,-7.34,0.0,3.9989176025405087,0.046830693719635164,0.0,0.9750645322571948,0.0
2018-01-14,199.0,0.0,-8.55,0.0,3.399079962159432,0.039806089661689886,0.0,0.9711000518829505,5.0
2018-01-15,203.0,0.0,-9.73,0.0,2.889217967835517,0.0338351762124364,0.0,0.9668478136052775,4.0
2018-01-16,200.0,0.0,-9.11,0.0,2.4558352726601895,0.028759899780570943,0.0,0.9623090774541486,-3.0
2018-01-17,208.0,7.0,-6.52,7.0,9.08745998176116,0.10642181144841113,0.0,0.9574851883550393,8.0
2018-01-18,207.0,0.2,-2.35,0.2,7.924340984496986,0.09280070820643305,0.0,0.9523775757303974,-1.0
2018-01-19,199.0,5.0,-2.25,5.0,11.735689836822438,0.13743481385755796,0.0,0.9469877530760753,-8.0
2018-01-20,195.0,2.3,-3.2,2.3,12.275336361299072,0.14375452924468562,0.0,0.9413173175128471,-4.0
2018-01-21,193.0,0.0,-3.89,0.0,10.43403590710421,0.12219134985798276,0.0,0.9353679493131483,-2.0
2018-01-22,192.0,0.0,-7.35,0.0,8.868930521038578,0.10386264737928534,0.0,0.9291414114031743,-1.0
2018-01-23,194.0,0.0,-11.64,0.0,7.5385909428827915,0.08828325027239255,0.0,0.9226395488404876,2.0
2018-01-24,190.0,0.5,-6.7,0.5,6.907802301450372,0.08089618391974264,0.0,0.9158642882672872,-4.0
2018-01-25,195.0,0.4,1.2,0.4,6.271631956232817,0.07344609328234844,3.0,0.9088176373395029,5.0
2018-01-26,192.0,1.0,0.39,1.0,6.330887162797894,0.07414002166641415,0.9750000000000001,0.901501684131884,-3.0
2018-01-27,189.0,1.7,-0.3,1.7,7.08125408837821,0.08292745045636259,0.0,0.893918596519257,-3.0
2018-01-28,189.0,8.9,1.19,8.9,14.919065975121478,0.17471483003802818,2.9749999999999996,0.886070621534138,0.0
2018-01-29,196.0,8.5,2.51,8.5,21.181206078853258,0.24804976573187676,6.2749999999999995,0.8779600847008882,7.0
2018-01-30,206.0,1.8,1.11,1.8,19.80402516702527,0.2319218171496476,2.7750000000000004,0.869589389346611,10.0
2018-01-31,208.0,0.2,0.22,0.2,17.033421391971476,0.19947571305248404,0.55,0.8609610158889943,2.0
2018-02-01,206.0,9.2,0.26,9.2,23.678408183175755,0.2772941059576568,0.65,0.8520775211013093,-2.0
2018-02-02,202.0,7.7,0.23,7.7,27.826646955699392,0.3258734763624267,0.5750000000000001,0.8429415373547828,-4.0
2018-02-03,199.0,0.0,-0.66,0.0,23.652649912344483,0.2769924549080627,0.0,0.8335557718385699,-3.0
2018-02-04,198.0,0.0,-3.2,0.0,20.10475242549281,0.23544358667185328,0.0,0.8239230057575542,-1.0
2018-02-05,196.0,0.0,-8.01,0.0,17.089039561668887,0.20012704867107528,0.0,0.8140460935082178,-2.0
2018-02-06,195.0,3.1,-5.98,3.1,17.625683627418553,0.2064116027373097,0.0,0.8039279618328213,-1.0
2018-02-07,199.0,0.0,-6.36,0.0,14.981831083305769,0.17544986232671322,0.0,0.7935716089521474,4.0
2018-02-08,197.0,0.7,-3.55,0.7,13.434556420809903,0.15732997264119883,0.0,0.7829801036770629,-2.0
2018-02-09,193.0,0.0,-4.09,0.0,11.419372957688417,0.13373047674501898,0.0,0.7721565844991642,-4.0
2018-02-10,189.0,4.5,-4.92,4.5,14.206467014035153,0.16636969592714704,0.0,0.7611042586607747,-4.0
2018-02-11,190.0,0.0,-4.78,0.0,12.07549696192988,0.14141424153807497,0.0,0.7498264012045686,1.0
2018-02-12,190.0,0.0,-2.15,0.0,10.264172417640399,0.12020210530736374,0.0,0.7383263540031065,0.0
2018-02-13,189.0,0.0,-0.67,0.0,8.724546554994339,0.10217178951125917,0.0,0.7266075247685656,-1.0
2018-02-14,189.0,0.0,-2.69,0.0,7.415864571745187,0.08684602108457029,0.0,0.7146733860429609,0.0
2018-02-15,188.0,0.0,-6.18,0.0,6.303484885983409,0.07381911792188475,0.0,0.702527474169157,-1.0
2018-02-16,187.0,0.9,-3.7,0.9,6.257962153085898,0.07328600837237821,0.0,0.6901733882429719,-1.0
2018-02-17,188.0,4.2,-1.56,4.2,9.519267830123013,0.11147864509747699,0.0,0.6776147890466889,1.0
2018-02-18,187.0,2.7,-3.93,2.7,10.79137765560456,0.12637612274918394,0.0,0.6648553979642865,-1.0
2018-02-19,187.0,1.1,-1.89,1.1,10.272671007263876,0.12030163095086613,0.0,0.6518989958787126,0.0
2018-02-20,187.0,1.2,-3.08,1.2,9.931770356174294,0.11630939715993778,0.0,0.6387494220515272,0.0
2018-02-21,186.0,0.0,-7.65,0.0,8.44200480274815,0.09886298758594711,0.0,0.6254105729852463,-1.0
2018-02-22,183.0,0.0,-11.6,0.0,7.175704082335927,0.08403353944805504,0.0,0.6118864012687243,-3.0
2018-02-23,177.0,0.0,-12.95,0.0,6.099348469985538,0.07142850853084678,0.0,0.5981809144059164,-6.0
2018-02-24,188.0,0.0,-13.17,0.0,5.184446199487707,0.06071423225121976,0.0,0.5842981736283683,11.0
2018-02-25,193.0,0.0,-15.24,0.0,4.4067792695645505,0.05160709741353679,0.0,0.5702422926917871,5.0
2018-02-26,192.0,0.5,-15.02,0.5,4.245762379129868,0.04972145398971527,0.0,0.5560174366570446,-1.0
2018-02-27,194.0,0.0,-15.4,0.0,3.6088980222603877,0.04226323589125797,0.0,0.5416278206559814,2.0
2018-02-28,199.0,0.0,-14.62,0.0,3.0675633189213296,0.035923750507569276,0.0,0.5270777086423722,5.0
2018-03-01,202.0,2.5,-13.02,2.5,5.10742882108313,0.05981229387247883,0.0,0.5123714121284237,3.0
2018-03-02,203.0,0.0,-9.21,0.0,4.341314497920661,0.050840449791607005,0.0,0.49751328890718066,1.0
2018-03-03,210.0,2.7,-11.46,2.7,6.390117323232562,0.0748336567391945,0.0,0.48250774176121847,7.0
2018-03-04,218.0,0.0,-8.83,0.0,5.431599724747677,0.06360860822831531,0.0,0.46735921715800227,8.0
2018-03-05,223.0,0.0,-7.47,0.0,4.6168597660355255,0.05406731699406801,0.0,0.45207220393230435,5.0
2018-03-06,203.0,0.0,-3.0,0.0,3.9243308011301967,0.045957219444957814,0.0,0.43665123195606403,-20.0
2018-03-07,189.0,4.5,-2.85,4.5,7.835681180960667,0.09176242722209503,0.0,0.4211008707960896,-14.0
2018-03-08,188.0,2.2,-0.9,2.2,8.860329003816567,0.10376191636690033,0.0,0.40542572835999735,-1.0
2018-03-09,187.0,1.7,1.68,1.7,9.231279653244082,0.10810606095177583,4.2,0.38963044953078796,-1.0
2018-03-10,187.0,0.0,1.08,0.0,7.846587705257469,0.09189015180900945,2.7,0.37371971479046906,0.0
2018-03-11,187.0,3.0,1.02,3.0,9.669599549468849,0.11323915616691196,2.55,0.35769823883312546,0.0
2018-03-12,188.0,0.0,2.8,0.0,8.219159617048522,0.09625328274187518,7.0,0.3415707691678556,1.0
2018-03-13,198.0,0.0,5.46,0.0,6.986285674491244,0.0818152903305939,13.65,0.3253420847119801,10.0
2018-03-14,216.0,0.0,2.88,0.0,5.938342823317557,0.06954299678100481,7.199999999999999,0.30901699437494745,18.0
2018-03-15,217.0,0.0,-2.16,0.0,5.0475913998199236,0.05911154726385409,0.0,0.29260033563334836,1.0
2018-03-16,215.0,0.0,-6.11,0.0,4.290452689846935,0.05024481517427598,0.0,0.27609697309746883,-2.0
2018-03-17,202.0,0.0,-7.44,0.0,3.646884786369895,0.042708092898134584,0.0,0.2595117970697999,-13.0
2018-03-18,194.0,0.0,-4.99,0.0,3.099852068414411,0.0363018789634144,0.0,0.2428497220959356,-8.0
2018-03-19,193.0,0.0,-2.08,0.0,2.6348742581522493,0.030856597118902238,0.0,0.22611568550828828,-1.0
2018-03-20,189.0,0.0,-0.97,0.0,2.2396431194294117,0.0262281075510669,0.0,0.20931464596304847,-4.0
2018-03-21,188.0,0.0,-3.02,0.0,1.903696651515,0.022293891418406868,0.0,0.19245158197082998,-1.0
2018-03-22,187.0,0.3,-1.6,0.3,1.91814215378775,0.02246306041857123,0.0,0.1755314904214282,-1.0
2018-03-23,186.0,0.0,0.14,0.0,1.6304208307195875,0.019093601355785545,0.35000000000000003,0.15855938510313478,-1.0
2018-03-24,186.0,0.0,-0.34,0.0,1.3858577061116493,0.01622956115241771,0.0,0.141540295217043,0.0
2018-03-25,186.0,0.0,2.26,0.0,1.177979050194902,0.013795126979555055,5.6499999999999995,0.12447926388678915,0.0
2018-03-26,186.0,0.0,3.78,0.0,1.0012821926656665,0.011725857932621797,9.45,0.10738134666416309,0.0
2018-03-27,186.0,0.0,-0.86,0.0,0.8510898637658165,0.009966979242728526,0.0,0.09025161003104117,0.0
2018-03-28,187.0,0.0,-2.64,0.0,0.7234263842009441,0.008471932356319248,0.0,0.07309512989807777,1.0
2018-03-29,186.0,0.5,-0.72,0.5,1.1149124265708026,0.01305656369108035,0.0,0.055916990100603484,-1.0
2018-03-30,186.0,3.4,2.1,3.4,4.347675562585182,0.05091494321723941,5.25,0.03872228089217446,0.0
2018-03-31,187.0,0.0,3.51,0.0,3.6955242281974043,0.0432777017346535,8.774999999999999,0.021516097436222254,1.0
2018-04-01,192.0,12.7,3.19,12.7,15.841195593967793,0.18551374465496376,7.975,0.004303538296244289,5.0
2018-04-02,201.0,6.3,1.53,6.3,19.765016254872624,0.23146498992815245,3.825,-0.01291029607500882,9.0
2018-04-03,203.0,2.1,3.69,2.1,18.900263816641733,0.22133801042940737,9.225,-0.030120304846908114,2.0
2018-04-04,205.0,0.0,11.36,0.0,16.065224244145472,0.18813730886499624,28.4,-0.04732138832243185,2.0
2018-04-05,206.0,2.2,12.98,2.2,15.85544060752365,0.18568056576336636,32.45,-0.06450844944931623,1.0
2018-04-06,207.0,0.0,6.03,0.0,13.477124516395103,0.1578284808988614,15.075000000000001,-0.08167639533042241,1.0
2018-04-07,205.0,0.0,5.67,0.0,11.455555838935837,0.13415420876403217,14.175,-0.09882013873287143,-2.0
2018-04-08,201.0,0.0,11.85,0.0,9.737222463095462,0.11403107744942735,29.625,-0.11593459959550041,-4.0
2018-04-09,197.0,5.7,15.51,5.7,13.976639093631142,0.16367821737759572,38.775,-0.1330147065341959,-4.0
2018-04-10,197.0,0.0,11.55,0.0,11.880143229586471,0.13912648477095635,28.875,-0.1500553983446526,0.0
2018-04-11,196.0,0.0,6.66,0.0,10.0981217451485,0.1182575120553129,16.65,-0.16705162550211924,-1.0
2018-04-12,194.0,0.0,8.78,0.0,8.583403483376225,0.10051888524701597,21.95,-0.18399835165768005,-2.0
2018-04-13,192.0,0.0,11.38,0.0,7.295892960869791,0.08544105245996357,28.450000000000003,-0.20089055513063506,-2.0
2018-04-14,191.0,0.0,12.99,0.0,6.2015090167393225,0.07262489459096903,32.475,-0.21772323039653177,-1.0
2018-04-15,190.0,0.0,13.78,0.0,5.271282664228424,0.061731160402323675,34.449999999999996,-0.23449138957040985,-1.0
2018-04-16,190.0,0.0,16.49,0.0,4.48059026459416,0.052471486341975127,41.224999999999994,-0.25119006388481935,0.0
2018-04-17,190.0,0.5,11.7,0.5,4.308501724905036,0.05045618457888784,29.25,-0.2678143051621742,0.0
2018-04-18,189.0,0.0,10.47,0.0,3.6622264661692805,0.042887756892054665,26.175,-0.2843591872810034,-1.0
2018-04-19,189.0,0.0,10.08,0.0,3.112892496243888,0.03645459335824646,25.2,-0.30081980763566735,0.0
2018-04-20,186.0,0.0,11.51,0.0,2.645958621807305,0.030986404354509493,28.775,-0.3171912885891061,-3.0
2018-04-21,186.0,0.0,13.34,0.0,2.249064828536209,0.026338443701333068,33.35,-0.3334687789181868,0.0
2018-04-22,185.0,0.0,10.2,0.0,1.9117051042557778,0.022387677146133107,25.5,-0.3496474552512284,-1.0
2018-04-23,185.0,1.0,10.85,1.0,2.624949338617411,0.030740367950631117,27.125,-0.36572252349726897,0.0
2018-04-24,184.0,1.0,11.12,1.0,3.2312069378247994,0.03784015513445443,27.799999999999997,-0.3816892202666588,-1.0
2018-04-25,185.0,4.2,9.85,4.2,6.94652589715108,0.08134966984524176,24.625,-0.39754281428255595,1.0
2018-04-26,188.0,2.1,7.71,2.1,8.004547012578417,0.09373998835893324,19.275,-0.4132786077829042,3.0
2018-04-27,188.0,3.2,7.55,3.2,10.003864960691654,0.11715368570963078,18.875,-0.4288919379124835,0.0
2018-04-28,187.0,0.0,9.05,0.0,8.503285216587907,0.09958063285318616,22.625,-0.4443781781046132,-1.0
2018-04-29,187.0,0.0,14.94,0.0,7.227792434099721,0.08464353792520823,37.35,-0.45973273945210397,0.0
2018-04-30,187.0,0.0,19.69,0.0,6.143623568984762,0.071947007236427,49.225,-0.47495107206704995,0.0
2018-05-01,187.0,0.0,18.63,0.0,5.222080033637048,0.061154956150962954,46.574999999999996,-0.49002866642905923,0.0
2018-05-02,187.0,0.0,14.82,0.0,4.4387680285914906,0.05198171272831851,37.05,-0.5049610547215204,0.0
2018-05-03,187.0,0.0,20.09,0.0,3.772952824302767,0.04418445581907073,50.225,-0.5197438121555155,0.0
2018-05-04,187.0,0.0,14.53,0.0,3.207009900657352,0.037556787446210126,36.324999999999996,-0.5343725582809787,0.0
2018-05-05,186.0,0.0,11.89,0.0,2.725958415558749,0.0319232693292786,29.725,-0.548842958284719,-1.0
2018-05-06,186.0,0.0,12.57,0.0,2.3170646532249366,0.02713477892988681,31.425,-0.5631507242749186,0.0
2018-05-07,186.0,0.0,15.53,0.0,1.969504955241196,0.02306456209040379,38.824999999999996,-0.5772916165517272,0.0
2018-05-08,186.0,0.0,17.28,0.0,1.6740792119550165,0.019604877776843218,43.2,-0.5912614448635781,0.0
2018-05-09,186.0,0.0,18.78,0.0,1.422967330161764,0.016664146110316736,46.95,-0.6050560696488488,0.0
2018-05-10,186.0,0.0,19.22,0.0,1.2095222306374993,0.014164524193769224,48.05,-0.6186714032625031,0.0
2018-05-11,186.0,0.0,16.34,0.0,1.0280938960418744,0.01203984556470384,40.85,-0.6321034111873487,0.0
2018-05-12,186.0,0.0,17.02,0.0,0.8738798116355933,0.010233868729998265,42.55,-0.6453481132295501,0.0
2018-05-13,184.0,0.0,17.9,0.0,0.7427978398902543,0.008698788420498526,44.75,-0.6584015846980488,-2.0
2018-05-14,184.0,0.0,16.73,0.0,0.6313781639067161,0.007393970157423746,41.825,-0.6712599575675313,0.0
2018-05-15,187.0,1.6,12.98,1.6,2.136671439320709,0.025022222436078947,32.45,-0.6839194216246106,3.0
2018-05-16,186.0,0.5,16.44,0.5,2.3161707234226023,0.027124310258876093,41.1,-0.6963762255968722,-1.0
2018-05-17,186.0,5.1,15.86,5.1,7.068745114909212,0.08278095983977636,39.65,-0.7086266782644596,0.0
2018-05-18,189.0,4.9,15.53,4.9,10.90843334767283,0.127746943508258,38.824999999999996,-0.7206671495538609,3.0
2018-05-19,188.0,0.0,14.73,0.0,9.272168345521905,0.10858490198201928,36.825,-0.7324940716135789,-1.0
2018-05-20,186.0,0.0,13.71,0.0,7.881343093693619,0.0922971666847164,34.275000000000006,-0.7441039398713607,-2.0
2018-05-21,186.0,0.0,15.46,0.0,6.699141629639576,0.07845259168200892,38.650000000000006,-0.7554933140726803,0.0
2018-05-22,185.0,0.7,13.97,0.7,6.394270385193639,0.07488229259320017,34.925000000000004,-0.766658819300159,-1.0
2018-05-23,185.0,3.9,15.39,3.9,9.335129827414594,0.10932223397225026,38.475,-0.777597146973627,0.0
2018-05-24,186.0,0.5,16.43,0.5,8.434860353302405,0.0987793200646217,41.075,-0.7883050558305255,1.0
2018-05-25,184.0,0.0,19.52,0.0,7.169631300307044,0.08396242205492845,48.8,-0.7987793728863649,-2.0
2018-05-26,185.0,0.0,20.1,0.0,6.094186605260988,0.07136805874668918,50.25,-0.8090169943749473,1.0
2018-05-27,184.0,0.0,20.03,0.0,5.1800586144718395,0.060662849934685806,50.075,-0.8190148866680801,-1.0
2018-05-28,183.0,0.0,22.0,0.0,4.403049822301063,0.05156342244448293,55.0,-0.8287700871745037,-1.0
2018-05-29,183.0,0.0,22.72,0.0,3.7425923489559034,0.043828909077810486,56.8,-0.8382797052177743,0.0
2018-05-30,183.0,0.0,22.76,0.0,3.181203496612518,0.03725457271613891,56.900000000000006,-0.8475409228928311,0.0
2018-05-31,182.0,0.0,19.1,0.0,2.70402297212064,0.031666386808718076,47.75,-0.8565509959010036,-1.0
2018-06-01,182.0,0.0,17.91,0.0,2.298419526302544,0.026916428787410365,44.775,-0.865307254363206,0.0
2018-06-02,182.0,0.0,18.79,0.0,1.9536565973571625,0.02287896446929881,46.974999999999994,-0.8738071036110808,0.0
2018-06-03,181.0,0.0,21.02,0.0,1.6606081077535881,0.01944711979890399,52.55,-0.8820480249558537,-1.0
2018-06-04,181.0,0.0,20.64,0.0,1.4115168915905498,0.01653005182906839,51.6,-0.8900275764346767,0.0
2018-06-05,181.0,0.0,11.47,0.0,1.1997893578519674,0.014050544054708132,28.675,-0.8977433935342337,0.0
2018-06-06,181.0,0.0,10.22,0.0,1.0198209541741723,0.011942962446501912,25.55,-0.9051931898913974,0.0
2018-06-07,181.0,0.0,13.95,0.0,0.8668478110480464,0.010151518079526625,34.875,-0.9123747579707273,0.0
2018-06-08,180.0,0.0,18.87,0.0,0.7368206393908394,0.00862879036759763,47.175000000000004,-0.9192859697186104,-1.0
2018-06-09,180.0,0.0,18.47,0.0,0.6262975434822134,0.007334471812457985,46.175,-0.9259247771938498,0.0
2018-06-10,180.0,0.0,19.67,0.0,0.5323529119598814,0.006234301040589287,49.175000000000004,-0.9322892131745133,0.0
2018-06-11,180.0,16.1,18.21,16.1,16.5524999751659,0.19384371814483034,45.525000000000006,-0.9383773917408641,0.0
2018-06-12,180.0,0.0,15.98,0.0,14.069624978891015,0.16476716042310577,39.95,-0.9441875088341993,0.0
2018-06-13,180.0,0.0,17.78,0.0,11.959181232057363,0.1400520863596399,44.45,-0.9497178427914316,0.0
2018-06-14,179.0,0.8,17.45,0.8,10.96530404724876,0.1284129473068283,43.625,-0.9549667548552551,-1.0
2018-06-15,181.0,0.0,17.98,0.0,9.320508440161445,0.10915100521080406,44.95,-0.9599326896597447,2.0
2018-06-16,181.0,0.0,17.37,0.0,7.922432174137228,0.09277835442918345,43.425000000000004,-0.9646141756912435,0.0
2018-06-17,180.0,0.0,19.95,0.0,6.7340673480166435,0.07886160126480593,49.875,-0.9690098257244062,-1.0
2018-06-18,180.0,3.5,20.13,3.5,9.223957245814148,0.10802030939254798,50.324999999999996,-0.9731183372332619,0.0
2018-06-19,179.0,0.0,19.32,0.0,7.840363658942025,0.09181726298366577,48.3,-0.9769384927771817,-1.0
2018-06-20,179.0,0.0,18.51,0.0,6.664309110100722,0.07804467353611591,46.275000000000006,-0.980469160361632,0.0
2018-06-21,178.0,2.0,21.74,2.0,7.664662743585613,0.08975965725853446,54.349999999999994,-0.9837092937736097,-1.0
2018-06-22,178.0,0.0,14.48,0.0,6.514963332047771,0.0762957086697543,36.2,-0.986657932891657,0.0
2018-06-23,179.0,0.0,12.98,0.0,5.537718832240605,0.06485135236929115,32.45,-0.9893142039703663,1.0
2018-06-24,180.0,12.5,11.7,12.5,17.207061007404516,0.2015091792191222,29.25,-0.99167731989929,1.0
2018-06-25,181.0,4.1,11.68,4.1,18.726001856293838,0.21929725607956757,29.2,-0.993746580436178,1.0
2018-06-26,180.0,0.0,15.04,0.0,15.917101577849762,0.18640266766763242,37.599999999999994,-0.9955213724144752,-1.0
2018-06-27,179.0,0.0,20.32,0.0,13.529536341172298,0.15844226751748755,50.8,-0.9970011699250151,-1.0
2018-06-28,178.0,0.0,22.77,0.0,11.500105889996453,0.13467592738986442,56.925,-0.9981855344718586,-1.0
2018-06-29,178.0,0.0,19.6,0.0,9.775090006496985,0.11447453828138476,49.0,-0.99907411510223,0.0
2018-06-30,177.0,0.0,14.36,0.0,8.308826505522436,0.09730335753917703,35.9,-0.9996666485105112,-1.0
2018-07-01,178.0,13.9,10.93,13.9,20.96250252969407,0.24548856294051036,27.325,-0.9999629591162655,1.0
2018-07-02,183.0,7.3,11.19,7.3,25.11812715023996,0.294154427847285,27.974999999999998,-0.9999629591162655,5.0
2018-07-03,183.0,15.5,13.35,15.5,36.85040807770396,0.4315493205046708,33.375,-0.9996666485105112,0.0
2018-07-04,186.0,8.2,13.75,8.2,39.52284686604837,0.46284582991559764,34.375,-0.99907411510223,3.0
2018-07-05,184.0,0.0,16.53,0.0,33.594419836141114,0.393418955428258,41.325,-0.9981855344718586,-2.0
2018-07-06,184.0,0.0,17.81,0.0,28.555256860719947,0.3344061121140193,44.525,-0.9970011699250151,0.0
2018-07-07,180.0,0.0,18.66,0.0,24.271968331611955,0.2842451952969164,46.65,-0.9955213724144752,-4.0
2018-07-08,179.0,0.0,18.8,0.0,20.631173081870163,0.24160841600237895,47.0,-0.9937465804361781,-1.0
2018-07-09,178.0,0.0,18.04,0.0,17.536497119589637,0.2053671536020221,45.099999999999994,-0.99167731989929,-1.0
2018-07-10,177.0,0.0,19.0,0.0,14.90602255165119,0.17456208056171876,47.5,-0.9893142039703664,-1.0
2018-07-11,177.0,0.6,19.32,0.6,13.270119168903511,0.15540427390331174,48.3,-0.9866579328916572,0.0
2018-07-12,176.0,9.2,20.15,9.2,20.47960129356798,0.23983338268086032,50.375,-0.9837092937736098,-1.0
2018-07-13,182.0,15.1,17.66,15.1,32.50766109953278,0.3806920951626427,44.15,-0.9804691603616321,6.0
2018-07-14,185.0,15.7,18.23,15.7,43.331511934602865,0.5074485061980085,45.575,-0.9769384927771817,3.0
2018-07-15,185.0,8.7,18.93,8.7,45.53178514441244,0.5332155589431437,47.325,-0.973118337233262,0.0
2018-07-16,189.0,4.8,20.2,4.8,43.50201737275057,0.5094452685084784,50.5,-0.9690098257244063,4.0
2018-07-17,192.0,4.7,21.74,4.7,41.67671476683799,0.48806943740137115,54.349999999999994,-0.9646141756912435,3.0
2018-07-18,193.0,0.0,23.85,0.0,35.42520755181229,0.4148590217911655,59.625,-0.9599326896597445,1.0
2018-07-19,190.0,0.8,20.04,0.8,30.91142641904045,0.36199884242362507,50.099999999999994,-0.9549667548552553,-3.0
2018-07-20,189.0,0.0,21.5,0.0,26.274712456184382,0.3076990160600813,53.75,-0.9497178427914317,-1.0
2018-07-21,186.0,0.0,21.27,0.0,22.333505587756726,0.26154416365106914,53.175,-0.9441875088341994,-3.0
2018-07-22,185.0,0.0,22.44,0.0,18.983479749593215,0.22231253910340873,56.1,-0.9383773917408642,-1.0
2018-07-23,184.0,1.6,20.11,1.6,17.735957787154234,0.2077030060401662,50.275,-0.9322892131745134,-1.0
2018-07-24,184.0,0.0,21.29,0.0,15.075564119081099,0.17654755513414128,53.224999999999994,-0.9259247771938499,0.0
2018-07-25,185.0,0.0,21.32,0.0,12.814229501218934,0.15006542186402008,53.3,-0.9192859697186105,1.0
2018-07-26,184.0,0.0,21.65,0.0,10.892095076036094,0.12755560858441706,54.125,-0.9123747579707274,-1.0
2018-07-27,183.0,0.0,22.35,0.0,9.25828081463068,0.10842226729675451,55.875,-0.9051931898913975,-1.0
2018-07-28,183.0,0.0,23.85,0.0,7.869538692436078,0.09215892720224134,59.625,-0.8977433935342336,0.0
2018-07-29,184.0,0.0,26.01,0.0,6.689107888570666,0.07833508812190512,65.025,-0.8900275764346766,1.0
2018-07-30,184.0,13.2,22.84,13.2,18.885741705285064,0.22116794427233663,57.1,-0.8820480249558535,0.0
2018-07-31,182.0,0.0,22.85,0.0,16.052880449492303,0.1879927526314861,57.125,-0.8738071036110807,-2.0
2018-08-01,183.0,0.0,23.08,0.0,13.644948382068456,0.15979383973676317,57.699999999999996,-0.8653072543632061,1.0
2018-08-02,182.0,0.0,24.47,0.0,11.598206124758187,0.1358247637762487,61.175,-0.8565509959010037,-1.0
2018-08-03,182.0,0.0,23.62,0.0,9.858475206044458,0.11545104920981138,59.050000000000004,-0.8475409228928312,0.0
2018-08-04,182.0,0.0,22.88,0.0,8.37970392513779,0.09813339182833968,57.199999999999996,-0.8382797052177745,0.0
2018-08-05,181.0,0.4,21.4,0.4,7.522748336367122,0.08809772000465592,53.5,-0.828770087174504,-1.0
2018-08-06,182.0,0.0,19.51,0.0,6.3943360859120535,0.07488306200395753,48.775000000000006,-0.8190148866680802,1.0
2018-08-07,182.0,1.1,18.56,1.1,6.535185673025245,0.07653252931742367,46.4,-0.8090169943749472,0.0
2018-08-08,182.0,0.0,21.96,0.0,5.554907822071458,0.06505264991981012,54.900000000000006,-0.7987793728863648,0.0
2018-08-09,182.0,0.0,24.08,0.0,4.721671648760739,0.055294752431838595,60.199999999999996,-0.7883050558305253,0.0
2018-08-10,182.0,0.0,23.67,0.0,4.013420901446628,0.04700053956706281,59.175000000000004,-0.7775971469736268,0.0
2018-08-11,185.0,15.3,17.86,15.3,18.711407766229634,0.21912634699119843,44.65,-0.7666588193001592,3.0
2018-08-12,186.0,0.0,16.89,0.0,15.90469660129519,0.18625739494251867,42.225,-0.7554933140726804,1.0
2018-08-13,185.0,0.0,15.99,0.0,13.51899211110091,0.15831878570114086,39.975,-0.7441039398713608,-1.0
2018-08-14,187.0,9.0,19.85,9.0,20.491143294435773,0.2399685492337315,49.625,-0.7324940716135792,2.0
2018-08-15,187.0,7.6,18.93,7.6,25.017471800270407,0.2929756689094484,47.325,-0.7206671495538615,0.0
2018-08-16,185.0,0.0,18.34,0.0,21.264851030229845,0.24902931857303112,45.85,-0.7086266782644601,-2.0
2018-08-17,185.0,0.0,19.79,0.0,18.07512337569537,0.21167492078707648,49.474999999999994,-0.6963762255968726,0.0
2018-08-18,185.0,0.0,20.38,0.0,15.363854869341063,0.17992368266901498,50.949999999999996,-0.6839194216246105,0.0
2018-08-19,184.0,0.0,18.9,0.0,13.059276638939902,0.15293513026866273,47.25,-0.6712599575675315,-1.0
2018-08-20,184.0,3.4,20.99,3.4,14.500385143098917,0.16981172480818443,52.474999999999994,-0.6584015846980489,0.0
2018-08-21,183.0,0.0,17.56,0.0,12.32532737163408,0.14433996608695676,43.9,-0.64534811322955,-1.0
2018-08-22,183.0,0.0,14.95,0.0,10.476528265888968,0.12268897117391325,37.375,-0.6321034111873488,0.0
2018-08-23,182.0,0.0,17.95,0.0,8.905049026005623,0.10428562549782627,44.875,-0.6186714032625032,-1.0
2018-08-24,182.0,2.8,21.54,2.8,10.36929167210478,0.12143314032712267,53.849999999999994,-0.6050560696488494,0.0
2018-08-25,182.0,3.3,17.19,3.3,12.113897921289063,0.1418639491202336,42.975,-0.5912614448635782,0.0
2018-08-26,183.0,3.7,14.28,3.7,13.996813233095704,0.16391447354494507,35.699999999999996,-0.5772916165517278,1.0
2018-08-27,185.0,0.0,13.92,0.0,11.897291248131348,0.1393273025132033,34.8,-0.5631507242749187,2.0
2018-08-28,184.0,0.0,15.33,0.0,10.112697560911645,0.1184282071362228,38.325,-0.5488429582847199,-1.0
2018-08-29,184.0,3.4,15.22,3.4,11.995792926774898,0.1404808401456105,38.050000000000004,-0.5343725582809785,0.0
2018-08-30,183.0,0.0,16.22,0.0,10.196423987758664,0.11940871412376892,40.55,-0.5197438121555157,-1.0
2018-08-31,182.0,4.0,18.01,4.0,12.666960389594864,0.1483407765108755,45.025000000000006,-0.5049610547215202,-1.0
2018-09-01,181.0,0.0,17.91,0.0,10.766916331155635,0.12608966003424418,44.775,-0.4900286664290594,-1.0
2018-09-02,179.0,0.0,17.47,0.0,9.15187888148229,0.10717621102910754,43.675,-0.4749510720670502,-2.0
2018-09-03,179.0,0.0,18.04,0.0,7.7790970492599465,0.09109977937474142,45.099999999999994,-0.4597327394521046,0.0
2018-09-04,180.0,2.6,17.83,2.6,9.212232491870955,0.10788300264721695,44.574999999999996,-0.44437817810461344,1.0
2018-09-05,187.0,7.7,17.2,7.7,15.530397618090312,0.18187403854855283,43.0,-0.4288919379124841,7.0
2018-09-06,186.0,0.0,19.23,0.0,13.200837975376764,0.1545929327662699,48.075,-0.41327860778290443,-1.0
2018-09-07,183.0,0.0,18.25,0.0,11.220712279070248,0.1314039928513294,45.625,-0.3975428142825566,-3.0
2018-09-08,181.0,0.0,16.19,0.0,9.537605437209711,0.11169339392362998,40.475,-0.3816892202666586,-2.0
2018-09-09,182.0,0.0,17.41,0.0,8.106964621628254,0.09493938483508549,43.525,-0.3657225234972692,1.0
2018-09-10,178.0,0.0,16.64,0.0,6.890919928384016,0.08069847710982266,41.6,-0.34964745525122826,-4.0
2018-09-11,180.0,0.1,17.16,0.1,5.957281939126413,0.06976478978099106,42.9,-0.33346877891818705,2.0
2018-09-12,183.0,0.4,18.57,0.4,5.463689648257452,0.0639844082644096,46.425,-0.31719128858910595,3.0
2018-09-13,185.0,0.5,14.28,0.5,5.144136201018834,0.060242168212957144,35.699999999999996,-0.300819807635668,2.0
2018-09-14,183.0,0.3,13.66,0.3,4.672515770866009,0.054719095693938964,34.15,-0.2843591872810036,-2.0
2018-09-15,184.0,0.1,12.65,0.1,4.071638405236107,0.04768231557748991,31.625,-0.26781430516217486,1.0
2018-09-16,183.0,0.0,13.53,0.0,3.460892644450691,0.040529968240866424,33.824999999999996,-0.25119006388481957,-1.0
2018-09-17,181.0,0.0,14.66,0.0,2.941758747783087,0.03445047300473646,36.65,-0.23449138957041052,-2.0
2018-09-18,184.0,0.0,16.47,0.0,2.500494935615624,0.029282902054025988,41.175,-0.21772323039653224,3.0
2018-09-19,185.0,0.0,19.26,0.0,2.1254206952732804,0.02489046674592209,48.150000000000006,-0.20089055513063528,1.0
2018-09-20,182.0,0.0,19.02,0.0,1.8066075909822883,0.021156896734033776,47.55,-0.18399835165767986,-3.0
2018-09-21,180.0,0.0,20.08,0.0,1.535616452334945,0.017983362223928708,50.199999999999996,-0.1670516255021195,-2.0
2018-09-22,185.0,5.6,12.73,5.6,6.905273984484703,0.08086657519828007,31.825000000000003,-0.15005539834465262,5.0
2018-09-23,186.0,0.7,9.57,0.7,6.569482886811998,0.07693417858203064,23.925,-0.13301470653419636,1.0
2018-09-24,188.0,9.5,8.48,9.5,15.084060453790197,0.1766470543706968,21.200000000000003,-0.11593459959550066,2.0
2018-09-25,187.0,1.3,6.04,1.3,14.121451385721668,0.16537409130443567,15.1,-0.09882013873287211,-1.0
2018-09-26,188.0,4.3,6.29,4.3,16.303233677863417,0.19092459982736762,15.725,-0.08167639533042288,1.0
2018-09-27,190.0,0.0,12.88,0.0,13.857748626183904,0.16228590985326247,32.2,-0.06450844944931625,2.0
2018-09-28,189.0,0.5,11.65,0.5,12.279086332256318,0.14379844456348206,29.125,-0.04732138832243232,-1.0
2018-09-29,190.0,0.0,6.84,0.0,10.43722338241787,0.12222867787895975,17.1,-0.03012030484690836,1.0
2018-09-30,189.0,0.0,7.76,0.0,8.87163987505519,0.10389437619711579,19.4,-0.012910296075008843,-1.0
2018-10-01,184.0,0.0,8.3,0.0,7.540893893796911,0.08831021976754842,20.75,0.004303538296243821,-5.0
2018-10-02,186.0,1.4,8.43,1.4,7.809759809727375,0.09145886612940134,21.075,0.021516097436222233,2.0
2018-10-03,189.0,5.9,7.13,5.9,12.538295838268269,0.14683400623085718,17.825,0.03872228089217399,3.0
2018-10-04,186.0,0.0,6.87,0.0,10.657551462528028,0.12480890529622861,17.175,0.05591699010060302,-3.0
2018-10-05,184.0,0.0,9.86,0.0,9.058918743148825,0.10608756950179432,24.65,0.07309512989807776,-2.0
2018-10-06,185.0,0.0,12.05,0.0,7.7000809316765,0.09017443407652517,30.125,0.0902516100310407,1.0
2018-10-07,181.0,2.1,10.77,2.1,8.645068791925025,0.10124103795552415,26.924999999999997,0.10738134666416306,-4.0
2018-10-08,181.0,0.0,7.33,0.0,7.348308473136271,0.08605488226219551,18.325,0.12447926388678869,0.0
2018-10-09,181.0,0.0,7.88,0.0,6.24606220216583,0.0731466499228662,19.7,0.141540295217043,0.0
2018-10-10,180.0,0.0,10.81,0.0,5.309152871840955,0.062174652434436255,27.025000000000002,0.15855938510313475,-1.0
2018-10-11,182.0,0.0,11.36,0.0,4.512779941064812,0.052848454569270814,28.4,0.17553149042142777,2.0
2018-10-12,187.0,0.0,11.38,0.0,3.8358629499050902,0.04492118638388019,28.450000000000003,0.19245158197082995,5.0
2018-10-13,185.0,0.0,11.47,0.0,3.260483507419327,0.03818300842629817,28.675,0.20931464596304888,-2.0
2018-10-14,184.0,0.0,11.6,0.0,2.7714109813064276,0.03245555716235344,29.0,0.22611568550828803,-1.0
2018-10-15,183.0,0.0,11.43,0.0,2.3556993341104633,0.027587223588000424,28.575,0.2428497220959358,-1.0
2018-10-16,185.0,0.0,11.5,0.0,2.0023444339938936,0.023449140049800355,28.75,0.25951179706979943,2.0
2018-10-17,186.0,0.0,10.75,0.0,1.7019927688948095,0.019931769042330304,26.875,0.27609697309746883,1.0
2018-10-18,186.0,0.0,11.55,0.0,1.446693853560588,0.016942003685980755,28.875,0.2926003356333479,0.0
2018-10-19,187.0,0.0,7.64,0.0,1.2296897755264997,0.014400703133083642,19.099999999999998,0.30901699437494723,1.0
2018-10-20,190.0,0.0,6.66,0.0,1.0452363091975247,0.012240597663121095,16.65,0.3253420847119795,3.0
2018-10-21,189.0,0.0,3.58,0.0,0.888450862817896,0.010404508013652931,8.95,0.341570769167856,-1.0
2018-10-22,187.0,2.1,6.61,2.1,2.855183233395212,0.033436600802082744,16.525000000000002,0.35769823883312546,-2.0
2018-10-23,189.0,8.3,4.13,8.3,10.726905748385931,0.12562110240603955,10.325,0.3737197147904692,2.0
2018-10-24,190.0,8.4,4.32,8.4,17.51786988612804,0.2051490130070446,10.8,0.38963044953078774,1.0
2018-10-25,192.0,1.9,3.36,1.9,16.79018940320883,0.19662726157118204,8.4,0.4054257283599973,2.0
2018-10-26,191.0,0.0,3.89,0.0,14.271660992727506,0.16713317233550473,9.725,0.42110087079608916,-1.0
2018-10-27,186.0,1.9,6.14,1.9,14.03091184381838,0.16431379700037316,15.35,0.4366512319560638,-5.0
2018-10-28,185.0,0.0,2.91,0.0,11.926275067245623,0.1396667274503172,7.275,0.45207220393230374,-1.0
2018-10-29,186.0,8.2,1.71,8.2,18.337333807158778,0.214745625819397,4.275,0.46735921715800205,1.0
2018-10-30,187.0,0.0,7.86,0.0,15.58673373608496,0.18253378194648745,19.650000000000002,0.48250774176121763,1.0
2018-10-31,184.0,1.0,11.65,1.0,14.248723675672217,0.1668645570309323,29.125,0.4975132889071803,-3.0
2018-11-01,188.0,0.0,11.55,0.0,12.111415124321384,0.14183487347629245,28.875,0.5123714121284235,4.0
2018-11-02,189.0,0.0,11.0,0.0,10.294702855673176,0.12055964245484858,27.5,0.5270777086423724,1.0
2018-11-03,189.0,1.7,9.87,1.7,10.4504974273222,0.12238412812653185,24.674999999999997,0.5416278206559811,0.0
2018-11-04,188.0,0.0,4.7,0.0,8.88292281322387,0.10402650890755208,11.75,0.5560174366570446,-1.0
2018-11-05,186.0,0.0,7.23,0.0,7.550484391240289,0.08842253257141926,18.075000000000003,0.5702422926917867,-2.0
2018-11-06,189.0,0.0,8.4,0.0,6.417911732554246,0.07515915268570637,21.0,0.5842981736283683,3.0
2018-11-07,190.0,0.0,6.4,0.0,5.455224972671108,0.06388527978285041,16.0,0.5981809144059159,1.0
2018-11-08,190.0,0.0,3.21,0.0,4.636941226770442,0.054302487815422844,8.025,0.6118864012687242,0.0
2018-11-09,188.0,0.0,2.38,0.0,3.9414000427548754,0.04615711464310942,5.949999999999999,0.6254105729852457,-2.0
2018-11-10,188.0,0.0,4.08,0.0,3.350190036341644,0.039233547446643,10.2,0.6387494220515268,0.0
2018-11-11,183.0,0.0,3.32,0.0,2.8476615308903974,0.033348515329646555,8.299999999999999,0.6518989958787125,-5.0
2018-11-12,182.0,0.0,2.8,0.0,2.4205123012568377,0.02834623803019957,7.0,0.6648553979642867,-1.0
2018-11-13,182.0,6.7,4.47,6.7,8.757435456068311,0.10255694624767006,11.174999999999999,0.6776147890466887,0.0
2018-11-14,184.0,5.5,6.5,5.5,12.943820137658065,0.15158303738081844,16.25,0.690173388242972,2.0
2018-11-15,184.0,0.0,5.28,0.0,11.002247117009356,0.12884558177369568,13.200000000000001,0.7025274741691566,0.0
2018-11-16,183.0,0.0,1.13,0.0,9.351910049457953,0.10951874450764132,2.8249999999999997,0.7146733860429608,-1.0
2018-11-17,183.0,0.0,-1.05,0.0,7.94912354203926,0.09309093283149512,0.0,0.726607524768565,0.0
2018-11-18,182.0,2.7,3.12,2.7,9.45675501073337,0.1107465673230994,7.800000000000001,0.7383263540031063,-1.0
2018-11-19,182.0,0.6,2.33,0.6,8.638241759123364,0.10116108765048526,5.825,0.749826401204568,0.0
2018-11-20,183.0,0.0,-0.54,0.0,7.342505495254859,0.08598692450291247,0.0,0.7611042586607742,1.0
2018-11-21,183.0,0.0,-2.52,0.0,6.241129670966631,0.0730888858274756,0.0,0.7721565844991641,0.0
2018-11-22,182.0,0.0,-3.47,0.0,5.304960220321636,0.06212555295335426,0.0,0.7829801036770625,-1.0
2018-11-23,181.0,0.0,-2.32,0.0,4.50921618727339,0.05280672001035111,0.0,0.7935716089521472,-1.0
2018-11-24,178.0,0.0,-3.19,0.0,3.8328337591823813,0.04488571200879844,0.0,0.8039279618328208,-3.0
2018-11-25,182.0,0.0,-0.92,0.0,3.2579086953050242,0.03815285520747868,0.0,0.8140460935082175,4.0
2018-11-26,180.0,0.0,-2.56,0.0,2.7692223910092704,0.03242992692635687,0.0,0.8239230057575536,-2.0
2018-11-27,180.0,0.0,-2.8,0.0,2.3538390323578797,0.027565437887403343,0.0,0.8335557718385695,0.0
2018-11-28,180.0,0.0,-5.52,0.0,2.0007631775041976,0.023430622204292838,0.0,0.8429415373547832,0.0
2018-11-29,181.0,0.0,-6.2,0.0,1.700648700878568,0.019916028873648912,0.0,0.8520775211013093,1.0
2018-11-30,188.0,0.0,-6.99,0.0,1.4455513957467827,0.016928624542601575,0.0,0.8609610158889945,7.0
2018-12-01,198.0,3.2,-8.67,3.2,4.428718686384766,0.05186402646574887,0.0,0.8695893893466109,10.0
2018-12-02,207.0,0.0,-6.55,0.0,3.764410883427051,0.04408442249588654,0.0,0.8779600847008883,9.0
2018-12-03,199.0,3.2,-0.55,3.2,6.399749250912993,0.07494645472604108,0.0,0.8860706215341377,-8.0
2018-12-04,184.0,6.6,2.9,6.6,12.039786863276044,0.14099604620149356,7.25,0.893918596519257,-15.0
2018-12-05,184.0,0.2,1.0,0.2,10.433818833784636,0.12218880774655311,2.5,0.9015016841318838,0.0
2018-12-06,185.0,0.0,-2.85,0.0,8.868746008716942,0.10386048658457014,0.0,0.9088176373395028,1.0
2018-12-07,183.0,6.6,-2.42,6.6,14.138434107409399,0.16557297328124326,0.0,0.9158642882672868,-2.0
2018-12-08,183.0,7.8,0.95,7.8,19.81766899129799,0.23208159782511698,2.375,0.9226395488404875,0.0
2018-12-09,184.0,1.0,1.12,1.0,17.84501864260329,0.2089802005277674,2.8000000000000003,0.9291414114031743,1.0
2018-12-10,186.0,2.2,2.33,2.2,17.368265846212797,0.20339702367672186,5.825,0.935367949313148,2.0
2018-12-11,187.0,0.5,0.27,0.5,15.263025969280877,0.17874289131342255,0.675,0.941317317512847,1.0
2018-12-12,187.0,0.2,0.03,0.2,13.173572073888744,0.15427362609169273,0.075,0.946987753076075,0.0
2018-12-13,187.0,0.0,-0.71,0.0,11.197536262805432,0.13113258217793883,0.0,0.9523775757303973,0.0
2018-12-14,185.0,0.0,-0.59,0.0,9.517905823384616,0.11146269485124799,0.0,0.9574851883550389,-2.0
2018-12-15,185.0,0.0,-1.07,0.0,8.090219949876923,0.0947432906235608,0.0,0.9623090774541487,0.0
2018-12-16,184.0,4.7,-2.09,4.7,11.576686957395385,0.13557275619919115,0.0,0.9668478136052773,-1.0
2018-12-17,184.0,8.8,-3.49,8.8,18.64018391378608,0.2182922556817907,0.0,0.9711000518829505,0.0
2018-12-18,184.0,0.7,-4.45,0.7,16.544156326718166,0.19374600699301467,0.0,0.9750645322571945,0.0
2018-12-19,184.0,0.0,-4.9,0.0,14.06253287771044,0.16468410594406246,0.0,0.9787400799669153,0.0
2018-12-20,184.0,0.0,-7.14,0.0,11.953152946053875,0.13998149005245308,0.0,0.9821256058680006,0.0
2018-12-21,189.0,5.2,-4.22,5.2,15.360180004145793,0.1798806469019586,0.0,0.9852201067560606,5.0
2018-12-22,186.0,3.0,0.16,3.0,16.056153003523924,0.18803107699591876,0.4,0.9880226656636976,-3.0
2018-12-23,183.0,1.0,-1.53,1.0,14.647730052995335,0.1715372578229489,0.0,0.9905324521322227,-3.0
2018-12-24,181.0,1.5,-3.47,1.5,13.950570545046034,0.16337293271413353,0.0,0.9927487224577402,-2.0
2018-12-25,181.0,0.2,-4.09,0.2,12.057984963289128,0.14120916128229707,0.0,0.9946708199115211,0.0
2018-12-26,181.0,2.2,1.45,2.2,12.44928721879576,0.14579164031807207,3.625,0.9962981749346077,0.0
2018-12-27,180.0,1.4,0.95,1.4,11.981894135976397,0.14031807359734644,2.375,0.9976303053065857,-1.0
2018-12-28,183.0,2.5,0.96,2.5,12.684610015579937,0.14854746849878941,2.4,0.9986668162884759,3.0
2018-12-29,184.0,0.2,0.67,0.2,10.981918513242945,0.12860751669925458,1.675,0.9994074007397048,1.0
2018-12-30,185.0,2.7,1.38,2.7,12.034630736256503,0.14093566361069493,3.4499999999999997,0.9998518392091162,1.0
2018-12-31,187.0,8.0,-0.62,8.0,18.229436125818026,0.21348205308043447,0.0,1.0,2.0
2019-01-01,190.0,6.1,0.5,6.1,21.59502070694532,0.2528958836145189,1.25,0.9998518392091162,3.0
2019-01-02,190.0,5.8,-0.33,5.8,24.155767600903523,0.2828843868555654,0.0,0.9994074007397048,0.0
2019-01-03,191.0,2.7,-4.41,2.7,23.232402460767993,0.2720710032435591,0.0,0.998666816288476,1.0
2019-01-04,190.0,2.8,-4.87,2.8,22.547542091652794,0.26405071141099556,0.0,0.9976303053065857,-1.0
2019-01-05,189.0,1.5,-3.23,1.5,20.665410777904874,0.24200936826397318,0.0,0.9962981749346078,-1.0
2019-01-06,188.0,0.0,-5.93,0.0,17.565599161219144,0.20570796302437722,0.0,0.9946708199115211,-1.0
2019-01-07,188.0,0.5,-7.21,0.5,15.430759287036272,0.1807071897589296,0.0,0.9927487224577402,0.0
2019-01-08,193.0,0.0,-5.48,0.0,13.116145393980831,0.1536011112950902,0.0,0.9905324521322229,5.0
2019-01-09,195.0,0.2,-8.8,0.2,11.348723584883706,0.13290311307611022,0.0,0.9880226656636976,2.0
2019-01-10,192.0,0.0,-9.69,0.0,9.64641504715115,0.11296764611469369,0.0,0.9852201067560606,-3.0
2019-01-11,201.0,6.2,-11.09,6.2,14.399452790078477,0.1686297219312811,0.0,0.9821256058680006,9.0
2019-01-12,190.0,0.8,-2.27,0.8,13.039534871566707,0.15270393754272332,0.0,0.9787400799669153,-11.0
2019-01-13,186.0,3.6,-0.34,3.6,14.6836046408317,0.17195737946641954,0.0,0.9750645322571948,-4.0
2019-01-14,184.0,8.6,-0.8,8.6,21.081063944706944,0.2468770169836512,0.0,0.9711000518829505,-2.0
2019-01-15,183.0,0.9,-3.16,0.9,18.8189043530009,0.22038522257487966,0.0,0.9668478136052775,-1.0
2019-01-16,182.0,0.2,-2.8,0.2,16.196068700050763,0.1896696076639313,0.0,0.9623090774541486,-1.0
2019-01-17,182.0,2.2,1.49,2.2,15.966658395043147,0.18698301974246112,3.725,0.9574851883550393,0.0
2019-01-18,183.0,6.2,-1.24,6.2,19.771659635786676,0.2315427895148834,0.0,0.9523775757303974,1.0
2019-01-19,183.0,0.0,-2.94,0.0,16.805910690418674,0.1968113710876509,0.0,0.9469877530760753,0.0
2019-01-20,182.0,2.0,-2.94,2.0,16.28502408685587,0.19071135017733917,0.0,0.9413173175128471,-1.0
2019-01-21,183.0,0.3,-4.78,0.3,14.14227047382749,0.1656179003636637,0.0,0.9353679493131483,1.0
2019-01-22,182.0,0.7,-4.19,0.7,12.720929902753365,0.1489728049726067,0.0,0.9291414114031743,-1.0
2019-01-23,182.0,0.0,-6.46,0.0,10.812790417340361,0.12662688422671572,0.0,0.9226395488404876,0.0
2019-01-24,182.0,0.0,-11.47,0.0,9.190871854739306,0.10763285159270836,0.0,0.9158642882672872,0.0
2019-01-25,198.0,6.1,-7.55,6.1,13.91224107652841,0.16292406234995174,0.0,0.9088176373395029,16.0
2019-01-26,207.0,0.7,-7.88,0.7,12.525404915049148,0.14668304266095156,0.0,0.901501684131884,9.0
2019-01-27,211.0,0.0,-7.44,0.0,10.646594177791775,0.12468058626180882,0.0,0.893918596519257,4.0
2019-01-28,215.0,2.4,-7.08,2.4,11.449605051123008,0.13408452002594062,0.0,0.886070621534138,4.0
2019-01-29,215.0,0.0,-2.87,0.0,9.732164293454556,0.11397184202204952,0.0,0.8779600847008882,0.0
2019-01-30,187.0,0.0,-0.63,0.0,8.272339649436372,0.09687606571874209,0.0,0.869589389346611,-28.0
2019-01-31,183.0,0.9,-0.99,0.9,7.931488702020916,0.09288441399970696,0.0,0.8609610158889943,-4.0
2019-02-01,181.0,3.9,0.44,3.9,10.641765396717778,0.12462403716778102,1.1,0.8520775211013093,-2.0
2019-02-02,181.0,1.7,1.2,1.7,10.74550058721011,0.1258388636325244,3.0,0.8429415373547828,0.0
2019-02-03,181.0,0.2,1.9,0.2,9.333675499128592,0.10930520256292932,4.75,0.8335557718385699,0.0
2019-02-04,182.0,5.3,-0.65,5.3,13.233624174259303,0.15497688677350518,0.0,0.8239230057575542,1.0
2019-02-05,182.0,0.0,-1.83,0.0,11.248580548120406,0.1317303537574794,0.0,0.8140460935082178,0.0
2019-02-06,184.0,0.4,-0.15,0.4,9.961293465902346,0.11665513764442469,0.0,0.8039279618328213,2.0
2019-02-07,182.0,0.0,0.25,0.0,8.467099446016993,0.09915686699776098,0.625,0.7935716089521474,-2.0
2019-02-08,181.0,0.0,0.19,0.0,7.197034529114444,0.08428333694809682,0.475,0.7829801036770629,-1.0
2019-02-09,181.0,0.0,1.14,0.0,6.117479349747278,0.0716408364058823,2.8499999999999996,0.7721565844991642,0.0
2019-02-10,181.0,0.0,2.29,0.0,5.1998574472851855,0.06089471094499995,5.725,0.7611042586607747,0.0
2019-02-11,182.0,2.4,2.01,2.4,6.819878830192408,0.07986652600665312,5.0249999999999995,0.7498264012045686,1.0
2019-02-12,184.0,1.7,-0.07,1.7,7.496897005663547,0.0877949791455657,0.0,0.7383263540031065,2.0
2019-02-13,187.0,12.9,-0.3,12.9,19.272362454814015,0.22569559892952273,0.0,0.7266075247685656,3.0
2019-02-14,187.0,0.0,1.56,0.0,16.38150808659191,0.1918412590900943,3.9000000000000004,0.7146733860429609,0.0
2019-02-15,185.0,0.2,2.37,0.2,14.124281873603122,0.16540723870186375,5.925000000000001,0.702527474169157,-2.0
2019-02-16,188.0,0.0,2.42,0.0,12.005639592562654,0.14059615289658417,6.05,0.6901733882429719,3.0
2019-02-17,192.0,0.0,2.16,0.0,10.204793653678255,0.11950672996209653,5.4,0.6776147890466889,4.0
2019-02-18,192.0,0.0,-1.17,0.0,8.674074605626517,0.10158072046778206,0.0,0.6648553979642865,0.0
2019-02-19,191.0,0.3,2.27,0.3,7.672963414782539,0.08985686511054014,5.675,0.6518989958787126,-1.0
2019-02-20,191.0,1.5,2.22,1.5,8.022018902565158,0.09394459890858609,5.550000000000001,0.6387494220515272,0.0
2019-02-21,191.0,0.0,-2.82,0.0,6.818716067180384,0.07985290907229817,0.0,0.6254105729852463,0.0
2019-02-22,190.0,0.0,-5.43,0.0,5.795908657103326,0.06787497271145344,0.0,0.6118864012687243,-1.0
2019-02-23,189.0,0.0,-3.82,0.0,4.926522358537827,0.057693726804735425,0.0,0.5981809144059164,-1.0
2019-02-24,189.0,0.0,0.7,0.0,4.187544004757153,0.049039667784025104,1.75,0.5842981736283683,0.0
2019-02-25,185.0,0.0,1.73,0.0,3.55941240404358,0.04168371761642134,4.325,0.5702422926917871,-4.0
2019-02-26,185.0,0.0,2.24,0.0,3.025500543437043,0.03543115997395814,5.6000000000000005,0.5560174366570446,0.0
2019-02-27,185.0,0.0,2.38,0.0,2.5716754619214863,0.030116485977864416,5.949999999999999,0.5416278206559814,0.0
2019-02-28,184.0,0.3,3.19,0.3,2.4859241426332632,0.029112265794110144,7.975,0.5270777086423722,-1.0
2019-03-01,186.0,0.7,-2.54,0.7,2.813035521238274,0.03294301558848621,0.0,0.5123714121284237,2.0
2019-03-02,185.0,0.0,-3.64,0.0,2.3910801930525327,0.028001563250213277,0.0,0.49751328890718066,-1.0
2019-03-03,184.0,2.6,0.14,2.6,4.632418164094653,0.05424951894136802,0.35000000000000003,0.48250774176121847,-1.0
2019-03-04,185.0,8.5,5.0,8.5,12.437555439480455,0.14565425129971563,12.5,0.46735921715800227,1.0
2019-03-05,187.0,2.6,4.02,2.6,13.171922123558387,0.154254303783445,10.049999999999999,0.45207220393230435,2.0
2019-03-06,191.0,0.0,-0.92,0.0,11.196133805024628,0.13111615821592826,0.0,0.43665123195606403,4.0
2019-03-07,192.0,0.0,4.5,0.0,9.516713734270933,0.11144873448353901,11.25,0.4211008707960896,1.0
2019-03-08,192.0,2.5,7.22,2.5,10.589206674130294,0.1240085302520531,18.05,0.40542572835999735,0.0
2019-03-09,190.0,2.7,4.23,2.7,11.700825673010751,0.1370265251305737,10.575000000000001,0.38963044953078796,-2.0
2019-03-10,191.0,4.4,2.13,4.4,14.345701822059139,0.16800025281722675,5.324999999999999,0.37371971479046906,1.0
2019-03-11,191.0,1.7,-0.47,1.7,13.893846548750266,0.16270864693455328,0.0,0.35769823883312546,0.0
2019-03-12,190.0,0.0,-2.15,0.0,11.809769566437726,0.13830234989437026,0.0,0.3415707691678556,-1.0
2019-03-13,190.0,0.7,0.84,0.7,10.738304131472066,0.12575458707370732,2.1,0.3253420847119801,0.0
2019-03-14,188.0,3.2,3.5,3.2,12.327558511751256,0.14436609461718874,8.75,0.30901699437494745,-2.0
2019-03-15,187.0,0.9,4.02,0.9,11.378424734988569,0.1332509385633866,10.049999999999999,0.29260033563334836,-1.0
2019-03-16,190.0,11.2,2.83,11.2,20.871661024740284,0.24442473239475995,7.075,0.27609697309746883,3.0
2019-03-17,194.0,0.0,4.33,0.0,17.74091187102924,0.20776102253554596,10.825,0.2595117970697999,4.0
2019-03-18,197.0,3.1,5.21,3.1,18.179775090374854,0.21290048052210978,13.025,0.2428497220959356,3.0
2019-03-19,198.0,0.0,2.99,0.0,15.452808826818625,0.1809654084437933,7.4750000000000005,0.22611568550828828,1.0
2019-03-20,195.0,0.0,3.64,0.0,13.13488750279583,0.1538205971772243,9.1,0.20931464596304847,-3.0
2019-03-21,193.0,0.6,6.09,0.6,11.764654377376456,0.13777401302649145,15.225,0.19245158197082998,-2.0
2019-03-22,191.0,0.3,5.7,0.3,10.299956220769987,0.12062116378544312,14.25,0.1755314904214282,-2.0
2019-03-23,190.0,0.0,6.21,0.0,8.754962787654488,0.10252798921762664,15.525,0.15855938510313478,-1.0
2019-03-24,188.0,0.0,4.53,0.0,7.441718369506315,0.08714879083498264,11.325000000000001,0.141540295217043,-2.0
2019-03-25,189.0,0.0,2.9,0.0,6.3254606140803675,0.07407647220973525,7.25,0.12447926388678915,1.0
2019-03-26,187.0,3.5,0.53,3.5,8.876641521968313,0.10395294969573789,1.3250000000000002,0.10738134666416309,-2.0
2019-03-27,187.0,0.2,0.03,0.2,7.745145293673066,0.0907021757166608,0.075,0.09025161003104117,0.0
2019-03-28,187.0,0.0,2.69,0.0,6.583373499622106,0.07709684935916168,6.725,0.07309512989807777,0.0
2019-03-29,186.0,0.0,6.33,0.0,5.59586747467879,0.06553232195528742,15.825,0.055916990100603484,-1.0
2019-03-30,186.0,0.0,9.35,0.0,4.756487353476971,0.0557024736619943,23.375,0.03872228089217446,0.0
2019-03-31,185.0,0.0,6.82,0.0,4.043014250455426,0.04734710261269516,17.05,0.021516097436222254,-1.0
2019-04-01,185.0,0.0,3.07,0.0,3.4365621128871116,0.04024503722079088,7.675,0.004303538296244289,0.0
2019-04-02,185.0,0.0,4.21,0.0,2.921077795954045,0.03420828163767225,10.525,-0.01291029607500882,0.0
2019-04-03,185.0,0.0,6.53,0.0,2.482916126560938,0.029077039392021414,16.325,-0.030120304846908114,0.0
2019-04-04,184.0,0.0,7.27,0.0,2.1104787075767972,0.024715483483218198,18.174999999999997,-0.04732138832243185,-1.0
2019-04-05,184.0,0.0,8.25,0.0,1.7939069014402775,0.02100816096073547,20.625,-0.06450844944931623,0.0
2019-04-06,181.0,0.0,9.28,0.0,1.524820866224236,0.01785693681662515,23.2,-0.08167639533042241,-3.0
2019-04-07,183.0,0.0,9.48,0.0,1.2960977362906005,0.015178396294131376,23.700000000000003,-0.09882013873287143,2.0
2019-04-08,182.0,0.0,7.88,0.0,1.1016830758470104,0.01290163685001167,19.7,-0.11593459959550041,-1.0
2019-04-09,182.0,0.0,1.68,0.0,0.9364306144699588,0.010966391322509919,4.2,-0.1330147065341959,0.0
2019-04-10,182.0,0.0,2.15,0.0,0.795966022299465,0.00932143262413343,5.375,-0.1500553983446526,0.0
2019-04-11,183.0,0.0,2.05,0.0,0.6765711189545452,0.007923217730513415,5.125,-0.16705162550211924,1.0
2019-04-12,182.0,0.0,0.59,0.0,0.5750854511113634,0.006734735070936403,1.4749999999999999,-0.18399835165768005,-1.0
2019-04-13,182.0,0.0,3.38,0.0,0.4888226334446589,0.005724524810295943,8.45,-0.20089055513063506,0.0
2019-04-14,180.0,0.0,4.22,0.0,0.4154992384279601,0.004865846088751551,10.549999999999999,-0.21772323039653177,-2.0
2019-04-15,181.0,0.0,3.39,0.0,0.35317435266376607,0.004135969175438819,8.475,-0.23449138957040985,1.0
2019-04-16,181.0,0.0,9.09,0.0,0.30019819976420115,0.0035155737991229958,22.725,-0.25119006388481935,0.0
2019-04-17,181.0,0.0,11.13,0.0,0.255168469799571,0.0029882377292545464,27.825000000000003,-0.2678143051621742,0.0
2019-04-18,180.0,0.0,11.47,0.0,0.21689319932963533,0.0025400020698663644,28.675,-0.2843591872810034,-1.0
2019-04-19,182.0,0.0,11.72,0.0,0.18435921943019,0.0021590017593864095,29.3,-0.30081980763566735,2.0
2019-04-20,181.0,0.0,10.89,0.0,0.15670533651566151,0.0018351514954784481,27.225,-0.3171912885891061,-1.0
2019-04-21,181.0,0.6,7.2,0.6,0.7331995360383122,0.008586384197007467,18.0,-0.3334687789181868,0.0
2019-04-22,181.0,0.0,11.3,0.0,0.6232196056325654,0.007298426567456346,28.25,-0.3496474552512284,0.0
2019-04-23,181.0,0.0,13.06,0.0,0.5297366647876806,0.006203662582337894,32.65,-0.36572252349726897,0.0
2019-04-24,181.0,0.0,15.41,0.0,0.45027616506952844,0.00527311319498721,38.525,-0.3816892202666588,0.0
2019-04-25,181.0,0.0,15.98,0.0,0.38273474030909915,0.004482146215739127,39.95,-0.39754281428255595,0.0
2019-04-26,180.0,0.0,18.41,0.0,0.32532452926273425,0.003809824283378258,46.025,-0.4132786077829042,-1.0
2019-04-27,179.0,0.0,19.03,0.0,0.2765258498733241,0.0032383506408715196,47.575,-0.4288919379124835,-1.0
2019-04-28,180.0,0.0,17.71,0.0,0.2350469723923255,0.0027525980447407916,44.275000000000006,-0.4443781781046132,1.0
2019-04-29,179.0,0.0,12.71,0.0,0.19978992653347666,0.0023397083380296726,31.775000000000002,-0.45973273945210397,-1.0
2019-04-30,180.0,0.0,11.82,0.0,0.16982143755345516,0.001988752087325222,29.55,-0.47495107206704995,1.0
2019-05-01,179.0,0.0,12.09,0.0,0.1443482219204369,0.0016904392742264386,30.225,-0.49002866642905923,-1.0
2019-05-02,180.0,3.8,7.53,3.8,3.922695988632371,0.04593807441348078,18.825,-0.5049610547215204,1.0
2019-05-03,180.0,3.9,5.97,3.9,7.234291590337515,0.08471964851948877,14.924999999999999,-0.5197438121555155,0.0
2019-05-04,181.0,0.0,6.66,0.0,6.149147851786887,0.07201170124156545,16.65,-0.5343725582809787,1.0
2019-05-05,180.0,0.0,6.52,0.0,5.226775674018854,0.06120994605533062,16.299999999999997,-0.548842958284719,-1.0
2019-05-06,179.0,0.2,7.19,0.2,4.642759322916026,0.05437062262231463,17.975,-0.5631507242749186,-1.0
2019-05-07,181.0,0.0,8.45,0.0,3.946345424478622,0.04621502922896743,21.125,-0.5772916165517272,2.0
2019-05-08,180.0,0.0,7.63,0.0,3.3543936108068286,0.039282774844622316,19.075,-0.5912614448635781,-1.0
2019-05-09,180.0,0.0,10.7,0.0,2.851234569185804,0.03339035861792897,26.75,-0.6050560696488488,0.0
2019-05-10,180.0,0.0,12.04,0.0,2.4235493838079334,0.02838180482523962,30.099999999999998,-0.6186714032625031,0.0
2019-05-11,180.0,0.3,12.14,0.3,2.3600169762367433,0.02763778681437907,30.35,-0.6321034111873487,0.0
2019-05-12,179.0,0.0,11.76,0.0,2.006014429801232,0.02349211879222221,29.4,-0.6453481132295501,-1.0
2019-05-13,178.0,0.0,11.14,0.0,1.705112265331047,0.019968300973388878,27.85,-0.6584015846980488,-1.0
2019-05-14,180.0,0.0,8.67,0.0,1.44934542553139,0.016973055827380547,21.675,-0.6712599575675313,2.0
2019-05-15,179.0,0.0,14.19,0.0,1.2319436117016815,0.014427097453273465,35.475,-0.6839194216246106,-1.0
2019-05-16,179.0,1.7,13.34,1.7,2.747152069946429,0.032171464875193,33.35,-0.6963762255968722,0.0
2019-05-17,178.0,1.7,15.87,1.7,4.035079259454465,0.04725417718382461,39.675,-0.7086266782644596,-1.0
2019-05-18,183.0,0.0,19.72,0.0,3.429817370536295,0.04016605060625092,49.3,-0.7206671495538609,5.0
2019-05-19,180.0,0.0,20.42,0.0,2.9153447649558504,0.03414114301531328,51.050000000000004,-0.7324940716135789,-3.0
2019-05-20,179.0,2.2,20.75,2.2,4.678043050212473,0.05478382479113584,51.875,-0.7441039398713607,-1.0
2019-05-21,178.0,0.0,21.45,0.0,3.976336592680602,0.04656625107246546,53.625,-0.7554933140726803,-1.0
2019-05-22,177.0,0.0,18.66,0.0,3.3798861037785115,0.03958131341159564,46.65,-0.766658819300159,-1.0
2019-05-23,179.0,0.0,18.5,0.0,2.8729031882117346,0.03364411639985629,46.25,-0.777597146973627,2.0
2019-05-24,183.0,0.0,16.27,0.0,2.4419677099799744,0.028597498939877848,40.675,-0.7883050558305255,4.0
2019-05-25,178.0,0.0,15.77,0.0,2.075672553482978,0.02430787409889617,39.425,-0.7987793728863649,-5.0
2019-05-26,177.0,0.0,13.05,0.0,1.7643216704605313,0.020661692984061744,32.625,-0.8090169943749473,-1.0
2019-05-27,177.0,0.0,18.12,0.0,1.4996734198914516,0.017562439036452483,45.300000000000004,-0.8190148866680801,0.0
2019-05-28,177.0,11.8,16.97,11.8,13.074722406907735,0.15311601322271676,42.425,-0.8287700871745037,0.0
2019-05-29,179.0,3.0,14.04,3.0,14.113514045871575,0.16528113836856317,35.099999999999994,-0.8382797052177743,2.0
2019-05-30,179.0,0.0,12.87,0.0,11.996486938990838,0.14048896761327867,32.175,-0.8475409228928311,0.0
2019-05-31,177.0,0.0,15.84,0.0,10.197013898142211,0.11941562247128687,39.6,-0.8565509959010036,-2.0
2019-06-01,177.0,0.0,16.92,0.0,8.66746181342088,0.10150327910059384,42.300000000000004,-0.865307254363206,0.0
2019-06-02,175.0,0.1,17.58,0.1,7.4673425414077474,0.08744887147314656,43.949999999999996,-0.8738071036110808,-2.0
2019-06-03,174.0,0.0,18.3,0.0,6.347241160196585,0.07433154075217457,45.75,-0.8820480249558537,-1.0
2019-06-04,174.0,0.0,21.24,0.0,5.395154986167097,0.06318180963934839,53.099999999999994,-0.8900275764346767,0.0
2019-06-05,173.0,0.0,22.94,0.0,4.5858817382420325,0.05370453819344612,57.35,-0.8977433935342337,-1.0
2019-06-06,174.0,1.2,22.7,1.2,5.097999477505727,0.05970186831613077,56.75,-0.9051931898913974,1.0
2019-06-07,173.0,0.0,22.69,0.0,4.333299555879868,0.05074658806871115,56.725,-0.9123747579707273,-1.0
2019-06-08,172.0,0.0,22.55,0.0,3.6833046224978876,0.04313459985840448,56.375,-0.9192859697186104,-1.0
2019-06-09,173.0,0.0,19.76,0.0,3.130808929123204,0.036664409879643804,49.400000000000006,-0.9259247771938498,1.0
2019-06-10,173.0,0.0,20.6,0.0,2.6611875897547237,0.031164748397697235,51.5,-0.9322892131745133,0.0
2019-06-11,173.0,0.0,25.92,0.0,2.262009451291515,0.026490036138042652,64.80000000000001,-0.9383773917408641,0.0
2019-06-12,173.0,0.0,27.55,0.0,1.922708033597788,0.022516530717336253,68.875,-0.9441875088341993,0.0
2019-06-13,171.0,0.0,26.77,0.0,1.6343018285581197,0.019139051109735815,66.925,-0.9497178427914316,-2.0
2019-06-14,173.0,0.0,23.53,0.0,1.3891565542744018,0.01626819344327544,58.825,-0.9549667548552551,2.0
2019-06-15,173.0,0.0,21.82,0.0,1.1807830711332414,0.013827964426784125,54.55,-0.9599326896597447,0.0
2019-06-16,174.0,16.2,18.33,16.2,17.203665610463254,0.20146941626073772,45.824999999999996,-0.9646141756912435,1.0
2019-06-17,175.0,0.2,17.81,0.2,14.823115768893764,0.17359117229691062,44.525,-0.9690098257244062,1.0
2019-06-18,175.0,0.0,19.62,0.0,12.5996484035597,0.14755249645237403,49.050000000000004,-0.9731183372332619,0.0
2019-06-19,173.0,0.0,22.29,0.0,10.709701143025745,0.12541962198451792,55.724999999999994,-0.9769384927771817,-2.0
2019-06-20,173.0,0.4,22.32,0.4,9.503245971571884,0.11129101563740744,55.8,-0.980469160361632,0.0
2019-06-21,173.0,0.0,21.93,0.0,8.0777590758361,0.09459736329179631,54.825,-0.9837092937736097,0.0
2019-06-22,174.0,0.6,20.01,0.6,7.466095214460685,0.08743426422387765,50.025000000000006,-0.986657932891657,1.0
2019-06-23,173.0,0.0,19.17,0.0,6.346180932291582,0.07431912459029599,47.925000000000004,-0.9893142039703663,-1.0
2019-06-24,172.0,0.0,20.27,0.0,5.394253792447844,0.0631712559017516,50.675,-0.99167731989929,-1.0
2019-06-25,172.0,0.0,22.46,0.0,4.585115723580667,0.05369556751648885,56.150000000000006,-0.993746580436178,0.0
2019-06-26,173.0,3.0,25.37,3.0,6.897348365043568,0.08077375951826946,63.425000000000004,-0.9955213724144752,1.0
2019-06-27,174.0,5.8,18.34,5.8,11.662746110287031,0.13658058137375328,45.85,-0.9970011699250151,1.0
2019-06-28,174.0,0.0,15.7,0.0,9.913334193743976,0.11609349416769028,39.25,-0.9981855344718586,0.0
2019-06-29,175.0,0.0,15.78,0.0,8.42633406468238,0.09867947004253674,39.449999999999996,-0.99907411510223,1.0
2019-06-30,176.0,0.0,22.57,0.0,7.162383954980022,0.08387754953615623,56.425,-0.9996666485105112,1.0
2019-07-01,175.0,0.0,21.32,0.0,6.088026361733019,0.0712959171057328,53.3,-0.9999629591162655,-1.0
2019-07-02,175.0,0.9,16.72,0.9,6.074822407473066,0.07114128767864905,41.8,-0.9999629591162655,0.0
2019-07-03,175.0,2.1,13.26,2.1,7.263599046352105,0.08506286351732943,33.15,-0.9996666485105112,0.0
2019-07-04,176.0,0.0,13.0,0.0,6.17405918939929,0.07230343398973002,32.5,-0.99907411510223,1.0
2019-07-05,178.0,5.8,13.55,5.8,11.047950310989396,0.12938080467449478,33.875,-0.9981855344718586,2.0
2019-07-06,178.0,0.3,15.38,0.3,9.690757764340987,0.11348693668624596,38.45,-0.9970011699250151,0.0
2019-07-07,178.0,4.1,14.59,4.1,12.337144099689837,0.14447834992662276,36.475,-0.9955213724144752,0.0
2019-07-08,179.0,1.7,13.47,1.7,12.186572484736361,0.1427150294775399,33.675000000000004,-0.9937465804361781,1.0
2019-07-09,180.0,0.0,14.77,0.0,10.358586612025906,0.1213077750559089,36.925,-0.99167731989929,1.0
2019-07-10,180.0,7.7,13.98,7.7,16.50479862022202,0.19328509509594097,34.95,-0.9893142039703664,0.0
2019-07-11,178.0,0.4,15.28,0.4,14.429078827188716,0.168976667782117,38.199999999999996,-0.9866579328916572,-2.0
2019-07-12,179.0,0.0,15.6,0.0,12.264717003110409,0.14363016761479946,39.0,-0.9837092937736098,1.0
2019-07-13,178.0,0.0,14.32,0.0,10.425009452643847,0.12208564247257954,35.8,-0.9804691603616321,-1.0
2019-07-14,177.0,0.0,15.5,0.0,8.86125803474727,0.1037727961016926,38.75,-0.9769384927771817,-1.0
2019-07-15,176.0,0.0,16.94,0.0,7.532069329535179,0.0882068766864387,42.35,-0.973118337233262,-1.0
2019-07-16,177.0,8.4,14.44,8.4,14.802258930104902,0.1733469211453839,36.1,-0.9690098257244063,1.0
2019-07-17,178.0,0.4,14.13,0.4,12.981920090589167,0.1520292199241435,35.325,-0.9646141756912435,1.0
2019-07-18,176.0,0.0,16.43,0.0,11.034632077000792,0.12922483693552198,41.075,-0.9599326896597445,-2.0
2019-07-19,177.0,0.0,18.45,0.0,9.379437265450672,0.10984111139519367,46.125,-0.9549667548552553,1.0
2019-07-20,177.0,0.0,20.5,0.0,7.972521675633072,0.09336494468591462,51.25,-0.9497178427914317,0.0
2019-07-21,175.0,3.5,22.58,3.5,10.27664342428811,0.12034815130049034,56.449999999999996,-0.9441875088341994,-2.0
2019-07-22,175.0,0.3,18.23,0.3,9.035146910644894,0.10580918131834219,45.575,-0.9383773917408642,0.0
2019-07-23,175.0,0.0,18.2,0.0,7.67987487404816,0.08993780412059085,45.5,-0.9322892131745134,0.0
2019-07-24,174.0,0.0,21.32,0.0,6.527893642940936,0.07644713350250223,53.3,-0.9259247771938499,-1.0
2019-07-25,175.0,6.4,19.38,6.4,11.948709596499796,0.13992945468620197,48.449999999999996,-0.9192859697186105,1.0
2019-07-26,174.0,0.0,18.71,0.0,10.156403157024826,0.11894003648327166,46.775000000000006,-0.9123747579707274,-1.0
2019-07-27,176.0,7.9,18.25,7.9,16.532942683471102,0.1936146857844829,45.625,-0.9051931898913975,2.0
2019-07-28,175.0,0.0,22.46,0.0,14.053001280950436,0.16457248291681048,56.150000000000006,-0.8977433935342336,-1.0
2019-07-29,175.0,0.0,23.43,0.0,11.94505108880787,0.1398866104792889,58.575,-0.8900275764346766,0.0
2019-07-30,174.0,0.0,18.87,0.0,10.15329342548669,0.11890361890739555,47.175000000000004,-0.8820480249558535,-1.0
2019-07-31,175.0,0.0,14.7,0.0,8.630299411663685,0.10106807607128622,36.75,-0.8738071036110807,1.0
2019-08-01,177.0,2.9,13.94,2.9,10.235754499914131,0.1198693075522054,34.85,-0.8653072543632061,2.0
2019-08-02,178.0,1.4,15.73,1.4,10.100391324927012,0.11828409074635976,39.325,-0.8565509959010037,1.0
2019-08-03,175.0,3.0,15.12,3.0,11.58533262618796,0.13567400426365972,37.8,-0.8475409228928312,-3.0
2019-08-04,175.0,0.0,14.69,0.0,9.847532732259765,0.11532290362411075,36.725,-0.8382797052177745,0.0
2019-08-05,174.0,0.0,14.71,0.0,8.3704028224208,0.09802446808049414,36.775000000000006,-0.828770087174504,-1.0
2019-08-06,174.0,0.5,17.27,0.5,7.61484239905768,0.089176219056629,43.175,-0.8190148866680802,0.0
2019-08-07,175.0,0.0,18.97,0.0,6.4726160391990275,0.07579978619813464,47.425,-0.8090169943749472,1.0
2019-08-08,181.0,34.6,17.25,34.6,40.101723633319175,0.4696249644924764,43.125,-0.7987793728863648,6.0
2019-08-09,176.0,0.0,16.41,0.0,34.0864650883213,0.399181219818605,41.025,-0.7883050558305253,-5.0
2019-08-10,175.0,0.0,17.14,0.0,28.973495325073102,0.3393040368458142,42.85,-0.7775971469736268,-1.0
2019-08-11,176.0,5.4,19.39,5.4,30.027471026312135,0.3516469801515991,48.475,-0.7666588193001592,1.0
2019-08-12,175.0,0.0,21.15,0.0,25.523350372365314,0.29889993312885926,52.875,-0.7554933140726804,-1.0
2019-08-13,176.0,8.4,18.88,8.4,30.094847816510516,0.35243601912144135,47.199999999999996,-0.7441039398713608,1.0
2019-08-14,177.0,9.8,14.28,9.8,35.38062064403394,0.41433687154212134,35.699999999999996,-0.7324940716135792,1.0
2019-08-15,177.0,0.0,15.3,0.0,30.07352754742885,0.35218634081080313,38.25,-0.7206671495538615,0.0
2019-08-16,177.0,0.0,16.72,0.0,25.562498415314522,0.29935838968918266,41.8,-0.7086266782644601,0.0
2019-08-17,177.0,0.0,18.55,0.0,21.72812365301734,0.25445463123580525,46.375,-0.6963762255968726,0.0
2019-08-18,176.0,0.0,20.07,0.0,18.46890510506474,0.21628643655043445,50.175,-0.6839194216246105,-1.0
2019-08-19,176.0,6.8,22.5,6.8,22.49856933930503,0.2634771992275115,56.25,-0.6712599575675315,0.0
2019-08-20,176.0,0.0,20.18,0.0,19.123783938409275,0.2239556193433848,50.45,-0.6584015846980489,0.0
2019-08-21,180.0,23.8,15.59,23.8,40.055216347647885,0.4690803250006249,38.975,-0.64534811322955,4.0
2019-08-22,179.0,0.0,15.34,0.0,34.0469338955007,0.3987182762505312,38.35,-0.6321034111873488,-1.0
2019-08-23,178.0,0.0,17.15,0.0,28.939893811175594,0.33891053481295147,42.875,-0.6186714032625032,-1.0
2019-08-24,177.0,0.0,18.71,0.0,24.598909739499256,0.28807395459100876,46.775000000000006,-0.6050560696488494,-1.0
2019-08-25,175.0,0.0,20.24,0.0,20.90907327857437,0.24486286140235747,50.599999999999994,-0.5912614448635782,-2.0
2019-08-26,174.0,0.0,20.6,0.0,17.772712286788213,0.20813343219200384,51.5,-0.5772916165517278,-1.0
2019-08-27,175.0,0.0,21.06,0.0,15.10680544376998,0.17691341736320326,52.65,-0.5631507242749187,1.0
2019-08-28,174.0,0.0,20.62,0.0,12.840784627204483,0.15037640475872277,51.550000000000004,-0.5488429582847199,-1.0
2019-08-29,174.0,3.7,20.91,3.7,14.61466693312381,0.17115006083766088,52.275,-0.5343725582809785,0.0
2019-08-30,174.0,0.0,19.98,0.0,12.422466893155239,0.14547755171201174,49.95,-0.5197438121555157,0.0
2019-08-31,173.0,0.0,18.95,0.0,10.559096859181953,0.12365591895520997,47.375,-0.5049610547215202,-1.0
2019-09-01,173.0,0.0,19.43,0.0,8.97523233030466,0.10510753111192847,48.575,-0.4900286664290594,0.0
2019-09-02,174.0,0.4,19.5,0.4,8.02894748075896,0.09402573839570638,48.75,-0.4749510720670502,1.0
2019-09-03,174.0,3.4,13.18,3.4,10.224605358645116,0.11973874171617155,32.95,-0.4597327394521046,0.0
2019-09-04,175.0,0.0,14.2,0.0,8.690914554848348,0.10177793045874581,35.5,-0.44437817810461344,1.0
2019-09-05,174.0,0.0,16.52,0.0,7.387277371621096,0.08651124088993394,41.3,-0.4288919379124841,-1.0
2019-09-06,174.0,0.0,15.13,0.0,6.279185765877931,0.07353455475644384,37.825,-0.41327860778290443,0.0
2019-09-07,174.0,0.0,15.28,0.0,5.337307900996241,0.06250437154297726,38.199999999999996,-0.3975428142825566,0.0
2019-09-08,173.0,0.0,19.75,0.0,4.536711715846805,0.053128715811530676,49.375,-0.3816892202666586,-1.0
2019-09-09,173.0,0.0,20.74,0.0,3.8562049584697844,0.045159408439801076,51.849999999999994,-0.3657225234972692,0.0
2019-09-10,173.0,0.0,16.97,0.0,3.2777742146993165,0.03838549717383091,42.425,-0.34964745525122826,0.0
2019-09-11,172.0,0.0,15.54,0.0,2.786108082494419,0.03262767259775627,38.849999999999994,-0.33346877891818705,-1.0
2019-09-12,174.0,0.0,16.53,0.0,2.368191870120256,0.027733521708092828,41.325,-0.31719128858910595,2.0
2019-09-13,173.0,1.8,14.65,1.8,3.812963089602217,0.04465300972943126,36.625,-0.300819807635668,-1.0
2019-09-14,175.0,0.0,11.85,0.0,3.2410186261618845,0.03795505827001657,29.625,-0.2843591872810036,2.0
2019-09-15,176.0,0.0,12.98,0.0,2.7548658322376016,0.03226179952951408,32.45,-0.26781430516217486,1.0
2019-09-16,177.0,3.0,12.53,3.0,5.341635957401961,0.06255505672934089,31.325,-0.25119006388481957,1.0
2019-09-17,176.0,0.7,9.1,0.7,5.240390563791667,0.061369387883432346,22.75,-0.23449138957041052,-1.0
2019-09-18,179.0,2.6,8.09,2.6,7.054331979222917,0.08261216987960424,20.225,-0.21772323039653224,3.0
2019-09-19,184.0,0.1,8.73,0.1,6.096182182339479,0.0713914286353054,21.825000000000003,-0.20089055513063528,5.0
2019-09-20,189.0,0.5,6.73,0.5,5.681754854988557,0.06653813552821856,16.825000000000003,-0.18399835165767986,5.0
2019-09-21,188.0,1.6,9.38,1.6,6.429491626740273,0.07529476300125454,23.450000000000003,-0.1670516255021195,-1.0
2019-09-22,188.0,2.5,9.85,2.5,7.965067882729231,0.0932776544921113,24.625,-0.15005539834465262,0.0
2019-09-23,187.0,0.0,4.8,0.0,6.770307700319846,0.07928600631829459,12.0,-0.13301470653419636,-1.0
2019-09-24,183.0,0.0,5.1,0.0,5.75476154527187,0.0673931053705504,12.75,-0.11593459959550066,-4.0
2019-09-25,181.0,0.0,6.25,0.0,4.891547313481089,0.05728413956496785,15.625,-0.09882013873287211,-2.0
2019-09-26,181.0,0.0,10.08,0.0,4.157815216458926,0.04869151863022267,25.2,-0.08167639533042288,0.0
2019-09-27,181.0,0.0,10.43,0.0,3.5341429339900867,0.04138779083568927,26.075,-0.06450844944931625,0.0
2019-09-28,185.0,12.2,8.92,12.2,15.204021493891574,0.1780518992026352,22.3,-0.04732138832243232,4.0
2019-09-29,187.0,5.8,11.95,5.8,18.723418269807837,0.21926700010546415,29.875,-0.03012030484690836,2.0
2019-09-30,189.0,15.1,12.9,15.1,31.01490552933666,0.36321066997355594,32.25,-0.012910296075008843,2.0
2019-10-01,188.0,2.8,10.73,2.8,29.16266969993616,0.3415194281314929,26.825000000000003,0.004303538296243821,-1.0
2019-10-02,190.0,9.6,12.35,9.6,34.38826924494573,0.4027156007253815,30.875,0.021516097436222233,2.0
2019-10-03,194.0,0.2,8.05,0.2,29.430028858203872,0.34465042909185784,20.125,0.03872228089217399,4.0
2019-10-04,194.0,1.8,6.51,1.8,26.81552452947329,0.3140323810056315,16.275,0.05591699010060302,0.0
2019-10-05,195.0,0.0,4.34,0.0,22.793195850052296,0.2669275238547868,10.85,0.07309512989807776,1.0
2019-10-06,192.0,0.3,1.23,0.3,19.67421647254445,0.23040164798949414,3.075,0.0902516100310407,-3.0
2019-10-07,190.0,2.4,2.0,2.4,19.123084001662782,0.22394742249447316,5.0,0.10738134666416306,-2.0
2019-10-08,193.0,2.1,4.23,2.1,18.354621401413365,0.21494807811077993,10.575000000000001,0.12447926388678869,3.0
2019-10-09,193.0,2.0,9.33,2.0,17.601428191201357,0.20612755114699888,23.325,0.141540295217043,0.0
2019-10-10,194.0,11.8,9.24,11.8,26.761213962521154,0.3133963585166812,23.1,0.15855938510313475,1.0
2019-10-11,191.0,0.5,9.58,0.5,23.24703186814298,0.27224232592738795,23.95,0.17553149042142777,-3.0
2019-10-12,191.0,8.4,10.87,8.4,28.159977087921533,0.3297770530001908,27.174999999999997,0.19245158197082995,0.0
2019-10-13,193.0,1.2,10.95,1.2,25.135980524733302,0.2943635059018637,27.375,0.20931464596304888,2.0
2019-10-14,190.0,0.0,14.38,0.0,21.365583446023305,0.25020898001658415,35.95,0.22611568550828803,-3.0
2019-10-15,192.0,0.0,11.45,0.0,18.16074592911981,0.2126776330140965,28.625,0.2428497220959358,2.0
2019-10-16,189.0,0.0,15.73,0.0,15.436634039751837,0.18077598806198203,39.325,0.25951179706979943,-3.0
2019-10-17,187.0,0.4,11.95,0.4,13.52113893378906,0.1583439268032519,29.875,0.27609697309746883,-2.0
2019-10-18,186.0,0.0,13.07,0.0,11.492968093720702,0.1345923377827641,32.675,0.2926003356333479,-1.0
2019-10-19,185.0,0.0,12.79,0.0,9.769022879662597,0.1144034871153495,31.974999999999998,0.30901699437494723,-1.0
2019-10-20,186.0,0.0,12.6,0.0,8.303669447713206,0.09724296404804707,31.5,0.3253420847119795,1.0
2019-10-21,184.0,0.0,13.2,0.0,7.058119030556225,0.08265651944084,33.0,0.341570769167856,-2.0
2019-10-22,187.0,0.0,13.67,0.0,5.999401175972791,0.070258041524714,34.175,0.35769823883312546,3.0
2019-10-23,190.0,0.0,9.85,0.0,5.099490999576872,0.0597193352960069,24.625,0.3737197147904692,3.0
2019-10-24,192.0,0.0,8.97,0.0,4.334567349640341,0.05076143500160586,22.425,0.38963044953078774,2.0
2019-10-25,192.0,0.0,9.69,0.0,3.68438224719429,0.043147219751364985,24.224999999999998,0.4054257283599973,0.0
2019-10-26,192.0,0.0,11.7,0.0,3.1317249101151465,0.03667513678866024,29.25,0.42110087079608916,0.0
2019-10-27,189.0,0.7,10.77,0.7,3.3619661735978745,0.039371455933853786,26.924999999999997,0.4366512319560638,-3.0
2019-10-28,187.0,2.4,6.04,2.4,5.257671247558193,0.06157175924717885,15.1,0.45207220393230374,-2.0
2019-10-29,186.0,0.0,3.24,0.0,4.469020560424464,0.05233599536010202,8.100000000000001,0.46735921715800205,-1.0
2019-10-30,185.0,0.3,-0.48,0.3,4.098667476360794,0.047998848769012115,0.0,0.48250774176121763,-1.0
2019-10-31,189.0,2.9,-0.07,2.9,6.383867354906675,0.07476046434527243,0.0,0.4975132889071803,4.0
2019-11-01,188.0,0.0,3.72,0.0,5.426287251670674,0.06354639469348157,9.3,0.5123714121284235,-1.0
2019-11-02,186.0,1.5,2.75,1.5,6.112344163920072,0.07158069905408629,6.875,0.5270777086423724,-2.0
2019-11-03,184.0,0.6,7.8,0.6,5.795492539332061,0.06787009962182412,19.5,0.5416278206559811,-2.0
2019-11-04,184.0,4.6,12.58,4.6,9.526168658432251,0.11155945961007319,31.45,0.5560174366570446,0.0
2019-11-05,189.0,4.7,10.06,4.7,12.797243359667412,0.14986649983772668,25.150000000000002,0.5702422926917867,5.0
2019-11-06,192.0,1.1,7.35,1.1,11.9776568557173,0.14026845147612743,18.375,0.5842981736283683,3.0
2019-11-07,189.0,0.0,5.8,0.0,10.181008327359704,0.11922818375470833,14.5,0.5981809144059159,-3.0
2019-11-08,188.0,0.0,6.68,0.0,8.653857078255749,0.10134395619150208,16.7,0.6118864012687242,-1.0
2019-11-09,189.0,4.7,8.88,4.7,12.055778516517385,0.14118332193194125,22.200000000000003,0.6254105729852457,1.0
2019-11-10,189.0,9.1,8.31,9.1,19.347411739039778,0.22657448926755364,20.775000000000002,0.6387494220515268,0.0
2019-11-11,190.0,2.4,5.15,2.4,18.84529997818381,0.22069433758082374,12.875,0.6518989958787125,1.0
2019-11-12,191.0,0.0,4.9,0.0,16.01850498145624,0.18759018694370017,12.25,0.6648553979642867,1.0
2019-11-13,188.0,0.0,10.42,0.0,13.615729234237802,0.15945165890214513,26.05,0.6776147890466887,-3.0
2019-11-14,188.0,2.9,9.36,2.9,14.473369849102133,0.1694953529584355,23.4,0.690173388242972,0.0
2019-11-15,189.0,8.2,6.46,8.2,20.50236437173681,0.24009995750129756,16.15,0.7025274741691566,1.0
2019-11-16,188.0,0.0,6.61,0.0,17.42700971597629,0.20408496387610295,16.525000000000002,0.7146733860429608,-1.0
2019-11-17,186.0,0.0,8.23,0.0,14.812958258579846,0.17347221929468748,20.575000000000003,0.726607524768565,-2.0
2019-11-18,187.0,0.0,7.75,0.0,12.591014519792868,0.14745138640048436,19.375,0.7383263540031063,1.0
2019-11-19,185.0,0.0,4.64,0.0,10.702362341823937,0.12533367844041168,11.6,0.749826401204568,-2.0
2019-11-20,184.0,0.0,4.56,0.0,9.097007990550347,0.10653362667434994,11.399999999999999,0.7611042586607742,-1.0
2019-11-21,184.0,0.0,1.97,0.0,7.7324567919677945,0.09055358267319745,4.925,0.7721565844991641,0.0
2019-11-22,183.0,0.0,-2.3,0.0,6.5725882731726255,0.07697054527221783,0.0,0.7829801036770625,-1.0
2019-11-23,182.0,0.0,-4.1,0.0,5.586700032196732,0.06542496348138516,0.0,0.7935716089521472,-1.0
2019-11-24,182.0,0.0,-2.41,0.0,4.748695027367222,0.05561121895917739,0.0,0.8039279618328208,0.0
2019-11-25,181.0,0.0,-2.43,0.0,4.036390773262139,0.04726953611530078,0.0,0.8140460935082175,-1.0
2019-11-26,184.0,0.0,-1.49,0.0,3.4309321572728178,0.04017910569800566,0.0,0.8239230057575536,3.0
2019-11-27,182.0,0.0,-0.42,0.0,2.916292333681895,0.03415223984330481,0.0,0.8335557718385695,-2.0
2019-11-28,181.0,0.0,0.82,0.0,2.4788484836296107,0.02902940386680909,2.05,0.8429415373547832,-1.0
2019-11-29,184.0,1.6,2.95,1.6,3.707021211085169,0.043412341089056485,7.375,0.8520775211013093,3.0
2019-11-30,182.0,1.3,0.53,1.3,4.450968029422394,0.052124585015041386,1.3250000000000002,0.8609610158889945,-2.0
2019-12-01,184.0,0.0,-1.24,0.0,3.7833228250090345,0.04430589726278517,0.0,0.8695893893466109,2.0
2019-12-02,181.0,1.1,-0.46,1.1,4.315824401257679,0.050541939287427166,0.0,0.8779600847008883,-3.0
2019-12-03,182.0,0.0,-1.5,0.0,3.668450741069027,0.04296064839431309,0.0,0.8860706215341377,1.0
2019-12-04,183.0,2.0,1.39,2.0,5.118183129908672,0.059938235888002074,3.4749999999999996,0.893918596519257,1.0
2019-12-05,182.0,0.0,1.72,0.0,4.350455660422371,0.050947500504801756,4.3,0.9015016841318838,-1.0
2019-12-06,183.0,0.0,0.47,0.0,3.6978873113590156,0.04330537542908149,1.1749999999999998,0.9088176373395028,1.0
2019-12-07,182.0,4.4,1.27,4.4,7.543204214655164,0.08833727557095837,3.175,0.9158642882672868,-1.0
2019-12-08,185.0,0.7,3.98,0.7,7.111723582456889,0.0832842738988072,9.95,0.9226395488404875,3.0
2019-12-09,182.0,1.8,4.88,1.8,7.8449650450883555,0.09187114909153847,12.2,0.9291414114031743,-3.0
2019-12-10,185.0,0.2,2.96,0.2,6.8682202883251025,0.0804326452030913,7.4,0.935367949313148,3.0
2019-12-11,182.0,0.0,-1.25,0.0,5.837987245076337,0.0683677484226276,0.0,0.941317317512847,-3.0
2019-12-12,183.0,0.4,1.47,0.4,5.362289158314887,0.06279692310980066,3.675,0.946987753076075,1.0
2019-12-13,183.0,0.0,1.45,0.0,4.557945784567654,0.053377384643330555,3.625,0.9523775757303973,0.0
2019-12-14,183.0,3.8,0.85,3.8,7.674253916882505,0.08987197797721928,2.125,0.9574851883550389,0.0
2019-12-15,182.0,3.2,2.53,3.2,9.72311582935013,0.11386587688517391,6.324999999999999,0.9623090774541487,-1.0
2019-12-16,182.0,0.0,2.68,0.0,8.26464845494761,0.09678599535239782,6.7,0.9668478136052773,0.0
2019-12-17,181.0,0.7,3.75,0.7,7.724951186705468,0.09046568571303072,9.375,0.9711000518829505,-1.0
2019-12-18,182.0,0.0,5.95,0.0,6.566208508699647,0.07689583285607611,14.875,0.9750645322571945,1.0
2019-12-19,182.0,0.0,3.02,0.0,5.5812772323947,0.06536145792766469,7.55,0.9787400799669153,0.0
2019-12-20,181.0,0.0,2.17,0.0,4.744085647535495,0.05555723923851499,5.425,0.9821256058680006,-1.0
2019-12-21,182.0,0.0,4.59,0.0,4.03247280040517,0.04722365335273773,11.475,0.9852201067560606,1.0
2019-12-22,182.0,1.8,5.67,1.8,5.227601880344395,0.061219621627379435,14.175,0.9880226656636976,0.0
2019-12-23,182.0,0.0,5.36,0.0,4.4434615982927355,0.052036678383272514,13.4,0.9905324521322227,0.0
2019-12-24,183.0,9.5,5.37,9.5,13.276942358548824,0.1554841792017524,13.425,0.9927487224577402,1.0
2019-12-25,183.0,7.5,4.23,7.5,18.7854010047665,0.21999287014462435,10.575000000000001,0.9946708199115211,0.0
2019-12-26,188.0,5.2,1.52,5.2,21.167590854051525,0.2478903199803042,3.8,0.9962981749346077,5.0
2019-12-27,190.0,0.8,-0.15,0.8,18.792452225943798,0.22007544588439296,0.0,0.9976303053065857,2.0
2019-12-28,190.0,0.0,-1.05,0.0,15.973584392052228,0.187064129001734,0.0,0.9986668162884759,0.0
2019-12-29,189.0,0.0,-2.8,0.0,13.577546733244393,0.1590045096514739,0.0,0.9994074007397048,-1.0
2019-12-30,188.0,0.0,1.32,0.0,11.540914723257734,0.13515383320375282,3.3000000000000003,0.9998518392091162,-1.0
2019-12-31,187.0,1.8,3.18,1.8,11.609777514769075,0.13596027450074225,7.95,1.0,-1.0
2020-01-01,186.0,0.8,1.52,0.8,10.668310887553714,0.12493490722676531,3.8,0.9998518392091162,-1.0
2020-01-02,184.0,0.0,1.52,0.0,9.068064254420657,0.10619467114275051,3.8,0.9994074007397048,-2.0
2020-01-03,184.0,0.2,0.11,0.2,7.907854616257558,0.09260763894662152,0.275,0.998666816288476,0.0
2020-01-04,184.0,3.1,1.19,3.1,9.821676423818925,0.11502010447152403,2.9749999999999996,0.9976303053065857,0.0
2020-01-05,184.0,0.0,-1.27,0.0,8.348424960246087,0.09776708880079543,0.0,0.9962981749346078,0.0
2020-01-06,183.0,0.9,-1.23,0.9,7.996161216209174,0.0936417836194523,0.0,0.9946708199115211,-1.0
2020-01-07,183.0,0.0,0.13,0.0,6.796737033777798,0.07959551607653445,0.325,0.9927487224577402,0.0
2020-01-08,184.0,3.6,0.67,3.6,9.377226478711128,0.10981522122015899,1.675,0.9905324521322229,1.0
2020-01-09,184.0,1.0,2.75,1.0,8.970642506904458,0.10505378041355311,6.875,0.9880226656636976,0.0
2020-01-10,185.0,13.2,4.19,13.2,20.825046130868788,0.24387883272023742,10.475000000000001,0.9852201067560606,1.0
2020-01-11,188.0,1.6,2.82,1.6,19.301289211238473,0.2260343556144706,7.05,0.9821256058680006,3.0
2020-01-12,192.0,1.9,2.18,1.9,18.3060958295527,0.21437980278749413,5.45,0.9787400799669153,4.0
2020-01-13,193.0,3.8,2.25,3.8,19.360181455119793,0.2267240333997583,5.625,0.9750645322571948,1.0
2020-01-14,193.0,0.1,2.91,0.1,16.556154236851825,0.19388651262743636,7.275,0.9711000518829505,0.0
2020-01-15,190.0,0.0,3.35,0.0,14.07273110132405,0.1648035357333209,8.375,0.9668478136052775,-3.0
2020-01-16,190.0,0.0,4.79,0.0,11.961821436125442,0.14008300537332277,11.975,0.9623090774541486,0.0
2020-01-17,188.0,0.0,1.36,0.0,10.167548220706626,0.11907055456732435,3.4000000000000004,0.9574851883550393,-2.0
2020-01-18,186.0,0.3,-0.3,0.3,8.942415987600633,0.1047232240951511,0.0,0.9523775757303974,-2.0
2020-01-19,185.0,0.2,1.2,0.2,7.801053589460538,0.09135690895616203,3.0,0.9469877530760753,-1.0
2020-01-20,185.0,0.0,2.29,0.0,6.630895551041457,0.07765337261273772,5.725,0.9413173175128471,0.0
2020-01-21,185.0,0.6,3.4,0.6,6.236261218385238,0.07303187214667785,8.5,0.9353679493131483,0.0
2020-01-22,186.0,4.6,2.79,4.6,9.900822035627453,0.11594696625619887,6.975,0.9291414114031743,1.0
2020-01-23,186.0,0.0,1.11,0.0,8.415698730283335,0.09855492131776904,2.7750000000000004,0.9226395488404876,0.0
2020-01-24,184.0,0.4,2.5,0.4,7.553343920740835,0.08845602007067087,6.25,0.9158642882672872,-2.0
2020-01-25,186.0,0.0,3.28,0.0,6.420342332629709,0.07518761706007024,8.2,0.9088176373395029,2.0
2020-01-26,186.0,0.0,2.12,0.0,5.457290982735253,0.0639094745010597,5.300000000000001,0.901501684131884,0.0
2020-01-27,187.0,0.6,-0.24,0.6,5.238697335324964,0.06134955875175153,0.0,0.893918596519257,1.0
2020-01-28,185.0,0.0,0.86,0.0,4.45289273502622,0.0521471249389888,2.15,0.886070621534138,-2.0
2020-01-29,185.0,4.3,1.14,4.3,8.084958824772286,0.09468167841673777,2.8499999999999996,0.8779600847008882,0.0
2020-01-30,186.0,1.2,1.49,1.2,8.072215001056444,0.09453243750592868,3.725,0.869589389346611,1.0
2020-01-31,187.0,4.1,2.26,4.1,10.961382750897975,0.12836702562335306,5.6499999999999995,0.8609610158889943,1.0
2020-02-01,188.0,4.4,5.03,4.4,13.71717533826328,0.1606396782360892,12.575000000000001,0.8520775211013093,1.0
2020-02-02,190.0,7.0,4.74,7.0,18.659599037523787,0.21851962313560164,11.850000000000001,0.8429415373547828,2.0
2020-02-03,191.0,0.0,2.06,0.0,15.860659181895219,0.1857416796652614,5.15,0.8335557718385699,1.0
2020-02-04,192.0,0.0,0.1,0.0,13.481560304610936,0.15788042771547217,0.25,0.8239230057575542,1.0
2020-02-05,190.0,0.0,-2.99,0.0,11.459326258919296,0.13419836355815137,0.0,0.8140460935082178,-2.0
2020-02-06,189.0,3.9,-0.27,3.9,13.640427320081402,0.15974089429245877,0.0,0.8039279618328213,-1.0
2020-02-07,187.0,0.0,-3.43,0.0,11.594363222069191,0.13577976014858995,0.0,0.7935716089521474,-2.0
2020-02-08,186.0,0.0,-0.15,0.0,9.855208738758812,0.11541279612630145,0.0,0.7829801036770629,-1.0
2020-02-09,185.0,0.0,0.74,0.0,8.37692742794499,0.09810087670735623,1.85,0.7721565844991642,-1.0
2020-02-10,185.0,8.8,2.52,8.8,15.920388313753243,0.186441158113731,6.3,0.7611042586607747,0.0
2020-02-11,187.0,3.0,1.78,3.0,16.532330066690257,0.19360751152592529,4.45,0.7498264012045686,2.0
2020-02-12,189.0,7.6,1.28,7.6,21.65248055668672,0.25356878685781314,3.2,0.7383263540031065,2.0
2020-02-13,191.0,2.6,1.63,2.6,21.004608473183712,0.2459816590078279,4.074999999999999,0.7266075247685656,2.0
2020-02-14,191.0,0.0,0.19,0.0,17.853917202206155,0.20908441015665372,0.475,0.7146733860429609,0.0
2020-02-15,192.0,0.0,-1.15,0.0,15.17582962187523,0.17772174863315565,0.0,0.702527474169157,1.0
2020-02-16,190.0,1.5,2.85,1.5,14.399455178593946,0.16862974990280927,7.125,0.6901733882429719,-2.0
2020-02-17,189.0,0.3,6.74,0.3,12.539536901804855,0.14684854013031326,16.85,0.6776147890466889,-1.0
2020-02-18,189.0,3.0,3.33,3.0,13.658606366534126,0.1599537862400202,8.325,0.6648553979642865,0.0
2020-02-19,189.0,0.0,3.63,0.0,11.609815411554008,0.13596071830401718,9.075,0.6518989958787126,0.0
2020-02-20,188.0,0.0,2.43,0.0,9.868343099820907,0.1155666105584146,6.075,0.6387494220515272,-1.0
2020-02-21,188.0,0.2,1.71,0.2,8.58809163484777,0.10057378744993599,4.275,0.6254105729852463,0.0
2020-02-22,189.0,4.3,2.88,4.3,11.599877889620604,0.13584434155104289,7.199999999999999,0.6118864012687243,1.0
2020-02-23,187.0,0.2,3.2,0.2,10.059896206177513,0.11780985879367005,8.0,0.5981809144059164,-2.0
2020-02-24,188.0,0.5,2.05,0.5,9.050911775250885,0.10599380116282851,5.125,0.5842981736283683,1.0
2020-02-25,188.0,3.8,-0.05,3.8,11.493275008963252,0.13459593201879255,0.0,0.5702422926917871,0.0
2020-02-26,188.0,3.1,3.66,3.1,12.869283757618764,0.15071015358286938,9.15,0.5560174366570446,0.0
2020-02-27,189.0,0.0,1.02,0.0,10.938891193975948,0.12810363054543897,2.55,0.5416278206559814,1.0
2020-02-28,189.0,0.3,0.47,0.3,9.598057514879557,0.11240133867654853,1.1749999999999998,0.5270777086423722,0.0
2020-02-29,188.0,0.2,1.84,0.2,8.358348887647622,0.09788330635034984,4.6000000000000005,0.5123714121284237,-1.0
2020-03-01,188.0,1.8,4.25,1.8,8.904596554500479,0.10428032667534971,10.625,0.49751328890718066,0.0
2020-03-02,188.0,0.3,5.3,0.3,7.868907071325407,0.09215153038697264,13.25,0.48250774176121847,0.0
2020-03-03,187.0,0.3,5.72,0.3,6.988571010626596,0.08184205354185214,14.299999999999999,0.46735921715800227,-1.0
2020-03-04,187.0,6.4,5.86,6.4,12.340285359032606,0.14451513671964936,14.65,0.45207220393230435,0.0
2020-03-05,190.0,4.7,2.7,4.7,15.189242555177714,0.17787882538086644,6.75,0.43665123195606403,3.0
2020-03-06,192.0,0.0,2.85,0.0,12.910856171901056,0.15119700157373644,7.125,0.4211008707960896,2.0
2020-03-07,192.0,1.7,3.75,1.7,12.674227746115896,0.14842588337758653,9.375,0.40542572835999735,0.0
2020-03-08,192.0,1.8,4.83,1.8,12.573093584198512,0.14724151714850092,12.075,0.38963044953078796,0.0
2020-03-09,189.0,0.0,4.22,0.0,10.687129546568734,0.12515528957622576,10.549999999999999,0.37371971479046906,-3.0
2020-03-10,188.0,0.0,3.5,0.0,9.084060114583423,0.10638199613979188,8.75,0.35769823883312546,-1.0
2020-03-11,190.0,6.2,5.3,6.2,13.92145109739591,0.16303191945261455,13.25,0.3415707691678556,2.0
2020-03-12,192.0,12.0,4.79,12.0,23.83323343278652,0.2791072400517381,11.975,0.3253420847119801,2.0
2020-03-13,192.0,0.0,4.32,0.0,20.258248417868543,0.23724115404397736,10.8,0.30901699437494745,0.0
2020-03-14,195.0,1.7,-0.79,1.7,18.91951115518826,0.2215634129772913,0.0,0.29260033563334836,3.0
2020-03-15,196.0,0.0,-0.54,0.0,16.08158448191002,0.1883289010306976,0.0,0.27609697309746883,1.0
2020-03-16,192.0,0.8,3.77,0.8,14.469346809623518,0.16944823977722734,9.425,0.2595117970697999,-4.0
2020-03-17,190.0,0.0,4.43,0.0,12.29894478817999,0.14403100381064324,11.075,0.2428497220959356,-2.0
2020-03-18,188.0,0.0,8.13,0.0,10.45410306995299,0.12242635323904674,20.325000000000003,0.22611568550828828,-2.0
2020-03-19,188.0,0.0,6.52,0.0,8.885987609460042,0.10406240025318973,16.299999999999997,0.20931464596304847,0.0
2020-03-20,187.0,0.0,3.2,0.0,7.553089468041035,0.08845304021521126,8.0,0.19245158197082998,-1.0
2020-03-21,187.0,0.2,0.14,0.2,6.62012604783488,0.07752725265821317,0.35000000000000003,0.1755314904214282,0.0
2020-03-22,186.0,0.0,-1.28,0.0,5.627107140659648,0.0658981647594812,0.0,0.15855938510313478,-1.0
2020-03-23,185.0,0.0,-1.6,0.0,4.783041069560701,0.05601344004555902,0.0,0.141540295217043,-1.0
2020-03-24,183.0,0.0,-0.86,0.0,4.065584909126596,0.04761142403872516,0.0,0.12447926388678915,-2.0
2020-03-25,186.0,0.0,1.77,0.0,3.455747172757606,0.04046971043291639,4.425,0.10738134666416309,3.0
2020-03-26,183.0,0.0,3.82,0.0,2.937385096843965,0.03439925386797893,9.549999999999999,0.09025161003104117,-3.0
2020-03-27,182.0,0.0,6.05,0.0,2.4967773323173703,0.02923936578778209,15.125,0.07309512989807777,-1.0
2020-03-28,183.0,0.0,8.29,0.0,2.1222607324697647,0.024853460919614774,20.724999999999998,0.055916990100603484,1.0
2020-03-29,182.0,0.5,2.83,0.5,2.3039216225993,0.026980862969881548,7.075,0.03872228089217446,-1.0
2020-03-30,182.0,0.0,-1.0,0.0,1.9583333792094049,0.022933733524399313,0.0,0.021516097436222254,0.0
2020-03-31,182.0,0.0,-0.65,0.0,1.6645833723279941,0.019493673495739414,0.0,0.004303538296244289,0.0
2020-04-01,181.0,0.2,0.92,0.2,1.614895866478795,0.018911790946662097,2.3000000000000003,-0.01291029607500882,-1.0
2020-04-02,183.0,0.4,4.45,0.4,1.7726614865069759,0.020759359255229974,11.125,-0.030120304846908114,2.0
2020-04-03,182.0,0.0,4.5,0.0,1.5067622635309295,0.01764545536694548,11.25,-0.04732138832243185,-1.0
2020-04-04,181.0,0.0,3.67,0.0,1.28074792400129,0.014998637061903656,9.175,-0.06450844944931623,-1.0
2020-04-05,182.0,0.0,4.21,0.0,1.0886357354010965,0.012748841502618107,10.525,-0.08167639533042241,1.0
2020-04-06,180.0,0.0,7.89,0.0,0.925340375090932,0.010836515277225392,19.724999999999998,-0.09882013873287143,-2.0
2020-04-07,180.0,0.0,12.05,0.0,0.7865393188272922,0.009211037985641582,30.125,-0.11593459959550041,0.0
2020-04-08,180.0,0.0,8.77,0.0,0.6685584210031984,0.007829382287795346,21.924999999999997,-0.1330147065341959,0.0
2020-04-09,179.0,0.0,9.28,0.0,0.5682746578527186,0.006654974944626043,23.2,-0.1500553983446526,-1.0
2020-04-10,179.0,0.0,5.46,0.0,0.4830334591748108,0.005656728702932137,13.65,-0.16705162550211924,0.0
2020-04-11,178.0,0.0,4.09,0.0,0.41057844029858914,0.004808219397492316,10.225,-0.18399835165768005,-1.0
2020-04-12,179.0,0.0,7.71,0.0,0.3489916742538008,0.004086986487868469,19.275,-0.20089055513063506,1.0
2020-04-13,178.0,1.5,6.68,1.5,1.7966429231157306,0.021040202079315163,16.7,-0.21772323039653177,-1.0
2020-04-14,179.0,0.8,1.9,0.8,2.327146484648371,0.02725284566855227,4.75,-0.23449138957040985,1.0
2020-04-15,179.0,3.0,3.27,3.0,4.978074511951116,0.05829744594752336,8.175,-0.25119006388481935,0.0
2020-04-16,178.0,0.0,7.3,0.0,4.2313633351584485,0.04955282905539486,18.25,-0.2678143051621742,-1.0
2020-04-17,178.0,0.0,4.37,0.0,3.596658834884681,0.042119904697085625,10.925,-0.2843591872810034,0.0
2020-04-18,178.0,0.0,4.47,0.0,3.057160009651979,0.03580191899252278,11.174999999999999,-0.30081980763566735,0.0
2020-04-19,177.0,0.0,3.67,0.0,2.598586008204182,0.030431631143644364,9.175,-0.3171912885891061,-1.0
2020-04-20,178.0,0.0,5.51,0.0,2.2087981069735547,0.02586688647209771,13.774999999999999,-0.3334687789181868,1.0
2020-04-21,178.0,0.0,8.54,0.0,1.8774783909275214,0.021986853501283054,21.349999999999998,-0.3496474552512284,0.0
2020-04-22,177.0,0.0,9.8,0.0,1.5958566322883931,0.018688825476090593,24.5,-0.36572252349726897,-1.0
2020-04-23,179.0,0.0,10.12,0.0,1.3564781374451342,0.015885501654677007,25.299999999999997,-0.3816892202666588,2.0
2020-04-24,177.0,0.0,10.23,0.0,1.153006416828364,0.013502676406475454,25.575000000000003,-0.39754281428255595,-2.0
2020-04-25,179.0,0.0,7.39,0.0,0.9800554543041093,0.011477274945504136,18.474999999999998,-0.4132786077829042,2.0
2020-04-26,178.0,0.0,6.45,0.0,0.8330471361584929,0.009755683703678514,16.125,-0.4288919379124835,-1.0
2020-04-27,179.0,0.0,8.57,0.0,0.708090065734719,0.008292331148126738,21.425,-0.4443781781046132,1.0
2020-04-28,180.0,0.3,13.27,0.3,0.9018765558745112,0.01056173418883312,33.175,-0.45973273945210397,1.0
2020-04-29,180.0,0.0,6.75,0.0,0.7665950724933345,0.008977474060508151,16.875,-0.47495107206704995,0.0
2020-04-30,180.0,0.0,8.47,0.0,0.6516058116193343,0.0076308529514319285,21.175,-0.49002866642905923,0.0
2020-05-01,181.0,0.0,10.48,0.0,0.5538649398764341,0.00648622500871714,26.200000000000003,-0.5049610547215204,1.0
2020-05-02,181.0,11.1,9.87,11.1,11.570785198894969,0.1355036416356491,24.674999999999997,-0.5197438121555155,0.0
2020-05-03,183.0,2.9,10.81,2.9,12.735167419060724,0.14913953828191387,27.025000000000002,-0.5343725582809787,2.0
2020-05-04,179.0,0.0,10.7,0.0,10.824892306201615,0.1267686075396268,26.75,-0.548842958284719,-4.0
2020-05-05,183.0,1.6,10.64,1.6,10.801158460271372,0.12649066421095154,26.6,-0.5631507242749186,4.0
2020-05-06,184.0,6.9,10.75,6.9,16.080984691230668,0.18832187697659286,26.875,-0.5772916165517272,1.0
2020-05-07,184.0,0.0,8.81,0.0,13.668836987546067,0.1600735954301039,22.025000000000002,-0.5912614448635781,0.0
2020-05-08,182.0,0.0,9.61,0.0,11.618511439414156,0.13606255611558832,24.025,-0.6050560696488488,-2.0
2020-05-09,183.0,0.0,10.93,0.0,9.875734723502033,0.11565317269825007,27.325,-0.6186714032625031,1.0
2020-05-10,181.0,0.0,13.54,0.0,8.394374514976727,0.09830519679351254,33.849999999999994,-0.6321034111873487,-2.0
2020-05-11,183.0,12.7,12.4,12.7,19.83521833773022,0.23228711545499398,31.0,-0.6453481132295501,2.0
2020-05-12,186.0,8.6,2.5,8.6,25.45993558707068,0.2981572925739394,6.25,-0.6584015846980488,3.0
2020-05-13,186.0,3.3,4.58,3.3,24.94094524901008,0.29207947853002786,11.45,-0.6712599575675313,0.0
2020-05-14,187.0,0.0,5.82,0.0,21.19980346165857,0.24826755675052367,14.55,-0.6839194216246106,1.0
2020-05-15,185.0,0.0,8.63,0.0,18.01983294240978,0.2110274232379451,21.575000000000003,-0.6963762255968722,-2.0
2020-05-16,184.0,2.4,8.73,2.4,17.716858001048312,0.20747933145565645,21.825000000000003,-0.7086266782644596,-1.0
2020-05-17,184.0,4.7,9.14,4.7,19.759329300891064,0.23139839090647246,22.85,-0.7206671495538609,0.0
2020-05-18,187.0,12.8,8.04,12.8,29.595429905757406,0.34658741468865173,20.099999999999998,-0.7324940716135789,3.0
2020-05-19,186.0,3.1,8.49,3.1,28.256115419893796,0.3309029138522497,21.225,-0.7441039398713607,-1.0
2020-05-20,187.0,0.0,8.83,0.0,24.017698106909727,0.2812674767744122,22.075,-0.7554933140726803,1.0
2020-05-21,187.0,0.0,7.09,0.0,20.41504339087327,0.2390773552582504,17.725,-0.766658819300159,0.0
2020-05-22,185.0,0.6,8.77,0.6,17.95278688224228,0.21024225739536365,21.924999999999997,-0.777597146973627,-2.0
2020-05-23,183.0,0.0,12.42,0.0,15.259868849905937,0.1787059187860591,31.05,-0.7883050558305255,-2.0
2020-05-24,184.0,2.4,10.33,2.4,15.370888522420046,0.18000605267155337,25.825,-0.7987793728863649,1.0
2020-05-25,184.0,0.0,11.55,0.0,13.065255244057038,0.15300514477082036,28.875,-0.8090169943749473,0.0
2020-05-26,183.0,0.3,13.39,0.3,11.405466957448484,0.1335676257681227,33.475,-0.8190148866680801,-1.0
2020-05-27,182.0,0.0,15.0,0.0,9.69464691383121,0.1135324819029043,37.5,-0.8287700871745037,-1.0
2020-05-28,182.0,0.0,14.62,0.0,8.240449876756529,0.09650260961746865,36.55,-0.8382797052177743,0.0
2020-05-29,182.0,0.0,13.99,0.0,7.0043823952430495,0.08202721817484836,34.975,-0.8475409228928311,0.0
2020-05-30,182.0,4.4,14.7,4.4,10.353725035956593,0.1212508419048602,36.75,-0.8565509959010036,0.0
2020-05-31,182.0,0.0,16.6,0.0,8.800666280563103,0.10306321561913116,41.5,-0.865307254363206,0.0
2020-06-01,182.0,0.0,11.88,0.0,7.480566338478638,0.08760373327626149,29.700000000000003,-0.8738071036110808,0.0
2020-06-02,182.0,0.3,12.03,0.3,6.658481387706842,0.07797642599774765,30.075,-0.8820480249558537,0.0
2020-06-03,183.0,6.0,11.2,6.0,11.659709179550816,0.13654501635659338,28.0,-0.8900275764346767,1.0
2020-06-04,184.0,0.0,12.62,0.0,9.910752802618193,0.11606326390310436,31.549999999999997,-0.8977433935342337,1.0
2020-06-05,184.0,6.6,15.75,6.6,15.024139882225464,0.17594533400199736,39.375,-0.9051931898913974,0.0
2020-06-06,185.0,0.6,17.85,0.6,13.370518899891644,0.15658003932754852,44.625,-0.9123747579707273,1.0
2020-06-07,183.0,0.0,20.81,0.0,11.364941064907898,0.13309303342841625,52.025,-0.9192859697186104,-2.0
2020-06-08,186.0,14.7,21.64,14.7,24.36019990517171,0.28527846134749807,54.1,-0.9259247771938498,3.0
2020-06-09,189.0,8.0,19.79,8.0,28.706169919395954,0.33617343115671716,49.474999999999994,-0.9322892131745133,3.0
2020-06-10,185.0,0.6,20.9,0.6,25.00024443148656,0.2927739219090604,52.25,-0.9383773917408641,-4.0
2020-06-11,189.0,6.0,23.38,6.0,27.250207766763577,0.3191228878812092,58.449999999999996,-0.9441875088341993,4.0
2020-06-12,189.0,0.0,20.9,0.0,23.16267660174904,0.2712544546990278,52.25,-0.9497178427914316,0.0
2020-06-13,185.0,0.0,17.53,0.0,19.688275111486686,0.23056628649417363,43.825,-0.9549667548552551,-4.0
2020-06-14,185.0,0.2,13.63,0.2,16.93503384476368,0.19832351199533116,34.075,-0.9599326896597447,0.0
2020-06-15,184.0,0.0,16.1,0.0,14.394778768049127,0.16857498519603148,40.25,-0.9646141756912435,-1.0
2020-06-16,184.0,0.0,18.87,0.0,12.235561952841758,0.14328873741662676,47.175000000000004,-0.9690098257244062,0.0
2020-06-17,182.0,0.0,23.88,0.0,10.400227659915494,0.12179542680413273,59.699999999999996,-0.9731183372332619,-2.0
2020-06-18,181.0,0.0,24.03,0.0,8.84019351092817,0.10352611278351283,60.075,-0.9769384927771817,-1.0
2020-06-19,178.0,0.0,23.26,0.0,7.514164484288944,0.0879971958659859,58.150000000000006,-0.980469160361632,-3.0
2020-06-20,186.0,1.1,22.13,1.1,7.487039811645602,0.08767954310014778,55.324999999999996,-0.9837092937736097,8.0
2020-06-21,183.0,0.0,20.39,0.0,6.363983839898761,0.07452761163512561,50.975,-0.986657932891657,-3.0
2020-06-22,182.0,0.0,20.19,0.0,5.409386263913947,0.06334846988985676,50.475,-0.9893142039703663,-1.0
2020-06-23,181.0,0.0,20.48,0.0,4.597978324326855,0.05384619940637825,51.2,-0.99167731989929,-1.0
2020-06-24,184.0,0.0,22.18,0.0,3.9082815756778264,0.04576926949542151,55.45,-0.993746580436178,3.0
2020-06-25,181.0,0.0,23.39,0.0,3.3220393393261523,0.03890387907110828,58.475,-0.9955213724144752,-3.0
2020-06-26,181.0,0.0,24.17,0.0,2.8237334384272295,0.03306829721044204,60.425000000000004,-0.9970011699250151,0.0
2020-06-27,182.0,14.2,21.86,14.2,16.600173422663143,0.19440201437401097,54.65,-0.9981855344718586,1.0
2020-06-28,182.0,0.0,20.25,0.0,14.110147409263671,0.16524171221790931,50.625,-0.99907411510223,0.0
2020-06-29,181.0,0.6,22.4,0.6,12.59362529787412,0.1474819608110737,56.0,-0.9996666485105112,-1.0
2020-06-30,187.0,9.5,18.13,9.5,20.204581503193,0.2366126692653834,45.324999999999996,-0.9999629591162655,6.0
2020-07-01,184.0,0.8,18.76,0.8,17.973894277714052,0.2104894427767103,46.900000000000006,-0.9999629591162655,-3.0
2020-07-02,184.0,1.1,19.87,1.1,16.377810136056944,0.19179795297426352,49.675000000000004,-0.9996666485105112,0.0
2020-07-03,183.0,3.2,19.2,3.2,17.121138615648402,0.20050295563266152,48.0,-0.99907411510223,-1.0
2020-07-04,184.0,0.0,19.12,0.0,14.552967823301142,0.1704275122877623,47.800000000000004,-0.9981855344718586,1.0
2020-07-05,183.0,0.2,20.38,0.2,12.570022649805969,0.14720555391988152,50.949999999999996,-0.9970011699250151,-1.0
2020-07-06,183.0,7.2,20.06,7.2,17.884519252335075,0.20944278594210874,50.15,-0.9955213724144752,0.0
2020-07-07,183.0,0.0,14.82,0.0,15.201841364484814,0.17802636805079242,37.05,-0.9937465804361781,0.0
2020-07-08,185.0,4.8,13.32,4.8,17.72156515981209,0.20753445624997985,33.3,-0.99167731989929,2.0
2020-07-09,186.0,1.1,14.05,1.1,16.163330385840275,0.18928621442654261,35.125,-0.9893142039703664,1.0
2020-07-10,185.0,3.0,17.62,3.0,16.738830827964236,0.1960258093918152,44.050000000000004,-0.9866579328916572,-1.0
2020-07-11,186.0,0.0,16.28,0.0,14.228006203769601,0.1666219379830429,40.7,-0.9837092937736098,1.0
2020-07-12,185.0,0.6,14.43,0.6,12.69380527320416,0.14865515271143726,36.075,-0.9804691603616321,-1.0
2020-07-13,184.0,0.0,14.64,0.0,10.789734482223537,0.12635687980472166,36.6,-0.9769384927771817,-1.0
2020-07-14,185.0,0.0,15.44,0.0,9.171274309890006,0.10740334783401341,38.6,-0.973118337233262,1.0
2020-07-15,185.0,0.0,17.1,0.0,7.795583163406505,0.0912928456589114,42.75,-0.9690098257244063,0.0
2020-07-16,184.0,0.0,18.79,0.0,6.626245688895529,0.07759891881007469,46.974999999999994,-0.9646141756912435,-1.0
2020-07-17,183.0,0.0,19.7,0.0,5.6323088355612,0.06595908098856348,49.25,-0.9599326896597445,-1.0
2020-07-18,182.0,0.0,21.32,0.0,4.787462510227019,0.05606521884027896,53.3,-0.9549667548552553,-1.0
2020-07-19,182.0,0.0,21.95,0.0,4.069343133692966,0.04765543601423711,54.875,-0.9497178427914317,0.0
2020-07-20,185.0,8.1,21.09,8.1,11.55894166363902,0.13536494386108713,52.725,-0.9441875088341994,3.0
2020-07-21,183.0,1.8,17.2,1.8,11.625100414093168,0.13613971855947643,43.0,-0.9383773917408642,-2.0
2020-07-22,182.0,2.8,13.43,2.8,12.681335351979193,0.1485091194295253,33.575,-0.9322892131745134,-1.0
2020-07-23,182.0,5.9,12.41,5.9,16.679135049182314,0.19532672153596256,31.025,-0.9259247771938499,0.0
2020-07-24,180.0,0.0,15.32,0.0,14.177264791804966,0.16602771330556818,38.3,-0.9192859697186105,-2.0
2020-07-25,180.0,0.4,18.07,0.4,12.45067507303422,0.14580789326030014,45.175,-0.9123747579707274,0.0
2020-07-26,179.0,0.0,20.03,0.0,10.583073812079087,0.12393670927125511,50.075,-0.9051931898913975,-1.0
2020-07-27,179.0,21.4,21.58,21.4,30.395612740267225,0.35595822973591157,53.949999999999996,-0.8977433935342336,0.0
2020-07-28,178.0,0.0,21.12,0.0,25.83627082922714,0.3025644952755248,52.800000000000004,-0.8900275764346766,-1.0
2020-07-29,179.0,1.8,19.08,1.8,23.760830204843067,0.2782593372617484,47.699999999999996,-0.8820480249558535,1.0
2020-07-30,178.0,0.0,15.64,0.0,20.196705674116608,0.23652043667248615,39.1,-0.8738071036110807,-1.0
2020-07-31,178.0,2.8,14.72,2.8,19.967199822999117,0.23383272982558356,36.800000000000004,-0.8653072543632061,0.0
2020-08-01,179.0,0.2,16.35,0.2,17.172119849549247,0.20109998882702962,40.875,-0.8565509959010037,1.0
2020-08-02,178.0,0.0,17.32,0.0,14.59630187211686,0.17093499050297514,43.3,-0.8475409228928312,-1.0
2020-08-03,178.0,0.0,20.5,0.0,12.40685659129933,0.1452947419275289,51.25,-0.8382797052177745,0.0
2020-08-04,179.0,11.4,19.4,11.4,21.94582810260443,0.2570041337295645,48.5,-0.828770087174504,1.0
2020-08-05,180.0,0.0,18.52,0.0,18.653953887213767,0.21845351367012983,46.3,-0.8190148866680802,1.0
2020-08-06,179.0,0.0,19.39,0.0,15.855860804131702,0.18568548661961035,48.475,-0.8090169943749472,-1.0
2020-08-07,178.0,0.0,22.31,0.0,13.477481683511947,0.15783266362666878,55.775,-0.7987793728863648,-1.0
2020-08-08,178.0,0.0,22.93,0.0,11.455859430985154,0.13415776408266847,57.325,-0.7883050558305253,0.0
2020-08-09,177.0,0.3,21.66,0.3,10.03748051633738,0.11754735218319358,54.15,-0.7775971469736268,-1.0
2020-08-10,177.0,0.0,22.34,0.0,8.531858438886774,0.09991524935571455,55.85,-0.7666588193001592,0.0
2020-08-11,177.0,0.0,17.7,0.0,7.252079673053758,0.08492796195235737,44.25,-0.7554933140726804,0.0
2020-08-12,178.0,0.0,15.01,0.0,6.164267722095694,0.07218876765950376,37.525,-0.7441039398713608,1.0
2020-08-13,179.0,0.0,15.9,0.0,5.239627563781339,0.061360452510578194,39.75,-0.7324940716135792,1.0
2020-08-14,178.0,0.0,17.87,0.0,4.453683429214139,0.052156384633991464,44.675000000000004,-0.7206671495538615,-1.0
2020-08-15,178.0,0.0,20.35,0.0,3.785630914832018,0.04433292693889275,50.875,-0.7086266782644601,0.0
2020-08-16,177.0,0.0,21.67,0.0,3.2177862776072153,0.03768298789805884,54.175000000000004,-0.6963762255968726,-1.0
2020-08-17,177.0,0.0,21.88,0.0,2.735118335966133,0.03203053971335001,54.699999999999996,-0.6839194216246105,0.0
2020-08-18,177.0,0.0,20.12,0.0,2.324850585571213,0.027225958756347507,50.300000000000004,-0.6712599575675315,0.0
2020-08-19,178.0,0.7,19.5,0.7,2.676122997735531,0.03133965460638796,48.75,-0.6584015846980489,1.0
2020-08-20,176.0,0.0,18.91,0.0,2.274704548075201,0.026638706415429765,47.275,-0.64534811322955,-2.0
2020-08-21,176.0,0.0,20.44,0.0,1.933498865863921,0.022642900453115303,51.1,-0.6321034111873488,0.0
2020-08-22,176.0,0.0,19.24,0.0,1.6434740359843327,0.019246465385148005,48.099999999999994,-0.6186714032625032,0.0
2020-08-23,176.0,1.7,20.19,1.7,3.0969529305866828,0.036267927617286366,50.475,-0.6050560696488494,0.0
2020-08-24,175.0,0.0,18.57,0.0,2.6324099909986804,0.03082773847469341,46.425,-0.5912614448635782,-1.0
2020-08-25,177.0,5.9,14.87,5.9,8.137548492348879,0.09529754772435546,37.175,-0.5772916165517278,2.0
2020-08-26,177.0,4.7,13.84,4.7,11.616916218496547,0.13604387473486662,34.6,-0.5631507242749187,0.0
2020-08-27,178.0,5.6,15.71,5.6,15.474378785722065,0.1812180108325773,39.275000000000006,-0.5488429582847199,1.0
2020-08-28,177.0,0.0,14.68,0.0,13.153221967863756,0.1540353092076907,36.7,-0.5343725582809785,-1.0
2020-08-29,178.0,0.4,14.5,0.4,11.580238672684192,0.1356143497771043,36.25,-0.5197438121555157,1.0
2020-08-30,179.0,38.6,14.99,38.6,48.443202871781565,0.5673107130402726,37.475,-0.5049610547215202,1.0
2020-08-31,185.0,7.8,13.7,7.8,48.976722441014324,0.5735586766202918,34.25,-0.4900286664290594,6.0
2020-09-01,185.0,0.0,12.58,0.0,41.630214074862174,0.487524875127248,31.45,-0.4749510720670502,0.0
2020-09-02,184.0,0.0,15.19,0.0,35.38568196363285,0.4143961438581608,37.975,-0.4597327394521046,-1.0
2020-09-03,184.0,0.0,16.3,0.0,30.07782966908792,0.3522367222794367,40.75,-0.44437817810461344,0.0
2020-09-04,183.0,0.0,16.13,0.0,25.56615521872473,0.29940121393752117,40.324999999999996,-0.4288919379124841,-1.0
2020-09-05,180.0,1.9,17.63,1.9,23.63123193591602,0.27674163236208715,44.074999999999996,-0.41327860778290443,-3.0
2020-09-06,181.0,7.5,15.44,7.5,27.586547145528616,0.3230617053309089,38.6,-0.3975428142825566,1.0
2020-09-07,180.0,0.0,11.67,0.0,23.448565073699324,0.27460244953127255,29.175,-0.3816892202666586,-1.0
2020-09-08,181.0,0.4,12.51,0.4,20.331280312644424,0.23809641905214884,31.275,-0.3657225234972692,1.0
2020-09-09,180.0,0.0,16.41,0.0,17.28158826574776,0.20238195619432653,41.025,-0.34964745525122826,-1.0
2020-09-10,179.0,1.3,14.48,1.3,15.989350025885598,0.18724875785452091,36.2,-0.33346877891818705,-1.0
2020-09-11,178.0,0.0,11.08,0.0,13.590947522002757,0.1591614441763428,27.7,-0.31719128858910595,-1.0
2020-09-12,177.0,0.0,14.67,0.0,11.552305393702344,0.13528722754989136,36.675,-0.300819807635668,-1.0
2020-09-13,178.0,0.0,15.14,0.0,9.819459584646992,0.11499414341740766,37.85,-0.2843591872810036,1.0
2020-09-14,178.0,0.0,15.23,0.0,8.346540646949943,0.0977450219047965,38.075,-0.26781430516217486,0.0
2020-09-15,178.0,0.0,17.91,0.0,7.094559549907451,0.08308326861907703,44.775,-0.25119006388481957,0.0
2020-09-16,177.0,0.0,19.44,0.0,6.030375617421334,0.07062077832621548,48.6,-0.23449138957041052,-1.0
2020-09-17,178.0,2.9,12.15,2.9,8.025819274808134,0.09398910446889529,30.375,-0.21772323039653224,1.0
2020-09-18,180.0,0.0,11.06,0.0,6.821946383586914,0.079890738798561,27.650000000000002,-0.20089055513063528,2.0
2020-09-19,179.0,0.0,12.21,0.0,5.798654426048877,0.06790712797877685,30.525000000000002,-0.18399835165767986,-1.0
2020-09-20,179.0,0.0,10.12,0.0,4.9288562621415455,0.05772105878196032,25.299999999999997,-0.1670516255021195,0.0
2020-09-21,179.0,0.0,12.36,0.0,4.189527822820313,0.049062899964666264,30.9,-0.15005539834465262,0.0
2020-09-22,180.0,0.0,14.77,0.0,3.561098649397266,0.041703464969966325,36.925,-0.13301470653419636,1.0
2020-09-23,178.0,0.0,16.52,0.0,3.026933851987676,0.035447945224471374,41.3,-0.11593459959550066,-2.0
2020-09-24,179.0,0.0,16.92,0.0,2.5728937741895246,0.030130753440800667,42.300000000000004,-0.09882013873287211,1.0
2020-09-25,182.0,0.0,18.2,0.0,2.186959708061096,0.025611140424680566,45.5,-0.08167639533042288,3.0
2020-09-26,179.0,0.0,19.83,0.0,1.8589157518519315,0.021769469360978483,49.574999999999996,-0.06450844944931625,-3.0
2020-09-27,177.0,0.4,17.3,0.4,1.9800783890741416,0.023188385907398898,43.25,-0.04732138832243232,-2.0
2020-09-28,178.0,0.0,11.7,0.0,1.6830666307130202,0.01971012802128906,29.25,-0.03012030484690836,1.0
2020-09-29,178.0,0.0,11.25,0.0,1.4306066361060672,0.016753608818095702,28.125,-0.012910296075008843,0.0
2020-09-30,179.0,0.0,12.81,0.0,1.216015640690157,0.014240567495381346,32.025,0.004303538296243821,1.0
2020-10-01,181.0,0.0,13.63,0.0,1.0336132945866334,0.012104482371074143,34.075,0.021516097436222233,2.0
2020-10-02,178.0,0.2,12.85,0.2,1.0785713003986384,0.012630978490696616,32.125,0.03872228089217399,-3.0
2020-10-03,180.0,1.4,13.18,1.4,2.3167856053388425,0.02713151104407729,32.95,0.05591699010060302,2.0
2020-10-04,179.0,0.0,17.81,0.0,1.969267764538016,0.023061784387465697,44.525,0.07309512989807776,-1.0
2020-10-05,178.0,1.1,15.21,1.1,2.7738775998573137,0.03248444334340562,38.025000000000006,0.0902516100310407,-1.0
2020-10-06,182.0,0.0,13.65,0.0,2.357795959878717,0.027611776841894777,34.125,0.10738134666416306,4.0
2020-10-07,182.0,0.0,12.02,0.0,2.004126565896909,0.023470010315610558,30.049999999999997,0.12447926388678869,0.0
2020-10-08,186.0,1.3,11.41,1.3,3.003507581012373,0.03517360385761234,28.525,0.141540295217043,4.0
2020-10-09,184.0,0.0,11.25,0.0,2.5529814438605167,0.02989756327897049,28.125,0.15855938510313475,-2.0
2020-10-10,184.0,0.0,12.2,0.0,2.1700342272814392,0.025412928787124915,30.5,0.17553149042142777,0.0
2020-10-11,185.0,4.7,11.19,4.7,6.544529093189223,0.07664194863822067,27.974999999999998,0.19245158197082995,1.0
2020-10-12,184.0,7.3,10.16,7.3,12.86284972921084,0.1506348056903388,25.4,0.20931464596304888,-1.0
2020-10-13,188.0,11.7,7.74,11.7,22.63342226982921,0.26505644064087824,19.35,0.22611568550828803,4.0
2020-10-14,188.0,5.7,9.12,5.7,24.93840892935483,0.292049776090329,22.799999999999997,0.2428497220959358,0.0
2020-10-15,189.0,0.0,7.64,0.0,21.197647589951604,0.24824230967677963,19.099999999999998,0.25951179706979943,1.0
2020-10-16,191.0,0.0,6.2,0.0,18.018000451458864,0.2110059632252627,15.5,0.27609697309746883,2.0
2020-10-17,192.0,0.0,4.39,0.0,15.315300383740034,0.17935506874147328,10.975,0.2926003356333479,1.0
2020-10-18,192.0,2.6,4.36,2.6,15.618005326179029,0.18289999860893902,10.9,0.30901699437494723,0.0
2020-10-19,190.0,0.0,4.55,0.0,13.275304527252175,0.15546499881759818,11.375,0.3253420847119795,-2.0
2020-10-20,190.0,0.0,5.24,0.0,11.284008848164348,0.13214524899495844,13.100000000000001,0.341570769167856,0.0
2020-10-21,188.0,2.8,7.35,2.8,12.391407520939694,0.145113820299685,18.375,0.35769823883312546,-2.0
2020-10-22,187.0,0.6,11.78,0.6,11.132696392798739,0.130373252680583,29.45,0.3737197147904692,-1.0
2020-10-23,185.0,0.0,11.2,0.0,9.462791933878927,0.11081726477849556,28.0,0.38963044953078774,-2.0
2020-10-24,186.0,4.2,8.96,4.2,12.24337314379709,0.14338021304267673,22.400000000000002,0.4054257283599973,1.0
2020-10-25,182.0,0.0,9.5,0.0,10.406867172227527,0.12187318108627523,23.75,0.42110087079608916,-4.0
2020-10-26,183.0,0.0,10.48,0.0,8.845837096393398,0.10359220392333394,26.200000000000003,0.4366512319560638,1.0
2020-10-27,184.0,0.0,12.25,0.0,7.518961531934388,0.08805337333483386,30.625,0.45207220393230374,1.0
2020-10-28,190.0,0.0,10.8,0.0,6.39111730214423,0.07484536733460878,27.0,0.46735921715800205,6.0
2020-10-29,189.0,1.4,9.68,1.4,6.832449706822596,0.08001374156140263,24.2,0.48250774176121763,-1.0
2020-10-30,188.0,1.9,7.83,1.9,7.707582250799206,0.09026228084238638,19.575,0.4975132889071803,-1.0
2020-10-31,190.0,0.0,7.89,0.0,6.551444913179325,0.07672293871602844,19.724999999999998,0.5123714121284235,2.0
2020-11-01,189.0,0.0,7.7,0.0,5.568728176202426,0.06521449790862416,19.25,0.5270777086423724,-1.0
2020-11-02,187.0,0.0,7.14,0.0,4.733418949772062,0.05543232322233054,17.849999999999998,0.5416278206559811,-2.0
2020-11-03,190.0,2.8,8.13,2.8,6.823406107306252,0.07990783339295128,20.325000000000003,0.5560174366570446,3.0
2020-11-04,189.0,2.5,7.17,2.5,8.299895191210314,0.09719876432505353,17.925,0.5702422926917867,-1.0
2020-11-05,191.0,0.3,6.36,0.3,7.354910912528767,0.08613220238922088,15.9,0.5842981736283683,2.0
2020-11-06,193.0,1.1,9.2,1.1,7.351674275649451,0.08609429864489752,23.0,0.5981809144059159,2.0
2020-11-07,191.0,0.2,8.93,0.2,6.448923134302033,0.07552232232344648,22.325,0.6118864012687242,-2.0
2020-11-08,189.0,0.1,6.97,0.1,5.581584664156728,0.06536505821257131,17.425,0.6254105729852457,-2.0
2020-11-09,189.0,0.0,1.07,0.0,4.744346964533219,0.05556029948068561,2.6750000000000003,0.6387494220515268,0.0
2020-11-10,188.0,0.0,1.5,0.0,4.032694919853236,0.047226254558582766,3.75,0.6518989958787125,-1.0
2020-11-11,195.0,0.0,3.6,0.0,3.42779068187525,0.040142316374795345,9.0,0.6648553979642867,7.0
2020-11-12,191.0,0.0,3.46,0.0,2.9136220795939622,0.03412096891857604,8.65,0.6776147890466887,-4.0
2020-11-13,188.0,1.2,2.48,1.2,3.676578767654868,0.043055834432491204,6.2,0.690173388242972,-3.0
2020-11-14,187.0,0.5,2.39,0.5,3.6250919525066374,0.042452880455826514,5.9750000000000005,0.7025274741691566,-1.0
2020-11-15,187.0,0.0,3.95,0.0,3.0813281596306417,0.036084948387452534,9.875,0.7146733860429608,0.0
2020-11-16,183.0,0.2,3.24,0.2,2.8191289356860456,0.03301437460461825,8.100000000000001,0.726607524768565,-4.0
2020-11-17,187.0,2.3,2.83,2.3,4.696259595333139,0.05499715587968686,7.075,0.7383263540031063,4.0
2020-11-18,189.0,7.6,7.44,7.6,11.591820656033168,0.13574998455851045,18.6,0.749826401204568,2.0
2020-11-19,186.0,1.2,7.48,1.2,11.053047557628192,0.12944049772643546,18.700000000000003,0.7611042586607742,-3.0
2020-11-20,184.0,0.3,2.6,0.3,9.695090423983963,0.11353767578039552,6.5,0.7721565844991641,-2.0
2020-11-21,184.0,0.0,0.05,0.0,8.240826860386369,0.0965070244133362,0.125,0.7829801036770625,0.0
2020-11-22,184.0,6.5,2.41,6.5,13.504702831328412,0.1581514461980526,6.025,0.7935716089521472,0.0
2020-11-23,184.0,0.8,5.07,0.8,12.27899740662915,0.1437974031694791,12.675,0.8039279618328208,0.0
2020-11-24,185.0,4.0,4.3,4.0,14.437147795634777,0.16907116219972912,10.75,0.8140460935082175,1.0
2020-11-25,185.0,0.8,6.13,0.8,13.071575626289562,0.15307916177090414,15.325,0.8239230057575536,0.0
2020-11-26,184.0,0.0,0.37,0.0,11.110839282346127,0.13011728750526852,0.925,0.8335557718385695,-1.0
2020-11-27,184.0,4.3,1.8,4.3,13.744213389994208,0.16095631659807555,4.5,0.8429415373547832,0.0
2020-11-28,185.0,2.0,-0.14,2.0,13.682581381495076,0.16023455386120017,0.0,0.8520775211013093,1.0
2020-11-29,186.0,2.9,-0.0,2.9,14.530194174270815,0.17016081367363226,0.0,0.8609610158889945,1.0
2020-11-30,185.0,0.7,-0.47,0.7,13.050665048130192,0.15283428128608,0.0,0.8695893893466109,-1.0
2020-12-01,185.0,0.0,-0.67,0.0,11.093065290910662,0.12990913909316798,0.0,0.8779600847008883,0.0
2020-12-02,184.0,0.0,-2.93,0.0,9.429105497274062,0.11042276822919278,0.0,0.8860706215341377,-1.0
2020-12-03,183.0,0.0,-0.7,0.0,8.014739672682952,0.09385935299481385,0.0,0.893918596519257,-1.0
2020-12-04,181.0,0.0,1.18,0.0,6.812528721780509,0.07978045004559177,2.9499999999999997,0.9015016841318838,-2.0
2020-12-05,181.0,0.0,2.56,0.0,5.7906494135134325,0.067813382538753,6.4,0.9088176373395028,0.0
2020-12-06,182.0,0.0,0.75,0.0,4.922052001486418,0.05764137515794006,1.875,0.9158642882672868,1.0
2020-12-07,181.0,0.0,-2.8,0.0,4.183744201263456,0.048995168884249055,0.0,0.9226395488404875,-1.0
2020-12-08,179.0,0.0,-5.38,0.0,3.556182571073937,0.0416458935516117,0.0,0.9291414114031743,-2.0
2020-12-09,179.0,0.0,-5.07,0.0,3.0227551854128465,0.03539900951886994,0.0,0.935367949313148,0.0
2020-12-10,186.0,1.6,-3.49,1.6,4.16934190760092,0.04882650589330822,0.0,0.941317317512847,7.0
2020-12-11,183.0,0.2,0.0,0.2,3.743940621460782,0.04384469848459558,0.0,0.946987753076075,-3.0
2020-12-12,181.0,0.0,-2.68,0.0,3.182349528241665,0.03726799371190625,0.0,0.9523775757303973,-2.0
2020-12-13,181.0,1.4,-2.44,1.4,4.1049970990054145,0.048072973982105464,0.0,0.9574851883550389,0.0
2020-12-14,180.0,0.0,-1.1,0.0,3.489247534154602,0.040862027884789646,0.0,0.9623090774541487,-1.0
2020-12-15,180.0,0.0,-1.17,0.0,2.9658604040314116,0.03473272370207119,0.0,0.9668478136052773,0.0
2020-12-16,180.0,0.4,0.07,0.4,2.9209813434267,0.034207152097327706,0.17500000000000002,0.9711000518829505,0.0
2020-12-17,178.0,0.0,2.37,0.0,2.482834141912695,0.02907607928272855,5.925000000000001,0.9750645322571945,-2.0
2020-12-18,182.0,2.2,1.8,2.2,4.310409020625791,0.05047852061843882,4.5,0.9787400799669153,4.0
2020-12-19,181.0,0.0,2.52,0.0,3.6638476675319223,0.042906742525672996,6.3,0.9821256058680006,-1.0
2020-12-20,182.0,0.0,0.31,0.0,3.114270517402134,0.03647073114682205,0.775,0.9852201067560606,1.0
2020-12-21,181.0,0.3,-0.2,0.3,2.9471299397918136,0.03451337418772413,0.0,0.9880226656636976,-1.0
2020-12-22,181.0,2.6,0.1,2.6,5.105060448823042,0.05978455823825225,0.25,0.9905324521322227,0.0
2020-12-23,181.0,2.7,2.25,2.7,7.039301381499586,0.08243614891884295,5.625,0.9927487224577402,0.0
2020-12-24,182.0,3.4,2.43,3.4,9.383406174274647,0.10988759066083761,6.075,0.9946708199115211,1.0
2020-12-25,181.0,1.0,0.88,1.0,8.975895248133451,0.10511529443812996,2.2,0.9962981749346077,-1.0
2020-12-26,183.0,0.7,-0.42,0.7,8.329510960913433,0.09754558993590305,0.0,0.9976303053065857,2.0
2020-12-27,182.0,0.0,-1.51,0.0,7.080084316776418,0.08291375144551759,0.0,0.9986668162884759,-1.0
2020-12-28,182.0,0.8,0.88,0.8,6.818071669259955,0.07984536262982432,2.2,0.9994074007397048,0.0
2020-12-29,182.0,3.9,2.75,3.9,9.69536091887096,0.11354084350338077,6.875,0.9998518392091162,0.0
2020-12-30,182.0,2.1,3.25,2.1,10.341056781040315,0.1211024859683514,8.125,1.0,0.0
2020-12-31,182.0,0.1,1.24,0.1,8.889898263884268,0.10410819731074047,3.1,0.9998518392091162,0.0
2021-01-01,182.0,1.8,-0.78,1.8,9.356413524301628,0.10957148399168176,0.0,0.9998518392091162,0.0
2021-01-02,182.0,0.3,-1.37,0.3,8.252951495656383,0.09664901410585489,0.0,0.9994074007397048,0.0
2021-01-03,181.0,0.0,0.03,0.0,7.015008771307925,0.08215166198997664,0.075,0.998666816288476,-1.0
2021-01-04,181.0,0.0,0.03,0.0,5.962757455611736,0.06982891269148014,0.075,0.9976303053065857,0.0
2021-01-05,182.0,0.5,0.94,0.5,5.568343837269976,0.06520999697596712,2.3499999999999996,0.9962981749346078,1.0
2021-01-06,181.0,1.3,-0.45,1.3,6.033092261679479,0.07065259251891541,0.0,0.9946708199115211,-1.0
2021-01-07,181.0,7.4,-0.12,7.4,12.528128422427557,0.1467149372265711,0.0,0.9927487224577402,0.0
2021-01-08,183.0,7.0,-1.56,7.0,17.64890915906342,0.20668359327751126,0.0,0.9905324521322229,2.0
2021-01-09,181.0,1.4,-3.26,1.4,16.401572785203907,0.19207623361286974,0.0,0.9880226656636976,-2.0
2021-01-10,181.0,0.0,-4.38,0.0,13.94133686742332,0.16326479857093926,0.0,0.9852201067560606,0.0
2021-01-11,181.0,0.5,-2.61,0.5,12.350136337309822,0.14463049997350735,0.0,0.9821256058680006,0.0
2021-01-12,180.0,0.0,-2.29,0.0,10.497615886713348,0.12293592497748124,0.0,0.9787400799669153,-1.0
2021-01-13,180.0,4.2,-1.6,4.2,13.122973503706344,0.15368107421181454,0.0,0.9750645322571948,0.0
2021-01-14,180.0,0.1,-6.91,0.1,11.254527478150392,0.13179999731768416,0.0,0.9711000518829505,0.0
2021-01-15,182.0,0.1,-13.4,0.1,9.666348356427832,0.11320108195767331,0.0,0.9668478136052775,2.0
2021-01-16,187.0,0.2,-18.35,0.2,8.416396102963656,0.0985630881393059,0.0,0.9623090774541486,5.0
2021-01-17,191.0,0.1,-20.18,0.1,7.253936687519107,0.0849497091560518,0.0,0.9574851883550393,4.0
2021-01-18,216.0,0.0,-15.74,0.0,6.165846184391241,0.07220725278264403,0.0,0.9523775757303974,25.0
2021-01-19,226.0,0.0,-13.14,0.0,5.240969256732555,0.061376164865247426,0.0,0.9469877530760753,10.0
2021-01-20,244.0,1.2,-10.01,1.2,5.654823868222672,0.06622275098716189,0.0,0.9413173175128471,18.0
2021-01-21,247.0,0.1,0.49,0.1,4.906600287989271,0.0574604225767294,1.225,0.9353679493131483,3.0
2021-01-22,199.0,0.0,0.46,0.0,4.17061024479088,0.048841359190219986,1.1500000000000001,0.9291414114031743,-48.0
2021-01-23,188.0,0.0,1.62,0.0,3.5450187080722477,0.04151515531168699,4.050000000000001,0.9226395488404876,-11.0
2021-01-24,184.0,2.3,1.3,2.3,5.31326590186141,0.062222819480695274,3.25,0.9158642882672872,-4.0
2021-01-25,184.0,8.5,0.47,8.5,13.016276016582198,0.1524315567581438,1.1749999999999998,0.9088176373395029,0.0
2021-01-26,182.0,15.6,-0.46,15.6,26.663834614094867,0.3122559643165426,0.0,0.901501684131884,-2.0
2021-01-27,183.0,3.9,-0.15,3.9,26.564259421980633,0.3110898549370913,0.0,0.893918596519257,1.0
2021-01-28,183.0,0.0,-3.39,0.0,22.579620508683536,0.2644263766965276,0.0,0.886070621534138,0.0
2021-01-29,183.0,1.2,-4.3,1.2,20.392677432381006,0.23881543104375003,0.0,0.8779600847008882,0.0
2021-01-30,182.0,0.2,-3.78,0.2,17.533775817523853,0.2053352848624711,0.0,0.869589389346611,-1.0
2021-01-31,182.0,0.0,-3.12,0.0,14.903709444895275,0.17453499213310042,0.0,0.8609610158889943,0.0
2021-02-01,182.0,0.0,-6.35,0.0,12.668153028160983,0.14835474331313536,0.0,0.8520775211013093,0.0
2021-02-02,189.0,1.3,-6.3,1.3,12.067930073936836,0.14132562690550843,0.0,0.8429415373547828,7.0
2021-02-03,186.0,0.1,-1.77,0.1,10.35774056284631,0.12129786710732395,0.0,0.8335557718385699,-3.0
2021-02-04,183.0,0.9,-6.02,0.9,9.704079478419363,0.11364294518000152,0.0,0.8239230057575542,-3.0
2021-02-05,189.0,0.0,-8.89,0.0,8.248467556656458,0.09659650340300129,0.0,0.8140460935082178,6.0
2021-02-06,200.0,0.0,-15.2,0.0,7.011197423157989,0.08210702789255109,0.0,0.8039279618328213,11.0
2021-02-07,216.0,0.0,-18.17,0.0,5.95951780968429,0.06979097370866842,0.0,0.7935716089521474,16.0
2021-02-08,242.0,1.2,-13.24,1.2,6.265590138231647,0.07337533850406974,0.0,0.7829801036770629,26.0
2021-02-09,247.0,3.2,-9.81,3.2,8.525751617496901,0.09984373333299681,0.0,0.7721565844991642,5.0
2021-02-10,256.0,0.2,-11.36,0.2,7.446888874872366,0.08720934180833088,0.0,0.7611042586607747,9.0
2021-02-11,259.0,0.0,-12.7,0.0,6.329855543641511,0.07412794053708124,0.0,0.7498264012045686,3.0
2021-02-12,262.0,0.0,-14.47,0.0,5.380377212095284,0.06300874945651906,0.0,0.7383263540031065,3.0
2021-02-13,261.0,0.1,-9.48,0.1,4.67332063028099,0.054728521275682986,0.0,0.7266075247685656,-1.0
2021-02-14,264.0,0.6,-2.6,0.6,4.5723225357388415,0.053545748510181325,0.0,0.7146733860429609,3.0
2021-02-15,262.0,0.0,-8.0,0.0,3.886474155378015,0.04551388623365412,0.0,0.702527474169157,-2.0
2021-02-16,258.0,0.0,-10.03,0.0,3.303503032071313,0.038686803298606,0.0,0.6901733882429719,-4.0
2021-02-17,250.0,0.0,-6.89,0.0,2.807977577260616,0.032883782803815105,0.0,0.6776147890466889,-8.0
2021-02-18,247.0,0.0,-14.46,0.0,2.3867809406715237,0.027951215383242838,0.0,0.6648553979642865,-3.0
2021-02-19,246.0,0.0,-11.33,0.0,2.028763799570795,0.023758533075756413,0.0,0.6518989958787126,-1.0
2021-02-20,239.0,1.0,-2.49,1.0,2.7244492296351757,0.03190559549081093,0.0,0.6387494220515272,-7.0
2021-02-21,232.0,0.0,1.34,0.0,2.3157818451898993,0.027119756167189285,3.35,0.6254105729852463,-7.0
2021-02-22,227.0,0.0,1.37,0.0,1.9684145684114143,0.02305179274211089,3.4250000000000003,0.6118864012687243,-5.0
2021-02-23,220.0,0.0,0.58,0.0,1.6731523831497022,0.01959402383079426,1.45,0.5981809144059164,-7.0
2021-02-24,211.0,0.0,4.02,0.0,1.4221795256772467,0.01665492025617512,10.049999999999999,0.5842981736283683,-9.0
2021-02-25,201.0,0.4,7.58,0.4,1.6088525968256597,0.018841019168316042,18.95,0.5702422926917871,-10.0
2021-02-26,186.0,0.0,4.46,0.0,1.3675247073018106,0.016014866293068634,11.15,0.5560174366570446,-15.0
2021-02-27,196.0,0.6,2.83,0.6,1.7623960012065392,0.020639141774959124,7.075,0.5416278206559814,10.0
2021-02-28,199.0,0.0,2.46,0.0,1.4980366010255584,0.017543270508715257,6.15,0.5270777086423722,3.0
2021-03-01,198.0,0.0,1.5,0.0,1.2733311108717247,0.01491177993240797,3.75,0.5123714121284237,-1.0
2021-03-02,197.0,0.0,3.09,0.0,1.082331444240966,0.012675012942546774,7.725,0.49751328890718066,-1.0
2021-03-03,195.0,0.0,0.73,0.0,0.919981727604821,0.010773761001164757,1.825,0.48250774176121847,-2.0
2021-03-04,192.0,0.0,-0.69,0.0,0.7819844684640979,0.009157696850990044,0.0,0.46735921715800227,-3.0
2021-03-05,190.0,0.0,-2.59,0.0,0.6646867981944832,0.007784042323341537,0.0,0.45207220393230435,-2.0
2021-03-06,188.0,0.0,-1.74,0.0,0.5649837784653107,0.006616435974840306,0.0,0.43665123195606403,-2.0
2021-03-07,186.0,2.4,-0.74,2.4,2.880236211695514,0.0337299922820174,0.0,0.4211008707960896,-2.0
2021-03-08,185.0,0.3,-3.99,0.3,2.7482007799411865,0.03218374615264018,0.0,0.40542572835999735,-1.0
2021-03-09,185.0,0.0,-5.37,0.0,2.3359706629500083,0.02735618422974415,0.0,0.38963044953078796,0.0
2021-03-10,183.0,0.0,-4.58,0.0,1.9855750635075071,0.023252756595282528,0.0,0.37371971479046906,-2.0
2021-03-11,184.0,0.1,-2.87,0.1,1.787738803981381,0.020935927343631946,0.0,0.35769823883312546,1.0
2021-03-12,183.0,3.1,1.83,3.1,4.619577983384174,0.05409914960898288,4.575,0.3415707691678556,-1.0
2021-03-13,183.0,3.0,2.07,3.0,6.926641285876547,0.08111680429688937,5.175,0.3253420847119801,0.0
2021-03-14,184.0,1.5,4.21,1.5,7.387645092995065,0.08651554721698293,10.525,0.30901699437494745,1.0
2021-03-15,186.0,0.1,3.27,0.1,6.379498329045805,0.07470929937207728,8.175,0.29260033563334836,2.0
2021-03-16,187.0,0.0,3.61,0.0,5.422573579688934,0.06350290446626569,9.025,0.27609697309746883,1.0
2021-03-17,187.0,0.0,0.27,0.0,4.609187542735594,0.05397746879632583,0.675,0.2595117970697999,0.0
2021-03-18,187.0,0.8,-1.5,0.8,4.717809411325255,0.05524952237801134,0.0,0.2428497220959356,0.0
2021-03-19,186.0,0.4,-1.6,0.4,4.410137999626467,0.05164643097187683,0.0,0.22611568550828828,-1.0
2021-03-20,186.0,0.0,-2.31,0.0,3.7486172996824965,0.0438994663260953,0.0,0.20931464596304847,0.0
2021-03-21,185.0,3.0,-1.72,3.0,6.186324704730122,0.07244707350643494,0.0,0.19245158197082998,-1.0
2021-03-22,184.0,0.3,-0.55,0.3,5.558375999020604,0.06509326519339509,0.0,0.1755314904214282,-1.0
2021-03-23,184.0,0.0,0.47,0.0,4.7246195991675135,0.05532927541438583,1.1749999999999998,0.15855938510313478,0.0
2021-03-24,184.0,0.0,2.33,0.0,4.015926659292386,0.047029884102227956,5.825,0.141540295217043,0.0
2021-03-25,184.0,0.0,4.25,0.0,3.413537660398528,0.039975401486893755,10.625,0.12447926388678915,0.0
2021-03-26,185.0,0.0,5.9,0.0,2.9015070113387487,0.033979091263859694,14.75,0.10738134666416309,1.0
2021-03-27,184.0,0.0,7.64,0.0,2.4662809596379365,0.028882227574280737,19.099999999999998,0.09025161003104117,-1.0
2021-03-28,185.0,0.1,4.86,0.1,2.196338815692246,0.025720977675780427,12.15,0.07309512989807777,1.0
2021-03-29,185.0,1.0,4.91,1.0,2.866887993338409,0.03357367340083134,12.275,0.055916990100603484,0.0
2021-03-30,185.0,0.9,9.21,0.9,3.3368547943376474,0.039077380529482814,23.025000000000002,0.03872228089217446,0.0
2021-03-31,185.0,0.0,11.11,0.0,2.8363265751870004,0.03321577345006039,27.775,0.021516097436222254,0.0
2021-04-01,186.0,3.7,3.85,3.7,6.11087758890895,0.07156352422529784,9.625,0.004303538296244289,1.0
2021-04-02,185.0,0.1,2.99,0.1,5.294245950572607,0.06200007982914496,7.4750000000000005,-0.01291029607500882,-1.0
2021-04-03,185.0,0.0,3.0,0.0,4.500109057986716,0.052700067854773214,7.5,-0.030120304846908114,0.0
2021-04-04,184.0,0.0,2.87,0.0,3.8250926992887084,0.04479505767655723,7.175000000000001,-0.04732138832243185,-1.0
2021-04-05,184.0,1.9,4.71,1.9,5.151328794395402,0.0603263995402678,11.775,-0.06450844944931623,0.0
2021-04-06,184.0,1.1,0.9,1.1,5.478629475236092,0.06415936622328741,2.25,-0.08167639533042241,0.0
2021-04-07,183.0,0.2,1.26,0.2,4.856835053950678,0.05687762976507789,3.15,-0.09882013873287143,-1.0
2021-04-08,184.0,1.2,2.3,1.2,5.328309795858076,0.06239899615201778,5.75,-0.11593459959550041,1.0
2021-04-09,186.0,0.0,3.99,0.0,4.529063326479365,0.053039146729215114,9.975000000000001,-0.1330147065341959,2.0
2021-04-10,184.0,0.0,7.77,0.0,3.84970382750746,0.045083274719832846,19.424999999999997,-0.1500553983446526,-2.0
2021-04-11,183.0,0.0,13.02,0.0,3.272248253381341,0.038320783511857914,32.55,-0.16705162550211924,-1.0
2021-04-12,183.0,0.0,13.61,0.0,2.78141101537414,0.03257266598507923,34.025,-0.18399835165768005,0.0
2021-04-13,183.0,0.0,5.33,0.0,2.364199363068019,0.027686766087317346,13.325,-0.20089055513063506,0.0
2021-04-14,183.0,5.0,3.77,5.0,7.009569458607816,0.08208796305630962,9.425,-0.21772323039653177,0.0
2021-04-15,183.0,2.1,5.11,2.1,8.058134039816643,0.09436753758834092,12.775,-0.23449138957040985,0.0
2021-04-16,183.0,0.5,8.61,0.5,7.349413933844146,0.08606782813829877,21.525,-0.25119006388481935,0.0
2021-04-17,184.0,2.0,10.55,2.0,8.247001843767524,0.09657933867038991,26.375,-0.2678143051621742,1.0
2021-04-18,183.0,0.0,12.62,0.0,7.009951567202395,0.08209243786983142,31.549999999999997,-0.2843591872810034,-1.0
2021-04-19,183.0,0.0,11.15,0.0,5.9584588321220355,0.0697785721893567,27.875,-0.30081980763566735,0.0
2021-04-20,184.0,0.0,9.4,0.0,5.06469000730373,0.05931178636095319,23.5,-0.3171912885891061,1.0
2021-04-21,183.0,0.0,10.18,0.0,4.30498650620817,0.05041501840681021,25.45,-0.3334687789181868,-1.0
2021-04-22,183.0,0.4,5.78,0.4,4.059238530276945,0.047537102596355865,14.450000000000001,-0.3496474552512284,0.0
2021-04-23,183.0,2.3,2.24,2.3,5.750352750735402,0.06734147467266383,5.6000000000000005,-0.36572252349726897,0.0
2021-04-24,183.0,0.4,2.78,0.4,5.287799838125092,0.06192459042233144,6.949999999999999,-0.3816892202666588,0.0
2021-04-25,182.0,0.1,1.71,0.1,4.594629862406327,0.05380698609662351,4.275,-0.39754281428255595,-1.0
2021-04-26,181.0,0.2,1.15,0.2,4.105435383045378,0.04807810665741358,2.875,-0.4132786077829042,-1.0
2021-04-27,181.0,1.6,2.52,1.6,5.089620075588571,0.0596037384610703,6.3,-0.4288919379124835,0.0
2021-04-28,183.0,0.0,5.52,0.0,4.3261770642502855,0.050663177691909755,13.799999999999999,-0.4443781781046132,2.0
2021-04-29,183.0,0.0,10.16,0.0,3.6772505046127426,0.04306370103812329,25.4,-0.45973273945210397,0.0
2021-04-30,183.0,1.9,10.27,1.9,5.0256629289208306,0.058854746397598946,25.674999999999997,-0.47495107206704995,0.0
2021-05-01,182.0,0.0,8.17,0.0,4.271813489582706,0.050026534437959104,20.425,-0.49002866642905923,-1.0
2021-05-02,182.0,12.8,8.9,12.8,16.431041466145302,0.19242133669041536,22.25,-0.5049610547215204,0.0
2021-05-03,189.0,16.8,3.59,16.8,30.766385246223507,0.36030028811067505,8.975,-0.5197438121555155,7.0
2021-05-04,192.0,0.0,6.63,0.0,26.15142745928998,0.3062552448940738,16.575,-0.5343725582809787,3.0
2021-05-05,192.0,8.2,9.84,8.2,30.42871334039648,0.3563458656465901,24.6,-0.548842958284719,0.0
2021-05-06,196.0,5.5,7.17,5.5,31.36440633933701,0.3673036188699005,17.925,-0.5631507242749186,4.0
2021-05-07,198.0,7.3,4.82,7.3,33.95974538843645,0.39769722538726654,12.05,-0.5772916165517272,2.0
2021-05-08,200.0,0.0,4.72,0.0,28.865783580170984,0.3380426415791766,11.799999999999999,-0.5912614448635781,2.0
2021-05-09,198.0,0.0,8.5,0.0,24.535916043145335,0.28733624534230007,21.25,-0.6050560696488488,-2.0
2021-05-10,194.0,0.0,16.13,0.0,20.855528636673533,0.24423580854095503,40.324999999999996,-0.6186714032625031,-4.0
2021-05-11,191.0,0.0,18.07,0.0,17.727199341172504,0.20760043725981178,45.175,-0.6321034111873487,-3.0
2021-05-12,188.0,0.0,17.63,0.0,15.068119439996629,0.17646037167084003,44.074999999999996,-0.6453481132295501,-3.0
2021-05-13,188.0,13.0,10.19,13.0,25.807901523997135,0.30223226681364773,25.474999999999998,-0.6584015846980488,0.0
2021-05-14,192.0,13.2,11.57,13.2,35.13671629539756,0.4114805461603178,28.925,-0.6712599575675313,4.0
2021-05-15,193.0,5.2,13.88,5.2,35.06620885108793,0.41065484459364365,34.7,-0.6839194216246106,1.0
2021-05-16,195.0,7.7,15.68,7.7,37.50627752342474,0.43923010420301556,39.2,-0.6963762255968722,2.0
2021-05-17,197.0,0.3,14.76,0.3,32.18033589491103,0.37685884128548863,36.9,-0.7086266782644596,2.0
2021-05-18,200.0,8.7,11.93,8.7,36.05328551067437,0.42221434376750167,29.825,-0.7206671495538609,3.0
2021-05-19,207.0,1.6,12.29,1.6,32.24529268407321,0.37761954000464515,30.724999999999998,-0.7324940716135789,7.0
2021-05-20,207.0,6.6,11.48,6.6,34.00849878146223,0.398268168688307,28.700000000000003,-0.7441039398713607,0.0
2021-05-21,204.0,0.0,10.5,0.0,28.907223964242895,0.3385279433850609,26.25,-0.7554933140726803,-3.0
2021-05-22,201.0,9.7,12.68,9.7,34.27114036960646,0.40134392292855614,31.7,-0.766658819300159,-3.0
2021-05-23,205.0,6.5,11.0,6.5,35.63046931416549,0.4172628099359895,27.5,-0.777597146973627,4.0
2021-05-24,209.0,0.5,12.53,0.5,30.785898917040665,0.36052880963380013,31.325,-0.7883050558305255,4.0
2021-05-25,209.0,4.0,13.34,4.0,30.168014079484564,0.353292857694402,33.35,-0.7987793728863649,0.0
2021-05-26,209.0,11.6,12.0,11.6,37.24281196756188,0.4361447006066902,30.0,-0.8090169943749473,0.0
2021-05-27,210.0,0.0,12.58,0.0,31.656390172427596,0.37072299551568666,31.45,-0.8190148866680801,1.0
2021-05-28,209.0,5.0,11.38,5.0,31.907931646563455,0.37366875807042355,28.450000000000003,-0.8287700871745037,-1.0
2021-05-29,207.0,2.8,10.36,2.8,29.921741899578937,0.3504088030138303,25.9,-0.8382797052177743,-2.0
2021-05-30,202.0,0.0,12.46,0.0,25.433480614642097,0.2978474825617558,31.150000000000002,-0.8475409228928311,-5.0
2021-05-31,199.0,0.0,12.14,0.0,21.61845852244578,0.2531703601774924,30.35,-0.8565509959010036,-3.0
2021-06-01,196.0,0.0,13.24,0.0,18.375689744078915,0.21519480615086856,33.1,-0.865307254363206,-3.0
2021-06-02,194.0,0.0,15.88,0.0,15.619336282467078,0.18291558522823828,39.7,-0.8738071036110808,-2.0
2021-06-03,192.0,0.0,17.12,0.0,13.276435840097015,0.15547824744400252,42.800000000000004,-0.8820480249558537,-2.0
2021-06-04,192.0,0.0,18.78,0.0,11.284970464082463,0.13215651032740214,46.95,-0.8900275764346767,0.0
2021-06-05,192.0,5.4,17.59,5.4,14.992224894470093,0.17557158261094888,43.975,-0.8977433935342337,0.0
2021-06-06,190.0,0.0,18.23,0.0,12.743391160299579,0.14923584521930655,45.575,-0.9051931898913974,-2.0
2021-06-07,190.0,0.0,20.09,0.0,10.831882486254642,0.12685046843641057,50.225,-0.9123747579707273,0.0
2021-06-08,190.0,0.0,19.35,0.0,9.207100113316445,0.10782289817094898,48.375,-0.9192859697186104,0.0
2021-06-09,189.0,12.9,15.83,12.9,20.726035096318977,0.2427193301010985,39.575,-0.9259247771938498,-1.0
2021-06-10,190.0,2.8,17.45,2.8,20.41712983187113,0.23910178923990405,43.625,-0.9322892131745133,1.0
2021-06-11,189.0,2.5,17.0,2.5,19.85456035709046,0.23251362679496337,42.5,-0.9383773917408641,-1.0
2021-06-12,190.0,9.5,17.23,9.5,26.37637630352689,0.30888958535168964,43.075,-0.9441875088341993,1.0
2021-06-13,190.0,1.1,14.03,1.1,23.519919857997856,0.275438074162996,35.074999999999996,-0.9497178427914316,0.0
2021-06-14,190.0,0.0,15.47,0.0,19.99193187929818,0.23412236303854658,38.675000000000004,-0.9549667548552551,0.0
2021-06-15,190.0,0.0,17.31,0.0,16.99314209740345,0.19900400858276457,43.275,-0.9599326896597447,0.0
2021-06-16,189.0,0.0,16.5,0.0,14.444170782792932,0.1691534072953499,41.25,-0.9646141756912435,-1.0
2021-06-17,186.0,0.0,19.97,0.0,12.277545165373992,0.1437803962010474,49.925,-0.9690098257244062,-3.0
2021-06-18,187.0,0.0,22.62,0.0,10.435913390567892,0.12221333677089027,56.550000000000004,-0.9731183372332619,1.0
2021-06-19,186.0,0.0,23.84,0.0,8.870526381982708,0.10388133625525674,59.6,-0.9769384927771817,-1.0
2021-06-20,187.0,0.0,25.53,0.0,7.539947424685302,0.08829913581696822,63.825,-0.980469160361632,1.0
2021-06-21,185.0,0.0,25.85,0.0,6.408955310982506,0.07505426544442298,64.625,-0.9837092937736097,-2.0
2021-06-22,184.0,0.0,26.33,0.0,5.44761201433513,0.06379612562775953,65.82499999999999,-0.986657932891657,-1.0
2021-06-23,185.0,13.3,25.56,13.3,17.93047021218486,0.2099809103899547,63.9,-0.9893142039703663,1.0
2021-06-24,183.0,2.8,21.88,2.8,18.040899680357132,0.21127413248543184,54.699999999999996,-0.99167731989929,-2.0
2021-06-25,192.0,3.6,22.34,3.6,18.934764728303563,0.22174204516772178,55.85,-0.993746580436178,9.0
2021-06-26,193.0,0.1,19.67,0.1,16.194550019058028,0.1896518226302053,49.175000000000004,-0.9955213724144752,1.0
2021-06-27,194.0,1.0,18.9,1.0,14.765367516199323,0.17291489161209248,47.25,-0.9970011699250151,1.0
2021-06-28,198.0,0.0,19.22,0.0,12.550562388769425,0.1469776578702786,48.05,-0.9981855344718586,4.0
2021-06-29,199.0,0.0,20.62,0.0,10.66797803045401,0.1249310091897368,51.550000000000004,-0.99907411510223,1.0
2021-06-30,197.0,0.0,22.9,0.0,9.067781325885909,0.10619135781127628,57.25,-0.9996666485105112,-2.0
2021-07-01,194.0,4.6,22.86,4.6,12.30761412700302,0.14413252907110752,57.15,-0.9999629591162655,-3.0
2021-07-02,190.0,0.0,22.59,0.0,10.461472007952567,0.12251264971044137,56.475,-0.9999629591162655,-4.0
2021-07-03,189.0,0.0,21.2,0.0,8.892251206759681,0.10413575225387517,53.0,-0.9996666485105112,-1.0
2021-07-04,179.0,0.0,21.94,0.0,7.558413525745729,0.08851538941579389,54.85,-0.99907411510223,-10.0
2021-07-05,186.0,1.8,22.57,1.8,8.224651496883869,0.09631759728097715,56.425,-0.9981855344718586,7.0
2021-07-06,191.0,78.4,20.05,78.4,85.3909537723513,1.0,50.125,-0.9970011699250151,5.0
2021-07-07,192.0,0.0,23.67,0.0,72.5823107064986,0.85,59.175000000000004,-0.9955213724144752,1.0
2021-07-08,193.0,0.0,25.16,0.0,61.69496410052381,0.7225,62.9,-0.9937465804361781,1.0
2021-07-09,192.0,0.0,25.55,0.0,52.440719485445236,0.6141249999999999,63.875,-0.99167731989929,-1.0
2021-07-10,188.0,0.0,24.82,0.0,44.57461156262845,0.5220062499999999,62.05,-0.9893142039703664,-4.0
2021-07-11,186.0,0.0,22.88,0.0,37.88841982823418,0.4437053124999999,57.199999999999996,-0.9866579328916572,-2.0
2021-07-12,186.0,0.0,26.32,0.0,32.20515685399905,0.37714951562499993,65.8,-0.9837092937736098,0.0
2021-07-13,185.0,0.0,25.17,0.0,27.374383325899192,0.3205770882812499,62.925000000000004,-0.9804691603616321,-1.0
2021-07-14,186.0,0.7,22.63,0.7,23.96822582701431,0.280688114702555,56.574999999999996,-0.9769384927771817,1.0
2021-07-15,185.0,0.0,25.37,0.0,20.372991952962163,0.23858489749717174,63.425000000000004,-0.973118337233262,-1.0
2021-07-16,185.0,0.0,27.72,0.0,17.31704316001784,0.20279716287259597,69.3,-0.9690098257244063,0.0
2021-07-17,193.0,2.2,22.81,2.2,16.919486686015162,0.1981414416698261,57.025,-0.9646141756912435,8.0
2021-07-18,187.0,0.0,22.79,0.0,14.381563683112887,0.1684202254193522,56.974999999999994,-0.9599326896597445,-6.0
2021-07-19,186.0,0.0,20.31,0.0,12.224329130645954,0.14315719160644935,50.775,-0.9549667548552553,-1.0
2021-07-20,185.0,0.0,19.52,0.0,10.39067976104906,0.12168361286548195,48.8,-0.9497178427914317,-1.0
2021-07-21,185.0,0.0,18.45,0.0,8.832077796891701,0.10343107093565965,46.125,-0.9441875088341994,0.0
2021-07-22,184.0,0.0,18.47,0.0,7.507266127357946,0.0879164102953107,46.175,-0.9383773917408642,-1.0
2021-07-23,184.0,0.0,20.12,0.0,6.381176208254254,0.0747289487510141,50.300000000000004,-0.9322892131745134,0.0
2021-07-24,183.0,0.0,19.35,0.0,5.423999777016116,0.06351960643836198,48.375,-0.9259247771938499,-1.0
2021-07-25,184.0,0.0,21.91,0.0,4.610399810463698,0.05399166547260768,54.775,-0.9192859697186105,1.0
2021-07-26,184.0,0.0,24.54,0.0,3.9188398388941432,0.04589291565171653,61.349999999999994,-0.9123747579707274,0.0
2021-07-27,185.0,1.4,21.4,1.4,4.731013863060022,0.055404157630944216,53.5,-0.9051931898913975,1.0
2021-07-28,184.0,0.0,23.22,0.0,4.0213617836010185,0.04709353398630258,58.05,-0.8977433935342336,-1.0
2021-07-29,183.0,4.4,20.74,4.4,7.818157516060866,0.0915572103445963,51.849999999999994,-0.8900275764346766,-1.0
2021-07-30,185.0,0.0,19.94,0.0,6.645433888651736,0.07782362879290684,49.85,-0.8820480249558535,2.0
2021-07-31,186.0,0.0,20.05,0.0,5.648618805353975,0.06615008447397082,50.125,-0.8738071036110807,1.0
2021-08-01,184.0,9.0,20.26,9.0,13.801325984550878,0.16162515319063697,50.650000000000006,-0.8653072543632061,-2.0
2021-08-02,192.0,25.6,15.8,25.6,37.33112708686825,0.43717894504834165,39.5,-0.8565509959010037,8.0
2021-08-03,191.0,0.6,15.83,0.6,32.33145802383801,0.37862860871694115,39.575,-0.8475409228928312,-1.0
2021-08-04,193.0,12.9,14.98,12.9,40.381739320262305,0.47290418406519186,37.45,-0.8382797052177745,2.0
2021-08-05,194.0,0.0,16.18,0.0,34.32447842222296,0.4019685564554131,40.45,-0.828770087174504,1.0
2021-08-06,199.0,25.4,14.6,25.4,54.57580665888951,0.6391286693481176,36.5,-0.8190148866680802,5.0
2021-08-07,198.0,1.9,15.86,1.9,48.289435660056085,0.5655099694610942,39.65,-0.8090169943749472,-1.0
2021-08-08,199.0,2.3,18.11,2.3,43.34602031104767,0.5076184115076914,45.275,-0.7987793728863648,1.0
2021-08-09,198.0,0.0,17.68,0.0,36.84411726439052,0.43147564978153763,44.2,-0.7883050558305253,-1.0
2021-08-10,196.0,0.0,19.22,0.0,31.31749967473194,0.366754302314307,48.05,-0.7775971469736268,-2.0
2021-08-11,192.0,1.3,16.15,1.3,27.91987472352215,0.3269652520565043,40.375,-0.7666588193001592,-4.0
2021-08-12,191.0,3.9,15.95,3.9,27.631893514993823,0.3235927495160587,39.875,-0.7554933140726804,-1.0
2021-08-13,192.0,0.0,17.88,0.0,23.48710948774475,0.27505383708864994,44.699999999999996,-0.7441039398713608,1.0
2021-08-14,192.0,0.0,19.73,0.0,19.964043064583038,0.23379576152535245,49.325,-0.7324940716135792,0.0
2021-08-15,191.0,0.0,18.56,0.0,16.96943660489558,0.19872639729654956,46.4,-0.7206671495538615,-1.0
2021-08-16,191.0,0.0,20.22,0.0,14.424021114161244,0.16891743770206713,50.55,-0.7086266782644601,0.0
2021-08-17,191.0,9.7,17.03,9.7,21.960417947037058,0.25717499309801145,42.575,-0.6963762255968726,0.0
2021-08-18,192.0,0.0,14.82,0.0,18.6663552549815,0.21859874413330974,37.05,-0.6839194216246105,1.0
2021-08-19,190.0,0.1,15.47,0.1,15.966401966734274,0.18698001675095505,38.675000000000004,-0.6712599575675315,-2.0
2021-08-20,188.0,1.1,16.81,1.1,14.671441671724132,0.17181494085237156,42.025,-0.6584015846980489,-2.0
2021-08-21,189.0,5.8,15.31,5.8,18.270725420965512,0.21396558550774009,38.275,-0.64534811322955,1.0
2021-08-22,188.0,0.0,14.05,0.0,15.530116607820684,0.18187074768157907,35.125,-0.6321034111873488,-1.0
2021-08-23,186.0,0.0,15.09,0.0,13.200599116647581,0.1545901355293422,37.725,-0.6186714032625032,-2.0
2021-08-24,187.0,0.0,12.55,0.0,11.220509249150444,0.13140161519994087,31.375,-0.6050560696488494,1.0
2021-08-25,186.0,0.0,12.4,0.0,9.537432861777877,0.11169137291994972,31.0,-0.5912614448635782,-1.0
2021-08-26,185.0,2.4,12.87,2.4,10.506817932511195,0.12304368868536042,32.175,-0.5772916165517278,-1.0
2021-08-27,185.0,0.0,16.07,0.0,8.930795242634515,0.10458713538255635,40.175,-0.5631507242749187,0.0
2021-08-28,184.0,1.7,14.16,1.7,9.291175956239337,0.10880749711508345,35.4,-0.5488429582847199,-1.0
2021-08-29,185.0,7.4,14.75,7.4,15.297499562803438,0.17914660613331396,36.875,-0.5343725582809785,1.0
2021-08-30,186.0,16.0,14.75,16.0,29.00287462838292,0.3396480932360045,36.875,-0.5197438121555157,1.0
2021-08-31,192.0,20.0,15.63,20.0,44.65244343412548,0.5229177267789633,39.075,-0.5049610547215202,6.0
2021-09-01,194.0,0.4,13.99,0.4,38.354576919006654,0.4491644047126859,34.975,-0.4900286664290594,2.0
2021-09-02,192.0,0.0,11.42,0.0,32.60139038115565,0.381789744005783,28.55,-0.4749510720670502,-2.0
2021-09-03,192.0,3.5,11.35,3.5,31.211181823982304,0.36550923072237845,28.375,-0.4597327394521046,0.0
2021-09-04,190.0,0.1,9.22,0.1,26.629504550384958,0.3118539303516635,23.05,-0.44437817810461344,-2.0
2021-09-05,190.0,0.0,8.64,0.0,22.635078867827215,0.265075840798914,21.6,-0.4288919379124841,0.0
2021-09-06,188.0,0.0,9.62,0.0,19.239817037653133,0.22531446467907687,24.049999999999997,-0.41327860778290443,-2.0
2021-09-07,188.0,0.0,11.36,0.0,16.35384448200516,0.19151729497721534,28.4,-0.3975428142825566,0.0
2021-09-08,186.0,0.0,14.2,0.0,13.900767809704387,0.16278970073063304,35.5,-0.3816892202666586,-2.0
2021-09-09,186.0,0.0,16.3,0.0,11.815652638248729,0.13837124562103806,40.75,-0.3657225234972692,0.0
2021-09-10,186.0,0.0,17.22,0.0,10.043304742511419,0.11761555877788235,43.05,-0.34964745525122826,0.0
2021-09-11,191.0,0.0,17.63,0.0,8.536809031134705,0.0999732249612,44.074999999999996,-0.33346877891818705,5.0
2021-09-12,188.0,0.0,16.97,0.0,7.256287676464499,0.08497724121702,42.425,-0.31719128858910595,-3.0
2021-09-13,188.0,1.0,15.81,1.0,7.167844524994824,0.08394149741088497,39.525,-0.300819807635668,0.0
2021-09-14,189.0,0.0,10.52,0.0,6.0926678462456,0.07135027279925221,26.299999999999997,-0.2843591872810036,1.0
2021-09-15,190.0,0.0,10.02,0.0,5.17876766930876,0.06064773187936438,25.049999999999997,-0.26781430516217486,1.0
2021-09-16,188.0,9.8,11.47,9.8,14.201952518912446,0.1663168273863559,28.675,-0.25119006388481957,-2.0
2021-09-17,188.0,1.1,9.42,1.1,13.171659641075578,0.1542512298924623,23.55,-0.23449138957041052,0.0
2021-09-18,191.0,8.2,6.54,8.2,19.395910694914242,0.22714245289522034,16.35,-0.21772323039653224,3.0
2021-09-19,193.0,9.0,6.09,9.0,25.486524090677104,0.29846866634869906,15.225,-0.20089055513063528,2.0
2021-09-20,194.0,2.0,5.02,2.0,23.663545477075537,0.27712005114923016,12.549999999999999,-0.18399835165767986,1.0
2021-09-21,196.0,0.0,5.58,0.0,20.114013655514206,0.2355520434768456,13.95,-0.1670516255021195,2.0
2021-09-22,202.0,0.1,6.13,0.1,17.196911607187076,0.20139032119296058,15.325,-0.15005539834465262,6.0
2021-09-23,200.0,9.8,8.85,9.8,24.417374866109014,0.28594802830291266,22.125,-0.13301470653419636,-2.0
2021-09-24,199.0,6.3,9.96,6.3,27.054768636192662,0.316834131028909,24.900000000000002,-0.11593459959550066,-1.0
2021-09-25,198.0,1.5,11.93,1.5,24.49655334076376,0.2868752749391996,29.825,-0.09882013873287211,-1.0
2021-09-26,201.0,0.0,10.69,0.0,20.822070339649198,0.24384398369831967,26.724999999999998,-0.08167639533042288,3.0
2021-09-27,199.0,0.0,8.86,0.0,17.698759788701818,0.2072673861435717,22.15,-0.06450844944931625,-2.0
2021-09-28,197.0,0.0,10.55,0.0,15.043945820396544,0.17617727822203594,26.375,-0.04732138832243232,-2.0
2021-09-29,197.0,0.0,9.28,0.0,12.787353947337062,0.14975068648873055,23.2,-0.03012030484690836,0.0
2021-09-30,198.0,0.0,9.97,0.0,10.869250855236501,0.12728808351542095,24.925,-0.012910296075008843,1.0
2021-10-01,193.0,0.3,8.71,0.3,9.538863226951026,0.1117081237010332,21.775000000000002,0.004303538296243821,-5.0
2021-10-02,190.0,1.3,8.58,1.3,9.408033742908373,0.11017600023522159,21.45,0.021516097436222233,-3.0
2021-10-03,191.0,0.0,11.81,0.0,7.996828681472117,0.09364960019993836,29.525000000000002,0.03872228089217399,1.0
2021-10-04,193.0,0.0,11.69,0.0,6.797304379251299,0.0796021601699476,29.224999999999998,0.05591699010060302,2.0
2021-10-05,193.0,0.0,11.97,0.0,5.777708722363604,0.06766183614445546,29.925,0.07309512989807776,0.0
2021-10-06,196.0,0.0,11.36,0.0,4.911052414009063,0.05751256072278714,28.4,0.0902516100310407,3.0
2021-10-07,196.0,0.0,7.41,0.0,4.174394551907704,0.048885676614369065,18.525,0.10738134666416306,0.0
2021-10-08,196.0,0.0,6.0,0.0,3.548235369121548,0.041552825122213706,15.0,0.12447926388678869,0.0
2021-10-09,196.0,0.0,5.1,0.0,3.0160000637533155,0.03531990135388165,12.75,0.141540295217043,0.0
2021-10-10,194.0,0.0,4.8,0.0,2.563600054190318,0.030021916150799396,12.0,0.15855938510313475,-2.0
2021-10-11,191.0,0.0,3.94,0.0,2.17906004606177,0.025518628728179487,9.85,0.17553149042142777,-3.0
2021-10-12,193.0,0.0,4.95,0.0,1.8522010391525046,0.021690834418952563,12.375,0.19245158197082995,2.0
2021-10-13,199.0,0.1,4.96,0.1,1.674370883279629,0.019608293493751476,12.4,0.20931464596304888,6.0
2021-10-14,197.0,0.2,5.45,0.2,1.6232152507876845,0.01900921794497235,13.625,0.22611568550828803,-2.0
2021-10-15,194.0,4.1,8.74,4.1,5.479732963169532,0.0641722889965402,21.85,0.2428497220959358,-3.0
2021-10-16,192.0,0.8,7.98,0.8,5.457773018694102,0.06391511954819355,19.950000000000003,0.25951179706979943,-2.0
2021-10-17,190.0,0.9,7.33,0.9,5.539107065889986,0.0648676097547407,18.325,0.27609697309746883,-2.0
2021-10-18,189.0,1.1,6.21,1.1,5.808241006006488,0.06801939490558936,15.525,0.2926003356333479,-1.0
2021-10-19,191.0,0.0,4.24,0.0,4.937004855105515,0.05781648566975096,10.600000000000001,0.30901699437494723,2.0
2021-10-20,193.0,2.3,9.96,2.3,6.496454126839688,0.07607895028504966,24.900000000000002,0.3253420847119795,2.0
2021-10-21,191.0,2.4,12.01,2.4,7.921986007813734,0.09277312944569535,30.025,0.341570769167856,-2.0
2021-10-22,193.0,3.2,7.01,3.2,9.933688106641675,0.11633185563337858,17.525,0.35769823883312546,2.0
2021-10-23,195.0,2.6,5.15,2.6,11.043634890645423,0.12933026746705853,12.875,0.3737197147904692,2.0
2021-10-24,193.0,0.0,2.88,0.0,9.387089657048609,0.10993072734699974,7.199999999999999,0.38963044953078774,-2.0
2021-10-25,193.0,0.0,3.15,0.0,7.979026208491318,0.09344111824494977,7.875,0.4054257283599973,0.0
2021-10-26,194.0,0.9,4.89,0.9,7.68217227721762,0.08996470864698349,12.225,0.42110087079608916,1.0
2021-10-27,194.0,2.1,9.2,2.1,8.629846435634978,0.10106277134041372,23.0,0.4366512319560638,0.0
2021-10-28,191.0,2.1,11.43,2.1,9.43536947028973,0.11049612462982941,28.575,0.45207220393230374,-3.0
2021-10-29,190.0,0.0,10.8,0.0,8.02006404974627,0.093921705935355,27.0,0.46735921715800205,-1.0
2021-10-30,189.0,0.0,9.7,0.0,6.81705444228433,0.07983345004505174,24.25,0.48250774176121763,-1.0
2021-10-31,188.0,0.0,8.31,0.0,5.79449627594168,0.06785843253829398,20.775000000000002,0.4975132889071803,-1.0
2021-11-01,188.0,0.0,6.7,0.0,4.925321834550428,0.05767966765754988,16.75,0.5123714121284235,0.0
2021-11-02,189.0,0.5,5.9,0.5,4.686523559367864,0.05488313869712639,14.75,0.5270777086423724,1.0
2021-11-03,191.0,9.9,6.4,9.9,13.883545025462684,0.1625880074190954,16.0,0.5416278206559811,2.0
2021-11-04,193.0,0.2,8.0,0.2,12.00101327164328,0.14054197478151467,20.0,0.5560174366570446,2.0
2021-11-05,191.0,0.7,8.28,0.7,10.900861280896788,0.12765826822778004,20.7,0.5702422926917867,-2.0
2021-11-06,190.0,1.9,7.33,1.9,11.165732088762269,0.1307601285088072,18.325,0.5842981736283683,-1.0
2021-11-07,190.0,3.7,6.42,3.7,13.19087227544793,0.15447622602523264,16.05,0.5981809144059159,0.0
2021-11-08,192.0,6.1,4.35,6.1,17.31224143413074,0.2027409306175974,10.875,0.6118864012687242,2.0
2021-11-09,191.0,0.0,-0.37,0.0,14.71540521901113,0.1723297910249578,0.0,0.6254105729852457,-1.0
2021-11-10,191.0,0.3,1.11,0.3,12.808094436159461,0.14999357508413952,2.7750000000000004,0.6387494220515268,0.0
2021-11-11,191.0,0.5,2.68,0.5,11.386880270735542,0.1333499600097276,6.7,0.6518989958787125,0.0
2021-11-12,190.0,0.1,5.39,0.1,9.77884823012521,0.11451855024591023,13.475,0.6648553979642867,-1.0
2021-11-13,190.0,0.0,2.2,0.0,8.312020995606428,0.0973407677090237,5.5,0.6776147890466887,0.0
2021-11-14,190.0,0.0,2.94,0.0,7.065217846265464,0.08273965255267014,7.35,0.690173388242972,0.0
2021-11-15,190.0,0.0,0.56,0.0,6.005435169325644,0.0703287046697696,1.4000000000000001,0.7025274741691566,0.0
2021-11-16,188.0,0.0,1.37,0.0,5.104619893926797,0.05977939896930417,3.4250000000000003,0.7146733860429608,-2.0
2021-11-17,188.0,0.0,2.72,0.0,4.338926909837777,0.050812489123908545,6.800000000000001,0.726607524768565,0.0
2021-11-18,188.0,2.2,4.34,2.2,5.88808787336211,0.0689544689834418,10.85,0.7383263540031063,0.0
2021-11-19,189.0,7.3,7.61,7.3,12.304874692357792,0.14410044798377675,19.025000000000002,0.749826401204568,1.0
2021-11-20,191.0,8.8,6.93,8.8,19.259143488504122,0.2255407936986884,17.325,0.7611042586607742,2.0
2021-11-21,194.0,6.0,5.78,6.0,22.370271965228504,0.261974728902393,14.450000000000001,0.7721565844991641,3.0
2021-11-22,197.0,0.1,-2.31,0.1,19.11473117044423,0.22384960380467586,0.0,0.7829801036770625,3.0
2021-11-23,197.0,2.8,-1.44,2.8,19.047521494877596,0.22306252188794484,0.0,0.7935716089521472,0.0
2021-11-24,196.0,0.2,2.27,0.2,16.390393270645955,0.19194531208003668,5.675,0.8039279618328208,-1.0
2021-11-25,195.0,0.5,3.33,0.5,14.431834280049062,0.16900893645624016,8.325,0.8140460935082175,-1.0
2021-11-26,196.0,1.4,1.26,1.4,13.667059138041703,0.16005277531478931,3.15,0.8239230057575536,1.0
2021-11-27,195.0,9.8,0.29,9.8,21.417000267335446,0.2508111143064671,0.725,0.8335557718385695,-1.0
2021-11-28,196.0,0.1,0.59,0.1,18.30445022723513,0.21436053139813882,1.4749999999999999,0.8429415373547832,1.0
2021-11-29,198.0,10.7,-0.07,10.7,26.25878269314986,0.30751246511609037,0.0,0.8520775211013093,2.0
2021-11-30,201.0,1.1,-2.07,1.1,23.419965289177384,0.27426752196273657,0.0,0.8609610158889945,3.0
2021-12-01,200.0,0.7,-3.19,0.7,20.606970495800773,0.24132498333181865,0.0,0.8695893893466109,-1.0
2021-12-02,200.0,5.7,1.59,5.7,23.215924921430656,0.2718780373776283,3.975,0.8779600847008883,0.0
2021-12-03,199.0,0.4,0.05,0.4,20.133536183216055,0.2357806687215512,0.125,0.8860706215341377,-1.0
2021-12-04,197.0,2.2,-1.44,2.2,19.313505755733647,0.2261774216414381,0.0,0.893918596519257,-2.0
2021-12-05,195.0,0.0,-0.97,0.0,16.4164798923736,0.19225080839522238,0.0,0.9015016841318838,-2.0
2021-12-06,195.0,0.6,-5.08,0.6,14.55400790851756,0.1704396925617898,0.0,0.9088176373395028,0.0
2021-12-07,193.0,0.1,-11.0,0.1,12.470906722239926,0.14604482291516313,0.0,0.9158642882672868,-2.0
2021-12-08,196.0,0.0,-12.71,0.0,10.600270713903937,0.12413809947788866,0.0,0.9226395488404875,3.0
2021-12-09,201.0,0.0,-8.37,0.0,9.010230106818346,0.10551738455620535,0.0,0.9291414114031743,5.0
2021-12-10,210.0,1.8,0.4,1.8,9.458695590795594,0.11076929315032691,1.0,0.935367949313148,9.0
2021-12-11,201.0,3.2,1.62,3.2,11.239891252176257,0.13162859478231542,4.050000000000001,0.941317317512847,-9.0
2021-12-12,198.0,0.0,-1.09,0.0,9.553907564349817,0.11188430556496809,0.0,0.946987753076075,-3.0
2021-12-13,199.0,0.0,-2.86,0.0,8.120821429697344,0.09510165973022287,0.0,0.9523775757303973,1.0
2021-12-14,198.0,0.1,-3.12,0.1,7.0026982152427415,0.08200749500833122,0.0,0.9574851883550389,-1.0
2021-12-15,196.0,0.4,0.86,0.4,6.3522934829563305,0.07439070770764873,2.15,0.9623090774541487,-2.0
2021-12-16,196.0,0.9,4.47,0.9,6.299449460512881,0.07377185969027761,11.174999999999999,0.9668478136052773,0.0
2021-12-17,199.0,0.5,1.88,0.5,5.854532041435949,0.06856150192494495,4.699999999999999,0.9711000518829505,3.0
2021-12-18,200.0,3.4,2.05,3.4,8.376352235220557,0.09809414071602433,5.125,0.9750645322571945,1.0
2021-12-19,202.0,0.7,2.12,0.7,7.819899399937473,0.09157760927211327,5.300000000000001,0.9787400799669153,2.0
2021-12-20,203.0,0.9,-4.4,0.9,7.546914489946852,0.08838072602007245,0.0,0.9821256058680006,1.0
2021-12-21,200.0,0.9,-8.89,0.9,7.314877316454824,0.08566337525583777,0.0,0.9852201067560606,-3.0
2021-12-22,201.0,0.0,-11.45,0.0,6.2176457189866,0.07281386896746209,0.0,0.9880226656636976,1.0
2021-12-23,207.0,0.3,-8.48,0.3,5.58499886113861,0.06540504133526817,0.0,0.9905324521322227,6.0
2021-12-24,212.0,2.1,-5.13,2.1,6.847249031967818,0.0801870541254557,0.0,0.9927487224577402,5.0
2021-12-25,217.0,0.1,-6.6,0.1,5.920161677172645,0.06933008024427913,0.0,0.9946708199115211,5.0
2021-12-26,218.0,0.9,-5.02,0.9,5.932137425596749,0.06947032634641345,0.0,0.9962981749346077,1.0
2021-12-27,220.0,0.0,-6.47,0.0,5.042316811757236,0.05904977739445143,0.0,0.9976303053065857,2.0
2021-12-28,222.0,0.0,-9.78,0.0,4.285969289993651,0.05019231078528372,0.0,0.9986668162884759,2.0
2021-12-29,228.0,0.0,-8.66,0.0,3.6430738964946032,0.04266346416749116,0.0,0.9994074007397048,6.0
2021-12-30,237.0,0.3,-4.92,0.3,3.3966128120204124,0.03977719725529287,0.0,0.9998518392091162,9.0
2021-12-31,221.0,4.7,2.38,4.7,7.587120890217351,0.08885157683616343,5.949999999999999,1.0,-16.0
2022-01-01,186.0,0.3,1.89,0.3,6.7490527566847485,0.07903709302366431,4.725,0.9998518392091162,-35.0
2022-01-02,188.0,10.6,-1.9,10.6,16.336694843182038,0.19131645826014523,0.0,0.9994074007397048,2.0
2022-01-03,193.0,6.0,3.96,6.0,19.88619061670473,0.2328840437796313,9.9,0.998666816288476,5.0
2022-01-04,203.0,3.4,3.74,3.4,20.303262024199018,0.23776830129250767,9.350000000000001,0.9976303053065857,10.0
2022-01-05,209.0,2.7,1.3,2.7,19.957772720569164,0.23372233051496005,3.25,0.9962981749346078,6.0
2022-01-06,210.0,1.0,-0.66,1.0,17.964106812483788,0.210374823314134,0.0,0.9946708199115211,1.0
2022-01-07,205.0,0.0,-2.74,0.0,15.269490790611219,0.1788185998170139,0.0,0.9927487224577402,-5.0
2022-01-08,197.0,0.0,-3.22,0.0,12.979067172019535,0.1519958098444618,0.0,0.9905324521322229,-8.0
2022-01-09,193.0,0.0,-3.26,0.0,11.032207096216604,0.12919643836779252,0.0,0.9880226656636976,-4.0
2022-01-10,190.0,0.0,-2.79,0.0,9.377376031784113,0.10981697261262363,0.0,0.9852201067560606,-3.0
2022-01-11,188.0,0.0,-6.57,0.0,7.970769627016496,0.0933444267207301,0.0,0.9821256058680006,-2.0
2022-01-12,184.0,0.1,-10.28,0.1,6.875154182964021,0.08051384695026237,0.0,0.9787400799669153,-4.0
2022-01-13,192.0,0.6,1.4,0.6,6.443881055519418,0.07546327533357379,3.5,0.9750645322571948,8.0
2022-01-14,190.0,0.7,3.5,0.7,6.1772988971915055,0.07234137369703031,8.75,0.9711000518829505,-2.0
2022-01-15,186.0,0.0,1.52,0.0,5.25070406261278,0.061490167642475765,3.8,0.9668478136052775,-4.0
2022-01-16,184.0,0.2,-1.27,0.2,4.663098453220862,0.05460881097138799,0.0,0.9623090774541486,-2.0
2022-01-17,184.0,4.0,-0.58,4.0,7.963633685237733,0.0932608588313517,0.0,0.9574851883550393,0.0
2022-01-18,182.0,0.0,-2.42,0.0,6.769088632452073,0.07927173000664894,0.0,0.9523775757303974,-2.0
2022-01-19,183.0,0.1,-0.48,0.1,5.853725337584262,0.0685520547432934,0.0,0.9469877530760753,1.0
2022-01-20,183.0,4.9,-1.1,4.9,9.875666536946623,0.11565237417624748,0.0,0.9413173175128471,0.0
2022-01-21,182.0,3.2,-1.69,3.2,11.594316556404628,0.13577921365434786,0.0,0.9353679493131483,-1.0
2022-01-22,181.0,0.5,-3.05,0.5,10.355169072943934,0.12126775279440467,0.0,0.9291414114031743,-1.0
2022-01-23,181.0,0.0,-6.05,0.0,8.801893712002343,0.10307758987524396,0.0,0.9226395488404876,0.0
2022-01-24,183.0,0.2,-7.25,0.2,7.681609655201991,0.08995811986924096,0.0,0.9158642882672872,2.0
2022-01-25,187.0,0.7,0.02,0.7,7.229368206921692,0.0846619915523474,0.05,0.9088176373395029,4.0
2022-01-26,184.0,1.3,-1.53,1.3,7.444962975883438,0.08718678790883866,0.0,0.901501684131884,-3.0
2022-01-27,181.0,2.5,1.0,2.5,8.828218529500923,0.1033858756635578,2.5,0.893918596519257,-3.0
2022-01-28,183.0,5.0,0.52,5.0,12.503985750075785,0.14643220619611402,1.3,0.886070621534138,2.0
2022-01-29,184.0,4.0,-0.6,4.0,14.628387887564417,0.17131074477236882,0.0,0.8779600847008882,1.0
2022-01-30,186.0,7.4,0.77,7.4,19.834129704429756,0.23227436664200654,1.925,0.869589389346611,2.0
2022-01-31,187.0,0.7,-2.77,0.7,17.55901024876529,0.2056308013091981,0.0,0.8609610158889943,1.0
2022-02-01,189.0,1.2,-3.73,1.2,16.125158711450496,0.18883919196451995,0.0,0.8520775211013093,2.0
2022-02-02,189.0,0.8,-2.64,0.8,14.506384904732922,0.16988198707097635,0.0,0.8429415373547828,0.0
2022-02-03,188.0,0.4,-4.48,0.4,12.730427169022985,0.1490840259608971,0.0,0.8335557718385699,-1.0
2022-02-04,187.0,0.8,-3.5,0.8,11.620863093669538,0.13609009596789692,0.0,0.8239230057575542,-1.0
2022-02-05,186.0,2.1,0.5,2.1,11.977733629619106,0.14026935056319012,1.25,0.8140460935082178,-1.0
2022-02-06,186.0,1.9,0.91,1.9,12.08107358517624,0.14147954849390576,2.275,0.8039279618328213,0.0
2022-02-07,188.0,2.7,1.17,2.7,12.968912547399803,0.15187689063614843,2.925,0.7935716089521474,2.0
2022-02-08,189.0,0.9,1.16,0.9,11.923575665289833,0.13963511517950233,2.9,0.7829801036770629,1.0
2022-02-09,191.0,1.7,2.74,1.7,11.835039315496358,0.13859827994248755,6.8500000000000005,0.7721565844991642,2.0
2022-02-10,196.0,0.0,2.65,0.0,10.059783418171904,0.11780853795111441,6.625,0.7611042586607747,5.0
2022-02-11,200.0,0.3,1.22,0.3,8.850815905446119,0.10365050997137265,3.05,0.7498264012045686,4.0
2022-02-12,200.0,0.2,-0.8,0.2,7.723193519629201,0.09044510195095035,0.0,0.7383263540031065,0.0
2022-02-13,197.0,0.0,-1.02,0.0,6.564714491684821,0.0768783366583078,0.0,0.7266075247685656,-3.0
2022-02-14,195.0,0.0,0.61,0.0,5.580007317932098,0.06534658615956163,1.525,0.7146733860429609,-2.0
2022-02-15,192.0,0.0,1.19,0.0,4.743006220242283,0.055544598235627386,2.9749999999999996,0.702527474169157,-3.0
2022-02-16,191.0,2.9,3.3,2.9,6.93155528720594,0.0811743513918954,8.25,0.6901733882429719,-1.0
2022-02-17,204.0,10.9,3.95,10.9,16.79182199412505,0.19664638058606707,9.875,0.6776147890466889,13.0
2022-02-18,224.0,2.4,1.74,2.4,16.673048695006294,0.19525544520156016,4.35,0.6648553979642865,20.0
2022-02-19,229.0,5.8,2.57,5.8,19.97209139075535,0.23389001420455038,6.425,0.6518989958787126,5.0
2022-02-20,231.0,0.1,1.92,0.1,17.07627768214205,0.19997759631150963,4.8,0.6387494220515272,2.0
2022-02-21,226.0,7.2,3.0,7.2,21.71483602982074,0.2542990219749926,7.5,0.6254105729852463,-5.0
2022-02-22,226.0,2.4,0.32,2.4,20.85761062534763,0.24426019038214686,0.8,0.6118864012687243,0.0
2022-02-23,222.0,1.3,-0.05,1.3,19.028969031545486,0.2228452569141682,0.0,0.5981809144059164,-4.0
2022-02-24,219.0,0.0,-0.03,0.0,16.174623676813663,0.189418468377043,0.0,0.5842981736283683,-3.0
2022-02-25,210.0,1.3,1.83,1.3,15.048430125291613,0.1762297932098299,4.575,0.5702422926917871,-9.0
2022-02-26,204.0,0.0,1.74,0.0,12.791165606497872,0.14979532422835543,4.35,0.5560174366570446,-6.0
2022-02-27,200.0,0.0,-1.57,0.0,10.87249076552319,0.1273260255941021,0.0,0.5416278206559814,-4.0
2022-02-28,198.0,0.0,-2.3,0.0,9.241617150694712,0.10822712175498678,0.0,0.5270777086423722,-2.0
2022-03-01,194.0,0.0,-1.22,0.0,7.855374578090505,0.09199305349173877,0.0,0.5123714121284237,-4.0
2022-03-02,193.0,0.0,-0.51,0.0,6.677068391376928,0.07819409546797794,0.0,0.49751328890718066,-1.0
2022-03-03,192.0,0.0,-0.67,0.0,5.675508132670389,0.06646498114778125,0.0,0.48250774176121847,-1.0
2022-03-04,190.0,0.0,0.05,0.0,4.824181912769831,0.05649523397561406,0.125,0.46735921715800227,-2.0
2022-03-05,189.0,0.0,-2.59,0.0,4.100554625854356,0.04802094887927195,0.0,0.45207220393230435,-1.0
2022-03-06,188.0,0.0,-2.59,0.0,3.4854714319762024,0.04081780654738116,0.0,0.43665123195606403,-1.0
2022-03-07,188.0,0.6,0.21,0.6,3.562650717179772,0.04172164099112477,0.525,0.4211008707960896,0.0
2022-03-08,187.0,0.1,-0.75,0.1,3.1282531096028063,0.03663447908009785,0.0,0.40542572835999735,-1.0
2022-03-09,187.0,0.5,-1.92,0.5,3.159015143162385,0.03699472840629216,0.0,0.38963044953078796,0.0
2022-03-10,186.0,0.0,-4.52,0.0,2.685162871688027,0.031445519145348336,0.0,0.37371971479046906,-1.0
2022-03-11,185.0,0.0,-2.89,0.0,2.282388440934823,0.02672869127354608,0.0,0.35769823883312546,-1.0
2022-03-12,184.0,0.0,1.22,0.0,1.9400301747945994,0.02271938758251417,3.05,0.3415707691678556,-1.0
2022-03-13,184.0,0.0,0.95,0.0,1.6490256485754093,0.01931147944513704,2.375,0.3253420847119801,0.0
2022-03-14,184.0,0.0,0.85,0.0,1.4016718012890979,0.016414757528366485,2.125,0.30901699437494745,0.0
2022-03-15,185.0,0.0,2.88,0.0,1.1914210310957332,0.013952543899111512,7.199999999999999,0.29260033563334836,1.0
2022-03-16,184.0,0.0,3.09,0.0,1.012707876431373,0.011859662314244783,7.725,0.27609697309746883,-1.0
2022-03-17,184.0,0.0,0.95,0.0,0.860801694966667,0.010080712967108064,2.375,0.2595117970697999,0.0
2022-03-18,184.0,0.0,0.77,0.0,0.731681440721667,0.008568606022041856,1.925,0.2428497220959356,0.0
2022-03-19,184.0,0.0,2.01,0.0,0.6219292246134169,0.007283315118735577,5.0249999999999995,0.22611568550828828,0.0
2022-03-20,184.0,0.0,3.5,0.0,0.5286398409214044,0.00619081785092524,8.75,0.20931464596304847,0.0
2022-03-21,183.0,0.0,5.43,0.0,0.4493438647831937,0.005262195173286454,13.575,0.19245158197082998,-1.0
2022-03-22,184.0,0.0,5.48,0.0,0.38194228506571465,0.0044728658972934855,13.700000000000001,0.1755314904214282,1.0
2022-03-23,184.0,0.0,6.79,0.0,0.32465094230585745,0.003801936012699463,16.975,0.15855938510313478,0.0
2022-03-24,186.0,0.0,4.6,0.0,0.27595330095997883,0.0032316456107945434,11.5,0.141540295217043,2.0
2022-03-25,187.0,0.0,7.1,0.0,0.234560305815982,0.002746898769175362,17.75,0.12447926388678915,1.0
2022-03-26,188.0,0.0,5.62,0.0,0.19937625994358468,0.0023348639537990575,14.05,0.10738134666416309,1.0
2022-03-27,188.0,0.0,0.65,0.0,0.16946982095204696,0.0019846343607291986,1.625,0.09025161003104117,0.0
2022-03-28,188.0,0.0,6.82,0.0,0.14404934780923992,0.0016869392066198188,17.05,0.07309512989807777,0.0
2022-03-29,188.0,0.0,3.52,0.0,0.12244194563785393,0.001433898325626846,8.8,0.055916990100603484,0.0
2022-03-30,187.0,0.0,-1.48,0.0,0.10407565379217584,0.001218813576782819,0.0,0.03872228089217446,-1.0
2022-03-31,186.0,0.0,-0.36,0.0,0.08846430572334947,0.0010359915402653962,0.0,0.021516097436222254,-1.0
2022-04-01,185.0,0.0,1.22,0.0,0.07519465986484705,0.0008805928092255869,3.05,0.004303538296244289,-1.0
2022-04-02,184.0,0.0,1.85,0.0,0.06391546088512,0.0007485038878417489,4.625,-0.01291029607500882,-1.0
2022-04-03,184.0,0.0,0.11,0.0,0.054328141752352,0.0006362283046654865,0.275,-0.030120304846908114,0.0
2022-04-04,184.0,0.0,1.6,0.0,0.046178920489499196,0.0005407940589656636,4.0,-0.04732138832243185,0.0
2022-04-05,185.0,2.5,1.28,2.5,2.5392520824160743,0.029736780891165753,3.2,-0.06450844944931623,1.0
2022-04-06,185.0,1.1,2.7,1.1,3.2583642700536632,0.03815819037155067,6.75,-0.08167639533042241,0.0
2022-04-07,185.0,0.2,10.26,0.2,2.969609629545614,0.034776630291101666,25.65,-0.09882013873287143,0.0
2022-04-08,186.0,3.5,6.25,3.5,6.024168185113772,0.07054808406489933,15.625,-0.11593459959550041,1.0
2022-04-09,186.0,0.0,3.84,0.0,5.120542957346706,0.05996587145516443,9.6,-0.1330147065341959,0.0
2022-04-10,186.0,0.0,3.38,0.0,4.3524615137447,0.050970990736889765,8.45,-0.1500553983446526,0.0
2022-04-11,185.0,0.0,3.43,0.0,3.699592286682995,0.0433253421263563,8.575000000000001,-0.16705162550211924,-1.0
2022-04-12,185.0,0.0,4.64,0.0,3.1446534436805456,0.03682654080740285,11.6,-0.18399835165768005,0.0
2022-04-13,184.0,0.0,6.95,0.0,2.6729554271284637,0.031302559686292426,17.375,-0.20089055513063506,-1.0
2022-04-14,183.0,0.0,9.57,0.0,2.272012113059194,0.026607175733348563,23.925,-0.21772323039653177,-1.0
2022-04-15,183.0,4.0,7.66,4.0,5.931210296100315,0.06945946887901819,19.15,-0.23449138957040985,0.0
2022-04-16,183.0,0.0,3.85,0.0,5.041528751685267,0.05904054854716545,9.625,-0.25119006388481935,0.0
2022-04-17,182.0,0.0,4.37,0.0,4.285299438932477,0.050184466265090634,10.925,-0.2678143051621742,-1.0
2022-04-18,182.0,0.0,6.04,0.0,3.6425045230926054,0.04265679632532703,15.1,-0.2843591872810034,0.0
2022-04-19,183.0,7.5,6.46,7.5,10.596128844628716,0.12408959469966281,16.15,-0.30081980763566735,1.0
2022-04-20,184.0,3.1,8.35,3.1,12.106709517934407,0.1417797668616091,20.875,-0.3171912885891061,1.0
2022-04-21,184.0,0.0,9.55,0.0,10.290703090244245,0.12051280183236772,23.875,-0.3334687789181868,0.0
2022-04-22,185.0,1.6,8.6,1.6,10.347097626707608,0.12117322935978132,21.5,-0.3496474552512284,1.0
2022-04-23,187.0,16.9,6.43,16.9,25.695032982701463,0.30091048111727786,16.075,-0.36572252349726897,2.0
2022-04-24,194.0,10.5,6.23,10.5,32.34077803529624,0.3787377539020749,15.575000000000001,-0.3816892202666588,7.0
2022-04-25,202.0,0.0,7.77,0.0,27.489661330001802,0.32192709081676363,19.424999999999997,-0.39754281428255595,8.0
2022-04-26,203.0,0.0,9.58,0.0,23.36621213050153,0.27363802719424907,23.95,-0.4132786077829042,1.0
2022-04-27,201.0,0.0,6.62,0.0,19.8612803109263,0.23259232311511172,16.55,-0.4288919379124835,-2.0
2022-04-28,195.0,0.0,5.11,0.0,16.882088264287354,0.19770347464784493,12.775,-0.4443781781046132,-6.0
2022-04-29,191.0,0.0,5.75,0.0,14.34977502464425,0.1680479534506682,14.375,-0.45973273945210397,-4.0
2022-04-30,189.0,0.0,6.4,0.0,12.197308770947613,0.14284076043306798,16.0,-0.47495107206704995,-2.0
2022-05-01,188.0,0.1,8.8,0.1,10.46771245530547,0.12258573060574957,22.0,-0.49002866642905923,-1.0
2022-05-02,187.0,0.0,8.01,0.0,8.89755558700965,0.10419787101488713,20.025,-0.5049610547215204,-1.0
2022-05-03,186.0,0.4,7.59,0.4,7.962922248958203,0.09325252731322126,18.975,-0.5197438121555155,-1.0
2022-05-04,186.0,0.0,5.29,0.0,6.768483911614473,0.07926464821623808,13.225,-0.5343725582809787,0.0
2022-05-05,185.0,0.0,9.34,0.0,5.753211324872302,0.06737495098380236,23.35,-0.548842958284719,-1.0
2022-05-06,185.0,3.7,9.74,3.7,8.590229626141458,0.10059882512897854,24.35,-0.5631507242749186,0.0
2022-05-07,185.0,0.2,12.97,0.2,7.501695182220239,0.08785116983491534,32.425000000000004,-0.5772916165517272,0.0
2022-05-08,185.0,0.1,10.79,0.1,6.476440904887203,0.07584457859731984,26.974999999999998,-0.5912614448635781,0.0
2022-05-09,183.0,0.0,7.91,0.0,5.504974769154122,0.06446789180772186,19.775,-0.6050560696488488,-2.0
2022-05-10,184.0,0.0,10.8,0.0,4.679228553781004,0.054797708036563586,27.0,-0.6186714032625031,1.0
2022-05-11,183.0,0.0,14.63,0.0,3.9773442707138535,0.04657805183107905,36.575,-0.6321034111873487,-1.0
2022-05-12,184.0,8.5,12.7,8.5,11.880742630106775,0.13913350425597,31.75,-0.6453481132295501,1.0
2022-05-13,185.0,0.0,11.57,0.0,10.098631235590759,0.11826347861757448,28.925,-0.6584015846980488,1.0
2022-05-14,186.0,2.2,10.01,2.2,10.783836550252143,0.12628781005305784,25.025,-0.6712599575675313,1.0
2022-05-15,185.0,0.6,11.03,0.6,9.766261067714321,0.11437114397094994,27.575,-0.6839194216246106,-1.0
2022-05-16,184.0,0.0,10.14,0.0,8.301321907557172,0.09721547237530745,25.35,-0.6963762255968722,-1.0
2022-05-17,183.0,1.0,5.9,1.0,8.056123621423597,0.0943439938954293,14.75,-0.7086266782644596,-1.0
2022-05-18,182.0,0.0,10.01,0.0,6.847705078210057,0.0801923948111149,25.025,-0.7206671495538609,-1.0
2022-05-19,182.0,0.4,12.82,0.4,6.220549316478548,0.07284787254001486,32.05,-0.7324940716135789,0.0
2022-05-20,182.0,2.9,16.43,2.9,8.187466919006766,0.09588213455062476,41.075,-0.7441039398713607,0.0
2022-05-21,184.0,24.4,11.67,24.4,31.35934688115575,0.3672443683526297,29.175,-0.7554933140726803,2.0
2022-05-22,185.0,0.8,11.09,0.8,27.45544484898239,0.3215263870008696,27.725,-0.766658819300159,1.0
2022-05-23,186.0,0.0,12.71,0.0,23.33712812163503,0.27329742895073916,31.775000000000002,-0.777597146973627,1.0
2022-05-24,185.0,0.0,14.91,0.0,19.836558903389776,0.2323028146081283,37.275,-0.7883050558305255,-1.0
2022-05-25,184.0,8.1,15.95,8.1,24.96107506788131,0.2923152156658947,39.875,-0.7987793728863649,-1.0
2022-05-26,189.0,10.9,12.09,10.9,32.11691380769911,0.3761161152189664,30.225,-0.8090169943749473,5.0
2022-05-27,191.0,3.6,10.35,3.6,30.899376736544248,0.36185773049122616,25.875,-0.8190148866680801,2.0
2022-05-28,192.0,5.0,8.45,5.0,31.26447022606261,0.36613328279963214,21.125,-0.8287700871745037,1.0
2022-05-29,192.0,4.1,9.46,4.1,30.674799692153215,0.35922774412300096,23.650000000000002,-0.8382797052177743,0.0
2022-05-30,191.0,14.9,10.26,14.9,40.97357973833023,0.4798351339131786,25.65,-0.8475409228928311,-1.0
2022-05-31,193.0,0.1,12.45,0.1,34.9275427775807,0.40903094806384366,31.125,-0.8565509959010036,2.0
2022-06-01,193.0,7.2,13.87,7.2,36.88841136094359,0.4319943709644765,34.675,-0.865307254363206,0.0
2022-06-02,198.0,5.9,11.42,5.9,37.255149656802054,0.4362891853406711,28.55,-0.8738071036110808,5.0
2022-06-03,197.0,0.0,12.66,0.0,31.666877208281743,0.3708458075395704,31.65,-0.8820480249558537,-1.0
2022-06-04,195.0,0.0,15.1,0.0,26.916845627039482,0.31521893640863485,37.75,-0.8900275764346767,-2.0
2022-06-05,192.0,0.0,15.53,0.0,22.87931878298356,0.26793609594733964,38.824999999999996,-0.8977433935342337,-3.0
2022-06-06,189.0,0.0,17.78,0.0,19.447420965536026,0.2277456815552387,44.45,-0.9051931898913974,-3.0
2022-06-07,187.0,0.0,19.38,0.0,16.53030782070562,0.19358382932195287,48.449999999999996,-0.9123747579707273,-2.0
2022-06-08,187.0,12.8,19.7,12.8,26.850761647599775,0.31444503734181,49.25,-0.9192859697186104,0.0
2022-06-09,188.0,3.9,20.15,3.9,26.72314740045981,0.3129505670085686,50.375,-0.9259247771938498,1.0
2022-06-10,187.0,0.0,21.39,0.0,22.714675290390836,0.2660079819572833,53.475,-0.9322892131745133,-1.0
2022-06-11,185.0,0.0,17.41,0.0,19.30747399683221,0.22610678466369083,43.525,-0.9383773917408641,-2.0
2022-06-12,183.0,0.0,18.13,0.0,16.411352897307378,0.19219076696413717,45.324999999999996,-0.9441875088341993,-2.0
2022-06-13,183.0,8.4,15.72,8.4,22.34964996271127,0.26173322788142755,39.300000000000004,-0.9497178427914316,0.0
2022-06-14,185.0,18.8,11.18,18.8,37.797202468304576,0.44263708037587135,27.95,-0.9549667548552551,2.0
2022-06-15,186.0,0.1,15.01,0.1,32.22762209805889,0.37741260255713244,37.525,-0.9599326896597447,1.0
2022-06-16,185.0,2.7,14.24,2.7,30.093478783350054,0.3524199865898911,35.6,-0.9646141756912435,-1.0
2022-06-17,185.0,2.0,15.37,2.0,27.579456965847545,0.32297867335424335,38.425,-0.9690098257244062,0.0
2022-06-18,183.0,0.2,16.14,0.2,23.64253842097041,0.27687404082639044,40.35,-0.9731183372332619,-2.0
2022-06-19,182.0,0.0,19.55,0.0,20.096157657824847,0.23534293470243184,48.875,-0.9769384927771817,-1.0
2022-06-20,182.0,1.8,14.89,1.8,18.88173400915112,0.22112101077461943,37.225,-0.980469160361632,0.0
2022-06-21,193.0,54.4,12.68,54.4,70.44947390777845,0.8250226844355645,31.7,-0.9837092937736097,11.0
2022-06-22,209.0,0.0,16.21,0.0,59.88205282161169,0.7012692817702297,40.525000000000006,-0.986657932891657,16.0
2022-06-23,217.0,0.0,18.37,0.0,50.89974489836993,0.5960788895046953,45.925000000000004,-0.9893142039703663,8.0
2022-06-24,213.0,0.0,20.74,0.0,43.26478316361444,0.506667056078991,51.849999999999994,-0.99167731989929,-4.0
2022-06-25,206.0,0.0,23.32,0.0,36.77506568907227,0.4306669976671423,58.3,-0.993746580436178,-7.0
2022-06-26,194.0,0.0,24.23,0.0,31.258805835711428,0.3660669480170709,60.575,-0.9955213724144752,-12.0
2022-06-27,189.0,0.0,24.95,0.0,26.569984960354713,0.3111569058145103,62.375,-0.9970011699250151,-5.0
2022-06-28,187.0,6.8,24.3,6.8,29.384487216301505,0.34411709810197594,60.75,-0.9981855344718586,-2.0
2022-06-29,185.0,4.4,22.57,4.4,29.37681413385628,0.34402723984291866,56.425,-0.99907411510223,-2.0
2022-06-30,190.0,0.0,23.97,0.0,24.970292013777836,0.2924231538664809,59.925,-0.9996666485105112,5.0
2022-07-01,190.0,0.0,24.71,0.0,21.22474821171116,0.2485596807865087,61.775000000000006,-0.9999629591162655,0.0
2022-07-02,188.0,0.4,22.71,0.4,18.44103597995448,0.21596006561909956,56.775000000000006,-0.9999629591162655,-2.0
2022-07-03,185.0,0.1,18.49,0.1,15.774880582961309,0.1847371400138764,46.224999999999994,-0.9996666485105112,-3.0
2022-07-04,184.0,0.1,21.07,0.1,13.508648495517113,0.15819765324943674,52.675,-0.99907411510223,-1.0
2022-07-05,183.0,0.0,19.8,0.0,11.482351221189546,0.13446800526202124,49.5,-0.9981855344718586,-1.0
2022-07-06,190.0,35.5,14.63,35.5,45.25999853801112,0.5300327088355562,36.575,-0.9970011699250151,7.0
2022-07-07,192.0,0.0,15.23,0.0,38.47099875730945,0.45052780251022284,38.075,-0.9955213724144752,2.0
2022-07-08,193.0,9.2,16.0,9.2,41.90034894371303,0.4906883819967347,40.0,-0.9937465804361781,1.0
2022-07-09,192.0,0.3,15.97,0.3,35.91529660215607,0.4205983774101498,39.925000000000004,-0.99167731989929,-1.0
2022-07-10,189.0,0.9,15.85,0.9,31.428002111832654,0.3680483789374035,39.625,-0.9893142039703664,-3.0
2022-07-11,186.0,0.0,16.68,0.0,26.713801795057755,0.31284112209679293,41.7,-0.9866579328916572,-3.0
2022-07-12,192.0,30.8,15.56,30.8,53.5067315257991,0.6266088989759477,38.9,-0.9837092937736098,6.0
2022-07-13,198.0,0.0,16.49,0.0,45.48072179692923,0.5326175641295555,41.224999999999994,-0.9804691603616321,6.0
2022-07-14,197.0,0.0,17.46,0.0,38.658613527389846,0.4527249295101222,43.650000000000006,-0.9769384927771817,-1.0
2022-07-15,194.0,7.4,14.04,7.4,40.25982149828137,0.4714764236690969,35.099999999999994,-0.973118337233262,-3.0
2022-07-16,191.0,2.1,14.45,2.1,36.32084827353916,0.4253477291092101,36.125,-0.9690098257244063,-3.0
2022-07-17,189.0,1.0,14.56,1.0,31.872721032508288,0.3732564121192466,36.4,-0.9646141756912435,-2.0
2022-07-18,188.0,0.1,14.35,0.1,27.191812877632046,0.3184390345390014,35.875,-0.9599326896597445,-1.0
2022-07-19,187.0,0.0,18.62,0.0,23.113040945987237,0.27067317935815116,46.550000000000004,-0.9549667548552553,-1.0
2022-07-20,186.0,0.0,17.95,0.0,19.64608480408915,0.23007220245442847,44.875,-0.9497178427914317,-1.0
2022-07-21,185.0,0.0,20.37,0.0,16.699172083475776,0.1955613720862642,50.925000000000004,-0.9441875088341994,-1.0
2022-07-22,184.0,0.0,22.88,0.0,14.194296270954409,0.16622716627332454,57.199999999999996,-0.9383773917408642,-1.0
2022-07-23,183.0,0.1,22.05,0.1,12.165151830311247,0.14246417556996765,55.125,-0.9322892131745134,-1.0
2022-07-24,184.0,9.8,17.79,9.8,20.140379055764562,0.2358608045233687,44.474999999999994,-0.9259247771938499,1.0
2022-07-25,183.0,0.0,17.98,0.0,17.119322197399878,0.2004816838448634,44.95,-0.9192859697186105,-1.0
2022-07-26,183.0,0.0,20.06,0.0,14.551423867789897,0.1704094312681339,50.15,-0.9123747579707274,0.0
2022-07-27,184.0,4.1,16.82,4.1,16.468710287621413,0.19286247032122752,42.05,-0.9051931898913975,1.0
2022-07-28,183.0,1.7,15.21,1.7,15.698403744478199,0.18384153181295393,38.025000000000006,-0.8977433935342336,-1.0
2022-07-29,184.0,0.0,15.76,0.0,13.343643182806469,0.15626530204101083,39.4,-0.8900275764346766,1.0
2022-07-30,183.0,0.0,17.47,0.0,11.342096705385497,0.13282550673485918,43.675,-0.8820480249558535,-1.0
2022-07-31,184.0,11.2,16.2,11.2,20.840782199577674,0.24406311534051167,40.5,-0.8738071036110807,1.0
2022-08-01,185.0,1.5,17.26,1.5,19.214664869641023,0.22501991160406187,43.150000000000006,-0.8653072543632061,1.0
2022-08-02,183.0,0.0,18.51,0.0,16.33246513919487,0.1912669248634526,46.275000000000006,-0.8565509959010037,-2.0
2022-08-03,183.0,0.0,18.23,0.0,13.88259536831564,0.16257688613393473,45.575,-0.8475409228928312,0.0
2022-08-04,182.0,0.0,19.64,0.0,11.800206063068293,0.1381903532138445,49.1,-0.8382797052177745,-1.0
2022-08-05,181.0,0.0,23.43,0.0,10.030175153608049,0.11746180023176782,58.575,-0.828770087174504,-1.0
2022-08-06,183.0,29.3,18.58,29.3,37.825648880566845,0.4429702118260494,46.449999999999996,-0.8190148866680802,2.0
2022-08-07,182.0,0.0,16.12,0.0,32.15180154848182,0.376524680052142,40.300000000000004,-0.8090169943749472,-1.0
2022-08-08,184.0,0.0,16.43,0.0,27.329031316209548,0.3200459780443207,41.075,-0.7987793728863648,2.0
2022-08-09,185.0,0.0,17.08,0.0,23.229676618778115,0.2720390813376726,42.699999999999996,-0.7883050558305253,1.0
2022-08-10,185.0,0.0,17.67,0.0,19.745225125961397,0.23123321913702172,44.175000000000004,-0.7775971469736268,0.0
2022-08-11,184.0,0.0,18.96,0.0,16.783441357067186,0.19654823626646845,47.400000000000006,-0.7666588193001592,-1.0
2022-08-12,183.0,0.0,20.7,0.0,14.265925153507109,0.16706600082649817,51.75,-0.7554933140726804,-1.0
2022-08-13,181.0,0.0,21.62,0.0,12.126036380481041,0.14200610070252342,54.050000000000004,-0.7441039398713608,-2.0
2022-08-14,179.0,0.0,22.35,0.0,10.307130923408884,0.12070518559714491,55.875,-0.7324940716135792,-2.0
2022-08-15,179.0,0.0,24.3,0.0,8.76106128489755,0.10259940775757316,60.75,-0.7206671495538615,0.0
2022-08-16,179.0,0.0,24.61,0.0,7.446902092162918,0.08720949659393719,61.525,-0.7086266782644601,0.0
2022-08-17,178.0,0.0,24.15,0.0,6.32986677833848,0.0741280721048466,60.375,-0.6963762255968726,-1.0
2022-08-18,179.0,0.0,24.77,0.0,5.380386761587708,0.06300886128911962,61.925,-0.6839194216246105,1.0
2022-08-19,177.0,0.0,24.39,0.0,4.573328747349552,0.053557532095751675,60.975,-0.6712599575675315,-2.0
2022-08-20,176.0,0.0,20.2,0.0,3.887329435247119,0.045523902281388924,50.5,-0.6584015846980489,-1.0
2022-08-21,176.0,0.0,19.87,0.0,3.304230019960051,0.03869531693918058,49.675000000000004,-0.64534811322955,0.0
2022-08-22,178.0,0.0,22.43,0.0,2.8085955169660433,0.032891019398303495,56.075,-0.6321034111873488,2.0
2022-08-23,176.0,0.0,23.88,0.0,2.3873061894211367,0.02795736648855797,59.699999999999996,-0.6186714032625032,-2.0
2022-08-24,178.0,0.0,24.71,0.0,2.0292102610079663,0.023763761515274272,61.775000000000006,-0.6050560696488494,2.0
2022-08-25,179.0,21.4,23.53,21.4,23.12482872185677,0.2708112241433278,58.825,-0.5912614448635782,1.0
2022-08-26,179.0,0.5,20.06,0.5,20.15610441357825,0.23604496171003758,50.15,-0.5772916165517278,0.0
2022-08-27,179.0,0.0,23.1,0.0,17.132688751541515,0.20063821745353197,57.75,-0.5631507242749187,0.0
2022-08-28,179.0,0.0,21.36,0.0,14.562785438810288,0.17054248483550216,53.4,-0.5488429582847199,0.0
2022-08-29,181.0,0.5,20.47,0.5,12.878367622988744,0.15081653329838582,51.175,-0.5343725582809785,2.0
2022-08-30,180.0,0.6,17.23,0.6,11.546612479540432,0.13522055872947875,43.075,-0.5197438121555157,-1.0
2022-08-31,179.0,0.7,13.52,0.7,10.514620607609366,0.1231350645835495,33.8,-0.5049610547215202,-1.0
2022-09-01,178.0,0.0,10.78,0.0,8.937427516467961,0.10466480489601707,26.95,-0.4900286664290594,-1.0
2022-09-02,178.0,0.0,11.12,0.0,7.5968133889977665,0.0889650841616145,27.799999999999997,-0.4749510720670502,0.0
2022-09-03,179.0,0.0,11.94,0.0,6.457291380648101,0.07562032153737232,29.849999999999998,-0.4597327394521046,1.0
2022-09-04,178.0,0.0,11.47,0.0,5.4886976735508854,0.06427727330676647,28.675,-0.44437817810461344,-1.0
2022-09-05,177.0,0.0,9.75,0.0,4.665393022518253,0.054635682310751506,24.375,-0.4288919379124841,-1.0
2022-09-06,178.0,0.0,9.86,0.0,3.965584069140515,0.04644032996413878,24.65,-0.41327860778290443,1.0
2022-09-07,178.0,0.0,10.67,0.0,3.3707464587694376,0.03947428046951796,26.675,-0.3975428142825566,0.0
2022-09-08,178.0,0.0,11.36,0.0,2.8651344899540216,0.033553138399090264,28.4,-0.3816892202666586,0.0
2022-09-09,179.0,0.0,10.16,0.0,2.435364316460918,0.02852016763922672,25.4,-0.3657225234972692,1.0
2022-09-10,179.0,0.0,11.53,0.0,2.0700596689917803,0.024242142493342708,28.825,-0.34964745525122826,0.0
2022-09-11,183.0,12.7,9.39,12.7,14.459550718643012,0.16933351929984958,23.475,-0.33346877891818705,4.0
2022-09-12,184.0,5.6,10.5,5.6,17.89061811084656,0.20951420871281282,26.25,-0.31719128858910595,1.0
2022-09-13,182.0,0.2,10.72,0.2,15.407025394219575,0.18042924588117448,26.8,-0.300819807635668,-2.0
2022-09-14,183.0,1.8,12.73,1.8,14.89597158508664,0.17444437527655068,31.825000000000003,-0.2843591872810036,1.0
2022-09-15,183.0,2.0,12.82,2.0,14.661575847323643,0.17169940373790402,32.05,-0.26781430516217486,0.0
2022-09-16,182.0,0.0,11.17,0.0,12.462339470225096,0.14594449317721842,27.925,-0.25119006388481957,-1.0
2022-09-17,180.0,1.0,11.04,1.0,11.59298854969133,0.1357636615770536,27.599999999999998,-0.23449138957041052,-2.0
2022-09-18,179.0,0.0,9.21,0.0,9.85404026723763,0.11539911234049556,23.025000000000002,-0.21772323039653224,-1.0
2022-09-19,178.0,2.0,11.0,2.0,10.375934227151985,0.12151093024225718,27.5,-0.20089055513063528,-1.0
2022-09-20,179.0,0.9,11.09,0.9,9.719544093079188,0.11382404884469478,27.725,-0.18399835165767986,1.0
2022-09-21,179.0,2.3,9.57,2.3,10.561612479117308,0.12368537898375188,23.925,-0.1670516255021195,0.0
2022-09-22,180.0,1.0,9.1,1.0,9.97737060724971,0.11684341451260707,22.75,-0.15005539834465262,1.0
2022-09-23,182.0,0.0,8.27,0.0,8.480765016162254,0.09931690233571601,20.674999999999997,-0.13301470653419636,2.0
2022-09-24,185.0,0.0,7.9,0.0,7.2086502637379155,0.0844193669853586,19.75,-0.11593459959550066,3.0
2022-09-25,185.0,0.0,8.94,0.0,6.127352724177228,0.0717564619375548,22.349999999999998,-0.09882013873287211,0.0
2022-09-26,183.0,0.0,11.08,0.0,5.208249815550643,0.06099299264692158,27.7,-0.08167639533042288,-2.0
2022-09-27,185.0,0.0,10.61,0.0,4.427012343218046,0.05184404374988334,26.525,-0.06450844944931625,2.0
2022-09-28,188.0,7.5,9.03,7.5,11.262960491735338,0.13189875501053563,22.575,-0.04732138832243232,3.0
2022-09-29,190.0,3.5,8.41,3.5,13.073516417975037,0.15310189007641822,21.025,-0.03012030484690836,2.0
2022-09-30,191.0,0.0,6.71,0.0,11.112488955278781,0.1301366065649555,16.775,-0.012910296075008843,1.0
2022-10-01,193.0,8.1,7.68,8.1,17.545615611986964,0.20547393882919776,19.2,0.004303538296243821,2.0
2022-10-02,189.0,0.3,7.78,0.3,15.21377327018892,0.1781661007177435,19.45,0.021516097436222233,-4.0
2022-10-03,187.0,19.6,6.48,19.6,32.53170727966058,0.3809736961878743,16.200000000000003,0.03872228089217399,-2.0
2022-10-04,196.0,11.4,8.99,11.4,39.051951187711495,0.4573312448508581,22.475,0.05591699010060302,9.0
2022-10-05,199.0,0.0,10.56,0.0,33.19415850955477,0.38873155812322935,26.400000000000002,0.07309512989807776,3.0
2022-10-06,197.0,0.0,11.24,0.0,28.215034733121552,0.33042182440474493,28.1,0.0902516100310407,-2.0
2022-10-07,196.0,0.0,10.15,0.0,23.98277952315332,0.2808585507440332,25.375,0.10738134666416306,-1.0
2022-10-08,192.0,0.8,11.53,0.8,21.18536259468032,0.2480984420335626,28.825,0.12447926388678869,-4.0
2022-10-09,189.0,0.0,9.91,0.0,18.007558205478272,0.2108836757285282,24.775,0.141540295217043,-3.0
2022-10-10,187.0,0.0,5.97,0.0,15.30642447465653,0.17925112436924895,14.924999999999999,0.15855938510313475,-2.0
2022-10-11,189.0,0.0,7.28,0.0,13.01046080345805,0.15236345571386162,18.2,0.17553149042142777,2.0
2022-10-12,189.0,0.5,6.57,0.5,11.558891682939343,0.13536435854499135,16.425,0.19245158197082995,0.0
2022-10-13,188.0,0.8,5.2,0.8,10.625057930498443,0.12442837866437705,13.0,0.20931464596304888,-1.0
2022-10-14,190.0,0.0,7.72,0.0,9.031299240923676,0.10576412186472049,19.3,0.22611568550828803,2.0
2022-10-15,195.0,0.0,9.1,0.0,7.676604354785125,0.08989950358501242,22.75,0.2428497220959358,5.0
2022-10-16,191.0,0.9,12.45,0.9,7.425113701567357,0.08695433618603673,31.125,0.25951179706979943,-4.0
2022-10-17,188.0,0.0,13.46,0.0,6.311346646332253,0.07391118575813123,33.650000000000006,0.27609697309746883,-3.0
2022-10-18,189.0,0.0,13.62,0.0,5.364644649382415,0.06282450789441153,34.05,0.2926003356333479,1.0
2022-10-19,192.0,0.6,6.69,0.6,5.159947951975052,0.060427337136100594,16.725,0.30901699437494723,3.0
2022-10-20,192.0,0.0,4.95,0.0,4.3859557591787945,0.051363236565685505,12.375,0.3253420847119795,0.0
2022-10-21,188.0,0.0,6.24,0.0,3.728062395301975,0.043658751080832676,15.600000000000001,0.341570769167856,-4.0
2022-10-22,189.0,0.0,6.17,0.0,3.168853036006679,0.03710993841870777,15.425,0.35769823883312546,1.0
2022-10-23,185.0,0.6,9.28,0.6,3.293525080605677,0.038569953081752394,23.2,0.3737197147904692,-4.0
2022-10-24,185.0,0.0,9.7,0.0,2.7994963185148256,0.03278446011948954,24.25,0.38963044953078774,0.0
2022-10-25,193.0,3.8,11.39,3.8,6.179571870737602,0.07236799213195443,28.475,0.4054257283599973,8.0
2022-10-26,199.0,0.2,10.9,0.2,5.452636090126962,0.06385496178744485,27.25,0.42110087079608916,6.0
2022-10-27,198.0,0.0,10.28,0.0,4.634740676607917,0.05427671751932812,25.7,0.4366512319560638,-1.0
2022-10-28,195.0,0.0,10.98,0.0,3.9395295751167296,0.0461352098914289,27.450000000000003,0.45207220393230374,-3.0
2022-10-29,191.0,0.3,12.45,0.3,3.6486001388492197,0.04272818112063995,31.125,0.46735921715800205,-4.0
2022-10-30,187.0,0.0,10.53,0.0,3.1013101180218365,0.03631895395254396,26.325,0.48250774176121763,-4.0
2022-10-31,187.0,0.0,4.39,0.0,2.636113600318561,0.030871110859662366,10.975,0.4975132889071803,0.0
2022-11-01,186.0,0.0,6.07,0.0,2.2406965602707767,0.026240444230713006,15.175,0.5123714121284235,-1.0
2022-11-02,186.0,1.7,7.76,1.7,3.60459207623016,0.04221280963601662,19.4,0.5270777086423724,0.0
2022-11-03,186.0,0.1,8.81,0.1,3.163903264795636,0.03705197242825592,22.025000000000002,0.5416278206559811,0.0
2022-11-04,187.0,0.0,7.36,0.0,2.6893177750762907,0.03149417656401753,18.400000000000002,0.5560174366570446,1.0
2022-11-05,188.0,1.3,5.39,1.3,3.5859201088148467,0.04199414516875827,13.475,0.5702422926917867,1.0
2022-11-06,187.0,4.0,5.75,4.0,7.048032092492619,0.08253839289911642,14.375,0.5842981736283683,-1.0
2022-11-07,187.0,0.0,6.19,0.0,5.990827278618726,0.07015763396424896,15.475000000000001,0.5981809144059159,0.0
2022-11-08,188.0,0.1,8.83,0.1,5.192203186825917,0.06080507310725341,22.075,0.6118864012687242,1.0
2022-11-09,186.0,0.1,7.35,0.1,4.513372708802029,0.05285539637880719,18.375,0.6254105729852457,-2.0
2022-11-10,186.0,5.0,8.17,5.0,8.836366802481724,0.10348129880407599,20.425,0.6387494220515268,0.0
2022-11-11,184.0,0.3,8.57,0.3,7.810911782109465,0.09147235669638998,21.425,0.6518989958787125,-2.0
2022-11-12,184.0,0.2,10.92,0.2,6.839275014793046,0.08009367166721508,27.3,0.6648553979642867,0.0
2022-11-13,183.0,0.0,8.9,0.0,5.813383762574088,0.06807962091713281,22.25,0.6776147890466887,-1.0
2022-11-14,183.0,0.0,1.63,0.0,4.941376198187975,0.05786767777956289,4.074999999999999,0.690173388242972,0.0
2022-11-15,183.0,0.8,3.56,0.8,5.000169768459779,0.05855620001376284,8.9,0.7025274741691566,0.0
2022-11-16,182.0,0.2,0.67,0.2,4.450144303190812,0.05211493848698201,1.675,0.7146733860429608,-1.0
2022-11-17,181.0,1.1,-2.45,1.1,4.88262265771219,0.05717962432799448,0.0,0.726607524768565,-1.0
2022-11-18,181.0,2.1,-4.3,2.1,6.250229259055361,0.07319544966927305,0.0,0.7383263540031063,0.0
2022-11-19,182.0,0.5,-5.43,0.5,5.812694870197057,0.06807155340709109,0.0,0.749826401204568,1.0
2022-11-20,181.0,0.0,-6.2,0.0,4.940790639667498,0.05786082039602742,0.0,0.7611042586607742,-1.0
2022-11-21,181.0,0.0,-2.74,0.0,4.199672043717373,0.0491816973366233,0.0,0.7721565844991641,0.0
2022-11-22,180.0,0.0,-3.0,0.0,3.5697212371597673,0.04180444273612981,0.0,0.7829801036770625,-1.0
2022-11-23,180.0,0.0,-4.35,0.0,3.034263051585802,0.03553377632571034,0.0,0.7935716089521472,0.0
2022-11-24,181.0,1.4,-2.77,1.4,3.9791235938479317,0.04659888920383895,0.0,0.8039279618328208,1.0
2022-11-25,180.0,1.0,-1.4,1.0,4.3822550547707415,0.05131989819968108,0.0,0.8140460935082175,-1.0
2022-11-26,181.0,3.3,-1.35,3.3,7.0249167965551305,0.08226769331190824,0.0,0.8239230057575536,1.0
2022-11-27,181.0,0.0,-1.25,0.0,5.971179277071861,0.06992753931512201,0.0,0.8335557718385695,0.0
2022-11-28,180.0,1.6,-1.9,1.6,6.675502385511082,0.07817575622012247,0.0,0.8429415373547832,-1.0
2022-11-29,181.0,0.0,-0.34,0.0,5.67417702768442,0.0664493927871041,0.0,0.8520775211013093,1.0
2022-11-30,181.0,0.0,-1.0,0.0,4.823050473531757,0.056481983869038487,0.0,0.8609610158889945,0.0
2022-12-01,181.0,0.0,-4.93,0.0,4.0995929025019935,0.04800968628868271,0.0,0.8695893893466109,0.0
2022-12-02,180.0,0.0,-7.49,0.0,3.4846539671266945,0.04080823334538031,0.0,0.8779600847008883,-1.0
2022-12-03,182.0,0.3,-5.77,0.3,3.26195587205769,0.03820025105649865,0.0,0.8860706215341377,2.0
2022-12-04,181.0,0.0,-2.45,0.0,2.7726624912490365,0.032470213398023855,0.0,0.893918596519257,-1.0
2022-12-05,179.0,0.0,-5.29,0.0,2.3567631175616808,0.027599681388320273,0.0,0.9015016841318838,-2.0
2022-12-06,179.0,1.6,-3.94,1.6,3.6032486499274285,0.04219707698234099,0.0,0.9088176373395028,0.0
2022-12-07,179.0,5.5,-2.32,5.5,8.562761352438315,0.10027714850528872,0.0,0.9158642882672868,0.0
2022-12-08,180.0,2.2,-1.05,2.2,9.478347149572567,0.11099942945761496,0.0,0.9226395488404875,1.0
2022-12-09,180.0,5.3,-0.38,5.3,13.356595077136681,0.15641697963398798,0.0,0.9291414114031743,0.0
2022-12-10,180.0,0.0,-2.23,0.0,11.35310581556618,0.1329544326888898,0.0,0.935367949313148,0.0
2022-12-11,180.0,12.7,-3.8,12.7,22.35013994323125,0.2617389659660646,0.0,0.941317317512847,0.0
2022-12-12,179.0,0.8,-4.77,0.8,19.797618951746564,0.2318467949722893,0.0,0.946987753076075,-1.0
2022-12-13,181.0,1.4,-2.89,1.4,18.227976108984578,0.21346495505343105,0.0,0.9523775757303973,2.0
2022-12-14,182.0,0.0,-6.64,0.0,15.49377969263689,0.18144521179541637,0.0,0.9574851883550389,1.0
2022-12-15,185.0,0.7,-7.58,0.7,13.869712738741356,0.1624260196895965,0.0,0.9623090774541487,3.0
2022-12-16,193.0,0.0,-6.4,0.0,11.789255827930152,0.138062116736157,0.0,0.9668478136052773,8.0
2022-12-17,192.0,0.0,-8.41,0.0,10.020867453740628,0.11735279922573345,0.0,0.9711000518829505,-1.0
2022-12-18,197.0,0.0,-9.35,0.0,8.517737335679534,0.09974987934187343,0.0,0.9750645322571945,5.0
2022-12-19,207.0,0.0,-11.33,0.0,7.240076735327604,0.08478739744059242,0.0,0.9787400799669153,10.0
2022-12-20,218.0,4.1,-2.27,4.1,10.254065225028462,0.12008374156781725,0.0,0.9821256058680006,11.0
2022-12-21,195.0,1.2,1.06,1.2,9.915955441274193,0.11612419118434623,2.6500000000000004,0.9852201067560606,-23.0
2022-12-22,185.0,1.5,1.24,1.5,9.928562125083063,0.11627182607132125,3.1,0.9880226656636976,-10.0
2022-12-23,187.0,5.0,2.18,5.0,13.439277806320604,0.15738526404271294,5.45,0.9905324521322227,2.0
2022-12-24,190.0,0.4,-1.03,0.4,11.823386135372512,0.1384618113868732,0.0,0.9927487224577402,3.0
2022-12-25,190.0,0.0,-4.5,0.0,10.049878215066636,0.11769253967884222,0.0,0.9946708199115211,0.0
2022-12-26,189.0,6.4,-3.08,6.4,14.942396482806641,0.17498804993609093,0.0,0.9962981749346077,-1.0
2022-12-27,188.0,0.4,1.84,0.4,13.101037010385646,0.1534241793962445,4.6000000000000005,0.9976303053065857,-1.0
2022-12-28,188.0,1.3,0.99,1.3,12.435881458827799,0.1456346475761512,2.475,0.9986668162884759,0.0
2022-12-29,188.0,2.7,1.8,2.7,13.27049924000363,0.15540872485605706,4.5,0.9994074007397048,0.0
2022-12-30,190.0,6.1,2.92,6.1,17.379924354003087,0.20353355462379819,7.3,0.9998518392091162,2.0
2022-12-31,195.0,2.5,3.07,2.5,17.27293570090262,0.20228062737127336,7.675,1.0,5.0
2023-01-01,199.0,1.5,10.1,1.5,16.181995345767227,0.1895047968302093,25.25,0.9998518392091162,4.0
2023-01-02,204.0,5.6,6.31,5.6,19.354696043902145,0.2266597946136186,15.774999999999999,0.9994074007397048,5.0
2023-01-03,206.0,1.0,4.56,1.0,17.451491637316824,0.2043716677979938,11.399999999999999,0.998666816288476,2.0
2023-01-04,207.0,3.7,0.03,3.7,18.5337678917193,0.21704603442104123,0.075,0.9976303053065857,1.0
2023-01-05,206.0,15.9,-0.75,15.9,31.653702707961408,0.3706915230429309,0.0,0.9962981749346078,-1.0
2023-01-06,202.0,0.0,-12.85,0.0,26.905647301767196,0.3150877945864913,0.0,0.9946708199115211,-4.0
2023-01-07,197.0,0.8,-10.9,0.8,23.669800206502117,0.277193299299652,0.0,0.9927487224577402,-5.0
2023-01-08,199.0,0.0,-5.22,0.0,20.119330175526798,0.23561430440470416,0.0,0.9905324521322229,2.0
2023-01-09,198.0,2.1,-2.2,2.1,19.20143064919778,0.22486492773447628,0.0,0.9880226656636976,-1.0
2023-01-10,193.0,5.3,0.28,5.3,21.621216051818113,0.2532026531693201,0.7000000000000001,0.9852201067560606,-5.0
2023-01-11,190.0,0.0,-2.02,0.0,18.378033644045395,0.2152222551939221,0.0,0.9821256058680006,-3.0
2023-01-12,189.0,0.9,0.27,0.9,16.521328597438586,0.19347867505360997,0.675,0.9787400799669153,-1.0
2023-01-13,189.0,1.7,2.54,1.7,15.743129307822796,0.184365305835479,6.35,0.9750645322571948,0.0
2023-01-14,194.0,0.2,3.86,0.2,13.581659911649377,0.15905267843544074,9.65,0.9711000518829505,5.0
2023-01-15,200.0,9.6,2.8,9.6,21.14441092490197,0.24761886348373718,7.0,0.9668478136052775,6.0
2023-01-16,205.0,0.2,2.25,0.2,18.172749286166674,0.2128182024364602,5.625,0.9623090774541486,5.0
2023-01-17,209.0,1.9,2.18,1.9,17.346836893241672,0.20314607258618533,5.45,0.9574851883550393,4.0
2023-01-18,210.0,7.9,2.85,7.9,22.64481135925542,0.26518981647195955,7.125,0.9523775757303974,1.0
2023-01-19,211.0,5.8,1.34,5.8,25.048089655367107,0.2933342297843899,3.35,0.9469877530760753,1.0
2023-01-20,213.0,2.6,0.13,2.6,23.890876207062043,0.2797822854954181,0.325,0.9413173175128471,2.0
2023-01-21,211.0,0.0,0.38,0.0,20.307244776002737,0.23781494267110542,0.95,0.9353679493131483,-2.0
2023-01-22,207.0,0.2,-0.66,0.2,17.461158059602326,0.2044848697457232,0.0,0.9291414114031743,-4.0
2023-01-23,201.0,0.0,-1.2,0.0,14.841984350661976,0.17381213928386471,0.0,0.9226395488404876,-6.0
2023-01-24,197.0,0.0,-2.73,0.0,12.61568669806268,0.147740318391285,0.0,0.9158642882672872,-4.0
2023-01-25,194.0,0.0,-1.92,0.0,10.723333693353277,0.12557927063259225,0.0,0.9088176373395029,-3.0
2023-01-26,191.0,1.0,-0.91,1.0,10.114833639350286,0.11845322241412139,0.0,0.901501684131884,-3.0
2023-01-27,191.0,1.3,-0.64,1.3,9.897608593447742,0.11590933414134655,0.0,0.893918596519257,0.0
2023-01-28,189.0,0.0,-1.6,0.0,8.41296730443058,0.09852293402014456,0.0,0.886070621534138,-2.0
2023-01-29,189.0,1.3,-1.69,1.3,8.451022208765993,0.09896858900646624,0.0,0.8779600847008882,0.0
2023-01-30,189.0,2.7,0.05,2.7,9.883368877451094,0.11574257507182484,0.125,0.869589389346611,0.0
2023-01-31,189.0,1.1,0.81,1.1,9.500863545833429,0.11126311542511087,2.0250000000000004,0.8609610158889943,0.0
2023-02-01,189.0,5.3,0.26,5.3,13.375734013958414,0.15664111270635953,0.65,0.8520775211013093,0.0
2023-02-02,190.0,0.8,0.33,0.8,12.169373911864653,0.14251361970153997,0.8250000000000001,0.8429415373547828,1.0
2023-02-03,191.0,0.0,-2.11,0.0,10.343967825084954,0.12113657674630897,0.0,0.8335557718385699,1.0
2023-02-04,190.0,0.1,-3.88,0.1,8.89237265132221,0.10413717447200442,0.0,0.8239230057575542,-1.0
2023-02-05,189.0,0.0,-5.25,0.0,7.558516753623879,0.08851659830120376,0.0,0.8140460935082178,-1.0
2023-02-06,187.0,0.1,-3.36,0.1,6.524739240580296,0.07641019279366498,0.0,0.8039279618328213,-2.0
2023-02-07,187.0,0.0,-0.72,0.0,5.546028354493251,0.06494866387461523,0.0,0.7935716089521474,0.0
2023-02-08,186.0,0.0,-1.58,0.0,4.714124101319263,0.05520636429342294,0.0,0.7829801036770629,-1.0
2023-02-09,186.0,0.0,-1.39,0.0,4.007005486121374,0.0469254096494095,0.0,0.7721565844991642,0.0
2023-02-10,186.0,0.0,-0.88,0.0,3.4059546632031674,0.039886598201998066,0.0,0.7611042586607747,0.0
2023-02-11,186.0,5.0,0.51,5.0,7.895061463722692,0.09245782035378824,1.275,0.7498264012045686,0.0
2023-02-12,187.0,0.0,-1.39,0.0,6.710802244164288,0.07858914730072,0.0,0.7383263540031065,1.0
2023-02-13,187.0,0.0,2.26,0.0,5.7041819075396445,0.06680077520561199,5.6499999999999995,0.7266075247685656,0.0
2023-02-14,188.0,0.0,2.01,0.0,4.848554621408698,0.056780658924770196,5.0249999999999995,0.7146733860429609,1.0
2023-02-15,190.0,0.0,-0.29,0.0,4.121271428197393,0.04826356008605467,0.0,0.702527474169157,2.0
2023-02-16,191.0,0.2,-0.51,0.2,3.7030807139677844,0.04336619454843006,0.0,0.6901733882429719,1.0
2023-02-17,190.0,4.5,0.79,4.5,7.647618606872617,0.08956005606004645,1.975,0.6776147890466889,-1.0
2023-02-18,193.0,2.2,2.96,2.2,8.700475815841724,0.10188990087915903,7.4,0.6648553979642865,3.0
2023-02-19,200.0,0.0,0.97,0.0,7.395404443465465,0.08660641574728517,2.425,0.6518989958787126,7.0
2023-02-20,201.0,7.5,0.26,7.5,13.786093776945645,0.1614467712083272,0.65,0.6387494220515272,1.0
2023-02-21,203.0,0.0,0.86,0.0,11.718179710403797,0.1372297555270781,2.15,0.6254105729852463,2.0
2023-02-22,201.0,0.2,-3.47,0.2,10.160452753843227,0.11898746067329999,0.0,0.6118864012687243,-2.0
2023-02-23,197.0,0.0,-5.05,0.0,8.636384840766743,0.10113934157230499,0.0,0.5981809144059164,-4.0
2023-02-24,194.0,6.2,0.34,6.2,13.540927114651732,0.1585756630702507,0.8500000000000001,0.5842981736283683,-3.0
2023-02-25,192.0,0.5,0.15,0.5,12.009788047453972,0.14064473479792208,0.375,0.5702422926917871,-2.0
2023-02-26,191.0,0.3,-3.35,0.3,10.508319840335876,0.12306127729115915,0.0,0.5560174366570446,-1.0
2023-02-27,190.0,0.0,-3.87,0.0,8.932071864285493,0.10460208569748528,0.0,0.5416278206559814,-1.0
2023-02-28,188.0,0.0,-2.27,0.0,7.5922610846426695,0.08891177284286249,0.0,0.5270777086423722,-2.0
2023-03-01,187.0,0.0,1.33,0.0,6.453421921946269,0.07557500691643311,3.325,0.5123714121284237,-1.0
2023-03-02,187.0,0.0,1.27,0.0,5.485408633654329,0.06423875587896814,3.175,0.49751328890718066,0.0
2023-03-03,187.0,0.7,1.66,0.7,5.36259733860618,0.06280053216061551,4.1499999999999995,0.48250774176121847,0.0
2023-03-04,188.0,0.5,-0.32,0.5,5.058207737815253,0.05923587352473217,0.0,0.46735921715800227,1.0
2023-03-05,188.0,0.5,-1.78,0.5,4.799476577142965,0.056205913684231334,0.0,0.45207220393230435,0.0
2023-03-06,187.0,0.1,-2.85,0.1,4.17955509057152,0.048946110869238425,0.0,0.43665123195606403,-1.0
2023-03-07,186.0,1.8,-2.32,1.8,5.352621826985792,0.06268371051640502,0.0,0.4211008707960896,-1.0
2023-03-08,186.0,1.0,-0.85,1.0,5.549728552937923,0.06499199631536225,0.0,0.40542572835999735,0.0
2023-03-09,186.0,0.0,-3.32,0.0,4.717269269997234,0.055243196868057905,0.0,0.38963044953078796,0.0
2023-03-10,184.0,6.5,-4.26,6.5,10.509678879497649,0.12307719278456607,0.0,0.37371971479046906,-2.0
2023-03-11,187.0,7.8,0.02,7.8,16.733227047573003,0.19596018440294138,0.05,0.35769823883312546,3.0
2023-03-12,189.0,0.9,-2.65,0.9,15.123242990437053,0.17710591488127636,0.0,0.3415707691678556,2.0
2023-03-13,190.0,3.9,-1.03,3.9,16.754756541871494,0.196212312917115,0.0,0.3253420847119801,1.0
2023-03-14,194.0,0.8,6.66,0.8,15.04154306059077,0.17614913988068215,16.65,0.30901699437494745,4.0
2023-03-15,205.0,0.2,3.32,0.2,12.985311601502154,0.1520689373738634,8.299999999999999,0.29260033563334836,11.0
2023-03-16,208.0,0.0,0.72,0.0,11.037514861276831,0.1292585967677839,1.7999999999999998,0.27609697309746883,3.0
2023-03-17,209.0,0.0,1.69,0.0,9.381887632085306,0.1098698072526163,4.225,0.2595117970697999,1.0
2023-03-18,205.0,0.0,4.35,0.0,7.97460448727251,0.09338933616472385,10.875,0.2428497220959356,-4.0
2023-03-19,199.0,0.0,7.18,0.0,6.778413814181633,0.07938093574001527,17.95,0.22611568550828828,-6.0
2023-03-20,197.0,0.6,7.97,0.6,6.361651742054387,0.07450030080486375,19.925,0.20931464596304847,-2.0
2023-03-21,197.0,0.0,5.77,0.0,5.407403980746229,0.06332525568413419,14.424999999999999,0.19245158197082998,0.0
2023-03-22,197.0,1.2,7.12,1.2,5.7962933836342945,0.06787947818321563,17.8,0.1755314904214282,0.0
2023-03-23,196.0,2.1,10.35,2.1,7.0268493760891495,0.08229032544621102,25.875,0.15855938510313478,-1.0
2023-03-24,195.0,3.9,10.13,3.9,9.872821969675776,0.11561906189730947,25.325000000000003,0.141540295217043,-1.0
2023-03-25,195.0,4.2,8.9,4.2,12.59189867422441,0.14746174059366857,22.25,0.12447926388678915,0.0
2023-03-26,195.0,4.4,6.38,4.4,15.103113873090749,0.17687018596085738,15.95,0.10738134666416309,0.0
2023-03-27,195.0,0.0,2.44,0.0,12.837646792127137,0.15033965806672878,6.1,0.09025161003104117,0.0
2023-03-28,195.0,0.0,-0.24,0.0,10.911999773308066,0.12778870935671946,0.0,0.07309512989807777,0.0
2023-03-29,194.0,0.0,-0.59,0.0,9.275199807311855,0.10862040295321153,0.0,0.055916990100603484,-1.0
2023-03-30,191.0,0.0,4.55,0.0,7.883919836215076,0.09232734251022978,11.375,0.03872228089217446,-3.0
2023-03-31,189.0,2.0,6.03,2.0,8.701331860782815,0.10189992588653128,15.075000000000001,0.021516097436222254,-2.0
2023-04-01,190.0,8.9,5.93,8.9,16.296132081665395,0.19084143415367158,14.825,0.004303538296244289,1.0
2023-04-02,198.0,0.7,2.48,0.7,14.551712269415583,0.1704128086941134,6.2,-0.01291029607500882,8.0
2023-04-03,214.0,0.0,-0.35,0.0,12.368955429003245,0.14485088738999638,0.0,-0.030120304846908114,16.0
2023-04-04,215.0,2.5,-1.0,2.5,13.013612114652759,0.1524003602225419,0.0,-0.04732138832243185,1.0
2023-04-05,207.0,0.2,0.45,0.2,11.261570297454844,0.13188247466444417,1.125,-0.06450844944931623,-8.0
2023-04-06,201.0,0.1,5.08,0.1,9.672334752836617,0.11327118770241935,12.7,-0.08167639533042241,-6.0
2023-04-07,197.0,0.0,10.56,0.0,8.221484539911124,0.09628050954705644,26.400000000000002,-0.09882013873287143,-4.0
2023-04-08,194.0,0.0,10.53,0.0,6.988261858924456,0.08183843311499797,26.325,-0.11593459959550041,-3.0
2023-04-09,193.0,0.3,9.46,0.3,6.240022580085787,0.07307592086067367,23.650000000000002,-0.1330147065341959,-1.0
2023-04-10,192.0,0.0,10.85,0.0,5.304019193072919,0.062114532731572615,27.125,-0.1500553983446526,-1.0
2023-04-11,191.0,0.0,11.28,0.0,4.508416314111981,0.05279735282183673,28.2,-0.16705162550211924,-1.0
2023-04-12,191.0,0.9,12.02,0.9,4.732153866995184,0.0554175080373374,30.049999999999997,-0.18399835165768005,0.0
2023-04-13,191.0,1.6,9.08,1.6,5.622330786945907,0.06584222963400556,22.7,-0.20089055513063506,0.0
2023-04-14,189.0,0.1,10.01,0.1,4.878981168904021,0.05713697942654652,25.025,-0.21772323039653177,-2.0
2023-04-15,189.0,0.1,8.12,0.1,4.247133993568418,0.04973751675020634,20.299999999999997,-0.23449138957040985,0.0
2023-04-16,188.0,7.1,5.23,7.1,10.710063894533155,0.12542387011024303,13.075000000000001,-0.25119006388481935,-1.0
2023-04-17,189.0,0.0,9.35,0.0,9.103554310353182,0.10661028959370657,23.375,-0.2678143051621742,1.0
2023-04-18,190.0,0.0,9.26,0.0,7.738021163800204,0.09061874615465058,23.15,-0.2843591872810034,1.0
2023-04-19,190.0,3.9,12.07,3.9,10.477317989230173,0.12269821949948309,30.175,-0.30081980763566735,0.0
2023-04-20,189.0,0.0,12.68,0.0,8.905720290845647,0.10429348657456063,31.7,-0.3171912885891061,-1.0
2023-04-21,187.0,0.0,11.95,0.0,7.5698622472188,0.08864946358837653,29.875,-0.3334687789181868,-2.0
2023-04-22,187.0,0.0,11.74,0.0,6.434382910135979,0.07535204405012004,29.35,-0.3496474552512284,0.0
2023-04-23,186.0,0.0,13.8,0.0,5.469225473615582,0.06404923744260203,34.5,-0.36572252349726897,-1.0
2023-04-24,186.0,0.0,15.05,0.0,4.648841652573244,0.054441851826211723,37.625,-0.3816892202666588,0.0
2023-04-25,185.0,0.4,13.3,0.4,4.351515404687258,0.05095991100284716,33.25,-0.39754281428255595,-1.0
2023-04-26,185.0,3.4,5.46,3.4,7.098788093984169,0.0831327884322412,13.65,-0.4132786077829042,0.0
2023-04-27,186.0,0.0,5.97,0.0,6.033969879886543,0.07066287016740501,14.924999999999999,-0.4288919379124835,1.0
2023-04-28,186.0,0.0,5.14,0.0,5.128874397903561,0.06006343964229426,12.85,-0.4443781781046132,0.0
2023-04-29,185.0,0.0,8.47,0.0,4.359543238218027,0.05105392369595012,21.175,-0.45973273945210397,-1.0
2023-04-30,184.0,2.0,8.1,2.0,5.705611752485323,0.06681751989439355,20.25,-0.47495107206704995,-1.0
2023-05-01,185.0,0.0,7.7,0.0,4.849769989612525,0.05679489191023452,19.25,-0.49002866642905923,1.0
2023-05-02,185.0,2.2,10.35,2.2,6.322304491170646,0.0740395113518189,25.875,-0.5049610547215204,0.0
2023-05-03,185.0,0.0,7.53,0.0,5.3739588174950494,0.06293358464904607,18.825,-0.5197438121555155,0.0
2023-05-04,185.0,0.0,7.8,0.0,4.567864994870792,0.053493546951689154,19.5,-0.5343725582809787,0.0
2023-05-05,185.0,0.0,6.03,0.0,3.882685245640173,0.045469514908935776,15.075000000000001,-0.548842958284719,0.0
2023-05-06,184.0,0.0,6.42,0.0,3.300282458794147,0.03864908767259541,16.05,-0.5631507242749186,-1.0
2023-05-07,184.0,0.0,7.3,0.0,2.8052400899750247,0.032851724521706094,18.25,-0.5772916165517272,0.0
2023-05-08,184.0,0.0,8.78,0.0,2.384454076478771,0.027923965843450183,21.95,-0.5912614448635781,0.0
2023-05-09,183.0,0.0,10.53,0.0,2.0267859650069555,0.023735370966932658,26.325,-0.6050560696488488,-1.0
2023-05-10,183.0,0.0,11.42,0.0,1.722768070255912,0.020175065321892754,28.55,-0.6186714032625031,0.0
2023-05-11,183.0,0.0,12.07,0.0,1.4643528597175253,0.017148805523608843,30.175,-0.6321034111873487,0.0
2023-05-12,183.0,0.0,15.13,0.0,1.2446999307598965,0.014576484695067516,37.825,-0.6453481132295501,0.0
2023-05-13,183.0,0.0,17.18,0.0,1.057994941145912,0.012390011990807389,42.95,-0.6584015846980488,0.0
2023-05-14,182.0,0.0,18.68,0.0,0.8992956999740251,0.01053151019218628,46.7,-0.6712599575675313,-1.0
2023-05-15,182.0,1.1,18.76,1.1,1.8644013449779213,0.021833710277418112,46.900000000000006,-0.6839194216246106,0.0
2023-05-16,182.0,2.6,13.73,2.6,4.184741143231233,0.04900684391449213,34.325,-0.6963762255968722,0.0
2023-05-17,183.0,24.6,10.71,24.6,28.15702997174655,0.32974253978720053,26.775000000000002,-0.7086266782644596,1.0
2023-05-18,184.0,0.5,10.17,0.5,24.433475475984565,0.28613658000732944,25.425,-0.7206671495538609,1.0
2023-05-19,185.0,0.0,13.59,0.0,20.76845415458688,0.24321609300623,33.975,-0.7324940716135789,1.0
2023-05-20,183.0,0.0,15.6,0.0,17.65318603139885,0.20673367905529552,39.0,-0.7441039398713607,-2.0
2023-05-21,182.0,0.0,15.12,0.0,15.005208126689022,0.1757236271970012,37.8,-0.7554933140726803,-1.0
2023-05-22,181.0,0.0,15.72,0.0,12.754426907685668,0.149365083117451,39.300000000000004,-0.766658819300159,-1.0
2023-05-23,180.0,0.0,17.25,0.0,10.841262871532818,0.12696032064983337,43.125,-0.777597146973627,-1.0
2023-05-24,180.0,0.0,18.86,0.0,9.215073440802895,0.10791627255235835,47.15,-0.7883050558305255,0.0
2023-05-25,179.0,0.0,19.23,0.0,7.83281242468246,0.0917288316695046,48.075,-0.7987793728863649,-1.0
2023-05-26,179.0,0.0,14.56,0.0,6.657890560980091,0.0779695069190789,36.4,-0.8090169943749473,0.0
2023-05-27,179.0,0.0,10.89,0.0,5.659206976833077,0.06627408088121706,27.225,-0.8190148866680801,0.0
2023-05-28,178.0,0.0,12.85,0.0,4.810325930308116,0.056332968749034505,32.125,-0.8287700871745037,-1.0
2023-05-29,178.0,0.0,15.56,0.0,4.088777040761898,0.04788302343667933,38.9,-0.8382797052177743,0.0
2023-05-30,178.0,0.0,15.28,0.0,3.475460484647613,0.040700569921177425,38.199999999999996,-0.8475409228928311,0.0
2023-05-31,177.0,0.0,14.31,0.0,2.954141411950471,0.03459548443300081,35.775,-0.8565509959010036,-1.0
2023-06-01,177.0,0.6,15.32,0.6,3.1110202001579004,0.03643266719390147,38.3,-0.865307254363206,0.0
2023-06-02,179.0,1.9,9.28,1.9,4.544367170134215,0.05321836763001041,23.2,-0.8738071036110808,2.0
2023-06-03,178.0,0.0,9.17,0.0,3.862712094614083,0.04523561248550884,22.925,-0.8820480249558537,-1.0
2023-06-04,177.0,0.0,12.7,0.0,3.2833052804219705,0.03845027061268252,31.75,-0.8900275764346767,-1.0
2023-06-05,177.0,0.0,13.35,0.0,2.7908094883586747,0.03268273002078014,33.375,-0.8977433935342337,0.0
2023-06-06,176.0,0.0,16.35,0.0,2.3721880651048735,0.027780320517663118,40.875,-0.9051931898913974,-1.0
2023-06-07,176.0,0.0,19.03,0.0,2.016359855339142,0.023613272440013648,47.575,-0.9123747579707273,0.0
2023-06-08,176.0,0.0,20.28,0.0,1.713905877038271,0.020071281574011602,50.7,-0.9192859697186104,0.0
2023-06-09,176.0,0.0,19.62,0.0,1.4568199954825303,0.01706058933790986,49.050000000000004,-0.9259247771938498,0.0
2023-06-10,175.0,0.0,16.07,0.0,1.2382969961601507,0.014501500937223381,40.175,-0.9322892131745133,-1.0
2023-06-11,175.0,0.0,15.29,0.0,1.052552446736128,0.012326275796639873,38.224999999999994,-0.9383773917408641,0.0
2023-06-12,175.0,0.1,14.7,0.1,0.9946695797257088,0.011648418664785689,36.75,-0.9441875088341993,0.0
2023-06-13,175.0,0.0,17.72,0.0,0.8454691427668525,0.009901155865067835,44.3,-0.9497178427914316,0.0
2023-06-14,175.0,0.0,17.75,0.0,0.7186487713518246,0.008415982485307661,44.375,-0.9549667548552551,0.0
2023-06-15,175.0,4.7,19.05,4.7,5.310851455649051,0.062194544281676006,47.625,-0.9599326896597447,0.0
2023-06-16,175.0,1.3,19.48,1.3,5.814223737301694,0.06808945772876797,48.7,-0.9646141756912435,0.0
2023-06-17,176.0,5.6,19.53,5.6,10.542090176706438,0.12345675637739342,48.825,-0.9690098257244062,1.0
2023-06-18,176.0,2.0,19.97,2.0,10.960776650200472,0.12835992767362037,49.925,-0.9731183372332619,0.0
2023-06-19,176.0,0.0,18.97,0.0,9.316660152670401,0.10910593852257731,47.425,-0.9769384927771817,0.0
2023-06-20,176.0,0.0,20.89,0.0,7.919161129769841,0.09274004774419072,52.225,-0.980469160361632,0.0
2023-06-21,176.0,0.0,22.58,0.0,6.731286960304365,0.0788290405825621,56.449999999999996,-0.9837092937736097,0.0
2023-06-22,172.0,0.1,20.48,0.1,5.82159391625871,0.06817576873281958,51.2,-0.986657932891657,-4.0
2023-06-23,173.0,0.0,19.56,0.0,4.9483548288199035,0.057949403422896645,48.9,-0.9893142039703663,1.0
2023-06-24,172.0,0.0,20.9,0.0,4.206101604496918,0.049256992909462144,52.25,-0.99167731989929,-1.0
2023-06-25,172.0,1.5,18.3,1.5,5.07518636382238,0.05943470753766979,45.75,-0.993746580436178,0.0
2023-06-26,175.0,0.1,17.4,0.1,4.413908409249022,0.05169058564466111,43.5,-0.9955213724144752,3.0
2023-06-27,175.0,11.0,16.77,11.0,14.751822147861668,0.17275626393855967,41.925,-0.9970011699250151,0.0
2023-06-28,178.0,6.2,15.95,6.2,18.739048825682417,0.21945004708156715,39.875,-0.9981855344718586,3.0
2023-06-29,181.0,0.5,18.94,0.5,16.428191501830057,0.1923879612075411,47.35,-0.99907411510223,3.0
2023-06-30,181.0,0.0,20.05,0.0,13.963962776555547,0.16352976702640992,50.125,-0.9996666485105112,0.0
2023-07-01,180.0,1.3,17.93,1.3,13.169368360072216,0.1542243970617918,44.825,-0.9999629591162655,-1.0
2023-07-02,179.0,2.7,15.9,2.7,13.893963106061385,0.1627100119188516,39.75,-0.9999629591162655,-1.0
2023-07-03,179.0,0.0,17.24,0.0,11.809868640152176,0.13830351013102385,43.099999999999994,-0.9996666485105112,0.0
2023-07-04,178.0,0.1,19.21,0.1,10.13838834412935,0.11872906784901206,48.025000000000006,-0.99907411510223,-1.0
2023-07-05,177.0,0.0,19.36,0.0,8.617630092509946,0.10091970767166025,48.4,-0.9981855344718586,-1.0
2023-07-06,179.0,1.3,18.73,1.3,8.624985578633455,0.10100584661025458,46.825,-0.9970011699250151,2.0
2023-07-07,178.0,0.0,17.43,0.0,7.331237741838436,0.08585496961871639,43.575,-0.9955213724144752,-1.0
2023-07-08,178.0,0.0,17.95,0.0,6.23155208056267,0.07297672417590892,44.875,-0.9937465804361781,0.0
2023-07-09,177.0,0.5,17.45,0.5,5.796819268478269,0.06788563673773157,43.625,-0.99167731989929,-1.0
2023-07-10,177.0,0.0,16.09,0.0,4.927296378206528,0.05770279122707183,40.225,-0.9893142039703664,0.0
2023-07-11,177.0,0.0,15.51,0.0,4.1882019214755495,0.04904737254301106,38.775,-0.9866579328916572,0.0
2023-07-12,177.0,0.0,19.15,0.0,3.559971633254217,0.0416902666615594,47.875,-0.9837092937736098,0.0
2023-07-13,177.0,0.5,20.99,0.5,3.5259758882660845,0.04129214785053448,52.474999999999994,-0.9804691603616321,0.0
2023-07-14,177.0,0.0,19.03,0.0,2.997079505026172,0.0350983256729543,47.575,-0.9769384927771817,0.0
2023-07-15,177.0,0.0,18.91,0.0,2.547517579272246,0.02983357682201116,47.275,-0.973118337233262,0.0
2023-07-16,176.0,0.0,24.5,0.0,2.165389942381409,0.025358540298709487,61.25,-0.9690098257244063,-1.0
2023-07-17,177.0,0.5,23.3,0.5,2.340581451024198,0.02741018044211205,58.25,-0.9646141756912435,1.0
2023-07-18,184.0,21.3,16.98,21.3,23.28949423337057,0.2727395959934981,42.45,-0.9599326896597445,7.0
2023-07-19,179.0,0.0,16.31,0.0,19.796070098364982,0.2318286565944734,40.775,-0.9549667548552553,-5.0
2023-07-20,178.0,0.0,16.99,0.0,16.826659583610233,0.1970543581053024,42.474999999999994,-0.9497178427914317,-1.0
2023-07-21,177.0,0.0,16.53,0.0,14.302660646068698,0.16749620438950702,41.325,-0.9441875088341994,-1.0
2023-07-22,177.0,6.0,15.7,6.0,18.15726154915839,0.2126368279895888,39.25,-0.9383773917408642,0.0
2023-07-23,176.0,1.1,15.75,1.1,16.53367231678463,0.19362323040521023,39.375,-0.9322892131745134,-1.0
2023-07-24,177.0,0.5,19.09,0.5,14.553621469266936,0.1704351670326377,47.725,-0.9259247771938499,1.0
2023-07-25,176.0,0.0,21.24,0.0,12.370578248876896,0.14486989197774203,53.099999999999994,-0.9192859697186105,-1.0
2023-07-26,176.0,0.0,18.31,0.0,10.514991511545361,0.12313940818108073,45.775,-0.9123747579707274,0.0
2023-07-27,176.0,6.5,14.31,6.5,15.437742784813556,0.18078897240063546,35.775,-0.9051931898913975,0.0
2023-07-28,177.0,2.0,16.35,2.0,15.122081367091523,0.1770923112933761,40.875,-0.8977433935342336,1.0
2023-07-29,177.0,0.1,18.62,0.1,12.953769162027793,0.15169954883701145,46.550000000000004,-0.8900275764346766,0.0
2023-07-30,176.0,9.9,16.39,9.9,20.910703787723627,0.24488195603799773,40.975,-0.8820480249558535,-1.0
2023-07-31,178.0,1.1,18.2,1.1,18.874098219565084,0.22103158924635788,45.5,-0.8738071036110807,2.0
2023-08-01,177.0,0.3,19.99,0.3,16.34298348663032,0.19139010357232955,49.974999999999994,-0.8653072543632061,-1.0
2023-08-02,178.0,4.1,18.83,4.1,17.99153596363577,0.21069604177979379,47.074999999999996,-0.8565509959010037,1.0
2023-08-03,178.0,0.9,18.94,0.9,16.192805569090403,0.1896313936516009,47.35,-0.8475409228928312,0.0
2023-08-04,176.0,0.0,20.06,0.0,13.763884733726842,0.16118668460386076,50.15,-0.8382797052177745,-2.0
2023-08-05,176.0,22.9,19.9,22.9,34.59930202366782,0.40518697233325335,49.75,-0.828770087174504,0.0
2023-08-06,177.0,0.0,26.61,0.0,29.409406720117644,0.3444089264832653,66.525,-0.8190148866680802,1.0
2023-08-07,182.0,58.2,18.29,58.2,83.1979957121,0.9743186138183018,45.724999999999994,-0.8090169943749472,5.0
2023-08-08,182.0,0.0,14.72,0.0,70.71829635528499,0.8281708217455565,36.800000000000004,-0.7987793728863648,0.0
2023-08-09,180.0,1.8,15.2,1.8,61.910551901992235,0.7250247147612752,38.0,-0.7883050558305253,-2.0
2023-08-10,182.0,0.3,16.31,0.3,52.9239691166934,0.6197842602600093,40.775,-0.7775971469736268,2.0
2023-08-11,181.0,4.8,16.7,4.8,49.78537374918938,0.5830286646278141,41.75,-0.7666588193001592,-1.0
2023-08-12,179.0,0.0,16.88,0.0,42.317567686810975,0.495574364933642,42.199999999999996,-0.7554933140726804,-2.0
2023-08-13,177.0,0.0,19.36,0.0,35.969932533789326,0.42123821019359564,48.4,-0.7441039398713608,-2.0
2023-08-14,176.0,0.0,19.38,0.0,30.574442653720926,0.3580524786645563,48.449999999999996,-0.7324940716135792,-1.0
2023-08-15,175.0,0.0,23.87,0.0,25.988276255662786,0.30434460686487286,59.675000000000004,-0.7206671495538615,-1.0
2023-08-16,175.0,0.0,26.0,0.0,22.090034817313366,0.2586929158351419,65.0,-0.7086266782644601,0.0
2023-08-17,174.0,0.0,26.23,0.0,18.77652959471636,0.21988897845987063,65.575,-0.6963762255968726,-1.0
2023-08-18,174.0,0.0,25.27,0.0,15.960050155508906,0.18690563169089,63.175,-0.6839194216246105,0.0
2023-08-19,175.0,0.0,23.89,0.0,13.56604263218257,0.1588697869372565,59.725,-0.6712599575675315,1.0
2023-08-20,175.0,0.0,23.49,0.0,11.531136237355184,0.13503931889666804,58.724999999999994,-0.6584015846980489,0.0
2023-08-21,173.0,0.0,19.81,0.0,9.801465801751906,0.11478342106216782,49.525,-0.64534811322955,-2.0
2023-08-22,175.0,0.0,18.09,0.0,8.33124593148912,0.09756590790284264,45.225,-0.6321034111873488,2.0
2023-08-23,174.0,0.0,18.15,0.0,7.081559041765751,0.08293102171741623,45.375,-0.6186714032625032,-1.0
2023-08-24,175.0,0.6,16.55,0.6,6.619325185500888,0.07751787388565458,41.375,-0.6050560696488494,1.0
2023-08-25,174.0,0.0,18.66,0.0,5.626426407675755,0.06589019280280639,46.65,-0.5912614448635782,-1.0
2023-08-26,175.0,19.4,21.0,19.4,24.18246244652439,0.28319700598489417,52.5,-0.5772916165517278,1.0
2023-08-27,174.0,0.0,20.87,0.0,20.55509307954573,0.24071745508716003,52.175000000000004,-0.5631507242749187,-1.0
2023-08-28,173.0,0.2,19.49,0.2,17.67182911761387,0.2069520052993696,48.724999999999994,-0.5488429582847199,-1.0
2023-08-29,174.0,0.7,18.7,0.7,15.72105474997179,0.18410679416795675,46.75,-0.5343725582809785,1.0
2023-08-30,174.0,5.4,22.55,5.4,18.762896537476024,0.21972932387542035,56.375,-0.5197438121555157,0.0
2023-08-31,177.0,3.7,17.43,3.7,19.64846205685462,0.23010004208685378,43.575,-0.5049610547215202,3.0
2023-09-01,177.0,0.6,14.72,0.6,17.30119274832643,0.20261154119967653,36.800000000000004,-0.4900286664290594,0.0
2023-09-02,177.0,0.2,15.7,0.2,14.906013836077463,0.17456197849500862,39.25,-0.4749510720670502,0.0
2023-09-03,175.0,0.0,15.35,0.0,12.670111760665844,0.14837768172075733,38.375,-0.4597327394521046,-2.0
2023-09-04,177.0,0.0,14.52,0.0,10.769594996565967,0.12612102946264372,36.3,-0.44437817810461344,2.0
2023-09-05,175.0,0.0,17.35,0.0,9.154155747081072,0.10720287504324717,43.375,-0.4288919379124841,-2.0
2023-09-06,175.0,0.0,17.52,0.0,7.781032385018911,0.0911224437867601,43.8,-0.41327860778290443,0.0
2023-09-07,176.0,0.0,14.95,0.0,6.613877527266074,0.07745407721874607,37.375,-0.3975428142825566,1.0
2023-09-08,175.0,0.0,15.4,0.0,5.621795898176162,0.06583596563593416,38.5,-0.3816892202666586,-1.0
2023-09-09,175.0,0.0,16.63,0.0,4.778526513449738,0.05596057079054404,41.574999999999996,-0.3657225234972692,0.0
2023-09-10,176.0,0.0,16.94,0.0,4.061747536432278,0.047566485171962436,42.35,-0.34964745525122826,1.0
2023-09-11,176.0,0.0,18.77,0.0,3.452485405967436,0.040431512396168066,46.925,-0.33346877891818705,0.0
2023-09-12,174.0,0.0,19.37,0.0,2.9346125950723203,0.034366785536742855,48.425000000000004,-0.31719128858910595,-2.0
2023-09-13,174.0,0.0,20.68,0.0,2.4944207058114722,0.029211767706231427,51.7,-0.300819807635668,0.0
2023-09-14,173.0,1.4,15.62,1.4,3.520257599939751,0.04122518187728188,39.05,-0.2843591872810036,-1.0
2023-09-15,174.0,0.0,12.02,0.0,2.9922189599487883,0.03504140459568959,30.049999999999997,-0.26781430516217486,1.0
2023-09-16,173.0,0.0,13.01,0.0,2.54338611595647,0.029785193906336157,32.525,-0.25119006388481957,-1.0
2023-09-17,174.0,0.0,15.72,0.0,2.1618781985629996,0.02531741482038573,39.300000000000004,-0.23449138957041052,1.0
2023-09-18,173.0,0.0,18.97,0.0,1.8375964687785495,0.021519802597327872,47.425,-0.21772323039653224,-1.0
2023-09-19,173.0,0.0,18.94,0.0,1.5619569984617672,0.01829183220772869,47.35,-0.20089055513063528,0.0
2023-09-20,173.0,0.0,16.77,0.0,1.327663448692502,0.015548057376569387,41.925,-0.18399835165767986,0.0
2023-09-21,174.0,0.0,17.26,0.0,1.1285139313886268,0.01321584877008398,43.150000000000006,-0.1670516255021195,1.0
2023-09-22,173.0,0.0,20.46,0.0,0.9592368416803327,0.011233471454571382,51.150000000000006,-0.15005539834465262,-1.0
2023-09-23,177.0,22.0,18.73,22.0,22.815351315428284,0.26718698301758115,46.825,-0.13301470653419636,4.0
2023-09-24,179.0,0.0,14.49,0.0,19.39304861811404,0.22710893556494396,36.225,-0.11593459959550066,2.0
2023-09-25,177.0,0.0,12.19,0.0,16.484091325396935,0.1930425952302024,30.474999999999998,-0.09882013873287211,-2.0
2023-09-26,176.0,0.0,15.3,0.0,14.011477626587395,0.16408620594567203,38.25,-0.08167639533042288,-1.0
2023-09-27,175.0,0.0,17.82,0.0,11.909755982599284,0.1394732750538212,44.55,-0.06450844944931625,-1.0
2023-09-28,175.0,0.0,17.6,0.0,10.123292585209391,0.11855228379574803,44.0,-0.04732138832243232,0.0
2023-09-29,173.0,0.0,17.2,0.0,8.604798697427983,0.10076944122638583,43.0,-0.03012030484690836,-2.0
2023-09-30,175.0,0.2,13.95,0.2,7.514078892813785,0.08799619351771154,34.875,-0.012910296075008843,2.0
2023-10-01,178.0,0.0,12.14,0.0,6.386967058891718,0.07479676449005482,30.35,0.004303538296243821,3.0
2023-10-02,176.0,0.0,12.25,0.0,5.42892200005796,0.0635772498165466,30.625,0.021516097436222233,-2.0
2023-10-03,177.0,0.0,17.36,0.0,4.614583700049266,0.054040662344064606,43.4,0.03872228089217399,1.0
2023-10-04,181.0,8.5,12.66,8.5,12.422396145041876,0.14547672319200772,31.65,0.05591699010060302,4.0
2023-10-05,181.0,2.7,10.67,2.7,13.259036723285593,0.15527448912953506,26.675,0.07309512989807776,0.0
2023-10-06,182.0,1.0,9.86,1.0,12.270181214792753,0.14369415813652278,24.65,0.0902516100310407,1.0
2023-10-07,185.0,2.7,10.59,2.7,13.12965403257384,0.15375930883237288,26.475,0.10738134666416306,3.0
2023-10-08,184.0,0.0,5.2,0.0,11.160205927687763,0.13069541250751696,13.0,0.12447926388678869,-1.0
2023-10-09,181.0,0.6,4.53,0.6,10.086175038534597,0.11811760605724017,11.325000000000001,0.141540295217043,-3.0
2023-10-10,179.0,0.0,5.02,0.0,8.573248782754407,0.10039996514865414,12.549999999999999,0.15855938510313475,-2.0
2023-10-11,183.0,0.0,9.36,0.0,7.2872614653412455,0.08533997037635602,23.4,0.17553149042142777,4.0
2023-10-12,186.0,5.6,12.28,5.6,11.794172245540057,0.13811969212784325,30.7,0.19245158197082995,3.0
2023-10-13,184.0,0.2,9.98,0.2,10.225046408709048,0.11974390678395036,24.950000000000003,0.20931464596304888,-2.0
2023-10-14,183.0,0.9,14.39,0.9,9.59128944740269,0.11232207890513399,35.975,0.22611568550828803,-1.0
2023-10-15,184.0,0.3,7.72,0.3,8.452596030292288,0.09898701978228928,19.3,0.2428497220959358,1.0
2023-10-16,185.0,0.8,6.05,0.8,7.984706625748444,0.09350764071608027,15.125,0.25951179706979943,1.0
2023-10-17,183.0,0.0,5.93,0.0,6.787000631886177,0.07948149460866823,14.825,0.27609697309746883,-2.0
2023-10-18,184.0,10.3,5.48,10.3,16.06895053710325,0.18818094689447315,13.700000000000001,0.2926003356333479,1.0
2023-10-19,185.0,0.0,2.61,0.0,13.658607956537763,0.15995380486030217,6.5249999999999995,0.30901699437494723,1.0
2023-10-20,185.0,0.5,1.84,0.5,12.109816763057099,0.14181615531946584,4.6000000000000005,0.3253420847119795,0.0
2023-10-21,186.0,8.1,4.68,8.1,18.39334424859853,0.21540155527053154,11.7,0.341570769167856,1.0
2023-10-22,189.0,30.9,7.74,30.9,46.53434261130875,0.5449563514112673,19.35,0.35769823883312546,3.0
2023-10-23,192.0,12.0,8.45,12.0,51.55419121961244,0.6037430072165929,21.125,0.3737197147904692,3.0
2023-10-24,195.0,0.0,7.06,0.0,43.821062536670574,0.513181556134104,17.65,0.38963044953078774,3.0
2023-10-25,193.0,21.6,6.17,21.6,58.84790315616999,0.6891585180446167,15.425,0.4054257283599973,-2.0
2023-10-26,197.0,2.0,1.56,2.0,52.02071768274449,0.6092064250907602,3.9000000000000004,0.42110087079608916,4.0
2023-10-27,197.0,0.0,2.39,0.0,44.217610030332814,0.5178254613271461,5.9750000000000005,0.4366512319560638,0.0
2023-10-28,196.0,0.2,1.05,0.2,37.784968525782894,0.4424938106033578,2.625,0.45207220393230374,-1.0
2023-10-29,196.0,1.8,2.12,1.8,33.917223246915455,0.3971992552904064,5.300000000000001,0.46735921715800205,0.0
2023-10-30,196.0,2.4,9.98,2.4,31.229639759878136,0.36572538870024857,24.950000000000003,0.48250774176121763,0.0
2023-10-31,196.0,0.2,11.2,0.2,26.745193795896416,0.3132087488704949,28.0,0.4975132889071803,0.0
2023-11-01,199.0,0.4,8.08,0.4,23.13341472651195,0.27091177349048784,20.2,0.5123714121284235,3.0
2023-11-02,197.0,0.0,5.75,0.0,19.663402517535157,0.23027500746691465,14.375,0.5270777086423724,-2.0
2023-11-03,193.0,0.2,8.62,0.2,16.91389213990488,0.19807592482216102,21.549999999999997,0.5416278206559811,-4.0
2023-11-04,194.0,3.9,8.07,3.9,18.276808318919148,0.21403682136686694,20.175,0.5560174366570446,1.0
2023-11-05,192.0,2.1,6.77,2.1,17.635287071081276,0.20652406715231467,16.924999999999997,0.5702422926917867,-2.0
2023-11-06,193.0,7.4,8.38,7.4,22.389994010419084,0.26220569066496047,20.950000000000003,0.5842981736283683,1.0
2023-11-07,193.0,0.5,8.11,0.5,19.53149490885622,0.22873025825342538,20.275,0.5981809144059159,0.0
2023-11-08,193.0,0.5,6.37,0.5,17.10177067252779,0.20027614070362057,15.925,0.6118864012687242,0.0
2023-11-09,193.0,0.5,5.94,0.5,15.03650507164862,0.17609014078628646,14.850000000000001,0.6254105729852457,0.0
2023-11-10,194.0,0.0,5.27,0.0,12.781029310901326,0.1496766196683435,13.174999999999999,0.6387494220515268,1.0
2023-11-11,197.0,0.1,5.37,0.1,10.963874914266126,0.12839621095573375,13.425,0.6518989958787125,3.0
2023-11-12,191.0,1.2,5.25,1.2,10.519293677126207,0.12318979016407526,13.125,0.6648553979642867,-6.0
2023-11-13,192.0,1.1,4.6,1.1,10.041399625557275,0.11759324825352374,11.5,0.6776147890466887,1.0
2023-11-14,195.0,0.1,3.19,0.1,8.635189681723684,0.10112534525313698,7.975,0.690173388242972,3.0
2023-11-15,191.0,1.8,2.43,1.8,9.139911229465131,0.10703605974271878,6.075,0.7025274741691566,-4.0
2023-11-16,190.0,0.0,0.68,0.0,7.768924545045361,0.09098065078131096,1.7000000000000002,0.7146733860429608,-1.0
2023-11-17,192.0,0.7,-0.33,0.7,7.303585863288557,0.0855311428276069,0.0,0.726607524768565,2.0
2023-11-18,189.0,0.0,-1.34,0.0,6.208047983795273,0.07270147140346586,0.0,0.7383263540031063,-3.0
2023-11-19,187.0,0.0,-0.55,0.0,5.276840786225982,0.06179625069294598,0.0,0.749826401204568,-2.0
2023-11-20,185.0,0.0,-1.54,0.0,4.485314668292085,0.05252681308900408,0.0,0.7611042586607742,-2.0
2023-11-21,186.0,0.0,-3.8,0.0,3.812517468048272,0.04464779112565347,0.0,0.7721565844991641,1.0
2023-11-22,186.0,0.0,-5.98,0.0,3.240639847841031,0.03795062245680545,0.0,0.7829801036770625,0.0
2023-11-23,183.0,16.4,0.13,16.4,19.154543870664874,0.2243158440615394,0.325,0.7935716089521472,-3.0
2023-11-24,186.0,2.1,0.87,2.1,18.381362290065145,0.21526123644278627,2.175,0.8039279618328208,3.0
2023-11-25,186.0,1.9,-0.8,1.9,17.524157946555373,0.2052226514915625,0.0,0.8140460935082175,0.0
2023-11-26,186.0,0.4,-4.77,0.4,15.295534254572067,0.1791235907183953,0.0,0.8239230057575536,0.0
2023-11-27,185.0,0.0,-6.36,0.0,13.001204116386257,0.152255052110636,0.0,0.8335557718385695,-1.0
2023-11-28,183.0,0.0,-6.37,0.0,11.051023498928318,0.1294167942940406,0.0,0.8429415373547832,-2.0
2023-11-29,185.0,4.0,-6.78,4.0,13.39336997408907,0.1568476446556064,0.0,0.8520775211013093,2.0
2023-11-30,184.0,0.0,-5.24,0.0,11.38436447797571,0.13332049795726547,0.0,0.8609610158889945,-1.0
2023-12-01,184.0,0.0,-4.14,0.0,9.676709806279353,0.11332242326367564,0.0,0.8695893893466109,0.0
2023-12-02,184.0,0.0,-3.06,0.0,8.22520333533745,0.0963240597741243,0.0,0.8779600847008883,0.0
2023-12-03,182.0,1.8,-5.42,1.8,8.791422835036833,0.10295496708555801,0.0,0.8860706215341377,-2.0
2023-12-04,181.0,1.5,-2.55,1.5,8.97270940978131,0.10507798558735129,0.0,0.893918596519257,-1.0
2023-12-05,180.0,0.2,-3.5,0.2,7.826802998314113,0.09165845622453218,0.0,0.9015016841318838,-1.0
2023-12-06,180.0,0.0,-5.61,0.0,6.652782548566996,0.07790968779085236,0.0,0.9088176373395028,0.0
2023-12-07,179.0,0.0,-4.4,0.0,5.6548651662819465,0.0662232346222245,0.0,0.9158642882672868,-1.0
2023-12-08,179.0,0.0,-5.5,0.0,4.806635391339654,0.056289749428890826,0.0,0.9226395488404875,0.0
2023-12-09,179.0,1.2,-4.98,1.2,5.2856400826387056,0.061899297866258765,0.0,0.9291414114031743,0.0
2023-12-10,180.0,0.7,-3.1,0.7,5.1927940702429,0.060811992849812535,0.0,0.935367949313148,1.0
2023-12-11,179.0,4.2,-2.26,4.2,8.613874959706465,0.10087573190329616,0.0,0.941317317512847,-1.0
2023-12-12,180.0,3.9,0.25,3.9,11.221793715750495,0.13141665738583183,0.625,0.946987753076075,1.0
2023-12-13,180.0,0.2,0.11,0.2,9.73852465838792,0.11404632725324065,0.275,0.9523775757303973,0.0
2023-12-14,179.0,5.5,-0.02,5.5,13.777745959629732,0.16134901123555342,0.0,0.9574851883550389,-1.0
2023-12-15,181.0,0.0,-2.58,0.0,11.711084065685272,0.1371466595502204,0.0,0.9623090774541487,2.0
2023-12-16,180.0,0.8,1.93,0.8,10.754421455832482,0.12594333451882173,4.825,0.9668478136052773,-1.0
2023-12-17,185.0,5.2,5.28,5.2,14.341258237457609,0.16794821469837196,13.200000000000001,0.9711000518829505,5.0
2023-12-18,197.0,1.4,5.83,1.4,13.590069501838968,0.15915116182060132,14.575,0.9750645322571945,12.0
2023-12-19,202.0,3.4,5.9,3.4,14.951559076563123,0.17509535162733225,14.75,0.9787400799669153,5.0
2023-12-20,203.0,2.3,3.03,2.3,15.008825215078655,0.17576598634899376,7.574999999999999,0.9821256058680006,1.0
2023-12-21,203.0,3.7,1.58,3.7,16.45750143281686,0.19273120518939124,3.95,0.9852201067560606,0.0
2023-12-22,201.0,2.4,1.42,2.4,16.388876217894328,0.19192754611438567,3.55,0.9880226656636976,-2.0
2023-12-23,200.0,3.5,-0.03,3.5,17.43054478521018,0.20412636251469077,0.0,0.9905324521322227,-1.0
2023-12-24,198.0,1.1,-0.91,1.1,15.915963067428653,0.1863893347515469,0.0,0.9927487224577402,-2.0
2023-12-25,198.0,6.0,2.93,6.0,19.528568607314355,0.22869598879732272,7.325,0.9946708199115211,0.0
2023-12-26,204.0,5.7,2.23,5.7,22.2992833162172,0.2611433920233068,5.575,0.9962981749346077,6.0
2023-12-27,208.0,0.9,1.5,0.9,19.854390818784616,0.23251164135858687,3.75,0.9976303053065857,4.0
2023-12-28,208.0,0.2,1.0,0.2,17.076232195966924,0.19997706363008244,2.5,0.9986668162884759,0.0
2023-12-29,207.0,1.7,4.53,1.7,16.214797366571887,0.18988893612548066,11.325000000000001,0.9994074007397048,-1.0
2023-12-30,204.0,3.9,3.98,3.9,17.682577761586103,0.20707788097468866,9.95,0.9998518392091162,-3.0
2023-12-31,201.0,0.5,1.22,0.5,15.530191097348187,0.18187162001669432,3.05,1.0,-3.0
